/*--------------------------------*- C++ -*----------------------------------*\
  =========                 |
  \\      /  F ield         | OpenFOAM: The Open Source CFD Toolbox
   \\    /   O peration     | Website:  https://openfoam.org
    \\  /    A nd           | Version:  13
     \\/     M anipulation  |
\*---------------------------------------------------------------------------*/
FoamFile
{
    format      ascii;
    class       volVectorField;
    location    "24";
    object      U;
}
// * * * * * * * * * * * * * * * * * * * * * * * * * * * * * * * * * * * * * //

dimensions      [0 1 -1 0 0 0 0];

internalField   nonuniform List<vector> 
10500
(
(0.013952729 8.3851544e-05 0)
(0.013923475 0.00021560271 0)
(0.013811439 0.00030001568 0)
(0.013622378 0.00034261194 0)
(0.013404481 0.00037440997 0)
(0.013178323 0.00039945557 0)
(0.012945132 0.0004191518 0)
(0.012703317 0.00043475225 0)
(0.012453516 0.00044732892 0)
(0.012197488 0.00045765626 0)
(0.011936623 0.00046611856 0)
(0.011671703 0.00047296781 0)
(0.01140328 0.00047842821 0)
(0.011131917 0.00048261061 0)
(0.010858317 0.00048550621 0)
(0.0105831 0.00048694233 0)
(0.010307177 0.00048668216 0)
(0.010031759 0.00048435997 0)
(0.0097581972 0.00047938873 0)
(0.0094880496 0.00047099564 0)
(0.0092233054 0.00045824857 0)
(0.0089663982 0.00044018494 0)
(0.0087212866 0.00040971882 0)
(0.0084936574 0.00036320848 0)
(0.0082921791 0.0003052349 0)
(0.0081189677 0.00023483486 0)
(0.007994604 0.00014344648 0)
(0.0078668703 1.9789765e-05 0)
(0.0080069582 -0.00010781399 0)
(0.0072617145 -0.00057814602 0)
(0.014093213 0.00010501746 0)
(0.014141859 0.0002558753 0)
(0.01420668 0.00034764308 0)
(0.01426691 0.00040659743 0)
(0.014308299 0.00045029177 0)
(0.014345088 0.00048432478 0)
(0.014378056 0.00051071399 0)
(0.014405875 0.0005312498 0)
(0.014428773 0.00054791429 0)
(0.014447533 0.00056091169 0)
(0.014462825 0.00057214216 0)
(0.014474563 0.00058211829 0)
(0.014483349 0.00059059582 0)
(0.014489349 0.00059759409 0)
(0.014492744 0.00060287458 0)
(0.014493736 0.00060742887 0)
(0.014492432 0.00060914229 0)
(0.014488887 0.00060806853 0)
(0.014483151 0.00060465498 0)
(0.014475309 0.00059800159 0)
(0.014465342 0.0005873683 0)
(0.014452779 0.00057099865 0)
(0.014436696 0.00054732802 0)
(0.01441275 0.00051522631 0)
(0.014378385 0.00047308923 0)
(0.014330944 0.00041867301 0)
(0.014267134 0.00035115823 0)
(0.014174149 0.00026110127 0)
(0.014081619 0.0001713564 0)
(0.013717392 -3.5015562e-05 0)
(0.014086824 3.8585157e-05 0)
(0.014101571 0.00010876715 0)
(0.014134524 0.00016732611 0)
(0.014176911 0.00021767375 0)
(0.01422121 0.00026324363 0)
(0.014265223 0.00030347268 0)
(0.014308848 0.0003383313 0)
(0.014351779 0.0003676993 0)
(0.014393538 0.00039279518 0)
(0.014433921 0.00041486959 0)
(0.014472897 0.0004344312 0)
(0.014510996 0.00045176816 0)
(0.01454843 0.00046694815 0)
(0.014585325 0.00048041563 0)
(0.01462182 0.00049187444 0)
(0.014658061 0.00050110502 0)
(0.014694404 0.00050791766 0)
(0.014729908 0.00051199259 0)
(0.014766731 0.00051292726 0)
(0.014802836 0.00051050339 0)
(0.014836592 0.00050449287 0)
(0.014868564 0.00049451477 0)
(0.014897829 0.00048023642 0)
(0.014922738 0.00046148905 0)
(0.014941485 0.00043840922 0)
(0.014951963 0.00041187075 0)
(0.014951589 0.00038429472 0)
(0.014937475 0.00035736057 0)
(0.014906919 0.00034118573 0)
(0.01483424 0.00031559251 0)
(0.014086349 3.0511073e-05 0)
(0.014096445 9.0364503e-05 0)
(0.014116324 0.00014570013 0)
(0.014142128 0.00019454965 0)
(0.014170693 0.00023712639 0)
(0.014200997 0.00027428171 0)
(0.014232994 0.00030668742 0)
(0.014266404 0.00033483566 0)
(0.014300649 0.00035920438 0)
(0.01433531 0.00038024523 0)
(0.014370248 0.00039833094 0)
(0.014405467 0.00041373915 0)
(0.014440969 0.00042666343 0)
(0.014476766 0.00043727633 0)
(0.01451288 0.00044566971 0)
(0.014549284 0.00045186258 0)
(0.014585877 0.00045579307 0)
(0.014622432 0.00045729014 0)
(0.014658633 0.00045629784 0)
(0.01469426 0.0004531053 0)
(0.014729197 0.00044787832 0)
(0.014763112 0.00044050592 0)
(0.014795369 0.0004309611 0)
(0.014825203 0.00041950984 0)
(0.014851831 0.00040674374 0)
(0.014874435 0.00039362173 0)
(0.014892273 0.00038131194 0)
(0.014905141 0.00037296867 0)
(0.014913424 0.00037118997 0)
(0.014922825 0.00038011127 0)
(0.01408495 2.1422734e-05 0)
(0.01408954 6.3361036e-05 0)
(0.01410031 0.00010287678 0)
(0.014116323 0.00013912612 0)
(0.014136071 0.00017209947 0)
(0.01415854 0.00020204429 0)
(0.014183194 0.00022910517 0)
(0.014209608 0.00025334921 0)
(0.014237357 0.00027490436 0)
(0.014266094 0.00029396975 0)
(0.014295601 0.00031074098 0)
(0.014325744 0.00032536793 0)
(0.014356412 0.00033795531 0)
(0.014387507 0.00034858003 0)
(0.014418941 0.0003572832 0)
(0.01445062 0.00036407575 0)
(0.014482437 0.00036895586 0)
(0.014514268 0.00037192997 0)
(0.014545951 0.00037304199 0)
(0.014577286 0.00037236789 0)
(0.014608065 0.00036996224 0)
(0.01463808 0.00036587988 0)
(0.014667096 0.00036027108 0)
(0.014694862 0.00035344179 0)
(0.014721146 0.00034586877 0)
(0.014745898 0.00033822214 0)
(0.014769004 0.00033137886 0)
(0.01479173 0.00032661551 0)
(0.014812538 0.00032466333 0)
(0.014844724 0.00033137082 0)
(0.014084737 1.6661702e-05 0)
(0.014088187 4.9783843e-05 0)
(0.014096164 8.2032449e-05 0)
(0.01410816 0.00011273994 0)
(0.01412323 0.00014150366 0)
(0.014140674 0.00016813763 0)
(0.0141601 0.0001925537 0)
(0.014181218 0.00021471534 0)
(0.014203746 0.00023464116 0)
(0.014227415 0.00025239517 0)
(0.014252008 0.00026805768 0)
(0.014277358 0.00028170452 0)
(0.014303331 0.00029340187 0)
(0.014329808 0.00030320846 0)
(0.01435668 0.00031117485 0)
(0.014383841 0.00031734422 0)
(0.014411185 0.00032175683 0)
(0.014438598 0.00032445536 0)
(0.014465953 0.00032549053 0)
(0.014493123 0.00032493288 0)
(0.014519993 0.00032288289 0)
(0.014546466 0.00031947335 0)
(0.014572458 0.00031487673 0)
(0.014597908 0.00030932107 0)
(0.014622799 0.00030309725 0)
(0.014647271 0.00029656966 0)
(0.014671413 0.00029009378 0)
(0.014696294 0.000284273 0)
(0.01472038 0.00027842745 0)
(0.014753294 0.00027745672 0)
(0.014084533 1.312703e-05 0)
(0.014087028 3.9226459e-05 0)
(0.014092826 6.4734009e-05 0)
(0.014101664 8.919415e-05 0)
(0.014113023 0.00011229972 0)
(0.014126522 0.00013388873 0)
(0.014141922 0.00015387692 0)
(0.014159008 0.0001722144 0)
(0.014177554 0.00018887703 0)
(0.014197335 0.00020386633 0)
(0.014218153 0.00021720269 0)
(0.014239845 0.00022891522 0)
(0.014262266 0.00023903504 0)
(0.014285287 0.00024759285 0)
(0.014308788 0.00025461842 0)
(0.014332654 0.00026014085 0)
(0.014356779 0.00026419009 0)
(0.014381058 0.00026680011 0)
(0.014405394 0.00026801329 0)
(0.014429696 0.00026788501 0)
(0.014453885 0.00026648511 0)
(0.014477902 0.00026389624 0)
(0.014501706 0.0002602143 0)
(0.014525296 0.00025555263 0)
(0.014548706 0.0002500387 0)
(0.01457208 0.00024381396 0)
(0.014595496 0.00023696215 0)
(0.014619697 0.00022970712 0)
(0.014643436 0.00022125632 0)
(0.014673374 0.00021511889 0)
(0.014084419 1.0452358e-05 0)
(0.014086381 3.1268043e-05 0)
(0.014090947 5.1732016e-05 0)
(0.014097964 7.1559678e-05 0)
(0.014107096 9.0531848e-05 0)
(0.014118094 0.0001084949 0)
(0.01413079 0.00012533477 0)
(0.01414502 0.00014096268 0)
(0.014160605 0.00015531366 0)
(0.014177366 0.00016834646 0)
(0.014195144 0.00018003933 0)
(0.014213793 0.00019038362 0)
(0.014233185 0.00019937878 0)
(0.014253196 0.00020702986 0)
(0.014273715 0.00021334636 0)
(0.014294637 0.00021834167 0)
(0.014315864 0.00022203305 0)
(0.014337305 0.00022444207 0)
(0.014358878 0.00022559532 0)
(0.014380509 0.00022552476 0)
(0.014402137 0.00022426753 0)
(0.014423718 0.00022186516 0)
(0.014445228 0.00021836203 0)
(0.014466671 0.00021380321 0)
(0.014488078 0.00020822709 0)
(0.014509544 0.00020166407 0)
(0.014531099 0.00019408448 0)
(0.014553228 0.00018555853 0)
(0.014574902 0.00017537687 0)
(0.014600812 0.00016621203 0)
(0.014084342 8.3216744e-06 0)
(0.01408594 2.4906384e-05 0)
(0.014089657 4.1253626e-05 0)
(0.014095383 5.7161448e-05 0)
(0.014102873 7.2461527e-05 0)
(0.014111959 8.7022285e-05 0)
(0.014122532 0.00010073824 0)
(0.01413448 0.00011352471 0)
(0.01414767 0.00012531672 0)
(0.014161964 0.00013606725 0)
(0.014177232 0.00014574402 0)
(0.014193354 0.00015432582 0)
(0.014210213 0.0001617996 0)
(0.014227701 0.00016815847 0)
(0.014245714 0.00017340042 0)
(0.014264154 0.00017752726 0)
(0.014282929 0.00018054382 0)
(0.014301956 0.00018245737 0)
(0.014321155 0.00018327704 0)
(0.014340458 0.00018301315 0)
(0.014359807 0.00018167618 0)
(0.014379153 0.00017927503 0)
(0.014398467 0.00017581424 0)
(0.014417734 0.0001712907 0)
(0.014436954 0.00016568738 0)
(0.014456168 0.00015897292 0)
(0.014475358 0.00015106623 0)
(0.014494825 0.00014195433 0)
(0.014513751 0.00013107639 0)
(0.014535428 0.00012026154 0)
(0.014084288 6.5616984e-06 0)
(0.014085629 1.9646143e-05 0)
(0.014088749 3.2567344e-05 0)
(0.014093566 4.5181953e-05 0)
(0.01409989 5.7367123e-05 0)
(0.014107604 6.9021959e-05 0)
(0.014116634 8.0060457e-05 0)
(0.014126896 9.040897e-05 0)
(0.014138288 0.00010000639 0)
(0.014150698 0.00010880369 0)
(0.014164018 0.00011676228 0)
(0.014178143 0.0001238521 0)
(0.014192972 0.00013004997 0)
(0.014208405 0.00013533823 0)
(0.014224349 0.00013970364 0)
(0.01424071 0.00014313628 0)
(0.014257401 0.00014562862 0)
(0.014274341 0.00014717449 0)
(0.014291452 0.00014776806 0)
(0.014308664 0.0001474026 0)
(0.014325911 0.00014606892 0)
(0.014343139 0.00014375344 0)
(0.014360298 0.00014043555 0)
(0.014377352 0.00013608485 0)
(0.014394269 0.00013065649 0)
(0.014411042 0.00012409112 0)
(0.014427614 0.00011629062 0)
(0.014444145 0.00010720231 0)
(0.014459996 9.6391903e-05 0)
(0.014477392 8.507687e-05 0)
(0.014084248 5.0658308e-06 0)
(0.014085406 1.5172642e-05 0)
(0.014088097 2.5167644e-05 0)
(0.014092256 3.494738e-05 0)
(0.01409773 4.4420809e-05 0)
(0.014104426 5.3510099e-05 0)
(0.014112292 6.2145844e-05 0)
(0.014121263 7.0266133e-05 0)
(0.014131258 7.7817549e-05 0)
(0.014142184 8.4755295e-05 0)
(0.014153951 9.1042233e-05 0)
(0.014166468 9.6647641e-05 0)
(0.014179645 0.00010154611 0)
(0.014193394 0.00010571661 0)
(0.014207625 0.00010914156 0)
(0.014222251 0.00011180588 0)
(0.014237187 0.00011369597 0)
(0.014252352 0.00011479866 0)
(0.014267666 0.00011510001 0)
(0.014283053 0.00011458407 0)
(0.014298439 0.00011323129 0)
(0.014313756 0.00011101678 0)
(0.014328937 0.00010790812 0)
(0.014343921 0.00010386314 0)
(0.014358647 9.8826453e-05 0)
(0.014373066 9.2729344e-05 0)
(0.01438709 8.5473584e-05 0)
(0.014400773 7.6986565e-05 0)
(0.01441363 6.6949299e-05 0)
(0.014427052 5.6069231e-05 0)
(0.01408422 3.7596361e-06 0)
(0.014085245 1.1264658e-05 0)
(0.014087629 1.8696165e-05 0)
(0.014091314 2.5980668e-05 0)
(0.014096172 3.3052298e-05 0)
(0.014102126 3.9853569e-05 0)
(0.014109137 4.6331985e-05 0)
(0.014117153 5.2439594e-05 0)
(0.014126106 5.8133915e-05 0)
(0.014135917 6.3378147e-05 0)
(0.014146508 6.8140544e-05 0)
(0.014157797 7.2393607e-05 0)
(0.014169703 7.6113414e-05 0)
(0.014182143 7.9279037e-05 0)
(0.014195031 8.1871901e-05 0)
(0.014208285 8.387504e-05 0)
(0.014221818 8.527226e-05 0)
(0.014235548 8.604722e-05 0)
(0.014249392 8.6182417e-05 0)
(0.014263265 8.5658053e-05 0)
(0.014277086 8.445074e-05 0)
(0.014290773 8.2532039e-05 0)
(0.014304242 7.9866758e-05 0)
(0.014317411 7.6411201e-05 0)
(0.014330192 7.2110639e-05 0)
(0.014342502 6.6899047e-05 0)
(0.014354229 6.0688515e-05 0)
(0.014365339 5.340275e-05 0)
(0.014375466 4.4814632e-05 0)
(0.014385357 3.5282362e-05 0)
(0.0140842 2.5878372e-06 0)
(0.014085133 7.757675e-06 0)
(0.014087303 1.2884861e-05 0)
(0.014090659 1.7919976e-05 0)
(0.014095087 2.2817852e-05 0)
(0.014100521 2.7538586e-05 0)
(0.014106928 3.2045088e-05 0)
(0.014114265 3.6302795e-05 0)
(0.014122471 4.0280426e-05 0)
(0.014131478 4.3950207e-05 0)
(0.014141213 4.7287499e-05 0)
(0.014151603 5.0270309e-05 0)
(0.01416257 5.287892e-05 0)
(0.014174037 5.5095561e-05 0)
(0.01418592 5.6904012e-05 0)
(0.014198137 5.8289089e-05 0)
(0.014210603 5.9236021e-05 0)
(0.014223234 5.9729751e-05 0)
(0.01423594 5.9754156e-05 0)
(0.014248634 5.9291167e-05 0)
(0.014261224 5.8319794e-05 0)
(0.014273617 5.6815027e-05 0)
(0.014285717 5.4746592e-05 0)
(0.014297421 5.2077682e-05 0)
(0.014308625 4.8763195e-05 0)
(0.014319215 4.4749341e-05 0)
(0.014329062 3.9967127e-05 0)
(0.014338064 3.4350671e-05 0)
(0.014345947 2.7750091e-05 0)
(0.014352979 2.0305564e-05 0)
(0.014084188 1.5067057e-06 0)
(0.014085063 4.519564e-06 0)
(0.014087097 7.5165503e-06 0)
(0.014090244 1.0468755e-05 0)
(0.014094398 1.3348966e-05 0)
(0.0140995 1.6133139e-05 0)
(0.01410552 1.8798688e-05 0)
(0.01411242 2.1324264e-05 0)
(0.014120145 2.3690275e-05 0)
(0.014128631 2.5879057e-05 0)
(0.014137809 2.787462e-05 0)
(0.014147611 2.9662363e-05 0)
(0.014157963 3.1228896e-05 0)
(0.014168788 3.2561915e-05 0)
(0.014180005 3.3650025e-05 0)
(0.014191533 3.4482457e-05 0)
(0.014203286 3.5048705e-05 0)
(0.014215177 3.533808e-05 0)
(0.014227114 3.5339225e-05 0)
(0.014239005 3.5039561e-05 0)
(0.014250752 3.4424674e-05 0)
(0.014262253 3.3477628e-05 0)
(0.014273402 3.2178199e-05 0)
(0.014284086 3.0502098e-05 0)
(0.014294183 2.8419906e-05 0)
(0.014303562 2.5896809e-05 0)
(0.014312079 2.2888882e-05 0)
(0.014319587 1.9352551e-05 0)
(0.014325868 1.520158e-05 0)
(0.014330873 1.0476402e-05 0)
(0.014084182 4.7607621e-07 0)
(0.014085028 1.4367292e-06 0)
(0.014086996 2.4049221e-06 0)
(0.014090041 3.3709101e-06 0)
(0.014094062 4.324602e-06 0)
(0.014099001 5.2569398e-06 0)
(0.014104832 6.1592657e-06 0)
(0.014111519 7.0232487e-06 0)
(0.014119007 7.8411171e-06 0)
(0.014127236 8.6056827e-06 0)
(0.01413614 9.3102111e-06 1.2614464e-36)
(0.014145651 9.9483024e-06 0)
(0.014155698 1.0513891e-05 0)
(0.014166203 1.1001306e-05 0)
(0.014177089 1.1405306e-05 0)
(0.014188272 1.1721041e-05 0)
(0.014199666 1.194394e-05 0)
(0.014211184 1.2069564e-05 0)
(0.014222732 1.2093429e-05 0)
(0.014234215 1.20108e-05 0)
(0.014245532 1.1816463e-05 3.0574871e-37)
(0.014256578 1.1504474e-05 -3.0477437e-37)
(0.014267239 1.106787e-05 0)
(0.014277397 1.04984e-05 3.0293556e-37)
(0.014286923 9.7861438e-06 0)
(0.014295677 8.9194824e-06 6.0263599e-37)
(0.014303507 7.8836823e-06 0)
(0.014310241 6.664823e-06 6.0005145e-37)
(0.014315708 5.2326702e-06 0)
(0.014319622 3.608588e-06 0)
(0.014084182 -5.3648984e-07 0)
(0.014085028 -1.5946128e-06 0)
(0.014086995 -2.622193e-06 0)
(0.014090039 -3.6105123e-06 0)
(0.014094059 -4.5532474e-06 0)
(0.014098998 -5.4447852e-06 0)
(0.014104828 -6.2800078e-06 0)
(0.014111514 -7.0542979e-06 0)
(0.014119002 -7.7635758e-06 0)
(0.014127231 -8.4043862e-06 0)
(0.014136135 -8.9739388e-06 -1.2614475e-36)
(0.014145647 -9.4700695e-06 0)
(0.014155695 -9.8910794e-06 0)
(0.014166202 -1.0235498e-05 0)
(0.014177089 -1.0501845e-05 0)
(0.014188274 -1.0688437e-05 0)
(0.014199671 -1.0793227e-05 0)
(0.014211191 -1.0813675e-05 0)
(0.014222742 -1.0746601e-05 0)
(0.014234228 -1.0588038e-05 0)
(0.014245548 -1.0333067e-05 -3.0574965e-37)
(0.014256597 -9.9756426e-06 3.0477533e-37)
(0.014267261 -9.5083815e-06 0)
(0.014277422 -8.9223556e-06 -3.0293652e-37)
(0.014286951 -8.2067523e-06 0)
(0.014295707 -7.3488711e-06 -6.0263788e-37)
(0.014303539 -6.3327034e-06 0)
(0.014310273 -5.1430359e-06 -6.0005325e-37)
(0.014315741 -3.7477762e-06 0)
(0.014319656 -2.1677667e-06 0)
(0.014084188 -1.5655693e-06 0)
(0.014085061 -4.6753857e-06 0)
(0.014087094 -7.731146e-06 0)
(0.014090238 -1.0705191e-05 0)
(0.01409439 -1.3574335e-05 0)
(0.014099489 -1.6317958e-05 0)
(0.014105507 -1.8916953e-05 0)
(0.014112406 -2.1353653e-05 0)
(0.01412013 -2.361214e-05 0)
(0.014128615 -2.5678425e-05 0)
(0.014137795 -2.7540408e-05 0)
(0.014147599 -2.9187666e-05 0)
(0.014157954 -3.0611118e-05 0)
(0.014168783 -3.1802604e-05 0)
(0.014180006 -3.2754438e-05 0)
(0.01419154 -3.3458975e-05 0)
(0.014203301 -3.390819e-05 0)
(0.014215199 -3.409326e-05 0)
(0.014227145 -3.4004102e-05 0)
(0.014239045 -3.362888e-05 0)
(0.014250801 -3.295345e-05 0)
(0.014262311 -3.1960753e-05 0)
(0.014273469 -3.0630125e-05 0)
(0.014284161 -2.8936579e-05 0)
(0.014294265 -2.6849779e-05 0)
(0.014303652 -2.4333816e-05 0)
(0.014312173 -2.1343456e-05 0)
(0.014319685 -1.7833855e-05 0)
(0.014325966 -1.3716938e-05 0)
(0.014330977 -9.0322885e-06 0)
(0.0140842 -2.6458523e-06 0)
(0.014085132 -7.9093753e-06 0)
(0.014087298 -1.3093383e-05 0)
(0.01409065 -1.8149485e-05 0)
(0.014095074 -2.3036237e-05 0)
(0.014100503 -2.7717057e-05 0)
(0.014106907 -3.2158262e-05 0)
(0.014114241 -3.6328876e-05 0)
(0.014122446 -4.0201188e-05 0)
(0.014131453 -4.3751016e-05 0)
(0.01414119 -4.6957519e-05 0)
(0.014151583 -4.9802784e-05 0)
(0.014162556 -5.2271296e-05 0)
(0.01417403 -5.4349322e-05 0)
(0.014185922 -5.602425e-05 0)
(0.01419815 -5.7283926e-05 0)
(0.014210628 -5.8115985e-05 0)
(0.014223272 -5.8507167e-05 0)
(0.014235993 -5.8442565e-05 0)
(0.014248702 -5.7904804e-05 0)
(0.014261308 -5.687312e-05 0)
(0.014273716 -5.5322342e-05 0)
(0.014285831 -5.3221712e-05 0)
(0.01429755 -5.0533681e-05 0)
(0.014308766 -4.7212176e-05 0)
(0.014319369 -4.3202245e-05 0)
(0.014329225 -3.8433505e-05 0)
(0.014338235 -3.2838654e-05 0)
(0.014346119 -2.6265838e-05 0)
(0.014353164 -1.8854134e-05 0)
(0.01408422 -3.8154131e-06 0)
(0.014085242 -1.1410235e-05 0)
(0.014087622 -1.8896047e-05 0)
(0.014091302 -2.6200324e-05 0)
(0.014096154 -3.3260722e-05 0)
(0.014102102 -4.0022977e-05 0)
(0.014109108 -4.6437903e-05 0)
(0.014117121 -5.2461009e-05 0)
(0.014126072 -5.8053259e-05 0)
(0.014135883 -6.3181314e-05 0)
(0.014146476 -6.7817088e-05 0)
(0.014157771 -7.193701e-05 0)
(0.014169685 -7.5521199e-05 0)
(0.014182135 -7.8552605e-05 0)
(0.014195036 -8.1016116e-05 0)
(0.014208304 -8.2897664e-05 0)
(0.014221855 -8.4183348e-05 0)
(0.014235605 -8.4858523e-05 0)
(0.014249468 -8.4906824e-05 0)
(0.014263363 -8.4309074e-05 0)
(0.014277207 -8.3042055e-05 0)
(0.014290915 -8.107711e-05 0)
(0.014304407 -7.8378512e-05 0)
(0.014317596 -7.4901769e-05 0)
(0.014330398 -7.0591125e-05 0)
(0.014342726 -6.5379323e-05 0)
(0.014354468 -5.9176984e-05 0)
(0.014365591 -5.1906331e-05 0)
(0.014375724 -4.3338039e-05 0)
(0.014385635 -3.3829669e-05 0)
(0.014084248 -5.1186392e-06 0)
(0.014085402 -1.5310329e-05 0)
(0.014088089 -2.5356375e-05 0)
(0.014092241 -3.5154271e-05 0)
(0.014097707 -4.4616342e-05 0)
(0.014104396 -5.3667836e-05 0)
(0.014112256 -6.2242497e-05 0)
(0.014121223 -7.0281716e-05 0)
(0.014131216 -7.7735353e-05 0)
(0.014142142 -8.4561903e-05 0)
(0.014153913 -9.072771e-05 0)
(0.014166436 -9.6205776e-05 0)
(0.014179624 -0.00010097453 0)
(0.014193386 -0.00010501661 0)
(0.014207633 -0.00010831771 0)
(0.014222279 -0.00011086549 0)
(0.014237238 -0.00011264849 0)
(0.014252428 -0.00011365511 0)
(0.014267768 -0.00011387247 0)
(0.014283183 -0.00011328515 0)
(0.014298598 -0.00011187371 0)
(0.014313944 -0.00010961298 0)
(0.014329155 -0.00010646996 0)
(0.014344168 -0.00010240163 0)
(0.014358921 -9.7351523e-05 0)
(0.014373366 -9.1249635e-05 0)
(0.014387413 -8.399619e-05 0)
(0.014401116 -7.5517041e-05 0)
(0.014413986 -6.5490705e-05 0)
(0.014427439 -5.4624666e-05 0)
(0.014084287 -6.6108977e-06 0)
(0.014085625 -1.9774266e-05 0)
(0.014088739 -3.2742605e-05 0)
(0.014093547 -4.5373476e-05 0)
(0.014099863 -5.7547207e-05 0)
(0.014107569 -6.9165798e-05 0)
(0.014116592 -8.0146219e-05 0)
(0.01412685 -9.0417929e-05 0)
(0.014138239 -9.9922906e-05 0)
(0.01415065 -0.00010861521 0)
(0.014163974 -0.00011645951 0)
(0.014178108 -0.00012342925 0)
(0.014192949 -0.00012950482 0)
(0.0142084 -0.00013467201 0)
(0.014224363 -0.00013892059 0)
(0.014240748 -0.00014224321 0)
(0.014257467 -0.00014463429 0)
(0.014274437 -0.0001460891 0)
(0.014291581 -0.00014660274 0)
(0.014308828 -0.00014616893 0)
(0.014326111 -0.00014477851 0)
(0.014343376 -0.00014241757 0)
(0.014360573 -0.00013906486 0)
(0.014377664 -0.00013468912 0)
(0.014394617 -0.00012924434 0)
(0.014411424 -0.00012266989 0)
(0.014428027 -0.00011486601 0)
(0.014444588 -0.0001057785 0)
(0.014460462 -9.4970241e-05 0)
(0.014477899 -8.3660017e-05 0)
(0.014084342 -8.3667054e-06 0)
(0.014085936 -2.5023477e-05 0)
(0.014089646 -4.1413389e-05 0)
(0.014095362 -5.7335332e-05 0)
(0.014102842 -7.2623935e-05 0)
(0.014111919 -8.7150307e-05 0)
(0.014122485 -0.00010081172 0)
(0.014134428 -0.00011352639 0)
(0.014147615 -0.00012523215 0)
(0.014161911 -0.00013588488 0)
(0.014177185 -0.0001454553 0)
(0.014193316 -0.00015392541 0)
(0.014210191 -0.00016128545 0)
(0.014227698 -0.00016753171 0)
(0.014245735 -0.00017266496 0)
(0.014264203 -0.00017668932 0)
(0.014283011 -0.00017961145 0)
(0.014302073 -0.00018143987 0)
(0.014321312 -0.00018218453 0)
(0.014340657 -0.00018185613 0)
(0.014360048 -0.00018046511 0)
(0.01437944 -0.00017801998 0)
(0.0143988 -0.00017452465 0)
(0.014418112 -0.00016997509 0)
(0.014437377 -0.00016435314 0)
(0.014456636 -0.0001576261 0)
(0.014475868 -0.00014971126 0)
(0.014495376 -0.00014059416 0)
(0.014514335 -0.00012971081 0)
(0.014536066 -0.00011889331 0)
(0.014084419 -1.0492742e-05 0)
(0.014086376 -3.1372856e-05 0)
(0.014090934 -5.1874563e-05 0)
(0.014097942 -7.1714048e-05 0)
(0.014107063 -9.0674832e-05 0)
(0.014118051 -0.00010860575 0)
(0.014130739 -0.00012539526 0)
(0.014144964 -0.0001409572 0)
(0.014160547 -0.00015522923 0)
(0.01417731 -0.00016817268 0)
(0.014195094 -0.00017976856 0)
(0.014213756 -0.00019001113 0)
(0.014233164 -0.00019890281 0)
(0.014253198 -0.0002064515 0)
(0.014273745 -0.00021266917 0)
(0.014294699 -0.00021757129 0)
(0.014315963 -0.0002211767 0)
(0.014337445 -0.0002235081 0)
(0.014359063 -0.00022459276 0)
(0.014380742 -0.0002244629 0)
(0.014402421 -0.00022315559 0)
(0.014424054 -0.00022071196 0)
(0.014445618 -0.00021717572 0)
(0.014467116 -0.00021259104 0)
(0.014488577 -0.00020699518 0)
(0.014510098 -0.00020041726 0)
(0.014531705 -0.000192826 0)
(0.014553887 -0.00018429026 0)
(0.014575608 -0.0001740972 0)
(0.014601585 -0.00016492472 0)
(0.014084532 -1.3162378e-05 0)
(0.014087023 -3.9317968e-05 0)
(0.014092812 -6.4857933e-05 0)
(0.01410164 -8.932744e-05 0)
(0.014112988 -0.00011242173 0)
(0.014126476 -0.00013398105 0)
(0.014141867 -0.00015392334 0)
(0.014158949 -0.00017220107 0)
(0.014177493 -0.00018879241 0)
(0.014197276 -0.00020370121 0)
(0.014218102 -0.00021695029 0)
(0.014239807 -0.00022857141 0)
(0.014262247 -0.00023859837 0)
(0.014285293 -0.0002470644 0)
(0.014308824 -0.00025400153 0)
(0.014332727 -0.00025944066 0)
(0.014356893 -0.00026341311 0)
(0.014381219 -0.00026595383 0)
(0.014405605 -0.00026710575 0)
(0.014429961 -0.00026692439 0)
(0.014454207 -0.00026547947 0)
(0.014478284 -0.00026285324 0)
(0.01450215 -0.000259141 0)
(0.014525803 -0.0002544552 0)
(0.014549277 -0.0002489222 0)
(0.014572716 -0.00024268216 0)
(0.014596197 -0.00023581718 0)
(0.014620463 -0.00022855 0)
(0.014644262 -0.00022008433 0)
(0.014674279 -0.000213937 0)
(0.014084736 -1.6691673e-05 0)
(0.014088181 -4.986119e-05 0)
(0.01409615 -8.2136645e-05 0)
(0.014108135 -0.00011285108 0)
(0.014123193 -0.00014160396 0)
(0.014140627 -0.00016821121 0)
(0.014160044 -0.00019258667 0)
(0.014181157 -0.00021469585 0)
(0.014203684 -0.00023455945 0)
(0.014227357 -0.00025224354 0)
(0.014251958 -0.00026783047 0)
(0.014277323 -0.00028139827 0)
(0.014303317 -0.0002930154 0)
(0.014329821 -0.00030274281 0)
(0.014356725 -0.00031063296 0)
(0.014383925 -0.00031673058 0)
(0.014411314 -0.00032107712 0)
(0.014438776 -0.00032371608 0)
(0.014466186 -0.00032469868 0)
(0.014493416 -0.00032409552 0)
(0.014520348 -0.00032200682 0)
(0.014546888 -0.00031856501 0)
(0.014572948 -0.00031394199 0)
(0.01459847 -0.00030836508 0)
(0.014623433 -0.00030212404 0)
(0.01464798 -0.00029558263 0)
(0.014672197 -0.00028909341 0)
(0.014697155 -0.00028325961 0)
(0.014721314 -0.00027739754 0)
(0.014754319 -0.00027641815 0)
(0.014084949 -2.144731e-05 0)
(0.014089534 -6.3424098e-05 0)
(0.014100295 -0.000102961 0)
(0.014116297 -0.00013921473 0)
(0.014136033 -0.00017217763 0)
(0.014158492 -0.00020209871 0)
(0.014183136 -0.00022912404 0)
(0.014209545 -0.00025332217 0)
(0.014237293 -0.00027482305 0)
(0.014266033 -0.00029382767 0)
(0.014295551 -0.0003105336 0)
(0.014325709 -0.0003250928 0)
(0.014356399 -0.00033761202 0)
(0.014387522 -0.00034817003 0)
(0.01441899 -0.00035680945 0)
(0.01445071 -0.00036354243 0)
(0.014482574 -0.00036836809 0)
(0.014514458 -0.00037129353 0)
(0.014546199 -0.00037236262 0)
(0.014577596 -0.00037165118 0)
(0.014608443 -0.00036921431 0)
(0.014638529 -0.0003651068 0)
(0.014667619 -0.00035947811 0)
(0.014695463 -0.00035263316 0)
(0.014721825 -0.00034504745 0)
(0.014746663 -0.00033739033 0)
(0.014769855 -0.00033053699 0)
(0.014792669 -0.00032576258 0)
(0.01481356 -0.00032379215 0)
(0.014845848 -0.0003304937 0)
(0.014086348 -3.0529717e-05 0)
(0.01409644 -9.041206e-05 0)
(0.01411631 -0.00014576294 0)
(0.014142102 -0.00019461443 0)
(0.014170654 -0.00023718139 0)
(0.014200948 -0.00027431654 0)
(0.014232939 -0.00030669338 0)
(0.014266345 -0.00033480454 0)
(0.01430059 -0.00035913049 0)
(0.014335255 -0.00038012284 0)
(0.014370201 -0.00039815533 0)
(0.014405434 -0.0004135079 0)
(0.014440957 -0.00042637607 0)
(0.014476781 -0.00043693449 0)
(0.014512928 -0.00044527617 0)
(0.014549373 -0.00045142116 0)
(0.014586013 -0.00045530869 0)
(0.014622623 -0.00045677014 0)
(0.014658886 -0.0004557478 0)
(0.01469458 -0.00045252631 0)
(0.014729588 -0.00044727456 0)
(0.014763578 -0.00043988325 0)
(0.014795917 -0.00043032473 0)
(0.014825838 -0.0004188658 0)
(0.014852559 -0.0004060869 0)
(0.014875259 -0.00039299872 0)
(0.014893195 -0.00038064378 0)
(0.014906167 -0.00037230506 0)
(0.014914555 -0.00037051802 0)
(0.0149241 -0.00037943996 0)
(0.014086823 -3.8598476e-05 0)
(0.014101565 -0.00010880072 0)
(0.014134509 -0.0001673687 0)
(0.014176885 -0.00021771459 0)
(0.014221172 -0.00026327852 0)
(0.014265175 -0.00030349367 0)
(0.014308793 -0.00033833131 0)
(0.014351718 -0.00036765963 0)
(0.014393478 -0.00039271926 0)
(0.014433871 -0.00041475254 0)
(0.014472863 -0.00043427155 0)
(0.014510983 -0.00045156592 0)
(0.014548442 -0.00046670353 0)
(0.014585367 -0.00048013458 0)
(0.0146219 -0.00049155748 0)
(0.014658186 -0.00050075492 0)
(0.014694573 -0.00050753826 0)
(0.014730141 -0.00051159097 0)
(0.014766992 -0.00051250983 0)
(0.014803183 -0.00051007344 0)
(0.014837028 -0.0005040556 0)
(0.014869086 -0.00049407306 0)
(0.014898442 -0.00047979325 0)
(0.014923447 -0.00046104745 0)
(0.014942295 -0.00043796924 0)
(0.01495288 -0.00041143248 0)
(0.014952609 -0.00038385192 0)
(0.014938605 -0.00035695522 0)
(0.014908161 -0.00034073012 0)
(0.014835606 -0.00031517321 0)
(0.014093212 -0.00010502537 0)
(0.014141854 -0.00025589409 0)
(0.014206668 -0.00034766596 0)
(0.014266886 -0.00040661787 0)
(0.014308266 -0.00045030393 0)
(0.014345047 -0.00048432315 0)
(0.014378009 -0.00051069718 0)
(0.014405826 -0.00053119571 0)
(0.014428729 -0.00054788129 0)
(0.014447501 -0.00056083256 0)
(0.01446281 -0.00057202682 0)
(0.014474571 -0.00058196827 0)
(0.014483387 -0.00059041295 0)
(0.014489424 -0.00059737901 0)
(0.014492863 -0.00060263659 0)
(0.014493904 -0.00060714653 0)
(0.014492658 -0.00060884346 0)
(0.014489179 -0.00060775956 0)
(0.014483515 -0.00060434457 0)
(0.01447575 -0.00059770172 0)
(0.014465865 -0.0005870947 0)
(0.014453389 -0.00057070875 0)
(0.014437399 -0.00054704567 0)
(0.014413565 -0.00051495855 0)
(0.014379316 -0.00047283695 0)
(0.014331994 -0.00041843546 0)
(0.014268307 -0.00035092961 0)
(0.014175443 -0.00026087929 0)
(0.014083029 -0.00017113753 0)
(0.013718955 3.5214567e-05 0)
(0.013952728 -8.3853499e-05 0)
(0.013923469 -0.00021561169 0)
(0.013811426 -0.0003000176 0)
(0.013622359 -0.00034261382 0)
(0.013404458 -0.00037440953 0)
(0.013178299 -0.00039945027 0)
(0.012945112 -0.00041913863 0)
(0.012703312 -0.00043472921 0)
(0.012453531 -0.00044729181 0)
(0.01219753 -0.00045760581 0)
(0.011936704 -0.00046605482 0)
(0.011671837 -0.00047289097 0)
(0.01140348 -0.00047833884 0)
(0.011132195 -0.00048251039 0)
(0.010858681 -0.00048539743 0)
(0.010583562 -0.00048682935 0)
(0.010307743 -0.00048656913 0)
(0.010032434 -0.00048425112 0)
(0.0097589796 -0.00047928889 0)
(0.009488936 -0.00047090942 0)
(0.0092242855 -0.00045817876 0)
(0.0089674687 -0.00044012986 0)
(0.0087224404 -0.00040970457 0)
(0.008494882 -0.00036323656 0)
(0.0082934551 -0.00030526982 0)
(0.0081202904 -0.00023490241 0)
(0.0079959744 -0.00014350822 0)
(0.0078682798 -1.983062e-05 0)
(0.0080084114 0.00010778616 0)
(0.0072631852 0.00057816096 0)
(0.0053567041 0.00043423274 1.4715379e-23)
(0.004689237 -2.0652826e-05 0)
(0.0043977671 -0.00010968579 -6.4121133e-22)
(0.0039265781 -6.1046279e-05 6.4562355e-22)
(0.0034960173 -4.9462714e-05 0)
(0.0032224063 -5.1867205e-05 0)
(0.0030758162 -4.6343027e-05 5.3130189e-22)
(0.0029988872 -3.9266573e-05 -1.0360217e-21)
(0.0029615612 -3.2946895e-05 5.1224042e-22)
(0.0029551266 -2.7319066e-05 -2.2429308e-22)
(0.0029703423 -2.5266328e-05 4.4188546e-22)
(0.0029993497 -2.3915471e-05 -2.154485e-22)
(0.0030349561 -2.0064479e-05 -9.0970365e-23)
(0.0030701973 -1.4431049e-05 4.9776442e-23)
(0.0030998799 -7.5744213e-06 1.9600828e-22)
(0.0031206638 1.0997283e-06 -1.2221907e-22)
(0.0031270996 7.7359948e-06 2.3962401e-23)
(0.0031179486 1.4515374e-05 -5.6445006e-23)
(0.0030917065 2.2306189e-05 -8.0295412e-23)
(0.0030479465 2.8488727e-05 1.4820194e-22)
(0.0029875496 3.3094522e-05 -6.7582069e-23)
(0.0029130359 3.6228695e-05 8.3710758e-23)
(0.0028277393 3.7684215e-05 -1.4923324e-22)
(0.0027352566 3.6934531e-05 6.41691e-23)
(0.0026399872 3.4500729e-05 0)
(0.0025478833 3.036646e-05 0)
(0.0024657798 2.3967905e-05 7.1784275e-24)
(0.0023929988 2.9948208e-05 -6.9777763e-24)
(0.0024430147 0.00014659767 0)
(0.0014323129 -0.00066492005 1.3977751e-24)
(0.009754557 0.00083454809 -4.2744958e-23)
(0.0096021448 0.0005394227 0)
(0.0095036403 0.00042180196 -1.0317512e-23)
(0.0091156027 0.00038793123 6.0358644e-22)
(0.008677813 0.00030798673 -1.1731347e-21)
(0.0083416012 0.00020525705 5.7898537e-22)
(0.0081057195 0.00012843803 0)
(0.0079413206 7.8070788e-05 -4.084812e-24)
(0.0078341582 4.231976e-05 2.3701056e-22)
(0.0077766563 1.6302144e-05 -4.6577324e-22)
(0.0077588972 -3.5626238e-06 1.4368607e-23)
(0.0077734562 -1.4213681e-05 2.1581781e-22)
(0.0078103915 -1.961854e-05 9.1502411e-23)
(0.0078594332 -2.020043e-05 -9.1543061e-23)
(0.0079114711 -1.7756039e-05 4.7041423e-22)
(0.0079579777 -1.2139591e-05 -4.7033862e-22)
(0.0079914325 -4.442194e-06 -5.8019247e-23)
(0.008008545 6.435241e-06 5.7977168e-23)
(0.0080029339 1.8273814e-05 8.4055497e-23)
(0.0079712166 3.0379282e-05 -1.4545896e-23)
(0.0079116722 4.2846257e-05 -1.2951889e-22)
(0.0078241869 5.4223605e-05 5.8571564e-23)
(0.0077102376 6.3527445e-05 6.1152702e-25)
(0.0075730631 7.0972553e-05 0)
(0.0074174851 7.5037267e-05 3.9503915e-23)
(0.0072494939 7.4324792e-05 -6.5574966e-23)
(0.0070895413 6.5737187e-05 2.5844583e-23)
(0.006899678 4.123245e-05 7.290147e-26)
(0.0070828032 0.00026299249 0)
(0.0057782052 -0.00047769561 -4.2485263e-24)
(0.012047022 0.0008080087 2.8345975e-23)
(0.012118245 0.00058890111 0)
(0.012201484 0.00036733413 -5.9916885e-22)
(0.012054252 0.00034231267 6.4040405e-22)
(0.01184933 0.00029138783 -1.8687427e-23)
(0.011682239 0.00021225807 0)
(0.011549233 0.00014185432 5.1839309e-22)
(0.011439397 8.6974336e-05 -5.3748234e-22)
(0.011357079 4.1221863e-05 2.435465e-22)
(0.01130744 2.6758642e-06 -2.5161942e-22)
(0.011291702 -2.5563146e-05 2.1609867e-22)
(0.011303854 -4.447004e-05 -3.1665864e-22)
(0.011335736 -5.4462567e-05 1.0039781e-22)
(0.011381832 -5.6409185e-05 1.3746356e-24)
(0.011435985 -5.078234e-05 7.9235637e-22)
(0.011491333 -3.8350495e-05 -7.9220556e-22)
(0.011541531 -1.9272992e-05 -9.8011437e-25)
(0.011580579 4.8967776e-06 5.0764941e-23)
(0.011602403 3.1071306e-05 -1.3718977e-22)
(0.011604043 5.9023308e-05 8.6339204e-23)
(0.011582412 8.7905055e-05 -5.7678226e-23)
(0.01153536 0.0001159707 5.9587767e-23)
(0.011461797 0.00014237846 -7.6341011e-23)
(0.011362065 0.00016389747 7.8272028e-23)
(0.01123853 0.00018105253 0)
(0.011091714 0.00018926809 1.1949573e-24)
(0.010942796 0.00019584243 1.8620165e-23)
(0.010727715 0.00013510709 -1.9928948e-23)
(0.010853691 0.00029232958 0)
(0.0098079332 -0.00051949699 2.8686929e-24)
(0.013399551 0.00067331041 5.0786656e-23)
(0.013537015 0.00058472323 -4.4787383e-23)
(0.013683621 0.00038927793 -1.9974001e-23)
(0.013655848 0.00035561971 -3.8677504e-23)
(0.013589879 0.00031859546 -5.7760749e-22)
(0.013553933 0.00024858155 5.9909855e-22)
(0.013533612 0.00017443842 1.4589993e-26)
(0.013515833 0.00011087205 -5.2043263e-22)
(0.013506667 5.6459972e-05 7.8552204e-22)
(0.013514388 1.0280966e-05 -2.5580491e-22)
(0.013539696 -2.5560197e-05 2.2632e-22)
(0.013580334 -5.2962564e-05 -2.1942844e-22)
(0.013634733 -7.0722098e-05 -9.6682834e-23)
(0.013699197 -7.8126581e-05 9.2257997e-23)
(0.013769601 -7.5641283e-05 1.1250458e-21)
(0.013841442 -6.3924851e-05 -1.1247174e-21)
(0.013910123 -4.4099929e-05 6.0727564e-23)
(0.013971091 -1.8101516e-05 -5.7947588e-23)
(0.014020491 1.3533205e-05 -8.8328116e-23)
(0.014055867 4.9837509e-05 8.5664211e-23)
(0.014073877 8.8413266e-05 -5.9330083e-23)
(0.014072308 0.00012758576 1.5775597e-22)
(0.014049952 0.00016601546 -9.9646015e-23)
(0.014005729 0.00020182218 3.1437742e-26)
(0.01394032 0.00023382546 4.5669786e-23)
(0.013850619 0.00025578011 -4.8424959e-23)
(0.013755227 0.00028104534 1.8380979e-24)
(0.01358902 0.00024117137 5.0837663e-25)
(0.013661353 0.00035134322 1.4971253e-24)
(0.01286674 -0.00020541563 0)
(0.014214312 0.00058992313 -5.2208482e-23)
(0.014362416 0.0005391029 1.1500616e-24)
(0.014516707 0.00037929765 -6.3900036e-22)
(0.014540424 0.00031486613 -5.4470467e-24)
(0.014537232 0.00027429424 1.7183279e-23)
(0.014564709 0.00020891417 6.1495015e-22)
(0.014607483 0.00013582563 1.792853e-23)
(0.014649727 7.1519368e-05 0)
(0.014694715 1.6544725e-05 2.2162324e-22)
(0.014749095 -3.0944671e-05 -2.4717671e-22)
(0.014814329 -7.0798097e-05 -2.2460643e-22)
(0.014889448 -9.9613541e-05 1.2066396e-22)
(0.014972552 -0.00011748069 5.4537669e-24)
(0.015061525 -0.00012458186 9.276356e-23)
(0.015153796 -0.00012114184 1.4730236e-21)
(0.015246329 -0.00010762119 -1.4724082e-21)
(0.0153359 -8.4934188e-05 6.2730405e-23)
(0.015419362 -5.4285952e-05 -6.3995395e-24)
(0.015494004 -1.6612103e-05 3.7154973e-23)
(0.01555732 2.606342e-05 -8.942923e-23)
(0.015607477 7.1828085e-05 -6.4553267e-23)
(0.015643063 0.00011933161 6.9229382e-23)
(0.015662833 0.00016711588 0)
(0.01566554 0.00021326161 -2.242923e-24)
(0.015651259 0.00025673101 5.0852337e-23)
(0.015616364 0.00029204685 -1.1442979e-23)
(0.015573352 0.00032972356 -8.6821554e-24)
(0.015471275 0.00031517561 -2.7519327e-23)
(0.015509552 0.0003903419 -1.5290592e-24)
(0.014972049 1.8086155e-05 0)
(0.014707307 0.00050430123 0)
(0.014842771 0.00046845261 4.6220688e-23)
(0.014983514 0.0003303137 0)
(0.015032587 0.00025546744 4.0731326e-23)
(0.015061474 0.00021082511 4.0208999e-23)
(0.015117282 0.00015047374 0)
(0.015188388 8.1385073e-05 0)
(0.015259634 1.85795e-05 -5.5175723e-22)
(0.015332519 -3.5613076e-05 8.3229549e-22)
(0.015412569 -8.2652238e-05 -2.6269981e-22)
(0.015501421 -0.00012164113 2.2329492e-22)
(0.015597681 -0.00015098678 -2.3786983e-22)
(0.015699575 -0.00016978522 6.4146024e-24)
(0.015805548 -0.00017758763 2.9267254e-24)
(0.015913645 -0.00017423919 1.8384913e-21)
(0.016021438 -0.000160041 -1.8373922e-21)
(0.016126353 -0.00013578271 -2.0744327e-24)
(0.01622592 -0.00010266136 -3.6067074e-24)
(0.016317973 -6.2055765e-05 -8.7613823e-23)
(0.016400672 -1.579945e-05 9.3106963e-23)
(0.016472573 3.4797159e-05 -6.280923e-23)
(0.016532699 8.8087324e-05 1.6109101e-22)
(0.016580469 0.00014264511 -1.0169894e-22)
(0.016614656 0.00019636493 0)
(0.016635477 0.00024918845 0)
(0.016638835 0.00029263215 -2.5392679e-24)
(0.016633663 0.00035219021 -4.0478109e-24)
(0.016586199 0.00035504156 0)
(0.016610024 0.00041938326 0)
(0.0162814 0.0002173518 0)
(0.014998387 0.00041824527 0)
(0.015116229 0.00038132126 4.6101415e-23)
(0.015238642 0.00026698991 -7.2669179e-22)
(0.015300616 0.00019077179 6.8637757e-22)
(0.015348408 0.00014189184 -6.9332085e-22)
(0.015417588 8.4165312e-05 1.2810139e-21)
(0.015500698 1.8043748e-05 8.0729189e-24)
(0.015585166 -4.4092569e-05 -6.0062676e-22)
(0.015671461 -9.8427126e-05 0)
(0.0157643 -0.0001455526 -2.5506085e-22)
(0.015865051 -0.00018483588 2.5529777e-22)
(0.015972255 -0.00021473053 -1.0271926e-22)
(0.016084237 -0.00023388506 1.0992042e-22)
(0.01619955 -0.00024161192 0)
(0.016316422 -0.00023773241 2.2176893e-21)
(0.016432684 -0.00022254778 -2.216534e-21)
(0.016546074 -0.0001968244 0)
(0.01665448 -0.00016174178 5.3907677e-23)
(0.016756085 -0.00011870663 -5.6957085e-23)
(0.016849424 -6.9330404e-05 7.629495e-23)
(0.016933379 -1.5138125e-05 -7.6124825e-23)
(0.01700714 4.2231704e-05 0)
(0.017070098 0.00010141908 -7.9959612e-23)
(0.017121619 0.00016060239 1.3455943e-23)
(0.017162154 0.00021966952 1.0885174e-22)
(0.017187904 0.00027308618 -4.4265439e-23)
(0.017205497 0.00032997725 2.899572e-23)
(0.017194374 0.00036429707 -2.5562889e-23)
(0.017211919 0.00043078814 -1.2806004e-24)
(0.017030703 0.00034490401 0)
(0.01516207 0.00033789202 0)
(0.015265203 0.0002947917 -4.7664427e-23)
(0.015371445 0.00019799108 4.4942048e-23)
(0.015439647 0.00012329468 0)
(0.015498991 6.9727026e-05 6.7446356e-22)
(0.015574737 1.2002775e-05 -2.7871694e-23)
(0.015662716 -5.2278284e-05 -6.5163589e-22)
(0.015753471 -0.00011375658 0)
(0.015846842 -0.0001680629 0)
(0.015946556 -0.00021507051 0)
(0.016053639 -0.00025424403 0)
(0.016166748 -0.00028404757 -9.849351e-23)
(0.016284236 -0.00030304498 9.8973816e-24)
(0.016404618 -0.00031045787 1.0337915e-22)
(0.016526168 -0.00030606318 2.6194537e-21)
(0.01664684 -0.00029010776 -2.6176285e-21)
(0.01676453 -0.00026329951 6.3618566e-23)
(0.016877307 -0.00022676556 -9.0809022e-24)
(0.016983543 -0.00018190694 -6.0516215e-23)
(0.017081966 -0.00013031235 0)
(0.017171651 -7.358756e-05 0)
(0.017251969 -1.3297391e-05 0)
(0.017322557 4.9183561e-05 0)
(0.017382905 0.00011248634 -5.8224993e-23)
(0.017433198 0.0001762575 1.5078316e-23)
(0.01747138 0.00023691675 4.3110227e-23)
(0.017500597 0.00030045403 0)
(0.017508685 0.00034664258 -1.3082601e-24)
(0.017524581 0.00042320155 1.3226477e-24)
(0.017436686 0.00041172272 0)
(0.015245868 0.00025332552 1.0055795e-22)
(0.015338396 0.0002049168 0)
(0.015433028 0.00012085739 -6.902792e-22)
(0.015504528 4.9533524e-05 7.4078257e-22)
(0.01557126 -7.1181872e-06 -7.438584e-22)
(0.015650533 -6.5393578e-05 7.4535308e-22)
(0.015740431 -0.00012812227 6.0366829e-22)
(0.015834376 -0.00018862313 -1.2615767e-21)
(0.015931989 -0.00024267831 6.1565657e-22)
(0.016035887 -0.00028956437 -2.729717e-22)
(0.016146839 -0.00032859156 2.7324684e-22)
(0.016263624 -0.00035825121 -3.0493394e-23)
(0.016384601 -0.00037707919 0)
(0.016508201 -0.00038419812 0)
(0.016632669 -0.00037930622 3.034518e-21)
(0.016755996 -0.00036260237 -3.0324632e-21)
(0.016876137 -0.00033476704 0)
(0.016991243 -0.00029691242 -3.6658197e-24)
(0.017099783 -0.00025045641 1.2528362e-23)
(0.017200596 -0.00019699766 7.5452157e-23)
(0.01729289 -0.00013815682 -7.5263883e-23)
(0.017376186 -7.5472593e-05 9.5366742e-23)
(0.017450281 -1.0263214e-05 -1.6781313e-22)
(0.017514917 5.6205427e-05 7.6598915e-23)
(0.017570208 0.00012343871 3.5148655e-23)
(0.017614981 0.000189299 -3.5880936e-23)
(0.017650511 0.00025660553 1.5865405e-23)
(0.017670144 0.00031543196 -1.6227421e-23)
(0.017687739 0.00038369092 0)
(0.017653861 0.00043180237 -1.7511005e-25)
(0.015290608 0.00016804418 -1.0422401e-22)
(0.015374342 0.00011680177 0)
(0.015459618 4.1214942e-05 -8.1545005e-22)
(0.015531523 -2.7193598e-05 2.322717e-23)
(0.015601865 -8.6132794e-05 7.510427e-22)
(0.01568234 -0.00014552477 -4.4727497e-23)
(0.015772354 -0.00020752222 -4.3008288e-23)
(0.015867613 -0.00026742656 0)
(0.015967645 -0.00032151053 3.4068357e-22)
(0.016074168 -0.00036854031 -3.0221246e-22)
(0.016187655 -0.00040757849 0)
(0.016306963 -0.00043713693 1.5791368e-23)
(0.016430438 -0.00045575376 1.1672942e-22)
(0.016556406 -0.00046248956 -1.0309553e-22)
(0.016683032 -0.00045699325 3.4678222e-21)
(0.016808285 -0.00043944763 -3.4653491e-21)
(0.01693013 -0.00041053321 -6.9601436e-23)
(0.017046744 -0.00037136757 6.527427e-23)
(0.017156644 -0.0003233871 -6.3883157e-24)
(0.017258735 -0.00026820733 0)
(0.017352317 -0.0002074694 -5.8823306e-23)
(0.017437025 -0.00014272177 5.2510349e-23)
(0.017512781 -7.528287e-05 0)
(0.017579558 -6.3195685e-06 3.1757856e-24)
(0.017637519 6.3601216e-05 2.6213355e-24)
(0.017686191 0.00013323552 1.6332663e-23)
(0.017725923 0.0002037343 -9.9750684e-24)
(0.017754093 0.00027151701 -6.3797105e-24)
(0.017774129 0.00034117715 0)
(0.017770196 0.00041942095 1.8138013e-25)
(0.015299757 8.0985887e-05 -1.0691874e-22)
(0.015378438 2.8731294e-05 1.7457191e-21)
(0.015457784 -4.1156068e-05 -2.4492189e-21)
(0.015529711 -0.00010749026 2.4535501e-23)
(0.015602261 -0.00016817754 7.4426316e-23)
(0.015683455 -0.0002289005 7.594657e-22)
(0.015773435 -0.00029083045 4.4691709e-23)
(0.015869584 -0.00035054789 0)
(0.015971488 -0.00040485008 -4.0414148e-23)
(0.016080196 -0.00045216805 3.7990086e-23)
(0.016195893 -0.00049131233 0)
(0.016317463 -0.00052078897 1.2461425e-22)
(0.016443246 -0.0005391545 -2.4497831e-22)
(0.01657146 -0.00054544001 5.5698023e-23)
(0.016700173 -0.0005392646 3.9690329e-21)
(0.016827304 -0.00052080494 -3.8768795e-21)
(0.016950803 -0.00049075021 3.1846759e-23)
(0.017068847 -0.00045023323 -1.1714307e-22)
(0.017179968 -0.00040071487 5.5084398e-23)
(0.01728311 -0.00034384087 0)
(0.017377632 -0.00028128903 -7.627069e-24)
(0.017463262 -0.00021463933 6.3701498e-24)
(0.01754003 -0.00014523984 0)
(0.017608111 -7.4205921e-05 -3.296431e-24)
(0.017667779 -2.1829917e-06 2.0651844e-23)
(0.017719062 7.0126534e-05 -1.5107188e-23)
(0.017761954 0.00014294004 -1.0832133e-23)
(0.01779587 0.00021592374 2.8300141e-23)
(0.01781993 0.00028633664 -2.1120549e-23)
(0.017835018 0.00037955217 -3.1843478e-24)
(0.015282202 -6.7248539e-06 1.1114006e-22)
(0.015357083 -5.9754946e-05 -1.0850269e-22)
(0.015432395 -0.00012633906 0)
(0.015504271 -0.00019167025 -7.0854254e-22)
(0.015578473 -0.00025392209 2.7911705e-23)
(0.015660582 -0.00031609437 7.9210531e-22)
(0.015751086 -0.00037847602 0)
(0.015848491 -0.00043841018 6.9162722e-22)
(0.015952497 -0.000493141 -6.5093583e-22)
(0.016063669 -0.00054090578 -3.4430516e-22)
(0.016181921 -0.00058028763 3.0514161e-22)
(0.016306129 -0.00060975238 1.2881875e-22)
(0.016434612 -0.00062787153 -1.2887367e-22)
(0.016565486 -0.00063366571 0)
(0.016696712 -0.00062673894 4.3794313e-21)
(0.016826146 -0.0006072714 -4.3761734e-21)
(0.016951703 -0.0005759719 0)
(0.017071543 -0.00053400134 -5.499501e-23)
(0.0171842 -0.00048285605 5.4882635e-23)
(0.017288633 -0.00042422398 6.9838557e-23)
(0.017384243 -0.00035983268 -6.1700122e-23)
(0.017470826 -0.00029131281 -8.0499272e-23)
(0.017548512 -0.00022006941 7.5051121e-23)
(0.017617644 -0.00014722585 0)
(0.01767865 -7.350509e-05 8.8516966e-24)
(0.017731939 6.6129158e-07 -1.4905669e-23)
(0.0177775 7.5075025e-05 8.5733493e-24)
(0.017815961 0.00015108414 0)
(0.017844529 0.0002227224 -2.8798834e-24)
(0.017871985 0.00032567412 3.3048882e-24)
(0.015249576 -9.5601232e-05 0)
(0.015320846 -0.00014985794 1.7819667e-21)
(0.015392983 -0.00021512535 -1.7930599e-21)
(0.015464571 -0.00028048112 3.4465796e-25)
(0.015539931 -0.00034435951 0)
(0.01562304 -0.00040813203 0)
(0.015714526 -0.00047142932 7.596206e-22)
(0.015813588 -0.00053200406 -7.6157192e-22)
(0.015920018 -0.00058741963 2.9578417e-22)
(0.016034038 -0.00063580123 -3.4024082e-22)
(0.016155318 -0.0006755431 0)
(0.016282676 -0.00070505218 0)
(0.016414384 -0.00072290918 0)
(0.016548452 -0.00072813983 0)
(0.016682731 -0.00072035029 4.8582615e-21)
(0.016814997 -0.00069973699 -4.854011e-21)
(0.016943121 -0.0006670395 0)
(0.017065233 -0.00062345718 0)
(0.017179853 -0.00057053016 0)
(0.017285946 -0.00050999652 0)
(0.017382932 -0.0004436432 -4.8190439e-23)
(0.01747066 -0.00037316827 5.3395112e-23)
(0.017549338 -0.00030005683 -3.7081383e-23)
(0.017619446 -0.00022549183 3.6915075e-23)
(0.017681579 -0.00015029108 0)
(0.017736448 -7.4798621e-05 0)
(0.017784211 5.6065124e-07 2.0103225e-24)
(0.017826271 7.8006296e-05 8.7708757e-23)
(0.017859099 0.00014975286 -8.714104e-23)
(0.017895495 0.00025769378 0)
(0.015210713 -0.0001870822 -2.0220223e-21)
(0.015278708 -0.00024303798 1.9144027e-21)
(0.015348341 -0.00030843746 0)
(0.01541955 -0.00037469055 -8.8787679e-22)
(0.015495754 -0.00044043023 8.9357619e-22)
(0.015579923 -0.00050604873 0)
(0.01567272 -0.0005707122 5.0971059e-23)
(0.015773761 -0.00063236267 0)
(0.015882897 -0.00068875199 -4.5765871e-23)
(0.016000094 -0.00073793067 4.2766818e-23)
(0.016124804 -0.00077814596 0)
(0.016255752 -0.00080774353 0)
(0.016391133 -0.0008253091 0)
(0.016528847 -0.00082988492 0)
(0.016666627 -0.00082109557 5.3402004e-21)
(0.016802165 -0.00079916694 -5.3355124e-21)
(0.016933275 -0.00076487962 0)
(0.017058054 -0.00071947998 0)
(0.017174998 -0.00066455844 0)
(0.017283065 -0.00060190857 0)
(0.017381682 -0.00053338301 0)
(0.017470724 -0.00046075868 0)
(0.017550455 -0.00038561827 0)
(0.017621456 -0.00030924467 0)
(0.017684471 -0.00023258084 0)
(0.017740465 -0.00015600803 -3.9946921e-23)
(0.017789825 -8.0127515e-05 4.2046042e-23)
(0.017834533 -2.3071016e-06 0)
(0.017870901 6.8700117e-05 -1.4325874e-22)
(0.017913897 0.00017832717 1.317127e-22)
(0.015170471 -0.00028262929 1.7659194e-13)
(0.015235818 -0.0003406897 0)
(0.015303601 -0.00040729967 -1.2155888e-22)
(0.015374554 -0.00047524665 -9.3181158e-22)
(0.015451552 -0.00054324239 3.3440422e-23)
(0.015536957 -0.00061106602 9.0848956e-22)
(0.015631426 -0.00067755184 -5.3308598e-23)
(0.015734814 -0.00074070394 7.8795326e-22)
(0.015846981 -0.00079836221 -7.4200733e-22)
(0.015967697 -0.00084851576 -4.4749543e-23)
(0.016096219 -0.00088929989 0)
(0.016231153 -0.00091900581 1.8676135e-23)
(0.016370593 -0.00093622338 0)
(0.016512321 -0.00094002124 5.5705515e-23)
(0.016653955 -0.00093005838 5.7693878e-21)
(0.0167931 -0.00090660473 -5.8599264e-21)
(0.016927512 -0.00087049297 4.0191838e-23)
(0.017055248 -0.00082302425 0)
(0.017174783 -0.00076584374 -5.3774395e-24)
(0.017285057 -0.00070080225 0)
(0.017385491 -0.00062981862 0)
(0.017475963 -0.00055475218 -3.3899349e-23)
(0.017556762 -0.00047729226 3.3746047e-23)
(0.017628531 -0.0003988484 0)
(0.017692124 -0.00032052011 -4.4774828e-23)
(0.017748705 -0.00024281598 -1.7869685e-23)
(0.017798891 -0.00016653145 6.4728019e-23)
(0.017845138 -8.8927991e-05 -1.174518e-23)
(0.01788384 -1.9276559e-05 0)
(0.017931553 8.9555423e-05 1.9292572e-14)
(0.015130199 -0.00038376017 -1.84781e-13)
(0.015193658 -0.00044437448 -2.0546122e-21)
(0.015260221 -0.00051307821 2.1971585e-21)
(0.015331232 -0.00058347707 -1.1055535e-21)
(0.015409257 -0.00065422464 8.6568033e-22)
(0.015496269 -0.00072467689 0)
(0.015592897 -0.00079342755 0)
(0.015699111 -0.00085847459 5.3239859e-23)
(0.015814748 -0.00091767573 -3.3655325e-22)
(0.015939411 -0.00096895854 2.941775e-23)
(0.01607218 -0.0010103714 6.8588557e-22)
(0.016211521 -0.0010401626 -3.4725274e-22)
(0.01635541 -0.0010569307 0)
(0.016501506 -0.001059782 0)
(0.016647315 -0.0010484267 6.3033654e-21)
(0.016790357 -0.0010231947 -6.2969553e-21)
(0.016928331 -0.0009849826 0)
(0.017059264 -0.00093515297 0)
(0.017181606 -0.00087540751 -6.6790471e-23)
(0.017294281 -0.00080765118 1.2316055e-22)
(0.01739669 -0.00073386274 -2.1902116e-23)
(0.017488697 -0.00065597757 -2.6526449e-23)
(0.01757058 -0.00057578908 1.1712374e-24)
(0.017642999 -0.00049484391 3.0842814e-24)
(0.017706863 -0.0004144197 0)
(0.017763466 -0.00033521631 -1.016594e-22)
(0.017813612 -0.00025826444 7.8446248e-23)
(0.017860146 -0.00018094716 -2.1975253e-22)
(0.017899606 -0.00011280591 2.3026001e-22)
(0.017950034 -6.4403821e-06 -2.0154018e-14)
(0.015088821 -0.00049225566 1.3909827e-22)
(0.015151187 -0.00055597614 -1.3783566e-22)
(0.01521717 -0.00062754482 -1.3523174e-22)
(0.015288749 -0.00070110737 -1.0355105e-21)
(0.015368295 -0.00077514777 1.6646885e-22)
(0.015457491 -0.0008486826 1.0691655e-21)
(0.01555692 -0.00092012258 -5.9057182e-23)
(0.015666591 -0.00098742172 8.6648959e-22)
(0.015786292 -0.0010484064 -4.6436622e-22)
(0.015915472 -0.0011009359 -4.5423822e-22)
(0.016053035 -0.0011429888 0)
(0.016197298 -0.0011727847 -2.0016053e-23)
(0.016346098 -0.0011889418 -1.1655945e-22)
(0.016496967 -0.001190619 1.3429617e-22)
(0.016647304 -0.0011775966 6.7559966e-21)
(0.016794551 -0.0011502822 -6.747718e-21)
(0.01693636 -0.0011096489 5.8539526e-23)
(0.017070735 -0.0010571273 -6.9073339e-23)
(0.017196111 -0.00099447502 0)
(0.017311399 -0.00092364347 -3.5028532e-24)
(0.017415979 -0.00084665759 -1.1440686e-23)
(0.017509679 -0.0007655115 2.9008533e-23)
(0.01759274 -0.00068208535 -1.5488056e-23)
(0.017665786 -0.00059805342 -8.3890039e-24)
(0.017729714 -0.00051487362 -9.7109225e-23)
(0.017785866 -0.00043347364 -7.6846316e-24)
(0.017835157 -0.00035515576 1.2255198e-22)
(0.017880702 -0.00027760818 0)
(0.0179192 -0.0002104798 0)
(0.017970008 -0.00010729495 1.8407636e-23)
(0.015044082 -0.00061030181 2.1859629e-21)
(0.015106172 -0.00067779536 2.3231471e-22)
(0.015172287 -0.0007529651 -2.3164455e-21)
(0.015245132 -0.00083038513 -1.0965419e-21)
(0.015326926 -0.00090829897 -9.3372073e-23)
(0.01541909 -0.0009854002 2.0177301e-21)
(0.015522138 -0.0010599382 -8.9702793e-22)
(0.015636082 -0.001129801 7.9326913e-22)
(0.015760632 -0.0011927532 -9.6907577e-22)
(0.015895082 -0.0012465803 5.1198292e-23)
(0.016038154 -0.0012892059 0)
(0.016187994 -0.0013188393 -1.3631239e-22)
(0.01634229 -0.001334136 1.2872516e-24)
(0.01649844 -0.0013343272 1.3758203e-22)
(0.01665374 -0.001319286 7.1667902e-21)
(0.016805565 -0.0012895179 -7.1604754e-21)
(0.016951535 -0.0012460871 6.43323e-23)
(0.017089646 -0.0011904988 -1.6300197e-23)
(0.017218338 -0.0011245643 -4.2399183e-23)
(0.017336516 -0.0010502703 0)
(0.017443544 -0.00096966743 -2.2694732e-24)
(0.017539211 -0.00088478014 4.8096218e-23)
(0.017623691 -0.00079754177 -5.3340619e-23)
(0.01769753 -0.00070972144 1.3173927e-22)
(0.017761544 -0.00062293051 -2.696861e-22)
(0.017817021 -0.00053832519 -2.1665908e-23)
(0.017864886 -0.00045748674 1.6405488e-22)
(0.017908354 -0.00037855215 3.5984312e-22)
(0.017944306 -0.00031114311 4.6333472e-23)
(0.017992965 -0.00021068762 -3.9816306e-22)
(0.014993457 -0.0007406077 1.5620976e-22)
(0.015056141 -0.0008126111 -1.5397419e-22)
(0.015123234 -0.000892111 1.5120897e-22)
(0.01519824 -0.0009740598 -1.4912833e-22)
(0.01528324 -0.0010564358 -9.0957472e-22)
(0.015379384 -0.0011376016 2.2079384e-21)
(0.015487095 -0.0012156378 -2.1698869e-21)
(0.015606355 -0.0012883441 1.0261123e-21)
(0.015736775 -0.0013534001 0)
(0.01587747 -0.0014085125 -5.3106596e-23)
(0.016026963 -0.0014515626 3.9078576e-22)
(0.01618321 -0.0014807705 -2.0513577e-22)
(0.016343734 -0.0014948539 -1.8088171e-22)
(0.016505796 -0.0014931446 5.1323596e-23)
(0.016666593 -0.0014756368 7.4447957e-21)
(0.016823449 -0.0014429596 -7.5329518e-21)
(0.016973973 -0.0013962865 4.1534236e-23)
(0.017116176 -0.0013372063 -2.5334825e-23)
(0.017248525 -0.0012675819 -2.0472652e-24)
(0.017369947 -0.0011894221 3.7722984e-23)
(0.017479805 -0.0011047784 -2.331243e-24)
(0.017577853 -0.0010156691 0)
(0.017664192 -0.00092403371 -1.3524142e-22)
(0.017739254 -0.00083168087 2.9092608e-22)
(0.017803718 -0.00074031452 -3.6194536e-22)
(0.017858712 -0.00065127138 2.0877974e-22)
(0.017905048 -0.00056636394 -3.1558015e-23)
(0.017945821 -0.00048425343 2.7329563e-23)
(0.017978091 -0.00041441255 -2.8632392e-23)
(0.018022195 -0.0003147956 0)
(0.014934514 -0.00088680955 0)
(0.01499881 -0.00096427458 -2.6089248e-21)
(0.015067951 -0.0010490418 2.4708157e-21)
(0.015146254 -0.0011363589 -1.0852328e-21)
(0.015235664 -0.0012238884 -1.0037101e-22)
(0.015337051 -0.0013096382 2.348004e-21)
(0.01545073 -0.0013915076 -6.7410934e-23)
(0.015576624 -0.0014672024 -1.9674699e-21)
(0.015714206 -0.0015343188 9.5500809e-22)
(0.015862382 -0.0015904996 -3.6874267e-22)
(0.016019442 -0.0016336089 3.7562801e-22)
(0.016183129 -0.00166191 1.8839794e-22)
(0.016350778 -0.0016742179 -1.4694505e-22)
(0.016519513 -0.0016700014 8.3532447e-24)
(0.01668644 -0.0016494112 7.7142484e-21)
(0.016848851 -0.0016132299 -7.705115e-21)
(0.017004374 -0.0015627622 -4.0267931e-24)
(0.017151068 -0.0014996906 -3.4103169e-23)
(0.017287462 -0.0014259285 2.7008201e-23)
(0.01741254 -0.0013434915 -1.4848249e-23)
(0.017525691 -0.0012544025 1.7287914e-23)
(0.017626658 -0.0011606311 -1.5377257e-22)
(0.017715476 -0.0010640672 3.5553835e-22)
(0.017792459 -0.00096649118 3.9702055e-23)
(0.017858114 -0.00086961487 -4.8711339e-22)
(0.017913338 -0.00077486095 -6.075143e-23)
(0.01795872 -0.00068415467 3.1507303e-22)
(0.017996985 -0.00059662942 -6.7129328e-22)
(0.01802534 -0.00052149553 6.2266378e-22)
(0.018063119 -0.00041908706 0)
(0.014864624 -0.0010533146 0)
(0.014931761 -0.0011369853 -2.8022261e-21)
(0.015004332 -0.0012277427 3.0047896e-21)
(0.015087442 -0.0013210563 0)
(0.015182885 -0.0014143228 -1.2800543e-21)
(0.015291221 -0.0015051723 2.5052212e-21)
(0.015412607 -0.0015912705 -1.2247515e-21)
(0.015546854 -0.001670177 -3.4569405e-25)
(0.015693254 -0.0017393704 6.4569319e-23)
(0.015850456 -0.0017964185 0)
(0.016016484 -0.0018391834 7.5986127e-25)
(0.016188838 -0.0018660059 -2.3318131e-23)
(0.016364657 -0.0018758468 0)
(0.016540923 -0.0018683667 0)
(0.01671467 -0.0018439263 7.7317467e-21)
(0.016883186 -0.0018035083 -7.7213861e-21)
(0.017044153 -0.0017485831 2.8069327e-24)
(0.017195723 -0.0016809494 0)
(0.017336531 -0.0016025778 1.6713062e-24)
(0.01746566 -0.0015154796 -1.8374703e-24)
(0.01758257 -0.0014216176 0)
(0.017687021 -0.0013228609 9.7649291e-24)
(0.017779011 -0.0012209827 4.0838146e-24)
(0.017858751 -0.001117659 3.0645791e-22)
(0.017926598 -0.0010145246 -6.4517397e-22)
(0.017983223 -0.00091298763 3.3373453e-22)
(0.018028994 -0.00081494202 0)
(0.018066118 -0.00071981213 -7.591431e-22)
(0.018092006 -0.00063642023 7.9598742e-22)
(0.018123427 -0.00052623376 0)
(0.014780767 -0.0012480746 -1.9739446e-22)
(0.014852537 -0.0013399838 0)
(0.014930442 -0.0014386585 -1.9002091e-22)
(0.015020289 -0.0015394677 -1.4308931e-21)
(0.015123745 -0.0016393737 1.5286313e-21)
(0.015241103 -0.0017356644 0)
(0.015372344 -0.001825839 1.2188311e-21)
(0.015517108 -0.0019073886 -1.2989231e-21)
(0.015674427 -0.0019777606 6.6903582e-23)
(0.015842626 -0.0020345367 -4.2931591e-22)
(0.016019402 -0.0020756616 4.8810169e-22)
(0.016201967 -0.0020996303 0)
(0.016387237 -0.0021056179 0)
(0.016572047 -0.0020935364 -7.4214227e-24)
(0.01675338 -0.0020640045 7.423847e-21)
(0.016928551 -0.0020182398 -7.4152442e-21)
(0.017095339 -0.0019579018 -1.0374957e-24)
(0.017252036 -0.0018849212 0)
(0.017397444 -0.001801337 0)
(0.017530816 -0.0017091592 -7.8044834e-23)
(0.017651761 -0.0016102726 8.791121e-23)
(0.017760139 -0.0015063967 0)
(0.017855974 -0.001399104 3.3883968e-22)
(0.017939424 -0.00128986 -3.5425939e-22)
(0.018010745 -0.0011801119 0)
(0.018070456 -0.0010711664 -4.491928e-22)
(0.018118855 -0.00096480079 4.7060166e-22)
(0.018157736 -0.00086061675 -6.9673615e-23)
(0.018185186 -0.0007668845 0)
(0.018213423 -0.00064484673 0)
(0.014678277 -0.001476438 4.2563943e-22)
(0.014756964 -0.001575753 -3.2898422e-21)
(0.014843082 -0.0016817585 3.5329523e-21)
(0.014942892 -0.0017898906 -1.5460213e-21)
(0.015057718 -0.0018967851 3.0321493e-21)
(0.015187421 -0.0019991789 -1.8409991e-22)
(0.015331704 -0.0020941665 -1.3153751e-21)
(0.015489959 -0.0021789641 0)
(0.015660895 -0.0022508371 -5.3753605e-22)
(0.015842462 -0.0023072953 4.7477711e-22)
(0.016031995 -0.0023463446 0)
(0.016226397 -0.0023666751 1.4783357e-22)
(0.016422354 -0.0023677633 -1.7038306e-22)
(0.016616573 -0.0023498817 5.9339914e-23)
(0.016806019 -0.0023140121 6.5768003e-21)
(0.016988088 -0.0022616897 -6.6385794e-21)
(0.017160713 -0.0021948222 1.7436118e-23)
(0.017322391 -0.0021155144 1.7328189e-23)
(0.017472167 -0.0020259109 -2.265397e-23)
(0.017609575 -0.0019280643 0)
(0.017734537 -0.0018238342 -1.8971756e-22)
(0.017847221 -0.0017148332 1.9631014e-22)
(0.017947903 -0.0016024302 0)
(0.018036861 -0.0014877954 5.6486076e-22)
(0.018114297 -0.0013720078 1.1915601e-23)
(0.018180511 -0.0012560581 -1.1799705e-21)
(0.018235656 -0.0011414551 6.4724082e-22)
(0.018281104 -0.0010280411 -1.2439955e-21)
(0.018316196 -0.00092345329 1.3023567e-21)
(0.018347312 -0.00078899684 9.2563452e-23)
(0.014551961 -0.0017664577 -1.1136763e-22)
(0.014641348 -0.0018808596 0)
(0.014738871 -0.0020005032 0)
(0.014851531 -0.0021192502 1.0827021e-22)
(0.014980939 -0.0022338193 -1.5819169e-21)
(0.015126675 -0.0023411027 2.0986854e-22)
(0.015288 -0.002438153 1.4012774e-21)
(0.015463805 -0.0025222376 0)
(0.015652243 -0.0025908497 -7.4841062e-23)
(0.015850706 -0.0026418425 5.4282981e-22)
(0.016056016 -0.0026736227 -4.8037203e-22)
(0.016264659 -0.0026853256 1.6587351e-22)
(0.016473046 -0.0026769161 -1.6338672e-22)
(0.016677791 -0.0026491576 -4.3552491e-23)
(0.016875954 -0.0026034675 5.050083e-21)
(0.017065173 -0.0025417276 -4.9917021e-21)
(0.017243718 -0.0024660985 -8.1723869e-24)
(0.017410472 -0.0023788381 4.5762883e-23)
(0.017564865 -0.0022821496 -4.9409838e-23)
(0.01770683 -0.0021780627 1.9557916e-22)
(0.017836722 -0.0020683689 -1.6649023e-22)
(0.017955203 -0.0019546119 -2.8980376e-23)
(0.018063054 -0.0018380724 -4.1530236e-23)
(0.018161023 -0.0017197559 -7.265525e-22)
(0.018249561 -0.0016003533 -1.863529e-23)
(0.018328716 -0.0014801238 7.3282785e-22)
(0.018397683 -0.0013596442 8.991838e-24)
(0.018456364 -0.0012384827 0)
(0.018503917 -0.001123882 5.8517815e-23)
(0.018543805 -0.00097726592 -3.9290591e-23)
(0.014393019 -0.002102452 -2.5824842e-22)
(0.014499366 -0.0022203549 -4.0925772e-21)
(0.014618396 -0.0023452941 4.0231191e-21)
(0.014754731 -0.0024716354 2.8224987e-25)
(0.014907319 -0.0025934601 -1.0946973e-22)
(0.015075876 -0.0027066758 1.5804611e-21)
(0.015259935 -0.0028081966 -1.6848618e-21)
(0.015457967 -0.0028950194 8.1887988e-23)
(0.015667497 -0.0029642043 0)
(0.015885403 -0.0030132619 -5.063792e-22)
(0.016108134 -0.003040532 9.0924495e-23)
(0.016331909 -0.0030454175 4.0814438e-22)
(0.01655304 -0.0030284261 1.0335409e-22)
(0.016768298 -0.0029910057 -1.0168486e-22)
(0.016975123 -0.0029352549 2.0591738e-21)
(0.017171669 -0.0028636725 -2.0556955e-21)
(0.017356793 -0.0027789618 5.5627541e-23)
(0.017529946 -0.0026838335 -5.3525795e-23)
(0.01769112 -0.0025808568 -2.2220943e-22)
(0.017840677 -0.0024721855 -5.5418902e-23)
(0.017979204 -0.0023593244 2.6737164e-22)
(0.018107241 -0.002243271 0)
(0.018225113 -0.0021248663 9.9787505e-23)
(0.018333815 -0.0020050259 8.3656345e-22)
(0.018434467 -0.0018845689 -8.8534604e-22)
(0.018527786 -0.0017631247 -6.6137306e-23)
(0.018612478 -0.0016398104 1.0294643e-23)
(0.018687416 -0.0015127537 -2.1734554e-21)
(0.01874747 -0.0013902205 2.004573e-21)
(0.018804411 -0.0012246716 -1.4023604e-22)
(0.01418882 -0.0026264465 1.4064045e-22)
(0.014318755 -0.0027780021 1.3685755e-22)
(0.014458215 -0.0029281167 0)
(0.014615581 -0.0030684192 -1.2574089e-22)
(0.014795697 -0.0031981037 -1.6621792e-21)
(0.01499596 -0.0033125775 3.4170648e-21)
(0.015212496 -0.0034072232 -1.4404455e-21)
(0.015442287 -0.0034792186 -1.3439638e-21)
(0.015682397 -0.003527162 1.2305331e-21)
(0.015929238 -0.0035506696 -4.2691016e-22)
(0.016178581 -0.0035502887 4.0892762e-22)
(0.016426029 -0.0035273228 0)
(0.016667677 -0.0034837278 0)
(0.016900562 -0.0034218803 -1.9520268e-24)
(0.017122627 -0.0033443037 -3.2639598e-21)
(0.017332477 -0.0032535228 3.2607058e-21)
(0.017529161 -0.0031519655 -2.0696769e-24)
(0.017712043 -0.0030421975 0)
(0.017881934 -0.0029271421 0)
(0.018039471 -0.0028096778 -4.3436723e-22)
(0.01818588 -0.0026912588 4.0353624e-22)
(0.018321005 -0.0025715056 -1.0418303e-21)
(0.01844386 -0.0024502722 9.3808581e-22)
(0.018554926 -0.0023280897 1.2968146e-21)
(0.018653538 -0.0022055343 -2.3524608e-21)
(0.018736427 -0.0020829617 1.2665184e-21)
(0.018807002 -0.0019600261 -1.6304726e-22)
(0.018871728 -0.0018349472 0)
(0.018920343 -0.001718283 8.0531454e-23)
(0.019003785 -0.001552079 8.2551363e-23)
(0.013940946 -0.0031588049 0)
(0.014124444 -0.0032952053 4.8820759e-21)
(0.014329424 -0.0034376478 -2.6705505e-21)
(0.014551956 -0.0035712847 -2.0721125e-22)
(0.014787678 -0.0036892177 -4.1632609e-21)
(0.015037135 -0.0037901925 1.9367224e-21)
(0.015300047 -0.0038731134 -1.4241316e-22)
(0.015573836 -0.0039382516 1.2281304e-21)
(0.015854233 -0.0039836286 -1.2013646e-21)
(0.016135871 -0.0040062897 3.6122982e-22)
(0.016413159 -0.0040031407 -3.4789261e-22)
(0.016681582 -0.0039740765 0)
(0.016938663 -0.0039228942 0)
(0.017182983 -0.0038533714 2.629414e-23)
(0.017413538 -0.0037685084 -1.1497009e-20)
(0.01762926 -0.0036707205 1.1385954e-20)
(0.017828399 -0.0035613402 7.451244e-23)
(0.018009958 -0.0034420853 0)
(0.018173901 -0.003314437 0)
(0.018316226 -0.003181932 5.5495436e-22)
(0.018435888 -0.0030494562 -5.6475991e-22)
(0.018536673 -0.0029188935 1.3648427e-21)
(0.018626506 -0.0027949069 -1.3134556e-21)
(0.018704426 -0.0026806261 -1.3737635e-22)
(0.01878607 -0.0025734508 -1.5974198e-21)
(0.018837179 -0.0024713815 3.1260765e-21)
(0.018848342 -0.0023713882 1.6925897e-22)
(0.0187996 -0.0022701139 1.8061408e-21)
(0.018646951 -0.0021626677 -3.4486407e-21)
(0.018460922 -0.0019987774 0)
(0.013581186 -0.004414577 0)
(0.013817257 -0.004611847 0)
(0.014071223 -0.0047971527 0)
(0.014349862 -0.0049614585 -6.2941567e-23)
(0.014653572 -0.0051013357 1.2034825e-22)
(0.014977582 -0.0052116558 -1.2225372e-21)
(0.01531459 -0.0052905722 1.2809387e-21)
(0.015659502 -0.005334025 2.1989219e-23)
(0.016008546 -0.0053289912 0)
(0.016354879 -0.0052719621 0)
(0.016688708 -0.0051736273 1.6526878e-22)
(0.016996843 -0.0050538158 -1.6352328e-22)
(0.017275203 -0.0049176646 0)
(0.017524254 -0.0047693675 0)
(0.017744685 -0.0046123929 -3.4296959e-20)
(0.017936764 -0.0044517544 3.430783e-20)
(0.018104245 -0.0042901413 -1.18766e-23)
(0.018258543 -0.0041334405 0)
(0.018385843 -0.0039805733 -9.0856002e-22)
(0.018510929 -0.0038248721 9.4952785e-22)
(0.018573264 -0.0036656682 0)
(0.018587898 -0.0035104884 0)
(0.018550227 -0.0033672843 6.5463519e-23)
(0.018395858 -0.0032299352 -2.1162045e-21)
(0.018108034 -0.0030755829 2.1577624e-21)
(0.017668233 -0.0028988137 1.2590268e-22)
(0.017064577 -0.0026905592 -6.8521026e-23)
(0.016294327 -0.0024434571 0)
(0.015340308 -0.0021712706 0)
(0.014441288 -0.0018367528 0)
(0.013293654 -0.0055140751 0)
(0.013733189 -0.005640551 -5.426812e-21)
(0.014180995 -0.005747409 5.5656721e-21)
(0.014622806 -0.0058107011 2.1129336e-21)
(0.015061103 -0.005833713 -2.0606444e-21)
(0.015496151 -0.0058202095 0)
(0.015921231 -0.0057696229 8.6870986e-22)
(0.016326872 -0.005680882 -8.9092383e-22)
(0.016705616 -0.0055555815 0)
(0.017047049 -0.0054021909 0)
(0.017351669 -0.0052297651 -4.621005e-24)
(0.017621001 -0.005044146 9.2639794e-24)
(0.017821355 -0.0048585931 0)
(0.017974475 -0.0046772905 0)
(0.01807947 -0.0045047013 -4.5725541e-20)
(0.01813281 -0.0043358005 4.5870154e-20)
(0.018125782 -0.0041938917 1.3211711e-23)
(0.018011553 -0.0040380619 0)
(0.017781503 -0.0038623013 -3.1448226e-23)
(0.017414009 -0.0036590171 3.3811607e-23)
(0.016887642 -0.0034262021 0)
(0.016185357 -0.0031702717 0)
(0.015269472 -0.0028594875 2.3788218e-21)
(0.014129238 -0.0024811504 -2.3753395e-21)
(0.012863095 -0.0020730776 0)
(0.011520545 -0.0016884437 2.5756321e-21)
(0.010148864 -0.0013475456 -2.5060048e-21)
(0.0087957264 -0.0010601214 -5.5898897e-21)
(0.0075005028 -0.00082599667 5.7009214e-21)
(0.0063697691 -0.00057298844 0)
(0.012194555 -0.0093576064 -2.8986569e-23)
(0.012699106 -0.0094920614 -7.8197419e-23)
(0.013205915 -0.0095766708 3.8949746e-23)
(0.013686851 -0.0095919211 1.3826716e-21)
(0.014124222 -0.0095309975 -1.3783211e-21)
(0.014507541 -0.0093908833 -2.7097097e-21)
(0.014824921 -0.0091732652 2.8541713e-21)
(0.015061966 -0.0088827659 -4.9030943e-23)
(0.01520353 -0.0085269572 0)
(0.01523469 -0.0081170299 0)
(0.015141978 -0.0076676826 0)
(0.014914945 -0.0071950565 0)
(0.014545453 -0.0067172508 1.3700157e-21)
(0.014030958 -0.0062541922 -1.3884116e-21)
(0.013372487 -0.0058177024 -1.6292357e-19)
(0.01257563 -0.0053931459 1.6770728e-19)
(0.011647031 -0.0049153804 -1.2981642e-21)
(0.010587637 -0.0043588619 1.3141745e-21)
(0.0094522744 -0.0037496478 0)
(0.0082230689 -0.0030876585 0)
(0.0069156023 -0.0023855417 0)
(0.0055674755 -0.0015770159 -8.9739672e-23)
(0.0042471287 -0.00081972028 0)
(0.0030776091 -0.00032274264 5.2474508e-21)
(0.0021054638 -9.0584912e-05 -5.4741001e-21)
(0.0013284089 -3.0378268e-05 -5.0447522e-21)
(0.00072319197 -9.4551505e-05 4.8402194e-21)
(0.00026912511 -0.00024968992 9.2091995e-21)
(-5.6689117e-05 -0.00043585202 -9.1470014e-21)
(-0.00030900993 -0.00061133014 -1.3272073e-22)
(0.0093074717 -0.00038258828 -1.0148284e-23)
(0.011507901 -0.00018154845 2.9335967e-23)
(0.013047627 5.4370039e-06 -1.9396092e-23)
(0.013964486 0.00015248354 0)
(0.014508285 0.00024744167 0)
(0.01484356 0.00029139129 0)
(0.015044463 0.00029899345 0)
(0.015155141 0.0002744422 0)
(0.0152095 0.00022539289 -8.9640548e-23)
(0.015237289 0.0001601734 9.297526e-23)
(0.015234851 8.5691936e-05 9.6195078e-23)
(0.015212049 6.3039287e-06 -1.7211127e-21)
(0.015178899 -7.6676426e-05 0)
(0.015141852 -0.00016356246 1.0915415e-22)
(0.015103877 -0.00025515093 1.6029999e-13)
(0.015065185 -0.00035245498 -1.6807651e-13)
(0.01502421 -0.00045687239 -1.2686144e-22)
(0.014978637 -0.00057036883 0)
(0.014926059 -0.00069559139 0)
(0.014864078 -0.00083605392 0)
(0.014790007 -0.00099639639 0)
(0.014700276 -0.0011834695 0)
(0.014590269 -0.0014056086 -2.0327586e-22)
(0.014452235 -0.0016819295 1.0544267e-22)
(0.014279534 -0.0020193672 2.4854723e-22)
(0.014049294 -0.0025088758 -1.3704934e-22)
(0.01376648 -0.0030746441 0)
(0.013343547 -0.0042561329 0)
(0.012883985 -0.0054562291 0)
(0.011661358 -0.0091832029 4.7199735e-23)
(0.014083284 3.8036139e-05 0)
(0.014662482 0.00017421203 0)
(0.015027132 0.00027583506 0)
(0.015148353 0.00033739664 4.1335507e-23)
(0.015188994 0.00035490157 -4.2625597e-23)
(0.015210351 0.00033916722 0)
(0.015217944 0.00029620204 -4.3846058e-23)
(0.01521299 0.00023548975 4.5395396e-23)
(0.015199043 0.00016437153 0)
(0.015172576 8.8550904e-05 0)
(0.015136518 1.189962e-05 -1.7123995e-21)
(0.015100759 -6.5917981e-05 1.7444782e-21)
(0.015067217 -0.00014625521 -1.7500095e-21)
(0.015035359 -0.00023030772 0)
(0.01500336 -0.00031898654 0)
(0.014968733 -0.00041338652 2.0326649e-21)
(0.01492904 -0.00051509189 0)
(0.01488223 -0.00062621649 -2.4376285e-21)
(0.014826478 -0.00074943006 1.5042778e-22)
(0.014759723 -0.00088816685 2.6508472e-21)
(0.014679164 -0.0010470209 2.8781605e-21)
(0.01458084 -0.0012326026 0)
(0.014459213 -0.0014538619 3.4800558e-21)
(0.014306001 -0.0017275993 3.7617084e-21)
(0.014111682 -0.0020673913 4.6549328e-21)
(0.01385195 -0.0025466249 -1.4864091e-22)
(0.013524077 -0.00312752 -5.8317386e-21)
(0.013024559 -0.0042745414 0)
(0.012418726 -0.0054983869 7.9598655e-21)
(0.011016858 -0.0090488173 -5.1858549e-21)
(0.014835891 0.00043623908 6.633732e-22)
(0.014945856 0.00050057822 1.075532e-23)
(0.015064956 0.00048710604 6.3912357e-22)
(0.015064423 0.00044279976 2.0932104e-23)
(0.015058841 0.00037808751 6.9237635e-22)
(0.015059448 0.00030656531 0)
(0.015060086 0.00023454609 7.7215823e-22)
(0.015054222 0.00016429358 -4.6472432e-23)
(0.015041398 9.5912303e-05 7.2532967e-22)
(0.015024365 2.7821127e-05 8.5051249e-22)
(0.015005889 -4.1544131e-05 2.4633948e-21)
(0.014986542 -0.00011364348 0)
(0.014965113 -0.00018916361 1.7715119e-21)
(0.01494015 -0.00026858682 0)
(0.014910397 -0.00035275493 1.2388538e-22)
(0.01487473 -0.0004429859 -2.191162e-21)
(0.01483209 -0.00054095924 0)
(0.014781286 -0.00064867348 2.480013e-21)
(0.01472069 -0.00076860277 -1.5750506e-22)
(0.014647955 -0.00090402165 -2.5245253e-21)
(0.014559787 -0.0010594575 -3.1171851e-21)
(0.014451611 -0.0012413703 2.0789133e-22)
(0.014317247 -0.0014590351 -3.7802684e-21)
(0.014147179 -0.001727616 -3.9765676e-21)
(0.013930455 -0.0020656764 -4.5031273e-21)
(0.013638408 -0.0025309884 0)
(0.013265386 -0.0031231422 6.0229054e-21)
(0.012683716 -0.0042215034 0)
(0.011943259 -0.005479638 -8.4000394e-21)
(0.010323699 -0.0088533773 5.6594052e-21)
(0.014918234 0.00040428437 -6.6746342e-22)
(0.014950066 0.00039396362 -6.7585494e-22)
(0.014977284 0.00034714677 -6.8558522e-22)
(0.014981396 0.00029228183 4.2962666e-23)
(0.014979001 0.00024103036 3.1522214e-23)
(0.014978286 0.00019211075 -9.0321798e-23)
(0.014975081 0.00014179781 -6.8762189e-22)
(0.014966152 8.8259547e-05 0)
(0.014952846 3.1133558e-05 -7.8095179e-22)
(0.014937308 -2.9345175e-05 1.6635551e-23)
(0.014920083 -9.2932249e-05 1.8120487e-23)
(0.014900495 -0.00015976473 7.856023e-22)
(0.014877439 -0.00023022018 -3.3990228e-25)
(0.014849984 -0.00030497062 9.8556355e-22)
(0.014817365 -0.00038500153 1.0393752e-21)
(0.014778708 -0.0004715181 1.2374943e-21)
(0.014732842 -0.00056593424 1.1733965e-21)
(0.014678189 -0.00067001953 0)
(0.014612657 -0.00078613632 1.6805119e-22)
(0.014533472 -0.00091752158 1.2888446e-21)
(0.014436948 -0.0010686601 0)
(0.014318056 -0.0012459056 1.7697658e-21)
(0.014169866 -0.0014584486 1.8494138e-21)
(0.013981887 -0.0017207271 -6.0543263e-24)
(0.013740684 -0.0020530604 -8.035534e-24)
(0.013415641 -0.0025042508 3.6042077e-22)
(0.012991914 -0.0030971641 -3.6894231e-21)
(0.012330351 -0.0041427859 -3.9346159e-21)
(0.011449344 -0.0054179347 -5.3593919e-21)
(0.0095991486 -0.0085832472 4.7175534e-21)
(0.014853081 0.00032520644 0)
(0.014861235 0.00030317489 1.3426397e-21)
(0.014869575 0.00026736928 2.1264978e-23)
(0.014871923 0.00022798024 6.8140032e-22)
(0.014870701 0.00018755673 7.6151326e-24)
(0.014868853 0.00014344389 -4.5914749e-23)
(0.014865479 9.4329267e-05 8.1264429e-22)
(0.014859269 4.1250623e-05 -7.90713e-22)
(0.014850284 -1.4398711e-05 8.7009041e-22)
(0.014838738 -7.2057877e-05 -8.346279e-22)
(0.014824163 -0.00013197101 -3.6459788e-23)
(0.014805756 -0.00019479102 2.0268452e-23)
(0.014782792 -0.00026126116 0)
(0.014754644 -0.00033215223 -9.9828384e-22)
(0.014720604 -0.00040833454 2.7652733e-23)
(0.014679687 -0.00049086296 -9.7476804e-22)
(0.014630554 -0.00058108108 -1.1528894e-22)
(0.014571463 -0.00068075784 0)
(0.014500152 -0.00079225313 1.3316593e-21)
(0.014413642 -0.00091874544 2.4184109e-22)
(0.014307924 -0.0010645952 1.6975669e-21)
(0.014177461 -0.0012359661 -1.9188933e-21)
(0.014014517 -0.0014418205 -4.1174148e-21)
(0.013807482 -0.0016960254 2.3823953e-21)
(0.013540433 -0.002019262 1.724498e-22)
(0.01318097 -0.0024545028 3.0119946e-21)
(0.012703324 -0.0030386805 7.6566975e-21)
(0.011963183 -0.0040269666 3.957957e-21)
(0.010938548 -0.0053003145 5.4683671e-21)
(0.0088601231 -0.0082336252 -4.8353963e-21)
(0.014767361 0.00025884922 0)
(0.014773103 0.00023193944 -6.7723849e-22)
(0.014777617 0.00019872294 0)
(0.014781178 0.0001618823 -7.3129305e-22)
(0.014782883 0.00012253914 3.2777238e-23)
(0.014782716 8.0428291e-05 0)
(0.014780297 3.5588252e-05 -1.5570072e-21)
(0.014774906 -1.145498e-05 -1.4477911e-23)
(0.014766155 -6.0485626e-05 -8.795165e-22)
(0.014753883 -0.00011185761 5.4287274e-23)
(0.014737806 -0.00016616575 -8.9624781e-22)
(0.014717482 -0.00022395918 -9.3708188e-22)
(0.014692375 -0.00028572532 0)
(0.014661821 -0.00035201406 -1.0613123e-21)
(0.014624932 -0.00042355871 -1.0950459e-21)
(0.014580539 -0.00050134766 0)
(0.014527135 -0.00058668213 -1.32182e-21)
(0.014462803 -0.00068126563 -1.2916112e-21)
(0.014385063 -0.00078735114 -1.4427105e-21)
(0.01429064 -0.00090797339 -3.1970542e-21)
(0.014175122 -0.0010473137 -3.5154578e-21)
(0.014032413 -0.0012112982 0)
(0.013853934 -0.0014085568 5.037695e-23)
(0.013626906 -0.0016523461 -4.2578837e-23)
(0.01333298 -0.0019628786 -2.9502191e-21)
(0.01293784 -0.002378956 -6.7695014e-21)
(0.012404552 -0.002944723 -3.9442942e-21)
(0.011587328 -0.0038704143 5.0591422e-21)
(0.01041835 -0.005119866 -6.3893334e-21)
(0.0081203652 -0.007800558 -6.8113523e-21)
(0.014688618 0.00019478871 -6.7588936e-22)
(0.014694002 0.00016920899 0)
(0.014697029 0.00013974733 -6.9001766e-22)
(0.014699826 0.00010732598 -9.9925375e-26)
(0.014701212 7.2494182e-05 -7.6729043e-22)
(0.014700209 3.5326188e-05 0)
(0.014696523 -4.2744674e-06 -6.274864e-23)
(0.014689918 -4.6348716e-05 8.199112e-22)
(0.014680104 -9.0976263e-05 -8.1324477e-22)
(0.014666788 -0.00013835455 5.5980025e-23)
(0.014649584 -0.00018874578 -5.8320075e-23)
(0.014627948 -0.0002424479 0)
(0.014601185 -0.00029985075 -1.0415306e-21)
(0.014568451 -0.000361506 1.0738008e-21)
(0.014528714 -0.00042816557 0)
(0.01448069 -0.00050080647 -7.730136e-23)
(0.014422763 -0.00058067912 1.645241e-22)
(0.014352871 -0.00066940234 1.2186151e-21)
(0.01426833 -0.00076911432 1.6568958e-21)
(0.014165581 -0.00088269796 -5.6095193e-23)
(0.014039818 -0.0010141253 1.8221161e-21)
(0.013884385 -0.0011690176 -2.1064274e-21)
(0.013689862 -0.001355556 2.1360783e-21)
(0.013442266 -0.0015862409 -2.4474553e-21)
(0.013120951 -0.0018803174 3.2291713e-21)
(0.012689424 -0.0022730384 3.1151211e-21)
(0.012100405 -0.0028110518 4.1160993e-22)
(0.011208083 -0.0036681508 -5.4222004e-21)
(0.009897363 -0.0048699344 6.4688896e-21)
(0.007394045 -0.0072816934 7.5531158e-21)
(0.014615004 0.00014537774 1.3617795e-21)
(0.014619876 0.0001207931 5.4896052e-24)
(0.014622068 9.3574207e-05 7.1728626e-22)
(0.014623979 6.4132944e-05 0)
(0.014624608 3.2593273e-05 0)
(0.014622789 -1.0362907e-06 7.9612818e-22)
(0.014618172 -3.6829099e-05 8.1150903e-22)
(0.014610612 -7.4859288e-05 0)
(0.014599787 -0.00011521014 1.7655841e-21)
(0.014585246 -0.00015803768 0)
(0.014566467 -0.00020359573 0)
(0.014542835 -0.00025223055 -1.0216097e-21)
(0.014513612 -0.00030438645 1.0528563e-21)
(0.014477909 -0.00036062655 0)
(0.014434632 -0.00042166055 -1.2108624e-21)
(0.014382414 -0.00048838539 -8.0456807e-23)
(0.014319514 -0.00056194996 -1.3042902e-21)
(0.014243698 -0.00064385243 -1.4081063e-21)
(0.014152055 -0.00073608061 -1.5833987e-21)
(0.014040724 -0.00084131876 3.3109029e-21)
(0.01390449 -0.0009632662 -4.248839e-24)
(0.013736131 -0.0011071551 2.2816644e-21)
(0.013525393 -0.0012805967 0)
(0.013257093 -0.0014951679 1.8371135e-22)
(0.012908439 -0.0017687725 2.9815732e-21)
(0.012440606 -0.0021332244 4.2968887e-21)
(0.0117972 -0.002634428 -4.9560077e-21)
(0.010832673 -0.0034162199 -2.0024481e-22)
(0.0093862901 -0.0045456768 2.2752328e-22)
(0.0066961116 -0.0066760859 0)
(0.014547972 0.00010092918 -6.9650535e-22)
(0.014552314 7.895737e-05 -3.5296804e-22)
(0.014553864 5.5007775e-05 -3.6933755e-22)
(0.014554785 2.9244715e-05 -4.0446931e-22)
(0.014554289 1.6173079e-06 -3.4441037e-22)
(0.014551289 -2.7895317e-05 -1.2345043e-21)
(0.014545386 -5.9337111e-05 0)
(0.014536411 -9.2798954e-05 0)
(0.014524021 -0.00012841341 -8.9858614e-22)
(0.014507712 -0.00016636579 -5.3690194e-22)
(0.014486911 -0.00020690587 6.1846961e-23)
(0.014460964 -0.00025035029 9.6642942e-22)
(0.014429087 -0.00029709151 6.847329e-23)
(0.014390316 -0.00034762232 0)
(0.014343459 -0.00040257141 1.2250334e-21)
(0.014287027 -0.00046274779 5.8736089e-22)
(0.014219141 -0.00052919973 7.73793e-22)
(0.014137393 -0.00060329869 1.5227971e-21)
(0.014038651 -0.0006868628 0)
(0.013918771 -0.00078234311 -1.7056554e-21)
(0.013772146 -0.00089311298 -1.2641871e-22)
(0.013591012 -0.0010239359 0)
(0.013364317 -0.0011817315 -1.6874943e-22)
(0.01307573 -0.0013769802 1.844508e-22)
(0.012700484 -0.0016259235 -3.487177e-21)
(0.012197413 -0.0019568037 -4.0362123e-21)
(0.011502361 -0.002412566 4.9652245e-21)
(0.010469851 -0.0031118619 0)
(0.0088976056 -0.0041446779 0)
(0.0060431824 -0.0059863058 1.6582094e-22)
(0.014487736 6.7549434e-05 3.4873864e-22)
(0.014491245 4.8150405e-05 7.1968318e-22)
(0.014492063 2.7251043e-05 3.8349439e-22)
(0.014491914 4.9032461e-06 3.9551476e-22)
(0.014490173 -1.9015026e-05 -1.7395769e-23)
(0.014485888 -4.4553071e-05 8.2536533e-22)
(0.014478633 -7.1757274e-05 0)
(0.01446818 -0.00010072657 0)
(0.014454156 -0.00013160373 4.6823562e-22)
(0.014436026 -0.00016456525 4.8178205e-22)
(0.014413172 -0.00019983053 -6.3959429e-23)
(0.014384885 -0.00023767684 6.6840016e-23)
(0.014350319 -0.000278455 0)
(0.014308439 -0.0003226101 0)
(0.014257968 -0.0003707093 0)
(0.014197318 -0.00042347839 1.5387427e-23)
(0.014124488 -0.00048185234 8.2495447e-22)
(0.014036915 -0.00054704914 -9.9346092e-23)
(0.013931266 -0.00062067962 1.1145711e-22)
(0.013803125 -0.00070491307 8.6161071e-22)
(0.013646518 -0.0008027331 0)
(0.013453166 -0.00091834811 1.1541151e-21)
(0.013211275 -0.0010578641 1.7379726e-22)
(0.012903444 -0.0012304957 -2.0166251e-22)
(0.012503138 -0.0014505364 2.0452854e-21)
(0.011966972 -0.0017424381 2.3322406e-21)
(0.011224337 -0.0021446774 -2.8903279e-21)
(0.010129605 -0.0027541197 0)
(0.0084447383 -0.0036680704 0)
(0.0054550752 -0.0052217345 0)
(0.014435189 4.1041156e-05 -7.1293197e-22)
(0.014437866 2.4776204e-05 4.5855149e-25)
(0.014437996 7.3835824e-06 -3.8181354e-22)
(0.014436808 -1.1164452e-05 -4.0674975e-22)
(0.014433808 -3.1019399e-05 8.1198132e-22)
(0.014428203 -5.2243644e-05 -8.2852457e-22)
(0.014419562 -7.488052e-05 0)
(0.014407599 -9.901893e-05 0)
(0.014391907 -0.00012478958 -4.7199507e-22)
(0.014371931 -0.00015235059 0)
(0.014347018 -0.00018189335 0)
(0.014316416 -0.00021365807 0)
(0.014279227 -0.00024794838 0)
(0.014234356 -0.00028514698 0)
(0.014180452 -0.00032573786 0)
(0.014115836 -0.00037033805 -1.373829e-21)
(0.014038393 -0.00041974226 -4.7439377e-23)
(0.013945415 -0.00047498684 0)
(0.013833381 -0.00053744329 -9.8019231e-22)
(0.013697626 -0.00060895858 -8.694008e-22)
(0.013531842 -0.00069207126 2.8000056e-24)
(0.01332729 -0.00079035723 -1.3318329e-21)
(0.013071516 -0.00090899709 0)
(0.012746168 -0.0010557843 0)
(0.012323175 -0.001242811 -1.9778733e-21)
(0.011757152 -0.0014905064 -2.236994e-21)
(0.010972251 -0.0018318242 3.0038487e-21)
(0.0098224507 -0.0023441288 3.8697491e-21)
(0.0080397186 -0.0031209723 -1.5172782e-22)
(0.0049507288 -0.0043829074 0)
(0.014391328 2.3103825e-05 3.6422856e-22)
(0.01439312 1.0129993e-05 -3.7511633e-22)
(0.014392555 -3.6696163e-06 5.7771857e-22)
(0.014390379 -1.8354509e-05 3.9693805e-22)
(0.014386192 -3.4072026e-05 -2.0353567e-22)
(0.014379354 -5.0882539e-05 4.3956459e-22)
(0.014369435 -6.8821027e-05 2.0989975e-22)
(0.014356092 -8.7959856e-05 2.0424855e-22)
(0.014338883 -0.00010840901 6.0688598e-23)
(0.014317234 -0.00013030112 -3.1701746e-23)
(0.014290468 -0.00015379354 -2.689315e-22)
(0.014257794 -0.00017908142 -2.8383342e-22)
(0.014218267 -0.00020641069 0)
(0.014170739 -0.00023609093 0)
(0.014113796 -0.00026851317 -4.2864167e-23)
(0.014045679 -0.00030417571 7.6939297e-22)
(0.013964174 -0.00034372024 0)
(0.013866449 -0.00038798303 4.336125e-22)
(0.013748823 -0.00043806956 4.5850632e-22)
(0.013606421 -0.00049546654 -5.9413191e-22)
(0.01343265 -0.00056221479 7.1816655e-23)
(0.013218379 -0.00064118497 0)
(0.012950597 -0.00073653048 9.8173236e-23)
(0.012610147 -0.00085448395 -8.9160104e-22)
(0.012167688 -0.0010047177 -1.2802417e-22)
(0.011576114 -0.0012034207 0)
(0.010755457 -0.0014772274 0)
(0.0095588401 -0.0018853434 -4.2589548e-21)
(0.0076921638 -0.0025116076 1.6442014e-22)
(0.004520832 -0.0034695722 -3.809344e-21)
(0.014357134 1.1328677e-05 1.839741e-22)
(0.014358183 1.891298e-06 -1.8966133e-22)
(0.014357051 -8.0985863e-06 -1.9470423e-22)
(0.014354065 -1.8711547e-05 2.0899845e-22)
(0.014348893 -3.0074076e-05 8.0219935e-24)
(0.014341025 -4.2236287e-05 -1.3578827e-23)
(0.014330041 -5.5223029e-05 -2.2528108e-22)
(0.01431555 -6.9087773e-05 1.9418791e-24)
(0.014297078 -8.3914225e-05 -1.5481744e-23)
(0.014274038 -9.9802953e-05 -2.6010422e-22)
(0.014245734 -0.00011687145 5.6167797e-22)
(0.014211346 -0.00013526426 2.8618511e-22)
(0.014169893 -0.00015516337 0)
(0.014120185 -0.00017679777 0)
(0.014060757 -0.00020045626 0)
(0.013989789 -0.00022650614 0)
(0.013904988 -0.0002554199 -5.1320017e-23)
(0.013803423 -0.0002878127 -4.4021745e-22)
(0.013681287 -0.0003244971 6.038762e-22)
(0.013533537 -0.00036656513 4.6841236e-22)
(0.013353356 -0.00041551486 0)
(0.013131304 -0.0004734512 0)
(0.012853929 -0.00054341652 0)
(0.012501447 -0.0006299675 9.1699185e-22)
(0.012043534 -0.00074017719 -1.1166501e-21)
(0.01143171 -0.0008858051 0)
(0.010582972 -0.0010865071 0)
(0.0093490057 -0.0013841046 0)
(0.007415809 -0.0018459763 0)
(0.0041721383 -0.0025113493 8.2880187e-21)
(0.014333687 4.9716206e-06 -9.2114608e-23)
(0.014334143 -7.7739553e-07 1.9062472e-22)
(0.014332598 -6.8336311e-06 -3.0864215e-24)
(0.014329028 -1.3265523e-05 -2.0059414e-22)
(0.014323141 -2.0160667e-05 -2.0462206e-22)
(0.014314531 -2.754673e-05 -6.8701154e-24)
(0.014302785 -3.5435181e-05 0)
(0.014287473 -4.3858796e-05 -2.3840862e-22)
(0.014268097 -5.2870774e-05 0)
(0.014244063 -6.2534366e-05 2.4532751e-22)
(0.014214661 -7.292252e-05 -1.1978224e-22)
(0.014179052 -8.4124649e-05 0)
(0.01413623 -9.6253399e-05 0)
(0.014084973 -0.00010945054 0)
(0.014023781 -0.00012389469 -1.7766386e-22)
(0.013950793 -0.00013981282 0)
(0.013863659 -0.00015749679 -2.6204548e-23)
(0.013759382 -0.00017732646 2.7904421e-23)
(0.013634065 -0.00019980318 -2.179033e-22)
(0.013482549 -0.00022560021 2.4334434e-22)
(0.013297862 -0.00025564041 3.9735491e-23)
(0.01307035 -0.00029121867 2.1854582e-24)
(0.012786263 -0.00033420417 -4.5899472e-22)
(0.012425378 -0.00038739163 4.8093917e-22)
(0.011956703 -0.00045511897 1.1030936e-21)
(0.011330789 -0.00054456497 4.2413118e-23)
(0.010462656 -0.00066786763 8.9960228e-22)
(0.0092024109 -0.00085003921 7.8889677e-23)
(0.007226058 -0.0011347129 -9.3813443e-23)
(0.0039347622 -0.0015358358 -4.4305267e-21)
(0.014321893 1.7632253e-06 -9.3183327e-23)
(0.0143219 -1.9616706e-07 -2.1370674e-38)
(0.014320267 -2.2749175e-06 0)
(0.014316394 -4.456826e-06 0)
(0.014310116 -6.7922243e-06 0)
(0.014301108 -9.292401e-06 -3.4750215e-24)
(0.014288955 -1.196077e-05 3.6073697e-24)
(0.014273202 -1.4809246e-05 -3.783974e-24)
(0.014253341 -1.7857293e-05 -2.4537935e-26)
(0.014228771 -2.1127764e-05 -3.138022e-26)
(0.014198779 -2.4646856e-05 -1.4404758e-22)
(0.014162515 -2.8446674e-05 1.8503089e-23)
(0.014118959 -3.2567702e-05 -4.8180416e-24)
(0.014066875 -3.7060887e-05 -5.2005644e-24)
(0.014004745 -4.1990363e-05 1.7351117e-22)
(0.013930684 -4.7437521e-05 -1.2330001e-25)
(0.013842317 -5.3506808e-05 6.4960593e-24)
(0.013736609 -6.0333937e-05 7.2847038e-24)
(0.013609618 -6.8097977e-05 2.5258149e-22)
(0.013456126 -7.7038888e-05 -2.8036494e-22)
(0.013269081 -8.7484005e-05 -9.7086229e-24)
(0.013038721 -9.9891988e-05 0)
(0.012751139 -0.00011492268 4.158419e-22)
(0.012385891 -0.00013355825 -4.8951585e-22)
(0.011911644 -0.00015731824 0)
(0.011278443 -0.00018870154 -2.4028956e-23)
(0.010400316 -0.00023194559 -8.964153e-22)
(0.0091263994 -0.00029561 0)
(0.0071283962 -0.0003950602 3.7302823e-37)
(0.0038187179 -0.00053144181 1.8339458e-23)
(0.014321929 -3.7124927e-07 -9.3203844e-23)
(0.014321927 1.5378657e-06 2.1370602e-38)
(0.014320293 3.5656237e-06 0)
(0.014316415 5.6939932e-06 0)
(0.014310131 7.9721927e-06 0)
(0.014301114 1.0411004e-05 -3.4755228e-24)
(0.01428895 1.3013211e-05 -1.4287834e-26)
(0.014273187 1.5789283e-05 -1.8944759e-26)
(0.014253312 1.8756374e-05 -2.4578379e-26)
(0.014228726 2.1934186e-05 -3.1426664e-26)
(0.014198716 2.5344748e-05 -1.3970566e-22)
(0.01416243 2.9014676e-05 9.253372e-24)
(0.014118849 3.2977327e-05 5.0072452e-24)
(0.014066737 3.7274507e-05 -1.040338e-23)
(0.014004574 4.1958685e-05 1.7359387e-22)
(0.013930475 4.7096412e-05 -1.2341339e-25)
(0.013842064 5.2773267e-05 -1.5550228e-25)
(0.013736306 5.9100774e-05 1.4376566e-23)
(0.013609256 6.6226241e-05 2.6078077e-22)
(0.013455696 7.4348089e-05 -2.8021559e-22)
(0.013268573 8.3740061e-05 -1.9423771e-23)
(0.01303812 9.4787966e-05 0)
(0.012750432 0.00010805288 4.1614717e-22)
(0.012385062 0.00012438126 -4.8989445e-22)
(0.011910673 0.00014510133 -1.9320621e-23)
(0.01127731 0.00017243286 -2.1533743e-24)
(0.010398995 0.00021020554 -8.9727129e-22)
(0.0091248781 0.00026625844 0)
(0.0071266155 0.00035511425 -3.7325059e-37)
(0.0038170943 0.00047696826 -1.8364151e-23)
(0.014333774 -3.5714527e-06 -9.2174505e-23)
(0.014334219 2.1323595e-06 1.907112e-22)
(0.014332664 8.1415195e-06 3.0875582e-24)
(0.014329077 1.4523883e-05 -2.0707932e-22)
(0.01432317 2.1366452e-05 -2.1799267e-22)
(0.014314536 2.869655e-05 6.8729238e-24)
(0.014302761 3.6524825e-05 0)
(0.014287416 4.4882498e-05 -2.3855585e-22)
(0.014268002 5.3820499e-05 0)
(0.014243923 6.3399005e-05 2.7850176e-22)
(0.014214469 7.3686853e-05 -1.5439927e-22)
(0.014178799 8.4768028e-05 0)
(0.014135906 9.6748142e-05 0)
(0.014084567 0.00010975994 0)
(0.01402328 0.00012397051 -1.7774756e-22)
(0.013950181 0.00013959208 0)
(0.013862919 0.00015689753 0)
(0.013758493 0.00017624224 0)
(0.013633002 0.00019809618 -2.8136276e-22)
(0.013481285 0.00022309153 3.1154052e-22)
(0.013296364 0.00025209617 0)
(0.013068579 0.00028633209 -4.5426768e-23)
(0.012784175 0.00032756959 -3.5988893e-22)
(0.012422924 0.00037846655 4.8134692e-22)
(0.011953824 0.00044316831 1.1801199e-21)
(0.011327424 0.00052857212 -4.2471914e-23)
(0.010458725 0.00064640946 9.0066079e-22)
(0.0091978855 0.0008209551 0)
(0.0072207364 0.0010950945 0)
(0.003929685 0.0014812386 -4.3072748e-21)
(0.014357296 -9.9123226e-06 1.8405353e-22)
(0.014358329 -5.1163579e-07 -1.8974721e-22)
(0.014357182 9.4395402e-06 -1.9483953e-22)
(0.014354171 2.0011477e-05 1.9645417e-22)
(0.014348965 3.1330414e-05 -5.1587357e-24)
(0.014341058 4.3446296e-05 1.3587936e-23)
(0.014330029 5.6383272e-05 -2.2547433e-22)
(0.014315484 7.0193428e-05 1.8749816e-24)
(0.014296949 8.4958403e-05 0)
(0.014273836 0.00010077588 -2.439047e-22)
(0.014245446 0.00011775938 5.2821373e-22)
(0.014210959 0.00013604819 2.8651319e-22)
(0.014169392 0.0001558174 0)
(0.014119551 0.00017728714 0)
(0.014059968 0.00020073478 0)
(0.013988819 0.00022651301 0)
(0.013903808 0.00025507546 5.1389178e-23)
(0.013802 0.00028701295 -4.9415157e-22)
(0.013679579 0.0003231065 4.2110353e-22)
(0.013531497 0.00036440679 6.0217453e-22)
(0.013350929 0.00041235672 0)
(0.013128425 0.0004689877 0)
(0.012850526 0.00053724202 0)
(0.012497433 0.00062153772 9.1908233e-22)
(0.012038812 0.00072875283 -1.1184975e-21)
(0.011426175 0.0008703604 0)
(0.010576489 0.0010656112 0)
(0.00934154 0.001355547 0)
(0.0074069494 0.0018070104 0)
(0.0041628594 0.0024573615 8.0625359e-21)
(0.01439158 -2.1675178e-05 3.5885367e-22)
(0.014393354 -8.7264848e-06 -3.6958893e-22)
(0.01439277 5.0464623e-06 5.7819614e-22)
(0.014390563 1.9703139e-05 3.9731114e-22)
(0.014386334 3.5390835e-05 -2.0378357e-22)
(0.014379446 5.2169772e-05 4.1318494e-22)
(0.014369468 7.0074299e-05 2.3791831e-22)
(0.014356055 8.9175572e-05 2.6267609e-22)
(0.014338762 0.00010958174 -6.0755968e-23)
(0.014317017 0.00013142279 3.1737975e-23)
(0.014290136 0.00015485238 -2.6922174e-22)
(0.014257329 0.0001800607 -2.8415871e-22)
(0.014217647 0.00020728707 0)
(0.014169939 0.00023683251 0)
(0.014112785 0.00026907691 4.2934689e-23)
(0.014044423 0.00030450417 6.8015469e-22)
(0.013962632 0.00034373736 -5.0079429e-23)
(0.013864572 0.00038758857 4.8757783e-22)
(0.013746555 0.00043713165 4.5982434e-22)
(0.013603695 0.00049381168 -4.6168991e-22)
(0.013429389 0.00055961405 -7.197683e-23)
(0.013214492 0.00063733486 0)
(0.012945978 0.00073102587 -9.8425489e-23)
(0.012604675 0.00084677858 -9.0831552e-22)
(0.012161223 0.00099406679 1.283758e-22)
(0.011568508 0.0011887855 0)
(0.010746508 0.0014571647 0)
(0.0095485399 0.0018575721 -3.992688e-21)
(0.0076796898 0.002473622 -1.6501478e-22)
(0.0045079503 0.0034139279 -3.8250735e-21)
(0.01443555 -3.9607633e-05 -7.1636315e-22)
(0.01443821 -2.3353968e-05 3.28192e-24)
(0.014438318 -5.9735891e-06 -3.8215422e-22)
(0.014437096 1.256154e-05 -3.8256909e-22)
(0.014434049 3.2403254e-05 8.1287579e-22)
(0.014428387 5.3613925e-05 -8.5580699e-22)
(0.014419678 7.6236365e-05 0)
(0.014407632 0.00010035847 0)
(0.014391842 0.00012610938 -4.7269804e-22)
(0.01437175 0.00015364485 0)
(0.0143467 0.0001831529 0)
(0.014315937 0.00021486914 0)
(0.01427856 0.00024909101 0)
(0.014233467 0.00028619303 0)
(0.014179304 0.00032664846 0)
(0.014114385 0.00037106035 -1.4216405e-21)
(0.014036586 0.00042020511 0)
(0.01394319 0.00047509514 0)
(0.013830665 0.0005370704 -8.6625434e-22)
(0.013694333 0.00060793604 -1.1253466e-21)
(0.013527872 0.00069017465 -2.8182795e-24)
(0.013322523 0.00078728641 -1.1801212e-21)
(0.013065814 0.00090434832 0)
(0.012739372 0.0010490095 0)
(0.0123151 0.0012331589 -1.9856297e-21)
(0.011747601 0.0014769219 -2.5682528e-21)
(0.01096095 0.0018128453 2.9763427e-21)
(0.0098094243 0.0023173798 4.0860626e-21)
(0.0080240265 0.0030840497 1.5239432e-22)
(0.0049352872 0.0043282033 0)
(0.014488224 -6.612917e-05 3.6009548e-22)
(0.014491718 -4.6725559e-05 7.3178355e-22)
(0.014492516 -2.582178e-05 3.605503e-22)
(0.014492332 -3.4692651e-06 3.7188774e-22)
(0.014490543 2.0454726e-05 7.6026574e-24)
(0.014486199 4.5999671e-05 8.2646739e-22)
(0.01447887 7.3211646e-05 0)
(0.014468327 0.00010218889 0)
(0.014454196 0.00013307296 4.6893209e-22)
(0.014435938 0.00016603838 4.8265417e-22)
(0.01441293 0.00020130162 6.407958e-23)
(0.014384461 0.00023913578 -6.6965685e-23)
(0.014349681 0.00027988601 0)
(0.014307548 0.00032398974 7.5865969e-23)
(0.014256778 0.00037200398 -7.9814743e-23)
(0.014195775 0.00042464106 1.5166141e-23)
(0.014122528 0.00048281815 6.396414e-22)
(0.014034463 0.00054772969 9.9624848e-23)
(0.013928233 0.00062095519 -1.1181245e-22)
(0.013799405 0.00070462206 1.1034577e-21)
(0.013641986 0.00080165738 0)
(0.013447674 0.00091619263 1.3141699e-21)
(0.013204651 0.0010542278 -1.7447982e-22)
(0.012895487 0.0012248296 2.0249494e-22)
(0.012493613 0.0014420823 1.8227172e-21)
(0.01195563 0.0017301219 2.3417836e-21)
(0.011210821 0.0021270138 -2.9026396e-21)
(0.010113952 0.002728591 0)
(0.0084258195 0.003632342 0)
(0.0054363761 0.0051672022 0)
(0.014548602 -9.954372e-05 -6.8649186e-22)
(0.014552935 -7.7551531e-05 -3.6455041e-22)
(0.014554468 -5.3580481e-05 -3.6978308e-22)
(0.014555357 -2.7794379e-05 -3.5764301e-22)
(0.014554817 -1.4140132e-07 -4.4270866e-22)
(0.014551759 2.9399685e-05 -1.185761e-21)
(0.014545782 6.0872768e-05 0)
(0.014536716 9.4368399e-05 0)
(0.014524214 0.00013001837 -9.0026664e-22)
(0.014507771 0.00016800651 -4.1901629e-22)
(0.014486807 0.00020858016 -6.1969349e-23)
(0.014460666 0.00025205242 1.099776e-21)
(0.014428557 0.00029881066 -6.8628216e-23)
(0.014389509 0.00034934071 -7.3453947e-23)
(0.014342323 0.00040426179 1.3057239e-21)
(0.0142855 0.00046437015 7.5664151e-22)
(0.014217149 0.00053069697 6.8962021e-22)
(0.014134846 0.0006045908 1.4322983e-21)
(0.014035444 0.00068783885 0)
(0.013914777 0.0007828504 -1.9490092e-21)
(0.013767216 0.00089294189 1.2691964e-22)
(0.013584968 0.0010227986 1.4840735e-22)
(0.013356951 0.0011792318 8.4219513e-24)
(0.013066795 0.0013725692 -1.8533162e-22)
(0.012689692 0.0016188372 -3.5064428e-21)
(0.012184459 0.0019459471 -4.3410618e-21)
(0.011486784 0.0023964334 5.3112491e-21)
(0.010451681 0.0030877381 0)
(0.0088754032 0.0041104557 0)
(0.0060204925 0.005931961 0)
(0.014615782 -0.00014405904 1.3741253e-21)
(0.014620654 -0.00011943736 -5.4965732e-24)
(0.014622836 -9.2179043e-05 7.1829192e-22)
(0.014624723 -6.269563e-05 0)
(0.014625314 -3.1109942e-05 0)
(0.014623443 2.5701347e-06 7.9736658e-22)
(0.014618758 3.8418222e-05 8.1293814e-22)
(0.01461111 7.6508535e-05 0)
(0.014600177 0.00011692408 1.7689963e-21)
(0.014585501 0.00015981999 0)
(0.014566558 0.00020544838 0)
(0.014542727 0.0002541527 -1.0239385e-21)
(0.014513264 0.000306373 1.0556379e-21)
(0.014477271 0.00036266627 0)
(0.014433646 0.00042373364 -1.2142774e-21)
(0.014381009 0.00049046021 8.072342e-23)
(0.014317606 0.0005639787 -1.392289e-21)
(0.014241187 0.00064576518 -1.6929517e-21)
(0.014148817 0.00073777731 -1.5950826e-21)
(0.014036615 0.00084265797 3.7692575e-21)
(0.013899334 0.00096404936 4.3057553e-24)
(0.013729719 0.0011071044 2.0238347e-21)
(0.013517476 0.0012793231 0)
(0.01324738 0.0014921249 0)
(0.012896582 0.0017631916 3.6354924e-21)
(0.012426236 0.0021239898 3.8403962e-21)
(0.011779736 0.0026200258 -4.9859874e-21)
(0.010812123 0.0033936811 2.0162193e-22)
(0.0093608593 0.0045132516 -4.7863266e-22)
(0.0066695828 0.0066220159 2.8204565e-22)
(0.014689546 -0.00019356416 -6.7674554e-22)
(0.014694941 -0.00016793317 0)
(0.014697967 -0.00013841605 -7.3520401e-22)
(0.014700751 -0.00010593509 9.8163397e-26)
(0.014702109 -7.1038384e-05 -7.2156472e-22)
(0.014701065 -3.3799259e-05 0)
(0.01469732 5.8794817e-06 3.710388e-23)
(0.014690636 4.8039337e-05 8.2146574e-22)
(0.014680721 9.2760212e-05 -9.2244094e-22)
(0.014667277 0.0001402392 -5.6107403e-23)
(0.014649915 0.00019073745 5.8452818e-23)
(0.014628084 0.00024455094 0)
(0.014601082 0.00030206623 -1.0442779e-21)
(0.014568056 0.00036382993 1.1455075e-21)
(0.014527963 0.00043058654 -7.1905683e-23)
(0.014479505 0.00050330241 0)
(0.014421052 0.00058321302 -8.3245912e-23)
(0.014350521 0.00067191627 1.579795e-21)
(0.014265203 0.00077152125 1.4728229e-21)
(0.014161512 0.00088487023 -5.5661138e-23)
(0.014034606 0.0010158784 1.8318605e-21)
(0.01387779 0.0011700868 -2.1174469e-21)
(0.013681594 0.0013555632 2.4503061e-21)
(0.013431982 0.0015846444 -2.7914277e-21)
(0.01310824 0.0018763465 2.8479082e-21)
(0.012673851 0.0022655561 4.0678046e-21)
(0.012081245 0.0027985602 -4.1471546e-22)
(0.011185309 0.0036473628 -5.1415153e-21)
(0.0098688206 0.004839561 6.9637514e-21)
(0.0073636379 0.0072281533 7.1632258e-21)
(0.014768427 -0.00025775614 0)
(0.014774194 -0.00023077957 -6.781937e-22)
(0.014778721 -0.00019749057 0)
(0.014782283 -0.00016057208 -7.1017952e-22)
(0.014783975 -0.00012114493 9.8015813e-24)
(0.014783781 -7.8943243e-05 0)
(0.014781316 -3.4004435e-05 -1.5598949e-21)
(0.01477586 1.314701e-05 -1.4466036e-23)
(0.014767022 6.2296584e-05 -7.7674588e-22)
(0.014754636 0.00011379882 -5.4406577e-23)
(0.014738413 0.00016824838 -8.9845993e-22)
(0.014717905 0.00022619332 -9.395768e-22)
(0.014692569 0.00028811873 0)
(0.01466173 0.00035457056 -1.0645028e-21)
(0.014624489 0.00042627601 -1.0987652e-21)
(0.01457966 0.00050421435 0)
(0.01452572 0.00058967338 -1.1676847e-21)
(0.014460729 0.00068433731 -1.4657114e-21)
(0.014382178 0.00079043151 -1.4496767e-21)
(0.014286761 0.00091095135 -3.2133528e-21)
(0.014170022 0.001050022 -3.5349727e-21)
(0.014025818 0.0012134891 0)
(0.013845513 0.0014098666 -2.3043246e-22)
(0.013616261 0.0016522422 2.6218718e-22)
(0.01331963 0.0019605905 -2.9713655e-21)
(0.012921285 0.0023733223 -6.824325e-21)
(0.012383906 0.0029343011 -3.9802857e-21)
(0.011562496 0.0038515213 5.1035548e-21)
(0.010386833 0.0050917727 -6.4459915e-21)
(0.0080859674 0.0077476861 -7.1067847e-21)
(0.014854266 -0.00032427019 0)
(0.014862461 -0.00030216197 1.3445366e-21)
(0.01487083 -0.00026627393 -2.1297727e-23)
(0.014873195 -0.00022679512 7.264212e-22)
(0.014871977 -0.0001862716 7.619104e-24)
(0.014870118 -0.00014204846 4.5998978e-23)
(0.014866716 -9.2813838e-05 7.1893247e-22)
(0.014860459 -3.9604723e-05 -7.9229395e-22)
(0.014851406 1.6187373e-05 7.7034308e-22)
(0.014839764 7.4003358e-05 -8.3655304e-22)
(0.014825062 0.00013408865 7.3350648e-23)
(0.014806491 0.00019709662 2.0284597e-23)
(0.014783315 0.00026376963 0)
(0.0147549 0.00033487587 -1.0014647e-21)
(0.014720522 0.00041128093 2.7654317e-23)
(0.01467918 0.00049403212 -1.264323e-21)
(0.014629517 0.00058446145 1.8537937e-22)
(0.014569762 0.00068432063 -1.640502e-22)
(0.014497624 0.00079594405 1.6894269e-21)
(0.014410085 0.00092247278 -1.3946992e-22)
(0.014303088 0.0010682125 1.7013736e-21)
(0.01417104 0.001239247 -1.7037395e-21)
(0.014006133 0.0014444211 -4.1467024e-21)
(0.013796682 0.0016974267 2.4000497e-21)
(0.013526659 0.0020186976 -1.7395247e-22)
(0.013163656 0.0024507774 3.4195494e-21)
(0.012681413 0.0030304661 7.2469002e-21)
(0.011936458 0.0040100898 4.5414476e-21)
(0.01090421 0.0052747157 5.2063123e-21)
(0.0088216314 0.0081815602 -4.9154197e-21)
(0.014919546 -0.00040353525 -6.8880147e-22)
(0.014951424 -0.0003931188 -6.5573655e-22)
(0.01497868 -0.00034619213 -6.4476811e-22)
(0.014982823 -0.00029122428 -4.3030932e-23)
(0.014980452 -0.00023986626 -1.206101e-23)
(0.014979747 -0.00019082796 4.5441173e-23)
(0.014976534 -0.00014038173 -7.3553242e-22)
(0.014967577 -8.6695939e-05 0)
(0.014954225 -2.9407122e-05 -7.8263445e-22)
(0.014938616 3.1251519e-05 1.6676066e-23)
(0.014921289 9.5037575e-05 1.816597e-23)
(0.014901562 0.00016208987 1.010269e-21)
(0.01487832 0.00023278663 3.6971025e-25)
(0.014850622 0.00030779918 9.8988899e-22)
(0.01481769 0.00038811044 1.0447549e-21)
(0.014778631 0.00047492004 9.7043782e-22)
(0.014732251 0.00056963231 1.17829e-21)
(0.014676948 0.00067400173 0)
(0.01461059 0.00079036757 -1.689623e-22)
(0.014530361 0.00092193196 1.6551709e-21)
(0.014432522 0.0010731273 0)
(0.014311974 0.0012502286 1.7816805e-21)
(0.014161707 0.0014623087 1.9872492e-21)
(0.013971136 0.0017236246 1.4058294e-22)
(0.013726697 0.0020542395 8.2245101e-24)
(0.013397789 0.0025024586 -1.7624441e-22)
(0.012968975 0.0030912749 -3.5205072e-21)
(0.012301898 0.0041280235 -4.2445909e-21)
(0.011412352 0.0053950282 -4.8535956e-21)
(0.0095564929 0.0085321477 4.5178435e-21)
(0.014837354 -0.0004357401 6.8518557e-22)
(0.014947363 -0.00049995233 -1.0769442e-23)
(0.015066541 -0.00048647008 6.8074997e-22)
(0.015066014 -0.00044197771 -2.0964575e-23)
(0.015060449 -0.00037711787 6.9353466e-22)
(0.01506107 -0.00030545517 0)
(0.015061711 -0.00023328634 6.837048e-22)
(0.015055837 -0.00016286987 4.6562698e-23)
(0.015042985 -9.4309363e-05 8.2259937e-22)
(0.015025904 -2.6020428e-05 7.5307051e-22)
(0.015007356 4.3565171e-05 2.4694888e-21)
(0.014987905 0.00011591106 0)
(0.014966328 0.00019170554 1.7766618e-21)
(0.01494116 0.0002714314 0)
(0.014911129 0.00035592989 -1.2434221e-22)
(0.014875093 0.00044651624 -1.9385195e-21)
(0.014831971 0.0005448635 -1.3991754e-22)
(0.01478054 0.00065295824 2.3403205e-21)
(0.014719137 0.00077325469 1.5829534e-22)
(0.014645364 0.00090899586 -2.8880139e-21)
(0.014555865 0.0010646601 -2.76653e-21)
(0.014445989 0.0012466315 -2.0949462e-22)
(0.01430946 0.0014640689 -3.3615647e-21)
(0.01413665 0.0017319511 -4.0136051e-21)
(0.013916444 0.0020685816 -4.5497832e-21)
(0.013620221 0.0025311113 0)
(0.013241665 0.003119676 6.0977558e-21)
(0.012653702 0.0042089442 0)
(0.011903798 0.0054596107 -8.5236857e-21)
(0.010276837 0.0088034034 5.6708255e-21)
(0.01408489 -3.7791969e-05 0)
(0.014664168 -0.00017382835 0)
(0.015028891 -0.000275314 0)
(0.015150168 -0.00033675262 -4.1401747e-23)
(0.015190851 -0.00035408759 5.7654837e-25)
(0.015212248 -0.00033821849 4.349252e-23)
(0.015219861 -0.000295102 4.3930343e-23)
(0.015214908 -0.00023421882 -4.5482601e-23)
(0.015200962 -0.00016290479 0)
(0.015174459 -8.6861915e-05 0)
(0.015138331 -9.9648662e-06 -1.5165507e-21)
(0.01510248 6.8126462e-05 1.5406646e-21)
(0.015068816 0.00014877047 -1.7550889e-21)
(0.015036791 0.00023316634 0)
(0.01500456 0.00032222633 0)
(0.014969614 0.00041704435 2.0404964e-21)
(0.014929485 0.00051920082 -1.3409019e-22)
(0.014882092 0.0006308009 -2.0218757e-21)
(0.014825568 0.00075449805 -1.5118991e-22)
(0.014757798 0.00089369853 2.6665703e-21)
(0.014675912 0.0010529509 2.8972731e-21)
(0.014575862 0.0012387928 0)
(0.014451998 0.0014600609 3.5090104e-21)
(0.014295905 0.0017333649 3.9190527e-21)
(0.014097856 0.002072041 4.2941272e-21)
(0.013833607 0.0025486156 1.5035181e-22)
(0.013499813 0.0031265365 -5.9041162e-21)
(0.012993099 0.0042641976 0)
(0.012376934 0.0054813295 8.2668634e-21)
(0.010965791 0.0090001047 -5.5882442e-21)
(0.0093090745 0.00038261601 1.0162623e-23)
(0.011509585 0.00018164808 -2.9379277e-23)
(0.013049373 -5.2266831e-06 1.9425374e-23)
(0.013966275 -0.00015214011 3.9110075e-23)
(0.014510117 -0.00024695819 -4.0075469e-23)
(0.014845443 -0.00029076008 0)
(0.015046393 -0.00029816481 0)
(0.015157094 -0.00027345433 0)
(0.015211458 -0.00022422673 8.9832373e-23)
(0.015239269 -0.00015879838 -9.317405e-23)
(0.015236811 -8.4077834e-05 -9.6432616e-23)
(0.015213946 -4.4198502e-06 -1.5248545e-21)
(0.015180694 7.8866184e-05 0)
(0.015143502 0.0001660994 -1.0950603e-22)
(0.015105325 0.00025808103 1.1458621e-22)
(0.015066352 0.0003558267 -1.2120477e-22)
(0.015024987 0.00046073418 1.2736639e-22)
(0.014978879 0.00057476521 -1.365329e-22)
(0.014925578 0.00070055652 1.4420921e-22)
(0.014862628 0.00084160109 0)
(0.014787267 0.0010025017 0)
(0.014695831 0.0011900443 -1.8624622e-22)
(0.014583576 0.0014124619 4.0461271e-22)
(0.014442605 0.0016886784 -1.0630907e-22)
(0.014265987 0.0020254405 -2.5142164e-22)
(0.014030987 0.0025125358 1.3875055e-22)
(0.013741919 0.003076077 0)
(0.01331095 0.0042482288 0)
(0.012840111 0.0054422964 0)
(0.011606329 0.009135862 -5.0496632e-23)
(0.01213604 0.0093109199 3.2468291e-23)
(0.012636186 0.009445817 -2.7672761e-22)
(0.013138152 0.0095309541 2.2056788e-22)
(0.013613971 0.0095469593 -1.2737754e-21)
(0.014045806 0.0094870066 1.2372122e-21)
(0.014423177 0.009348244 2.5380583e-21)
(0.014734161 0.0091323654 -2.6142868e-21)
(0.014964345 0.0088440853 -4.3873866e-23)
(0.015098566 0.0084910499 -6.3036858e-23)
(0.015121925 0.0080847622 0)
(0.015021444 0.0076398026 0)
(0.014786451 0.0071720452 1.2435277e-21)
(0.014409278 0.0067000707 -2.5784263e-21)
(0.013887244 0.0062433725 1.3155189e-21)
(0.013221595 0.0058122985 -4.947918e-24)
(0.01241853 0.0053869821 4.896578e-24)
(0.011482909 0.0049049685 1.2257025e-21)
(0.010422446 0.0043455644 -2.5115681e-21)
(0.0092849738 0.0037317586 1.3046944e-21)
(0.008052263 0.0030615849 0)
(0.0067446976 0.0023502562 0)
(0.0054011936 0.0015246571 0)
(0.0040936611 0.0007784497 0)
(0.0029456407 0.00030300303 -5.1885479e-21)
(0.0019955875 8.0334121e-05 5.1288776e-21)
(0.0012370239 2.1028906e-05 4.9679037e-21)
(0.00064537276 7.9428645e-05 -4.7689278e-21)
(0.00019543879 0.00021593006 -8.5624787e-21)
(-0.00012706415 0.00037413326 8.2596478e-21)
(-0.00037542956 0.00052459824 1.2332361e-22)
(0.013247043 0.0055027328 0)
(0.013682606 0.0056311226 5.6742788e-21)
(0.014125981 0.0057400666 -5.7139337e-21)
(0.014563249 0.0058059285 -2.0250923e-21)
(0.014996899 0.0058320184 2.1441301e-21)
(0.015427177 0.0058220819 -1.3878511e-21)
(0.015847369 0.0057755999 1.3821782e-21)
(0.016247958 0.0056915642 1.2780932e-23)
(0.016621889 0.005571616 0)
(0.016956785 0.0054219115 0)
(0.017261468 0.0052533593 -2.4690963e-24)
(0.017522093 0.0050731674 6.9670633e-24)
(0.017718137 0.004893318 0)
(0.017867492 0.0047176744 0)
(0.017968231 0.0045497644 3.7367668e-38)
(0.018017211 0.0043877538 -3.7502081e-38)
(0.018001319 0.0042474125 1.1807977e-23)
(0.017878262 0.0040927585 0)
(0.017636463 0.0039158455 -2.850992e-23)
(0.017255156 0.00370831 3.0773712e-23)
(0.016713405 0.0034748031 0)
(0.015990327 0.0032081774 0)
(0.015048773 0.0028820827 -7.0622738e-23)
(0.013885406 0.0024816335 -2.2347885e-21)
(0.012601893 0.002062023 2.344391e-21)
(0.011247063 0.0016668722 -2.5366076e-21)
(0.0098667601 0.0013149115 2.6280946e-21)
(0.0085096374 0.0010157866 5.0896278e-21)
(0.007211868 0.00076976914 -5.0125947e-21)
(0.0060757744 0.0005071847 0)
(0.013546879 0.0044083462 0)
(0.013779998 0.0046065339 0)
(0.014030796 0.0047928267 0)
(0.014306546 0.0049586196 -1.945641e-21)
(0.014607257 0.0051003152 2.0304873e-21)
(0.014928096 0.0052127052 1.3096747e-21)
(0.015261705 0.0052937461 -1.2796207e-21)
(0.015602866 0.0053406433 2.5192233e-23)
(0.015947977 0.0053400042 0)
(0.016290328 0.0052881454 0)
(0.016619855 0.0051941228 -7.9843881e-23)
(0.0169239 0.0050795174 8.6863485e-23)
(0.017198271 0.0049488669 0)
(0.017443366 0.0048062803 0)
(0.017659716 0.0046554992 2.3421495e-24)
(0.017848242 0.0045012496 1.5463161e-24)
(0.018011981 0.0043469286 -1.0603996e-23)
(0.018163334 0.0041976829 0)
(0.018285282 0.0040514114 8.7788512e-22)
(0.018404878 0.0038997702 -8.2980458e-22)
(0.01845614 0.0037460491 0)
(0.01845943 0.0035975461 0)
(0.018403018 0.0034615558 5.9586405e-23)
(0.018220298 0.0033241422 2.0052094e-21)
(0.017896384 0.0031685381 -1.937754e-21)
(0.017411104 0.0029812924 -1.8519071e-21)
(0.01675626 0.0027634022 1.8918824e-21)
(0.015924669 0.0025063523 0)
(0.014920575 0.0022261783 0)
(0.013964782 0.0018909748 0)
(0.013915555 0.003162795 0)
(0.014096893 0.0033008967 -4.9717875e-21)
(0.014298789 0.0034448447 5.0514755e-21)
(0.014517927 0.0035801739 -2.1655879e-21)
(0.014750665 0.0037005119 4.049888e-21)
(0.01499734 0.0038044217 -1.9965024e-21)
(0.015257355 0.0038904511 -1.4867767e-22)
(0.015528116 0.0039590351 -1.3024127e-21)
(0.01580547 0.0040083842 1.352554e-21)
(0.016084229 0.0040357235 -4.0392831e-22)
(0.016358676 0.0040380744 4.2152515e-22)
(0.016624321 0.0040149634 0)
(0.016878666 0.0039700475 0)
(0.01712028 0.0039070476 -1.2800126e-23)
(0.017348057 0.0038289528 1.0381528e-23)
(0.017560781 0.0037381346 5.7304965e-23)
(0.017756551 0.0036359554 -5.9584219e-23)
(0.017934264 0.0035243243 0)
(0.018094356 0.0034048852 0)
(0.018230715 0.0032814766 -5.0970606e-22)
(0.018343944 0.0031592467 4.9130493e-22)
(0.018438007 0.0030406292 -1.1357623e-21)
(0.018523016 0.0029312376 1.154697e-21)
(0.018592134 0.0028327714 -1.2162886e-22)
(0.018668424 0.0027445899 1.3989476e-21)
(0.018700138 0.0026634836 -2.9246644e-21)
(0.018688343 0.0025869789 1.5109221e-21)
(0.018597242 0.0025009765 -2.9920859e-21)
(0.018387294 0.0024202263 2.9560917e-21)
(0.018154073 0.0022795424 0)
(0.014169983 0.0026317676 1.4250578e-22)
(0.014298214 0.002784304 1.3890679e-22)
(0.014435792 0.0029354933 0)
(0.014591366 0.0030776189 -1.2815823e-22)
(0.014769445 0.0032095434 1.9480951e-21)
(0.014967424 0.0033265296 -3.5156983e-21)
(0.015181569 0.0034240559 1.8857315e-21)
(0.015408923 0.0034993994 1.2228009e-21)
(0.015646551 0.0035512087 -1.3605571e-21)
(0.015890904 0.0035791385 4.6117178e-22)
(0.016137825 0.0035837933 -4.8624772e-22)
(0.016382997 0.0035665244 0)
(0.016622558 0.0035293169 0)
(0.016853548 0.0034745473 -2.563601e-24)
(0.017073882 0.0034047404 8.5334441e-25)
(0.017282098 0.0033224575 9.3388418e-25)
(0.017477214 0.0032302085 -1.3631899e-24)
(0.017658529 0.0031307114 0)
(0.017827012 0.003027138 0)
(0.017983089 0.0029225233 3.2532036e-22)
(0.018127897 0.0028182902 -3.460951e-22)
(0.018260978 0.0027142074 8.5269581e-22)
(0.018381696 0.0026109065 -9.2516265e-22)
(0.018492034 0.0025094233 -8.9215431e-22)
(0.018588399 0.0024104204 2.0746379e-21)
(0.018671296 0.0023149595 -9.9173444e-22)
(0.018749519 0.0022237775 -1.4534386e-22)
(0.018827694 0.0021376404 0)
(0.018887712 0.0020610122 7.4211691e-23)
(0.01898947 0.0019523804 7.6422951e-23)
(0.014379319 0.0021105524 -2.6142266e-22)
(0.014484241 0.0022297795 3.8937669e-21)
(0.014601762 0.0023563232 -4.0816098e-21)
(0.014736867 0.0024847423 6.1647221e-25)
(0.014887971 0.0026087637 -1.1187623e-22)
(0.015054809 0.0027244207 -1.6199589e-21)
(0.015237091 0.0028287855 1.5379508e-21)
(0.015433368 0.0029189166 1.4153874e-21)
(0.015641175 0.0029919065 -1.3387422e-21)
(0.015857409 0.0030453123 4.6419515e-22)
(0.016078571 0.0030775298 -5.0149457e-22)
(0.016300949 0.003088014 2.4613911e-23)
(0.01652092 0.0030773203 -1.1927764e-22)
(0.01673531 0.0030469482 1.2177746e-22)
(0.016941612 0.0029990641 -5.351757e-25)
(0.017138033 0.0029362575 0)
(0.017323493 0.0028613516 -3.3308312e-23)
(0.017497511 0.0027771934 3.4432892e-23)
(0.017660175 0.0026865291 8.2177263e-24)
(0.017812012 0.002591699 2.444513e-22)
(0.017953796 0.0024943906 -2.5747367e-22)
(0.018086336 0.0023958128 6.6786725e-22)
(0.018210288 0.0022970834 -5.7253913e-22)
(0.018327588 0.0021994117 -8.6249045e-22)
(0.018439387 0.0021034467 8.0041954e-22)
(0.018546508 0.002008345 -5.9497545e-23)
(0.018648057 0.0019135951 6.7463606e-24)
(0.01874485 0.0018185074 2.0407065e-21)
(0.018833317 0.0017324298 -2.1415222e-21)
(0.018926896 0.0016028412 -1.3423302e-22)
(0.014542467 0.0017749403 -1.1231993e-22)
(0.014630904 0.0018905589 3.6309516e-21)
(0.014727131 0.0020115144 -3.6793697e-21)
(0.014838646 0.0021318498 1.1002278e-22)
(0.014967047 0.0022483889 1.6110646e-21)
(0.015111741 0.0023580134 -1.3163436e-23)
(0.015271964 0.0024578008 -1.6148573e-21)
(0.01544668 0.0025450736 0)
(0.01563411 0.0026173816 -7.703737e-23)
(0.015831694 0.0026726312 6.6814039e-23)
(0.016036313 0.0027092814 0)
(0.016244526 0.0027265162 -1.7228497e-22)
(0.016452824 0.0027243481 1.7515985e-22)
(0.016657913 0.0027035931 5.00143e-23)
(0.01685695 0.0026657312 -5.0004825e-23)
(0.017047688 0.0026127219 -1.5118402e-23)
(0.017228535 0.0025468209 1.5082609e-23)
(0.017398552 0.002470398 -3.1363375e-23)
(0.017557396 0.0023857814 2.7882298e-23)
(0.017705307 0.0022951306 0)
(0.017843026 0.0022003532 2.420947e-23)
(0.017971687 0.0021030721 -2.6359577e-23)
(0.018092574 0.0020045644 -3.7386382e-23)
(0.018206992 0.0019057487 6.1168596e-22)
(0.01831595 0.0018070839 1.0733159e-22)
(0.018420069 0.00170843 -6.9996492e-22)
(0.018519106 0.0016101948 5.5776108e-24)
(0.018614646 0.0015110391 1.7074893e-21)
(0.018705644 0.0014200007 -1.6273187e-21)
(0.018802944 0.0012904782 -4.9911772e-23)
(0.014671897 0.0014848647 4.2961767e-22)
(0.014749936 0.0015853099 3.3260835e-21)
(0.014835153 0.001692527 -3.1619273e-21)
(0.014934192 0.0018022898 1.5674007e-21)
(0.015048347 0.0019111601 -3.0767774e-21)
(0.015177388 0.0020158136 1.0106877e-24)
(0.015321022 0.0021133859 1.5098952e-21)
(0.015478706 0.002201168 0)
(0.015649217 0.0022764874 -1.6724074e-24)
(0.01583057 0.0023369066 -6.497051e-23)
(0.016020171 0.0023804842 0)
(0.016215014 0.0024059625 -2.3507267e-23)
(0.016411893 0.0024128687 0)
(0.016607638 0.0024015233 -4.7772275e-23)
(0.016799353 0.0023729558 5.6255714e-23)
(0.016984601 0.0023287508 2.4630989e-23)
(0.017161514 0.0022708658 -2.7225173e-23)
(0.017328838 0.0022014505 0)
(0.017485927 0.0021226782 -3.9537739e-24)
(0.017632693 0.0020365952 0)
(0.017769503 0.0019449962 -1.7095048e-23)
(0.017897041 0.0018493474 2.4520278e-23)
(0.018016154 0.0017507654 0)
(0.018127739 0.0016500393 -4.919043e-22)
(0.018232674 0.0015477248 -1.0065178e-22)
(0.018332025 0.0014440727 1.2142312e-21)
(0.018426524 0.0013398216 -5.8612921e-22)
(0.018518569 0.0012328733 1.5453042e-21)
(0.018606162 0.001132491 -1.4430128e-21)
(0.018699288 0.00098625325 1.0213296e-22)
(0.01477675 0.0012560388 -1.9911192e-22)
(0.014848111 0.0013489756 0)
(0.014925389 0.0014487586 -1.9210525e-22)
(0.015014748 0.0015510195 1.4480278e-21)
(0.015117838 0.0016526975 -1.3695661e-21)
(0.015234883 0.0017510393 0)
(0.015365877 0.0018435794 -1.2402412e-21)
(0.015510524 0.0019278699 1.1713501e-21)
(0.015667924 0.0020014098 6.8516751e-23)
(0.015836475 0.002061824 5.0305537e-22)
(0.016013962 0.0021070992 -4.4532452e-22)
(0.016197704 0.0021357709 0)
(0.016384748 0.0021470487 0)
(0.016572079 0.0021408711 -7.9300679e-24)
(0.016756857 0.0021178742 0)
(0.016936605 0.0020792801 0)
(0.017109347 0.0020267339 -8.9265255e-25)
(0.017273669 0.0019621217 0)
(0.017428721 0.0018873904 0)
(0.017574157 0.0018043884 7.513392e-23)
(0.017710036 0.0017147439 -6.5466604e-23)
(0.017836713 0.0016197981 0)
(0.01795473 0.0015205968 -3.8630369e-22)
(0.018064766 0.0014178974 3.6411567e-22)
(0.018167545 0.0013122355 0)
(0.018263981 0.0012037305 5.6552277e-22)
(0.018354442 0.0010929098 -5.2993088e-22)
(0.018440927 0.00097696997 -7.8922451e-23)
(0.01852012 0.00086614018 0)
(0.018603321 0.0007018916 0)
(0.014862383 0.0010606386 0)
(0.014929297 0.0011452326 2.8257255e-21)
(0.015001474 0.0012369947 -2.6805838e-21)
(0.015084333 0.0013316318 0)
(0.015179655 0.0014265089 1.2933553e-21)
(0.015287949 0.0015192192 -2.536105e-21)
(0.015409399 0.0016074568 1.2407717e-21)
(0.015543883 0.0016888319 -1.6345787e-25)
(0.015690761 0.0017608659 6.5649388e-23)
(0.015848766 0.0018211616 0)
(0.016016018 0.0018676122 6.3869817e-25)
(0.016190137 0.0018985831 -2.391913e-23)
(0.016368406 0.0019130488 0)
(0.016547974 0.0019106677 0)
(0.016726076 0.0018917779 -3.5106496e-24)
(0.016900226 0.0018573115 -1.3503857e-24)
(0.017068374 0.0018086495 3.1518134e-24)
(0.017228977 0.0017474473 0)
(0.017381015 0.0016754574 1.882353e-24)
(0.017523946 0.0015943746 -1.4933819e-24)
(0.017657621 0.0015057182 0)
(0.017782183 0.001410761 1.0781914e-23)
(0.017897964 0.0013104997 3.1087526e-24)
(0.018005411 0.0012056343 -3.4946986e-22)
(0.018104945 0.0010966164 7.4825828e-22)
(0.018197064 0.00098345876 -4.0138347e-22)
(0.018281592 0.0008666225 0)
(0.0183599 0.00074329606 1.1209893e-21)
(0.018428327 0.00062413816 -1.0495292e-21)
(0.01849727 0.00044974017 0)
(0.014933597 0.0008934139 0)
(0.014997813 0.00097169677 2.6280577e-21)
(0.015066741 0.0010573613 -2.8183656e-21)
(0.015144978 0.0011458562 1.4130608e-21)
(0.015234459 0.0012348162 -2.0683144e-22)
(0.01533602 0.0013222169 -2.3729009e-21)
(0.015450006 0.0014059826 6.6609916e-23)
(0.015576408 0.0014838602 2.2601148e-21)
(0.015714776 0.001553478 -1.0920544e-21)
(0.015864098 0.0016125013 4.9002404e-22)
(0.016022769 0.0016588103 -4.8522403e-22)
(0.016188656 0.0016906732 -1.4801868e-22)
(0.016359249 0.0017068931 1.9080285e-22)
(0.016531843 0.0017069035 6.9545601e-23)
(0.016703752 0.001690788 -6.117974e-23)
(0.016872496 0.0016592203 -3.7195292e-23)
(0.017035964 0.0016133401 3.2849719e-23)
(0.0171925 0.001554591 2.4256311e-23)
(0.017340931 0.0014845517 -3.1469272e-23)
(0.017480537 0.0014047832 1.8649684e-23)
(0.017610971 0.0013167099 -1.5279009e-23)
(0.017732164 0.0012215395 1.6150646e-22)
(0.017844212 0.0011202245 -3.7538884e-22)
(0.017947287 0.0010134401 -5.4718909e-23)
(0.01804149 0.00090164394 6.1213393e-22)
(0.018126934 0.00078493014 1.418388e-24)
(0.018203093 0.00066389987 -3.2459447e-22)
(0.01827079 0.00053615306 8.3226459e-22)
(0.018326762 0.00041221228 -8.8025591e-22)
(0.018378755 0.00023508443 0)
(0.01499352 0.00074648242 1.5701889e-22)
(0.015056233 0.00081920293 -1.5485423e-22)
(0.015123255 0.00089949669 1.5217656e-22)
(0.015198336 0.0009824875 -1.5032833e-22)
(0.015283553 0.0010661234 1.3519642e-21)
(0.01538003 0.001148738 -1.1404928e-21)
(0.015488229 0.0012284329 9.6664927e-22)
(0.015608199 0.0013030394 -1.0371083e-21)
(0.015739626 0.0013702579 0)
(0.015881712 0.0014278056 -5.3945591e-23)
(0.016033085 0.0014735642 -3.4848438e-22)
(0.016191829 0.0015057387 2.0827114e-22)
(0.016355616 0.0015230092 1.4633222e-22)
(0.016521884 0.0015246385 -6.8578854e-23)
(0.016688023 0.0015105104 6.2041911e-23)
(0.016851574 0.0014810899 3.846549e-23)
(0.017010375 0.0014373169 -3.4581818e-23)
(0.017162672 0.0013804582 4.7596355e-23)
(0.01730715 0.0013119468 -1.2809355e-24)
(0.017442911 0.0012332336 -3.5166224e-23)
(0.017569404 0.0011456695 -3.2561097e-24)
(0.017686333 0.0010504256 0)
(0.017793543 0.00094845758 1.7604112e-22)
(0.017890929 0.0008404943 -1.8870677e-22)
(0.017978301 0.00072711079 2.6983758e-22)
(0.018055466 0.00060861367 -2.4828311e-22)
(0.018121662 0.00048585719 -4.3487118e-23)
(0.018177266 0.00035701605 4.0948642e-23)
(0.018219573 0.00023223991 -4.3690569e-23)
(0.018253683 5.877981e-05 0)
(0.015044863 0.00061547418 -1.4910582e-22)
(0.015107061 0.00068359004 -2.0162894e-21)
(0.015173212 0.00075945516 2.3270669e-21)
(0.015246238 0.00083778688 0)
(0.015328354 0.00091679727 -1.3689199e-22)
(0.015420968 0.00099515447 -1.0912489e-21)
(0.015524633 0.0010711242 1.1555716e-21)
(0.015639427 0.0011426169 -1.0392253e-21)
(0.015765135 0.0012074073 8.6730993e-22)
(0.015901135 0.0012632792 5.174425e-23)
(0.016046255 0.0013081411 0)
(0.016198764 0.001340168 1.809841e-22)
(0.016356494 0.001357953 -1.7865639e-22)
(0.016517007 0.0013606272 0)
(0.016677774 0.0013479144 3.3969203e-24)
(0.016836357 0.0013201085 1.3408125e-24)
(0.016990559 0.0012779838 4.4673856e-24)
(0.017138539 0.0012226607 -4.0201695e-23)
(0.017278849 0.0011554551 4.0841498e-23)
(0.017410424 0.0010777368 0)
(0.017532518 0.00099081695 -7.3672582e-25)
(0.017644615 0.00089587332 -8.5139077e-23)
(0.017746322 0.00079392176 7.6684346e-23)
(0.017837291 0.00068581473 -1.5841626e-22)
(0.017917089 0.00057232314 1.6569847e-22)
(0.017985287 0.00045404106 0)
(0.018040975 0.00033215091 0)
(0.018084256 0.00020547775 -6.3369777e-22)
(0.018112903 8.3760866e-05 6.3127238e-22)
(0.018130636 -8.0355417e-05 0)
(0.015090119 0.00049677422 1.3966687e-22)
(0.015152649 0.00056102962 -1.3853117e-22)
(0.01521875 0.00063320181 -1.3599293e-22)
(0.015290586 0.00070755477 1.0418111e-21)
(0.015370528 0.00078254158 8.9925604e-23)
(0.015460253 0.00085715451 -9.5168928e-22)
(0.015560384 0.00092981585 -5.9537323e-23)
(0.015670996 0.00099849348 -8.7381849e-22)
(0.015791945 0.0010610143 4.6784215e-22)
(0.015922764 0.0011152245 3.6026881e-22)
(0.016062458 0.0011590736 0)
(0.016209459 0.0011907293 -2.0260742e-23)
(0.016361737 0.0012087256 1.7943345e-23)
(0.016516969 0.0012120943 0)
(0.016672702 0.0012004346 5.9009226e-26)
(0.016826525 0.0011739056 1.4160451e-24)
(0.016976216 0.0011331498 -4.2399523e-24)
(0.017119854 0.0010791735 -6.256065e-24)
(0.017255874 0.0010132067 0)
(0.017383059 0.00093657151 -2.9131461e-24)
(0.017500484 0.00085057591 -2.3563327e-25)
(0.017607437 0.00075644666 -5.2006045e-23)
(0.017703325 0.0006553077 4.7852441e-23)
(0.017787598 0.00054818619 -1.475798e-23)
(0.01785965 0.0004361009 1.8050401e-22)
(0.017918915 0.00031997504 4.9934169e-23)
(0.017964441 0.00020136639 -1.963303e-22)
(0.017996305 7.9733311e-05 0)
(0.018012625 -3.5557579e-05 0)
(0.018017443 -0.00018626682 2.7756033e-23)
(0.015131862 0.00038768347 -1.3321707e-22)
(0.015195524 0.00044875346 2.0637478e-21)
(0.015262264 0.00051797653 -1.9511818e-21)
(0.015333586 0.00058905523 8.6131147e-22)
(0.015412056 0.00066061139 -1.1147805e-21)
(0.015499645 0.00073197936 0)
(0.015597027 0.00080175984 0)
(0.01570423 0.00086795658 5.3645241e-23)
(0.015821159 0.00092841902 4.4002605e-22)
(0.015947495 0.00098105167 -2.9517731e-23)
(0.016082409 0.0010238618 -6.914031e-22)
(0.016224474 0.0010550304 3.1058812e-22)
(0.016371784 0.0010730538 0)
(0.016522117 0.0010768901 0)
(0.016673099 0.0010660444 4.8697652e-26)
(0.016822348 0.0010405725 5.5615191e-26)
(0.016967622 0.0010010174 0)
(0.017106938 0.00094830143 0)
(0.017238625 0.00088359949 6.9516683e-23)
(0.017361332 0.00080821694 -9.7830194e-23)
(0.017473982 0.00072349206 2.5345719e-23)
(0.017575698 0.00063073545 1.1873449e-23)
(0.017665726 0.00053121478 3.6765073e-24)
(0.017743381 0.00042616502 6.1105886e-24)
(0.017807959 0.00031687927 0)
(0.017858871 0.00020461607 1.3295123e-22)
(0.017895229 9.1306272e-05 -1.6999779e-22)
(0.017917338 -2.3079072e-05 3.8357382e-22)
(0.017923486 -0.00012949261 -3.6113945e-22)
(0.017919476 -0.00026476436 -2.8888581e-14)
(0.015172388 0.00028601907 1.2626906e-22)
(0.015237963 0.00034446402 0)
(0.015305965 0.00041151704 -1.2209737e-22)
(0.015377261 0.00048004375 9.3731212e-22)
(0.015454732 0.00054872456 -3.3247011e-23)
(0.015540742 0.00061731827 -9.1305101e-22)
(0.01563599 0.00068466194 -5.3588576e-23)
(0.015740384 0.00074875878 -7.9279133e-22)
(0.015853849 0.0008074328 8.4288251e-22)
(0.015976226 0.00085864155 -4.5012421e-23)
(0.016106855 0.00090046896 0)
(0.016244436 0.00093112698 1.880737e-23)
(0.016387162 0.00094908906 0)
(0.01653291 0.00095326039 -5.5748311e-23)
(0.016679381 0.00094307932 5.413035e-23)
(0.01682423 0.00091852848 3.8348372e-23)
(0.016965203 0.00088008009 -3.9629223e-23)
(0.017100261 0.00082860132 0)
(0.017227649 0.00076524026 -4.9575619e-24)
(0.017345904 0.00069131391 0)
(0.017453819 0.00060821854 0)
(0.017550393 0.00051737521 -1.712888e-25)
(0.01763476 0.00042021773 1.7052387e-25)
(0.01770616 0.00031820345 0)
(0.017763872 0.00021289811 9.4177659e-23)
(0.017807383 0.00010586701 2.0387089e-23)
(0.017835957 -6.4058444e-07 -1.0928163e-22)
(0.017850306 -0.0001063255 -1.8894334e-23)
(0.01784865 -0.00020237885 0)
(0.017839574 -0.00032192615 2.7668095e-14)
(0.015212804 0.00018999924 -1.2089055e-22)
(0.015281042 0.00024627624 0)
(0.01535092 0.00031205042 0)
(0.015422494 0.00037879424 8.9250185e-22)
(0.015499182 0.00044510948 -8.9735164e-22)
(0.015583964 0.00051136768 -8.3473944e-22)
(0.015677542 0.00057673618 8.8862618e-22)
(0.015779584 0.00063915023 0)
(0.015889995 0.00069633937 -4.6031677e-23)
(0.016008808 0.00074631553 4.3019031e-23)
(0.016135548 0.00078726647 0)
(0.016269019 0.00081744952 0)
(0.016407496 0.00083532419 0)
(0.016548947 0.00083975987 0)
(0.016691151 0.00083015319 -3.1910681e-24)
(0.016831801 0.00080644065 -1.3630542e-24)
(0.016968639 0.00076905048 0)
(0.017099582 0.0007188207 0)
(0.017222805 0.00065689785 0)
(0.017336754 0.0005846347 0)
(0.017440126 0.00050350719 0)
(0.017531828 0.00041506432 0)
(0.017610932 0.00032091499 0)
(0.017676661 0.00022273678 -4.1665168e-23)
(0.017728346 0.00012234139 4.1454336e-23)
(0.017765619 2.1556088e-05 8.0748443e-23)
(0.017787945 -7.7136332e-05 -7.6743561e-23)
(0.017796537 -0.00017324847 0)
(0.01778922 -0.00025792242 0)
(0.0177782 -0.00036227993 -1.4043912e-23)
(0.015251783 9.8102656e-05 0)
(0.015323303 0.00015262477 -1.787766e-21)
(0.015395702 0.00021820615 1.7988952e-21)
(0.015467663 0.00028397353 3.8564604e-25)
(0.015543507 0.00034832989 0)
(0.015627223 0.00041262894 0)
(0.015719478 0.00047649748 -7.6294742e-22)
(0.015819516 0.00053767733 7.6489814e-22)
(0.015927179 0.00059370507 -4.405134e-23)
(0.016042746 0.00064266193 0)
(0.01616595 0.0006828768 0)
(0.016295674 0.00071266205 0)
(0.01643025 0.00073046646 0)
(0.01656773 0.00073513895 0)
(0.016705972 0.00072605791 1.4983229e-24)
(0.016842709 0.00070313819 -1.3736165e-24)
(0.01697568 0.00066678769 0)
(0.017102769 0.00061783853 0)
(0.017222093 0.00055745785 0)
(0.017332028 0.00048705395 0)
(0.017431203 0.00040819771 0)
(0.017518468 0.00032257511 3.8122292e-24)
(0.017592876 0.00023196705 6.3034839e-24)
(0.017653679 0.00013825691 -6.2760507e-24)
(0.017700314 4.3454088e-05 0)
(0.0177326 -5.0397928e-05 0)
(0.017750257 -0.00014074118 3.0564062e-24)
(0.017755021 -0.00022699017 -1.2801742e-22)
(0.017744198 -0.00030022072 1.2722005e-22)
(0.017732161 -0.00039450671 0)
(0.015284482 8.8618941e-06 -1.64369e-21)
(0.015359613 6.2109356e-05 1.6568948e-21)
(0.015435195 0.0001289546 0)
(0.015507444 0.00019462787 9.1821019e-22)
(0.015582122 0.00025727235 -2.7851437e-23)
(0.015664824 0.00031987113 -7.9498295e-22)
(0.015756072 0.00038270699 0)
(0.015854417 0.00044310974 -6.9429584e-22)
(0.015959598 0.00049829227 7.3794997e-22)
(0.016072231 0.00054644399 -3.9664301e-23)
(0.016192284 0.00058607892 0)
(0.01631868 0.00061556494 -1.2896033e-22)
(0.016449778 0.00063333959 1.2901395e-22)
(0.01658371 0.00063824772 0)
(0.016718414 0.00062967229 3.0112551e-24)
(0.016851656 0.00060752801 5.1978192e-24)
(0.016981171 0.00057222278 0)
(0.017104814 0.00052460275 5.2044654e-23)
(0.017220657 0.00046587396 -5.1940102e-23)
(0.017327025 0.00039751511 0)
(0.017422499 0.00032120123 6.7165322e-24)
(0.017505902 0.00023875723 4.7278957e-23)
(0.017576302 0.00015212315 -5.0750358e-23)
(0.017633015 6.3367711e-05 0)
(0.017675627 -2.5368325e-05 1.7095259e-23)
(0.017704126 -0.00011184412 1.2054036e-23)
(0.017718571 -0.00019366632 -2.3316279e-23)
(0.017720784 -0.00026982122 0)
(0.017708758 -0.00033281179 -7.0677316e-23)
(0.017695776 -0.00041179683 6.9493718e-23)
(0.015302068 -7.9169548e-05 -1.0718997e-22)
(0.015380996 -2.673769e-05 -1.5412497e-21)
(0.015460613 4.3366076e-05 2.4561197e-21)
(0.015532906 0.00010998202 -2.4468214e-23)
(0.015605919 0.00017098678 2.193572e-23)
(0.015687686 0.00023204782 -7.6196858e-22)
(0.01577838 0.00029433215 4.4838026e-23)
(0.015875425 0.00035440182 0)
(0.01597844 0.00040901999 -4.0538205e-23)
(0.016088515 0.00045656779 3.8114245e-23)
(0.016205876 0.00049578493 0)
(0.016329443 0.00052507848 -1.2464468e-22)
(0.016457576 0.00054287223 2.2986793e-22)
(0.016588485 0.00054802682 -6.915554e-23)
(0.01672018 0.00053995252 -5.0115724e-23)
(0.016850458 0.00051858316 -3.9064493e-23)
(0.016977041 0.00048434518 -2.1556857e-23)
(0.017097759 0.00043811668 1.1971509e-22)
(0.017210646 0.00038115748 -5.2287324e-23)
(0.017313988 0.00031502642 0)
(0.017406335 0.00024150581 -6.4572404e-24)
(0.017486507 0.00016255545 5.1508027e-24)
(0.017553615 8.0254102e-05 0)
(0.017607051 -3.1646979e-06 -1.9989192e-24)
(0.017646585 -8.5509644e-05 -6.5593699e-25)
(0.017672303 -0.00016431501 1.0252641e-23)
(0.017684763 -0.00023772256 5.3692233e-24)
(0.017685271 -0.00030367299 -4.6025791e-23)
(0.01767416 -0.00035796479 3.4025431e-23)
(0.017657427 -0.0004248211 -2.3799342e-24)
(0.015292907 -0.0001665101 -1.044525e-22)
(0.015376881 -0.0001151243 0)
(0.015462427 -3.9359517e-05 7.202214e-22)
(0.015534689 2.9278922e-05 -2.3177812e-23)
(0.015605478 8.8470838e-05 -7.5336829e-22)
(0.015686504 0.00014812557 -4.4859896e-23)
(0.015777202 0.00021039053 -4.3150503e-23)
(0.015873311 0.00027054731 0)
(0.015974386 0.00032483379 -2.635653e-22)
(0.016082176 0.00037196488 3.0301694e-22)
(0.016197188 0.0004109323 0)
(0.016318297 0.00044014985 1.5795837e-23)
(0.016443853 0.00045802672 -1.0208462e-22)
(0.016572149 0.00046346203 1.1568793e-22)
(0.016701267 0.00045591294 1.8630456e-26)
(0.016829018 0.00043534666 2.2348918e-26)
(0.016953108 0.00040222365 5.8968537e-23)
(0.017071337 0.00035747071 -6.2999569e-23)
(0.017181701 0.00030241474 -6.0295487e-24)
(0.01728245 0.00023870199 0)
(0.017372117 0.00016822151 5.0272643e-23)
(0.017449529 9.3059937e-05 -5.5085896e-23)
(0.017513859 1.5409692e-05 0)
(0.017564569 -6.2346518e-05 1.9258543e-24)
(0.017601646 -0.0001380649 1.677347e-24)
(0.017625132 -0.00020894043 -6.7527022e-24)
(0.017636324 -0.00027414165 4.4072168e-24)
(0.017634813 -0.00032918925 1.8909458e-24)
(0.017625745 -0.00037848269 0)
(0.017600679 -0.00041844355 2.0004198e-24)
(0.015248123 -0.00025203328 1.0077843e-22)
(0.015340893 -0.00020351189 0)
(0.015435795 -0.00011931045 7.8604148e-22)
(0.015507645 -4.7802995e-05 -7.4268862e-22)
(0.015574806 9.0443535e-06 6.5659582e-22)
(0.015654605 6.7516865e-05 -6.6098318e-22)
(0.015745154 0.00013043904 -6.8814102e-22)
(0.015839898 0.00019110943 1.265035e-21)
(0.015938482 0.00024527432 -6.1728284e-22)
(0.016043547 0.0002921591 2.7343829e-22)
(0.01615588 0.000331005 -2.7371264e-22)
(0.016274268 0.00036020833 -3.0496337e-23)
(0.016397055 0.00037818123 0)
(0.016522619 0.00038389674 0)
(0.016649098 0.00037688301 1.6139821e-26)
(0.016774297 0.00035715418 1.9431603e-26)
(0.016895886 0.00032521556 0)
(0.017011618 0.00028205225 -3.5273367e-24)
(0.017119441 0.00022906391 1.1852105e-23)
(0.01721756 0.00016798631 -6.8613001e-23)
(0.017304485 0.00010081262 6.8447381e-23)
(0.017379048 2.9744467e-05 -7.9568868e-23)
(0.017440489 -4.2938723e-05 1.3653714e-22)
(0.017488315 -0.00011470079 -5.3785405e-23)
(0.017522775 -0.00018357234 -2.8046937e-23)
(0.017543668 -0.00024626082 2.7246186e-23)
(0.017553359 -0.00030345994 -1.4234523e-23)
(0.017548499 -0.00034654685 1.374077e-23)
(0.017542165 -0.00039050543 0)
(0.017496783 -0.00040297513 -1.9315279e-24)
(0.015164314 -0.00033680578 0)
(0.015267692 -0.00029361948 -4.7764524e-23)
(0.015374204 -0.0001967073 4.5046071e-23)
(0.015442741 -0.00012186742 0)
(0.015502488 -6.815619e-05 -6.7623072e-22)
(0.015578726 -1.0293735e-05 2.7918044e-23)
(0.015667313 5.4117553e-05 6.5356221e-22)
(0.01575881 0.00011569597 0)
(0.015853073 0.00017003513 0)
(0.015953845 0.00021696274 0)
(0.01606216 0.00025587494 0)
(0.016176667 0.00028514638 1.2784684e-22)
(0.016295688 0.00030322307 -1.0129822e-23)
(0.016417668 0.0003091905 -1.0301366e-22)
(0.016540751 0.00030267969 1.4027105e-26)
(0.01666268 0.0002837858 -1.1937524e-24)
(0.016781045 0.00025308863 -6.1797318e-23)
(0.016893512 0.00021164877 9.5345174e-24)
(0.016997943 0.00016093834 4.6270396e-23)
(0.01709247 0.00010277342 0)
(0.017175561 3.9244482e-05 0)
(0.01724603 -2.7351159e-05 0)
(0.017303193 -9.4674799e-05 0)
(0.017346552 -0.00016010292 4.7850366e-23)
(0.017376731 -0.00022181331 -1.2148596e-23)
(0.017393071 -0.00027572017 -3.4846612e-23)
(0.017399696 -0.00032524 0)
(0.017388213 -0.00035463093 -1.6002696e-24)
(0.017386794 -0.0003977859 1.9594657e-24)
(0.017298143 -0.00036253912 0)
(0.0150006 -0.00041738341 0)
(0.015118684 -0.00038038604 4.6198234e-23)
(0.015241362 -0.00026594986 6.4124033e-22)
(0.015303656 -0.00018960665 -6.8796946e-22)
(0.015351826 -0.00014062148 6.1181141e-22)
(0.015421468 -8.2806195e-05 -1.2842072e-21)
(0.015505147 -1.6609225e-05 6.8930936e-23)
(0.015590301 4.5568484e-05 6.0209737e-22)
(0.015677406 9.987632e-05 0)
(0.015771193 0.00014686312 0)
(0.01587302 0.00018582964 0)
(0.015981408 0.00021515014 1.1689246e-22)
(0.016094629 0.00023336222 -1.0976853e-22)
(0.016211153 0.00023966306 0)
(0.016329056 0.00023375101 1.2078192e-26)
(0.016445936 0.00021580302 1.1854187e-24)
(0.016559211 0.00018650318 0)
(0.016666369 0.00014702092 -5.1809063e-23)
(0.016765108 9.8918904e-05 4.8738584e-23)
(0.016853429 4.4082171e-05 0)
(0.016929712 -1.5317705e-05 0)
(0.016992718 -7.6939958e-05 0)
(0.017041899 -0.00013834966 6.8962671e-23)
(0.017076859 -0.00019686159 -1.9343221e-23)
(0.017098499 -0.00025094454 -9.3609901e-23)
(0.017105089 -0.0002951601 4.3159795e-23)
(0.017104114 -0.00033623572 -2.7483375e-23)
(0.01707856 -0.0003514885 3.0969372e-23)
(0.017086032 -0.0003900528 -1.8974405e-24)
(0.016916082 -0.0002880696 0)
(0.014709456 -0.00050358998 0)
(0.014845154 -0.00046770272 4.6307183e-23)
(0.014986169 -0.00032948201 0)
(0.015035554 -0.00025453164 4.0822602e-23)
(0.015064794 -0.0002098171 4.0305447e-23)
(0.015121035 -0.00014941608 0)
(0.015192672 -8.0296712e-05 0)
(0.015264548 -1.7497106e-05 5.5293158e-22)
(0.01533816 3.6624283e-05 -8.0020918e-22)
(0.015419031 8.3487814e-05 5.1054521e-22)
(0.015508786 0.00012213515 -4.8591948e-22)
(0.015605986 0.00015089968 2.239974e-22)
(0.015708788 0.00016876065 6.3988441e-24)
(0.015815536 0.00017519794 2.9117807e-24)
(0.015924097 0.00016996753 -1.2984286e-24)
(0.01603179 0.00015326777 -1.1489757e-24)
(0.016135713 0.00012583989 -2.0309284e-24)
(0.016233016 8.8921861e-05 -3.4980575e-24)
(0.016321071 4.415763e-05 8.9025315e-23)
(0.016397629 -6.4588776e-06 -1.5452577e-22)
(0.016460889 -6.081605e-05 1.2838624e-22)
(0.016509791 -0.00011644689 -1.5218467e-22)
(0.016543598 -0.00017094482 9.1272199e-23)
(0.016561812 -0.00022154412 0)
(0.016565794 -0.00026713595 0)
(0.016553553 -0.0003002678 -2.3187304e-24)
(0.016535631 -0.00033849975 -4.1963976e-24)
(0.016481699 -0.00032900475 0)
(0.016502101 -0.00036882194 0)
(0.016198114 -0.0001565799 0)
(0.014216402 -0.00058938646 -5.2286325e-23)
(0.014364743 -0.00053854676 1.1475325e-24)
(0.014519323 -0.00037866359 6.4037191e-22)
(0.014543349 -0.00031414479 -3.4075676e-23)
(0.014540486 -0.00027352694 -1.7184041e-23)
(0.014568361 -0.00020812063 -2.7652512e-23)
(0.014611619 -0.00013502837 -5.7284671e-22)
(0.014654423 -7.075867e-05 0)
(0.014700034 -1.5880957e-05 -2.8747167e-22)
(0.014755082 3.1417771e-05 2.2780364e-23)
(0.01482099 7.0958925e-05 4.6525175e-22)
(0.014896728 9.9275274e-05 -1.208178e-22)
(0.01498032 0.00011628713 -1.1850829e-23)
(0.015069545 0.00012215142 -9.808437e-23)
(0.015161612 0.00011704423 0)
(0.015253202 0.00010136061 0)
(0.015340766 7.5982919e-05 -5.7242578e-23)
(0.01542083 4.2159969e-05 1.0136026e-23)
(0.015490214 1.3421484e-06 -3.4780001e-23)
(0.015546234 -4.4270808e-05 1.560648e-22)
(0.015586982 -9.2403121e-05 -1.4997033e-23)
(0.015610852 -0.00014066177 -5.1040323e-23)
(0.015617119 -0.00018677933 0)
(0.015605614 -0.00022822477 -5.9554777e-23)
(0.015578167 -0.00026357219 1.3219669e-23)
(0.01553284 -0.00028716927 7.7730264e-24)
(0.015485021 -0.00030971508 6.5037509e-24)
(0.015386776 -0.00028258241 3.2058355e-23)
(0.01543261 -0.00033436959 -2.2232591e-24)
(0.014932659 3.7711587e-05 0)
(0.013401593 -0.00067293431 5.0862386e-23)
(0.013539291 -0.00058437191 -4.4866611e-23)
(0.013686209 -0.00038877216 -2.0013428e-23)
(0.013658765 -0.00035505525 -3.8759658e-23)
(0.01359313 -0.00031803459 6.1717877e-22)
(0.013557562 -0.00024803195 -6.0043108e-22)
(0.01353767 -0.00017391284 1.3914548e-26)
(0.013520354 -0.00011039814 0)
(0.013511661 -5.6087747e-05 -2.3209347e-22)
(0.013519844 -1.0097209e-05 2.4110496e-22)
(0.01354556 2.5444298e-05 -2.121228e-22)
(0.013586418 5.2384501e-05 2.1941868e-22)
(0.01364077 6.9428804e-05 9.0247603e-23)
(0.013704847 7.5825628e-05 -9.4715957e-23)
(0.013774264 7.1983647e-05 0)
(0.013844195 5.8553252e-05 0)
(0.01390972 3.6677427e-05 -5.7327618e-23)
(0.013966064 8.1056029e-06 5.9939962e-23)
(0.014009235 -2.6168568e-05 8.4348026e-23)
(0.014036083 -6.4261657e-05 -8.6581883e-23)
(0.014043795 -0.0001037778 5.8925309e-23)
(0.014030725 -0.00014244499 -5.9982278e-23)
(0.013996426 -0.00017815757 0)
(0.013941355 -0.00020866833 8.6161693e-27)
(0.013868328 -0.00023267241 -4.6431984e-23)
(0.013776148 -0.00024438304 4.3531263e-23)
(0.013685872 -0.00025688967 2.0371385e-24)
(0.013533716 -0.00020894671 7.6292757e-25)
(0.013624807 -0.00029795044 2.1762503e-24)
(0.012877165 0.00024590424 0)
(0.012049067 -0.00080769361 2.838142e-23)
(0.012120541 -0.0005887553 0)
(0.012204093 -0.00036708901 6.3949267e-22)
(0.0120572 -0.00034191555 -6.036474e-22)
(0.011852632 -0.0002909505 -1.872792e-23)
(0.011685908 -0.00021181952 0)
(0.01155327 -0.00014143523 -5.5383458e-22)
(0.011443777 -8.6589653e-05 5.3865245e-22)
(0.011361747 -4.0893254e-05 -2.439432e-22)
(0.011312311 -2.4615354e-06 2.3714544e-22)
(0.011296611 2.5529708e-05 -2.1609957e-22)
(0.011308655 4.4271238e-05 3.1651499e-22)
(0.011340069 5.3532321e-05 -1.0025295e-22)
(0.011385165 5.4771336e-05 1.3678849e-24)
(0.01143757 4.820021e-05 0)
(0.011490114 3.4518091e-05 0)
(0.011536086 1.4000877e-05 -9.6079166e-25)
(0.011569186 -1.1337194e-05 -4.9126365e-23)
(0.011583778 -3.9149782e-05 1.3176982e-22)
(0.011576461 -6.8255566e-05 -8.2567977e-23)
(0.011544642 -9.7224554e-05 5.743845e-23)
(0.011487151 -0.00012410351 -5.5414796e-23)
(0.011404444 -0.00014709911 6.9747123e-23)
(0.011298602 -0.00016465713 -6.7645989e-23)
(0.011174152 -0.00017559818 0)
(0.011033276 -0.00017648117 1.1842909e-24)
(0.010899211 -0.00017505922 -2.6884353e-23)
(0.010705204 -0.00011044095 2.5095555e-23)
(0.010860329 -0.00025027284 0)
(0.0098637358 0.00054301658 2.2727126e-24)
(0.0097566035 -0.00083451864 -4.2796942e-23)
(0.0096043967 -0.0005393625 0)
(0.0095061562 -0.000421696 -1.0335535e-23)
(0.0091184371 -0.00038780195 -5.8548586e-22)
(0.008680985 -0.00030786231 1.1756011e-21)
(0.0083451027 -0.00020512688 -5.8023071e-22)
(0.0081095338 -0.00012832665 0)
(0.0079454159 -7.7989195e-05 -4.093487e-24)
(0.0078384643 -4.2279315e-05 -2.4519934e-22)
(0.0077810872 -1.6302401e-05 4.7366913e-22)
(0.0077632498 3.5155787e-06 -1.4586785e-23)
(0.0077775791 1.4022286e-05 -2.1258173e-22)
(0.0078137972 1.9104041e-05 -9.1178727e-23)
(0.0078614593 1.9223252e-05 9.1220284e-23)
(0.0079113629 1.6248882e-05 8.2119037e-39)
(0.007954675 1.014829e-05 -8.2108335e-39)
(0.0079839223 1.5625047e-06 5.6644201e-23)
(0.0079948099 -9.8762525e-06 -5.6602149e-23)
(0.0079814612 -2.255456e-05 -8.1709066e-23)
(0.0079408921 -3.5641336e-05 1.3684694e-23)
(0.0078719428 -4.8492337e-05 1.1942779e-22)
(0.0077759894 -5.9248783e-05 -5.301731e-23)
(0.0076560575 -6.8010412e-05 5.6033959e-25)
(0.0075167892 -7.3644469e-05 0)
(0.0073650276 -7.4819445e-05 -3.8903126e-23)
(0.0072077691 -7.0451329e-05 6.8310278e-23)
(0.0070670871 -5.7095033e-05 -2.9781313e-23)
(0.0068991073 -2.9088626e-05 2.4658995e-25)
(0.0071180419 -0.00023730623 0)
(0.0058520583 0.00048778881 -3.3802541e-24)
(0.0053582171 -0.00043431261 1.473238e-23)
(0.0046905684 2.054697e-05 0)
(0.0043991926 0.00010971162 6.6276872e-22)
(0.0039281857 6.1093293e-05 -6.6588092e-22)
(0.0034978215 4.9555619e-05 0)
(0.0032244461 5.2010247e-05 0)
(0.0030781434 4.6532803e-05 -5.3245988e-22)
(0.0030015296 3.949594e-05 1.0462879e-21)
(0.002964521 3.3201362e-05 -5.0558414e-22)
(0.0029583815 2.7579981e-05 2.3184449e-22)
(0.0029738208 2.5481028e-05 -4.4217981e-22)
(0.0030029369 2.4133838e-05 2.1228399e-22)
(0.0030383899 2.0228826e-05 9.065968e-23)
(0.0030729804 1.4467663e-05 -4.9734285e-23)
(0.003101376 7.4176143e-06 -4.0979544e-23)
(0.0031199895 -1.4271078e-06 -3.1989842e-23)
(0.0031233464 -8.5454215e-06 -2.313482e-23)
(0.0031099783 -1.6107838e-05 5.508005e-23)
(0.0030784121 -2.3966036e-05 7.7987111e-23)
(0.0030282327 -2.9884014e-05 -1.3947723e-22)
(0.0029611011 -3.4015425e-05 6.1821649e-23)
(0.0028809376 -3.6241882e-05 -7.8463091e-23)
(0.002791526 -3.6016547e-05 1.3645248e-22)
(0.0026975941 -3.3499012e-05 -5.9271706e-23)
(0.0026050309 -2.9052063e-05 0)
(0.0025205562 -2.30418e-05 0)
(0.0024516634 -1.5083437e-05 -1.6472448e-23)
(0.0023940765 -2.0477115e-05 1.6526897e-23)
(0.0024738679 -0.00014118452 0)
(0.0014722053 0.00066453384 1.1218473e-24)
(-0.00057602141 -0.0008107282 1.3193638e-22)
(0.0047972798 -0.00036286804 0)
(0.012531922 -0.0013681746 0)
(0.017595144 -0.0017883264 0)
(0.01894141 -0.001527497 8.3066493e-23)
(0.018866866 -0.0012019868 -1.3789998e-22)
(0.018635484 -0.0009604609 -3.7749153e-23)
(0.018416079 -0.00077742944 8.8480801e-23)
(0.018256239 -0.00063685728 0)
(0.018154364 -0.00052329726 0)
(0.018093512 -0.00042188191 0)
(0.018056707 -0.00032243487 0)
(0.018032037 -0.00022104683 -4.3372986e-22)
(0.01801221 -0.00011802186 1.8791599e-23)
(0.01799303 -1.5611315e-05 -2.1067055e-14)
(0.017972503 8.3298566e-05 2.0095108e-14)
(0.017950104 0.00017589467 1.7583001e-22)
(0.01792552 0.0002597754 0)
(0.017896928 0.00033291039 3.9287263e-24)
(0.017859593 0.00039341662 -3.7767292e-24)
(0.017803993 0.00043842881 8.7044078e-25)
(0.017713637 0.00046612825 -8.3988683e-25)
(0.017559142 0.0004661559 0)
(0.017290226 0.00042796118 0)
(0.016824667 0.00033718698 0)
(0.016044148 0.00017391929 0)
(0.01480109 -6.3561553e-05 0)
(0.012957932 -0.00035061142 -5.4525923e-24)
(0.010510939 -0.00066004415 8.1603978e-24)
(0.0069606287 -0.00086511765 -2.7255258e-24)
(-0.00081142027 -0.00099709217 -8.7288691e-21)
(0.003126126 -0.0002910692 6.9313929e-21)
(0.010014331 -0.0010027049 0)
(0.015871328 -0.0015233974 -4.2393901e-21)
(0.018526158 -0.0014707869 9.3968713e-23)
(0.018888059 -0.0011841849 2.4575747e-21)
(0.018757032 -0.00093431501 6.5021099e-23)
(0.01854557 -0.00075447323 1.5549621e-21)
(0.018355655 -0.0006201595 0)
(0.018224235 -0.00051456051 9.5901539e-22)
(0.018146793 -0.00042362096 7.6542397e-22)
(0.018105009 -0.00033525392 -3.3738384e-23)
(0.018081788 -0.00024289924 -3.9851473e-23)
(0.018065618 -0.00014521736 0)
(0.018049699 -4.410127e-05 3.5646144e-22)
(0.018030583 5.7114437e-05 0)
(0.018007299 0.00015489723 -1.8936747e-22)
(0.017980392 0.00024628728 -1.9981122e-22)
(0.01795071 0.0003290786 -7.1730368e-24)
(0.01791827 0.00040211706 -1.1503494e-22)
(0.017881142 0.00046455109 0)
(0.017834162 0.00051783574 0)
(0.017768032 0.0005589516 -3.5002157e-25)
(0.017664164 0.00059908918 3.3854948e-25)
(0.017490584 0.00061927951 0)
(0.01719047 0.00060991726 -4.5149193e-25)
(0.016687238 0.00055128472 4.4059536e-25)
(0.015836318 0.00044104003 0)
(0.014710955 0.00024423559 0)
(0.012508086 -7.573014e-05 0)
(-0.00097433196 -0.0011241597 8.9779723e-21)
(0.00177414 -0.00029264634 -7.2988954e-21)
(0.0074337596 -0.00072135164 0)
(0.013426184 -0.0011926541 2.1964794e-21)
(0.017391279 -0.0013401062 0)
(0.018755961 -0.0011447111 -2.6926435e-21)
(0.018810162 -0.00089488774 0)
(0.018681681 -0.0007135763 -1.489041e-21)
(0.018488215 -0.00058777716 -9.0135181e-23)
(0.018324549 -0.00049400919 -9.1535035e-22)
(0.018217509 -0.00041652616 -8.344045e-22)
(0.018160007 -0.00034182791 3.9579471e-23)
(0.01813371 -0.000261359 4.8211905e-22)
(0.018122058 -0.00017183273 0)
(0.018113354 -7.4230628e-05 -3.3784268e-22)
(0.018100684 2.7988696e-05 -2.219103e-23)
(0.018081099 0.00013045826 0)
(0.018054514 0.00022907216 2.0202247e-22)
(0.018022542 0.00032045608 0)
(0.017987463 0.00040231041 2.1098951e-22)
(0.017951306 0.00047334036 6.5693331e-23)
(0.01791504 0.00053380252 5.531405e-23)
(0.017877434 0.00058388758 1.9198985e-24)
(0.017834176 0.00062097667 2.3406267e-23)
(0.017777408 0.00064393772 0)
(0.017684738 0.0006539911 6.7958027e-24)
(0.017528088 0.00064333907 -4.1676727e-25)
(0.017212765 0.0006172352 -1.0980556e-23)
(0.016812449 0.00057953359 3.5236259e-25)
(0.015726011 0.0004253442 -4.5156543e-23)
(-0.0010729509 -0.0011962593 4.3425779e-21)
(0.000795762 -0.00038458653 -3.6641264e-21)
(0.005094404 -0.00053618224 -9.8745839e-23)
(0.010588297 -0.00085386726 9.2259972e-23)
(0.0152513 -0.0010679345 -2.5218116e-22)
(0.017943466 -0.001026427 1.2809744e-23)
(0.018730749 -0.00083457708 1.2867258e-23)
(0.018721259 -0.00066099575 1.0799491e-21)
(0.018603659 -0.00054251424 7.9029646e-22)
(0.01844251 -0.00046194868 0)
(0.018309763 -0.00040177196 5.5206266e-22)
(0.01822739 -0.00034506118 -5.1880852e-23)
(0.018188071 -0.00028054106 3.3852121e-22)
(0.018175805 -0.00020240851 2.8889825e-22)
(0.018174376 -0.00011059763 2.2238322e-22)
(0.018171821 -8.484269e-06 2.2098177e-22)
(0.018161094 9.8665595e-05 1.9280467e-22)
(0.018139395 0.00020529016 2.2918892e-24)
(0.018106906 0.00030644288 1.5688848e-22)
(0.018065671 0.00039817029 2.8159259e-23)
(0.018018575 0.00047764671 2.4822851e-23)
(0.017968499 0.00054313457 -5.2636808e-23)
(0.017917537 0.00059415892 0)
(0.017865344 0.0006286828 -2.6501443e-23)
(0.01780921 0.00064787569 1.0321968e-24)
(0.017742735 0.00064897074 -7.3655212e-24)
(0.017662731 0.00063710995 1.2787721e-24)
(0.017527289 0.00061224043 1.0592757e-23)
(0.017400013 0.00059557598 4.6459459e-23)
(0.017033495 0.00054141606 4.5261402e-23)
(-0.0011156931 -0.0012315927 -4.3322061e-21)
(0.00012214776 -0.00052787057 3.9110351e-21)
(0.00316944 -0.00049101626 2.1760695e-22)
(0.0076891034 -0.00060449723 5.4786979e-21)
(0.012387616 -0.00075029309 2.4738412e-21)
(0.01600009 -0.00078963538 -1.1877647e-22)
(0.017993722 -0.00069220114 1.4910618e-21)
(0.018610104 -0.00055915949 -2.2011894e-21)
(0.018597962 -0.00046498106 -7.5671246e-22)
(0.018516029 -0.00040906507 6.9595635e-22)
(0.018403212 -0.00037038196 -1.300978e-23)
(0.018311866 -0.00033698118 4.8256943e-22)
(0.018258134 -0.00029585769 3.3964721e-23)
(0.018238252 -0.00023630922 6.8111659e-23)
(0.018238592 -0.00015599906 -2.8875542e-22)
(0.018244616 -5.7574361e-05 3.1807796e-23)
(0.018245116 5.3424189e-05 -1.9260274e-22)
(0.01823367 0.00017024386 0)
(0.01820753 0.00028586423 3.4530111e-23)
(0.018166817 0.00039411188 4.1545437e-23)
(0.018113831 0.00049049006 -9.6482286e-23)
(0.018052037 0.00057201805 9.7713599e-23)
(0.017985417 0.00063719537 -8.0698082e-23)
(0.017917422 0.00068525089 5.6678093e-23)
(0.017850311 0.00071674087 2.0918957e-24)
(0.017782968 0.00072940185 1.9456745e-23)
(0.01771778 0.00073052293 7.645392e-25)
(0.017637983 0.00071374617 5.586202e-25)
(0.017560037 0.00069973942 -8.146865e-23)
(0.017430168 0.00066139434 0)
(-0.0011248177 -0.0012358933 -4.5809243e-21)
(-0.00033510731 -0.00065572365 0)
(0.0017266416 -0.0005487159 3.6669865e-21)
(0.0050691221 -0.00048707109 -3.0651162e-21)
(0.0091905945 -0.00050195884 -5.092634e-21)
(0.013094316 -0.00050403201 -2.1175695e-21)
(0.0160037 -0.00044995063 2.3235483e-22)
(0.017724949 -0.00036649514 -2.2236602e-22)
(0.018364035 -0.00030607139 0)
(0.018441346 -0.00029444636 -1.5126653e-21)
(0.018401692 -0.00030243559 -1.192612e-21)
(0.018354576 -0.00030629354 -9.6184879e-22)
(0.018317095 -0.00029842534 -8.210048e-22)
(0.018309678 -0.00026906937 -3.0565798e-22)
(0.018316792 -0.00020723631 0)
(0.018332288 -0.00011712844 -2.5591464e-22)
(0.018344534 -6.6397353e-06 0)
(0.018345238 0.00011771537 0)
(0.018329228 0.00024895641 -1.7787421e-22)
(0.018294626 0.00037886038 -1.5312901e-22)
(0.01824254 0.00050004249 -8.5436519e-24)
(0.018175686 0.00060696997 -9.6325766e-23)
(0.018098068 0.00069607479 -3.4989108e-23)
(0.018014249 0.00076569201 -1.5052873e-22)
(0.017929017 0.00081560019 0)
(0.017844419 0.0008460005 -2.0269311e-23)
(0.017763144 0.00086060678 -6.5639099e-25)
(0.017682664 0.00085866257 0)
(0.017603893 0.00085077686 3.4111344e-23)
(0.017527521 0.00082121662 0)
(-0.0011037439 -0.0012122791 4.6511141e-21)
(-0.00064566291 -0.00075430863 -4.0297685e-21)
(0.00070638568 -0.00064003421 -3.6863875e-21)
(0.0029624422 -0.00048692893 -3.0813319e-22)
(0.0061254529 -0.00037320546 3.1163379e-21)
(0.0096741227 -0.00027733821 2.1300902e-21)
(0.012925357 -0.00018418544 -1.9242652e-21)
(0.015439354 -0.00010365588 1.5041143e-21)
(0.017090336 -6.0356714e-05 -1.1948538e-21)
(0.017897284 -7.1617011e-05 8.1650773e-22)
(0.018175169 -0.00013312932 -6.376171e-23)
(0.018243515 -0.00021052296 1.0278317e-21)
(0.018270854 -0.00027031652 4.7599793e-22)
(0.018305548 -0.00028542266 -4.724265e-23)
(0.018362129 -0.00026674604 2.147993e-23)
(0.018417674 -0.00019909143 0)
(0.018462146 -9.0425851e-05 0)
(0.01848732 4.4076828e-05 -2.7711648e-22)
(0.018487943 0.0001919871 0)
(0.018462635 0.0003441737 1.2848586e-23)
(0.01841261 0.00049284214 -1.2334627e-23)
(0.018340533 0.00063047608 -1.9586659e-22)
(0.01825037 0.00075029934 1.1850297e-22)
(0.018147383 0.00084781204 -3.0291714e-23)
(0.01803812 0.00092190906 0)
(0.017927591 0.00097298806 1.4409564e-24)
(0.01781949 0.0010031845 -6.7507903e-25)
(0.017716883 0.0010141213 -2.4666372e-23)
(0.017618815 0.0010129767 0)
(0.017535987 0.00099031897 1.8749455e-23)
(-0.0010598673 -0.0011662994 0)
(-0.00085709092 -0.00082171582 4.1013933e-21)
(-2.4987444e-05 -0.00070471639 1.1801642e-22)
(0.0013997458 -0.00051437931 -3.4311807e-21)
(0.0035517106 -0.00033600844 2.7938673e-21)
(0.0062994557 -0.00015763846 3.1514373e-22)
(0.0092576546 1.1881098e-05 -1.3487614e-22)
(0.012002299 0.00014704388 0)
(0.014267076 0.00022087214 1.1828006e-21)
(0.015924067 0.00021863238 1.1822768e-23)
(0.016996139 0.00014158053 1.6133849e-21)
(0.017606285 1.558037e-05 -5.6834781e-22)
(0.017928724 -0.00013000834 -5.0562474e-22)
(0.018112356 -0.00024702604 -4.176796e-22)
(0.018263167 -0.00029714115 2.2572285e-23)
(0.018404233 -0.0002838086 -3.2878652e-22)
(0.018530563 -0.00021472469 0)
(0.018631214 -8.2181467e-05 2.7992923e-22)
(0.018690256 8.8782962e-05 -3.0566642e-22)
(0.018697265 0.00027719717 0)
(0.018662807 0.00046537982 0)
(0.018593133 0.00064630019 4.3052453e-22)
(0.01848996 0.00080991863 0)
(0.018361213 0.0009445937 1.3039524e-22)
(0.018218869 0.0010478678 1.4455116e-22)
(0.018071491 0.0011227186 0)
(0.017924534 0.0011723163 8.0919782e-23)
(0.017783891 0.0011984394 2.4104046e-23)
(0.017651106 0.0012064034 -5.4431638e-27)
(0.017537572 0.0011880274 -1.8517075e-23)
(-0.0010030602 -0.0010934628 0)
(-0.0010156137 -0.00084222966 0)
(-0.00057047808 -0.00071850926 0)
(0.00026909611 -0.00052785661 3.6325861e-21)
(0.001593867 -0.00032889819 -3.2345689e-21)
(0.0034262814 -0.00011062078 0)
(0.0056577994 0.00011694267 -1.4043288e-22)
(0.0080439259 0.00031963699 1.0917245e-21)
(0.010341282 0.00045903603 0)
(0.012368488 0.00050484228 6.6490886e-23)
(0.014026809 0.00045008964 -8.9621791e-22)
(0.015334551 0.00031280779 0)
(0.016326082 0.00012656447 4.8940719e-22)
(0.017059295 -6.6978052e-05 1.768585e-22)
(0.017606369 -0.0002138037 1.9870131e-22)
(0.018006589 -0.00029230791 3.3449305e-22)
(0.018322201 -0.00028155175 0)
(0.018569943 -0.00020733308 -1.9378349e-22)
(0.018748656 -5.0396677e-05 3.2923505e-22)
(0.018886487 0.00015751016 -1.991403e-23)
(0.018924943 0.00038755142 -1.4813399e-22)
(0.01889978 0.00062615427 -2.4438835e-22)
(0.018831531 0.00085900973 0)
(0.018696371 0.0010655359 0)
(0.018523501 0.0012286888 -2.4542854e-22)
(0.018334795 0.0013449371 -9.1995934e-23)
(0.01813944 0.0014194983 -1.4115201e-22)
(0.017945146 0.0014581978 -4.4441473e-23)
(0.017758018 0.0014697905 -2.7251538e-23)
(0.017589368 0.0014476195 -1.5268829e-25)
(-0.00092817482 -0.00099666185 0)
(-0.0011312512 -0.00081584917 0)
(-0.00098772653 -0.0006885404 0)
(-0.00056677757 -0.00050353781 -1.7375576e-21)
(0.00016849439 -0.00030150127 1.5852227e-21)
(0.0012297747 -7.0352136e-05 1.3244948e-21)
(0.0026339634 0.0001834299 -1.0793651e-21)
(0.0043066586 0.00042832987 -1.1621063e-21)
(0.0061219097 0.00062541417 9.2123444e-22)
(0.0079437679 0.00073273437 0)
(0.0096619439 0.0007254386 5.7999537e-22)
(0.011229063 0.00060652743 -5.2216052e-23)
(0.012636944 0.00040563597 3.1260245e-23)
(0.013883468 0.00016634706 1.8318293e-22)
(0.015027878 -5.7467878e-05 -8.5690117e-24)
(0.016046768 -0.00022241893 0)
(0.016922015 -0.00028955286 0)
(0.0176622 -0.00025165163 1.762001e-22)
(0.018208106 -0.00011204256 1.7528774e-22)
(0.018596979 0.00010999901 2.2900534e-23)
(0.018828107 0.00038344091 1.6901191e-22)
(0.018925423 0.00066692259 2.0507639e-22)
(0.018937557 0.00093792795 0)
(0.018902676 0.0011933368 1.7221279e-22)
(0.018781291 0.0014209116 1.0553969e-22)
(0.018602767 0.0016046055 8.6804519e-23)
(0.018391511 0.0017382984 6.0935181e-23)
(0.018161978 0.0018180447 4.3152161e-23)
(0.017928672 0.0018489717 7.6348472e-23)
(0.017707799 0.0018239545 2.7350021e-23)
(-0.00083945876 -0.00088598292 0)
(-0.0012097477 -0.00075171301 6.8973387e-23)
(-0.0013047467 -0.00061884161 1.9757712e-21)
(-0.0011901935 -0.00043887672 1.7442236e-21)
(-0.00087147054 -0.00023489445 -1.6844544e-21)
(-0.00035763544 3.600388e-06 -2.1756116e-23)
(0.00036481597 0.00026840372 1.2858401e-21)
(0.0012970446 0.00053406371 0)
(0.0024086517 0.00076380297 -8.6243218e-22)
(0.0036405911 0.00091371125 -6.5179855e-24)
(0.0049309646 0.00094753952 -6.3156732e-22)
(0.006237632 0.00085325928 -4.2057411e-22)
(0.0075496726 0.00064670095 0)
(0.0088596237 0.00036224317 1.3052925e-23)
(0.010184176 5.5128645e-05 -3.8171709e-22)
(0.011531314 -0.00021142996 0)
(0.012872098 -0.00038534245 0)
(0.014212503 -0.00042380435 0)
(0.015470856 -0.00030718749 -2.0745705e-22)
(0.016564684 -4.7531069e-05 0)
(0.01745223 0.00032207757 0)
(0.018079551 0.00073634501 -2.0885567e-22)
(0.018415176 0.0011323241 0)
(0.018554577 0.0014837436 -1.7406536e-22)
(0.018564293 0.0017826364 -2.12769e-22)
(0.01846971 0.0020182119 1.7540439e-22)
(0.018322152 0.0021842904 -1.3612852e-22)
(0.018141718 0.0022865006 -1.0602968e-22)
(0.0179248 0.0023364981 2.6309e-23)
(0.017700018 0.002317396 -7.3308402e-23)
(-0.00075183676 -0.00075464255 0)
(-0.0012624087 -0.00064880974 -6.9360234e-23)
(-0.0015392416 -0.00051471661 -1.8758739e-21)
(-0.0016482985 -0.00033919204 0)
(-0.0016201669 -0.00013213265 0)
(-0.0014770374 0.00011507187 -1.3302319e-21)
(-0.0012212692 0.00038887071 -6.2848304e-22)
(-0.00084776941 0.00066754915 -6.2900536e-22)
(-0.00035649871 0.00091228812 0)
(0.00024450771 0.001080665 -4.7749401e-23)
(0.00093888659 0.0011286147 -2.9521523e-22)
(0.0017103896 0.0010322078 2.1130686e-22)
(0.0025613624 0.00079420912 2.0463715e-22)
(0.0035026188 0.00043976937 0)
(0.0045519901 2.2281939e-05 1.8561242e-22)
(0.005726126 -0.0003927948 1.1293855e-23)
(0.0070310779 -0.00073572113 0)
(0.0084679339 -0.00094026182 0)
(0.010001258 -0.00094398724 -1.1648051e-22)
(0.011550304 -0.0007204849 -1.3650569e-22)
(0.013043628 -0.00028923996 1.9991369e-23)
(0.014401383 0.0002893369 -3.8920683e-23)
(0.015511577 0.00092459535 1.8389165e-22)
(0.01633066 0.0015305191 1.6470886e-22)
(0.016878853 0.0020496924 2.0449514e-22)
(0.017194663 0.002456216 -5.884237e-23)
(0.017313253 0.0027619176 1.4233671e-22)
(0.017304807 0.002920736 1.8075852e-22)
(0.017209773 0.0029980389 -7.4608926e-23)
(0.017093863 0.0029790715 4.5766491e-23)
(-0.00067411975 -0.00059946445 1.3100839e-21)
(-0.0012932998 -0.00051436566 0)
(-0.0017028862 -0.00038359734 0)
(-0.0019679831 -0.00021223285 0)
(-0.0021354124 -1.6691247e-06 0)
(-0.0022333925 0.00025287348 -6.7862128e-22)
(-0.0022703954 0.00053783794 6.2324229e-22)
(-0.0022481648 0.00082535988 5.5263818e-22)
(-0.0021638439 0.0010755954 0)
(-0.0020130535 0.0012434223 0)
(-0.0017943291 0.0012825042 3.796718e-22)
(-0.0015069085 0.0011608861 1.9879212e-22)
(-0.0011420964 0.0008709264 5.1825553e-23)
(-0.0006827741 0.0004294247 2.3593073e-22)
(-0.00011505684 -0.00011894051 0)
(0.00058685675 -0.00071079673 0)
(0.0014491803 -0.001266665 0)
(0.0024874456 -0.0017050738 0)
(0.0037205579 -0.0019379364 1.2427505e-22)
(0.0051338671 -0.0018929297 2.8259495e-22)
(0.0066658892 -0.0015431827 -1.6801722e-22)
(0.0082332195 -0.00092430835 1.0745744e-23)
(0.0097403004 -0.0001128738 8.9465161e-24)
(0.011073446 0.0007592762 -1.662302e-22)
(0.01217951 0.0015826093 9.7927572e-24)
(0.013065078 0.0022908793 1.4524055e-23)
(0.01373892 0.002844889 1.1527991e-22)
(0.014223074 0.0032440379 -7.5980988e-23)
(0.01452655 0.0035440374 -6.650849e-23)
(0.014770933 0.003595985 4.1703108e-23)
(-0.00061171227 -0.00042952255 -1.3114057e-21)
(-0.0013083787 -0.00035579843 3.4898396e-23)
(-0.001803021 -0.00023317049 -2.9649515e-23)
(-0.0021643941 -6.6998792e-05 4.1709852e-22)
(-0.0024489418 0.0001472079 -2.3473202e-23)
(-0.0026871392 0.0004097355 6.9774885e-22)
(-0.0028913757 0.00070463479 2.9605576e-22)
(-0.0030669611 0.0010008395 -2.3315146e-22)
(-0.0032138438 0.0012570993 -8.2100709e-25)
(-0.0033300149 0.0014256521 -2.7044348e-23)
(-0.003413035 0.0014582113 2.2505194e-23)
(-0.0034582661 0.0013170824 -1.9496271e-22)
(-0.0034537357 0.00098509745 -2.6752356e-22)
(-0.0033788342 0.00047401991 -1.9042775e-22)
(-0.0032148168 -0.00018165262 0)
(-0.0029496186 -0.00091268703 -1.0750387e-22)
(-0.0025715799 -0.0016510109 0)
(-0.002063062 -0.002307121 0)
(-0.0014057618 -0.00279104 0)
(-0.00057438791 -0.0030266283 -8.1221246e-23)
(0.0004348488 -0.0029366822 1.85843e-22)
(0.0016289943 -0.0025032958 0)
(0.0029823848 -0.0017634691 -1.9898064e-22)
(0.0043793773 -0.00081152989 0)
(0.0056995925 0.00021121879 5.4337199e-24)
(0.0068666736 0.0011703266 -1.6058752e-22)
(0.0078737275 0.001994881 -1.2923504e-22)
(0.008729458 0.0026542801 1.7890212e-24)
(0.0094175508 0.0031280972 7.031617e-23)
(0.01004879 0.003397792 -2.4193586e-23)
(-0.00057580724 -0.0002512647 5.0409995e-24)
(-0.0013127036 -0.00018265135 4.9098804e-37)
(-0.0018448655 -7.2338504e-05 -1.5011663e-23)
(-0.0022460929 8.6871833e-05 -4.1898546e-22)
(-0.0025760734 0.00030341198 2.2835714e-23)
(-0.0028665409 0.0005733254 -1.0105313e-23)
(-0.0031305922 0.00087709408 -2.9414479e-22)
(-0.0033745942 0.0011821157 2.6452505e-22)
(-0.0036015368 0.0014462286 -1.4876125e-23)
(-0.003809379 0.0016192648 6.8738592e-24)
(-0.0039944573 0.0016512142 6.2799279e-24)
(-0.0041496422 0.0014987696 1.7233608e-22)
(-0.0042502096 0.0011353605 6.6302332e-37)
(-0.0043054271 0.00056454349 0)
(-0.0042998653 -0.00017362925 0)
(-0.0042249154 -0.001005369 1.0224671e-22)
(-0.004088437 -0.0018731243 1.9518634e-25)
(-0.0038872858 -0.0026799829 1.7978429e-25)
(-0.0036248501 -0.0033323928 5.7727479e-24)
(-0.0033073768 -0.0037503971 -7.9285597e-23)
(-0.0029244014 -0.0039088726 -2.4900707e-24)
(-0.0024453991 -0.0037380428 -2.3024223e-37)
(-0.0018354243 -0.0032547837 2.2374803e-24)
(-0.0010710484 -0.002499324 -2.1812692e-24)
(-0.00016668086 -0.0015639779 -2.0149701e-24)
(0.00080808675 -0.00056816703 2.8254136e-24)
(0.0017181689 0.00038441893 -8.4685316e-25)
(0.0025372185 0.0012368416 2.7098113e-25)
(0.0032579917 0.001939283 -2.5956056e-25)
(0.0039206429 0.0024854596 -2.1074729e-23)
(-0.00057035625 -6.7514222e-05 -5.0427293e-24)
(-0.0013074324 -5.4228971e-06 -4.9236918e-37)
(-0.0018319356 8.9434647e-05 -7.407177e-24)
(-0.0022183952 0.00023890555 -4.1121624e-22)
(-0.0025250977 0.00045441105 2.2262515e-23)
(-0.0027832978 0.00072653619 -9.8406388e-24)
(-0.0030048118 0.0010322454 -2.8058665e-22)
(-0.0031893342 0.0013407859 2.568159e-22)
(-0.0033542454 0.0016067808 -7.5682223e-24)
(-0.0034975467 0.0017762758 -2.059378e-25)
(-0.0036218229 0.0017983858 6.6341797e-24)
(-0.0037351424 0.0016243801 2.209672e-22)
(-0.003826988 0.0012314927 -6.4313459e-24)
(-0.0038948411 0.00062440833 6.0756572e-24)
(-0.0038862659 -0.00016023057 0)
(-0.0037849731 -0.00107044 1.8758443e-22)
(-0.0036514708 -0.0019941938 4.9948408e-24)
(-0.0034932727 -0.0028347303 -7.9615083e-24)
(-0.0033359402 -0.0035095819 1.4125471e-23)
(-0.0031836635 -0.0039634115 -9.5377644e-23)
(-0.0030360214 -0.0041819865 -2.5047248e-24)
(-0.0028825605 -0.0041317627 2.2841182e-37)
(-0.0026950239 -0.0038286165 -1.0816224e-24)
(-0.0024505417 -0.0032938483 3.1439255e-25)
(-0.0021237198 -0.002569347 4.8790298e-25)
(-0.0017124689 -0.0017132866 3.263834e-25)
(-0.0012186805 -0.00079287029 -1.0559509e-25)
(-0.00068452738 0.00011120968 -2.7244876e-26)
(-0.00016922176 0.0009216547 2.6445713e-26)
(0.00040686456 0.0015957352 2.5391154e-23)
(-0.00059288544 0.00011352996 -1.2582073e-21)
(-0.0012932162 0.00016524904 0)
(-0.0017663926 0.00024248911 0)
(-0.0020854044 0.00037828339 4.0192354e-22)
(-0.0023025875 0.0005872552 2.1761171e-23)
(-0.0024462567 0.00085545206 5.9083327e-22)
(-0.0025266678 0.0011580543 2.8039071e-22)
(-0.0025479179 0.0014636474 -2.8979353e-22)
(-0.0025060113 0.0017311857 2.9710504e-23)
(-0.0024007956 0.0018968723 0)
(-0.0022223986 0.0019216381 -3.0371166e-23)
(-0.0019463418 0.001743087 -1.9626068e-22)
(-0.0015457904 0.0013447695 -5.0144293e-22)
(-0.0010066398 0.00071915517 -5.0618159e-22)
(-0.00038624537 -0.00010092605 0)
(0.00025793228 -0.0010432516 -1.9924988e-22)
(0.00092041672 -0.0019641088 0)
(0.0015131055 -0.0027617015 0)
(0.0019844674 -0.0033664445 0)
(0.0023085792 -0.0037409302 -7.2180025e-23)
(0.0024884309 -0.0038827632 1.0010845e-22)
(0.0025442059 -0.0038069462 0)
(0.0025222622 -0.0035404154 -6.8763993e-24)
(0.002473527 -0.0031174551 0)
(0.0024514934 -0.0025750646 1.8270467e-24)
(0.0025049704 -0.001955261 7.0312386e-23)
(0.002663508 -0.0013034258 7.9889701e-23)
(0.0029601773 -0.00066943846 1.2446126e-24)
(0.0033422004 -7.9319893e-05 -8.2457465e-23)
(0.0039574547 0.00039255534 5.3617177e-23)
(-0.00064366024 0.00028455829 1.2177908e-21)
(-0.0012702473 0.00031926007 0)
(-0.001649448 0.00037770856 0)
(-0.001850999 0.00049496343 0)
(-0.0019171816 0.0006895955 0)
(-0.0018718236 0.00094340965 -6.101181e-22)
(-0.0017197019 0.0012287674 5.4366335e-22)
(-0.001459405 0.001509061 5.0926689e-22)
(-0.0010803301 0.0017358123 0)
(-0.00056875082 0.0018550118 0)
(8.3834565e-05 0.0018156915 4.4218563e-22)
(0.00088743481 0.0015509204 5.8252274e-22)
(0.0018353557 0.0010389131 4.0909251e-23)
(0.0029093671 0.00030119134 4.3237243e-22)
(0.0040454336 -0.00057735857 0)
(0.0051602555 -0.0014797213 0)
(0.0061844454 -0.0023073164 0)
(0.0070645316 -0.0029693301 0)
(0.0077684917 -0.0033868369 2.0761176e-22)
(0.0083029541 -0.0035542633 3.1109067e-22)
(0.0086960562 -0.0034939757 -1.0980963e-22)
(0.0089892068 -0.0032448303 0)
(0.0092252753 -0.0028544086 1.075226e-23)
(0.0094425782 -0.0023740693 3.2048758e-23)
(0.0096734125 -0.0018510855 4.1146489e-24)
(0.0099449632 -0.0013243483 -6.4020232e-24)
(0.010268498 -0.00082513495 -7.7115975e-23)
(0.010672579 -0.00037989406 6.6483168e-23)
(0.011108967 -1.713208e-05 7.5883685e-23)
(0.011747152 0.00024607685 -7.2044726e-23)
(-0.00071722628 0.0004425088 0)
(-0.0012378569 0.00044589017 6.5748176e-23)
(-0.001480973 0.00048681093 -1.8432259e-21)
(-0.0015176933 0.0005805423 0)
(-0.0013762617 0.0007517401 0)
(-0.0010769007 0.00097755991 -1.258107e-21)
(-0.00061897181 0.0012261202 -5.5044905e-22)
(3.7610395e-06 0.0014581297 -4.51889e-22)
(0.00079855802 0.0016240648 0)
(0.0017755582 0.0016675845 6.529154e-23)
(0.0029453247 0.0015263052 -5.5851504e-22)
(0.0043053665 0.0011530768 5.2194977e-22)
(0.005828192 0.00055035226 4.3880775e-22)
(0.0074338419 -0.00023266048 5.9784576e-23)
(0.0089907361 -0.0011007686 9.1096567e-22)
(0.01037463 -0.0019273522 -5.0339504e-23)
(0.011504436 -0.0026027389 0)
(0.012355282 -0.0030807958 0)
(0.012945546 -0.0033070877 -1.9568702e-22)
(0.013337685 -0.0032866052 -1.3230293e-22)
(0.013600195 -0.0031015254 -6.0157581e-24)
(0.013792318 -0.0027866453 7.1709327e-24)
(0.013960682 -0.0023834531 -5.4680371e-24)
(0.014139954 -0.0019340427 -2.8263593e-23)
(0.014351339 -0.0014766324 -6.8117589e-23)
(0.014604982 -0.0010426236 2.1978594e-23)
(0.014901181 -0.00065927819 -8.6940253e-23)
(0.015241064 -0.00034459598 -1.5014337e-22)
(0.015603897 -0.00010697049 8.3342002e-23)
(0.016016141 5.9928511e-05 -7.6518142e-23)
(-0.00080169542 0.00058043166 0)
(-0.001187804 0.00054155536 -6.4427283e-23)
(-0.0012587653 0.00056474159 1.7135656e-21)
(-0.0010832797 0.00062927065 1.5104494e-21)
(-0.00067789348 0.00076899697 -1.2327678e-21)
(-6.1026238e-05 0.0009566449 1.7007874e-23)
(0.00077128041 0.0011545306 1.0684917e-21)
(0.0018273855 0.0013220951 0)
(0.003109431 0.0014058415 -1.04795e-21)
(0.0046419779 0.0013407935 -6.0107538e-24)
(0.0064198223 0.0010788362 -8.5705906e-22)
(0.0083903596 0.00059755435 -1.0292135e-21)
(0.010401549 -6.6369016e-05 0)
(0.012281696 -0.00082555142 0)
(0.013847468 -0.0015678978 -1.5116333e-21)
(0.015023559 -0.0021808593 0)
(0.015789244 -0.0026097913 0)
(0.016211358 -0.0028269515 0)
(0.016384613 -0.0028492673 -2.5633083e-22)
(0.016410002 -0.0027210347 0)
(0.016368129 -0.0024848413 0)
(0.016307337 -0.00217857 -5.19819e-23)
(0.016262321 -0.0018364858 0)
(0.016255062 -0.0014880062 1.7151232e-23)
(0.016294213 -0.0011561997 6.2641424e-23)
(0.016379007 -0.00085856399 -7.914546e-23)
(0.016503787 -0.00060745169 8.6958948e-23)
(0.016657978 -0.00041054411 8.5172706e-23)
(0.0168306 -0.00026985538 -2.400404e-23)
(0.017008018 -0.0001859618 1.2956798e-22)
(-0.00088652761 0.00069942647 0)
(-0.0011223745 0.00059873293 0)
(-0.00097407343 0.00060552132 0)
(-0.00053320825 0.00063920434 -1.5057942e-21)
(0.00020730109 0.00074588464 1.3137175e-21)
(0.0012330979 0.00089328201 1.23502e-21)
(0.0025518851 0.0010383017 -1.178815e-21)
(0.0041842142 0.0011349091 -8.5539533e-22)
(0.0061262236 0.0011262039 8.852889e-22)
(0.0083420064 0.00095570602 0)
(0.010680748 0.0005978705 7.9743982e-22)
(0.012972381 7.4945377e-05 1.0617444e-22)
(0.014951438 -0.00054643827 -1.0003228e-22)
(0.016493624 -0.0011552804 7.5737633e-22)
(0.017456228 -0.0016623978 1.1263642e-22)
(0.017917988 -0.0020141305 5.8166165e-23)
(0.018011991 -0.002205918 -5.5186496e-23)
(0.017912696 -0.0022662232 2.7758625e-22)
(0.017721366 -0.0022172031 2.7527819e-22)
(0.017502709 -0.0020801196 -2.3169908e-23)
(0.017295948 -0.0018827619 9.0034999e-23)
(0.017122947 -0.0016514765 5.1245343e-23)
(0.016996225 -0.0014080377 0)
(0.016919026 -0.0011700584 -1.6929555e-23)
(0.016890578 -0.0009511508 -1.9565695e-23)
(0.016904732 -0.00076126641 -2.8935513e-23)
(0.01695259 -0.00060684091 -3.8145634e-23)
(0.017024326 -0.00049097848 -4.2300833e-23)
(0.01711008 -0.00041285491 -9.8529684e-23)
(0.017199981 -0.00037502148 -5.384159e-23)
(-0.00096066209 0.00080745239 -7.3084905e-23)
(-0.0010303609 0.00061838679 0)
(-0.00061243598 0.00060996751 0)
(0.00017351279 0.00061570834 2.8434026e-21)
(0.001368944 0.00069749641 -2.4455566e-21)
(0.002975756 0.00081531755 0)
(0.0050153995 0.00092217092 1.275813e-22)
(0.007414838 0.00096805509 9.2966399e-22)
(0.010020132 0.00089320717 -1.0619652e-22)
(0.012647062 0.00066024689 -1.0954371e-22)
(0.015013554 0.00027241199 -1.4496769e-21)
(0.016950489 -0.0002023441 0)
(0.018189081 -0.00068174471 1.3191449e-21)
(0.018774956 -0.0010850789 4.248933e-22)
(0.018884517 -0.0013817051 4.8143833e-22)
(0.018771216 -0.0015833631 6.9111892e-22)
(0.018597958 -0.0016964438 4.4613424e-23)
(0.01832805 -0.001729346 -2.4715002e-22)
(0.018039874 -0.0016888008 2.987191e-22)
(0.01777207 -0.0015903554 1.3141778e-23)
(0.017542907 -0.0014531988 -1.0185466e-22)
(0.01736213 -0.0012948176 -8.7852876e-23)
(0.017233158 -0.0011301537 0)
(0.017153589 -0.00097183573 0)
(0.017116785 -0.00082953701 4.3199247e-23)
(0.017114144 -0.00070942326 2.7038156e-23)
(0.017136727 -0.00061466377 9.3103935e-23)
(0.017176079 -0.00054619703 4.0461058e-23)
(0.017224406 -0.00050307055 4.1797529e-23)
(0.017275752 -0.00048663762 7.6081054e-23)
(-0.0010208415 0.00089612439 -1.4097767e-22)
(-0.00090820484 0.00059364066 4.1294386e-21)
(-0.00014275411 0.0005792888 -1.059169e-22)
(0.0011266203 0.0005723144 -2.8789537e-21)
(0.0029995244 0.00065357094 2.5800181e-21)
(0.0054528379 0.00077817898 -1.2993746e-22)
(0.0083275665 0.00088382182 0)
(0.011310551 0.00090968112 0)
(0.014111956 0.00079796268 1.6730036e-21)
(0.016483221 0.00053829687 2.5731715e-24)
(0.018163856 0.00017616084 2.6008265e-21)
(0.019043998 -0.00020189982 -1.1620818e-21)
(0.019271318 -0.00053526666 -1.0674259e-21)
(0.019240716 -0.0008226304 -1.0578072e-21)
(0.019113739 -0.0010575513 -5.3816375e-23)
(0.01886772 -0.0012338471 -7.2993744e-22)
(0.018568579 -0.0013367495 0)
(0.018262703 -0.0013620925 3.5450053e-22)
(0.017984285 -0.0013265471 -3.2230485e-22)
(0.017749413 -0.0012506308 0)
(0.017562728 -0.0011509391 0)
(0.01742393 -0.0010402825 1.6166376e-22)
(0.017329605 -0.00092888858 0)
(0.017273722 -0.00082460507 6.3012869e-24)
(0.017248782 -0.00073295752 -2.2417524e-23)
(0.017247031 -0.00065726922 0)
(0.017261237 -0.00059920642 -5.4376354e-23)
(0.017285198 -0.00055909341 -5.576297e-23)
(0.017312902 -0.00053627992 -5.4343275e-25)
(0.017343101 -0.00052942531 -1.454885e-22)
(-0.0010740879 0.00095960739 4.6452518e-21)
(-0.00073847856 0.0005260532 -3.9401989e-21)
(0.00050012583 0.00051101165 -3.4013502e-21)
(0.0024904723 0.00053566346 2.5552547e-22)
(0.0053088211 0.00066836122 1.9692156e-21)
(0.0086612517 0.00084728035 2.0371282e-21)
(0.012064843 0.00097781248 -1.5727675e-21)
(0.015036673 0.0009810911 1.4204792e-21)
(0.017347163 0.00082837607 -1.4784479e-21)
(0.018782724 0.00055238386 1.2353602e-21)
(0.019337543 0.00023485442 -1.5747688e-22)
(0.019415888 -7.863896e-05 2.190665e-21)
(0.019364921 -0.00037701836 7.4178384e-22)
(0.0191931 -0.00064797703 5.2214246e-23)
(0.018934751 -0.00086141432 0)
(0.018641949 -0.00099960232 2.9933657e-23)
(0.018355894 -0.0010686001 -2.8607789e-23)
(0.018098002 -0.0010818952 -3.5188873e-22)
(0.017879523 -0.0010555994 0)
(0.017704314 -0.0010035319 -8.7964835e-24)
(0.017570858 -0.0009362204 8.4627405e-24)
(0.01747507 -0.0008621942 -7.0739412e-23)
(0.017411764 -0.00078842472 2.5624662e-23)
(0.017375007 -0.00072011875 -4.3023383e-24)
(0.017358718 -0.00066087486 0)
(0.017356916 -0.00061265717 1.1724902e-24)
(0.017364593 -0.00057656083 3.9238492e-25)
(0.017377016 -0.00055215367 5.3832982e-23)
(0.017389954 -0.00054015606 0)
(0.01740168 -0.0005354141 7.0563394e-23)
(-0.0011098573 0.0010035278 -4.4357539e-21)
(-0.00046734011 0.0004373259 0)
(0.001425998 0.00043065846 3.1846493e-21)
(0.0044276022 0.00055219681 -2.5407663e-21)
(0.0082537763 0.00080292447 -4.1693159e-21)
(0.012162442 0.0010512513 -1.7782383e-21)
(0.015452454 0.0011745415 -3.2480896e-23)
(0.017740087 0.0011106803 -9.2601519e-24)
(0.019018349 0.00089526942 0)
(0.019412765 0.00060226715 -2.2689609e-21)
(0.019426663 0.00028917354 -2.039421e-21)
(0.019348606 -2.3019852e-05 -1.8096108e-21)
(0.019162595 -0.00030726689 -1.5181655e-21)
(0.018916668 -0.00053837454 -6.4133968e-22)
(0.018654395 -0.00070535392 0)
(0.018401083 -0.00081036119 -3.8894451e-22)
(0.018172632 -0.00086418122 0)
(0.017976373 -0.00087813006 0)
(0.017814692 -0.00086269455 -1.6629211e-22)
(0.017687073 -0.00082759666 -1.1555184e-22)
(0.017590911 -0.00078129276 4.3274827e-24)
(0.017522487 -0.00073095241 -4.5886593e-23)
(0.01747781 -0.0006816415 -1.154999e-23)
(0.017452195 -0.00063681405 1.8545042e-24)
(0.017440906 -0.00059859504 0)
(0.017438721 -0.00056742601 3.4334093e-23)
(0.017441844 -0.00054381511 4.5671742e-23)
(0.017444461 -0.00052481283 0)
(0.017439752 -0.0005148523 6.7179766e-23)
(0.01742732 -0.00050313849 0)
(-0.0011155137 0.00102485 -4.5757416e-21)
(-4.1136952e-05 0.0003322964 3.7747874e-21)
(0.002784152 0.00039892406 -1.8369147e-22)
(0.0069383469 0.00068892959 4.8537868e-21)
(0.011482557 0.0010718379 1.8025159e-21)
(0.015316925 0.0013355448 1.0074958e-22)
(0.017837129 0.0013673393 1.423581e-21)
(0.019044445 0.0011941036 -2.4658955e-21)
(0.019399604 0.00090850054 -1.1219648e-21)
(0.019357983 0.00059026415 1.0506229e-21)
(0.019251164 0.00027662682 2.2375019e-22)
(0.019078891 -1.3458151e-05 6.8676275e-22)
(0.018868063 -0.00025925423 1.9251561e-22)
(0.018645276 -0.00044958817 3.2945337e-23)
(0.018428437 -0.00058455861 -3.4074794e-22)
(0.018227599 -0.00066985823 7.0093153e-23)
(0.018049484 -0.00071413837 -2.4175917e-22)
(0.017897794 -0.00072683184 0)
(0.017773701 -0.00071712798 3.6040404e-23)
(0.017676535 -0.00069331096 2.23946e-23)
(0.017604239 -0.00066201741 -5.1236322e-23)
(0.017553811 -0.00062847061 4.4244811e-23)
(0.017521866 -0.0005951985 -1.551631e-23)
(0.01750348 -0.0005643864 -6.0316747e-24)
(0.017494783 -0.00053702662 1.1092867e-24)
(0.017490508 -0.00051239772 5.2448387e-24)
(0.017486613 -0.00049155252 -4.3579338e-23)
(0.017470506 -0.00046801348 -1.6670667e-24)
(0.017444073 -0.00045696922 -1.3752504e-22)
(0.017368178 -0.00043765432 0)
(-0.0010863303 0.0010132502 4.3096357e-21)
(0.00060536565 0.00022221664 -3.7659789e-21)
(0.0046375812 0.00047618617 8.7646119e-23)
(0.0098046177 0.00096998145 -3.7251426e-23)
(0.014501665 0.0014234644 1.0526148e-22)
(0.017602918 0.001581829 -3.3354665e-24)
(0.018954144 0.0014542038 -7.8981578e-23)
(0.019283612 0.0011773264 1.1494341e-21)
(0.019237646 0.00085363561 1.0337698e-21)
(0.01913256 0.00053962305 0)
(0.018991393 0.00024696721 7.2203741e-22)
(0.018823068 -1.09338e-05 8.5666859e-23)
(0.018638061 -0.00022126247 5.9538867e-22)
(0.018449814 -0.00038006451 4.9095565e-22)
(0.018269232 -0.00049089727 4.3683354e-22)
(0.018103793 -0.00056071512 3.0450199e-22)
(0.017958956 -0.00059799065 2.3282351e-22)
(0.017837921 -0.00061127689 -5.5366861e-24)
(0.017741593 -0.0006083757 1.1102039e-22)
(0.017669128 -0.00059552389 2.2863774e-23)
(0.017618145 -0.00057736447 1.6271965e-23)
(0.017585616 -0.00055725936 -1.5626658e-23)
(0.017566389 -0.00053583419 0)
(0.017554253 -0.0005147177 1.0673893e-23)
(0.017544534 -0.00049366794 2.2176751e-24)
(0.017528151 -0.00047172485 -1.6296942e-23)
(0.017498925 -0.00045141072 -3.0735261e-24)
(0.01741483 -0.00042388615 3.6200491e-23)
(0.017328314 -0.0004185359 7.1612201e-23)
(0.01702327 -0.00038676131 6.1306414e-23)
(-0.0010038729 0.00096213553 8.110361e-21)
(0.0015568076 0.00016518735 -6.5902122e-21)
(0.0069264683 0.00069455042 0)
(0.012682038 0.0013421115 1.8781487e-21)
(0.016882376 0.0017386782 0)
(0.018753664 0.0016848742 -2.5188472e-21)
(0.019155116 0.0014282028 0)
(0.019123124 0.0011065909 -1.9912325e-21)
(0.019041566 0.00078947669 1.1123326e-22)
(0.018923229 0.00049343505 -1.5152948e-21)
(0.018782972 0.00022623318 -1.131021e-21)
(0.018626294 -1.2582701e-06 -6.4670678e-23)
(0.01846021 -0.00018222489 8.409626e-22)
(0.018294932 -0.00031717171 5.010177e-23)
(0.018139667 -0.0004114655 -5.5191455e-22)
(0.01800101 -0.000472395 3.1309746e-23)
(0.017883336 -0.00050784955 0)
(0.017788783 -0.00052490259 2.0385774e-22)
(0.017717146 -0.00053019412 0)
(0.017667017 -0.00052837146 1.4221158e-22)
(0.017635139 -0.00052389867 3.7318375e-23)
(0.017618096 -0.0005192609 1.4214618e-23)
(0.017606988 -0.00051616654 1.1406192e-25)
(0.017602683 -0.00051550846 -1.0684116e-23)
(0.017588686 -0.00051378628 0)
(0.017539598 -0.00050661655 -2.3189457e-23)
(0.017425657 -0.0004965356 -3.1522773e-25)
(0.017154458 -0.00046908487 -3.4126759e-23)
(0.016796574 -0.00044338344 -6.5928949e-25)
(0.015759925 -0.00032702054 -6.2342289e-23)
(-0.00085654379 0.0008604832 -7.8856535e-21)
(0.002876399 0.0001924448 6.0658302e-21)
(0.0094837087 0.0010137115 0)
(0.015229059 0.0017170699 -3.5831747e-21)
(0.018322349 0.0019052846 -8.5517499e-23)
(0.019043417 0.0016775913 2.5143589e-21)
(0.019032464 0.0013556386 0)
(0.018969222 0.0010411745 1.8345215e-21)
(0.018866608 0.00074078131 0)
(0.018742311 0.00046370363 1.4013117e-21)
(0.018605134 0.00022063684 1.1983108e-21)
(0.018457616 1.8933416e-05 5.3262401e-23)
(0.01830584 -0.00013944022 -2.3499452e-22)
(0.018159174 -0.00025753815 4.044963e-23)
(0.018025775 -0.00034136402 5.1301991e-22)
(0.017910887 -0.00039794141 0)
(0.017817247 -0.00043448639 -2.0812226e-22)
(0.017745378 -0.00045595825 -2.0164966e-22)
(0.017692905 -0.00046840246 5.0114763e-24)
(0.017656043 -0.0004749099 -8.3628107e-23)
(0.017628265 -0.00048054875 0)
(0.01760075 -0.00048523695 0)
(0.017560832 -0.00049671112 -1.1796675e-24)
(0.017489283 -0.00050906178 1.1406624e-24)
(0.017347071 -0.00052171939 1.6044131e-24)
(0.017080016 -0.00051334789 1.304068e-25)
(0.016613543 -0.00046437097 -1.6478228e-24)
(0.015802429 -0.00037505971 0)
(0.01472129 -0.00020597622 0)
(0.012553591 8.6913976e-05 0)
(-0.00063497603 0.00070035564 -1.227069e-22)
(0.0045155925 0.00028890191 0)
(0.012010625 0.0014123693 0)
(0.017148048 0.0020347628 0)
(0.018912187 0.0019463762 -7.7447563e-23)
(0.018986416 0.0016238807 1.3397017e-22)
(0.018926021 0.0013022025 5.0098369e-23)
(0.018826279 0.00099486021 -1.9467494e-22)
(0.018715581 0.00070376188 8.7641762e-23)
(0.018595711 0.00044241739 0)
(0.018465042 0.00021927759 0)
(0.018325981 3.6955556e-05 -4.4062249e-23)
(0.018186529 -0.00010563824 -6.289171e-22)
(0.018056142 -0.00021274903 -2.6186381e-23)
(0.017941729 -0.00029052135 -2.6925653e-14)
(0.017846898 -0.00034553441 2.5717639e-14)
(0.017772675 -0.00038379113 2.1864388e-22)
(0.017717361 -0.00040800086 0)
(0.017676191 -0.00042330968 -1.808117e-24)
(0.017640281 -0.00043346545 1.7385695e-24)
(0.017596724 -0.00043569676 -3.3355651e-24)
(0.017525453 -0.00042911883 3.2181613e-24)
(0.017395443 -0.00040481059 0)
(0.017154509 -0.00035413589 0)
(0.01672128 -0.00025925376 0)
(0.01597849 -9.9020239e-05 -9.8261693e-24)
(0.014778833 0.00012671881 9.6806194e-24)
(0.012981016 0.00039640702 5.8665605e-24)
(0.010573455 0.00069273789 -8.7881831e-24)
(0.0070359843 0.00088667242 2.943224e-24)
(0.0053690911 -0.00036773687 0)
(0.0057226701 -7.8513657e-05 0)
(0.005947321 4.8316478e-05 0)
(0.0057143006 0.00014154813 0)
(0.0053879752 0.00019853557 0)
(0.0051270447 0.00021457302 0)
(0.0049015451 0.00020653486 0)
(0.0046723524 0.00018938054 0)
(0.0044419116 0.00016829211 0)
(0.0042247653 0.00014442098 0)
(0.004026523 0.00011960045 0)
(0.003846042 9.6249926e-05 0)
(0.0036817381 7.5462138e-05 0)
(0.0035329165 5.7443102e-05 0)
(0.0033989506 4.2154894e-05 0)
(0.003278788 2.9531529e-05 0)
(0.0031710926 1.9417886e-05 0)
(0.0030746685 1.0499891e-05 0)
(0.0029887875 2.2003151e-06 0)
(0.0029128027 -4.0725443e-06 0)
(0.0028457158 -7.9363261e-06 0)
(0.00278653 -1.018504e-05 0)
(0.0027345892 -1.1359913e-05 0)
(0.0026894549 -1.1879774e-05 0)
(0.0026507662 -1.205317e-05 0)
(0.0026182161 -1.2065605e-05 0)
(0.0025915411 -1.2014454e-05 0)
(0.0025704782 -1.1946315e-05 0)
(0.0025547526 -1.1889408e-05 0)
(0.0025440777 -1.1870432e-05 0)
(0.0025379525 -1.1870768e-05 0)
(0.0025363685 -1.2042479e-05 0)
(0.0025391207 -1.2325019e-05 0)
(0.00254533 -1.2407573e-05 0)
(0.0025540673 -1.2335728e-05 0)
(0.0025648043 -1.2096482e-05 0)
(0.0025774619 -1.2158819e-05 0)
(0.0025918598 -1.2403657e-05 0)
(0.002607597 -1.2016793e-05 0)
(0.0026242565 -1.1059685e-05 0)
(0.0026415443 -1.0026464e-05 0)
(0.0026591749 -9.0620643e-06 0)
(0.0026770454 -8.156541e-06 0)
(0.0026951489 -7.2995057e-06 0)
(0.0027134972 -6.5145035e-06 0)
(0.0027320676 -5.810256e-06 0)
(0.002750806 -5.2469973e-06 0)
(0.0027696547 -4.7887098e-06 0)
(0.0027885479 -4.395593e-06 0)
(0.0028074526 -4.0652003e-06 0)
(0.0028263793 -3.7638352e-06 0)
(0.0028453649 -3.4688693e-06 0)
(0.0028644472 -3.1822855e-06 0)
(0.0028836411 -2.9263975e-06 0)
(0.0029029433 -2.7171649e-06 0)
(0.0029223386 -2.5481081e-06 0)
(0.0029417549 -2.3548031e-06 0)
(0.0029610617 -2.1422805e-06 0)
(0.0029801161 -1.9400437e-06 0)
(0.0029988001 -1.75334e-06 0)
(0.0030170388 -1.5784929e-06 0)
(0.003034796 -1.405888e-06 0)
(0.003052043 -1.2275817e-06 0)
(0.003068745 -1.0418143e-06 0)
(0.003084868 -8.5024665e-07 0)
(0.0031003817 -6.5650181e-07 0)
(0.0031152554 -4.6521307e-07 0)
(0.003129452 -2.7974306e-07 0)
(0.0031429277 -1.0459493e-07 0)
(0.0031556489 5.2432695e-08 0)
(0.003167604 1.8663453e-07 0)
(0.0031787988 2.9578866e-07 0)
(0.0031892509 3.781183e-07 0)
(0.0031989862 4.3260097e-07 0)
(0.003208037 4.5918624e-07 0)
(0.0032164401 4.5860301e-07 0)
(0.0032242349 4.3221777e-07 0)
(0.0032314626 3.8194485e-07 0)
(0.0032381637 3.1022052e-07 0)
(0.0032443771 2.1986268e-07 0)
(0.0032501392 1.1392724e-07 0)
(0.0032554844 -4.3033081e-09 0)
(0.0032604427 -1.3154738e-07 0)
(0.0032650398 -2.6500162e-07 0)
(0.003269301 -4.0154314e-07 0)
(0.0032732497 -5.3678503e-07 0)
(0.0032769028 -6.6609749e-07 0)
(0.0032802718 -7.8440082e-07 0)
(0.0032833655 -8.8607457e-07 0)
(0.0032862017 -9.6700061e-07 0)
(0.0032888048 -1.0217116e-06 0)
(0.0032911945 -1.0509182e-06 0)
(0.0032933867 -1.0634553e-06 0)
(0.0032953995 -1.0666804e-06 0)
(0.0032972529 -1.0653374e-06 0)
(0.0032989648 -1.0622328e-06 0)
(0.003300551 -1.0583053e-06 0)
(0.0033020239 -1.0531696e-06 0)
(0.0033033915 -1.0459051e-06 0)
(0.003304658 -1.0351404e-06 0)
(0.0033058248 -1.0197964e-06 0)
(0.0033068922 -9.9953406e-07 0)
(0.0033078624 -9.7502998e-07 0)
(0.0033087401 -9.4842853e-07 0)
(0.0033095304 -9.2084596e-07 0)
(0.0033102387 -8.9246063e-07 0)
(0.0033108689 -8.6234e-07 0)
(0.0033114251 -8.2816352e-07 0)
(0.0033119093 -7.8697694e-07 0)
(0.0033123184 -7.3629787e-07 0)
(0.0033126504 -6.8312748e-07 0)
(0.0033129104 -6.3602275e-07 0)
(0.0033131102 -5.9468331e-07 0)
(0.0033132683 -5.5532104e-07 0)
(0.0033134016 -5.1352721e-07 0)
(0.0033135161 -4.7029167e-07 0)
(0.0033136083 -4.2186921e-07 0)
(0.0033136679 -3.6049969e-07 0)
(0.003313682 -2.791096e-07 0)
(0.0033136454 -1.847354e-07 0)
(0.0033135608 -9.4409819e-08 0)
(0.0033134282 -2.3165054e-08 0)
(0.0033132587 2.1800837e-08 0)
(0.0033130713 4.8563551e-08 0)
(0.0033128744 6.986367e-08 0)
(0.003312661 9.2643557e-08 0)
(0.0033124196 1.1986554e-07 0)
(0.0033121422 1.4692776e-07 0)
(0.0033118268 1.6989786e-07 0)
(0.0033114787 1.8657785e-07 0)
(0.0033111086 1.9705805e-07 0)
(0.0033107227 2.0592102e-07 0)
(0.0033103186 2.1466358e-07 0)
(0.0033098932 2.2179239e-07 0)
(0.0033094501 2.2658818e-07 0)
(0.003308998 2.2817098e-07 0)
(0.0033085491 2.2569156e-07 0)
(0.0033081165 2.1826889e-07 0)
(0.0033077136 2.0535117e-07 0)
(0.0033073523 1.8724752e-07 0)
(0.0033070417 1.6499779e-07 0)
(0.003306787 1.4011486e-07 0)
(0.0033065886 1.1437076e-07 0)
(0.0033064428 8.9486307e-08 0)
(0.0033063427 6.6867001e-08 0)
(0.0033062801 4.6742505e-08 0)
(0.0033062474 2.8720396e-08 0)
(0.0033062381 1.1537495e-08 0)
(0.0033062446 -5.3872999e-09 0)
(0.003306261 -2.0777793e-08 0)
(0.0033062857 -3.4624381e-08 0)
(0.003306319 -4.7337268e-08 0)
(0.0033063625 -5.9155032e-08 0)
(0.0033064179 -7.0588419e-08 0)
(0.0033064869 -8.1514604e-08 0)
(0.0033065709 -9.1517341e-08 0)
(0.0033066704 -9.9954104e-08 0)
(0.0033067837 -1.0396491e-07 0)
(0.0033069066 -1.0240947e-07 0)
(0.0033070355 -9.7578257e-08 0)
(0.0033071675 -9.0179383e-08 0)
(0.0033072991 -8.137207e-08 0)
(0.0033074263 -7.2793936e-08 0)
(0.0033075463 -6.5356228e-08 0)
(0.003307658 -5.8865406e-08 0)
(0.00330776 -5.2638675e-08 0)
(0.0033078509 -4.6506396e-08 0)
(0.00330793 -4.0539994e-08 0)
(0.0033079976 -3.4701919e-08 0)
(0.0033080543 -2.9060332e-08 0)
(0.0033081009 -2.3813178e-08 0)
(0.0033081384 -1.9123171e-08 0)
(0.0033081681 -1.5065689e-08 0)
(0.0033081911 -1.1653269e-08 0)
(0.0033082087 -8.8564902e-09 0)
(0.0033082219 -6.6171557e-09 0)
(0.0033082316 -4.861422e-09 0)
(0.0033082388 -3.5112669e-09 0)
(0.0033082439 -2.4929255e-09 0)
(0.0033082476 -1.7431456e-09 0)
(0.0033082502 -1.2058705e-09 0)
(0.003308252 -8.2141015e-10 0)
(0.0033082532 -5.4403309e-10 0)
(0.0033082539 -3.4359458e-10 0)
(0.0033082544 -1.9908911e-10 0)
(0.0033082547 -9.5869717e-11 0)
(0.0033082547 -2.2183826e-11 0)
(0.0033082547 2.9868129e-11 0)
(0.0033082547 6.2430483e-11 0)
(0.0033082545 8.3822359e-11 0)
(0.0033082544 9.6757208e-11 0)
(0.0033082542 1.0133578e-10 0)
(0.0033082541 1.0061727e-10 0)
(0.0033082539 9.6824609e-11 0)
(0.0033082538 9.0628197e-11 0)
(0.0033082537 8.1893173e-11 0)
(0.0033082536 7.0755151e-11 0)
(0.0033082535 5.7103837e-11 0)
(0.0033082534 4.4692877e-11 0)
(0.0033082534 1.879734e-11 0)
(0.011448695 0.00014754481 0)
(0.011230823 0.0003034956 0)
(0.011274614 0.00036908273 0)
(0.011192088 0.0004266072 0)
(0.011026344 0.00047352764 0)
(0.010875984 0.00049628116 0)
(0.010749741 0.00049955032 0)
(0.010621652 0.00049234533 0)
(0.010482126 0.00047866927 0)
(0.010335967 0.00045963852 0)
(0.010187954 0.00043651481 0)
(0.010039141 0.00041098745 0)
(0.009889493 0.00038437512 0)
(0.0097395135 0.00035750207 0)
(0.0095900523 0.00033094992 0)
(0.0094419173 0.00030517131 0)
(0.0092958523 0.00028047458 0)
(0.0091526917 0.00025695472 0)
(0.0090131276 0.00023447947 0)
(0.0088777594 0.00021287006 0)
(0.0087475266 0.00019196394 0)
(0.0086235686 0.00017164203 0)
(0.0085069376 0.00015186102 0)
(0.0083984971 0.00013271823 0)
(0.008298918 0.00011429919 0)
(0.0082086635 9.6633928e-05 0)
(0.0081279609 7.9763797e-05 0)
(0.0080568066 6.3770175e-05 0)
(0.0079949936 4.8751463e-05 0)
(0.0079421456 3.4770089e-05 0)
(0.0078976784 2.2193817e-05 0)
(0.0078610144 9.9878104e-06 0)
(0.0078314339 -2.1455946e-06 0)
(0.0078081972 -1.0738832e-05 0)
(0.0077909235 -1.7670441e-05 0)
(0.0077790098 -2.3790547e-05 0)
(0.0077716171 -2.9047603e-05 0)
(0.0077679267 -3.3897124e-05 0)
(0.0077673854 -3.7719664e-05 0)
(0.0077697503 -4.0700558e-05 0)
(0.0077747906 -4.3230532e-05 0)
(0.0077821224 -4.4922358e-05 0)
(0.0077914222 -4.6485613e-05 0)
(0.0078024485 -4.8050886e-05 0)
(0.0078151456 -4.9578767e-05 0)
(0.007829563 -5.0940602e-05 0)
(0.0078457648 -5.1961926e-05 0)
(0.0078634924 -5.2669194e-05 0)
(0.0078823776 -5.3117115e-05 0)
(0.007902334 -5.3420816e-05 0)
(0.0079234564 -5.3743387e-05 0)
(0.0079458023 -5.4188926e-05 0)
(0.0079693867 -5.4731987e-05 0)
(0.0079941656 -5.5242206e-05 0)
(0.0080200849 -5.5649289e-05 0)
(0.0080472219 -5.5890961e-05 0)
(0.0080754312 -5.5879189e-05 0)
(0.0081043382 -5.5521637e-05 0)
(0.0081336165 -5.4713201e-05 0)
(0.0081630943 -5.3549277e-05 0)
(0.008192653 -5.2231041e-05 0)
(0.0082221823 -5.0835826e-05 0)
(0.0082515613 -4.9349552e-05 0)
(0.0082806622 -4.7773833e-05 0)
(0.0083093689 -4.613043e-05 0)
(0.0083375817 -4.442715e-05 0)
(0.0083652129 -4.2648889e-05 0)
(0.0083921693 -4.0762465e-05 0)
(0.0084183412 -3.874398e-05 0)
(0.0084436319 -3.6643217e-05 0)
(0.0084679811 -3.4521784e-05 0)
(0.0084913532 -3.2416061e-05 0)
(0.0085137293 -3.0349261e-05 0)
(0.0085351071 -2.8340317e-05 0)
(0.0085554982 -2.6403552e-05 0)
(0.008574924 -2.4548798e-05 0)
(0.0085934127 -2.2782388e-05 0)
(0.0086109969 -2.1106932e-05 0)
(0.0086277109 -1.9521117e-05 0)
(0.0086435896 -1.8020931e-05 0)
(0.008658666 -1.6601548e-05 0)
(0.0086729713 -1.5258449e-05 0)
(0.0086865343 -1.3987289e-05 0)
(0.0086993826 -1.2785098e-05 0)
(0.0087115406 -1.165071e-05 0)
(0.0087230282 -1.0579336e-05 0)
(0.0087338605 -9.5597225e-06 0)
(0.0087440488 -8.5812412e-06 0)
(0.008753616 -7.6484792e-06 0)
(0.0087625834 -6.8154332e-06 0)
(0.0087709339 -6.0923528e-06 0)
(0.0087786413 -5.4507634e-06 0)
(0.0087857187 -4.8821479e-06 0)
(0.0087922174 -4.3867689e-06 0)
(0.0087981957 -3.9561304e-06 0)
(0.0088037046 -3.5780694e-06 0)
(0.0088087861 -3.2412471e-06 0)
(0.0088134731 -2.9347133e-06 0)
(0.0088177896 -2.6476296e-06 0)
(0.0088217514 -2.3712133e-06 0)
(0.0088253666 -2.1000748e-06 0)
(0.0088286387 -1.8342104e-06 0)
(0.0088315719 -1.580986e-06 0)
(0.008834176 -1.3473011e-06 0)
(0.0088364653 -1.1342704e-06 0)
(0.0088384556 -9.3739478e-07 0)
(0.008840167 -7.5240894e-07 0)
(0.0088416197 -5.8153233e-07 0)
(0.0088428175 -4.1971863e-07 0)
(0.0088437341 -2.5794548e-07 0)
(0.0088443478 -1.0139391e-07 0)
(0.0088446856 3.5300547e-08 0)
(0.0088448033 1.4535222e-07 0)
(0.0088447432 1.98939e-07 0)
(0.0088445281 2.081943e-07 0)
(0.0088441703 2.1898783e-07 0)
(0.0088436785 2.3883137e-07 0)
(0.008843053 2.7812115e-07 0)
(0.008842249 3.4201965e-07 0)
(0.0088412055 4.0977491e-07 0)
(0.0088399103 4.6041142e-07 0)
(0.0088383965 4.8784186e-07 0)
(0.008836741 4.9415003e-07 0)
(0.0088350308 4.8044102e-07 0)
(0.008833305 4.7771634e-07 0)
(0.0088315452 5.1658277e-07 0)
(0.0088297148 5.7970001e-07 0)
(0.0088278011 6.566917e-07 0)
(0.0088258238 7.409513e-07 0)
(0.0088238174 8.1070053e-07 0)
(0.0088218229 8.4218842e-07 0)
(0.0088198668 8.7188476e-07 0)
(0.00881795 9.2693294e-07 0)
(0.0088160727 9.8755232e-07 0)
(0.0088142488 1.0329774e-06 0)
(0.0088124988 1.0510562e-06 0)
(0.0088108445 1.0354605e-06 0)
(0.0088093076 9.837224e-07 0)
(0.0088079084 8.9757066e-07 0)
(0.0088066645 7.8310426e-07 0)
(0.0088055869 6.4983058e-07 0)
(0.0088046785 5.0921973e-07 0)
(0.0088039344 3.7325325e-07 0)
(0.0088033413 2.5241784e-07 0)
(0.0088028809 1.534145e-07 0)
(0.0088025324 7.7253286e-08 0)
(0.0088022759 2.1019129e-08 0)
(0.0088020945 -1.7340221e-08 0)
(0.0088019773 -4.1064555e-08 0)
(0.008801914 -5.3519348e-08 0)
(0.0088018934 -6.2763627e-08 0)
(0.0088019099 -7.512919e-08 0)
(0.008801963 -9.1036879e-08 0)
(0.0088020523 -1.1228815e-07 0)
(0.0088021759 -1.3962418e-07 0)
(0.008802333 -1.7059721e-07 0)
(0.0088025262 -2.0098784e-07 0)
(0.0088027506 -2.2645899e-07 0)
(0.0088029883 -2.4657329e-07 0)
(0.0088032266 -2.6353164e-07 0)
(0.0088034613 -2.7778363e-07 0)
(0.0088036866 -2.839368e-07 0)
(0.0088038966 -2.7804352e-07 0)
(0.0088040899 -2.6622504e-07 0)
(0.008804268 -2.5036854e-07 0)
(0.0088044301 -2.2726367e-07 0)
(0.0088045733 -1.9919763e-07 0)
(0.0088046964 -1.7082961e-07 0)
(0.0088048003 -1.4381727e-07 0)
(0.0088048859 -1.1870534e-07 0)
(0.0088049548 -9.6070676e-08 0)
(0.008805009 -7.6256149e-08 0)
(0.008805051 -5.9395157e-08 0)
(0.0088050831 -4.5458848e-08 0)
(0.0088051071 -3.4248789e-08 0)
(0.008805125 -2.5444111e-08 0)
(0.0088051382 -1.8668123e-08 0)
(0.0088051477 -1.3539256e-08 0)
(0.0088051546 -9.7066124e-09 0)
(0.0088051595 -6.8717768e-09 0)
(0.008805163 -4.7908203e-09 0)
(0.0088051655 -3.265932e-09 0)
(0.0088051673 -2.1490691e-09 0)
(0.0088051685 -1.3353757e-09 0)
(0.0088051693 -7.5070951e-10 0)
(0.0088051698 -3.3984078e-10 0)
(0.00880517 -5.3159827e-11 0)
(0.0088051701 1.4663309e-10 0)
(0.0088051701 2.7757367e-10 0)
(0.0088051701 3.4074239e-10 0)
(0.00880517 3.6074884e-10 0)
(0.0088051698 3.6793441e-10 0)
(0.0088051697 3.5364553e-10 0)
(0.0088051696 3.2276324e-10 0)
(0.0088051695 2.8212078e-10 0)
(0.0088051694 2.3655886e-10 0)
(0.0088051693 1.8975596e-10 0)
(0.0088051692 1.4079954e-10 0)
(0.0088051692 9.9835738e-11 0)
(0.0088051692 2.419292e-11 0)
(0.015093194 0.00046602171 0)
(0.014900786 0.00054381537 0)
(0.014883204 0.00057831316 0)
(0.014806459 0.00059358803 0)
(0.014679213 0.0006096731 0)
(0.01456363 0.00062226352 0)
(0.014472737 0.00062489009 0)
(0.014390765 0.00061809714 0)
(0.01430773 0.00060515866 0)
(0.014223563 0.00058846086 0)
(0.014139856 0.00056946835 0)
(0.01405638 0.0005493928 0)
(0.013972091 0.00052918674 0)
(0.013886203 0.00050939826 0)
(0.013798157 0.000490206 0)
(0.013707441 0.00047149481 0)
(0.013613705 0.00045290417 0)
(0.013516821 0.00043398337 0)
(0.013416985 0.00041438202 0)
(0.013314694 0.00039390524 0)
(0.01321061 0.00037234898 0)
(0.013105613 0.00034949596 0)
(0.013001033 0.00032513915 0)
(0.012898396 0.00029906878 0)
(0.012799029 0.00027150867 0)
(0.012704054 0.00024300617 0)
(0.012614485 0.00021417248 0)
(0.012531186 0.00018560439 0)
(0.012454795 0.00015786899 0)
(0.012385697 0.00013146986 0)
(0.01232405 0.00010682185 0)
(0.012269824 8.4225458e-05 0)
(0.012222494 6.3940696e-05 0)
(0.012181494 4.5982217e-05 0)
(0.012146632 3.0217424e-05 0)
(0.012117389 1.6462143e-05 0)
(0.012093103 4.5142881e-06 0)
(0.012073073 -5.7314268e-06 0)
(0.012056486 -1.4370295e-05 0)
(0.012042722 -2.1580062e-05 0)
(0.012031241 -2.7632469e-05 0)
(0.012021557 -3.2821062e-05 0)
(0.012013257 -3.7363566e-05 0)
(0.012005937 -4.1367751e-05 0)
(0.011999274 -4.5558305e-05 0)
(0.011993035 -4.9647895e-05 0)
(0.011987162 -5.4071093e-05 0)
(0.011981704 -5.7610117e-05 0)
(0.011976888 -6.0418332e-05 0)
(0.011972898 -6.3608108e-05 0)
(0.011969834 -6.7035229e-05 0)
(0.011967848 -7.0563466e-05 0)
(0.011967086 -7.4034937e-05 0)
(0.01196766 -7.7288999e-05 0)
(0.011969663 -8.0536257e-05 0)
(0.011973138 -8.4212108e-05 0)
(0.011978203 -8.668755e-05 0)
(0.011985281 -8.7974123e-05 0)
(0.011994495 -8.8733328e-05 0)
(0.012005435 -8.9060316e-05 0)
(0.012017647 -8.902524e-05 0)
(0.012030892 -8.8651388e-05 0)
(0.012045016 -8.790145e-05 0)
(0.012059844 -8.6764902e-05 0)
(0.012075205 -8.5264174e-05 0)
(0.012090973 -8.3442463e-05 0)
(0.012107065 -8.1334318e-05 0)
(0.012123417 -7.8924886e-05 0)
(0.01213986 -7.6222672e-05 0)
(0.012156169 -7.3314839e-05 0)
(0.012172185 -7.0282196e-05 0)
(0.012187817 -6.719389e-05 0)
(0.012202995 -6.410849e-05 0)
(0.012217668 -6.1073238e-05 0)
(0.012231807 -5.8124116e-05 0)
(0.012245397 -5.5286666e-05 0)
(0.012258439 -5.2577411e-05 0)
(0.012270946 -5.0004868e-05 0)
(0.012282943 -4.7570305e-05 0)
(0.01229446 -4.526908e-05 0)
(0.012305537 -4.3092433e-05 0)
(0.012316216 -4.1029109e-05 0)
(0.012326541 -3.9066672e-05 0)
(0.012336556 -3.7192355e-05 0)
(0.012346302 -3.5392002e-05 0)
(0.012355816 -3.3648531e-05 0)
(0.012365125 -3.194726e-05 0)
(0.012374249 -3.028257e-05 0)
(0.012383219 -2.864508e-05 0)
(0.012392061 -2.6994398e-05 0)
(0.012400771 -2.5237719e-05 0)
(0.012409326 -2.3393589e-05 0)
(0.012417691 -2.1626018e-05 0)
(0.012425842 -1.9994197e-05 0)
(0.012433786 -1.8507623e-05 0)
(0.012441526 -1.7153326e-05 0)
(0.01244906 -1.590893e-05 0)
(0.01245639 -1.4749297e-05 0)
(0.012463509 -1.3649267e-05 0)
(0.012470405 -1.2585755e-05 0)
(0.012477053 -1.1540999e-05 0)
(0.012483408 -1.0506976e-05 0)
(0.012489439 -9.4877268e-06 0)
(0.012495152 -8.4944372e-06 0)
(0.012500579 -7.5390107e-06 0)
(0.012505746 -6.6327938e-06 0)
(0.012510664 -5.7833303e-06 0)
(0.012515341 -4.9749698e-06 0)
(0.012519786 -4.1413174e-06 0)
(0.012523994 -3.1902454e-06 0)
(0.012527941 -2.2276611e-06 0)
(0.012531571 -1.4251204e-06 0)
(0.012534822 -7.6593101e-07 0)
(0.012537671 -2.2653826e-07 0)
(0.012540137 2.5095196e-07 0)
(0.012542247 7.1875381e-07 0)
(0.012544009 1.1708135e-06 0)
(0.012545407 1.6780119e-06 0)
(0.012546436 2.4179938e-06 0)
(0.012547091 3.2588304e-06 0)
(0.012547342 4.0826942e-06 0)
(0.012547137 4.8134261e-06 0)
(0.012546397 5.2140305e-06 0)
(0.012545143 5.3738748e-06 0)
(0.012543489 5.505114e-06 0)
(0.012541425 5.6735969e-06 0)
(0.012538838 5.9479447e-06 0)
(0.012535667 6.1961557e-06 0)
(0.012531889 6.3379167e-06 0)
(0.012527521 6.3545963e-06 0)
(0.012522759 6.287111e-06 0)
(0.012517791 6.1823615e-06 0)
(0.012512579 6.0420015e-06 0)
(0.012507049 5.8587338e-06 0)
(0.012501254 5.621448e-06 0)
(0.012495303 5.3179561e-06 0)
(0.012489315 4.9561935e-06 0)
(0.012483421 4.538372e-06 0)
(0.012477742 4.0677381e-06 0)
(0.012472372 3.5588316e-06 0)
(0.012467381 3.0333343e-06 0)
(0.012462816 2.5154162e-06 0)
(0.0124587 2.0290614e-06 0)
(0.012455032 1.5945278e-06 0)
(0.01245179 1.2232334e-06 0)
(0.01244894 9.1517081e-07 0)
(0.012446449 6.6082318e-07 0)
(0.012444294 4.4719699e-07 0)
(0.012442453 2.6631162e-07 0)
(0.012440889 1.1248946e-07 0)
(0.012439568 -2.3363264e-08 0)
(0.012438461 -1.5539851e-07 0)
(0.012437558 -2.8620548e-07 0)
(0.012436857 -4.1266831e-07 0)
(0.01243636 -5.3005905e-07 0)
(0.012436054 -6.4549065e-07 0)
(0.012435921 -7.7326124e-07 0)
(0.012435933 -8.6075244e-07 0)
(0.012436064 -8.7744233e-07 0)
(0.012436278 -8.7295516e-07 0)
(0.012436558 -8.3735876e-07 0)
(0.012436899 -7.7285222e-07 0)
(0.012437269 -7.004882e-07 0)
(0.012437636 -6.3071914e-07 0)
(0.012437993 -5.6863032e-07 0)
(0.012438332 -5.0647577e-07 0)
(0.012438632 -4.4147528e-07 0)
(0.012438888 -3.786719e-07 0)
(0.012439102 -3.1831205e-07 0)
(0.01243928 -2.6076506e-07 0)
(0.012439423 -2.0872841e-07 0)
(0.012439536 -1.6400302e-07 0)
(0.012439624 -1.2676695e-07 0)
(0.012439691 -9.6506602e-08 0)
(0.01243974 -7.2468963e-08 0)
(0.012439778 -5.3751091e-08 0)
(0.012439806 -3.9407866e-08 0)
(0.012439827 -2.8552184e-08 0)
(0.012439843 -2.0411984e-08 0)
(0.012439855 -1.4424038e-08 0)
(0.012439864 -1.0231518e-08 0)
(0.012439871 -7.2234771e-09 0)
(0.012439877 -4.9881024e-09 0)
(0.012439881 -3.3178028e-09 0)
(0.012439884 -2.0800545e-09 0)
(0.012439886 -1.182523e-09 0)
(0.012439888 -5.534237e-10 0)
(0.012439889 -1.302669e-10 0)
(0.01243989 1.5107289e-10 0)
(0.012439891 3.3284595e-10 0)
(0.012439892 4.3568372e-10 0)
(0.012439892 4.7975825e-10 0)
(0.012439892 4.8457592e-10 0)
(0.012439892 4.6432846e-10 0)
(0.012439892 4.2560564e-10 0)
(0.012439892 3.7025835e-10 0)
(0.012439893 2.9120918e-10 0)
(0.012439893 2.0102913e-10 0)
(0.012439893 1.2939179e-10 0)
(0.012439893 -6.5916651e-12 0)
(0.016770807 0.00059750605 0)
(0.016676852 0.00068535297 0)
(0.016655268 0.00072756935 0)
(0.016602835 0.0007398659 0)
(0.016524823 0.00074710452 0)
(0.016453408 0.00075208362 0)
(0.016397942 0.00074917334 0)
(0.016351736 0.000735901 0)
(0.016309138 0.000717589 0)
(0.016269487 0.00069763988 0)
(0.016233401 0.00067591541 0)
(0.016200403 0.00065317915 0)
(0.01616896 0.00063059542 0)
(0.016137617 0.00060954471 0)
(0.01610517 0.0005910176 0)
(0.016070424 0.00057495692 0)
(0.01603228 0.00056064554 0)
(0.015990255 0.00054753374 0)
(0.015944313 0.00053397341 0)
(0.015894264 0.00051943358 0)
(0.015839963 0.00050333269 0)
(0.015781521 0.0004845751 0)
(0.015718806 0.00046151768 0)
(0.015652192 0.00043514692 0)
(0.015583007 0.00040585161 0)
(0.015512692 0.00037397582 0)
(0.01544256 0.0003400305 0)
(0.015373866 0.00030469359 0)
(0.015307736 0.00026874585 0)
(0.015245089 0.00023298766 0)
(0.015186617 0.0001981721 0)
(0.0151328 0.00016493268 0)
(0.015083915 0.00013380005 0)
(0.01504012 0.00010531984 0)
(0.015001463 7.9818564e-05 0)
(0.014967802 5.7415051e-05 0)
(0.014938818 3.8136495e-05 0)
(0.014914069 2.1862094e-05 0)
(0.014893031 8.4195185e-06 0)
(0.014875155 -2.4252239e-06 0)
(0.014859839 -1.0984844e-05 0)
(0.014846459 -1.7600527e-05 0)
(0.014834399 -2.2678836e-05 0)
(0.014823077 -2.663503e-05 0)
(0.014811954 -2.9848211e-05 0)
(0.014800509 -3.2600596e-05 0)
(0.014788223 -3.5042369e-05 0)
(0.014774826 -3.7363883e-05 0)
(0.01476047 -3.9804275e-05 0)
(0.014745253 -4.2552537e-05 0)
(0.014729093 -4.5763878e-05 0)
(0.014712053 -4.9519087e-05 0)
(0.014694401 -5.3788458e-05 0)
(0.014676504 -5.8442123e-05 0)
(0.014658739 -6.3242666e-05 0)
(0.014641278 -6.8032839e-05 0)
(0.014624329 -7.332646e-05 0)
(0.014608353 -7.9427525e-05 0)
(0.014593726 -8.4236711e-05 0)
(0.01458066 -8.7409019e-05 0)
(0.014569235 -8.9679869e-05 0)
(0.014559425 -9.1276119e-05 0)
(0.014551171 -9.2202958e-05 0)
(0.014544408 -9.2527104e-05 0)
(0.01453905 -9.2375281e-05 0)
(0.014534978 -9.1853764e-05 0)
(0.014532052 -9.105745e-05 0)
(0.014530121 -8.9890816e-05 0)
(0.014529029 -8.7782543e-05 0)
(0.014528621 -8.5081051e-05 0)
(0.014528729 -8.2001885e-05 0)
(0.014529178 -7.8677247e-05 0)
(0.014529811 -7.5206139e-05 0)
(0.014530491 -7.1669925e-05 0)
(0.014531104 -6.8135904e-05 0)
(0.014531554 -6.4659554e-05 0)
(0.014531766 -6.1286322e-05 0)
(0.014531685 -5.8052192e-05 0)
(0.01453128 -5.4983802e-05 0)
(0.01453054 -5.2099039e-05 0)
(0.014529474 -4.9407952e-05 0)
(0.014528102 -4.691358e-05 0)
(0.01452646 -4.4613108e-05 0)
(0.014524592 -4.2500339e-05 0)
(0.014522548 -4.0565911e-05 0)
(0.014520382 -3.8784437e-05 0)
(0.014518149 -3.7105147e-05 0)
(0.014515901 -3.5541517e-05 0)
(0.014513687 -3.4128731e-05 0)
(0.014511552 -3.2850895e-05 0)
(0.014509556 -3.1650262e-05 0)
(0.014507782 -3.0426953e-05 0)
(0.014506283 -2.9196196e-05 0)
(0.014505072 -2.8063867e-05 0)
(0.014504156 -2.7021862e-05 0)
(0.014503545 -2.6045025e-05 0)
(0.014503258 -2.5113164e-05 0)
(0.014503314 -2.4205817e-05 0)
(0.01450373 -2.3293474e-05 0)
(0.014504516 -2.2332926e-05 0)
(0.014505667 -2.1270653e-05 0)
(0.014507163 -2.0077068e-05 0)
(0.014508981 -1.8855792e-05 0)
(0.014511099 -1.7730215e-05 0)
(0.014513493 -1.6715679e-05 0)
(0.01451614 -1.5768084e-05 0)
(0.014519017 -1.4856187e-05 0)
(0.014522094 -1.3976775e-05 0)
(0.014525338 -1.3132365e-05 0)
(0.014528744 -1.2225338e-05 0)
(0.014532329 -1.1200084e-05 0)
(0.01453604 -1.004118e-05 0)
(0.014539724 -8.7879373e-06 0)
(0.01454326 -7.597811e-06 0)
(0.014546631 -6.5120526e-06 0)
(0.014549866 -5.4796509e-06 0)
(0.014552976 -4.433269e-06 0)
(0.014555969 -3.3333964e-06 0)
(0.014558958 -2.183949e-06 0)
(0.014562051 -9.9403104e-07 0)
(0.014565215 2.6292701e-07 0)
(0.014568363 1.6732239e-06 0)
(0.014571398 3.2603758e-06 0)
(0.014574177 4.4832014e-06 0)
(0.014576546 5.5672648e-06 0)
(0.01457841 7.0616191e-06 0)
(0.014579689 8.7599054e-06 0)
(0.014580261 1.0601616e-05 0)
(0.014579983 1.254216e-05 0)
(0.014578703 1.4263343e-05 0)
(0.01457631 1.5077167e-05 0)
(0.014572773 1.5744236e-05 0)
(0.014568059 1.6755561e-05 0)
(0.014562113 1.7744068e-05 0)
(0.014554931 1.84802e-05 0)
(0.014546558 1.8846731e-05 0)
(0.014537129 1.8789737e-05 0)
(0.014526871 1.8314675e-05 0)
(0.014516069 1.7476127e-05 0)
(0.014505017 1.6352725e-05 0)
(0.014493986 1.50245e-05 0)
(0.014483204 1.3567883e-05 0)
(0.014472844 1.2063065e-05 0)
(0.014463013 1.0592615e-05 0)
(0.014453753 9.221975e-06 0)
(0.014445065 7.9801203e-06 0)
(0.014436939 6.855576e-06 0)
(0.014429366 5.8215173e-06 0)
(0.01442234 4.9099089e-06 0)
(0.014415877 4.1393181e-06 0)
(0.014409994 3.4769859e-06 0)
(0.014404705 2.873321e-06 0)
(0.014400028 2.279564e-06 0)
(0.014395982 1.6743274e-06 0)
(0.014392572 1.0740932e-06 0)
(0.014389779 5.1420254e-07 0)
(0.014387568 2.2634225e-08 0)
(0.014385903 -3.8281874e-07 0)
(0.014384763 -6.8223016e-07 0)
(0.014384076 -9.1357293e-07 0)
(0.014383716 -1.1455629e-06 0)
(0.014383587 -1.3234654e-06 0)
(0.014383639 -1.3562051e-06 0)
(0.01438382 -1.346002e-06 0)
(0.014384095 -1.3094899e-06 0)
(0.014384438 -1.1941408e-06 0)
(0.014384815 -1.0346929e-06 0)
(0.014385201 -8.7508505e-07 0)
(0.01438558 -7.2891712e-07 0)
(0.01438593 -5.9714944e-07 0)
(0.014386233 -4.7855533e-07 0)
(0.014386486 -3.7470559e-07 0)
(0.014386689 -2.8754867e-07 0)
(0.014386849 -2.1733277e-07 0)
(0.014386972 -1.6270764e-07 0)
(0.014387065 -1.2134866e-07 0)
(0.014387136 -9.0571246e-08 0)
(0.01438719 -6.7836867e-08 0)
(0.014387231 -5.1029932e-08 0)
(0.014387264 -3.8519341e-08 0)
(0.014387289 -2.9102152e-08 0)
(0.01438731 -2.1931565e-08 0)
(0.014387326 -1.6429645e-08 0)
(0.014387339 -1.2153686e-08 0)
(0.014387349 -8.8081216e-09 0)
(0.014387358 -6.2913061e-09 0)
(0.014387365 -4.4247082e-09 0)
(0.01438737 -3.0484568e-09 0)
(0.014387374 -2.0431028e-09 0)
(0.014387378 -1.3178164e-09 0)
(0.01438738 -8.0498937e-10 0)
(0.014387382 -4.533198e-10 0)
(0.014387384 -2.2394266e-10 0)
(0.014387385 -8.679629e-11 0)
(0.014387386 -1.7408876e-11 0)
(0.014387387 2.5879538e-12 0)
(0.014387388 -1.1406813e-11 0)
(0.014387389 -5.3874611e-11 0)
(0.014387389 -9.1047186e-11 0)
(0.01438739 -2.1804175e-10 0)
(0.01729344 0.00071079142 0)
(0.017214206 0.00077695121 0)
(0.017169322 0.00080917208 0)
(0.017118593 0.00081501067 0)
(0.017064771 0.00081059016 0)
(0.017020965 0.00080057961 0)
(0.016991361 0.00078342722 0)
(0.016972969 0.00075937252 0)
(0.016962496 0.00073144047 0)
(0.016958741 0.00070257075 0)
(0.016960919 0.00067458761 0)
(0.016967707 0.00064882526 0)
(0.016977293 0.00062619185 0)
(0.016987975 0.00060728231 0)
(0.016998284 0.00059262338 0)
(0.017006894 0.00058211627 0)
(0.017013114 0.00057356231 0)
(0.017016736 0.00056494061 0)
(0.017016881 0.00055637934 0)
(0.0170122 0.00054813043 0)
(0.01700192 0.00053896935 0)
(0.0169858 0.00052856057 0)
(0.016963476 0.00051699292 0)
(0.016934855 0.00050013774 0)
(0.016900606 0.00047825709 0)
(0.016861815 0.00045156493 0)
(0.016819627 0.00042057219 0)
(0.01677518 0.0003862127 0)
(0.016729566 0.0003496214 0)
(0.016683804 0.00031192498 0)
(0.016638824 0.00027415136 0)
(0.01659544 0.00023718502 0)
(0.01655434 0.00020177533 0)
(0.016516061 0.00016854981 0)
(0.016480992 0.00013787969 0)
(0.016449386 0.00010993287 0)
(0.01642135 8.4865782e-05 0)
(0.016396808 6.280547e-05 0)
(0.016375568 4.3820025e-05 0)
(0.016357374 2.7912741e-05 0)
(0.016341904 1.4973512e-05 0)
(0.016328707 4.7818645e-06 0)
(0.016317227 -2.9161838e-06 0)
(0.016306884 -8.4107042e-06 0)
(0.016297095 -1.2091225e-05 0)
(0.016287349 -1.4402388e-05 0)
(0.016277081 -1.5753736e-05 0)
(0.01626577 -1.6404732e-05 0)
(0.016253101 -1.6634501e-05 0)
(0.016238748 -1.6882466e-05 0)
(0.016222422 -1.7554324e-05 0)
(0.016204093 -1.893233e-05 0)
(0.016183915 -2.114528e-05 0)
(0.016162077 -2.4198826e-05 0)
(0.016138838 -2.8040741e-05 0)
(0.016114602 -3.2576331e-05 0)
(0.0160898 -3.7561258e-05 0)
(0.016064589 -4.2689802e-05 0)
(0.016039175 -4.7767878e-05 0)
(0.016014152 -5.2680014e-05 0)
(0.015990064 -5.7315088e-05 0)
(0.015967136 -6.1549555e-05 0)
(0.01594548 -6.5274068e-05 0)
(0.015925213 -6.840955e-05 0)
(0.015906396 -7.0900493e-05 0)
(0.015889009 -7.2706325e-05 0)
(0.015872955 -7.3797259e-05 0)
(0.015858078 -7.4145847e-05 0)
(0.015844313 -7.3744071e-05 0)
(0.015831663 -7.2632304e-05 0)
(0.015820035 -7.0884052e-05 0)
(0.01580926 -6.8592025e-05 0)
(0.015799163 -6.5862995e-05 0)
(0.015789582 -6.280213e-05 0)
(0.015780369 -5.9503102e-05 0)
(0.015771379 -5.6054425e-05 0)
(0.015762482 -5.2541186e-05 0)
(0.015753562 -4.9040302e-05 0)
(0.015744526 -4.5617168e-05 0)
(0.0157353 -4.2325272e-05 0)
(0.015725833 -3.9206551e-05 0)
(0.015716094 -3.6291638e-05 0)
(0.015706075 -3.3600262e-05 0)
(0.015695781 -3.1142339e-05 0)
(0.015685232 -2.8916627e-05 0)
(0.015674457 -2.6913706e-05 0)
(0.015663505 -2.5119034e-05 0)
(0.015652433 -2.3514937e-05 0)
(0.015641291 -2.2081429e-05 0)
(0.015630112 -2.0796427e-05 0)
(0.01561893 -1.9638897e-05 0)
(0.015607802 -1.8600809e-05 0)
(0.015596794 -1.7695911e-05 0)
(0.015585944 -1.6942639e-05 0)
(0.015575277 -1.6352456e-05 0)
(0.01556483 -1.5928589e-05 0)
(0.015554655 -1.566431e-05 0)
(0.015544818 -1.5538438e-05 0)
(0.015535392 -1.5511053e-05 0)
(0.015526461 -1.5525588e-05 0)
(0.01551811 -1.5523538e-05 0)
(0.01551043 -1.5470171e-05 0)
(0.0155035 -1.5366084e-05 0)
(0.01549735 -1.5227061e-05 0)
(0.015491964 -1.5065145e-05 0)
(0.015487316 -1.4885441e-05 0)
(0.015483383 -1.4689735e-05 0)
(0.015480138 -1.4458391e-05 0)
(0.015477525 -1.4157798e-05 0)
(0.015475486 -1.3781991e-05 0)
(0.015473981 -1.332556e-05 0)
(0.015472973 -1.2670915e-05 0)
(0.015472421 -1.1670099e-05 0)
(0.015472281 -1.0627367e-05 0)
(0.015472507 -9.6656153e-06 0)
(0.015473072 -8.7779323e-06 0)
(0.01547398 -7.9166603e-06 0)
(0.015475258 -7.1662454e-06 0)
(0.015476923 -6.6532017e-06 0)
(0.015478984 -6.0522126e-06 0)
(0.015481453 -5.245227e-06 0)
(0.015484359 -4.3143193e-06 0)
(0.015487752 -3.27277e-06 0)
(0.015491569 -2.0598513e-06 0)
(0.015495604 -5.8350801e-07 0)
(0.015499751 1.2328616e-06 0)
(0.015503964 3.4254018e-06 0)
(0.015508073 5.9705532e-06 0)
(0.015511892 8.8223326e-06 0)
(0.015515249 1.1897448e-05 0)
(0.015517757 1.5118982e-05 0)
(0.01551898 1.8440915e-05 0)
(0.015518742 2.1845469e-05 0)
(0.015516939 2.5290581e-05 0)
(0.015513346 2.8640846e-05 0)
(0.015507743 3.1670549e-05 0)
(0.015500056 3.4097107e-05 0)
(0.015490381 3.569187e-05 0)
(0.015478932 3.6366351e-05 0)
(0.015465998 3.6167408e-05 0)
(0.015451934 3.5226649e-05 0)
(0.01543716 3.3720471e-05 0)
(0.015422117 3.1861164e-05 0)
(0.015407178 2.9866001e-05 0)
(0.01539259 2.7887411e-05 0)
(0.015378483 2.5983901e-05 0)
(0.015364921 2.4145003e-05 0)
(0.015351925 2.2328963e-05 0)
(0.015339519 2.0491944e-05 0)
(0.01532775 1.8608325e-05 0)
(0.015316668 1.6674401e-05 0)
(0.015306311 1.4689072e-05 0)
(0.015296735 1.2658729e-05 0)
(0.015288028 1.062268e-05 0)
(0.015280273 8.6348502e-06 0)
(0.015273512 6.7328284e-06 0)
(0.015267749 4.9374839e-06 0)
(0.015262948 3.2647838e-06 0)
(0.015259046 1.7641107e-06 0)
(0.015255972 6.3610735e-07 0)
(0.015253644 -1.2975866e-07 0)
(0.015251953 -6.7355783e-07 0)
(0.015250808 -1.0416572e-06 0)
(0.015250142 -1.2679063e-06 0)
(0.015249874 -1.4648088e-06 0)
(0.015249877 -1.5690493e-06 0)
(0.015250031 -1.5665824e-06 0)
(0.015250274 -1.521202e-06 0)
(0.015250578 -1.4049764e-06 0)
(0.015250918 -1.2306688e-06 0)
(0.015251263 -1.0360088e-06 0)
(0.015251587 -8.4384039e-07 0)
(0.015251875 -6.6846154e-07 0)
(0.015252121 -5.1798901e-07 0)
(0.015252324 -3.9517767e-07 0)
(0.015252488 -2.9885028e-07 0)
(0.015252619 -2.2554579e-07 0)
(0.015252723 -1.7089171e-07 0)
(0.015252804 -1.3055195e-07 0)
(0.015252868 -1.0076978e-07 0)
(0.015252919 -7.857516e-08 0)
(0.015252959 -6.1755893e-08 0)
(0.015252992 -4.8753068e-08 0)
(0.015253019 -3.8519952e-08 0)
(0.015253041 -3.0368251e-08 0)
(0.015253059 -2.3837313e-08 0)
(0.015253074 -1.8606656e-08 0)
(0.015253086 -1.4439609e-08 0)
(0.015253096 -1.1148265e-08 0)
(0.015253103 -8.5755025e-09 0)
(0.01525311 -6.5874275e-09 0)
(0.015253115 -5.0690744e-09 0)
(0.015253119 -3.922622e-09 0)
(0.015253123 -3.0658363e-09 0)
(0.015253126 -2.4325791e-09 0)
(0.015253128 -1.9719994e-09 0)
(0.01525313 -1.6417152e-09 0)
(0.015253132 -1.4185954e-09 0)
(0.015253133 -1.2490359e-09 0)
(0.015253135 -1.1827621e-09 0)
(0.017422913 0.00085411534 0)
(0.017326767 0.00089365511 0)
(0.017250764 0.00091065317 0)
(0.017182069 0.00090603768 0)
(0.017118929 0.00088722213 0)
(0.017066074 0.00085888888 0)
(0.017027345 0.00082326605 0)
(0.017003154 0.00078272508 0)
(0.016991797 0.00073997467 0)
(0.016992905 0.00069789767 0)
(0.017003604 0.00065902941 0)
(0.017023293 0.00062483027 0)
(0.017049505 0.00059628298 0)
(0.017080068 0.00057404592 0)
(0.017112455 0.0005581668 0)
(0.017145673 0.00054776477 0)
(0.017180114 0.00054184534 0)
(0.017206031 0.00053956133 0)
(0.017225742 0.00053971231 0)
(0.017238442 0.00054036801 0)
(0.017244837 0.00054002848 0)
(0.0172447 0.00053857838 0)
(0.017238454 0.00053499765 0)
(0.017226837 0.00052612258 0)
(0.017210489 0.000511496 0)
(0.017189772 0.00049121933 0)
(0.017164832 0.0004656098 0)
(0.017136429 0.00043534105 0)
(0.017105516 0.00040136023 0)
(0.017073083 0.00036470922 0)
(0.017040195 0.00032644705 0)
(0.017007908 0.00028759584 0)
(0.016977144 0.0002491166 0)
(0.016948703 0.00021199291 0)
(0.016923349 0.00017702645 0)
(0.016900884 0.00014475005 0)
(0.016881527 0.00011557589 0)
(0.01686525 8.9718601e-05 0)
(0.016851868 6.7219961e-05 0)
(0.016841133 4.8103608e-05 0)
(0.01683275 3.2339173e-05 0)
(0.01682637 1.9774058e-05 0)
(0.016821601 1.0248979e-05 0)
(0.01681795 3.539249e-06 0)
(0.016814799 -7.2834742e-07 0)
(0.016811488 -3.001175e-06 0)
(0.016807507 -3.0233987e-06 0)
(0.016802521 -1.8926362e-06 0)
(0.016796132 8.4075878e-09 0)
(0.016787862 2.7163766e-06 0)
(0.016777374 5.2910193e-06 0)
(0.016764581 7.1772871e-06 0)
(0.016749547 8.2066581e-06 0)
(0.016732333 8.2037171e-06 0)
(0.016713047 6.9683386e-06 0)
(0.016691905 4.46431e-06 0)
(0.016669176 7.9546367e-07 0)
(0.01664517 -3.8586915e-06 0)
(0.016620313 -9.1300576e-06 0)
(0.016595094 -1.4630872e-05 0)
(0.016569926 -2.0109042e-05 0)
(0.016545121 -2.5397179e-05 0)
(0.016520939 -3.0359065e-05 0)
(0.0164976 -3.4891731e-05 0)
(0.01647527 -3.8919097e-05 0)
(0.016454058 -4.2370458e-05 0)
(0.01643403 -4.5172932e-05 0)
(0.016415217 -4.7247343e-05 0)
(0.016397629 -4.8512121e-05 0)
(0.016381243 -4.8958547e-05 0)
(0.016365974 -4.8622046e-05 0)
(0.0163517 -4.7558377e-05 0)
(0.016338273 -4.5875839e-05 0)
(0.016325557 -4.3689117e-05 0)
(0.016313407 -4.1076156e-05 0)
(0.016301661 -3.8110602e-05 0)
(0.016290159 -3.4877866e-05 0)
(0.016278761 -3.1468094e-05 0)
(0.016267344 -2.7968882e-05 0)
(0.016255805 -2.4462315e-05 0)
(0.016244057 -2.1022401e-05 0)
(0.016232032 -1.7712826e-05 0)
(0.016219686 -1.4585527e-05 0)
(0.016206995 -1.1679281e-05 0)
(0.016193951 -9.0220203e-06 0)
(0.016180559 -6.6285956e-06 0)
(0.016166842 -4.4991555e-06 0)
(0.01615284 -2.6329992e-06 0)
(0.016138584 -1.023282e-06 0)
(0.01612412 3.5451544e-07 0)
(0.016109494 1.5298554e-06 0)
(0.016094751 2.5262802e-06 0)
(0.016079927 3.3506452e-06 0)
(0.016065054 3.9934488e-06 0)
(0.016050155 4.4424862e-06 0)
(0.016035263 4.6841736e-06 0)
(0.016020417 4.7039806e-06 0)
(0.016005673 4.4919023e-06 0)
(0.015991105 4.0498715e-06 0)
(0.015976807 3.3980381e-06 0)
(0.015962896 2.5726874e-06 0)
(0.015949498 1.6097171e-06 0)
(0.015936732 5.3483874e-07 0)
(0.015924689 -6.2491084e-07 0)
(0.015913435 -1.8282564e-06 0)
(0.01590301 -3.0249903e-06 0)
(0.015893425 -4.1665119e-06 0)
(0.01588467 -5.2038018e-06 0)
(0.015876722 -6.0865837e-06 0)
(0.015869546 -6.7720975e-06 0)
(0.015863099 -7.2381779e-06 0)
(0.015857351 -7.489819e-06 0)
(0.015852335 -7.5694087e-06 0)
(0.015848079 -7.5565467e-06 0)
(0.015844537 -7.5302638e-06 0)
(0.015841657 -7.5355567e-06 0)
(0.01583944 -7.5695767e-06 0)
(0.015837913 -7.607318e-06 0)
(0.015837056 -7.6358179e-06 0)
(0.015836849 -7.6552527e-06 0)
(0.015837339 -7.6663915e-06 0)
(0.015838567 -7.6597566e-06 0)
(0.015840533 -7.5578883e-06 0)
(0.015843164 -7.2699021e-06 0)
(0.015846384 -6.6467148e-06 0)
(0.015850144 -5.5152997e-06 0)
(0.015854348 -3.7820685e-06 0)
(0.01585888 -1.4208052e-06 0)
(0.015863566 1.5821728e-06 0)
(0.01586819 5.2103244e-06 0)
(0.015872493 9.4152835e-06 0)
(0.015876168 1.420869e-05 0)
(0.015878935 1.9616029e-05 0)
(0.01588048 2.5589201e-05 0)
(0.015880382 3.1954776e-05 0)
(0.01587822 3.8354922e-05 0)
(0.015873761 4.4328868e-05 0)
(0.015867 4.9492284e-05 0)
(0.015858034 5.3601905e-05 0)
(0.015846969 5.6488952e-05 0)
(0.015833932 5.8008029e-05 0)
(0.015819156 5.8054587e-05 0)
(0.015803037 5.6739577e-05 0)
(0.015786056 5.4472966e-05 0)
(0.015768647 5.1718698e-05 0)
(0.015751182 4.8805396e-05 0)
(0.015733978 4.5922245e-05 0)
(0.015717276 4.3140131e-05 0)
(0.015701246 4.0444691e-05 0)
(0.015686017 3.7801492e-05 0)
(0.015671687 3.5184538e-05 0)
(0.015658329 3.2474409e-05 0)
(0.015646009 2.9480109e-05 0)
(0.015634815 2.616873e-05 0)
(0.015624781 2.2674238e-05 0)
(0.015615897 1.9148692e-05 0)
(0.015608142 1.5728263e-05 0)
(0.015601446 1.2536761e-05 0)
(0.015595673 9.6413887e-06 0)
(0.015590745 7.0513262e-06 0)
(0.015586687 4.786353e-06 0)
(0.015583508 2.8760774e-06 0)
(0.015581139 1.3046719e-06 0)
(0.015579473 1.1570975e-08 0)
(0.01557837 -9.5868574e-07 0)
(0.015577695 -1.4158082e-06 0)
(0.015577354 -1.6108934e-06 0)
(0.015577257 -1.6807854e-06 0)
(0.015577321 -1.6809885e-06 0)
(0.015577475 -1.6164423e-06 0)
(0.015577682 -1.46987e-06 0)
(0.015577918 -1.2795472e-06 0)
(0.01557816 -1.0761969e-06 0)
(0.01557839 -8.8090596e-07 0)
(0.015578598 -7.0626226e-07 0)
(0.015578779 -5.5786437e-07 0)
(0.015578932 -4.3654332e-07 0)
(0.015579059 -3.402544e-07 0)
(0.015579163 -2.654506e-07 0)
(0.015579247 -2.0808828e-07 0)
(0.015579316 -1.6429166e-07 0)
(0.015579372 -1.3071685e-07 0)
(0.015579418 -1.0469747e-07 0)
(0.015579455 -8.4235696e-08 0)
(0.015579486 -6.7907119e-08 0)
(0.015579512 -5.4733187e-08 0)
(0.015579533 -4.4040401e-08 0)
(0.015579551 -3.5350826e-08 0)
(0.015579565 -2.8309099e-08 0)
(0.015579577 -2.2634828e-08 0)
(0.015579587 -1.8094518e-08 0)
(0.015579596 -1.4487642e-08 0)
(0.015579602 -1.1641018e-08 0)
(0.015579608 -9.406704e-09 0)
(0.015579613 -7.6609261e-09 0)
(0.015579617 -6.3024806e-09 0)
(0.01557962 -5.2496305e-09 0)
(0.015579623 -4.4373804e-09 0)
(0.015579625 -3.8321524e-09 0)
(0.015579628 -3.2292215e-09 0)
(0.017425562 0.0010113706 0)
(0.01730861 0.0010325447 0)
(0.01720612 0.0010343955 0)
(0.017115488 0.0010148774 0)
(0.017037777 0.00097803981 0)
(0.016975847 0.00092882792 0)
(0.016931778 0.00087125653 0)
(0.016905884 0.00080890267 0)
(0.016897332 0.00074540411 0)
(0.016904047 0.00068445797 0)
(0.016924052 0.00062916232 0)
(0.016954862 0.00058167314 0)
(0.016993513 0.0005435627 0)
(0.017036892 0.00051566066 0)
(0.017081889 0.00049759423 0)
(0.017125606 0.00048824368 0)
(0.017165612 0.00048752303 0)
(0.017200513 0.00049473907 0)
(0.017228866 0.00050669102 0)
(0.017249854 0.00051978896 0)
(0.017260802 0.00053131474 0)
(0.017261126 0.000539553 0)
(0.017257941 0.00054337963 0)
(0.017246791 0.00054175389 0)
(0.0172298 0.00053407727 0)
(0.017208297 0.00052019434 0)
(0.017182792 0.00050026029 0)
(0.01715422 0.00047468516 0)
(0.017123724 0.0004441203 0)
(0.017092362 0.00040939193 0)
(0.01706114 0.00037145442 0)
(0.017031015 0.00033136731 0)
(0.017002834 0.00029023747 0)
(0.01697731 0.00024915085 0)
(0.016955088 0.00020919836 0)
(0.016936658 0.00017139962 0)
(0.016922312 0.00013652885 0)
(0.016912072 0.00010512938 0)
(0.016905614 7.7547851e-05 0)
(0.016902393 5.3968772e-05 0)
(0.01690212 3.4559777e-05 0)
(0.01690362 1.9348109e-05 0)
(0.016906224 8.1971997e-06 0)
(0.01690949 8.6439176e-07 0)
(0.016912644 -2.9571129e-06 0)
(0.016914939 -3.9808954e-06 0)
(0.016916202 -2.9416545e-06 0)
(0.016916319 5.6015195e-09 0)
(0.016914825 4.7759048e-06 0)
(0.016911243 1.0870793e-05 0)
(0.016905427 1.7058052e-05 0)
(0.016897353 2.2250893e-05 0)
(0.016887144 2.6346932e-05 0)
(0.016874779 2.9447001e-05 0)
(0.016860127 3.1372779e-05 0)
(0.016843068 3.197337e-05 0)
(0.016823833 3.1233446e-05 0)
(0.016802629 2.9204719e-05 0)
(0.016779758 2.6008646e-05 0)
(0.016755665 2.181758e-05 0)
(0.016730874 1.6838501e-05 0)
(0.016705915 1.1304925e-05 0)
(0.016681277 5.4650096e-06 0)
(0.016657375 -4.3602293e-07 0)
(0.016634519 -6.1685314e-06 0)
(0.016612915 -1.1522563e-05 0)
(0.016592675 -1.6312995e-05 0)
(0.016573843 -2.0385884e-05 0)
(0.016556409 -2.3624702e-05 0)
(0.016540322 -2.5966167e-05 0)
(0.016525466 -2.7370011e-05 0)
(0.01651181 -2.7812614e-05 0)
(0.016499148 -2.7351672e-05 0)
(0.016487155 -2.6092677e-05 0)
(0.016475702 -2.4135436e-05 0)
(0.016464616 -2.1585272e-05 0)
(0.016453725 -1.855662e-05 0)
(0.016442885 -1.5165702e-05 0)
(0.016431974 -1.1524527e-05 0)
(0.016420884 -7.7392989e-06 0)
(0.01640953 -3.9091002e-06 0)
(0.016397844 -1.2367205e-07 0)
(0.01638578 3.5394279e-06 0)
(0.016373307 7.0167482e-06 0)
(0.016360415 1.025642e-05 0)
(0.016347115 1.322058e-05 0)
(0.016333432 1.5887904e-05 0)
(0.0163194 1.8252339e-05 0)
(0.016305061 2.0322221e-05 0)
(0.016290454 2.2116927e-05 0)
(0.016275619 2.3659836e-05 0)
(0.016260589 2.4969976e-05 0)
(0.016245399 2.605629e-05 0)
(0.01623008 2.6915456e-05 0)
(0.016214662 2.7532697e-05 0)
(0.016199177 2.788361e-05 0)
(0.016183665 2.7938865e-05 0)
(0.016168175 2.7671329e-05 0)
(0.016152764 2.7063276e-05 0)
(0.016137502 2.6111396e-05 0)
(0.01612247 2.4828297e-05 0)
(0.016107757 2.3240708e-05 0)
(0.016093452 2.1387574e-05 0)
(0.016079637 1.932106e-05 0)
(0.016066382 1.7106375e-05 0)
(0.016053745 1.4817233e-05 0)
(0.016041772 1.2529782e-05 0)
(0.016030494 1.0317704e-05 0)
(0.016019932 8.2454572e-06 0)
(0.016010101 6.3593419e-06 0)
(0.016001013 4.6837397e-06 0)
(0.015992678 3.2239441e-06 0)
(0.01598511 1.9575762e-06 0)
(0.015978312 8.1750867e-07 0)
(0.015972278 -2.7088561e-07 0)
(0.015967003 -1.3736787e-06 0)
(0.01596249 -2.543361e-06 0)
(0.015958765 -3.8096624e-06 0)
(0.015955852 -5.1740724e-06 0)
(0.015953753 -6.5597126e-06 0)
(0.015952471 -7.8707792e-06 0)
(0.015952012 -9.05484e-06 0)
(0.015952385 -1.0040855e-05 0)
(0.015953574 -1.0582898e-05 0)
(0.015955523 -1.0761547e-05 0)
(0.015958172 -1.0347712e-05 0)
(0.015961452 -9.2372253e-06 0)
(0.015965266 -7.3339447e-06 0)
(0.015969476 -4.5968631e-06 0)
(0.015973871 -9.7532274e-07 0)
(0.01597813 3.579534e-06 0)
(0.015981872 9.0657688e-06 0)
(0.015984748 1.552951e-05 0)
(0.015986456 2.3216275e-05 0)
(0.01598672 3.2196455e-05 0)
(0.015985356 4.1810804e-05 0)
(0.015982274 5.1009499e-05 0)
(0.015977396 5.9087253e-05 0)
(0.015970663 6.5893237e-05 0)
(0.015962019 7.1460285e-05 0)
(0.0159515 7.5763381e-05 0)
(0.015939295 7.8692884e-05 0)
(0.015925029 8.0176471e-05 0)
(0.015908715 8.0329721e-05 0)
(0.015890732 7.93511e-05 0)
(0.015871523 7.7406623e-05 0)
(0.015851681 7.4627178e-05 0)
(0.01583188 7.1131883e-05 0)
(0.01581275 6.7029875e-05 0)
(0.015794794 6.243312e-05 0)
(0.015778372 5.7509633e-05 0)
(0.015763876 5.2416958e-05 0)
(0.015751089 4.7208538e-05 0)
(0.015739751 4.1916767e-05 0)
(0.015729851 3.6610131e-05 0)
(0.015721263 3.1378373e-05 0)
(0.015713878 2.6377054e-05 0)
(0.015707608 2.1852487e-05 0)
(0.015702323 1.7864143e-05 0)
(0.015697873 1.4188664e-05 0)
(0.015694229 1.0741495e-05 0)
(0.015691322 7.6504612e-06 0)
(0.015689045 5.0178932e-06 0)
(0.015687308 2.8740282e-06 0)
(0.015686022 1.2022763e-06 0)
(0.015685133 -3.5862898e-08 0)
(0.015684605 -8.9889921e-07 0)
(0.015684359 -1.4517014e-06 0)
(0.015684299 -1.7135043e-06 0)
(0.015684347 -1.7487298e-06 0)
(0.015684455 -1.6869272e-06 0)
(0.015684602 -1.5490182e-06 0)
(0.015684771 -1.3661911e-06 0)
(0.015684944 -1.1664617e-06 0)
(0.01568511 -9.7144323e-07 0)
(0.015685262 -7.9425096e-07 0)
(0.015685397 -6.4112705e-07 0)
(0.015685513 -5.1362948e-07 0)
(0.015685612 -4.1031283e-07 0)
(0.015685694 -3.2810354e-07 0)
(0.015685763 -2.6333568e-07 0)
(0.01568582 -2.1241958e-07 0)
(0.015685867 -1.7221572e-07 0)
(0.015685906 -1.4018928e-07 0)
(0.015685939 -1.1441043e-07 0)
(0.015685967 -9.3466013e-08 0)
(0.01568599 -7.6338598e-08 0)
(0.015686009 -6.2291538e-08 0)
(0.015686025 -5.0775883e-08 0)
(0.015686039 -4.1363102e-08 0)
(0.01568605 -3.3702403e-08 0)
(0.015686059 -2.7497107e-08 0)
(0.015686067 -2.2492856e-08 0)
(0.015686074 -1.8471834e-08 0)
(0.01568608 -1.5249977e-08 0)
(0.015686085 -1.2673319e-08 0)
(0.015686089 -1.0620218e-08 0)
(0.015686092 -8.9721286e-09 0)
(0.015686095 -7.7480101e-09 0)
(0.015686098 -6.3216792e-09 0)
(0.017400123 0.0012065712 0)
(0.017250071 0.0012160167 0)
(0.017112943 0.0012003595 0)
(0.016991077 0.001158523 0)
(0.016889513 0.001095043 0)
(0.016811669 0.0010162287 0)
(0.016758723 0.00092806497 0)
(0.016730456 0.00083603077 0)
(0.016725564 0.00074536731 0)
(0.016741624 0.0006608796 0)
(0.016775355 0.00058638602 0)
(0.016822994 0.00052450356 0)
(0.016880433 0.00047696286 0)
(0.016943149 0.00044464243 0)
(0.017006588 0.00042711517 0)
(0.017066814 0.00042287615 0)
(0.017120717 0.00043007179 0)
(0.017165967 0.0004463402 0)
(0.017201089 0.00046868349 0)
(0.01722554 0.00049445434 0)
(0.017238878 0.00052072932 0)
(0.017240412 0.00054293905 0)
(0.017230507 0.0005582532 0)
(0.017211292 0.00056661802 0)
(0.017185338 0.00056755221 0)
(0.017154514 0.00056031464 0)
(0.017120435 0.00054487648 0)
(0.017084687 0.00052179744 0)
(0.01704862 0.00049192426 0)
(0.017013353 0.00045631063 0)
(0.016979893 0.00041617372 0)
(0.016949108 0.00037282487 0)
(0.016921688 0.00032760037 0)
(0.016898149 0.00028180643 0)
(0.016878859 0.00023668268 0)
(0.016864048 0.00019335476 0)
(0.016853813 0.00015280232 0)
(0.016848085 0.00011589643 0)
(0.016846612 8.33694e-05 0)
(0.016848949 5.5666771e-05 0)
(0.016854475 3.3024257e-05 0)
(0.016862586 1.5427948e-05 0)
(0.016872548 2.6484961e-06 0)
(0.016883311 -5.6977766e-06 0)
(0.016894125 -8.7492247e-06 0)
(0.016904912 -7.8768044e-06 0)
(0.016912605 -5.019241e-06 0)
(0.016917622 6.7571782e-07 0)
(0.016919875 8.110544e-06 0)
(0.016919572 1.6497673e-05 0)
(0.016917236 2.5346544e-05 0)
(0.016910693 3.4085797e-05 0)
(0.016900437 4.2107568e-05 0)
(0.016887081 4.9029957e-05 0)
(0.016870659 5.4649316e-05 0)
(0.016851606 5.8763288e-05 0)
(0.01683044 6.1171864e-05 0)
(0.016807642 6.1778622e-05 0)
(0.016783717 6.0596456e-05 0)
(0.016759166 5.7729119e-05 0)
(0.016734437 5.3355804e-05 0)
(0.016709926 4.7733955e-05 0)
(0.016685986 4.1188361e-05 0)
(0.016662928 3.4078477e-05 0)
(0.016640999 2.6764154e-05 0)
(0.016620378 1.9576807e-05 0)
(0.016601176 1.2804813e-05 0)
(0.016583436 6.6921073e-06 0)
(0.016567145 1.4371758e-06 0)
(0.016552238 -2.8132524e-06 0)
(0.016538597 -5.977768e-06 0)
(0.016526065 -8.0282002e-06 0)
(0.016514469 -8.9442719e-06 0)
(0.016503636 -8.7477072e-06 0)
(0.016493378 -7.5377806e-06 0)
(0.016483476 -5.4505162e-06 0)
(0.016473723 -2.6269593e-06 0)
(0.016463945 7.8797336e-07 0)
(0.016453995 4.6471755e-06 0)
(0.016443749 8.8084066e-06 0)
(0.016433106 1.3137436e-05 0)
(0.016421992 1.7510711e-05 0)
(0.016410361 2.1818955e-05 0)
(0.016398186 2.5967257e-05 0)
(0.016385464 2.9875825e-05 0)
(0.016372216 3.3479562e-05 0)
(0.016358485 3.673162e-05 0)
(0.01634434 3.9608456e-05 0)
(0.016329864 4.2110979e-05 0)
(0.016315135 4.4262082e-05 0)
(0.016300221 4.6094157e-05 0)
(0.016285183 4.7635335e-05 0)
(0.016270069 4.8901589e-05 0)
(0.016254923 4.9893044e-05 0)
(0.016239779 5.0593559e-05 0)
(0.016224672 5.097312e-05 0)
(0.016209636 5.0993107e-05 0)
(0.016194713 5.06148e-05 0)
(0.016179949 4.9808619e-05 0)
(0.016165395 4.8560107e-05 0)
(0.016151107 4.6873999e-05 0)
(0.016137144 4.4776185e-05 0)
(0.016123561 4.2312542e-05 0)
(0.01611041 3.9546979e-05 0)
(0.016097731 3.6558443e-05 0)
(0.016085558 3.343509e-05 0)
(0.016073915 3.0266629e-05 0)
(0.016062818 2.713722e-05 0)
(0.016052279 2.4118682e-05 0)
(0.016042305 2.1263322e-05 0)
(0.0160329 1.8597717e-05 0)
(0.01602407 1.6119234e-05 0)
(0.016015821 1.3795688e-05 0)
(0.016008162 1.1569594e-05 0)
(0.016001099 9.3727815e-06 0)
(0.015994655 7.1387399e-06 0)
(0.01598882 4.8193852e-06 0)
(0.01598366 2.4168861e-06 0)
(0.015979182 -3.7381616e-09 0)
(0.015975395 -2.414373e-06 0)
(0.0159724 -4.9123491e-06 0)
(0.015970386 -7.4720673e-06 0)
(0.015969466 -9.8714221e-06 0)
(0.015969456 -1.1950437e-05 0)
(0.015970493 -1.3591288e-05 0)
(0.015972778 -1.4578512e-05 0)
(0.015976006 -1.4662885e-05 0)
(0.015980005 -1.3684267e-05 0)
(0.01598463 -1.1530364e-05 0)
(0.015989729 -7.9444606e-06 0)
(0.015994827 -2.6913678e-06 0)
(0.015999236 4.2875979e-06 0)
(0.016002469 1.2837627e-05 0)
(0.01600364 2.2622786e-05 0)
(0.01600354 3.3267774e-05 0)
(0.016002389 4.4409571e-05 0)
(0.015999713 5.5664126e-05 0)
(0.015994655 6.6568324e-05 0)
(0.015987071 7.6608313e-05 0)
(0.015977049 8.5378074e-05 0)
(0.015964538 9.2682722e-05 0)
(0.015949846 9.8536213e-05 0)
(0.015933438 0.00010297311 0)
(0.015915789 0.00010588959 0)
(0.01589734 0.00010714159 0)
(0.015878519 0.00010664764 0)
(0.01585977 0.00010440516 0)
(0.015841517 0.000100528 0)
(0.015824107 9.5234368e-05 0)
(0.015807781 8.8784749e-05 0)
(0.01579271 8.144667e-05 0)
(0.015779049 7.3572132e-05 0)
(0.015766942 6.5577994e-05 0)
(0.015756446 5.7732578e-05 0)
(0.015747493 5.0131582e-05 0)
(0.015739945 4.2827906e-05 0)
(0.015733656 3.5877296e-05 0)
(0.015728383 2.9423318e-05 0)
(0.015724671 2.3655231e-05 0)
(0.015722121 1.8611878e-05 0)
(0.015720091 1.4231722e-05 0)
(0.015718586 1.0435332e-05 0)
(0.015717462 7.1645956e-06 0)
(0.015716622 4.4367891e-06 0)
(0.015716018 2.2691803e-06 0)
(0.015715617 6.4334791e-07 0)
(0.015715388 -5.033373e-07 0)
(0.015715294 -1.2525722e-06 0)
(0.015715298 -1.6792355e-06 0)
(0.015715351 -1.8542908e-06 0)
(0.015715421 -1.8560737e-06 0)
(0.015715512 -1.750742e-06 0)
(0.015715624 -1.5817812e-06 0)
(0.015715744 -1.3819311e-06 0)
(0.01571586 -1.1761997e-06 0)
(0.015715967 -9.8130311e-07 0)
(0.015716063 -8.0687837e-07 0)
(0.015716147 -6.571936e-07 0)
(0.015716219 -5.3267563e-07 0)
(0.01571628 -4.3132813e-07 0)
(0.015716331 -3.4992824e-07 0)
(0.015716375 -2.849019e-07 0)
(0.015716411 -2.3288847e-07 0)
(0.015716442 -1.9103851e-07 0)
(0.015716468 -1.5709787e-07 0)
(0.01571649 -1.2935915e-07 0)
(0.015716509 -1.0655765e-07 0)
(0.015716525 -8.775758e-08 0)
(0.015716539 -7.225166e-08 0)
(0.015716551 -5.9485064e-08 0)
(0.01571656 -4.9005125e-08 0)
(0.015716569 -4.04316e-08 0)
(0.015716576 -3.344011e-08 0)
(0.015716582 -2.7753119e-08 0)
(0.015716588 -2.3135508e-08 0)
(0.015716592 -1.9388917e-08 0)
(0.015716596 -1.6357785e-08 0)
(0.015716599 -1.3875429e-08 0)
(0.015716602 -1.2017163e-08 0)
(0.015716606 -9.7125858e-09 0)
(0.017400399 0.0014640387 0)
(0.017194637 0.0014599875 0)
(0.017006458 0.001419298 0)
(0.016841338 0.0013439657 0)
(0.016707322 0.0012414062 0)
(0.01660842 0.0011201811 0)
(0.016545136 0.00098841164 0)
(0.016516499 0.0008537949 0)
(0.016520291 0.00072367437 0)
(0.016552563 0.0006046417 0)
(0.016607838 0.0005019527 0)
(0.016680276 0.00041945352 0)
(0.016764231 0.00036009212 0)
(0.016853404 0.00032484135 0)
(0.016941129 0.00031185408 0)
(0.017022236 0.00031823878 0)
(0.017093451 0.00034111156 0)
(0.017152231 0.00037655411 0)
(0.017196458 0.00041879681 0)
(0.017224611 0.00046379419 0)
(0.017235569 0.00051028065 0)
(0.017229563 0.00055315695 0)
(0.017209118 0.00058633325 0)
(0.017177345 0.00060815899 0)
(0.017136952 0.00061828517 0)
(0.017090934 0.00061661733 0)
(0.017042308 0.00060393114 0)
(0.016993522 0.00058147028 0)
(0.016946406 0.00055037874 0)
(0.016902374 0.00051181099 0)
(0.016862545 0.00046716577 0)
(0.016827767 0.00041801455 0)
(0.016798626 0.00036595645 0)
(0.01677548 0.00031254205 0)
(0.01675849 0.00025924799 0)
(0.016747653 0.0002074736 0)
(0.016742798 0.00015852111 0)
(0.016743547 0.00011357073 0)
(0.016749297 7.362958e-05 0)
(0.01675931 3.9495161e-05 0)
(0.016772633 1.1804773e-05 0)
(0.016788583 -9.1472417e-06 0)
(0.016806454 -2.3564974e-05 0)
(0.016824957 -3.1738853e-05 0)
(0.016842915 -3.4076254e-05 0)
(0.016859536 -3.0998869e-05 0)
(0.016873938 -2.3229562e-05 0)
(0.016885114 -1.1952052e-05 0)
(0.016892183 1.5842633e-06 0)
(0.016894471 1.6243851e-05 0)
(0.01689183 3.1492119e-05 0)
(0.016884657 4.6804565e-05 0)
(0.01687337 6.1059175e-05 0)
(0.016858174 7.3343445e-05 0)
(0.016839395 8.3389191e-05 0)
(0.016817598 9.1032304e-05 0)
(0.016793479 9.6009176e-05 0)
(0.016767783 9.8210601e-05 0)
(0.01674124 9.7757911e-05 0)
(0.016714496 9.4918805e-05 0)
(0.016688066 9.0012656e-05 0)
(0.016662363 8.3381436e-05 0)
(0.016637737 7.5396741e-05 0)
(0.01661448 6.6469814e-05 0)
(0.016592806 5.704373e-05 0)
(0.016572849 4.7555274e-05 0)
(0.016554668 3.8401769e-05 0)
(0.016538255 2.9929193e-05 0)
(0.016523534 2.2426231e-05 0)
(0.016510368 1.6116616e-05 0)
(0.016498568 1.1155348e-05 0)
(0.016487917 7.6291766e-06 0)
(0.016478182 5.5636904e-06 0)
(0.016469117 4.9194937e-06 0)
(0.016460472 5.5962518e-06 0)
(0.016452016 7.4522628e-06 0)
(0.016443541 1.0322638e-05 0)
(0.016434861 1.4026566e-05 0)
(0.016425823 1.838016e-05 0)
(0.016416306 2.3205549e-05 0)
(0.016406221 2.8326975e-05 0)
(0.016395508 3.3573925e-05 0)
(0.016384136 3.8796841e-05 0)
(0.016372091 4.3871956e-05 0)
(0.016359379 4.8685832e-05 0)
(0.016346042 5.3123189e-05 0)
(0.01633216 5.7085149e-05 0)
(0.016317846 6.05167e-05 0)
(0.016303234 6.3419739e-05 0)
(0.016288454 6.5836819e-05 0)
(0.016273609 6.7816321e-05 0)
(0.016258785 6.9402248e-05 0)
(0.01624405 7.063023e-05 0)
(0.016229469 7.1519525e-05 0)
(0.016215093 7.2067765e-05 0)
(0.016200967 7.2251644e-05 0)
(0.016187134 7.203258e-05 0)
(0.016173631 7.1367848e-05 0)
(0.016160485 7.0223988e-05 0)
(0.016147711 6.858363e-05 0)
(0.016135311 6.6452148e-05 0)
(0.016123286 6.3855908e-05 0)
(0.016111632 6.0841182e-05 0)
(0.01610034 5.7475667e-05 0)
(0.016089402 5.3845643e-05 0)
(0.016078809 5.0048549e-05 0)
(0.016068555 4.6184152e-05 0)
(0.016058635 4.2345859e-05 0)
(0.016049052 3.8612518e-05 0)
(0.016039813 3.5041245e-05 0)
(0.016030934 3.1662278e-05 0)
(0.016022437 2.847656e-05 0)
(0.016014346 2.5455499e-05 0)
(0.016006689 2.2540597e-05 0)
(0.015999491 1.9649828e-05 0)
(0.015992777 1.6700234e-05 0)
(0.015986572 1.3625888e-05 0)
(0.015980897 1.0383918e-05 0)
(0.015975723 6.9408879e-06 0)
(0.015971395 3.2502852e-06 0)
(0.015968048 -6.6475539e-07 0)
(0.015965328 -4.6677924e-06 0)
(0.015963402 -8.5872016e-06 0)
(0.015962455 -1.2273582e-05 0)
(0.015962603 -1.5598387e-05 0)
(0.015963792 -1.8227699e-05 0)
(0.01596576 -1.9713024e-05 0)
(0.015968139 -1.9795933e-05 0)
(0.015970884 -1.8662088e-05 0)
(0.015973947 -1.5933562e-05 0)
(0.015976917 -1.032504e-05 0)
(0.015979328 -1.9816557e-06 0)
(0.015980797 8.773442e-06 0)
(0.015980911 2.1227618e-05 0)
(0.015979199 3.4565599e-05 0)
(0.015975297 4.8469366e-05 0)
(0.015969104 6.2915108e-05 0)
(0.015960674 7.7571866e-05 0)
(0.015950072 9.1676175e-05 0)
(0.0159374 0.00010444527 0)
(0.015922932 0.00011532448 0)
(0.015907135 0.00012389475 0)
(0.015890585 0.00012986727 0)
(0.015873781 0.00013327431 0)
(0.015857031 0.00013431319 0)
(0.01584057 0.00013308517 0)
(0.015824709 0.00012961782 0)
(0.015809787 0.0001241658 0)
(0.015796051 0.00011712985 0)
(0.015783648 0.00010889179 0)
(0.015772634 9.979719e-05 0)
(0.015762994 9.0176302e-05 0)
(0.015754688 8.0330305e-05 0)
(0.015747676 7.0514158e-05 0)
(0.015741898 6.0951987e-05 0)
(0.015737248 5.1838615e-05 0)
(0.015733578 4.3280892e-05 0)
(0.015730698 3.5255087e-05 0)
(0.015728442 2.7847033e-05 0)
(0.015726732 2.1372664e-05 0)
(0.015725542 1.5998167e-05 0)
(0.015724918 1.159297e-05 0)
(0.015724458 7.9745226e-06 0)
(0.015724138 5.0329245e-06 0)
(0.01572393 2.6965788e-06 0)
(0.015723795 9.0452906e-07 0)
(0.015723722 -4.0681442e-07 0)
(0.015723707 -1.3000816e-06 0)
(0.015723736 -1.8051936e-06 0)
(0.015723774 -1.9230078e-06 0)
(0.015723799 -1.9215069e-06 0)
(0.01572383 -1.8589629e-06 0)
(0.015723878 -1.7111224e-06 0)
(0.015723932 -1.5163493e-06 0)
(0.015723986 -1.3044489e-06 0)
(0.015724038 -1.0971678e-06 0)
(0.015724085 -9.082442e-07 0)
(0.015724127 -7.4429429e-07 0)
(0.015724163 -6.0685132e-07 0)
(0.015724195 -4.9431849e-07 0)
(0.015724222 -4.0347826e-07 0)
(0.015724246 -3.3056794e-07 0)
(0.015724266 -2.7197412e-07 0)
(0.015724284 -2.2460687e-07 0)
(0.015724299 -1.860066e-07 0)
(0.015724312 -1.54299e-07 0)
(0.015724323 -1.280917e-07 0)
(0.015724334 -1.0635391e-07 0)
(0.015724342 -8.8306445e-08 0)
(0.01572435 -7.3337844e-08 0)
(0.015724357 -6.0950325e-08 0)
(0.015724363 -5.0727994e-08 0)
(0.015724368 -4.2316735e-08 0)
(0.015724372 -3.5411887e-08 0)
(0.015724376 -2.9752684e-08 0)
(0.015724379 -2.511614e-08 0)
(0.015724382 -2.13265e-08 0)
(0.015724385 -1.8184377e-08 0)
(0.015724387 -1.5811629e-08 0)
(0.01572439 -1.2780326e-08 0)
(0.01745431 0.0018359636 0)
(0.017169844 0.0018081807 0)
(0.01690975 0.0017258752 0)
(0.016685735 0.0015984353 0)
(0.01650797 0.0014389324 0)
(0.016380143 0.0012588536 0)
(0.016302101 0.0010689532 0)
(0.016272375 0.0008799355 0)
(0.016287748 0.00070190739 0)
(0.016342435 0.00054358043 0)
(0.016428964 0.00041027801 0)
(0.016539822 0.00030379433 0)
(0.016666052 0.00022897844 0)
(0.016795813 0.00019015685 0)
(0.016918676 0.00018264884 0)
(0.017028852 0.00019885775 0)
(0.017122087 0.00023558216 0)
(0.017194305 0.00029094443 0)
(0.017245638 0.00036082524 0)
(0.017266676 0.00043787793 0)
(0.017265477 0.00051360174 0)
(0.017251642 0.00058113556 0)
(0.017215685 0.00063565477 0)
(0.017166634 0.00067433999 0)
(0.017108692 0.00069595159 0)
(0.017045317 0.00070029936 0)
(0.016980548 0.00068845709 0)
(0.016917105 0.00066273117 0)
(0.016856663 0.00062566986 0)
(0.016800936 0.00057932218 0)
(0.016751571 0.00052565859 0)
(0.016709674 0.00046679131 0)
(0.016675845 0.00040483443 0)
(0.016650385 0.00034171752 0)
(0.016633413 0.00027914985 0)
(0.016624873 0.00021868969 0)
(0.016624491 0.00016178425 0)
(0.016631733 0.00010981073 0)
(0.016645823 6.3936873e-05 0)
(0.01666592 2.4452693e-05 0)
(0.016690734 -8.0920894e-06 0)
(0.016718312 -3.2927669e-05 0)
(0.016746954 -4.9864727e-05 0)
(0.016775229 -5.8918333e-05 0)
(0.016801681 -6.0149357e-05 0)
(0.016825578 -5.4090747e-05 0)
(0.016844813 -4.2026943e-05 0)
(0.016858399 -2.5408072e-05 0)
(0.01686642 -5.6077724e-06 0)
(0.016868562 1.6170573e-05 0)
(0.016864899 3.8565741e-05 0)
(0.016855895 6.0472676e-05 0)
(0.016842085 8.1035044e-05 0)
(0.016823592 9.9457708e-05 0)
(0.01680085 0.0001149674 0)
(0.016775088 0.00012695893 0)
(0.016747039 0.00013506828 0)
(0.016717615 0.00013914072 0)
(0.016687709 0.00013937045 0)
(0.016657993 0.00013624498 0)
(0.016628944 0.00013026983 0)
(0.016600974 0.0001219382 0)
(0.016574505 0.00011177638 0)
(0.016549939 0.00010035165 0)
(0.01652757 8.8235107e-05 0)
(0.01650753 7.5959261e-05 0)
(0.016489815 6.4015794e-05 0)
(0.016474334 5.28523e-05 0)
(0.016460916 4.2852212e-05 0)
(0.016449321 3.4314617e-05 0)
(0.016439254 2.7447482e-05 0)
(0.016430393 2.2373866e-05 0)
(0.016422407 1.913406e-05 0)
(0.016414972 1.7692622e-05 0)
(0.016407787 1.7949481e-05 0)
(0.016400581 1.9749239e-05 0)
(0.016393125 2.2882497e-05 0)
(0.01638525 2.7104008e-05 0)
(0.016376835 3.2168496e-05 0)
(0.016367783 3.7849597e-05 0)
(0.016358005 4.39287e-05 0)
(0.016347463 5.0201943e-05 0)
(0.016336165 5.6492143e-05 0)
(0.016324124 6.2636841e-05 0)
(0.016311328 6.8468739e-05 0)
(0.016297793 7.3822864e-05 0)
(0.016283635 7.8562925e-05 0)
(0.016269058 8.2552328e-05 0)
(0.01625429 8.5739101e-05 0)
(0.016239495 8.823011e-05 0)
(0.016224778 9.0136027e-05 0)
(0.016210235 9.1525592e-05 0)
(0.016195953 9.2442905e-05 0)
(0.016182 9.2915687e-05 0)
(0.016168432 9.2950764e-05 0)
(0.016155297 9.2533795e-05 0)
(0.016142643 9.1636718e-05 0)
(0.016130513 9.0241697e-05 0)
(0.01611894 8.8361912e-05 0)
(0.016107928 8.6004116e-05 0)
(0.016097452 8.319359e-05 0)
(0.016087455 7.9977281e-05 0)
(0.01607787 7.6412707e-05 0)
(0.016068629 7.2569838e-05 0)
(0.016059671 6.8530678e-05 0)
(0.016050938 6.4382218e-05 0)
(0.016042385 6.0207774e-05 0)
(0.016033982 5.6079269e-05 0)
(0.016025716 5.2050754e-05 0)
(0.016017594 4.8153564e-05 0)
(0.016009641 4.439381e-05 0)
(0.016001898 4.0752575e-05 0)
(0.015994414 3.7187325e-05 0)
(0.015987248 3.3638733e-05 0)
(0.015980452 3.0044901e-05 0)
(0.01597405 2.6351245e-05 0)
(0.015968068 2.2509424e-05 0)
(0.015962534 1.8453105e-05 0)
(0.015957478 1.4073866e-05 0)
(0.015952921 9.3469831e-06 0)
(0.015948889 4.4257722e-06 0)
(0.015945525 -5.7932679e-07 0)
(0.015942912 -5.6632505e-06 0)
(0.015941086 -1.073978e-05 0)
(0.015940009 -1.5514345e-05 0)
(0.015939419 -1.9395315e-05 0)
(0.015938958 -2.1192034e-05 0)
(0.01593847 -2.1207782e-05 0)
(0.015937872 -2.0368303e-05 0)
(0.015936865 -1.7017753e-05 0)
(0.015935172 -1.0701456e-05 0)
(0.015932673 -1.4432301e-06 0)
(0.01592921 1.0608656e-05 0)
(0.015924535 2.5068313e-05 0)
(0.01591832 4.138803e-05 0)
(0.015910253 5.8941714e-05 0)
(0.015900231 7.7007306e-05 0)
(0.015888448 9.4748542e-05 0)
(0.015875308 0.00011128977 0)
(0.015861283 0.00012585541 0)
(0.015846769 0.00013783575 0)
(0.015832122 0.00014677005 0)
(0.01581798 0.00015267312 0)
(0.015804892 0.00015584105 0)
(0.015792688 0.00015642914 0)
(0.015780907 0.00015444304 0)
(0.015769746 0.00014985568 0)
(0.015759825 0.00014281639 0)
(0.015751414 0.00013380778 0)
(0.015744477 0.00012339638 0)
(0.015738918 0.00011208037 0)
(0.015734616 0.00010029561 0)
(0.015731418 8.8428879e-05 0)
(0.015729164 7.6807153e-05 0)
(0.015727685 6.5688365e-05 0)
(0.015726817 5.5264715e-05 0)
(0.015726402 4.5669403e-05 0)
(0.015726282 3.6990359e-05 0)
(0.015726294 2.929408e-05 0)
(0.01572632 2.2599411e-05 0)
(0.015726324 1.688376e-05 0)
(0.015726337 1.2129471e-05 0)
(0.015726375 8.2735147e-06 0)
(0.01572643 5.1947371e-06 0)
(0.015726466 2.7824887e-06 0)
(0.01572647 9.5040229e-07 0)
(0.015726444 -3.78907e-07 0)
(0.01572639 -1.2788939e-06 0)
(0.015726317 -1.7947195e-06 0)
(0.015726257 -1.9253992e-06 0)
(0.015726229 -1.9259263e-06 0)
(0.015726208 -1.8711422e-06 0)
(0.015726183 -1.7295671e-06 0)
(0.015726159 -1.539827e-06 0)
(0.015726142 -1.3320933e-06 0)
(0.01572613 -1.1272229e-06 0)
(0.015726123 -9.3870405e-07 0)
(0.01572612 -7.7357424e-07 0)
(0.01572612 -6.3396397e-07 0)
(0.015726121 -5.1882723e-07 0)
(0.015726124 -4.2531864e-07 0)
(0.015726128 -3.4984166e-07 0)
(0.015726132 -2.8886273e-07 0)
(0.015726136 -2.3938066e-07 0)
(0.01572614 -1.989796e-07 0)
(0.015726144 -1.6576097e-07 0)
(0.015726148 -1.382802e-07 0)
(0.015726152 -1.1545616e-07 0)
(0.015726155 -9.6468921e-08 0)
(0.015726159 -8.0674372e-08 0)
(0.015726162 -6.755094e-08 0)
(0.015726165 -5.6667646e-08 0)
(0.015726167 -4.7659401e-08 0)
(0.01572617 -4.0213232e-08 0)
(0.015726172 -3.4062738e-08 0)
(0.015726174 -2.8980555e-08 0)
(0.015726176 -2.478808e-08 0)
(0.015726178 -2.1275101e-08 0)
(0.015726179 -1.859677e-08 0)
(0.015726181 -1.5113312e-08 0)
(0.017388541 0.0023281291 0)
(0.017016473 0.0022753249 0)
(0.016678884 0.0021401668 0)
(0.016401211 0.001938238 0)
(0.016191482 0.0016921825 0)
(0.01604799 0.0014197933 0)
(0.015968632 0.0011361957 0)
(0.015951278 0.00085702767 0)
(0.015990274 0.00059804198 0)
(0.016076062 0.00037255472 0)
(0.016201333 0.00018900173 0)
(0.016358315 5.3521708e-05 0)
(0.016522596 -2.7575778e-05 0)
(0.016697244 -5.5237222e-05 0)
(0.016864483 -3.5979109e-05 0)
(0.017002584 2.1682179e-05 0)
(0.01710391 0.00010622286 0)
(0.017168597 0.00020606841 0)
(0.017204669 0.00031511942 0)
(0.017219909 0.00042845712 0)
(0.017213313 0.00053641545 0)
(0.017186842 0.00063153246 0)
(0.017143223 0.00070975894 0)
(0.017086933 0.00076636636 0)
(0.017021495 0.00079844915 0)
(0.01695091 0.00080662141 0)
(0.016877524 0.00079540636 0)
(0.016802949 0.00076784202 0)
(0.016732358 0.00072517642 0)
(0.016668042 0.00066964181 0)
(0.016611973 0.0006040674 0)
(0.01656561 0.00053124538 0)
(0.016529558 0.00045381528 0)
(0.016503799 0.00037407039 0)
(0.016488071 0.00029419677 0)
(0.016481965 0.00021642907 0)
(0.016484896 0.00014297135 0)
(0.016496053 7.5925309e-05 0)
(0.016513967 1.7277988e-05 0)
(0.016538412 -3.1297063e-05 0)
(0.016568775 -6.9176367e-05 0)
(0.016601989 -9.5169601e-05 0)
(0.01663524 -0.00010944967 0)
(0.01666673 -0.00011327423 0)
(0.016695142 -0.0001078352 0)
(0.016719386 -9.3814203e-05 0)
(0.016738765 -7.2122276e-05 0)
(0.016752788 -4.4469187e-05 0)
(0.016761277 -1.3014547e-05 0)
(0.016763819 1.987306e-05 0)
(0.016760293 5.1942351e-05 0)
(0.016751482 8.201353e-05 0)
(0.016737938 0.00010977345 0)
(0.016719877 0.00013459949 0)
(0.016697712 0.00015531221 0)
(0.016672074 0.00017099563 0)
(0.016643707 0.00018135138 0)
(0.016613515 0.00018632813 0)
(0.016582252 0.00018636101 0)
(0.01655098 0.00018232109 0)
(0.016520369 0.0001748749 0)
(0.01649092 0.00016443768 0)
(0.016463157 0.00015131527 0)
(0.01643752 0.0001361471 0)
(0.016414262 0.00011989229 0)
(0.016393484 0.00010341901 0)
(0.016375204 8.7422938e-05 0)
(0.016359327 7.2504413e-05 0)
(0.016345639 5.9185244e-05 0)
(0.016333836 4.7877854e-05 0)
(0.016323584 3.8857673e-05 0)
(0.016314554 3.2262774e-05 0)
(0.016306436 2.8110972e-05 0)
(0.016298935 2.6316554e-05 0)
(0.01629178 2.670199e-05 0)
(0.016284711 2.9010611e-05 0)
(0.016277492 3.2913255e-05 0)
(0.016269959 3.806932e-05 0)
(0.016262033 4.4216348e-05 0)
(0.01625365 5.113228e-05 0)
(0.016244746 5.8488623e-05 0)
(0.016235292 6.5945942e-05 0)
(0.016225269 7.3339529e-05 0)
(0.01621461 8.0644391e-05 0)
(0.016203232 8.7711014e-05 0)
(0.016191123 9.4115156e-05 0)
(0.0161783 9.949632e-05 0)
(0.016164932 0.00010377982 0)
(0.01615147 0.00010706125 0)
(0.016138241 0.00010945579 0)
(0.016125266 0.00011107162 0)
(0.016112531 0.0001120098 0)
(0.016100076 0.00011235915 0)
(0.016087957 0.00011218431 0)
(0.01607622 0.00011151422 0)
(0.016064913 0.0001103424 0)
(0.016054108 0.00010863776 0)
(0.016043909 0.00010636604 0)
(0.016034346 0.00010354658 0)
(0.016025384 0.0001002815 0)
(0.016016984 9.6665072e-05 0)
(0.01600907 9.2760768e-05 0)
(0.016001545 8.862952e-05 0)
(0.015994318 8.4339463e-05 0)
(0.015987314 7.9962597e-05 0)
(0.015980464 7.5568959e-05 0)
(0.015973715 7.1219317e-05 0)
(0.015967033 6.6958321e-05 0)
(0.015960402 6.2809978e-05 0)
(0.015953823 5.8775998e-05 0)
(0.015947313 5.4837068e-05 0)
(0.015940901 5.0956701e-05 0)
(0.015934624 4.708604e-05 0)
(0.015928515 4.3171652e-05 0)
(0.015922605 3.9163153e-05 0)
(0.015916927 3.500908e-05 0)
(0.015911514 3.0650028e-05 0)
(0.015906392 2.6019269e-05 0)
(0.015901569 2.1053424e-05 0)
(0.015897021 1.572016e-05 0)
(0.015892725 1.0030578e-05 0)
(0.015888672 4.0412639e-06 0)
(0.01588484 -2.0922739e-06 0)
(0.015881155 -8.0578871e-06 0)
(0.015877436 -1.3290323e-05 0)
(0.015873447 -1.669904e-05 0)
(0.015869142 -1.8300162e-05 0)
(0.015864572 -1.8258813e-05 0)
(0.015859413 -1.6400802e-05 0)
(0.015853276 -1.1873946e-05 0)
(0.015846148 -4.1536179e-06 0)
(0.01583811 6.7752723e-06 0)
(0.015829179 2.0720158e-05 0)
(0.015819375 3.725292e-05 0)
(0.015808734 5.5743948e-05 0)
(0.015797306 7.5406508e-05 0)
(0.015785209 9.5325209e-05 0)
(0.015772689 0.00011447468 0)
(0.015760132 0.00013179028 0)
(0.015748022 0.00014648076 0)
(0.015736771 0.00015832517 0)
(0.015727003 0.00016674336 0)
(0.015719295 0.00017016385 0)
(0.015713409 0.00017058317 0)
(0.015708733 0.00016979424 0)
(0.015704873 0.00016728442 0)
(0.015701724 0.00016073861 0)
(0.015699683 0.00015128998 0)
(0.015699103 0.00013995386 0)
(0.015699824 0.00012747623 0)
(0.015701508 0.00011443165 0)
(0.015703868 0.00010127083 0)
(0.015706653 8.8357071e-05 0)
(0.015709646 7.5982178e-05 0)
(0.015712668 6.4370198e-05 0)
(0.015715576 5.3680997e-05 0)
(0.015718253 4.4012871e-05 0)
(0.015720615 3.5410133e-05 0)
(0.015722608 2.7883728e-05 0)
(0.015724217 2.1423913e-05 0)
(0.015725458 1.5986891e-05 0)
(0.015726374 1.1491623e-05 0)
(0.015727013 7.8362595e-06 0)
(0.015727428 4.9189757e-06 0)
(0.015727662 2.6490624e-06 0)
(0.015727754 9.4154679e-07 0)
(0.015727738 -2.8450046e-07 0)
(0.015727642 -1.1049403e-06 0)
(0.015727496 -1.5907513e-06 0)
(0.015727351 -1.8140047e-06 0)
(0.015727235 -1.8557941e-06 0)
(0.01572713 -1.7853048e-06 0)
(0.015727024 -1.6409555e-06 0)
(0.015726927 -1.4571321e-06 0)
(0.015726845 -1.2602696e-06 0)
(0.015726777 -1.0685339e-06 0)
(0.015726722 -8.929838e-07 0)
(0.015726678 -7.391958e-07 0)
(0.015726644 -6.087878e-07 0)
(0.015726619 -5.0080762e-07 0)
(0.015726599 -4.1287349e-07 0)
(0.015726584 -3.4178334e-07 0)
(0.015726574 -2.8416513e-07 0)
(0.015726566 -2.3715301e-07 0)
(0.01572656 -1.984961e-07 0)
(0.015726556 -1.6646528e-07 0)
(0.015726554 -1.3976362e-07 0)
(0.015726552 -1.1742631e-07 0)
(0.015726551 -9.8714577e-08 0)
(0.015726551 -8.3031044e-08 0)
(0.015726551 -6.9899102e-08 0)
(0.015726551 -5.8944019e-08 0)
(0.015726552 -4.9841427e-08 0)
(0.015726552 -4.2296628e-08 0)
(0.015726553 -3.6048761e-08 0)
(0.015726554 -3.0870713e-08 0)
(0.015726555 -2.6582443e-08 0)
(0.015726556 -2.297072e-08 0)
(0.015726556 -2.02011e-08 0)
(0.015726558 -1.6565179e-08 0)
(0.01680153 0.0029540504 0)
(0.016417225 0.0028306463 0)
(0.016050538 0.0026107191 0)
(0.015742652 0.0023172651 0)
(0.0155125 0.00197799 0)
(0.015355272 0.0016155686 0)
(0.015269825 0.0012477757 0)
(0.015256456 0.00089127641 0)
(0.015308795 0.00056221449 0)
(0.015421539 0.00027065032 0)
(0.015586386 2.1803469e-05 0)
(0.015779088 -0.0001658658 0)
(0.015972822 -0.00027578413 0)
(0.016150891 -0.00030882452 0)
(0.016316223 -0.00027023986 0)
(0.016467854 -0.00017043635 0)
(0.016596439 -3.1075386e-05 0)
(0.016697505 0.00012377237 0)
(0.016774491 0.00027731959 0)
(0.016827891 0.00042254109 0)
(0.016851825 0.00055820291 0)
(0.016845093 0.00067882719 0)
(0.016813484 0.00077840752 0)
(0.016763628 0.00085143048 0)
(0.016701341 0.00089563832 0)
(0.016634179 0.0009121553 0)
(0.016567801 0.00090365666 0)
(0.016500547 0.00087277289 0)
(0.016432733 0.00082196722 0)
(0.016368329 0.00075473441 0)
(0.016310246 0.00067536428 0)
(0.01625997 0.00058843435 0)
(0.016218003 0.0004984147 0)
(0.016184444 0.00040785723 0)
(0.016159565 0.00031862477 0)
(0.016143331 0.00023249143 0)
(0.016135144 0.00015095981 0)
(0.016134285 7.5576987e-05 0)
(0.016140423 7.8763343e-06 0)
(0.016152682 -4.9859883e-05 0)
(0.016170922 -9.5627321e-05 0)
(0.016192656 -0.00012755521 0)
(0.016214048 -0.00014495354 0)
(0.016234979 -0.00014860285 0)
(0.016257192 -0.00013995753 0)
(0.01628104 -0.00012080609 0)
(0.016305253 -9.3618695e-05 0)
(0.01632822 -6.0620652e-05 0)
(0.016347539 -2.3693991e-05 0)
(0.016360809 1.5084408e-05 0)
(0.016368123 5.3765142e-05 0)
(0.016371428 9.0872962e-05 0)
(0.016371298 0.00012582677 0)
(0.016366439 0.0001574064 0)
(0.016356003 0.000184461 0)
(0.016340363 0.00020594535 0)
(0.016320178 0.00022111585 0)
(0.01629683 0.0002296185 0)
(0.016272448 0.00023161947 0)
(0.016247772 0.00022768721 0)
(0.016222212 0.00021887785 0)
(0.016195402 0.00020631208 0)
(0.016168107 0.00019082903 0)
(0.01614183 0.00017313608 0)
(0.016117375 0.00015406034 0)
(0.016094723 0.00013451892 0)
(0.016073813 0.00011537821 0)
(0.016054715 9.7477587e-05 0)
(0.016037468 8.1487045e-05 0)
(0.016021994 6.7842622e-05 0)
(0.016008152 5.6793629e-05 0)
(0.015995804 4.8448352e-05 0)
(0.015984832 4.2809453e-05 0)
(0.015975123 3.9796124e-05 0)
(0.015966534 3.9264916e-05 0)
(0.015958873 4.1048531e-05 0)
(0.015951978 4.4824468e-05 0)
(0.01594586 4.9999621e-05 0)
(0.015940567 5.6167367e-05 0)
(0.015935805 6.3172678e-05 0)
(0.015931188 7.0845594e-05 0)
(0.015926786 7.8911991e-05 0)
(0.015922883 8.7092436e-05 0)
(0.015919226 9.519205e-05 0)
(0.015914891 0.00010306513 0)
(0.015909364 0.00011060556 0)
(0.015903069 0.00011758673 0)
(0.015896538 0.00012268373 0)
(0.015889964 0.00012548457 0)
(0.01588339 0.00012731521 0)
(0.01587685 0.00012850782 0)
(0.015870379 0.0001291244 0)
(0.015863987 0.00012912178 0)
(0.015857672 0.00012851577 0)
(0.01585143 0.00012731824 0)
(0.015845266 0.0001254922 0)
(0.015839189 0.00012292836 0)
(0.01583329 0.00011964688 0)
(0.015827811 0.00011605768 0)
(0.015822869 0.00011192925 0)
(0.015818346 0.00010755298 0)
(0.015814108 0.00010305612 0)
(0.015810073 9.8474571e-05 0)
(0.015806183 9.3856738e-05 0)
(0.015802393 8.9257969e-05 0)
(0.015798667 8.4727175e-05 0)
(0.015794979 8.0299218e-05 0)
(0.015791313 7.5991601e-05 0)
(0.015787663 7.1803625e-05 0)
(0.015784031 6.7716677e-05 0)
(0.015780423 6.3694987e-05 0)
(0.015776846 5.9693124e-05 0)
(0.015773302 5.5663664e-05 0)
(0.015769786 5.1554156e-05 0)
(0.015766292 4.7309403e-05 0)
(0.015762806 4.2877134e-05 0)
(0.015759302 3.8213631e-05 0)
(0.015755731 3.3291136e-05 0)
(0.015752014 2.8106625e-05 0)
(0.015748053 2.2680738e-05 0)
(0.015743758 1.7056394e-05 0)
(0.015739047 1.1318582e-05 0)
(0.015733826 5.6561768e-06 0)
(0.015727949 4.2738275e-07 0)
(0.01572128 -3.8911563e-06 0)
(0.015713858 -6.8157694e-06 0)
(0.015705839 -7.8987289e-06 0)
(0.015697246 -6.8282758e-06 0)
(0.015687925 -3.3856611e-06 0)
(0.015677877 2.7533979e-06 0)
(0.015667371 1.1810232e-05 0)
(0.015656741 2.3778263e-05 0)
(0.015646283 3.8442194e-05 0)
(0.015636268 5.5388641e-05 0)
(0.015626886 7.4079442e-05 0)
(0.015618207 9.3767604e-05 0)
(0.015610246 0.00011345299 0)
(0.015603049 0.00013193707 0)
(0.015597064 0.00014801108 0)
(0.015593502 0.00016076904 0)
(0.015592919 0.00016950181 0)
(0.015594834 0.00017249099 0)
(0.015598543 0.00017245009 0)
(0.015603499 0.00017141175 0)
(0.01560976 0.00016906947 0)
(0.01561762 0.00016502441 0)
(0.015626748 0.00015792247 0)
(0.015636481 0.00014670106 0)
(0.015646434 0.00013360547 0)
(0.015656386 0.0001198581 0)
(0.015666129 0.00010609416 0)
(0.015675461 9.2687127e-05 0)
(0.015684207 7.9897328e-05 0)
(0.01569223 6.7929274e-05 0)
(0.015699426 5.6937855e-05 0)
(0.015705738 4.7022929e-05 0)
(0.015711143 3.8228995e-05 0)
(0.015715655 3.0551812e-05 0)
(0.015719318 2.3949875e-05 0)
(0.015722202 1.8354862e-05 0)
(0.015724398 1.3680309e-05 0)
(0.01572601 9.8309978e-06 0)
(0.015727138 6.7106141e-06 0)
(0.015727874 4.2267338e-06 0)
(0.015728302 2.2941266e-06 0)
(0.015728496 8.3634991e-07 0)
(0.01572852 -2.1505287e-07 0)
(0.015728426 -9.2389228e-07 0)
(0.015728261 -1.3508399e-06 0)
(0.015728063 -1.5547137e-06 0)
(0.015727862 -1.6028366e-06 0)
(0.015727668 -1.5501067e-06 0)
(0.015727488 -1.431595e-06 0)
(0.015727329 -1.2764938e-06 0)
(0.015727193 -1.1085253e-06 0)
(0.015727079 -9.4383824e-07 0)
(0.015726985 -7.9231539e-07 0)
(0.015726909 -6.5912172e-07 0)
(0.015726848 -5.4584166e-07 0)
(0.015726801 -4.5166495e-07 0)
(0.015726763 -3.7448004e-07 0)
(0.015726733 -3.1169289e-07 0)
(0.015726709 -2.606701e-07 0)
(0.01572669 -2.1897048e-07 0)
(0.015726676 -1.8456482e-07 0)
(0.015726664 -1.559089e-07 0)
(0.015726655 -1.318682e-07 0)
(0.015726648 -1.1162752e-07 0)
(0.015726643 -9.4593878e-08 0)
(0.015726639 -8.0263742e-08 0)
(0.015726636 -6.8199299e-08 0)
(0.015726634 -5.8056066e-08 0)
(0.015726633 -4.9546102e-08 0)
(0.015726632 -4.2418782e-08 0)
(0.015726631 -3.6455244e-08 0)
(0.015726631 -3.1463379e-08 0)
(0.015726631 -2.7290262e-08 0)
(0.015726631 -2.3743447e-08 0)
(0.015726631 -2.1002312e-08 0)
(0.015726632 -1.7370341e-08 0)
(0.014704644 0.0035631903 0)
(0.014486193 0.0034351087 0)
(0.014243159 0.0031519152 0)
(0.014036705 0.0027557785 0)
(0.013876777 0.0022817145 0)
(0.013750553 0.0017626268 0)
(0.013647701 0.0012368613 0)
(0.013560406 0.00074197499 0)
(0.013478772 0.000304555 0)
(0.013393566 -6.237065e-05 0)
(0.013304909 -0.0003395454 0)
(0.013259763 -0.00050221425 0)
(0.013295703 -0.00054442521 0)
(0.013411766 -0.00054170379 0)
(0.013602071 -0.00049524276 0)
(0.013854911 -0.00038693774 0)
(0.014149795 -0.00022550996 0)
(0.014464509 -5.9206055e-05 0)
(0.014777436 0.00011038682 0)
(0.015067536 0.00031057402 0)
(0.015309088 0.0005146191 0)
(0.015488227 0.00069309793 0)
(0.015606855 0.0008341736 0)
(0.015673751 0.00093603175 0)
(0.015702533 0.00099474308 0)
(0.015707189 0.0010041698 0)
(0.015696866 0.0010002174 0)
(0.015674992 0.00097799939 0)
(0.01564349 0.00092916042 0)
(0.015605522 0.0008590299 0)
(0.015564497 0.00077168671 0)
(0.01552268 0.00067230811 0)
(0.01547794 0.00056586453 0)
(0.015426852 0.00045571353 0)
(0.015368778 0.00034572881 0)
(0.015303899 0.00024038787 0)
(0.015233392 0.00014352499 0)
(0.015160168 5.8009807e-05 0)
(0.015087909 -1.6494097e-05 0)
(0.015019959 -8.491069e-05 0)
(0.014960996 -0.0001360109 0)
(0.014916858 -0.00016023351 0)
(0.01489039 -0.00017184214 0)
(0.014883143 -0.00017634871 0)
(0.014895325 -0.00017537169 0)
(0.014924609 -0.00016389962 0)
(0.014968727 -0.0001407871 0)
(0.01502578 -0.00010603626 0)
(0.015091909 -5.9865418e-05 0)
(0.015162134 -7.6224434e-06 0)
(0.015232024 3.8946398e-05 0)
(0.015298362 7.9951424e-05 0)
(0.015357433 0.00011987758 0)
(0.015406694 0.00016007142 0)
(0.015445578 0.00019598318 0)
(0.015473809 0.00022505345 0)
(0.015491693 0.00024696988 0)
(0.015500157 0.00025730828 0)
(0.015500586 0.00025877735 0)
(0.015494858 0.00025745303 0)
(0.015484582 0.00025331998 0)
(0.015470255 0.00024561655 0)
(0.015451711 0.00023077085 0)
(0.015429192 0.00021074748 0)
(0.015403662 0.00018910623 0)
(0.015376308 0.00016733376 0)
(0.015348416 0.00014593604 0)
(0.015321113 0.00012540361 0)
(0.015295103 0.00010661309 0)
(0.015270932 9.0275457e-05 0)
(0.015249164 7.672401e-05 0)
(0.015230378 6.6022364e-05 0)
(0.01521511 5.8142137e-05 0)
(0.015203788 5.302797e-05 0)
(0.015196666 5.0566385e-05 0)
(0.015193603 5.0494629e-05 0)
(0.015193764 5.2063029e-05 0)
(0.015196659 5.4884858e-05 0)
(0.015202551 5.9168598e-05 0)
(0.015211439 6.5443749e-05 0)
(0.015222769 7.21822e-05 0)
(0.015235765 7.8235554e-05 0)
(0.015249632 8.4301278e-05 0)
(0.015263657 9.2440572e-05 0)
(0.015277324 0.00010276755 0)
(0.015290362 0.00011178775 0)
(0.015302735 0.00011820912 0)
(0.015314357 0.00012276887 0)
(0.015324904 0.00012605187 0)
(0.015334226 0.00012832299 0)
(0.015342501 0.0001297503 0)
(0.015349925 0.00013047825 0)
(0.015356623 0.00013063927 0)
(0.015362686 0.00013032409 0)
(0.015368212 0.00012952798 0)
(0.015373299 0.00012820592 0)
(0.015378014 0.00012623574 0)
(0.015382399 0.00012314273 0)
(0.015386572 0.00011875999 0)
(0.015390609 0.00011409098 0)
(0.015394498 0.00010942546 0)
(0.015398259 0.00010477464 0)
(0.015401939 0.00010011473 0)
(0.015405572 9.5454778e-05 0)
(0.015409187 9.0831604e-05 0)
(0.015412809 8.6287157e-05 0)
(0.01541646 8.1853075e-05 0)
(0.015420155 7.7544905e-05 0)
(0.015423899 7.3361892e-05 0)
(0.015427679 6.9288749e-05 0)
(0.015431468 6.5299584e-05 0)
(0.015435236 6.1359747e-05 0)
(0.015438925 5.7426391e-05 0)
(0.015442442 5.3456498e-05 0)
(0.015445678 4.9414452e-05 0)
(0.015448518 4.5277847e-05 0)
(0.015450833 4.1042827e-05 0)
(0.015452483 3.6718719e-05 0)
(0.015453268 3.2300041e-05 0)
(0.015452912 2.7755908e-05 0)
(0.015451147 2.3092129e-05 0)
(0.015447859 1.843894e-05 0)
(0.015443179 1.4046765e-05 0)
(0.015437313 1.0237516e-05 0)
(0.015430357 7.3872445e-06 0)
(0.015422414 5.8863443e-06 0)
(0.015413757 6.0372664e-06 0)
(0.01540475 8.0348131e-06 0)
(0.015395799 1.206132e-05 0)
(0.015387377 1.8316904e-05 0)
(0.01538003 2.6912898e-05 0)
(0.015374315 3.7826012e-05 0)
(0.015370713 5.0915129e-05 0)
(0.015369698 6.5924608e-05 0)
(0.0153715 8.248754e-05 0)
(0.015375887 0.00010004694 0)
(0.015382388 0.00011770751 0)
(0.01539068 0.00013394858 0)
(0.015401021 0.00014599617 0)
(0.015413976 0.00015174939 0)
(0.015429812 0.00015610937 0)
(0.015447923 0.00015817299 0)
(0.015467329 0.00015743334 0)
(0.015487773 0.0001542082 0)
(0.01550937 0.00014893262 0)
(0.015531988 0.00014177945 0)
(0.015555104 0.00013274807 0)
(0.015577696 0.00012212495 0)
(0.015598898 0.0001104505 0)
(0.015618417 9.8302165e-05 0)
(0.015636189 8.618501e-05 0)
(0.015652167 7.449357e-05 0)
(0.015666332 6.3511239e-05 0)
(0.015678707 5.342559e-05 0)
(0.015689346 4.4344132e-05 0)
(0.01569834 3.6308266e-05 0)
(0.01570581 2.9306877e-05 0)
(0.015711897 2.3290168e-05 0)
(0.015716756 1.8183524e-05 0)
(0.015720545 1.3899454e-05 0)
(0.015723424 1.0345961e-05 0)
(0.015725541 7.4323053e-06 0)
(0.015727034 5.0735882e-06 0)
(0.015728026 3.1939626e-06 0)
(0.015728626 1.7276703e-06 0)
(0.015728928 6.1842119e-07 0)
(0.015729012 -1.826286e-07 0)
(0.015728939 -7.2346356e-07 0)
(0.015728764 -1.0542059e-06 0)
(0.015728535 -1.2213336e-06 0)
(0.015728286 -1.2674384e-06 0)
(0.015728041 -1.2301308e-06 0)
(0.015727812 -1.1395485e-06 0)
(0.015727606 -1.0198014e-06 0)
(0.015727428 -8.8931838e-07 0)
(0.015727277 -7.608379e-07 0)
(0.015727153 -6.4225854e-07 0)
(0.015727051 -5.3769009e-07 0)
(0.015726969 -4.4843872e-07 0)
(0.015726904 -3.7395883e-07 0)
(0.015726851 -3.1266736e-07 0)
(0.015726809 -2.625366e-07 0)
(0.015726775 -2.2149379e-07 0)
(0.015726748 -1.8768239e-07 0)
(0.015726726 -1.5958814e-07 0)
(0.015726708 -1.3604318e-07 0)
(0.015726694 -1.161703e-07 0)
(0.015726683 -9.9316191e-08 0)
(0.015726674 -8.4997292e-08 0)
(0.015726667 -7.2853797e-08 0)
(0.015726661 -6.2581679e-08 0)
(0.015726657 -5.3894687e-08 0)
(0.015726654 -4.65433e-08 0)
(0.015726652 -4.0320875e-08 0)
(0.01572665 -3.5053524e-08 0)
(0.015726649 -3.058967e-08 0)
(0.015726648 -2.6813056e-08 0)
(0.015726647 -2.3566496e-08 0)
(0.015726647 -2.1045573e-08 0)
(0.015726647 -1.7638547e-08 0)
(0.010385589 0.0034577237 0)
(0.010558687 0.0034090826 0)
(0.010586281 0.0031999653 0)
(0.010490148 0.002867646 0)
(0.010266074 0.0024867026 0)
(0.0099324643 0.0020913375 0)
(0.009530413 0.0016915965 0)
(0.0091147717 0.001304799 0)
(0.0087456477 0.00094738858 0)
(0.0084789487 0.00060865054 0)
(0.0083542631 0.00025085546 0)
(0.0083556431 -0.00013471264 0)
(0.0084745462 -0.00048737753 0)
(0.008719211 -0.00075685023 0)
(0.0090588332 -0.0009178477 0)
(0.009464556 -0.00096671619 0)
(0.0099250207 -0.00091687151 0)
(0.010426511 -0.00079049227 0)
(0.010953731 -0.00060585142 0)
(0.011496632 -0.00037033741 0)
(0.012036517 -9.3147923e-05 0)
(0.012531355 0.00020471197 0)
(0.012941437 0.00047979926 0)
(0.013264922 0.00069197248 0)
(0.013513341 0.00082985848 0)
(0.013693723 0.00090543866 0)
(0.013815056 0.00093661394 0)
(0.01389017 0.00093840397 0)
(0.013925582 0.00091173308 0)
(0.013922312 0.00085918366 0)
(0.013882891 0.00078842199 0)
(0.013809373 0.00071073856 0)
(0.013702518 0.00064700585 0)
(0.013568069 0.00058468782 0)
(0.013416824 0.00052416224 0)
(0.013257934 0.00046178982 0)
(0.013098916 0.00039241255 0)
(0.012948045 0.0003154681 0)
(0.012814115 0.00023346289 0)
(0.012704996 0.00014961201 0)
(0.012625754 6.7501318e-05 0)
(0.012579036 -1.1750521e-05 0)
(0.012567941 -8.5124796e-05 0)
(0.012590638 -0.00014780742 0)
(0.01264163 -0.00019570894 0)
(0.012715646 -0.0002242043 0)
(0.012808647 -0.00024161986 0)
(0.012917437 -0.00024351613 0)
(0.013039032 -0.0002280104 0)
(0.013170225 -0.00019644259 0)
(0.013305706 -0.00015244655 0)
(0.013439144 -0.00010003078 0)
(0.013567519 -4.2761271e-05 0)
(0.013688649 1.7283483e-05 0)
(0.013797247 7.7074416e-05 0)
(0.013890144 0.00013229683 0)
(0.01396707 0.0001783854 0)
(0.014026826 0.00021348545 0)
(0.014069402 0.00023723947 0)
(0.014096542 0.00024893868 0)
(0.014111018 0.00025341967 0)
(0.014115858 0.00025429984 0)
(0.014113141 0.00025231982 0)
(0.014103157 0.00024561048 0)
(0.014086042 0.00023400918 0)
(0.014063003 0.00021822312 0)
(0.014036964 0.00019913678 0)
(0.014012072 0.00017902308 0)
(0.013991046 0.00015867268 0)
(0.013974592 0.00013868027 0)
(0.013962877 0.00011944667 0)
(0.013956301 0.00010115125 0)
(0.013955432 8.4057762e-05 0)
(0.013960651 6.8583294e-05 0)
(0.013972065 5.5278145e-05 0)
(0.013989619 4.5794984e-05 0)
(0.014012692 4.1081083e-05 0)
(0.014040241 3.7241007e-05 0)
(0.014071589 3.4171164e-05 0)
(0.014106482 3.3004282e-05 0)
(0.014144298 3.4509805e-05 0)
(0.014183789 3.8737343e-05 0)
(0.014223748 4.537633e-05 0)
(0.014263497 5.3767395e-05 0)
(0.014302907 6.3131144e-05 0)
(0.014341773 7.2673694e-05 0)
(0.01437936 8.1699939e-05 0)
(0.014415078 8.9652972e-05 0)
(0.014448823 9.625656e-05 0)
(0.014480702 0.00010154204 0)
(0.014510822 0.00010562564 0)
(0.014539273 0.00010862485 0)
(0.014566177 0.0001106352 0)
(0.014591697 0.00011172809 0)
(0.014616008 0.00011193947 0)
(0.014639294 0.00011127235 0)
(0.014661738 0.00010969964 0)
(0.014683429 0.00010725007 0)
(0.014704301 0.00010410342 0)
(0.014724376 0.00010049704 0)
(0.014743854 9.656305e-05 0)
(0.014762937 9.2374978e-05 0)
(0.014781755 8.7990006e-05 0)
(0.014800391 8.3470032e-05 0)
(0.014818898 7.8879956e-05 0)
(0.014837306 7.4278725e-05 0)
(0.01485562 6.9717063e-05 0)
(0.014873816 6.5238281e-05 0)
(0.014891838 6.0883496e-05 0)
(0.014909595 5.6683809e-05 0)
(0.014926965 5.2619248e-05 0)
(0.014943815 4.8701293e-05 0)
(0.014960004 4.500707e-05 0)
(0.014975385 4.1541629e-05 0)
(0.014989812 3.8286392e-05 0)
(0.015003148 3.5217647e-05 0)
(0.015015251 3.2324278e-05 0)
(0.015025968 2.9664123e-05 0)
(0.015035123 2.7477042e-05 0)
(0.015042539 2.5918421e-05 0)
(0.01504808 2.477165e-05 0)
(0.015051732 2.34819e-05 0)
(0.015053641 2.1604277e-05 0)
(0.015054049 1.9718691e-05 0)
(0.015053269 1.8512736e-05 0)
(0.015051712 1.8177125e-05 0)
(0.015049885 1.8681237e-05 0)
(0.015048331 2.0235719e-05 0)
(0.015047643 2.2874173e-05 0)
(0.015048499 2.6653771e-05 0)
(0.015051633 3.1665327e-05 0)
(0.015057771 3.8015403e-05 0)
(0.015067573 4.5713957e-05 0)
(0.015081515 5.4343477e-05 0)
(0.015099822 6.5025869e-05 0)
(0.015122341 7.7798667e-05 0)
(0.015148365 9.1960526e-05 0)
(0.015177153 0.00010515801 0)
(0.015208513 0.0001143145 0)
(0.015242121 0.00011863562 0)
(0.015277604 0.00011933631 0)
(0.015314715 0.00011748737 0)
(0.015352813 0.00011390763 0)
(0.015391107 0.00010921909 0)
(0.015428922 0.00010366151 0)
(0.015465667 9.7259617e-05 0)
(0.015500758 8.9972112e-05 0)
(0.015533599 8.1865627e-05 0)
(0.015563727 7.3273427e-05 0)
(0.015590895 6.4576706e-05 0)
(0.015615015 5.6082744e-05 0)
(0.015636113 4.8026924e-05 0)
(0.01565431 4.057756e-05 0)
(0.015669793 3.3838459e-05 0)
(0.01568279 2.7858004e-05 0)
(0.015693553 2.2639686e-05 0)
(0.015702344 1.8152631e-05 0)
(0.015709418 1.4342467e-05 0)
(0.01571502 1.1141623e-05 0)
(0.015719373 8.4778406e-06 0)
(0.015722683 6.280323e-06 0)
(0.015725129 4.4836862e-06 0)
(0.01572687 3.0300526e-06 0)
(0.015728045 1.8694212e-06 0)
(0.015728775 9.5859409e-07 0)
(0.015729167 2.6327452e-07 0)
(0.015729308 -2.3279366e-07 0)
(0.015729263 -5.5458729e-07 0)
(0.01572909 -7.491529e-07 0)
(0.015728846 -8.4908152e-07 0)
(0.015728573 -8.7432764e-07 0)
(0.015728296 -8.4696434e-07 0)
(0.015728033 -7.8643501e-07 0)
(0.015727796 -7.0745914e-07 0)
(0.01572759 -6.2135839e-07 0)
(0.015727414 -5.3628758e-07 0)
(0.015727268 -4.5736726e-07 0)
(0.015727149 -3.8729849e-07 0)
(0.015727052 -3.2701353e-07 0)
(0.015726973 -2.7624503e-07 0)
(0.01572691 -2.3403191e-07 0)
(0.015726859 -1.9911602e-07 0)
(0.015726818 -1.7020742e-07 0)
(0.015726784 -1.4613753e-07 0)
(0.015726757 -1.2593155e-07 0)
(0.015726735 -1.0882435e-07 0)
(0.015726717 -9.4238899e-08 0)
(0.015726702 -8.1747535e-08 0)
(0.015726691 -7.1030012e-08 0)
(0.015726681 -6.1833702e-08 0)
(0.015726674 -5.39451e-08 0)
(0.015726668 -4.7179593e-08 0)
(0.015726664 -4.1378715e-08 0)
(0.01572666 -3.6404753e-08 0)
(0.015726657 -3.2137112e-08 0)
(0.015726655 -2.8468219e-08 0)
(0.015726654 -2.5317103e-08 0)
(0.015726653 -2.2555947e-08 0)
(0.015726652 -2.0385871e-08 0)
(0.015726651 -1.7364448e-08 0)
(0.0043747598 0.0028765063 0)
(0.0046711138 0.0031472382 0)
(0.0047583546 0.0032563135 0)
(0.0046826713 0.0032067412 0)
(0.0045734166 0.0029638142 0)
(0.0045320411 0.0025833194 0)
(0.0045840583 0.0021242745 0)
(0.0047285938 0.0015989295 0)
(0.0049800099 0.00099919641 0)
(0.0053611597 0.00035348335 0)
(0.0057909918 -0.0002616019 0)
(0.0062102127 -0.00078691664 0)
(0.0066048101 -0.001196103 0)
(0.0069529946 -0.0014859628 0)
(0.0072645903 -0.0016426076 0)
(0.0075586559 -0.0017007202 0)
(0.0078596856 -0.0016817079 0)
(0.0081855454 -0.0015940272 0)
(0.0084952936 -0.0014427165 0)
(0.0087887575 -0.0012269278 0)
(0.0090933325 -0.00093288126 0)
(0.0094410568 -0.00059125728 0)
(0.0098406763 -0.00023823572 0)
(0.010229891 8.590161e-05 0)
(0.010559601 0.00035807614 0)
(0.010826313 0.00056563992 0)
(0.011021143 0.00071346324 0)
(0.011145478 0.00081847488 0)
(0.011205699 0.00089180195 0)
(0.011212338 0.00093830858 0)
(0.011176599 0.00095362381 0)
(0.01110755 0.00094733278 0)
(0.011027889 0.00091728952 0)
(0.01095304 0.00085263459 0)
(0.010889449 0.00076198123 0)
(0.010844183 0.00066000077 0)
(0.010819043 0.00055160452 0)
(0.010816336 0.00043636383 0)
(0.010836432 0.00031104509 0)
(0.01087905 0.00017586335 0)
(0.010941333 3.7063523e-05 0)
(0.01101988 -9.4505285e-05 0)
(0.011110505 -0.00020976607 0)
(0.011207509 -0.00030338341 0)
(0.011304745 -0.0003732451 0)
(0.011400179 -0.00041891889 0)
(0.011492555 -0.0004413212 0)
(0.011580903 -0.00044244049 0)
(0.011666784 -0.00042467947 0)
(0.01175087 -0.00039065451 0)
(0.011832625 -0.00034501301 0)
(0.011912303 -0.00029137635 0)
(0.011990696 -0.00023144259 0)
(0.01206876 -0.00016446723 0)
(0.012150608 -9.2312588e-05 0)
(0.012234799 -1.936486e-05 0)
(0.012316068 4.8698545e-05 0)
(0.012392163 0.00010839482 0)
(0.012460441 0.00015775479 0)
(0.012518483 0.00019660346 0)
(0.012566002 0.00022475352 0)
(0.012604716 0.00023991888 0)
(0.012636926 0.00024606145 0)
(0.012664334 0.0002472161 0)
(0.012688213 0.00024447995 0)
(0.012709927 0.00023625105 0)
(0.012730932 0.00021695263 0)
(0.012752686 0.0001882089 0)
(0.012776178 0.00015729446 0)
(0.01280226 0.00012755873 0)
(0.012831678 9.9904059e-05 0)
(0.012864217 7.3777534e-05 0)
(0.012899909 4.9256512e-05 0)
(0.01293863 2.6754203e-05 0)
(0.012980055 6.8665585e-06 0)
(0.013023988 -9.7142753e-06 0)
(0.013070574 -2.2641002e-05 0)
(0.013119623 -3.2065116e-05 0)
(0.013170232 -3.8252881e-05 0)
(0.013221536 -4.1376198e-05 0)
(0.013273201 -4.1473763e-05 0)
(0.013325072 -3.8476189e-05 0)
(0.013376723 -3.230338e-05 0)
(0.013427733 -2.3238325e-05 0)
(0.013478071 -1.214727e-05 0)
(0.013527765 -3.8142463e-07 0)
(0.013576763 1.0876692e-05 0)
(0.013625003 2.0925006e-05 0)
(0.013672451 2.9566633e-05 0)
(0.01371907 3.6989081e-05 8.6617658e-38)
(0.013764831 4.3362746e-05 0)
(0.013809704 4.874313e-05 1.71354e-37)
(0.013853669 5.3158458e-05 0)
(0.013896728 5.6606493e-05 0)
(0.013938893 5.903371e-05 0)
(0.013980196 6.0374249e-05 0)
(0.014020674 6.0599496e-05 0)
(0.014060338 5.972772e-05 0)
(0.014099186 5.7864543e-05 0)
(0.014137256 5.5220734e-05 0)
(0.014174614 5.1993168e-05 0)
(0.014211317 4.8328792e-05 0)
(0.01424739 4.4351067e-05 0)
(0.014282838 4.017847e-05 0)
(0.014317652 3.5927915e-05 0)
(0.014351805 3.1713153e-05 0)
(0.014385252 2.7641785e-05 0)
(0.014417926 2.3818196e-05 0)
(0.014449737 2.0338805e-05 0)
(0.014480572 1.7279572e-05 0)
(0.014510285 1.4679903e-05 0)
(0.014538711 1.2532801e-05 0)
(0.014565718 1.0806719e-05 0)
(0.014591218 9.4577531e-06 0)
(0.014615151 8.4340271e-06 0)
(0.014637477 7.6924787e-06 0)
(0.014658178 7.248401e-06 0)
(0.014677227 7.22048e-06 0)
(0.014694598 7.6899805e-06 0)
(0.014710352 8.4878207e-06 0)
(0.014724673 9.3199761e-06 0)
(0.014737728 9.9561674e-06 0)
(0.014749565 1.030285e-05 0)
(0.014760247 1.0407597e-05 -3.1606943e-38)
(0.014770017 1.0392047e-05 0)
(0.014779238 1.0385815e-05 0)
(0.014788236 1.0514501e-05 0)
(0.014797333 1.0841361e-05 2.9824166e-38)
(0.014806915 1.1345923e-05 0)
(0.014817423 1.2024285e-05 0)
(0.014829346 1.292396e-05 0)
(0.014843244 1.4157906e-05 0)
(0.014859761 1.594302e-05 0)
(0.014879553 1.8620323e-05 0)
(0.014903493 2.2632494e-05 -2.6983996e-38)
(0.01493282 2.8520271e-05 0)
(0.014968641 3.6258879e-05 0)
(0.015013858 4.3793468e-05 0)
(0.015065797 4.8281981e-05 0)
(0.01511992 4.928642e-05 0)
(0.015175224 4.8292623e-05 -2.4568987e-38)
(0.015230014 4.6361338e-05 0)
(0.015283197 4.3950324e-05 0)
(0.01533427 4.1275665e-05 0)
(0.015382871 3.8418084e-05 0)
(0.015428658 3.5394078e-05 0)
(0.015471284 3.2213069e-05 0)
(0.015510394 2.8918629e-05 2.1783109e-38)
(0.015545706 2.5596256e-05 0)
(0.015577094 2.2333717e-05 0)
(0.015604585 1.9208286e-05 0)
(0.015628325 1.6286863e-05 -2.0071406e-38)
(0.015648552 1.3619088e-05 0)
(0.015665563 1.1233885e-05 0)
(0.015679695 9.1412388e-06 0)
(0.015691292 7.3354857e-06 1.8360639e-38)
(0.015700695 5.799227e-06 0)
(0.015708223 4.5076246e-06 0)
(0.015714166 3.4323652e-06 0)
(0.015718783 2.5447619e-06 0)
(0.0157223 1.8177667e-06 0)
(0.01572491 1.2269523e-06 0)
(0.015726782 7.5068377e-07 -6.1689587e-38)
(0.015728057 3.6960885e-07 0)
(0.01572886 6.55714e-08 2.9185541e-38)
(0.015729305 -1.707467e-07 0)
(0.01572944 -3.2419918e-07 0)
(0.015729413 -3.9996756e-07 0)
(0.015729251 -4.3876833e-07 5.1761975e-38)
(0.015729002 -4.5671194e-07 0)
(0.015728722 -4.5242078e-07 0)
(0.015728435 -4.3113745e-07 0)
(0.015728157 -3.9955924e-07 2.2590079e-38)
(0.015727905 -3.6235032e-07 4.3535599e-38)
(0.015727684 -3.2317561e-07 0)
(0.015727495 -2.8484504e-07 0)
(0.015727337 -2.4914244e-07 0)
(0.015727207 -2.1701842e-07 0)
(0.015727102 -1.8882116e-07 0)
(0.015727016 -1.6447418e-07 0)
(0.015726947 -1.4364354e-07 1.6015788e-38)
(0.01572689 -1.2587663e-07 3.0388747e-38)
(0.015726845 -1.1069692e-07 0)
(0.015726807 -9.7662335e-08 0)
(0.015726777 -8.6396092e-08 0)
(0.015726752 -7.6595554e-08 0)
(0.015726732 -6.8026516e-08 1.1087638e-38)
(0.015726715 -6.0510247e-08 0)
(0.015726702 -5.3908031e-08 0)
(0.015726691 -4.8107269e-08 8.6237077e-39)
(0.015726683 -4.3011478e-08 1.5604806e-38)
(0.015726676 -3.8534221e-08 6.9810987e-39)
(0.01572667 -3.4597222e-08 0)
(0.015726666 -3.1130523e-08 0)
(0.015726662 -2.807335e-08 0)
(0.01572666 -2.5371056e-08 0)
(0.015726658 -2.2986614e-08 5.7491544e-39)
(0.015726656 -2.0833972e-08 2.0532704e-39)
(0.015726655 -1.9110708e-08 2.4639339e-39)
(0.015726654 -1.6596762e-08 4.1183516e-40)
(0.0010328331 0.0022707935 0)
(0.0017255961 0.0027676204 0)
(0.0023807505 0.0029762695 0)
(0.0030624463 0.0029210333 0)
(0.0037702828 0.0026292405 0)
(0.0044718926 0.0021531066 0)
(0.0051881321 0.0015124605 0)
(0.0059813568 0.00078494695 0)
(0.0068482317 7.1365563e-05 0)
(0.007606852 -0.00053309163 0)
(0.0082342016 -0.00099285627 0)
(0.0087194694 -0.0013110008 0)
(0.0090524733 -0.0015283717 0)
(0.0092459739 -0.0016687869 0)
(0.0093210872 -0.0017457816 0)
(0.0092979934 -0.001760947 0)
(0.0091938084 -0.0017417528 0)
(0.0090417425 -0.0016611078 0)
(0.0089042186 -0.0015060835 0)
(0.0088062654 -0.001320031 0)
(0.008752593 -0.0011176256 0)
(0.008748077 -0.00089152716 0)
(0.0087983075 -0.00062843901 0)
(0.0089032238 -0.00033380408 0)
(0.0090621176 -3.4426054e-05 0)
(0.0092641723 0.00024083479 0)
(0.0094602877 0.00047583746 0)
(0.0096467045 0.00066530883 0)
(0.0098191377 0.00080142142 0)
(0.0099807723 0.00087331277 0)
(0.010136597 0.00090232568 0)
(0.010293441 0.00089704907 0)
(0.010439085 0.00086097033 0)
(0.010579998 0.00080015496 0)
(0.010719528 0.00071792475 0)
(0.010857 0.00060996134 0)
(0.010997376 0.00046987387 0)
(0.011154152 0.00031266296 0)
(0.011326397 0.00015040282 0)
(0.011499556 -5.4949582e-06 0)
(0.011660315 -0.00014699665 0)
(0.011798373 -0.00026632255 0)
(0.011902783 -0.00035928773 0)
(0.011973945 -0.00042619701 0)
(0.012015648 -0.00047140062 0)
(0.012032423 -0.00049862264 0)
(0.012030578 -0.00050603766 0)
(0.012017511 -0.00050358728 0)
(0.011999689 -0.00048844802 0)
(0.011982535 -0.00045343293 0)
(0.011969956 -0.00040642233 0)
(0.011964138 -0.00035100221 0)
(0.011965896 -0.0002911504 0)
(0.011975414 -0.00023097004 0)
(0.011993717 -0.00017148734 0)
(0.012021266 -0.00011228902 0)
(0.012057941 -5.3409068e-05 0)
(0.012102539 2.9415511e-06 0)
(0.012153611 5.3996736e-05 0)
(0.012209397 9.7033292e-05 0)
(0.012268051 0.00013071328 0)
(0.01232847 0.00015456272 0)
(0.012389528 0.00016892974 0)
(0.012450268 0.00017433757 0)
(0.01251088 0.00017113404 0)
(0.012572071 0.00015965764 0)
(0.012633433 0.00014069528 0)
(0.012693481 0.00011619593 0)
(0.012751643 8.8330116e-05 0)
(0.012808759 5.8921876e-05 0)
(0.012865306 2.947661e-05 0)
(0.012920677 1.094965e-06 0)
(0.012975332 -2.6008187e-05 0)
(0.013029369 -5.1076135e-05 0)
(0.013081822 -7.2760383e-05 0)
(0.013132055 -9.0292641e-05 0)
(0.013179665 -0.00010360608 0)
(0.01322467 -0.00011313054 0)
(0.013267353 -0.00011917254 0)
(0.013308146 -0.00012166736 0)
(0.013347608 -0.00012045274 0)
(0.013386252 -0.00011559249 0)
(0.013424288 -0.00010747044 0)
(0.013461534 -9.7037934e-05 0)
(0.013498652 -8.5640723e-05 0)
(0.0135362 -7.4158091e-05 0)
(0.013574242 -6.3050501e-05 0)
(0.013613037 -5.2726058e-05 0)
(0.013653028 -4.3504917e-05 0)
(0.013694321 -3.5491793e-05 -8.6633491e-38)
(0.013736604 -2.8651676e-05 0)
(0.013779573 -2.2929304e-05 -1.7139837e-37)
(0.013823013 -1.8233968e-05 0)
(0.013866683 -1.4481376e-05 0)
(0.013910373 -1.1650949e-05 0)
(0.013953955 -9.7665967e-06 0)
(0.013997347 -8.8408586e-06 0)
(0.014040431 -8.8310773e-06 0)
(0.01408306 -9.6251675e-06 0)
(0.014125088 -1.1069119e-05 0)
(0.014166395 -1.3015423e-05 0)
(0.014206882 -1.5333166e-05 0)
(0.014246457 -1.7898997e-05 0)
(0.014285034 -2.0593422e-05 0)
(0.014322533 -2.3301695e-05 0)
(0.014358876 -2.5914825e-05 0)
(0.014393992 -2.832911e-05 0)
(0.014427818 -3.0434684e-05 0)
(0.01446028 -3.2113776e-05 0)
(0.014491295 -3.3248123e-05 0)
(0.014520754 -3.3747679e-05 0)
(0.014548553 -3.3646934e-05 0)
(0.014574631 -3.3025432e-05 0)
(0.014598963 -3.1941451e-05 0)
(0.014621558 -3.0448432e-05 0)
(0.014642497 -2.860956e-05 0)
(0.014661975 -2.6476131e-05 0)
(0.014680136 -2.4052799e-05 0)
(0.014696797 -2.1353531e-05 0)
(0.014711734 -1.8512809e-05 0)
(0.01472506 -1.5787789e-05 0)
(0.014737041 -1.345493e-05 0)
(0.014747889 -1.1664629e-05 0)
(0.014757792 -1.0364021e-05 3.1607535e-38)
(0.014766982 -9.3862046e-06 0)
(0.014775765 -8.5717316e-06 0)
(0.014784453 -7.834981e-06 0)
(0.014793312 -7.1849752e-06 -2.9825217e-38)
(0.014802695 -6.68977e-06 0)
(0.014813066 -6.4423077e-06 0)
(0.014824928 -6.5460111e-06 0)
(0.014838857 -7.1361366e-06 0)
(0.014855504 -8.4294178e-06 0)
(0.014875551 -1.0774341e-05 0)
(0.014899973 -1.4605412e-05 2.6985004e-38)
(0.014930081 -2.0474967e-05 0)
(0.01496711 -2.8502889e-05 0)
(0.015013769 -3.6779913e-05 0)
(0.015065672 -4.2220494e-05 0)
(0.015119847 -4.4025907e-05 0)
(0.015175184 -4.3676878e-05 2.4569241e-38)
(0.015229943 -4.2336883e-05 0)
(0.015283115 -4.0511299e-05 0)
(0.015334202 -3.8434297e-05 0)
(0.015382823 -3.6188214e-05 0)
(0.015428631 -3.3776085e-05 0)
(0.015471281 -3.1184564e-05 0)
(0.01551042 -2.8424748e-05 -2.1783123e-38)
(0.015545765 -2.5556944e-05 0)
(0.015577177 -2.266272e-05 0)
(0.015604683 -1.9823136e-05 0)
(0.015628429 -1.7112766e-05 2.0071355e-38)
(0.015648656 -1.4591773e-05 0)
(0.015665665 -1.2300352e-05 0)
(0.015679793 -1.0259062e-05 0)
(0.015691386 -8.471764e-06 -1.8360583e-38)
(0.015700784 -6.9293507e-06 0)
(0.015708308 -5.6138967e-06 0)
(0.015714249 -4.5026472e-06 0)
(0.015718864 -3.571308e-06 0)
(0.015722379 -2.7963919e-06 0)
(0.015724989 -2.1565956e-06 0)
(0.015726862 -1.6333213e-06 6.1689436e-38)
(0.015728136 -1.2105647e-06 0)
(0.015728937 -8.7418684e-07 -2.9185477e-38)
(0.015729372 -6.0930597e-07 0)
(0.015729465 -4.0388102e-07 0)
(0.01572944 -2.5223247e-07 0)
(0.015729278 -1.4568165e-07 -5.1762032e-38)
(0.015729027 -7.3960973e-08 0)
(0.01572875 -3.0881962e-08 0)
(0.015728463 -9.5888241e-09 0)
(0.015728186 -3.1765258e-09 -2.2590094e-38)
(0.015727932 -5.943076e-09 -4.3535626e-38)
(0.015727709 -1.3484027e-08 0)
(0.015727518 -2.2613714e-08 0)
(0.015727358 -3.129019e-08 0)
(0.015727226 -3.8405781e-08 0)
(0.015727119 -4.3530741e-08 0)
(0.015727031 -4.6681418e-08 0)
(0.015726961 -4.8126564e-08 -1.6015793e-38)
(0.015726903 -4.823977e-08 -3.0388754e-38)
(0.015726856 -4.7398166e-08 0)
(0.015726818 -4.5922233e-08 0)
(0.015726787 -4.4052018e-08 0)
(0.015726761 -4.1950858e-08 0)
(0.01572674 -3.9726653e-08 -1.1087639e-38)
(0.015726723 -3.7456155e-08 0)
(0.015726708 -3.5197255e-08 0)
(0.015726697 -3.2989628e-08 -8.6237079e-39)
(0.015726688 -3.0857584e-08 -1.5604806e-38)
(0.01572668 -2.8815076e-08 -6.9810988e-39)
(0.015726675 -2.6869256e-08 0)
(0.01572667 -2.5023056e-08 0)
(0.015726666 -2.3277547e-08 0)
(0.015726663 -2.1629392e-08 0)
(0.015726661 -2.008114e-08 -5.7491543e-39)
(0.015726659 -1.8591989e-08 -2.0532704e-39)
(0.015726658 -1.7356811e-08 -2.4639339e-39)
(0.015726656 -1.542678e-08 -4.1183516e-40)
(0.0043446573 0.00094354295 0)
(0.0049343628 0.0013717429 0)
(0.0056966575 0.0014950761 0)
(0.0065979157 0.001343358 0)
(0.0075792072 0.00097270149 0)
(0.0086095938 0.00044722386 0)
(0.0096277809 -0.00015827183 0)
(0.010529251 -0.00076347471 0)
(0.011255334 -0.0012788893 0)
(0.011823213 -0.0016450948 0)
(0.012253179 -0.0018513123 0)
(0.012563089 -0.0019346305 0)
(0.012775686 -0.0019445022 0)
(0.012908689 -0.0018967674 0)
(0.012968081 -0.0017794219 0)
(0.012960371 -0.0016085458 0)
(0.012887021 -0.0014186635 0)
(0.012746286 -0.001238381 0)
(0.012547846 -0.0010787787 0)
(0.012307979 -0.00093036602 0)
(0.012042781 -0.00077894289 0)
(0.011772473 -0.0006205974 0)
(0.011522862 -0.0004608569 0)
(0.011321002 -0.00030726139 0)
(0.011184093 -0.00015886215 0)
(0.011109485 -2.3433697e-08 0)
(0.01109822 0.00016609589 0)
(0.011155967 0.00031512438 0)
(0.01127394 0.00042811867 0)
(0.011434012 0.00049800895 0)
(0.011623348 0.00053290941 0)
(0.01183818 0.0005313821 0)
(0.012078491 0.00049509195 0)
(0.012339615 0.00042466329 0)
(0.012611625 0.00032587791 0)
(0.012884314 0.00020720139 0)
(0.01314894 7.5419392e-05 0)
(0.013392732 -6.2704861e-05 0)
(0.013602623 -0.00019406286 0)
(0.013774426 -0.00030472634 0)
(0.01390819 -0.00038624127 0)
(0.014003489 -0.00043747827 0)
(0.014063596 -0.00046229479 0)
(0.01409583 -0.00046912163 0)
(0.014105527 -0.00046276455 0)
(0.014093929 -0.00044615161 0)
(0.014062494 -0.00042306844 0)
(0.014013488 -0.0003965576 0)
(0.013948954 -0.00036796191 0)
(0.013873906 -0.00033752465 0)
(0.013794616 -0.00030514042 0)
(0.013715884 -0.0002704129 0)
(0.013641302 -0.00023281679 0)
(0.013572586 -0.0001933106 0)
(0.013511438 -0.0001532439 0)
(0.013461465 -0.00011131168 0)
(0.013426498 -7.1064785e-05 0)
(0.013408552 -3.4341777e-05 0)
(0.013406115 -2.0930844e-06 0)
(0.013417453 2.5026458e-05 0)
(0.013442096 4.5197347e-05 0)
(0.013478461 5.5286335e-05 0)
(0.013524559 6.1251985e-05 0)
(0.013578976 6.2747648e-05 0)
(0.013640084 5.8077291e-05 0)
(0.01370572 4.6947917e-05 0)
(0.013773832 2.9750355e-05 0)
(0.013842242 7.6357056e-06 0)
(0.013908658 -1.7262187e-05 0)
(0.013971022 -4.2874482e-05 0)
(0.014028379 -6.7822907e-05 0)
(0.014080796 -9.1079069e-05 0)
(0.014127793 -0.00011203596 0)
(0.014168876 -0.00012989025 0)
(0.014203648 -0.000143738 0)
(0.014232219 -0.00015240081 0)
(0.01425547 -0.00015690118 0)
(0.014274512 -0.00015890713 0)
(0.014290249 -0.00015910502 0)
(0.014303404 -0.00015791353 0)
(0.014314533 -0.00015550728 0)
(0.014324154 -0.00015132003 0)
(0.014333013 -0.00014389634 0)
(0.014342005 -0.00013344419 0)
(0.01435182 -0.00012264455 0)
(0.014362909 -0.00011222254 0)
(0.014375723 -0.00010262026 0)
(0.014390666 -9.5702075e-05 0)
(0.014407826 -9.1294998e-05 0)
(0.014427082 -8.736857e-05 0)
(0.014448279 -8.3592799e-05 0)
(0.014471274 -7.9983551e-05 0)
(0.014495905 -7.6542598e-05 0)
(0.014521934 -7.3352751e-05 0)
(0.014549104 -7.0740662e-05 0)
(0.014577159 -6.8982063e-05 0)
(0.014605826 -6.8046395e-05 0)
(0.014634828 -6.7797633e-05 0)
(0.01466389 -6.8071434e-05 0)
(0.014692748 -6.8720974e-05 0)
(0.014721173 -6.9628782e-05 0)
(0.014748969 -7.069276e-05 0)
(0.014775967 -7.1810544e-05 0)
(0.014802024 -7.2875795e-05 0)
(0.014827022 -7.3781936e-05 0)
(0.014850874 -7.4425696e-05 0)
(0.014873542 -7.470461e-05 0)
(0.014895028 -7.4512677e-05 0)
(0.01491535 -7.3737253e-05 0)
(0.014934493 -7.2269386e-05 0)
(0.014952239 -7.007159e-05 0)
(0.014968355 -6.719909e-05 0)
(0.014982859 -6.374446e-05 0)
(0.014995875 -5.9895871e-05 0)
(0.015007471 -5.5877922e-05 0)
(0.015017671 -5.2038077e-05 0)
(0.015026431 -4.8642735e-05 0)
(0.01503367 -4.4738012e-05 0)
(0.015039394 -3.9165486e-05 0)
(0.015043663 -3.3222567e-05 0)
(0.015046527 -2.7938458e-05 0)
(0.015048041 -2.357527e-05 0)
(0.015048256 -2.0149452e-05 0)
(0.015047277 -1.7613958e-05 0)
(0.015045321 -1.5967559e-05 0)
(0.015042757 -1.5337702e-05 0)
(0.015040133 -1.535227e-05 0)
(0.015038064 -1.6022776e-05 0)
(0.01503715 -1.785577e-05 0)
(0.015038059 -2.0944657e-05 0)
(0.015041501 -2.541957e-05 0)
(0.015048171 -3.1414481e-05 0)
(0.015058696 -3.8842035e-05 0)
(0.015073521 -4.7582768e-05 0)
(0.015092832 -5.8765723e-05 0)
(0.01511641 -7.2134603e-05 0)
(0.015143469 -8.6781115e-05 0)
(0.015173231 -0.00010006877 0)
(0.015205452 -0.00010913126 0)
(0.015239757 -0.00011362963 0)
(0.015275816 -0.00011478834 0)
(0.015313433 -0.00011351719 0)
(0.015351946 -0.00011054034 0)
(0.01539055 -0.00010646031 0)
(0.015428587 -0.00010151149 0)
(0.015465493 -9.5718801e-05 0)
(0.015500716 -8.9041932e-05 0)
(0.015533677 -8.1487948e-05 0)
(0.015563903 -7.3335474e-05 0)
(0.015591137 -6.497622e-05 0)
(0.015615296 -5.673815e-05 0)
(0.015636411 -4.8870323e-05 0)
(0.015654611 -4.1552564e-05 0)
(0.015670087 -3.4898817e-05 0)
(0.015683073 -2.8965968e-05 0)
(0.015693825 -2.3765098e-05 0)
(0.015702605 -1.927233e-05 0)
(0.015709669 -1.5439554e-05 0)
(0.015715261 -1.2204561e-05 0)
(0.015719606 -9.4995038e-06 0)
(0.015722908 -7.2570339e-06 0)
(0.015725348 -5.4140984e-06 0)
(0.015727084 -3.913645e-06 0)
(0.015728251 -2.7046639e-06 0)
(0.015728969 -1.7412368e-06 0)
(0.015729344 -9.896875e-07 0)
(0.015729432 -4.4344213e-07 0)
(0.015729381 -7.8459227e-08 0)
(0.015729196 1.6325692e-07 0)
(0.015728943 3.1417887e-07 0)
(0.015728667 3.8844655e-07 0)
(0.015728386 4.0592583e-07 0)
(0.015728119 3.8601665e-07 0)
(0.015727877 3.4362547e-07 0)
(0.015727664 2.9042262e-07 0)
(0.015727483 2.3506039e-07 0)
(0.015727331 1.8312005e-07 0)
(0.015727205 1.3765919e-07 0)
(0.015727103 9.9878075e-08 0)
(0.01572702 6.971174e-08 0)
(0.015726952 4.6352167e-08 0)
(0.015726897 2.8653596e-08 0)
(0.015726852 1.5415481e-08 0)
(0.015726816 5.5660529e-09 0)
(0.015726786 -1.7507617e-09 0)
(0.015726761 -7.1726748e-09 0)
(0.015726741 -1.1166565e-08 0)
(0.015726724 -1.4073834e-08 0)
(0.01572671 -1.6136044e-08 0)
(0.015726699 -1.7525498e-08 0)
(0.01572669 -1.8371435e-08 0)
(0.015726683 -1.8780775e-08 0)
(0.015726677 -1.8842044e-08 0)
(0.015726672 -1.8628224e-08 0)
(0.015726668 -1.8207197e-08 0)
(0.015726665 -1.7641345e-08 0)
(0.015726663 -1.6963686e-08 0)
(0.015726661 -1.6152641e-08 0)
(0.01572666 -1.5379128e-08 0)
(0.015726658 -1.3983408e-08 0)
(0.012053308 0.00046575305 0)
(0.012369941 0.00053984301 0)
(0.012806133 0.00041157828 0)
(0.013347581 0.00013097418 0)
(0.013912083 -0.00026792072 0)
(0.014413047 -0.00072201312 0)
(0.014800612 -0.0011601222 0)
(0.015064696 -0.0015322116 0)
(0.015217862 -0.0018208553 0)
(0.015283327 -0.0020221361 0)
(0.015289523 -0.0020885984 0)
(0.0152653 -0.0020845045 0)
(0.015222714 -0.0020466587 0)
(0.015162705 -0.0019461388 0)
(0.015091562 -0.0017976736 0)
(0.015021652 -0.0016130698 0)
(0.014960717 -0.0014021726 0)
(0.014907796 -0.0011722846 0)
(0.014857219 -0.00092997989 0)
(0.014802553 -0.00068531404 0)
(0.014740043 -0.00044997613 0)
(0.014670075 -0.00023418476 0)
(0.014594865 -4.4784953e-05 0)
(0.014515637 0.00011276154 0)
(0.014436713 0.00023312922 0)
(0.014373589 0.00031482502 0)
(0.014340966 0.00034917383 0)
(0.014346902 0.00035915123 0)
(0.014393371 0.0003562059 0)
(0.014476091 0.00033405211 0)
(0.014589658 0.00028849637 0)
(0.014728288 0.00021582223 0)
(0.014883278 0.00012310413 0)
(0.015044225 2.9469456e-05 0)
(0.015200977 -6.1834115e-05 0)
(0.015345394 -0.00015071573 0)
(0.015468152 -0.00024190964 0)
(0.015563401 -0.00032787843 0)
(0.015631589 -0.00039927586 0)
(0.015675095 -0.00045411448 0)
(0.015697446 -0.00048735946 0)
(0.01570322 -0.00049411866 0)
(0.015697187 -0.0004926917 0)
(0.015682769 -0.00048492781 0)
(0.015661524 -0.00046398131 0)
(0.015634373 -0.00042936037 0)
(0.015602196 -0.00038624148 0)
(0.015565422 -0.00033828434 0)
(0.015524106 -0.00028803985 0)
(0.015478688 -0.00023716004 0)
(0.015430057 -0.00018782327 0)
(0.015379336 -0.00014169598 0)
(0.015328103 -9.7867697e-05 0)
(0.015278035 -5.4746606e-05 0)
(0.015230513 -2.0244588e-05 0)
(0.015187512 3.226603e-06 0)
(0.015151156 1.8263274e-05 0)
(0.015122237 2.8651534e-05 0)
(0.015102342 3.5690159e-05 0)
(0.015092617 3.9200786e-05 0)
(0.01509187 3.8355148e-05 0)
(0.015098393 3.2323663e-05 0)
(0.015111205 2.1485072e-05 0)
(0.015130047 6.4793993e-06 0)
(0.015153969 -1.1879437e-05 0)
(0.015181342 -3.2497111e-05 0)
(0.015209991 -5.4210857e-05 0)
(0.015237915 -7.6122628e-05 0)
(0.015263938 -9.6353727e-05 0)
(0.015287263 -0.00011386679 0)
(0.015307391 -0.00012902057 0)
(0.015324013 -0.00014269316 0)
(0.01533686 -0.0001545911 0)
(0.015345835 -0.00016278347 0)
(0.015351106 -0.00016626552 0)
(0.015353237 -0.00016722339 0)
(0.015353011 -0.00016701581 0)
(0.015350908 -0.00016573435 0)
(0.015347107 -0.00016314062 0)
(0.01534177 -0.00015897497 0)
(0.015335057 -0.00015244367 0)
(0.01532721 -0.00014407682 0)
(0.015318897 -0.00013489617 0)
(0.015311228 -0.00012581612 0)
(0.015304935 -0.00011755375 0)
(0.0153002 -0.0001105462 0)
(0.01529718 -0.00010499239 0)
(0.015295749 -0.00010084001 0)
(0.015295365 -9.7814165e-05 0)
(0.015295832 -9.5626976e-05 0)
(0.015297495 -9.4123222e-05 0)
(0.015300707 -9.3498958e-05 0)
(0.015305521 -9.3316186e-05 0)
(0.015311811 -9.3270003e-05 0)
(0.015319423 -9.3361453e-05 0)
(0.015328152 -9.3608292e-05 0)
(0.015337756 -9.400619e-05 0)
(0.015347984 -9.4517094e-05 0)
(0.015358558 -9.5066145e-05 0)
(0.015369191 -9.5563326e-05 0)
(0.015379648 -9.5934283e-05 0)
(0.015389769 -9.6127231e-05 0)
(0.015399439 -9.6102185e-05 0)
(0.015408558 -9.5824109e-05 0)
(0.015417041 -9.5269082e-05 0)
(0.015424816 -9.4441655e-05 0)
(0.015431817 -9.3395664e-05 0)
(0.015437997 -9.2094024e-05 0)
(0.015443353 -9.0387226e-05 0)
(0.015447865 -8.7927559e-05 0)
(0.015451511 -8.3850391e-05 0)
(0.015454337 -7.8972566e-05 0)
(0.015456443 -7.3828783e-05 0)
(0.015457915 -6.8468159e-05 0)
(0.015458775 -6.280733e-05 0)
(0.015458935 -5.6752944e-05 0)
(0.015458164 -5.0258625e-05 0)
(0.015456308 -4.3390625e-05 0)
(0.015453629 -3.6337537e-05 0)
(0.015450447 -2.9337445e-05 0)
(0.015446685 -2.2629253e-05 0)
(0.015442068 -1.6439165e-05 0)
(0.015436398 -1.09779e-05 0)
(0.015429584 -6.4664054e-06 0)
(0.015421689 -3.1594202e-06 0)
(0.015412884 -1.3862702e-06 0)
(0.015403487 -1.37017e-06 0)
(0.015393985 -3.2175338e-06 0)
(0.015384835 -7.08471e-06 0)
(0.015376506 -1.3180157e-05 0)
(0.015369533 -2.1674518e-05 0)
(0.015364414 -3.2572056e-05 0)
(0.01536161 -4.5731069e-05 0)
(0.015361551 -6.0895568e-05 0)
(0.015364334 -7.7685072e-05 0)
(0.015369629 -9.5509095e-05 0)
(0.015376953 -0.00011341699 0)
(0.01538603 -0.00012983136 0)
(0.015397185 -0.00014197164 0)
(0.015410982 -0.00014817173 0)
(0.015427638 -0.00015304425 0)
(0.015446492 -0.00015545705 0)
(0.015466489 -0.00015502264 0)
(0.015487337 -0.00015213923 0)
(0.015509173 -0.00014727113 0)
(0.015531898 -0.00014059172 0)
(0.015555115 -0.00013206842 0)
(0.015577908 -0.00012191584 0)
(0.015599317 -0.00011062709 0)
(0.015618954 -9.8772672e-05 0)
(0.015636769 -8.6873171e-05 0)
(0.015652748 -7.5341232e-05 0)
(0.015666894 -6.4472861e-05 0)
(0.015679239 -5.446359e-05 0)
(0.015689848 -4.5426663e-05 0)
(0.015698814 -3.7408565e-05 0)
(0.015706258 -3.0403328e-05 0)
(0.015712323 -2.4366285e-05 0)
(0.015717161 -1.9227424e-05 0)
(0.015720931 -1.4903056e-05 0)
(0.01572379 -1.1304399e-05 0)
(0.015725887 -8.3432949e-06 0)
(0.015727359 -5.93588e-06 0)
(0.01572833 -4.0050485e-06 0)
(0.015728908 -2.4821791e-06 0)
(0.015729192 -1.312823e-06 0)
(0.01572926 -4.6196043e-07 0)
(0.01572917 1.1783616e-07 0)
(0.015728975 4.9138252e-07 0)
(0.015728726 7.0546658e-07 0)
(0.015728461 7.9694839e-07 0)
(0.0157282 8.021875e-07 0)
(0.015727957 7.5135622e-07 0)
(0.015727739 6.6793741e-07 0)
(0.015727549 5.7020359e-07 0)
(0.015727388 4.7120308e-07 0)
(0.015727254 3.7919211e-07 0)
(0.015727144 2.9863403e-07 0)
(0.015727053 2.311774e-07 0)
(0.01572698 1.765519e-07 0)
(0.01572692 1.3334912e-07 0)
(0.015726872 9.9643681e-08 0)
(0.015726832 7.3463455e-08 0)
(0.0157268 5.3076396e-08 0)
(0.015726773 3.7123087e-08 0)
(0.015726751 2.4646688e-08 0)
(0.015726733 1.4942749e-08 0)
(0.015726718 7.3996051e-09 0)
(0.015726705 1.5242385e-09 0)
(0.015726695 -3.0349974e-09 0)
(0.015726687 -6.5311922e-09 0)
(0.015726681 -9.1534695e-09 0)
(0.015726675 -1.1053329e-08 0)
(0.015726671 -1.2355232e-08 0)
(0.015726668 -1.3167779e-08 0)
(0.015726665 -1.3578854e-08 0)
(0.015726662 -1.3673274e-08 0)
(0.015726661 -1.350629e-08 0)
(0.015726659 -1.324547e-08 0)
(0.015726658 -1.2465236e-08 0)
(0.016336087 0.00018476305 0)
(0.016578932 0.00019472149 0)
(0.016802746 5.3510937e-05 0)
(0.017011082 -0.00021215588 0)
(0.017160261 -0.00054108275 0)
(0.01722724 -0.00087264609 0)
(0.017216011 -0.0011742991 0)
(0.017143335 -0.0014341863 0)
(0.017027268 -0.0016432432 0)
(0.016880813 -0.0017880608 0)
(0.016719878 -0.0018605027 0)
(0.016559822 -0.0018657632 0)
(0.016403476 -0.0018157057 0)
(0.016252514 -0.0017210534 0)
(0.016113954 -0.0015901421 0)
(0.015994549 -0.0014314822 0)
(0.01589717 -0.0012547586 0)
(0.015822817 -0.0010686504 0)
(0.015772287 -0.00087972633 0)
(0.015746331 -0.00069265083 0)
(0.015744975 -0.00051105443 0)
(0.015766826 -0.00033908521 0)
(0.015809766 -0.00018172575 0)
(0.015872586 -4.2217846e-05 0)
(0.015948932 7.6597176e-05 0)
(0.016030925 0.00016790416 0)
(0.016114411 0.00022546847 0)
(0.016194939 0.00024973993 0)
(0.016272664 0.00024426102 0)
(0.016348968 0.00021397606 0)
(0.016422279 0.00016452349 0)
(0.016488345 0.00010113131 0)
(0.016542452 2.8893833e-05 0)
(0.016584038 -4.7525275e-05 0)
(0.016615449 -0.00012365621 0)
(0.016637815 -0.00019604461 0)
(0.016649215 -0.00026358681 0)
(0.016646787 -0.00032366275 0)
(0.016631022 -0.00037375052 0)
(0.016603971 -0.00041153224 0)
(0.016568463 -0.00043510004 0)
(0.016529562 -0.00044415904 0)
(0.01649032 -0.00043983772 0)
(0.016449645 -0.00042372432 0)
(0.016407211 -0.00039763657 0)
(0.016365418 -0.00036366383 0)
(0.016326402 -0.00032405629 0)
(0.01629077 -0.00028106988 0)
(0.016258596 -0.00023665525 0)
(0.016229939 -0.00019237417 0)
(0.016204765 -0.00014956101 0)
(0.016182734 -0.00010926279 0)
(0.016163623 -7.2210026e-05 0)
(0.016148445 -3.905395e-05 0)
(0.016138052 -1.0610929e-05 0)
(0.016130576 1.2366767e-05 0)
(0.016123468 2.9692789e-05 0)
(0.016116522 4.1191526e-05 0)
(0.016111397 4.4790162e-05 0)
(0.016108732 4.3942514e-05 0)
(0.016107766 3.884898e-05 0)
(0.016107966 2.8562111e-05 0)
(0.016108945 1.4752592e-05 0)
(0.016110169 -1.4168201e-06 0)
(0.01611108 -1.9185273e-05 0)
(0.016111166 -3.7940299e-05 0)
(0.01610991 -5.7180582e-05 0)
(0.016106888 -7.6153498e-05 0)
(0.016101938 -9.4090533e-05 0)
(0.016095261 -0.00011035997 0)
(0.016087141 -0.00012448508 0)
(0.016077573 -0.00013618488 0)
(0.01606632 -0.00014510948 0)
(0.016053427 -0.0001512659 0)
(0.016039607 -0.00015456827 0)
(0.016025578 -0.00015515763 0)
(0.016011409 -0.00015347163 0)
(0.015996887 -0.00015005875 0)
(0.015981955 -0.00014535806 0)
(0.015966728 -0.00013968432 0)
(0.015951553 -0.00013328324 0)
(0.015936975 -0.00012637357 0)
(0.015923432 -0.00011917719 0)
(0.015911129 -0.00011205029 0)
(0.01590006 -0.00010550899 0)
(0.015890092 -9.9937545e-05 0)
(0.015881065 -9.5542689e-05 0)
(0.015872804 -9.2447017e-05 0)
(0.01586516 -9.0601703e-05 0)
(0.01585812 -8.9874901e-05 0)
(0.015851741 -9.0255673e-05 0)
(0.015845985 -9.1324328e-05 0)
(0.0158408 -9.2420811e-05 0)
(0.015836249 -9.3465986e-05 0)
(0.015832395 -9.4593132e-05 0)
(0.015829216 -9.5840997e-05 0)
(0.015826631 -9.7204437e-05 0)
(0.015824529 -9.8458435e-05 0)
(0.015822781 -9.9329872e-05 0)
(0.015821253 -9.9793695e-05 0)
(0.015819819 -9.9948858e-05 0)
(0.01581836 -9.987029e-05 0)
(0.015816763 -9.9537698e-05 0)
(0.015814925 -9.8881152e-05 0)
(0.015812755 -9.7827292e-05 0)
(0.015810176 -9.6304709e-05 0)
(0.015807112 -9.4252667e-05 0)
(0.015803493 -9.1652419e-05 0)
(0.015799272 -8.8465396e-05 0)
(0.015794465 -8.4442337e-05 0)
(0.015789314 -7.9697425e-05 0)
(0.015784116 -7.4525831e-05 0)
(0.015778941 -6.9075107e-05 0)
(0.015773745 -6.3376733e-05 0)
(0.01576852 -5.7403323e-05 0)
(0.015763291 -5.1129967e-05 0)
(0.015758085 -4.4543141e-05 0)
(0.015752941 -3.7591919e-05 0)
(0.015747895 -3.0257696e-05 0)
(0.015742922 -2.2713464e-05 0)
(0.015737907 -1.5222016e-05 0)
(0.015732687 -8.0218238e-06 0)
(0.015727063 -1.3555293e-06 0)
(0.015720821 4.4783016e-06 0)
(0.015713761 9.1090145e-06 0)
(0.015705975 1.2121388e-05 0)
(0.015697776 1.3166187e-05 0)
(0.015689196 1.2018207e-05 0)
(0.015680033 8.4625192e-06 0)
(0.015670215 2.1803701e-06 0)
(0.015659985 -7.0640026e-06 0)
(0.015649732 -1.9271078e-05 0)
(0.015639771 -3.4218869e-05 0)
(0.015630345 -5.1489962e-05 0)
(0.015621603 -7.0528137e-05 0)
(0.01561358 -9.053552e-05 0)
(0.015606268 -0.0001104743 0)
(0.015599711 -0.00012913445 0)
(0.015594396 -0.00014534552 0)
(0.015591508 -0.00015828656 0)
(0.015591549 -0.00016728541 0)
(0.015594048 -0.0001705428 0)
(0.015598236 -0.00017056978 0)
(0.015603527 -0.0001696285 0)
(0.015610032 -0.00016744996 0)
(0.01561808 -0.00016372979 0)
(0.015627354 -0.00015751833 0)
(0.015637191 -0.00014699195 0)
(0.015647212 -0.00013414237 0)
(0.015657198 -0.00012050857 0)
(0.015666948 -0.00010682946 0)
(0.015676267 -9.3509039e-05 0)
(0.015684989 -8.080308e-05 0)
(0.015692978 -6.8904526e-05 0)
(0.015700138 -5.7960915e-05 0)
(0.015706412 -4.8070132e-05 0)
(0.015711781 -3.9278521e-05 0)
(0.015716259 -3.1585614e-05 0)
(0.015719891 -2.4954001e-05 0)
(0.015722746 -1.9319252e-05 0)
(0.015724912 -1.4598989e-05 0)
(0.01572649 -1.0701646e-05 0)
(0.015727583 -7.5327912e-06 0)
(0.015728287 -4.9997678e-06 0)
(0.015728688 -3.016877e-06 0)
(0.015728858 -1.5090315e-06 0)
(0.015728861 -4.1006028e-07 0)
(0.015728747 3.4482269e-07 0)
(0.015728557 8.2005996e-07 0)
(0.015728334 1.0743156e-06 0)
(0.015728106 1.1667485e-06 0)
(0.015727889 1.1525692e-06 0)
(0.015727689 1.069887e-06 0)
(0.015727512 9.478467e-07 0)
(0.01572736 8.0996458e-07 0)
(0.015727231 6.7261326e-07 0)
(0.015727124 5.4587428e-07 0)
(0.015727036 4.351009e-07 0)
(0.015726964 3.4212177e-07 0)
(0.015726906 2.6647674e-07 0)
(0.015726858 2.0640419e-07 0)
(0.015726819 1.5935695e-07 0)
(0.015726787 1.2257703e-07 0)
(0.015726761 9.3684046e-08 0)
(0.015726739 7.0836593e-08 0)
(0.015726721 5.2625686e-08 0)
(0.015726706 3.7996503e-08 0)
(0.015726695 2.6209361e-08 0)
(0.015726685 1.6742108e-08 0)
(0.015726677 9.2049535e-09 0)
(0.015726671 3.2850911e-09 0)
(0.015726666 -1.2768298e-09 0)
(0.015726662 -4.7068926e-09 0)
(0.015726659 -7.211337e-09 0)
(0.015726656 -8.9646992e-09 0)
(0.015726654 -1.0107612e-08 0)
(0.015726652 -1.0791613e-08 0)
(0.015726651 -1.1136821e-08 0)
(0.015726649 -1.1305146e-08 0)
(0.015726648 -1.1040351e-08 0)
(0.017188734 -0.00013733772 0)
(0.017372699 -0.00015486203 0)
(0.017531463 -0.00024484187 0)
(0.017658611 -0.00040259154 0)
(0.017721866 -0.00061010109 0)
(0.017726005 -0.00083823382 0)
(0.017688522 -0.0010631919 0)
(0.017610458 -0.0012686159 0)
(0.017494135 -0.0014360305 0)
(0.017337762 -0.0015506791 0)
(0.017168124 -0.0016068187 0)
(0.016995247 -0.0016107853 0)
(0.01682686 -0.0015737689 0)
(0.016670057 -0.0015022194 0)
(0.016530554 -0.0014015617 0)
(0.01641236 -0.0012781026 0)
(0.016318003 -0.0011379155 0)
(0.016248748 -0.00098627804 0)
(0.016204795 -0.00082793414 0)
(0.016185591 -0.00066756177 0)
(0.016190061 -0.000510108 0)
(0.0162166 -0.00036089569 0)
(0.016262854 -0.00022535592 0)
(0.016325092 -0.00010822366 0)
(0.016401911 -1.2515408e-05 0)
(0.016492207 6.0310677e-05 0)
(0.016585422 0.00010880539 0)
(0.016675636 0.00013320522 0)
(0.016758456 0.00013583137 0)
(0.016831189 0.00011931877 0)
(0.016892321 8.6546468e-05 0)
(0.016941211 4.0473881e-05 0)
(0.016977631 -1.6321422e-05 0)
(0.017002016 -7.9478553e-05 0)
(0.017014292 -0.00014227405 0)
(0.017014927 -0.00019938935 0)
(0.017004428 -0.00025047743 0)
(0.016983743 -0.00029543583 0)
(0.016954402 -0.00033258124 0)
(0.016918122 -0.00035961721 0)
(0.016876826 -0.00037473134 0)
(0.016832297 -0.00037797322 0)
(0.016785591 -0.00037152983 0)
(0.016738685 -0.00035706596 0)
(0.016693596 -0.00033519795 0)
(0.016651607 -0.00030681405 0)
(0.016613819 -0.00027348569 0)
(0.016580849 -0.00023685425 0)
(0.016552938 -0.0001984036 0)
(0.016530097 -0.00015948262 0)
(0.016512156 -0.00012134761 0)
(0.016498785 -8.5133816e-05 0)
(0.01648959 -5.1761443e-05 0)
(0.016484082 -2.2055997e-05 0)
(0.01648141 2.9472344e-06 0)
(0.016481236 2.2744601e-05 0)
(0.016483156 3.759262e-05 0)
(0.016486321 4.5128097e-05 0)
(0.016489813 4.5466442e-05 0)
(0.016492784 4.4339454e-05 0)
(0.016495014 3.9465216e-05 0)
(0.016496117 3.0500948e-05 0)
(0.016495514 1.8392543e-05 0)
(0.016493004 3.9132992e-06 0)
(0.016488473 -1.2159198e-05 0)
(0.016481804 -2.9076844e-05 0)
(0.016472985 -4.6097221e-05 0)
(0.016462004 -6.2496478e-05 0)
(0.016448947 -7.7618406e-05 0)
(0.016433995 -9.0996995e-05 0)
(0.016417334 -0.00010237305 0)
(0.016399283 -0.00011161796 0)
(0.016380113 -0.00011864342 0)
(0.01636016 -0.00012333033 0)
(0.016339837 -0.00012568106 0)
(0.016319531 -0.00012601254 0)
(0.016299517 -0.00012473893 0)
(0.016279995 -0.0001221673 0)
(0.016261122 -0.00011851207 0)
(0.016243021 -0.00011396092 0)
(0.016225807 -0.0001086904 0)
(0.016209593 -0.00010296562 0)
(0.016194465 -9.7148449e-05 0)
(0.016180467 -9.161665e-05 0)
(0.016167581 -8.6703056e-05 0)
(0.016155704 -8.2641336e-05 0)
(0.016144678 -7.9559637e-05 0)
(0.016134335 -7.7494836e-05 0)
(0.016124514 -7.6395413e-05 0)
(0.016115087 -7.6150273e-05 0)
(0.016105921 -7.6633538e-05 0)
(0.016096884 -7.772761e-05 0)
(0.016087986 -7.92905e-05 0)
(0.016079362 -8.1167176e-05 0)
(0.016071094 -8.3215864e-05 0)
(0.016063172 -8.5300859e-05 0)
(0.016055537 -8.7284637e-05 0)
(0.016048127 -8.9036452e-05 0)
(0.016040918 -9.0444083e-05 0)
(0.016033908 -9.1420714e-05 0)
(0.016027055 -9.1907776e-05 0)
(0.016020261 -9.1870516e-05 0)
(0.016013408 -9.1290726e-05 0)
(0.016006392 -9.0164821e-05 0)
(0.015999136 -8.8504323e-05 0)
(0.015991598 -8.6333943e-05 0)
(0.015983764 -8.3685709e-05 0)
(0.015975652 -8.0584708e-05 0)
(0.015967301 -7.7037342e-05 0)
(0.015958825 -7.3027603e-05 0)
(0.01595042 -6.8541116e-05 0)
(0.015942235 -6.3661548e-05 0)
(0.015934315 -5.8491749e-05 0)
(0.015926684 -5.3070804e-05 0)
(0.015919386 -4.7391836e-05 0)
(0.015912478 -4.1435344e-05 0)
(0.015906011 -3.5186839e-05 0)
(0.015900036 -2.8644502e-05 0)
(0.015894598 -2.1834533e-05 0)
(0.015889716 -1.4834296e-05 0)
(0.015885362 -7.7401256e-06 0)
(0.01588147 -6.4008218e-07 0)
(0.015877937 6.3385731e-06 0)
(0.015874596 1.2963194e-05 0)
(0.015871197 1.8651213e-05 0)
(0.015867496 2.1904002e-05 0)
(0.01586349 2.3091497e-05 0)
(0.015859239 2.2846767e-05 0)
(0.015854393 2.0876002e-05 0)
(0.015848595 1.6352321e-05 0)
(0.015841841 8.4527479e-06 0)
(0.015834194 -2.7943077e-06 0)
(0.015825667 -1.7119386e-05 0)
(0.015816283 -3.4042705e-05 0)
(0.015806064 -5.2893742e-05 0)
(0.015795047 -7.2854009e-05 0)
(0.015783346 -9.2999605e-05 0)
(0.015771212 -0.00011232579 0)
(0.015759045 -0.0001298229 0)
(0.015747325 -0.00014478878 0)
(0.015736425 -0.0001570208 0)
(0.015726939 -0.00016564134 0)
(0.01571949 -0.00016885881 0)
(0.01571389 -0.00016934959 0)
(0.015709517 -0.00016874123 0)
(0.015705962 -0.00016655151 0)
(0.015703007 -0.00016042323 0)
(0.015700966 -0.0001513345 0)
(0.015700299 -0.00014027587 0)
(0.015700955 -0.0001280032 0)
(0.015702601 -0.0001151088 0)
(0.015704928 -0.00010206005 0)
(0.015707679 -8.9230152e-05 0)
(0.015710633 -7.6915434e-05 0)
(0.015713612 -6.5342104e-05 0)
(0.015716472 -5.4671932e-05 0)
(0.015719101 -4.5006072e-05 0)
(0.015721416 -3.639169e-05 0)
(0.015723365 -2.8839531e-05 0)
(0.015724929 -2.2337189e-05 0)
(0.015726124 -1.6846259e-05 0)
(0.015726991 -1.2298536e-05 0)
(0.015727584 -8.5992361e-06 0)
(0.015727955 -5.6415736e-06 0)
(0.01572815 -3.3273321e-06 0)
(0.015728208 -1.5724942e-06 0)
(0.015728162 -2.988776e-07 0)
(0.015728042 5.6916422e-07 0)
(0.015727875 1.1035601e-06 0)
(0.015727697 1.3732973e-06 0)
(0.015727541 1.4563388e-06 0)
(0.015727403 1.4203241e-06 0)
(0.015727273 1.3088044e-06 0)
(0.015727155 1.1551703e-06 0)
(0.015727053 9.8609437e-07 0)
(0.015726966 8.1991799e-07 0)
(0.015726895 6.6768582e-07 0)
(0.015726836 5.351337e-07 0)
(0.015726788 4.241619e-07 0)
(0.015726748 3.3392518e-07 0)
(0.015726716 2.6182285e-07 0)
(0.015726691 2.0469028e-07 0)
(0.01572667 1.5956791e-07 0)
(0.015726653 1.2388489e-07 0)
(0.01572664 9.5506937e-08 0)
(0.015726629 7.2702256e-08 0)
(0.01572662 5.4195777e-08 0)
(0.015726613 3.9170832e-08 0)
(0.015726607 2.7073118e-08 0)
(0.015726602 1.7454429e-08 0)
(0.015726598 9.9258464e-09 0)
(0.015726594 4.137956e-09 0)
(0.015726591 -2.2271492e-10 0)
(0.015726589 -3.4383466e-09 0)
(0.015726587 -5.7473399e-09 0)
(0.015726585 -7.3472262e-09 0)
(0.015726583 -8.4083964e-09 0)
(0.015726581 -9.049188e-09 0)
(0.01572658 -9.4228978e-09 0)
(0.015726578 -9.4436777e-09 0)
(0.017306326 -0.00034886863 0)
(0.017425241 -0.00036342651 0)
(0.017536849 -0.00042301967 0)
(0.017636519 -0.00052226574 0)
(0.017697346 -0.0006579589 0)
(0.017705977 -0.00082222529 0)
(0.017684109 -0.00099401872 0)
(0.017615848 -0.0011456075 0)
(0.01750975 -0.0012581701 0)
(0.017384863 -0.0013290832 0)
(0.017246549 -0.0013641096 0)
(0.017103222 -0.0013672518 0)
(0.016963835 -0.0013410723 0)
(0.016834017 -0.0012884483 0)
(0.01671742 -0.0012131822 0)
(0.01661704 -0.001119706 0)
(0.016534974 -0.0010126699 0)
(0.01647233 -0.0008966546 0)
(0.016429555 -0.00077595729 0)
(0.016406676 -0.00065450551 0)
(0.016403313 -0.00053589285 0)
(0.016418557 -0.00042350646 0)
(0.016450822 -0.00032065953 0)
(0.016497716 -0.000230448 0)
(0.016556289 -0.00015435189 0)
(0.016623877 -9.2134627e-05 0)
(0.016697331 -4.3737835e-05 0)
(0.016772511 -1.0387248e-05 0)
(0.016845615 6.9031395e-06 0)
(0.016913422 8.246389e-06 0)
(0.016973238 -4.9732672e-06 0)
(0.017022726 -3.0477802e-05 0)
(0.017062343 -6.5208494e-05 0)
(0.017087205 -0.00010463737 0)
(0.01709433 -0.00014504605 0)
(0.017094008 -0.00018459617 0)
(0.017084965 -0.00022158584 0)
(0.01706724 -0.00025395931 0)
(0.017041774 -0.00027997867 0)
(0.017008182 -0.00029846648 0)
(0.016969564 -0.00030859666 0)
(0.016928509 -0.00030999164 0)
(0.016886485 -0.0003032116 0)
(0.016844821 -0.00028956447 0)
(0.016804448 -0.0002703445 0)
(0.01676631 -0.00024666449 0)
(0.016731343 -0.0002196679 0)
(0.016700199 -0.00019049144 0)
(0.016673253 -0.00016020631 0)
(0.016650702 -0.00012980783 0)
(0.01663259 -0.0001002085 0)
(0.01661881 -7.2206396e-05 0)
(0.016609105 -4.6473302e-05 0)
(0.016603165 -2.3607744e-05 0)
(0.01660062 -4.0951836e-06 0)
(0.016600692 1.1930278e-05 0)
(0.01660276 2.4063245e-05 0)
(0.01660617 3.2144625e-05 0)
(0.01660939 3.6192232e-05 0)
(0.016611786 3.6553226e-05 0)
(0.016613606 3.3614215e-05 0)
(0.0166144 2.7618787e-05 0)
(0.016613512 1.9022059e-05 0)
(0.016610649 8.4498091e-06 0)
(0.016605656 -3.4852811e-06 0)
(0.016598378 -1.6185301e-05 0)
(0.016588746 -2.9113539e-05 0)
(0.016576812 -4.1767482e-05 0)
(0.016562741 -5.3678108e-05 0)
(0.016546789 -6.4443491e-05 0)
(0.016529262 -7.3776221e-05 0)
(0.016510464 -8.1501391e-05 0)
(0.016490701 -8.7504258e-05 0)
(0.0164703 -9.1740007e-05 0)
(0.016449615 -9.4251916e-05 0)
(0.01642899 -9.5178946e-05 0)
(0.016408686 -9.4717896e-05 0)
(0.01638888 -9.3091657e-05 0)
(0.016369706 -9.0536537e-05 0)
(0.016351283 -8.7289439e-05 0)
(0.016333726 -8.3578821e-05 0)
(0.016317145 -7.9631468e-05 0)
(0.016301609 -7.567041e-05 0)
(0.016287128 -7.1910699e-05 0)
(0.01627364 -6.8555928e-05 0)
(0.016261029 -6.5777379e-05 0)
(0.01624915 -6.3695429e-05 0)
(0.01623785 -6.2376619e-05 0)
(0.016226985 -6.1833882e-05 0)
(0.016216439 -6.2034085e-05 0)
(0.016206122 -6.2908523e-05 0)
(0.016195978 -6.4335561e-05 0)
(0.016185976 -6.6150955e-05 0)
(0.016176105 -6.821445e-05 0)
(0.016166351 -7.0416162e-05 0)
(0.016156696 -7.264102e-05 0)
(0.016147125 -7.4760782e-05 0)
(0.016137621 -7.6634703e-05 0)
(0.016128173 -7.8127306e-05 0)
(0.016118763 -7.9138405e-05 0)
(0.016109359 -7.9608214e-05 0)
(0.016099925 -7.9504484e-05 0)
(0.01609042 -7.8812041e-05 0)
(0.016080812 -7.7531655e-05 0)
(0.016071082 -7.5681874e-05 0)
(0.016061226 -7.3297394e-05 0)
(0.016051259 -7.0425195e-05 0)
(0.016041215 -6.7119833e-05 0)
(0.016031149 -6.3434244e-05 0)
(0.016021145 -5.9410188e-05 0)
(0.016011317 -5.5104661e-05 0)
(0.016001776 -5.0596848e-05 0)
(0.015992613 -4.5942523e-05 0)
(0.015983904 -4.1157385e-05 0)
(0.015975718 -3.623275e-05 0)
(0.015968127 -3.1152154e-05 0)
(0.0159612 -2.5897597e-05 0)
(0.015955005 -2.0430079e-05 0)
(0.015949582 -1.4688557e-05 0)
(0.015944946 -8.7414651e-06 0)
(0.015941139 -2.7643419e-06 0)
(0.015938199 3.1773258e-06 0)
(0.015936126 9.0491553e-06 0)
(0.015934914 1.4702134e-05 0)
(0.015934524 1.982482e-05 0)
(0.015934624 2.3825801e-05 0)
(0.015934718 2.5479367e-05 0)
(0.015934616 2.5453408e-05 0)
(0.015934341 2.4479603e-05 0)
(0.015933745 2.0885635e-05 0)
(0.015932551 1.4312216e-05 0)
(0.015930525 4.7592536e-06 0)
(0.015927465 -7.6146105e-06 0)
(0.015923147 -2.2409916e-05 0)
(0.015917272 -3.9048557e-05 0)
(0.015909534 -5.6874342e-05 0)
(0.015899817 -7.5158567e-05 0)
(0.015888309 -9.3077558e-05 0)
(0.015875426 -0.00010977165 0)
(0.015861635 -0.00012447676 0)
(0.015847293 -0.00013658636 0)
(0.015832745 -0.00014563676 0)
(0.015818745 -0.00015165369 0)
(0.015805879 -0.00015496242 0)
(0.015793904 -0.00015573453 0)
(0.015782315 -0.00015398285 0)
(0.015771274 -0.00014968209 0)
(0.015761387 -0.00014292302 0)
(0.015752961 -0.00013413377 0)
(0.015745988 -0.00012388873 0)
(0.015740379 -0.00011270259 0)
(0.015736019 -0.00010101858 0)
(0.015732759 -8.9227582e-05 0)
(0.015730438 -7.7659805e-05 0)
(0.015728889 -6.6575543e-05 0)
(0.015727949 -5.6169096e-05 0)
(0.015727463 -4.6575889e-05 0)
(0.015727276 -3.7884691e-05 0)
(0.015727226 -3.0162511e-05 0)
(0.015727186 -2.3433251e-05 0)
(0.015727145 -1.7672999e-05 0)
(0.015727103 -1.2865787e-05 0)
(0.015727087 -8.9614463e-06 0)
(0.015727079 -5.8426162e-06 0)
(0.015727061 -3.3944959e-06 0)
(0.015727017 -1.5281884e-06 0)
(0.015726947 -1.6668186e-07 0)
(0.015726853 7.6554152e-07 0)
(0.01572674 1.3344959e-06 0)
(0.015726639 1.5686752e-06 0)
(0.015726574 1.5957451e-06 0)
(0.015726526 1.5558689e-06 0)
(0.015726475 1.4383304e-06 0)
(0.015726427 1.2731009e-06 0)
(0.015726386 1.0891261e-06 0)
(0.015726353 9.0667388e-07 0)
(0.015726327 7.3906677e-07 0)
(0.015726306 5.9322469e-07 0)
(0.015726289 4.7120391e-07 0)
(0.015726277 3.7181162e-07 0)
(0.015726266 2.9209311e-07 0)
(0.015726258 2.2869973e-07 0)
(0.015726251 1.7853683e-07 0)
(0.015726245 1.3885415e-07 0)
(0.01572624 1.0734267e-07 0)
(0.015726235 8.2186228e-08 0)
(0.015726232 6.2023371e-08 0)
(0.015726229 4.5855772e-08 0)
(0.015726226 3.2935717e-08 0)
(0.015726223 2.2679893e-08 0)
(0.015726221 1.461708e-08 0)
(0.015726219 8.3531643e-09 0)
(0.015726217 3.5524172e-09 0)
(0.015726215 -6.7331479e-11 0)
(0.015726213 -2.743642e-09 0)
(0.015726212 -4.6743059e-09 0)
(0.01572621 -6.0255265e-09 0)
(0.015726209 -6.9217701e-09 0)
(0.015726208 -7.4937943e-09 0)
(0.015726206 -7.8028748e-09 0)
(0.017332021 -0.00047822293 0)
(0.017396675 -0.00049742919 0)
(0.017459617 -0.00054670741 0)
(0.017514208 -0.00062053156 0)
(0.017551754 -0.00071214073 0)
(0.017563632 -0.00081814477 0)
(0.017543193 -0.00092799336 0)
(0.017491443 -0.0010242894 0)
(0.017415821 -0.0010993262 0)
(0.017324377 -0.0011527067 0)
(0.017224251 -0.0011829861 0)
(0.017121521 -0.0011888979 0)
(0.017020711 -0.0011714153 0)
(0.016925331 -0.0011329432 0)
(0.016838459 -0.0010763228 0)
(0.016762639 -0.0010046915 0)
(0.016699673 -0.0009213911 0)
(0.016650669 -0.00082976262 0)
(0.01661619 -0.00073304587 0)
(0.016596342 -0.00063437243 0)
(0.016590787 -0.00053675434 0)
(0.016598741 -0.00044308978 0)
(0.016618996 -0.00035613728 0)
(0.01664983 -0.00027836812 0)
(0.016689052 -0.00021168689 0)
(0.016734556 -0.00015717979 0)
(0.016784493 -0.00011553907 0)
(0.016836899 -8.6933759e-05 0)
(0.016889567 -7.1050779e-05 0)
(0.016940184 -6.6975492e-05 0)
(0.016986467 -7.3375343e-05 0)
(0.017026257 -8.8380111e-05 0)
(0.017057992 -0.00010859848 0)
(0.0170812 -0.00013097861 0)
(0.017095911 -0.00015535716 0)
(0.017101639 -0.00018175667 0)
(0.017098153 -0.00020726035 0)
(0.017086197 -0.00022863925 0)
(0.017067061 -0.00024406109 0)
(0.017042156 -0.00025318178 0)
(0.017012806 -0.00025649091 0)
(0.016980315 -0.00025423349 0)
(0.016946049 -0.00024660757 0)
(0.016911251 -0.00023417021 0)
(0.016876932 -0.00021758608 0)
(0.016843937 -0.00019756187 0)
(0.016812961 -0.00017492129 0)
(0.016784532 -0.0001505483 0)
(0.016759023 -0.0001253003 0)
(0.01673668 -9.9988935e-05 0)
(0.016717652 -7.5379461e-05 0)
(0.016701993 -5.2077986e-05 0)
(0.01668958 -3.0552798e-05 0)
(0.016680057 -1.1315799e-05 0)
(0.01667303 5.0856939e-06 0)
(0.016668178 1.8225458e-05 0)
(0.016665114 2.8022154e-05 0)
(0.016663303 3.4341398e-05 0)
(0.016662155 3.7294768e-05 0)
(0.01666129 3.751234e-05 0)
(0.016660304 3.5292125e-05 0)
(0.016658674 3.0681006e-05 0)
(0.016656035 2.3912539e-05 0)
(0.016652108 1.5527096e-05 0)
(0.016646587 6.140438e-06 0)
(0.016639258 -3.7860188e-06 0)
(0.016630045 -1.3846995e-05 0)
(0.016618954 -2.3644736e-05 0)
(0.016606045 -3.2825363e-05 0)
(0.016591457 -4.1113546e-05 0)
(0.016575395 -4.8313187e-05 0)
(0.016558102 -5.4296355e-05 0)
(0.016539844 -5.8991081e-05 0)
(0.016520902 -6.2377502e-05 0)
(0.016501564 -6.4491811e-05 0)
(0.016482101 -6.5432745e-05 0)
(0.016462747 -6.5347163e-05 0)
(0.016443692 -6.4401463e-05 0)
(0.016425093 -6.2765145e-05 0)
(0.016407078 -6.0608461e-05 0)
(0.01638975 -5.8103276e-05 0)
(0.016373184 -5.5425824e-05 0)
(0.016357425 -5.2756589e-05 0)
(0.016342482 -5.0270582e-05 0)
(0.016328327 -4.8122738e-05 0)
(0.016314901 -4.6435473e-05 0)
(0.016302122 -4.5292802e-05 0)
(0.01628989 -4.4739932e-05 0)
(0.016278101 -4.4784754e-05 0)
(0.016266651 -4.5402208e-05 0)
(0.016255446 -4.6541239e-05 0)
(0.016244401 -4.8128348e-05 0)
(0.016233449 -5.0072419e-05 0)
(0.016222548 -5.2269764e-05 0)
(0.016211667 -5.4603029e-05 0)
(0.016200774 -5.6940847e-05 0)
(0.016189838 -5.9144107e-05 0)
(0.016178835 -6.1074372e-05 0)
(0.016167747 -6.2604529e-05 0)
(0.016156568 -6.3629792e-05 0)
(0.016145296 -6.4074028e-05 0)
(0.016133931 -6.3892307e-05 0)
(0.016122481 -6.3071774e-05 0)
(0.016110963 -6.1631067e-05 0)
(0.016099407 -5.9617337e-05 0)
(0.016087853 -5.7100335e-05 0)
(0.016076355 -5.4164061e-05 0)
(0.016064979 -5.0896848e-05 0)
(0.016053797 -4.7381466e-05 0)
(0.016042893 -4.3688305e-05 0)
(0.016032355 -3.9876043e-05 0)
(0.016022265 -3.5992047e-05 0)
(0.016012692 -3.2066113e-05 0)
(0.01600369 -2.8105494e-05 0)
(0.015995305 -2.4098038e-05 0)
(0.015987583 -2.0020585e-05 0)
(0.015980573 -1.5851262e-05 0)
(0.015974309 -1.1570995e-05 0)
(0.015968782 -7.1472477e-06 0)
(0.015964462 -2.5877928e-06 0)
(0.015961063 2.0405839e-06 0)
(0.015958525 6.6546761e-06 0)
(0.015957001 1.110498e-05 0)
(0.015956605 1.5234976e-05 0)
(0.015957376 1.8866106e-05 0)
(0.015959214 2.1633028e-05 0)
(0.015961788 2.3205848e-05 0)
(0.015964713 2.3394391e-05 0)
(0.015967985 2.2090992e-05 0)
(0.015971551 1.8983959e-05 0)
(0.015974985 1.3195578e-05 0)
(0.015977817 4.6826246e-06 0)
(0.015979669 -6.2991806e-06 0)
(0.01598014 -1.9070214e-05 0)
(0.015978766 -3.2740236e-05 0)
(0.015975164 -4.6872667e-05 0)
(0.015969216 -6.1439744e-05 0)
(0.015960999 -7.6192774e-05 0)
(0.015950608 -9.0427277e-05 0)
(0.015938152 -0.00010334408 0)
(0.015923884 -0.00011437093 0)
(0.015908266 -0.00012307174 0)
(0.015891887 -0.00012914977 0)
(0.015875247 -0.00013267872 0)
(0.01585864 -0.00013386814 0)
(0.015842293 -0.000132815 0)
(0.015826506 -0.00012953871 0)
(0.015811611 -0.00012427055 0)
(0.015797866 -0.00011739637 0)
(0.015785431 -0.00010929675 0)
(0.015774371 -0.00010031714 0)
(0.015764677 -9.0787521e-05 0)
(0.015756305 -8.1011168e-05 0)
(0.015749218 -7.1245461e-05 0)
(0.015743357 -6.1715535e-05 0)
(0.015738621 -5.2619265e-05 0)
(0.015734866 -4.4072749e-05 0)
(0.015731905 -3.6056212e-05 0)
(0.015729568 -2.8631518e-05 0)
(0.015727775 -2.2108066e-05 0)
(0.01572648 -1.6679653e-05 0)
(0.015725768 -1.222945e-05 0)
(0.01572526 -8.5718347e-06 0)
(0.015724882 -5.5931223e-06 0)
(0.015724622 -3.2235566e-06 0)
(0.015724433 -1.3992052e-06 0)
(0.015724302 -5.342201e-08 0)
(0.015724223 8.7877962e-07 0)
(0.015724187 1.4379984e-06 0)
(0.01572418 1.6052106e-06 0)
(0.015724185 1.6115218e-06 0)
(0.015724196 1.5736974e-06 0)
(0.015724217 1.4540302e-06 0)
(0.015724244 1.2849077e-06 0)
(0.015724273 1.0959537e-06 0)
(0.0157243 9.0907547e-07 0)
(0.015724324 7.3842352e-07 0)
(0.015724345 5.9091521e-07 0)
(0.015724363 4.6825327e-07 0)
(0.015724378 3.689639e-07 0)
(0.01572439 2.8993409e-07 0)
(0.0157244 2.2755146e-07 0)
(0.015724407 1.7839333e-07 0)
(0.015724413 1.395292e-07 0)
(0.015724417 1.0861438e-07 0)
(0.01572442 8.3859879e-08 0)
(0.015724423 6.3941216e-08 0)
(0.015724424 4.7892619e-08 0)
(0.015724425 3.5001545e-08 0)
(0.015724426 2.4719238e-08 0)
(0.015724426 1.6600422e-08 0)
(0.015724426 1.0268757e-08 0)
(0.015724426 5.3999405e-09 0)
(0.015724425 1.7156121e-09 0)
(0.015724424 -1.0236972e-09 0)
(0.015724424 -3.0171536e-09 0)
(0.015724423 -4.4303447e-09 0)
(0.015724422 -5.3886305e-09 0)
(0.015724421 -6.0099778e-09 0)
(0.01572442 -6.4067598e-09 0)
(0.01736598 -0.00053439454 0)
(0.017392578 -0.00055944346 0)
(0.017422415 -0.00060227736 0)
(0.017449828 -0.00065982141 0)
(0.017467018 -0.00072877709 0)
(0.017468936 -0.00080508533 0)
(0.017452924 -0.00088189512 0)
(0.017419121 -0.00095091662 0)
(0.017370742 -0.0010062783 0)
(0.01731197 -0.0010450103 0)
(0.017246418 -0.001065613 0)
(0.017177282 -0.0010677233 0)
(0.017107574 -0.001052118 0)
(0.017040035 -0.0010202622 0)
(0.016977018 -0.0009740344 0)
(0.016920438 -0.00091572141 0)
(0.016871772 -0.00084790391 0)
(0.01683209 -0.00077328251 0)
(0.016802096 -0.00069458732 0)
(0.016782195 -0.00061445372 0)
(0.016772432 -0.0005353061 0)
(0.016772376 -0.00045949884 0)
(0.01678127 -0.0003891629 0)
(0.016798317 -0.00032596698 0)
(0.016822705 -0.00027156096 0)
(0.016853192 -0.00022676027 0)
(0.016888064 -0.00019078099 0)
(0.016925247 -0.000163302 0)
(0.016962979 -0.00014484284 0)
(0.016999805 -0.0001351209 0)
(0.017034041 -0.00013309337 0)
(0.017063937 -0.0001373372 0)
(0.0170882 -0.00014638375 0)
(0.017106451 -0.0001593391 0)
(0.017118851 -0.00017445459 0)
(0.017124921 -0.00018884042 0)
(0.017123545 -0.00020066279 0)
(0.017115531 -0.00020947221 0)
(0.017101449 -0.00021529167 0)
(0.017082442 -0.00021796506 0)
(0.017059828 -0.00021694365 0)
(0.017034241 -0.00021146943 0)
(0.0170064 -0.0002015093 0)
(0.016977131 -0.00018785199 0)
(0.016947277 -0.00017129132 0)
(0.016917574 -0.00015247823 0)
(0.016888665 -0.00013207224 0)
(0.01686112 -0.00011076641 0)
(0.016835383 -8.9228712e-05 0)
(0.016811859 -6.8136939e-05 0)
(0.01679078 -4.8200526e-05 0)
(0.016772023 -2.9816822e-05 0)
(0.016755988 -1.3077928e-05 0)
(0.016742494 1.7859191e-06 0)
(0.01673131 1.442089e-05 0)
(0.016722358 2.4533765e-05 0)
(0.016715258 3.2035634e-05 0)
(0.016709575 3.700416e-05 0)
(0.016704834 3.9361153e-05 0)
(0.016700626 3.9291011e-05 0)
(0.016696666 3.7675996e-05 0)
(0.016692735 3.4085634e-05 0)
(0.016688112 2.893032e-05 0)
(0.016682267 2.265593e-05 0)
(0.016675352 1.5670904e-05 0)
(0.016667046 8.3196098e-06 0)
(0.016657236 9.1192063e-07 0)
(0.016645945 -6.277474e-06 0)
(0.016633208 -1.3016702e-05 0)
(0.016619105 -1.9113845e-05 0)
(0.016603781 -2.4427615e-05 0)
(0.016587406 -2.887062e-05 0)
(0.016570166 -3.2401002e-05 0)
(0.016552257 -3.501429e-05 0)
(0.016533887 -3.6739519e-05 0)
(0.01651526 -3.7636666e-05 0)
(0.016496569 -3.7791304e-05 0)
(0.016477984 -3.730967e-05 0)
(0.016459654 -3.6317869e-05 0)
(0.016441709 -3.4959291e-05 0)
(0.01642426 -3.338471e-05 0)
(0.016407396 -3.1739295e-05 0)
(0.016391181 -3.0156985e-05 0)
(0.016375646 -2.8759774e-05 0)
(0.016360789 -2.7652014e-05 0)
(0.016346574 -2.6914276e-05 0)
(0.016332942 -2.6601944e-05 0)
(0.016319814 -2.6745161e-05 0)
(0.016307103 -2.7348387e-05 0)
(0.016294717 -2.839139e-05 0)
(0.016282565 -2.9834089e-05 0)
(0.016270559 -3.1610441e-05 0)
(0.016258621 -3.3635074e-05 0)
(0.016246676 -3.5809267e-05 0)
(0.016234661 -3.8025443e-05 0)
(0.01622252 -4.016901e-05 0)
(0.016210208 -4.2121419e-05 0)
(0.0161977 -4.3766974e-05 0)
(0.016184988 -4.500237e-05 0)
(0.016172084 -4.5746684e-05 0)
(0.01615902 -4.5948399e-05 0)
(0.016145846 -4.5587443e-05 0)
(0.016132625 -4.4673119e-05 0)
(0.016119434 -4.3240267e-05 0)
(0.016106354 -4.1344599e-05 0)
(0.016093466 -3.9057416e-05 0)
(0.016080851 -3.6459468e-05 0)
(0.016068584 -3.3633508e-05 0)
(0.016056737 -3.065672e-05 0)
(0.016045378 -2.7595421e-05 0)
(0.016034569 -2.450295e-05 0)
(0.016024365 -2.1417295e-05 0)
(0.016014811 -1.8356928e-05 0)
(0.016005946 -1.5315832e-05 0)
(0.01599781 -1.2272882e-05 0)
(0.015990444 -9.2039825e-06 0)
(0.015983896 -6.0989982e-06 0)
(0.015978192 -2.9825336e-06 0)
(0.015973344 8.8758146e-08 0)
(0.015969392 3.1450109e-06 0)
(0.015966308 6.2339757e-06 0)
(0.01596438 9.2175647e-06 0)
(0.015963733 1.1899e-05 0)
(0.015964007 1.4197254e-05 0)
(0.015965569 1.6001983e-05 0)
(0.01596832 1.709373e-05 0)
(0.015972068 1.7234501e-05 0)
(0.015976639 1.627238e-05 0)
(0.015981854 1.4077147e-05 0)
(0.01598748 1.0384515e-05 0)
(0.015993039 4.9796172e-06 0)
(0.015997894 -2.1814053e-06 0)
(0.016001558 -1.0945744e-05 0)
(0.016003177 -2.0959232e-05 0)
(0.016003204 -3.1815453e-05 0)
(0.016002228 -4.3137141e-05 0)
(0.015999747 -5.453931e-05 0)
(0.015995028 -6.557683e-05 0)
(0.015987671 -7.5746298e-05 0)
(0.015977898 -8.4631762e-05 0)
(0.015965635 -9.2028944e-05 0)
(0.015951154 -9.7949492e-05 0)
(0.015934932 -0.00010244889 0)
(0.01591745 -0.00010545117 0)
(0.015899145 -0.00010681626 0)
(0.015880436 -0.0001064581 0)
(0.015861762 -0.00010436729 0)
(0.015843548 -0.0001006436 0)
(0.015826146 -9.5490721e-05 0)
(0.015809803 -8.9162788e-05 0)
(0.015794695 -8.1924363e-05 0)
(0.015780975 -7.4119706e-05 0)
(0.015768789 -6.6167198e-05 0)
(0.015758202 -5.8348808e-05 0)
(0.015749154 -5.0767125e-05 0)
(0.015741507 -4.3476415e-05 0)
(0.015735123 -3.6530036e-05 0)
(0.015729748 -3.0059415e-05 0)
(0.015725861 -2.4258912e-05 0)
(0.015723236 -1.9183162e-05 0)
(0.015721126 -1.4777599e-05 0)
(0.01571955 -1.0967572e-05 0)
(0.015718359 -7.6822825e-06 0)
(0.015717457 -4.9271523e-06 0)
(0.015716793 -2.7210874e-06 0)
(0.015716331 -1.0517974e-06 0)
(0.015716042 1.3793537e-07 0)
(0.015715887 9.3037784e-07 0)
(0.015715832 1.396764e-06 0)
(0.015715843 1.5722086e-06 0)
(0.01571588 1.5867599e-06 0)
(0.015715933 1.5099907e-06 0)
(0.015716009 1.3683111e-06 0)
(0.015716095 1.1928357e-06 0)
(0.015716181 1.0077909e-06 0)
(0.01571626 8.3048527e-07 0)
(0.015716331 6.7133927e-07 0)
(0.015716392 5.3512337e-07 0)
(0.015716443 4.2257656e-07 0)
(0.015716485 3.3190587e-07 0)
(0.015716519 2.6002502e-07 0)
(0.015716546 2.0348841e-07 0)
(0.015716568 1.5907599e-07 0)
(0.015716586 1.2406379e-07 0)
(0.015716599 9.6292194e-08 0)
(0.01571661 7.4125766e-08 0)
(0.015716619 5.6360347e-08 0)
(0.015716626 4.2114549e-08 0)
(0.015716631 3.0730252e-08 0)
(0.015716634 2.1696267e-08 0)
(0.015716637 1.4598232e-08 0)
(0.015716639 9.0885693e-09 0)
(0.01571664 4.8715239e-09 0)
(0.015716641 1.6946293e-09 0)
(0.015716641 -6.560991e-10 0)
(0.015716641 -2.3573928e-09 0)
(0.01571664 -3.5556265e-09 0)
(0.01571664 -4.3598439e-09 0)
(0.015716639 -4.8777939e-09 0)
(0.015716638 -5.1864715e-09 0)
(0.017398329 -0.00055195951 0)
(0.017399902 -0.00058722003 0)
(0.017411123 -0.00063176012 0)
(0.017425273 -0.00068266728 0)
(0.017434325 -0.00073854063 0)
(0.017434443 -0.0007971377 0)
(0.017424591 -0.00085402316 0)
(0.017404547 -0.00090359782 0)
(0.017375145 -0.00094234817 0)
(0.017337989 -0.00096946582 0)
(0.017294962 -0.00098374885 0)
(0.017248192 -0.00098331197 0)
(0.017199492 -0.00096806469 0)
(0.017150693 -0.00093940868 0)
(0.017103574 -0.00089900619 0)
(0.017059632 -0.00084869666 0)
(0.017020134 -0.00079056988 0)
(0.016986124 -0.00072684441 0)
(0.016958484 -0.00065985576 0)
(0.016937712 -0.0005917556 0)
(0.016923777 -0.00052398947 0)
(0.016916532 -0.00045833527 0)
(0.016915938 -0.00039752275 0)
(0.016922597 -0.000343556 0)
(0.016936332 -0.00029672814 0)
(0.016952411 -0.00025702454 0)
(0.016971819 -0.00022499513 0)
(0.016996157 -0.00020079795 0)
(0.017021181 -0.00018398944 0)
(0.017046224 -0.0001737701 0)
(0.017070241 -0.00016915284 0)
(0.017091506 -0.00016897345 0)
(0.017109772 -0.00017171379 0)
(0.017124482 -0.00017623967 0)
(0.017130601 -0.00018193867 0)
(0.017132311 -0.00018794772 0)
(0.017129955 -0.00019300461 0)
(0.017123424 -0.00019581216 0)
(0.017112807 -0.00019552177 0)
(0.017098098 -0.00019180718 0)
(0.017078759 -0.00018468886 0)
(0.01705514 -0.00017444809 0)
(0.0170296 -0.00016147106 0)
(0.017002363 -0.00014614697 0)
(0.016974098 -0.00012894483 0)
(0.016945504 -0.00011039389 0)
(0.01691713 -9.1062955e-05 0)
(0.016889481 -7.1518862e-05 0)
(0.016862966 -5.2287602e-05 0)
(0.016838028 -3.3865293e-05 0)
(0.016814786 -1.6620432e-05 0)
(0.016792905 -8.8818943e-07 0)
(0.016773413 1.2963527e-05 0)
(0.016756508 2.4683396e-05 0)
(0.016741945 3.4162489e-05 0)
(0.016729468 4.1397773e-05 0)
(0.016718803 4.6443419e-05 0)
(0.016709583 4.9398096e-05 0)
(0.016701392 5.0384949e-05 0)
(0.016693806 4.9510862e-05 0)
(0.016686679 4.7018158e-05 0)
(0.016679512 4.337184e-05 0)
(0.016672048 3.9001193e-05 0)
(0.016664061 3.4066852e-05 0)
(0.016655294 2.8656042e-05 0)
(0.016645554 2.3001753e-05 0)
(0.016634771 1.735941e-05 0)
(0.016622912 1.1933783e-05 0)
(0.01660998 6.8928354e-06 0)
(0.01659602 2.3787261e-06 0)
(0.016581102 -1.5047769e-06 0)
(0.016565318 -4.6934662e-06 0)
(0.016548775 -7.1572801e-06 0)
(0.016531592 -8.8998609e-06 0)
(0.016513899 -9.9599714e-06 0)
(0.016495839 -1.0410084e-05 0)
(0.016477563 -1.0350558e-05 0)
(0.016459232 -9.8996528e-06 0)
(0.016441016 -9.1821205e-06 0)
(0.016423083 -8.3192557e-06 0)
(0.016405582 -7.4197394e-06 0)
(0.01638861 -6.576655e-06 0)
(0.016372227 -5.8743303e-06 0)
(0.016356456 -5.3869561e-06 0)
(0.016341289 -5.1740573e-06 0)
(0.016326692 -5.2789393e-06 0)
(0.016312612 -5.7277785e-06 0)
(0.016298981 -6.5286265e-06 0)
(0.016285722 -7.6713677e-06 0)
(0.016272749 -9.1278012e-06 0)
(0.016259977 -1.0849355e-05 0)
(0.016247325 -1.2776781e-05 0)
(0.016234706 -1.4836825e-05 0)
(0.016222043 -1.6944071e-05 0)
(0.016209266 -1.9004823e-05 0)
(0.016196322 -2.0921338e-05 0)
(0.01618317 -2.2597298e-05 0)
(0.016169793 -2.394498e-05 0)
(0.016156193 -2.4893121e-05 0)
(0.0161424 -2.539365e-05 0)
(0.016128469 -2.5425287e-05 0)
(0.016114477 -2.4992692e-05 0)
(0.016100519 -2.4122351e-05 0)
(0.016086704 -2.2859127e-05 0)
(0.016073142 -2.1263195e-05 0)
(0.016059938 -1.940674e-05 0)
(0.016047187 -1.7368851e-05 0)
(0.016034977 -1.5227405e-05 0)
(0.016023384 -1.3051713e-05 0)
(0.016012469 -1.0898537e-05 0)
(0.016002286 -8.8082778e-06 0)
(0.015992876 -6.8017963e-06 0)
(0.015984279 -4.8815894e-06 0)
(0.01597653 -3.044827e-06 0)
(0.015969649 -1.2852326e-06 0)
(0.015963644 4.3033478e-07 0)
(0.015958534 2.152925e-06 0)
(0.015954371 3.9198453e-06 0)
(0.01595119 5.7265005e-06 0)
(0.015948952 7.5092595e-06 0)
(0.015947637 9.1589924e-06 0)
(0.015947259 1.0578102e-05 0)
(0.015947783 1.1715582e-05 0)
(0.015949165 1.2404456e-05 0)
(0.015951353 1.2654055e-05 0)
(0.015954295 1.2274087e-05 0)
(0.015957921 1.1162142e-05 0)
(0.015962125 9.2242341e-06 0)
(0.015966761 6.4025822e-06 0)
(0.015971603 2.650262e-06 0)
(0.015976319 -2.0555086e-06 0)
(0.015980498 -7.6842968e-06 0)
(0.01598377 -1.4253998e-05 0)
(0.015985831 -2.1978995e-05 0)
(0.015986403 -3.0998926e-05 0)
(0.015985305 -4.0754372e-05 0)
(0.01598245 -5.0177867e-05 0)
(0.015977781 -5.8465561e-05 0)
(0.01597125 -6.5407747e-05 0)
(0.015962813 -7.1065781e-05 0)
(0.015952488 -7.544309e-05 0)
(0.015940471 -7.8443378e-05 0)
(0.015926436 -7.9995793e-05 0)
(0.01591034 -8.021484e-05 0)
(0.015892556 -7.930508e-05 0)
(0.015873513 -7.7435028e-05 0)
(0.015853788 -7.4733259e-05 0)
(0.015834052 -7.1314525e-05 0)
(0.015814934 -6.7284118e-05 0)
(0.015796947 -6.2749813e-05 0)
(0.015780458 -5.7874534e-05 0)
(0.015765861 -5.2820067e-05 0)
(0.015752996 -4.7645257e-05 0)
(0.015741567 -4.2380642e-05 0)
(0.015731573 -3.7093878e-05 0)
(0.01572289 -3.1872443e-05 0)
(0.015715409 -2.6863316e-05 0)
(0.015709043 -2.231147e-05 0)
(0.015703672 -1.8305974e-05 0)
(0.015699138 -1.4633273e-05 0)
(0.015695404 -1.1184665e-05 0)
(0.015692412 -8.0798565e-06 0)
(0.015690054 -5.4238676e-06 0)
(0.015688241 -3.2519719e-06 0)
(0.015686883 -1.5526452e-06 0)
(0.015685917 -2.8347188e-07 0)
(0.015685313 6.1715265e-07 0)
(0.015685006 1.2126282e-06 0)
(0.0156849 1.5014869e-06 0)
(0.015684905 1.5324277e-06 0)
(0.01568496 1.4866479e-06 0)
(0.015685053 1.3716331e-06 0)
(0.015685175 1.2106454e-06 0)
(0.01568531 1.0292268e-06 0)
(0.015685443 8.4917601e-07 0)
(0.015685565 6.8473442e-07 0)
(0.015685674 5.428711e-07 0)
(0.015685766 4.2544118e-07 0)
(0.015685843 3.311234e-07 0)
(0.015685905 2.5692129e-07 0)
(0.015685955 1.9925298e-07 0)
(0.015685996 1.5463467e-07 0)
(0.015686028 1.2003986e-07 0)
(0.015686053 9.3032018e-08 0)
(0.015686073 7.175638e-08 0)
(0.015686089 5.4857395e-08 0)
(0.015686101 4.1365254e-08 0)
(0.015686111 3.0583911e-08 0)
(0.015686118 2.2001222e-08 0)
(0.015686123 1.5224966e-08 0)
(0.015686127 9.9411267e-09 0)
(0.01568613 5.8785344e-09 0)
(0.015686132 2.8060862e-09 0)
(0.015686133 5.2691401e-10 0)
(0.015686134 -1.126193e-09 0)
(0.015686134 -2.2921241e-09 0)
(0.015686133 -3.0859892e-09 0)
(0.015686133 -3.5891763e-09 0)
(0.015686132 -3.8975754e-09 0)
(0.015686131 -4.0076826e-09 0)
(0.017397709 -0.00053565771 0)
(0.017382627 -0.00058911309 0)
(0.017388429 -0.00064090994 0)
(0.017397895 -0.00069017666 0)
(0.017402806 -0.00074022546 0)
(0.017401457 -0.00079043331 0)
(0.017394773 -0.00083700659 0)
(0.017382428 -0.00087614715 0)
(0.01736553 -0.00090584304 0)
(0.017343104 -0.00092432462 0)
(0.017311847 -0.00093046819 0)
(0.017276147 -0.00092423392 0)
(0.017238193 -0.00090609347 0)
(0.017198454 -0.00087693787 0)
(0.017158474 -0.00083810409 0)
(0.017119603 -0.00079127116 0)
(0.017082945 -0.00073834275 0)
(0.017049454 -0.00068136666 0)
(0.017020334 -0.00062230498 0)
(0.016995415 -0.00056278267 0)
(0.016975506 -0.00050450394 0)
(0.016964009 -0.00044941065 0)
(0.016958629 -0.00039918345 0)
(0.01695776 -0.00035468862 0)
(0.016961132 -0.00031558095 0)
(0.016968478 -0.00028165057 0)
(0.016978872 -0.00025387371 0)
(0.0169911 -0.00023263811 0)
(0.017003772 -0.00021709581 0)
(0.017016627 -0.00020624812 0)
(0.017029037 -0.00019880931 0)
(0.017039888 -0.00019489636 0)
(0.017048209 -0.00019332708 0)
(0.017053499 -0.00019196408 0)
(0.017055525 -0.00018958823 0)
(0.017053741 -0.0001874746 0)
(0.017047504 -0.00018605561 0)
(0.017036633 -0.00018283338 0)
(0.017021438 -0.0001766878 0)
(0.017002488 -0.00016714013 0)
(0.016980324 -0.00015459737 0)
(0.016955474 -0.00014000194 0)
(0.016928333 -0.00012390044 0)
(0.016899416 -0.00010640532 0)
(0.016869423 -8.7839457e-05 0)
(0.016838995 -6.8704137e-05 0)
(0.016808694 -4.956231e-05 0)
(0.016779061 -3.0946825e-05 0)
(0.016750544 -1.3269681e-05 0)
(0.016723474 3.0958769e-06 0)
(0.016698168 1.7868822e-05 0)
(0.01667489 3.0725906e-05 0)
(0.016653695 4.1279811e-05 0)
(0.01663444 4.9439714e-05 0)
(0.016617043 5.5442432e-05 0)
(0.016601431 5.9606701e-05 0)
(0.016587424 6.216729e-05 0)
(0.016574751 6.3279062e-05 0)
(0.016563113 6.3039057e-05 0)
(0.016552189 6.1546913e-05 0)
(0.016541655 5.9035574e-05 0)
(0.016531221 5.5764083e-05 0)
(0.016520664 5.1935676e-05 0)
(0.016509796 4.7712768e-05 0)
(0.016498428 4.328247e-05 0)
(0.016486385 3.8848066e-05 0)
(0.016473539 3.4574038e-05 0)
(0.016459823 3.0591542e-05 0)
(0.016445218 2.7012939e-05 0)
(0.016429744 2.3921339e-05 0)
(0.016413462 2.1371513e-05 0)
(0.016396469 1.9391207e-05 0)
(0.016378893 1.7977275e-05 0)
(0.016360883 1.7092968e-05 0)
(0.016342605 1.6669242e-05 0)
(0.016324226 1.6610883e-05 0)
(0.01630591 1.6806898e-05 0)
(0.0162878 1.7143088e-05 0)
(0.016270019 1.7511468e-05 0)
(0.016252669 1.7810474e-05 0)
(0.016235842 1.7957439e-05 0)
(0.016219599 1.792274e-05 0)
(0.016203964 1.769428e-05 0)
(0.016188936 1.7256197e-05 0)
(0.016174495 1.6592555e-05 0)
(0.0161606 1.569156e-05 0)
(0.016147193 1.4549362e-05 0)
(0.0161342 1.3173423e-05 0)
(0.01612154 1.1585792e-05 0)
(0.016109126 9.8222764e-06 0)
(0.016096863 7.9302606e-06 0)
(0.016084661 5.9630973e-06 0)
(0.016072436 3.98697e-06 0)
(0.016060117 2.0749523e-06 0)
(0.016047646 3.0106336e-07 0)
(0.016034982 -1.263719e-06 0)
(0.016022112 -2.5563571e-06 0)
(0.016009048 -3.5274583e-06 0)
(0.015995836 -4.1469288e-06 0)
(0.01598255 -4.4089089e-06 0)
(0.015969297 -4.3343438e-06 0)
(0.015956208 -3.9665077e-06 0)
(0.015943426 -3.3573963e-06 0)
(0.01593109 -2.5575478e-06 0)
(0.015919315 -1.6101857e-06 0)
(0.015908186 -5.5783121e-07 0)
(0.015897765 5.4789048e-07 0)
(0.015888093 1.6541293e-06 0)
(0.01587919 2.7185737e-06 0)
(0.015871059 3.7066418e-06 0)
(0.015863694 4.5891752e-06 0)
(0.015857089 5.347358e-06 0)
(0.015851224 5.9832784e-06 0)
(0.015846085 6.5213018e-06 0)
(0.015841715 7.0159875e-06 0)
(0.01583817 7.5058021e-06 0)
(0.015835465 7.8852756e-06 0)
(0.015833617 8.1136666e-06 0)
(0.015832589 8.3377622e-06 0)
(0.015832325 8.7019881e-06 0)
(0.015832857 8.9163235e-06 0)
(0.015834217 9.041399e-06 0)
(0.015836379 9.0517746e-06 0)
(0.015839264 8.8135831e-06 0)
(0.015842785 8.2002392e-06 0)
(0.015846875 7.0400942e-06 0)
(0.015851436 5.2288168e-06 0)
(0.015856343 2.7526101e-06 0)
(0.015861423 -3.7828932e-07 0)
(0.015866443 -4.1394411e-06 0)
(0.01587113 -8.4680786e-06 0)
(0.015875172 -1.3357387e-05 0)
(0.015878278 -1.8834495e-05 0)
(0.015880148 -2.4865258e-05 0)
(0.015880377 -3.1297172e-05 0)
(0.015878532 -3.7792443e-05 0)
(0.015874357 -4.388454e-05 0)
(0.015867836 -4.9164639e-05 0)
(0.015859079 -5.3376165e-05 0)
(0.015848208 -5.635521e-05 0)
(0.015835354 -5.7963644e-05 0)
(0.015820745 -5.8098157e-05 0)
(0.015804767 -5.6855749e-05 0)
(0.015787899 -5.4634978e-05 0)
(0.015770578 -5.1906543e-05 0)
(0.015753173 -4.9008001e-05 0)
(0.015736005 -4.6134551e-05 0)
(0.015719316 -4.3362042e-05 0)
(0.01570328 -4.0678123e-05 0)
(0.015688029 -3.8047007e-05 0)
(0.015673662 -3.5443338e-05 0)
(0.015660254 -3.2755772e-05 0)
(0.015647869 -2.9791882e-05 0)
(0.015636597 -2.6505646e-05 0)
(0.015626478 -2.3026419e-05 0)
(0.015617502 -1.9507395e-05 0)
(0.015609654 -1.6084711e-05 0)
(0.015602875 -1.2883135e-05 0)
(0.015597032 -9.9754934e-06 0)
(0.015592028 -7.3744457e-06 0)
(0.015587876 -5.0972138e-06 0)
(0.015584596 -3.1727224e-06 0)
(0.015582123 -1.5913877e-06 0)
(0.015580357 -2.9398191e-07 0)
(0.015579169 7.2283557e-07 0)
(0.015578424 1.2436961e-06 0)
(0.01557802 1.4447852e-06 0)
(0.015577871 1.5171292e-06 0)
(0.015577889 1.5197208e-06 0)
(0.015577994 1.4782902e-06 0)
(0.015578145 1.3665249e-06 0)
(0.015578331 1.1876923e-06 0)
(0.015578532 9.8919198e-07 0)
(0.015578727 7.9872647e-07 0)
(0.015578903 6.3034745e-07 0)
(0.015579057 4.8921e-07 0)
(0.015579185 3.7530651e-07 0)
(0.015579289 2.8599996e-07 0)
(0.015579372 2.174496e-07 0)
(0.015579438 1.6552505e-07 0)
(0.015579489 1.263976e-07 0)
(0.01557953 9.683874e-08 0)
(0.015579561 7.4308401e-08 0)
(0.015579586 5.6914377e-08 0)
(0.015579605 4.3304484e-08 0)
(0.01557962 3.2548836e-08 0)
(0.015579632 2.4017658e-08 0)
(0.015579641 1.7264832e-08 0)
(0.015579648 1.1955436e-08 0)
(0.015579653 7.8236029e-09 0)
(0.015579656 4.6537624e-09 0)
(0.015579658 2.2731637e-09 0)
(0.01557966 5.2968317e-10 0)
(0.01557966 -7.1135904e-10 0)
(0.01557966 -1.5641288e-09 0)
(0.01557966 -2.1223402e-09 0)
(0.01557966 -2.4551137e-09 0)
(0.015579659 -2.6279842e-09 0)
(0.015579658 -2.7028356e-09 0)
(0.015579657 -2.6267374e-09 0)
(0.01729547 -0.00049630371 0)
(0.017281599 -0.00058262547 0)
(0.017297435 -0.00064643949 0)
(0.017304861 -0.00069458507 0)
(0.017299684 -0.00074117829 0)
(0.017290752 -0.00078740478 0)
(0.017282191 -0.00082771004 0)
(0.017270196 -0.00085931305 0)
(0.017250778 -0.00088103555 0)
(0.017224529 -0.00089121692 0)
(0.01719352 -0.00088959933 0)
(0.017158734 -0.00087748011 0)
(0.01712039 -0.00085556511 0)
(0.017079308 -0.00082436019 0)
(0.017036683 -0.00078505663 0)
(0.016993641 -0.00073928032 0)
(0.016951202 -0.00068880226 0)
(0.016910264 -0.00063546181 0)
(0.016871593 -0.00058093558 0)
(0.016835767 -0.00052693037 0)
(0.016803215 -0.0004756229 0)
(0.016774105 -0.00042837736 0)
(0.016748648 -0.00038511852 0)
(0.016727145 -0.00034589015 0)
(0.016709506 -0.00031130912 0)
(0.016695382 -0.00028195958 0)
(0.016684349 -0.00025799958 0)
(0.016675742 -0.00023893359 0)
(0.016668672 -0.00022400051 0)
(0.016662201 -0.00021266579 0)
(0.016655518 -0.000204423 0)
(0.016647891 -0.00019806149 0)
(0.016638496 -0.00019192679 0)
(0.016626628 -0.00018636887 0)
(0.016612063 -0.00018135677 0)
(0.016594676 -0.00017581361 0)
(0.0165739 -0.00016833369 0)
(0.016549293 -0.00015819412 0)
(0.016521065 -0.00014578598 0)
(0.016489904 -0.00013117419 0)
(0.016456383 -0.00011462953 0)
(0.016421294 -9.6704355e-05 0)
(0.016385212 -7.7822424e-05 0)
(0.016348743 -5.850874e-05 0)
(0.016312672 -3.9239284e-05 0)
(0.016277699 -2.0381458e-05 0)
(0.016244253 -2.3350453e-06 0)
(0.01621278 1.4535506e-05 0)
(0.016183449 2.9899029e-05 0)
(0.016156167 4.3552672e-05 0)
(0.016131152 5.5325149e-05 0)
(0.016108753 6.5025226e-05 0)
(0.016088945 7.2616304e-05 0)
(0.016071439 7.8236073e-05 0)
(0.016055944 8.2079384e-05 0)
(0.016042161 8.4328186e-05 0)
(0.016029731 8.5151248e-05 0)
(0.016018278 8.4723622e-05 0)
(0.016007482 8.322813e-05 0)
(0.015997083 8.0857103e-05 0)
(0.015986841 7.7828045e-05 0)
(0.015976528 7.43671e-05 0)
(0.015965956 7.0682512e-05 0)
(0.015954979 6.6943257e-05 0)
(0.015943456 6.3281183e-05 0)
(0.01593125 5.9805766e-05 0)
(0.015918286 5.6607544e-05 0)
(0.015904573 5.3754126e-05 0)
(0.01589017 5.1286307e-05 0)
(0.015875175 4.9219078e-05 0)
(0.015859715 4.7546868e-05 0)
(0.015843944 4.6245043e-05 0)
(0.015828024 4.527119e-05 0)
(0.01581212 4.4568759e-05 0)
(0.015796386 4.4071667e-05 0)
(0.015780958 4.3709137e-05 0)
(0.015765938 4.3409962e-05 0)
(0.015751398 4.3104448e-05 0)
(0.015737368 4.2723598e-05 0)
(0.015723871 4.2202709e-05 0)
(0.015711006 4.1500635e-05 0)
(0.015698855 4.0608012e-05 0)
(0.015687388 3.952702e-05 0)
(0.01567653 3.8260288e-05 0)
(0.015666211 3.6812257e-05 0)
(0.015656358 3.519231e-05 0)
(0.015646897 3.3416685e-05 0)
(0.015637748 3.1510029e-05 0)
(0.015628833 2.950658e-05 0)
(0.015620076 2.7449454e-05 0)
(0.015611405 2.5384745e-05 0)
(0.015602755 2.3365664e-05 0)
(0.015594076 2.1445914e-05 0)
(0.015585334 1.9676327e-05 0)
(0.015576518 1.8101388e-05 0)
(0.015567637 1.6755322e-05 0)
(0.015558727 1.5657892e-05 0)
(0.015549846 1.4810444e-05 0)
(0.015541073 1.419276e-05 0)
(0.015532499 1.3762086e-05 0)
(0.015524226 1.3458074e-05 0)
(0.015516355 1.3220127e-05 0)
(0.015508985 1.301625e-05 0)
(0.015502217 1.2835192e-05 0)
(0.015496129 1.2677921e-05 0)
(0.015490735 1.2542956e-05 0)
(0.015486008 1.2420028e-05 0)
(0.015481923 1.2296468e-05 0)
(0.015478463 1.2163301e-05 0)
(0.015475612 1.2001617e-05 0)
(0.015473329 1.1795647e-05 0)
(0.015471568 1.1551764e-05 0)
(0.015470296 1.1270446e-05 0)
(0.015469501 1.0901719e-05 0)
(0.015469201 1.0253865e-05 0)
(0.015469424 9.4869587e-06 0)
(0.015470159 8.6844431e-06 0)
(0.015471362 7.9696721e-06 0)
(0.01547301 7.5260123e-06 0)
(0.015475137 7.0212949e-06 0)
(0.015477773 6.2714384e-06 0)
(0.015480904 5.3689968e-06 0)
(0.015484559 4.3274011e-06 0)
(0.015488722 3.1016019e-06 0)
(0.015493161 1.5936029e-06 0)
(0.015497689 -2.7933239e-07 0)
(0.015502256 -2.5532143e-06 0)
(0.015506724 -5.2012244e-06 0)
(0.015510886 -8.1649227e-06 0)
(0.015514562 -1.1356954e-05 0)
(0.015517406 -1.4683891e-05 0)
(0.015518961 -1.8087989e-05 0)
(0.015519009 -2.1550188e-05 0)
(0.015517461 -2.5038556e-05 0)
(0.015514118 -2.8438465e-05 0)
(0.015508753 -3.1516843e-05 0)
(0.015501279 -3.4027273e-05 0)
(0.015491781 -3.5706743e-05 0)
(0.015480478 -3.6453953e-05 0)
(0.015467663 -3.6308879e-05 0)
(0.015453691 -3.5403915e-05 0)
(0.01543898 -3.3918063e-05 0)
(0.015423972 -3.2065291e-05 0)
(0.015409049 -3.0066929e-05 0)
(0.015394462 -2.8082542e-05 0)
(0.015380348 -2.6176167e-05 0)
(0.015366771 -2.4339249e-05 0)
(0.015353757 -2.2529182e-05 0)
(0.015341325 -2.0700472e-05 0)
(0.01532952 -1.8825174e-05 0)
(0.015318393 -1.6898051e-05 0)
(0.015307981 -1.4917982e-05 0)
(0.015298341 -1.2890165e-05 0)
(0.015289559 -1.085265e-05 0)
(0.01528172 -8.8615292e-06 0)
(0.015274871 -6.9589648e-06 0)
(0.015269015 -5.1701427e-06 0)
(0.015264122 -3.5105744e-06 0)
(0.015260129 -2.0055529e-06 0)
(0.015256964 -8.169391e-07 0)
(0.015254551 -1.0839629e-08 0)
(0.015252787 5.5148624e-07 0)
(0.015251568 9.4003971e-07 0)
(0.015250825 1.1762991e-06 0)
(0.015250485 1.3396258e-06 0)
(0.015250432 1.4486604e-06 0)
(0.015250539 1.4528507e-06 0)
(0.015250736 1.4213938e-06 0)
(0.015250992 1.3357124e-06 0)
(0.015251287 1.1783651e-06 0)
(0.015251596 9.9010599e-07 0)
(0.015251891 8.0106109e-07 0)
(0.015252152 6.276743e-07 0)
(0.015252372 4.7951457e-07 0)
(0.015252551 3.5993238e-07 0)
(0.015252693 2.6749208e-07 0)
(0.015252804 1.9820954e-07 0)
(0.01525289 1.4728362e-07 0)
(0.015252955 1.1014714e-07 0)
(0.015253005 8.2996947e-08 0)
(0.015253043 6.2934012e-08 0)
(0.015253072 4.7874515e-08 0)
(0.015253095 3.6376468e-08 0)
(0.015253112 2.7464102e-08 0)
(0.015253126 2.0484361e-08 0)
(0.015253136 1.4997548e-08 0)
(0.015253144 1.0696317e-08 0)
(0.01525315 7.3518741e-09 0)
(0.015253154 4.7758247e-09 0)
(0.015253157 2.8219209e-09 0)
(0.015253159 1.4503353e-09 0)
(0.01525316 4.3089526e-10 0)
(0.01525316 -2.7755325e-10 0)
(0.01525316 -7.4032419e-10 0)
(0.01525316 -1.0099277e-09 0)
(0.015253159 -1.1562988e-09 0)
(0.015253158 -1.2103214e-09 0)
(0.015253157 -1.2014916e-09 0)
(0.015253156 -1.1482495e-09 0)
(0.015253155 -1.0402604e-09 0)
(0.016804905 -0.00046140977 0)
(0.016753649 -0.00057258194 0)
(0.016773342 -0.00064086781 0)
(0.016760585 -0.00068386951 0)
(0.016714861 -0.00072597368 0)
(0.01666492 -0.00077076365 0)
(0.016619288 -0.00080864255 0)
(0.016571284 -0.00082652656 0)
(0.016515274 -0.00083714787 0)
(0.016451121 -0.00083953493 0)
(0.016381172 -0.00083176736 0)
(0.016307056 -0.00081383465 0)
(0.016229587 -0.0007867305 0)
(0.016149819 -0.00075181599 0)
(0.016069262 -0.00071060837 0)
(0.015989478 -0.00066466676 0)
(0.015911836 -0.00061556424 0)
(0.015837482 -0.00056486536 0)
(0.015767356 -0.00051407698 0)
(0.015702204 -0.0004646375 0)
(0.015642471 -0.0004178855 0)
(0.015588167 -0.00037483641 0)
(0.015539039 -0.00033612992 0)
(0.015494819 -0.00030216828 0)
(0.015455167 -0.00027303444 0)
(0.015419528 -0.00024846833 0)
(0.015387099 -0.0002280915 0)
(0.015356924 -0.00021150987 0)
(0.015328066 -0.000198222 0)
(0.015299722 -0.00018755611 0)
(0.01527115 -0.0001786702 0)
(0.015241637 -0.00017067297 0)
(0.015210769 -0.00016264826 0)
(0.01517834 -0.0001537999 0)
(0.015144051 -0.00014369525 0)
(0.015107672 -0.00013230753 0)
(0.015069396 -0.00011962346 0)
(0.015029827 -0.00010545457 0)
(0.014989645 -8.974459e-05 0)
(0.014949424 -7.2658978e-05 0)
(0.014909756 -5.4596114e-05 0)
(0.014871332 -3.6099639e-05 0)
(0.014834548 -1.7703993e-05 0)
(0.014799832 7.1058686e-08 0)
(0.014768008 1.6846369e-05 0)
(0.014739413 3.2356567e-05 0)
(0.014713972 4.628796e-05 0)
(0.014691725 5.8672106e-05 0)
(0.014672742 7.0856861e-05 0)
(0.01465671 8.0792422e-05 0)
(0.014643225 8.7873853e-05 0)
(0.014632261 9.3186396e-05 0)
(0.014623765 9.6828549e-05 0)
(0.014617319 9.8757494e-05 0)
(0.014612413 9.9328546e-05 0)
(0.01460866 9.9081374e-05 0)
(0.014605742 9.8277439e-05 0)
(0.01460335 9.6983711e-05 0)
(0.014601204 9.5108667e-05 0)
(0.014599058 9.2660868e-05 0)
(0.014596713 8.9908702e-05 0)
(0.014594014 8.7011499e-05 0)
(0.014590859 8.4078287e-05 0)
(0.014587194 8.1197391e-05 0)
(0.014583005 7.8566053e-05 0)
(0.014578317 7.6284553e-05 0)
(0.014573196 7.4242534e-05 0)
(0.014567726 7.2389547e-05 0)
(0.014562004 7.0708937e-05 0)
(0.01455614 6.9178883e-05 0)
(0.014550261 6.7773553e-05 0)
(0.014544493 6.646712e-05 0)
(0.014538953 6.5234609e-05 0)
(0.014533747 6.405226e-05 0)
(0.014528959 6.28984e-05 0)
(0.014524653 6.175511e-05 0)
(0.014520869 6.061022e-05 0)
(0.014517628 5.9456183e-05 0)
(0.014514937 5.8264167e-05 0)
(0.014512791 5.6841858e-05 0)
(0.014511159 5.4899785e-05 0)
(0.014509982 5.2800367e-05 0)
(0.014509183 5.0675742e-05 0)
(0.014508689 4.8547372e-05 0)
(0.014508437 4.6408063e-05 0)
(0.014508361 4.4252151e-05 0)
(0.0145084 4.2083673e-05 0)
(0.014508499 3.9915805e-05 0)
(0.014508615 3.776889e-05 0)
(0.014508716 3.5668747e-05 0)
(0.014508778 3.3642897e-05 0)
(0.014508788 3.1714071e-05 0)
(0.014508749 2.989904e-05 0)
(0.014508677 2.8210542e-05 0)
(0.014508594 2.6656526e-05 0)
(0.014508535 2.5238323e-05 0)
(0.014508537 2.3949816e-05 0)
(0.014508648 2.2777574e-05 0)
(0.014508914 2.1700915e-05 0)
(0.014509377 2.0691607e-05 0)
(0.014510069 1.9713812e-05 0)
(0.014511005 1.8723588e-05 0)
(0.014512189 1.7671269e-05 0)
(0.014513624 1.653659e-05 0)
(0.014515309 1.5432071e-05 0)
(0.014517242 1.4483642e-05 0)
(0.014519412 1.3672994e-05 0)
(0.014521798 1.292368e-05 0)
(0.014524383 1.2194587e-05 0)
(0.014527168 1.1489841e-05 0)
(0.01453017 1.081624e-05 0)
(0.014533376 1.0098363e-05 0)
(0.014536728 9.309124e-06 0)
(0.014540159 8.392659e-06 0)
(0.014543593 7.3264469e-06 0)
(0.014546961 6.2406825e-06 0)
(0.014550231 5.1454269e-06 0)
(0.014553401 4.0160024e-06 0)
(0.014556563 2.8557625e-06 0)
(0.014559848 1.668268e-06 0)
(0.01456325 4.0820238e-07 0)
(0.01456667 -1.0085502e-06 0)
(0.014570013 -2.6512319e-06 0)
(0.014573138 -4.1242836e-06 0)
(0.014575863 -5.1739539e-06 0)
(0.014578055 -6.6358806e-06 0)
(0.01457963 -8.3946249e-06 0)
(0.014580473 -1.0302482e-05 0)
(0.014580442 -1.230691e-05 0)
(0.014579387 -1.4186776e-05 0)
(0.014577186 -1.5155424e-05 0)
(0.014573808 -1.5793298e-05 0)
(0.014569232 -1.6763659e-05 0)
(0.014563412 -1.7768591e-05 0)
(0.01455634 -1.8537657e-05 0)
(0.014548063 -1.8942822e-05 0)
(0.014538709 -1.892277e-05 0)
(0.014528498 -1.8477027e-05 0)
(0.014517715 -1.7657487e-05 0)
(0.01450666 -1.6543987e-05 0)
(0.014495608 -1.5219297e-05 0)
(0.014484794 -1.3761521e-05 0)
(0.014474395 -1.2251165e-05 0)
(0.01446452 -1.0771281e-05 0)
(0.014455214 -9.3892875e-06 0)
(0.01444648 -8.1378448e-06 0)
(0.014438306 -7.0096619e-06 0)
(0.014430682 -5.9753687e-06 0)
(0.014423604 -5.0529599e-06 0)
(0.014417084 -4.2695156e-06 0)
(0.014411141 -3.5961454e-06 0)
(0.014405789 -2.9847199e-06 0)
(0.014401048 -2.3859418e-06 0)
(0.014396935 -1.7761482e-06 0)
(0.014393458 -1.169725e-06 0)
(0.014390599 -6.0195716e-07 0)
(0.014388322 -1.0246779e-07 0)
(0.014386588 3.1243001e-07 0)
(0.01438537 6.2466602e-07 0)
(0.014384615 8.5130223e-07 0)
(0.014384206 1.0591358e-06 0)
(0.014384036 1.2427964e-06 0)
(0.014384049 1.2970694e-06 0)
(0.014384199 1.2900722e-06 0)
(0.014384441 1.2611018e-06 0)
(0.014384746 1.1682796e-06 0)
(0.014385085 1.0131704e-06 0)
(0.014385436 8.5297917e-07 0)
(0.014385786 7.080476e-07 0)
(0.014386115 5.8007029e-07 0)
(0.014386403 4.6608176e-07 0)
(0.01438664 3.6474102e-07 0)
(0.014386829 2.7845319e-07 0)
(0.014386975 2.0887786e-07 0)
(0.014387085 1.5514188e-07 0)
(0.014387166 1.1486483e-07 0)
(0.014387227 8.5210651e-08 0)
(0.014387271 6.3498017e-08 0)
(0.014387305 4.7527322e-08 0)
(0.01438733 3.5659879e-08 0)
(0.014387349 2.6740997e-08 0)
(0.014387364 1.9977709e-08 0)
(0.014387375 1.4830111e-08 0)
(0.014387383 1.0900046e-08 0)
(0.01438739 7.8241359e-09 0)
(0.014387395 5.4750498e-09 0)
(0.014387398 3.8081838e-09 0)
(0.0143874 2.6532177e-09 0)
(0.014387402 1.854298e-09 0)
(0.014387403 1.2287316e-09 0)
(0.014387403 7.0618693e-10 0)
(0.014387403 3.5951197e-10 0)
(0.014387403 1.5776106e-10 0)
(0.014387403 5.3560416e-11 0)
(0.014387402 1.0054976e-11 0)
(0.014387402 3.9789335e-12 0)
(0.014387401 2.5387755e-11 0)
(0.014387401 5.8207849e-11 0)
(0.0143874 1.1962669e-10 0)
(0.014387399 1.4611961e-10 0)
(0.015163888 -0.00038577883 0)
(0.015008648 -0.00048126389 0)
(0.015023091 -0.00053540778 0)
(0.014971459 -0.0005736047 0)
(0.014860331 -0.00061475857 0)
(0.014750529 -0.00065246398 0)
(0.01465415 -0.0006785594 0)
(0.014556317 -0.00069249917 0)
(0.014448535 -0.00069610966 0)
(0.01433185 -0.00069017925 0)
(0.014209877 -0.00067516839 0)
(0.014084892 -0.000652083 0)
(0.013958205 -0.00062227575 0)
(0.013831355 -0.00058712943 0)
(0.013706209 -0.00054802621 0)
(0.013584515 -0.00050636709 0)
(0.013467665 -0.00046352307 0)
(0.013356708 -0.00042076537 0)
(0.013252386 -0.00037926718 0)
(0.013155158 -0.0003400641 0)
(0.013065142 -0.00030397785 0)
(0.012982075 -0.00027152828 0)
(0.012905418 -0.00024288824 0)
(0.012834509 -0.00021798377 0)
(0.01276862 -0.0001966045 0)
(0.012706981 -0.00017842556 0)
(0.012648831 -0.00016301776 0)
(0.012593439 -0.00014986326 0)
(0.012540118 -0.00013838865 0)
(0.012488267 -0.00012803394 0)
(0.012437414 -0.00011828874 0)
(0.012387305 -0.00010865464 0)
(0.012337958 -9.8660189e-05 0)
(0.012289469 -8.8089724e-05 0)
(0.0122419 -7.6962776e-05 0)
(0.012195651 -6.5203146e-05 0)
(0.012151494 -5.2681254e-05 0)
(0.012110174 -3.942092e-05 0)
(0.012072361 -2.5625881e-05 0)
(0.012038409 -1.1576882e-05 0)
(0.0120084 2.2651467e-06 0)
(0.011982517 1.5772317e-05 0)
(0.01196072 2.9660643e-05 0)
(0.01194274 4.0770015e-05 0)
(0.011929079 5.0768992e-05 0)
(0.011919979 6.0554718e-05 0)
(0.011915062 6.9170731e-05 0)
(0.011913664 7.6333997e-05 0)
(0.011915452 8.2258817e-05 0)
(0.011920265 8.8045821e-05 0)
(0.011927532 9.2049298e-05 0)
(0.011936712 9.3841788e-05 0)
(0.011947425 9.4693745e-05 0)
(0.011959253 9.499024e-05 0)
(0.011971797 9.471878e-05 0)
(0.011984775 9.3926608e-05 0)
(0.011998021 9.270154e-05 0)
(0.012011418 9.1131401e-05 0)
(0.012024837 8.9291661e-05 0)
(0.012038138 8.7254592e-05 0)
(0.012051214 8.5102314e-05 0)
(0.012064017 8.2901018e-05 0)
(0.012076541 8.0701524e-05 0)
(0.012088799 7.8540616e-05 0)
(0.012100835 7.6438212e-05 0)
(0.012112727 7.4383828e-05 0)
(0.012124548 7.2381313e-05 0)
(0.012136339 7.046415e-05 0)
(0.012148125 6.8626652e-05 0)
(0.012159934 6.6832367e-05 0)
(0.012171794 6.506118e-05 0)
(0.012183728 6.3297635e-05 0)
(0.012195749 6.1530058e-05 0)
(0.012207867 5.974964e-05 0)
(0.012220081 5.7949673e-05 0)
(0.012232388 5.6124303e-05 0)
(0.012244779 5.4265317e-05 0)
(0.012257244 5.2356075e-05 0)
(0.012269773 5.0367187e-05 0)
(0.012282323 4.8275512e-05 0)
(0.01229477 4.6120901e-05 0)
(0.012306995 4.3969153e-05 0)
(0.012318955 4.1837595e-05 0)
(0.012330641 3.9702734e-05 0)
(0.012342041 3.7581772e-05 0)
(0.012353135 3.5482897e-05 0)
(0.012363904 3.3401585e-05 0)
(0.012374337 3.1331677e-05 0)
(0.01238443 2.9276635e-05 0)
(0.012394183 2.7252126e-05 0)
(0.012403579 2.527368e-05 0)
(0.012412597 2.3357631e-05 0)
(0.012421228 2.1524908e-05 0)
(0.012429481 1.9797638e-05 0)
(0.012437375 1.8192799e-05 0)
(0.012444929 1.6718126e-05 0)
(0.012452168 1.5371189e-05 0)
(0.012459114 1.4140843e-05 0)
(0.01246579 1.3009758e-05 0)
(0.012472213 1.195698e-05 0)
(0.012478392 1.0960472e-05 0)
(0.012484326 9.9999747e-06 0)
(0.012490001 9.0603567e-06 0)
(0.012495387 8.1351244e-06 0)
(0.01250047 7.2312149e-06 0)
(0.012505277 6.3668769e-06 0)
(0.012509855 5.5575393e-06 0)
(0.012514229 4.7985008e-06 0)
(0.012518404 4.0474771e-06 0)
(0.012522375 3.2280476e-06 0)
(0.012526153 2.3422815e-06 0)
(0.012529736 1.5888658e-06 0)
(0.012533083 9.8842982e-07 0)
(0.012536151 4.8138747e-07 0)
(0.01253888 1.9286015e-08 0)
(0.012541235 -4.5423734e-07 0)
(0.012543219 -9.2645524e-07 0)
(0.012544829 -1.4109367e-06 0)
(0.012546062 -2.0809169e-06 0)
(0.012546919 -2.9423892e-06 0)
(0.012547374 -3.8127109e-06 0)
(0.012547376 -4.6051186e-06 0)
(0.01254684 -5.1590633e-06 0)
(0.012545739 -5.3560147e-06 0)
(0.012544193 -5.4935144e-06 0)
(0.012542247 -5.6432361e-06 0)
(0.012539786 -5.9086291e-06 0)
(0.012536719 -6.1886741e-06 0)
(0.012533025 -6.3703964e-06 0)
(0.012528711 -6.4201843e-06 0)
(0.012523951 -6.3697091e-06 0)
(0.012518965 -6.2727809e-06 0)
(0.012513753 -6.1381949e-06 0)
(0.01250823 -5.9593642e-06 0)
(0.01250243 -5.7263842e-06 0)
(0.012496461 -5.4257298e-06 0)
(0.012490445 -5.0644215e-06 0)
(0.012484511 -4.6466779e-06 0)
(0.012478783 -4.1747114e-06 0)
(0.01247336 -3.662261e-06 0)
(0.012468314 -3.1311232e-06 0)
(0.012463693 -2.6059651e-06 0)
(0.012459522 -2.1113438e-06 0)
(0.012455801 -1.6682319e-06 0)
(0.012452509 -1.288907e-06 0)
(0.012449612 -9.7410756e-07 0)
(0.012447075 -7.1474793e-07 0)
(0.012444874 -4.9728912e-07 0)
(0.012442987 -3.123243e-07 0)
(0.012441381 -1.5417606e-07 0)
(0.01244002 -1.5529663e-08 0)
(0.012438877 1.1824318e-07 0)
(0.012437939 2.5148954e-07 0)
(0.012437205 3.8098065e-07 0)
(0.012436675 5.009711e-07 0)
(0.012436339 6.145162e-07 0)
(0.012436178 7.3910262e-07 0)
(0.012436165 8.3629041e-07 0)
(0.012436272 8.6061658e-07 0)
(0.012436467 8.5879101e-07 0)
(0.012436724 8.3068808e-07 0)
(0.012437039 7.6837745e-07 0)
(0.012437388 6.9568572e-07 0)
(0.012437738 6.2425342e-07 0)
(0.012438079 5.5974601e-07 0)
(0.012438405 4.98656e-07 0)
(0.012438697 4.3631868e-07 0)
(0.012438945 3.7622035e-07 0)
(0.012439151 3.1884567e-07 0)
(0.012439322 2.6310183e-07 0)
(0.01243946 2.1130255e-07 0)
(0.012439569 1.6617461e-07 0)
(0.012439653 1.2857382e-07 0)
(0.012439716 9.8136136e-08 0)
(0.012439762 7.4077166e-08 0)
(0.012439797 5.544867e-08 0)
(0.012439822 4.1257948e-08 0)
(0.012439841 3.0579425e-08 0)
(0.012439855 2.2615102e-08 0)
(0.012439866 1.6709832e-08 0)
(0.012439874 1.2345765e-08 0)
(0.01243988 9.1259814e-09 0)
(0.012439884 6.7526139e-09 0)
(0.012439887 5.0027094e-09 0)
(0.01243989 3.7084523e-09 0)
(0.012439891 2.7512299e-09 0)
(0.012439893 2.0502146e-09 0)
(0.012439893 1.5451924e-09 0)
(0.012439894 1.1858495e-09 0)
(0.012439894 9.3094765e-10 0)
(0.012439894 7.5446316e-10 0)
(0.012439894 6.3415151e-10 0)
(0.012439894 5.5567443e-10 0)
(0.012439894 5.0436162e-10 0)
(0.012439894 4.7681387e-10 0)
(0.012439894 4.6798651e-10 0)
(0.012439894 4.6808012e-10 0)
(0.012439894 4.6941823e-10 0)
(0.012439894 4.8828519e-10 0)
(0.012439894 4.7347309e-10 0)
(0.011521586 -0.00014123963 0)
(0.011323451 -0.00030052121 0)
(0.011383427 -0.0003704286 0)
(0.01131369 -0.00043417983 0)
(0.011153458 -0.00048877127 0)
(0.010999941 -0.00051918339 0)
(0.01086226 -0.00052893659 0)
(0.010715205 -0.00052650618 0)
(0.010550261 -0.00051629938 0)
(0.010373904 -0.00049905804 0)
(0.010193259 -0.00047549395 0)
(0.010011938 -0.00044714059 0)
(0.0098322295 -0.00041557022 0)
(0.0096566384 -0.00038201669 0)
(0.009487643 -0.00034749994 0)
(0.0093271724 -0.00031293905 0)
(0.0091764768 -0.00027914749 0)
(0.0090362084 -0.00024675178 0)
(0.0089062978 -0.00021618952 0)
(0.0087865915 -0.00018775716 0)
(0.0086768464 -0.00016168502 0)
(0.0085765665 -0.0001381219 0)
(0.0084850183 -0.00011713347 0)
(0.0084013645 -9.8732342e-05 0)
(0.008324775 -8.2857709e-05 0)
(0.0082544758 -6.9331716e-05 0)
(0.0081897741 -5.7875104e-05 0)
(0.0081300921 -4.8156045e-05 0)
(0.0080749841 -3.9840148e-05 0)
(0.0080241492 -3.2606692e-05 0)
(0.0079773912 -2.6161381e-05 0)
(0.0079345984 -2.0406176e-05 0)
(0.0078958485 -1.4488776e-05 0)
(0.0078611373 -7.8239007e-06 0)
(0.0078302899 -1.0824538e-06 0)
(0.0078036328 4.3925145e-06 0)
(0.0077816148 9.1631843e-06 0)
(0.0077642239 1.341579e-05 0)
(0.0077515577 1.7558109e-05 0)
(0.0077437373 2.330075e-05 0)
(0.0077404957 2.9742071e-05 0)
(0.0077417967 3.6182919e-05 0)
(0.0077478375 4.3190605e-05 0)
(0.0077580537 4.8199971e-05 0)
(0.0077719664 5.1306848e-05 0)
(0.0077891544 5.3758141e-05 0)
(0.0078092346 5.6356341e-05 0)
(0.0078318051 5.9013172e-05 0)
(0.0078565243 6.1443445e-05 0)
(0.00788326 6.3203757e-05 0)
(0.0079116543 6.4125276e-05 0)
(0.0079411034 6.4337524e-05 0)
(0.0079711011 6.3995225e-05 0)
(0.0080014229 6.3192112e-05 0)
(0.0080319106 6.2030767e-05 0)
(0.0080623948 6.0625614e-05 0)
(0.0080927266 5.9052879e-05 0)
(0.0081227849 5.7343061e-05 0)
(0.008152463 5.5502767e-05 0)
(0.0081816675 5.3540428e-05 0)
(0.0082103287 5.1482902e-05 0)
(0.0082384036 4.9364039e-05 0)
(0.0082658667 4.7217139e-05 0)
(0.0082927055 4.5075357e-05 0)
(0.0083189208 4.2976465e-05 0)
(0.00834452 4.0951671e-05 0)
(0.0083695089 3.9014319e-05 0)
(0.0083938962 3.7168438e-05 0)
(0.0084176954 3.5407579e-05 0)
(0.008440913 3.371673e-05 0)
(0.0084635463 3.2081626e-05 0)
(0.0084855879 3.049367e-05 0)
(0.0085070274 2.8948706e-05 0)
(0.0085278522 2.7443889e-05 0)
(0.0085480479 2.5975918e-05 0)
(0.0085675993 2.4541099e-05 0)
(0.0085864905 2.3135603e-05 0)
(0.0086047036 2.1754746e-05 0)
(0.0086222145 2.0390941e-05 0)
(0.0086389877 1.9031355e-05 0)
(0.0086549856 1.7671961e-05 0)
(0.0086701932 1.6341086e-05 0)
(0.0086846178 1.5056986e-05 0)
(0.0086982648 1.3819789e-05 0)
(0.0087111361 1.2626911e-05 0)
(0.0087232381 1.1474264e-05 0)
(0.0087345795 1.0353984e-05 0)
(0.0087451665 9.2587865e-06 0)
(0.0087550052 8.193796e-06 0)
(0.0087641169 7.202e-06 0)
(0.0087725233 6.3511426e-06 0)
(0.0087802438 5.6248046e-06 0)
(0.0087873149 4.989633e-06 0)
(0.0087937815 4.425991e-06 0)
(0.0087996905 3.9249675e-06 0)
(0.0088050897 3.4813701e-06 0)
(0.0088100255 3.0896488e-06 0)
(0.0088145399 2.7423899e-06 0)
(0.0088186689 2.4305715e-06 0)
(0.0088224414 2.1456764e-06 0)
(0.008825879 1.8805422e-06 0)
(0.0088289958 1.6296142e-06 0)
(0.0088317996 1.3890265e-06 0)
(0.0088342941 1.1582908e-06 0)
(0.0088364837 9.4172091e-07 0)
(0.0088383826 7.4277661e-07 0)
(0.0088400137 5.6856271e-07 0)
(0.0088413978 4.171666e-07 0)
(0.0088425464 2.8300553e-07 0)
(0.008843449 1.6105205e-07 0)
(0.008844083 5.3102031e-08 0)
(0.0088444633 -3.1080044e-08 0)
(0.00884464 -8.6755318e-08 0)
(0.0088446555 -1.2415052e-07 0)
(0.0088445251 -1.3840515e-07 0)
(0.0088442507 -1.4970764e-07 0)
(0.0088438344 -1.7140075e-07 0)
(0.0088432806 -2.0747909e-07 0)
(0.008842563 -2.6477466e-07 0)
(0.0088416204 -3.3204879e-07 0)
(0.0088404154 -3.9041108e-07 0)
(0.0088389689 -4.3084347e-07 0)
(0.0088373459 -4.5107726e-07 0)
(0.0088356408 -4.5125807e-07 0)
(0.0088339152 -4.478566e-07 0)
(0.0088321648 -4.8656133e-07 0)
(0.0088303496 -5.5868253e-07 0)
(0.0088284456 -6.4662658e-07 0)
(0.0088264658 -7.4241154e-07 0)
(0.0088244442 -8.2713717e-07 0)
(0.0088224247 -8.7059069e-07 0)
(0.0088204397 -9.0119177e-07 0)
(0.0088184941 -9.5458691e-07 0)
(0.0088165877 -1.0161038e-06 0)
(0.008814733 -1.0631472e-06 0)
(0.0088129509 -1.0826966e-06 0)
(0.0088112639 -1.0681651e-06 0)
(0.0088096938 -1.0169315e-06 0)
(0.0088082614 -9.3059171e-07 0)
(0.0088069848 -8.1517097e-07 0)
(0.0088058757 -6.8019658e-07 0)
(0.0088049378 -5.3722165e-07 0)
(0.0088041662 -3.9835833e-07 0)
(0.0088035484 -2.7433608e-07 0)
(0.0088030656 -1.7216265e-07 0)
(0.0088026969 -9.3765154e-08 0)
(0.0088024222 -3.5803698e-08 0)
(0.0088022241 4.3127413e-09 0)
(0.0088020907 2.9955696e-08 0)
(0.0088020127 4.4377885e-08 0)
(0.0088019794 5.461348e-08 0)
(0.0088019843 6.8411598e-08 0)
(0.0088020264 8.554437e-08 0)
(0.0088021055 1.0725189e-07 0)
(0.0088022199 1.3515934e-07 0)
(0.0088023679 1.6684205e-07 0)
(0.0088025512 1.9815332e-07 0)
(0.0088027672 2.2444183e-07 0)
(0.0088029994 2.4460884e-07 0)
(0.0088032335 2.6048618e-07 0)
(0.0088034645 2.7323043e-07 0)
(0.0088036868 2.7967982e-07 0)
(0.0088038941 2.7511266e-07 0)
(0.0088040843 2.6375417e-07 0)
(0.008804259 2.4874485e-07 0)
(0.0088044181 2.2749982e-07 0)
(0.0088045594 2.0031232e-07 0)
(0.0088046815 1.7209044e-07 0)
(0.008804785 1.4531786e-07 0)
(0.0088048708 1.2045994e-07 0)
(0.0088049403 9.7975715e-08 0)
(0.0088049951 7.8197151e-08 0)
(0.0088050375 6.1270809e-08 0)
(0.0088050698 4.7241546e-08 0)
(0.0088050943 3.5962143e-08 0)
(0.0088051125 2.7114503e-08 0)
(0.0088051261 2.030965e-08 0)
(0.0088051362 1.5154052e-08 0)
(0.0088051436 1.1286912e-08 0)
(0.0088051491 8.4025514e-09 0)
(0.0088051532 6.2567652e-09 0)
(0.0088051563 4.6615395e-09 0)
(0.0088051586 3.4751247e-09 0)
(0.0088051603 2.5904819e-09 0)
(0.0088051615 1.9274304e-09 0)
(0.0088051625 1.4369623e-09 0)
(0.0088051632 1.086455e-09 0)
(0.0088051637 8.3906356e-10 0)
(0.0088051641 6.604625e-10 0)
(0.0088051645 5.2532352e-10 0)
(0.0088051647 4.2228361e-10 0)
(0.008805165 3.4928028e-10 0)
(0.0088051652 3.0065287e-10 0)
(0.0088051653 2.6941321e-10 0)
(0.0088051655 2.5034662e-10 0)
(0.0088051656 2.3950205e-10 0)
(0.0088051658 2.3466659e-10 0)
(0.008805166 2.3343366e-10 0)
(0.0088051661 2.3771405e-10 0)
(0.0088051664 2.4128506e-10 0)
(0.0054478895 0.00038382285 0)
(0.0057995766 8.4706561e-05 0)
(0.0060292783 -4.8929857e-05 0)
(0.0057966303 -0.00014615214 0)
(0.0054633904 -0.00020619748 0)
(0.0051925849 -0.00022383489 0)
(0.0049558805 -0.00021596624 0)
(0.0047136985 -0.00019820787 0)
(0.0044687017 -0.0001764507 0)
(0.0042360259 -0.00015209784 0)
(0.0040217966 -0.00012738927 0)
(0.0038255986 -0.00010428933 0)
(0.0036465241 -8.3516318e-05 0)
(0.003484645 -6.5056876e-05 0)
(0.0033400729 -4.8780827e-05 0)
(0.0032123763 -3.4631729e-05 0)
(0.0031007031 -2.2300567e-05 0)
(0.0030041824 -1.0365609e-05 0)
(0.002922208 6.2441921e-08 0)
(0.0028536284 7.8162544e-06 0)
(0.0027967257 1.3499447e-05 0)
(0.0027500558 1.7480402e-05 0)
(0.002712289 2.0031052e-05 0)
(0.0026820916 2.1388651e-05 0)
(0.0026581966 2.1766688e-05 0)
(0.0026394707 2.1365589e-05 0)
(0.0026248834 2.0340491e-05 0)
(0.0026135382 1.8830582e-05 0)
(0.0026047151 1.6979471e-05 0)
(0.0025978589 1.4930684e-05 0)
(0.0025925547 1.2821141e-05 0)
(0.0025884981 1.0803504e-05 0)
(0.0025858398 9.1477864e-06 0)
(0.0025849191 7.7864076e-06 0)
(0.0025858136 6.7643475e-06 0)
(0.0025883509 6.0241306e-06 0)
(0.002592302 5.8758976e-06 0)
(0.002597617 6.1711797e-06 0)
(0.0026043435 6.3344525e-06 0)
(0.002612738 6.3209342e-06 0)
(0.0026231388 6.2417164e-06 0)
(0.0026357088 6.1628882e-06 0)
(0.002650574 6.0969368e-06 0)
(0.0026673681 6.083876e-06 0)
(0.0026855387 6.2918979e-06 0)
(0.0027047441 6.6698584e-06 0)
(0.0027249927 6.980373e-06 0)
(0.0027462951 7.1005586e-06 0)
(0.0027685412 7.0426089e-06 0)
(0.002791522 6.8624372e-06 0)
(0.0028149343 6.5251667e-06 0)
(0.0028384487 6.0618996e-06 0)
(0.0028618036 5.5570802e-06 0)
(0.0028848237 5.0378608e-06 0)
(0.0029073694 4.5062857e-06 0)
(0.0029293291 3.9689201e-06 0)
(0.0029506241 3.4317298e-06 0)
(0.0029711971 2.8993451e-06 0)
(0.0029910007 2.3781015e-06 0)
(0.0030099949 1.8776537e-06 0)
(0.0030281506 1.4098607e-06 0)
(0.0030454538 9.8369337e-07 0)
(0.0030619059 6.0423903e-07 0)
(0.003077519 2.7432653e-07 0)
(0.0030923158 -6.0881551e-09 0)
(0.0031063338 -2.390453e-07 0)
(0.0031196167 -4.2601269e-07 0)
(0.0031322091 -5.6865234e-07 0)
(0.003144156 -6.6982469e-07 0)
(0.0031554979 -7.3331073e-07 0)
(0.0031662686 -7.6231116e-07 0)
(0.0031764965 -7.5988433e-07 0)
(0.0031862074 -7.2905896e-07 0)
(0.0031954254 -6.7279893e-07 0)
(0.0032041721 -5.9423605e-07 0)
(0.003212467 -4.9681608e-07 0)
(0.0032203271 -3.8444828e-07 0)
(0.0032277664 -2.6175853e-07 0)
(0.0032347944 -1.3410587e-07 0)
(0.0032414155 -6.6039585e-09 0)
(0.003247631 1.188939e-07 0)
(0.0032534448 2.4379232e-07 0)
(0.0032588691 3.6668467e-07 0)
(0.0032639191 4.846097e-07 0)
(0.0032686074 5.9695786e-07 0)
(0.0032729459 7.028098e-07 0)
(0.0032769435 7.9989161e-07 0)
(0.0032806051 8.8517286e-07 0)
(0.0032839338 9.5524683e-07 0)
(0.0032869416 1.0081765e-06 0)
(0.0032896586 1.0440668e-06 0)
(0.0032921221 1.0625948e-06 0)
(0.0032943608 1.065234e-06 0)
(0.0032963949 1.0561161e-06 0)
(0.0032982421 1.0404908e-06 0)
(0.0032999202 1.0227463e-06 0)
(0.003301447 1.0056579e-06 0)
(0.00330284 9.9054625e-07 0)
(0.0033041135 9.7769916e-07 0)
(0.0033052786 9.6613517e-07 0)
(0.0033063436 9.5451338e-07 0)
(0.0033073143 9.4121583e-07 0)
(0.0033081952 9.250005e-07 0)
(0.0033089895 9.061112e-07 0)
(0.0033096992 8.8468459e-07 0)
(0.0033103279 8.6096137e-07 0)
(0.0033108819 8.3442723e-07 0)
(0.0033113692 8.0497025e-07 0)
(0.0033117945 7.7008967e-07 0)
(0.0033121599 7.2726257e-07 0)
(0.0033124664 6.7982549e-07 0)
(0.0033127207 6.3761662e-07 0)
(0.0033129349 6.0219818e-07 0)
(0.00331312 5.69414e-07 0)
(0.0033132846 5.3392168e-07 0)
(0.0033134317 4.9405992e-07 0)
(0.0033135581 4.4954215e-07 0)
(0.0033136554 3.9342785e-07 0)
(0.0033137092 3.1803594e-07 0)
(0.0033137108 2.2438959e-07 0)
(0.0033136608 1.275488e-07 0)
(0.0033135613 4.4776021e-08 0)
(0.0033134168 -1.0774798e-08 0)
(0.0033132451 -4.2133919e-08 0)
(0.0033130605 -6.4596578e-08 0)
(0.0033128589 -8.703957e-08 0)
(0.0033126277 -1.1442646e-07 0)
(0.0033123572 -1.4331017e-07 0)
(0.0033120439 -1.6882613e-07 0)
(0.0033116922 -1.8821046e-07 0)
(0.0033113135 -2.0061213e-07 0)
(0.0033109166 -2.103938e-07 0)
(0.0033105011 -2.1986782e-07 0)
(0.003310064 -2.2761056e-07 0)
(0.0033096084 -2.327704e-07 0)
(0.0033091432 -2.3456808e-07 0)
(0.0033086807 -2.321882e-07 0)
(0.0033082342 -2.2480788e-07 0)
(0.0033078174 -2.1182012e-07 0)
(0.0033074425 -1.9347766e-07 0)
(0.0033071189 -1.7082049e-07 0)
(0.0033068521 -1.4539247e-07 0)
(0.0033066427 -1.190136e-07 0)
(0.0033064872 -9.3444629e-08 0)
(0.0033063788 -7.014551e-08 0)
(0.0033063088 -4.9512639e-08 0)
(0.0033062695 -3.1180985e-08 0)
(0.0033062543 -1.4082264e-08 0)
(0.0033062561 2.7275845e-09 0)
(0.0033062687 1.8312368e-08 0)
(0.0033062898 3.2340438e-08 0)
(0.0033063199 4.5035813e-08 0)
(0.0033063606 5.6946974e-08 0)
(0.0033064133 6.8505953e-08 0)
(0.0033064799 7.9522779e-08 0)
(0.0033065616 8.9530905e-08 0)
(0.003306659 9.815886e-08 0)
(0.0033067705 1.0300558e-07 0)
(0.0033068922 1.0226044e-07 0)
(0.0033070199 9.7941683e-08 0)
(0.0033071507 9.0976874e-08 0)
(0.0033072813 8.2187716e-08 0)
(0.0033074078 7.3349911e-08 0)
(0.0033075273 6.5540174e-08 0)
(0.0033076384 5.8811601e-08 0)
(0.0033077402 5.2594309e-08 0)
(0.0033078312 4.6574043e-08 0)
(0.0033079106 4.077792e-08 0)
(0.0033079788 3.5127912e-08 0)
(0.0033080362 2.9603149e-08 0)
(0.0033080837 2.43751e-08 0)
(0.0033081221 1.964656e-08 0)
(0.0033081526 1.5534124e-08 0)
(0.0033081764 1.2072639e-08 0)
(0.0033081947 9.2399921e-09 0)
(0.0033082086 6.9779962e-09 0)
(0.003308219 5.2096146e-09 0)
(0.0033082269 3.8518858e-09 0)
(0.0033082327 2.8250352e-09 0)
(0.003308237 2.0578719e-09 0)
(0.0033082402 1.4901868e-09 0)
(0.0033082426 1.0731239e-09 0)
(0.0033082443 7.6832277e-10 0)
(0.0033082456 5.4627505e-10 0)
(0.0033082466 3.846768e-10 0)
(0.0033082473 2.6757191e-10 0)
(0.0033082478 1.8323507e-10 0)
(0.0033082482 1.2275062e-10 0)
(0.0033082485 7.9810039e-11 0)
(0.0033082487 4.9621494e-11 0)
(0.0033082489 2.8814418e-11 0)
(0.003308249 1.5072119e-11 0)
(0.0033082491 6.4117209e-12 0)
(0.0033082492 1.3938382e-12 0)
(0.0033082493 -6.8648315e-13 0)
(0.0033082494 -4.2811637e-13 0)
(0.0033082495 1.0697746e-12 0)
(0.0033082496 4.4098788e-12 0)
(0.0033082496 5.3832081e-12 0)
(0.0033082498 2.2789365e-11 0)
)
;

boundaryField
{
    inlet
    {
        type            fixedValue;
        value           uniform (0.014084 0 0);
    }
    outlet
    {
        type            zeroGradient;
    }
    wall
    {
        type            noSlip;
    }
    cylinder
    {
        type            noSlip;
    }
    frontAndBack
    {
        type            empty;
    }
}


// ************************************************************************* //
