/*--------------------------------*- C++ -*----------------------------------*\
  =========                 |
  \\      /  F ield         | OpenFOAM: The Open Source CFD Toolbox
   \\    /   O peration     | Website:  https://openfoam.org
    \\  /    A nd           | Version:  13
     \\/     M anipulation  |
\*---------------------------------------------------------------------------*/
FoamFile
{
    format      ascii;
    class       volScalarField;
    location    "28";
    object      p;
}
// * * * * * * * * * * * * * * * * * * * * * * * * * * * * * * * * * * * * * //

dimensions      [0 2 -2 0 0 0 0];

internalField   nonuniform List<scalar> 
10500
(
1.4725786e-05
1.3485677e-05
1.2538153e-05
1.2010742e-05
1.1638351e-05
1.1289308e-05
1.0948847e-05
1.0621456e-05
1.0306618e-05
9.9995486e-06
9.7117225e-06
9.4627682e-06
9.2556055e-06
9.0822502e-06
8.9332092e-06
8.8022427e-06
8.6867327e-06
8.5847557e-06
8.4938432e-06
8.4121213e-06
8.33889e-06
8.2731293e-06
8.2127975e-06
8.1557621e-06
8.1000406e-06
8.0442602e-06
7.9884563e-06
7.9319156e-06
7.8675706e-06
7.6069623e-06
1.2163059e-05
1.1952817e-05
1.1680516e-05
1.1443765e-05
1.1217168e-05
1.0977034e-05
1.0728989e-05
1.0479774e-05
1.0232371e-05
9.9895119e-06
9.7589002e-06
9.5506415e-06
9.3691806e-06
9.2113739e-06
9.0738702e-06
8.9526231e-06
8.8420363e-06
8.7378298e-06
8.6373927e-06
8.5421459e-06
8.4565008e-06
8.3817901e-06
8.3156354e-06
8.2556006e-06
8.201086e-06
8.1524483e-06
8.11192e-06
8.0767696e-06
8.0761991e-06
7.9751107e-06
1.1494071e-05
1.1443213e-05
1.1308338e-05
1.1131429e-05
1.0945759e-05
1.0756514e-05
1.0562042e-05
1.0364922e-05
1.0166732e-05
9.9728323e-06
9.7905054e-06
9.6293735e-06
9.4827785e-06
9.3411157e-06
9.2092658e-06
9.0897784e-06
8.9797294e-06
8.8769311e-06
8.7812051e-06
8.6931835e-06
8.6142891e-06
8.5445754e-06
8.4832549e-06
8.4298847e-06
8.3856589e-06
8.3524979e-06
8.3338886e-06
8.3325085e-06
8.3708306e-06
8.3734502e-06
1.0947239e-05
1.0915866e-05
1.0838202e-05
1.073109e-05
1.0611277e-05
1.0483509e-05
1.0347911e-05
1.0206462e-05
1.0062346e-05
9.9191178e-06
9.7796579e-06
9.6457865e-06
9.5173031e-06
9.3934261e-06
9.2814312e-06
9.1792167e-06
9.0779027e-06
8.9800596e-06
8.8908681e-06
8.8113274e-06
8.7401482e-06
8.6789633e-06
8.6251417e-06
8.5756512e-06
8.5334698e-06
8.5016263e-06
8.48214e-06
8.4758741e-06
8.4855879e-06
8.5055596e-06
1.0588856e-05
1.057352e-05
1.0530305e-05
1.0463902e-05
1.0382326e-05
1.0290032e-05
1.018911e-05
1.0081698e-05
9.9703275e-06
9.8573716e-06
9.7447998e-06
9.6343373e-06
9.5275159e-06
9.4251216e-06
9.3278796e-06
9.2354605e-06
9.1470965e-06
9.063568e-06
8.9857963e-06
8.9141887e-06
8.8479373e-06
8.7870708e-06
8.7315701e-06
8.6814291e-06
8.6372235e-06
8.6000149e-06
8.5705777e-06
8.5470801e-06
8.5270624e-06
8.5091785e-06
1.0324273e-05
1.0313789e-05
1.0284403e-05
1.0238207e-05
1.0179711e-05
1.0111914e-05
1.0036535e-05
9.9551369e-06
9.8694609e-06
9.7812196e-06
9.6919348e-06
9.6029016e-06
9.5151435e-06
9.4293509e-06
9.3460267e-06
9.2657708e-06
9.1888958e-06
9.1155089e-06
9.0458047e-06
8.9800703e-06
8.9184401e-06
8.8610302e-06
8.8079647e-06
8.7591596e-06
8.7144119e-06
8.6734455e-06
8.6355114e-06
8.5996082e-06
8.563327e-06
8.530746e-06
1.0124357e-05
1.0116919e-05
1.009611e-05
1.006308e-05
1.0020464e-05
9.9699977e-06
9.9128015e-06
9.8500162e-06
9.7829208e-06
9.712779e-06
9.640729e-06
9.5677622e-06
9.4947303e-06
9.4223526e-06
9.3512303e-06
9.2818595e-06
9.2145768e-06
9.1496189e-06
9.0872359e-06
9.0276684e-06
8.9710591e-06
8.9174301e-06
8.8667187e-06
8.8187653e-06
8.7733169e-06
8.7300327e-06
8.6883633e-06
8.6478326e-06
8.6063586e-06
8.5680658e-06
9.9704734e-06
9.9649047e-06
9.9493543e-06
9.9245391e-06
9.8921672e-06
9.8533162e-06
9.8087188e-06
9.7591903e-06
9.7056603e-06
9.6490528e-06
9.5902184e-06
9.5299272e-06
9.4688715e-06
9.4076596e-06
9.3468104e-06
9.2867578e-06
9.22786e-06
9.170411e-06
9.1146526e-06
9.0607716e-06
9.0088882e-06
8.9590511e-06
8.9112427e-06
8.8653774e-06
8.8212866e-06
8.7787179e-06
8.737264e-06
8.6965958e-06
8.6553201e-06
8.6166958e-06
9.8510515e-06
9.8467233e-06
9.8346574e-06
9.8153527e-06
9.7900122e-06
9.7593411e-06
9.7238069e-06
9.6839711e-06
9.6405024e-06
9.5940796e-06
9.5453421e-06
9.494886e-06
9.4432641e-06
9.3909797e-06
9.3384814e-06
9.2861619e-06
9.2343602e-06
9.1833615e-06
9.1334004e-06
9.0846634e-06
9.0372881e-06
8.9913592e-06
8.9469062e-06
8.9039017e-06
8.8622579e-06
8.8218335e-06
8.7823984e-06
8.7438101e-06
8.7052598e-06
8.669177e-06
9.7584132e-06
9.7549365e-06
9.745256e-06
9.7297408e-06
9.709287e-06
9.6843804e-06
9.6553237e-06
9.6225095e-06
9.5864282e-06
9.5475885e-06
9.5064791e-06
9.4635666e-06
9.4192959e-06
9.3740841e-06
9.3283144e-06
9.2823328e-06
9.2364467e-06
9.1909251e-06
9.1459991e-06
9.1018621e-06
9.0586696e-06
9.0165374e-06
8.9755423e-06
8.9357222e-06
8.8970773e-06
8.8595775e-06
8.8231424e-06
8.7877608e-06
8.752997e-06
8.7205996e-06
9.6872853e-06
9.6844021e-06
9.6763816e-06
9.6635115e-06
9.6464935e-06
9.6256808e-06
9.6012763e-06
9.5735617e-06
9.5429055e-06
9.5096975e-06
9.474319e-06
9.4371415e-06
9.398528e-06
9.3588274e-06
9.318369e-06
9.2774587e-06
9.236377e-06
9.1953785e-06
9.1546908e-06
9.1145147e-06
9.0750237e-06
9.0363643e-06
8.9986571e-06
8.9619983e-06
8.9264612e-06
8.8921028e-06
8.8589527e-06
8.8270914e-06
8.7963387e-06
8.7679281e-06
9.6339918e-06
9.6315214e-06
9.6246539e-06
9.6136242e-06
9.5990082e-06
9.5810764e-06
9.5599703e-06
9.5359001e-06
9.5091528e-06
9.4800378e-06
9.448862e-06
9.4159305e-06
9.3815473e-06
9.3460114e-06
9.3096116e-06
9.272623e-06
9.2353052e-06
9.197901e-06
9.1606355e-06
9.123716e-06
9.0873319e-06
9.0516555e-06
9.016843e-06
8.9830368e-06
8.9503672e-06
8.9189583e-06
8.8889227e-06
8.860409e-06
8.8334205e-06
8.8088103e-06
9.5959768e-06
9.5937848e-06
9.5876946e-06
9.5779073e-06
9.5649175e-06
9.5489451e-06
9.5300944e-06
9.508531e-06
9.4844894e-06
9.4582263e-06
9.4299998e-06
9.40007e-06
9.3687009e-06
9.3361568e-06
9.3026981e-06
9.268578e-06
9.2340409e-06
9.1993214e-06
9.1646431e-06
9.1302188e-06
9.0962501e-06
9.0629292e-06
9.0304393e-06
8.9989574e-06
8.9686563e-06
8.9397093e-06
8.9122893e-06
8.8865953e-06
8.8627608e-06
8.8413719e-06
9.5715157e-06
9.5694962e-06
9.563887e-06
9.5548691e-06
9.5428885e-06
9.5281357e-06
9.5106939e-06
9.4907024e-06
9.4683648e-06
9.4439063e-06
9.4175549e-06
9.3895435e-06
9.3601113e-06
9.329501e-06
9.2979552e-06
9.2657133e-06
9.2330102e-06
9.2000753e-06
9.1671315e-06
9.1343954e-06
9.1020775e-06
9.0703828e-06
9.0395131e-06
9.0096681e-06
8.9810491e-06
8.9538618e-06
8.9283191e-06
8.904654e-06
8.8830858e-06
8.8640307e-06
9.559541e-06
9.557604e-06
9.5522249e-06
9.5435753e-06
9.5320783e-06
9.5179109e-06
9.5011467e-06
9.481913e-06
9.460399e-06
9.4368149e-06
9.411375e-06
9.3842991e-06
9.3558145e-06
9.3261537e-06
9.2955507e-06
9.2642382e-06
9.2324466e-06
9.2004029e-06
9.1683297e-06
9.1364456e-06
9.1049653e-06
9.0741008e-06
9.0440627e-06
9.0150626e-06
8.9873154e-06
8.9610436e-06
8.9364795e-06
8.9138738e-06
8.8934879e-06
8.8756551e-06
9.5595416e-06
9.5576045e-06
9.5522254e-06
9.5435759e-06
9.5320789e-06
9.5179115e-06
9.5011473e-06
9.4819137e-06
9.4603997e-06
9.4368156e-06
9.4113757e-06
9.3842998e-06
9.3558152e-06
9.3261545e-06
9.2955515e-06
9.264239e-06
9.2324475e-06
9.2004038e-06
9.1683307e-06
9.1364467e-06
9.1049665e-06
9.0741021e-06
9.0440641e-06
9.015064e-06
8.987317e-06
8.9610452e-06
8.9364813e-06
8.9138757e-06
8.8934899e-06
8.8756572e-06
9.5715175e-06
9.569498e-06
9.5638887e-06
9.5548709e-06
9.5428903e-06
9.5281376e-06
9.5106957e-06
9.4907043e-06
9.4683667e-06
9.4439082e-06
9.4175569e-06
9.3895456e-06
9.3601135e-06
9.3295033e-06
9.2979576e-06
9.2657158e-06
9.2330129e-06
9.2000781e-06
9.1671346e-06
9.1343987e-06
9.102081e-06
9.0703866e-06
9.039517e-06
9.0096724e-06
8.9810536e-06
8.9538667e-06
8.9283242e-06
8.9046595e-06
8.8830916e-06
8.8640368e-06
9.5959797e-06
9.5937877e-06
9.5876975e-06
9.5779103e-06
9.5649205e-06
9.5489481e-06
9.5300975e-06
9.5085341e-06
9.4844925e-06
9.4582296e-06
9.4300032e-06
9.4000735e-06
9.3687045e-06
9.3361606e-06
9.302702e-06
9.2685821e-06
9.2340454e-06
9.1993261e-06
9.1646482e-06
9.1302241e-06
9.0962559e-06
9.0629353e-06
9.0304458e-06
8.9989643e-06
8.9686637e-06
8.9397172e-06
8.9122976e-06
8.8866041e-06
8.8627702e-06
8.8413818e-06
9.6339958e-06
9.6315254e-06
9.6246579e-06
9.6136283e-06
9.5990123e-06
9.5810805e-06
9.5599745e-06
9.5359044e-06
9.5091572e-06
9.4800423e-06
9.4488667e-06
9.4159354e-06
9.3815523e-06
9.3460166e-06
9.3096171e-06
9.2726288e-06
9.2353113e-06
9.1979075e-06
9.1606425e-06
9.1237234e-06
9.0873398e-06
9.0516638e-06
9.0168519e-06
8.9830462e-06
8.9503772e-06
8.918969e-06
8.8889339e-06
8.860421e-06
8.8334332e-06
8.8088238e-06
9.6872903e-06
9.6844072e-06
9.6763867e-06
9.6635166e-06
9.6464987e-06
9.6256861e-06
9.6012817e-06
9.5735672e-06
9.5429111e-06
9.5097033e-06
9.4743249e-06
9.4371477e-06
9.3985344e-06
9.3588341e-06
9.3183761e-06
9.2774661e-06
9.2363848e-06
9.1953867e-06
9.1546995e-06
9.114524e-06
9.0750334e-06
9.0363746e-06
8.9986681e-06
8.96201e-06
8.9264736e-06
8.8921159e-06
8.8589666e-06
8.8271062e-06
8.7963544e-06
8.7679448e-06
9.7584193e-06
9.7549426e-06
9.7452621e-06
9.7297469e-06
9.7092933e-06
9.6843867e-06
9.6553302e-06
9.6225161e-06
9.586435e-06
9.5475955e-06
9.5064863e-06
9.4635741e-06
9.4193037e-06
9.3740922e-06
9.3283229e-06
9.2823416e-06
9.236456e-06
9.1909349e-06
9.1460094e-06
9.1018731e-06
9.0586811e-06
9.0165497e-06
8.9755552e-06
8.9357358e-06
8.8970918e-06
8.8595928e-06
8.8231587e-06
8.7877781e-06
8.7530154e-06
8.7206192e-06
9.8510585e-06
9.8467303e-06
9.8346644e-06
9.8153598e-06
9.7900193e-06
9.7593484e-06
9.7238143e-06
9.6839787e-06
9.6405103e-06
9.5940877e-06
9.5453504e-06
9.4948946e-06
9.443273e-06
9.3909891e-06
9.3384911e-06
9.2861721e-06
9.2343709e-06
9.1833728e-06
9.1334122e-06
9.0846758e-06
9.0373012e-06
8.9913731e-06
8.9469209e-06
8.9039172e-06
8.8622743e-06
8.8218508e-06
8.7824168e-06
8.7438297e-06
8.7052806e-06
8.6691991e-06
9.9704813e-06
9.9649126e-06
9.9493622e-06
9.9245471e-06
9.8921753e-06
9.8533244e-06
9.8087272e-06
9.7591988e-06
9.7056691e-06
9.6490619e-06
9.5902277e-06
9.5299368e-06
9.4688815e-06
9.40767e-06
9.3468213e-06
9.2867692e-06
9.2278719e-06
9.1704236e-06
9.1146658e-06
9.0607854e-06
9.0089028e-06
8.9590665e-06
8.9112589e-06
8.8653945e-06
8.8213048e-06
8.7787371e-06
8.7372843e-06
8.6966174e-06
8.6553429e-06
8.6167199e-06
1.0124366e-05
1.0116928e-05
1.0096119e-05
1.0063089e-05
1.0020473e-05
9.9700067e-06
9.9128107e-06
9.8500256e-06
9.7829304e-06
9.7127888e-06
9.6407392e-06
9.5677727e-06
9.4947412e-06
9.4223639e-06
9.3512421e-06
9.2818719e-06
9.2145898e-06
9.1496326e-06
9.0872503e-06
9.0276835e-06
8.971075e-06
8.9174469e-06
8.8667363e-06
8.8187839e-06
8.7733365e-06
8.7300535e-06
8.6883852e-06
8.6478558e-06
8.606383e-06
8.5680915e-06
1.0324283e-05
1.0313798e-05
1.0284413e-05
1.0238216e-05
1.017972e-05
1.0111924e-05
1.0036545e-05
9.9551469e-06
9.8694712e-06
9.7812301e-06
9.6919457e-06
9.6029129e-06
9.5151552e-06
9.4293631e-06
9.3460395e-06
9.2657841e-06
9.1889098e-06
9.1155236e-06
9.0458201e-06
8.9800864e-06
8.9184572e-06
8.8610481e-06
8.8079836e-06
8.7591794e-06
8.7144329e-06
8.6734676e-06
8.6355347e-06
8.5996327e-06
8.5633528e-06
8.530773e-06
1.0588866e-05
1.057353e-05
1.0530315e-05
1.0463912e-05
1.0382336e-05
1.0290042e-05
1.0189121e-05
1.0081708e-05
9.9703384e-06
9.8573828e-06
9.7448114e-06
9.6343493e-06
9.5275284e-06
9.4251345e-06
9.3278931e-06
9.2354746e-06
9.1471112e-06
9.0635835e-06
8.9858126e-06
8.9142058e-06
8.8479552e-06
8.7870897e-06
8.73159e-06
8.6814501e-06
8.6372456e-06
8.6000381e-06
8.570602e-06
8.5471058e-06
8.5270894e-06
8.5092068e-06
1.0947249e-05
1.0915877e-05
1.0838212e-05
1.07311e-05
1.0611288e-05
1.0483519e-05
1.0347922e-05
1.0206473e-05
1.0062357e-05
9.9191296e-06
9.77967e-06
9.6457991e-06
9.5173161e-06
9.3934397e-06
9.2814453e-06
9.1792313e-06
9.0779182e-06
8.9800758e-06
8.890885e-06
8.8113451e-06
8.7401669e-06
8.678983e-06
8.6251623e-06
8.575673e-06
8.5334927e-06
8.5016504e-06
8.4821653e-06
8.4759007e-06
8.4856158e-06
8.5055889e-06
1.1494082e-05
1.1443224e-05
1.1308349e-05
1.113144e-05
1.0945771e-05
1.0756526e-05
1.0562053e-05
1.0364934e-05
1.0166744e-05
9.9728446e-06
9.7905181e-06
9.6293866e-06
9.482792e-06
9.3411296e-06
9.2092803e-06
9.0897935e-06
8.9797452e-06
8.8769477e-06
8.7812225e-06
8.6932017e-06
8.6143083e-06
8.5445957e-06
8.4832762e-06
8.4299071e-06
8.3856825e-06
8.3525227e-06
8.3339147e-06
8.332536e-06
8.3708595e-06
8.3734806e-06
1.216307e-05
1.1952828e-05
1.1680527e-05
1.1443776e-05
1.121718e-05
1.0977046e-05
1.0729e-05
1.0479786e-05
1.0232383e-05
9.9895245e-06
9.7589132e-06
9.5506549e-06
9.3691945e-06
9.2113883e-06
9.0738851e-06
8.9526386e-06
8.8420523e-06
8.7378466e-06
8.6374104e-06
8.5421644e-06
8.4565202e-06
8.3818106e-06
8.315657e-06
8.2556233e-06
8.2011099e-06
8.1524735e-06
8.1119465e-06
8.0767975e-06
8.0762285e-06
7.9751417e-06
1.4725798e-05
1.3485689e-05
1.2538165e-05
1.2010753e-05
1.1638363e-05
1.128932e-05
1.0948859e-05
1.0621468e-05
1.030663e-05
9.9995614e-06
9.7117357e-06
9.4627818e-06
9.2556196e-06
9.0822647e-06
8.9332243e-06
8.8022584e-06
8.6867491e-06
8.5847729e-06
8.4938612e-06
8.4121403e-06
8.3389098e-06
8.2731502e-06
8.2128195e-06
8.1557851e-06
8.1000648e-06
8.0442855e-06
7.9884829e-06
7.9319435e-06
7.8675999e-06
7.6069929e-06
9.4947928e-06
8.4198898e-06
7.8722599e-06
7.6107202e-06
7.4350832e-06
7.275371e-06
7.116998e-06
6.9587086e-06
6.7960366e-06
6.6242448e-06
6.443266e-06
6.2525003e-06
6.052871e-06
5.8462618e-06
5.635463e-06
5.4242295e-06
5.2156379e-06
5.0154029e-06
4.8263629e-06
4.651615e-06
4.493603e-06
4.3536133e-06
4.2318958e-06
4.1278577e-06
4.0400594e-06
3.9661841e-06
3.9030157e-06
3.8507571e-06
3.7912655e-06
3.5020738e-06
9.2477259e-06
8.1091338e-06
7.6400594e-06
7.5032e-06
7.3706853e-06
7.216011e-06
7.0601499e-06
6.9046733e-06
6.7454681e-06
6.5808285e-06
6.4058532e-06
6.2213583e-06
6.0289546e-06
5.8304298e-06
5.6283334e-06
5.4259464e-06
5.2275887e-06
5.0355338e-06
4.8535054e-06
4.6844942e-06
4.5304707e-06
4.3927758e-06
4.2718245e-06
4.1672765e-06
4.0780838e-06
4.0026223e-06
3.9381064e-06
3.8844845e-06
3.8302292e-06
3.3993889e-06
9.0033154e-06
7.9868229e-06
7.5439299e-06
7.4606724e-06
7.3422532e-06
7.1833038e-06
7.0276386e-06
6.8767201e-06
6.7210086e-06
6.5547577e-06
6.3810577e-06
6.1997349e-06
6.0111717e-06
5.8171973e-06
5.6203864e-06
5.4237816e-06
5.2306185e-06
5.04394e-06
4.8674409e-06
4.7030013e-06
4.5526656e-06
4.4177012e-06
4.2985346e-06
4.1949324e-06
4.1060383e-06
4.0305111e-06
3.966851e-06
3.9139721e-06
3.8944772e-06
3.4217512e-06
8.7939695e-06
7.9161343e-06
7.4673624e-06
7.4093284e-06
7.3110165e-06
7.1529863e-06
6.9970225e-06
6.8479477e-06
6.6931763e-06
6.5297335e-06
6.3579303e-06
6.1788042e-06
5.9930465e-06
5.8024286e-06
5.609475e-06
5.417128e-06
5.2284768e-06
5.0466416e-06
4.8744165e-06
4.7140728e-06
4.5673685e-06
4.4354391e-06
4.3187249e-06
4.2170852e-06
4.129898e-06
4.0560598e-06
3.9954221e-06
3.9392106e-06
3.9400071e-06
3.5073172e-06
8.5681372e-06
7.8501519e-06
7.4167018e-06
7.3651164e-06
7.2848158e-06
7.1308628e-06
6.9740138e-06
6.8259598e-06
6.6727825e-06
6.5096973e-06
6.3380401e-06
6.1593946e-06
5.974687e-06
5.7856268e-06
5.594756e-06
5.4050233e-06
5.2194851e-06
5.0410938e-06
4.8724826e-06
4.7158368e-06
4.5727311e-06
4.4441726e-06
4.3305761e-06
4.2318363e-06
4.1475307e-06
4.0765475e-06
4.0204504e-06
3.9638364e-06
3.9774351e-06
3.6300407e-06
8.3375574e-06
7.7783678e-06
7.3891246e-06
7.3383058e-06
7.2671733e-06
7.1171772e-06
6.9591333e-06
6.8108577e-06
6.6578908e-06
6.493939e-06
6.3210382e-06
6.1413147e-06
5.9559046e-06
5.7665603e-06
5.5759319e-06
5.3870663e-06
5.2030416e-06
5.0267517e-06
4.8607543e-06
4.7071152e-06
4.5672787e-06
4.4421209e-06
4.3319925e-06
4.2367547e-06
4.1561165e-06
4.0887983e-06
4.037805e-06
3.9847304e-06
4.0049039e-06
3.7457023e-06
8.1302186e-06
7.7118009e-06
7.3867196e-06
7.3268083e-06
7.2548962e-06
7.1086293e-06
6.9505962e-06
6.8013578e-06
6.6473858e-06
6.4816111e-06
6.3062886e-06
6.124064e-06
5.9363522e-06
5.7450485e-06
5.5529733e-06
5.3633344e-06
5.1792993e-06
5.0037836e-06
4.8393028e-06
4.6878198e-06
4.5507072e-06
4.428692e-06
4.3220305e-06
4.230501e-06
4.1538501e-06
4.090614e-06
4.0444463e-06
3.997295e-06
4.0178325e-06
3.8327362e-06
7.9688111e-06
7.659487e-06
7.3999272e-06
7.3249e-06
7.2450716e-06
7.1031629e-06
6.9469307e-06
6.7962473e-06
6.6400782e-06
6.4715436e-06
6.2928182e-06
6.106904e-06
5.9155551e-06
5.7208899e-06
5.5259382e-06
5.334107e-06
5.1487052e-06
4.9727183e-06
4.8086591e-06
4.658438e-06
4.5233147e-06
4.4039549e-06
4.3004584e-06
4.2124959e-06
4.1397527e-06
4.080641e-06
4.0386037e-06
3.9980698e-06
4.0144912e-06
3.8862774e-06
7.8588357e-06
7.6248224e-06
7.4164841e-06
7.329144e-06
7.239352e-06
7.1009631e-06
6.9468912e-06
6.7940974e-06
6.6345866e-06
6.4624474e-06
6.2795488e-06
6.0890186e-06
5.8929764e-06
5.6938318e-06
5.4948496e-06
5.2996546e-06
5.1117276e-06
4.9341563e-06
4.7694849e-06
4.6195993e-06
4.48569e-06
4.3682965e-06
4.2674386e-06
4.182638e-06
4.1134393e-06
4.0581949e-06
4.0195492e-06
3.9851808e-06
3.9959373e-06
3.9121327e-06
7.7885312e-06
7.6045158e-06
7.4331886e-06
7.3370689e-06
7.237674e-06
7.1011477e-06
6.9486426e-06
6.7932282e-06
6.6296179e-06
6.45319e-06
6.2654894e-06
6.0696158e-06
5.8680522e-06
5.6635484e-06
5.459621e-06
5.260116e-06
5.0686991e-06
4.8885798e-06
4.7223551e-06
4.5719059e-06
4.4383726e-06
4.3222079e-06
4.2233099e-06
4.1410819e-06
4.074892e-06
4.0230821e-06
3.9871461e-06
3.9582754e-06
3.9623511e-06
3.9106677e-06
7.7449044e-06
7.5944938e-06
7.4485816e-06
7.3464445e-06
7.238961e-06
7.1028252e-06
6.9509182e-06
6.7924853e-06
6.6242501e-06
6.4429036e-06
6.2498039e-06
6.0479666e-06
5.8402061e-06
5.6296314e-06
5.4200199e-06
5.2154342e-06
5.019725e-06
4.8362311e-06
4.6676131e-06
4.5157591e-06
4.3817729e-06
4.266038e-06
4.1683547e-06
4.0880199e-06
4.0242057e-06
3.9752813e-06
3.9417255e-06
3.9164248e-06
3.9192072e-06
3.8877467e-06
7.7222536e-06
7.593565e-06
7.4635735e-06
7.3567072e-06
7.2425545e-06
7.1055681e-06
6.9531155e-06
6.791141e-06
6.6177764e-06
6.4308836e-06
6.2317767e-06
6.023395e-06
5.8088408e-06
5.5915781e-06
5.3756494e-06
5.1653277e-06
4.9646405e-06
4.7770535e-06
4.6052929e-06
4.4512593e-06
4.3160287e-06
4.1999272e-06
4.102673e-06
4.0234757e-06
3.9613519e-06
3.9146881e-06
3.8833343e-06
3.8620936e-06
3.8638383e-06
3.8444736e-06
7.7124172e-06
7.5972871e-06
7.4775356e-06
7.367123e-06
7.2476102e-06
7.1088622e-06
6.95469e-06
6.7886271e-06
6.6096166e-06
6.4165304e-06
6.2107694e-06
5.995242e-06
5.7733066e-06
5.5487667e-06
5.3259308e-06
5.1092757e-06
4.9029942e-06
4.7106691e-06
4.5350873e-06
4.3781605e-06
4.2409395e-06
4.1237019e-06
4.0260961e-06
3.9472594e-06
3.8860759e-06
3.8409354e-06
3.8111112e-06
3.792812e-06
3.7921792e-06
3.7849156e-06
7.7102286e-06
7.603865e-06
7.4909411e-06
7.3778819e-06
7.2538581e-06
7.1125029e-06
6.9554461e-06
6.7845543e-06
6.5992779e-06
6.3992842e-06
6.1861426e-06
5.962797e-06
5.7328455e-06
5.5004134e-06
5.2700725e-06
5.0464972e-06
4.8340328e-06
4.6363652e-06
4.456331e-06
4.2958456e-06
4.1559322e-06
4.0368226e-06
3.9381061e-06
3.858862e-06
3.7978722e-06
3.7535264e-06
3.7246459e-06
3.7083889e-06
3.706851e-06
3.7075667e-06
7.7149882e-06
7.614047e-06
7.504992e-06
7.3894295e-06
7.2611496e-06
7.116269e-06
6.9551449e-06
6.7785423e-06
6.5862448e-06
6.3785234e-06
6.1571641e-06
5.9252168e-06
5.6865223e-06
5.4455126e-06
5.207019e-06
4.9759089e-06
4.7566667e-06
4.5530649e-06
4.3679737e-06
4.2032993e-06
4.0600283e-06
3.9383442e-06
3.8377827e-06
3.7573764e-06
3.6958346e-06
3.651547e-06
3.6230477e-06
3.6080845e-06
3.6065189e-06
3.6124918e-06
7.7269642e-06
7.6284831e-06
7.5204978e-06
7.4020409e-06
7.2693623e-06
7.1199911e-06
6.953568e-06
6.770211e-06
6.5699467e-06
6.3535096e-06
6.122934e-06
5.881445e-06
5.6331419e-06
5.3827559e-06
5.1353749e-06
4.8960548e-06
4.6694065e-06
4.45927e-06
4.2685282e-06
4.0990584e-06
3.9517953e-06
3.8268645e-06
3.7237478e-06
3.6414371e-06
3.5785933e-06
3.5336073e-06
3.5048493e-06
3.4904014e-06
3.4889071e-06
3.4983315e-06
7.7459307e-06
7.6474387e-06
7.5382049e-06
7.4161832e-06
7.2786045e-06
7.1236133e-06
6.950507e-06
6.7591134e-06
6.5496724e-06
6.3232913e-06
6.0822798e-06
5.8301005e-06
5.5711367e-06
5.3104204e-06
5.0532952e-06
4.805002e-06
4.5702648e-06
4.3529691e-06
4.1559841e-06
3.9811317e-06
3.8292708e-06
3.7004514e-06
3.5940925e-06
3.5091459e-06
3.4442418e-06
3.3977774e-06
3.368045e-06
3.3533176e-06
3.3516177e-06
3.3630211e-06
7.771828e-06
7.6714449e-06
7.5591548e-06
7.4325846e-06
7.2891181e-06
7.1270677e-06
6.9456309e-06
6.7446007e-06
6.5244345e-06
6.2865661e-06
6.0336101e-06
5.7693252e-06
5.4984119e-06
5.2262135e-06
4.9583325e-06
4.7001914e-06
4.4566125e-06
4.2315012e-06
4.0276804e-06
3.8468808e-06
3.6898511e-06
3.5565369e-06
3.4462762e-06
3.3579733e-06
3.290237e-06
3.2414797e-06
3.2099752e-06
3.194117e-06
3.191682e-06
3.203774e-06
7.8053881e-06
7.7015353e-06
7.5845794e-06
7.4520264e-06
7.3011e-06
7.1301165e-06
6.9383303e-06
6.7256534e-06
6.4927841e-06
6.2414796e-06
5.9747008e-06
5.6965609e-06
5.4121172e-06
5.1270435e-06
4.847209e-06
4.5782142e-06
4.3249629e-06
4.0913496e-06
3.8801107e-06
3.6928389e-06
3.5301247e-06
3.3917657e-06
3.2769858e-06
3.1846233e-06
3.1132682e-06
3.0613573e-06
3.0271913e-06
3.0092567e-06
3.0053251e-06
3.0168646e-06
7.8481536e-06
7.7391306e-06
7.6156871e-06
7.4751369e-06
7.3145178e-06
7.1321726e-06
6.9275009e-06
6.7006219e-06
6.4525194e-06
6.185312e-06
5.9023644e-06
5.608206e-06
5.308297e-06
5.0086686e-06
4.7154685e-06
4.4344715e-06
4.1706417e-06
3.9278256e-06
3.7086225e-06
3.5144289e-06
3.3456142e-06
3.2017648e-06
3.081934e-06
2.9848543e-06
2.9090828e-06
2.8530927e-06
2.8152604e-06
2.7941794e-06
2.7877823e-06
2.797488e-06
7.9023667e-06
7.7859657e-06
7.6535919e-06
7.5022618e-06
7.3289242e-06
7.1320307e-06
6.911194e-06
6.6668116e-06
6.4002241e-06
6.1139824e-06
5.8119285e-06
5.4990753e-06
5.1813384e-06
4.8651404e-06
4.5569227e-06
4.2626305e-06
3.9872625e-06
3.7345694e-06
3.5069466e-06
3.305518e-06
3.1303551e-06
2.9807572e-06
2.8555271e-06
2.753211e-06
2.6722726e-06
2.6111992e-06
2.5684989e-06
2.5429659e-06
2.5329097e-06
2.5395659e-06
7.9705167e-06
7.8436167e-06
7.698847e-06
7.5329412e-06
7.34284e-06
7.1271929e-06
6.8859002e-06
6.6197265e-06
6.3304704e-06
6.021214e-06
5.696366e-06
5.3615009e-06
5.0230497e-06
4.6878666e-06
4.362705e-06
4.0536785e-06
3.7657965e-06
3.5026609e-06
3.266376e-06
3.0576731e-06
2.876201e-06
2.7208776e-06
2.5901917e-06
2.4824146e-06
2.3958062e-06
2.3287109e-06
2.279676e-06
2.2478274e-06
2.2321795e-06
2.2342588e-06
8.0565284e-06
7.914577e-06
7.7522363e-06
7.566258e-06
7.3536852e-06
7.1134313e-06
6.8457994e-06
6.5520641e-06
6.2346191e-06
5.8971977e-06
5.5448768e-06
5.1838747e-06
4.8211995e-06
4.4641733e-06
4.1198691e-06
3.7945472e-06
3.4931919e-06
3.2192197e-06
2.9743962e-06
2.7589415e-06
2.5718462e-06
2.4113843e-06
2.2755921e-06
2.1625079e-06
2.0702341e-06
1.996827e-06
1.940401e-06
1.9000536e-06
1.8757042e-06
1.8713929e-06
8.1601478e-06
7.9962808e-06
7.8089951e-06
7.5955273e-06
7.3529316e-06
7.0804284e-06
6.7788931e-06
6.4502908e-06
6.0977611e-06
5.7258155e-06
5.3403091e-06
4.9481967e-06
4.5571403e-06
4.1749901e-06
3.8091671e-06
3.4660423e-06
3.1504243e-06
2.8653849e-06
2.6123182e-06
2.3911544e-06
2.2002969e-06
2.0371222e-06
1.898172e-06
1.7813787e-06
1.6844165e-06
1.6052191e-06
1.5421501e-06
1.4932723e-06
1.4585053e-06
1.4443152e-06
8.2948792e-06
8.0979343e-06
7.8729245e-06
7.619417e-06
7.3344648e-06
7.0175038e-06
6.670193e-06
6.2954635e-06
5.8974227e-06
5.4815175e-06
5.0544858e-06
4.6240933e-06
4.1987022e-06
3.7867224e-06
3.3959941e-06
3.0333737e-06
2.7035521e-06
2.4088046e-06
2.1491607e-06
1.9237008e-06
1.7308144e-06
1.5693476e-06
1.4338612e-06
1.3195641e-06
1.2214341e-06
1.1347466e-06
1.0610403e-06
1.0026547e-06
9.6482751e-07
9.4506334e-07
8.4188807e-06
8.1712074e-06
7.893984e-06
7.5850858e-06
7.2426314e-06
6.8672022e-06
6.4613941e-06
6.0291517e-06
5.5756006e-06
5.1071063e-06
4.6312134e-06
4.1564921e-06
3.6919717e-06
3.2463814e-06
2.827512e-06
2.4430229e-06
2.0990035e-06
1.798907e-06
1.5434323e-06
1.3229508e-06
1.1276014e-06
9.601326e-07
8.3062727e-07
7.2924028e-07
6.4291956e-07
5.7318519e-07
5.1628049e-07
4.6647283e-07
4.2545188e-07
4.2922695e-07
8.6265601e-06
8.2953975e-06
7.9226988e-06
7.5278386e-06
7.1032078e-06
6.6449395e-06
6.156734e-06
5.6447522e-06
5.1155437e-06
4.5763738e-06
4.0358344e-06
3.5036879e-06
2.9900878e-06
2.5050999e-06
2.0611313e-06
1.6548858e-06
1.2842792e-06
9.5639729e-07
7.0131473e-07
5.1014589e-07
3.4623502e-07
2.1297102e-07
1.1352706e-07
3.5220669e-08
-3.1992781e-08
-8.7971217e-08
-1.3180284e-07
-1.6298076e-07
-1.7579347e-07
-1.1842026e-07
8.5190338e-06
8.0516178e-06
7.5491096e-06
7.0289131e-06
6.4809624e-06
5.9024102e-06
5.2992897e-06
4.6791375e-06
4.0487431e-06
3.4146356e-06
2.7897618e-06
2.1830172e-06
1.6028501e-06
1.0546369e-06
5.9170268e-07
2.2617386e-07
-9.6559122e-08
-3.686108e-07
-5.6645158e-07
-7.0683954e-07
-8.0555073e-07
-8.6958606e-07
-9.0627102e-07
-9.2123162e-07
-9.1888959e-07
-9.0564174e-07
-8.8834974e-07
-8.6889114e-07
-8.3617829e-07
-7.426047e-07
8.5291369e-06
7.9236783e-06
7.2973562e-06
6.6542693e-06
5.9825799e-06
5.2836296e-06
4.5656514e-06
3.8367565e-06
3.1076535e-06
2.3878736e-06
1.6895963e-06
1.0215295e-06
3.8638266e-07
-1.9782979e-07
-7.0879132e-07
-1.1298745e-06
-1.4583502e-06
-1.6960988e-06
-1.8619047e-06
-1.9594125e-06
-1.9770669e-06
-1.9256396e-06
-1.8306082e-06
-1.7162226e-06
-1.5971841e-06
-1.4847166e-06
-1.3860994e-06
-1.3003589e-06
-1.2128739e-06
-1.1016934e-06
6.5930323e-06
5.7073199e-06
4.7267191e-06
3.7281339e-06
2.7601554e-06
1.8396502e-06
9.7584117e-07
1.7714867e-07
-5.5200392e-07
-1.2134524e-06
-1.822625e-06
-2.4065214e-06
-2.9995758e-06
-3.5792325e-06
-4.0524058e-06
-4.3365751e-06
-4.4278072e-06
-4.3827725e-06
-4.2536414e-06
-4.0870995e-06
-3.9088e-06
-3.6972071e-06
-3.4474178e-06
-3.1896654e-06
-2.9487713e-06
-2.7301445e-06
-2.5308281e-06
-2.3484424e-06
-2.181265e-06
-2.053771e-06
8.266615e-06
8.0104503e-06
7.7343405e-06
7.6668851e-06
7.7098598e-06
7.7462748e-06
7.7519144e-06
7.7505626e-06
7.7580348e-06
7.7650516e-06
7.7653924e-06
7.7680145e-06
7.7776708e-06
7.7885756e-06
7.8003727e-06
7.8153975e-06
7.8355298e-06
7.8624651e-06
7.898225e-06
7.9451346e-06
8.0058448e-06
8.0833747e-06
8.1818693e-06
8.3036791e-06
8.4601083e-06
8.6246075e-06
8.8723289e-06
8.8867903e-06
9.0757006e-06
7.4362095e-06
8.7287282e-06
8.4173306e-06
8.1637243e-06
8.2034095e-06
8.2452075e-06
8.1503096e-06
8.0280334e-06
7.9552631e-06
7.9232279e-06
7.9050988e-06
7.8957932e-06
7.8954117e-06
7.8986503e-06
7.9019216e-06
7.9107854e-06
7.9276855e-06
7.9528665e-06
7.9870599e-06
8.0319489e-06
8.0898453e-06
8.1636511e-06
8.2570282e-06
8.3746907e-06
8.5215469e-06
8.7067685e-06
8.9201929e-06
9.2109807e-06
9.3566655e-06
9.6501139e-06
8.3352848e-06
8.7982491e-06
8.4691534e-06
8.1949833e-06
8.147448e-06
8.132329e-06
8.0679732e-06
8.0196164e-06
8.0106479e-06
8.0026004e-06
7.9916265e-06
7.9831912e-06
7.9827369e-06
7.9894054e-06
7.9996863e-06
8.0157588e-06
8.0394465e-06
8.0715241e-06
8.1134201e-06
8.1674163e-06
8.2363142e-06
8.3235143e-06
8.433325e-06
8.571263e-06
8.7439929e-06
8.9608667e-06
9.2225129e-06
9.5628818e-06
9.8330172e-06
1.0238723e-05
9.3189665e-06
8.6245394e-06
8.409106e-06
8.2376906e-06
8.2072939e-06
8.1988101e-06
8.1765612e-06
8.1529172e-06
8.1349981e-06
8.1138553e-06
8.0962879e-06
8.087954e-06
8.0890338e-06
8.0970376e-06
8.1103998e-06
8.1305161e-06
8.1591755e-06
8.1976816e-06
8.2477138e-06
8.3116525e-06
8.3925122e-06
8.4941051e-06
8.6213769e-06
8.7807591e-06
8.9804474e-06
9.231218e-06
9.5410834e-06
9.9372991e-06
1.0326513e-05
1.0844727e-05
1.0334666e-05
8.4772256e-06
8.3895158e-06
8.3296344e-06
8.3071157e-06
8.2848e-06
8.2529967e-06
8.2239089e-06
8.2043166e-06
8.1910338e-06
8.1839014e-06
8.183771e-06
8.1901123e-06
8.2022584e-06
8.2206417e-06
8.2467649e-06
8.2822719e-06
8.3286965e-06
8.387973e-06
8.462737e-06
8.5563807e-06
8.6732401e-06
8.8189565e-06
9.0009271e-06
9.2288184e-06
9.5153343e-06
9.8740112e-06
1.0330539e-05
1.0833276e-05
1.1465806e-05
1.1361477e-05
8.470798e-06
8.4346984e-06
8.4048546e-06
8.3766039e-06
8.3493706e-06
8.324829e-06
8.3061346e-06
8.293993e-06
8.2868053e-06
8.284187e-06
8.2870256e-06
8.2960639e-06
8.3118525e-06
8.3352396e-06
8.3674762e-06
8.4100481e-06
8.4646792e-06
8.5335848e-06
8.6196807e-06
8.7267191e-06
8.8595353e-06
9.0244591e-06
9.2298637e-06
9.4868695e-06
9.8102684e-06
1.0218081e-05
1.0737332e-05
1.1347442e-05
1.2096129e-05
1.2382098e-05
8.5078751e-06
8.4873495e-06
8.4694183e-06
8.4451194e-06
8.4220079e-06
8.4040413e-06
8.3910086e-06
8.3823573e-06
8.3782037e-06
8.37921e-06
8.3862496e-06
8.4000415e-06
8.421236e-06
8.4507244e-06
8.4897721e-06
8.539992e-06
8.6033665e-06
8.6823957e-06
8.780289e-06
8.901172e-06
9.0503922e-06
9.2349781e-06
9.4642785e-06
9.7508367e-06
1.0111522e-05
1.0568182e-05
1.1150639e-05
1.1861214e-05
1.2725921e-05
1.3364765e-05
8.5649368e-06
8.5484327e-06
8.5349164e-06
8.5150644e-06
8.4959989e-06
8.4820841e-06
8.4730385e-06
8.4682984e-06
8.4683211e-06
8.4738908e-06
8.4857176e-06
8.5044985e-06
8.5310785e-06
8.5665727e-06
8.6124145e-06
8.6703756e-06
8.7426361e-06
8.8319315e-06
8.9417533e-06
9.0765969e-06
9.2423099e-06
9.4466002e-06
9.6997598e-06
1.001569e-05
1.0413235e-05
1.0917582e-05
1.1561887e-05
1.2365238e-05
1.3341821e-05
1.4270567e-05
8.6260044e-06
8.6105811e-06
8.5987114e-06
8.5826669e-06
8.5677366e-06
8.5576958e-06
8.552535e-06
8.5518122e-06
8.5559813e-06
8.5658626e-06
8.5822413e-06
8.6059403e-06
8.6379652e-06
8.6795707e-06
8.7323023e-06
8.7980586e-06
8.8791951e-06
8.9786753e-06
9.1002741e-06
9.2488505e-06
9.4307321e-06
9.6542734e-06
9.9306559e-06
1.0275044e-05
1.0708104e-05
1.125794e-05
1.196105e-05
1.2848962e-05
1.3929873e-05
1.5083096e-05
8.6849931e-06
8.6704538e-06
8.6597242e-06
8.6469907e-06
8.6359034e-06
8.6293992e-06
8.627707e-06
8.63064e-06
8.6386899e-06
8.652697e-06
8.6735166e-06
8.7020601e-06
8.7394252e-06
8.7869651e-06
8.8463372e-06
8.9195781e-06
9.0092175e-06
9.1184333e-06
9.2512652e-06
9.412909e-06
9.6101354e-06
9.8518924e-06
1.0150174e-05
1.0521285e-05
1.0987528e-05
1.1579528e-05
1.2336921e-05
1.3300844e-05
1.4476642e-05
1.5805158e-05
8.7389124e-06
8.7253891e-06
8.715662e-06
8.7057067e-06
8.697961e-06
8.6946013e-06
8.6960185e-06
8.7022766e-06
8.7139103e-06
8.7317511e-06
8.7566961e-06
8.7897314e-06
8.8320377e-06
8.8850594e-06
8.9505593e-06
9.0307e-06
9.1281637e-06
9.2463167e-06
9.3894339e-06
9.5630129e-06
9.7742188e-06
1.0032526e-05
1.0350643e-05
1.0745871e-05
1.1241938e-05
1.1871627e-05
1.2677472e-05
1.3708502e-05
1.4969115e-05
1.6433862e-05
8.785389e-06
8.7729316e-06
8.7641188e-06
8.7564653e-06
8.7515376e-06
8.7508816e-06
8.7549825e-06
8.7641132e-06
8.7788563e-06
8.8000347e-06
8.8285776e-06
8.8655357e-06
8.9121601e-06
8.9699696e-06
9.0408141e-06
9.1269617e-06
9.2312239e-06
9.3571269e-06
9.5091465e-06
9.6930363e-06
9.916295e-06
1.0188839e-05
1.0523977e-05
1.0939843e-05
1.1461359e-05
1.2123109e-05
1.2970301e-05
1.405889e-05
1.5395259e-05
1.6966156e-05
8.8223909e-06
8.8108978e-06
8.8028519e-06
8.7969917e-06
8.7942824e-06
8.795778e-06
8.8020168e-06
8.8134383e-06
8.8306698e-06
8.8545283e-06
8.8859658e-06
8.9260814e-06
8.9761799e-06
9.0378375e-06
9.1129722e-06
9.2039356e-06
9.3136412e-06
9.4457412e-06
9.6048688e-06
9.7969787e-06
1.002983e-05
1.0313685e-05
1.0662321e-05
1.1094521e-05
1.1636143e-05
1.2323193e-05
1.3203212e-05
1.4338046e-05
1.5741165e-05
1.739867e-05
8.8481479e-06
8.8373849e-06
8.8298883e-06
8.8252708e-06
8.824089e-06
8.8270738e-06
8.8348251e-06
8.8478635e-06
8.8668345e-06
8.8925649e-06
8.9260296e-06
8.9683584e-06
9.0208906e-06
9.0852421e-06
9.1633783e-06
9.2577084e-06
9.3712162e-06
9.5076401e-06
9.671722e-06
9.8695546e-06
1.0109076e-05
1.0400786e-05
1.0758782e-05
1.1202292e-05
1.1757826e-05
1.2462375e-05
1.3365193e-05
1.4531856e-05
1.5985269e-05
1.7699419e-05
8.861361e-06
8.8509908e-06
8.8437673e-06
8.8399051e-06
8.8394615e-06
8.8430288e-06
8.8516045e-06
8.865526e-06
8.8853935e-06
8.9120769e-06
8.9465818e-06
8.9900505e-06
9.0438354e-06
9.1095721e-06
9.1892505e-06
9.2853093e-06
9.4007676e-06
9.5394079e-06
9.7060268e-06
9.9067872e-06
1.0149718e-05
1.0445438e-05
1.0808207e-05
1.125748e-05
1.1820097e-05
1.2533549e-05
1.3447997e-05
1.4630726e-05
1.6109883e-05
1.7846048e-05
8.8613632e-06
8.8509931e-06
8.8437696e-06
8.8399074e-06
8.8394638e-06
8.8430313e-06
8.8516071e-06
8.8655286e-06
8.8853962e-06
8.9120798e-06
8.9465848e-06
8.9900536e-06
9.0438387e-06
9.1095755e-06
9.1892542e-06
9.2853131e-06
9.4007717e-06
9.5394122e-06
9.7060314e-06
9.906792e-06
1.0149723e-05
1.0445444e-05
1.0808213e-05
1.1257486e-05
1.1820103e-05
1.2533556e-05
1.3448005e-05
1.4630735e-05
1.6109894e-05
1.7846061e-05
8.8481544e-06
8.8373915e-06
8.8298951e-06
8.8252777e-06
8.8240962e-06
8.8270812e-06
8.8348327e-06
8.8478714e-06
8.8668427e-06
8.8925734e-06
8.9260385e-06
8.9683678e-06
9.0209005e-06
9.0852525e-06
9.1633893e-06
9.25772e-06
9.3712283e-06
9.5076529e-06
9.6717354e-06
9.8695687e-06
1.0109091e-05
1.0400802e-05
1.0758798e-05
1.120231e-05
1.1757845e-05
1.2462395e-05
1.3365216e-05
1.4531883e-05
1.5985302e-05
1.7699459e-05
8.8224014e-06
8.8109086e-06
8.802863e-06
8.797003e-06
8.7942941e-06
8.7957902e-06
8.8020293e-06
8.8134512e-06
8.8306832e-06
8.8545423e-06
8.8859805e-06
8.9260968e-06
8.9761961e-06
9.0378546e-06
9.1129902e-06
9.2039545e-06
9.3136611e-06
9.4457621e-06
9.6048909e-06
9.797002e-06
1.0029855e-05
1.0313711e-05
1.0662349e-05
1.109455e-05
1.1636174e-05
1.2323227e-05
1.320325e-05
1.433809e-05
1.574122e-05
1.7398738e-05
8.7854032e-06
8.7729463e-06
8.7641338e-06
8.7564808e-06
8.7515537e-06
8.7508982e-06
8.7549997e-06
8.764131e-06
8.7788749e-06
8.8000541e-06
8.8285979e-06
8.865557e-06
8.9121825e-06
8.9699932e-06
9.0408388e-06
9.1269877e-06
9.2312512e-06
9.3571557e-06
9.5091768e-06
9.6930683e-06
9.9163287e-06
1.0188874e-05
1.0524015e-05
1.0939884e-05
1.1461403e-05
1.2123156e-05
1.2970353e-05
1.405895e-05
1.5395333e-05
1.6966248e-05
8.7389301e-06
8.7254073e-06
8.7156807e-06
8.7057261e-06
8.697981e-06
8.6946221e-06
8.6960401e-06
8.702299e-06
8.7139337e-06
8.7317755e-06
8.7567217e-06
8.7897581e-06
8.8320657e-06
8.8850889e-06
8.9505903e-06
9.0307327e-06
9.1281981e-06
9.2463528e-06
9.3894719e-06
9.5630531e-06
9.7742613e-06
1.0032571e-05
1.035069e-05
1.0745922e-05
1.1241993e-05
1.1871687e-05
1.2677538e-05
1.3708579e-05
1.4969206e-05
1.6433977e-05
8.6850137e-06
8.6704751e-06
8.6597462e-06
8.6470135e-06
8.6359271e-06
8.6294238e-06
8.6277325e-06
8.6306667e-06
8.6387178e-06
8.6527261e-06
8.6735471e-06
8.702092e-06
8.7394586e-06
8.7870002e-06
8.846374e-06
8.9196169e-06
9.0092583e-06
9.1184763e-06
9.2513104e-06
9.4129569e-06
9.6101861e-06
9.8519461e-06
1.0150231e-05
1.0521346e-05
1.0987593e-05
1.15796e-05
1.2337e-05
1.3300935e-05
1.447675e-05
1.58053e-05
8.6260276e-06
8.6106052e-06
8.5987363e-06
8.5826927e-06
8.5677633e-06
8.5577236e-06
8.552564e-06
8.5518425e-06
8.5560132e-06
8.565896e-06
8.5822762e-06
8.6059768e-06
8.6380034e-06
8.6796109e-06
8.7323445e-06
8.798103e-06
8.8792418e-06
8.9787246e-06
9.1003261e-06
9.2489055e-06
9.4307903e-06
9.654335e-06
9.9307214e-06
1.0275114e-05
1.070818e-05
1.1258023e-05
1.1961142e-05
1.2849067e-05
1.3929997e-05
1.5083264e-05
8.5649622e-06
8.5484591e-06
8.5349437e-06
8.5150928e-06
8.4960284e-06
8.4821148e-06
8.4730705e-06
8.4683319e-06
8.4683562e-06
8.4739276e-06
8.4857563e-06
8.504539e-06
8.5311211e-06
8.5666174e-06
8.6124615e-06
8.6704251e-06
8.7426883e-06
8.8319866e-06
8.9418114e-06
9.0766584e-06
9.2423749e-06
9.446669e-06
9.6998329e-06
1.0015768e-05
1.0413319e-05
1.0917675e-05
1.156199e-05
1.2365356e-05
1.334196e-05
1.4270765e-05
8.5079021e-06
8.4873776e-06
8.4694476e-06
8.44515e-06
8.4220398e-06
8.4040746e-06
8.3910433e-06
8.3823936e-06
8.3782417e-06
8.3792498e-06
8.3862914e-06
8.4000854e-06
8.4212822e-06
8.4507729e-06
8.4898232e-06
8.540046e-06
8.6034235e-06
8.6824559e-06
8.7803526e-06
8.9012392e-06
9.050463e-06
9.235053e-06
9.4643582e-06
9.7509223e-06
1.0111614e-05
1.0568283e-05
1.1150752e-05
1.1861344e-05
1.2726074e-05
1.3364995e-05
8.4708263e-06
8.434728e-06
8.4048856e-06
8.3766364e-06
8.3494046e-06
8.3248645e-06
8.3061717e-06
8.2940317e-06
8.2868458e-06
8.2842294e-06
8.28707e-06
8.2961106e-06
8.3119015e-06
8.3352912e-06
8.3675307e-06
8.4101057e-06
8.4647401e-06
8.5336493e-06
8.6197488e-06
8.7267909e-06
8.859611e-06
9.0245393e-06
9.2299492e-06
9.4869616e-06
9.8103683e-06
1.0218191e-05
1.0737454e-05
1.1347585e-05
1.2096296e-05
1.2382356e-05
8.4772552e-06
8.3895467e-06
8.3296669e-06
8.3071498e-06
8.2848357e-06
8.2530339e-06
8.2239479e-06
8.2043574e-06
8.1910764e-06
8.183946e-06
8.1838176e-06
8.1901612e-06
8.2023098e-06
8.2206958e-06
8.246822e-06
8.2823323e-06
8.3287604e-06
8.3880406e-06
8.4628086e-06
8.5564562e-06
8.6733198e-06
8.8190411e-06
9.0010177e-06
9.2289161e-06
9.5154407e-06
9.8741288e-06
1.0330669e-05
1.0833429e-05
1.1465984e-05
1.1361761e-05
8.6245698e-06
8.4091379e-06
8.2377242e-06
8.2073293e-06
8.1988471e-06
8.1765998e-06
8.1529576e-06
8.1350404e-06
8.1138995e-06
8.0963342e-06
8.0880025e-06
8.0890846e-06
8.0970909e-06
8.1104559e-06
8.1305752e-06
8.1592379e-06
8.1977475e-06
8.2477836e-06
8.3117265e-06
8.3925905e-06
8.4941881e-06
8.6214654e-06
8.780854e-06
8.9805501e-06
9.2313302e-06
9.541208e-06
9.9374373e-06
1.0326676e-05
1.0844915e-05
1.0334973e-05
8.7982806e-06
8.4691864e-06
8.1950178e-06
8.1474842e-06
8.1323669e-06
8.0680127e-06
8.019658e-06
8.0106917e-06
8.002646e-06
7.9916741e-06
7.983241e-06
7.982789e-06
7.9894601e-06
7.9997438e-06
8.0158192e-06
8.03951e-06
8.0715913e-06
8.1134913e-06
8.1674919e-06
8.2363945e-06
8.3235999e-06
8.4334167e-06
8.5713617e-06
8.7441001e-06
8.9609842e-06
9.2226437e-06
9.5630264e-06
9.8331895e-06
1.0238921e-05
9.3192973e-06
8.7287604e-06
8.4173643e-06
8.1637599e-06
8.203447e-06
8.2452467e-06
8.1503504e-06
8.028076e-06
7.9553077e-06
7.9232743e-06
7.9051471e-06
7.8958437e-06
7.8954646e-06
7.8987057e-06
7.9019796e-06
7.9108462e-06
7.9277495e-06
7.9529341e-06
7.9871317e-06
8.0320254e-06
8.0899269e-06
8.1637385e-06
8.2571224e-06
8.3747926e-06
8.5216581e-06
8.7068906e-06
8.9203293e-06
9.2111306e-06
9.3568462e-06
9.6503214e-06
8.3356359e-06
8.2666474e-06
8.0104845e-06
7.7343766e-06
7.6669231e-06
7.7098997e-06
7.7463164e-06
7.7519576e-06
7.7506074e-06
7.7580815e-06
7.7651002e-06
7.765443e-06
7.7680673e-06
7.777726e-06
7.7886333e-06
7.8004332e-06
7.8154614e-06
7.8355975e-06
7.8625372e-06
7.8983021e-06
7.9452173e-06
8.0059339e-06
8.0834713e-06
8.1819744e-06
8.3037943e-06
8.4602348e-06
8.6247494e-06
8.872484e-06
8.8869802e-06
9.0759181e-06
7.4365758e-06
6.5934093e-06
5.7077084e-06
4.7271228e-06
3.7285587e-06
2.7606022e-06
1.8401164e-06
9.7632436e-07
1.7764649e-07
-5.5149414e-07
-1.2129323e-06
-1.8220984e-06
-2.405996e-06
-2.9990582e-06
-3.5787171e-06
-4.0518808e-06
-4.336036e-06
-4.4272627e-06
-4.3822313e-06
-4.2531074e-06
-4.0865773e-06
-3.9082926e-06
-3.6967143e-06
-3.4469397e-06
-3.1892021e-06
-2.9483213e-06
-2.7297054e-06
-2.530399e-06
-2.3480221e-06
-2.1808496e-06
-2.0533555e-06
8.5293647e-06
7.9239234e-06
7.2976144e-06
6.6545405e-06
5.982869e-06
5.2839371e-06
4.5659763e-06
3.8370982e-06
3.1080134e-06
2.3882479e-06
1.6899835e-06
1.0219313e-06
3.8679659e-07
-1.9740636e-07
-7.0835834e-07
-1.1294336e-06
-1.4579013e-06
-1.6956457e-06
-1.8614535e-06
-1.9589655e-06
-1.9766253e-06
-1.9252061e-06
-1.830186e-06
-1.7158131e-06
-1.5967867e-06
-1.4843291e-06
-1.3857189e-06
-1.2999824e-06
-1.212498e-06
-1.1013204e-06
8.5192305e-06
8.0518314e-06
7.5493408e-06
7.0291581e-06
6.4812205e-06
5.9026825e-06
5.2995768e-06
4.6794397e-06
4.0490601e-06
3.414967e-06
2.7901092e-06
2.1833803e-06
1.6032284e-06
1.0550299e-06
5.9211455e-07
2.2659763e-07
-9.6129159e-08
-3.6816774e-07
-5.6599607e-07
-7.0637593e-07
-8.0507794e-07
-8.6910054e-07
-9.0577039e-07
-9.2071261e-07
-9.1834885e-07
-9.0507665e-07
-8.8775821e-07
-8.6826965e-07
-8.355239e-07
-7.4192171e-07
8.6267185e-06
8.2955686e-06
7.9228866e-06
7.5280396e-06
7.1034208e-06
6.6451656e-06
6.1569743e-06
5.6450073e-06
5.1158137e-06
4.5766587e-06
4.0361343e-06
3.5040028e-06
2.9904175e-06
2.5054452e-06
2.0614909e-06
1.6552594e-06
1.2846681e-06
9.5680442e-07
7.017487e-07
5.1060253e-07
3.4670883e-07
2.1347085e-07
1.1405669e-07
3.5779666e-08
-3.1396039e-08
-8.7325801e-08
-1.3110341e-07
-1.6222247e-07
-1.749729e-07
-1.1754107e-07
8.4190266e-06
8.1713651e-06
7.8941522e-06
7.5852652e-06
7.2428225e-06
6.8674057e-06
6.4616106e-06
6.0293817e-06
5.5758444e-06
5.1073641e-06
4.6314856e-06
4.1567789e-06
3.6922737e-06
3.2466991e-06
2.8278461e-06
2.4433747e-06
2.0993745e-06
1.7992992e-06
1.5438473e-06
1.3233887e-06
1.128066e-06
9.6063347e-07
8.3116795e-07
7.2982022e-07
6.4354435e-07
5.7385908e-07
5.1700304e-07
4.6724049e-07
4.2625855e-07
4.3010298e-07
8.295008e-06
8.0980733e-06
7.873075e-06
7.619578e-06
7.3346366e-06
7.0176872e-06
6.6703886e-06
6.2956716e-06
5.8976437e-06
5.4817516e-06
5.0547336e-06
4.6243552e-06
4.1989788e-06
3.7870144e-06
3.3963023e-06
3.0336991e-06
2.703896e-06
2.4091683e-06
2.1495461e-06
1.92411e-06
1.7312497e-06
1.5698106e-06
1.4343533e-06
1.320084e-06
1.221986e-06
1.1353396e-06
1.0616762e-06
1.0033374e-06
9.6556635e-07
9.4585688e-07
8.1602655e-06
7.9964078e-06
7.8091323e-06
7.5956744e-06
7.3530887e-06
7.0805961e-06
6.7790722e-06
6.4504815e-06
6.0979638e-06
5.7260306e-06
5.340537e-06
4.948438e-06
4.5573956e-06
4.1752599e-06
3.8094521e-06
3.4663433e-06
3.1507423e-06
2.8657212e-06
2.6126741e-06
2.3915314e-06
2.2006963e-06
2.0375452e-06
1.8986201e-06
1.7818525e-06
1.684917e-06
1.6057462e-06
1.5426971e-06
1.4938341e-06
1.4590884e-06
1.4449045e-06
8.0566358e-06
7.9146931e-06
7.752362e-06
7.5663928e-06
7.3538293e-06
7.1135851e-06
6.8459636e-06
6.5522392e-06
6.2348054e-06
5.8973957e-06
5.5450871e-06
5.1840977e-06
4.8214355e-06
4.4644227e-06
4.1201324e-06
3.7948248e-06
3.4934846e-06
3.2195281e-06
2.974721e-06
2.7592832e-06
2.5722047e-06
2.4117595e-06
2.2759832e-06
2.1629128e-06
2.0706493e-06
1.9972472e-06
1.9408187e-06
1.9004621e-06
1.8760924e-06
1.8717528e-06
7.9706151e-06
7.8437233e-06
7.6989629e-06
7.5330656e-06
7.3429729e-06
7.1273349e-06
6.8860516e-06
6.619888e-06
6.3306424e-06
6.0213971e-06
5.6965606e-06
5.3617073e-06
5.0232682e-06
4.6880972e-06
4.3629479e-06
4.0539338e-06
3.7660645e-06
3.5029416e-06
3.2666691e-06
3.0579778e-06
2.876516e-06
2.7212006e-06
2.5905197e-06
2.4827433e-06
2.3961293e-06
2.3290207e-06
2.2799626e-06
2.2480791e-06
2.232381e-06
2.2344056e-06
7.9024573e-06
7.786064e-06
7.6536989e-06
7.5023768e-06
7.329047e-06
7.132162e-06
6.9113342e-06
6.6669612e-06
6.4003836e-06
6.1141522e-06
5.8121089e-06
5.4992667e-06
5.1815406e-06
4.8653534e-06
4.5571463e-06
4.2628645e-06
3.9875067e-06
3.734823e-06
3.5072084e-06
3.3057861e-06
3.1306267e-06
2.9810286e-06
2.8557936e-06
2.7534666e-06
2.6725101e-06
2.6114095e-06
2.5686715e-06
2.5430897e-06
2.532973e-06
2.5395694e-06
7.8482374e-06
7.7392214e-06
7.6157862e-06
7.4752435e-06
7.3146318e-06
7.1322945e-06
6.9276313e-06
6.7007613e-06
6.452668e-06
6.1854701e-06
5.9025322e-06
5.6083836e-06
5.3084842e-06
5.0088651e-06
4.7156739e-06
4.4346854e-06
4.1708632e-06
3.9280534e-06
3.7088546e-06
3.5146622e-06
3.3458448e-06
3.2019878e-06
3.0821437e-06
2.9850439e-06
2.9092444e-06
2.8532171e-06
2.8153374e-06
2.7941987e-06
2.7877329e-06
2.7973685e-06
7.8054658e-06
7.7016195e-06
7.5846713e-06
7.4521255e-06
7.3012062e-06
7.1302301e-06
6.9384519e-06
6.7257837e-06
6.492923e-06
6.2416272e-06
5.9748572e-06
5.6967259e-06
5.4122906e-06
5.1272248e-06
4.8473975e-06
4.5784093e-06
4.3251633e-06
4.0915534e-06
3.880315e-06
3.69304e-06
3.5303177e-06
3.3919449e-06
3.2771448e-06
3.1847551e-06
3.1133649e-06
3.0614101e-06
3.0271905e-06
3.0091927e-06
3.0051886e-06
3.0166542e-06
7.7719005e-06
7.6715233e-06
7.5592405e-06
7.432677e-06
7.2892172e-06
7.1271739e-06
6.9457449e-06
6.7447228e-06
6.5245646e-06
6.2867042e-06
6.0337561e-06
5.7694788e-06
5.4985727e-06
5.2263809e-06
4.9585057e-06
4.7003693e-06
4.4567935e-06
4.2316828e-06
4.0278594e-06
3.8470527e-06
3.6900105e-06
3.5566775e-06
3.4463914e-06
3.3580561e-06
3.2902801e-06
3.2414751e-06
3.2099145e-06
3.1939924e-06
3.1914876e-06
3.2035096e-06
7.7459987e-06
7.647512e-06
7.5382851e-06
7.4162697e-06
7.2786973e-06
7.123713e-06
6.950614e-06
6.759228e-06
6.5497944e-06
6.3234208e-06
6.0824163e-06
5.8302437e-06
5.5712861e-06
5.3105753e-06
5.0534545e-06
4.8051643e-06
4.5704281e-06
4.3531307e-06
4.1561403e-06
3.9812776e-06
3.8294005e-06
3.7005587e-06
3.594171e-06
3.509189e-06
3.4442426e-06
3.3977291e-06
3.3679413e-06
3.3531534e-06
3.3513906e-06
3.3627318e-06
7.7270283e-06
7.6285519e-06
7.5205729e-06
7.4021221e-06
7.2694497e-06
7.120085e-06
6.9536686e-06
6.7703186e-06
6.5700614e-06
6.3536311e-06
6.1230619e-06
5.8815788e-06
5.633281e-06
5.3828995e-06
5.1355216e-06
4.8962029e-06
4.6695539e-06
4.4594138e-06
4.2686642e-06
4.0991814e-06
3.9518994e-06
3.8269438e-06
3.7237963e-06
3.6414489e-06
3.5785623e-06
3.5335279e-06
3.5047176e-06
3.4902151e-06
3.4886671e-06
3.4980382e-06
7.7150488e-06
7.6141117e-06
7.5050626e-06
7.3895062e-06
7.2612321e-06
7.1163576e-06
6.9552397e-06
6.7786436e-06
6.5863526e-06
6.3786375e-06
6.157284e-06
5.9253421e-06
5.6866522e-06
5.445646e-06
5.2071544e-06
4.9760444e-06
4.7568e-06
4.5531929e-06
4.368092e-06
4.2034026e-06
4.0601109e-06
3.9384004e-06
3.8378074e-06
3.7573644e-06
3.6957809e-06
3.6514474e-06
3.6229005e-06
3.6078898e-06
3.6062803e-06
3.6122098e-06
7.7102863e-06
7.6039262e-06
7.4910079e-06
7.3779543e-06
7.2539361e-06
7.1125867e-06
6.9555358e-06
6.78465e-06
6.5993796e-06
6.3993916e-06
6.1862555e-06
5.9629147e-06
5.7329671e-06
5.5005376e-06
5.2701977e-06
5.0466216e-06
4.8341537e-06
4.6364793e-06
4.4564339e-06
4.2959322e-06
4.1559971e-06
4.0368605e-06
3.9381124e-06
3.8588327e-06
3.7978036e-06
3.7534156e-06
3.7244929e-06
3.7081957e-06
3.706624e-06
3.707306e-06
7.7124723e-06
7.5973455e-06
7.4775991e-06
7.3671918e-06
7.2476842e-06
7.1089416e-06
6.954775e-06
6.7887178e-06
6.6097126e-06
6.4166318e-06
6.2108759e-06
5.9953529e-06
5.7734207e-06
5.5488827e-06
5.3260472e-06
5.1093902e-06
4.9031043e-06
4.7107713e-06
4.5351772e-06
4.3782333e-06
4.2409902e-06
4.1237257e-06
4.0260891e-06
3.9472186e-06
3.8859989e-06
3.8408204e-06
3.8109592e-06
3.7926266e-06
3.7919698e-06
3.7846811e-06
7.7223065e-06
7.593621e-06
7.4636343e-06
7.3567728e-06
7.2426249e-06
7.1056436e-06
6.9531963e-06
6.791227e-06
6.6178675e-06
6.4309797e-06
6.2318776e-06
6.0234998e-06
5.8089483e-06
5.5916869e-06
5.3757579e-06
5.1654337e-06
4.9647413e-06
4.7771455e-06
4.605372e-06
4.451321e-06
4.3160684e-06
4.1999408e-06
4.1026571e-06
4.0234282e-06
3.9612714e-06
3.914574e-06
3.8831882e-06
3.8619199e-06
3.8636497e-06
3.8442665e-06
7.7449554e-06
7.5945478e-06
7.44864e-06
7.3465073e-06
7.2390282e-06
7.1028973e-06
6.9509953e-06
6.7925671e-06
6.6243368e-06
6.4429952e-06
6.2498998e-06
6.048066e-06
5.8403077e-06
5.6297339e-06
5.4201215e-06
5.2155329e-06
5.0198179e-06
4.8363147e-06
4.6676835e-06
4.5158122e-06
4.3818046e-06
4.2660444e-06
4.1683333e-06
4.0879692e-06
4.0241251e-06
3.9751713e-06
3.9415886e-06
3.9162671e-06
3.9190383e-06
3.8875642e-06
7.7885805e-06
7.604568e-06
7.433245e-06
7.3371292e-06
7.2377384e-06
7.1012166e-06
6.9487162e-06
6.7933064e-06
6.6297009e-06
6.4532776e-06
6.2655809e-06
6.0697104e-06
5.8681486e-06
5.6636454e-06
5.4597169e-06
5.2602086e-06
5.0687854e-06
4.8886566e-06
4.7224187e-06
4.5719526e-06
4.4383986e-06
4.3222098e-06
4.2232855e-06
4.1410304e-06
4.0748136e-06
4.0229777e-06
3.9870193e-06
3.9581323e-06
3.9621985e-06
3.9105061e-06
7.8588834e-06
7.6248731e-06
7.4165387e-06
7.3292021e-06
7.2394139e-06
7.1010291e-06
6.9469617e-06
6.7941727e-06
6.6346664e-06
6.4625314e-06
6.2796364e-06
6.089109e-06
5.8930684e-06
5.6939242e-06
5.4949406e-06
5.299742e-06
5.1118085e-06
4.9342277e-06
4.7695433e-06
4.6196412e-06
4.4857119e-06
4.3682955e-06
4.2674129e-06
4.1825871e-06
4.1133636e-06
4.0580962e-06
4.0194315e-06
3.9850495e-06
3.9957992e-06
3.9119881e-06
7.9688571e-06
7.6595362e-06
7.39998e-06
7.3249562e-06
7.2451312e-06
7.1032265e-06
6.9469987e-06
6.7963199e-06
6.6401552e-06
6.4716245e-06
6.2929025e-06
6.1069909e-06
5.9156434e-06
5.7209784e-06
5.5260251e-06
5.3341901e-06
5.1487818e-06
4.9727853e-06
4.8087133e-06
4.6584762e-06
4.5233337e-06
4.4039522e-06
4.3004323e-06
4.2124458e-06
4.1396793e-06
4.080547e-06
4.0384932e-06
3.9979473e-06
4.0143644e-06
3.8861495e-06
8.1302631e-06
7.7118486e-06
7.3867708e-06
7.3268628e-06
7.2549541e-06
7.1086909e-06
6.950662e-06
6.801428e-06
6.6474603e-06
6.4816894e-06
6.3063702e-06
6.124148e-06
5.9364375e-06
5.7451338e-06
5.5530569e-06
5.3634141e-06
5.1793723e-06
5.0038471e-06
4.8393536e-06
4.6878549e-06
4.5507238e-06
4.4286878e-06
4.3220039e-06
4.2304512e-06
4.153778e-06
4.0905231e-06
4.0443405e-06
3.9971786e-06
4.0177136e-06
3.8326171e-06
8.3376005e-06
7.778414e-06
7.3891742e-06
7.3383589e-06
7.2672297e-06
7.1172372e-06
6.9591974e-06
6.8109259e-06
6.6579632e-06
6.4940153e-06
6.3211177e-06
6.1413964e-06
5.9559876e-06
5.7666431e-06
5.576013e-06
5.3871433e-06
5.2031119e-06
5.0268123e-06
4.8608021e-06
4.7071474e-06
4.5672929e-06
4.4421151e-06
4.3319648e-06
4.2367044e-06
4.1560448e-06
4.0887087e-06
4.0377016e-06
3.9846179e-06
4.0047911e-06
3.745601e-06
8.5681788e-06
7.8501966e-06
7.4167498e-06
7.365168e-06
7.2848709e-06
7.1309215e-06
6.9740765e-06
6.8260265e-06
6.6728534e-06
6.509772e-06
6.3381179e-06
6.1594746e-06
5.9747683e-06
5.7857078e-06
5.5948351e-06
5.4050983e-06
5.2195531e-06
5.041152e-06
4.8725277e-06
4.7158662e-06
4.5727426e-06
4.4441644e-06
4.3305464e-06
4.2317842e-06
4.1474582e-06
4.0764581e-06
4.0203481e-06
3.9637275e-06
3.9773276e-06
3.6299568e-06
8.7940095e-06
7.9161773e-06
7.4674089e-06
7.4093787e-06
7.3110704e-06
7.1530439e-06
6.997084e-06
6.8480133e-06
6.6932463e-06
6.5298072e-06
6.358007e-06
6.1788831e-06
5.9931266e-06
5.8025084e-06
5.6095528e-06
5.4172014e-06
5.228543e-06
5.0466975e-06
4.8744591e-06
4.7140994e-06
4.567377e-06
4.4354276e-06
4.3186919e-06
4.2170305e-06
4.1298238e-06
4.0559697e-06
3.995321e-06
3.9391056e-06
3.939908e-06
3.5072509e-06
9.0033538e-06
7.9868644e-06
7.5439749e-06
7.4607213e-06
7.3423059e-06
7.1833606e-06
7.0276994e-06
6.8767849e-06
6.7210771e-06
6.5548304e-06
6.3811336e-06
6.1998131e-06
6.0112512e-06
5.8172765e-06
5.6204634e-06
5.4238539e-06
5.2306833e-06
5.0439938e-06
4.867481e-06
4.7030249e-06
4.5526706e-06
4.4176857e-06
4.2984975e-06
4.1948743e-06
4.1059615e-06
4.0304197e-06
3.9667514e-06
3.9138726e-06
3.8943894e-06
3.4216985e-06
9.2477628e-06
8.1091741e-06
7.6401032e-06
7.5032476e-06
7.370737e-06
7.2160671e-06
7.0602103e-06
6.9047378e-06
6.745537e-06
6.5809011e-06
6.4059288e-06
6.2214363e-06
6.0290339e-06
5.8305089e-06
5.6284101e-06
5.4260181e-06
5.2276524e-06
5.0355864e-06
4.8535433e-06
4.6845149e-06
4.5304718e-06
4.3927555e-06
4.2717823e-06
4.1672137e-06
4.0780031e-06
4.0025284e-06
3.9380077e-06
3.884392e-06
3.830156e-06
3.3993509e-06
9.4948279e-06
8.419928e-06
7.8723016e-06
7.6107659e-06
7.4351332e-06
7.2754256e-06
7.117057e-06
6.958772e-06
6.7961041e-06
6.6243163e-06
6.443341e-06
6.252578e-06
6.0529503e-06
5.846341e-06
5.6355397e-06
5.4243011e-06
5.2157007e-06
5.0154532e-06
4.8263975e-06
4.6516311e-06
4.4935983e-06
4.3535865e-06
4.2318468e-06
4.1277885e-06
4.039974e-06
3.9660893e-06
3.9029217e-06
3.8506776e-06
3.7912115e-06
3.5020576e-06
-2.0448917e-06
-1.2502152e-06
-1.0171549e-06
-4.4979441e-07
1.3980688e-07
7.4370704e-07
1.3160828e-06
1.783388e-06
2.1716158e-06
2.4876959e-06
2.7517366e-06
2.9766323e-06
3.1687983e-06
3.3338274e-06
3.4765164e-06
3.6011726e-06
3.7119623e-06
3.8131389e-06
3.9094952e-06
4.005177e-06
4.1057957e-06
4.213405e-06
4.3265441e-06
4.4408377e-06
4.5467047e-06
4.6330983e-06
4.6876766e-06
4.7127705e-06
4.6986009e-06
4.5853531e-06
-1.9744712e-06
-1.2394778e-06
-1.0003468e-06
-5.1267532e-07
-4.2624852e-09
5.5760878e-07
1.0968797e-06
1.5634581e-06
1.9680008e-06
2.2995363e-06
2.5779153e-06
2.8161862e-06
3.0202189e-06
3.1953037e-06
3.3448702e-06
3.4716792e-06
3.5780432e-06
3.6656515e-06
3.7359302e-06
3.7891429e-06
3.8278682e-06
3.8529701e-06
3.8653152e-06
3.8677532e-06
3.8653943e-06
3.8675564e-06
3.8844606e-06
3.9292102e-06
4.0294104e-06
3.9967775e-06
-1.8963828e-06
-1.2440234e-06
-1.0082186e-06
-5.8384486e-07
-1.4557141e-07
3.6167313e-07
8.5877766e-07
1.3216126e-06
1.7304454e-06
2.0802001e-06
2.3774607e-06
2.6328575e-06
2.8513396e-06
3.0402658e-06
3.2023589e-06
3.3401632e-06
3.4556667e-06
3.5501733e-06
3.6246939e-06
3.6795854e-06
3.7161354e-06
3.7362376e-06
3.7427614e-06
3.7394503e-06
3.7318984e-06
3.7296224e-06
3.7454697e-06
3.7827399e-06
3.8896987e-06
3.8613592e-06
-1.812753e-06
-1.2527243e-06
-1.0470051e-06
-6.8158303e-07
-2.9607711e-07
1.571783e-07
6.2960944e-07
1.0903147e-06
1.5063598e-06
1.8713297e-06
2.1844496e-06
2.4590582e-06
2.6934419e-06
2.8984101e-06
3.0752351e-06
3.2282907e-06
3.3602853e-06
3.4735151e-06
3.5699613e-06
3.6510914e-06
3.7186016e-06
3.7745275e-06
3.8211707e-06
3.8605086e-06
3.8946704e-06
3.9255049e-06
3.9589901e-06
3.9882549e-06
4.0607233e-06
4.006202e-06
-1.7227607e-06
-1.2502217e-06
-1.0715095e-06
-7.5641668e-07
-4.1766711e-07
-1.9778339e-08
4.1682416e-07
8.6075661e-07
1.2799241e-06
1.6571371e-06
1.9914363e-06
2.2764025e-06
2.5265019e-06
2.7505238e-06
2.9436057e-06
3.1120844e-06
3.2576471e-06
3.3841589e-06
3.4943784e-06
3.5897585e-06
3.6719599e-06
3.7426529e-06
3.8032274e-06
3.8557574e-06
3.9027629e-06
3.9453454e-06
3.988236e-06
4.0250254e-06
4.0914085e-06
4.0832437e-06
-1.6283467e-06
-1.2357311e-06
-1.0765725e-06
-8.0116314e-07
-5.0175077e-07
-1.5464913e-07
2.3433534e-07
6.4411873e-07
1.0508823e-06
1.4305839e-06
1.7761387e-06
2.085484e-06
2.3554457e-06
2.5865961e-06
2.7951305e-06
2.9828762e-06
3.1443443e-06
3.2846294e-06
3.4065756e-06
3.511524e-06
3.6020989e-06
3.6806076e-06
3.7487031e-06
3.8081238e-06
3.8614595e-06
3.9106511e-06
3.9598721e-06
4.0060146e-06
4.0676457e-06
4.0998783e-06
-1.5311775e-06
-1.2099265e-06
-1.0692483e-06
-8.255557e-07
-5.564919e-07
-2.495546e-07
9.3734785e-08
4.6213289e-07
8.4059702e-07
1.2099123e-06
1.5582608e-06
1.8781946e-06
2.1684788e-06
2.4265219e-06
2.6534283e-06
2.8478276e-06
3.0206094e-06
3.1787093e-06
3.3185513e-06
3.4388271e-06
3.543182e-06
3.6345318e-06
3.7145955e-06
3.7841751e-06
3.8458821e-06
3.9019655e-06
3.9552068e-06
4.0051761e-06
4.0591964e-06
4.103696e-06
-1.4401362e-06
-1.1799122e-06
-1.0545145e-06
-8.3566892e-07
-5.891354e-07
-3.1088483e-07
-3.3199845e-09
3.2726803e-07
6.7226765e-07
1.0196871e-06
1.3587461e-06
1.6811366e-06
1.9790982e-06
2.2503423e-06
2.4966782e-06
2.7177237e-06
2.9142566e-06
3.084283e-06
3.2328329e-06
3.3638458e-06
3.479469e-06
3.5852236e-06
3.6808471e-06
3.762996e-06
3.8341757e-06
3.8970658e-06
3.9538612e-06
4.0055614e-06
4.055112e-06
4.1000858e-06
-1.3555235e-06
-1.1502332e-06
-1.0347729e-06
-8.3419578e-07
-6.0424308e-07
-3.4553274e-07
-6.2701291e-08
2.3923579e-07
5.5478504e-07
8.7680253e-07
1.1976784e-06
1.5106201e-06
1.8085407e-06
2.0877845e-06
2.3448148e-06
2.5763548e-06
2.790192e-06
2.9811529e-06
3.1519433e-06
3.3041964e-06
3.4360744e-06
3.5502846e-06
3.6509425e-06
3.7406978e-06
3.8203198e-06
3.890194e-06
3.9509704e-06
4.0044731e-06
4.0547529e-06
4.1016325e-06
-1.2597607e-06
-1.1209005e-06
-1.0088179e-06
-8.2308459e-07
-6.0541766e-07
-3.5983865e-07
-9.2879825e-08
1.9026145e-07
4.8485957e-07
7.8590657e-07
1.0882104e-06
1.3868907e-06
1.6770463e-06
1.9545939e-06
2.2169972e-06
2.4619436e-06
2.6855845e-06
2.8872294e-06
3.0692638e-06
3.2362512e-06
3.3859287e-06
3.5171615e-06
3.6330255e-06
3.7357128e-06
3.8252514e-06
3.9028385e-06
3.969853e-06
4.0274528e-06
4.0765086e-06
4.1201965e-06
-1.1541123e-06
-1.0870476e-06
-9.7842889e-07
-8.0488749e-07
-5.9610482e-07
-3.5921312e-07
-1.0187255e-07
1.7032965e-07
4.5255266e-07
7.403504e-07
1.029569e-06
1.3164238e-06
1.5973997e-06
1.8693231e-06
2.1296343e-06
2.3784447e-06
2.6069056e-06
2.8178148e-06
3.0131193e-06
3.1945052e-06
3.359513e-06
3.5059793e-06
3.6339091e-06
3.7455768e-06
3.8439396e-06
3.9313616e-06
4.0084989e-06
4.0752423e-06
4.1297801e-06
4.1794016e-06
-1.0613512e-06
-1.049816e-06
-9.4857513e-07
-7.831909e-07
-5.8012548e-07
-3.4866228e-07
-9.6672729e-08
1.6997708e-07
4.4619801e-07
7.275841e-07
1.0102597e-06
1.2907675e-06
1.5661341e-06
1.8337438e-06
2.091062e-06
2.3365405e-06
2.5684547e-06
2.7854326e-06
2.9866675e-06
3.1714057e-06
3.3412189e-06
3.4966864e-06
3.6385981e-06
3.7669192e-06
3.8812075e-06
3.9816277e-06
4.0693973e-06
4.1460005e-06
4.2086251e-06
4.2803867e-06
-9.9518159e-07
-1.0138289e-06
-9.2157843e-07
-7.6193124e-07
-5.6226512e-07
-3.3299054e-07
-8.3580503e-08
1.8078203e-07
4.5489136e-07
7.3431448e-07
1.0152306e-06
1.2941644e-06
1.5682919e-06
1.8352128e-06
2.0927812e-06
2.3391803e-06
2.5731395e-06
2.7931129e-06
2.9981675e-06
3.1874708e-06
3.3619717e-06
3.5225978e-06
3.6703198e-06
3.8053178e-06
3.9273706e-06
4.0366336e-06
4.1339915e-06
4.2222037e-06
4.2985165e-06
4.3908508e-06
-9.5374893e-07
-9.8632089e-07
-8.9976402e-07
-7.4433015e-07
-5.4685125e-07
-3.1713698e-07
-6.8063755e-08
1.9500867e-07
4.6865135e-07
7.4839318e-07
1.0301723e-06
1.3105437e-06
1.5866122e-06
1.855911e-06
2.1164699e-06
2.366557e-06
2.6046208e-06
2.8294765e-06
3.040616e-06
3.237399e-06
3.4194965e-06
3.5868768e-06
3.7395871e-06
3.8781944e-06
4.0034946e-06
4.1165585e-06
4.2185193e-06
4.3114289e-06
4.3950663e-06
4.4876926e-06
-9.336605e-07
-9.7242409e-07
-8.8744713e-07
-7.3074404e-07
-5.3393648e-07
-3.0820346e-07
-6.3404987e-08
2.0082826e-07
4.7694071e-07
7.5923518e-07
1.043741e-06
1.3277892e-06
1.6078565e-06
1.8810571e-06
2.1462101e-06
2.4017235e-06
2.6453893e-06
2.8760422e-06
3.0929636e-06
3.2955792e-06
3.4835014e-06
3.6566563e-06
3.8151627e-06
3.9594057e-06
4.0898961e-06
4.2071157e-06
4.3115037e-06
4.4035009e-06
4.4832993e-06
4.5522157e-06
-9.3363472e-07
-9.7238443e-07
-8.8738929e-07
-7.3064952e-07
-5.3380726e-07
-3.0802963e-07
-6.3193082e-08
2.0105761e-07
4.7717671e-07
7.5945694e-07
1.0439127e-06
1.3278684e-06
1.6078123e-06
1.880871e-06
2.1458702e-06
2.4012287e-06
2.6447498e-06
2.875278e-06
3.0921073e-06
3.2946605e-06
3.4825931e-06
3.6558001e-06
3.8143989e-06
3.9587706e-06
4.0894159e-06
4.2068085e-06
4.3113774e-06
4.403552e-06
4.483513e-06
4.5525655e-06
-9.536535e-07
-9.8620289e-07
-8.9959358e-07
-7.4406104e-07
-5.4647164e-07
-3.1662856e-07
-6.7446208e-08
1.9568257e-07
4.6933942e-07
7.490194e-07
1.0306377e-06
1.3107443e-06
1.5864666e-06
1.8553698e-06
2.1155091e-06
2.3651863e-06
2.6028808e-06
2.8274376e-06
3.0383879e-06
3.235072e-06
3.4171931e-06
3.5847129e-06
3.7376621e-06
3.8765855e-06
4.0022608e-06
4.1157401e-06
4.2181307e-06
4.3114615e-06
4.395491e-06
4.4884692e-06
-9.9501218e-07
-1.0136393e-06
-9.2130457e-07
-7.6150773e-07
-5.6165416e-07
-3.3217592e-07
-8.2584609e-08
1.8186035e-07
4.559623e-07
7.3525027e-07
1.0158862e-06
1.2944054e-06
1.568014e-06
1.8343586e-06
2.0913434e-06
2.3372055e-06
2.5707059e-06
2.7903508e-06
2.9952184e-06
3.1845105e-06
3.3591408e-06
3.5200351e-06
3.6681336e-06
3.8035958e-06
3.9261644e-06
4.0359416e-06
4.1337958e-06
4.2224702e-06
4.2991828e-06
4.3918443e-06
-1.0611191e-06
-1.0495723e-06
-9.4821965e-07
-7.8262898e-07
-5.7930917e-07
-3.4758399e-07
-9.5385353e-08
1.713566e-07
4.4752637e-07
7.286881e-07
1.0109647e-06
1.2909292e-06
1.5656588e-06
1.8326032e-06
2.0892972e-06
2.3342445e-06
2.565746e-06
2.7824573e-06
2.9834104e-06
3.1684484e-06
3.3386034e-06
3.494458e-06
3.6368188e-06
3.7656286e-06
3.8803979e-06
3.9812801e-06
4.0694806e-06
4.1464736e-06
4.2094059e-06
4.2813595e-06
-1.1538213e-06
-1.086772e-06
-9.7800545e-07
-8.0420451e-07
-5.9511527e-07
-3.5792513e-07
-1.0037093e-07
1.7189431e-07
4.5399417e-07
7.4146778e-07
1.0301833e-06
1.3164111e-06
1.5967068e-06
1.8679728e-06
2.1277004e-06
2.3759944e-06
2.6042539e-06
2.8150419e-06
3.0103193e-06
3.1919604e-06
3.357409e-06
3.5043041e-06
3.632619e-06
3.7446172e-06
3.8433169e-06
3.9311039e-06
4.0085585e-06
4.0755461e-06
4.1302677e-06
4.1800659e-06
-1.2594424e-06
-1.1206141e-06
-1.0083316e-06
-8.2229937e-07
-6.0428911e-07
-3.5839937e-07
-9.125123e-08
1.9189082e-07
4.8627479e-07
7.8690363e-07
1.0886362e-06
1.3866707e-06
1.676187e-06
1.9531774e-06
2.2151024e-06
2.45971e-06
2.6832958e-06
2.8850086e-06
3.0673295e-06
3.2343024e-06
3.3842707e-06
3.515844e-06
3.6320074e-06
3.7349626e-06
3.8247938e-06
3.9026602e-06
3.9699111e-06
4.0277063e-06
4.0769162e-06
4.1207361e-06
-1.355207e-06
-1.1499356e-06
-1.0342337e-06
-8.3332857e-07
-6.0301205e-07
-3.4400366e-07
-6.103556e-08
2.4081821e-07
5.5606137e-07
8.7759427e-07
1.197884e-06
1.5102286e-06
1.8076099e-06
2.0864271e-06
2.3431598e-06
2.5746217e-06
2.7883937e-06
2.9794268e-06
3.1503552e-06
3.3027324e-06
3.4348364e-06
3.5493013e-06
3.6502072e-06
3.7401884e-06
3.8200181e-06
3.8900773e-06
3.9510167e-06
4.0046753e-06
4.0550669e-06
4.1020131e-06
-1.4398053e-06
-1.1795828e-06
-1.0539375e-06
-8.347381e-07
-5.8783806e-07
-3.0932637e-07
-1.6991352e-09
3.2871473e-07
6.7333526e-07
1.0202467e-06
1.3587586e-06
1.6806502e-06
1.9781963e-06
2.2491428e-06
2.4953237e-06
2.7163071e-06
2.9128411e-06
3.0829221e-06
3.2315805e-06
3.3627003e-06
3.4785517e-06
3.584584e-06
3.6803678e-06
3.7626511e-06
3.8339719e-06
3.8969964e-06
3.9539064e-06
4.0056994e-06
4.0553158e-06
4.1003417e-06
-1.5308159e-06
-1.2095801e-06
-1.0686378e-06
-8.245772e-07
-5.5516301e-07
-2.4802234e-07
9.5244412e-08
4.6338695e-07
8.4143201e-07
1.2102608e-06
1.5581384e-06
1.8776821e-06
2.1676797e-06
2.4255243e-06
2.6523141e-06
2.8466393e-06
3.019472e-06
3.1776981e-06
3.3176368e-06
3.4380335e-06
3.5425291e-06
3.6340355e-06
3.7142232e-06
3.7839154e-06
3.8457346e-06
3.9019197e-06
3.955244e-06
4.0052833e-06
4.0593345e-06
4.1038566e-06
-1.6279647e-06
-1.2353801e-06
-1.0759359e-06
-8.0015211e-07
-5.0042306e-07
-1.5319009e-07
2.3568967e-07
6.4515789e-07
1.0515014e-06
1.430774e-06
1.7759553e-06
2.0849935e-06
2.354741e-06
2.5857393e-06
2.794207e-06
2.9819565e-06
3.1434649e-06
3.2838349e-06
3.4058702e-06
3.5109208e-06
3.6016098e-06
3.6802355e-06
3.7484371e-06
3.8079484e-06
3.8613632e-06
3.9106217e-06
3.959894e-06
4.0060711e-06
4.0676986e-06
4.0999502e-06
-1.7223704e-06
-1.2498665e-06
-1.0708526e-06
-7.553877e-07
-4.1637083e-07
-1.8426191e-08
4.1800648e-07
8.6159304e-07
1.2803775e-06
1.657234e-06
1.9912458e-06
2.2759587e-06
2.5258712e-06
2.7498106e-06
2.9428627e-06
3.1113516e-06
3.2569552e-06
3.3835365e-06
3.4938377e-06
3.5893063e-06
3.6715997e-06
3.7423823e-06
3.8030385e-06
3.8556295e-06
3.9026845e-06
3.945308e-06
3.9882282e-06
4.0250356e-06
4.0914287e-06
4.0832809e-06
-1.8123608e-06
-1.252367e-06
-1.0463297e-06
-6.8055153e-07
-2.948397e-07
1.5840558e-07
6.306239e-07
1.0909852e-06
1.5066975e-06
1.871374e-06
2.1842469e-06
2.4586656e-06
2.6929144e-06
2.8978207e-06
3.0746275e-06
3.2276976e-06
3.3597335e-06
3.4730234e-06
3.5695386e-06
3.6507403e-06
3.7183208e-06
3.7743099e-06
3.8209993e-06
3.8603752e-06
3.8945723e-06
3.9254321e-06
3.9589342e-06
3.9882128e-06
4.0606948e-06
4.006198e-06
-1.8959822e-06
-1.2436646e-06
-1.0075169e-06
-5.8282515e-07
-1.4441529e-07
3.627662e-07
8.5962487e-07
1.3221416e-06
1.730686e-06
2.0802092e-06
2.3772587e-06
2.6325019e-06
2.8508876e-06
3.0397705e-06
3.201856e-06
3.3396789e-06
3.4552207e-06
3.5497781e-06
3.6243551e-06
3.679303e-06
3.7159061e-06
3.7360506e-06
3.7426013e-06
3.7393192e-06
3.7317936e-06
3.729537e-06
3.7453997e-06
3.7826841e-06
3.8896597e-06
3.861345e-06
-1.9740538e-06
-1.2391075e-06
-9.9961912e-07
-5.116736e-07
-3.1985477e-09
5.5855952e-07
1.0975665e-06
1.5638375e-06
1.9681383e-06
2.2994949e-06
2.5777026e-06
2.8158547e-06
3.0198231e-06
3.1948852e-06
3.3444572e-06
3.4712916e-06
3.5776944e-06
3.6653481e-06
3.7356732e-06
3.7889287e-06
3.8276915e-06
3.8528232e-06
3.8651935e-06
3.8676511e-06
3.8653056e-06
3.8674809e-06
3.8843974e-06
3.9291582e-06
4.0293716e-06
3.9967565e-06
-2.044469e-06
-1.2498316e-06
-1.0164177e-06
-4.4882215e-07
1.4078033e-07
7.4453569e-07
1.3166534e-06
1.7836692e-06
2.1716788e-06
2.4876129e-06
2.7515144e-06
2.9763209e-06
3.1684474e-06
3.3334711e-06
3.4761772e-06
3.6008655e-06
3.7116958e-06
3.8129148e-06
3.9093108e-06
4.0050254e-06
4.1056692e-06
4.2132948e-06
4.3264444e-06
4.4407445e-06
4.5466176e-06
4.6330179e-06
4.6876071e-06
4.7127171e-06
4.6985672e-06
4.5853452e-06
5.3318704e-06
4.6928343e-06
4.352797e-06
4.2657028e-06
4.2003415e-06
4.1272677e-06
4.0674087e-06
4.0256684e-06
3.9968987e-06
3.9771466e-06
3.9645449e-06
3.9578396e-06
3.9558402e-06
3.9574663e-06
3.9619109e-06
3.9685927e-06
3.9770364e-06
3.9868948e-06
3.9972649e-06
4.008027e-06
4.0186275e-06
4.0287111e-06
4.0380774e-06
4.0464667e-06
4.0536155e-06
4.0593253e-06
4.0633267e-06
4.0654469e-06
4.0655696e-06
4.0636121e-06
4.0595605e-06
4.0534487e-06
4.0453313e-06
4.0352876e-06
4.0234221e-06
4.0098548e-06
3.9947141e-06
3.9781321e-06
3.9602404e-06
3.9411668e-06
3.9210325e-06
3.8999527e-06
3.8780354e-06
3.8553804e-06
3.832081e-06
3.8082267e-06
3.7839053e-06
3.7592329e-06
3.7343042e-06
3.7091473e-06
3.6838744e-06
3.6585403e-06
3.6332032e-06
3.6079123e-06
3.5827001e-06
3.5575853e-06
3.5325741e-06
3.507662e-06
3.4828373e-06
3.4580838e-06
3.4333838e-06
3.4087207e-06
3.3840811e-06
3.3594541e-06
3.3348335e-06
3.3102152e-06
3.2855968e-06
3.2609777e-06
3.2363576e-06
3.2117373e-06
3.1871167e-06
3.1624964e-06
3.1378765e-06
3.1132571e-06
3.0886384e-06
3.0640203e-06
3.0394029e-06
3.0147862e-06
2.99017e-06
2.9655545e-06
2.9409395e-06
2.916325e-06
2.8917111e-06
2.8670975e-06
2.8424844e-06
2.8178716e-06
2.7932592e-06
2.768647e-06
2.7440351e-06
2.7194234e-06
2.6948119e-06
2.6702006e-06
2.6455894e-06
2.6209783e-06
2.5963674e-06
2.5717565e-06
2.5471457e-06
2.522535e-06
2.4979244e-06
2.4733138e-06
2.4487033e-06
2.4240928e-06
2.3994824e-06
2.374872e-06
2.3502616e-06
2.3256513e-06
2.301041e-06
2.2764307e-06
2.2518204e-06
2.2272102e-06
2.2026e-06
2.1779899e-06
2.1533797e-06
2.1287696e-06
2.1041595e-06
2.0795494e-06
2.0549393e-06
2.0303293e-06
2.0057193e-06
1.9811093e-06
1.9564993e-06
1.9318894e-06
1.9072794e-06
1.8826695e-06
1.8580595e-06
1.8334496e-06
1.8088397e-06
1.7842298e-06
1.7596199e-06
1.73501e-06
1.7104001e-06
1.6857902e-06
1.6611803e-06
1.6365704e-06
1.6119604e-06
1.5873505e-06
1.5627406e-06
1.5381306e-06
1.5135207e-06
1.4889107e-06
1.4643007e-06
1.4396907e-06
1.4150807e-06
1.3904707e-06
1.3658607e-06
1.3412507e-06
1.3166407e-06
1.2920306e-06
1.2674206e-06
1.2428106e-06
1.2182005e-06
1.1935905e-06
1.1689804e-06
1.1443704e-06
1.1197603e-06
1.0951503e-06
1.0705402e-06
1.0459301e-06
1.0213201e-06
9.9671e-07
9.7209993e-07
9.4748985e-07
9.2287976e-07
8.9826967e-07
8.7365958e-07
8.4904949e-07
8.2443939e-07
7.9982929e-07
7.7521918e-07
7.5060907e-07
7.2599896e-07
7.0138884e-07
6.7677873e-07
6.5216861e-07
6.2755849e-07
6.0294838e-07
5.7833826e-07
5.5372815e-07
5.2911804e-07
5.0450792e-07
4.798978e-07
4.5528768e-07
4.3067756e-07
4.0606744e-07
3.8145732e-07
3.568472e-07
3.3223709e-07
3.0762698e-07
2.8301687e-07
2.5840676e-07
2.3379665e-07
2.0918653e-07
1.845764e-07
1.5996626e-07
1.353561e-07
1.1074593e-07
8.6135746e-08
6.1525544e-08
3.691541e-08
1.2305231e-08
4.8445554e-06
4.584086e-06
4.2512873e-06
4.1715245e-06
4.1636717e-06
4.1243178e-06
4.0717571e-06
4.0321863e-06
4.0067483e-06
3.9891921e-06
3.9767793e-06
3.9691411e-06
3.9658533e-06
3.9661115e-06
3.9691482e-06
3.9743951e-06
3.9814005e-06
3.9897754e-06
3.9996091e-06
4.0094099e-06
4.0192193e-06
4.0287471e-06
4.037684e-06
4.0457284e-06
4.0525877e-06
4.0583243e-06
4.0622109e-06
4.0642606e-06
4.0644164e-06
4.0625245e-06
4.0585482e-06
4.0525057e-06
4.0444381e-06
4.0344487e-06
4.0226501e-06
4.009157e-06
3.9940962e-06
3.9776029e-06
3.9598102e-06
3.9408452e-06
3.9208268e-06
3.8998661e-06
3.8780669e-06
3.8555214e-06
3.8323123e-06
3.8085173e-06
3.7842227e-06
3.7595416e-06
3.7345692e-06
3.7093677e-06
3.6840097e-06
3.6585873e-06
3.6331928e-06
3.6078568e-06
3.5826094e-06
3.5574757e-06
3.5324604e-06
3.5075556e-06
3.4827458e-06
3.4580109e-06
3.4333299e-06
3.4086837e-06
3.3840574e-06
3.3594407e-06
3.3348268e-06
3.3102124e-06
3.285596e-06
3.2609776e-06
3.2363578e-06
3.2117372e-06
3.1871166e-06
3.1624961e-06
3.1378761e-06
3.1132566e-06
3.0886379e-06
3.0640198e-06
3.0394025e-06
3.0147858e-06
2.9901696e-06
2.9655541e-06
2.9409392e-06
2.9163248e-06
2.8917108e-06
2.8670973e-06
2.8424842e-06
2.8178715e-06
2.7932591e-06
2.7686469e-06
2.744035e-06
2.7194233e-06
2.6948119e-06
2.6702005e-06
2.6455894e-06
2.6209783e-06
2.5963674e-06
2.5717565e-06
2.5471458e-06
2.5225351e-06
2.4979244e-06
2.4733139e-06
2.4487033e-06
2.4240928e-06
2.3994824e-06
2.374872e-06
2.3502616e-06
2.3256513e-06
2.301041e-06
2.2764307e-06
2.2518205e-06
2.2272102e-06
2.2026e-06
2.1779899e-06
2.1533797e-06
2.1287696e-06
2.1041595e-06
2.0795494e-06
2.0549393e-06
2.0303293e-06
2.0057193e-06
1.9811093e-06
1.9564993e-06
1.9318894e-06
1.9072794e-06
1.8826695e-06
1.8580595e-06
1.8334496e-06
1.8088397e-06
1.7842298e-06
1.7596199e-06
1.73501e-06
1.7104001e-06
1.6857902e-06
1.6611803e-06
1.6365704e-06
1.6119604e-06
1.5873505e-06
1.5627406e-06
1.5381306e-06
1.5135207e-06
1.4889107e-06
1.4643007e-06
1.4396907e-06
1.4150807e-06
1.3904707e-06
1.3658607e-06
1.3412507e-06
1.3166407e-06
1.2920307e-06
1.2674206e-06
1.2428106e-06
1.2182005e-06
1.1935905e-06
1.1689804e-06
1.1443703e-06
1.1197603e-06
1.0951502e-06
1.0705402e-06
1.0459301e-06
1.02132e-06
9.9670998e-07
9.720999e-07
9.4748982e-07
9.2287973e-07
8.9826965e-07
8.7365956e-07
8.4904946e-07
8.2443937e-07
7.9982927e-07
7.7521916e-07
7.5060905e-07
7.2599894e-07
7.0138882e-07
6.767787e-07
6.5216859e-07
6.2755847e-07
6.0294836e-07
5.7833824e-07
5.5372813e-07
5.2911802e-07
5.0450791e-07
4.7989779e-07
4.5528767e-07
4.3067755e-07
4.0606743e-07
3.8145731e-07
3.5684719e-07
3.3223708e-07
3.0762697e-07
2.8301686e-07
2.5840676e-07
2.3379665e-07
2.0918654e-07
1.8457642e-07
1.5996628e-07
1.3535614e-07
1.1074598e-07
8.6135824e-08
6.1525602e-08
3.6915522e-08
1.2305304e-08
4.6519728e-06
4.4995039e-06
4.2097916e-06
4.1458807e-06
4.1642693e-06
4.1458709e-06
4.1011246e-06
4.0632263e-06
4.0387384e-06
4.0214741e-06
4.0080314e-06
3.9984765e-06
3.9930067e-06
3.9910505e-06
3.9918557e-06
3.9948682e-06
3.9996807e-06
4.0059195e-06
4.0131942e-06
4.0214024e-06
4.0296417e-06
4.0376309e-06
4.0451804e-06
4.0519411e-06
4.0574806e-06
4.0618828e-06
4.0649838e-06
4.0663359e-06
4.0656798e-06
4.0630939e-06
4.0586559e-06
4.0523e-06
4.043914e-06
4.033636e-06
4.0216133e-06
4.0079562e-06
3.9927808e-06
3.9762163e-06
3.9583945e-06
3.9394407e-06
3.9194698e-06
3.8985879e-06
3.8768919e-06
3.8544667e-06
3.8313948e-06
3.8077577e-06
3.7836316e-06
3.7590889e-06
3.7342172e-06
3.7091166e-06
3.6838373e-06
3.6584628e-06
3.633071e-06
3.6077267e-06
3.5824736e-06
3.5573359e-06
3.532322e-06
3.5074267e-06
3.4826334e-06
3.4579194e-06
3.4332606e-06
3.4086351e-06
3.3840254e-06
3.3594211e-06
3.3348152e-06
3.3102053e-06
3.2855913e-06
3.2609738e-06
3.2363542e-06
3.2117335e-06
3.1871128e-06
3.1624924e-06
3.1378726e-06
3.1132536e-06
3.0886352e-06
3.0640175e-06
3.0394005e-06
3.0147841e-06
2.9901682e-06
2.9655529e-06
2.9409382e-06
2.9163239e-06
2.8917101e-06
2.8670968e-06
2.8424837e-06
2.8178711e-06
2.7932587e-06
2.7686467e-06
2.7440348e-06
2.7194232e-06
2.6948117e-06
2.6702005e-06
2.6455893e-06
2.6209783e-06
2.5963673e-06
2.5717565e-06
2.5471458e-06
2.5225351e-06
2.4979245e-06
2.4733139e-06
2.4487034e-06
2.4240929e-06
2.3994824e-06
2.374872e-06
2.3502617e-06
2.3256513e-06
2.301041e-06
2.2764307e-06
2.2518205e-06
2.2272103e-06
2.2026001e-06
2.1779899e-06
2.1533797e-06
2.1287696e-06
2.1041595e-06
2.0795494e-06
2.0549394e-06
2.0303293e-06
2.0057193e-06
1.9811093e-06
1.9564993e-06
1.9318894e-06
1.9072794e-06
1.8826695e-06
1.8580595e-06
1.8334496e-06
1.8088397e-06
1.7842298e-06
1.7596199e-06
1.73501e-06
1.7104001e-06
1.6857902e-06
1.6611803e-06
1.6365704e-06
1.6119605e-06
1.5873505e-06
1.5627406e-06
1.5381306e-06
1.5135207e-06
1.4889107e-06
1.4643007e-06
1.4396908e-06
1.4150808e-06
1.3904708e-06
1.3658608e-06
1.3412507e-06
1.3166407e-06
1.2920307e-06
1.2674206e-06
1.2428106e-06
1.2182005e-06
1.1935905e-06
1.1689804e-06
1.1443703e-06
1.1197603e-06
1.0951502e-06
1.0705402e-06
1.0459301e-06
1.02132e-06
9.9670997e-07
9.7209989e-07
9.474898e-07
9.2287972e-07
8.9826963e-07
8.7365954e-07
8.4904945e-07
8.2443935e-07
7.9982925e-07
7.7521914e-07
7.5060903e-07
7.2599891e-07
7.0138879e-07
6.7677867e-07
6.5216855e-07
6.2755843e-07
6.0294832e-07
5.7833821e-07
5.537281e-07
5.2911799e-07
5.0450788e-07
4.7989776e-07
4.5528764e-07
4.3067752e-07
4.060674e-07
3.8145728e-07
3.5684716e-07
3.3223705e-07
3.0762694e-07
2.8301684e-07
2.5840674e-07
2.3379663e-07
2.0918653e-07
1.8457642e-07
1.599663e-07
1.3535617e-07
1.1074605e-07
8.6135942e-08
6.152573e-08
3.6915717e-08
1.2305393e-08
4.5051227e-06
4.4007514e-06
4.1932985e-06
4.1443638e-06
4.1630089e-06
4.156446e-06
4.1255345e-06
4.0964047e-06
4.0769358e-06
4.0629826e-06
4.0514872e-06
4.0425119e-06
4.0365508e-06
4.0333792e-06
4.032464e-06
4.0333743e-06
4.0357927e-06
4.0394145e-06
4.0439062e-06
4.0488975e-06
4.0540013e-06
4.0590893e-06
4.0638663e-06
4.067897e-06
4.0709257e-06
4.0728357e-06
4.0741244e-06
4.0738473e-06
4.0715419e-06
4.0672989e-06
4.0612656e-06
4.0535554e-06
4.0441971e-06
4.033162e-06
4.0204939e-06
4.0063041e-06
3.9907152e-06
3.9738392e-06
3.9558016e-06
3.9367248e-06
3.916718e-06
3.8958959e-06
3.8743568e-06
3.8521248e-06
3.8292373e-06
3.8058206e-06
3.7819391e-06
3.7576502e-06
3.7330291e-06
3.7081489e-06
3.6830773e-06
3.6578836e-06
3.6326279e-06
3.6073993e-06
3.5822379e-06
3.5571628e-06
3.5321911e-06
3.5073245e-06
3.4825511e-06
3.4578516e-06
3.4332045e-06
3.4085891e-06
3.3839884e-06
3.3593909e-06
3.3347906e-06
3.3101854e-06
3.2855749e-06
3.2609599e-06
3.236342e-06
3.2117227e-06
3.187103e-06
3.1624836e-06
3.1378648e-06
3.1132467e-06
3.0886292e-06
3.0640124e-06
3.039396e-06
3.0147803e-06
2.990165e-06
2.9655503e-06
2.940936e-06
2.9163221e-06
2.8917086e-06
2.8670955e-06
2.8424828e-06
2.8178703e-06
2.7932581e-06
2.7686461e-06
2.7440344e-06
2.7194229e-06
2.6948115e-06
2.6702003e-06
2.6455892e-06
2.6209782e-06
2.5963673e-06
2.5717565e-06
2.5471458e-06
2.5225351e-06
2.4979245e-06
2.4733139e-06
2.4487034e-06
2.4240929e-06
2.3994825e-06
2.3748721e-06
2.3502617e-06
2.3256514e-06
2.3010411e-06
2.2764308e-06
2.2518206e-06
2.2272103e-06
2.2026001e-06
2.17799e-06
2.1533798e-06
2.1287697e-06
2.1041596e-06
2.0795495e-06
2.0549394e-06
2.0303294e-06
2.0057194e-06
1.9811094e-06
1.9564994e-06
1.9318894e-06
1.9072795e-06
1.8826695e-06
1.8580596e-06
1.8334497e-06
1.8088397e-06
1.7842298e-06
1.7596199e-06
1.73501e-06
1.7104001e-06
1.6857902e-06
1.6611803e-06
1.6365704e-06
1.6119605e-06
1.5873505e-06
1.5627406e-06
1.5381307e-06
1.5135207e-06
1.4889107e-06
1.4643008e-06
1.4396908e-06
1.4150808e-06
1.3904708e-06
1.3658608e-06
1.3412508e-06
1.3166407e-06
1.2920307e-06
1.2674207e-06
1.2428106e-06
1.2182005e-06
1.1935905e-06
1.1689804e-06
1.1443704e-06
1.1197603e-06
1.0951502e-06
1.0705402e-06
1.0459301e-06
1.0213201e-06
9.9670998e-07
9.720999e-07
9.4748981e-07
9.2287972e-07
8.9826963e-07
8.7365953e-07
8.4904944e-07
8.2443934e-07
7.9982923e-07
7.7521912e-07
7.50609e-07
7.2599888e-07
7.0138875e-07
6.7677862e-07
6.521685e-07
6.2755838e-07
6.0294826e-07
5.7833815e-07
5.5372804e-07
5.2911793e-07
5.0450782e-07
4.7989771e-07
4.5528759e-07
4.3067747e-07
4.0606735e-07
3.8145723e-07
3.5684712e-07
3.32237e-07
3.0762689e-07
2.8301679e-07
2.5840668e-07
2.3379658e-07
2.0918647e-07
1.8457636e-07
1.5996625e-07
1.3535613e-07
1.1074602e-07
8.6135915e-08
6.1525718e-08
3.6915674e-08
1.2305351e-08
4.3614477e-06
4.3122323e-06
4.1951493e-06
4.1646259e-06
4.1770454e-06
4.1765526e-06
4.1592875e-06
4.1405804e-06
4.1268956e-06
4.116506e-06
4.107439e-06
4.099678e-06
4.0937111e-06
4.0895697e-06
4.0869704e-06
4.0856295e-06
4.0853256e-06
4.0858427e-06
4.0869414e-06
4.0883739e-06
4.0898927e-06
4.0912197e-06
4.0921073e-06
4.0925946e-06
4.092486e-06
4.0912872e-06
4.0891761e-06
4.0860275e-06
4.0814083e-06
4.0750476e-06
4.0670163e-06
4.0575083e-06
4.0466695e-06
4.0343951e-06
4.0206811e-06
4.0056293e-06
3.9893531e-06
3.9719566e-06
3.9535379e-06
3.9341927e-06
3.9140121e-06
3.8930668e-06
3.8714332e-06
3.849215e-06
3.8264887e-06
3.8032809e-06
3.7796283e-06
3.755603e-06
3.7312764e-06
3.7067e-06
3.6819156e-06
3.6569857e-06
3.6319751e-06
3.6069435e-06
3.5819318e-06
3.5569691e-06
3.532075e-06
3.5072564e-06
3.4825085e-06
3.4578196e-06
3.4331747e-06
3.4085586e-06
3.3839583e-06
3.359358e-06
3.3347581e-06
3.3101557e-06
3.2855479e-06
3.2609356e-06
3.2363206e-06
3.2117039e-06
3.1870865e-06
3.1624692e-06
3.1378521e-06
3.1132356e-06
3.0886196e-06
3.0640041e-06
3.039389e-06
3.0147743e-06
2.99016e-06
2.965546e-06
2.9409324e-06
2.9163192e-06
2.8917062e-06
2.8670935e-06
2.8424811e-06
2.817869e-06
2.793257e-06
2.7686453e-06
2.7440337e-06
2.7194224e-06
2.6948111e-06
2.6702e-06
2.6455889e-06
2.620978e-06
2.5963672e-06
2.5717564e-06
2.5471457e-06
2.5225351e-06
2.4979245e-06
2.473314e-06
2.4487035e-06
2.424093e-06
2.3994826e-06
2.3748722e-06
2.3502618e-06
2.3256515e-06
2.3010412e-06
2.2764309e-06
2.2518207e-06
2.2272104e-06
2.2026002e-06
2.1779901e-06
2.1533799e-06
2.1287698e-06
2.1041597e-06
2.0795496e-06
2.0549395e-06
2.0303295e-06
2.0057195e-06
1.9811094e-06
1.9564994e-06
1.9318895e-06
1.9072795e-06
1.8826696e-06
1.8580596e-06
1.8334497e-06
1.8088398e-06
1.7842299e-06
1.75962e-06
1.7350101e-06
1.7104002e-06
1.6857902e-06
1.6611803e-06
1.6365704e-06
1.6119605e-06
1.5873506e-06
1.5627406e-06
1.5381307e-06
1.5135207e-06
1.4889108e-06
1.4643008e-06
1.4396908e-06
1.4150808e-06
1.3904708e-06
1.3658608e-06
1.3412508e-06
1.3166408e-06
1.2920307e-06
1.2674207e-06
1.2428106e-06
1.2182006e-06
1.1935905e-06
1.1689805e-06
1.1443704e-06
1.1197603e-06
1.0951503e-06
1.0705402e-06
1.0459302e-06
1.0213201e-06
9.9671002e-07
9.7209993e-07
9.4748984e-07
9.2287974e-07
8.9826964e-07
8.7365954e-07
8.4904944e-07
8.2443933e-07
7.9982922e-07
7.752191e-07
7.5060897e-07
7.2599883e-07
7.013887e-07
6.7677857e-07
6.5216844e-07
6.2755831e-07
6.029482e-07
5.7833808e-07
5.5372797e-07
5.2911787e-07
5.0450776e-07
4.7989764e-07
4.5528753e-07
4.3067741e-07
4.0606729e-07
3.8145717e-07
3.5684705e-07
3.3223693e-07
3.0762682e-07
2.8301671e-07
2.584066e-07
2.3379649e-07
2.0918638e-07
1.8457626e-07
1.5996614e-07
1.3535602e-07
1.107459e-07
8.6135772e-08
6.1525595e-08
3.6915467e-08
1.2305236e-08
4.2526573e-06
4.2487192e-06
4.2006348e-06
4.1887588e-06
4.1986536e-06
4.2027664e-06
4.1966049e-06
4.1873428e-06
4.1793819e-06
4.1726744e-06
4.1662827e-06
4.160142e-06
4.1546314e-06
4.1499382e-06
4.1459986e-06
4.142679e-06
4.1398596e-06
4.1374185e-06
4.1352169e-06
4.1331427e-06
4.1310369e-06
4.128696e-06
4.1259976e-06
4.1228409e-06
4.1190227e-06
4.1143682e-06
4.1088791e-06
4.1024432e-06
4.0948217e-06
4.0858987e-06
4.0757056e-06
4.0642971e-06
4.0516915e-06
4.0378752e-06
4.0228746e-06
4.0067618e-06
3.9896171e-06
3.9715246e-06
3.9525515e-06
3.9327645e-06
3.9122349e-06
3.891019e-06
3.8691974e-06
3.8469127e-06
3.8242322e-06
3.8010886e-06
3.7775089e-06
3.7536004e-06
3.7294579e-06
3.7051321e-06
3.6806041e-06
3.6559289e-06
3.631157e-06
3.6063401e-06
3.5815105e-06
3.5566911e-06
3.5319017e-06
3.5071538e-06
3.4824487e-06
3.4577817e-06
3.433145e-06
3.4085295e-06
3.3839281e-06
3.3593254e-06
3.3347194e-06
3.3101205e-06
3.2855158e-06
3.260906e-06
3.2362942e-06
3.2116808e-06
3.1870663e-06
3.1624514e-06
3.1378367e-06
3.1132221e-06
3.0886079e-06
3.0639939e-06
3.0393803e-06
3.0147668e-06
2.9901536e-06
2.9655406e-06
2.9409278e-06
2.9163153e-06
2.8917029e-06
2.8670908e-06
2.8424789e-06
2.8178671e-06
2.7932555e-06
2.7686441e-06
2.7440327e-06
2.7194216e-06
2.6948105e-06
2.6701995e-06
2.6455886e-06
2.6209777e-06
2.596367e-06
2.5717563e-06
2.5471456e-06
2.522535e-06
2.4979245e-06
2.473314e-06
2.4487035e-06
2.4240931e-06
2.3994827e-06
2.3748723e-06
2.3502619e-06
2.3256516e-06
2.3010413e-06
2.276431e-06
2.2518207e-06
2.2272105e-06
2.2026003e-06
2.1779902e-06
2.15338e-06
2.1287699e-06
2.1041598e-06
2.0795497e-06
2.0549396e-06
2.0303296e-06
2.0057195e-06
1.9811095e-06
1.9564995e-06
1.9318895e-06
1.9072796e-06
1.8826696e-06
1.8580597e-06
1.8334498e-06
1.8088398e-06
1.7842299e-06
1.75962e-06
1.7350101e-06
1.7104002e-06
1.6857903e-06
1.6611804e-06
1.6365704e-06
1.6119605e-06
1.5873506e-06
1.5627407e-06
1.5381307e-06
1.5135208e-06
1.4889108e-06
1.4643008e-06
1.4396909e-06
1.4150809e-06
1.3904709e-06
1.3658609e-06
1.3412508e-06
1.3166408e-06
1.2920308e-06
1.2674207e-06
1.2428107e-06
1.2182006e-06
1.1935906e-06
1.1689805e-06
1.1443705e-06
1.1197604e-06
1.0951503e-06
1.0705403e-06
1.0459302e-06
1.0213201e-06
9.9671006e-07
9.7209997e-07
9.4748987e-07
9.2287977e-07
8.9826967e-07
8.7365956e-07
8.4904945e-07
8.2443933e-07
7.9982921e-07
7.7521908e-07
7.5060894e-07
7.259988e-07
7.0138865e-07
6.7677851e-07
6.5216838e-07
6.2755825e-07
6.0294813e-07
5.7833802e-07
5.5372791e-07
5.291178e-07
5.0450768e-07
4.7989757e-07
4.5528746e-07
4.3067734e-07
4.0606722e-07
3.8145709e-07
3.5684697e-07
3.3223685e-07
3.0762673e-07
2.8301662e-07
2.584065e-07
2.3379638e-07
2.0918626e-07
1.8457614e-07
1.5996602e-07
1.3535589e-07
1.1074575e-07
8.6135608e-08
6.1525456e-08
3.6915273e-08
1.2305125e-08
4.1893814e-06
4.2118702e-06
4.2083352e-06
4.2136049e-06
4.2257644e-06
4.2346062e-06
4.2374226e-06
4.2364406e-06
4.2339325e-06
4.2307695e-06
4.2268606e-06
4.2222185e-06
4.2171615e-06
4.2119822e-06
4.2067908e-06
4.2015894e-06
4.1963539e-06
4.191042e-06
4.1855911e-06
4.1801231e-06
4.1745481e-06
4.1686106e-06
4.1622562e-06
4.1554016e-06
4.1479729e-06
4.1398922e-06
4.1310968e-06
4.1215072e-06
4.1110161e-06
4.0995428e-06
4.0870561e-06
4.0735558e-06
4.0590555e-06
4.0435737e-06
4.0271411e-06
4.0098013e-06
3.9916101e-06
3.9726305e-06
3.9529245e-06
3.9325549e-06
3.9115856e-06
3.8900776e-06
3.868088e-06
3.8456829e-06
3.8228805e-06
3.7996362e-06
3.7760126e-06
3.752192e-06
3.7282406e-06
3.7040677e-06
3.6796849e-06
3.6551479e-06
3.6305224e-06
3.6058579e-06
3.5811664e-06
3.5564583e-06
3.5317532e-06
3.5070644e-06
3.4823961e-06
3.4577481e-06
3.4331179e-06
3.4085015e-06
3.3838949e-06
3.3592971e-06
3.3346808e-06
3.3100821e-06
3.2854803e-06
3.2608726e-06
3.2362637e-06
3.2116538e-06
3.1870427e-06
3.1624309e-06
3.1378188e-06
3.1132067e-06
3.0885945e-06
3.0639823e-06
3.0393702e-06
3.0147582e-06
2.9901462e-06
2.9655343e-06
2.9409224e-06
2.9163107e-06
2.8916991e-06
2.8670876e-06
2.8424762e-06
2.8178649e-06
2.7932536e-06
2.7686425e-06
2.7440315e-06
2.7194205e-06
2.6948096e-06
2.6701988e-06
2.645588e-06
2.6209773e-06
2.5963667e-06
2.571756e-06
2.5471455e-06
2.5225349e-06
2.4979244e-06
2.473314e-06
2.4487035e-06
2.4240931e-06
2.3994827e-06
2.3748723e-06
2.350262e-06
2.3256516e-06
2.3010413e-06
2.2764311e-06
2.2518208e-06
2.2272106e-06
2.2026004e-06
2.1779902e-06
2.1533801e-06
2.12877e-06
2.1041599e-06
2.0795498e-06
2.0549397e-06
2.0303296e-06
2.0057196e-06
1.9811096e-06
1.9564996e-06
1.9318896e-06
1.9072796e-06
1.8826697e-06
1.8580597e-06
1.8334498e-06
1.8088399e-06
1.78423e-06
1.7596201e-06
1.7350101e-06
1.7104002e-06
1.6857903e-06
1.6611804e-06
1.6365705e-06
1.6119605e-06
1.5873506e-06
1.5627407e-06
1.5381307e-06
1.5135208e-06
1.4889108e-06
1.4643009e-06
1.4396909e-06
1.4150809e-06
1.3904709e-06
1.3658609e-06
1.3412509e-06
1.3166408e-06
1.2920308e-06
1.2674208e-06
1.2428107e-06
1.2182007e-06
1.1935906e-06
1.1689806e-06
1.1443705e-06
1.1197605e-06
1.0951504e-06
1.0705403e-06
1.0459303e-06
1.0213202e-06
9.967101e-07
9.7210001e-07
9.4748991e-07
9.2287981e-07
8.982697e-07
8.7365958e-07
8.4904946e-07
8.2443933e-07
7.998292e-07
7.7521906e-07
7.5060891e-07
7.2599877e-07
7.0138862e-07
6.7677847e-07
6.5216833e-07
6.275582e-07
6.0294808e-07
5.7833796e-07
5.5372784e-07
5.2911773e-07
5.0450762e-07
4.798975e-07
4.5528739e-07
4.3067727e-07
4.0606714e-07
3.8145702e-07
3.568469e-07
3.3223677e-07
3.0762665e-07
2.8301652e-07
2.584064e-07
2.3379628e-07
2.0918615e-07
1.8457603e-07
1.599659e-07
1.3535576e-07
1.1074562e-07
8.6135473e-08
6.1525345e-08
3.691515e-08
1.2305045e-08
4.1575969e-06
4.1980017e-06
4.2232021e-06
4.2443753e-06
4.2632006e-06
4.2775672e-06
4.2865799e-06
4.291181e-06
4.2927872e-06
4.292263e-06
4.2899328e-06
4.2860504e-06
4.2809607e-06
4.2749825e-06
4.2683256e-06
4.261117e-06
4.2534462e-06
4.2453828e-06
4.2369809e-06
4.2282751e-06
4.2192427e-06
4.209829e-06
4.1999918e-06
4.1896891e-06
4.1788775e-06
4.167505e-06
4.1555189e-06
4.1428703e-06
4.1295068e-06
4.1153847e-06
4.1004853e-06
4.084811e-06
4.0683724e-06
4.0511822e-06
4.0332583e-06
4.0146288e-06
3.9953308e-06
3.9754075e-06
3.9549045e-06
3.9338689e-06
3.9123488e-06
3.8903956e-06
3.8680573e-06
3.8454176e-06
3.8224422e-06
3.7988392e-06
3.7746944e-06
3.7506665e-06
3.726959e-06
3.7031431e-06
3.6790025e-06
3.654607e-06
3.6301026e-06
3.6055613e-06
3.5809543e-06
3.5563035e-06
3.5316444e-06
3.5069903e-06
3.4823438e-06
3.457707e-06
3.4330806e-06
3.4084634e-06
3.3838523e-06
3.3592543e-06
3.3346482e-06
3.3100441e-06
3.2854419e-06
3.2608375e-06
3.2362318e-06
3.2116252e-06
3.1870175e-06
3.162409e-06
3.1377998e-06
3.1131902e-06
3.0885802e-06
3.0639699e-06
3.0393595e-06
3.0147489e-06
2.9901382e-06
2.9655274e-06
2.9409166e-06
2.9163058e-06
2.8916949e-06
2.867084e-06
2.8424732e-06
2.8178624e-06
2.7932516e-06
2.7686408e-06
2.7440301e-06
2.7194194e-06
2.6948087e-06
2.670198e-06
2.6455874e-06
2.6209768e-06
2.5963663e-06
2.5717557e-06
2.5471452e-06
2.5225348e-06
2.4979243e-06
2.4733139e-06
2.4487035e-06
2.4240931e-06
2.3994827e-06
2.3748724e-06
2.350262e-06
2.3256517e-06
2.3010414e-06
2.2764311e-06
2.2518209e-06
2.2272107e-06
2.2026005e-06
2.1779903e-06
2.1533802e-06
2.12877e-06
2.1041599e-06
2.0795498e-06
2.0549398e-06
2.0303297e-06
2.0057197e-06
1.9811096e-06
1.9564996e-06
1.9318897e-06
1.9072797e-06
1.8826697e-06
1.8580598e-06
1.8334499e-06
1.80884e-06
1.78423e-06
1.7596201e-06
1.7350102e-06
1.7104003e-06
1.6857903e-06
1.6611804e-06
1.6365705e-06
1.6119606e-06
1.5873506e-06
1.5627407e-06
1.5381308e-06
1.5135208e-06
1.4889109e-06
1.4643009e-06
1.4396909e-06
1.4150809e-06
1.3904709e-06
1.3658609e-06
1.3412509e-06
1.3166409e-06
1.2920309e-06
1.2674208e-06
1.2428108e-06
1.2182007e-06
1.1935907e-06
1.1689806e-06
1.1443706e-06
1.1197605e-06
1.0951504e-06
1.0705404e-06
1.0459303e-06
1.0213202e-06
9.9671014e-07
9.7210005e-07
9.4748995e-07
9.2287984e-07
8.9826972e-07
8.736596e-07
8.4904947e-07
8.2443934e-07
7.998292e-07
7.7521905e-07
7.506089e-07
7.2599874e-07
7.0138859e-07
6.7677844e-07
6.521683e-07
6.2755816e-07
6.0294803e-07
5.7833791e-07
5.5372779e-07
5.2911767e-07
5.0450756e-07
4.7989744e-07
4.5528732e-07
4.306772e-07
4.0606707e-07
3.8145695e-07
3.5684682e-07
3.3223669e-07
3.0762656e-07
2.8301644e-07
2.5840631e-07
2.3379618e-07
2.0918605e-07
1.8457592e-07
1.5996579e-07
1.3535566e-07
1.1074552e-07
8.6135373e-08
6.1525263e-08
3.6915079e-08
1.2304995e-08
4.1496084e-06
4.2063249e-06
4.2532129e-06
4.2869278e-06
4.3110664e-06
4.3292449e-06
4.3425456e-06
4.3511157e-06
4.3554957e-06
4.3565234e-06
4.354883e-06
4.3510337e-06
4.3453454e-06
4.3381576e-06
4.3297596e-06
4.3203767e-06
4.3101823e-06
4.2993132e-06
4.2878744e-06
4.2759393e-06
4.2635534e-06
4.2507362e-06
4.2374915e-06
4.2238127e-06
4.2096858e-06
4.1950936e-06
4.1800181e-06
4.1644408e-06
4.1483415e-06
4.131702e-06
4.1145117e-06
4.0967671e-06
4.0784688e-06
4.0596205e-06
4.0402305e-06
4.0203136e-06
3.9998915e-06
3.9789909e-06
3.9576428e-06
3.9358806e-06
3.9137387e-06
3.8912505e-06
3.8684436e-06
3.8453361e-06
3.821931e-06
3.7982625e-06
3.7744702e-06
3.7506791e-06
3.7268178e-06
3.7027787e-06
3.6785358e-06
3.654008e-06
3.629504e-06
3.6051564e-06
3.5806774e-06
3.5560855e-06
3.531473e-06
3.5068607e-06
3.4822448e-06
3.4576283e-06
3.4330156e-06
3.4084073e-06
3.3838015e-06
3.3591991e-06
3.3346137e-06
3.310009e-06
3.2854055e-06
3.2608049e-06
3.2362028e-06
3.2115991e-06
3.1869943e-06
3.1623885e-06
3.1377818e-06
3.1131743e-06
3.0885663e-06
3.0639578e-06
3.0393489e-06
3.0147398e-06
2.9901303e-06
2.9655206e-06
2.9409108e-06
2.9163008e-06
2.8916906e-06
2.8670804e-06
2.8424701e-06
2.8178598e-06
2.7932494e-06
2.768639e-06
2.7440286e-06
2.7194181e-06
2.6948077e-06
2.6701972e-06
2.6455867e-06
2.6209763e-06
2.5963658e-06
2.5717554e-06
2.547145e-06
2.5225346e-06
2.4979242e-06
2.4733138e-06
2.4487034e-06
2.4240931e-06
2.3994827e-06
2.3748724e-06
2.350262e-06
2.3256517e-06
2.3010415e-06
2.2764312e-06
2.251821e-06
2.2272108e-06
2.2026006e-06
2.1779904e-06
2.1533802e-06
2.1287701e-06
2.10416e-06
2.0795499e-06
2.0549398e-06
2.0303298e-06
2.0057197e-06
1.9811097e-06
1.9564997e-06
1.9318897e-06
1.9072798e-06
1.8826698e-06
1.8580599e-06
1.8334499e-06
1.80884e-06
1.7842301e-06
1.7596201e-06
1.7350102e-06
1.7104003e-06
1.6857904e-06
1.6611804e-06
1.6365705e-06
1.6119606e-06
1.5873507e-06
1.5627407e-06
1.5381308e-06
1.5135209e-06
1.4889109e-06
1.4643009e-06
1.4396909e-06
1.4150809e-06
1.3904709e-06
1.3658609e-06
1.3412509e-06
1.3166409e-06
1.2920309e-06
1.2674209e-06
1.2428108e-06
1.2182008e-06
1.1935907e-06
1.1689807e-06
1.1443706e-06
1.1197605e-06
1.0951505e-06
1.0705404e-06
1.0459303e-06
1.0213203e-06
9.9671018e-07
9.7210008e-07
9.4748998e-07
9.2287987e-07
8.9826975e-07
8.7365962e-07
8.4904948e-07
8.2443934e-07
7.998292e-07
7.7521904e-07
7.5060889e-07
7.2599873e-07
7.0138858e-07
6.7677842e-07
6.5216828e-07
6.2755813e-07
6.02948e-07
5.7833787e-07
5.5372775e-07
5.2911762e-07
5.045075e-07
4.7989738e-07
4.5528726e-07
4.3067714e-07
4.0606701e-07
3.8145688e-07
3.5684675e-07
3.3223662e-07
3.0762649e-07
2.8301636e-07
2.5840622e-07
2.3379609e-07
2.0918596e-07
1.8457583e-07
1.599657e-07
1.3535557e-07
1.1074544e-07
8.6135302e-08
6.1525206e-08
3.6915039e-08
1.2304967e-08
4.1530976e-06
4.2288169e-06
4.2983444e-06
4.3425823e-06
4.3702582e-06
4.3912872e-06
4.4076336e-06
4.4184581e-06
4.4239357e-06
4.4251655e-06
4.4231064e-06
4.4183096e-06
4.4111641e-06
4.4020538e-06
4.3913409e-06
4.3793253e-06
4.3662443e-06
4.3522904e-06
4.3376219e-06
4.3223644e-06
4.3066125e-06
4.2904336e-06
4.2738705e-06
4.2569456e-06
4.2396664e-06
4.22204e-06
4.2040726e-06
4.1857648e-06
4.1671128e-06
4.1481107e-06
4.1287527e-06
4.1090342e-06
4.0889516e-06
4.0685022e-06
4.0476858e-06
4.026506e-06
4.0049717e-06
3.9830971e-06
3.9609014e-06
3.9384073e-06
3.9156401e-06
3.8926253e-06
3.8693879e-06
3.8459528e-06
3.8223459e-06
3.7985859e-06
3.7746841e-06
3.7506624e-06
3.7265475e-06
3.7023454e-06
3.6780431e-06
3.6536735e-06
3.6292816e-06
3.6048957e-06
3.5804457e-06
3.5558858e-06
3.5312996e-06
3.5067185e-06
3.482132e-06
3.4575384e-06
3.432943e-06
3.4083475e-06
3.3837512e-06
3.3591537e-06
3.3345685e-06
3.3099707e-06
3.2853714e-06
3.2607741e-06
3.2361753e-06
3.2115746e-06
3.1869727e-06
3.1623694e-06
3.137765e-06
3.1131596e-06
3.0885534e-06
3.0639465e-06
3.0393391e-06
3.0147312e-06
2.9901229e-06
2.9655142e-06
2.9409052e-06
2.916296e-06
2.8916866e-06
2.8670769e-06
2.8424672e-06
2.8178573e-06
2.7932473e-06
2.7686372e-06
2.7440271e-06
2.7194169e-06
2.6948066e-06
2.6701964e-06
2.6455861e-06
2.6209757e-06
2.5963654e-06
2.5717551e-06
2.5471447e-06
2.5225344e-06
2.497924e-06
2.4733137e-06
2.4487033e-06
2.424093e-06
2.3994827e-06
2.3748723e-06
2.350262e-06
2.3256518e-06
2.3010415e-06
2.2764312e-06
2.251821e-06
2.2272108e-06
2.2026006e-06
2.1779904e-06
2.1533803e-06
2.1287701e-06
2.10416e-06
2.0795499e-06
2.0549399e-06
2.0303298e-06
2.0057198e-06
1.9811098e-06
1.9564998e-06
1.9318898e-06
1.9072798e-06
1.8826698e-06
1.8580599e-06
1.8334499e-06
1.80884e-06
1.7842301e-06
1.7596202e-06
1.7350102e-06
1.7104003e-06
1.6857904e-06
1.6611805e-06
1.6365706e-06
1.6119606e-06
1.5873507e-06
1.5627408e-06
1.5381308e-06
1.5135209e-06
1.4889109e-06
1.4643009e-06
1.4396909e-06
1.415081e-06
1.390471e-06
1.365861e-06
1.341251e-06
1.316641e-06
1.2920309e-06
1.2674209e-06
1.2428109e-06
1.2182008e-06
1.1935908e-06
1.1689807e-06
1.1443706e-06
1.1197606e-06
1.0951505e-06
1.0705404e-06
1.0459304e-06
1.0213203e-06
9.9671021e-07
9.7210011e-07
9.4749e-07
9.2287989e-07
8.9826976e-07
8.7365963e-07
8.4904949e-07
8.2443935e-07
7.998292e-07
7.7521904e-07
7.5060889e-07
7.2599873e-07
7.0138857e-07
6.7677842e-07
6.5216827e-07
6.2755812e-07
6.0294798e-07
5.7833784e-07
5.5372771e-07
5.2911758e-07
5.0450746e-07
4.7989733e-07
4.5528721e-07
4.3067708e-07
4.0606695e-07
3.8145682e-07
3.5684669e-07
3.3223656e-07
3.0762642e-07
2.8301629e-07
2.5840615e-07
2.3379602e-07
2.0918589e-07
1.8457576e-07
1.5996563e-07
1.3535551e-07
1.1074538e-07
8.6135252e-08
6.1525165e-08
3.6915012e-08
1.2304949e-08
4.1816654e-06
4.2787544e-06
4.368911e-06
4.4165876e-06
4.4423167e-06
4.4633926e-06
4.481086e-06
4.4925149e-06
4.497542e-06
4.4977089e-06
4.4942044e-06
4.4875941e-06
4.4782641e-06
4.4666428e-06
4.4531529e-06
4.4381473e-06
4.4219117e-06
4.4046863e-06
4.3866764e-06
4.3680514e-06
4.3489458e-06
4.329459e-06
4.3096541e-06
4.2895654e-06
4.2692118e-06
4.2486369e-06
4.2278701e-06
4.2069242e-06
4.1858082e-06
4.1645265e-06
4.143078e-06
4.1214567e-06
4.0996538e-06
4.0776577e-06
4.0554574e-06
4.0330446e-06
4.0104163e-06
3.9875756e-06
3.964532e-06
3.9413e-06
3.917897e-06
3.8943419e-06
3.8706525e-06
3.8468446e-06
3.8229311e-06
3.7989216e-06
3.77483e-06
3.7506773e-06
3.7264777e-06
3.7022263e-06
3.6779125e-06
3.6535364e-06
3.6291146e-06
3.6046773e-06
3.5802105e-06
3.5556951e-06
3.531151e-06
3.5066024e-06
3.4820402e-06
3.4574593e-06
3.4328768e-06
3.4082934e-06
3.3837068e-06
3.3591184e-06
3.3345298e-06
3.3099377e-06
3.2853436e-06
3.2607483e-06
3.2361515e-06
3.2115531e-06
3.1869534e-06
3.1623523e-06
3.1377498e-06
3.1131463e-06
3.0885417e-06
3.0639363e-06
3.0393302e-06
3.0147235e-06
2.9901162e-06
2.9655084e-06
2.9409003e-06
2.9162917e-06
2.8916829e-06
2.8670738e-06
2.8424645e-06
2.817855e-06
2.7932454e-06
2.7686356e-06
2.7440257e-06
2.7194158e-06
2.6948057e-06
2.6701956e-06
2.6455854e-06
2.6209752e-06
2.596365e-06
2.5717547e-06
2.5471444e-06
2.5225342e-06
2.4979239e-06
2.4733136e-06
2.4487032e-06
2.4240929e-06
2.3994826e-06
2.3748723e-06
2.3502621e-06
2.3256518e-06
2.3010415e-06
2.2764313e-06
2.251821e-06
2.2272108e-06
2.2026006e-06
2.1779905e-06
2.1533803e-06
2.1287702e-06
2.1041601e-06
2.07955e-06
2.0549399e-06
2.0303299e-06
2.0057198e-06
1.9811098e-06
1.9564998e-06
1.9318898e-06
1.9072798e-06
1.8826699e-06
1.8580599e-06
1.83345e-06
1.80884e-06
1.7842301e-06
1.7596202e-06
1.7350103e-06
1.7104003e-06
1.6857904e-06
1.6611805e-06
1.6365706e-06
1.6119607e-06
1.5873507e-06
1.5627408e-06
1.5381308e-06
1.5135209e-06
1.4889109e-06
1.4643009e-06
1.439691e-06
1.415081e-06
1.390471e-06
1.365861e-06
1.341251e-06
1.316641e-06
1.292031e-06
1.267421e-06
1.2428109e-06
1.2182009e-06
1.1935908e-06
1.1689808e-06
1.1443707e-06
1.1197606e-06
1.0951505e-06
1.0705405e-06
1.0459304e-06
1.0213203e-06
9.9671023e-07
9.7210013e-07
9.4749002e-07
9.228799e-07
8.9826977e-07
8.7365964e-07
8.490495e-07
8.2443935e-07
7.998292e-07
7.7521905e-07
7.5060889e-07
7.2599874e-07
7.0138858e-07
6.7677842e-07
6.5216827e-07
6.2755811e-07
6.0294797e-07
5.7833783e-07
5.5372769e-07
5.2911756e-07
5.0450742e-07
4.798973e-07
4.5528717e-07
4.3067704e-07
4.060669e-07
3.8145677e-07
3.5684664e-07
3.322365e-07
3.0762636e-07
2.8301623e-07
2.584061e-07
2.3379596e-07
2.0918583e-07
1.8457571e-07
1.5996558e-07
1.3535546e-07
1.1074534e-07
8.6135216e-08
6.1525135e-08
3.6914993e-08
1.2304939e-08
4.2574958e-06
4.3709307e-06
4.4710099e-06
4.514001e-06
4.5336256e-06
4.5519785e-06
4.5681324e-06
4.5774641e-06
4.5798305e-06
4.5771087e-06
4.5705359e-06
4.560707e-06
4.5479968e-06
4.5328566e-06
4.5157463e-06
4.4970523e-06
4.4770922e-06
4.4561385e-06
4.4344266e-06
4.412155e-06
4.389496e-06
4.3666031e-06
4.343588e-06
4.3205102e-06
4.2972289e-06
4.2738336e-06
4.2504034e-06
4.2269633e-06
4.2035311e-06
4.1801175e-06
4.1567211e-06
4.1333308e-06
4.1099283e-06
4.0864911e-06
4.0629958e-06
4.039423e-06
4.0157594e-06
3.992e-06
3.9681473e-06
3.9442097e-06
3.920199e-06
3.8961276e-06
3.8720066e-06
3.8478445e-06
3.8236472e-06
3.7994186e-06
3.7751616e-06
3.750878e-06
3.7265669e-06
3.7022248e-06
3.6778488e-06
3.6534407e-06
3.6290075e-06
3.6045545e-06
3.5800778e-06
3.5555729e-06
3.5310456e-06
3.5065054e-06
3.4819537e-06
3.457391e-06
3.4328217e-06
3.4082469e-06
3.3836671e-06
3.3590845e-06
3.3344996e-06
3.3099116e-06
3.2853207e-06
3.2607279e-06
3.2361333e-06
3.2115368e-06
3.1869387e-06
3.162339e-06
3.1377377e-06
3.1131354e-06
3.0885321e-06
3.0639278e-06
3.0393227e-06
3.0147169e-06
2.9901105e-06
2.9655035e-06
2.940896e-06
2.9162881e-06
2.8916798e-06
2.8670712e-06
2.8424623e-06
2.8178531e-06
2.7932438e-06
2.7686343e-06
2.7440246e-06
2.7194148e-06
2.6948049e-06
2.6701949e-06
2.6455849e-06
2.6209748e-06
2.5963646e-06
2.5717544e-06
2.5471442e-06
2.522534e-06
2.4979237e-06
2.4733135e-06
2.4487032e-06
2.4240929e-06
2.3994826e-06
2.3748723e-06
2.3502621e-06
2.3256518e-06
2.3010415e-06
2.2764313e-06
2.2518211e-06
2.2272109e-06
2.2026007e-06
2.1779905e-06
2.1533803e-06
2.1287702e-06
2.1041601e-06
2.07955e-06
2.05494e-06
2.0303299e-06
2.0057199e-06
1.9811099e-06
1.9564999e-06
1.9318899e-06
1.9072799e-06
1.8826699e-06
1.8580599e-06
1.83345e-06
1.8088401e-06
1.7842301e-06
1.7596202e-06
1.7350103e-06
1.7104004e-06
1.6857905e-06
1.6611805e-06
1.6365706e-06
1.6119607e-06
1.5873507e-06
1.5627408e-06
1.5381308e-06
1.5135209e-06
1.4889109e-06
1.4643009e-06
1.439691e-06
1.415081e-06
1.390471e-06
1.365861e-06
1.341251e-06
1.316641e-06
1.292031e-06
1.267421e-06
1.242811e-06
1.2182009e-06
1.1935908e-06
1.1689808e-06
1.1443707e-06
1.1197606e-06
1.0951506e-06
1.0705405e-06
1.0459304e-06
1.0213203e-06
9.9671025e-07
9.7210014e-07
9.4749003e-07
9.2287991e-07
8.9826978e-07
8.7365964e-07
8.490495e-07
8.2443936e-07
7.9982921e-07
7.7521906e-07
7.506089e-07
7.2599875e-07
7.0138859e-07
6.7677843e-07
6.5216827e-07
6.2755812e-07
6.0294796e-07
5.7833782e-07
5.5372767e-07
5.2911754e-07
5.045074e-07
4.7989727e-07
4.5528713e-07
4.30677e-07
4.0606687e-07
3.8145673e-07
3.5684659e-07
3.3223646e-07
3.0762632e-07
2.8301619e-07
2.5840605e-07
2.3379592e-07
2.0918579e-07
1.8457567e-07
1.5996555e-07
1.3535543e-07
1.1074531e-07
8.6135191e-08
6.1525113e-08
3.6914979e-08
1.2304931e-08
4.3750012e-06
4.4801276e-06
4.5691433e-06
4.6062387e-06
4.623397e-06
4.6393545e-06
4.6523417e-06
4.6582649e-06
4.6573e-06
4.6513029e-06
4.6414723e-06
4.6282881e-06
4.6121375e-06
4.5935143e-06
4.5728976e-06
4.5506891e-06
4.5272282e-06
4.5028137e-06
4.4777114e-06
4.4521509e-06
4.4263485e-06
4.4004932e-06
4.3745873e-06
4.3485479e-06
4.3224757e-06
4.2965057e-06
4.270679e-06
4.2450157e-06
4.2195357e-06
4.194245e-06
4.169134e-06
4.144182e-06
4.1193594e-06
4.0946322e-06
4.0699675e-06
4.0453378e-06
4.0207245e-06
3.9961184e-06
3.9715189e-06
3.9469311e-06
3.9223623e-06
3.8978192e-06
3.8733058e-06
3.8488223e-06
3.8243659e-06
3.7999311e-06
3.7755112e-06
3.7510994e-06
3.7266894e-06
3.7022749e-06
3.67785e-06
3.6534109e-06
3.6289562e-06
3.6044859e-06
3.5799989e-06
3.5554941e-06
3.5309732e-06
3.5064395e-06
3.4818949e-06
3.4573407e-06
3.4327791e-06
3.4082096e-06
3.3836348e-06
3.3590577e-06
3.3344763e-06
3.309891e-06
3.2853029e-06
3.2607123e-06
3.2361194e-06
3.2115244e-06
3.1869275e-06
3.162329e-06
3.137729e-06
3.1131277e-06
3.0885253e-06
3.0639219e-06
3.0393174e-06
3.0147122e-06
2.9901063e-06
2.9654998e-06
2.9408928e-06
2.9162853e-06
2.8916774e-06
2.8670691e-06
2.8424605e-06
2.8178517e-06
2.7932425e-06
2.7686332e-06
2.7440237e-06
2.7194141e-06
2.6948043e-06
2.6701945e-06
2.6455845e-06
2.6209745e-06
2.5963644e-06
2.5717543e-06
2.5471441e-06
2.5225339e-06
2.4979237e-06
2.4733134e-06
2.4487032e-06
2.4240929e-06
2.3994826e-06
2.3748723e-06
2.3502621e-06
2.3256518e-06
2.3010416e-06
2.2764313e-06
2.2518211e-06
2.2272109e-06
2.2026007e-06
2.1779905e-06
2.1533804e-06
2.1287703e-06
2.1041602e-06
2.0795501e-06
2.05494e-06
2.03033e-06
2.0057199e-06
1.9811099e-06
1.9564999e-06
1.9318899e-06
1.9072799e-06
1.8826699e-06
1.85806e-06
1.83345e-06
1.8088401e-06
1.7842301e-06
1.7596202e-06
1.7350103e-06
1.7104004e-06
1.6857905e-06
1.6611805e-06
1.6365706e-06
1.6119607e-06
1.5873507e-06
1.5627408e-06
1.5381308e-06
1.5135209e-06
1.4889109e-06
1.4643009e-06
1.439691e-06
1.415081e-06
1.390471e-06
1.365861e-06
1.3412511e-06
1.3166411e-06
1.292031e-06
1.267421e-06
1.242811e-06
1.2182009e-06
1.1935909e-06
1.1689808e-06
1.1443707e-06
1.1197607e-06
1.0951506e-06
1.0705405e-06
1.0459304e-06
1.0213204e-06
9.9671026e-07
9.7210015e-07
9.4749004e-07
9.2287991e-07
8.9826978e-07
8.7365964e-07
8.490495e-07
8.2443936e-07
7.9982922e-07
7.7521907e-07
7.5060892e-07
7.2599876e-07
7.0138861e-07
6.7677845e-07
6.5216829e-07
6.2755813e-07
6.0294797e-07
5.7833782e-07
5.5372767e-07
5.2911753e-07
5.0450738e-07
4.7989725e-07
4.5528711e-07
4.3067697e-07
4.0606684e-07
3.814567e-07
3.5684656e-07
3.3223643e-07
3.0762629e-07
2.8301616e-07
2.5840603e-07
2.337959e-07
2.0918577e-07
1.8457564e-07
1.5996552e-07
1.353554e-07
1.1074529e-07
8.6135176e-08
6.1525098e-08
3.6914969e-08
1.2304925e-08
4.5153013e-06
4.5949411e-06
4.6592346e-06
4.6924218e-06
4.7108018e-06
4.724286e-06
4.73258e-06
4.7340705e-06
4.7292648e-06
4.7195574e-06
4.7059893e-06
4.6890557e-06
4.6692341e-06
4.6470329e-06
4.6229204e-06
4.5972965e-06
4.5704984e-06
4.542814e-06
4.5144874e-06
4.4856961e-06
4.4567689e-06
4.4281451e-06
4.3997014e-06
4.3711431e-06
4.3428005e-06
4.31478e-06
4.2870592e-06
4.2596507e-06
4.2325687e-06
4.2058049e-06
4.1793369e-06
4.1531331e-06
4.1271554e-06
4.1013635e-06
4.0757215e-06
4.0502015e-06
4.0247855e-06
3.9994654e-06
3.9742404e-06
3.9491135e-06
3.9240878e-06
3.8991637e-06
3.8743375e-06
3.8496009e-06
3.8249423e-06
3.8003481e-06
3.7758039e-06
3.7512962e-06
3.7268126e-06
3.7023423e-06
3.6778764e-06
3.6534082e-06
3.6289336e-06
3.60445e-06
3.5799554e-06
3.5554482e-06
3.5309286e-06
3.5063978e-06
3.4818562e-06
3.4573062e-06
3.4327555e-06
3.4081857e-06
3.3836081e-06
3.3590392e-06
3.3344609e-06
3.3098767e-06
3.2852903e-06
3.2607014e-06
3.2361097e-06
3.2115158e-06
3.18692e-06
3.1623224e-06
3.1377233e-06
3.1131227e-06
3.0885208e-06
3.0639179e-06
3.039314e-06
3.0147092e-06
2.9901038e-06
2.9654976e-06
2.9408909e-06
2.9162837e-06
2.891676e-06
2.8670679e-06
2.8424595e-06
2.8178508e-06
2.7932417e-06
2.7686325e-06
2.7440231e-06
2.7194136e-06
2.6948039e-06
2.6701942e-06
2.6455843e-06
2.6209743e-06
2.5963643e-06
2.5717542e-06
2.547144e-06
2.5225338e-06
2.4979236e-06
2.4733134e-06
2.4487032e-06
2.4240929e-06
2.3994826e-06
2.3748724e-06
2.3502621e-06
2.3256519e-06
2.3010416e-06
2.2764314e-06
2.2518211e-06
2.2272109e-06
2.2026007e-06
2.1779906e-06
2.1533804e-06
2.1287703e-06
2.1041602e-06
2.0795501e-06
2.05494e-06
2.03033e-06
2.0057199e-06
1.9811099e-06
1.9564999e-06
1.9318899e-06
1.9072799e-06
1.8826699e-06
1.85806e-06
1.83345e-06
1.8088401e-06
1.7842302e-06
1.7596202e-06
1.7350103e-06
1.7104004e-06
1.6857905e-06
1.6611805e-06
1.6365706e-06
1.6119607e-06
1.5873507e-06
1.5627408e-06
1.5381308e-06
1.5135209e-06
1.4889109e-06
1.464301e-06
1.439691e-06
1.415081e-06
1.390471e-06
1.3658611e-06
1.3412511e-06
1.3166411e-06
1.2920311e-06
1.267421e-06
1.242811e-06
1.2182009e-06
1.1935909e-06
1.1689808e-06
1.1443708e-06
1.1197607e-06
1.0951506e-06
1.0705405e-06
1.0459305e-06
1.0213204e-06
9.9671027e-07
9.7210016e-07
9.4749004e-07
9.2287991e-07
8.9826978e-07
8.7365964e-07
8.4904951e-07
8.2443937e-07
7.9982922e-07
7.7521908e-07
7.5060893e-07
7.2599878e-07
7.0138862e-07
6.7677846e-07
6.521683e-07
6.2755814e-07
6.0294798e-07
5.7833782e-07
5.5372767e-07
5.2911753e-07
5.0450738e-07
4.7989724e-07
4.552871e-07
4.3067696e-07
4.0606682e-07
3.8145669e-07
3.5684655e-07
3.3223641e-07
3.0762628e-07
2.8301615e-07
2.5840601e-07
2.3379589e-07
2.0918576e-07
1.8457563e-07
1.5996551e-07
1.353554e-07
1.1074528e-07
8.6135167e-08
6.1525082e-08
3.6914952e-08
1.2304921e-08
4.6026644e-06
4.6654807e-06
4.7144507e-06
4.7476093e-06
4.7684084e-06
4.7805334e-06
4.785545e-06
4.7838812e-06
4.7762252e-06
4.7636163e-06
4.7470114e-06
4.7270966e-06
4.7044136e-06
4.6794621e-06
4.6527056e-06
4.6245432e-06
4.5952964e-06
4.5652061e-06
4.5344346e-06
4.5028999e-06
4.4714572e-06
4.4418919e-06
4.4132535e-06
4.3839944e-06
4.3546636e-06
4.3256389e-06
4.2969277e-06
4.2685592e-06
4.2405668e-06
4.2129435e-06
4.1856633e-06
4.1586924e-06
4.1319925e-06
4.1055252e-06
4.079258e-06
4.0531672e-06
4.0272389e-06
4.0014671e-06
3.9758514e-06
3.9503927e-06
3.9250903e-06
3.8999392e-06
3.8749295e-06
3.8500464e-06
3.8252723e-06
3.8005878e-06
3.7759736e-06
3.7514119e-06
3.726887e-06
3.7023856e-06
3.677897e-06
3.6534128e-06
3.6289273e-06
3.6044363e-06
3.579937e-06
3.5554277e-06
3.5309079e-06
3.5063779e-06
3.4818372e-06
3.4572887e-06
3.4327453e-06
3.4081761e-06
3.3835948e-06
3.3590292e-06
3.334453e-06
3.3098696e-06
3.2852842e-06
3.2606961e-06
3.2361051e-06
3.2115118e-06
3.1869165e-06
3.1623193e-06
3.1377205e-06
3.1131203e-06
3.0885187e-06
3.0639161e-06
3.0393125e-06
3.014708e-06
2.9901027e-06
2.9654967e-06
2.9408901e-06
2.916283e-06
2.8916754e-06
2.8670674e-06
2.8424591e-06
2.8178504e-06
2.7932415e-06
2.7686323e-06
2.744023e-06
2.7194135e-06
2.6948039e-06
2.6701941e-06
2.6455843e-06
2.6209743e-06
2.5963643e-06
2.5717542e-06
2.547144e-06
2.5225339e-06
2.4979237e-06
2.4733135e-06
2.4487032e-06
2.424093e-06
2.3994827e-06
2.3748724e-06
2.3502622e-06
2.3256519e-06
2.3010417e-06
2.2764314e-06
2.2518212e-06
2.227211e-06
2.2026008e-06
2.1779906e-06
2.1533805e-06
2.1287703e-06
2.1041602e-06
2.0795501e-06
2.0549401e-06
2.03033e-06
2.0057199e-06
1.9811099e-06
1.9564999e-06
1.9318899e-06
1.9072799e-06
1.8826699e-06
1.85806e-06
1.83345e-06
1.8088401e-06
1.7842302e-06
1.7596203e-06
1.7350103e-06
1.7104004e-06
1.6857905e-06
1.6611805e-06
1.6365706e-06
1.6119607e-06
1.5873507e-06
1.5627408e-06
1.5381308e-06
1.5135209e-06
1.4889109e-06
1.464301e-06
1.439691e-06
1.415081e-06
1.3904711e-06
1.3658611e-06
1.3412511e-06
1.3166411e-06
1.2920311e-06
1.267421e-06
1.242811e-06
1.218201e-06
1.1935909e-06
1.1689808e-06
1.1443708e-06
1.1197607e-06
1.0951506e-06
1.0705406e-06
1.0459305e-06
1.0213204e-06
9.9671027e-07
9.7210016e-07
9.4749004e-07
9.2287991e-07
8.9826978e-07
8.7365964e-07
8.4904951e-07
8.2443937e-07
7.9982923e-07
7.7521909e-07
7.5060894e-07
7.2599879e-07
7.0138863e-07
6.7677847e-07
6.5216831e-07
6.2755815e-07
6.0294799e-07
5.7833784e-07
5.5372768e-07
5.2911753e-07
5.0450739e-07
4.7989724e-07
4.552871e-07
4.3067696e-07
4.0606682e-07
3.8145669e-07
3.5684655e-07
3.3223641e-07
3.0762628e-07
2.8301615e-07
2.5840602e-07
2.3379589e-07
2.0918577e-07
1.8457564e-07
1.5996552e-07
1.353554e-07
1.1074529e-07
8.6135183e-08
6.1525089e-08
3.6914922e-08
1.2304889e-08
4.6031491e-06
4.6660985e-06
4.7151489e-06
4.7483377e-06
4.769116e-06
4.781185e-06
4.7861163e-06
4.7843547e-06
4.7765814e-06
4.7638466e-06
4.7471186e-06
4.727094e-06
4.704317e-06
4.6792914e-06
4.6524832e-06
4.6242928e-06
4.5950416e-06
4.5649709e-06
4.5342456e-06
4.50281e-06
4.4713856e-06
4.4417567e-06
4.4131227e-06
4.3838933e-06
4.3545772e-06
4.3255668e-06
4.2968711e-06
4.2685166e-06
4.2405363e-06
4.2129233e-06
4.1856512e-06
4.1586865e-06
4.131991e-06
4.1055265e-06
4.079261e-06
4.053171e-06
4.0272426e-06
4.0014705e-06
3.9758542e-06
3.9503948e-06
3.9250918e-06
3.8999402e-06
3.87493e-06
3.8500467e-06
3.8252724e-06
3.8005878e-06
3.7759737e-06
3.7514121e-06
3.7268872e-06
3.7023859e-06
3.6778974e-06
3.6534133e-06
3.6289278e-06
3.6044369e-06
3.5799377e-06
3.5554285e-06
3.5309087e-06
3.5063788e-06
3.481839e-06
3.457291e-06
3.4327385e-06
3.4081731e-06
3.3836006e-06
3.3590302e-06
3.334453e-06
3.3098702e-06
3.2852848e-06
3.2606966e-06
3.2361056e-06
3.2115122e-06
3.1869169e-06
3.1623197e-06
3.1377209e-06
3.1131207e-06
3.0885192e-06
3.0639165e-06
3.0393128e-06
3.0147083e-06
2.990103e-06
2.965497e-06
2.9408904e-06
2.9162833e-06
2.8916757e-06
2.8670677e-06
2.8424594e-06
2.8178507e-06
2.7932418e-06
2.7686326e-06
2.7440232e-06
2.7194137e-06
2.6948041e-06
2.6701943e-06
2.6455844e-06
2.6209745e-06
2.5963644e-06
2.5717543e-06
2.5471442e-06
2.522534e-06
2.4979238e-06
2.4733136e-06
2.4487033e-06
2.4240931e-06
2.3994828e-06
2.3748725e-06
2.3502622e-06
2.325652e-06
2.3010417e-06
2.2764315e-06
2.2518213e-06
2.227211e-06
2.2026009e-06
2.1779907e-06
2.1533805e-06
2.1287704e-06
2.1041603e-06
2.0795502e-06
2.0549401e-06
2.03033e-06
2.00572e-06
1.9811099e-06
1.9564999e-06
1.9318899e-06
1.9072799e-06
1.88267e-06
1.85806e-06
1.83345e-06
1.8088401e-06
1.7842302e-06
1.7596202e-06
1.7350103e-06
1.7104004e-06
1.6857905e-06
1.6611805e-06
1.6365706e-06
1.6119606e-06
1.5873507e-06
1.5627408e-06
1.5381308e-06
1.5135209e-06
1.4889109e-06
1.464301e-06
1.439691e-06
1.415081e-06
1.3904711e-06
1.3658611e-06
1.3412511e-06
1.3166411e-06
1.2920311e-06
1.267421e-06
1.242811e-06
1.218201e-06
1.1935909e-06
1.1689809e-06
1.1443708e-06
1.1197607e-06
1.0951507e-06
1.0705406e-06
1.0459305e-06
1.0213204e-06
9.9671028e-07
9.7210016e-07
9.4749004e-07
9.2287991e-07
8.9826978e-07
8.7365965e-07
8.4904951e-07
8.2443938e-07
7.9982924e-07
7.752191e-07
7.5060895e-07
7.259988e-07
7.0138865e-07
6.7677849e-07
6.5216833e-07
6.2755817e-07
6.0294801e-07
5.7833786e-07
5.537277e-07
5.2911755e-07
5.0450741e-07
4.7989726e-07
4.5528712e-07
4.3067698e-07
4.0606684e-07
3.814567e-07
3.5684657e-07
3.3223643e-07
3.076263e-07
2.8301617e-07
2.5840604e-07
2.3379591e-07
2.0918578e-07
1.8457566e-07
1.5996553e-07
1.3535541e-07
1.107453e-07
8.6135189e-08
6.1525093e-08
3.6914924e-08
1.230489e-08
4.5164893e-06
4.596453e-06
4.6608438e-06
4.6940843e-06
4.7124562e-06
4.725853e-06
4.7339918e-06
4.7352721e-06
4.7302158e-06
4.7202182e-06
4.7063458e-06
4.689159e-06
4.66912e-06
4.6467415e-06
4.6224986e-06
4.5967932e-06
4.5699605e-06
4.5422818e-06
4.5139923e-06
4.4852613e-06
4.4563853e-06
4.4278092e-06
4.399447e-06
4.3709659e-06
4.3426229e-06
4.3146188e-06
4.2869274e-06
4.2595477e-06
4.2324925e-06
4.2057524e-06
4.1793039e-06
4.1531152e-06
4.1271484e-06
4.101364e-06
4.0757265e-06
4.0502086e-06
4.0247931e-06
3.9994725e-06
3.9742462e-06
3.9491179e-06
3.9240907e-06
3.8991654e-06
3.8743382e-06
3.849601e-06
3.8249422e-06
3.8003479e-06
3.7758039e-06
3.7512964e-06
3.7268132e-06
3.7023432e-06
3.6778775e-06
3.6534096e-06
3.6289353e-06
3.6044519e-06
3.5799573e-06
3.5554502e-06
3.5309305e-06
3.5063995e-06
3.4818584e-06
3.4573085e-06
3.4327511e-06
3.4081863e-06
3.3836152e-06
3.3590405e-06
3.3344615e-06
3.3098783e-06
3.2852919e-06
3.2607028e-06
3.2361111e-06
3.2115172e-06
3.1869214e-06
3.1623237e-06
3.1377245e-06
3.1131239e-06
3.088522e-06
3.0639191e-06
3.0393152e-06
3.0147104e-06
2.9901049e-06
2.9654987e-06
2.9408919e-06
2.9162846e-06
2.8916769e-06
2.8670688e-06
2.8424603e-06
2.8178515e-06
2.7932425e-06
2.7686333e-06
2.7440238e-06
2.7194143e-06
2.6948046e-06
2.6701947e-06
2.6455848e-06
2.6209748e-06
2.5963647e-06
2.5717546e-06
2.5471444e-06
2.5225342e-06
2.497924e-06
2.4733138e-06
2.4487035e-06
2.4240932e-06
2.3994829e-06
2.3748726e-06
2.3502623e-06
2.3256521e-06
2.3010418e-06
2.2764316e-06
2.2518213e-06
2.2272111e-06
2.2026009e-06
2.1779907e-06
2.1533806e-06
2.1287704e-06
2.1041603e-06
2.0795502e-06
2.0549401e-06
2.03033e-06
2.00572e-06
1.9811099e-06
1.9564999e-06
1.9318899e-06
1.9072799e-06
1.88267e-06
1.85806e-06
1.83345e-06
1.8088401e-06
1.7842302e-06
1.7596202e-06
1.7350103e-06
1.7104004e-06
1.6857904e-06
1.6611805e-06
1.6365706e-06
1.6119606e-06
1.5873507e-06
1.5627408e-06
1.5381308e-06
1.5135209e-06
1.4889109e-06
1.464301e-06
1.439691e-06
1.415081e-06
1.3904711e-06
1.3658611e-06
1.3412511e-06
1.3166411e-06
1.292031e-06
1.267421e-06
1.242811e-06
1.218201e-06
1.1935909e-06
1.1689809e-06
1.1443708e-06
1.1197607e-06
1.0951507e-06
1.0705406e-06
1.0459305e-06
1.0213204e-06
9.9671028e-07
9.7210017e-07
9.4749004e-07
9.2287992e-07
8.9826979e-07
8.7365965e-07
8.4904952e-07
8.2443938e-07
7.9982925e-07
7.7521911e-07
7.5060896e-07
7.2599881e-07
7.0138866e-07
6.7677851e-07
6.5216835e-07
6.2755819e-07
6.0294804e-07
5.7833789e-07
5.5372774e-07
5.2911759e-07
5.0450744e-07
4.798973e-07
4.5528715e-07
4.3067701e-07
4.0606687e-07
3.8145674e-07
3.568466e-07
3.3223647e-07
3.0762633e-07
2.830162e-07
2.5840607e-07
2.3379594e-07
2.0918581e-07
1.8457568e-07
1.5996555e-07
1.3535543e-07
1.107453e-07
8.6135184e-08
6.1525093e-08
3.6914959e-08
1.2304923e-08
4.3764076e-06
4.4818672e-06
4.571005e-06
4.6080963e-06
4.6251974e-06
4.641035e-06
4.6538386e-06
4.6595336e-06
4.6583132e-06
4.6520325e-06
4.6419064e-06
4.6284553e-06
4.61208e-06
4.593272e-06
4.5725147e-06
4.5502118e-06
4.5267e-06
4.5022721e-06
4.4771851e-06
4.4516583e-06
4.4258957e-06
4.4000826e-06
4.3742369e-06
4.348264e-06
4.3222374e-06
4.2963024e-06
4.2705151e-06
4.2448904e-06
4.2194446e-06
4.1941831e-06
4.1690959e-06
4.144162e-06
4.1193525e-06
4.0946341e-06
4.0699744e-06
4.0453469e-06
4.0207338e-06
3.9961266e-06
3.9715253e-06
3.9469355e-06
3.9223648e-06
3.8978202e-06
3.8733056e-06
3.8488216e-06
3.824365e-06
3.7999304e-06
3.7755109e-06
3.7510997e-06
3.7266903e-06
3.7022764e-06
3.677852e-06
3.6534134e-06
3.6289591e-06
3.6044892e-06
3.5800023e-06
3.5554974e-06
3.5309763e-06
3.5064423e-06
3.4818974e-06
3.457343e-06
3.4327808e-06
3.4082125e-06
3.3836385e-06
3.3590604e-06
3.3344788e-06
3.3098936e-06
3.2853054e-06
3.2607147e-06
3.2361217e-06
3.2115267e-06
3.1869298e-06
3.1623313e-06
3.1377312e-06
3.1131298e-06
3.0885272e-06
3.0639237e-06
3.0393193e-06
3.0147141e-06
2.9901082e-06
2.9655017e-06
2.9408945e-06
2.9162869e-06
2.8916789e-06
2.8670706e-06
2.8424619e-06
2.817853e-06
2.7932438e-06
2.7686344e-06
2.7440249e-06
2.7194152e-06
2.6948053e-06
2.6701954e-06
2.6455854e-06
2.6209753e-06
2.5963652e-06
2.571755e-06
2.5471448e-06
2.5225346e-06
2.4979243e-06
2.473314e-06
2.4487037e-06
2.4240934e-06
2.3994831e-06
2.3748728e-06
2.3502625e-06
2.3256522e-06
2.3010419e-06
2.2764317e-06
2.2518214e-06
2.2272112e-06
2.202601e-06
2.1779908e-06
2.1533806e-06
2.1287704e-06
2.1041603e-06
2.0795502e-06
2.0549401e-06
2.03033e-06
2.00572e-06
1.9811099e-06
1.9564999e-06
1.9318899e-06
1.9072799e-06
1.8826699e-06
1.85806e-06
1.83345e-06
1.8088401e-06
1.7842301e-06
1.7596202e-06
1.7350103e-06
1.7104003e-06
1.6857904e-06
1.6611805e-06
1.6365705e-06
1.6119606e-06
1.5873507e-06
1.5627408e-06
1.5381308e-06
1.5135209e-06
1.4889109e-06
1.464301e-06
1.439691e-06
1.415081e-06
1.390471e-06
1.365861e-06
1.341251e-06
1.316641e-06
1.292031e-06
1.267421e-06
1.242811e-06
1.2182009e-06
1.1935909e-06
1.1689809e-06
1.1443708e-06
1.1197607e-06
1.0951507e-06
1.0705406e-06
1.0459305e-06
1.0213204e-06
9.9671028e-07
9.7210017e-07
9.4749005e-07
9.2287992e-07
8.9826979e-07
8.7365966e-07
8.4904953e-07
8.2443939e-07
7.9982925e-07
7.7521911e-07
7.5060897e-07
7.2599882e-07
7.0138867e-07
6.7677852e-07
6.5216837e-07
6.2755822e-07
6.0294807e-07
5.7833792e-07
5.5372777e-07
5.2911763e-07
5.0450748e-07
4.7989734e-07
4.552872e-07
4.3067706e-07
4.0606692e-07
3.8145678e-07
3.5684664e-07
3.3223651e-07
3.0762638e-07
2.8301625e-07
2.5840611e-07
2.3379598e-07
2.0918585e-07
1.8457572e-07
1.5996559e-07
1.3535546e-07
1.1074533e-07
8.6135206e-08
6.1525118e-08
3.691498e-08
1.2304928e-08
4.2586638e-06
4.3723179e-06
4.4726135e-06
4.5156124e-06
4.5351426e-06
4.5533642e-06
4.5693529e-06
4.5784881e-06
4.5806398e-06
4.5777122e-06
4.5709465e-06
4.5609093e-06
4.5480141e-06
4.5327191e-06
4.5154856e-06
4.4967008e-06
4.4766802e-06
4.4556931e-06
4.4339702e-06
4.4117054e-06
4.3890648e-06
4.3661956e-06
4.3431981e-06
4.3201468e-06
4.2969506e-06
4.2736138e-06
4.2502284e-06
4.2268297e-06
4.203433e-06
4.1800485e-06
4.1566756e-06
4.1333034e-06
4.1099142e-06
4.0864859e-06
4.0629961e-06
4.039426e-06
4.0157631e-06
3.992003e-06
3.9681489e-06
3.9442097e-06
3.9201976e-06
3.8961251e-06
3.8720035e-06
3.8478414e-06
3.8236445e-06
3.7994167e-06
3.7751607e-06
3.7508782e-06
3.7265682e-06
3.702227e-06
3.6778516e-06
3.6534442e-06
3.6290119e-06
3.6045597e-06
3.580083e-06
3.5555776e-06
3.5310503e-06
3.506509e-06
3.4819565e-06
3.4573945e-06
3.4328256e-06
3.4082507e-06
3.3836713e-06
3.3590887e-06
3.3345037e-06
3.3099154e-06
3.2853243e-06
3.2607313e-06
3.2361365e-06
3.2115398e-06
3.1869416e-06
3.1623419e-06
3.1377408e-06
3.1131384e-06
3.0885349e-06
3.0639305e-06
3.0393254e-06
3.0147195e-06
2.990113e-06
2.9655059e-06
2.9408983e-06
2.9162903e-06
2.8916819e-06
2.8670732e-06
2.8424642e-06
2.817855e-06
2.7932456e-06
2.768636e-06
2.7440262e-06
2.7194164e-06
2.6948064e-06
2.6701963e-06
2.6455862e-06
2.620976e-06
2.5963658e-06
2.5717555e-06
2.5471452e-06
2.5225349e-06
2.4979246e-06
2.4733143e-06
2.4487039e-06
2.4240936e-06
2.3994833e-06
2.3748729e-06
2.3502626e-06
2.3256523e-06
2.301042e-06
2.2764318e-06
2.2518215e-06
2.2272113e-06
2.202601e-06
2.1779908e-06
2.1533806e-06
2.1287705e-06
2.1041603e-06
2.0795502e-06
2.0549401e-06
2.03033e-06
2.00572e-06
1.9811099e-06
1.9564999e-06
1.9318899e-06
1.9072799e-06
1.8826699e-06
1.85806e-06
1.83345e-06
1.8088401e-06
1.7842301e-06
1.7596202e-06
1.7350102e-06
1.7104003e-06
1.6857904e-06
1.6611804e-06
1.6365705e-06
1.6119606e-06
1.5873507e-06
1.5627408e-06
1.5381308e-06
1.5135209e-06
1.4889109e-06
1.464301e-06
1.439691e-06
1.415081e-06
1.390471e-06
1.365861e-06
1.341251e-06
1.316641e-06
1.292031e-06
1.267421e-06
1.242811e-06
1.2182009e-06
1.1935909e-06
1.1689808e-06
1.1443708e-06
1.1197607e-06
1.0951506e-06
1.0705406e-06
1.0459305e-06
1.0213204e-06
9.9671028e-07
9.7210017e-07
9.4749005e-07
9.2287993e-07
8.982698e-07
8.7365967e-07
8.4904953e-07
8.244394e-07
7.9982926e-07
7.7521912e-07
7.5060898e-07
7.2599883e-07
7.0138869e-07
6.7677854e-07
6.5216839e-07
6.2755825e-07
6.029481e-07
5.7833796e-07
5.5372781e-07
5.2911767e-07
5.0450753e-07
4.7989739e-07
4.5528725e-07
4.3067711e-07
4.0606697e-07
3.8145684e-07
3.568467e-07
3.3223657e-07
3.0762644e-07
2.8301631e-07
2.5840617e-07
2.3379604e-07
2.091859e-07
1.8457577e-07
1.5996563e-07
1.353555e-07
1.1074537e-07
8.6135235e-08
6.1525142e-08
3.6914996e-08
1.2304936e-08
4.1825644e-06
4.2798845e-06
4.3701816e-06
4.4178643e-06
4.4435183e-06
4.4644979e-06
4.4820735e-06
4.4933561e-06
4.4982141e-06
4.4982033e-06
4.4945218e-06
4.4877414e-06
4.4782588e-06
4.4665084e-06
4.4529158e-06
4.4378352e-06
4.4215511e-06
4.4043012e-06
4.3862865e-06
4.367672e-06
4.3485874e-06
4.3291287e-06
4.309356e-06
4.2893038e-06
4.2689904e-06
4.2484506e-06
4.2277169e-06
4.2068022e-06
4.1857138e-06
4.1644556e-06
4.1430265e-06
4.1214207e-06
4.0996294e-06
4.0776415e-06
4.0554465e-06
4.0330368e-06
4.0104098e-06
3.9875693e-06
3.9645253e-06
3.9412926e-06
3.9178891e-06
3.8943338e-06
3.8706447e-06
3.8468377e-06
3.8229254e-06
3.7989177e-06
3.7748281e-06
3.7506777e-06
3.7264801e-06
3.70223e-06
3.6779168e-06
3.6535409e-06
3.6291213e-06
3.6046859e-06
3.5802177e-06
3.5557013e-06
3.5311589e-06
3.5066049e-06
3.4820386e-06
3.4574628e-06
3.4328828e-06
3.4082994e-06
3.3837129e-06
3.3591243e-06
3.3345358e-06
3.3099426e-06
3.2853481e-06
3.2607528e-06
3.2361558e-06
3.2115572e-06
3.1869572e-06
3.162356e-06
3.1377535e-06
3.1131499e-06
3.0885453e-06
3.0639398e-06
3.0393336e-06
3.0147268e-06
2.9901194e-06
2.9655116e-06
2.9409033e-06
2.9162947e-06
2.8916857e-06
2.8670765e-06
2.8424671e-06
2.8178575e-06
2.7932477e-06
2.7686378e-06
2.7440278e-06
2.7194178e-06
2.6948076e-06
2.6701974e-06
2.6455871e-06
2.6209768e-06
2.5963665e-06
2.5717561e-06
2.5471457e-06
2.5225354e-06
2.497925e-06
2.4733146e-06
2.4487042e-06
2.4240938e-06
2.3994835e-06
2.3748731e-06
2.3502628e-06
2.3256524e-06
2.3010421e-06
2.2764318e-06
2.2518216e-06
2.2272113e-06
2.2026011e-06
2.1779909e-06
2.1533807e-06
2.1287705e-06
2.1041603e-06
2.0795502e-06
2.0549401e-06
2.03033e-06
2.00572e-06
1.9811099e-06
1.9564999e-06
1.9318899e-06
1.9072799e-06
1.8826699e-06
1.8580599e-06
1.83345e-06
1.80884e-06
1.7842301e-06
1.7596201e-06
1.7350102e-06
1.7104003e-06
1.6857903e-06
1.6611804e-06
1.6365705e-06
1.6119606e-06
1.5873507e-06
1.5627407e-06
1.5381308e-06
1.5135209e-06
1.4889109e-06
1.4643009e-06
1.439691e-06
1.415081e-06
1.390471e-06
1.365861e-06
1.341251e-06
1.316641e-06
1.292031e-06
1.267421e-06
1.2428109e-06
1.2182009e-06
1.1935909e-06
1.1689808e-06
1.1443708e-06
1.1197607e-06
1.0951506e-06
1.0705406e-06
1.0459305e-06
1.0213204e-06
9.9671028e-07
9.7210017e-07
9.4749005e-07
9.2287993e-07
8.982698e-07
8.7365967e-07
8.4904954e-07
8.244394e-07
7.9982927e-07
7.7521913e-07
7.5060899e-07
7.2599885e-07
7.013887e-07
6.7677856e-07
6.5216842e-07
6.2755828e-07
6.0294814e-07
5.78338e-07
5.5372786e-07
5.2911772e-07
5.0450758e-07
4.7989745e-07
4.5528731e-07
4.3067717e-07
4.0606704e-07
3.814569e-07
3.5684677e-07
3.3223664e-07
3.0762651e-07
2.8301638e-07
2.5840624e-07
2.3379611e-07
2.0918597e-07
1.8457583e-07
1.5996569e-07
1.3535555e-07
1.1074541e-07
8.6135274e-08
6.1525175e-08
3.6915016e-08
1.2304946e-08
4.1537622e-06
4.229638e-06
4.2992534e-06
4.343502e-06
4.3711442e-06
4.3921052e-06
4.4083655e-06
4.4190952e-06
4.4244601e-06
4.4255674e-06
4.4233849e-06
4.4184693e-06
4.4112146e-06
4.402009e-06
4.3912174e-06
4.3791407e-06
4.3660158e-06
4.3520341e-06
4.3373516e-06
4.3220912e-06
4.3063451e-06
4.2901783e-06
4.2736322e-06
4.256729e-06
4.239476e-06
4.2218764e-06
4.2039342e-06
4.1856498e-06
4.1670186e-06
4.1480347e-06
4.1286919e-06
4.1089858e-06
4.0889128e-06
4.0684706e-06
4.0476592e-06
4.0264829e-06
4.0049508e-06
3.9830776e-06
3.9608827e-06
3.9383894e-06
3.915623e-06
3.8926094e-06
3.8693738e-06
3.8459409e-06
3.8223369e-06
3.7985802e-06
3.7746818e-06
3.7506634e-06
3.7265511e-06
3.7023501e-06
3.6780478e-06
3.6536793e-06
3.6292928e-06
3.6049101e-06
3.5804544e-06
3.5558894e-06
3.5313035e-06
3.506723e-06
3.4821369e-06
3.4575444e-06
3.4329496e-06
3.4083541e-06
3.3837572e-06
3.3591586e-06
3.3345782e-06
3.3099776e-06
3.2853772e-06
3.2607798e-06
3.2361807e-06
3.2115798e-06
3.1869776e-06
3.1623742e-06
3.1377697e-06
3.1131642e-06
3.0885579e-06
3.0639509e-06
3.0393433e-06
3.0147353e-06
2.9901269e-06
2.9655181e-06
2.940909e-06
2.9162996e-06
2.89169e-06
2.8670803e-06
2.8424704e-06
2.8178603e-06
2.7932502e-06
2.76864e-06
2.7440297e-06
2.7194193e-06
2.6948089e-06
2.6701985e-06
2.6455881e-06
2.6209776e-06
2.5963672e-06
2.5717567e-06
2.5471463e-06
2.5225358e-06
2.4979254e-06
2.4733149e-06
2.4487045e-06
2.4240941e-06
2.3994837e-06
2.3748733e-06
2.3502629e-06
2.3256526e-06
2.3010422e-06
2.2764319e-06
2.2518216e-06
2.2272114e-06
2.2026011e-06
2.1779909e-06
2.1533807e-06
2.1287705e-06
2.1041604e-06
2.0795502e-06
2.0549401e-06
2.03033e-06
2.00572e-06
1.9811099e-06
1.9564999e-06
1.9318899e-06
1.9072799e-06
1.8826699e-06
1.8580599e-06
1.8334499e-06
1.80884e-06
1.78423e-06
1.7596201e-06
1.7350102e-06
1.7104002e-06
1.6857903e-06
1.6611804e-06
1.6365705e-06
1.6119605e-06
1.5873506e-06
1.5627407e-06
1.5381308e-06
1.5135208e-06
1.4889109e-06
1.4643009e-06
1.4396909e-06
1.4150809e-06
1.390471e-06
1.365861e-06
1.341251e-06
1.316641e-06
1.2920309e-06
1.2674209e-06
1.2428109e-06
1.2182009e-06
1.1935908e-06
1.1689808e-06
1.1443707e-06
1.1197607e-06
1.0951506e-06
1.0705405e-06
1.0459305e-06
1.0213204e-06
9.9671027e-07
9.7210017e-07
9.4749005e-07
9.2287993e-07
8.9826981e-07
8.7365968e-07
8.4904955e-07
8.2443941e-07
7.9982928e-07
7.7521914e-07
7.50609e-07
7.2599887e-07
7.0138873e-07
6.7677859e-07
6.5216845e-07
6.2755832e-07
6.0294818e-07
5.7833805e-07
5.5372791e-07
5.2911778e-07
5.0450764e-07
4.7989751e-07
4.5528737e-07
4.3067724e-07
4.0606711e-07
3.8145698e-07
3.5684685e-07
3.3223672e-07
3.0762659e-07
2.8301646e-07
2.5840632e-07
2.3379619e-07
2.0918605e-07
1.8457591e-07
1.5996577e-07
1.3535562e-07
1.1074547e-07
8.6135325e-08
6.1525216e-08
3.6915042e-08
1.2304959e-08
4.15004e-06
4.2068737e-06
4.253848e-06
4.2875903e-06
4.3117175e-06
4.3298646e-06
4.3431194e-06
4.351626e-06
4.3559261e-06
4.3568649e-06
4.355133e-06
4.3511942e-06
4.3454223e-06
4.3381602e-06
4.3296992e-06
4.3202659e-06
4.3100341e-06
4.2991398e-06
4.2876863e-06
4.275745e-06
4.2633588e-06
4.250546e-06
4.2373099e-06
4.2236432e-06
4.2095309e-06
4.1949543e-06
4.1798944e-06
4.1643321e-06
4.1482468e-06
4.13162e-06
4.1144406e-06
4.0967051e-06
4.0784144e-06
4.0595721e-06
4.0401869e-06
4.0202738e-06
3.9998546e-06
3.9789565e-06
3.9576106e-06
3.9358506e-06
3.913711e-06
3.8912254e-06
3.8684215e-06
3.8453174e-06
3.8219161e-06
3.7982525e-06
3.7744678e-06
3.7506852e-06
3.7268292e-06
3.7027912e-06
3.6785386e-06
3.6540115e-06
3.6295193e-06
3.6051698e-06
3.5806859e-06
3.5560929e-06
3.5314811e-06
3.5068688e-06
3.4822526e-06
3.4576362e-06
3.4330235e-06
3.408415e-06
3.3838087e-06
3.3592079e-06
3.334621e-06
3.3100162e-06
3.2854128e-06
3.2608116e-06
3.2362091e-06
3.2116051e-06
3.1870002e-06
3.1623942e-06
3.1377873e-06
3.1131798e-06
3.0885716e-06
3.063963e-06
3.039354e-06
3.0147446e-06
2.990135e-06
2.9655252e-06
2.9409152e-06
2.916305e-06
2.8916947e-06
2.8670843e-06
2.8424739e-06
2.8178634e-06
2.7932528e-06
2.7686422e-06
2.7440316e-06
2.719421e-06
2.6948104e-06
2.6701997e-06
2.6455891e-06
2.6209785e-06
2.5963679e-06
2.5717574e-06
2.5471468e-06
2.5225363e-06
2.4979258e-06
2.4733153e-06
2.4487048e-06
2.4240943e-06
2.3994839e-06
2.3748734e-06
2.350263e-06
2.3256527e-06
2.3010423e-06
2.276432e-06
2.2518217e-06
2.2272114e-06
2.2026011e-06
2.1779909e-06
2.1533807e-06
2.1287705e-06
2.1041604e-06
2.0795502e-06
2.0549401e-06
2.03033e-06
2.0057199e-06
1.9811099e-06
1.9564998e-06
1.9318898e-06
1.9072798e-06
1.8826698e-06
1.8580598e-06
1.8334499e-06
1.8088399e-06
1.78423e-06
1.7596201e-06
1.7350101e-06
1.7104002e-06
1.6857903e-06
1.6611804e-06
1.6365704e-06
1.6119605e-06
1.5873506e-06
1.5627407e-06
1.5381307e-06
1.5135208e-06
1.4889108e-06
1.4643009e-06
1.4396909e-06
1.4150809e-06
1.3904709e-06
1.3658609e-06
1.3412509e-06
1.3166409e-06
1.2920309e-06
1.2674209e-06
1.2428109e-06
1.2182008e-06
1.1935908e-06
1.1689807e-06
1.1443707e-06
1.1197606e-06
1.0951506e-06
1.0705405e-06
1.0459304e-06
1.0213203e-06
9.9671026e-07
9.7210016e-07
9.4749005e-07
9.2287994e-07
8.9826981e-07
8.7365969e-07
8.4904956e-07
8.2443943e-07
7.9982929e-07
7.7521916e-07
7.5060903e-07
7.2599889e-07
7.0138876e-07
6.7677862e-07
6.5216849e-07
6.2755836e-07
6.0294823e-07
5.7833809e-07
5.5372796e-07
5.2911783e-07
5.045077e-07
4.7989757e-07
4.5528744e-07
4.3067731e-07
4.0606719e-07
3.8145706e-07
3.5684693e-07
3.322368e-07
3.0762668e-07
2.8301655e-07
2.5840641e-07
2.3379628e-07
2.0918614e-07
1.84576e-07
1.5996585e-07
1.353557e-07
1.1074555e-07
8.6135389e-08
6.1525268e-08
3.6915076e-08
1.2304979e-08
4.1578807e-06
4.1983775e-06
4.2236487e-06
4.2448535e-06
4.2636844e-06
4.2780417e-06
4.2870282e-06
4.2915862e-06
4.2931402e-06
4.2925573e-06
4.2901642e-06
4.2862186e-06
4.2810687e-06
4.2750351e-06
4.2683294e-06
4.2610796e-06
4.2533763e-06
4.2452904e-06
4.2368767e-06
4.2281617e-06
4.2191184e-06
4.2096971e-06
4.1998562e-06
4.1895537e-06
4.1787454e-06
4.1673785e-06
4.1553991e-06
4.1427579e-06
4.1294023e-06
4.1152882e-06
4.1003964e-06
4.0847289e-06
4.0682962e-06
4.0511113e-06
4.0331928e-06
4.0145682e-06
3.9952747e-06
3.9753554e-06
3.9548565e-06
3.933825e-06
3.9123092e-06
3.8903605e-06
3.8680272e-06
3.8453937e-06
3.8224234e-06
3.7988238e-06
3.7746858e-06
3.7506755e-06
3.7269863e-06
3.7031634e-06
3.6790146e-06
3.6546167e-06
3.6301137e-06
3.6055718e-06
3.5809638e-06
3.5563128e-06
3.531654e-06
3.5070001e-06
3.4823538e-06
3.4577172e-06
3.4330911e-06
3.4084743e-06
3.3838652e-06
3.3592643e-06
3.3346508e-06
3.3100505e-06
3.2854495e-06
3.2608447e-06
3.2362388e-06
3.2116321e-06
3.1870243e-06
3.1624156e-06
3.1378062e-06
3.1131965e-06
3.0885863e-06
3.0639759e-06
3.0393653e-06
3.0147545e-06
2.9901437e-06
2.9655327e-06
2.9409217e-06
2.9163106e-06
2.8916996e-06
2.8670885e-06
2.8424775e-06
2.8178664e-06
2.7932554e-06
2.7686445e-06
2.7440335e-06
2.7194226e-06
2.6948118e-06
2.6702009e-06
2.6455901e-06
2.6209794e-06
2.5963687e-06
2.571758e-06
2.5471473e-06
2.5225367e-06
2.4979261e-06
2.4733156e-06
2.448705e-06
2.4240945e-06
2.399484e-06
2.3748736e-06
2.3502631e-06
2.3256527e-06
2.3010424e-06
2.276432e-06
2.2518217e-06
2.2272114e-06
2.2026011e-06
2.1779909e-06
2.1533807e-06
2.1287705e-06
2.1041604e-06
2.0795502e-06
2.0549401e-06
2.03033e-06
2.0057199e-06
1.9811099e-06
1.9564998e-06
1.9318898e-06
1.9072798e-06
1.8826698e-06
1.8580598e-06
1.8334499e-06
1.8088399e-06
1.78423e-06
1.75962e-06
1.7350101e-06
1.7104002e-06
1.6857902e-06
1.6611803e-06
1.6365704e-06
1.6119605e-06
1.5873506e-06
1.5627406e-06
1.5381307e-06
1.5135208e-06
1.4889108e-06
1.4643008e-06
1.4396909e-06
1.4150809e-06
1.3904709e-06
1.3658609e-06
1.3412509e-06
1.3166409e-06
1.2920309e-06
1.2674209e-06
1.2428108e-06
1.2182008e-06
1.1935908e-06
1.1689807e-06
1.1443707e-06
1.1197606e-06
1.0951505e-06
1.0705405e-06
1.0459304e-06
1.0213203e-06
9.9671024e-07
9.7210015e-07
9.4749005e-07
9.2287994e-07
8.9826982e-07
8.736597e-07
8.4904957e-07
8.2443945e-07
7.9982932e-07
7.7521919e-07
7.5060906e-07
7.2599893e-07
7.013888e-07
6.7677866e-07
6.5216853e-07
6.275584e-07
6.0294827e-07
5.7833814e-07
5.5372802e-07
5.2911789e-07
5.0450776e-07
4.7989764e-07
4.5528751e-07
4.3067739e-07
4.0606727e-07
3.8145714e-07
3.5684702e-07
3.322369e-07
3.0762677e-07
2.8301664e-07
2.5840652e-07
2.3379638e-07
2.0918625e-07
1.845761e-07
1.5996596e-07
1.353558e-07
1.1074564e-07
8.6135473e-08
6.1525336e-08
3.6915123e-08
1.2305009e-08
4.1895786e-06
4.2121473e-06
4.208634e-06
4.2139206e-06
4.2260949e-06
4.2349702e-06
4.2378041e-06
4.2367897e-06
4.2342409e-06
4.2310389e-06
4.2270863e-06
4.2223979e-06
4.2172954e-06
4.2120723e-06
4.2068398e-06
4.2016009e-06
4.1963312e-06
4.190985e-06
4.1855433e-06
4.1800824e-06
4.1744793e-06
4.1685253e-06
4.1621575e-06
4.1552938e-06
4.1478592e-06
4.1397751e-06
4.1309775e-06
4.1213876e-06
4.1108986e-06
4.0994289e-06
4.0869464e-06
4.073451e-06
4.058956e-06
4.0434785e-06
4.0270517e-06
4.0097182e-06
3.9915331e-06
3.9725593e-06
3.9528592e-06
3.9324955e-06
3.9115321e-06
3.8900301e-06
3.8680466e-06
3.845648e-06
3.8228526e-06
3.7996164e-06
3.7760059e-06
3.752212e-06
3.7283213e-06
3.7040923e-06
3.6796944e-06
3.6551557e-06
3.6305315e-06
3.6058686e-06
3.581178e-06
3.5564705e-06
3.5317657e-06
3.5070769e-06
3.4824083e-06
3.4577599e-06
3.4331294e-06
3.4085126e-06
3.3839063e-06
3.3593048e-06
3.3346886e-06
3.3100907e-06
3.2854886e-06
3.2608807e-06
3.2362717e-06
3.2116616e-06
3.1870503e-06
3.1624383e-06
3.1378261e-06
3.1132138e-06
3.0886014e-06
3.0639891e-06
3.0393768e-06
3.0147645e-06
2.9901523e-06
2.9655402e-06
2.9409281e-06
2.9163162e-06
2.8917043e-06
2.8670926e-06
2.8424809e-06
2.8178694e-06
2.793258e-06
2.7686466e-06
2.7440353e-06
2.7194242e-06
2.6948131e-06
2.670202e-06
2.645591e-06
2.6209801e-06
2.5963693e-06
2.5717585e-06
2.5471478e-06
2.5225371e-06
2.4979264e-06
2.4733158e-06
2.4487052e-06
2.4240947e-06
2.3994842e-06
2.3748737e-06
2.3502632e-06
2.3256528e-06
2.3010424e-06
2.276432e-06
2.2518217e-06
2.2272114e-06
2.2026011e-06
2.1779909e-06
2.1533807e-06
2.1287705e-06
2.1041603e-06
2.0795502e-06
2.0549401e-06
2.03033e-06
2.0057199e-06
1.9811098e-06
1.9564998e-06
1.9318897e-06
1.9072797e-06
1.8826697e-06
1.8580598e-06
1.8334498e-06
1.8088399e-06
1.7842299e-06
1.75962e-06
1.7350101e-06
1.7104001e-06
1.6857902e-06
1.6611803e-06
1.6365704e-06
1.6119604e-06
1.5873505e-06
1.5627406e-06
1.5381307e-06
1.5135207e-06
1.4889108e-06
1.4643008e-06
1.4396908e-06
1.4150808e-06
1.3904709e-06
1.3658609e-06
1.3412509e-06
1.3166409e-06
1.2920308e-06
1.2674208e-06
1.2428108e-06
1.2182007e-06
1.1935907e-06
1.1689807e-06
1.1443706e-06
1.1197606e-06
1.0951505e-06
1.0705404e-06
1.0459304e-06
1.0213203e-06
9.9671022e-07
9.7210013e-07
9.4749004e-07
9.2287993e-07
8.9826982e-07
8.7365971e-07
8.4904959e-07
8.2443947e-07
7.9982935e-07
7.7521922e-07
7.506091e-07
7.2599897e-07
7.0138884e-07
6.7677871e-07
6.5216858e-07
6.2755845e-07
6.0294832e-07
5.783382e-07
5.5372807e-07
5.2911795e-07
5.0450783e-07
4.7989771e-07
4.5528759e-07
4.3067747e-07
4.0606735e-07
3.8145723e-07
3.5684711e-07
3.3223699e-07
3.0762687e-07
2.8301675e-07
2.5840662e-07
2.3379649e-07
2.0918636e-07
1.8457622e-07
1.5996607e-07
1.3535592e-07
1.1074576e-07
8.6135582e-08
6.1525426e-08
3.69152e-08
1.2305061e-08
4.2527634e-06
4.248897e-06
4.2008587e-06
4.1890091e-06
4.1989233e-06
4.2030559e-06
4.1969083e-06
4.1876454e-06
4.1796737e-06
4.1729481e-06
4.1665316e-06
4.1603612e-06
4.154818e-06
4.1500901e-06
4.1461149e-06
4.1427599e-06
4.1399061e-06
4.1374333e-06
4.1352126e-06
4.1331233e-06
4.130996e-06
4.1286353e-06
4.1259163e-06
4.1227406e-06
4.1189106e-06
4.1142488e-06
4.1087502e-06
4.1023073e-06
4.0946852e-06
4.0857649e-06
4.0755744e-06
4.0641681e-06
4.0515669e-06
4.0377584e-06
4.0227652e-06
4.0066594e-06
3.9895222e-06
3.9714375e-06
3.9524723e-06
3.9326929e-06
3.9121703e-06
3.8909609e-06
3.8691453e-06
3.8468662e-06
3.8241906e-06
3.8010499e-06
3.7774682e-06
3.7535462e-06
3.7293562e-06
3.7050965e-06
3.6805908e-06
3.6559273e-06
3.631163e-06
3.6063507e-06
3.5815238e-06
3.5567058e-06
3.5319169e-06
3.5071688e-06
3.482463e-06
3.457795e-06
3.4331571e-06
3.4085401e-06
3.3839361e-06
3.3593356e-06
3.334731e-06
3.3101303e-06
3.2855249e-06
3.260915e-06
3.236303e-06
3.2116894e-06
3.1870747e-06
3.1624597e-06
3.1378447e-06
3.11323e-06
3.0886156e-06
3.0640014e-06
3.0393875e-06
3.0147738e-06
2.9901604e-06
2.9655471e-06
2.9409341e-06
2.9163213e-06
2.8917087e-06
2.8670963e-06
2.8424841e-06
2.8178721e-06
2.7932602e-06
2.7686485e-06
2.744037e-06
2.7194255e-06
2.6948142e-06
2.670203e-06
2.6455918e-06
2.6209808e-06
2.5963699e-06
2.571759e-06
2.5471482e-06
2.5225374e-06
2.4979267e-06
2.473316e-06
2.4487054e-06
2.4240948e-06
2.3994843e-06
2.3748737e-06
2.3502633e-06
2.3256528e-06
2.3010424e-06
2.276432e-06
2.2518217e-06
2.2272114e-06
2.2026011e-06
2.1779909e-06
2.1533806e-06
2.1287704e-06
2.1041603e-06
2.0795501e-06
2.05494e-06
2.0303299e-06
2.0057198e-06
1.9811098e-06
1.9564997e-06
1.9318897e-06
1.9072797e-06
1.8826697e-06
1.8580597e-06
1.8334498e-06
1.8088398e-06
1.7842299e-06
1.75962e-06
1.73501e-06
1.7104001e-06
1.6857902e-06
1.6611802e-06
1.6365703e-06
1.6119604e-06
1.5873505e-06
1.5627405e-06
1.5381306e-06
1.5135207e-06
1.4889107e-06
1.4643008e-06
1.4396908e-06
1.4150808e-06
1.3904708e-06
1.3658608e-06
1.3412508e-06
1.3166408e-06
1.2920308e-06
1.2674208e-06
1.2428107e-06
1.2182007e-06
1.1935906e-06
1.1689806e-06
1.1443706e-06
1.1197605e-06
1.0951505e-06
1.0705404e-06
1.0459303e-06
1.0213203e-06
9.967102e-07
9.7210012e-07
9.4749003e-07
9.2287993e-07
8.9826983e-07
8.7365973e-07
8.4904962e-07
8.244395e-07
7.9982939e-07
7.7521927e-07
7.5060914e-07
7.2599902e-07
7.0138889e-07
6.7677876e-07
6.5216863e-07
6.275585e-07
6.0294838e-07
5.7833825e-07
5.5372813e-07
5.2911801e-07
5.0450789e-07
4.7989778e-07
4.5528766e-07
4.3067755e-07
4.0606743e-07
3.8145732e-07
3.5684721e-07
3.3223709e-07
3.0762698e-07
2.8301686e-07
2.5840674e-07
2.3379661e-07
2.0918648e-07
1.8457635e-07
1.599662e-07
1.3535605e-07
1.1074589e-07
8.6135724e-08
6.1525542e-08
3.6915326e-08
1.2305142e-08
4.3614865e-06
4.3123301e-06
4.1953017e-06
4.164811e-06
4.1772559e-06
4.1767896e-06
4.159548e-06
4.1408549e-06
4.1271742e-06
4.1167807e-06
4.1077031e-06
4.0999251e-06
4.0939356e-06
4.0897669e-06
4.0871367e-06
4.0857622e-06
4.0854236e-06
4.0859068e-06
4.0869751e-06
4.0883816e-06
4.0898727e-06
4.0911767e-06
4.0920299e-06
4.0924851e-06
4.0923545e-06
4.0911476e-06
4.0890307e-06
4.0858723e-06
4.0812486e-06
4.0748919e-06
4.0668646e-06
4.0573558e-06
4.0465208e-06
4.0342558e-06
4.020552e-06
4.0055094e-06
3.9892424e-06
3.9718555e-06
3.9534463e-06
3.9341101e-06
3.9139379e-06
3.8930003e-06
3.8713737e-06
3.8491618e-06
3.8264409e-06
3.8032372e-06
3.7795867e-06
3.7555616e-06
3.7312362e-06
3.7066785e-06
3.6819117e-06
3.6569875e-06
3.6319828e-06
3.606956e-06
3.5819475e-06
3.5569863e-06
3.5320924e-06
3.5072733e-06
3.4825243e-06
3.457834e-06
3.4331878e-06
3.4085704e-06
3.3839685e-06
3.3593689e-06
3.3347687e-06
3.3101656e-06
3.2855576e-06
3.2609453e-06
3.2363301e-06
3.2117132e-06
3.1870957e-06
3.1624782e-06
3.137861e-06
3.1132442e-06
3.088628e-06
3.0640123e-06
3.0393969e-06
3.0147819e-06
2.9901673e-06
2.9655531e-06
2.9409392e-06
2.9163256e-06
2.8917124e-06
2.8670994e-06
2.8424867e-06
2.8178743e-06
2.7932621e-06
2.7686501e-06
2.7440382e-06
2.7194266e-06
2.6948151e-06
2.6702037e-06
2.6455925e-06
2.6209813e-06
2.5963703e-06
2.5717593e-06
2.5471484e-06
2.5225376e-06
2.4979269e-06
2.4733162e-06
2.4487055e-06
2.4240949e-06
2.3994843e-06
2.3748738e-06
2.3502633e-06
2.3256528e-06
2.3010424e-06
2.276432e-06
2.2518217e-06
2.2272114e-06
2.2026011e-06
2.1779908e-06
2.1533806e-06
2.1287704e-06
2.1041602e-06
2.0795501e-06
2.05494e-06
2.0303299e-06
2.0057198e-06
1.9811097e-06
1.9564997e-06
1.9318896e-06
1.9072796e-06
1.8826697e-06
1.8580597e-06
1.8334497e-06
1.8088398e-06
1.7842298e-06
1.7596199e-06
1.73501e-06
1.7104e-06
1.6857901e-06
1.6611802e-06
1.6365703e-06
1.6119603e-06
1.5873504e-06
1.5627405e-06
1.5381306e-06
1.5135206e-06
1.4889107e-06
1.4643007e-06
1.4396907e-06
1.4150808e-06
1.3904708e-06
1.3658608e-06
1.3412508e-06
1.3166408e-06
1.2920307e-06
1.2674207e-06
1.2428107e-06
1.2182006e-06
1.1935906e-06
1.1689805e-06
1.1443705e-06
1.1197605e-06
1.0951504e-06
1.0705404e-06
1.0459303e-06
1.0213202e-06
9.9671018e-07
9.721001e-07
9.4749002e-07
9.2287993e-07
8.9826984e-07
8.7365975e-07
8.4904964e-07
8.2443954e-07
7.9982943e-07
7.7521931e-07
7.5060919e-07
7.2599907e-07
7.0138894e-07
6.7677881e-07
6.5216869e-07
6.2755856e-07
6.0294843e-07
5.7833831e-07
5.5372819e-07
5.2911807e-07
5.0450796e-07
4.7989784e-07
4.5528773e-07
4.3067762e-07
4.0606752e-07
3.8145741e-07
3.568473e-07
3.3223719e-07
3.0762708e-07
2.8301696e-07
2.5840685e-07
2.3379673e-07
2.091866e-07
1.8457647e-07
1.5996633e-07
1.3535619e-07
1.1074604e-07
8.613589e-08
6.1525682e-08
3.6915521e-08
1.2305254e-08
4.5051176e-06
4.4008014e-06
4.1934044e-06
4.1445081e-06
4.1631859e-06
4.1566563e-06
4.1257751e-06
4.096668e-06
4.0772128e-06
4.0632651e-06
4.0517675e-06
4.0427824e-06
4.0368041e-06
4.0336086e-06
4.0326635e-06
4.0335387e-06
4.035918e-06
4.0394984e-06
4.0439508e-06
4.0489169e-06
4.0539793e-06
4.0590158e-06
4.0637604e-06
4.0677713e-06
4.0707845e-06
4.0726776e-06
4.0739447e-06
4.0736638e-06
4.071361e-06
4.0671208e-06
4.0610891e-06
4.0533799e-06
4.0440285e-06
4.033005e-06
4.0203491e-06
4.006171e-06
3.9905934e-06
3.9737287e-06
3.9557018e-06
3.936635e-06
3.9166375e-06
3.8958242e-06
3.8742934e-06
3.8520691e-06
3.8291885e-06
3.8057781e-06
3.7819025e-06
3.7576194e-06
3.733005e-06
3.7081336e-06
3.6830691e-06
3.6578851e-06
3.6326378e-06
3.607414e-06
3.5822558e-06
3.5571821e-06
3.5322101e-06
3.5073425e-06
3.4825676e-06
3.4578664e-06
3.4332177e-06
3.4086009e-06
3.3839993e-06
3.3594014e-06
3.3348011e-06
3.3101958e-06
3.2855852e-06
3.2609701e-06
3.2363521e-06
3.2117327e-06
3.1871128e-06
3.1624932e-06
3.1378742e-06
3.1132558e-06
3.0886381e-06
3.064021e-06
3.0394044e-06
3.0147883e-06
2.9901728e-06
2.9655577e-06
2.9409431e-06
2.9163289e-06
2.8917151e-06
2.8671017e-06
2.8424886e-06
2.8178759e-06
2.7932634e-06
2.7686511e-06
2.7440391e-06
2.7194273e-06
2.6948157e-06
2.6702042e-06
2.6455929e-06
2.6209816e-06
2.5963705e-06
2.5717595e-06
2.5471486e-06
2.5225377e-06
2.4979269e-06
2.4733162e-06
2.4487055e-06
2.4240949e-06
2.3994843e-06
2.3748738e-06
2.3502633e-06
2.3256528e-06
2.3010424e-06
2.276432e-06
2.2518216e-06
2.2272113e-06
2.202601e-06
2.1779908e-06
2.1533805e-06
2.1287703e-06
2.1041602e-06
2.07955e-06
2.0549399e-06
2.0303298e-06
2.0057197e-06
1.9811097e-06
1.9564996e-06
1.9318896e-06
1.9072796e-06
1.8826696e-06
1.8580596e-06
1.8334497e-06
1.8088397e-06
1.7842298e-06
1.7596199e-06
1.7350099e-06
1.7104e-06
1.6857901e-06
1.6611802e-06
1.6365702e-06
1.6119603e-06
1.5873504e-06
1.5627405e-06
1.5381305e-06
1.5135206e-06
1.4889106e-06
1.4643007e-06
1.4396907e-06
1.4150807e-06
1.3904707e-06
1.3658607e-06
1.3412507e-06
1.3166407e-06
1.2920307e-06
1.2674207e-06
1.2428106e-06
1.2182006e-06
1.1935905e-06
1.1689805e-06
1.1443705e-06
1.1197604e-06
1.0951504e-06
1.0705403e-06
1.0459303e-06
1.0213202e-06
9.9671016e-07
9.7210009e-07
9.4749002e-07
9.2287994e-07
8.9826986e-07
8.7365977e-07
8.4904967e-07
8.2443957e-07
7.9982947e-07
7.7521936e-07
7.5060924e-07
7.2599912e-07
7.0138899e-07
6.7677887e-07
6.5216874e-07
6.2755861e-07
6.0294848e-07
5.7833836e-07
5.5372824e-07
5.2911813e-07
5.0450802e-07
4.7989791e-07
4.552878e-07
4.306777e-07
4.0606759e-07
3.8145749e-07
3.5684738e-07
3.3223728e-07
3.0762717e-07
2.8301706e-07
2.5840695e-07
2.3379683e-07
2.091867e-07
1.8457657e-07
1.5996644e-07
1.353563e-07
1.1074616e-07
8.6136028e-08
6.1525801e-08
3.6915725e-08
1.2305369e-08
4.6519676e-06
4.4995464e-06
4.2098802e-06
4.1460073e-06
4.1644327e-06
4.1460693e-06
4.1013544e-06
4.0634817e-06
4.0390104e-06
4.021755e-06
4.0083139e-06
3.9987525e-06
3.9932683e-06
3.9912902e-06
3.9920665e-06
3.9950434e-06
3.9998132e-06
4.0060014e-06
4.0132137e-06
4.0213871e-06
4.0295942e-06
4.0375487e-06
4.0450704e-06
4.0518081e-06
4.0573326e-06
4.0617162e-06
4.0647954e-06
4.0661392e-06
4.0654848e-06
4.0628981e-06
4.0584605e-06
4.052114e-06
4.0437406e-06
4.0334744e-06
4.0214634e-06
4.0078185e-06
3.9926552e-06
3.9761024e-06
3.9582918e-06
3.9393487e-06
3.9193877e-06
3.8985152e-06
3.8768281e-06
3.8544115e-06
3.8313477e-06
3.8077186e-06
3.7836003e-06
3.7590657e-06
3.7342013e-06
3.7091095e-06
3.6838374e-06
3.6584693e-06
3.6330828e-06
3.6077426e-06
3.582492e-06
3.5573552e-06
3.5323409e-06
3.5074444e-06
3.4826496e-06
3.457934e-06
3.4332735e-06
3.408647e-06
3.3840365e-06
3.3594319e-06
3.3348259e-06
3.3102159e-06
3.2856019e-06
3.2609844e-06
3.2363646e-06
3.2117438e-06
3.1871229e-06
3.1625023e-06
3.1378824e-06
3.1132631e-06
3.0886444e-06
3.0640265e-06
3.0394091e-06
3.0147924e-06
2.9901762e-06
2.9655606e-06
2.9409455e-06
2.916331e-06
2.8917168e-06
2.8671031e-06
2.8424898e-06
2.8178768e-06
2.7932642e-06
2.7686518e-06
2.7440396e-06
2.7194277e-06
2.694816e-06
2.6702045e-06
2.6455931e-06
2.6209818e-06
2.5963707e-06
2.5717596e-06
2.5471487e-06
2.5225378e-06
2.497927e-06
2.4733162e-06
2.4487055e-06
2.4240949e-06
2.3994843e-06
2.3748738e-06
2.3502633e-06
2.3256528e-06
2.3010424e-06
2.276432e-06
2.2518216e-06
2.2272113e-06
2.202601e-06
2.1779907e-06
2.1533805e-06
2.1287703e-06
2.1041601e-06
2.07955e-06
2.0549399e-06
2.0303298e-06
2.0057197e-06
1.9811096e-06
1.9564996e-06
1.9318896e-06
1.9072796e-06
1.8826696e-06
1.8580596e-06
1.8334497e-06
1.8088397e-06
1.7842298e-06
1.7596198e-06
1.7350099e-06
1.7104e-06
1.6857901e-06
1.6611801e-06
1.6365702e-06
1.6119603e-06
1.5873503e-06
1.5627404e-06
1.5381305e-06
1.5135205e-06
1.4889106e-06
1.4643006e-06
1.4396907e-06
1.4150807e-06
1.3904707e-06
1.3658607e-06
1.3412507e-06
1.3166407e-06
1.2920306e-06
1.2674206e-06
1.2428106e-06
1.2182005e-06
1.1935905e-06
1.1689805e-06
1.1443704e-06
1.1197604e-06
1.0951504e-06
1.0705403e-06
1.0459303e-06
1.0213202e-06
9.9671016e-07
9.7210009e-07
9.4749003e-07
9.2287995e-07
8.9826987e-07
8.7365979e-07
8.490497e-07
8.244396e-07
7.998295e-07
7.752194e-07
7.5060928e-07
7.2599916e-07
7.0138904e-07
6.7677891e-07
6.5216878e-07
6.2755865e-07
6.0294853e-07
5.7833841e-07
5.5372829e-07
5.2911817e-07
5.0450806e-07
4.7989796e-07
4.5528785e-07
4.3067775e-07
4.0606765e-07
3.8145755e-07
3.5684745e-07
3.3223734e-07
3.0762724e-07
2.8301713e-07
2.5840701e-07
2.3379689e-07
2.0918676e-07
1.8457663e-07
1.5996648e-07
1.3535633e-07
1.1074618e-07
8.6136046e-08
6.1525805e-08
3.6915762e-08
1.2305408e-08
4.8445551e-06
4.5841346e-06
4.2513683e-06
4.1716395e-06
4.1638258e-06
4.1245086e-06
4.0719772e-06
4.0324282e-06
4.007006e-06
3.9894603e-06
3.9770509e-06
3.9694081e-06
3.9661078e-06
3.966346e-06
3.9693556e-06
3.9745687e-06
3.9815332e-06
3.9898602e-06
3.9996734e-06
4.0094125e-06
4.0191759e-06
4.0286663e-06
4.0375715e-06
4.04559e-06
4.0524294e-06
4.0581462e-06
4.0620267e-06
4.0640677e-06
4.0642193e-06
4.0623281e-06
4.0583559e-06
4.0523219e-06
4.0442647e-06
4.0342864e-06
4.0224999e-06
4.0090192e-06
3.9939706e-06
3.9774891e-06
3.9597077e-06
3.9407534e-06
3.9207453e-06
3.8997944e-06
3.8780046e-06
3.8554683e-06
3.8322681e-06
3.8084818e-06
3.7841953e-06
3.759522e-06
3.7345583e-06
3.709365e-06
3.6840128e-06
3.6585951e-06
3.6332033e-06
3.6078714e-06
3.5826265e-06
3.5574937e-06
3.5324781e-06
3.5075724e-06
3.4827615e-06
3.4580254e-06
3.4333436e-06
3.4086961e-06
3.384069e-06
3.359452e-06
3.3348379e-06
3.3102234e-06
3.2856069e-06
3.2609884e-06
3.2363685e-06
3.2117478e-06
3.1871269e-06
3.1625062e-06
3.1378859e-06
3.1132663e-06
3.0886472e-06
3.0640289e-06
3.0394112e-06
3.0147941e-06
2.9901777e-06
2.9655619e-06
2.9409466e-06
2.9163319e-06
2.8917176e-06
2.8671038e-06
2.8424903e-06
2.8178773e-06
2.7932645e-06
2.7686521e-06
2.7440399e-06
2.7194279e-06
2.6948162e-06
2.6702046e-06
2.6455932e-06
2.6209819e-06
2.5963707e-06
2.5717597e-06
2.5471487e-06
2.5225378e-06
2.497927e-06
2.4733162e-06
2.4487055e-06
2.4240949e-06
2.3994843e-06
2.3748737e-06
2.3502632e-06
2.3256528e-06
2.3010423e-06
2.2764319e-06
2.2518216e-06
2.2272112e-06
2.2026009e-06
2.1779907e-06
2.1533805e-06
2.1287703e-06
2.1041601e-06
2.07955e-06
2.0549398e-06
2.0303298e-06
2.0057197e-06
1.9811096e-06
1.9564996e-06
1.9318896e-06
1.9072796e-06
1.8826696e-06
1.8580596e-06
1.8334497e-06
1.8088397e-06
1.7842298e-06
1.7596198e-06
1.7350099e-06
1.7104e-06
1.68579e-06
1.6611801e-06
1.6365702e-06
1.6119603e-06
1.5873503e-06
1.5627404e-06
1.5381305e-06
1.5135205e-06
1.4889106e-06
1.4643006e-06
1.4396907e-06
1.4150807e-06
1.3904707e-06
1.3658607e-06
1.3412507e-06
1.3166406e-06
1.2920306e-06
1.2674206e-06
1.2428106e-06
1.2182005e-06
1.1935905e-06
1.1689805e-06
1.1443704e-06
1.1197604e-06
1.0951504e-06
1.0705403e-06
1.0459303e-06
1.0213202e-06
9.9671017e-07
9.7210011e-07
9.4749004e-07
9.2287997e-07
8.9826989e-07
8.7365981e-07
8.4904972e-07
8.2443963e-07
7.9982953e-07
7.7521942e-07
7.5060931e-07
7.2599919e-07
7.0138907e-07
6.7677894e-07
6.5216881e-07
6.2755869e-07
6.0294856e-07
5.7833844e-07
5.5372832e-07
5.2911821e-07
5.0450809e-07
4.7989799e-07
4.5528788e-07
4.3067778e-07
4.0606768e-07
3.8145758e-07
3.5684748e-07
3.3223738e-07
3.0762727e-07
2.8301716e-07
2.5840704e-07
2.3379691e-07
2.0918677e-07
1.8457662e-07
1.5996646e-07
1.3535628e-07
1.107461e-07
8.6135916e-08
6.1525667e-08
3.6915561e-08
1.2305316e-08
5.3319005e-06
4.6928865e-06
4.3528856e-06
4.2658264e-06
4.200498e-06
4.1274557e-06
4.0676235e-06
4.025903e-06
3.9971475e-06
3.9774039e-06
3.9648039e-06
3.958093e-06
3.9560809e-06
3.9576877e-06
3.9621076e-06
3.9687603e-06
3.977172e-06
3.9869988e-06
3.9973151e-06
4.0080288e-06
4.0185878e-06
4.0286337e-06
4.0379678e-06
4.0463309e-06
4.0534593e-06
4.0591533e-06
4.0631441e-06
4.0652567e-06
4.065376e-06
4.0634194e-06
4.0593721e-06
4.0532676e-06
4.0451599e-06
4.0351276e-06
4.0232742e-06
4.0097191e-06
3.9945905e-06
3.9780202e-06
3.9601399e-06
3.9410771e-06
3.9209532e-06
3.8998833e-06
3.8779754e-06
3.8553296e-06
3.8320388e-06
3.8081928e-06
3.7838792e-06
3.7592135e-06
3.7342926e-06
3.7091426e-06
3.6838758e-06
3.6585466e-06
3.6332134e-06
3.6079258e-06
3.5827156e-06
3.557602e-06
3.5325909e-06
3.5076784e-06
3.4828528e-06
3.4580984e-06
3.4333976e-06
3.4087337e-06
3.3840935e-06
3.3594658e-06
3.3348448e-06
3.3102263e-06
3.2856078e-06
3.2609885e-06
3.2363683e-06
3.2117478e-06
3.1871271e-06
3.1625065e-06
3.1378864e-06
3.1132668e-06
3.0886477e-06
3.0640294e-06
3.0394116e-06
3.0147946e-06
2.9901781e-06
2.9655622e-06
2.9409469e-06
2.9163321e-06
2.8917178e-06
2.867104e-06
2.8424905e-06
2.8178774e-06
2.7932647e-06
2.7686522e-06
2.74404e-06
2.719428e-06
2.6948162e-06
2.6702046e-06
2.6455932e-06
2.6209819e-06
2.5963707e-06
2.5717597e-06
2.5471487e-06
2.5225378e-06
2.497927e-06
2.4733162e-06
2.4487055e-06
2.4240949e-06
2.3994843e-06
2.3748737e-06
2.3502632e-06
2.3256528e-06
2.3010423e-06
2.2764319e-06
2.2518216e-06
2.2272112e-06
2.2026009e-06
2.1779907e-06
2.1533805e-06
2.1287703e-06
2.1041601e-06
2.07955e-06
2.0549399e-06
2.0303298e-06
2.0057197e-06
1.9811096e-06
1.9564996e-06
1.9318896e-06
1.9072796e-06
1.8826696e-06
1.8580596e-06
1.8334497e-06
1.8088397e-06
1.7842298e-06
1.7596198e-06
1.7350099e-06
1.7104e-06
1.68579e-06
1.6611801e-06
1.6365702e-06
1.6119602e-06
1.5873503e-06
1.5627404e-06
1.5381305e-06
1.5135205e-06
1.4889106e-06
1.4643006e-06
1.4396906e-06
1.4150807e-06
1.3904707e-06
1.3658607e-06
1.3412507e-06
1.3166406e-06
1.2920306e-06
1.2674206e-06
1.2428106e-06
1.2182005e-06
1.1935905e-06
1.1689805e-06
1.1443704e-06
1.1197604e-06
1.0951504e-06
1.0705403e-06
1.0459303e-06
1.0213203e-06
9.9671019e-07
9.7210013e-07
9.4749007e-07
9.2287999e-07
8.9826992e-07
8.7365983e-07
8.4904974e-07
8.2443965e-07
7.9982955e-07
7.7521944e-07
7.5060933e-07
7.2599921e-07
7.0138909e-07
6.7677896e-07
6.5216883e-07
6.2755871e-07
6.0294858e-07
5.7833846e-07
5.5372834e-07
5.2911823e-07
5.0450811e-07
4.7989801e-07
4.552879e-07
4.306778e-07
4.060677e-07
3.814576e-07
3.5684749e-07
3.3223739e-07
3.0762727e-07
2.8301716e-07
2.5840703e-07
2.337969e-07
2.0918675e-07
1.845766e-07
1.5996643e-07
1.3535624e-07
1.1074604e-07
8.6135831e-08
6.1525604e-08
3.6915445e-08
1.230524e-08
)
;

boundaryField
{
    inlet
    {
        type            zeroGradient;
    }
    outlet
    {
        type            fixedValue;
        value           uniform 0;
    }
    wall
    {
        type            zeroGradient;
    }
    cylinder
    {
        type            zeroGradient;
    }
    frontAndBack
    {
        type            empty;
    }
}


// ************************************************************************* //
