/*--------------------------------*- C++ -*----------------------------------*\
  =========                 |
  \\      /  F ield         | OpenFOAM: The Open Source CFD Toolbox
   \\    /   O peration     | Website:  https://openfoam.org
    \\  /    A nd           | Version:  13
     \\/     M anipulation  |
\*---------------------------------------------------------------------------*/
FoamFile
{
    format      ascii;
    class       faceList;
    location    "constant/polyMesh";
    object      faces;
}
// * * * * * * * * * * * * * * * * * * * * * * * * * * * * * * * * * * * * * //


32240
(
4(604 643 5679 5640)
4(12 5640 5679 131)
4(603 642 5680 5641)
4(5640 5641 5680 5679)
4(602 641 5681 5642)
4(5641 5642 5681 5680)
4(601 640 5682 5643)
4(5642 5643 5682 5681)
4(600 639 5683 5644)
4(5643 5644 5683 5682)
4(599 638 5684 5645)
4(5644 5645 5684 5683)
4(598 637 5685 5646)
4(5645 5646 5685 5684)
4(597 636 5686 5647)
4(5646 5647 5686 5685)
4(596 635 5687 5648)
4(5647 5648 5687 5686)
4(595 634 5688 5649)
4(5648 5649 5688 5687)
4(594 633 5689 5650)
4(5649 5650 5689 5688)
4(593 632 5690 5651)
4(5650 5651 5690 5689)
4(592 631 5691 5652)
4(5651 5652 5691 5690)
4(591 630 5692 5653)
4(5652 5653 5692 5691)
4(590 629 5693 5654)
4(5653 5654 5693 5692)
4(589 628 5694 5655)
4(5654 5655 5694 5693)
4(588 627 5695 5656)
4(5655 5656 5695 5694)
4(587 626 5696 5657)
4(5656 5657 5696 5695)
4(586 625 5697 5658)
4(5657 5658 5697 5696)
4(585 624 5698 5659)
4(5658 5659 5698 5697)
4(584 623 5699 5660)
4(5659 5660 5699 5698)
4(583 622 5700 5661)
4(5660 5661 5700 5699)
4(582 621 5701 5662)
4(5661 5662 5701 5700)
4(581 620 5702 5663)
4(5662 5663 5702 5701)
4(580 619 5703 5664)
4(5663 5664 5703 5702)
4(579 618 5704 5665)
4(5664 5665 5704 5703)
4(578 617 5705 5666)
4(5665 5666 5705 5704)
4(577 616 5706 5667)
4(5666 5667 5706 5705)
4(576 615 5707 5668)
4(5667 5668 5707 5706)
4(575 614 5708 5669)
4(5668 5669 5708 5707)
4(574 613 5709 5670)
4(5669 5670 5709 5708)
4(573 612 5710 5671)
4(5670 5671 5710 5709)
4(572 611 5711 5672)
4(5671 5672 5711 5710)
4(571 610 5712 5673)
4(5672 5673 5712 5711)
4(570 609 5713 5674)
4(5673 5674 5713 5712)
4(569 608 5714 5675)
4(5674 5675 5714 5713)
4(568 607 5715 5676)
4(5675 5676 5715 5714)
4(567 606 5716 5677)
4(5676 5677 5716 5715)
4(566 605 5717 5678)
4(5677 5678 5717 5716)
4(5678 446 565 5717)
4(5640 5679 5718 5601)
4(13 5601 5718 132)
4(5641 5680 5719 5602)
4(5601 5602 5719 5718)
4(5642 5681 5720 5603)
4(5602 5603 5720 5719)
4(5643 5682 5721 5604)
4(5603 5604 5721 5720)
4(5644 5683 5722 5605)
4(5604 5605 5722 5721)
4(5645 5684 5723 5606)
4(5605 5606 5723 5722)
4(5646 5685 5724 5607)
4(5606 5607 5724 5723)
4(5647 5686 5725 5608)
4(5607 5608 5725 5724)
4(5648 5687 5726 5609)
4(5608 5609 5726 5725)
4(5649 5688 5727 5610)
4(5609 5610 5727 5726)
4(5650 5689 5728 5611)
4(5610 5611 5728 5727)
4(5651 5690 5729 5612)
4(5611 5612 5729 5728)
4(5652 5691 5730 5613)
4(5612 5613 5730 5729)
4(5653 5692 5731 5614)
4(5613 5614 5731 5730)
4(5654 5693 5732 5615)
4(5614 5615 5732 5731)
4(5655 5694 5733 5616)
4(5615 5616 5733 5732)
4(5656 5695 5734 5617)
4(5616 5617 5734 5733)
4(5657 5696 5735 5618)
4(5617 5618 5735 5734)
4(5658 5697 5736 5619)
4(5618 5619 5736 5735)
4(5659 5698 5737 5620)
4(5619 5620 5737 5736)
4(5660 5699 5738 5621)
4(5620 5621 5738 5737)
4(5661 5700 5739 5622)
4(5621 5622 5739 5738)
4(5662 5701 5740 5623)
4(5622 5623 5740 5739)
4(5663 5702 5741 5624)
4(5623 5624 5741 5740)
4(5664 5703 5742 5625)
4(5624 5625 5742 5741)
4(5665 5704 5743 5626)
4(5625 5626 5743 5742)
4(5666 5705 5744 5627)
4(5626 5627 5744 5743)
4(5667 5706 5745 5628)
4(5627 5628 5745 5744)
4(5668 5707 5746 5629)
4(5628 5629 5746 5745)
4(5669 5708 5747 5630)
4(5629 5630 5747 5746)
4(5670 5709 5748 5631)
4(5630 5631 5748 5747)
4(5671 5710 5749 5632)
4(5631 5632 5749 5748)
4(5672 5711 5750 5633)
4(5632 5633 5750 5749)
4(5673 5712 5751 5634)
4(5633 5634 5751 5750)
4(5674 5713 5752 5635)
4(5634 5635 5752 5751)
4(5675 5714 5753 5636)
4(5635 5636 5753 5752)
4(5676 5715 5754 5637)
4(5636 5637 5754 5753)
4(5677 5716 5755 5638)
4(5637 5638 5755 5754)
4(5678 5717 5756 5639)
4(5638 5639 5756 5755)
4(5639 445 564 5756)
4(5601 5718 5757 5562)
4(14 5562 5757 133)
4(5602 5719 5758 5563)
4(5562 5563 5758 5757)
4(5603 5720 5759 5564)
4(5563 5564 5759 5758)
4(5604 5721 5760 5565)
4(5564 5565 5760 5759)
4(5605 5722 5761 5566)
4(5565 5566 5761 5760)
4(5606 5723 5762 5567)
4(5566 5567 5762 5761)
4(5607 5724 5763 5568)
4(5567 5568 5763 5762)
4(5608 5725 5764 5569)
4(5568 5569 5764 5763)
4(5609 5726 5765 5570)
4(5569 5570 5765 5764)
4(5610 5727 5766 5571)
4(5570 5571 5766 5765)
4(5611 5728 5767 5572)
4(5571 5572 5767 5766)
4(5612 5729 5768 5573)
4(5572 5573 5768 5767)
4(5613 5730 5769 5574)
4(5573 5574 5769 5768)
4(5614 5731 5770 5575)
4(5574 5575 5770 5769)
4(5615 5732 5771 5576)
4(5575 5576 5771 5770)
4(5616 5733 5772 5577)
4(5576 5577 5772 5771)
4(5617 5734 5773 5578)
4(5577 5578 5773 5772)
4(5618 5735 5774 5579)
4(5578 5579 5774 5773)
4(5619 5736 5775 5580)
4(5579 5580 5775 5774)
4(5620 5737 5776 5581)
4(5580 5581 5776 5775)
4(5621 5738 5777 5582)
4(5581 5582 5777 5776)
4(5622 5739 5778 5583)
4(5582 5583 5778 5777)
4(5623 5740 5779 5584)
4(5583 5584 5779 5778)
4(5624 5741 5780 5585)
4(5584 5585 5780 5779)
4(5625 5742 5781 5586)
4(5585 5586 5781 5780)
4(5626 5743 5782 5587)
4(5586 5587 5782 5781)
4(5627 5744 5783 5588)
4(5587 5588 5783 5782)
4(5628 5745 5784 5589)
4(5588 5589 5784 5783)
4(5629 5746 5785 5590)
4(5589 5590 5785 5784)
4(5630 5747 5786 5591)
4(5590 5591 5786 5785)
4(5631 5748 5787 5592)
4(5591 5592 5787 5786)
4(5632 5749 5788 5593)
4(5592 5593 5788 5787)
4(5633 5750 5789 5594)
4(5593 5594 5789 5788)
4(5634 5751 5790 5595)
4(5594 5595 5790 5789)
4(5635 5752 5791 5596)
4(5595 5596 5791 5790)
4(5636 5753 5792 5597)
4(5596 5597 5792 5791)
4(5637 5754 5793 5598)
4(5597 5598 5793 5792)
4(5638 5755 5794 5599)
4(5598 5599 5794 5793)
4(5639 5756 5795 5600)
4(5599 5600 5795 5794)
4(5600 444 563 5795)
4(5562 5757 5796 5523)
4(15 5523 5796 134)
4(5563 5758 5797 5524)
4(5523 5524 5797 5796)
4(5564 5759 5798 5525)
4(5524 5525 5798 5797)
4(5565 5760 5799 5526)
4(5525 5526 5799 5798)
4(5566 5761 5800 5527)
4(5526 5527 5800 5799)
4(5567 5762 5801 5528)
4(5527 5528 5801 5800)
4(5568 5763 5802 5529)
4(5528 5529 5802 5801)
4(5569 5764 5803 5530)
4(5529 5530 5803 5802)
4(5570 5765 5804 5531)
4(5530 5531 5804 5803)
4(5571 5766 5805 5532)
4(5531 5532 5805 5804)
4(5572 5767 5806 5533)
4(5532 5533 5806 5805)
4(5573 5768 5807 5534)
4(5533 5534 5807 5806)
4(5574 5769 5808 5535)
4(5534 5535 5808 5807)
4(5575 5770 5809 5536)
4(5535 5536 5809 5808)
4(5576 5771 5810 5537)
4(5536 5537 5810 5809)
4(5577 5772 5811 5538)
4(5537 5538 5811 5810)
4(5578 5773 5812 5539)
4(5538 5539 5812 5811)
4(5579 5774 5813 5540)
4(5539 5540 5813 5812)
4(5580 5775 5814 5541)
4(5540 5541 5814 5813)
4(5581 5776 5815 5542)
4(5541 5542 5815 5814)
4(5582 5777 5816 5543)
4(5542 5543 5816 5815)
4(5583 5778 5817 5544)
4(5543 5544 5817 5816)
4(5584 5779 5818 5545)
4(5544 5545 5818 5817)
4(5585 5780 5819 5546)
4(5545 5546 5819 5818)
4(5586 5781 5820 5547)
4(5546 5547 5820 5819)
4(5587 5782 5821 5548)
4(5547 5548 5821 5820)
4(5588 5783 5822 5549)
4(5548 5549 5822 5821)
4(5589 5784 5823 5550)
4(5549 5550 5823 5822)
4(5590 5785 5824 5551)
4(5550 5551 5824 5823)
4(5591 5786 5825 5552)
4(5551 5552 5825 5824)
4(5592 5787 5826 5553)
4(5552 5553 5826 5825)
4(5593 5788 5827 5554)
4(5553 5554 5827 5826)
4(5594 5789 5828 5555)
4(5554 5555 5828 5827)
4(5595 5790 5829 5556)
4(5555 5556 5829 5828)
4(5596 5791 5830 5557)
4(5556 5557 5830 5829)
4(5597 5792 5831 5558)
4(5557 5558 5831 5830)
4(5598 5793 5832 5559)
4(5558 5559 5832 5831)
4(5599 5794 5833 5560)
4(5559 5560 5833 5832)
4(5600 5795 5834 5561)
4(5560 5561 5834 5833)
4(5561 443 562 5834)
4(5523 5796 5835 5484)
4(16 5484 5835 135)
4(5524 5797 5836 5485)
4(5484 5485 5836 5835)
4(5525 5798 5837 5486)
4(5485 5486 5837 5836)
4(5526 5799 5838 5487)
4(5486 5487 5838 5837)
4(5527 5800 5839 5488)
4(5487 5488 5839 5838)
4(5528 5801 5840 5489)
4(5488 5489 5840 5839)
4(5529 5802 5841 5490)
4(5489 5490 5841 5840)
4(5530 5803 5842 5491)
4(5490 5491 5842 5841)
4(5531 5804 5843 5492)
4(5491 5492 5843 5842)
4(5532 5805 5844 5493)
4(5492 5493 5844 5843)
4(5533 5806 5845 5494)
4(5493 5494 5845 5844)
4(5534 5807 5846 5495)
4(5494 5495 5846 5845)
4(5535 5808 5847 5496)
4(5495 5496 5847 5846)
4(5536 5809 5848 5497)
4(5496 5497 5848 5847)
4(5537 5810 5849 5498)
4(5497 5498 5849 5848)
4(5538 5811 5850 5499)
4(5498 5499 5850 5849)
4(5539 5812 5851 5500)
4(5499 5500 5851 5850)
4(5540 5813 5852 5501)
4(5500 5501 5852 5851)
4(5541 5814 5853 5502)
4(5501 5502 5853 5852)
4(5542 5815 5854 5503)
4(5502 5503 5854 5853)
4(5543 5816 5855 5504)
4(5503 5504 5855 5854)
4(5544 5817 5856 5505)
4(5504 5505 5856 5855)
4(5545 5818 5857 5506)
4(5505 5506 5857 5856)
4(5546 5819 5858 5507)
4(5506 5507 5858 5857)
4(5547 5820 5859 5508)
4(5507 5508 5859 5858)
4(5548 5821 5860 5509)
4(5508 5509 5860 5859)
4(5549 5822 5861 5510)
4(5509 5510 5861 5860)
4(5550 5823 5862 5511)
4(5510 5511 5862 5861)
4(5551 5824 5863 5512)
4(5511 5512 5863 5862)
4(5552 5825 5864 5513)
4(5512 5513 5864 5863)
4(5553 5826 5865 5514)
4(5513 5514 5865 5864)
4(5554 5827 5866 5515)
4(5514 5515 5866 5865)
4(5555 5828 5867 5516)
4(5515 5516 5867 5866)
4(5556 5829 5868 5517)
4(5516 5517 5868 5867)
4(5557 5830 5869 5518)
4(5517 5518 5869 5868)
4(5558 5831 5870 5519)
4(5518 5519 5870 5869)
4(5559 5832 5871 5520)
4(5519 5520 5871 5870)
4(5560 5833 5872 5521)
4(5520 5521 5872 5871)
4(5561 5834 5873 5522)
4(5521 5522 5873 5872)
4(5522 442 561 5873)
4(5484 5835 5874 5445)
4(17 5445 5874 136)
4(5485 5836 5875 5446)
4(5445 5446 5875 5874)
4(5486 5837 5876 5447)
4(5446 5447 5876 5875)
4(5487 5838 5877 5448)
4(5447 5448 5877 5876)
4(5488 5839 5878 5449)
4(5448 5449 5878 5877)
4(5489 5840 5879 5450)
4(5449 5450 5879 5878)
4(5490 5841 5880 5451)
4(5450 5451 5880 5879)
4(5491 5842 5881 5452)
4(5451 5452 5881 5880)
4(5492 5843 5882 5453)
4(5452 5453 5882 5881)
4(5493 5844 5883 5454)
4(5453 5454 5883 5882)
4(5494 5845 5884 5455)
4(5454 5455 5884 5883)
4(5495 5846 5885 5456)
4(5455 5456 5885 5884)
4(5496 5847 5886 5457)
4(5456 5457 5886 5885)
4(5497 5848 5887 5458)
4(5457 5458 5887 5886)
4(5498 5849 5888 5459)
4(5458 5459 5888 5887)
4(5499 5850 5889 5460)
4(5459 5460 5889 5888)
4(5500 5851 5890 5461)
4(5460 5461 5890 5889)
4(5501 5852 5891 5462)
4(5461 5462 5891 5890)
4(5502 5853 5892 5463)
4(5462 5463 5892 5891)
4(5503 5854 5893 5464)
4(5463 5464 5893 5892)
4(5504 5855 5894 5465)
4(5464 5465 5894 5893)
4(5505 5856 5895 5466)
4(5465 5466 5895 5894)
4(5506 5857 5896 5467)
4(5466 5467 5896 5895)
4(5507 5858 5897 5468)
4(5467 5468 5897 5896)
4(5508 5859 5898 5469)
4(5468 5469 5898 5897)
4(5509 5860 5899 5470)
4(5469 5470 5899 5898)
4(5510 5861 5900 5471)
4(5470 5471 5900 5899)
4(5511 5862 5901 5472)
4(5471 5472 5901 5900)
4(5512 5863 5902 5473)
4(5472 5473 5902 5901)
4(5513 5864 5903 5474)
4(5473 5474 5903 5902)
4(5514 5865 5904 5475)
4(5474 5475 5904 5903)
4(5515 5866 5905 5476)
4(5475 5476 5905 5904)
4(5516 5867 5906 5477)
4(5476 5477 5906 5905)
4(5517 5868 5907 5478)
4(5477 5478 5907 5906)
4(5518 5869 5908 5479)
4(5478 5479 5908 5907)
4(5519 5870 5909 5480)
4(5479 5480 5909 5908)
4(5520 5871 5910 5481)
4(5480 5481 5910 5909)
4(5521 5872 5911 5482)
4(5481 5482 5911 5910)
4(5522 5873 5912 5483)
4(5482 5483 5912 5911)
4(5483 441 560 5912)
4(5445 5874 5913 5406)
4(18 5406 5913 137)
4(5446 5875 5914 5407)
4(5406 5407 5914 5913)
4(5447 5876 5915 5408)
4(5407 5408 5915 5914)
4(5448 5877 5916 5409)
4(5408 5409 5916 5915)
4(5449 5878 5917 5410)
4(5409 5410 5917 5916)
4(5450 5879 5918 5411)
4(5410 5411 5918 5917)
4(5451 5880 5919 5412)
4(5411 5412 5919 5918)
4(5452 5881 5920 5413)
4(5412 5413 5920 5919)
4(5453 5882 5921 5414)
4(5413 5414 5921 5920)
4(5454 5883 5922 5415)
4(5414 5415 5922 5921)
4(5455 5884 5923 5416)
4(5415 5416 5923 5922)
4(5456 5885 5924 5417)
4(5416 5417 5924 5923)
4(5457 5886 5925 5418)
4(5417 5418 5925 5924)
4(5458 5887 5926 5419)
4(5418 5419 5926 5925)
4(5459 5888 5927 5420)
4(5419 5420 5927 5926)
4(5460 5889 5928 5421)
4(5420 5421 5928 5927)
4(5461 5890 5929 5422)
4(5421 5422 5929 5928)
4(5462 5891 5930 5423)
4(5422 5423 5930 5929)
4(5463 5892 5931 5424)
4(5423 5424 5931 5930)
4(5464 5893 5932 5425)
4(5424 5425 5932 5931)
4(5465 5894 5933 5426)
4(5425 5426 5933 5932)
4(5466 5895 5934 5427)
4(5426 5427 5934 5933)
4(5467 5896 5935 5428)
4(5427 5428 5935 5934)
4(5468 5897 5936 5429)
4(5428 5429 5936 5935)
4(5469 5898 5937 5430)
4(5429 5430 5937 5936)
4(5470 5899 5938 5431)
4(5430 5431 5938 5937)
4(5471 5900 5939 5432)
4(5431 5432 5939 5938)
4(5472 5901 5940 5433)
4(5432 5433 5940 5939)
4(5473 5902 5941 5434)
4(5433 5434 5941 5940)
4(5474 5903 5942 5435)
4(5434 5435 5942 5941)
4(5475 5904 5943 5436)
4(5435 5436 5943 5942)
4(5476 5905 5944 5437)
4(5436 5437 5944 5943)
4(5477 5906 5945 5438)
4(5437 5438 5945 5944)
4(5478 5907 5946 5439)
4(5438 5439 5946 5945)
4(5479 5908 5947 5440)
4(5439 5440 5947 5946)
4(5480 5909 5948 5441)
4(5440 5441 5948 5947)
4(5481 5910 5949 5442)
4(5441 5442 5949 5948)
4(5482 5911 5950 5443)
4(5442 5443 5950 5949)
4(5483 5912 5951 5444)
4(5443 5444 5951 5950)
4(5444 440 559 5951)
4(5406 5913 5952 5367)
4(19 5367 5952 138)
4(5407 5914 5953 5368)
4(5367 5368 5953 5952)
4(5408 5915 5954 5369)
4(5368 5369 5954 5953)
4(5409 5916 5955 5370)
4(5369 5370 5955 5954)
4(5410 5917 5956 5371)
4(5370 5371 5956 5955)
4(5411 5918 5957 5372)
4(5371 5372 5957 5956)
4(5412 5919 5958 5373)
4(5372 5373 5958 5957)
4(5413 5920 5959 5374)
4(5373 5374 5959 5958)
4(5414 5921 5960 5375)
4(5374 5375 5960 5959)
4(5415 5922 5961 5376)
4(5375 5376 5961 5960)
4(5416 5923 5962 5377)
4(5376 5377 5962 5961)
4(5417 5924 5963 5378)
4(5377 5378 5963 5962)
4(5418 5925 5964 5379)
4(5378 5379 5964 5963)
4(5419 5926 5965 5380)
4(5379 5380 5965 5964)
4(5420 5927 5966 5381)
4(5380 5381 5966 5965)
4(5421 5928 5967 5382)
4(5381 5382 5967 5966)
4(5422 5929 5968 5383)
4(5382 5383 5968 5967)
4(5423 5930 5969 5384)
4(5383 5384 5969 5968)
4(5424 5931 5970 5385)
4(5384 5385 5970 5969)
4(5425 5932 5971 5386)
4(5385 5386 5971 5970)
4(5426 5933 5972 5387)
4(5386 5387 5972 5971)
4(5427 5934 5973 5388)
4(5387 5388 5973 5972)
4(5428 5935 5974 5389)
4(5388 5389 5974 5973)
4(5429 5936 5975 5390)
4(5389 5390 5975 5974)
4(5430 5937 5976 5391)
4(5390 5391 5976 5975)
4(5431 5938 5977 5392)
4(5391 5392 5977 5976)
4(5432 5939 5978 5393)
4(5392 5393 5978 5977)
4(5433 5940 5979 5394)
4(5393 5394 5979 5978)
4(5434 5941 5980 5395)
4(5394 5395 5980 5979)
4(5435 5942 5981 5396)
4(5395 5396 5981 5980)
4(5436 5943 5982 5397)
4(5396 5397 5982 5981)
4(5437 5944 5983 5398)
4(5397 5398 5983 5982)
4(5438 5945 5984 5399)
4(5398 5399 5984 5983)
4(5439 5946 5985 5400)
4(5399 5400 5985 5984)
4(5440 5947 5986 5401)
4(5400 5401 5986 5985)
4(5441 5948 5987 5402)
4(5401 5402 5987 5986)
4(5442 5949 5988 5403)
4(5402 5403 5988 5987)
4(5443 5950 5989 5404)
4(5403 5404 5989 5988)
4(5444 5951 5990 5405)
4(5404 5405 5990 5989)
4(5405 439 558 5990)
4(5367 5952 5991 5328)
4(20 5328 5991 139)
4(5368 5953 5992 5329)
4(5328 5329 5992 5991)
4(5369 5954 5993 5330)
4(5329 5330 5993 5992)
4(5370 5955 5994 5331)
4(5330 5331 5994 5993)
4(5371 5956 5995 5332)
4(5331 5332 5995 5994)
4(5372 5957 5996 5333)
4(5332 5333 5996 5995)
4(5373 5958 5997 5334)
4(5333 5334 5997 5996)
4(5374 5959 5998 5335)
4(5334 5335 5998 5997)
4(5375 5960 5999 5336)
4(5335 5336 5999 5998)
4(5376 5961 6000 5337)
4(5336 5337 6000 5999)
4(5377 5962 6001 5338)
4(5337 5338 6001 6000)
4(5378 5963 6002 5339)
4(5338 5339 6002 6001)
4(5379 5964 6003 5340)
4(5339 5340 6003 6002)
4(5380 5965 6004 5341)
4(5340 5341 6004 6003)
4(5381 5966 6005 5342)
4(5341 5342 6005 6004)
4(5382 5967 6006 5343)
4(5342 5343 6006 6005)
4(5383 5968 6007 5344)
4(5343 5344 6007 6006)
4(5384 5969 6008 5345)
4(5344 5345 6008 6007)
4(5385 5970 6009 5346)
4(5345 5346 6009 6008)
4(5386 5971 6010 5347)
4(5346 5347 6010 6009)
4(5387 5972 6011 5348)
4(5347 5348 6011 6010)
4(5388 5973 6012 5349)
4(5348 5349 6012 6011)
4(5389 5974 6013 5350)
4(5349 5350 6013 6012)
4(5390 5975 6014 5351)
4(5350 5351 6014 6013)
4(5391 5976 6015 5352)
4(5351 5352 6015 6014)
4(5392 5977 6016 5353)
4(5352 5353 6016 6015)
4(5393 5978 6017 5354)
4(5353 5354 6017 6016)
4(5394 5979 6018 5355)
4(5354 5355 6018 6017)
4(5395 5980 6019 5356)
4(5355 5356 6019 6018)
4(5396 5981 6020 5357)
4(5356 5357 6020 6019)
4(5397 5982 6021 5358)
4(5357 5358 6021 6020)
4(5398 5983 6022 5359)
4(5358 5359 6022 6021)
4(5399 5984 6023 5360)
4(5359 5360 6023 6022)
4(5400 5985 6024 5361)
4(5360 5361 6024 6023)
4(5401 5986 6025 5362)
4(5361 5362 6025 6024)
4(5402 5987 6026 5363)
4(5362 5363 6026 6025)
4(5403 5988 6027 5364)
4(5363 5364 6027 6026)
4(5404 5989 6028 5365)
4(5364 5365 6028 6027)
4(5405 5990 6029 5366)
4(5365 5366 6029 6028)
4(5366 438 557 6029)
4(5328 5991 6030 5289)
4(21 5289 6030 140)
4(5329 5992 6031 5290)
4(5289 5290 6031 6030)
4(5330 5993 6032 5291)
4(5290 5291 6032 6031)
4(5331 5994 6033 5292)
4(5291 5292 6033 6032)
4(5332 5995 6034 5293)
4(5292 5293 6034 6033)
4(5333 5996 6035 5294)
4(5293 5294 6035 6034)
4(5334 5997 6036 5295)
4(5294 5295 6036 6035)
4(5335 5998 6037 5296)
4(5295 5296 6037 6036)
4(5336 5999 6038 5297)
4(5296 5297 6038 6037)
4(5337 6000 6039 5298)
4(5297 5298 6039 6038)
4(5338 6001 6040 5299)
4(5298 5299 6040 6039)
4(5339 6002 6041 5300)
4(5299 5300 6041 6040)
4(5340 6003 6042 5301)
4(5300 5301 6042 6041)
4(5341 6004 6043 5302)
4(5301 5302 6043 6042)
4(5342 6005 6044 5303)
4(5302 5303 6044 6043)
4(5343 6006 6045 5304)
4(5303 5304 6045 6044)
4(5344 6007 6046 5305)
4(5304 5305 6046 6045)
4(5345 6008 6047 5306)
4(5305 5306 6047 6046)
4(5346 6009 6048 5307)
4(5306 5307 6048 6047)
4(5347 6010 6049 5308)
4(5307 5308 6049 6048)
4(5348 6011 6050 5309)
4(5308 5309 6050 6049)
4(5349 6012 6051 5310)
4(5309 5310 6051 6050)
4(5350 6013 6052 5311)
4(5310 5311 6052 6051)
4(5351 6014 6053 5312)
4(5311 5312 6053 6052)
4(5352 6015 6054 5313)
4(5312 5313 6054 6053)
4(5353 6016 6055 5314)
4(5313 5314 6055 6054)
4(5354 6017 6056 5315)
4(5314 5315 6056 6055)
4(5355 6018 6057 5316)
4(5315 5316 6057 6056)
4(5356 6019 6058 5317)
4(5316 5317 6058 6057)
4(5357 6020 6059 5318)
4(5317 5318 6059 6058)
4(5358 6021 6060 5319)
4(5318 5319 6060 6059)
4(5359 6022 6061 5320)
4(5319 5320 6061 6060)
4(5360 6023 6062 5321)
4(5320 5321 6062 6061)
4(5361 6024 6063 5322)
4(5321 5322 6063 6062)
4(5362 6025 6064 5323)
4(5322 5323 6064 6063)
4(5363 6026 6065 5324)
4(5323 5324 6065 6064)
4(5364 6027 6066 5325)
4(5324 5325 6066 6065)
4(5365 6028 6067 5326)
4(5325 5326 6067 6066)
4(5366 6029 6068 5327)
4(5326 5327 6068 6067)
4(5327 437 556 6068)
4(5289 6030 6069 5250)
4(22 5250 6069 141)
4(5290 6031 6070 5251)
4(5250 5251 6070 6069)
4(5291 6032 6071 5252)
4(5251 5252 6071 6070)
4(5292 6033 6072 5253)
4(5252 5253 6072 6071)
4(5293 6034 6073 5254)
4(5253 5254 6073 6072)
4(5294 6035 6074 5255)
4(5254 5255 6074 6073)
4(5295 6036 6075 5256)
4(5255 5256 6075 6074)
4(5296 6037 6076 5257)
4(5256 5257 6076 6075)
4(5297 6038 6077 5258)
4(5257 5258 6077 6076)
4(5298 6039 6078 5259)
4(5258 5259 6078 6077)
4(5299 6040 6079 5260)
4(5259 5260 6079 6078)
4(5300 6041 6080 5261)
4(5260 5261 6080 6079)
4(5301 6042 6081 5262)
4(5261 5262 6081 6080)
4(5302 6043 6082 5263)
4(5262 5263 6082 6081)
4(5303 6044 6083 5264)
4(5263 5264 6083 6082)
4(5304 6045 6084 5265)
4(5264 5265 6084 6083)
4(5305 6046 6085 5266)
4(5265 5266 6085 6084)
4(5306 6047 6086 5267)
4(5266 5267 6086 6085)
4(5307 6048 6087 5268)
4(5267 5268 6087 6086)
4(5308 6049 6088 5269)
4(5268 5269 6088 6087)
4(5309 6050 6089 5270)
4(5269 5270 6089 6088)
4(5310 6051 6090 5271)
4(5270 5271 6090 6089)
4(5311 6052 6091 5272)
4(5271 5272 6091 6090)
4(5312 6053 6092 5273)
4(5272 5273 6092 6091)
4(5313 6054 6093 5274)
4(5273 5274 6093 6092)
4(5314 6055 6094 5275)
4(5274 5275 6094 6093)
4(5315 6056 6095 5276)
4(5275 5276 6095 6094)
4(5316 6057 6096 5277)
4(5276 5277 6096 6095)
4(5317 6058 6097 5278)
4(5277 5278 6097 6096)
4(5318 6059 6098 5279)
4(5278 5279 6098 6097)
4(5319 6060 6099 5280)
4(5279 5280 6099 6098)
4(5320 6061 6100 5281)
4(5280 5281 6100 6099)
4(5321 6062 6101 5282)
4(5281 5282 6101 6100)
4(5322 6063 6102 5283)
4(5282 5283 6102 6101)
4(5323 6064 6103 5284)
4(5283 5284 6103 6102)
4(5324 6065 6104 5285)
4(5284 5285 6104 6103)
4(5325 6066 6105 5286)
4(5285 5286 6105 6104)
4(5326 6067 6106 5287)
4(5286 5287 6106 6105)
4(5327 6068 6107 5288)
4(5287 5288 6107 6106)
4(5288 436 555 6107)
4(5250 6069 6108 5211)
4(23 5211 6108 142)
4(5251 6070 6109 5212)
4(5211 5212 6109 6108)
4(5252 6071 6110 5213)
4(5212 5213 6110 6109)
4(5253 6072 6111 5214)
4(5213 5214 6111 6110)
4(5254 6073 6112 5215)
4(5214 5215 6112 6111)
4(5255 6074 6113 5216)
4(5215 5216 6113 6112)
4(5256 6075 6114 5217)
4(5216 5217 6114 6113)
4(5257 6076 6115 5218)
4(5217 5218 6115 6114)
4(5258 6077 6116 5219)
4(5218 5219 6116 6115)
4(5259 6078 6117 5220)
4(5219 5220 6117 6116)
4(5260 6079 6118 5221)
4(5220 5221 6118 6117)
4(5261 6080 6119 5222)
4(5221 5222 6119 6118)
4(5262 6081 6120 5223)
4(5222 5223 6120 6119)
4(5263 6082 6121 5224)
4(5223 5224 6121 6120)
4(5264 6083 6122 5225)
4(5224 5225 6122 6121)
4(5265 6084 6123 5226)
4(5225 5226 6123 6122)
4(5266 6085 6124 5227)
4(5226 5227 6124 6123)
4(5267 6086 6125 5228)
4(5227 5228 6125 6124)
4(5268 6087 6126 5229)
4(5228 5229 6126 6125)
4(5269 6088 6127 5230)
4(5229 5230 6127 6126)
4(5270 6089 6128 5231)
4(5230 5231 6128 6127)
4(5271 6090 6129 5232)
4(5231 5232 6129 6128)
4(5272 6091 6130 5233)
4(5232 5233 6130 6129)
4(5273 6092 6131 5234)
4(5233 5234 6131 6130)
4(5274 6093 6132 5235)
4(5234 5235 6132 6131)
4(5275 6094 6133 5236)
4(5235 5236 6133 6132)
4(5276 6095 6134 5237)
4(5236 5237 6134 6133)
4(5277 6096 6135 5238)
4(5237 5238 6135 6134)
4(5278 6097 6136 5239)
4(5238 5239 6136 6135)
4(5279 6098 6137 5240)
4(5239 5240 6137 6136)
4(5280 6099 6138 5241)
4(5240 5241 6138 6137)
4(5281 6100 6139 5242)
4(5241 5242 6139 6138)
4(5282 6101 6140 5243)
4(5242 5243 6140 6139)
4(5283 6102 6141 5244)
4(5243 5244 6141 6140)
4(5284 6103 6142 5245)
4(5244 5245 6142 6141)
4(5285 6104 6143 5246)
4(5245 5246 6143 6142)
4(5286 6105 6144 5247)
4(5246 5247 6144 6143)
4(5287 6106 6145 5248)
4(5247 5248 6145 6144)
4(5288 6107 6146 5249)
4(5248 5249 6146 6145)
4(5249 435 554 6146)
4(5211 6108 6147 5172)
4(24 5172 6147 143)
4(5212 6109 6148 5173)
4(5172 5173 6148 6147)
4(5213 6110 6149 5174)
4(5173 5174 6149 6148)
4(5214 6111 6150 5175)
4(5174 5175 6150 6149)
4(5215 6112 6151 5176)
4(5175 5176 6151 6150)
4(5216 6113 6152 5177)
4(5176 5177 6152 6151)
4(5217 6114 6153 5178)
4(5177 5178 6153 6152)
4(5218 6115 6154 5179)
4(5178 5179 6154 6153)
4(5219 6116 6155 5180)
4(5179 5180 6155 6154)
4(5220 6117 6156 5181)
4(5180 5181 6156 6155)
4(5221 6118 6157 5182)
4(5181 5182 6157 6156)
4(5222 6119 6158 5183)
4(5182 5183 6158 6157)
4(5223 6120 6159 5184)
4(5183 5184 6159 6158)
4(5224 6121 6160 5185)
4(5184 5185 6160 6159)
4(5225 6122 6161 5186)
4(5185 5186 6161 6160)
4(5226 6123 6162 5187)
4(5186 5187 6162 6161)
4(5227 6124 6163 5188)
4(5187 5188 6163 6162)
4(5228 6125 6164 5189)
4(5188 5189 6164 6163)
4(5229 6126 6165 5190)
4(5189 5190 6165 6164)
4(5230 6127 6166 5191)
4(5190 5191 6166 6165)
4(5231 6128 6167 5192)
4(5191 5192 6167 6166)
4(5232 6129 6168 5193)
4(5192 5193 6168 6167)
4(5233 6130 6169 5194)
4(5193 5194 6169 6168)
4(5234 6131 6170 5195)
4(5194 5195 6170 6169)
4(5235 6132 6171 5196)
4(5195 5196 6171 6170)
4(5236 6133 6172 5197)
4(5196 5197 6172 6171)
4(5237 6134 6173 5198)
4(5197 5198 6173 6172)
4(5238 6135 6174 5199)
4(5198 5199 6174 6173)
4(5239 6136 6175 5200)
4(5199 5200 6175 6174)
4(5240 6137 6176 5201)
4(5200 5201 6176 6175)
4(5241 6138 6177 5202)
4(5201 5202 6177 6176)
4(5242 6139 6178 5203)
4(5202 5203 6178 6177)
4(5243 6140 6179 5204)
4(5203 5204 6179 6178)
4(5244 6141 6180 5205)
4(5204 5205 6180 6179)
4(5245 6142 6181 5206)
4(5205 5206 6181 6180)
4(5246 6143 6182 5207)
4(5206 5207 6182 6181)
4(5247 6144 6183 5208)
4(5207 5208 6183 6182)
4(5248 6145 6184 5209)
4(5208 5209 6184 6183)
4(5249 6146 6185 5210)
4(5209 5210 6185 6184)
4(5210 434 553 6185)
4(5172 6147 6186 5133)
4(25 5133 6186 144)
4(5173 6148 6187 5134)
4(5133 5134 6187 6186)
4(5174 6149 6188 5135)
4(5134 5135 6188 6187)
4(5175 6150 6189 5136)
4(5135 5136 6189 6188)
4(5176 6151 6190 5137)
4(5136 5137 6190 6189)
4(5177 6152 6191 5138)
4(5137 5138 6191 6190)
4(5178 6153 6192 5139)
4(5138 5139 6192 6191)
4(5179 6154 6193 5140)
4(5139 5140 6193 6192)
4(5180 6155 6194 5141)
4(5140 5141 6194 6193)
4(5181 6156 6195 5142)
4(5141 5142 6195 6194)
4(5182 6157 6196 5143)
4(5142 5143 6196 6195)
4(5183 6158 6197 5144)
4(5143 5144 6197 6196)
4(5184 6159 6198 5145)
4(5144 5145 6198 6197)
4(5185 6160 6199 5146)
4(5145 5146 6199 6198)
4(5186 6161 6200 5147)
4(5146 5147 6200 6199)
4(5187 6162 6201 5148)
4(5147 5148 6201 6200)
4(5188 6163 6202 5149)
4(5148 5149 6202 6201)
4(5189 6164 6203 5150)
4(5149 5150 6203 6202)
4(5190 6165 6204 5151)
4(5150 5151 6204 6203)
4(5191 6166 6205 5152)
4(5151 5152 6205 6204)
4(5192 6167 6206 5153)
4(5152 5153 6206 6205)
4(5193 6168 6207 5154)
4(5153 5154 6207 6206)
4(5194 6169 6208 5155)
4(5154 5155 6208 6207)
4(5195 6170 6209 5156)
4(5155 5156 6209 6208)
4(5196 6171 6210 5157)
4(5156 5157 6210 6209)
4(5197 6172 6211 5158)
4(5157 5158 6211 6210)
4(5198 6173 6212 5159)
4(5158 5159 6212 6211)
4(5199 6174 6213 5160)
4(5159 5160 6213 6212)
4(5200 6175 6214 5161)
4(5160 5161 6214 6213)
4(5201 6176 6215 5162)
4(5161 5162 6215 6214)
4(5202 6177 6216 5163)
4(5162 5163 6216 6215)
4(5203 6178 6217 5164)
4(5163 5164 6217 6216)
4(5204 6179 6218 5165)
4(5164 5165 6218 6217)
4(5205 6180 6219 5166)
4(5165 5166 6219 6218)
4(5206 6181 6220 5167)
4(5166 5167 6220 6219)
4(5207 6182 6221 5168)
4(5167 5168 6221 6220)
4(5208 6183 6222 5169)
4(5168 5169 6222 6221)
4(5209 6184 6223 5170)
4(5169 5170 6223 6222)
4(5210 6185 6224 5171)
4(5170 5171 6224 6223)
4(5171 433 552 6224)
4(5133 6186 6225 5094)
4(26 5094 6225 145)
4(5134 6187 6226 5095)
4(5094 5095 6226 6225)
4(5135 6188 6227 5096)
4(5095 5096 6227 6226)
4(5136 6189 6228 5097)
4(5096 5097 6228 6227)
4(5137 6190 6229 5098)
4(5097 5098 6229 6228)
4(5138 6191 6230 5099)
4(5098 5099 6230 6229)
4(5139 6192 6231 5100)
4(5099 5100 6231 6230)
4(5140 6193 6232 5101)
4(5100 5101 6232 6231)
4(5141 6194 6233 5102)
4(5101 5102 6233 6232)
4(5142 6195 6234 5103)
4(5102 5103 6234 6233)
4(5143 6196 6235 5104)
4(5103 5104 6235 6234)
4(5144 6197 6236 5105)
4(5104 5105 6236 6235)
4(5145 6198 6237 5106)
4(5105 5106 6237 6236)
4(5146 6199 6238 5107)
4(5106 5107 6238 6237)
4(5147 6200 6239 5108)
4(5107 5108 6239 6238)
4(5148 6201 6240 5109)
4(5108 5109 6240 6239)
4(5149 6202 6241 5110)
4(5109 5110 6241 6240)
4(5150 6203 6242 5111)
4(5110 5111 6242 6241)
4(5151 6204 6243 5112)
4(5111 5112 6243 6242)
4(5152 6205 6244 5113)
4(5112 5113 6244 6243)
4(5153 6206 6245 5114)
4(5113 5114 6245 6244)
4(5154 6207 6246 5115)
4(5114 5115 6246 6245)
4(5155 6208 6247 5116)
4(5115 5116 6247 6246)
4(5156 6209 6248 5117)
4(5116 5117 6248 6247)
4(5157 6210 6249 5118)
4(5117 5118 6249 6248)
4(5158 6211 6250 5119)
4(5118 5119 6250 6249)
4(5159 6212 6251 5120)
4(5119 5120 6251 6250)
4(5160 6213 6252 5121)
4(5120 5121 6252 6251)
4(5161 6214 6253 5122)
4(5121 5122 6253 6252)
4(5162 6215 6254 5123)
4(5122 5123 6254 6253)
4(5163 6216 6255 5124)
4(5123 5124 6255 6254)
4(5164 6217 6256 5125)
4(5124 5125 6256 6255)
4(5165 6218 6257 5126)
4(5125 5126 6257 6256)
4(5166 6219 6258 5127)
4(5126 5127 6258 6257)
4(5167 6220 6259 5128)
4(5127 5128 6259 6258)
4(5168 6221 6260 5129)
4(5128 5129 6260 6259)
4(5169 6222 6261 5130)
4(5129 5130 6261 6260)
4(5170 6223 6262 5131)
4(5130 5131 6262 6261)
4(5171 6224 6263 5132)
4(5131 5132 6263 6262)
4(5132 432 551 6263)
4(5094 6225 6264 5055)
4(27 5055 6264 146)
4(5095 6226 6265 5056)
4(5055 5056 6265 6264)
4(5096 6227 6266 5057)
4(5056 5057 6266 6265)
4(5097 6228 6267 5058)
4(5057 5058 6267 6266)
4(5098 6229 6268 5059)
4(5058 5059 6268 6267)
4(5099 6230 6269 5060)
4(5059 5060 6269 6268)
4(5100 6231 6270 5061)
4(5060 5061 6270 6269)
4(5101 6232 6271 5062)
4(5061 5062 6271 6270)
4(5102 6233 6272 5063)
4(5062 5063 6272 6271)
4(5103 6234 6273 5064)
4(5063 5064 6273 6272)
4(5104 6235 6274 5065)
4(5064 5065 6274 6273)
4(5105 6236 6275 5066)
4(5065 5066 6275 6274)
4(5106 6237 6276 5067)
4(5066 5067 6276 6275)
4(5107 6238 6277 5068)
4(5067 5068 6277 6276)
4(5108 6239 6278 5069)
4(5068 5069 6278 6277)
4(5109 6240 6279 5070)
4(5069 5070 6279 6278)
4(5110 6241 6280 5071)
4(5070 5071 6280 6279)
4(5111 6242 6281 5072)
4(5071 5072 6281 6280)
4(5112 6243 6282 5073)
4(5072 5073 6282 6281)
4(5113 6244 6283 5074)
4(5073 5074 6283 6282)
4(5114 6245 6284 5075)
4(5074 5075 6284 6283)
4(5115 6246 6285 5076)
4(5075 5076 6285 6284)
4(5116 6247 6286 5077)
4(5076 5077 6286 6285)
4(5117 6248 6287 5078)
4(5077 5078 6287 6286)
4(5118 6249 6288 5079)
4(5078 5079 6288 6287)
4(5119 6250 6289 5080)
4(5079 5080 6289 6288)
4(5120 6251 6290 5081)
4(5080 5081 6290 6289)
4(5121 6252 6291 5082)
4(5081 5082 6291 6290)
4(5122 6253 6292 5083)
4(5082 5083 6292 6291)
4(5123 6254 6293 5084)
4(5083 5084 6293 6292)
4(5124 6255 6294 5085)
4(5084 5085 6294 6293)
4(5125 6256 6295 5086)
4(5085 5086 6295 6294)
4(5126 6257 6296 5087)
4(5086 5087 6296 6295)
4(5127 6258 6297 5088)
4(5087 5088 6297 6296)
4(5128 6259 6298 5089)
4(5088 5089 6298 6297)
4(5129 6260 6299 5090)
4(5089 5090 6299 6298)
4(5130 6261 6300 5091)
4(5090 5091 6300 6299)
4(5131 6262 6301 5092)
4(5091 5092 6301 6300)
4(5132 6263 6302 5093)
4(5092 5093 6302 6301)
4(5093 431 550 6302)
4(5055 6264 6303 5016)
4(28 5016 6303 147)
4(5056 6265 6304 5017)
4(5016 5017 6304 6303)
4(5057 6266 6305 5018)
4(5017 5018 6305 6304)
4(5058 6267 6306 5019)
4(5018 5019 6306 6305)
4(5059 6268 6307 5020)
4(5019 5020 6307 6306)
4(5060 6269 6308 5021)
4(5020 5021 6308 6307)
4(5061 6270 6309 5022)
4(5021 5022 6309 6308)
4(5062 6271 6310 5023)
4(5022 5023 6310 6309)
4(5063 6272 6311 5024)
4(5023 5024 6311 6310)
4(5064 6273 6312 5025)
4(5024 5025 6312 6311)
4(5065 6274 6313 5026)
4(5025 5026 6313 6312)
4(5066 6275 6314 5027)
4(5026 5027 6314 6313)
4(5067 6276 6315 5028)
4(5027 5028 6315 6314)
4(5068 6277 6316 5029)
4(5028 5029 6316 6315)
4(5069 6278 6317 5030)
4(5029 5030 6317 6316)
4(5070 6279 6318 5031)
4(5030 5031 6318 6317)
4(5071 6280 6319 5032)
4(5031 5032 6319 6318)
4(5072 6281 6320 5033)
4(5032 5033 6320 6319)
4(5073 6282 6321 5034)
4(5033 5034 6321 6320)
4(5074 6283 6322 5035)
4(5034 5035 6322 6321)
4(5075 6284 6323 5036)
4(5035 5036 6323 6322)
4(5076 6285 6324 5037)
4(5036 5037 6324 6323)
4(5077 6286 6325 5038)
4(5037 5038 6325 6324)
4(5078 6287 6326 5039)
4(5038 5039 6326 6325)
4(5079 6288 6327 5040)
4(5039 5040 6327 6326)
4(5080 6289 6328 5041)
4(5040 5041 6328 6327)
4(5081 6290 6329 5042)
4(5041 5042 6329 6328)
4(5082 6291 6330 5043)
4(5042 5043 6330 6329)
4(5083 6292 6331 5044)
4(5043 5044 6331 6330)
4(5084 6293 6332 5045)
4(5044 5045 6332 6331)
4(5085 6294 6333 5046)
4(5045 5046 6333 6332)
4(5086 6295 6334 5047)
4(5046 5047 6334 6333)
4(5087 6296 6335 5048)
4(5047 5048 6335 6334)
4(5088 6297 6336 5049)
4(5048 5049 6336 6335)
4(5089 6298 6337 5050)
4(5049 5050 6337 6336)
4(5090 6299 6338 5051)
4(5050 5051 6338 6337)
4(5091 6300 6339 5052)
4(5051 5052 6339 6338)
4(5092 6301 6340 5053)
4(5052 5053 6340 6339)
4(5093 6302 6341 5054)
4(5053 5054 6341 6340)
4(5054 430 549 6341)
4(5016 6303 6342 4977)
4(29 4977 6342 148)
4(5017 6304 6343 4978)
4(4977 4978 6343 6342)
4(5018 6305 6344 4979)
4(4978 4979 6344 6343)
4(5019 6306 6345 4980)
4(4979 4980 6345 6344)
4(5020 6307 6346 4981)
4(4980 4981 6346 6345)
4(5021 6308 6347 4982)
4(4981 4982 6347 6346)
4(5022 6309 6348 4983)
4(4982 4983 6348 6347)
4(5023 6310 6349 4984)
4(4983 4984 6349 6348)
4(5024 6311 6350 4985)
4(4984 4985 6350 6349)
4(5025 6312 6351 4986)
4(4985 4986 6351 6350)
4(5026 6313 6352 4987)
4(4986 4987 6352 6351)
4(5027 6314 6353 4988)
4(4987 4988 6353 6352)
4(5028 6315 6354 4989)
4(4988 4989 6354 6353)
4(5029 6316 6355 4990)
4(4989 4990 6355 6354)
4(5030 6317 6356 4991)
4(4990 4991 6356 6355)
4(5031 6318 6357 4992)
4(4991 4992 6357 6356)
4(5032 6319 6358 4993)
4(4992 4993 6358 6357)
4(5033 6320 6359 4994)
4(4993 4994 6359 6358)
4(5034 6321 6360 4995)
4(4994 4995 6360 6359)
4(5035 6322 6361 4996)
4(4995 4996 6361 6360)
4(5036 6323 6362 4997)
4(4996 4997 6362 6361)
4(5037 6324 6363 4998)
4(4997 4998 6363 6362)
4(5038 6325 6364 4999)
4(4998 4999 6364 6363)
4(5039 6326 6365 5000)
4(4999 5000 6365 6364)
4(5040 6327 6366 5001)
4(5000 5001 6366 6365)
4(5041 6328 6367 5002)
4(5001 5002 6367 6366)
4(5042 6329 6368 5003)
4(5002 5003 6368 6367)
4(5043 6330 6369 5004)
4(5003 5004 6369 6368)
4(5044 6331 6370 5005)
4(5004 5005 6370 6369)
4(5045 6332 6371 5006)
4(5005 5006 6371 6370)
4(5046 6333 6372 5007)
4(5006 5007 6372 6371)
4(5047 6334 6373 5008)
4(5007 5008 6373 6372)
4(5048 6335 6374 5009)
4(5008 5009 6374 6373)
4(5049 6336 6375 5010)
4(5009 5010 6375 6374)
4(5050 6337 6376 5011)
4(5010 5011 6376 6375)
4(5051 6338 6377 5012)
4(5011 5012 6377 6376)
4(5052 6339 6378 5013)
4(5012 5013 6378 6377)
4(5053 6340 6379 5014)
4(5013 5014 6379 6378)
4(5054 6341 6380 5015)
4(5014 5015 6380 6379)
4(5015 429 548 6380)
4(4977 6342 6381 4938)
4(30 4938 6381 149)
4(4978 6343 6382 4939)
4(4938 4939 6382 6381)
4(4979 6344 6383 4940)
4(4939 4940 6383 6382)
4(4980 6345 6384 4941)
4(4940 4941 6384 6383)
4(4981 6346 6385 4942)
4(4941 4942 6385 6384)
4(4982 6347 6386 4943)
4(4942 4943 6386 6385)
4(4983 6348 6387 4944)
4(4943 4944 6387 6386)
4(4984 6349 6388 4945)
4(4944 4945 6388 6387)
4(4985 6350 6389 4946)
4(4945 4946 6389 6388)
4(4986 6351 6390 4947)
4(4946 4947 6390 6389)
4(4987 6352 6391 4948)
4(4947 4948 6391 6390)
4(4988 6353 6392 4949)
4(4948 4949 6392 6391)
4(4989 6354 6393 4950)
4(4949 4950 6393 6392)
4(4990 6355 6394 4951)
4(4950 4951 6394 6393)
4(4991 6356 6395 4952)
4(4951 4952 6395 6394)
4(4992 6357 6396 4953)
4(4952 4953 6396 6395)
4(4993 6358 6397 4954)
4(4953 4954 6397 6396)
4(4994 6359 6398 4955)
4(4954 4955 6398 6397)
4(4995 6360 6399 4956)
4(4955 4956 6399 6398)
4(4996 6361 6400 4957)
4(4956 4957 6400 6399)
4(4997 6362 6401 4958)
4(4957 4958 6401 6400)
4(4998 6363 6402 4959)
4(4958 4959 6402 6401)
4(4999 6364 6403 4960)
4(4959 4960 6403 6402)
4(5000 6365 6404 4961)
4(4960 4961 6404 6403)
4(5001 6366 6405 4962)
4(4961 4962 6405 6404)
4(5002 6367 6406 4963)
4(4962 4963 6406 6405)
4(5003 6368 6407 4964)
4(4963 4964 6407 6406)
4(5004 6369 6408 4965)
4(4964 4965 6408 6407)
4(5005 6370 6409 4966)
4(4965 4966 6409 6408)
4(5006 6371 6410 4967)
4(4966 4967 6410 6409)
4(5007 6372 6411 4968)
4(4967 4968 6411 6410)
4(5008 6373 6412 4969)
4(4968 4969 6412 6411)
4(5009 6374 6413 4970)
4(4969 4970 6413 6412)
4(5010 6375 6414 4971)
4(4970 4971 6414 6413)
4(5011 6376 6415 4972)
4(4971 4972 6415 6414)
4(5012 6377 6416 4973)
4(4972 4973 6416 6415)
4(5013 6378 6417 4974)
4(4973 4974 6417 6416)
4(5014 6379 6418 4975)
4(4974 4975 6418 6417)
4(5015 6380 6419 4976)
4(4975 4976 6419 6418)
4(4976 428 547 6419)
4(4938 6381 6420 4899)
4(31 4899 6420 150)
4(4939 6382 6421 4900)
4(4899 4900 6421 6420)
4(4940 6383 6422 4901)
4(4900 4901 6422 6421)
4(4941 6384 6423 4902)
4(4901 4902 6423 6422)
4(4942 6385 6424 4903)
4(4902 4903 6424 6423)
4(4943 6386 6425 4904)
4(4903 4904 6425 6424)
4(4944 6387 6426 4905)
4(4904 4905 6426 6425)
4(4945 6388 6427 4906)
4(4905 4906 6427 6426)
4(4946 6389 6428 4907)
4(4906 4907 6428 6427)
4(4947 6390 6429 4908)
4(4907 4908 6429 6428)
4(4948 6391 6430 4909)
4(4908 4909 6430 6429)
4(4949 6392 6431 4910)
4(4909 4910 6431 6430)
4(4950 6393 6432 4911)
4(4910 4911 6432 6431)
4(4951 6394 6433 4912)
4(4911 4912 6433 6432)
4(4952 6395 6434 4913)
4(4912 4913 6434 6433)
4(4953 6396 6435 4914)
4(4913 4914 6435 6434)
4(4954 6397 6436 4915)
4(4914 4915 6436 6435)
4(4955 6398 6437 4916)
4(4915 4916 6437 6436)
4(4956 6399 6438 4917)
4(4916 4917 6438 6437)
4(4957 6400 6439 4918)
4(4917 4918 6439 6438)
4(4958 6401 6440 4919)
4(4918 4919 6440 6439)
4(4959 6402 6441 4920)
4(4919 4920 6441 6440)
4(4960 6403 6442 4921)
4(4920 4921 6442 6441)
4(4961 6404 6443 4922)
4(4921 4922 6443 6442)
4(4962 6405 6444 4923)
4(4922 4923 6444 6443)
4(4963 6406 6445 4924)
4(4923 4924 6445 6444)
4(4964 6407 6446 4925)
4(4924 4925 6446 6445)
4(4965 6408 6447 4926)
4(4925 4926 6447 6446)
4(4966 6409 6448 4927)
4(4926 4927 6448 6447)
4(4967 6410 6449 4928)
4(4927 4928 6449 6448)
4(4968 6411 6450 4929)
4(4928 4929 6450 6449)
4(4969 6412 6451 4930)
4(4929 4930 6451 6450)
4(4970 6413 6452 4931)
4(4930 4931 6452 6451)
4(4971 6414 6453 4932)
4(4931 4932 6453 6452)
4(4972 6415 6454 4933)
4(4932 4933 6454 6453)
4(4973 6416 6455 4934)
4(4933 4934 6455 6454)
4(4974 6417 6456 4935)
4(4934 4935 6456 6455)
4(4975 6418 6457 4936)
4(4935 4936 6457 6456)
4(4976 6419 6458 4937)
4(4936 4937 6458 6457)
4(4937 427 546 6458)
4(4899 6420 6459 4860)
4(32 4860 6459 151)
4(4900 6421 6460 4861)
4(4860 4861 6460 6459)
4(4901 6422 6461 4862)
4(4861 4862 6461 6460)
4(4902 6423 6462 4863)
4(4862 4863 6462 6461)
4(4903 6424 6463 4864)
4(4863 4864 6463 6462)
4(4904 6425 6464 4865)
4(4864 4865 6464 6463)
4(4905 6426 6465 4866)
4(4865 4866 6465 6464)
4(4906 6427 6466 4867)
4(4866 4867 6466 6465)
4(4907 6428 6467 4868)
4(4867 4868 6467 6466)
4(4908 6429 6468 4869)
4(4868 4869 6468 6467)
4(4909 6430 6469 4870)
4(4869 4870 6469 6468)
4(4910 6431 6470 4871)
4(4870 4871 6470 6469)
4(4911 6432 6471 4872)
4(4871 4872 6471 6470)
4(4912 6433 6472 4873)
4(4872 4873 6472 6471)
4(4913 6434 6473 4874)
4(4873 4874 6473 6472)
4(4914 6435 6474 4875)
4(4874 4875 6474 6473)
4(4915 6436 6475 4876)
4(4875 4876 6475 6474)
4(4916 6437 6476 4877)
4(4876 4877 6476 6475)
4(4917 6438 6477 4878)
4(4877 4878 6477 6476)
4(4918 6439 6478 4879)
4(4878 4879 6478 6477)
4(4919 6440 6479 4880)
4(4879 4880 6479 6478)
4(4920 6441 6480 4881)
4(4880 4881 6480 6479)
4(4921 6442 6481 4882)
4(4881 4882 6481 6480)
4(4922 6443 6482 4883)
4(4882 4883 6482 6481)
4(4923 6444 6483 4884)
4(4883 4884 6483 6482)
4(4924 6445 6484 4885)
4(4884 4885 6484 6483)
4(4925 6446 6485 4886)
4(4885 4886 6485 6484)
4(4926 6447 6486 4887)
4(4886 4887 6486 6485)
4(4927 6448 6487 4888)
4(4887 4888 6487 6486)
4(4928 6449 6488 4889)
4(4888 4889 6488 6487)
4(4929 6450 6489 4890)
4(4889 4890 6489 6488)
4(4930 6451 6490 4891)
4(4890 4891 6490 6489)
4(4931 6452 6491 4892)
4(4891 4892 6491 6490)
4(4932 6453 6492 4893)
4(4892 4893 6492 6491)
4(4933 6454 6493 4894)
4(4893 4894 6493 6492)
4(4934 6455 6494 4895)
4(4894 4895 6494 6493)
4(4935 6456 6495 4896)
4(4895 4896 6495 6494)
4(4936 6457 6496 4897)
4(4896 4897 6496 6495)
4(4937 6458 6497 4898)
4(4897 4898 6497 6496)
4(4898 426 545 6497)
4(4860 6459 6498 4821)
4(33 4821 6498 152)
4(4861 6460 6499 4822)
4(4821 4822 6499 6498)
4(4862 6461 6500 4823)
4(4822 4823 6500 6499)
4(4863 6462 6501 4824)
4(4823 4824 6501 6500)
4(4864 6463 6502 4825)
4(4824 4825 6502 6501)
4(4865 6464 6503 4826)
4(4825 4826 6503 6502)
4(4866 6465 6504 4827)
4(4826 4827 6504 6503)
4(4867 6466 6505 4828)
4(4827 4828 6505 6504)
4(4868 6467 6506 4829)
4(4828 4829 6506 6505)
4(4869 6468 6507 4830)
4(4829 4830 6507 6506)
4(4870 6469 6508 4831)
4(4830 4831 6508 6507)
4(4871 6470 6509 4832)
4(4831 4832 6509 6508)
4(4872 6471 6510 4833)
4(4832 4833 6510 6509)
4(4873 6472 6511 4834)
4(4833 4834 6511 6510)
4(4874 6473 6512 4835)
4(4834 4835 6512 6511)
4(4875 6474 6513 4836)
4(4835 4836 6513 6512)
4(4876 6475 6514 4837)
4(4836 4837 6514 6513)
4(4877 6476 6515 4838)
4(4837 4838 6515 6514)
4(4878 6477 6516 4839)
4(4838 4839 6516 6515)
4(4879 6478 6517 4840)
4(4839 4840 6517 6516)
4(4880 6479 6518 4841)
4(4840 4841 6518 6517)
4(4881 6480 6519 4842)
4(4841 4842 6519 6518)
4(4882 6481 6520 4843)
4(4842 4843 6520 6519)
4(4883 6482 6521 4844)
4(4843 4844 6521 6520)
4(4884 6483 6522 4845)
4(4844 4845 6522 6521)
4(4885 6484 6523 4846)
4(4845 4846 6523 6522)
4(4886 6485 6524 4847)
4(4846 4847 6524 6523)
4(4887 6486 6525 4848)
4(4847 4848 6525 6524)
4(4888 6487 6526 4849)
4(4848 4849 6526 6525)
4(4889 6488 6527 4850)
4(4849 4850 6527 6526)
4(4890 6489 6528 4851)
4(4850 4851 6528 6527)
4(4891 6490 6529 4852)
4(4851 4852 6529 6528)
4(4892 6491 6530 4853)
4(4852 4853 6530 6529)
4(4893 6492 6531 4854)
4(4853 4854 6531 6530)
4(4894 6493 6532 4855)
4(4854 4855 6532 6531)
4(4895 6494 6533 4856)
4(4855 4856 6533 6532)
4(4896 6495 6534 4857)
4(4856 4857 6534 6533)
4(4897 6496 6535 4858)
4(4857 4858 6535 6534)
4(4898 6497 6536 4859)
4(4858 4859 6536 6535)
4(4859 425 544 6536)
4(4821 6498 6537 4782)
4(34 4782 6537 153)
4(4822 6499 6538 4783)
4(4782 4783 6538 6537)
4(4823 6500 6539 4784)
4(4783 4784 6539 6538)
4(4824 6501 6540 4785)
4(4784 4785 6540 6539)
4(4825 6502 6541 4786)
4(4785 4786 6541 6540)
4(4826 6503 6542 4787)
4(4786 4787 6542 6541)
4(4827 6504 6543 4788)
4(4787 4788 6543 6542)
4(4828 6505 6544 4789)
4(4788 4789 6544 6543)
4(4829 6506 6545 4790)
4(4789 4790 6545 6544)
4(4830 6507 6546 4791)
4(4790 4791 6546 6545)
4(4831 6508 6547 4792)
4(4791 4792 6547 6546)
4(4832 6509 6548 4793)
4(4792 4793 6548 6547)
4(4833 6510 6549 4794)
4(4793 4794 6549 6548)
4(4834 6511 6550 4795)
4(4794 4795 6550 6549)
4(4835 6512 6551 4796)
4(4795 4796 6551 6550)
4(4836 6513 6552 4797)
4(4796 4797 6552 6551)
4(4837 6514 6553 4798)
4(4797 4798 6553 6552)
4(4838 6515 6554 4799)
4(4798 4799 6554 6553)
4(4839 6516 6555 4800)
4(4799 4800 6555 6554)
4(4840 6517 6556 4801)
4(4800 4801 6556 6555)
4(4841 6518 6557 4802)
4(4801 4802 6557 6556)
4(4842 6519 6558 4803)
4(4802 4803 6558 6557)
4(4843 6520 6559 4804)
4(4803 4804 6559 6558)
4(4844 6521 6560 4805)
4(4804 4805 6560 6559)
4(4845 6522 6561 4806)
4(4805 4806 6561 6560)
4(4846 6523 6562 4807)
4(4806 4807 6562 6561)
4(4847 6524 6563 4808)
4(4807 4808 6563 6562)
4(4848 6525 6564 4809)
4(4808 4809 6564 6563)
4(4849 6526 6565 4810)
4(4809 4810 6565 6564)
4(4850 6527 6566 4811)
4(4810 4811 6566 6565)
4(4851 6528 6567 4812)
4(4811 4812 6567 6566)
4(4852 6529 6568 4813)
4(4812 4813 6568 6567)
4(4853 6530 6569 4814)
4(4813 4814 6569 6568)
4(4854 6531 6570 4815)
4(4814 4815 6570 6569)
4(4855 6532 6571 4816)
4(4815 4816 6571 6570)
4(4856 6533 6572 4817)
4(4816 4817 6572 6571)
4(4857 6534 6573 4818)
4(4817 4818 6573 6572)
4(4858 6535 6574 4819)
4(4818 4819 6574 6573)
4(4859 6536 6575 4820)
4(4819 4820 6575 6574)
4(4820 424 543 6575)
4(4782 6537 6576 4743)
4(35 4743 6576 154)
4(4783 6538 6577 4744)
4(4743 4744 6577 6576)
4(4784 6539 6578 4745)
4(4744 4745 6578 6577)
4(4785 6540 6579 4746)
4(4745 4746 6579 6578)
4(4786 6541 6580 4747)
4(4746 4747 6580 6579)
4(4787 6542 6581 4748)
4(4747 4748 6581 6580)
4(4788 6543 6582 4749)
4(4748 4749 6582 6581)
4(4789 6544 6583 4750)
4(4749 4750 6583 6582)
4(4790 6545 6584 4751)
4(4750 4751 6584 6583)
4(4791 6546 6585 4752)
4(4751 4752 6585 6584)
4(4792 6547 6586 4753)
4(4752 4753 6586 6585)
4(4793 6548 6587 4754)
4(4753 4754 6587 6586)
4(4794 6549 6588 4755)
4(4754 4755 6588 6587)
4(4795 6550 6589 4756)
4(4755 4756 6589 6588)
4(4796 6551 6590 4757)
4(4756 4757 6590 6589)
4(4797 6552 6591 4758)
4(4757 4758 6591 6590)
4(4798 6553 6592 4759)
4(4758 4759 6592 6591)
4(4799 6554 6593 4760)
4(4759 4760 6593 6592)
4(4800 6555 6594 4761)
4(4760 4761 6594 6593)
4(4801 6556 6595 4762)
4(4761 4762 6595 6594)
4(4802 6557 6596 4763)
4(4762 4763 6596 6595)
4(4803 6558 6597 4764)
4(4763 4764 6597 6596)
4(4804 6559 6598 4765)
4(4764 4765 6598 6597)
4(4805 6560 6599 4766)
4(4765 4766 6599 6598)
4(4806 6561 6600 4767)
4(4766 4767 6600 6599)
4(4807 6562 6601 4768)
4(4767 4768 6601 6600)
4(4808 6563 6602 4769)
4(4768 4769 6602 6601)
4(4809 6564 6603 4770)
4(4769 4770 6603 6602)
4(4810 6565 6604 4771)
4(4770 4771 6604 6603)
4(4811 6566 6605 4772)
4(4771 4772 6605 6604)
4(4812 6567 6606 4773)
4(4772 4773 6606 6605)
4(4813 6568 6607 4774)
4(4773 4774 6607 6606)
4(4814 6569 6608 4775)
4(4774 4775 6608 6607)
4(4815 6570 6609 4776)
4(4775 4776 6609 6608)
4(4816 6571 6610 4777)
4(4776 4777 6610 6609)
4(4817 6572 6611 4778)
4(4777 4778 6611 6610)
4(4818 6573 6612 4779)
4(4778 4779 6612 6611)
4(4819 6574 6613 4780)
4(4779 4780 6613 6612)
4(4820 6575 6614 4781)
4(4780 4781 6614 6613)
4(4781 423 542 6614)
4(4743 6576 6615 4704)
4(36 4704 6615 155)
4(4744 6577 6616 4705)
4(4704 4705 6616 6615)
4(4745 6578 6617 4706)
4(4705 4706 6617 6616)
4(4746 6579 6618 4707)
4(4706 4707 6618 6617)
4(4747 6580 6619 4708)
4(4707 4708 6619 6618)
4(4748 6581 6620 4709)
4(4708 4709 6620 6619)
4(4749 6582 6621 4710)
4(4709 4710 6621 6620)
4(4750 6583 6622 4711)
4(4710 4711 6622 6621)
4(4751 6584 6623 4712)
4(4711 4712 6623 6622)
4(4752 6585 6624 4713)
4(4712 4713 6624 6623)
4(4753 6586 6625 4714)
4(4713 4714 6625 6624)
4(4754 6587 6626 4715)
4(4714 4715 6626 6625)
4(4755 6588 6627 4716)
4(4715 4716 6627 6626)
4(4756 6589 6628 4717)
4(4716 4717 6628 6627)
4(4757 6590 6629 4718)
4(4717 4718 6629 6628)
4(4758 6591 6630 4719)
4(4718 4719 6630 6629)
4(4759 6592 6631 4720)
4(4719 4720 6631 6630)
4(4760 6593 6632 4721)
4(4720 4721 6632 6631)
4(4761 6594 6633 4722)
4(4721 4722 6633 6632)
4(4762 6595 6634 4723)
4(4722 4723 6634 6633)
4(4763 6596 6635 4724)
4(4723 4724 6635 6634)
4(4764 6597 6636 4725)
4(4724 4725 6636 6635)
4(4765 6598 6637 4726)
4(4725 4726 6637 6636)
4(4766 6599 6638 4727)
4(4726 4727 6638 6637)
4(4767 6600 6639 4728)
4(4727 4728 6639 6638)
4(4768 6601 6640 4729)
4(4728 4729 6640 6639)
4(4769 6602 6641 4730)
4(4729 4730 6641 6640)
4(4770 6603 6642 4731)
4(4730 4731 6642 6641)
4(4771 6604 6643 4732)
4(4731 4732 6643 6642)
4(4772 6605 6644 4733)
4(4732 4733 6644 6643)
4(4773 6606 6645 4734)
4(4733 4734 6645 6644)
4(4774 6607 6646 4735)
4(4734 4735 6646 6645)
4(4775 6608 6647 4736)
4(4735 4736 6647 6646)
4(4776 6609 6648 4737)
4(4736 4737 6648 6647)
4(4777 6610 6649 4738)
4(4737 4738 6649 6648)
4(4778 6611 6650 4739)
4(4738 4739 6650 6649)
4(4779 6612 6651 4740)
4(4739 4740 6651 6650)
4(4780 6613 6652 4741)
4(4740 4741 6652 6651)
4(4781 6614 6653 4742)
4(4741 4742 6653 6652)
4(4742 422 541 6653)
4(4704 6615 6654 4665)
4(37 4665 6654 156)
4(4705 6616 6655 4666)
4(4665 4666 6655 6654)
4(4706 6617 6656 4667)
4(4666 4667 6656 6655)
4(4707 6618 6657 4668)
4(4667 4668 6657 6656)
4(4708 6619 6658 4669)
4(4668 4669 6658 6657)
4(4709 6620 6659 4670)
4(4669 4670 6659 6658)
4(4710 6621 6660 4671)
4(4670 4671 6660 6659)
4(4711 6622 6661 4672)
4(4671 4672 6661 6660)
4(4712 6623 6662 4673)
4(4672 4673 6662 6661)
4(4713 6624 6663 4674)
4(4673 4674 6663 6662)
4(4714 6625 6664 4675)
4(4674 4675 6664 6663)
4(4715 6626 6665 4676)
4(4675 4676 6665 6664)
4(4716 6627 6666 4677)
4(4676 4677 6666 6665)
4(4717 6628 6667 4678)
4(4677 4678 6667 6666)
4(4718 6629 6668 4679)
4(4678 4679 6668 6667)
4(4719 6630 6669 4680)
4(4679 4680 6669 6668)
4(4720 6631 6670 4681)
4(4680 4681 6670 6669)
4(4721 6632 6671 4682)
4(4681 4682 6671 6670)
4(4722 6633 6672 4683)
4(4682 4683 6672 6671)
4(4723 6634 6673 4684)
4(4683 4684 6673 6672)
4(4724 6635 6674 4685)
4(4684 4685 6674 6673)
4(4725 6636 6675 4686)
4(4685 4686 6675 6674)
4(4726 6637 6676 4687)
4(4686 4687 6676 6675)
4(4727 6638 6677 4688)
4(4687 4688 6677 6676)
4(4728 6639 6678 4689)
4(4688 4689 6678 6677)
4(4729 6640 6679 4690)
4(4689 4690 6679 6678)
4(4730 6641 6680 4691)
4(4690 4691 6680 6679)
4(4731 6642 6681 4692)
4(4691 4692 6681 6680)
4(4732 6643 6682 4693)
4(4692 4693 6682 6681)
4(4733 6644 6683 4694)
4(4693 4694 6683 6682)
4(4734 6645 6684 4695)
4(4694 4695 6684 6683)
4(4735 6646 6685 4696)
4(4695 4696 6685 6684)
4(4736 6647 6686 4697)
4(4696 4697 6686 6685)
4(4737 6648 6687 4698)
4(4697 4698 6687 6686)
4(4738 6649 6688 4699)
4(4698 4699 6688 6687)
4(4739 6650 6689 4700)
4(4699 4700 6689 6688)
4(4740 6651 6690 4701)
4(4700 4701 6690 6689)
4(4741 6652 6691 4702)
4(4701 4702 6691 6690)
4(4742 6653 6692 4703)
4(4702 4703 6692 6691)
4(4703 421 540 6692)
4(4665 6654 6693 4626)
4(38 4626 6693 157)
4(4666 6655 6694 4627)
4(4626 4627 6694 6693)
4(4667 6656 6695 4628)
4(4627 4628 6695 6694)
4(4668 6657 6696 4629)
4(4628 4629 6696 6695)
4(4669 6658 6697 4630)
4(4629 4630 6697 6696)
4(4670 6659 6698 4631)
4(4630 4631 6698 6697)
4(4671 6660 6699 4632)
4(4631 4632 6699 6698)
4(4672 6661 6700 4633)
4(4632 4633 6700 6699)
4(4673 6662 6701 4634)
4(4633 4634 6701 6700)
4(4674 6663 6702 4635)
4(4634 4635 6702 6701)
4(4675 6664 6703 4636)
4(4635 4636 6703 6702)
4(4676 6665 6704 4637)
4(4636 4637 6704 6703)
4(4677 6666 6705 4638)
4(4637 4638 6705 6704)
4(4678 6667 6706 4639)
4(4638 4639 6706 6705)
4(4679 6668 6707 4640)
4(4639 4640 6707 6706)
4(4680 6669 6708 4641)
4(4640 4641 6708 6707)
4(4681 6670 6709 4642)
4(4641 4642 6709 6708)
4(4682 6671 6710 4643)
4(4642 4643 6710 6709)
4(4683 6672 6711 4644)
4(4643 4644 6711 6710)
4(4684 6673 6712 4645)
4(4644 4645 6712 6711)
4(4685 6674 6713 4646)
4(4645 4646 6713 6712)
4(4686 6675 6714 4647)
4(4646 4647 6714 6713)
4(4687 6676 6715 4648)
4(4647 4648 6715 6714)
4(4688 6677 6716 4649)
4(4648 4649 6716 6715)
4(4689 6678 6717 4650)
4(4649 4650 6717 6716)
4(4690 6679 6718 4651)
4(4650 4651 6718 6717)
4(4691 6680 6719 4652)
4(4651 4652 6719 6718)
4(4692 6681 6720 4653)
4(4652 4653 6720 6719)
4(4693 6682 6721 4654)
4(4653 4654 6721 6720)
4(4694 6683 6722 4655)
4(4654 4655 6722 6721)
4(4695 6684 6723 4656)
4(4655 4656 6723 6722)
4(4696 6685 6724 4657)
4(4656 4657 6724 6723)
4(4697 6686 6725 4658)
4(4657 4658 6725 6724)
4(4698 6687 6726 4659)
4(4658 4659 6726 6725)
4(4699 6688 6727 4660)
4(4659 4660 6727 6726)
4(4700 6689 6728 4661)
4(4660 4661 6728 6727)
4(4701 6690 6729 4662)
4(4661 4662 6729 6728)
4(4702 6691 6730 4663)
4(4662 4663 6730 6729)
4(4703 6692 6731 4664)
4(4663 4664 6731 6730)
4(4664 420 539 6731)
4(4626 6693 6732 4587)
4(39 4587 6732 158)
4(4627 6694 6733 4588)
4(4587 4588 6733 6732)
4(4628 6695 6734 4589)
4(4588 4589 6734 6733)
4(4629 6696 6735 4590)
4(4589 4590 6735 6734)
4(4630 6697 6736 4591)
4(4590 4591 6736 6735)
4(4631 6698 6737 4592)
4(4591 4592 6737 6736)
4(4632 6699 6738 4593)
4(4592 4593 6738 6737)
4(4633 6700 6739 4594)
4(4593 4594 6739 6738)
4(4634 6701 6740 4595)
4(4594 4595 6740 6739)
4(4635 6702 6741 4596)
4(4595 4596 6741 6740)
4(4636 6703 6742 4597)
4(4596 4597 6742 6741)
4(4637 6704 6743 4598)
4(4597 4598 6743 6742)
4(4638 6705 6744 4599)
4(4598 4599 6744 6743)
4(4639 6706 6745 4600)
4(4599 4600 6745 6744)
4(4640 6707 6746 4601)
4(4600 4601 6746 6745)
4(4641 6708 6747 4602)
4(4601 4602 6747 6746)
4(4642 6709 6748 4603)
4(4602 4603 6748 6747)
4(4643 6710 6749 4604)
4(4603 4604 6749 6748)
4(4644 6711 6750 4605)
4(4604 4605 6750 6749)
4(4645 6712 6751 4606)
4(4605 4606 6751 6750)
4(4646 6713 6752 4607)
4(4606 4607 6752 6751)
4(4647 6714 6753 4608)
4(4607 4608 6753 6752)
4(4648 6715 6754 4609)
4(4608 4609 6754 6753)
4(4649 6716 6755 4610)
4(4609 4610 6755 6754)
4(4650 6717 6756 4611)
4(4610 4611 6756 6755)
4(4651 6718 6757 4612)
4(4611 4612 6757 6756)
4(4652 6719 6758 4613)
4(4612 4613 6758 6757)
4(4653 6720 6759 4614)
4(4613 4614 6759 6758)
4(4654 6721 6760 4615)
4(4614 4615 6760 6759)
4(4655 6722 6761 4616)
4(4615 4616 6761 6760)
4(4656 6723 6762 4617)
4(4616 4617 6762 6761)
4(4657 6724 6763 4618)
4(4617 4618 6763 6762)
4(4658 6725 6764 4619)
4(4618 4619 6764 6763)
4(4659 6726 6765 4620)
4(4619 4620 6765 6764)
4(4660 6727 6766 4621)
4(4620 4621 6766 6765)
4(4661 6728 6767 4622)
4(4621 4622 6767 6766)
4(4662 6729 6768 4623)
4(4622 4623 6768 6767)
4(4663 6730 6769 4624)
4(4623 4624 6769 6768)
4(4664 6731 6770 4625)
4(4624 4625 6770 6769)
4(4625 419 538 6770)
4(4587 6732 6771 4548)
4(40 4548 6771 159)
4(4588 6733 6772 4549)
4(4548 4549 6772 6771)
4(4589 6734 6773 4550)
4(4549 4550 6773 6772)
4(4590 6735 6774 4551)
4(4550 4551 6774 6773)
4(4591 6736 6775 4552)
4(4551 4552 6775 6774)
4(4592 6737 6776 4553)
4(4552 4553 6776 6775)
4(4593 6738 6777 4554)
4(4553 4554 6777 6776)
4(4594 6739 6778 4555)
4(4554 4555 6778 6777)
4(4595 6740 6779 4556)
4(4555 4556 6779 6778)
4(4596 6741 6780 4557)
4(4556 4557 6780 6779)
4(4597 6742 6781 4558)
4(4557 4558 6781 6780)
4(4598 6743 6782 4559)
4(4558 4559 6782 6781)
4(4599 6744 6783 4560)
4(4559 4560 6783 6782)
4(4600 6745 6784 4561)
4(4560 4561 6784 6783)
4(4601 6746 6785 4562)
4(4561 4562 6785 6784)
4(4602 6747 6786 4563)
4(4562 4563 6786 6785)
4(4603 6748 6787 4564)
4(4563 4564 6787 6786)
4(4604 6749 6788 4565)
4(4564 4565 6788 6787)
4(4605 6750 6789 4566)
4(4565 4566 6789 6788)
4(4606 6751 6790 4567)
4(4566 4567 6790 6789)
4(4607 6752 6791 4568)
4(4567 4568 6791 6790)
4(4608 6753 6792 4569)
4(4568 4569 6792 6791)
4(4609 6754 6793 4570)
4(4569 4570 6793 6792)
4(4610 6755 6794 4571)
4(4570 4571 6794 6793)
4(4611 6756 6795 4572)
4(4571 4572 6795 6794)
4(4612 6757 6796 4573)
4(4572 4573 6796 6795)
4(4613 6758 6797 4574)
4(4573 4574 6797 6796)
4(4614 6759 6798 4575)
4(4574 4575 6798 6797)
4(4615 6760 6799 4576)
4(4575 4576 6799 6798)
4(4616 6761 6800 4577)
4(4576 4577 6800 6799)
4(4617 6762 6801 4578)
4(4577 4578 6801 6800)
4(4618 6763 6802 4579)
4(4578 4579 6802 6801)
4(4619 6764 6803 4580)
4(4579 4580 6803 6802)
4(4620 6765 6804 4581)
4(4580 4581 6804 6803)
4(4621 6766 6805 4582)
4(4581 4582 6805 6804)
4(4622 6767 6806 4583)
4(4582 4583 6806 6805)
4(4623 6768 6807 4584)
4(4583 4584 6807 6806)
4(4624 6769 6808 4585)
4(4584 4585 6808 6807)
4(4625 6770 6809 4586)
4(4585 4586 6809 6808)
4(4586 418 537 6809)
4(4548 6771 6810 4509)
4(41 4509 6810 160)
4(4549 6772 6811 4510)
4(4509 4510 6811 6810)
4(4550 6773 6812 4511)
4(4510 4511 6812 6811)
4(4551 6774 6813 4512)
4(4511 4512 6813 6812)
4(4552 6775 6814 4513)
4(4512 4513 6814 6813)
4(4553 6776 6815 4514)
4(4513 4514 6815 6814)
4(4554 6777 6816 4515)
4(4514 4515 6816 6815)
4(4555 6778 6817 4516)
4(4515 4516 6817 6816)
4(4556 6779 6818 4517)
4(4516 4517 6818 6817)
4(4557 6780 6819 4518)
4(4517 4518 6819 6818)
4(4558 6781 6820 4519)
4(4518 4519 6820 6819)
4(4559 6782 6821 4520)
4(4519 4520 6821 6820)
4(4560 6783 6822 4521)
4(4520 4521 6822 6821)
4(4561 6784 6823 4522)
4(4521 4522 6823 6822)
4(4562 6785 6824 4523)
4(4522 4523 6824 6823)
4(4563 6786 6825 4524)
4(4523 4524 6825 6824)
4(4564 6787 6826 4525)
4(4524 4525 6826 6825)
4(4565 6788 6827 4526)
4(4525 4526 6827 6826)
4(4566 6789 6828 4527)
4(4526 4527 6828 6827)
4(4567 6790 6829 4528)
4(4527 4528 6829 6828)
4(4568 6791 6830 4529)
4(4528 4529 6830 6829)
4(4569 6792 6831 4530)
4(4529 4530 6831 6830)
4(4570 6793 6832 4531)
4(4530 4531 6832 6831)
4(4571 6794 6833 4532)
4(4531 4532 6833 6832)
4(4572 6795 6834 4533)
4(4532 4533 6834 6833)
4(4573 6796 6835 4534)
4(4533 4534 6835 6834)
4(4574 6797 6836 4535)
4(4534 4535 6836 6835)
4(4575 6798 6837 4536)
4(4535 4536 6837 6836)
4(4576 6799 6838 4537)
4(4536 4537 6838 6837)
4(4577 6800 6839 4538)
4(4537 4538 6839 6838)
4(4578 6801 6840 4539)
4(4538 4539 6840 6839)
4(4579 6802 6841 4540)
4(4539 4540 6841 6840)
4(4580 6803 6842 4541)
4(4540 4541 6842 6841)
4(4581 6804 6843 4542)
4(4541 4542 6843 6842)
4(4582 6805 6844 4543)
4(4542 4543 6844 6843)
4(4583 6806 6845 4544)
4(4543 4544 6845 6844)
4(4584 6807 6846 4545)
4(4544 4545 6846 6845)
4(4585 6808 6847 4546)
4(4545 4546 6847 6846)
4(4586 6809 6848 4547)
4(4546 4547 6848 6847)
4(4547 417 536 6848)
4(4509 6810 6849 4470)
4(42 4470 6849 161)
4(4510 6811 6850 4471)
4(4470 4471 6850 6849)
4(4511 6812 6851 4472)
4(4471 4472 6851 6850)
4(4512 6813 6852 4473)
4(4472 4473 6852 6851)
4(4513 6814 6853 4474)
4(4473 4474 6853 6852)
4(4514 6815 6854 4475)
4(4474 4475 6854 6853)
4(4515 6816 6855 4476)
4(4475 4476 6855 6854)
4(4516 6817 6856 4477)
4(4476 4477 6856 6855)
4(4517 6818 6857 4478)
4(4477 4478 6857 6856)
4(4518 6819 6858 4479)
4(4478 4479 6858 6857)
4(4519 6820 6859 4480)
4(4479 4480 6859 6858)
4(4520 6821 6860 4481)
4(4480 4481 6860 6859)
4(4521 6822 6861 4482)
4(4481 4482 6861 6860)
4(4522 6823 6862 4483)
4(4482 4483 6862 6861)
4(4523 6824 6863 4484)
4(4483 4484 6863 6862)
4(4524 6825 6864 4485)
4(4484 4485 6864 6863)
4(4525 6826 6865 4486)
4(4485 4486 6865 6864)
4(4526 6827 6866 4487)
4(4486 4487 6866 6865)
4(4527 6828 6867 4488)
4(4487 4488 6867 6866)
4(4528 6829 6868 4489)
4(4488 4489 6868 6867)
4(4529 6830 6869 4490)
4(4489 4490 6869 6868)
4(4530 6831 6870 4491)
4(4490 4491 6870 6869)
4(4531 6832 6871 4492)
4(4491 4492 6871 6870)
4(4532 6833 6872 4493)
4(4492 4493 6872 6871)
4(4533 6834 6873 4494)
4(4493 4494 6873 6872)
4(4534 6835 6874 4495)
4(4494 4495 6874 6873)
4(4535 6836 6875 4496)
4(4495 4496 6875 6874)
4(4536 6837 6876 4497)
4(4496 4497 6876 6875)
4(4537 6838 6877 4498)
4(4497 4498 6877 6876)
4(4538 6839 6878 4499)
4(4498 4499 6878 6877)
4(4539 6840 6879 4500)
4(4499 4500 6879 6878)
4(4540 6841 6880 4501)
4(4500 4501 6880 6879)
4(4541 6842 6881 4502)
4(4501 4502 6881 6880)
4(4542 6843 6882 4503)
4(4502 4503 6882 6881)
4(4543 6844 6883 4504)
4(4503 4504 6883 6882)
4(4544 6845 6884 4505)
4(4504 4505 6884 6883)
4(4545 6846 6885 4506)
4(4505 4506 6885 6884)
4(4546 6847 6886 4507)
4(4506 4507 6886 6885)
4(4547 6848 6887 4508)
4(4507 4508 6887 6886)
4(4508 416 535 6887)
4(4470 6849 6888 4431)
4(43 4431 6888 162)
4(4471 6850 6889 4432)
4(4431 4432 6889 6888)
4(4472 6851 6890 4433)
4(4432 4433 6890 6889)
4(4473 6852 6891 4434)
4(4433 4434 6891 6890)
4(4474 6853 6892 4435)
4(4434 4435 6892 6891)
4(4475 6854 6893 4436)
4(4435 4436 6893 6892)
4(4476 6855 6894 4437)
4(4436 4437 6894 6893)
4(4477 6856 6895 4438)
4(4437 4438 6895 6894)
4(4478 6857 6896 4439)
4(4438 4439 6896 6895)
4(4479 6858 6897 4440)
4(4439 4440 6897 6896)
4(4480 6859 6898 4441)
4(4440 4441 6898 6897)
4(4481 6860 6899 4442)
4(4441 4442 6899 6898)
4(4482 6861 6900 4443)
4(4442 4443 6900 6899)
4(4483 6862 6901 4444)
4(4443 4444 6901 6900)
4(4484 6863 6902 4445)
4(4444 4445 6902 6901)
4(4485 6864 6903 4446)
4(4445 4446 6903 6902)
4(4486 6865 6904 4447)
4(4446 4447 6904 6903)
4(4487 6866 6905 4448)
4(4447 4448 6905 6904)
4(4488 6867 6906 4449)
4(4448 4449 6906 6905)
4(4489 6868 6907 4450)
4(4449 4450 6907 6906)
4(4490 6869 6908 4451)
4(4450 4451 6908 6907)
4(4491 6870 6909 4452)
4(4451 4452 6909 6908)
4(4492 6871 6910 4453)
4(4452 4453 6910 6909)
4(4493 6872 6911 4454)
4(4453 4454 6911 6910)
4(4494 6873 6912 4455)
4(4454 4455 6912 6911)
4(4495 6874 6913 4456)
4(4455 4456 6913 6912)
4(4496 6875 6914 4457)
4(4456 4457 6914 6913)
4(4497 6876 6915 4458)
4(4457 4458 6915 6914)
4(4498 6877 6916 4459)
4(4458 4459 6916 6915)
4(4499 6878 6917 4460)
4(4459 4460 6917 6916)
4(4500 6879 6918 4461)
4(4460 4461 6918 6917)
4(4501 6880 6919 4462)
4(4461 4462 6919 6918)
4(4502 6881 6920 4463)
4(4462 4463 6920 6919)
4(4503 6882 6921 4464)
4(4463 4464 6921 6920)
4(4504 6883 6922 4465)
4(4464 4465 6922 6921)
4(4505 6884 6923 4466)
4(4465 4466 6923 6922)
4(4506 6885 6924 4467)
4(4466 4467 6924 6923)
4(4507 6886 6925 4468)
4(4467 4468 6925 6924)
4(4508 6887 6926 4469)
4(4468 4469 6926 6925)
4(4469 415 534 6926)
4(4431 6888 6927 4392)
4(44 4392 6927 163)
4(4432 6889 6928 4393)
4(4392 4393 6928 6927)
4(4433 6890 6929 4394)
4(4393 4394 6929 6928)
4(4434 6891 6930 4395)
4(4394 4395 6930 6929)
4(4435 6892 6931 4396)
4(4395 4396 6931 6930)
4(4436 6893 6932 4397)
4(4396 4397 6932 6931)
4(4437 6894 6933 4398)
4(4397 4398 6933 6932)
4(4438 6895 6934 4399)
4(4398 4399 6934 6933)
4(4439 6896 6935 4400)
4(4399 4400 6935 6934)
4(4440 6897 6936 4401)
4(4400 4401 6936 6935)
4(4441 6898 6937 4402)
4(4401 4402 6937 6936)
4(4442 6899 6938 4403)
4(4402 4403 6938 6937)
4(4443 6900 6939 4404)
4(4403 4404 6939 6938)
4(4444 6901 6940 4405)
4(4404 4405 6940 6939)
4(4445 6902 6941 4406)
4(4405 4406 6941 6940)
4(4446 6903 6942 4407)
4(4406 4407 6942 6941)
4(4447 6904 6943 4408)
4(4407 4408 6943 6942)
4(4448 6905 6944 4409)
4(4408 4409 6944 6943)
4(4449 6906 6945 4410)
4(4409 4410 6945 6944)
4(4450 6907 6946 4411)
4(4410 4411 6946 6945)
4(4451 6908 6947 4412)
4(4411 4412 6947 6946)
4(4452 6909 6948 4413)
4(4412 4413 6948 6947)
4(4453 6910 6949 4414)
4(4413 4414 6949 6948)
4(4454 6911 6950 4415)
4(4414 4415 6950 6949)
4(4455 6912 6951 4416)
4(4415 4416 6951 6950)
4(4456 6913 6952 4417)
4(4416 4417 6952 6951)
4(4457 6914 6953 4418)
4(4417 4418 6953 6952)
4(4458 6915 6954 4419)
4(4418 4419 6954 6953)
4(4459 6916 6955 4420)
4(4419 4420 6955 6954)
4(4460 6917 6956 4421)
4(4420 4421 6956 6955)
4(4461 6918 6957 4422)
4(4421 4422 6957 6956)
4(4462 6919 6958 4423)
4(4422 4423 6958 6957)
4(4463 6920 6959 4424)
4(4423 4424 6959 6958)
4(4464 6921 6960 4425)
4(4424 4425 6960 6959)
4(4465 6922 6961 4426)
4(4425 4426 6961 6960)
4(4466 6923 6962 4427)
4(4426 4427 6962 6961)
4(4467 6924 6963 4428)
4(4427 4428 6963 6962)
4(4468 6925 6964 4429)
4(4428 4429 6964 6963)
4(4469 6926 6965 4430)
4(4429 4430 6965 6964)
4(4430 414 533 6965)
4(4392 6927 6966 4353)
4(45 4353 6966 164)
4(4393 6928 6967 4354)
4(4353 4354 6967 6966)
4(4394 6929 6968 4355)
4(4354 4355 6968 6967)
4(4395 6930 6969 4356)
4(4355 4356 6969 6968)
4(4396 6931 6970 4357)
4(4356 4357 6970 6969)
4(4397 6932 6971 4358)
4(4357 4358 6971 6970)
4(4398 6933 6972 4359)
4(4358 4359 6972 6971)
4(4399 6934 6973 4360)
4(4359 4360 6973 6972)
4(4400 6935 6974 4361)
4(4360 4361 6974 6973)
4(4401 6936 6975 4362)
4(4361 4362 6975 6974)
4(4402 6937 6976 4363)
4(4362 4363 6976 6975)
4(4403 6938 6977 4364)
4(4363 4364 6977 6976)
4(4404 6939 6978 4365)
4(4364 4365 6978 6977)
4(4405 6940 6979 4366)
4(4365 4366 6979 6978)
4(4406 6941 6980 4367)
4(4366 4367 6980 6979)
4(4407 6942 6981 4368)
4(4367 4368 6981 6980)
4(4408 6943 6982 4369)
4(4368 4369 6982 6981)
4(4409 6944 6983 4370)
4(4369 4370 6983 6982)
4(4410 6945 6984 4371)
4(4370 4371 6984 6983)
4(4411 6946 6985 4372)
4(4371 4372 6985 6984)
4(4412 6947 6986 4373)
4(4372 4373 6986 6985)
4(4413 6948 6987 4374)
4(4373 4374 6987 6986)
4(4414 6949 6988 4375)
4(4374 4375 6988 6987)
4(4415 6950 6989 4376)
4(4375 4376 6989 6988)
4(4416 6951 6990 4377)
4(4376 4377 6990 6989)
4(4417 6952 6991 4378)
4(4377 4378 6991 6990)
4(4418 6953 6992 4379)
4(4378 4379 6992 6991)
4(4419 6954 6993 4380)
4(4379 4380 6993 6992)
4(4420 6955 6994 4381)
4(4380 4381 6994 6993)
4(4421 6956 6995 4382)
4(4381 4382 6995 6994)
4(4422 6957 6996 4383)
4(4382 4383 6996 6995)
4(4423 6958 6997 4384)
4(4383 4384 6997 6996)
4(4424 6959 6998 4385)
4(4384 4385 6998 6997)
4(4425 6960 6999 4386)
4(4385 4386 6999 6998)
4(4426 6961 7000 4387)
4(4386 4387 7000 6999)
4(4427 6962 7001 4388)
4(4387 4388 7001 7000)
4(4428 6963 7002 4389)
4(4388 4389 7002 7001)
4(4429 6964 7003 4390)
4(4389 4390 7003 7002)
4(4430 6965 7004 4391)
4(4390 4391 7004 7003)
4(4391 413 532 7004)
4(4353 6966 7005 4314)
4(46 4314 7005 165)
4(4354 6967 7006 4315)
4(4314 4315 7006 7005)
4(4355 6968 7007 4316)
4(4315 4316 7007 7006)
4(4356 6969 7008 4317)
4(4316 4317 7008 7007)
4(4357 6970 7009 4318)
4(4317 4318 7009 7008)
4(4358 6971 7010 4319)
4(4318 4319 7010 7009)
4(4359 6972 7011 4320)
4(4319 4320 7011 7010)
4(4360 6973 7012 4321)
4(4320 4321 7012 7011)
4(4361 6974 7013 4322)
4(4321 4322 7013 7012)
4(4362 6975 7014 4323)
4(4322 4323 7014 7013)
4(4363 6976 7015 4324)
4(4323 4324 7015 7014)
4(4364 6977 7016 4325)
4(4324 4325 7016 7015)
4(4365 6978 7017 4326)
4(4325 4326 7017 7016)
4(4366 6979 7018 4327)
4(4326 4327 7018 7017)
4(4367 6980 7019 4328)
4(4327 4328 7019 7018)
4(4368 6981 7020 4329)
4(4328 4329 7020 7019)
4(4369 6982 7021 4330)
4(4329 4330 7021 7020)
4(4370 6983 7022 4331)
4(4330 4331 7022 7021)
4(4371 6984 7023 4332)
4(4331 4332 7023 7022)
4(4372 6985 7024 4333)
4(4332 4333 7024 7023)
4(4373 6986 7025 4334)
4(4333 4334 7025 7024)
4(4374 6987 7026 4335)
4(4334 4335 7026 7025)
4(4375 6988 7027 4336)
4(4335 4336 7027 7026)
4(4376 6989 7028 4337)
4(4336 4337 7028 7027)
4(4377 6990 7029 4338)
4(4337 4338 7029 7028)
4(4378 6991 7030 4339)
4(4338 4339 7030 7029)
4(4379 6992 7031 4340)
4(4339 4340 7031 7030)
4(4380 6993 7032 4341)
4(4340 4341 7032 7031)
4(4381 6994 7033 4342)
4(4341 4342 7033 7032)
4(4382 6995 7034 4343)
4(4342 4343 7034 7033)
4(4383 6996 7035 4344)
4(4343 4344 7035 7034)
4(4384 6997 7036 4345)
4(4344 4345 7036 7035)
4(4385 6998 7037 4346)
4(4345 4346 7037 7036)
4(4386 6999 7038 4347)
4(4346 4347 7038 7037)
4(4387 7000 7039 4348)
4(4347 4348 7039 7038)
4(4388 7001 7040 4349)
4(4348 4349 7040 7039)
4(4389 7002 7041 4350)
4(4349 4350 7041 7040)
4(4390 7003 7042 4351)
4(4350 4351 7042 7041)
4(4391 7004 7043 4352)
4(4351 4352 7043 7042)
4(4352 412 531 7043)
4(4314 7005 7044 4275)
4(47 4275 7044 166)
4(4315 7006 7045 4276)
4(4275 4276 7045 7044)
4(4316 7007 7046 4277)
4(4276 4277 7046 7045)
4(4317 7008 7047 4278)
4(4277 4278 7047 7046)
4(4318 7009 7048 4279)
4(4278 4279 7048 7047)
4(4319 7010 7049 4280)
4(4279 4280 7049 7048)
4(4320 7011 7050 4281)
4(4280 4281 7050 7049)
4(4321 7012 7051 4282)
4(4281 4282 7051 7050)
4(4322 7013 7052 4283)
4(4282 4283 7052 7051)
4(4323 7014 7053 4284)
4(4283 4284 7053 7052)
4(4324 7015 7054 4285)
4(4284 4285 7054 7053)
4(4325 7016 7055 4286)
4(4285 4286 7055 7054)
4(4326 7017 7056 4287)
4(4286 4287 7056 7055)
4(4327 7018 7057 4288)
4(4287 4288 7057 7056)
4(4328 7019 7058 4289)
4(4288 4289 7058 7057)
4(4329 7020 7059 4290)
4(4289 4290 7059 7058)
4(4330 7021 7060 4291)
4(4290 4291 7060 7059)
4(4331 7022 7061 4292)
4(4291 4292 7061 7060)
4(4332 7023 7062 4293)
4(4292 4293 7062 7061)
4(4333 7024 7063 4294)
4(4293 4294 7063 7062)
4(4334 7025 7064 4295)
4(4294 4295 7064 7063)
4(4335 7026 7065 4296)
4(4295 4296 7065 7064)
4(4336 7027 7066 4297)
4(4296 4297 7066 7065)
4(4337 7028 7067 4298)
4(4297 4298 7067 7066)
4(4338 7029 7068 4299)
4(4298 4299 7068 7067)
4(4339 7030 7069 4300)
4(4299 4300 7069 7068)
4(4340 7031 7070 4301)
4(4300 4301 7070 7069)
4(4341 7032 7071 4302)
4(4301 4302 7071 7070)
4(4342 7033 7072 4303)
4(4302 4303 7072 7071)
4(4343 7034 7073 4304)
4(4303 4304 7073 7072)
4(4344 7035 7074 4305)
4(4304 4305 7074 7073)
4(4345 7036 7075 4306)
4(4305 4306 7075 7074)
4(4346 7037 7076 4307)
4(4306 4307 7076 7075)
4(4347 7038 7077 4308)
4(4307 4308 7077 7076)
4(4348 7039 7078 4309)
4(4308 4309 7078 7077)
4(4349 7040 7079 4310)
4(4309 4310 7079 7078)
4(4350 7041 7080 4311)
4(4310 4311 7080 7079)
4(4351 7042 7081 4312)
4(4311 4312 7081 7080)
4(4352 7043 7082 4313)
4(4312 4313 7082 7081)
4(4313 411 530 7082)
4(4275 7044 7083 4236)
4(48 4236 7083 167)
4(4276 7045 7084 4237)
4(4236 4237 7084 7083)
4(4277 7046 7085 4238)
4(4237 4238 7085 7084)
4(4278 7047 7086 4239)
4(4238 4239 7086 7085)
4(4279 7048 7087 4240)
4(4239 4240 7087 7086)
4(4280 7049 7088 4241)
4(4240 4241 7088 7087)
4(4281 7050 7089 4242)
4(4241 4242 7089 7088)
4(4282 7051 7090 4243)
4(4242 4243 7090 7089)
4(4283 7052 7091 4244)
4(4243 4244 7091 7090)
4(4284 7053 7092 4245)
4(4244 4245 7092 7091)
4(4285 7054 7093 4246)
4(4245 4246 7093 7092)
4(4286 7055 7094 4247)
4(4246 4247 7094 7093)
4(4287 7056 7095 4248)
4(4247 4248 7095 7094)
4(4288 7057 7096 4249)
4(4248 4249 7096 7095)
4(4289 7058 7097 4250)
4(4249 4250 7097 7096)
4(4290 7059 7098 4251)
4(4250 4251 7098 7097)
4(4291 7060 7099 4252)
4(4251 4252 7099 7098)
4(4292 7061 7100 4253)
4(4252 4253 7100 7099)
4(4293 7062 7101 4254)
4(4253 4254 7101 7100)
4(4294 7063 7102 4255)
4(4254 4255 7102 7101)
4(4295 7064 7103 4256)
4(4255 4256 7103 7102)
4(4296 7065 7104 4257)
4(4256 4257 7104 7103)
4(4297 7066 7105 4258)
4(4257 4258 7105 7104)
4(4298 7067 7106 4259)
4(4258 4259 7106 7105)
4(4299 7068 7107 4260)
4(4259 4260 7107 7106)
4(4300 7069 7108 4261)
4(4260 4261 7108 7107)
4(4301 7070 7109 4262)
4(4261 4262 7109 7108)
4(4302 7071 7110 4263)
4(4262 4263 7110 7109)
4(4303 7072 7111 4264)
4(4263 4264 7111 7110)
4(4304 7073 7112 4265)
4(4264 4265 7112 7111)
4(4305 7074 7113 4266)
4(4265 4266 7113 7112)
4(4306 7075 7114 4267)
4(4266 4267 7114 7113)
4(4307 7076 7115 4268)
4(4267 4268 7115 7114)
4(4308 7077 7116 4269)
4(4268 4269 7116 7115)
4(4309 7078 7117 4270)
4(4269 4270 7117 7116)
4(4310 7079 7118 4271)
4(4270 4271 7118 7117)
4(4311 7080 7119 4272)
4(4271 4272 7119 7118)
4(4312 7081 7120 4273)
4(4272 4273 7120 7119)
4(4313 7082 7121 4274)
4(4273 4274 7121 7120)
4(4274 410 529 7121)
4(4236 7083 7122 4197)
4(49 4197 7122 168)
4(4237 7084 7123 4198)
4(4197 4198 7123 7122)
4(4238 7085 7124 4199)
4(4198 4199 7124 7123)
4(4239 7086 7125 4200)
4(4199 4200 7125 7124)
4(4240 7087 7126 4201)
4(4200 4201 7126 7125)
4(4241 7088 7127 4202)
4(4201 4202 7127 7126)
4(4242 7089 7128 4203)
4(4202 4203 7128 7127)
4(4243 7090 7129 4204)
4(4203 4204 7129 7128)
4(4244 7091 7130 4205)
4(4204 4205 7130 7129)
4(4245 7092 7131 4206)
4(4205 4206 7131 7130)
4(4246 7093 7132 4207)
4(4206 4207 7132 7131)
4(4247 7094 7133 4208)
4(4207 4208 7133 7132)
4(4248 7095 7134 4209)
4(4208 4209 7134 7133)
4(4249 7096 7135 4210)
4(4209 4210 7135 7134)
4(4250 7097 7136 4211)
4(4210 4211 7136 7135)
4(4251 7098 7137 4212)
4(4211 4212 7137 7136)
4(4252 7099 7138 4213)
4(4212 4213 7138 7137)
4(4253 7100 7139 4214)
4(4213 4214 7139 7138)
4(4254 7101 7140 4215)
4(4214 4215 7140 7139)
4(4255 7102 7141 4216)
4(4215 4216 7141 7140)
4(4256 7103 7142 4217)
4(4216 4217 7142 7141)
4(4257 7104 7143 4218)
4(4217 4218 7143 7142)
4(4258 7105 7144 4219)
4(4218 4219 7144 7143)
4(4259 7106 7145 4220)
4(4219 4220 7145 7144)
4(4260 7107 7146 4221)
4(4220 4221 7146 7145)
4(4261 7108 7147 4222)
4(4221 4222 7147 7146)
4(4262 7109 7148 4223)
4(4222 4223 7148 7147)
4(4263 7110 7149 4224)
4(4223 4224 7149 7148)
4(4264 7111 7150 4225)
4(4224 4225 7150 7149)
4(4265 7112 7151 4226)
4(4225 4226 7151 7150)
4(4266 7113 7152 4227)
4(4226 4227 7152 7151)
4(4267 7114 7153 4228)
4(4227 4228 7153 7152)
4(4268 7115 7154 4229)
4(4228 4229 7154 7153)
4(4269 7116 7155 4230)
4(4229 4230 7155 7154)
4(4270 7117 7156 4231)
4(4230 4231 7156 7155)
4(4271 7118 7157 4232)
4(4231 4232 7157 7156)
4(4272 7119 7158 4233)
4(4232 4233 7158 7157)
4(4273 7120 7159 4234)
4(4233 4234 7159 7158)
4(4274 7121 7160 4235)
4(4234 4235 7160 7159)
4(4235 409 528 7160)
4(4197 7122 7161 4158)
4(50 4158 7161 169)
4(4198 7123 7162 4159)
4(4158 4159 7162 7161)
4(4199 7124 7163 4160)
4(4159 4160 7163 7162)
4(4200 7125 7164 4161)
4(4160 4161 7164 7163)
4(4201 7126 7165 4162)
4(4161 4162 7165 7164)
4(4202 7127 7166 4163)
4(4162 4163 7166 7165)
4(4203 7128 7167 4164)
4(4163 4164 7167 7166)
4(4204 7129 7168 4165)
4(4164 4165 7168 7167)
4(4205 7130 7169 4166)
4(4165 4166 7169 7168)
4(4206 7131 7170 4167)
4(4166 4167 7170 7169)
4(4207 7132 7171 4168)
4(4167 4168 7171 7170)
4(4208 7133 7172 4169)
4(4168 4169 7172 7171)
4(4209 7134 7173 4170)
4(4169 4170 7173 7172)
4(4210 7135 7174 4171)
4(4170 4171 7174 7173)
4(4211 7136 7175 4172)
4(4171 4172 7175 7174)
4(4212 7137 7176 4173)
4(4172 4173 7176 7175)
4(4213 7138 7177 4174)
4(4173 4174 7177 7176)
4(4214 7139 7178 4175)
4(4174 4175 7178 7177)
4(4215 7140 7179 4176)
4(4175 4176 7179 7178)
4(4216 7141 7180 4177)
4(4176 4177 7180 7179)
4(4217 7142 7181 4178)
4(4177 4178 7181 7180)
4(4218 7143 7182 4179)
4(4178 4179 7182 7181)
4(4219 7144 7183 4180)
4(4179 4180 7183 7182)
4(4220 7145 7184 4181)
4(4180 4181 7184 7183)
4(4221 7146 7185 4182)
4(4181 4182 7185 7184)
4(4222 7147 7186 4183)
4(4182 4183 7186 7185)
4(4223 7148 7187 4184)
4(4183 4184 7187 7186)
4(4224 7149 7188 4185)
4(4184 4185 7188 7187)
4(4225 7150 7189 4186)
4(4185 4186 7189 7188)
4(4226 7151 7190 4187)
4(4186 4187 7190 7189)
4(4227 7152 7191 4188)
4(4187 4188 7191 7190)
4(4228 7153 7192 4189)
4(4188 4189 7192 7191)
4(4229 7154 7193 4190)
4(4189 4190 7193 7192)
4(4230 7155 7194 4191)
4(4190 4191 7194 7193)
4(4231 7156 7195 4192)
4(4191 4192 7195 7194)
4(4232 7157 7196 4193)
4(4192 4193 7196 7195)
4(4233 7158 7197 4194)
4(4193 4194 7197 7196)
4(4234 7159 7198 4195)
4(4194 4195 7198 7197)
4(4235 7160 7199 4196)
4(4195 4196 7199 7198)
4(4196 408 527 7199)
4(4158 7161 7200 4119)
4(51 4119 7200 170)
4(4159 7162 7201 4120)
4(4119 4120 7201 7200)
4(4160 7163 7202 4121)
4(4120 4121 7202 7201)
4(4161 7164 7203 4122)
4(4121 4122 7203 7202)
4(4162 7165 7204 4123)
4(4122 4123 7204 7203)
4(4163 7166 7205 4124)
4(4123 4124 7205 7204)
4(4164 7167 7206 4125)
4(4124 4125 7206 7205)
4(4165 7168 7207 4126)
4(4125 4126 7207 7206)
4(4166 7169 7208 4127)
4(4126 4127 7208 7207)
4(4167 7170 7209 4128)
4(4127 4128 7209 7208)
4(4168 7171 7210 4129)
4(4128 4129 7210 7209)
4(4169 7172 7211 4130)
4(4129 4130 7211 7210)
4(4170 7173 7212 4131)
4(4130 4131 7212 7211)
4(4171 7174 7213 4132)
4(4131 4132 7213 7212)
4(4172 7175 7214 4133)
4(4132 4133 7214 7213)
4(4173 7176 7215 4134)
4(4133 4134 7215 7214)
4(4174 7177 7216 4135)
4(4134 4135 7216 7215)
4(4175 7178 7217 4136)
4(4135 4136 7217 7216)
4(4176 7179 7218 4137)
4(4136 4137 7218 7217)
4(4177 7180 7219 4138)
4(4137 4138 7219 7218)
4(4178 7181 7220 4139)
4(4138 4139 7220 7219)
4(4179 7182 7221 4140)
4(4139 4140 7221 7220)
4(4180 7183 7222 4141)
4(4140 4141 7222 7221)
4(4181 7184 7223 4142)
4(4141 4142 7223 7222)
4(4182 7185 7224 4143)
4(4142 4143 7224 7223)
4(4183 7186 7225 4144)
4(4143 4144 7225 7224)
4(4184 7187 7226 4145)
4(4144 4145 7226 7225)
4(4185 7188 7227 4146)
4(4145 4146 7227 7226)
4(4186 7189 7228 4147)
4(4146 4147 7228 7227)
4(4187 7190 7229 4148)
4(4147 4148 7229 7228)
4(4188 7191 7230 4149)
4(4148 4149 7230 7229)
4(4189 7192 7231 4150)
4(4149 4150 7231 7230)
4(4190 7193 7232 4151)
4(4150 4151 7232 7231)
4(4191 7194 7233 4152)
4(4151 4152 7233 7232)
4(4192 7195 7234 4153)
4(4152 4153 7234 7233)
4(4193 7196 7235 4154)
4(4153 4154 7235 7234)
4(4194 7197 7236 4155)
4(4154 4155 7236 7235)
4(4195 7198 7237 4156)
4(4155 4156 7237 7236)
4(4196 7199 7238 4157)
4(4156 4157 7238 7237)
4(4157 407 526 7238)
4(4119 7200 7239 4080)
4(52 4080 7239 171)
4(4120 7201 7240 4081)
4(4080 4081 7240 7239)
4(4121 7202 7241 4082)
4(4081 4082 7241 7240)
4(4122 7203 7242 4083)
4(4082 4083 7242 7241)
4(4123 7204 7243 4084)
4(4083 4084 7243 7242)
4(4124 7205 7244 4085)
4(4084 4085 7244 7243)
4(4125 7206 7245 4086)
4(4085 4086 7245 7244)
4(4126 7207 7246 4087)
4(4086 4087 7246 7245)
4(4127 7208 7247 4088)
4(4087 4088 7247 7246)
4(4128 7209 7248 4089)
4(4088 4089 7248 7247)
4(4129 7210 7249 4090)
4(4089 4090 7249 7248)
4(4130 7211 7250 4091)
4(4090 4091 7250 7249)
4(4131 7212 7251 4092)
4(4091 4092 7251 7250)
4(4132 7213 7252 4093)
4(4092 4093 7252 7251)
4(4133 7214 7253 4094)
4(4093 4094 7253 7252)
4(4134 7215 7254 4095)
4(4094 4095 7254 7253)
4(4135 7216 7255 4096)
4(4095 4096 7255 7254)
4(4136 7217 7256 4097)
4(4096 4097 7256 7255)
4(4137 7218 7257 4098)
4(4097 4098 7257 7256)
4(4138 7219 7258 4099)
4(4098 4099 7258 7257)
4(4139 7220 7259 4100)
4(4099 4100 7259 7258)
4(4140 7221 7260 4101)
4(4100 4101 7260 7259)
4(4141 7222 7261 4102)
4(4101 4102 7261 7260)
4(4142 7223 7262 4103)
4(4102 4103 7262 7261)
4(4143 7224 7263 4104)
4(4103 4104 7263 7262)
4(4144 7225 7264 4105)
4(4104 4105 7264 7263)
4(4145 7226 7265 4106)
4(4105 4106 7265 7264)
4(4146 7227 7266 4107)
4(4106 4107 7266 7265)
4(4147 7228 7267 4108)
4(4107 4108 7267 7266)
4(4148 7229 7268 4109)
4(4108 4109 7268 7267)
4(4149 7230 7269 4110)
4(4109 4110 7269 7268)
4(4150 7231 7270 4111)
4(4110 4111 7270 7269)
4(4151 7232 7271 4112)
4(4111 4112 7271 7270)
4(4152 7233 7272 4113)
4(4112 4113 7272 7271)
4(4153 7234 7273 4114)
4(4113 4114 7273 7272)
4(4154 7235 7274 4115)
4(4114 4115 7274 7273)
4(4155 7236 7275 4116)
4(4115 4116 7275 7274)
4(4156 7237 7276 4117)
4(4116 4117 7276 7275)
4(4157 7238 7277 4118)
4(4117 4118 7277 7276)
4(4118 406 525 7277)
4(4080 7239 7278 4041)
4(53 4041 7278 172)
4(4081 7240 7279 4042)
4(4041 4042 7279 7278)
4(4082 7241 7280 4043)
4(4042 4043 7280 7279)
4(4083 7242 7281 4044)
4(4043 4044 7281 7280)
4(4084 7243 7282 4045)
4(4044 4045 7282 7281)
4(4085 7244 7283 4046)
4(4045 4046 7283 7282)
4(4086 7245 7284 4047)
4(4046 4047 7284 7283)
4(4087 7246 7285 4048)
4(4047 4048 7285 7284)
4(4088 7247 7286 4049)
4(4048 4049 7286 7285)
4(4089 7248 7287 4050)
4(4049 4050 7287 7286)
4(4090 7249 7288 4051)
4(4050 4051 7288 7287)
4(4091 7250 7289 4052)
4(4051 4052 7289 7288)
4(4092 7251 7290 4053)
4(4052 4053 7290 7289)
4(4093 7252 7291 4054)
4(4053 4054 7291 7290)
4(4094 7253 7292 4055)
4(4054 4055 7292 7291)
4(4095 7254 7293 4056)
4(4055 4056 7293 7292)
4(4096 7255 7294 4057)
4(4056 4057 7294 7293)
4(4097 7256 7295 4058)
4(4057 4058 7295 7294)
4(4098 7257 7296 4059)
4(4058 4059 7296 7295)
4(4099 7258 7297 4060)
4(4059 4060 7297 7296)
4(4100 7259 7298 4061)
4(4060 4061 7298 7297)
4(4101 7260 7299 4062)
4(4061 4062 7299 7298)
4(4102 7261 7300 4063)
4(4062 4063 7300 7299)
4(4103 7262 7301 4064)
4(4063 4064 7301 7300)
4(4104 7263 7302 4065)
4(4064 4065 7302 7301)
4(4105 7264 7303 4066)
4(4065 4066 7303 7302)
4(4106 7265 7304 4067)
4(4066 4067 7304 7303)
4(4107 7266 7305 4068)
4(4067 4068 7305 7304)
4(4108 7267 7306 4069)
4(4068 4069 7306 7305)
4(4109 7268 7307 4070)
4(4069 4070 7307 7306)
4(4110 7269 7308 4071)
4(4070 4071 7308 7307)
4(4111 7270 7309 4072)
4(4071 4072 7309 7308)
4(4112 7271 7310 4073)
4(4072 4073 7310 7309)
4(4113 7272 7311 4074)
4(4073 4074 7311 7310)
4(4114 7273 7312 4075)
4(4074 4075 7312 7311)
4(4115 7274 7313 4076)
4(4075 4076 7313 7312)
4(4116 7275 7314 4077)
4(4076 4077 7314 7313)
4(4117 7276 7315 4078)
4(4077 4078 7315 7314)
4(4118 7277 7316 4079)
4(4078 4079 7316 7315)
4(4079 405 524 7316)
4(4041 7278 7317 4002)
4(54 4002 7317 173)
4(4042 7279 7318 4003)
4(4002 4003 7318 7317)
4(4043 7280 7319 4004)
4(4003 4004 7319 7318)
4(4044 7281 7320 4005)
4(4004 4005 7320 7319)
4(4045 7282 7321 4006)
4(4005 4006 7321 7320)
4(4046 7283 7322 4007)
4(4006 4007 7322 7321)
4(4047 7284 7323 4008)
4(4007 4008 7323 7322)
4(4048 7285 7324 4009)
4(4008 4009 7324 7323)
4(4049 7286 7325 4010)
4(4009 4010 7325 7324)
4(4050 7287 7326 4011)
4(4010 4011 7326 7325)
4(4051 7288 7327 4012)
4(4011 4012 7327 7326)
4(4052 7289 7328 4013)
4(4012 4013 7328 7327)
4(4053 7290 7329 4014)
4(4013 4014 7329 7328)
4(4054 7291 7330 4015)
4(4014 4015 7330 7329)
4(4055 7292 7331 4016)
4(4015 4016 7331 7330)
4(4056 7293 7332 4017)
4(4016 4017 7332 7331)
4(4057 7294 7333 4018)
4(4017 4018 7333 7332)
4(4058 7295 7334 4019)
4(4018 4019 7334 7333)
4(4059 7296 7335 4020)
4(4019 4020 7335 7334)
4(4060 7297 7336 4021)
4(4020 4021 7336 7335)
4(4061 7298 7337 4022)
4(4021 4022 7337 7336)
4(4062 7299 7338 4023)
4(4022 4023 7338 7337)
4(4063 7300 7339 4024)
4(4023 4024 7339 7338)
4(4064 7301 7340 4025)
4(4024 4025 7340 7339)
4(4065 7302 7341 4026)
4(4025 4026 7341 7340)
4(4066 7303 7342 4027)
4(4026 4027 7342 7341)
4(4067 7304 7343 4028)
4(4027 4028 7343 7342)
4(4068 7305 7344 4029)
4(4028 4029 7344 7343)
4(4069 7306 7345 4030)
4(4029 4030 7345 7344)
4(4070 7307 7346 4031)
4(4030 4031 7346 7345)
4(4071 7308 7347 4032)
4(4031 4032 7347 7346)
4(4072 7309 7348 4033)
4(4032 4033 7348 7347)
4(4073 7310 7349 4034)
4(4033 4034 7349 7348)
4(4074 7311 7350 4035)
4(4034 4035 7350 7349)
4(4075 7312 7351 4036)
4(4035 4036 7351 7350)
4(4076 7313 7352 4037)
4(4036 4037 7352 7351)
4(4077 7314 7353 4038)
4(4037 4038 7353 7352)
4(4078 7315 7354 4039)
4(4038 4039 7354 7353)
4(4079 7316 7355 4040)
4(4039 4040 7355 7354)
4(4040 404 523 7355)
4(4002 7317 7356 3963)
4(55 3963 7356 174)
4(4003 7318 7357 3964)
4(3963 3964 7357 7356)
4(4004 7319 7358 3965)
4(3964 3965 7358 7357)
4(4005 7320 7359 3966)
4(3965 3966 7359 7358)
4(4006 7321 7360 3967)
4(3966 3967 7360 7359)
4(4007 7322 7361 3968)
4(3967 3968 7361 7360)
4(4008 7323 7362 3969)
4(3968 3969 7362 7361)
4(4009 7324 7363 3970)
4(3969 3970 7363 7362)
4(4010 7325 7364 3971)
4(3970 3971 7364 7363)
4(4011 7326 7365 3972)
4(3971 3972 7365 7364)
4(4012 7327 7366 3973)
4(3972 3973 7366 7365)
4(4013 7328 7367 3974)
4(3973 3974 7367 7366)
4(4014 7329 7368 3975)
4(3974 3975 7368 7367)
4(4015 7330 7369 3976)
4(3975 3976 7369 7368)
4(4016 7331 7370 3977)
4(3976 3977 7370 7369)
4(4017 7332 7371 3978)
4(3977 3978 7371 7370)
4(4018 7333 7372 3979)
4(3978 3979 7372 7371)
4(4019 7334 7373 3980)
4(3979 3980 7373 7372)
4(4020 7335 7374 3981)
4(3980 3981 7374 7373)
4(4021 7336 7375 3982)
4(3981 3982 7375 7374)
4(4022 7337 7376 3983)
4(3982 3983 7376 7375)
4(4023 7338 7377 3984)
4(3983 3984 7377 7376)
4(4024 7339 7378 3985)
4(3984 3985 7378 7377)
4(4025 7340 7379 3986)
4(3985 3986 7379 7378)
4(4026 7341 7380 3987)
4(3986 3987 7380 7379)
4(4027 7342 7381 3988)
4(3987 3988 7381 7380)
4(4028 7343 7382 3989)
4(3988 3989 7382 7381)
4(4029 7344 7383 3990)
4(3989 3990 7383 7382)
4(4030 7345 7384 3991)
4(3990 3991 7384 7383)
4(4031 7346 7385 3992)
4(3991 3992 7385 7384)
4(4032 7347 7386 3993)
4(3992 3993 7386 7385)
4(4033 7348 7387 3994)
4(3993 3994 7387 7386)
4(4034 7349 7388 3995)
4(3994 3995 7388 7387)
4(4035 7350 7389 3996)
4(3995 3996 7389 7388)
4(4036 7351 7390 3997)
4(3996 3997 7390 7389)
4(4037 7352 7391 3998)
4(3997 3998 7391 7390)
4(4038 7353 7392 3999)
4(3998 3999 7392 7391)
4(4039 7354 7393 4000)
4(3999 4000 7393 7392)
4(4040 7355 7394 4001)
4(4000 4001 7394 7393)
4(4001 403 522 7394)
4(3963 7356 7395 3924)
4(56 3924 7395 175)
4(3964 7357 7396 3925)
4(3924 3925 7396 7395)
4(3965 7358 7397 3926)
4(3925 3926 7397 7396)
4(3966 7359 7398 3927)
4(3926 3927 7398 7397)
4(3967 7360 7399 3928)
4(3927 3928 7399 7398)
4(3968 7361 7400 3929)
4(3928 3929 7400 7399)
4(3969 7362 7401 3930)
4(3929 3930 7401 7400)
4(3970 7363 7402 3931)
4(3930 3931 7402 7401)
4(3971 7364 7403 3932)
4(3931 3932 7403 7402)
4(3972 7365 7404 3933)
4(3932 3933 7404 7403)
4(3973 7366 7405 3934)
4(3933 3934 7405 7404)
4(3974 7367 7406 3935)
4(3934 3935 7406 7405)
4(3975 7368 7407 3936)
4(3935 3936 7407 7406)
4(3976 7369 7408 3937)
4(3936 3937 7408 7407)
4(3977 7370 7409 3938)
4(3937 3938 7409 7408)
4(3978 7371 7410 3939)
4(3938 3939 7410 7409)
4(3979 7372 7411 3940)
4(3939 3940 7411 7410)
4(3980 7373 7412 3941)
4(3940 3941 7412 7411)
4(3981 7374 7413 3942)
4(3941 3942 7413 7412)
4(3982 7375 7414 3943)
4(3942 3943 7414 7413)
4(3983 7376 7415 3944)
4(3943 3944 7415 7414)
4(3984 7377 7416 3945)
4(3944 3945 7416 7415)
4(3985 7378 7417 3946)
4(3945 3946 7417 7416)
4(3986 7379 7418 3947)
4(3946 3947 7418 7417)
4(3987 7380 7419 3948)
4(3947 3948 7419 7418)
4(3988 7381 7420 3949)
4(3948 3949 7420 7419)
4(3989 7382 7421 3950)
4(3949 3950 7421 7420)
4(3990 7383 7422 3951)
4(3950 3951 7422 7421)
4(3991 7384 7423 3952)
4(3951 3952 7423 7422)
4(3992 7385 7424 3953)
4(3952 3953 7424 7423)
4(3993 7386 7425 3954)
4(3953 3954 7425 7424)
4(3994 7387 7426 3955)
4(3954 3955 7426 7425)
4(3995 7388 7427 3956)
4(3955 3956 7427 7426)
4(3996 7389 7428 3957)
4(3956 3957 7428 7427)
4(3997 7390 7429 3958)
4(3957 3958 7429 7428)
4(3998 7391 7430 3959)
4(3958 3959 7430 7429)
4(3999 7392 7431 3960)
4(3959 3960 7431 7430)
4(4000 7393 7432 3961)
4(3960 3961 7432 7431)
4(4001 7394 7433 3962)
4(3961 3962 7433 7432)
4(3962 402 521 7433)
4(3924 7395 7434 3885)
4(57 3885 7434 176)
4(3925 7396 7435 3886)
4(3885 3886 7435 7434)
4(3926 7397 7436 3887)
4(3886 3887 7436 7435)
4(3927 7398 7437 3888)
4(3887 3888 7437 7436)
4(3928 7399 7438 3889)
4(3888 3889 7438 7437)
4(3929 7400 7439 3890)
4(3889 3890 7439 7438)
4(3930 7401 7440 3891)
4(3890 3891 7440 7439)
4(3931 7402 7441 3892)
4(3891 3892 7441 7440)
4(3932 7403 7442 3893)
4(3892 3893 7442 7441)
4(3933 7404 7443 3894)
4(3893 3894 7443 7442)
4(3934 7405 7444 3895)
4(3894 3895 7444 7443)
4(3935 7406 7445 3896)
4(3895 3896 7445 7444)
4(3936 7407 7446 3897)
4(3896 3897 7446 7445)
4(3937 7408 7447 3898)
4(3897 3898 7447 7446)
4(3938 7409 7448 3899)
4(3898 3899 7448 7447)
4(3939 7410 7449 3900)
4(3899 3900 7449 7448)
4(3940 7411 7450 3901)
4(3900 3901 7450 7449)
4(3941 7412 7451 3902)
4(3901 3902 7451 7450)
4(3942 7413 7452 3903)
4(3902 3903 7452 7451)
4(3943 7414 7453 3904)
4(3903 3904 7453 7452)
4(3944 7415 7454 3905)
4(3904 3905 7454 7453)
4(3945 7416 7455 3906)
4(3905 3906 7455 7454)
4(3946 7417 7456 3907)
4(3906 3907 7456 7455)
4(3947 7418 7457 3908)
4(3907 3908 7457 7456)
4(3948 7419 7458 3909)
4(3908 3909 7458 7457)
4(3949 7420 7459 3910)
4(3909 3910 7459 7458)
4(3950 7421 7460 3911)
4(3910 3911 7460 7459)
4(3951 7422 7461 3912)
4(3911 3912 7461 7460)
4(3952 7423 7462 3913)
4(3912 3913 7462 7461)
4(3953 7424 7463 3914)
4(3913 3914 7463 7462)
4(3954 7425 7464 3915)
4(3914 3915 7464 7463)
4(3955 7426 7465 3916)
4(3915 3916 7465 7464)
4(3956 7427 7466 3917)
4(3916 3917 7466 7465)
4(3957 7428 7467 3918)
4(3917 3918 7467 7466)
4(3958 7429 7468 3919)
4(3918 3919 7468 7467)
4(3959 7430 7469 3920)
4(3919 3920 7469 7468)
4(3960 7431 7470 3921)
4(3920 3921 7470 7469)
4(3961 7432 7471 3922)
4(3921 3922 7471 7470)
4(3962 7433 7472 3923)
4(3922 3923 7472 7471)
4(3923 401 520 7472)
4(3885 7434 7473 3846)
4(58 3846 7473 177)
4(3886 7435 7474 3847)
4(3846 3847 7474 7473)
4(3887 7436 7475 3848)
4(3847 3848 7475 7474)
4(3888 7437 7476 3849)
4(3848 3849 7476 7475)
4(3889 7438 7477 3850)
4(3849 3850 7477 7476)
4(3890 7439 7478 3851)
4(3850 3851 7478 7477)
4(3891 7440 7479 3852)
4(3851 3852 7479 7478)
4(3892 7441 7480 3853)
4(3852 3853 7480 7479)
4(3893 7442 7481 3854)
4(3853 3854 7481 7480)
4(3894 7443 7482 3855)
4(3854 3855 7482 7481)
4(3895 7444 7483 3856)
4(3855 3856 7483 7482)
4(3896 7445 7484 3857)
4(3856 3857 7484 7483)
4(3897 7446 7485 3858)
4(3857 3858 7485 7484)
4(3898 7447 7486 3859)
4(3858 3859 7486 7485)
4(3899 7448 7487 3860)
4(3859 3860 7487 7486)
4(3900 7449 7488 3861)
4(3860 3861 7488 7487)
4(3901 7450 7489 3862)
4(3861 3862 7489 7488)
4(3902 7451 7490 3863)
4(3862 3863 7490 7489)
4(3903 7452 7491 3864)
4(3863 3864 7491 7490)
4(3904 7453 7492 3865)
4(3864 3865 7492 7491)
4(3905 7454 7493 3866)
4(3865 3866 7493 7492)
4(3906 7455 7494 3867)
4(3866 3867 7494 7493)
4(3907 7456 7495 3868)
4(3867 3868 7495 7494)
4(3908 7457 7496 3869)
4(3868 3869 7496 7495)
4(3909 7458 7497 3870)
4(3869 3870 7497 7496)
4(3910 7459 7498 3871)
4(3870 3871 7498 7497)
4(3911 7460 7499 3872)
4(3871 3872 7499 7498)
4(3912 7461 7500 3873)
4(3872 3873 7500 7499)
4(3913 7462 7501 3874)
4(3873 3874 7501 7500)
4(3914 7463 7502 3875)
4(3874 3875 7502 7501)
4(3915 7464 7503 3876)
4(3875 3876 7503 7502)
4(3916 7465 7504 3877)
4(3876 3877 7504 7503)
4(3917 7466 7505 3878)
4(3877 3878 7505 7504)
4(3918 7467 7506 3879)
4(3878 3879 7506 7505)
4(3919 7468 7507 3880)
4(3879 3880 7507 7506)
4(3920 7469 7508 3881)
4(3880 3881 7508 7507)
4(3921 7470 7509 3882)
4(3881 3882 7509 7508)
4(3922 7471 7510 3883)
4(3882 3883 7510 7509)
4(3923 7472 7511 3884)
4(3883 3884 7511 7510)
4(3884 400 519 7511)
4(3846 7473 7512 3807)
4(59 3807 7512 178)
4(3847 7474 7513 3808)
4(3807 3808 7513 7512)
4(3848 7475 7514 3809)
4(3808 3809 7514 7513)
4(3849 7476 7515 3810)
4(3809 3810 7515 7514)
4(3850 7477 7516 3811)
4(3810 3811 7516 7515)
4(3851 7478 7517 3812)
4(3811 3812 7517 7516)
4(3852 7479 7518 3813)
4(3812 3813 7518 7517)
4(3853 7480 7519 3814)
4(3813 3814 7519 7518)
4(3854 7481 7520 3815)
4(3814 3815 7520 7519)
4(3855 7482 7521 3816)
4(3815 3816 7521 7520)
4(3856 7483 7522 3817)
4(3816 3817 7522 7521)
4(3857 7484 7523 3818)
4(3817 3818 7523 7522)
4(3858 7485 7524 3819)
4(3818 3819 7524 7523)
4(3859 7486 7525 3820)
4(3819 3820 7525 7524)
4(3860 7487 7526 3821)
4(3820 3821 7526 7525)
4(3861 7488 7527 3822)
4(3821 3822 7527 7526)
4(3862 7489 7528 3823)
4(3822 3823 7528 7527)
4(3863 7490 7529 3824)
4(3823 3824 7529 7528)
4(3864 7491 7530 3825)
4(3824 3825 7530 7529)
4(3865 7492 7531 3826)
4(3825 3826 7531 7530)
4(3866 7493 7532 3827)
4(3826 3827 7532 7531)
4(3867 7494 7533 3828)
4(3827 3828 7533 7532)
4(3868 7495 7534 3829)
4(3828 3829 7534 7533)
4(3869 7496 7535 3830)
4(3829 3830 7535 7534)
4(3870 7497 7536 3831)
4(3830 3831 7536 7535)
4(3871 7498 7537 3832)
4(3831 3832 7537 7536)
4(3872 7499 7538 3833)
4(3832 3833 7538 7537)
4(3873 7500 7539 3834)
4(3833 3834 7539 7538)
4(3874 7501 7540 3835)
4(3834 3835 7540 7539)
4(3875 7502 7541 3836)
4(3835 3836 7541 7540)
4(3876 7503 7542 3837)
4(3836 3837 7542 7541)
4(3877 7504 7543 3838)
4(3837 3838 7543 7542)
4(3878 7505 7544 3839)
4(3838 3839 7544 7543)
4(3879 7506 7545 3840)
4(3839 3840 7545 7544)
4(3880 7507 7546 3841)
4(3840 3841 7546 7545)
4(3881 7508 7547 3842)
4(3841 3842 7547 7546)
4(3882 7509 7548 3843)
4(3842 3843 7548 7547)
4(3883 7510 7549 3844)
4(3843 3844 7549 7548)
4(3884 7511 7550 3845)
4(3844 3845 7550 7549)
4(3845 399 518 7550)
4(3807 7512 7551 3768)
4(60 3768 7551 179)
4(3808 7513 7552 3769)
4(3768 3769 7552 7551)
4(3809 7514 7553 3770)
4(3769 3770 7553 7552)
4(3810 7515 7554 3771)
4(3770 3771 7554 7553)
4(3811 7516 7555 3772)
4(3771 3772 7555 7554)
4(3812 7517 7556 3773)
4(3772 3773 7556 7555)
4(3813 7518 7557 3774)
4(3773 3774 7557 7556)
4(3814 7519 7558 3775)
4(3774 3775 7558 7557)
4(3815 7520 7559 3776)
4(3775 3776 7559 7558)
4(3816 7521 7560 3777)
4(3776 3777 7560 7559)
4(3817 7522 7561 3778)
4(3777 3778 7561 7560)
4(3818 7523 7562 3779)
4(3778 3779 7562 7561)
4(3819 7524 7563 3780)
4(3779 3780 7563 7562)
4(3820 7525 7564 3781)
4(3780 3781 7564 7563)
4(3821 7526 7565 3782)
4(3781 3782 7565 7564)
4(3822 7527 7566 3783)
4(3782 3783 7566 7565)
4(3823 7528 7567 3784)
4(3783 3784 7567 7566)
4(3824 7529 7568 3785)
4(3784 3785 7568 7567)
4(3825 7530 7569 3786)
4(3785 3786 7569 7568)
4(3826 7531 7570 3787)
4(3786 3787 7570 7569)
4(3827 7532 7571 3788)
4(3787 3788 7571 7570)
4(3828 7533 7572 3789)
4(3788 3789 7572 7571)
4(3829 7534 7573 3790)
4(3789 3790 7573 7572)
4(3830 7535 7574 3791)
4(3790 3791 7574 7573)
4(3831 7536 7575 3792)
4(3791 3792 7575 7574)
4(3832 7537 7576 3793)
4(3792 3793 7576 7575)
4(3833 7538 7577 3794)
4(3793 3794 7577 7576)
4(3834 7539 7578 3795)
4(3794 3795 7578 7577)
4(3835 7540 7579 3796)
4(3795 3796 7579 7578)
4(3836 7541 7580 3797)
4(3796 3797 7580 7579)
4(3837 7542 7581 3798)
4(3797 3798 7581 7580)
4(3838 7543 7582 3799)
4(3798 3799 7582 7581)
4(3839 7544 7583 3800)
4(3799 3800 7583 7582)
4(3840 7545 7584 3801)
4(3800 3801 7584 7583)
4(3841 7546 7585 3802)
4(3801 3802 7585 7584)
4(3842 7547 7586 3803)
4(3802 3803 7586 7585)
4(3843 7548 7587 3804)
4(3803 3804 7587 7586)
4(3844 7549 7588 3805)
4(3804 3805 7588 7587)
4(3845 7550 7589 3806)
4(3805 3806 7589 7588)
4(3806 398 517 7589)
4(3768 7551 7590 3729)
4(61 3729 7590 180)
4(3769 7552 7591 3730)
4(3729 3730 7591 7590)
4(3770 7553 7592 3731)
4(3730 3731 7592 7591)
4(3771 7554 7593 3732)
4(3731 3732 7593 7592)
4(3772 7555 7594 3733)
4(3732 3733 7594 7593)
4(3773 7556 7595 3734)
4(3733 3734 7595 7594)
4(3774 7557 7596 3735)
4(3734 3735 7596 7595)
4(3775 7558 7597 3736)
4(3735 3736 7597 7596)
4(3776 7559 7598 3737)
4(3736 3737 7598 7597)
4(3777 7560 7599 3738)
4(3737 3738 7599 7598)
4(3778 7561 7600 3739)
4(3738 3739 7600 7599)
4(3779 7562 7601 3740)
4(3739 3740 7601 7600)
4(3780 7563 7602 3741)
4(3740 3741 7602 7601)
4(3781 7564 7603 3742)
4(3741 3742 7603 7602)
4(3782 7565 7604 3743)
4(3742 3743 7604 7603)
4(3783 7566 7605 3744)
4(3743 3744 7605 7604)
4(3784 7567 7606 3745)
4(3744 3745 7606 7605)
4(3785 7568 7607 3746)
4(3745 3746 7607 7606)
4(3786 7569 7608 3747)
4(3746 3747 7608 7607)
4(3787 7570 7609 3748)
4(3747 3748 7609 7608)
4(3788 7571 7610 3749)
4(3748 3749 7610 7609)
4(3789 7572 7611 3750)
4(3749 3750 7611 7610)
4(3790 7573 7612 3751)
4(3750 3751 7612 7611)
4(3791 7574 7613 3752)
4(3751 3752 7613 7612)
4(3792 7575 7614 3753)
4(3752 3753 7614 7613)
4(3793 7576 7615 3754)
4(3753 3754 7615 7614)
4(3794 7577 7616 3755)
4(3754 3755 7616 7615)
4(3795 7578 7617 3756)
4(3755 3756 7617 7616)
4(3796 7579 7618 3757)
4(3756 3757 7618 7617)
4(3797 7580 7619 3758)
4(3757 3758 7619 7618)
4(3798 7581 7620 3759)
4(3758 3759 7620 7619)
4(3799 7582 7621 3760)
4(3759 3760 7621 7620)
4(3800 7583 7622 3761)
4(3760 3761 7622 7621)
4(3801 7584 7623 3762)
4(3761 3762 7623 7622)
4(3802 7585 7624 3763)
4(3762 3763 7624 7623)
4(3803 7586 7625 3764)
4(3763 3764 7625 7624)
4(3804 7587 7626 3765)
4(3764 3765 7626 7625)
4(3805 7588 7627 3766)
4(3765 3766 7627 7626)
4(3806 7589 7628 3767)
4(3766 3767 7628 7627)
4(3767 397 516 7628)
4(3729 7590 7629 3690)
4(62 3690 7629 181)
4(3730 7591 7630 3691)
4(3690 3691 7630 7629)
4(3731 7592 7631 3692)
4(3691 3692 7631 7630)
4(3732 7593 7632 3693)
4(3692 3693 7632 7631)
4(3733 7594 7633 3694)
4(3693 3694 7633 7632)
4(3734 7595 7634 3695)
4(3694 3695 7634 7633)
4(3735 7596 7635 3696)
4(3695 3696 7635 7634)
4(3736 7597 7636 3697)
4(3696 3697 7636 7635)
4(3737 7598 7637 3698)
4(3697 3698 7637 7636)
4(3738 7599 7638 3699)
4(3698 3699 7638 7637)
4(3739 7600 7639 3700)
4(3699 3700 7639 7638)
4(3740 7601 7640 3701)
4(3700 3701 7640 7639)
4(3741 7602 7641 3702)
4(3701 3702 7641 7640)
4(3742 7603 7642 3703)
4(3702 3703 7642 7641)
4(3743 7604 7643 3704)
4(3703 3704 7643 7642)
4(3744 7605 7644 3705)
4(3704 3705 7644 7643)
4(3745 7606 7645 3706)
4(3705 3706 7645 7644)
4(3746 7607 7646 3707)
4(3706 3707 7646 7645)
4(3747 7608 7647 3708)
4(3707 3708 7647 7646)
4(3748 7609 7648 3709)
4(3708 3709 7648 7647)
4(3749 7610 7649 3710)
4(3709 3710 7649 7648)
4(3750 7611 7650 3711)
4(3710 3711 7650 7649)
4(3751 7612 7651 3712)
4(3711 3712 7651 7650)
4(3752 7613 7652 3713)
4(3712 3713 7652 7651)
4(3753 7614 7653 3714)
4(3713 3714 7653 7652)
4(3754 7615 7654 3715)
4(3714 3715 7654 7653)
4(3755 7616 7655 3716)
4(3715 3716 7655 7654)
4(3756 7617 7656 3717)
4(3716 3717 7656 7655)
4(3757 7618 7657 3718)
4(3717 3718 7657 7656)
4(3758 7619 7658 3719)
4(3718 3719 7658 7657)
4(3759 7620 7659 3720)
4(3719 3720 7659 7658)
4(3760 7621 7660 3721)
4(3720 3721 7660 7659)
4(3761 7622 7661 3722)
4(3721 3722 7661 7660)
4(3762 7623 7662 3723)
4(3722 3723 7662 7661)
4(3763 7624 7663 3724)
4(3723 3724 7663 7662)
4(3764 7625 7664 3725)
4(3724 3725 7664 7663)
4(3765 7626 7665 3726)
4(3725 3726 7665 7664)
4(3766 7627 7666 3727)
4(3726 3727 7666 7665)
4(3767 7628 7667 3728)
4(3727 3728 7667 7666)
4(3728 396 515 7667)
4(3690 7629 7668 3651)
4(63 3651 7668 182)
4(3691 7630 7669 3652)
4(3651 3652 7669 7668)
4(3692 7631 7670 3653)
4(3652 3653 7670 7669)
4(3693 7632 7671 3654)
4(3653 3654 7671 7670)
4(3694 7633 7672 3655)
4(3654 3655 7672 7671)
4(3695 7634 7673 3656)
4(3655 3656 7673 7672)
4(3696 7635 7674 3657)
4(3656 3657 7674 7673)
4(3697 7636 7675 3658)
4(3657 3658 7675 7674)
4(3698 7637 7676 3659)
4(3658 3659 7676 7675)
4(3699 7638 7677 3660)
4(3659 3660 7677 7676)
4(3700 7639 7678 3661)
4(3660 3661 7678 7677)
4(3701 7640 7679 3662)
4(3661 3662 7679 7678)
4(3702 7641 7680 3663)
4(3662 3663 7680 7679)
4(3703 7642 7681 3664)
4(3663 3664 7681 7680)
4(3704 7643 7682 3665)
4(3664 3665 7682 7681)
4(3705 7644 7683 3666)
4(3665 3666 7683 7682)
4(3706 7645 7684 3667)
4(3666 3667 7684 7683)
4(3707 7646 7685 3668)
4(3667 3668 7685 7684)
4(3708 7647 7686 3669)
4(3668 3669 7686 7685)
4(3709 7648 7687 3670)
4(3669 3670 7687 7686)
4(3710 7649 7688 3671)
4(3670 3671 7688 7687)
4(3711 7650 7689 3672)
4(3671 3672 7689 7688)
4(3712 7651 7690 3673)
4(3672 3673 7690 7689)
4(3713 7652 7691 3674)
4(3673 3674 7691 7690)
4(3714 7653 7692 3675)
4(3674 3675 7692 7691)
4(3715 7654 7693 3676)
4(3675 3676 7693 7692)
4(3716 7655 7694 3677)
4(3676 3677 7694 7693)
4(3717 7656 7695 3678)
4(3677 3678 7695 7694)
4(3718 7657 7696 3679)
4(3678 3679 7696 7695)
4(3719 7658 7697 3680)
4(3679 3680 7697 7696)
4(3720 7659 7698 3681)
4(3680 3681 7698 7697)
4(3721 7660 7699 3682)
4(3681 3682 7699 7698)
4(3722 7661 7700 3683)
4(3682 3683 7700 7699)
4(3723 7662 7701 3684)
4(3683 3684 7701 7700)
4(3724 7663 7702 3685)
4(3684 3685 7702 7701)
4(3725 7664 7703 3686)
4(3685 3686 7703 7702)
4(3726 7665 7704 3687)
4(3686 3687 7704 7703)
4(3727 7666 7705 3688)
4(3687 3688 7705 7704)
4(3728 7667 7706 3689)
4(3688 3689 7706 7705)
4(3689 395 514 7706)
4(3651 7668 7707 3612)
4(64 3612 7707 183)
4(3652 7669 7708 3613)
4(3612 3613 7708 7707)
4(3653 7670 7709 3614)
4(3613 3614 7709 7708)
4(3654 7671 7710 3615)
4(3614 3615 7710 7709)
4(3655 7672 7711 3616)
4(3615 3616 7711 7710)
4(3656 7673 7712 3617)
4(3616 3617 7712 7711)
4(3657 7674 7713 3618)
4(3617 3618 7713 7712)
4(3658 7675 7714 3619)
4(3618 3619 7714 7713)
4(3659 7676 7715 3620)
4(3619 3620 7715 7714)
4(3660 7677 7716 3621)
4(3620 3621 7716 7715)
4(3661 7678 7717 3622)
4(3621 3622 7717 7716)
4(3662 7679 7718 3623)
4(3622 3623 7718 7717)
4(3663 7680 7719 3624)
4(3623 3624 7719 7718)
4(3664 7681 7720 3625)
4(3624 3625 7720 7719)
4(3665 7682 7721 3626)
4(3625 3626 7721 7720)
4(3666 7683 7722 3627)
4(3626 3627 7722 7721)
4(3667 7684 7723 3628)
4(3627 3628 7723 7722)
4(3668 7685 7724 3629)
4(3628 3629 7724 7723)
4(3669 7686 7725 3630)
4(3629 3630 7725 7724)
4(3670 7687 7726 3631)
4(3630 3631 7726 7725)
4(3671 7688 7727 3632)
4(3631 3632 7727 7726)
4(3672 7689 7728 3633)
4(3632 3633 7728 7727)
4(3673 7690 7729 3634)
4(3633 3634 7729 7728)
4(3674 7691 7730 3635)
4(3634 3635 7730 7729)
4(3675 7692 7731 3636)
4(3635 3636 7731 7730)
4(3676 7693 7732 3637)
4(3636 3637 7732 7731)
4(3677 7694 7733 3638)
4(3637 3638 7733 7732)
4(3678 7695 7734 3639)
4(3638 3639 7734 7733)
4(3679 7696 7735 3640)
4(3639 3640 7735 7734)
4(3680 7697 7736 3641)
4(3640 3641 7736 7735)
4(3681 7698 7737 3642)
4(3641 3642 7737 7736)
4(3682 7699 7738 3643)
4(3642 3643 7738 7737)
4(3683 7700 7739 3644)
4(3643 3644 7739 7738)
4(3684 7701 7740 3645)
4(3644 3645 7740 7739)
4(3685 7702 7741 3646)
4(3645 3646 7741 7740)
4(3686 7703 7742 3647)
4(3646 3647 7742 7741)
4(3687 7704 7743 3648)
4(3647 3648 7743 7742)
4(3688 7705 7744 3649)
4(3648 3649 7744 7743)
4(3689 7706 7745 3650)
4(3649 3650 7745 7744)
4(3650 394 513 7745)
4(3612 7707 7746 3573)
4(65 3573 7746 184)
4(3613 7708 7747 3574)
4(3573 3574 7747 7746)
4(3614 7709 7748 3575)
4(3574 3575 7748 7747)
4(3615 7710 7749 3576)
4(3575 3576 7749 7748)
4(3616 7711 7750 3577)
4(3576 3577 7750 7749)
4(3617 7712 7751 3578)
4(3577 3578 7751 7750)
4(3618 7713 7752 3579)
4(3578 3579 7752 7751)
4(3619 7714 7753 3580)
4(3579 3580 7753 7752)
4(3620 7715 7754 3581)
4(3580 3581 7754 7753)
4(3621 7716 7755 3582)
4(3581 3582 7755 7754)
4(3622 7717 7756 3583)
4(3582 3583 7756 7755)
4(3623 7718 7757 3584)
4(3583 3584 7757 7756)
4(3624 7719 7758 3585)
4(3584 3585 7758 7757)
4(3625 7720 7759 3586)
4(3585 3586 7759 7758)
4(3626 7721 7760 3587)
4(3586 3587 7760 7759)
4(3627 7722 7761 3588)
4(3587 3588 7761 7760)
4(3628 7723 7762 3589)
4(3588 3589 7762 7761)
4(3629 7724 7763 3590)
4(3589 3590 7763 7762)
4(3630 7725 7764 3591)
4(3590 3591 7764 7763)
4(3631 7726 7765 3592)
4(3591 3592 7765 7764)
4(3632 7727 7766 3593)
4(3592 3593 7766 7765)
4(3633 7728 7767 3594)
4(3593 3594 7767 7766)
4(3634 7729 7768 3595)
4(3594 3595 7768 7767)
4(3635 7730 7769 3596)
4(3595 3596 7769 7768)
4(3636 7731 7770 3597)
4(3596 3597 7770 7769)
4(3637 7732 7771 3598)
4(3597 3598 7771 7770)
4(3638 7733 7772 3599)
4(3598 3599 7772 7771)
4(3639 7734 7773 3600)
4(3599 3600 7773 7772)
4(3640 7735 7774 3601)
4(3600 3601 7774 7773)
4(3641 7736 7775 3602)
4(3601 3602 7775 7774)
4(3642 7737 7776 3603)
4(3602 3603 7776 7775)
4(3643 7738 7777 3604)
4(3603 3604 7777 7776)
4(3644 7739 7778 3605)
4(3604 3605 7778 7777)
4(3645 7740 7779 3606)
4(3605 3606 7779 7778)
4(3646 7741 7780 3607)
4(3606 3607 7780 7779)
4(3647 7742 7781 3608)
4(3607 3608 7781 7780)
4(3648 7743 7782 3609)
4(3608 3609 7782 7781)
4(3649 7744 7783 3610)
4(3609 3610 7783 7782)
4(3650 7745 7784 3611)
4(3610 3611 7784 7783)
4(3611 393 512 7784)
4(3573 7746 7785 3534)
4(66 3534 7785 185)
4(3574 7747 7786 3535)
4(3534 3535 7786 7785)
4(3575 7748 7787 3536)
4(3535 3536 7787 7786)
4(3576 7749 7788 3537)
4(3536 3537 7788 7787)
4(3577 7750 7789 3538)
4(3537 3538 7789 7788)
4(3578 7751 7790 3539)
4(3538 3539 7790 7789)
4(3579 7752 7791 3540)
4(3539 3540 7791 7790)
4(3580 7753 7792 3541)
4(3540 3541 7792 7791)
4(3581 7754 7793 3542)
4(3541 3542 7793 7792)
4(3582 7755 7794 3543)
4(3542 3543 7794 7793)
4(3583 7756 7795 3544)
4(3543 3544 7795 7794)
4(3584 7757 7796 3545)
4(3544 3545 7796 7795)
4(3585 7758 7797 3546)
4(3545 3546 7797 7796)
4(3586 7759 7798 3547)
4(3546 3547 7798 7797)
4(3587 7760 7799 3548)
4(3547 3548 7799 7798)
4(3588 7761 7800 3549)
4(3548 3549 7800 7799)
4(3589 7762 7801 3550)
4(3549 3550 7801 7800)
4(3590 7763 7802 3551)
4(3550 3551 7802 7801)
4(3591 7764 7803 3552)
4(3551 3552 7803 7802)
4(3592 7765 7804 3553)
4(3552 3553 7804 7803)
4(3593 7766 7805 3554)
4(3553 3554 7805 7804)
4(3594 7767 7806 3555)
4(3554 3555 7806 7805)
4(3595 7768 7807 3556)
4(3555 3556 7807 7806)
4(3596 7769 7808 3557)
4(3556 3557 7808 7807)
4(3597 7770 7809 3558)
4(3557 3558 7809 7808)
4(3598 7771 7810 3559)
4(3558 3559 7810 7809)
4(3599 7772 7811 3560)
4(3559 3560 7811 7810)
4(3600 7773 7812 3561)
4(3560 3561 7812 7811)
4(3601 7774 7813 3562)
4(3561 3562 7813 7812)
4(3602 7775 7814 3563)
4(3562 3563 7814 7813)
4(3603 7776 7815 3564)
4(3563 3564 7815 7814)
4(3604 7777 7816 3565)
4(3564 3565 7816 7815)
4(3605 7778 7817 3566)
4(3565 3566 7817 7816)
4(3606 7779 7818 3567)
4(3566 3567 7818 7817)
4(3607 7780 7819 3568)
4(3567 3568 7819 7818)
4(3608 7781 7820 3569)
4(3568 3569 7820 7819)
4(3609 7782 7821 3570)
4(3569 3570 7821 7820)
4(3610 7783 7822 3571)
4(3570 3571 7822 7821)
4(3611 7784 7823 3572)
4(3571 3572 7823 7822)
4(3572 392 511 7823)
4(3534 7785 7824 3495)
4(67 3495 7824 186)
4(3535 7786 7825 3496)
4(3495 3496 7825 7824)
4(3536 7787 7826 3497)
4(3496 3497 7826 7825)
4(3537 7788 7827 3498)
4(3497 3498 7827 7826)
4(3538 7789 7828 3499)
4(3498 3499 7828 7827)
4(3539 7790 7829 3500)
4(3499 3500 7829 7828)
4(3540 7791 7830 3501)
4(3500 3501 7830 7829)
4(3541 7792 7831 3502)
4(3501 3502 7831 7830)
4(3542 7793 7832 3503)
4(3502 3503 7832 7831)
4(3543 7794 7833 3504)
4(3503 3504 7833 7832)
4(3544 7795 7834 3505)
4(3504 3505 7834 7833)
4(3545 7796 7835 3506)
4(3505 3506 7835 7834)
4(3546 7797 7836 3507)
4(3506 3507 7836 7835)
4(3547 7798 7837 3508)
4(3507 3508 7837 7836)
4(3548 7799 7838 3509)
4(3508 3509 7838 7837)
4(3549 7800 7839 3510)
4(3509 3510 7839 7838)
4(3550 7801 7840 3511)
4(3510 3511 7840 7839)
4(3551 7802 7841 3512)
4(3511 3512 7841 7840)
4(3552 7803 7842 3513)
4(3512 3513 7842 7841)
4(3553 7804 7843 3514)
4(3513 3514 7843 7842)
4(3554 7805 7844 3515)
4(3514 3515 7844 7843)
4(3555 7806 7845 3516)
4(3515 3516 7845 7844)
4(3556 7807 7846 3517)
4(3516 3517 7846 7845)
4(3557 7808 7847 3518)
4(3517 3518 7847 7846)
4(3558 7809 7848 3519)
4(3518 3519 7848 7847)
4(3559 7810 7849 3520)
4(3519 3520 7849 7848)
4(3560 7811 7850 3521)
4(3520 3521 7850 7849)
4(3561 7812 7851 3522)
4(3521 3522 7851 7850)
4(3562 7813 7852 3523)
4(3522 3523 7852 7851)
4(3563 7814 7853 3524)
4(3523 3524 7853 7852)
4(3564 7815 7854 3525)
4(3524 3525 7854 7853)
4(3565 7816 7855 3526)
4(3525 3526 7855 7854)
4(3566 7817 7856 3527)
4(3526 3527 7856 7855)
4(3567 7818 7857 3528)
4(3527 3528 7857 7856)
4(3568 7819 7858 3529)
4(3528 3529 7858 7857)
4(3569 7820 7859 3530)
4(3529 3530 7859 7858)
4(3570 7821 7860 3531)
4(3530 3531 7860 7859)
4(3571 7822 7861 3532)
4(3531 3532 7861 7860)
4(3572 7823 7862 3533)
4(3532 3533 7862 7861)
4(3533 391 510 7862)
4(3495 7824 7863 3456)
4(68 3456 7863 187)
4(3496 7825 7864 3457)
4(3456 3457 7864 7863)
4(3497 7826 7865 3458)
4(3457 3458 7865 7864)
4(3498 7827 7866 3459)
4(3458 3459 7866 7865)
4(3499 7828 7867 3460)
4(3459 3460 7867 7866)
4(3500 7829 7868 3461)
4(3460 3461 7868 7867)
4(3501 7830 7869 3462)
4(3461 3462 7869 7868)
4(3502 7831 7870 3463)
4(3462 3463 7870 7869)
4(3503 7832 7871 3464)
4(3463 3464 7871 7870)
4(3504 7833 7872 3465)
4(3464 3465 7872 7871)
4(3505 7834 7873 3466)
4(3465 3466 7873 7872)
4(3506 7835 7874 3467)
4(3466 3467 7874 7873)
4(3507 7836 7875 3468)
4(3467 3468 7875 7874)
4(3508 7837 7876 3469)
4(3468 3469 7876 7875)
4(3509 7838 7877 3470)
4(3469 3470 7877 7876)
4(3510 7839 7878 3471)
4(3470 3471 7878 7877)
4(3511 7840 7879 3472)
4(3471 3472 7879 7878)
4(3512 7841 7880 3473)
4(3472 3473 7880 7879)
4(3513 7842 7881 3474)
4(3473 3474 7881 7880)
4(3514 7843 7882 3475)
4(3474 3475 7882 7881)
4(3515 7844 7883 3476)
4(3475 3476 7883 7882)
4(3516 7845 7884 3477)
4(3476 3477 7884 7883)
4(3517 7846 7885 3478)
4(3477 3478 7885 7884)
4(3518 7847 7886 3479)
4(3478 3479 7886 7885)
4(3519 7848 7887 3480)
4(3479 3480 7887 7886)
4(3520 7849 7888 3481)
4(3480 3481 7888 7887)
4(3521 7850 7889 3482)
4(3481 3482 7889 7888)
4(3522 7851 7890 3483)
4(3482 3483 7890 7889)
4(3523 7852 7891 3484)
4(3483 3484 7891 7890)
4(3524 7853 7892 3485)
4(3484 3485 7892 7891)
4(3525 7854 7893 3486)
4(3485 3486 7893 7892)
4(3526 7855 7894 3487)
4(3486 3487 7894 7893)
4(3527 7856 7895 3488)
4(3487 3488 7895 7894)
4(3528 7857 7896 3489)
4(3488 3489 7896 7895)
4(3529 7858 7897 3490)
4(3489 3490 7897 7896)
4(3530 7859 7898 3491)
4(3490 3491 7898 7897)
4(3531 7860 7899 3492)
4(3491 3492 7899 7898)
4(3532 7861 7900 3493)
4(3492 3493 7900 7899)
4(3533 7862 7901 3494)
4(3493 3494 7901 7900)
4(3494 390 509 7901)
4(3456 7863 7902 3417)
4(69 3417 7902 188)
4(3457 7864 7903 3418)
4(3417 3418 7903 7902)
4(3458 7865 7904 3419)
4(3418 3419 7904 7903)
4(3459 7866 7905 3420)
4(3419 3420 7905 7904)
4(3460 7867 7906 3421)
4(3420 3421 7906 7905)
4(3461 7868 7907 3422)
4(3421 3422 7907 7906)
4(3462 7869 7908 3423)
4(3422 3423 7908 7907)
4(3463 7870 7909 3424)
4(3423 3424 7909 7908)
4(3464 7871 7910 3425)
4(3424 3425 7910 7909)
4(3465 7872 7911 3426)
4(3425 3426 7911 7910)
4(3466 7873 7912 3427)
4(3426 3427 7912 7911)
4(3467 7874 7913 3428)
4(3427 3428 7913 7912)
4(3468 7875 7914 3429)
4(3428 3429 7914 7913)
4(3469 7876 7915 3430)
4(3429 3430 7915 7914)
4(3470 7877 7916 3431)
4(3430 3431 7916 7915)
4(3471 7878 7917 3432)
4(3431 3432 7917 7916)
4(3472 7879 7918 3433)
4(3432 3433 7918 7917)
4(3473 7880 7919 3434)
4(3433 3434 7919 7918)
4(3474 7881 7920 3435)
4(3434 3435 7920 7919)
4(3475 7882 7921 3436)
4(3435 3436 7921 7920)
4(3476 7883 7922 3437)
4(3436 3437 7922 7921)
4(3477 7884 7923 3438)
4(3437 3438 7923 7922)
4(3478 7885 7924 3439)
4(3438 3439 7924 7923)
4(3479 7886 7925 3440)
4(3439 3440 7925 7924)
4(3480 7887 7926 3441)
4(3440 3441 7926 7925)
4(3481 7888 7927 3442)
4(3441 3442 7927 7926)
4(3482 7889 7928 3443)
4(3442 3443 7928 7927)
4(3483 7890 7929 3444)
4(3443 3444 7929 7928)
4(3484 7891 7930 3445)
4(3444 3445 7930 7929)
4(3485 7892 7931 3446)
4(3445 3446 7931 7930)
4(3486 7893 7932 3447)
4(3446 3447 7932 7931)
4(3487 7894 7933 3448)
4(3447 3448 7933 7932)
4(3488 7895 7934 3449)
4(3448 3449 7934 7933)
4(3489 7896 7935 3450)
4(3449 3450 7935 7934)
4(3490 7897 7936 3451)
4(3450 3451 7936 7935)
4(3491 7898 7937 3452)
4(3451 3452 7937 7936)
4(3492 7899 7938 3453)
4(3452 3453 7938 7937)
4(3493 7900 7939 3454)
4(3453 3454 7939 7938)
4(3494 7901 7940 3455)
4(3454 3455 7940 7939)
4(3455 389 508 7940)
4(3417 7902 7941 3378)
4(70 3378 7941 189)
4(3418 7903 7942 3379)
4(3378 3379 7942 7941)
4(3419 7904 7943 3380)
4(3379 3380 7943 7942)
4(3420 7905 7944 3381)
4(3380 3381 7944 7943)
4(3421 7906 7945 3382)
4(3381 3382 7945 7944)
4(3422 7907 7946 3383)
4(3382 3383 7946 7945)
4(3423 7908 7947 3384)
4(3383 3384 7947 7946)
4(3424 7909 7948 3385)
4(3384 3385 7948 7947)
4(3425 7910 7949 3386)
4(3385 3386 7949 7948)
4(3426 7911 7950 3387)
4(3386 3387 7950 7949)
4(3427 7912 7951 3388)
4(3387 3388 7951 7950)
4(3428 7913 7952 3389)
4(3388 3389 7952 7951)
4(3429 7914 7953 3390)
4(3389 3390 7953 7952)
4(3430 7915 7954 3391)
4(3390 3391 7954 7953)
4(3431 7916 7955 3392)
4(3391 3392 7955 7954)
4(3432 7917 7956 3393)
4(3392 3393 7956 7955)
4(3433 7918 7957 3394)
4(3393 3394 7957 7956)
4(3434 7919 7958 3395)
4(3394 3395 7958 7957)
4(3435 7920 7959 3396)
4(3395 3396 7959 7958)
4(3436 7921 7960 3397)
4(3396 3397 7960 7959)
4(3437 7922 7961 3398)
4(3397 3398 7961 7960)
4(3438 7923 7962 3399)
4(3398 3399 7962 7961)
4(3439 7924 7963 3400)
4(3399 3400 7963 7962)
4(3440 7925 7964 3401)
4(3400 3401 7964 7963)
4(3441 7926 7965 3402)
4(3401 3402 7965 7964)
4(3442 7927 7966 3403)
4(3402 3403 7966 7965)
4(3443 7928 7967 3404)
4(3403 3404 7967 7966)
4(3444 7929 7968 3405)
4(3404 3405 7968 7967)
4(3445 7930 7969 3406)
4(3405 3406 7969 7968)
4(3446 7931 7970 3407)
4(3406 3407 7970 7969)
4(3447 7932 7971 3408)
4(3407 3408 7971 7970)
4(3448 7933 7972 3409)
4(3408 3409 7972 7971)
4(3449 7934 7973 3410)
4(3409 3410 7973 7972)
4(3450 7935 7974 3411)
4(3410 3411 7974 7973)
4(3451 7936 7975 3412)
4(3411 3412 7975 7974)
4(3452 7937 7976 3413)
4(3412 3413 7976 7975)
4(3453 7938 7977 3414)
4(3413 3414 7977 7976)
4(3454 7939 7978 3415)
4(3414 3415 7978 7977)
4(3455 7940 7979 3416)
4(3415 3416 7979 7978)
4(3416 388 507 7979)
4(3378 7941 7980 3339)
4(71 3339 7980 190)
4(3379 7942 7981 3340)
4(3339 3340 7981 7980)
4(3380 7943 7982 3341)
4(3340 3341 7982 7981)
4(3381 7944 7983 3342)
4(3341 3342 7983 7982)
4(3382 7945 7984 3343)
4(3342 3343 7984 7983)
4(3383 7946 7985 3344)
4(3343 3344 7985 7984)
4(3384 7947 7986 3345)
4(3344 3345 7986 7985)
4(3385 7948 7987 3346)
4(3345 3346 7987 7986)
4(3386 7949 7988 3347)
4(3346 3347 7988 7987)
4(3387 7950 7989 3348)
4(3347 3348 7989 7988)
4(3388 7951 7990 3349)
4(3348 3349 7990 7989)
4(3389 7952 7991 3350)
4(3349 3350 7991 7990)
4(3390 7953 7992 3351)
4(3350 3351 7992 7991)
4(3391 7954 7993 3352)
4(3351 3352 7993 7992)
4(3392 7955 7994 3353)
4(3352 3353 7994 7993)
4(3393 7956 7995 3354)
4(3353 3354 7995 7994)
4(3394 7957 7996 3355)
4(3354 3355 7996 7995)
4(3395 7958 7997 3356)
4(3355 3356 7997 7996)
4(3396 7959 7998 3357)
4(3356 3357 7998 7997)
4(3397 7960 7999 3358)
4(3357 3358 7999 7998)
4(3398 7961 8000 3359)
4(3358 3359 8000 7999)
4(3399 7962 8001 3360)
4(3359 3360 8001 8000)
4(3400 7963 8002 3361)
4(3360 3361 8002 8001)
4(3401 7964 8003 3362)
4(3361 3362 8003 8002)
4(3402 7965 8004 3363)
4(3362 3363 8004 8003)
4(3403 7966 8005 3364)
4(3363 3364 8005 8004)
4(3404 7967 8006 3365)
4(3364 3365 8006 8005)
4(3405 7968 8007 3366)
4(3365 3366 8007 8006)
4(3406 7969 8008 3367)
4(3366 3367 8008 8007)
4(3407 7970 8009 3368)
4(3367 3368 8009 8008)
4(3408 7971 8010 3369)
4(3368 3369 8010 8009)
4(3409 7972 8011 3370)
4(3369 3370 8011 8010)
4(3410 7973 8012 3371)
4(3370 3371 8012 8011)
4(3411 7974 8013 3372)
4(3371 3372 8013 8012)
4(3412 7975 8014 3373)
4(3372 3373 8014 8013)
4(3413 7976 8015 3374)
4(3373 3374 8015 8014)
4(3414 7977 8016 3375)
4(3374 3375 8016 8015)
4(3415 7978 8017 3376)
4(3375 3376 8017 8016)
4(3416 7979 8018 3377)
4(3376 3377 8018 8017)
4(3377 387 506 8018)
4(3339 7980 8019 3300)
4(72 3300 8019 191)
4(3340 7981 8020 3301)
4(3300 3301 8020 8019)
4(3341 7982 8021 3302)
4(3301 3302 8021 8020)
4(3342 7983 8022 3303)
4(3302 3303 8022 8021)
4(3343 7984 8023 3304)
4(3303 3304 8023 8022)
4(3344 7985 8024 3305)
4(3304 3305 8024 8023)
4(3345 7986 8025 3306)
4(3305 3306 8025 8024)
4(3346 7987 8026 3307)
4(3306 3307 8026 8025)
4(3347 7988 8027 3308)
4(3307 3308 8027 8026)
4(3348 7989 8028 3309)
4(3308 3309 8028 8027)
4(3349 7990 8029 3310)
4(3309 3310 8029 8028)
4(3350 7991 8030 3311)
4(3310 3311 8030 8029)
4(3351 7992 8031 3312)
4(3311 3312 8031 8030)
4(3352 7993 8032 3313)
4(3312 3313 8032 8031)
4(3353 7994 8033 3314)
4(3313 3314 8033 8032)
4(3354 7995 8034 3315)
4(3314 3315 8034 8033)
4(3355 7996 8035 3316)
4(3315 3316 8035 8034)
4(3356 7997 8036 3317)
4(3316 3317 8036 8035)
4(3357 7998 8037 3318)
4(3317 3318 8037 8036)
4(3358 7999 8038 3319)
4(3318 3319 8038 8037)
4(3359 8000 8039 3320)
4(3319 3320 8039 8038)
4(3360 8001 8040 3321)
4(3320 3321 8040 8039)
4(3361 8002 8041 3322)
4(3321 3322 8041 8040)
4(3362 8003 8042 3323)
4(3322 3323 8042 8041)
4(3363 8004 8043 3324)
4(3323 3324 8043 8042)
4(3364 8005 8044 3325)
4(3324 3325 8044 8043)
4(3365 8006 8045 3326)
4(3325 3326 8045 8044)
4(3366 8007 8046 3327)
4(3326 3327 8046 8045)
4(3367 8008 8047 3328)
4(3327 3328 8047 8046)
4(3368 8009 8048 3329)
4(3328 3329 8048 8047)
4(3369 8010 8049 3330)
4(3329 3330 8049 8048)
4(3370 8011 8050 3331)
4(3330 3331 8050 8049)
4(3371 8012 8051 3332)
4(3331 3332 8051 8050)
4(3372 8013 8052 3333)
4(3332 3333 8052 8051)
4(3373 8014 8053 3334)
4(3333 3334 8053 8052)
4(3374 8015 8054 3335)
4(3334 3335 8054 8053)
4(3375 8016 8055 3336)
4(3335 3336 8055 8054)
4(3376 8017 8056 3337)
4(3336 3337 8056 8055)
4(3377 8018 8057 3338)
4(3337 3338 8057 8056)
4(3338 386 505 8057)
4(3300 8019 8058 3261)
4(73 3261 8058 192)
4(3301 8020 8059 3262)
4(3261 3262 8059 8058)
4(3302 8021 8060 3263)
4(3262 3263 8060 8059)
4(3303 8022 8061 3264)
4(3263 3264 8061 8060)
4(3304 8023 8062 3265)
4(3264 3265 8062 8061)
4(3305 8024 8063 3266)
4(3265 3266 8063 8062)
4(3306 8025 8064 3267)
4(3266 3267 8064 8063)
4(3307 8026 8065 3268)
4(3267 3268 8065 8064)
4(3308 8027 8066 3269)
4(3268 3269 8066 8065)
4(3309 8028 8067 3270)
4(3269 3270 8067 8066)
4(3310 8029 8068 3271)
4(3270 3271 8068 8067)
4(3311 8030 8069 3272)
4(3271 3272 8069 8068)
4(3312 8031 8070 3273)
4(3272 3273 8070 8069)
4(3313 8032 8071 3274)
4(3273 3274 8071 8070)
4(3314 8033 8072 3275)
4(3274 3275 8072 8071)
4(3315 8034 8073 3276)
4(3275 3276 8073 8072)
4(3316 8035 8074 3277)
4(3276 3277 8074 8073)
4(3317 8036 8075 3278)
4(3277 3278 8075 8074)
4(3318 8037 8076 3279)
4(3278 3279 8076 8075)
4(3319 8038 8077 3280)
4(3279 3280 8077 8076)
4(3320 8039 8078 3281)
4(3280 3281 8078 8077)
4(3321 8040 8079 3282)
4(3281 3282 8079 8078)
4(3322 8041 8080 3283)
4(3282 3283 8080 8079)
4(3323 8042 8081 3284)
4(3283 3284 8081 8080)
4(3324 8043 8082 3285)
4(3284 3285 8082 8081)
4(3325 8044 8083 3286)
4(3285 3286 8083 8082)
4(3326 8045 8084 3287)
4(3286 3287 8084 8083)
4(3327 8046 8085 3288)
4(3287 3288 8085 8084)
4(3328 8047 8086 3289)
4(3288 3289 8086 8085)
4(3329 8048 8087 3290)
4(3289 3290 8087 8086)
4(3330 8049 8088 3291)
4(3290 3291 8088 8087)
4(3331 8050 8089 3292)
4(3291 3292 8089 8088)
4(3332 8051 8090 3293)
4(3292 3293 8090 8089)
4(3333 8052 8091 3294)
4(3293 3294 8091 8090)
4(3334 8053 8092 3295)
4(3294 3295 8092 8091)
4(3335 8054 8093 3296)
4(3295 3296 8093 8092)
4(3336 8055 8094 3297)
4(3296 3297 8094 8093)
4(3337 8056 8095 3298)
4(3297 3298 8095 8094)
4(3338 8057 8096 3299)
4(3298 3299 8096 8095)
4(3299 385 504 8096)
4(3261 8058 8097 3222)
4(74 3222 8097 193)
4(3262 8059 8098 3223)
4(3222 3223 8098 8097)
4(3263 8060 8099 3224)
4(3223 3224 8099 8098)
4(3264 8061 8100 3225)
4(3224 3225 8100 8099)
4(3265 8062 8101 3226)
4(3225 3226 8101 8100)
4(3266 8063 8102 3227)
4(3226 3227 8102 8101)
4(3267 8064 8103 3228)
4(3227 3228 8103 8102)
4(3268 8065 8104 3229)
4(3228 3229 8104 8103)
4(3269 8066 8105 3230)
4(3229 3230 8105 8104)
4(3270 8067 8106 3231)
4(3230 3231 8106 8105)
4(3271 8068 8107 3232)
4(3231 3232 8107 8106)
4(3272 8069 8108 3233)
4(3232 3233 8108 8107)
4(3273 8070 8109 3234)
4(3233 3234 8109 8108)
4(3274 8071 8110 3235)
4(3234 3235 8110 8109)
4(3275 8072 8111 3236)
4(3235 3236 8111 8110)
4(3276 8073 8112 3237)
4(3236 3237 8112 8111)
4(3277 8074 8113 3238)
4(3237 3238 8113 8112)
4(3278 8075 8114 3239)
4(3238 3239 8114 8113)
4(3279 8076 8115 3240)
4(3239 3240 8115 8114)
4(3280 8077 8116 3241)
4(3240 3241 8116 8115)
4(3281 8078 8117 3242)
4(3241 3242 8117 8116)
4(3282 8079 8118 3243)
4(3242 3243 8118 8117)
4(3283 8080 8119 3244)
4(3243 3244 8119 8118)
4(3284 8081 8120 3245)
4(3244 3245 8120 8119)
4(3285 8082 8121 3246)
4(3245 3246 8121 8120)
4(3286 8083 8122 3247)
4(3246 3247 8122 8121)
4(3287 8084 8123 3248)
4(3247 3248 8123 8122)
4(3288 8085 8124 3249)
4(3248 3249 8124 8123)
4(3289 8086 8125 3250)
4(3249 3250 8125 8124)
4(3290 8087 8126 3251)
4(3250 3251 8126 8125)
4(3291 8088 8127 3252)
4(3251 3252 8127 8126)
4(3292 8089 8128 3253)
4(3252 3253 8128 8127)
4(3293 8090 8129 3254)
4(3253 3254 8129 8128)
4(3294 8091 8130 3255)
4(3254 3255 8130 8129)
4(3295 8092 8131 3256)
4(3255 3256 8131 8130)
4(3296 8093 8132 3257)
4(3256 3257 8132 8131)
4(3297 8094 8133 3258)
4(3257 3258 8133 8132)
4(3298 8095 8134 3259)
4(3258 3259 8134 8133)
4(3299 8096 8135 3260)
4(3259 3260 8135 8134)
4(3260 384 503 8135)
4(3222 8097 8136 3183)
4(75 3183 8136 194)
4(3223 8098 8137 3184)
4(3183 3184 8137 8136)
4(3224 8099 8138 3185)
4(3184 3185 8138 8137)
4(3225 8100 8139 3186)
4(3185 3186 8139 8138)
4(3226 8101 8140 3187)
4(3186 3187 8140 8139)
4(3227 8102 8141 3188)
4(3187 3188 8141 8140)
4(3228 8103 8142 3189)
4(3188 3189 8142 8141)
4(3229 8104 8143 3190)
4(3189 3190 8143 8142)
4(3230 8105 8144 3191)
4(3190 3191 8144 8143)
4(3231 8106 8145 3192)
4(3191 3192 8145 8144)
4(3232 8107 8146 3193)
4(3192 3193 8146 8145)
4(3233 8108 8147 3194)
4(3193 3194 8147 8146)
4(3234 8109 8148 3195)
4(3194 3195 8148 8147)
4(3235 8110 8149 3196)
4(3195 3196 8149 8148)
4(3236 8111 8150 3197)
4(3196 3197 8150 8149)
4(3237 8112 8151 3198)
4(3197 3198 8151 8150)
4(3238 8113 8152 3199)
4(3198 3199 8152 8151)
4(3239 8114 8153 3200)
4(3199 3200 8153 8152)
4(3240 8115 8154 3201)
4(3200 3201 8154 8153)
4(3241 8116 8155 3202)
4(3201 3202 8155 8154)
4(3242 8117 8156 3203)
4(3202 3203 8156 8155)
4(3243 8118 8157 3204)
4(3203 3204 8157 8156)
4(3244 8119 8158 3205)
4(3204 3205 8158 8157)
4(3245 8120 8159 3206)
4(3205 3206 8159 8158)
4(3246 8121 8160 3207)
4(3206 3207 8160 8159)
4(3247 8122 8161 3208)
4(3207 3208 8161 8160)
4(3248 8123 8162 3209)
4(3208 3209 8162 8161)
4(3249 8124 8163 3210)
4(3209 3210 8163 8162)
4(3250 8125 8164 3211)
4(3210 3211 8164 8163)
4(3251 8126 8165 3212)
4(3211 3212 8165 8164)
4(3252 8127 8166 3213)
4(3212 3213 8166 8165)
4(3253 8128 8167 3214)
4(3213 3214 8167 8166)
4(3254 8129 8168 3215)
4(3214 3215 8168 8167)
4(3255 8130 8169 3216)
4(3215 3216 8169 8168)
4(3256 8131 8170 3217)
4(3216 3217 8170 8169)
4(3257 8132 8171 3218)
4(3217 3218 8171 8170)
4(3258 8133 8172 3219)
4(3218 3219 8172 8171)
4(3259 8134 8173 3220)
4(3219 3220 8173 8172)
4(3260 8135 8174 3221)
4(3220 3221 8174 8173)
4(3221 383 502 8174)
4(3183 8136 8175 3144)
4(76 3144 8175 195)
4(3184 8137 8176 3145)
4(3144 3145 8176 8175)
4(3185 8138 8177 3146)
4(3145 3146 8177 8176)
4(3186 8139 8178 3147)
4(3146 3147 8178 8177)
4(3187 8140 8179 3148)
4(3147 3148 8179 8178)
4(3188 8141 8180 3149)
4(3148 3149 8180 8179)
4(3189 8142 8181 3150)
4(3149 3150 8181 8180)
4(3190 8143 8182 3151)
4(3150 3151 8182 8181)
4(3191 8144 8183 3152)
4(3151 3152 8183 8182)
4(3192 8145 8184 3153)
4(3152 3153 8184 8183)
4(3193 8146 8185 3154)
4(3153 3154 8185 8184)
4(3194 8147 8186 3155)
4(3154 3155 8186 8185)
4(3195 8148 8187 3156)
4(3155 3156 8187 8186)
4(3196 8149 8188 3157)
4(3156 3157 8188 8187)
4(3197 8150 8189 3158)
4(3157 3158 8189 8188)
4(3198 8151 8190 3159)
4(3158 3159 8190 8189)
4(3199 8152 8191 3160)
4(3159 3160 8191 8190)
4(3200 8153 8192 3161)
4(3160 3161 8192 8191)
4(3201 8154 8193 3162)
4(3161 3162 8193 8192)
4(3202 8155 8194 3163)
4(3162 3163 8194 8193)
4(3203 8156 8195 3164)
4(3163 3164 8195 8194)
4(3204 8157 8196 3165)
4(3164 3165 8196 8195)
4(3205 8158 8197 3166)
4(3165 3166 8197 8196)
4(3206 8159 8198 3167)
4(3166 3167 8198 8197)
4(3207 8160 8199 3168)
4(3167 3168 8199 8198)
4(3208 8161 8200 3169)
4(3168 3169 8200 8199)
4(3209 8162 8201 3170)
4(3169 3170 8201 8200)
4(3210 8163 8202 3171)
4(3170 3171 8202 8201)
4(3211 8164 8203 3172)
4(3171 3172 8203 8202)
4(3212 8165 8204 3173)
4(3172 3173 8204 8203)
4(3213 8166 8205 3174)
4(3173 3174 8205 8204)
4(3214 8167 8206 3175)
4(3174 3175 8206 8205)
4(3215 8168 8207 3176)
4(3175 3176 8207 8206)
4(3216 8169 8208 3177)
4(3176 3177 8208 8207)
4(3217 8170 8209 3178)
4(3177 3178 8209 8208)
4(3218 8171 8210 3179)
4(3178 3179 8210 8209)
4(3219 8172 8211 3180)
4(3179 3180 8211 8210)
4(3220 8173 8212 3181)
4(3180 3181 8212 8211)
4(3221 8174 8213 3182)
4(3181 3182 8213 8212)
4(3182 382 501 8213)
4(3144 8175 8214 3105)
4(77 3105 8214 196)
4(3145 8176 8215 3106)
4(3105 3106 8215 8214)
4(3146 8177 8216 3107)
4(3106 3107 8216 8215)
4(3147 8178 8217 3108)
4(3107 3108 8217 8216)
4(3148 8179 8218 3109)
4(3108 3109 8218 8217)
4(3149 8180 8219 3110)
4(3109 3110 8219 8218)
4(3150 8181 8220 3111)
4(3110 3111 8220 8219)
4(3151 8182 8221 3112)
4(3111 3112 8221 8220)
4(3152 8183 8222 3113)
4(3112 3113 8222 8221)
4(3153 8184 8223 3114)
4(3113 3114 8223 8222)
4(3154 8185 8224 3115)
4(3114 3115 8224 8223)
4(3155 8186 8225 3116)
4(3115 3116 8225 8224)
4(3156 8187 8226 3117)
4(3116 3117 8226 8225)
4(3157 8188 8227 3118)
4(3117 3118 8227 8226)
4(3158 8189 8228 3119)
4(3118 3119 8228 8227)
4(3159 8190 8229 3120)
4(3119 3120 8229 8228)
4(3160 8191 8230 3121)
4(3120 3121 8230 8229)
4(3161 8192 8231 3122)
4(3121 3122 8231 8230)
4(3162 8193 8232 3123)
4(3122 3123 8232 8231)
4(3163 8194 8233 3124)
4(3123 3124 8233 8232)
4(3164 8195 8234 3125)
4(3124 3125 8234 8233)
4(3165 8196 8235 3126)
4(3125 3126 8235 8234)
4(3166 8197 8236 3127)
4(3126 3127 8236 8235)
4(3167 8198 8237 3128)
4(3127 3128 8237 8236)
4(3168 8199 8238 3129)
4(3128 3129 8238 8237)
4(3169 8200 8239 3130)
4(3129 3130 8239 8238)
4(3170 8201 8240 3131)
4(3130 3131 8240 8239)
4(3171 8202 8241 3132)
4(3131 3132 8241 8240)
4(3172 8203 8242 3133)
4(3132 3133 8242 8241)
4(3173 8204 8243 3134)
4(3133 3134 8243 8242)
4(3174 8205 8244 3135)
4(3134 3135 8244 8243)
4(3175 8206 8245 3136)
4(3135 3136 8245 8244)
4(3176 8207 8246 3137)
4(3136 3137 8246 8245)
4(3177 8208 8247 3138)
4(3137 3138 8247 8246)
4(3178 8209 8248 3139)
4(3138 3139 8248 8247)
4(3179 8210 8249 3140)
4(3139 3140 8249 8248)
4(3180 8211 8250 3141)
4(3140 3141 8250 8249)
4(3181 8212 8251 3142)
4(3141 3142 8251 8250)
4(3182 8213 8252 3143)
4(3142 3143 8252 8251)
4(3143 381 500 8252)
4(3105 8214 8253 3066)
4(78 3066 8253 197)
4(3106 8215 8254 3067)
4(3066 3067 8254 8253)
4(3107 8216 8255 3068)
4(3067 3068 8255 8254)
4(3108 8217 8256 3069)
4(3068 3069 8256 8255)
4(3109 8218 8257 3070)
4(3069 3070 8257 8256)
4(3110 8219 8258 3071)
4(3070 3071 8258 8257)
4(3111 8220 8259 3072)
4(3071 3072 8259 8258)
4(3112 8221 8260 3073)
4(3072 3073 8260 8259)
4(3113 8222 8261 3074)
4(3073 3074 8261 8260)
4(3114 8223 8262 3075)
4(3074 3075 8262 8261)
4(3115 8224 8263 3076)
4(3075 3076 8263 8262)
4(3116 8225 8264 3077)
4(3076 3077 8264 8263)
4(3117 8226 8265 3078)
4(3077 3078 8265 8264)
4(3118 8227 8266 3079)
4(3078 3079 8266 8265)
4(3119 8228 8267 3080)
4(3079 3080 8267 8266)
4(3120 8229 8268 3081)
4(3080 3081 8268 8267)
4(3121 8230 8269 3082)
4(3081 3082 8269 8268)
4(3122 8231 8270 3083)
4(3082 3083 8270 8269)
4(3123 8232 8271 3084)
4(3083 3084 8271 8270)
4(3124 8233 8272 3085)
4(3084 3085 8272 8271)
4(3125 8234 8273 3086)
4(3085 3086 8273 8272)
4(3126 8235 8274 3087)
4(3086 3087 8274 8273)
4(3127 8236 8275 3088)
4(3087 3088 8275 8274)
4(3128 8237 8276 3089)
4(3088 3089 8276 8275)
4(3129 8238 8277 3090)
4(3089 3090 8277 8276)
4(3130 8239 8278 3091)
4(3090 3091 8278 8277)
4(3131 8240 8279 3092)
4(3091 3092 8279 8278)
4(3132 8241 8280 3093)
4(3092 3093 8280 8279)
4(3133 8242 8281 3094)
4(3093 3094 8281 8280)
4(3134 8243 8282 3095)
4(3094 3095 8282 8281)
4(3135 8244 8283 3096)
4(3095 3096 8283 8282)
4(3136 8245 8284 3097)
4(3096 3097 8284 8283)
4(3137 8246 8285 3098)
4(3097 3098 8285 8284)
4(3138 8247 8286 3099)
4(3098 3099 8286 8285)
4(3139 8248 8287 3100)
4(3099 3100 8287 8286)
4(3140 8249 8288 3101)
4(3100 3101 8288 8287)
4(3141 8250 8289 3102)
4(3101 3102 8289 8288)
4(3142 8251 8290 3103)
4(3102 3103 8290 8289)
4(3143 8252 8291 3104)
4(3103 3104 8291 8290)
4(3104 380 499 8291)
4(3066 8253 8292 3027)
4(79 3027 8292 198)
4(3067 8254 8293 3028)
4(3027 3028 8293 8292)
4(3068 8255 8294 3029)
4(3028 3029 8294 8293)
4(3069 8256 8295 3030)
4(3029 3030 8295 8294)
4(3070 8257 8296 3031)
4(3030 3031 8296 8295)
4(3071 8258 8297 3032)
4(3031 3032 8297 8296)
4(3072 8259 8298 3033)
4(3032 3033 8298 8297)
4(3073 8260 8299 3034)
4(3033 3034 8299 8298)
4(3074 8261 8300 3035)
4(3034 3035 8300 8299)
4(3075 8262 8301 3036)
4(3035 3036 8301 8300)
4(3076 8263 8302 3037)
4(3036 3037 8302 8301)
4(3077 8264 8303 3038)
4(3037 3038 8303 8302)
4(3078 8265 8304 3039)
4(3038 3039 8304 8303)
4(3079 8266 8305 3040)
4(3039 3040 8305 8304)
4(3080 8267 8306 3041)
4(3040 3041 8306 8305)
4(3081 8268 8307 3042)
4(3041 3042 8307 8306)
4(3082 8269 8308 3043)
4(3042 3043 8308 8307)
4(3083 8270 8309 3044)
4(3043 3044 8309 8308)
4(3084 8271 8310 3045)
4(3044 3045 8310 8309)
4(3085 8272 8311 3046)
4(3045 3046 8311 8310)
4(3086 8273 8312 3047)
4(3046 3047 8312 8311)
4(3087 8274 8313 3048)
4(3047 3048 8313 8312)
4(3088 8275 8314 3049)
4(3048 3049 8314 8313)
4(3089 8276 8315 3050)
4(3049 3050 8315 8314)
4(3090 8277 8316 3051)
4(3050 3051 8316 8315)
4(3091 8278 8317 3052)
4(3051 3052 8317 8316)
4(3092 8279 8318 3053)
4(3052 3053 8318 8317)
4(3093 8280 8319 3054)
4(3053 3054 8319 8318)
4(3094 8281 8320 3055)
4(3054 3055 8320 8319)
4(3095 8282 8321 3056)
4(3055 3056 8321 8320)
4(3096 8283 8322 3057)
4(3056 3057 8322 8321)
4(3097 8284 8323 3058)
4(3057 3058 8323 8322)
4(3098 8285 8324 3059)
4(3058 3059 8324 8323)
4(3099 8286 8325 3060)
4(3059 3060 8325 8324)
4(3100 8287 8326 3061)
4(3060 3061 8326 8325)
4(3101 8288 8327 3062)
4(3061 3062 8327 8326)
4(3102 8289 8328 3063)
4(3062 3063 8328 8327)
4(3103 8290 8329 3064)
4(3063 3064 8329 8328)
4(3104 8291 8330 3065)
4(3064 3065 8330 8329)
4(3065 379 498 8330)
4(3027 8292 8331 2988)
4(80 2988 8331 199)
4(3028 8293 8332 2989)
4(2988 2989 8332 8331)
4(3029 8294 8333 2990)
4(2989 2990 8333 8332)
4(3030 8295 8334 2991)
4(2990 2991 8334 8333)
4(3031 8296 8335 2992)
4(2991 2992 8335 8334)
4(3032 8297 8336 2993)
4(2992 2993 8336 8335)
4(3033 8298 8337 2994)
4(2993 2994 8337 8336)
4(3034 8299 8338 2995)
4(2994 2995 8338 8337)
4(3035 8300 8339 2996)
4(2995 2996 8339 8338)
4(3036 8301 8340 2997)
4(2996 2997 8340 8339)
4(3037 8302 8341 2998)
4(2997 2998 8341 8340)
4(3038 8303 8342 2999)
4(2998 2999 8342 8341)
4(3039 8304 8343 3000)
4(2999 3000 8343 8342)
4(3040 8305 8344 3001)
4(3000 3001 8344 8343)
4(3041 8306 8345 3002)
4(3001 3002 8345 8344)
4(3042 8307 8346 3003)
4(3002 3003 8346 8345)
4(3043 8308 8347 3004)
4(3003 3004 8347 8346)
4(3044 8309 8348 3005)
4(3004 3005 8348 8347)
4(3045 8310 8349 3006)
4(3005 3006 8349 8348)
4(3046 8311 8350 3007)
4(3006 3007 8350 8349)
4(3047 8312 8351 3008)
4(3007 3008 8351 8350)
4(3048 8313 8352 3009)
4(3008 3009 8352 8351)
4(3049 8314 8353 3010)
4(3009 3010 8353 8352)
4(3050 8315 8354 3011)
4(3010 3011 8354 8353)
4(3051 8316 8355 3012)
4(3011 3012 8355 8354)
4(3052 8317 8356 3013)
4(3012 3013 8356 8355)
4(3053 8318 8357 3014)
4(3013 3014 8357 8356)
4(3054 8319 8358 3015)
4(3014 3015 8358 8357)
4(3055 8320 8359 3016)
4(3015 3016 8359 8358)
4(3056 8321 8360 3017)
4(3016 3017 8360 8359)
4(3057 8322 8361 3018)
4(3017 3018 8361 8360)
4(3058 8323 8362 3019)
4(3018 3019 8362 8361)
4(3059 8324 8363 3020)
4(3019 3020 8363 8362)
4(3060 8325 8364 3021)
4(3020 3021 8364 8363)
4(3061 8326 8365 3022)
4(3021 3022 8365 8364)
4(3062 8327 8366 3023)
4(3022 3023 8366 8365)
4(3063 8328 8367 3024)
4(3023 3024 8367 8366)
4(3064 8329 8368 3025)
4(3024 3025 8368 8367)
4(3065 8330 8369 3026)
4(3025 3026 8369 8368)
4(3026 378 497 8369)
4(2988 8331 8370 2949)
4(81 2949 8370 200)
4(2989 8332 8371 2950)
4(2949 2950 8371 8370)
4(2990 8333 8372 2951)
4(2950 2951 8372 8371)
4(2991 8334 8373 2952)
4(2951 2952 8373 8372)
4(2992 8335 8374 2953)
4(2952 2953 8374 8373)
4(2993 8336 8375 2954)
4(2953 2954 8375 8374)
4(2994 8337 8376 2955)
4(2954 2955 8376 8375)
4(2995 8338 8377 2956)
4(2955 2956 8377 8376)
4(2996 8339 8378 2957)
4(2956 2957 8378 8377)
4(2997 8340 8379 2958)
4(2957 2958 8379 8378)
4(2998 8341 8380 2959)
4(2958 2959 8380 8379)
4(2999 8342 8381 2960)
4(2959 2960 8381 8380)
4(3000 8343 8382 2961)
4(2960 2961 8382 8381)
4(3001 8344 8383 2962)
4(2961 2962 8383 8382)
4(3002 8345 8384 2963)
4(2962 2963 8384 8383)
4(3003 8346 8385 2964)
4(2963 2964 8385 8384)
4(3004 8347 8386 2965)
4(2964 2965 8386 8385)
4(3005 8348 8387 2966)
4(2965 2966 8387 8386)
4(3006 8349 8388 2967)
4(2966 2967 8388 8387)
4(3007 8350 8389 2968)
4(2967 2968 8389 8388)
4(3008 8351 8390 2969)
4(2968 2969 8390 8389)
4(3009 8352 8391 2970)
4(2969 2970 8391 8390)
4(3010 8353 8392 2971)
4(2970 2971 8392 8391)
4(3011 8354 8393 2972)
4(2971 2972 8393 8392)
4(3012 8355 8394 2973)
4(2972 2973 8394 8393)
4(3013 8356 8395 2974)
4(2973 2974 8395 8394)
4(3014 8357 8396 2975)
4(2974 2975 8396 8395)
4(3015 8358 8397 2976)
4(2975 2976 8397 8396)
4(3016 8359 8398 2977)
4(2976 2977 8398 8397)
4(3017 8360 8399 2978)
4(2977 2978 8399 8398)
4(3018 8361 8400 2979)
4(2978 2979 8400 8399)
4(3019 8362 8401 2980)
4(2979 2980 8401 8400)
4(3020 8363 8402 2981)
4(2980 2981 8402 8401)
4(3021 8364 8403 2982)
4(2981 2982 8403 8402)
4(3022 8365 8404 2983)
4(2982 2983 8404 8403)
4(3023 8366 8405 2984)
4(2983 2984 8405 8404)
4(3024 8367 8406 2985)
4(2984 2985 8406 8405)
4(3025 8368 8407 2986)
4(2985 2986 8407 8406)
4(3026 8369 8408 2987)
4(2986 2987 8408 8407)
4(2987 377 496 8408)
4(2949 8370 8409 2910)
4(82 2910 8409 201)
4(2950 8371 8410 2911)
4(2910 2911 8410 8409)
4(2951 8372 8411 2912)
4(2911 2912 8411 8410)
4(2952 8373 8412 2913)
4(2912 2913 8412 8411)
4(2953 8374 8413 2914)
4(2913 2914 8413 8412)
4(2954 8375 8414 2915)
4(2914 2915 8414 8413)
4(2955 8376 8415 2916)
4(2915 2916 8415 8414)
4(2956 8377 8416 2917)
4(2916 2917 8416 8415)
4(2957 8378 8417 2918)
4(2917 2918 8417 8416)
4(2958 8379 8418 2919)
4(2918 2919 8418 8417)
4(2959 8380 8419 2920)
4(2919 2920 8419 8418)
4(2960 8381 8420 2921)
4(2920 2921 8420 8419)
4(2961 8382 8421 2922)
4(2921 2922 8421 8420)
4(2962 8383 8422 2923)
4(2922 2923 8422 8421)
4(2963 8384 8423 2924)
4(2923 2924 8423 8422)
4(2964 8385 8424 2925)
4(2924 2925 8424 8423)
4(2965 8386 8425 2926)
4(2925 2926 8425 8424)
4(2966 8387 8426 2927)
4(2926 2927 8426 8425)
4(2967 8388 8427 2928)
4(2927 2928 8427 8426)
4(2968 8389 8428 2929)
4(2928 2929 8428 8427)
4(2969 8390 8429 2930)
4(2929 2930 8429 8428)
4(2970 8391 8430 2931)
4(2930 2931 8430 8429)
4(2971 8392 8431 2932)
4(2931 2932 8431 8430)
4(2972 8393 8432 2933)
4(2932 2933 8432 8431)
4(2973 8394 8433 2934)
4(2933 2934 8433 8432)
4(2974 8395 8434 2935)
4(2934 2935 8434 8433)
4(2975 8396 8435 2936)
4(2935 2936 8435 8434)
4(2976 8397 8436 2937)
4(2936 2937 8436 8435)
4(2977 8398 8437 2938)
4(2937 2938 8437 8436)
4(2978 8399 8438 2939)
4(2938 2939 8438 8437)
4(2979 8400 8439 2940)
4(2939 2940 8439 8438)
4(2980 8401 8440 2941)
4(2940 2941 8440 8439)
4(2981 8402 8441 2942)
4(2941 2942 8441 8440)
4(2982 8403 8442 2943)
4(2942 2943 8442 8441)
4(2983 8404 8443 2944)
4(2943 2944 8443 8442)
4(2984 8405 8444 2945)
4(2944 2945 8444 8443)
4(2985 8406 8445 2946)
4(2945 2946 8445 8444)
4(2986 8407 8446 2947)
4(2946 2947 8446 8445)
4(2987 8408 8447 2948)
4(2947 2948 8447 8446)
4(2948 376 495 8447)
4(2910 8409 8448 2871)
4(83 2871 8448 202)
4(2911 8410 8449 2872)
4(2871 2872 8449 8448)
4(2912 8411 8450 2873)
4(2872 2873 8450 8449)
4(2913 8412 8451 2874)
4(2873 2874 8451 8450)
4(2914 8413 8452 2875)
4(2874 2875 8452 8451)
4(2915 8414 8453 2876)
4(2875 2876 8453 8452)
4(2916 8415 8454 2877)
4(2876 2877 8454 8453)
4(2917 8416 8455 2878)
4(2877 2878 8455 8454)
4(2918 8417 8456 2879)
4(2878 2879 8456 8455)
4(2919 8418 8457 2880)
4(2879 2880 8457 8456)
4(2920 8419 8458 2881)
4(2880 2881 8458 8457)
4(2921 8420 8459 2882)
4(2881 2882 8459 8458)
4(2922 8421 8460 2883)
4(2882 2883 8460 8459)
4(2923 8422 8461 2884)
4(2883 2884 8461 8460)
4(2924 8423 8462 2885)
4(2884 2885 8462 8461)
4(2925 8424 8463 2886)
4(2885 2886 8463 8462)
4(2926 8425 8464 2887)
4(2886 2887 8464 8463)
4(2927 8426 8465 2888)
4(2887 2888 8465 8464)
4(2928 8427 8466 2889)
4(2888 2889 8466 8465)
4(2929 8428 8467 2890)
4(2889 2890 8467 8466)
4(2930 8429 8468 2891)
4(2890 2891 8468 8467)
4(2931 8430 8469 2892)
4(2891 2892 8469 8468)
4(2932 8431 8470 2893)
4(2892 2893 8470 8469)
4(2933 8432 8471 2894)
4(2893 2894 8471 8470)
4(2934 8433 8472 2895)
4(2894 2895 8472 8471)
4(2935 8434 8473 2896)
4(2895 2896 8473 8472)
4(2936 8435 8474 2897)
4(2896 2897 8474 8473)
4(2937 8436 8475 2898)
4(2897 2898 8475 8474)
4(2938 8437 8476 2899)
4(2898 2899 8476 8475)
4(2939 8438 8477 2900)
4(2899 2900 8477 8476)
4(2940 8439 8478 2901)
4(2900 2901 8478 8477)
4(2941 8440 8479 2902)
4(2901 2902 8479 8478)
4(2942 8441 8480 2903)
4(2902 2903 8480 8479)
4(2943 8442 8481 2904)
4(2903 2904 8481 8480)
4(2944 8443 8482 2905)
4(2904 2905 8482 8481)
4(2945 8444 8483 2906)
4(2905 2906 8483 8482)
4(2946 8445 8484 2907)
4(2906 2907 8484 8483)
4(2947 8446 8485 2908)
4(2907 2908 8485 8484)
4(2948 8447 8486 2909)
4(2908 2909 8486 8485)
4(2909 375 494 8486)
4(2871 8448 8487 2832)
4(84 2832 8487 203)
4(2872 8449 8488 2833)
4(2832 2833 8488 8487)
4(2873 8450 8489 2834)
4(2833 2834 8489 8488)
4(2874 8451 8490 2835)
4(2834 2835 8490 8489)
4(2875 8452 8491 2836)
4(2835 2836 8491 8490)
4(2876 8453 8492 2837)
4(2836 2837 8492 8491)
4(2877 8454 8493 2838)
4(2837 2838 8493 8492)
4(2878 8455 8494 2839)
4(2838 2839 8494 8493)
4(2879 8456 8495 2840)
4(2839 2840 8495 8494)
4(2880 8457 8496 2841)
4(2840 2841 8496 8495)
4(2881 8458 8497 2842)
4(2841 2842 8497 8496)
4(2882 8459 8498 2843)
4(2842 2843 8498 8497)
4(2883 8460 8499 2844)
4(2843 2844 8499 8498)
4(2884 8461 8500 2845)
4(2844 2845 8500 8499)
4(2885 8462 8501 2846)
4(2845 2846 8501 8500)
4(2886 8463 8502 2847)
4(2846 2847 8502 8501)
4(2887 8464 8503 2848)
4(2847 2848 8503 8502)
4(2888 8465 8504 2849)
4(2848 2849 8504 8503)
4(2889 8466 8505 2850)
4(2849 2850 8505 8504)
4(2890 8467 8506 2851)
4(2850 2851 8506 8505)
4(2891 8468 8507 2852)
4(2851 2852 8507 8506)
4(2892 8469 8508 2853)
4(2852 2853 8508 8507)
4(2893 8470 8509 2854)
4(2853 2854 8509 8508)
4(2894 8471 8510 2855)
4(2854 2855 8510 8509)
4(2895 8472 8511 2856)
4(2855 2856 8511 8510)
4(2896 8473 8512 2857)
4(2856 2857 8512 8511)
4(2897 8474 8513 2858)
4(2857 2858 8513 8512)
4(2898 8475 8514 2859)
4(2858 2859 8514 8513)
4(2899 8476 8515 2860)
4(2859 2860 8515 8514)
4(2900 8477 8516 2861)
4(2860 2861 8516 8515)
4(2901 8478 8517 2862)
4(2861 2862 8517 8516)
4(2902 8479 8518 2863)
4(2862 2863 8518 8517)
4(2903 8480 8519 2864)
4(2863 2864 8519 8518)
4(2904 8481 8520 2865)
4(2864 2865 8520 8519)
4(2905 8482 8521 2866)
4(2865 2866 8521 8520)
4(2906 8483 8522 2867)
4(2866 2867 8522 8521)
4(2907 8484 8523 2868)
4(2867 2868 8523 8522)
4(2908 8485 8524 2869)
4(2868 2869 8524 8523)
4(2909 8486 8525 2870)
4(2869 2870 8525 8524)
4(2870 374 493 8525)
4(2832 8487 8526 2793)
4(85 2793 8526 204)
4(2833 8488 8527 2794)
4(2793 2794 8527 8526)
4(2834 8489 8528 2795)
4(2794 2795 8528 8527)
4(2835 8490 8529 2796)
4(2795 2796 8529 8528)
4(2836 8491 8530 2797)
4(2796 2797 8530 8529)
4(2837 8492 8531 2798)
4(2797 2798 8531 8530)
4(2838 8493 8532 2799)
4(2798 2799 8532 8531)
4(2839 8494 8533 2800)
4(2799 2800 8533 8532)
4(2840 8495 8534 2801)
4(2800 2801 8534 8533)
4(2841 8496 8535 2802)
4(2801 2802 8535 8534)
4(2842 8497 8536 2803)
4(2802 2803 8536 8535)
4(2843 8498 8537 2804)
4(2803 2804 8537 8536)
4(2844 8499 8538 2805)
4(2804 2805 8538 8537)
4(2845 8500 8539 2806)
4(2805 2806 8539 8538)
4(2846 8501 8540 2807)
4(2806 2807 8540 8539)
4(2847 8502 8541 2808)
4(2807 2808 8541 8540)
4(2848 8503 8542 2809)
4(2808 2809 8542 8541)
4(2849 8504 8543 2810)
4(2809 2810 8543 8542)
4(2850 8505 8544 2811)
4(2810 2811 8544 8543)
4(2851 8506 8545 2812)
4(2811 2812 8545 8544)
4(2852 8507 8546 2813)
4(2812 2813 8546 8545)
4(2853 8508 8547 2814)
4(2813 2814 8547 8546)
4(2854 8509 8548 2815)
4(2814 2815 8548 8547)
4(2855 8510 8549 2816)
4(2815 2816 8549 8548)
4(2856 8511 8550 2817)
4(2816 2817 8550 8549)
4(2857 8512 8551 2818)
4(2817 2818 8551 8550)
4(2858 8513 8552 2819)
4(2818 2819 8552 8551)
4(2859 8514 8553 2820)
4(2819 2820 8553 8552)
4(2860 8515 8554 2821)
4(2820 2821 8554 8553)
4(2861 8516 8555 2822)
4(2821 2822 8555 8554)
4(2862 8517 8556 2823)
4(2822 2823 8556 8555)
4(2863 8518 8557 2824)
4(2823 2824 8557 8556)
4(2864 8519 8558 2825)
4(2824 2825 8558 8557)
4(2865 8520 8559 2826)
4(2825 2826 8559 8558)
4(2866 8521 8560 2827)
4(2826 2827 8560 8559)
4(2867 8522 8561 2828)
4(2827 2828 8561 8560)
4(2868 8523 8562 2829)
4(2828 2829 8562 8561)
4(2869 8524 8563 2830)
4(2829 2830 8563 8562)
4(2870 8525 8564 2831)
4(2830 2831 8564 8563)
4(2831 373 492 8564)
4(2793 8526 8565 2754)
4(86 2754 8565 205)
4(2794 8527 8566 2755)
4(2754 2755 8566 8565)
4(2795 8528 8567 2756)
4(2755 2756 8567 8566)
4(2796 8529 8568 2757)
4(2756 2757 8568 8567)
4(2797 8530 8569 2758)
4(2757 2758 8569 8568)
4(2798 8531 8570 2759)
4(2758 2759 8570 8569)
4(2799 8532 8571 2760)
4(2759 2760 8571 8570)
4(2800 8533 8572 2761)
4(2760 2761 8572 8571)
4(2801 8534 8573 2762)
4(2761 2762 8573 8572)
4(2802 8535 8574 2763)
4(2762 2763 8574 8573)
4(2803 8536 8575 2764)
4(2763 2764 8575 8574)
4(2804 8537 8576 2765)
4(2764 2765 8576 8575)
4(2805 8538 8577 2766)
4(2765 2766 8577 8576)
4(2806 8539 8578 2767)
4(2766 2767 8578 8577)
4(2807 8540 8579 2768)
4(2767 2768 8579 8578)
4(2808 8541 8580 2769)
4(2768 2769 8580 8579)
4(2809 8542 8581 2770)
4(2769 2770 8581 8580)
4(2810 8543 8582 2771)
4(2770 2771 8582 8581)
4(2811 8544 8583 2772)
4(2771 2772 8583 8582)
4(2812 8545 8584 2773)
4(2772 2773 8584 8583)
4(2813 8546 8585 2774)
4(2773 2774 8585 8584)
4(2814 8547 8586 2775)
4(2774 2775 8586 8585)
4(2815 8548 8587 2776)
4(2775 2776 8587 8586)
4(2816 8549 8588 2777)
4(2776 2777 8588 8587)
4(2817 8550 8589 2778)
4(2777 2778 8589 8588)
4(2818 8551 8590 2779)
4(2778 2779 8590 8589)
4(2819 8552 8591 2780)
4(2779 2780 8591 8590)
4(2820 8553 8592 2781)
4(2780 2781 8592 8591)
4(2821 8554 8593 2782)
4(2781 2782 8593 8592)
4(2822 8555 8594 2783)
4(2782 2783 8594 8593)
4(2823 8556 8595 2784)
4(2783 2784 8595 8594)
4(2824 8557 8596 2785)
4(2784 2785 8596 8595)
4(2825 8558 8597 2786)
4(2785 2786 8597 8596)
4(2826 8559 8598 2787)
4(2786 2787 8598 8597)
4(2827 8560 8599 2788)
4(2787 2788 8599 8598)
4(2828 8561 8600 2789)
4(2788 2789 8600 8599)
4(2829 8562 8601 2790)
4(2789 2790 8601 8600)
4(2830 8563 8602 2791)
4(2790 2791 8602 8601)
4(2831 8564 8603 2792)
4(2791 2792 8603 8602)
4(2792 372 491 8603)
4(2754 8565 8604 2715)
4(87 2715 8604 206)
4(2755 8566 8605 2716)
4(2715 2716 8605 8604)
4(2756 8567 8606 2717)
4(2716 2717 8606 8605)
4(2757 8568 8607 2718)
4(2717 2718 8607 8606)
4(2758 8569 8608 2719)
4(2718 2719 8608 8607)
4(2759 8570 8609 2720)
4(2719 2720 8609 8608)
4(2760 8571 8610 2721)
4(2720 2721 8610 8609)
4(2761 8572 8611 2722)
4(2721 2722 8611 8610)
4(2762 8573 8612 2723)
4(2722 2723 8612 8611)
4(2763 8574 8613 2724)
4(2723 2724 8613 8612)
4(2764 8575 8614 2725)
4(2724 2725 8614 8613)
4(2765 8576 8615 2726)
4(2725 2726 8615 8614)
4(2766 8577 8616 2727)
4(2726 2727 8616 8615)
4(2767 8578 8617 2728)
4(2727 2728 8617 8616)
4(2768 8579 8618 2729)
4(2728 2729 8618 8617)
4(2769 8580 8619 2730)
4(2729 2730 8619 8618)
4(2770 8581 8620 2731)
4(2730 2731 8620 8619)
4(2771 8582 8621 2732)
4(2731 2732 8621 8620)
4(2772 8583 8622 2733)
4(2732 2733 8622 8621)
4(2773 8584 8623 2734)
4(2733 2734 8623 8622)
4(2774 8585 8624 2735)
4(2734 2735 8624 8623)
4(2775 8586 8625 2736)
4(2735 2736 8625 8624)
4(2776 8587 8626 2737)
4(2736 2737 8626 8625)
4(2777 8588 8627 2738)
4(2737 2738 8627 8626)
4(2778 8589 8628 2739)
4(2738 2739 8628 8627)
4(2779 8590 8629 2740)
4(2739 2740 8629 8628)
4(2780 8591 8630 2741)
4(2740 2741 8630 8629)
4(2781 8592 8631 2742)
4(2741 2742 8631 8630)
4(2782 8593 8632 2743)
4(2742 2743 8632 8631)
4(2783 8594 8633 2744)
4(2743 2744 8633 8632)
4(2784 8595 8634 2745)
4(2744 2745 8634 8633)
4(2785 8596 8635 2746)
4(2745 2746 8635 8634)
4(2786 8597 8636 2747)
4(2746 2747 8636 8635)
4(2787 8598 8637 2748)
4(2747 2748 8637 8636)
4(2788 8599 8638 2749)
4(2748 2749 8638 8637)
4(2789 8600 8639 2750)
4(2749 2750 8639 8638)
4(2790 8601 8640 2751)
4(2750 2751 8640 8639)
4(2791 8602 8641 2752)
4(2751 2752 8641 8640)
4(2792 8603 8642 2753)
4(2752 2753 8642 8641)
4(2753 371 490 8642)
4(2715 8604 8643 2676)
4(88 2676 8643 207)
4(2716 8605 8644 2677)
4(2676 2677 8644 8643)
4(2717 8606 8645 2678)
4(2677 2678 8645 8644)
4(2718 8607 8646 2679)
4(2678 2679 8646 8645)
4(2719 8608 8647 2680)
4(2679 2680 8647 8646)
4(2720 8609 8648 2681)
4(2680 2681 8648 8647)
4(2721 8610 8649 2682)
4(2681 2682 8649 8648)
4(2722 8611 8650 2683)
4(2682 2683 8650 8649)
4(2723 8612 8651 2684)
4(2683 2684 8651 8650)
4(2724 8613 8652 2685)
4(2684 2685 8652 8651)
4(2725 8614 8653 2686)
4(2685 2686 8653 8652)
4(2726 8615 8654 2687)
4(2686 2687 8654 8653)
4(2727 8616 8655 2688)
4(2687 2688 8655 8654)
4(2728 8617 8656 2689)
4(2688 2689 8656 8655)
4(2729 8618 8657 2690)
4(2689 2690 8657 8656)
4(2730 8619 8658 2691)
4(2690 2691 8658 8657)
4(2731 8620 8659 2692)
4(2691 2692 8659 8658)
4(2732 8621 8660 2693)
4(2692 2693 8660 8659)
4(2733 8622 8661 2694)
4(2693 2694 8661 8660)
4(2734 8623 8662 2695)
4(2694 2695 8662 8661)
4(2735 8624 8663 2696)
4(2695 2696 8663 8662)
4(2736 8625 8664 2697)
4(2696 2697 8664 8663)
4(2737 8626 8665 2698)
4(2697 2698 8665 8664)
4(2738 8627 8666 2699)
4(2698 2699 8666 8665)
4(2739 8628 8667 2700)
4(2699 2700 8667 8666)
4(2740 8629 8668 2701)
4(2700 2701 8668 8667)
4(2741 8630 8669 2702)
4(2701 2702 8669 8668)
4(2742 8631 8670 2703)
4(2702 2703 8670 8669)
4(2743 8632 8671 2704)
4(2703 2704 8671 8670)
4(2744 8633 8672 2705)
4(2704 2705 8672 8671)
4(2745 8634 8673 2706)
4(2705 2706 8673 8672)
4(2746 8635 8674 2707)
4(2706 2707 8674 8673)
4(2747 8636 8675 2708)
4(2707 2708 8675 8674)
4(2748 8637 8676 2709)
4(2708 2709 8676 8675)
4(2749 8638 8677 2710)
4(2709 2710 8677 8676)
4(2750 8639 8678 2711)
4(2710 2711 8678 8677)
4(2751 8640 8679 2712)
4(2711 2712 8679 8678)
4(2752 8641 8680 2713)
4(2712 2713 8680 8679)
4(2753 8642 8681 2714)
4(2713 2714 8681 8680)
4(2714 370 489 8681)
4(2676 8643 8682 2637)
4(89 2637 8682 208)
4(2677 8644 8683 2638)
4(2637 2638 8683 8682)
4(2678 8645 8684 2639)
4(2638 2639 8684 8683)
4(2679 8646 8685 2640)
4(2639 2640 8685 8684)
4(2680 8647 8686 2641)
4(2640 2641 8686 8685)
4(2681 8648 8687 2642)
4(2641 2642 8687 8686)
4(2682 8649 8688 2643)
4(2642 2643 8688 8687)
4(2683 8650 8689 2644)
4(2643 2644 8689 8688)
4(2684 8651 8690 2645)
4(2644 2645 8690 8689)
4(2685 8652 8691 2646)
4(2645 2646 8691 8690)
4(2686 8653 8692 2647)
4(2646 2647 8692 8691)
4(2687 8654 8693 2648)
4(2647 2648 8693 8692)
4(2688 8655 8694 2649)
4(2648 2649 8694 8693)
4(2689 8656 8695 2650)
4(2649 2650 8695 8694)
4(2690 8657 8696 2651)
4(2650 2651 8696 8695)
4(2691 8658 8697 2652)
4(2651 2652 8697 8696)
4(2692 8659 8698 2653)
4(2652 2653 8698 8697)
4(2693 8660 8699 2654)
4(2653 2654 8699 8698)
4(2694 8661 8700 2655)
4(2654 2655 8700 8699)
4(2695 8662 8701 2656)
4(2655 2656 8701 8700)
4(2696 8663 8702 2657)
4(2656 2657 8702 8701)
4(2697 8664 8703 2658)
4(2657 2658 8703 8702)
4(2698 8665 8704 2659)
4(2658 2659 8704 8703)
4(2699 8666 8705 2660)
4(2659 2660 8705 8704)
4(2700 8667 8706 2661)
4(2660 2661 8706 8705)
4(2701 8668 8707 2662)
4(2661 2662 8707 8706)
4(2702 8669 8708 2663)
4(2662 2663 8708 8707)
4(2703 8670 8709 2664)
4(2663 2664 8709 8708)
4(2704 8671 8710 2665)
4(2664 2665 8710 8709)
4(2705 8672 8711 2666)
4(2665 2666 8711 8710)
4(2706 8673 8712 2667)
4(2666 2667 8712 8711)
4(2707 8674 8713 2668)
4(2667 2668 8713 8712)
4(2708 8675 8714 2669)
4(2668 2669 8714 8713)
4(2709 8676 8715 2670)
4(2669 2670 8715 8714)
4(2710 8677 8716 2671)
4(2670 2671 8716 8715)
4(2711 8678 8717 2672)
4(2671 2672 8717 8716)
4(2712 8679 8718 2673)
4(2672 2673 8718 8717)
4(2713 8680 8719 2674)
4(2673 2674 8719 8718)
4(2714 8681 8720 2675)
4(2674 2675 8720 8719)
4(2675 369 488 8720)
4(2637 8682 8721 2598)
4(90 2598 8721 209)
4(2638 8683 8722 2599)
4(2598 2599 8722 8721)
4(2639 8684 8723 2600)
4(2599 2600 8723 8722)
4(2640 8685 8724 2601)
4(2600 2601 8724 8723)
4(2641 8686 8725 2602)
4(2601 2602 8725 8724)
4(2642 8687 8726 2603)
4(2602 2603 8726 8725)
4(2643 8688 8727 2604)
4(2603 2604 8727 8726)
4(2644 8689 8728 2605)
4(2604 2605 8728 8727)
4(2645 8690 8729 2606)
4(2605 2606 8729 8728)
4(2646 8691 8730 2607)
4(2606 2607 8730 8729)
4(2647 8692 8731 2608)
4(2607 2608 8731 8730)
4(2648 8693 8732 2609)
4(2608 2609 8732 8731)
4(2649 8694 8733 2610)
4(2609 2610 8733 8732)
4(2650 8695 8734 2611)
4(2610 2611 8734 8733)
4(2651 8696 8735 2612)
4(2611 2612 8735 8734)
4(2652 8697 8736 2613)
4(2612 2613 8736 8735)
4(2653 8698 8737 2614)
4(2613 2614 8737 8736)
4(2654 8699 8738 2615)
4(2614 2615 8738 8737)
4(2655 8700 8739 2616)
4(2615 2616 8739 8738)
4(2656 8701 8740 2617)
4(2616 2617 8740 8739)
4(2657 8702 8741 2618)
4(2617 2618 8741 8740)
4(2658 8703 8742 2619)
4(2618 2619 8742 8741)
4(2659 8704 8743 2620)
4(2619 2620 8743 8742)
4(2660 8705 8744 2621)
4(2620 2621 8744 8743)
4(2661 8706 8745 2622)
4(2621 2622 8745 8744)
4(2662 8707 8746 2623)
4(2622 2623 8746 8745)
4(2663 8708 8747 2624)
4(2623 2624 8747 8746)
4(2664 8709 8748 2625)
4(2624 2625 8748 8747)
4(2665 8710 8749 2626)
4(2625 2626 8749 8748)
4(2666 8711 8750 2627)
4(2626 2627 8750 8749)
4(2667 8712 8751 2628)
4(2627 2628 8751 8750)
4(2668 8713 8752 2629)
4(2628 2629 8752 8751)
4(2669 8714 8753 2630)
4(2629 2630 8753 8752)
4(2670 8715 8754 2631)
4(2630 2631 8754 8753)
4(2671 8716 8755 2632)
4(2631 2632 8755 8754)
4(2672 8717 8756 2633)
4(2632 2633 8756 8755)
4(2673 8718 8757 2634)
4(2633 2634 8757 8756)
4(2674 8719 8758 2635)
4(2634 2635 8758 8757)
4(2675 8720 8759 2636)
4(2635 2636 8759 8758)
4(2636 368 487 8759)
4(2598 8721 8760 2559)
4(91 2559 8760 210)
4(2599 8722 8761 2560)
4(2559 2560 8761 8760)
4(2600 8723 8762 2561)
4(2560 2561 8762 8761)
4(2601 8724 8763 2562)
4(2561 2562 8763 8762)
4(2602 8725 8764 2563)
4(2562 2563 8764 8763)
4(2603 8726 8765 2564)
4(2563 2564 8765 8764)
4(2604 8727 8766 2565)
4(2564 2565 8766 8765)
4(2605 8728 8767 2566)
4(2565 2566 8767 8766)
4(2606 8729 8768 2567)
4(2566 2567 8768 8767)
4(2607 8730 8769 2568)
4(2567 2568 8769 8768)
4(2608 8731 8770 2569)
4(2568 2569 8770 8769)
4(2609 8732 8771 2570)
4(2569 2570 8771 8770)
4(2610 8733 8772 2571)
4(2570 2571 8772 8771)
4(2611 8734 8773 2572)
4(2571 2572 8773 8772)
4(2612 8735 8774 2573)
4(2572 2573 8774 8773)
4(2613 8736 8775 2574)
4(2573 2574 8775 8774)
4(2614 8737 8776 2575)
4(2574 2575 8776 8775)
4(2615 8738 8777 2576)
4(2575 2576 8777 8776)
4(2616 8739 8778 2577)
4(2576 2577 8778 8777)
4(2617 8740 8779 2578)
4(2577 2578 8779 8778)
4(2618 8741 8780 2579)
4(2578 2579 8780 8779)
4(2619 8742 8781 2580)
4(2579 2580 8781 8780)
4(2620 8743 8782 2581)
4(2580 2581 8782 8781)
4(2621 8744 8783 2582)
4(2581 2582 8783 8782)
4(2622 8745 8784 2583)
4(2582 2583 8784 8783)
4(2623 8746 8785 2584)
4(2583 2584 8785 8784)
4(2624 8747 8786 2585)
4(2584 2585 8786 8785)
4(2625 8748 8787 2586)
4(2585 2586 8787 8786)
4(2626 8749 8788 2587)
4(2586 2587 8788 8787)
4(2627 8750 8789 2588)
4(2587 2588 8789 8788)
4(2628 8751 8790 2589)
4(2588 2589 8790 8789)
4(2629 8752 8791 2590)
4(2589 2590 8791 8790)
4(2630 8753 8792 2591)
4(2590 2591 8792 8791)
4(2631 8754 8793 2592)
4(2591 2592 8793 8792)
4(2632 8755 8794 2593)
4(2592 2593 8794 8793)
4(2633 8756 8795 2594)
4(2593 2594 8795 8794)
4(2634 8757 8796 2595)
4(2594 2595 8796 8795)
4(2635 8758 8797 2596)
4(2595 2596 8797 8796)
4(2636 8759 8798 2597)
4(2596 2597 8798 8797)
4(2597 367 486 8798)
4(2559 8760 8799 2520)
4(92 2520 8799 211)
4(2560 8761 8800 2521)
4(2520 2521 8800 8799)
4(2561 8762 8801 2522)
4(2521 2522 8801 8800)
4(2562 8763 8802 2523)
4(2522 2523 8802 8801)
4(2563 8764 8803 2524)
4(2523 2524 8803 8802)
4(2564 8765 8804 2525)
4(2524 2525 8804 8803)
4(2565 8766 8805 2526)
4(2525 2526 8805 8804)
4(2566 8767 8806 2527)
4(2526 2527 8806 8805)
4(2567 8768 8807 2528)
4(2527 2528 8807 8806)
4(2568 8769 8808 2529)
4(2528 2529 8808 8807)
4(2569 8770 8809 2530)
4(2529 2530 8809 8808)
4(2570 8771 8810 2531)
4(2530 2531 8810 8809)
4(2571 8772 8811 2532)
4(2531 2532 8811 8810)
4(2572 8773 8812 2533)
4(2532 2533 8812 8811)
4(2573 8774 8813 2534)
4(2533 2534 8813 8812)
4(2574 8775 8814 2535)
4(2534 2535 8814 8813)
4(2575 8776 8815 2536)
4(2535 2536 8815 8814)
4(2576 8777 8816 2537)
4(2536 2537 8816 8815)
4(2577 8778 8817 2538)
4(2537 2538 8817 8816)
4(2578 8779 8818 2539)
4(2538 2539 8818 8817)
4(2579 8780 8819 2540)
4(2539 2540 8819 8818)
4(2580 8781 8820 2541)
4(2540 2541 8820 8819)
4(2581 8782 8821 2542)
4(2541 2542 8821 8820)
4(2582 8783 8822 2543)
4(2542 2543 8822 8821)
4(2583 8784 8823 2544)
4(2543 2544 8823 8822)
4(2584 8785 8824 2545)
4(2544 2545 8824 8823)
4(2585 8786 8825 2546)
4(2545 2546 8825 8824)
4(2586 8787 8826 2547)
4(2546 2547 8826 8825)
4(2587 8788 8827 2548)
4(2547 2548 8827 8826)
4(2588 8789 8828 2549)
4(2548 2549 8828 8827)
4(2589 8790 8829 2550)
4(2549 2550 8829 8828)
4(2590 8791 8830 2551)
4(2550 2551 8830 8829)
4(2591 8792 8831 2552)
4(2551 2552 8831 8830)
4(2592 8793 8832 2553)
4(2552 2553 8832 8831)
4(2593 8794 8833 2554)
4(2553 2554 8833 8832)
4(2594 8795 8834 2555)
4(2554 2555 8834 8833)
4(2595 8796 8835 2556)
4(2555 2556 8835 8834)
4(2596 8797 8836 2557)
4(2556 2557 8836 8835)
4(2597 8798 8837 2558)
4(2557 2558 8837 8836)
4(2558 366 485 8837)
4(2520 8799 8838 2481)
4(93 2481 8838 212)
4(2521 8800 8839 2482)
4(2481 2482 8839 8838)
4(2522 8801 8840 2483)
4(2482 2483 8840 8839)
4(2523 8802 8841 2484)
4(2483 2484 8841 8840)
4(2524 8803 8842 2485)
4(2484 2485 8842 8841)
4(2525 8804 8843 2486)
4(2485 2486 8843 8842)
4(2526 8805 8844 2487)
4(2486 2487 8844 8843)
4(2527 8806 8845 2488)
4(2487 2488 8845 8844)
4(2528 8807 8846 2489)
4(2488 2489 8846 8845)
4(2529 8808 8847 2490)
4(2489 2490 8847 8846)
4(2530 8809 8848 2491)
4(2490 2491 8848 8847)
4(2531 8810 8849 2492)
4(2491 2492 8849 8848)
4(2532 8811 8850 2493)
4(2492 2493 8850 8849)
4(2533 8812 8851 2494)
4(2493 2494 8851 8850)
4(2534 8813 8852 2495)
4(2494 2495 8852 8851)
4(2535 8814 8853 2496)
4(2495 2496 8853 8852)
4(2536 8815 8854 2497)
4(2496 2497 8854 8853)
4(2537 8816 8855 2498)
4(2497 2498 8855 8854)
4(2538 8817 8856 2499)
4(2498 2499 8856 8855)
4(2539 8818 8857 2500)
4(2499 2500 8857 8856)
4(2540 8819 8858 2501)
4(2500 2501 8858 8857)
4(2541 8820 8859 2502)
4(2501 2502 8859 8858)
4(2542 8821 8860 2503)
4(2502 2503 8860 8859)
4(2543 8822 8861 2504)
4(2503 2504 8861 8860)
4(2544 8823 8862 2505)
4(2504 2505 8862 8861)
4(2545 8824 8863 2506)
4(2505 2506 8863 8862)
4(2546 8825 8864 2507)
4(2506 2507 8864 8863)
4(2547 8826 8865 2508)
4(2507 2508 8865 8864)
4(2548 8827 8866 2509)
4(2508 2509 8866 8865)
4(2549 8828 8867 2510)
4(2509 2510 8867 8866)
4(2550 8829 8868 2511)
4(2510 2511 8868 8867)
4(2551 8830 8869 2512)
4(2511 2512 8869 8868)
4(2552 8831 8870 2513)
4(2512 2513 8870 8869)
4(2553 8832 8871 2514)
4(2513 2514 8871 8870)
4(2554 8833 8872 2515)
4(2514 2515 8872 8871)
4(2555 8834 8873 2516)
4(2515 2516 8873 8872)
4(2556 8835 8874 2517)
4(2516 2517 8874 8873)
4(2557 8836 8875 2518)
4(2517 2518 8875 8874)
4(2558 8837 8876 2519)
4(2518 2519 8876 8875)
4(2519 365 484 8876)
4(2481 8838 8877 2442)
4(94 2442 8877 213)
4(2482 8839 8878 2443)
4(2442 2443 8878 8877)
4(2483 8840 8879 2444)
4(2443 2444 8879 8878)
4(2484 8841 8880 2445)
4(2444 2445 8880 8879)
4(2485 8842 8881 2446)
4(2445 2446 8881 8880)
4(2486 8843 8882 2447)
4(2446 2447 8882 8881)
4(2487 8844 8883 2448)
4(2447 2448 8883 8882)
4(2488 8845 8884 2449)
4(2448 2449 8884 8883)
4(2489 8846 8885 2450)
4(2449 2450 8885 8884)
4(2490 8847 8886 2451)
4(2450 2451 8886 8885)
4(2491 8848 8887 2452)
4(2451 2452 8887 8886)
4(2492 8849 8888 2453)
4(2452 2453 8888 8887)
4(2493 8850 8889 2454)
4(2453 2454 8889 8888)
4(2494 8851 8890 2455)
4(2454 2455 8890 8889)
4(2495 8852 8891 2456)
4(2455 2456 8891 8890)
4(2496 8853 8892 2457)
4(2456 2457 8892 8891)
4(2497 8854 8893 2458)
4(2457 2458 8893 8892)
4(2498 8855 8894 2459)
4(2458 2459 8894 8893)
4(2499 8856 8895 2460)
4(2459 2460 8895 8894)
4(2500 8857 8896 2461)
4(2460 2461 8896 8895)
4(2501 8858 8897 2462)
4(2461 2462 8897 8896)
4(2502 8859 8898 2463)
4(2462 2463 8898 8897)
4(2503 8860 8899 2464)
4(2463 2464 8899 8898)
4(2504 8861 8900 2465)
4(2464 2465 8900 8899)
4(2505 8862 8901 2466)
4(2465 2466 8901 8900)
4(2506 8863 8902 2467)
4(2466 2467 8902 8901)
4(2507 8864 8903 2468)
4(2467 2468 8903 8902)
4(2508 8865 8904 2469)
4(2468 2469 8904 8903)
4(2509 8866 8905 2470)
4(2469 2470 8905 8904)
4(2510 8867 8906 2471)
4(2470 2471 8906 8905)
4(2511 8868 8907 2472)
4(2471 2472 8907 8906)
4(2512 8869 8908 2473)
4(2472 2473 8908 8907)
4(2513 8870 8909 2474)
4(2473 2474 8909 8908)
4(2514 8871 8910 2475)
4(2474 2475 8910 8909)
4(2515 8872 8911 2476)
4(2475 2476 8911 8910)
4(2516 8873 8912 2477)
4(2476 2477 8912 8911)
4(2517 8874 8913 2478)
4(2477 2478 8913 8912)
4(2518 8875 8914 2479)
4(2478 2479 8914 8913)
4(2519 8876 8915 2480)
4(2479 2480 8915 8914)
4(2480 364 483 8915)
4(2442 8877 8916 2403)
4(95 2403 8916 214)
4(2443 8878 8917 2404)
4(2403 2404 8917 8916)
4(2444 8879 8918 2405)
4(2404 2405 8918 8917)
4(2445 8880 8919 2406)
4(2405 2406 8919 8918)
4(2446 8881 8920 2407)
4(2406 2407 8920 8919)
4(2447 8882 8921 2408)
4(2407 2408 8921 8920)
4(2448 8883 8922 2409)
4(2408 2409 8922 8921)
4(2449 8884 8923 2410)
4(2409 2410 8923 8922)
4(2450 8885 8924 2411)
4(2410 2411 8924 8923)
4(2451 8886 8925 2412)
4(2411 2412 8925 8924)
4(2452 8887 8926 2413)
4(2412 2413 8926 8925)
4(2453 8888 8927 2414)
4(2413 2414 8927 8926)
4(2454 8889 8928 2415)
4(2414 2415 8928 8927)
4(2455 8890 8929 2416)
4(2415 2416 8929 8928)
4(2456 8891 8930 2417)
4(2416 2417 8930 8929)
4(2457 8892 8931 2418)
4(2417 2418 8931 8930)
4(2458 8893 8932 2419)
4(2418 2419 8932 8931)
4(2459 8894 8933 2420)
4(2419 2420 8933 8932)
4(2460 8895 8934 2421)
4(2420 2421 8934 8933)
4(2461 8896 8935 2422)
4(2421 2422 8935 8934)
4(2462 8897 8936 2423)
4(2422 2423 8936 8935)
4(2463 8898 8937 2424)
4(2423 2424 8937 8936)
4(2464 8899 8938 2425)
4(2424 2425 8938 8937)
4(2465 8900 8939 2426)
4(2425 2426 8939 8938)
4(2466 8901 8940 2427)
4(2426 2427 8940 8939)
4(2467 8902 8941 2428)
4(2427 2428 8941 8940)
4(2468 8903 8942 2429)
4(2428 2429 8942 8941)
4(2469 8904 8943 2430)
4(2429 2430 8943 8942)
4(2470 8905 8944 2431)
4(2430 2431 8944 8943)
4(2471 8906 8945 2432)
4(2431 2432 8945 8944)
4(2472 8907 8946 2433)
4(2432 2433 8946 8945)
4(2473 8908 8947 2434)
4(2433 2434 8947 8946)
4(2474 8909 8948 2435)
4(2434 2435 8948 8947)
4(2475 8910 8949 2436)
4(2435 2436 8949 8948)
4(2476 8911 8950 2437)
4(2436 2437 8950 8949)
4(2477 8912 8951 2438)
4(2437 2438 8951 8950)
4(2478 8913 8952 2439)
4(2438 2439 8952 8951)
4(2479 8914 8953 2440)
4(2439 2440 8953 8952)
4(2480 8915 8954 2441)
4(2440 2441 8954 8953)
4(2441 363 482 8954)
4(2403 8916 8955 2364)
4(96 2364 8955 215)
4(2404 8917 8956 2365)
4(2364 2365 8956 8955)
4(2405 8918 8957 2366)
4(2365 2366 8957 8956)
4(2406 8919 8958 2367)
4(2366 2367 8958 8957)
4(2407 8920 8959 2368)
4(2367 2368 8959 8958)
4(2408 8921 8960 2369)
4(2368 2369 8960 8959)
4(2409 8922 8961 2370)
4(2369 2370 8961 8960)
4(2410 8923 8962 2371)
4(2370 2371 8962 8961)
4(2411 8924 8963 2372)
4(2371 2372 8963 8962)
4(2412 8925 8964 2373)
4(2372 2373 8964 8963)
4(2413 8926 8965 2374)
4(2373 2374 8965 8964)
4(2414 8927 8966 2375)
4(2374 2375 8966 8965)
4(2415 8928 8967 2376)
4(2375 2376 8967 8966)
4(2416 8929 8968 2377)
4(2376 2377 8968 8967)
4(2417 8930 8969 2378)
4(2377 2378 8969 8968)
4(2418 8931 8970 2379)
4(2378 2379 8970 8969)
4(2419 8932 8971 2380)
4(2379 2380 8971 8970)
4(2420 8933 8972 2381)
4(2380 2381 8972 8971)
4(2421 8934 8973 2382)
4(2381 2382 8973 8972)
4(2422 8935 8974 2383)
4(2382 2383 8974 8973)
4(2423 8936 8975 2384)
4(2383 2384 8975 8974)
4(2424 8937 8976 2385)
4(2384 2385 8976 8975)
4(2425 8938 8977 2386)
4(2385 2386 8977 8976)
4(2426 8939 8978 2387)
4(2386 2387 8978 8977)
4(2427 8940 8979 2388)
4(2387 2388 8979 8978)
4(2428 8941 8980 2389)
4(2388 2389 8980 8979)
4(2429 8942 8981 2390)
4(2389 2390 8981 8980)
4(2430 8943 8982 2391)
4(2390 2391 8982 8981)
4(2431 8944 8983 2392)
4(2391 2392 8983 8982)
4(2432 8945 8984 2393)
4(2392 2393 8984 8983)
4(2433 8946 8985 2394)
4(2393 2394 8985 8984)
4(2434 8947 8986 2395)
4(2394 2395 8986 8985)
4(2435 8948 8987 2396)
4(2395 2396 8987 8986)
4(2436 8949 8988 2397)
4(2396 2397 8988 8987)
4(2437 8950 8989 2398)
4(2397 2398 8989 8988)
4(2438 8951 8990 2399)
4(2398 2399 8990 8989)
4(2439 8952 8991 2400)
4(2399 2400 8991 8990)
4(2440 8953 8992 2401)
4(2400 2401 8992 8991)
4(2441 8954 8993 2402)
4(2401 2402 8993 8992)
4(2402 362 481 8993)
4(2364 8955 8994 2325)
4(97 2325 8994 216)
4(2365 8956 8995 2326)
4(2325 2326 8995 8994)
4(2366 8957 8996 2327)
4(2326 2327 8996 8995)
4(2367 8958 8997 2328)
4(2327 2328 8997 8996)
4(2368 8959 8998 2329)
4(2328 2329 8998 8997)
4(2369 8960 8999 2330)
4(2329 2330 8999 8998)
4(2370 8961 9000 2331)
4(2330 2331 9000 8999)
4(2371 8962 9001 2332)
4(2331 2332 9001 9000)
4(2372 8963 9002 2333)
4(2332 2333 9002 9001)
4(2373 8964 9003 2334)
4(2333 2334 9003 9002)
4(2374 8965 9004 2335)
4(2334 2335 9004 9003)
4(2375 8966 9005 2336)
4(2335 2336 9005 9004)
4(2376 8967 9006 2337)
4(2336 2337 9006 9005)
4(2377 8968 9007 2338)
4(2337 2338 9007 9006)
4(2378 8969 9008 2339)
4(2338 2339 9008 9007)
4(2379 8970 9009 2340)
4(2339 2340 9009 9008)
4(2380 8971 9010 2341)
4(2340 2341 9010 9009)
4(2381 8972 9011 2342)
4(2341 2342 9011 9010)
4(2382 8973 9012 2343)
4(2342 2343 9012 9011)
4(2383 8974 9013 2344)
4(2343 2344 9013 9012)
4(2384 8975 9014 2345)
4(2344 2345 9014 9013)
4(2385 8976 9015 2346)
4(2345 2346 9015 9014)
4(2386 8977 9016 2347)
4(2346 2347 9016 9015)
4(2387 8978 9017 2348)
4(2347 2348 9017 9016)
4(2388 8979 9018 2349)
4(2348 2349 9018 9017)
4(2389 8980 9019 2350)
4(2349 2350 9019 9018)
4(2390 8981 9020 2351)
4(2350 2351 9020 9019)
4(2391 8982 9021 2352)
4(2351 2352 9021 9020)
4(2392 8983 9022 2353)
4(2352 2353 9022 9021)
4(2393 8984 9023 2354)
4(2353 2354 9023 9022)
4(2394 8985 9024 2355)
4(2354 2355 9024 9023)
4(2395 8986 9025 2356)
4(2355 2356 9025 9024)
4(2396 8987 9026 2357)
4(2356 2357 9026 9025)
4(2397 8988 9027 2358)
4(2357 2358 9027 9026)
4(2398 8989 9028 2359)
4(2358 2359 9028 9027)
4(2399 8990 9029 2360)
4(2359 2360 9029 9028)
4(2400 8991 9030 2361)
4(2360 2361 9030 9029)
4(2401 8992 9031 2362)
4(2361 2362 9031 9030)
4(2402 8993 9032 2363)
4(2362 2363 9032 9031)
4(2363 361 480 9032)
4(2325 8994 9033 2286)
4(98 2286 9033 217)
4(2326 8995 9034 2287)
4(2286 2287 9034 9033)
4(2327 8996 9035 2288)
4(2287 2288 9035 9034)
4(2328 8997 9036 2289)
4(2288 2289 9036 9035)
4(2329 8998 9037 2290)
4(2289 2290 9037 9036)
4(2330 8999 9038 2291)
4(2290 2291 9038 9037)
4(2331 9000 9039 2292)
4(2291 2292 9039 9038)
4(2332 9001 9040 2293)
4(2292 2293 9040 9039)
4(2333 9002 9041 2294)
4(2293 2294 9041 9040)
4(2334 9003 9042 2295)
4(2294 2295 9042 9041)
4(2335 9004 9043 2296)
4(2295 2296 9043 9042)
4(2336 9005 9044 2297)
4(2296 2297 9044 9043)
4(2337 9006 9045 2298)
4(2297 2298 9045 9044)
4(2338 9007 9046 2299)
4(2298 2299 9046 9045)
4(2339 9008 9047 2300)
4(2299 2300 9047 9046)
4(2340 9009 9048 2301)
4(2300 2301 9048 9047)
4(2341 9010 9049 2302)
4(2301 2302 9049 9048)
4(2342 9011 9050 2303)
4(2302 2303 9050 9049)
4(2343 9012 9051 2304)
4(2303 2304 9051 9050)
4(2344 9013 9052 2305)
4(2304 2305 9052 9051)
4(2345 9014 9053 2306)
4(2305 2306 9053 9052)
4(2346 9015 9054 2307)
4(2306 2307 9054 9053)
4(2347 9016 9055 2308)
4(2307 2308 9055 9054)
4(2348 9017 9056 2309)
4(2308 2309 9056 9055)
4(2349 9018 9057 2310)
4(2309 2310 9057 9056)
4(2350 9019 9058 2311)
4(2310 2311 9058 9057)
4(2351 9020 9059 2312)
4(2311 2312 9059 9058)
4(2352 9021 9060 2313)
4(2312 2313 9060 9059)
4(2353 9022 9061 2314)
4(2313 2314 9061 9060)
4(2354 9023 9062 2315)
4(2314 2315 9062 9061)
4(2355 9024 9063 2316)
4(2315 2316 9063 9062)
4(2356 9025 9064 2317)
4(2316 2317 9064 9063)
4(2357 9026 9065 2318)
4(2317 2318 9065 9064)
4(2358 9027 9066 2319)
4(2318 2319 9066 9065)
4(2359 9028 9067 2320)
4(2319 2320 9067 9066)
4(2360 9029 9068 2321)
4(2320 2321 9068 9067)
4(2361 9030 9069 2322)
4(2321 2322 9069 9068)
4(2362 9031 9070 2323)
4(2322 2323 9070 9069)
4(2363 9032 9071 2324)
4(2323 2324 9071 9070)
4(2324 360 479 9071)
4(2286 9033 9072 2247)
4(99 2247 9072 218)
4(2287 9034 9073 2248)
4(2247 2248 9073 9072)
4(2288 9035 9074 2249)
4(2248 2249 9074 9073)
4(2289 9036 9075 2250)
4(2249 2250 9075 9074)
4(2290 9037 9076 2251)
4(2250 2251 9076 9075)
4(2291 9038 9077 2252)
4(2251 2252 9077 9076)
4(2292 9039 9078 2253)
4(2252 2253 9078 9077)
4(2293 9040 9079 2254)
4(2253 2254 9079 9078)
4(2294 9041 9080 2255)
4(2254 2255 9080 9079)
4(2295 9042 9081 2256)
4(2255 2256 9081 9080)
4(2296 9043 9082 2257)
4(2256 2257 9082 9081)
4(2297 9044 9083 2258)
4(2257 2258 9083 9082)
4(2298 9045 9084 2259)
4(2258 2259 9084 9083)
4(2299 9046 9085 2260)
4(2259 2260 9085 9084)
4(2300 9047 9086 2261)
4(2260 2261 9086 9085)
4(2301 9048 9087 2262)
4(2261 2262 9087 9086)
4(2302 9049 9088 2263)
4(2262 2263 9088 9087)
4(2303 9050 9089 2264)
4(2263 2264 9089 9088)
4(2304 9051 9090 2265)
4(2264 2265 9090 9089)
4(2305 9052 9091 2266)
4(2265 2266 9091 9090)
4(2306 9053 9092 2267)
4(2266 2267 9092 9091)
4(2307 9054 9093 2268)
4(2267 2268 9093 9092)
4(2308 9055 9094 2269)
4(2268 2269 9094 9093)
4(2309 9056 9095 2270)
4(2269 2270 9095 9094)
4(2310 9057 9096 2271)
4(2270 2271 9096 9095)
4(2311 9058 9097 2272)
4(2271 2272 9097 9096)
4(2312 9059 9098 2273)
4(2272 2273 9098 9097)
4(2313 9060 9099 2274)
4(2273 2274 9099 9098)
4(2314 9061 9100 2275)
4(2274 2275 9100 9099)
4(2315 9062 9101 2276)
4(2275 2276 9101 9100)
4(2316 9063 9102 2277)
4(2276 2277 9102 9101)
4(2317 9064 9103 2278)
4(2277 2278 9103 9102)
4(2318 9065 9104 2279)
4(2278 2279 9104 9103)
4(2319 9066 9105 2280)
4(2279 2280 9105 9104)
4(2320 9067 9106 2281)
4(2280 2281 9106 9105)
4(2321 9068 9107 2282)
4(2281 2282 9107 9106)
4(2322 9069 9108 2283)
4(2282 2283 9108 9107)
4(2323 9070 9109 2284)
4(2283 2284 9109 9108)
4(2324 9071 9110 2285)
4(2284 2285 9110 9109)
4(2285 359 478 9110)
4(2247 9072 9111 2208)
4(100 2208 9111 219)
4(2248 9073 9112 2209)
4(2208 2209 9112 9111)
4(2249 9074 9113 2210)
4(2209 2210 9113 9112)
4(2250 9075 9114 2211)
4(2210 2211 9114 9113)
4(2251 9076 9115 2212)
4(2211 2212 9115 9114)
4(2252 9077 9116 2213)
4(2212 2213 9116 9115)
4(2253 9078 9117 2214)
4(2213 2214 9117 9116)
4(2254 9079 9118 2215)
4(2214 2215 9118 9117)
4(2255 9080 9119 2216)
4(2215 2216 9119 9118)
4(2256 9081 9120 2217)
4(2216 2217 9120 9119)
4(2257 9082 9121 2218)
4(2217 2218 9121 9120)
4(2258 9083 9122 2219)
4(2218 2219 9122 9121)
4(2259 9084 9123 2220)
4(2219 2220 9123 9122)
4(2260 9085 9124 2221)
4(2220 2221 9124 9123)
4(2261 9086 9125 2222)
4(2221 2222 9125 9124)
4(2262 9087 9126 2223)
4(2222 2223 9126 9125)
4(2263 9088 9127 2224)
4(2223 2224 9127 9126)
4(2264 9089 9128 2225)
4(2224 2225 9128 9127)
4(2265 9090 9129 2226)
4(2225 2226 9129 9128)
4(2266 9091 9130 2227)
4(2226 2227 9130 9129)
4(2267 9092 9131 2228)
4(2227 2228 9131 9130)
4(2268 9093 9132 2229)
4(2228 2229 9132 9131)
4(2269 9094 9133 2230)
4(2229 2230 9133 9132)
4(2270 9095 9134 2231)
4(2230 2231 9134 9133)
4(2271 9096 9135 2232)
4(2231 2232 9135 9134)
4(2272 9097 9136 2233)
4(2232 2233 9136 9135)
4(2273 9098 9137 2234)
4(2233 2234 9137 9136)
4(2274 9099 9138 2235)
4(2234 2235 9138 9137)
4(2275 9100 9139 2236)
4(2235 2236 9139 9138)
4(2276 9101 9140 2237)
4(2236 2237 9140 9139)
4(2277 9102 9141 2238)
4(2237 2238 9141 9140)
4(2278 9103 9142 2239)
4(2238 2239 9142 9141)
4(2279 9104 9143 2240)
4(2239 2240 9143 9142)
4(2280 9105 9144 2241)
4(2240 2241 9144 9143)
4(2281 9106 9145 2242)
4(2241 2242 9145 9144)
4(2282 9107 9146 2243)
4(2242 2243 9146 9145)
4(2283 9108 9147 2244)
4(2243 2244 9147 9146)
4(2284 9109 9148 2245)
4(2244 2245 9148 9147)
4(2285 9110 9149 2246)
4(2245 2246 9149 9148)
4(2246 358 477 9149)
4(2208 9111 9150 2169)
4(101 2169 9150 220)
4(2209 9112 9151 2170)
4(2169 2170 9151 9150)
4(2210 9113 9152 2171)
4(2170 2171 9152 9151)
4(2211 9114 9153 2172)
4(2171 2172 9153 9152)
4(2212 9115 9154 2173)
4(2172 2173 9154 9153)
4(2213 9116 9155 2174)
4(2173 2174 9155 9154)
4(2214 9117 9156 2175)
4(2174 2175 9156 9155)
4(2215 9118 9157 2176)
4(2175 2176 9157 9156)
4(2216 9119 9158 2177)
4(2176 2177 9158 9157)
4(2217 9120 9159 2178)
4(2177 2178 9159 9158)
4(2218 9121 9160 2179)
4(2178 2179 9160 9159)
4(2219 9122 9161 2180)
4(2179 2180 9161 9160)
4(2220 9123 9162 2181)
4(2180 2181 9162 9161)
4(2221 9124 9163 2182)
4(2181 2182 9163 9162)
4(2222 9125 9164 2183)
4(2182 2183 9164 9163)
4(2223 9126 9165 2184)
4(2183 2184 9165 9164)
4(2224 9127 9166 2185)
4(2184 2185 9166 9165)
4(2225 9128 9167 2186)
4(2185 2186 9167 9166)
4(2226 9129 9168 2187)
4(2186 2187 9168 9167)
4(2227 9130 9169 2188)
4(2187 2188 9169 9168)
4(2228 9131 9170 2189)
4(2188 2189 9170 9169)
4(2229 9132 9171 2190)
4(2189 2190 9171 9170)
4(2230 9133 9172 2191)
4(2190 2191 9172 9171)
4(2231 9134 9173 2192)
4(2191 2192 9173 9172)
4(2232 9135 9174 2193)
4(2192 2193 9174 9173)
4(2233 9136 9175 2194)
4(2193 2194 9175 9174)
4(2234 9137 9176 2195)
4(2194 2195 9176 9175)
4(2235 9138 9177 2196)
4(2195 2196 9177 9176)
4(2236 9139 9178 2197)
4(2196 2197 9178 9177)
4(2237 9140 9179 2198)
4(2197 2198 9179 9178)
4(2238 9141 9180 2199)
4(2198 2199 9180 9179)
4(2239 9142 9181 2200)
4(2199 2200 9181 9180)
4(2240 9143 9182 2201)
4(2200 2201 9182 9181)
4(2241 9144 9183 2202)
4(2201 2202 9183 9182)
4(2242 9145 9184 2203)
4(2202 2203 9184 9183)
4(2243 9146 9185 2204)
4(2203 2204 9185 9184)
4(2244 9147 9186 2205)
4(2204 2205 9186 9185)
4(2245 9148 9187 2206)
4(2205 2206 9187 9186)
4(2246 9149 9188 2207)
4(2206 2207 9188 9187)
4(2207 357 476 9188)
4(2169 9150 9189 2130)
4(102 2130 9189 221)
4(2170 9151 9190 2131)
4(2130 2131 9190 9189)
4(2171 9152 9191 2132)
4(2131 2132 9191 9190)
4(2172 9153 9192 2133)
4(2132 2133 9192 9191)
4(2173 9154 9193 2134)
4(2133 2134 9193 9192)
4(2174 9155 9194 2135)
4(2134 2135 9194 9193)
4(2175 9156 9195 2136)
4(2135 2136 9195 9194)
4(2176 9157 9196 2137)
4(2136 2137 9196 9195)
4(2177 9158 9197 2138)
4(2137 2138 9197 9196)
4(2178 9159 9198 2139)
4(2138 2139 9198 9197)
4(2179 9160 9199 2140)
4(2139 2140 9199 9198)
4(2180 9161 9200 2141)
4(2140 2141 9200 9199)
4(2181 9162 9201 2142)
4(2141 2142 9201 9200)
4(2182 9163 9202 2143)
4(2142 2143 9202 9201)
4(2183 9164 9203 2144)
4(2143 2144 9203 9202)
4(2184 9165 9204 2145)
4(2144 2145 9204 9203)
4(2185 9166 9205 2146)
4(2145 2146 9205 9204)
4(2186 9167 9206 2147)
4(2146 2147 9206 9205)
4(2187 9168 9207 2148)
4(2147 2148 9207 9206)
4(2188 9169 9208 2149)
4(2148 2149 9208 9207)
4(2189 9170 9209 2150)
4(2149 2150 9209 9208)
4(2190 9171 9210 2151)
4(2150 2151 9210 9209)
4(2191 9172 9211 2152)
4(2151 2152 9211 9210)
4(2192 9173 9212 2153)
4(2152 2153 9212 9211)
4(2193 9174 9213 2154)
4(2153 2154 9213 9212)
4(2194 9175 9214 2155)
4(2154 2155 9214 9213)
4(2195 9176 9215 2156)
4(2155 2156 9215 9214)
4(2196 9177 9216 2157)
4(2156 2157 9216 9215)
4(2197 9178 9217 2158)
4(2157 2158 9217 9216)
4(2198 9179 9218 2159)
4(2158 2159 9218 9217)
4(2199 9180 9219 2160)
4(2159 2160 9219 9218)
4(2200 9181 9220 2161)
4(2160 2161 9220 9219)
4(2201 9182 9221 2162)
4(2161 2162 9221 9220)
4(2202 9183 9222 2163)
4(2162 2163 9222 9221)
4(2203 9184 9223 2164)
4(2163 2164 9223 9222)
4(2204 9185 9224 2165)
4(2164 2165 9224 9223)
4(2205 9186 9225 2166)
4(2165 2166 9225 9224)
4(2206 9187 9226 2167)
4(2166 2167 9226 9225)
4(2207 9188 9227 2168)
4(2167 2168 9227 9226)
4(2168 356 475 9227)
4(2130 9189 9228 2091)
4(103 2091 9228 222)
4(2131 9190 9229 2092)
4(2091 2092 9229 9228)
4(2132 9191 9230 2093)
4(2092 2093 9230 9229)
4(2133 9192 9231 2094)
4(2093 2094 9231 9230)
4(2134 9193 9232 2095)
4(2094 2095 9232 9231)
4(2135 9194 9233 2096)
4(2095 2096 9233 9232)
4(2136 9195 9234 2097)
4(2096 2097 9234 9233)
4(2137 9196 9235 2098)
4(2097 2098 9235 9234)
4(2138 9197 9236 2099)
4(2098 2099 9236 9235)
4(2139 9198 9237 2100)
4(2099 2100 9237 9236)
4(2140 9199 9238 2101)
4(2100 2101 9238 9237)
4(2141 9200 9239 2102)
4(2101 2102 9239 9238)
4(2142 9201 9240 2103)
4(2102 2103 9240 9239)
4(2143 9202 9241 2104)
4(2103 2104 9241 9240)
4(2144 9203 9242 2105)
4(2104 2105 9242 9241)
4(2145 9204 9243 2106)
4(2105 2106 9243 9242)
4(2146 9205 9244 2107)
4(2106 2107 9244 9243)
4(2147 9206 9245 2108)
4(2107 2108 9245 9244)
4(2148 9207 9246 2109)
4(2108 2109 9246 9245)
4(2149 9208 9247 2110)
4(2109 2110 9247 9246)
4(2150 9209 9248 2111)
4(2110 2111 9248 9247)
4(2151 9210 9249 2112)
4(2111 2112 9249 9248)
4(2152 9211 9250 2113)
4(2112 2113 9250 9249)
4(2153 9212 9251 2114)
4(2113 2114 9251 9250)
4(2154 9213 9252 2115)
4(2114 2115 9252 9251)
4(2155 9214 9253 2116)
4(2115 2116 9253 9252)
4(2156 9215 9254 2117)
4(2116 2117 9254 9253)
4(2157 9216 9255 2118)
4(2117 2118 9255 9254)
4(2158 9217 9256 2119)
4(2118 2119 9256 9255)
4(2159 9218 9257 2120)
4(2119 2120 9257 9256)
4(2160 9219 9258 2121)
4(2120 2121 9258 9257)
4(2161 9220 9259 2122)
4(2121 2122 9259 9258)
4(2162 9221 9260 2123)
4(2122 2123 9260 9259)
4(2163 9222 9261 2124)
4(2123 2124 9261 9260)
4(2164 9223 9262 2125)
4(2124 2125 9262 9261)
4(2165 9224 9263 2126)
4(2125 2126 9263 9262)
4(2166 9225 9264 2127)
4(2126 2127 9264 9263)
4(2167 9226 9265 2128)
4(2127 2128 9265 9264)
4(2168 9227 9266 2129)
4(2128 2129 9266 9265)
4(2129 355 474 9266)
4(2091 9228 9267 2052)
4(104 2052 9267 223)
4(2092 9229 9268 2053)
4(2052 2053 9268 9267)
4(2093 9230 9269 2054)
4(2053 2054 9269 9268)
4(2094 9231 9270 2055)
4(2054 2055 9270 9269)
4(2095 9232 9271 2056)
4(2055 2056 9271 9270)
4(2096 9233 9272 2057)
4(2056 2057 9272 9271)
4(2097 9234 9273 2058)
4(2057 2058 9273 9272)
4(2098 9235 9274 2059)
4(2058 2059 9274 9273)
4(2099 9236 9275 2060)
4(2059 2060 9275 9274)
4(2100 9237 9276 2061)
4(2060 2061 9276 9275)
4(2101 9238 9277 2062)
4(2061 2062 9277 9276)
4(2102 9239 9278 2063)
4(2062 2063 9278 9277)
4(2103 9240 9279 2064)
4(2063 2064 9279 9278)
4(2104 9241 9280 2065)
4(2064 2065 9280 9279)
4(2105 9242 9281 2066)
4(2065 2066 9281 9280)
4(2106 9243 9282 2067)
4(2066 2067 9282 9281)
4(2107 9244 9283 2068)
4(2067 2068 9283 9282)
4(2108 9245 9284 2069)
4(2068 2069 9284 9283)
4(2109 9246 9285 2070)
4(2069 2070 9285 9284)
4(2110 9247 9286 2071)
4(2070 2071 9286 9285)
4(2111 9248 9287 2072)
4(2071 2072 9287 9286)
4(2112 9249 9288 2073)
4(2072 2073 9288 9287)
4(2113 9250 9289 2074)
4(2073 2074 9289 9288)
4(2114 9251 9290 2075)
4(2074 2075 9290 9289)
4(2115 9252 9291 2076)
4(2075 2076 9291 9290)
4(2116 9253 9292 2077)
4(2076 2077 9292 9291)
4(2117 9254 9293 2078)
4(2077 2078 9293 9292)
4(2118 9255 9294 2079)
4(2078 2079 9294 9293)
4(2119 9256 9295 2080)
4(2079 2080 9295 9294)
4(2120 9257 9296 2081)
4(2080 2081 9296 9295)
4(2121 9258 9297 2082)
4(2081 2082 9297 9296)
4(2122 9259 9298 2083)
4(2082 2083 9298 9297)
4(2123 9260 9299 2084)
4(2083 2084 9299 9298)
4(2124 9261 9300 2085)
4(2084 2085 9300 9299)
4(2125 9262 9301 2086)
4(2085 2086 9301 9300)
4(2126 9263 9302 2087)
4(2086 2087 9302 9301)
4(2127 9264 9303 2088)
4(2087 2088 9303 9302)
4(2128 9265 9304 2089)
4(2088 2089 9304 9303)
4(2129 9266 9305 2090)
4(2089 2090 9305 9304)
4(2090 354 473 9305)
4(2052 9267 9306 2013)
4(105 2013 9306 224)
4(2053 9268 9307 2014)
4(2013 2014 9307 9306)
4(2054 9269 9308 2015)
4(2014 2015 9308 9307)
4(2055 9270 9309 2016)
4(2015 2016 9309 9308)
4(2056 9271 9310 2017)
4(2016 2017 9310 9309)
4(2057 9272 9311 2018)
4(2017 2018 9311 9310)
4(2058 9273 9312 2019)
4(2018 2019 9312 9311)
4(2059 9274 9313 2020)
4(2019 2020 9313 9312)
4(2060 9275 9314 2021)
4(2020 2021 9314 9313)
4(2061 9276 9315 2022)
4(2021 2022 9315 9314)
4(2062 9277 9316 2023)
4(2022 2023 9316 9315)
4(2063 9278 9317 2024)
4(2023 2024 9317 9316)
4(2064 9279 9318 2025)
4(2024 2025 9318 9317)
4(2065 9280 9319 2026)
4(2025 2026 9319 9318)
4(2066 9281 9320 2027)
4(2026 2027 9320 9319)
4(2067 9282 9321 2028)
4(2027 2028 9321 9320)
4(2068 9283 9322 2029)
4(2028 2029 9322 9321)
4(2069 9284 9323 2030)
4(2029 2030 9323 9322)
4(2070 9285 9324 2031)
4(2030 2031 9324 9323)
4(2071 9286 9325 2032)
4(2031 2032 9325 9324)
4(2072 9287 9326 2033)
4(2032 2033 9326 9325)
4(2073 9288 9327 2034)
4(2033 2034 9327 9326)
4(2074 9289 9328 2035)
4(2034 2035 9328 9327)
4(2075 9290 9329 2036)
4(2035 2036 9329 9328)
4(2076 9291 9330 2037)
4(2036 2037 9330 9329)
4(2077 9292 9331 2038)
4(2037 2038 9331 9330)
4(2078 9293 9332 2039)
4(2038 2039 9332 9331)
4(2079 9294 9333 2040)
4(2039 2040 9333 9332)
4(2080 9295 9334 2041)
4(2040 2041 9334 9333)
4(2081 9296 9335 2042)
4(2041 2042 9335 9334)
4(2082 9297 9336 2043)
4(2042 2043 9336 9335)
4(2083 9298 9337 2044)
4(2043 2044 9337 9336)
4(2084 9299 9338 2045)
4(2044 2045 9338 9337)
4(2085 9300 9339 2046)
4(2045 2046 9339 9338)
4(2086 9301 9340 2047)
4(2046 2047 9340 9339)
4(2087 9302 9341 2048)
4(2047 2048 9341 9340)
4(2088 9303 9342 2049)
4(2048 2049 9342 9341)
4(2089 9304 9343 2050)
4(2049 2050 9343 9342)
4(2090 9305 9344 2051)
4(2050 2051 9344 9343)
4(2051 353 472 9344)
4(2013 9306 9345 1974)
4(106 1974 9345 225)
4(2014 9307 9346 1975)
4(1974 1975 9346 9345)
4(2015 9308 9347 1976)
4(1975 1976 9347 9346)
4(2016 9309 9348 1977)
4(1976 1977 9348 9347)
4(2017 9310 9349 1978)
4(1977 1978 9349 9348)
4(2018 9311 9350 1979)
4(1978 1979 9350 9349)
4(2019 9312 9351 1980)
4(1979 1980 9351 9350)
4(2020 9313 9352 1981)
4(1980 1981 9352 9351)
4(2021 9314 9353 1982)
4(1981 1982 9353 9352)
4(2022 9315 9354 1983)
4(1982 1983 9354 9353)
4(2023 9316 9355 1984)
4(1983 1984 9355 9354)
4(2024 9317 9356 1985)
4(1984 1985 9356 9355)
4(2025 9318 9357 1986)
4(1985 1986 9357 9356)
4(2026 9319 9358 1987)
4(1986 1987 9358 9357)
4(2027 9320 9359 1988)
4(1987 1988 9359 9358)
4(2028 9321 9360 1989)
4(1988 1989 9360 9359)
4(2029 9322 9361 1990)
4(1989 1990 9361 9360)
4(2030 9323 9362 1991)
4(1990 1991 9362 9361)
4(2031 9324 9363 1992)
4(1991 1992 9363 9362)
4(2032 9325 9364 1993)
4(1992 1993 9364 9363)
4(2033 9326 9365 1994)
4(1993 1994 9365 9364)
4(2034 9327 9366 1995)
4(1994 1995 9366 9365)
4(2035 9328 9367 1996)
4(1995 1996 9367 9366)
4(2036 9329 9368 1997)
4(1996 1997 9368 9367)
4(2037 9330 9369 1998)
4(1997 1998 9369 9368)
4(2038 9331 9370 1999)
4(1998 1999 9370 9369)
4(2039 9332 9371 2000)
4(1999 2000 9371 9370)
4(2040 9333 9372 2001)
4(2000 2001 9372 9371)
4(2041 9334 9373 2002)
4(2001 2002 9373 9372)
4(2042 9335 9374 2003)
4(2002 2003 9374 9373)
4(2043 9336 9375 2004)
4(2003 2004 9375 9374)
4(2044 9337 9376 2005)
4(2004 2005 9376 9375)
4(2045 9338 9377 2006)
4(2005 2006 9377 9376)
4(2046 9339 9378 2007)
4(2006 2007 9378 9377)
4(2047 9340 9379 2008)
4(2007 2008 9379 9378)
4(2048 9341 9380 2009)
4(2008 2009 9380 9379)
4(2049 9342 9381 2010)
4(2009 2010 9381 9380)
4(2050 9343 9382 2011)
4(2010 2011 9382 9381)
4(2051 9344 9383 2012)
4(2011 2012 9383 9382)
4(2012 352 471 9383)
4(1974 9345 9384 1935)
4(107 1935 9384 226)
4(1975 9346 9385 1936)
4(1935 1936 9385 9384)
4(1976 9347 9386 1937)
4(1936 1937 9386 9385)
4(1977 9348 9387 1938)
4(1937 1938 9387 9386)
4(1978 9349 9388 1939)
4(1938 1939 9388 9387)
4(1979 9350 9389 1940)
4(1939 1940 9389 9388)
4(1980 9351 9390 1941)
4(1940 1941 9390 9389)
4(1981 9352 9391 1942)
4(1941 1942 9391 9390)
4(1982 9353 9392 1943)
4(1942 1943 9392 9391)
4(1983 9354 9393 1944)
4(1943 1944 9393 9392)
4(1984 9355 9394 1945)
4(1944 1945 9394 9393)
4(1985 9356 9395 1946)
4(1945 1946 9395 9394)
4(1986 9357 9396 1947)
4(1946 1947 9396 9395)
4(1987 9358 9397 1948)
4(1947 1948 9397 9396)
4(1988 9359 9398 1949)
4(1948 1949 9398 9397)
4(1989 9360 9399 1950)
4(1949 1950 9399 9398)
4(1990 9361 9400 1951)
4(1950 1951 9400 9399)
4(1991 9362 9401 1952)
4(1951 1952 9401 9400)
4(1992 9363 9402 1953)
4(1952 1953 9402 9401)
4(1993 9364 9403 1954)
4(1953 1954 9403 9402)
4(1994 9365 9404 1955)
4(1954 1955 9404 9403)
4(1995 9366 9405 1956)
4(1955 1956 9405 9404)
4(1996 9367 9406 1957)
4(1956 1957 9406 9405)
4(1997 9368 9407 1958)
4(1957 1958 9407 9406)
4(1998 9369 9408 1959)
4(1958 1959 9408 9407)
4(1999 9370 9409 1960)
4(1959 1960 9409 9408)
4(2000 9371 9410 1961)
4(1960 1961 9410 9409)
4(2001 9372 9411 1962)
4(1961 1962 9411 9410)
4(2002 9373 9412 1963)
4(1962 1963 9412 9411)
4(2003 9374 9413 1964)
4(1963 1964 9413 9412)
4(2004 9375 9414 1965)
4(1964 1965 9414 9413)
4(2005 9376 9415 1966)
4(1965 1966 9415 9414)
4(2006 9377 9416 1967)
4(1966 1967 9416 9415)
4(2007 9378 9417 1968)
4(1967 1968 9417 9416)
4(2008 9379 9418 1969)
4(1968 1969 9418 9417)
4(2009 9380 9419 1970)
4(1969 1970 9419 9418)
4(2010 9381 9420 1971)
4(1970 1971 9420 9419)
4(2011 9382 9421 1972)
4(1971 1972 9421 9420)
4(2012 9383 9422 1973)
4(1972 1973 9422 9421)
4(1973 351 470 9422)
4(1935 9384 9423 1896)
4(108 1896 9423 227)
4(1936 9385 9424 1897)
4(1896 1897 9424 9423)
4(1937 9386 9425 1898)
4(1897 1898 9425 9424)
4(1938 9387 9426 1899)
4(1898 1899 9426 9425)
4(1939 9388 9427 1900)
4(1899 1900 9427 9426)
4(1940 9389 9428 1901)
4(1900 1901 9428 9427)
4(1941 9390 9429 1902)
4(1901 1902 9429 9428)
4(1942 9391 9430 1903)
4(1902 1903 9430 9429)
4(1943 9392 9431 1904)
4(1903 1904 9431 9430)
4(1944 9393 9432 1905)
4(1904 1905 9432 9431)
4(1945 9394 9433 1906)
4(1905 1906 9433 9432)
4(1946 9395 9434 1907)
4(1906 1907 9434 9433)
4(1947 9396 9435 1908)
4(1907 1908 9435 9434)
4(1948 9397 9436 1909)
4(1908 1909 9436 9435)
4(1949 9398 9437 1910)
4(1909 1910 9437 9436)
4(1950 9399 9438 1911)
4(1910 1911 9438 9437)
4(1951 9400 9439 1912)
4(1911 1912 9439 9438)
4(1952 9401 9440 1913)
4(1912 1913 9440 9439)
4(1953 9402 9441 1914)
4(1913 1914 9441 9440)
4(1954 9403 9442 1915)
4(1914 1915 9442 9441)
4(1955 9404 9443 1916)
4(1915 1916 9443 9442)
4(1956 9405 9444 1917)
4(1916 1917 9444 9443)
4(1957 9406 9445 1918)
4(1917 1918 9445 9444)
4(1958 9407 9446 1919)
4(1918 1919 9446 9445)
4(1959 9408 9447 1920)
4(1919 1920 9447 9446)
4(1960 9409 9448 1921)
4(1920 1921 9448 9447)
4(1961 9410 9449 1922)
4(1921 1922 9449 9448)
4(1962 9411 9450 1923)
4(1922 1923 9450 9449)
4(1963 9412 9451 1924)
4(1923 1924 9451 9450)
4(1964 9413 9452 1925)
4(1924 1925 9452 9451)
4(1965 9414 9453 1926)
4(1925 1926 9453 9452)
4(1966 9415 9454 1927)
4(1926 1927 9454 9453)
4(1967 9416 9455 1928)
4(1927 1928 9455 9454)
4(1968 9417 9456 1929)
4(1928 1929 9456 9455)
4(1969 9418 9457 1930)
4(1929 1930 9457 9456)
4(1970 9419 9458 1931)
4(1930 1931 9458 9457)
4(1971 9420 9459 1932)
4(1931 1932 9459 9458)
4(1972 9421 9460 1933)
4(1932 1933 9460 9459)
4(1973 9422 9461 1934)
4(1933 1934 9461 9460)
4(1934 350 469 9461)
4(1896 9423 9462 1857)
4(109 1857 9462 228)
4(1897 9424 9463 1858)
4(1857 1858 9463 9462)
4(1898 9425 9464 1859)
4(1858 1859 9464 9463)
4(1899 9426 9465 1860)
4(1859 1860 9465 9464)
4(1900 9427 9466 1861)
4(1860 1861 9466 9465)
4(1901 9428 9467 1862)
4(1861 1862 9467 9466)
4(1902 9429 9468 1863)
4(1862 1863 9468 9467)
4(1903 9430 9469 1864)
4(1863 1864 9469 9468)
4(1904 9431 9470 1865)
4(1864 1865 9470 9469)
4(1905 9432 9471 1866)
4(1865 1866 9471 9470)
4(1906 9433 9472 1867)
4(1866 1867 9472 9471)
4(1907 9434 9473 1868)
4(1867 1868 9473 9472)
4(1908 9435 9474 1869)
4(1868 1869 9474 9473)
4(1909 9436 9475 1870)
4(1869 1870 9475 9474)
4(1910 9437 9476 1871)
4(1870 1871 9476 9475)
4(1911 9438 9477 1872)
4(1871 1872 9477 9476)
4(1912 9439 9478 1873)
4(1872 1873 9478 9477)
4(1913 9440 9479 1874)
4(1873 1874 9479 9478)
4(1914 9441 9480 1875)
4(1874 1875 9480 9479)
4(1915 9442 9481 1876)
4(1875 1876 9481 9480)
4(1916 9443 9482 1877)
4(1876 1877 9482 9481)
4(1917 9444 9483 1878)
4(1877 1878 9483 9482)
4(1918 9445 9484 1879)
4(1878 1879 9484 9483)
4(1919 9446 9485 1880)
4(1879 1880 9485 9484)
4(1920 9447 9486 1881)
4(1880 1881 9486 9485)
4(1921 9448 9487 1882)
4(1881 1882 9487 9486)
4(1922 9449 9488 1883)
4(1882 1883 9488 9487)
4(1923 9450 9489 1884)
4(1883 1884 9489 9488)
4(1924 9451 9490 1885)
4(1884 1885 9490 9489)
4(1925 9452 9491 1886)
4(1885 1886 9491 9490)
4(1926 9453 9492 1887)
4(1886 1887 9492 9491)
4(1927 9454 9493 1888)
4(1887 1888 9493 9492)
4(1928 9455 9494 1889)
4(1888 1889 9494 9493)
4(1929 9456 9495 1890)
4(1889 1890 9495 9494)
4(1930 9457 9496 1891)
4(1890 1891 9496 9495)
4(1931 9458 9497 1892)
4(1891 1892 9497 9496)
4(1932 9459 9498 1893)
4(1892 1893 9498 9497)
4(1933 9460 9499 1894)
4(1893 1894 9499 9498)
4(1934 9461 9500 1895)
4(1894 1895 9500 9499)
4(1895 349 468 9500)
4(1857 9462 9501 1818)
4(110 1818 9501 229)
4(1858 9463 9502 1819)
4(1818 1819 9502 9501)
4(1859 9464 9503 1820)
4(1819 1820 9503 9502)
4(1860 9465 9504 1821)
4(1820 1821 9504 9503)
4(1861 9466 9505 1822)
4(1821 1822 9505 9504)
4(1862 9467 9506 1823)
4(1822 1823 9506 9505)
4(1863 9468 9507 1824)
4(1823 1824 9507 9506)
4(1864 9469 9508 1825)
4(1824 1825 9508 9507)
4(1865 9470 9509 1826)
4(1825 1826 9509 9508)
4(1866 9471 9510 1827)
4(1826 1827 9510 9509)
4(1867 9472 9511 1828)
4(1827 1828 9511 9510)
4(1868 9473 9512 1829)
4(1828 1829 9512 9511)
4(1869 9474 9513 1830)
4(1829 1830 9513 9512)
4(1870 9475 9514 1831)
4(1830 1831 9514 9513)
4(1871 9476 9515 1832)
4(1831 1832 9515 9514)
4(1872 9477 9516 1833)
4(1832 1833 9516 9515)
4(1873 9478 9517 1834)
4(1833 1834 9517 9516)
4(1874 9479 9518 1835)
4(1834 1835 9518 9517)
4(1875 9480 9519 1836)
4(1835 1836 9519 9518)
4(1876 9481 9520 1837)
4(1836 1837 9520 9519)
4(1877 9482 9521 1838)
4(1837 1838 9521 9520)
4(1878 9483 9522 1839)
4(1838 1839 9522 9521)
4(1879 9484 9523 1840)
4(1839 1840 9523 9522)
4(1880 9485 9524 1841)
4(1840 1841 9524 9523)
4(1881 9486 9525 1842)
4(1841 1842 9525 9524)
4(1882 9487 9526 1843)
4(1842 1843 9526 9525)
4(1883 9488 9527 1844)
4(1843 1844 9527 9526)
4(1884 9489 9528 1845)
4(1844 1845 9528 9527)
4(1885 9490 9529 1846)
4(1845 1846 9529 9528)
4(1886 9491 9530 1847)
4(1846 1847 9530 9529)
4(1887 9492 9531 1848)
4(1847 1848 9531 9530)
4(1888 9493 9532 1849)
4(1848 1849 9532 9531)
4(1889 9494 9533 1850)
4(1849 1850 9533 9532)
4(1890 9495 9534 1851)
4(1850 1851 9534 9533)
4(1891 9496 9535 1852)
4(1851 1852 9535 9534)
4(1892 9497 9536 1853)
4(1852 1853 9536 9535)
4(1893 9498 9537 1854)
4(1853 1854 9537 9536)
4(1894 9499 9538 1855)
4(1854 1855 9538 9537)
4(1895 9500 9539 1856)
4(1855 1856 9539 9538)
4(1856 348 467 9539)
4(1818 9501 9540 1779)
4(111 1779 9540 230)
4(1819 9502 9541 1780)
4(1779 1780 9541 9540)
4(1820 9503 9542 1781)
4(1780 1781 9542 9541)
4(1821 9504 9543 1782)
4(1781 1782 9543 9542)
4(1822 9505 9544 1783)
4(1782 1783 9544 9543)
4(1823 9506 9545 1784)
4(1783 1784 9545 9544)
4(1824 9507 9546 1785)
4(1784 1785 9546 9545)
4(1825 9508 9547 1786)
4(1785 1786 9547 9546)
4(1826 9509 9548 1787)
4(1786 1787 9548 9547)
4(1827 9510 9549 1788)
4(1787 1788 9549 9548)
4(1828 9511 9550 1789)
4(1788 1789 9550 9549)
4(1829 9512 9551 1790)
4(1789 1790 9551 9550)
4(1830 9513 9552 1791)
4(1790 1791 9552 9551)
4(1831 9514 9553 1792)
4(1791 1792 9553 9552)
4(1832 9515 9554 1793)
4(1792 1793 9554 9553)
4(1833 9516 9555 1794)
4(1793 1794 9555 9554)
4(1834 9517 9556 1795)
4(1794 1795 9556 9555)
4(1835 9518 9557 1796)
4(1795 1796 9557 9556)
4(1836 9519 9558 1797)
4(1796 1797 9558 9557)
4(1837 9520 9559 1798)
4(1797 1798 9559 9558)
4(1838 9521 9560 1799)
4(1798 1799 9560 9559)
4(1839 9522 9561 1800)
4(1799 1800 9561 9560)
4(1840 9523 9562 1801)
4(1800 1801 9562 9561)
4(1841 9524 9563 1802)
4(1801 1802 9563 9562)
4(1842 9525 9564 1803)
4(1802 1803 9564 9563)
4(1843 9526 9565 1804)
4(1803 1804 9565 9564)
4(1844 9527 9566 1805)
4(1804 1805 9566 9565)
4(1845 9528 9567 1806)
4(1805 1806 9567 9566)
4(1846 9529 9568 1807)
4(1806 1807 9568 9567)
4(1847 9530 9569 1808)
4(1807 1808 9569 9568)
4(1848 9531 9570 1809)
4(1808 1809 9570 9569)
4(1849 9532 9571 1810)
4(1809 1810 9571 9570)
4(1850 9533 9572 1811)
4(1810 1811 9572 9571)
4(1851 9534 9573 1812)
4(1811 1812 9573 9572)
4(1852 9535 9574 1813)
4(1812 1813 9574 9573)
4(1853 9536 9575 1814)
4(1813 1814 9575 9574)
4(1854 9537 9576 1815)
4(1814 1815 9576 9575)
4(1855 9538 9577 1816)
4(1815 1816 9577 9576)
4(1856 9539 9578 1817)
4(1816 1817 9578 9577)
4(1817 347 466 9578)
4(1779 9540 9579 1740)
4(112 1740 9579 231)
4(1780 9541 9580 1741)
4(1740 1741 9580 9579)
4(1781 9542 9581 1742)
4(1741 1742 9581 9580)
4(1782 9543 9582 1743)
4(1742 1743 9582 9581)
4(1783 9544 9583 1744)
4(1743 1744 9583 9582)
4(1784 9545 9584 1745)
4(1744 1745 9584 9583)
4(1785 9546 9585 1746)
4(1745 1746 9585 9584)
4(1786 9547 9586 1747)
4(1746 1747 9586 9585)
4(1787 9548 9587 1748)
4(1747 1748 9587 9586)
4(1788 9549 9588 1749)
4(1748 1749 9588 9587)
4(1789 9550 9589 1750)
4(1749 1750 9589 9588)
4(1790 9551 9590 1751)
4(1750 1751 9590 9589)
4(1791 9552 9591 1752)
4(1751 1752 9591 9590)
4(1792 9553 9592 1753)
4(1752 1753 9592 9591)
4(1793 9554 9593 1754)
4(1753 1754 9593 9592)
4(1794 9555 9594 1755)
4(1754 1755 9594 9593)
4(1795 9556 9595 1756)
4(1755 1756 9595 9594)
4(1796 9557 9596 1757)
4(1756 1757 9596 9595)
4(1797 9558 9597 1758)
4(1757 1758 9597 9596)
4(1798 9559 9598 1759)
4(1758 1759 9598 9597)
4(1799 9560 9599 1760)
4(1759 1760 9599 9598)
4(1800 9561 9600 1761)
4(1760 1761 9600 9599)
4(1801 9562 9601 1762)
4(1761 1762 9601 9600)
4(1802 9563 9602 1763)
4(1762 1763 9602 9601)
4(1803 9564 9603 1764)
4(1763 1764 9603 9602)
4(1804 9565 9604 1765)
4(1764 1765 9604 9603)
4(1805 9566 9605 1766)
4(1765 1766 9605 9604)
4(1806 9567 9606 1767)
4(1766 1767 9606 9605)
4(1807 9568 9607 1768)
4(1767 1768 9607 9606)
4(1808 9569 9608 1769)
4(1768 1769 9608 9607)
4(1809 9570 9609 1770)
4(1769 1770 9609 9608)
4(1810 9571 9610 1771)
4(1770 1771 9610 9609)
4(1811 9572 9611 1772)
4(1771 1772 9611 9610)
4(1812 9573 9612 1773)
4(1772 1773 9612 9611)
4(1813 9574 9613 1774)
4(1773 1774 9613 9612)
4(1814 9575 9614 1775)
4(1774 1775 9614 9613)
4(1815 9576 9615 1776)
4(1775 1776 9615 9614)
4(1816 9577 9616 1777)
4(1776 1777 9616 9615)
4(1817 9578 9617 1778)
4(1777 1778 9617 9616)
4(1778 346 465 9617)
4(1740 9579 9618 1701)
4(113 1701 9618 232)
4(1741 9580 9619 1702)
4(1701 1702 9619 9618)
4(1742 9581 9620 1703)
4(1702 1703 9620 9619)
4(1743 9582 9621 1704)
4(1703 1704 9621 9620)
4(1744 9583 9622 1705)
4(1704 1705 9622 9621)
4(1745 9584 9623 1706)
4(1705 1706 9623 9622)
4(1746 9585 9624 1707)
4(1706 1707 9624 9623)
4(1747 9586 9625 1708)
4(1707 1708 9625 9624)
4(1748 9587 9626 1709)
4(1708 1709 9626 9625)
4(1749 9588 9627 1710)
4(1709 1710 9627 9626)
4(1750 9589 9628 1711)
4(1710 1711 9628 9627)
4(1751 9590 9629 1712)
4(1711 1712 9629 9628)
4(1752 9591 9630 1713)
4(1712 1713 9630 9629)
4(1753 9592 9631 1714)
4(1713 1714 9631 9630)
4(1754 9593 9632 1715)
4(1714 1715 9632 9631)
4(1755 9594 9633 1716)
4(1715 1716 9633 9632)
4(1756 9595 9634 1717)
4(1716 1717 9634 9633)
4(1757 9596 9635 1718)
4(1717 1718 9635 9634)
4(1758 9597 9636 1719)
4(1718 1719 9636 9635)
4(1759 9598 9637 1720)
4(1719 1720 9637 9636)
4(1760 9599 9638 1721)
4(1720 1721 9638 9637)
4(1761 9600 9639 1722)
4(1721 1722 9639 9638)
4(1762 9601 9640 1723)
4(1722 1723 9640 9639)
4(1763 9602 9641 1724)
4(1723 1724 9641 9640)
4(1764 9603 9642 1725)
4(1724 1725 9642 9641)
4(1765 9604 9643 1726)
4(1725 1726 9643 9642)
4(1766 9605 9644 1727)
4(1726 1727 9644 9643)
4(1767 9606 9645 1728)
4(1727 1728 9645 9644)
4(1768 9607 9646 1729)
4(1728 1729 9646 9645)
4(1769 9608 9647 1730)
4(1729 1730 9647 9646)
4(1770 9609 9648 1731)
4(1730 1731 9648 9647)
4(1771 9610 9649 1732)
4(1731 1732 9649 9648)
4(1772 9611 9650 1733)
4(1732 1733 9650 9649)
4(1773 9612 9651 1734)
4(1733 1734 9651 9650)
4(1774 9613 9652 1735)
4(1734 1735 9652 9651)
4(1775 9614 9653 1736)
4(1735 1736 9653 9652)
4(1776 9615 9654 1737)
4(1736 1737 9654 9653)
4(1777 9616 9655 1738)
4(1737 1738 9655 9654)
4(1778 9617 9656 1739)
4(1738 1739 9656 9655)
4(1739 345 464 9656)
4(1701 9618 9657 1662)
4(114 1662 9657 233)
4(1702 9619 9658 1663)
4(1662 1663 9658 9657)
4(1703 9620 9659 1664)
4(1663 1664 9659 9658)
4(1704 9621 9660 1665)
4(1664 1665 9660 9659)
4(1705 9622 9661 1666)
4(1665 1666 9661 9660)
4(1706 9623 9662 1667)
4(1666 1667 9662 9661)
4(1707 9624 9663 1668)
4(1667 1668 9663 9662)
4(1708 9625 9664 1669)
4(1668 1669 9664 9663)
4(1709 9626 9665 1670)
4(1669 1670 9665 9664)
4(1710 9627 9666 1671)
4(1670 1671 9666 9665)
4(1711 9628 9667 1672)
4(1671 1672 9667 9666)
4(1712 9629 9668 1673)
4(1672 1673 9668 9667)
4(1713 9630 9669 1674)
4(1673 1674 9669 9668)
4(1714 9631 9670 1675)
4(1674 1675 9670 9669)
4(1715 9632 9671 1676)
4(1675 1676 9671 9670)
4(1716 9633 9672 1677)
4(1676 1677 9672 9671)
4(1717 9634 9673 1678)
4(1677 1678 9673 9672)
4(1718 9635 9674 1679)
4(1678 1679 9674 9673)
4(1719 9636 9675 1680)
4(1679 1680 9675 9674)
4(1720 9637 9676 1681)
4(1680 1681 9676 9675)
4(1721 9638 9677 1682)
4(1681 1682 9677 9676)
4(1722 9639 9678 1683)
4(1682 1683 9678 9677)
4(1723 9640 9679 1684)
4(1683 1684 9679 9678)
4(1724 9641 9680 1685)
4(1684 1685 9680 9679)
4(1725 9642 9681 1686)
4(1685 1686 9681 9680)
4(1726 9643 9682 1687)
4(1686 1687 9682 9681)
4(1727 9644 9683 1688)
4(1687 1688 9683 9682)
4(1728 9645 9684 1689)
4(1688 1689 9684 9683)
4(1729 9646 9685 1690)
4(1689 1690 9685 9684)
4(1730 9647 9686 1691)
4(1690 1691 9686 9685)
4(1731 9648 9687 1692)
4(1691 1692 9687 9686)
4(1732 9649 9688 1693)
4(1692 1693 9688 9687)
4(1733 9650 9689 1694)
4(1693 1694 9689 9688)
4(1734 9651 9690 1695)
4(1694 1695 9690 9689)
4(1735 9652 9691 1696)
4(1695 1696 9691 9690)
4(1736 9653 9692 1697)
4(1696 1697 9692 9691)
4(1737 9654 9693 1698)
4(1697 1698 9693 9692)
4(1738 9655 9694 1699)
4(1698 1699 9694 9693)
4(1739 9656 9695 1700)
4(1699 1700 9695 9694)
4(1700 344 463 9695)
4(1662 9657 9696 1623)
4(115 1623 9696 234)
4(1663 9658 9697 1624)
4(1623 1624 9697 9696)
4(1664 9659 9698 1625)
4(1624 1625 9698 9697)
4(1665 9660 9699 1626)
4(1625 1626 9699 9698)
4(1666 9661 9700 1627)
4(1626 1627 9700 9699)
4(1667 9662 9701 1628)
4(1627 1628 9701 9700)
4(1668 9663 9702 1629)
4(1628 1629 9702 9701)
4(1669 9664 9703 1630)
4(1629 1630 9703 9702)
4(1670 9665 9704 1631)
4(1630 1631 9704 9703)
4(1671 9666 9705 1632)
4(1631 1632 9705 9704)
4(1672 9667 9706 1633)
4(1632 1633 9706 9705)
4(1673 9668 9707 1634)
4(1633 1634 9707 9706)
4(1674 9669 9708 1635)
4(1634 1635 9708 9707)
4(1675 9670 9709 1636)
4(1635 1636 9709 9708)
4(1676 9671 9710 1637)
4(1636 1637 9710 9709)
4(1677 9672 9711 1638)
4(1637 1638 9711 9710)
4(1678 9673 9712 1639)
4(1638 1639 9712 9711)
4(1679 9674 9713 1640)
4(1639 1640 9713 9712)
4(1680 9675 9714 1641)
4(1640 1641 9714 9713)
4(1681 9676 9715 1642)
4(1641 1642 9715 9714)
4(1682 9677 9716 1643)
4(1642 1643 9716 9715)
4(1683 9678 9717 1644)
4(1643 1644 9717 9716)
4(1684 9679 9718 1645)
4(1644 1645 9718 9717)
4(1685 9680 9719 1646)
4(1645 1646 9719 9718)
4(1686 9681 9720 1647)
4(1646 1647 9720 9719)
4(1687 9682 9721 1648)
4(1647 1648 9721 9720)
4(1688 9683 9722 1649)
4(1648 1649 9722 9721)
4(1689 9684 9723 1650)
4(1649 1650 9723 9722)
4(1690 9685 9724 1651)
4(1650 1651 9724 9723)
4(1691 9686 9725 1652)
4(1651 1652 9725 9724)
4(1692 9687 9726 1653)
4(1652 1653 9726 9725)
4(1693 9688 9727 1654)
4(1653 1654 9727 9726)
4(1694 9689 9728 1655)
4(1654 1655 9728 9727)
4(1695 9690 9729 1656)
4(1655 1656 9729 9728)
4(1696 9691 9730 1657)
4(1656 1657 9730 9729)
4(1697 9692 9731 1658)
4(1657 1658 9731 9730)
4(1698 9693 9732 1659)
4(1658 1659 9732 9731)
4(1699 9694 9733 1660)
4(1659 1660 9733 9732)
4(1700 9695 9734 1661)
4(1660 1661 9734 9733)
4(1661 343 462 9734)
4(1623 9696 9735 1584)
4(116 1584 9735 235)
4(1624 9697 9736 1585)
4(1584 1585 9736 9735)
4(1625 9698 9737 1586)
4(1585 1586 9737 9736)
4(1626 9699 9738 1587)
4(1586 1587 9738 9737)
4(1627 9700 9739 1588)
4(1587 1588 9739 9738)
4(1628 9701 9740 1589)
4(1588 1589 9740 9739)
4(1629 9702 9741 1590)
4(1589 1590 9741 9740)
4(1630 9703 9742 1591)
4(1590 1591 9742 9741)
4(1631 9704 9743 1592)
4(1591 1592 9743 9742)
4(1632 9705 9744 1593)
4(1592 1593 9744 9743)
4(1633 9706 9745 1594)
4(1593 1594 9745 9744)
4(1634 9707 9746 1595)
4(1594 1595 9746 9745)
4(1635 9708 9747 1596)
4(1595 1596 9747 9746)
4(1636 9709 9748 1597)
4(1596 1597 9748 9747)
4(1637 9710 9749 1598)
4(1597 1598 9749 9748)
4(1638 9711 9750 1599)
4(1598 1599 9750 9749)
4(1639 9712 9751 1600)
4(1599 1600 9751 9750)
4(1640 9713 9752 1601)
4(1600 1601 9752 9751)
4(1641 9714 9753 1602)
4(1601 1602 9753 9752)
4(1642 9715 9754 1603)
4(1602 1603 9754 9753)
4(1643 9716 9755 1604)
4(1603 1604 9755 9754)
4(1644 9717 9756 1605)
4(1604 1605 9756 9755)
4(1645 9718 9757 1606)
4(1605 1606 9757 9756)
4(1646 9719 9758 1607)
4(1606 1607 9758 9757)
4(1647 9720 9759 1608)
4(1607 1608 9759 9758)
4(1648 9721 9760 1609)
4(1608 1609 9760 9759)
4(1649 9722 9761 1610)
4(1609 1610 9761 9760)
4(1650 9723 9762 1611)
4(1610 1611 9762 9761)
4(1651 9724 9763 1612)
4(1611 1612 9763 9762)
4(1652 9725 9764 1613)
4(1612 1613 9764 9763)
4(1653 9726 9765 1614)
4(1613 1614 9765 9764)
4(1654 9727 9766 1615)
4(1614 1615 9766 9765)
4(1655 9728 9767 1616)
4(1615 1616 9767 9766)
4(1656 9729 9768 1617)
4(1616 1617 9768 9767)
4(1657 9730 9769 1618)
4(1617 1618 9769 9768)
4(1658 9731 9770 1619)
4(1618 1619 9770 9769)
4(1659 9732 9771 1620)
4(1619 1620 9771 9770)
4(1660 9733 9772 1621)
4(1620 1621 9772 9771)
4(1661 9734 9773 1622)
4(1621 1622 9773 9772)
4(1622 342 461 9773)
4(1584 9735 9774 1545)
4(117 1545 9774 236)
4(1585 9736 9775 1546)
4(1545 1546 9775 9774)
4(1586 9737 9776 1547)
4(1546 1547 9776 9775)
4(1587 9738 9777 1548)
4(1547 1548 9777 9776)
4(1588 9739 9778 1549)
4(1548 1549 9778 9777)
4(1589 9740 9779 1550)
4(1549 1550 9779 9778)
4(1590 9741 9780 1551)
4(1550 1551 9780 9779)
4(1591 9742 9781 1552)
4(1551 1552 9781 9780)
4(1592 9743 9782 1553)
4(1552 1553 9782 9781)
4(1593 9744 9783 1554)
4(1553 1554 9783 9782)
4(1594 9745 9784 1555)
4(1554 1555 9784 9783)
4(1595 9746 9785 1556)
4(1555 1556 9785 9784)
4(1596 9747 9786 1557)
4(1556 1557 9786 9785)
4(1597 9748 9787 1558)
4(1557 1558 9787 9786)
4(1598 9749 9788 1559)
4(1558 1559 9788 9787)
4(1599 9750 9789 1560)
4(1559 1560 9789 9788)
4(1600 9751 9790 1561)
4(1560 1561 9790 9789)
4(1601 9752 9791 1562)
4(1561 1562 9791 9790)
4(1602 9753 9792 1563)
4(1562 1563 9792 9791)
4(1603 9754 9793 1564)
4(1563 1564 9793 9792)
4(1604 9755 9794 1565)
4(1564 1565 9794 9793)
4(1605 9756 9795 1566)
4(1565 1566 9795 9794)
4(1606 9757 9796 1567)
4(1566 1567 9796 9795)
4(1607 9758 9797 1568)
4(1567 1568 9797 9796)
4(1608 9759 9798 1569)
4(1568 1569 9798 9797)
4(1609 9760 9799 1570)
4(1569 1570 9799 9798)
4(1610 9761 9800 1571)
4(1570 1571 9800 9799)
4(1611 9762 9801 1572)
4(1571 1572 9801 9800)
4(1612 9763 9802 1573)
4(1572 1573 9802 9801)
4(1613 9764 9803 1574)
4(1573 1574 9803 9802)
4(1614 9765 9804 1575)
4(1574 1575 9804 9803)
4(1615 9766 9805 1576)
4(1575 1576 9805 9804)
4(1616 9767 9806 1577)
4(1576 1577 9806 9805)
4(1617 9768 9807 1578)
4(1577 1578 9807 9806)
4(1618 9769 9808 1579)
4(1578 1579 9808 9807)
4(1619 9770 9809 1580)
4(1579 1580 9809 9808)
4(1620 9771 9810 1581)
4(1580 1581 9810 9809)
4(1621 9772 9811 1582)
4(1581 1582 9811 9810)
4(1622 9773 9812 1583)
4(1582 1583 9812 9811)
4(1583 341 460 9812)
4(1545 9774 9813 1506)
4(118 1506 9813 237)
4(1546 9775 9814 1507)
4(1506 1507 9814 9813)
4(1547 9776 9815 1508)
4(1507 1508 9815 9814)
4(1548 9777 9816 1509)
4(1508 1509 9816 9815)
4(1549 9778 9817 1510)
4(1509 1510 9817 9816)
4(1550 9779 9818 1511)
4(1510 1511 9818 9817)
4(1551 9780 9819 1512)
4(1511 1512 9819 9818)
4(1552 9781 9820 1513)
4(1512 1513 9820 9819)
4(1553 9782 9821 1514)
4(1513 1514 9821 9820)
4(1554 9783 9822 1515)
4(1514 1515 9822 9821)
4(1555 9784 9823 1516)
4(1515 1516 9823 9822)
4(1556 9785 9824 1517)
4(1516 1517 9824 9823)
4(1557 9786 9825 1518)
4(1517 1518 9825 9824)
4(1558 9787 9826 1519)
4(1518 1519 9826 9825)
4(1559 9788 9827 1520)
4(1519 1520 9827 9826)
4(1560 9789 9828 1521)
4(1520 1521 9828 9827)
4(1561 9790 9829 1522)
4(1521 1522 9829 9828)
4(1562 9791 9830 1523)
4(1522 1523 9830 9829)
4(1563 9792 9831 1524)
4(1523 1524 9831 9830)
4(1564 9793 9832 1525)
4(1524 1525 9832 9831)
4(1565 9794 9833 1526)
4(1525 1526 9833 9832)
4(1566 9795 9834 1527)
4(1526 1527 9834 9833)
4(1567 9796 9835 1528)
4(1527 1528 9835 9834)
4(1568 9797 9836 1529)
4(1528 1529 9836 9835)
4(1569 9798 9837 1530)
4(1529 1530 9837 9836)
4(1570 9799 9838 1531)
4(1530 1531 9838 9837)
4(1571 9800 9839 1532)
4(1531 1532 9839 9838)
4(1572 9801 9840 1533)
4(1532 1533 9840 9839)
4(1573 9802 9841 1534)
4(1533 1534 9841 9840)
4(1574 9803 9842 1535)
4(1534 1535 9842 9841)
4(1575 9804 9843 1536)
4(1535 1536 9843 9842)
4(1576 9805 9844 1537)
4(1536 1537 9844 9843)
4(1577 9806 9845 1538)
4(1537 1538 9845 9844)
4(1578 9807 9846 1539)
4(1538 1539 9846 9845)
4(1579 9808 9847 1540)
4(1539 1540 9847 9846)
4(1580 9809 9848 1541)
4(1540 1541 9848 9847)
4(1581 9810 9849 1542)
4(1541 1542 9849 9848)
4(1582 9811 9850 1543)
4(1542 1543 9850 9849)
4(1583 9812 9851 1544)
4(1543 1544 9851 9850)
4(1544 340 459 9851)
4(1506 9813 9852 1467)
4(119 1467 9852 238)
4(1507 9814 9853 1468)
4(1467 1468 9853 9852)
4(1508 9815 9854 1469)
4(1468 1469 9854 9853)
4(1509 9816 9855 1470)
4(1469 1470 9855 9854)
4(1510 9817 9856 1471)
4(1470 1471 9856 9855)
4(1511 9818 9857 1472)
4(1471 1472 9857 9856)
4(1512 9819 9858 1473)
4(1472 1473 9858 9857)
4(1513 9820 9859 1474)
4(1473 1474 9859 9858)
4(1514 9821 9860 1475)
4(1474 1475 9860 9859)
4(1515 9822 9861 1476)
4(1475 1476 9861 9860)
4(1516 9823 9862 1477)
4(1476 1477 9862 9861)
4(1517 9824 9863 1478)
4(1477 1478 9863 9862)
4(1518 9825 9864 1479)
4(1478 1479 9864 9863)
4(1519 9826 9865 1480)
4(1479 1480 9865 9864)
4(1520 9827 9866 1481)
4(1480 1481 9866 9865)
4(1521 9828 9867 1482)
4(1481 1482 9867 9866)
4(1522 9829 9868 1483)
4(1482 1483 9868 9867)
4(1523 9830 9869 1484)
4(1483 1484 9869 9868)
4(1524 9831 9870 1485)
4(1484 1485 9870 9869)
4(1525 9832 9871 1486)
4(1485 1486 9871 9870)
4(1526 9833 9872 1487)
4(1486 1487 9872 9871)
4(1527 9834 9873 1488)
4(1487 1488 9873 9872)
4(1528 9835 9874 1489)
4(1488 1489 9874 9873)
4(1529 9836 9875 1490)
4(1489 1490 9875 9874)
4(1530 9837 9876 1491)
4(1490 1491 9876 9875)
4(1531 9838 9877 1492)
4(1491 1492 9877 9876)
4(1532 9839 9878 1493)
4(1492 1493 9878 9877)
4(1533 9840 9879 1494)
4(1493 1494 9879 9878)
4(1534 9841 9880 1495)
4(1494 1495 9880 9879)
4(1535 9842 9881 1496)
4(1495 1496 9881 9880)
4(1536 9843 9882 1497)
4(1496 1497 9882 9881)
4(1537 9844 9883 1498)
4(1497 1498 9883 9882)
4(1538 9845 9884 1499)
4(1498 1499 9884 9883)
4(1539 9846 9885 1500)
4(1499 1500 9885 9884)
4(1540 9847 9886 1501)
4(1500 1501 9886 9885)
4(1541 9848 9887 1502)
4(1501 1502 9887 9886)
4(1542 9849 9888 1503)
4(1502 1503 9888 9887)
4(1543 9850 9889 1504)
4(1503 1504 9889 9888)
4(1544 9851 9890 1505)
4(1504 1505 9890 9889)
4(1505 339 458 9890)
4(1467 9852 9891 1428)
4(120 1428 9891 239)
4(1468 9853 9892 1429)
4(1428 1429 9892 9891)
4(1469 9854 9893 1430)
4(1429 1430 9893 9892)
4(1470 9855 9894 1431)
4(1430 1431 9894 9893)
4(1471 9856 9895 1432)
4(1431 1432 9895 9894)
4(1472 9857 9896 1433)
4(1432 1433 9896 9895)
4(1473 9858 9897 1434)
4(1433 1434 9897 9896)
4(1474 9859 9898 1435)
4(1434 1435 9898 9897)
4(1475 9860 9899 1436)
4(1435 1436 9899 9898)
4(1476 9861 9900 1437)
4(1436 1437 9900 9899)
4(1477 9862 9901 1438)
4(1437 1438 9901 9900)
4(1478 9863 9902 1439)
4(1438 1439 9902 9901)
4(1479 9864 9903 1440)
4(1439 1440 9903 9902)
4(1480 9865 9904 1441)
4(1440 1441 9904 9903)
4(1481 9866 9905 1442)
4(1441 1442 9905 9904)
4(1482 9867 9906 1443)
4(1442 1443 9906 9905)
4(1483 9868 9907 1444)
4(1443 1444 9907 9906)
4(1484 9869 9908 1445)
4(1444 1445 9908 9907)
4(1485 9870 9909 1446)
4(1445 1446 9909 9908)
4(1486 9871 9910 1447)
4(1446 1447 9910 9909)
4(1487 9872 9911 1448)
4(1447 1448 9911 9910)
4(1488 9873 9912 1449)
4(1448 1449 9912 9911)
4(1489 9874 9913 1450)
4(1449 1450 9913 9912)
4(1490 9875 9914 1451)
4(1450 1451 9914 9913)
4(1491 9876 9915 1452)
4(1451 1452 9915 9914)
4(1492 9877 9916 1453)
4(1452 1453 9916 9915)
4(1493 9878 9917 1454)
4(1453 1454 9917 9916)
4(1494 9879 9918 1455)
4(1454 1455 9918 9917)
4(1495 9880 9919 1456)
4(1455 1456 9919 9918)
4(1496 9881 9920 1457)
4(1456 1457 9920 9919)
4(1497 9882 9921 1458)
4(1457 1458 9921 9920)
4(1498 9883 9922 1459)
4(1458 1459 9922 9921)
4(1499 9884 9923 1460)
4(1459 1460 9923 9922)
4(1500 9885 9924 1461)
4(1460 1461 9924 9923)
4(1501 9886 9925 1462)
4(1461 1462 9925 9924)
4(1502 9887 9926 1463)
4(1462 1463 9926 9925)
4(1503 9888 9927 1464)
4(1463 1464 9927 9926)
4(1504 9889 9928 1465)
4(1464 1465 9928 9927)
4(1505 9890 9929 1466)
4(1465 1466 9929 9928)
4(1466 338 457 9929)
4(1428 9891 9930 1389)
4(121 1389 9930 240)
4(1429 9892 9931 1390)
4(1389 1390 9931 9930)
4(1430 9893 9932 1391)
4(1390 1391 9932 9931)
4(1431 9894 9933 1392)
4(1391 1392 9933 9932)
4(1432 9895 9934 1393)
4(1392 1393 9934 9933)
4(1433 9896 9935 1394)
4(1393 1394 9935 9934)
4(1434 9897 9936 1395)
4(1394 1395 9936 9935)
4(1435 9898 9937 1396)
4(1395 1396 9937 9936)
4(1436 9899 9938 1397)
4(1396 1397 9938 9937)
4(1437 9900 9939 1398)
4(1397 1398 9939 9938)
4(1438 9901 9940 1399)
4(1398 1399 9940 9939)
4(1439 9902 9941 1400)
4(1399 1400 9941 9940)
4(1440 9903 9942 1401)
4(1400 1401 9942 9941)
4(1441 9904 9943 1402)
4(1401 1402 9943 9942)
4(1442 9905 9944 1403)
4(1402 1403 9944 9943)
4(1443 9906 9945 1404)
4(1403 1404 9945 9944)
4(1444 9907 9946 1405)
4(1404 1405 9946 9945)
4(1445 9908 9947 1406)
4(1405 1406 9947 9946)
4(1446 9909 9948 1407)
4(1406 1407 9948 9947)
4(1447 9910 9949 1408)
4(1407 1408 9949 9948)
4(1448 9911 9950 1409)
4(1408 1409 9950 9949)
4(1449 9912 9951 1410)
4(1409 1410 9951 9950)
4(1450 9913 9952 1411)
4(1410 1411 9952 9951)
4(1451 9914 9953 1412)
4(1411 1412 9953 9952)
4(1452 9915 9954 1413)
4(1412 1413 9954 9953)
4(1453 9916 9955 1414)
4(1413 1414 9955 9954)
4(1454 9917 9956 1415)
4(1414 1415 9956 9955)
4(1455 9918 9957 1416)
4(1415 1416 9957 9956)
4(1456 9919 9958 1417)
4(1416 1417 9958 9957)
4(1457 9920 9959 1418)
4(1417 1418 9959 9958)
4(1458 9921 9960 1419)
4(1418 1419 9960 9959)
4(1459 9922 9961 1420)
4(1419 1420 9961 9960)
4(1460 9923 9962 1421)
4(1420 1421 9962 9961)
4(1461 9924 9963 1422)
4(1421 1422 9963 9962)
4(1462 9925 9964 1423)
4(1422 1423 9964 9963)
4(1463 9926 9965 1424)
4(1423 1424 9965 9964)
4(1464 9927 9966 1425)
4(1424 1425 9966 9965)
4(1465 9928 9967 1426)
4(1425 1426 9967 9966)
4(1466 9929 9968 1427)
4(1426 1427 9968 9967)
4(1427 337 456 9968)
4(1389 9930 9969 1350)
4(122 1350 9969 241)
4(1390 9931 9970 1351)
4(1350 1351 9970 9969)
4(1391 9932 9971 1352)
4(1351 1352 9971 9970)
4(1392 9933 9972 1353)
4(1352 1353 9972 9971)
4(1393 9934 9973 1354)
4(1353 1354 9973 9972)
4(1394 9935 9974 1355)
4(1354 1355 9974 9973)
4(1395 9936 9975 1356)
4(1355 1356 9975 9974)
4(1396 9937 9976 1357)
4(1356 1357 9976 9975)
4(1397 9938 9977 1358)
4(1357 1358 9977 9976)
4(1398 9939 9978 1359)
4(1358 1359 9978 9977)
4(1399 9940 9979 1360)
4(1359 1360 9979 9978)
4(1400 9941 9980 1361)
4(1360 1361 9980 9979)
4(1401 9942 9981 1362)
4(1361 1362 9981 9980)
4(1402 9943 9982 1363)
4(1362 1363 9982 9981)
4(1403 9944 9983 1364)
4(1363 1364 9983 9982)
4(1404 9945 9984 1365)
4(1364 1365 9984 9983)
4(1405 9946 9985 1366)
4(1365 1366 9985 9984)
4(1406 9947 9986 1367)
4(1366 1367 9986 9985)
4(1407 9948 9987 1368)
4(1367 1368 9987 9986)
4(1408 9949 9988 1369)
4(1368 1369 9988 9987)
4(1409 9950 9989 1370)
4(1369 1370 9989 9988)
4(1410 9951 9990 1371)
4(1370 1371 9990 9989)
4(1411 9952 9991 1372)
4(1371 1372 9991 9990)
4(1412 9953 9992 1373)
4(1372 1373 9992 9991)
4(1413 9954 9993 1374)
4(1373 1374 9993 9992)
4(1414 9955 9994 1375)
4(1374 1375 9994 9993)
4(1415 9956 9995 1376)
4(1375 1376 9995 9994)
4(1416 9957 9996 1377)
4(1376 1377 9996 9995)
4(1417 9958 9997 1378)
4(1377 1378 9997 9996)
4(1418 9959 9998 1379)
4(1378 1379 9998 9997)
4(1419 9960 9999 1380)
4(1379 1380 9999 9998)
4(1420 9961 10000 1381)
4(1380 1381 10000 9999)
4(1421 9962 10001 1382)
4(1381 1382 10001 10000)
4(1422 9963 10002 1383)
4(1382 1383 10002 10001)
4(1423 9964 10003 1384)
4(1383 1384 10003 10002)
4(1424 9965 10004 1385)
4(1384 1385 10004 10003)
4(1425 9966 10005 1386)
4(1385 1386 10005 10004)
4(1426 9967 10006 1387)
4(1386 1387 10006 10005)
4(1427 9968 10007 1388)
4(1387 1388 10007 10006)
4(1388 336 455 10007)
4(1350 9969 10008 1311)
4(123 1311 10008 242)
4(1351 9970 10009 1312)
4(1311 1312 10009 10008)
4(1352 9971 10010 1313)
4(1312 1313 10010 10009)
4(1353 9972 10011 1314)
4(1313 1314 10011 10010)
4(1354 9973 10012 1315)
4(1314 1315 10012 10011)
4(1355 9974 10013 1316)
4(1315 1316 10013 10012)
4(1356 9975 10014 1317)
4(1316 1317 10014 10013)
4(1357 9976 10015 1318)
4(1317 1318 10015 10014)
4(1358 9977 10016 1319)
4(1318 1319 10016 10015)
4(1359 9978 10017 1320)
4(1319 1320 10017 10016)
4(1360 9979 10018 1321)
4(1320 1321 10018 10017)
4(1361 9980 10019 1322)
4(1321 1322 10019 10018)
4(1362 9981 10020 1323)
4(1322 1323 10020 10019)
4(1363 9982 10021 1324)
4(1323 1324 10021 10020)
4(1364 9983 10022 1325)
4(1324 1325 10022 10021)
4(1365 9984 10023 1326)
4(1325 1326 10023 10022)
4(1366 9985 10024 1327)
4(1326 1327 10024 10023)
4(1367 9986 10025 1328)
4(1327 1328 10025 10024)
4(1368 9987 10026 1329)
4(1328 1329 10026 10025)
4(1369 9988 10027 1330)
4(1329 1330 10027 10026)
4(1370 9989 10028 1331)
4(1330 1331 10028 10027)
4(1371 9990 10029 1332)
4(1331 1332 10029 10028)
4(1372 9991 10030 1333)
4(1332 1333 10030 10029)
4(1373 9992 10031 1334)
4(1333 1334 10031 10030)
4(1374 9993 10032 1335)
4(1334 1335 10032 10031)
4(1375 9994 10033 1336)
4(1335 1336 10033 10032)
4(1376 9995 10034 1337)
4(1336 1337 10034 10033)
4(1377 9996 10035 1338)
4(1337 1338 10035 10034)
4(1378 9997 10036 1339)
4(1338 1339 10036 10035)
4(1379 9998 10037 1340)
4(1339 1340 10037 10036)
4(1380 9999 10038 1341)
4(1340 1341 10038 10037)
4(1381 10000 10039 1342)
4(1341 1342 10039 10038)
4(1382 10001 10040 1343)
4(1342 1343 10040 10039)
4(1383 10002 10041 1344)
4(1343 1344 10041 10040)
4(1384 10003 10042 1345)
4(1344 1345 10042 10041)
4(1385 10004 10043 1346)
4(1345 1346 10043 10042)
4(1386 10005 10044 1347)
4(1346 1347 10044 10043)
4(1387 10006 10045 1348)
4(1347 1348 10045 10044)
4(1388 10007 10046 1349)
4(1348 1349 10046 10045)
4(1349 335 454 10046)
4(1311 10008 10047 1272)
4(124 1272 10047 243)
4(1312 10009 10048 1273)
4(1272 1273 10048 10047)
4(1313 10010 10049 1274)
4(1273 1274 10049 10048)
4(1314 10011 10050 1275)
4(1274 1275 10050 10049)
4(1315 10012 10051 1276)
4(1275 1276 10051 10050)
4(1316 10013 10052 1277)
4(1276 1277 10052 10051)
4(1317 10014 10053 1278)
4(1277 1278 10053 10052)
4(1318 10015 10054 1279)
4(1278 1279 10054 10053)
4(1319 10016 10055 1280)
4(1279 1280 10055 10054)
4(1320 10017 10056 1281)
4(1280 1281 10056 10055)
4(1321 10018 10057 1282)
4(1281 1282 10057 10056)
4(1322 10019 10058 1283)
4(1282 1283 10058 10057)
4(1323 10020 10059 1284)
4(1283 1284 10059 10058)
4(1324 10021 10060 1285)
4(1284 1285 10060 10059)
4(1325 10022 10061 1286)
4(1285 1286 10061 10060)
4(1326 10023 10062 1287)
4(1286 1287 10062 10061)
4(1327 10024 10063 1288)
4(1287 1288 10063 10062)
4(1328 10025 10064 1289)
4(1288 1289 10064 10063)
4(1329 10026 10065 1290)
4(1289 1290 10065 10064)
4(1330 10027 10066 1291)
4(1290 1291 10066 10065)
4(1331 10028 10067 1292)
4(1291 1292 10067 10066)
4(1332 10029 10068 1293)
4(1292 1293 10068 10067)
4(1333 10030 10069 1294)
4(1293 1294 10069 10068)
4(1334 10031 10070 1295)
4(1294 1295 10070 10069)
4(1335 10032 10071 1296)
4(1295 1296 10071 10070)
4(1336 10033 10072 1297)
4(1296 1297 10072 10071)
4(1337 10034 10073 1298)
4(1297 1298 10073 10072)
4(1338 10035 10074 1299)
4(1298 1299 10074 10073)
4(1339 10036 10075 1300)
4(1299 1300 10075 10074)
4(1340 10037 10076 1301)
4(1300 1301 10076 10075)
4(1341 10038 10077 1302)
4(1301 1302 10077 10076)
4(1342 10039 10078 1303)
4(1302 1303 10078 10077)
4(1343 10040 10079 1304)
4(1303 1304 10079 10078)
4(1344 10041 10080 1305)
4(1304 1305 10080 10079)
4(1345 10042 10081 1306)
4(1305 1306 10081 10080)
4(1346 10043 10082 1307)
4(1306 1307 10082 10081)
4(1347 10044 10083 1308)
4(1307 1308 10083 10082)
4(1348 10045 10084 1309)
4(1308 1309 10084 10083)
4(1349 10046 10085 1310)
4(1309 1310 10085 10084)
4(1310 334 453 10085)
4(1272 10047 10086 1233)
4(125 1233 10086 244)
4(1273 10048 10087 1234)
4(1233 1234 10087 10086)
4(1274 10049 10088 1235)
4(1234 1235 10088 10087)
4(1275 10050 10089 1236)
4(1235 1236 10089 10088)
4(1276 10051 10090 1237)
4(1236 1237 10090 10089)
4(1277 10052 10091 1238)
4(1237 1238 10091 10090)
4(1278 10053 10092 1239)
4(1238 1239 10092 10091)
4(1279 10054 10093 1240)
4(1239 1240 10093 10092)
4(1280 10055 10094 1241)
4(1240 1241 10094 10093)
4(1281 10056 10095 1242)
4(1241 1242 10095 10094)
4(1282 10057 10096 1243)
4(1242 1243 10096 10095)
4(1283 10058 10097 1244)
4(1243 1244 10097 10096)
4(1284 10059 10098 1245)
4(1244 1245 10098 10097)
4(1285 10060 10099 1246)
4(1245 1246 10099 10098)
4(1286 10061 10100 1247)
4(1246 1247 10100 10099)
4(1287 10062 10101 1248)
4(1247 1248 10101 10100)
4(1288 10063 10102 1249)
4(1248 1249 10102 10101)
4(1289 10064 10103 1250)
4(1249 1250 10103 10102)
4(1290 10065 10104 1251)
4(1250 1251 10104 10103)
4(1291 10066 10105 1252)
4(1251 1252 10105 10104)
4(1292 10067 10106 1253)
4(1252 1253 10106 10105)
4(1293 10068 10107 1254)
4(1253 1254 10107 10106)
4(1294 10069 10108 1255)
4(1254 1255 10108 10107)
4(1295 10070 10109 1256)
4(1255 1256 10109 10108)
4(1296 10071 10110 1257)
4(1256 1257 10110 10109)
4(1297 10072 10111 1258)
4(1257 1258 10111 10110)
4(1298 10073 10112 1259)
4(1258 1259 10112 10111)
4(1299 10074 10113 1260)
4(1259 1260 10113 10112)
4(1300 10075 10114 1261)
4(1260 1261 10114 10113)
4(1301 10076 10115 1262)
4(1261 1262 10115 10114)
4(1302 10077 10116 1263)
4(1262 1263 10116 10115)
4(1303 10078 10117 1264)
4(1263 1264 10117 10116)
4(1304 10079 10118 1265)
4(1264 1265 10118 10117)
4(1305 10080 10119 1266)
4(1265 1266 10119 10118)
4(1306 10081 10120 1267)
4(1266 1267 10120 10119)
4(1307 10082 10121 1268)
4(1267 1268 10121 10120)
4(1308 10083 10122 1269)
4(1268 1269 10122 10121)
4(1309 10084 10123 1270)
4(1269 1270 10123 10122)
4(1310 10085 10124 1271)
4(1270 1271 10124 10123)
4(1271 333 452 10124)
4(1233 10086 10125 1194)
4(126 1194 10125 245)
4(1234 10087 10126 1195)
4(1194 1195 10126 10125)
4(1235 10088 10127 1196)
4(1195 1196 10127 10126)
4(1236 10089 10128 1197)
4(1196 1197 10128 10127)
4(1237 10090 10129 1198)
4(1197 1198 10129 10128)
4(1238 10091 10130 1199)
4(1198 1199 10130 10129)
4(1239 10092 10131 1200)
4(1199 1200 10131 10130)
4(1240 10093 10132 1201)
4(1200 1201 10132 10131)
4(1241 10094 10133 1202)
4(1201 1202 10133 10132)
4(1242 10095 10134 1203)
4(1202 1203 10134 10133)
4(1243 10096 10135 1204)
4(1203 1204 10135 10134)
4(1244 10097 10136 1205)
4(1204 1205 10136 10135)
4(1245 10098 10137 1206)
4(1205 1206 10137 10136)
4(1246 10099 10138 1207)
4(1206 1207 10138 10137)
4(1247 10100 10139 1208)
4(1207 1208 10139 10138)
4(1248 10101 10140 1209)
4(1208 1209 10140 10139)
4(1249 10102 10141 1210)
4(1209 1210 10141 10140)
4(1250 10103 10142 1211)
4(1210 1211 10142 10141)
4(1251 10104 10143 1212)
4(1211 1212 10143 10142)
4(1252 10105 10144 1213)
4(1212 1213 10144 10143)
4(1253 10106 10145 1214)
4(1213 1214 10145 10144)
4(1254 10107 10146 1215)
4(1214 1215 10146 10145)
4(1255 10108 10147 1216)
4(1215 1216 10147 10146)
4(1256 10109 10148 1217)
4(1216 1217 10148 10147)
4(1257 10110 10149 1218)
4(1217 1218 10149 10148)
4(1258 10111 10150 1219)
4(1218 1219 10150 10149)
4(1259 10112 10151 1220)
4(1219 1220 10151 10150)
4(1260 10113 10152 1221)
4(1220 1221 10152 10151)
4(1261 10114 10153 1222)
4(1221 1222 10153 10152)
4(1262 10115 10154 1223)
4(1222 1223 10154 10153)
4(1263 10116 10155 1224)
4(1223 1224 10155 10154)
4(1264 10117 10156 1225)
4(1224 1225 10156 10155)
4(1265 10118 10157 1226)
4(1225 1226 10157 10156)
4(1266 10119 10158 1227)
4(1226 1227 10158 10157)
4(1267 10120 10159 1228)
4(1227 1228 10159 10158)
4(1268 10121 10160 1229)
4(1228 1229 10160 10159)
4(1269 10122 10161 1230)
4(1229 1230 10161 10160)
4(1270 10123 10162 1231)
4(1230 1231 10162 10161)
4(1271 10124 10163 1232)
4(1231 1232 10163 10162)
4(1232 332 451 10163)
4(1194 10125 10164 1155)
4(127 1155 10164 246)
4(1195 10126 10165 1156)
4(1155 1156 10165 10164)
4(1196 10127 10166 1157)
4(1156 1157 10166 10165)
4(1197 10128 10167 1158)
4(1157 1158 10167 10166)
4(1198 10129 10168 1159)
4(1158 1159 10168 10167)
4(1199 10130 10169 1160)
4(1159 1160 10169 10168)
4(1200 10131 10170 1161)
4(1160 1161 10170 10169)
4(1201 10132 10171 1162)
4(1161 1162 10171 10170)
4(1202 10133 10172 1163)
4(1162 1163 10172 10171)
4(1203 10134 10173 1164)
4(1163 1164 10173 10172)
4(1204 10135 10174 1165)
4(1164 1165 10174 10173)
4(1205 10136 10175 1166)
4(1165 1166 10175 10174)
4(1206 10137 10176 1167)
4(1166 1167 10176 10175)
4(1207 10138 10177 1168)
4(1167 1168 10177 10176)
4(1208 10139 10178 1169)
4(1168 1169 10178 10177)
4(1209 10140 10179 1170)
4(1169 1170 10179 10178)
4(1210 10141 10180 1171)
4(1170 1171 10180 10179)
4(1211 10142 10181 1172)
4(1171 1172 10181 10180)
4(1212 10143 10182 1173)
4(1172 1173 10182 10181)
4(1213 10144 10183 1174)
4(1173 1174 10183 10182)
4(1214 10145 10184 1175)
4(1174 1175 10184 10183)
4(1215 10146 10185 1176)
4(1175 1176 10185 10184)
4(1216 10147 10186 1177)
4(1176 1177 10186 10185)
4(1217 10148 10187 1178)
4(1177 1178 10187 10186)
4(1218 10149 10188 1179)
4(1178 1179 10188 10187)
4(1219 10150 10189 1180)
4(1179 1180 10189 10188)
4(1220 10151 10190 1181)
4(1180 1181 10190 10189)
4(1221 10152 10191 1182)
4(1181 1182 10191 10190)
4(1222 10153 10192 1183)
4(1182 1183 10192 10191)
4(1223 10154 10193 1184)
4(1183 1184 10193 10192)
4(1224 10155 10194 1185)
4(1184 1185 10194 10193)
4(1225 10156 10195 1186)
4(1185 1186 10195 10194)
4(1226 10157 10196 1187)
4(1186 1187 10196 10195)
4(1227 10158 10197 1188)
4(1187 1188 10197 10196)
4(1228 10159 10198 1189)
4(1188 1189 10198 10197)
4(1229 10160 10199 1190)
4(1189 1190 10199 10198)
4(1230 10161 10200 1191)
4(1190 1191 10200 10199)
4(1231 10162 10201 1192)
4(1191 1192 10201 10200)
4(1232 10163 10202 1193)
4(1192 1193 10202 10201)
4(1193 331 450 10202)
4(1155 10164 10203 1116)
4(128 1116 10203 247)
4(1156 10165 10204 1117)
4(1116 1117 10204 10203)
4(1157 10166 10205 1118)
4(1117 1118 10205 10204)
4(1158 10167 10206 1119)
4(1118 1119 10206 10205)
4(1159 10168 10207 1120)
4(1119 1120 10207 10206)
4(1160 10169 10208 1121)
4(1120 1121 10208 10207)
4(1161 10170 10209 1122)
4(1121 1122 10209 10208)
4(1162 10171 10210 1123)
4(1122 1123 10210 10209)
4(1163 10172 10211 1124)
4(1123 1124 10211 10210)
4(1164 10173 10212 1125)
4(1124 1125 10212 10211)
4(1165 10174 10213 1126)
4(1125 1126 10213 10212)
4(1166 10175 10214 1127)
4(1126 1127 10214 10213)
4(1167 10176 10215 1128)
4(1127 1128 10215 10214)
4(1168 10177 10216 1129)
4(1128 1129 10216 10215)
4(1169 10178 10217 1130)
4(1129 1130 10217 10216)
4(1170 10179 10218 1131)
4(1130 1131 10218 10217)
4(1171 10180 10219 1132)
4(1131 1132 10219 10218)
4(1172 10181 10220 1133)
4(1132 1133 10220 10219)
4(1173 10182 10221 1134)
4(1133 1134 10221 10220)
4(1174 10183 10222 1135)
4(1134 1135 10222 10221)
4(1175 10184 10223 1136)
4(1135 1136 10223 10222)
4(1176 10185 10224 1137)
4(1136 1137 10224 10223)
4(1177 10186 10225 1138)
4(1137 1138 10225 10224)
4(1178 10187 10226 1139)
4(1138 1139 10226 10225)
4(1179 10188 10227 1140)
4(1139 1140 10227 10226)
4(1180 10189 10228 1141)
4(1140 1141 10228 10227)
4(1181 10190 10229 1142)
4(1141 1142 10229 10228)
4(1182 10191 10230 1143)
4(1142 1143 10230 10229)
4(1183 10192 10231 1144)
4(1143 1144 10231 10230)
4(1184 10193 10232 1145)
4(1144 1145 10232 10231)
4(1185 10194 10233 1146)
4(1145 1146 10233 10232)
4(1186 10195 10234 1147)
4(1146 1147 10234 10233)
4(1187 10196 10235 1148)
4(1147 1148 10235 10234)
4(1188 10197 10236 1149)
4(1148 1149 10236 10235)
4(1189 10198 10237 1150)
4(1149 1150 10237 10236)
4(1190 10199 10238 1151)
4(1150 1151 10238 10237)
4(1191 10200 10239 1152)
4(1151 1152 10239 10238)
4(1192 10201 10240 1153)
4(1152 1153 10240 10239)
4(1193 10202 10241 1154)
4(1153 1154 10241 10240)
4(1154 330 449 10241)
4(1116 10203 10242 1077)
4(129 1077 10242 248)
4(1117 10204 10243 1078)
4(1077 1078 10243 10242)
4(1118 10205 10244 1079)
4(1078 1079 10244 10243)
4(1119 10206 10245 1080)
4(1079 1080 10245 10244)
4(1120 10207 10246 1081)
4(1080 1081 10246 10245)
4(1121 10208 10247 1082)
4(1081 1082 10247 10246)
4(1122 10209 10248 1083)
4(1082 1083 10248 10247)
4(1123 10210 10249 1084)
4(1083 1084 10249 10248)
4(1124 10211 10250 1085)
4(1084 1085 10250 10249)
4(1125 10212 10251 1086)
4(1085 1086 10251 10250)
4(1126 10213 10252 1087)
4(1086 1087 10252 10251)
4(1127 10214 10253 1088)
4(1087 1088 10253 10252)
4(1128 10215 10254 1089)
4(1088 1089 10254 10253)
4(1129 10216 10255 1090)
4(1089 1090 10255 10254)
4(1130 10217 10256 1091)
4(1090 1091 10256 10255)
4(1131 10218 10257 1092)
4(1091 1092 10257 10256)
4(1132 10219 10258 1093)
4(1092 1093 10258 10257)
4(1133 10220 10259 1094)
4(1093 1094 10259 10258)
4(1134 10221 10260 1095)
4(1094 1095 10260 10259)
4(1135 10222 10261 1096)
4(1095 1096 10261 10260)
4(1136 10223 10262 1097)
4(1096 1097 10262 10261)
4(1137 10224 10263 1098)
4(1097 1098 10263 10262)
4(1138 10225 10264 1099)
4(1098 1099 10264 10263)
4(1139 10226 10265 1100)
4(1099 1100 10265 10264)
4(1140 10227 10266 1101)
4(1100 1101 10266 10265)
4(1141 10228 10267 1102)
4(1101 1102 10267 10266)
4(1142 10229 10268 1103)
4(1102 1103 10268 10267)
4(1143 10230 10269 1104)
4(1103 1104 10269 10268)
4(1144 10231 10270 1105)
4(1104 1105 10270 10269)
4(1145 10232 10271 1106)
4(1105 1106 10271 10270)
4(1146 10233 10272 1107)
4(1106 1107 10272 10271)
4(1147 10234 10273 1108)
4(1107 1108 10273 10272)
4(1148 10235 10274 1109)
4(1108 1109 10274 10273)
4(1149 10236 10275 1110)
4(1109 1110 10275 10274)
4(1150 10237 10276 1111)
4(1110 1111 10276 10275)
4(1151 10238 10277 1112)
4(1111 1112 10277 10276)
4(1152 10239 10278 1113)
4(1112 1113 10278 10277)
4(1153 10240 10279 1114)
4(1113 1114 10279 10278)
4(1154 10241 10280 1115)
4(1114 1115 10280 10279)
4(1115 329 448 10280)
4(1077 10242 10281 1038)
4(130 1038 10281 249)
4(1078 10243 10282 1039)
4(1038 1039 10282 10281)
4(1079 10244 10283 1040)
4(1039 1040 10283 10282)
4(1080 10245 10284 1041)
4(1040 1041 10284 10283)
4(1081 10246 10285 1042)
4(1041 1042 10285 10284)
4(1082 10247 10286 1043)
4(1042 1043 10286 10285)
4(1083 10248 10287 1044)
4(1043 1044 10287 10286)
4(1084 10249 10288 1045)
4(1044 1045 10288 10287)
4(1085 10250 10289 1046)
4(1045 1046 10289 10288)
4(1086 10251 10290 1047)
4(1046 1047 10290 10289)
4(1087 10252 10291 1048)
4(1047 1048 10291 10290)
4(1088 10253 10292 1049)
4(1048 1049 10292 10291)
4(1089 10254 10293 1050)
4(1049 1050 10293 10292)
4(1090 10255 10294 1051)
4(1050 1051 10294 10293)
4(1091 10256 10295 1052)
4(1051 1052 10295 10294)
4(1092 10257 10296 1053)
4(1052 1053 10296 10295)
4(1093 10258 10297 1054)
4(1053 1054 10297 10296)
4(1094 10259 10298 1055)
4(1054 1055 10298 10297)
4(1095 10260 10299 1056)
4(1055 1056 10299 10298)
4(1096 10261 10300 1057)
4(1056 1057 10300 10299)
4(1097 10262 10301 1058)
4(1057 1058 10301 10300)
4(1098 10263 10302 1059)
4(1058 1059 10302 10301)
4(1099 10264 10303 1060)
4(1059 1060 10303 10302)
4(1100 10265 10304 1061)
4(1060 1061 10304 10303)
4(1101 10266 10305 1062)
4(1061 1062 10305 10304)
4(1102 10267 10306 1063)
4(1062 1063 10306 10305)
4(1103 10268 10307 1064)
4(1063 1064 10307 10306)
4(1104 10269 10308 1065)
4(1064 1065 10308 10307)
4(1105 10270 10309 1066)
4(1065 1066 10309 10308)
4(1106 10271 10310 1067)
4(1066 1067 10310 10309)
4(1107 10272 10311 1068)
4(1067 1068 10311 10310)
4(1108 10273 10312 1069)
4(1068 1069 10312 10311)
4(1109 10274 10313 1070)
4(1069 1070 10313 10312)
4(1110 10275 10314 1071)
4(1070 1071 10314 10313)
4(1111 10276 10315 1072)
4(1071 1072 10315 10314)
4(1112 10277 10316 1073)
4(1072 1073 10316 10315)
4(1113 10278 10317 1074)
4(1073 1074 10317 10316)
4(1114 10279 10318 1075)
4(1074 1075 10318 10317)
4(1115 10280 10319 1076)
4(1075 1076 10319 10318)
4(1076 328 447 10319)
4(1038 10281 289 250)
4(2 250 289 3)
4(1039 10282 290 251)
4(250 251 290 289)
4(1040 10283 291 252)
4(251 252 291 290)
4(1041 10284 292 253)
4(252 253 292 291)
4(1042 10285 293 254)
4(253 254 293 292)
4(1043 10286 294 255)
4(254 255 294 293)
4(1044 10287 295 256)
4(255 256 295 294)
4(1045 10288 296 257)
4(256 257 296 295)
4(1046 10289 297 258)
4(257 258 297 296)
4(1047 10290 298 259)
4(258 259 298 297)
4(1048 10291 299 260)
4(259 260 299 298)
4(1049 10292 300 261)
4(260 261 300 299)
4(1050 10293 301 262)
4(261 262 301 300)
4(1051 10294 302 263)
4(262 263 302 301)
4(1052 10295 303 264)
4(263 264 303 302)
4(1053 10296 304 265)
4(264 265 304 303)
4(1054 10297 305 266)
4(265 266 305 304)
4(1055 10298 306 267)
4(266 267 306 305)
4(1056 10299 307 268)
4(267 268 307 306)
4(1057 10300 308 269)
4(268 269 308 307)
4(1058 10301 309 270)
4(269 270 309 308)
4(1059 10302 310 271)
4(270 271 310 309)
4(1060 10303 311 272)
4(271 272 311 310)
4(1061 10304 312 273)
4(272 273 312 311)
4(1062 10305 313 274)
4(273 274 313 312)
4(1063 10306 314 275)
4(274 275 314 313)
4(1064 10307 315 276)
4(275 276 315 314)
4(1065 10308 316 277)
4(276 277 316 315)
4(1066 10309 317 278)
4(277 278 317 316)
4(1067 10310 318 279)
4(278 279 318 317)
4(1068 10311 319 280)
4(279 280 319 318)
4(1069 10312 320 281)
4(280 281 320 319)
4(1070 10313 321 282)
4(281 282 321 320)
4(1071 10314 322 283)
4(282 283 322 321)
4(1072 10315 323 284)
4(283 284 323 322)
4(1073 10316 324 285)
4(284 285 324 323)
4(1074 10317 325 286)
4(285 286 325 324)
4(1075 10318 326 287)
4(286 287 326 325)
4(1076 10319 327 288)
4(287 288 327 326)
4(288 4 5 327)
4(250 289 13401 13362)
4(644 13362 13401 723)
4(251 290 13402 13363)
4(13362 13363 13402 13401)
4(252 291 13403 13364)
4(13363 13364 13403 13402)
4(253 292 13404 13365)
4(13364 13365 13404 13403)
4(254 293 13405 13366)
4(13365 13366 13405 13404)
4(255 294 13406 13367)
4(13366 13367 13406 13405)
4(256 295 13407 13368)
4(13367 13368 13407 13406)
4(257 296 13408 13369)
4(13368 13369 13408 13407)
4(258 297 13409 13370)
4(13369 13370 13409 13408)
4(259 298 13410 13371)
4(13370 13371 13410 13409)
4(260 299 13411 13372)
4(13371 13372 13411 13410)
4(261 300 13412 13373)
4(13372 13373 13412 13411)
4(262 301 13413 13374)
4(13373 13374 13413 13412)
4(263 302 13414 13375)
4(13374 13375 13414 13413)
4(264 303 13415 13376)
4(13375 13376 13415 13414)
4(265 304 13416 13377)
4(13376 13377 13416 13415)
4(266 305 13417 13378)
4(13377 13378 13417 13416)
4(267 306 13418 13379)
4(13378 13379 13418 13417)
4(268 307 13419 13380)
4(13379 13380 13419 13418)
4(269 308 13420 13381)
4(13380 13381 13420 13419)
4(270 309 13421 13382)
4(13381 13382 13421 13420)
4(271 310 13422 13383)
4(13382 13383 13422 13421)
4(272 311 13423 13384)
4(13383 13384 13423 13422)
4(273 312 13424 13385)
4(13384 13385 13424 13423)
4(274 313 13425 13386)
4(13385 13386 13425 13424)
4(275 314 13426 13387)
4(13386 13387 13426 13425)
4(276 315 13427 13388)
4(13387 13388 13427 13426)
4(277 316 13428 13389)
4(13388 13389 13428 13427)
4(278 317 13429 13390)
4(13389 13390 13429 13428)
4(279 318 13430 13391)
4(13390 13391 13430 13429)
4(280 319 13431 13392)
4(13391 13392 13431 13430)
4(281 320 13432 13393)
4(13392 13393 13432 13431)
4(282 321 13433 13394)
4(13393 13394 13433 13432)
4(283 322 13434 13395)
4(13394 13395 13434 13433)
4(284 323 13435 13396)
4(13395 13396 13435 13434)
4(285 324 13436 13397)
4(13396 13397 13436 13435)
4(286 325 13437 13398)
4(13397 13398 13437 13436)
4(287 326 13438 13399)
4(13398 13399 13438 13437)
4(288 327 13439 13400)
4(13399 13400 13439 13438)
4(13400 958 1037 13439)
4(13362 13401 13440 13323)
4(645 13323 13440 724)
4(13363 13402 13441 13324)
4(13323 13324 13441 13440)
4(13364 13403 13442 13325)
4(13324 13325 13442 13441)
4(13365 13404 13443 13326)
4(13325 13326 13443 13442)
4(13366 13405 13444 13327)
4(13326 13327 13444 13443)
4(13367 13406 13445 13328)
4(13327 13328 13445 13444)
4(13368 13407 13446 13329)
4(13328 13329 13446 13445)
4(13369 13408 13447 13330)
4(13329 13330 13447 13446)
4(13370 13409 13448 13331)
4(13330 13331 13448 13447)
4(13371 13410 13449 13332)
4(13331 13332 13449 13448)
4(13372 13411 13450 13333)
4(13332 13333 13450 13449)
4(13373 13412 13451 13334)
4(13333 13334 13451 13450)
4(13374 13413 13452 13335)
4(13334 13335 13452 13451)
4(13375 13414 13453 13336)
4(13335 13336 13453 13452)
4(13376 13415 13454 13337)
4(13336 13337 13454 13453)
4(13377 13416 13455 13338)
4(13337 13338 13455 13454)
4(13378 13417 13456 13339)
4(13338 13339 13456 13455)
4(13379 13418 13457 13340)
4(13339 13340 13457 13456)
4(13380 13419 13458 13341)
4(13340 13341 13458 13457)
4(13381 13420 13459 13342)
4(13341 13342 13459 13458)
4(13382 13421 13460 13343)
4(13342 13343 13460 13459)
4(13383 13422 13461 13344)
4(13343 13344 13461 13460)
4(13384 13423 13462 13345)
4(13344 13345 13462 13461)
4(13385 13424 13463 13346)
4(13345 13346 13463 13462)
4(13386 13425 13464 13347)
4(13346 13347 13464 13463)
4(13387 13426 13465 13348)
4(13347 13348 13465 13464)
4(13388 13427 13466 13349)
4(13348 13349 13466 13465)
4(13389 13428 13467 13350)
4(13349 13350 13467 13466)
4(13390 13429 13468 13351)
4(13350 13351 13468 13467)
4(13391 13430 13469 13352)
4(13351 13352 13469 13468)
4(13392 13431 13470 13353)
4(13352 13353 13470 13469)
4(13393 13432 13471 13354)
4(13353 13354 13471 13470)
4(13394 13433 13472 13355)
4(13354 13355 13472 13471)
4(13395 13434 13473 13356)
4(13355 13356 13473 13472)
4(13396 13435 13474 13357)
4(13356 13357 13474 13473)
4(13397 13436 13475 13358)
4(13357 13358 13475 13474)
4(13398 13437 13476 13359)
4(13358 13359 13476 13475)
4(13399 13438 13477 13360)
4(13359 13360 13477 13476)
4(13400 13439 13478 13361)
4(13360 13361 13478 13477)
4(13361 957 1036 13478)
4(13323 13440 13479 13284)
4(646 13284 13479 725)
4(13324 13441 13480 13285)
4(13284 13285 13480 13479)
4(13325 13442 13481 13286)
4(13285 13286 13481 13480)
4(13326 13443 13482 13287)
4(13286 13287 13482 13481)
4(13327 13444 13483 13288)
4(13287 13288 13483 13482)
4(13328 13445 13484 13289)
4(13288 13289 13484 13483)
4(13329 13446 13485 13290)
4(13289 13290 13485 13484)
4(13330 13447 13486 13291)
4(13290 13291 13486 13485)
4(13331 13448 13487 13292)
4(13291 13292 13487 13486)
4(13332 13449 13488 13293)
4(13292 13293 13488 13487)
4(13333 13450 13489 13294)
4(13293 13294 13489 13488)
4(13334 13451 13490 13295)
4(13294 13295 13490 13489)
4(13335 13452 13491 13296)
4(13295 13296 13491 13490)
4(13336 13453 13492 13297)
4(13296 13297 13492 13491)
4(13337 13454 13493 13298)
4(13297 13298 13493 13492)
4(13338 13455 13494 13299)
4(13298 13299 13494 13493)
4(13339 13456 13495 13300)
4(13299 13300 13495 13494)
4(13340 13457 13496 13301)
4(13300 13301 13496 13495)
4(13341 13458 13497 13302)
4(13301 13302 13497 13496)
4(13342 13459 13498 13303)
4(13302 13303 13498 13497)
4(13343 13460 13499 13304)
4(13303 13304 13499 13498)
4(13344 13461 13500 13305)
4(13304 13305 13500 13499)
4(13345 13462 13501 13306)
4(13305 13306 13501 13500)
4(13346 13463 13502 13307)
4(13306 13307 13502 13501)
4(13347 13464 13503 13308)
4(13307 13308 13503 13502)
4(13348 13465 13504 13309)
4(13308 13309 13504 13503)
4(13349 13466 13505 13310)
4(13309 13310 13505 13504)
4(13350 13467 13506 13311)
4(13310 13311 13506 13505)
4(13351 13468 13507 13312)
4(13311 13312 13507 13506)
4(13352 13469 13508 13313)
4(13312 13313 13508 13507)
4(13353 13470 13509 13314)
4(13313 13314 13509 13508)
4(13354 13471 13510 13315)
4(13314 13315 13510 13509)
4(13355 13472 13511 13316)
4(13315 13316 13511 13510)
4(13356 13473 13512 13317)
4(13316 13317 13512 13511)
4(13357 13474 13513 13318)
4(13317 13318 13513 13512)
4(13358 13475 13514 13319)
4(13318 13319 13514 13513)
4(13359 13476 13515 13320)
4(13319 13320 13515 13514)
4(13360 13477 13516 13321)
4(13320 13321 13516 13515)
4(13361 13478 13517 13322)
4(13321 13322 13517 13516)
4(13322 956 1035 13517)
4(13284 13479 13518 13245)
4(647 13245 13518 726)
4(13285 13480 13519 13246)
4(13245 13246 13519 13518)
4(13286 13481 13520 13247)
4(13246 13247 13520 13519)
4(13287 13482 13521 13248)
4(13247 13248 13521 13520)
4(13288 13483 13522 13249)
4(13248 13249 13522 13521)
4(13289 13484 13523 13250)
4(13249 13250 13523 13522)
4(13290 13485 13524 13251)
4(13250 13251 13524 13523)
4(13291 13486 13525 13252)
4(13251 13252 13525 13524)
4(13292 13487 13526 13253)
4(13252 13253 13526 13525)
4(13293 13488 13527 13254)
4(13253 13254 13527 13526)
4(13294 13489 13528 13255)
4(13254 13255 13528 13527)
4(13295 13490 13529 13256)
4(13255 13256 13529 13528)
4(13296 13491 13530 13257)
4(13256 13257 13530 13529)
4(13297 13492 13531 13258)
4(13257 13258 13531 13530)
4(13298 13493 13532 13259)
4(13258 13259 13532 13531)
4(13299 13494 13533 13260)
4(13259 13260 13533 13532)
4(13300 13495 13534 13261)
4(13260 13261 13534 13533)
4(13301 13496 13535 13262)
4(13261 13262 13535 13534)
4(13302 13497 13536 13263)
4(13262 13263 13536 13535)
4(13303 13498 13537 13264)
4(13263 13264 13537 13536)
4(13304 13499 13538 13265)
4(13264 13265 13538 13537)
4(13305 13500 13539 13266)
4(13265 13266 13539 13538)
4(13306 13501 13540 13267)
4(13266 13267 13540 13539)
4(13307 13502 13541 13268)
4(13267 13268 13541 13540)
4(13308 13503 13542 13269)
4(13268 13269 13542 13541)
4(13309 13504 13543 13270)
4(13269 13270 13543 13542)
4(13310 13505 13544 13271)
4(13270 13271 13544 13543)
4(13311 13506 13545 13272)
4(13271 13272 13545 13544)
4(13312 13507 13546 13273)
4(13272 13273 13546 13545)
4(13313 13508 13547 13274)
4(13273 13274 13547 13546)
4(13314 13509 13548 13275)
4(13274 13275 13548 13547)
4(13315 13510 13549 13276)
4(13275 13276 13549 13548)
4(13316 13511 13550 13277)
4(13276 13277 13550 13549)
4(13317 13512 13551 13278)
4(13277 13278 13551 13550)
4(13318 13513 13552 13279)
4(13278 13279 13552 13551)
4(13319 13514 13553 13280)
4(13279 13280 13553 13552)
4(13320 13515 13554 13281)
4(13280 13281 13554 13553)
4(13321 13516 13555 13282)
4(13281 13282 13555 13554)
4(13322 13517 13556 13283)
4(13282 13283 13556 13555)
4(13283 955 1034 13556)
4(13245 13518 13557 13206)
4(648 13206 13557 727)
4(13246 13519 13558 13207)
4(13206 13207 13558 13557)
4(13247 13520 13559 13208)
4(13207 13208 13559 13558)
4(13248 13521 13560 13209)
4(13208 13209 13560 13559)
4(13249 13522 13561 13210)
4(13209 13210 13561 13560)
4(13250 13523 13562 13211)
4(13210 13211 13562 13561)
4(13251 13524 13563 13212)
4(13211 13212 13563 13562)
4(13252 13525 13564 13213)
4(13212 13213 13564 13563)
4(13253 13526 13565 13214)
4(13213 13214 13565 13564)
4(13254 13527 13566 13215)
4(13214 13215 13566 13565)
4(13255 13528 13567 13216)
4(13215 13216 13567 13566)
4(13256 13529 13568 13217)
4(13216 13217 13568 13567)
4(13257 13530 13569 13218)
4(13217 13218 13569 13568)
4(13258 13531 13570 13219)
4(13218 13219 13570 13569)
4(13259 13532 13571 13220)
4(13219 13220 13571 13570)
4(13260 13533 13572 13221)
4(13220 13221 13572 13571)
4(13261 13534 13573 13222)
4(13221 13222 13573 13572)
4(13262 13535 13574 13223)
4(13222 13223 13574 13573)
4(13263 13536 13575 13224)
4(13223 13224 13575 13574)
4(13264 13537 13576 13225)
4(13224 13225 13576 13575)
4(13265 13538 13577 13226)
4(13225 13226 13577 13576)
4(13266 13539 13578 13227)
4(13226 13227 13578 13577)
4(13267 13540 13579 13228)
4(13227 13228 13579 13578)
4(13268 13541 13580 13229)
4(13228 13229 13580 13579)
4(13269 13542 13581 13230)
4(13229 13230 13581 13580)
4(13270 13543 13582 13231)
4(13230 13231 13582 13581)
4(13271 13544 13583 13232)
4(13231 13232 13583 13582)
4(13272 13545 13584 13233)
4(13232 13233 13584 13583)
4(13273 13546 13585 13234)
4(13233 13234 13585 13584)
4(13274 13547 13586 13235)
4(13234 13235 13586 13585)
4(13275 13548 13587 13236)
4(13235 13236 13587 13586)
4(13276 13549 13588 13237)
4(13236 13237 13588 13587)
4(13277 13550 13589 13238)
4(13237 13238 13589 13588)
4(13278 13551 13590 13239)
4(13238 13239 13590 13589)
4(13279 13552 13591 13240)
4(13239 13240 13591 13590)
4(13280 13553 13592 13241)
4(13240 13241 13592 13591)
4(13281 13554 13593 13242)
4(13241 13242 13593 13592)
4(13282 13555 13594 13243)
4(13242 13243 13594 13593)
4(13283 13556 13595 13244)
4(13243 13244 13595 13594)
4(13244 954 1033 13595)
4(13206 13557 13596 13167)
4(649 13167 13596 728)
4(13207 13558 13597 13168)
4(13167 13168 13597 13596)
4(13208 13559 13598 13169)
4(13168 13169 13598 13597)
4(13209 13560 13599 13170)
4(13169 13170 13599 13598)
4(13210 13561 13600 13171)
4(13170 13171 13600 13599)
4(13211 13562 13601 13172)
4(13171 13172 13601 13600)
4(13212 13563 13602 13173)
4(13172 13173 13602 13601)
4(13213 13564 13603 13174)
4(13173 13174 13603 13602)
4(13214 13565 13604 13175)
4(13174 13175 13604 13603)
4(13215 13566 13605 13176)
4(13175 13176 13605 13604)
4(13216 13567 13606 13177)
4(13176 13177 13606 13605)
4(13217 13568 13607 13178)
4(13177 13178 13607 13606)
4(13218 13569 13608 13179)
4(13178 13179 13608 13607)
4(13219 13570 13609 13180)
4(13179 13180 13609 13608)
4(13220 13571 13610 13181)
4(13180 13181 13610 13609)
4(13221 13572 13611 13182)
4(13181 13182 13611 13610)
4(13222 13573 13612 13183)
4(13182 13183 13612 13611)
4(13223 13574 13613 13184)
4(13183 13184 13613 13612)
4(13224 13575 13614 13185)
4(13184 13185 13614 13613)
4(13225 13576 13615 13186)
4(13185 13186 13615 13614)
4(13226 13577 13616 13187)
4(13186 13187 13616 13615)
4(13227 13578 13617 13188)
4(13187 13188 13617 13616)
4(13228 13579 13618 13189)
4(13188 13189 13618 13617)
4(13229 13580 13619 13190)
4(13189 13190 13619 13618)
4(13230 13581 13620 13191)
4(13190 13191 13620 13619)
4(13231 13582 13621 13192)
4(13191 13192 13621 13620)
4(13232 13583 13622 13193)
4(13192 13193 13622 13621)
4(13233 13584 13623 13194)
4(13193 13194 13623 13622)
4(13234 13585 13624 13195)
4(13194 13195 13624 13623)
4(13235 13586 13625 13196)
4(13195 13196 13625 13624)
4(13236 13587 13626 13197)
4(13196 13197 13626 13625)
4(13237 13588 13627 13198)
4(13197 13198 13627 13626)
4(13238 13589 13628 13199)
4(13198 13199 13628 13627)
4(13239 13590 13629 13200)
4(13199 13200 13629 13628)
4(13240 13591 13630 13201)
4(13200 13201 13630 13629)
4(13241 13592 13631 13202)
4(13201 13202 13631 13630)
4(13242 13593 13632 13203)
4(13202 13203 13632 13631)
4(13243 13594 13633 13204)
4(13203 13204 13633 13632)
4(13244 13595 13634 13205)
4(13204 13205 13634 13633)
4(13205 953 1032 13634)
4(13167 13596 13635 13128)
4(650 13128 13635 729)
4(13168 13597 13636 13129)
4(13128 13129 13636 13635)
4(13169 13598 13637 13130)
4(13129 13130 13637 13636)
4(13170 13599 13638 13131)
4(13130 13131 13638 13637)
4(13171 13600 13639 13132)
4(13131 13132 13639 13638)
4(13172 13601 13640 13133)
4(13132 13133 13640 13639)
4(13173 13602 13641 13134)
4(13133 13134 13641 13640)
4(13174 13603 13642 13135)
4(13134 13135 13642 13641)
4(13175 13604 13643 13136)
4(13135 13136 13643 13642)
4(13176 13605 13644 13137)
4(13136 13137 13644 13643)
4(13177 13606 13645 13138)
4(13137 13138 13645 13644)
4(13178 13607 13646 13139)
4(13138 13139 13646 13645)
4(13179 13608 13647 13140)
4(13139 13140 13647 13646)
4(13180 13609 13648 13141)
4(13140 13141 13648 13647)
4(13181 13610 13649 13142)
4(13141 13142 13649 13648)
4(13182 13611 13650 13143)
4(13142 13143 13650 13649)
4(13183 13612 13651 13144)
4(13143 13144 13651 13650)
4(13184 13613 13652 13145)
4(13144 13145 13652 13651)
4(13185 13614 13653 13146)
4(13145 13146 13653 13652)
4(13186 13615 13654 13147)
4(13146 13147 13654 13653)
4(13187 13616 13655 13148)
4(13147 13148 13655 13654)
4(13188 13617 13656 13149)
4(13148 13149 13656 13655)
4(13189 13618 13657 13150)
4(13149 13150 13657 13656)
4(13190 13619 13658 13151)
4(13150 13151 13658 13657)
4(13191 13620 13659 13152)
4(13151 13152 13659 13658)
4(13192 13621 13660 13153)
4(13152 13153 13660 13659)
4(13193 13622 13661 13154)
4(13153 13154 13661 13660)
4(13194 13623 13662 13155)
4(13154 13155 13662 13661)
4(13195 13624 13663 13156)
4(13155 13156 13663 13662)
4(13196 13625 13664 13157)
4(13156 13157 13664 13663)
4(13197 13626 13665 13158)
4(13157 13158 13665 13664)
4(13198 13627 13666 13159)
4(13158 13159 13666 13665)
4(13199 13628 13667 13160)
4(13159 13160 13667 13666)
4(13200 13629 13668 13161)
4(13160 13161 13668 13667)
4(13201 13630 13669 13162)
4(13161 13162 13669 13668)
4(13202 13631 13670 13163)
4(13162 13163 13670 13669)
4(13203 13632 13671 13164)
4(13163 13164 13671 13670)
4(13204 13633 13672 13165)
4(13164 13165 13672 13671)
4(13205 13634 13673 13166)
4(13165 13166 13673 13672)
4(13166 952 1031 13673)
4(13128 13635 13674 13089)
4(651 13089 13674 730)
4(13129 13636 13675 13090)
4(13089 13090 13675 13674)
4(13130 13637 13676 13091)
4(13090 13091 13676 13675)
4(13131 13638 13677 13092)
4(13091 13092 13677 13676)
4(13132 13639 13678 13093)
4(13092 13093 13678 13677)
4(13133 13640 13679 13094)
4(13093 13094 13679 13678)
4(13134 13641 13680 13095)
4(13094 13095 13680 13679)
4(13135 13642 13681 13096)
4(13095 13096 13681 13680)
4(13136 13643 13682 13097)
4(13096 13097 13682 13681)
4(13137 13644 13683 13098)
4(13097 13098 13683 13682)
4(13138 13645 13684 13099)
4(13098 13099 13684 13683)
4(13139 13646 13685 13100)
4(13099 13100 13685 13684)
4(13140 13647 13686 13101)
4(13100 13101 13686 13685)
4(13141 13648 13687 13102)
4(13101 13102 13687 13686)
4(13142 13649 13688 13103)
4(13102 13103 13688 13687)
4(13143 13650 13689 13104)
4(13103 13104 13689 13688)
4(13144 13651 13690 13105)
4(13104 13105 13690 13689)
4(13145 13652 13691 13106)
4(13105 13106 13691 13690)
4(13146 13653 13692 13107)
4(13106 13107 13692 13691)
4(13147 13654 13693 13108)
4(13107 13108 13693 13692)
4(13148 13655 13694 13109)
4(13108 13109 13694 13693)
4(13149 13656 13695 13110)
4(13109 13110 13695 13694)
4(13150 13657 13696 13111)
4(13110 13111 13696 13695)
4(13151 13658 13697 13112)
4(13111 13112 13697 13696)
4(13152 13659 13698 13113)
4(13112 13113 13698 13697)
4(13153 13660 13699 13114)
4(13113 13114 13699 13698)
4(13154 13661 13700 13115)
4(13114 13115 13700 13699)
4(13155 13662 13701 13116)
4(13115 13116 13701 13700)
4(13156 13663 13702 13117)
4(13116 13117 13702 13701)
4(13157 13664 13703 13118)
4(13117 13118 13703 13702)
4(13158 13665 13704 13119)
4(13118 13119 13704 13703)
4(13159 13666 13705 13120)
4(13119 13120 13705 13704)
4(13160 13667 13706 13121)
4(13120 13121 13706 13705)
4(13161 13668 13707 13122)
4(13121 13122 13707 13706)
4(13162 13669 13708 13123)
4(13122 13123 13708 13707)
4(13163 13670 13709 13124)
4(13123 13124 13709 13708)
4(13164 13671 13710 13125)
4(13124 13125 13710 13709)
4(13165 13672 13711 13126)
4(13125 13126 13711 13710)
4(13166 13673 13712 13127)
4(13126 13127 13712 13711)
4(13127 951 1030 13712)
4(13089 13674 13713 13050)
4(652 13050 13713 731)
4(13090 13675 13714 13051)
4(13050 13051 13714 13713)
4(13091 13676 13715 13052)
4(13051 13052 13715 13714)
4(13092 13677 13716 13053)
4(13052 13053 13716 13715)
4(13093 13678 13717 13054)
4(13053 13054 13717 13716)
4(13094 13679 13718 13055)
4(13054 13055 13718 13717)
4(13095 13680 13719 13056)
4(13055 13056 13719 13718)
4(13096 13681 13720 13057)
4(13056 13057 13720 13719)
4(13097 13682 13721 13058)
4(13057 13058 13721 13720)
4(13098 13683 13722 13059)
4(13058 13059 13722 13721)
4(13099 13684 13723 13060)
4(13059 13060 13723 13722)
4(13100 13685 13724 13061)
4(13060 13061 13724 13723)
4(13101 13686 13725 13062)
4(13061 13062 13725 13724)
4(13102 13687 13726 13063)
4(13062 13063 13726 13725)
4(13103 13688 13727 13064)
4(13063 13064 13727 13726)
4(13104 13689 13728 13065)
4(13064 13065 13728 13727)
4(13105 13690 13729 13066)
4(13065 13066 13729 13728)
4(13106 13691 13730 13067)
4(13066 13067 13730 13729)
4(13107 13692 13731 13068)
4(13067 13068 13731 13730)
4(13108 13693 13732 13069)
4(13068 13069 13732 13731)
4(13109 13694 13733 13070)
4(13069 13070 13733 13732)
4(13110 13695 13734 13071)
4(13070 13071 13734 13733)
4(13111 13696 13735 13072)
4(13071 13072 13735 13734)
4(13112 13697 13736 13073)
4(13072 13073 13736 13735)
4(13113 13698 13737 13074)
4(13073 13074 13737 13736)
4(13114 13699 13738 13075)
4(13074 13075 13738 13737)
4(13115 13700 13739 13076)
4(13075 13076 13739 13738)
4(13116 13701 13740 13077)
4(13076 13077 13740 13739)
4(13117 13702 13741 13078)
4(13077 13078 13741 13740)
4(13118 13703 13742 13079)
4(13078 13079 13742 13741)
4(13119 13704 13743 13080)
4(13079 13080 13743 13742)
4(13120 13705 13744 13081)
4(13080 13081 13744 13743)
4(13121 13706 13745 13082)
4(13081 13082 13745 13744)
4(13122 13707 13746 13083)
4(13082 13083 13746 13745)
4(13123 13708 13747 13084)
4(13083 13084 13747 13746)
4(13124 13709 13748 13085)
4(13084 13085 13748 13747)
4(13125 13710 13749 13086)
4(13085 13086 13749 13748)
4(13126 13711 13750 13087)
4(13086 13087 13750 13749)
4(13127 13712 13751 13088)
4(13087 13088 13751 13750)
4(13088 950 1029 13751)
4(13050 13713 13752 13011)
4(653 13011 13752 732)
4(13051 13714 13753 13012)
4(13011 13012 13753 13752)
4(13052 13715 13754 13013)
4(13012 13013 13754 13753)
4(13053 13716 13755 13014)
4(13013 13014 13755 13754)
4(13054 13717 13756 13015)
4(13014 13015 13756 13755)
4(13055 13718 13757 13016)
4(13015 13016 13757 13756)
4(13056 13719 13758 13017)
4(13016 13017 13758 13757)
4(13057 13720 13759 13018)
4(13017 13018 13759 13758)
4(13058 13721 13760 13019)
4(13018 13019 13760 13759)
4(13059 13722 13761 13020)
4(13019 13020 13761 13760)
4(13060 13723 13762 13021)
4(13020 13021 13762 13761)
4(13061 13724 13763 13022)
4(13021 13022 13763 13762)
4(13062 13725 13764 13023)
4(13022 13023 13764 13763)
4(13063 13726 13765 13024)
4(13023 13024 13765 13764)
4(13064 13727 13766 13025)
4(13024 13025 13766 13765)
4(13065 13728 13767 13026)
4(13025 13026 13767 13766)
4(13066 13729 13768 13027)
4(13026 13027 13768 13767)
4(13067 13730 13769 13028)
4(13027 13028 13769 13768)
4(13068 13731 13770 13029)
4(13028 13029 13770 13769)
4(13069 13732 13771 13030)
4(13029 13030 13771 13770)
4(13070 13733 13772 13031)
4(13030 13031 13772 13771)
4(13071 13734 13773 13032)
4(13031 13032 13773 13772)
4(13072 13735 13774 13033)
4(13032 13033 13774 13773)
4(13073 13736 13775 13034)
4(13033 13034 13775 13774)
4(13074 13737 13776 13035)
4(13034 13035 13776 13775)
4(13075 13738 13777 13036)
4(13035 13036 13777 13776)
4(13076 13739 13778 13037)
4(13036 13037 13778 13777)
4(13077 13740 13779 13038)
4(13037 13038 13779 13778)
4(13078 13741 13780 13039)
4(13038 13039 13780 13779)
4(13079 13742 13781 13040)
4(13039 13040 13781 13780)
4(13080 13743 13782 13041)
4(13040 13041 13782 13781)
4(13081 13744 13783 13042)
4(13041 13042 13783 13782)
4(13082 13745 13784 13043)
4(13042 13043 13784 13783)
4(13083 13746 13785 13044)
4(13043 13044 13785 13784)
4(13084 13747 13786 13045)
4(13044 13045 13786 13785)
4(13085 13748 13787 13046)
4(13045 13046 13787 13786)
4(13086 13749 13788 13047)
4(13046 13047 13788 13787)
4(13087 13750 13789 13048)
4(13047 13048 13789 13788)
4(13088 13751 13790 13049)
4(13048 13049 13790 13789)
4(13049 949 1028 13790)
4(13011 13752 13791 12972)
4(654 12972 13791 733)
4(13012 13753 13792 12973)
4(12972 12973 13792 13791)
4(13013 13754 13793 12974)
4(12973 12974 13793 13792)
4(13014 13755 13794 12975)
4(12974 12975 13794 13793)
4(13015 13756 13795 12976)
4(12975 12976 13795 13794)
4(13016 13757 13796 12977)
4(12976 12977 13796 13795)
4(13017 13758 13797 12978)
4(12977 12978 13797 13796)
4(13018 13759 13798 12979)
4(12978 12979 13798 13797)
4(13019 13760 13799 12980)
4(12979 12980 13799 13798)
4(13020 13761 13800 12981)
4(12980 12981 13800 13799)
4(13021 13762 13801 12982)
4(12981 12982 13801 13800)
4(13022 13763 13802 12983)
4(12982 12983 13802 13801)
4(13023 13764 13803 12984)
4(12983 12984 13803 13802)
4(13024 13765 13804 12985)
4(12984 12985 13804 13803)
4(13025 13766 13805 12986)
4(12985 12986 13805 13804)
4(13026 13767 13806 12987)
4(12986 12987 13806 13805)
4(13027 13768 13807 12988)
4(12987 12988 13807 13806)
4(13028 13769 13808 12989)
4(12988 12989 13808 13807)
4(13029 13770 13809 12990)
4(12989 12990 13809 13808)
4(13030 13771 13810 12991)
4(12990 12991 13810 13809)
4(13031 13772 13811 12992)
4(12991 12992 13811 13810)
4(13032 13773 13812 12993)
4(12992 12993 13812 13811)
4(13033 13774 13813 12994)
4(12993 12994 13813 13812)
4(13034 13775 13814 12995)
4(12994 12995 13814 13813)
4(13035 13776 13815 12996)
4(12995 12996 13815 13814)
4(13036 13777 13816 12997)
4(12996 12997 13816 13815)
4(13037 13778 13817 12998)
4(12997 12998 13817 13816)
4(13038 13779 13818 12999)
4(12998 12999 13818 13817)
4(13039 13780 13819 13000)
4(12999 13000 13819 13818)
4(13040 13781 13820 13001)
4(13000 13001 13820 13819)
4(13041 13782 13821 13002)
4(13001 13002 13821 13820)
4(13042 13783 13822 13003)
4(13002 13003 13822 13821)
4(13043 13784 13823 13004)
4(13003 13004 13823 13822)
4(13044 13785 13824 13005)
4(13004 13005 13824 13823)
4(13045 13786 13825 13006)
4(13005 13006 13825 13824)
4(13046 13787 13826 13007)
4(13006 13007 13826 13825)
4(13047 13788 13827 13008)
4(13007 13008 13827 13826)
4(13048 13789 13828 13009)
4(13008 13009 13828 13827)
4(13049 13790 13829 13010)
4(13009 13010 13829 13828)
4(13010 948 1027 13829)
4(12972 13791 13830 12933)
4(655 12933 13830 734)
4(12973 13792 13831 12934)
4(12933 12934 13831 13830)
4(12974 13793 13832 12935)
4(12934 12935 13832 13831)
4(12975 13794 13833 12936)
4(12935 12936 13833 13832)
4(12976 13795 13834 12937)
4(12936 12937 13834 13833)
4(12977 13796 13835 12938)
4(12937 12938 13835 13834)
4(12978 13797 13836 12939)
4(12938 12939 13836 13835)
4(12979 13798 13837 12940)
4(12939 12940 13837 13836)
4(12980 13799 13838 12941)
4(12940 12941 13838 13837)
4(12981 13800 13839 12942)
4(12941 12942 13839 13838)
4(12982 13801 13840 12943)
4(12942 12943 13840 13839)
4(12983 13802 13841 12944)
4(12943 12944 13841 13840)
4(12984 13803 13842 12945)
4(12944 12945 13842 13841)
4(12985 13804 13843 12946)
4(12945 12946 13843 13842)
4(12986 13805 13844 12947)
4(12946 12947 13844 13843)
4(12987 13806 13845 12948)
4(12947 12948 13845 13844)
4(12988 13807 13846 12949)
4(12948 12949 13846 13845)
4(12989 13808 13847 12950)
4(12949 12950 13847 13846)
4(12990 13809 13848 12951)
4(12950 12951 13848 13847)
4(12991 13810 13849 12952)
4(12951 12952 13849 13848)
4(12992 13811 13850 12953)
4(12952 12953 13850 13849)
4(12993 13812 13851 12954)
4(12953 12954 13851 13850)
4(12994 13813 13852 12955)
4(12954 12955 13852 13851)
4(12995 13814 13853 12956)
4(12955 12956 13853 13852)
4(12996 13815 13854 12957)
4(12956 12957 13854 13853)
4(12997 13816 13855 12958)
4(12957 12958 13855 13854)
4(12998 13817 13856 12959)
4(12958 12959 13856 13855)
4(12999 13818 13857 12960)
4(12959 12960 13857 13856)
4(13000 13819 13858 12961)
4(12960 12961 13858 13857)
4(13001 13820 13859 12962)
4(12961 12962 13859 13858)
4(13002 13821 13860 12963)
4(12962 12963 13860 13859)
4(13003 13822 13861 12964)
4(12963 12964 13861 13860)
4(13004 13823 13862 12965)
4(12964 12965 13862 13861)
4(13005 13824 13863 12966)
4(12965 12966 13863 13862)
4(13006 13825 13864 12967)
4(12966 12967 13864 13863)
4(13007 13826 13865 12968)
4(12967 12968 13865 13864)
4(13008 13827 13866 12969)
4(12968 12969 13866 13865)
4(13009 13828 13867 12970)
4(12969 12970 13867 13866)
4(13010 13829 13868 12971)
4(12970 12971 13868 13867)
4(12971 947 1026 13868)
4(12933 13830 13869 12894)
4(656 12894 13869 735)
4(12934 13831 13870 12895)
4(12894 12895 13870 13869)
4(12935 13832 13871 12896)
4(12895 12896 13871 13870)
4(12936 13833 13872 12897)
4(12896 12897 13872 13871)
4(12937 13834 13873 12898)
4(12897 12898 13873 13872)
4(12938 13835 13874 12899)
4(12898 12899 13874 13873)
4(12939 13836 13875 12900)
4(12899 12900 13875 13874)
4(12940 13837 13876 12901)
4(12900 12901 13876 13875)
4(12941 13838 13877 12902)
4(12901 12902 13877 13876)
4(12942 13839 13878 12903)
4(12902 12903 13878 13877)
4(12943 13840 13879 12904)
4(12903 12904 13879 13878)
4(12944 13841 13880 12905)
4(12904 12905 13880 13879)
4(12945 13842 13881 12906)
4(12905 12906 13881 13880)
4(12946 13843 13882 12907)
4(12906 12907 13882 13881)
4(12947 13844 13883 12908)
4(12907 12908 13883 13882)
4(12948 13845 13884 12909)
4(12908 12909 13884 13883)
4(12949 13846 13885 12910)
4(12909 12910 13885 13884)
4(12950 13847 13886 12911)
4(12910 12911 13886 13885)
4(12951 13848 13887 12912)
4(12911 12912 13887 13886)
4(12952 13849 13888 12913)
4(12912 12913 13888 13887)
4(12953 13850 13889 12914)
4(12913 12914 13889 13888)
4(12954 13851 13890 12915)
4(12914 12915 13890 13889)
4(12955 13852 13891 12916)
4(12915 12916 13891 13890)
4(12956 13853 13892 12917)
4(12916 12917 13892 13891)
4(12957 13854 13893 12918)
4(12917 12918 13893 13892)
4(12958 13855 13894 12919)
4(12918 12919 13894 13893)
4(12959 13856 13895 12920)
4(12919 12920 13895 13894)
4(12960 13857 13896 12921)
4(12920 12921 13896 13895)
4(12961 13858 13897 12922)
4(12921 12922 13897 13896)
4(12962 13859 13898 12923)
4(12922 12923 13898 13897)
4(12963 13860 13899 12924)
4(12923 12924 13899 13898)
4(12964 13861 13900 12925)
4(12924 12925 13900 13899)
4(12965 13862 13901 12926)
4(12925 12926 13901 13900)
4(12966 13863 13902 12927)
4(12926 12927 13902 13901)
4(12967 13864 13903 12928)
4(12927 12928 13903 13902)
4(12968 13865 13904 12929)
4(12928 12929 13904 13903)
4(12969 13866 13905 12930)
4(12929 12930 13905 13904)
4(12970 13867 13906 12931)
4(12930 12931 13906 13905)
4(12971 13868 13907 12932)
4(12931 12932 13907 13906)
4(12932 946 1025 13907)
4(12894 13869 13908 12855)
4(657 12855 13908 736)
4(12895 13870 13909 12856)
4(12855 12856 13909 13908)
4(12896 13871 13910 12857)
4(12856 12857 13910 13909)
4(12897 13872 13911 12858)
4(12857 12858 13911 13910)
4(12898 13873 13912 12859)
4(12858 12859 13912 13911)
4(12899 13874 13913 12860)
4(12859 12860 13913 13912)
4(12900 13875 13914 12861)
4(12860 12861 13914 13913)
4(12901 13876 13915 12862)
4(12861 12862 13915 13914)
4(12902 13877 13916 12863)
4(12862 12863 13916 13915)
4(12903 13878 13917 12864)
4(12863 12864 13917 13916)
4(12904 13879 13918 12865)
4(12864 12865 13918 13917)
4(12905 13880 13919 12866)
4(12865 12866 13919 13918)
4(12906 13881 13920 12867)
4(12866 12867 13920 13919)
4(12907 13882 13921 12868)
4(12867 12868 13921 13920)
4(12908 13883 13922 12869)
4(12868 12869 13922 13921)
4(12909 13884 13923 12870)
4(12869 12870 13923 13922)
4(12910 13885 13924 12871)
4(12870 12871 13924 13923)
4(12911 13886 13925 12872)
4(12871 12872 13925 13924)
4(12912 13887 13926 12873)
4(12872 12873 13926 13925)
4(12913 13888 13927 12874)
4(12873 12874 13927 13926)
4(12914 13889 13928 12875)
4(12874 12875 13928 13927)
4(12915 13890 13929 12876)
4(12875 12876 13929 13928)
4(12916 13891 13930 12877)
4(12876 12877 13930 13929)
4(12917 13892 13931 12878)
4(12877 12878 13931 13930)
4(12918 13893 13932 12879)
4(12878 12879 13932 13931)
4(12919 13894 13933 12880)
4(12879 12880 13933 13932)
4(12920 13895 13934 12881)
4(12880 12881 13934 13933)
4(12921 13896 13935 12882)
4(12881 12882 13935 13934)
4(12922 13897 13936 12883)
4(12882 12883 13936 13935)
4(12923 13898 13937 12884)
4(12883 12884 13937 13936)
4(12924 13899 13938 12885)
4(12884 12885 13938 13937)
4(12925 13900 13939 12886)
4(12885 12886 13939 13938)
4(12926 13901 13940 12887)
4(12886 12887 13940 13939)
4(12927 13902 13941 12888)
4(12887 12888 13941 13940)
4(12928 13903 13942 12889)
4(12888 12889 13942 13941)
4(12929 13904 13943 12890)
4(12889 12890 13943 13942)
4(12930 13905 13944 12891)
4(12890 12891 13944 13943)
4(12931 13906 13945 12892)
4(12891 12892 13945 13944)
4(12932 13907 13946 12893)
4(12892 12893 13946 13945)
4(12893 945 1024 13946)
4(12855 13908 13947 12816)
4(658 12816 13947 737)
4(12856 13909 13948 12817)
4(12816 12817 13948 13947)
4(12857 13910 13949 12818)
4(12817 12818 13949 13948)
4(12858 13911 13950 12819)
4(12818 12819 13950 13949)
4(12859 13912 13951 12820)
4(12819 12820 13951 13950)
4(12860 13913 13952 12821)
4(12820 12821 13952 13951)
4(12861 13914 13953 12822)
4(12821 12822 13953 13952)
4(12862 13915 13954 12823)
4(12822 12823 13954 13953)
4(12863 13916 13955 12824)
4(12823 12824 13955 13954)
4(12864 13917 13956 12825)
4(12824 12825 13956 13955)
4(12865 13918 13957 12826)
4(12825 12826 13957 13956)
4(12866 13919 13958 12827)
4(12826 12827 13958 13957)
4(12867 13920 13959 12828)
4(12827 12828 13959 13958)
4(12868 13921 13960 12829)
4(12828 12829 13960 13959)
4(12869 13922 13961 12830)
4(12829 12830 13961 13960)
4(12870 13923 13962 12831)
4(12830 12831 13962 13961)
4(12871 13924 13963 12832)
4(12831 12832 13963 13962)
4(12872 13925 13964 12833)
4(12832 12833 13964 13963)
4(12873 13926 13965 12834)
4(12833 12834 13965 13964)
4(12874 13927 13966 12835)
4(12834 12835 13966 13965)
4(12875 13928 13967 12836)
4(12835 12836 13967 13966)
4(12876 13929 13968 12837)
4(12836 12837 13968 13967)
4(12877 13930 13969 12838)
4(12837 12838 13969 13968)
4(12878 13931 13970 12839)
4(12838 12839 13970 13969)
4(12879 13932 13971 12840)
4(12839 12840 13971 13970)
4(12880 13933 13972 12841)
4(12840 12841 13972 13971)
4(12881 13934 13973 12842)
4(12841 12842 13973 13972)
4(12882 13935 13974 12843)
4(12842 12843 13974 13973)
4(12883 13936 13975 12844)
4(12843 12844 13975 13974)
4(12884 13937 13976 12845)
4(12844 12845 13976 13975)
4(12885 13938 13977 12846)
4(12845 12846 13977 13976)
4(12886 13939 13978 12847)
4(12846 12847 13978 13977)
4(12887 13940 13979 12848)
4(12847 12848 13979 13978)
4(12888 13941 13980 12849)
4(12848 12849 13980 13979)
4(12889 13942 13981 12850)
4(12849 12850 13981 13980)
4(12890 13943 13982 12851)
4(12850 12851 13982 13981)
4(12891 13944 13983 12852)
4(12851 12852 13983 13982)
4(12892 13945 13984 12853)
4(12852 12853 13984 13983)
4(12893 13946 13985 12854)
4(12853 12854 13985 13984)
4(12854 944 1023 13985)
4(12816 13947 13986 12777)
4(659 12777 13986 738)
4(12817 13948 13987 12778)
4(12777 12778 13987 13986)
4(12818 13949 13988 12779)
4(12778 12779 13988 13987)
4(12819 13950 13989 12780)
4(12779 12780 13989 13988)
4(12820 13951 13990 12781)
4(12780 12781 13990 13989)
4(12821 13952 13991 12782)
4(12781 12782 13991 13990)
4(12822 13953 13992 12783)
4(12782 12783 13992 13991)
4(12823 13954 13993 12784)
4(12783 12784 13993 13992)
4(12824 13955 13994 12785)
4(12784 12785 13994 13993)
4(12825 13956 13995 12786)
4(12785 12786 13995 13994)
4(12826 13957 13996 12787)
4(12786 12787 13996 13995)
4(12827 13958 13997 12788)
4(12787 12788 13997 13996)
4(12828 13959 13998 12789)
4(12788 12789 13998 13997)
4(12829 13960 13999 12790)
4(12789 12790 13999 13998)
4(12830 13961 14000 12791)
4(12790 12791 14000 13999)
4(12831 13962 14001 12792)
4(12791 12792 14001 14000)
4(12832 13963 14002 12793)
4(12792 12793 14002 14001)
4(12833 13964 14003 12794)
4(12793 12794 14003 14002)
4(12834 13965 14004 12795)
4(12794 12795 14004 14003)
4(12835 13966 14005 12796)
4(12795 12796 14005 14004)
4(12836 13967 14006 12797)
4(12796 12797 14006 14005)
4(12837 13968 14007 12798)
4(12797 12798 14007 14006)
4(12838 13969 14008 12799)
4(12798 12799 14008 14007)
4(12839 13970 14009 12800)
4(12799 12800 14009 14008)
4(12840 13971 14010 12801)
4(12800 12801 14010 14009)
4(12841 13972 14011 12802)
4(12801 12802 14011 14010)
4(12842 13973 14012 12803)
4(12802 12803 14012 14011)
4(12843 13974 14013 12804)
4(12803 12804 14013 14012)
4(12844 13975 14014 12805)
4(12804 12805 14014 14013)
4(12845 13976 14015 12806)
4(12805 12806 14015 14014)
4(12846 13977 14016 12807)
4(12806 12807 14016 14015)
4(12847 13978 14017 12808)
4(12807 12808 14017 14016)
4(12848 13979 14018 12809)
4(12808 12809 14018 14017)
4(12849 13980 14019 12810)
4(12809 12810 14019 14018)
4(12850 13981 14020 12811)
4(12810 12811 14020 14019)
4(12851 13982 14021 12812)
4(12811 12812 14021 14020)
4(12852 13983 14022 12813)
4(12812 12813 14022 14021)
4(12853 13984 14023 12814)
4(12813 12814 14023 14022)
4(12854 13985 14024 12815)
4(12814 12815 14024 14023)
4(12815 943 1022 14024)
4(12777 13986 14025 12738)
4(660 12738 14025 739)
4(12778 13987 14026 12739)
4(12738 12739 14026 14025)
4(12779 13988 14027 12740)
4(12739 12740 14027 14026)
4(12780 13989 14028 12741)
4(12740 12741 14028 14027)
4(12781 13990 14029 12742)
4(12741 12742 14029 14028)
4(12782 13991 14030 12743)
4(12742 12743 14030 14029)
4(12783 13992 14031 12744)
4(12743 12744 14031 14030)
4(12784 13993 14032 12745)
4(12744 12745 14032 14031)
4(12785 13994 14033 12746)
4(12745 12746 14033 14032)
4(12786 13995 14034 12747)
4(12746 12747 14034 14033)
4(12787 13996 14035 12748)
4(12747 12748 14035 14034)
4(12788 13997 14036 12749)
4(12748 12749 14036 14035)
4(12789 13998 14037 12750)
4(12749 12750 14037 14036)
4(12790 13999 14038 12751)
4(12750 12751 14038 14037)
4(12791 14000 14039 12752)
4(12751 12752 14039 14038)
4(12792 14001 14040 12753)
4(12752 12753 14040 14039)
4(12793 14002 14041 12754)
4(12753 12754 14041 14040)
4(12794 14003 14042 12755)
4(12754 12755 14042 14041)
4(12795 14004 14043 12756)
4(12755 12756 14043 14042)
4(12796 14005 14044 12757)
4(12756 12757 14044 14043)
4(12797 14006 14045 12758)
4(12757 12758 14045 14044)
4(12798 14007 14046 12759)
4(12758 12759 14046 14045)
4(12799 14008 14047 12760)
4(12759 12760 14047 14046)
4(12800 14009 14048 12761)
4(12760 12761 14048 14047)
4(12801 14010 14049 12762)
4(12761 12762 14049 14048)
4(12802 14011 14050 12763)
4(12762 12763 14050 14049)
4(12803 14012 14051 12764)
4(12763 12764 14051 14050)
4(12804 14013 14052 12765)
4(12764 12765 14052 14051)
4(12805 14014 14053 12766)
4(12765 12766 14053 14052)
4(12806 14015 14054 12767)
4(12766 12767 14054 14053)
4(12807 14016 14055 12768)
4(12767 12768 14055 14054)
4(12808 14017 14056 12769)
4(12768 12769 14056 14055)
4(12809 14018 14057 12770)
4(12769 12770 14057 14056)
4(12810 14019 14058 12771)
4(12770 12771 14058 14057)
4(12811 14020 14059 12772)
4(12771 12772 14059 14058)
4(12812 14021 14060 12773)
4(12772 12773 14060 14059)
4(12813 14022 14061 12774)
4(12773 12774 14061 14060)
4(12814 14023 14062 12775)
4(12774 12775 14062 14061)
4(12815 14024 14063 12776)
4(12775 12776 14063 14062)
4(12776 942 1021 14063)
4(12738 14025 14064 12699)
4(661 12699 14064 740)
4(12739 14026 14065 12700)
4(12699 12700 14065 14064)
4(12740 14027 14066 12701)
4(12700 12701 14066 14065)
4(12741 14028 14067 12702)
4(12701 12702 14067 14066)
4(12742 14029 14068 12703)
4(12702 12703 14068 14067)
4(12743 14030 14069 12704)
4(12703 12704 14069 14068)
4(12744 14031 14070 12705)
4(12704 12705 14070 14069)
4(12745 14032 14071 12706)
4(12705 12706 14071 14070)
4(12746 14033 14072 12707)
4(12706 12707 14072 14071)
4(12747 14034 14073 12708)
4(12707 12708 14073 14072)
4(12748 14035 14074 12709)
4(12708 12709 14074 14073)
4(12749 14036 14075 12710)
4(12709 12710 14075 14074)
4(12750 14037 14076 12711)
4(12710 12711 14076 14075)
4(12751 14038 14077 12712)
4(12711 12712 14077 14076)
4(12752 14039 14078 12713)
4(12712 12713 14078 14077)
4(12753 14040 14079 12714)
4(12713 12714 14079 14078)
4(12754 14041 14080 12715)
4(12714 12715 14080 14079)
4(12755 14042 14081 12716)
4(12715 12716 14081 14080)
4(12756 14043 14082 12717)
4(12716 12717 14082 14081)
4(12757 14044 14083 12718)
4(12717 12718 14083 14082)
4(12758 14045 14084 12719)
4(12718 12719 14084 14083)
4(12759 14046 14085 12720)
4(12719 12720 14085 14084)
4(12760 14047 14086 12721)
4(12720 12721 14086 14085)
4(12761 14048 14087 12722)
4(12721 12722 14087 14086)
4(12762 14049 14088 12723)
4(12722 12723 14088 14087)
4(12763 14050 14089 12724)
4(12723 12724 14089 14088)
4(12764 14051 14090 12725)
4(12724 12725 14090 14089)
4(12765 14052 14091 12726)
4(12725 12726 14091 14090)
4(12766 14053 14092 12727)
4(12726 12727 14092 14091)
4(12767 14054 14093 12728)
4(12727 12728 14093 14092)
4(12768 14055 14094 12729)
4(12728 12729 14094 14093)
4(12769 14056 14095 12730)
4(12729 12730 14095 14094)
4(12770 14057 14096 12731)
4(12730 12731 14096 14095)
4(12771 14058 14097 12732)
4(12731 12732 14097 14096)
4(12772 14059 14098 12733)
4(12732 12733 14098 14097)
4(12773 14060 14099 12734)
4(12733 12734 14099 14098)
4(12774 14061 14100 12735)
4(12734 12735 14100 14099)
4(12775 14062 14101 12736)
4(12735 12736 14101 14100)
4(12776 14063 14102 12737)
4(12736 12737 14102 14101)
4(12737 941 1020 14102)
4(12699 14064 14103 12660)
4(662 12660 14103 741)
4(12700 14065 14104 12661)
4(12660 12661 14104 14103)
4(12701 14066 14105 12662)
4(12661 12662 14105 14104)
4(12702 14067 14106 12663)
4(12662 12663 14106 14105)
4(12703 14068 14107 12664)
4(12663 12664 14107 14106)
4(12704 14069 14108 12665)
4(12664 12665 14108 14107)
4(12705 14070 14109 12666)
4(12665 12666 14109 14108)
4(12706 14071 14110 12667)
4(12666 12667 14110 14109)
4(12707 14072 14111 12668)
4(12667 12668 14111 14110)
4(12708 14073 14112 12669)
4(12668 12669 14112 14111)
4(12709 14074 14113 12670)
4(12669 12670 14113 14112)
4(12710 14075 14114 12671)
4(12670 12671 14114 14113)
4(12711 14076 14115 12672)
4(12671 12672 14115 14114)
4(12712 14077 14116 12673)
4(12672 12673 14116 14115)
4(12713 14078 14117 12674)
4(12673 12674 14117 14116)
4(12714 14079 14118 12675)
4(12674 12675 14118 14117)
4(12715 14080 14119 12676)
4(12675 12676 14119 14118)
4(12716 14081 14120 12677)
4(12676 12677 14120 14119)
4(12717 14082 14121 12678)
4(12677 12678 14121 14120)
4(12718 14083 14122 12679)
4(12678 12679 14122 14121)
4(12719 14084 14123 12680)
4(12679 12680 14123 14122)
4(12720 14085 14124 12681)
4(12680 12681 14124 14123)
4(12721 14086 14125 12682)
4(12681 12682 14125 14124)
4(12722 14087 14126 12683)
4(12682 12683 14126 14125)
4(12723 14088 14127 12684)
4(12683 12684 14127 14126)
4(12724 14089 14128 12685)
4(12684 12685 14128 14127)
4(12725 14090 14129 12686)
4(12685 12686 14129 14128)
4(12726 14091 14130 12687)
4(12686 12687 14130 14129)
4(12727 14092 14131 12688)
4(12687 12688 14131 14130)
4(12728 14093 14132 12689)
4(12688 12689 14132 14131)
4(12729 14094 14133 12690)
4(12689 12690 14133 14132)
4(12730 14095 14134 12691)
4(12690 12691 14134 14133)
4(12731 14096 14135 12692)
4(12691 12692 14135 14134)
4(12732 14097 14136 12693)
4(12692 12693 14136 14135)
4(12733 14098 14137 12694)
4(12693 12694 14137 14136)
4(12734 14099 14138 12695)
4(12694 12695 14138 14137)
4(12735 14100 14139 12696)
4(12695 12696 14139 14138)
4(12736 14101 14140 12697)
4(12696 12697 14140 14139)
4(12737 14102 14141 12698)
4(12697 12698 14141 14140)
4(12698 940 1019 14141)
4(12660 14103 14142 12621)
4(663 12621 14142 742)
4(12661 14104 14143 12622)
4(12621 12622 14143 14142)
4(12662 14105 14144 12623)
4(12622 12623 14144 14143)
4(12663 14106 14145 12624)
4(12623 12624 14145 14144)
4(12664 14107 14146 12625)
4(12624 12625 14146 14145)
4(12665 14108 14147 12626)
4(12625 12626 14147 14146)
4(12666 14109 14148 12627)
4(12626 12627 14148 14147)
4(12667 14110 14149 12628)
4(12627 12628 14149 14148)
4(12668 14111 14150 12629)
4(12628 12629 14150 14149)
4(12669 14112 14151 12630)
4(12629 12630 14151 14150)
4(12670 14113 14152 12631)
4(12630 12631 14152 14151)
4(12671 14114 14153 12632)
4(12631 12632 14153 14152)
4(12672 14115 14154 12633)
4(12632 12633 14154 14153)
4(12673 14116 14155 12634)
4(12633 12634 14155 14154)
4(12674 14117 14156 12635)
4(12634 12635 14156 14155)
4(12675 14118 14157 12636)
4(12635 12636 14157 14156)
4(12676 14119 14158 12637)
4(12636 12637 14158 14157)
4(12677 14120 14159 12638)
4(12637 12638 14159 14158)
4(12678 14121 14160 12639)
4(12638 12639 14160 14159)
4(12679 14122 14161 12640)
4(12639 12640 14161 14160)
4(12680 14123 14162 12641)
4(12640 12641 14162 14161)
4(12681 14124 14163 12642)
4(12641 12642 14163 14162)
4(12682 14125 14164 12643)
4(12642 12643 14164 14163)
4(12683 14126 14165 12644)
4(12643 12644 14165 14164)
4(12684 14127 14166 12645)
4(12644 12645 14166 14165)
4(12685 14128 14167 12646)
4(12645 12646 14167 14166)
4(12686 14129 14168 12647)
4(12646 12647 14168 14167)
4(12687 14130 14169 12648)
4(12647 12648 14169 14168)
4(12688 14131 14170 12649)
4(12648 12649 14170 14169)
4(12689 14132 14171 12650)
4(12649 12650 14171 14170)
4(12690 14133 14172 12651)
4(12650 12651 14172 14171)
4(12691 14134 14173 12652)
4(12651 12652 14173 14172)
4(12692 14135 14174 12653)
4(12652 12653 14174 14173)
4(12693 14136 14175 12654)
4(12653 12654 14175 14174)
4(12694 14137 14176 12655)
4(12654 12655 14176 14175)
4(12695 14138 14177 12656)
4(12655 12656 14177 14176)
4(12696 14139 14178 12657)
4(12656 12657 14178 14177)
4(12697 14140 14179 12658)
4(12657 12658 14179 14178)
4(12698 14141 14180 12659)
4(12658 12659 14180 14179)
4(12659 939 1018 14180)
4(12621 14142 14181 12582)
4(664 12582 14181 743)
4(12622 14143 14182 12583)
4(12582 12583 14182 14181)
4(12623 14144 14183 12584)
4(12583 12584 14183 14182)
4(12624 14145 14184 12585)
4(12584 12585 14184 14183)
4(12625 14146 14185 12586)
4(12585 12586 14185 14184)
4(12626 14147 14186 12587)
4(12586 12587 14186 14185)
4(12627 14148 14187 12588)
4(12587 12588 14187 14186)
4(12628 14149 14188 12589)
4(12588 12589 14188 14187)
4(12629 14150 14189 12590)
4(12589 12590 14189 14188)
4(12630 14151 14190 12591)
4(12590 12591 14190 14189)
4(12631 14152 14191 12592)
4(12591 12592 14191 14190)
4(12632 14153 14192 12593)
4(12592 12593 14192 14191)
4(12633 14154 14193 12594)
4(12593 12594 14193 14192)
4(12634 14155 14194 12595)
4(12594 12595 14194 14193)
4(12635 14156 14195 12596)
4(12595 12596 14195 14194)
4(12636 14157 14196 12597)
4(12596 12597 14196 14195)
4(12637 14158 14197 12598)
4(12597 12598 14197 14196)
4(12638 14159 14198 12599)
4(12598 12599 14198 14197)
4(12639 14160 14199 12600)
4(12599 12600 14199 14198)
4(12640 14161 14200 12601)
4(12600 12601 14200 14199)
4(12641 14162 14201 12602)
4(12601 12602 14201 14200)
4(12642 14163 14202 12603)
4(12602 12603 14202 14201)
4(12643 14164 14203 12604)
4(12603 12604 14203 14202)
4(12644 14165 14204 12605)
4(12604 12605 14204 14203)
4(12645 14166 14205 12606)
4(12605 12606 14205 14204)
4(12646 14167 14206 12607)
4(12606 12607 14206 14205)
4(12647 14168 14207 12608)
4(12607 12608 14207 14206)
4(12648 14169 14208 12609)
4(12608 12609 14208 14207)
4(12649 14170 14209 12610)
4(12609 12610 14209 14208)
4(12650 14171 14210 12611)
4(12610 12611 14210 14209)
4(12651 14172 14211 12612)
4(12611 12612 14211 14210)
4(12652 14173 14212 12613)
4(12612 12613 14212 14211)
4(12653 14174 14213 12614)
4(12613 12614 14213 14212)
4(12654 14175 14214 12615)
4(12614 12615 14214 14213)
4(12655 14176 14215 12616)
4(12615 12616 14215 14214)
4(12656 14177 14216 12617)
4(12616 12617 14216 14215)
4(12657 14178 14217 12618)
4(12617 12618 14217 14216)
4(12658 14179 14218 12619)
4(12618 12619 14218 14217)
4(12659 14180 14219 12620)
4(12619 12620 14219 14218)
4(12620 938 1017 14219)
4(12582 14181 14220 12543)
4(665 12543 14220 744)
4(12583 14182 14221 12544)
4(12543 12544 14221 14220)
4(12584 14183 14222 12545)
4(12544 12545 14222 14221)
4(12585 14184 14223 12546)
4(12545 12546 14223 14222)
4(12586 14185 14224 12547)
4(12546 12547 14224 14223)
4(12587 14186 14225 12548)
4(12547 12548 14225 14224)
4(12588 14187 14226 12549)
4(12548 12549 14226 14225)
4(12589 14188 14227 12550)
4(12549 12550 14227 14226)
4(12590 14189 14228 12551)
4(12550 12551 14228 14227)
4(12591 14190 14229 12552)
4(12551 12552 14229 14228)
4(12592 14191 14230 12553)
4(12552 12553 14230 14229)
4(12593 14192 14231 12554)
4(12553 12554 14231 14230)
4(12594 14193 14232 12555)
4(12554 12555 14232 14231)
4(12595 14194 14233 12556)
4(12555 12556 14233 14232)
4(12596 14195 14234 12557)
4(12556 12557 14234 14233)
4(12597 14196 14235 12558)
4(12557 12558 14235 14234)
4(12598 14197 14236 12559)
4(12558 12559 14236 14235)
4(12599 14198 14237 12560)
4(12559 12560 14237 14236)
4(12600 14199 14238 12561)
4(12560 12561 14238 14237)
4(12601 14200 14239 12562)
4(12561 12562 14239 14238)
4(12602 14201 14240 12563)
4(12562 12563 14240 14239)
4(12603 14202 14241 12564)
4(12563 12564 14241 14240)
4(12604 14203 14242 12565)
4(12564 12565 14242 14241)
4(12605 14204 14243 12566)
4(12565 12566 14243 14242)
4(12606 14205 14244 12567)
4(12566 12567 14244 14243)
4(12607 14206 14245 12568)
4(12567 12568 14245 14244)
4(12608 14207 14246 12569)
4(12568 12569 14246 14245)
4(12609 14208 14247 12570)
4(12569 12570 14247 14246)
4(12610 14209 14248 12571)
4(12570 12571 14248 14247)
4(12611 14210 14249 12572)
4(12571 12572 14249 14248)
4(12612 14211 14250 12573)
4(12572 12573 14250 14249)
4(12613 14212 14251 12574)
4(12573 12574 14251 14250)
4(12614 14213 14252 12575)
4(12574 12575 14252 14251)
4(12615 14214 14253 12576)
4(12575 12576 14253 14252)
4(12616 14215 14254 12577)
4(12576 12577 14254 14253)
4(12617 14216 14255 12578)
4(12577 12578 14255 14254)
4(12618 14217 14256 12579)
4(12578 12579 14256 14255)
4(12619 14218 14257 12580)
4(12579 12580 14257 14256)
4(12620 14219 14258 12581)
4(12580 12581 14258 14257)
4(12581 937 1016 14258)
4(12543 14220 14259 12504)
4(666 12504 14259 745)
4(12544 14221 14260 12505)
4(12504 12505 14260 14259)
4(12545 14222 14261 12506)
4(12505 12506 14261 14260)
4(12546 14223 14262 12507)
4(12506 12507 14262 14261)
4(12547 14224 14263 12508)
4(12507 12508 14263 14262)
4(12548 14225 14264 12509)
4(12508 12509 14264 14263)
4(12549 14226 14265 12510)
4(12509 12510 14265 14264)
4(12550 14227 14266 12511)
4(12510 12511 14266 14265)
4(12551 14228 14267 12512)
4(12511 12512 14267 14266)
4(12552 14229 14268 12513)
4(12512 12513 14268 14267)
4(12553 14230 14269 12514)
4(12513 12514 14269 14268)
4(12554 14231 14270 12515)
4(12514 12515 14270 14269)
4(12555 14232 14271 12516)
4(12515 12516 14271 14270)
4(12556 14233 14272 12517)
4(12516 12517 14272 14271)
4(12557 14234 14273 12518)
4(12517 12518 14273 14272)
4(12558 14235 14274 12519)
4(12518 12519 14274 14273)
4(12559 14236 14275 12520)
4(12519 12520 14275 14274)
4(12560 14237 14276 12521)
4(12520 12521 14276 14275)
4(12561 14238 14277 12522)
4(12521 12522 14277 14276)
4(12562 14239 14278 12523)
4(12522 12523 14278 14277)
4(12563 14240 14279 12524)
4(12523 12524 14279 14278)
4(12564 14241 14280 12525)
4(12524 12525 14280 14279)
4(12565 14242 14281 12526)
4(12525 12526 14281 14280)
4(12566 14243 14282 12527)
4(12526 12527 14282 14281)
4(12567 14244 14283 12528)
4(12527 12528 14283 14282)
4(12568 14245 14284 12529)
4(12528 12529 14284 14283)
4(12569 14246 14285 12530)
4(12529 12530 14285 14284)
4(12570 14247 14286 12531)
4(12530 12531 14286 14285)
4(12571 14248 14287 12532)
4(12531 12532 14287 14286)
4(12572 14249 14288 12533)
4(12532 12533 14288 14287)
4(12573 14250 14289 12534)
4(12533 12534 14289 14288)
4(12574 14251 14290 12535)
4(12534 12535 14290 14289)
4(12575 14252 14291 12536)
4(12535 12536 14291 14290)
4(12576 14253 14292 12537)
4(12536 12537 14292 14291)
4(12577 14254 14293 12538)
4(12537 12538 14293 14292)
4(12578 14255 14294 12539)
4(12538 12539 14294 14293)
4(12579 14256 14295 12540)
4(12539 12540 14295 14294)
4(12580 14257 14296 12541)
4(12540 12541 14296 14295)
4(12581 14258 14297 12542)
4(12541 12542 14297 14296)
4(12542 936 1015 14297)
4(12504 14259 14298 12465)
4(667 12465 14298 746)
4(12505 14260 14299 12466)
4(12465 12466 14299 14298)
4(12506 14261 14300 12467)
4(12466 12467 14300 14299)
4(12507 14262 14301 12468)
4(12467 12468 14301 14300)
4(12508 14263 14302 12469)
4(12468 12469 14302 14301)
4(12509 14264 14303 12470)
4(12469 12470 14303 14302)
4(12510 14265 14304 12471)
4(12470 12471 14304 14303)
4(12511 14266 14305 12472)
4(12471 12472 14305 14304)
4(12512 14267 14306 12473)
4(12472 12473 14306 14305)
4(12513 14268 14307 12474)
4(12473 12474 14307 14306)
4(12514 14269 14308 12475)
4(12474 12475 14308 14307)
4(12515 14270 14309 12476)
4(12475 12476 14309 14308)
4(12516 14271 14310 12477)
4(12476 12477 14310 14309)
4(12517 14272 14311 12478)
4(12477 12478 14311 14310)
4(12518 14273 14312 12479)
4(12478 12479 14312 14311)
4(12519 14274 14313 12480)
4(12479 12480 14313 14312)
4(12520 14275 14314 12481)
4(12480 12481 14314 14313)
4(12521 14276 14315 12482)
4(12481 12482 14315 14314)
4(12522 14277 14316 12483)
4(12482 12483 14316 14315)
4(12523 14278 14317 12484)
4(12483 12484 14317 14316)
4(12524 14279 14318 12485)
4(12484 12485 14318 14317)
4(12525 14280 14319 12486)
4(12485 12486 14319 14318)
4(12526 14281 14320 12487)
4(12486 12487 14320 14319)
4(12527 14282 14321 12488)
4(12487 12488 14321 14320)
4(12528 14283 14322 12489)
4(12488 12489 14322 14321)
4(12529 14284 14323 12490)
4(12489 12490 14323 14322)
4(12530 14285 14324 12491)
4(12490 12491 14324 14323)
4(12531 14286 14325 12492)
4(12491 12492 14325 14324)
4(12532 14287 14326 12493)
4(12492 12493 14326 14325)
4(12533 14288 14327 12494)
4(12493 12494 14327 14326)
4(12534 14289 14328 12495)
4(12494 12495 14328 14327)
4(12535 14290 14329 12496)
4(12495 12496 14329 14328)
4(12536 14291 14330 12497)
4(12496 12497 14330 14329)
4(12537 14292 14331 12498)
4(12497 12498 14331 14330)
4(12538 14293 14332 12499)
4(12498 12499 14332 14331)
4(12539 14294 14333 12500)
4(12499 12500 14333 14332)
4(12540 14295 14334 12501)
4(12500 12501 14334 14333)
4(12541 14296 14335 12502)
4(12501 12502 14335 14334)
4(12542 14297 14336 12503)
4(12502 12503 14336 14335)
4(12503 935 1014 14336)
4(12465 14298 14337 12426)
4(668 12426 14337 747)
4(12466 14299 14338 12427)
4(12426 12427 14338 14337)
4(12467 14300 14339 12428)
4(12427 12428 14339 14338)
4(12468 14301 14340 12429)
4(12428 12429 14340 14339)
4(12469 14302 14341 12430)
4(12429 12430 14341 14340)
4(12470 14303 14342 12431)
4(12430 12431 14342 14341)
4(12471 14304 14343 12432)
4(12431 12432 14343 14342)
4(12472 14305 14344 12433)
4(12432 12433 14344 14343)
4(12473 14306 14345 12434)
4(12433 12434 14345 14344)
4(12474 14307 14346 12435)
4(12434 12435 14346 14345)
4(12475 14308 14347 12436)
4(12435 12436 14347 14346)
4(12476 14309 14348 12437)
4(12436 12437 14348 14347)
4(12477 14310 14349 12438)
4(12437 12438 14349 14348)
4(12478 14311 14350 12439)
4(12438 12439 14350 14349)
4(12479 14312 14351 12440)
4(12439 12440 14351 14350)
4(12480 14313 14352 12441)
4(12440 12441 14352 14351)
4(12481 14314 14353 12442)
4(12441 12442 14353 14352)
4(12482 14315 14354 12443)
4(12442 12443 14354 14353)
4(12483 14316 14355 12444)
4(12443 12444 14355 14354)
4(12484 14317 14356 12445)
4(12444 12445 14356 14355)
4(12485 14318 14357 12446)
4(12445 12446 14357 14356)
4(12486 14319 14358 12447)
4(12446 12447 14358 14357)
4(12487 14320 14359 12448)
4(12447 12448 14359 14358)
4(12488 14321 14360 12449)
4(12448 12449 14360 14359)
4(12489 14322 14361 12450)
4(12449 12450 14361 14360)
4(12490 14323 14362 12451)
4(12450 12451 14362 14361)
4(12491 14324 14363 12452)
4(12451 12452 14363 14362)
4(12492 14325 14364 12453)
4(12452 12453 14364 14363)
4(12493 14326 14365 12454)
4(12453 12454 14365 14364)
4(12494 14327 14366 12455)
4(12454 12455 14366 14365)
4(12495 14328 14367 12456)
4(12455 12456 14367 14366)
4(12496 14329 14368 12457)
4(12456 12457 14368 14367)
4(12497 14330 14369 12458)
4(12457 12458 14369 14368)
4(12498 14331 14370 12459)
4(12458 12459 14370 14369)
4(12499 14332 14371 12460)
4(12459 12460 14371 14370)
4(12500 14333 14372 12461)
4(12460 12461 14372 14371)
4(12501 14334 14373 12462)
4(12461 12462 14373 14372)
4(12502 14335 14374 12463)
4(12462 12463 14374 14373)
4(12503 14336 14375 12464)
4(12463 12464 14375 14374)
4(12464 934 1013 14375)
4(12426 14337 14376 12387)
4(669 12387 14376 748)
4(12427 14338 14377 12388)
4(12387 12388 14377 14376)
4(12428 14339 14378 12389)
4(12388 12389 14378 14377)
4(12429 14340 14379 12390)
4(12389 12390 14379 14378)
4(12430 14341 14380 12391)
4(12390 12391 14380 14379)
4(12431 14342 14381 12392)
4(12391 12392 14381 14380)
4(12432 14343 14382 12393)
4(12392 12393 14382 14381)
4(12433 14344 14383 12394)
4(12393 12394 14383 14382)
4(12434 14345 14384 12395)
4(12394 12395 14384 14383)
4(12435 14346 14385 12396)
4(12395 12396 14385 14384)
4(12436 14347 14386 12397)
4(12396 12397 14386 14385)
4(12437 14348 14387 12398)
4(12397 12398 14387 14386)
4(12438 14349 14388 12399)
4(12398 12399 14388 14387)
4(12439 14350 14389 12400)
4(12399 12400 14389 14388)
4(12440 14351 14390 12401)
4(12400 12401 14390 14389)
4(12441 14352 14391 12402)
4(12401 12402 14391 14390)
4(12442 14353 14392 12403)
4(12402 12403 14392 14391)
4(12443 14354 14393 12404)
4(12403 12404 14393 14392)
4(12444 14355 14394 12405)
4(12404 12405 14394 14393)
4(12445 14356 14395 12406)
4(12405 12406 14395 14394)
4(12446 14357 14396 12407)
4(12406 12407 14396 14395)
4(12447 14358 14397 12408)
4(12407 12408 14397 14396)
4(12448 14359 14398 12409)
4(12408 12409 14398 14397)
4(12449 14360 14399 12410)
4(12409 12410 14399 14398)
4(12450 14361 14400 12411)
4(12410 12411 14400 14399)
4(12451 14362 14401 12412)
4(12411 12412 14401 14400)
4(12452 14363 14402 12413)
4(12412 12413 14402 14401)
4(12453 14364 14403 12414)
4(12413 12414 14403 14402)
4(12454 14365 14404 12415)
4(12414 12415 14404 14403)
4(12455 14366 14405 12416)
4(12415 12416 14405 14404)
4(12456 14367 14406 12417)
4(12416 12417 14406 14405)
4(12457 14368 14407 12418)
4(12417 12418 14407 14406)
4(12458 14369 14408 12419)
4(12418 12419 14408 14407)
4(12459 14370 14409 12420)
4(12419 12420 14409 14408)
4(12460 14371 14410 12421)
4(12420 12421 14410 14409)
4(12461 14372 14411 12422)
4(12421 12422 14411 14410)
4(12462 14373 14412 12423)
4(12422 12423 14412 14411)
4(12463 14374 14413 12424)
4(12423 12424 14413 14412)
4(12464 14375 14414 12425)
4(12424 12425 14414 14413)
4(12425 933 1012 14414)
4(12387 14376 14415 12348)
4(670 12348 14415 749)
4(12388 14377 14416 12349)
4(12348 12349 14416 14415)
4(12389 14378 14417 12350)
4(12349 12350 14417 14416)
4(12390 14379 14418 12351)
4(12350 12351 14418 14417)
4(12391 14380 14419 12352)
4(12351 12352 14419 14418)
4(12392 14381 14420 12353)
4(12352 12353 14420 14419)
4(12393 14382 14421 12354)
4(12353 12354 14421 14420)
4(12394 14383 14422 12355)
4(12354 12355 14422 14421)
4(12395 14384 14423 12356)
4(12355 12356 14423 14422)
4(12396 14385 14424 12357)
4(12356 12357 14424 14423)
4(12397 14386 14425 12358)
4(12357 12358 14425 14424)
4(12398 14387 14426 12359)
4(12358 12359 14426 14425)
4(12399 14388 14427 12360)
4(12359 12360 14427 14426)
4(12400 14389 14428 12361)
4(12360 12361 14428 14427)
4(12401 14390 14429 12362)
4(12361 12362 14429 14428)
4(12402 14391 14430 12363)
4(12362 12363 14430 14429)
4(12403 14392 14431 12364)
4(12363 12364 14431 14430)
4(12404 14393 14432 12365)
4(12364 12365 14432 14431)
4(12405 14394 14433 12366)
4(12365 12366 14433 14432)
4(12406 14395 14434 12367)
4(12366 12367 14434 14433)
4(12407 14396 14435 12368)
4(12367 12368 14435 14434)
4(12408 14397 14436 12369)
4(12368 12369 14436 14435)
4(12409 14398 14437 12370)
4(12369 12370 14437 14436)
4(12410 14399 14438 12371)
4(12370 12371 14438 14437)
4(12411 14400 14439 12372)
4(12371 12372 14439 14438)
4(12412 14401 14440 12373)
4(12372 12373 14440 14439)
4(12413 14402 14441 12374)
4(12373 12374 14441 14440)
4(12414 14403 14442 12375)
4(12374 12375 14442 14441)
4(12415 14404 14443 12376)
4(12375 12376 14443 14442)
4(12416 14405 14444 12377)
4(12376 12377 14444 14443)
4(12417 14406 14445 12378)
4(12377 12378 14445 14444)
4(12418 14407 14446 12379)
4(12378 12379 14446 14445)
4(12419 14408 14447 12380)
4(12379 12380 14447 14446)
4(12420 14409 14448 12381)
4(12380 12381 14448 14447)
4(12421 14410 14449 12382)
4(12381 12382 14449 14448)
4(12422 14411 14450 12383)
4(12382 12383 14450 14449)
4(12423 14412 14451 12384)
4(12383 12384 14451 14450)
4(12424 14413 14452 12385)
4(12384 12385 14452 14451)
4(12425 14414 14453 12386)
4(12385 12386 14453 14452)
4(12386 932 1011 14453)
4(12348 14415 14454 12309)
4(671 12309 14454 750)
4(12349 14416 14455 12310)
4(12309 12310 14455 14454)
4(12350 14417 14456 12311)
4(12310 12311 14456 14455)
4(12351 14418 14457 12312)
4(12311 12312 14457 14456)
4(12352 14419 14458 12313)
4(12312 12313 14458 14457)
4(12353 14420 14459 12314)
4(12313 12314 14459 14458)
4(12354 14421 14460 12315)
4(12314 12315 14460 14459)
4(12355 14422 14461 12316)
4(12315 12316 14461 14460)
4(12356 14423 14462 12317)
4(12316 12317 14462 14461)
4(12357 14424 14463 12318)
4(12317 12318 14463 14462)
4(12358 14425 14464 12319)
4(12318 12319 14464 14463)
4(12359 14426 14465 12320)
4(12319 12320 14465 14464)
4(12360 14427 14466 12321)
4(12320 12321 14466 14465)
4(12361 14428 14467 12322)
4(12321 12322 14467 14466)
4(12362 14429 14468 12323)
4(12322 12323 14468 14467)
4(12363 14430 14469 12324)
4(12323 12324 14469 14468)
4(12364 14431 14470 12325)
4(12324 12325 14470 14469)
4(12365 14432 14471 12326)
4(12325 12326 14471 14470)
4(12366 14433 14472 12327)
4(12326 12327 14472 14471)
4(12367 14434 14473 12328)
4(12327 12328 14473 14472)
4(12368 14435 14474 12329)
4(12328 12329 14474 14473)
4(12369 14436 14475 12330)
4(12329 12330 14475 14474)
4(12370 14437 14476 12331)
4(12330 12331 14476 14475)
4(12371 14438 14477 12332)
4(12331 12332 14477 14476)
4(12372 14439 14478 12333)
4(12332 12333 14478 14477)
4(12373 14440 14479 12334)
4(12333 12334 14479 14478)
4(12374 14441 14480 12335)
4(12334 12335 14480 14479)
4(12375 14442 14481 12336)
4(12335 12336 14481 14480)
4(12376 14443 14482 12337)
4(12336 12337 14482 14481)
4(12377 14444 14483 12338)
4(12337 12338 14483 14482)
4(12378 14445 14484 12339)
4(12338 12339 14484 14483)
4(12379 14446 14485 12340)
4(12339 12340 14485 14484)
4(12380 14447 14486 12341)
4(12340 12341 14486 14485)
4(12381 14448 14487 12342)
4(12341 12342 14487 14486)
4(12382 14449 14488 12343)
4(12342 12343 14488 14487)
4(12383 14450 14489 12344)
4(12343 12344 14489 14488)
4(12384 14451 14490 12345)
4(12344 12345 14490 14489)
4(12385 14452 14491 12346)
4(12345 12346 14491 14490)
4(12386 14453 14492 12347)
4(12346 12347 14492 14491)
4(12347 931 1010 14492)
4(12309 14454 14493 12270)
4(672 12270 14493 751)
4(12310 14455 14494 12271)
4(12270 12271 14494 14493)
4(12311 14456 14495 12272)
4(12271 12272 14495 14494)
4(12312 14457 14496 12273)
4(12272 12273 14496 14495)
4(12313 14458 14497 12274)
4(12273 12274 14497 14496)
4(12314 14459 14498 12275)
4(12274 12275 14498 14497)
4(12315 14460 14499 12276)
4(12275 12276 14499 14498)
4(12316 14461 14500 12277)
4(12276 12277 14500 14499)
4(12317 14462 14501 12278)
4(12277 12278 14501 14500)
4(12318 14463 14502 12279)
4(12278 12279 14502 14501)
4(12319 14464 14503 12280)
4(12279 12280 14503 14502)
4(12320 14465 14504 12281)
4(12280 12281 14504 14503)
4(12321 14466 14505 12282)
4(12281 12282 14505 14504)
4(12322 14467 14506 12283)
4(12282 12283 14506 14505)
4(12323 14468 14507 12284)
4(12283 12284 14507 14506)
4(12324 14469 14508 12285)
4(12284 12285 14508 14507)
4(12325 14470 14509 12286)
4(12285 12286 14509 14508)
4(12326 14471 14510 12287)
4(12286 12287 14510 14509)
4(12327 14472 14511 12288)
4(12287 12288 14511 14510)
4(12328 14473 14512 12289)
4(12288 12289 14512 14511)
4(12329 14474 14513 12290)
4(12289 12290 14513 14512)
4(12330 14475 14514 12291)
4(12290 12291 14514 14513)
4(12331 14476 14515 12292)
4(12291 12292 14515 14514)
4(12332 14477 14516 12293)
4(12292 12293 14516 14515)
4(12333 14478 14517 12294)
4(12293 12294 14517 14516)
4(12334 14479 14518 12295)
4(12294 12295 14518 14517)
4(12335 14480 14519 12296)
4(12295 12296 14519 14518)
4(12336 14481 14520 12297)
4(12296 12297 14520 14519)
4(12337 14482 14521 12298)
4(12297 12298 14521 14520)
4(12338 14483 14522 12299)
4(12298 12299 14522 14521)
4(12339 14484 14523 12300)
4(12299 12300 14523 14522)
4(12340 14485 14524 12301)
4(12300 12301 14524 14523)
4(12341 14486 14525 12302)
4(12301 12302 14525 14524)
4(12342 14487 14526 12303)
4(12302 12303 14526 14525)
4(12343 14488 14527 12304)
4(12303 12304 14527 14526)
4(12344 14489 14528 12305)
4(12304 12305 14528 14527)
4(12345 14490 14529 12306)
4(12305 12306 14529 14528)
4(12346 14491 14530 12307)
4(12306 12307 14530 14529)
4(12347 14492 14531 12308)
4(12307 12308 14531 14530)
4(12308 930 1009 14531)
4(12270 14493 14532 12231)
4(673 12231 14532 752)
4(12271 14494 14533 12232)
4(12231 12232 14533 14532)
4(12272 14495 14534 12233)
4(12232 12233 14534 14533)
4(12273 14496 14535 12234)
4(12233 12234 14535 14534)
4(12274 14497 14536 12235)
4(12234 12235 14536 14535)
4(12275 14498 14537 12236)
4(12235 12236 14537 14536)
4(12276 14499 14538 12237)
4(12236 12237 14538 14537)
4(12277 14500 14539 12238)
4(12237 12238 14539 14538)
4(12278 14501 14540 12239)
4(12238 12239 14540 14539)
4(12279 14502 14541 12240)
4(12239 12240 14541 14540)
4(12280 14503 14542 12241)
4(12240 12241 14542 14541)
4(12281 14504 14543 12242)
4(12241 12242 14543 14542)
4(12282 14505 14544 12243)
4(12242 12243 14544 14543)
4(12283 14506 14545 12244)
4(12243 12244 14545 14544)
4(12284 14507 14546 12245)
4(12244 12245 14546 14545)
4(12285 14508 14547 12246)
4(12245 12246 14547 14546)
4(12286 14509 14548 12247)
4(12246 12247 14548 14547)
4(12287 14510 14549 12248)
4(12247 12248 14549 14548)
4(12288 14511 14550 12249)
4(12248 12249 14550 14549)
4(12289 14512 14551 12250)
4(12249 12250 14551 14550)
4(12290 14513 14552 12251)
4(12250 12251 14552 14551)
4(12291 14514 14553 12252)
4(12251 12252 14553 14552)
4(12292 14515 14554 12253)
4(12252 12253 14554 14553)
4(12293 14516 14555 12254)
4(12253 12254 14555 14554)
4(12294 14517 14556 12255)
4(12254 12255 14556 14555)
4(12295 14518 14557 12256)
4(12255 12256 14557 14556)
4(12296 14519 14558 12257)
4(12256 12257 14558 14557)
4(12297 14520 14559 12258)
4(12257 12258 14559 14558)
4(12298 14521 14560 12259)
4(12258 12259 14560 14559)
4(12299 14522 14561 12260)
4(12259 12260 14561 14560)
4(12300 14523 14562 12261)
4(12260 12261 14562 14561)
4(12301 14524 14563 12262)
4(12261 12262 14563 14562)
4(12302 14525 14564 12263)
4(12262 12263 14564 14563)
4(12303 14526 14565 12264)
4(12263 12264 14565 14564)
4(12304 14527 14566 12265)
4(12264 12265 14566 14565)
4(12305 14528 14567 12266)
4(12265 12266 14567 14566)
4(12306 14529 14568 12267)
4(12266 12267 14568 14567)
4(12307 14530 14569 12268)
4(12267 12268 14569 14568)
4(12308 14531 14570 12269)
4(12268 12269 14570 14569)
4(12269 929 1008 14570)
4(12231 14532 14571 12192)
4(674 12192 14571 753)
4(12232 14533 14572 12193)
4(12192 12193 14572 14571)
4(12233 14534 14573 12194)
4(12193 12194 14573 14572)
4(12234 14535 14574 12195)
4(12194 12195 14574 14573)
4(12235 14536 14575 12196)
4(12195 12196 14575 14574)
4(12236 14537 14576 12197)
4(12196 12197 14576 14575)
4(12237 14538 14577 12198)
4(12197 12198 14577 14576)
4(12238 14539 14578 12199)
4(12198 12199 14578 14577)
4(12239 14540 14579 12200)
4(12199 12200 14579 14578)
4(12240 14541 14580 12201)
4(12200 12201 14580 14579)
4(12241 14542 14581 12202)
4(12201 12202 14581 14580)
4(12242 14543 14582 12203)
4(12202 12203 14582 14581)
4(12243 14544 14583 12204)
4(12203 12204 14583 14582)
4(12244 14545 14584 12205)
4(12204 12205 14584 14583)
4(12245 14546 14585 12206)
4(12205 12206 14585 14584)
4(12246 14547 14586 12207)
4(12206 12207 14586 14585)
4(12247 14548 14587 12208)
4(12207 12208 14587 14586)
4(12248 14549 14588 12209)
4(12208 12209 14588 14587)
4(12249 14550 14589 12210)
4(12209 12210 14589 14588)
4(12250 14551 14590 12211)
4(12210 12211 14590 14589)
4(12251 14552 14591 12212)
4(12211 12212 14591 14590)
4(12252 14553 14592 12213)
4(12212 12213 14592 14591)
4(12253 14554 14593 12214)
4(12213 12214 14593 14592)
4(12254 14555 14594 12215)
4(12214 12215 14594 14593)
4(12255 14556 14595 12216)
4(12215 12216 14595 14594)
4(12256 14557 14596 12217)
4(12216 12217 14596 14595)
4(12257 14558 14597 12218)
4(12217 12218 14597 14596)
4(12258 14559 14598 12219)
4(12218 12219 14598 14597)
4(12259 14560 14599 12220)
4(12219 12220 14599 14598)
4(12260 14561 14600 12221)
4(12220 12221 14600 14599)
4(12261 14562 14601 12222)
4(12221 12222 14601 14600)
4(12262 14563 14602 12223)
4(12222 12223 14602 14601)
4(12263 14564 14603 12224)
4(12223 12224 14603 14602)
4(12264 14565 14604 12225)
4(12224 12225 14604 14603)
4(12265 14566 14605 12226)
4(12225 12226 14605 14604)
4(12266 14567 14606 12227)
4(12226 12227 14606 14605)
4(12267 14568 14607 12228)
4(12227 12228 14607 14606)
4(12268 14569 14608 12229)
4(12228 12229 14608 14607)
4(12269 14570 14609 12230)
4(12229 12230 14609 14608)
4(12230 928 1007 14609)
4(12192 14571 14610 12153)
4(675 12153 14610 754)
4(12193 14572 14611 12154)
4(12153 12154 14611 14610)
4(12194 14573 14612 12155)
4(12154 12155 14612 14611)
4(12195 14574 14613 12156)
4(12155 12156 14613 14612)
4(12196 14575 14614 12157)
4(12156 12157 14614 14613)
4(12197 14576 14615 12158)
4(12157 12158 14615 14614)
4(12198 14577 14616 12159)
4(12158 12159 14616 14615)
4(12199 14578 14617 12160)
4(12159 12160 14617 14616)
4(12200 14579 14618 12161)
4(12160 12161 14618 14617)
4(12201 14580 14619 12162)
4(12161 12162 14619 14618)
4(12202 14581 14620 12163)
4(12162 12163 14620 14619)
4(12203 14582 14621 12164)
4(12163 12164 14621 14620)
4(12204 14583 14622 12165)
4(12164 12165 14622 14621)
4(12205 14584 14623 12166)
4(12165 12166 14623 14622)
4(12206 14585 14624 12167)
4(12166 12167 14624 14623)
4(12207 14586 14625 12168)
4(12167 12168 14625 14624)
4(12208 14587 14626 12169)
4(12168 12169 14626 14625)
4(12209 14588 14627 12170)
4(12169 12170 14627 14626)
4(12210 14589 14628 12171)
4(12170 12171 14628 14627)
4(12211 14590 14629 12172)
4(12171 12172 14629 14628)
4(12212 14591 14630 12173)
4(12172 12173 14630 14629)
4(12213 14592 14631 12174)
4(12173 12174 14631 14630)
4(12214 14593 14632 12175)
4(12174 12175 14632 14631)
4(12215 14594 14633 12176)
4(12175 12176 14633 14632)
4(12216 14595 14634 12177)
4(12176 12177 14634 14633)
4(12217 14596 14635 12178)
4(12177 12178 14635 14634)
4(12218 14597 14636 12179)
4(12178 12179 14636 14635)
4(12219 14598 14637 12180)
4(12179 12180 14637 14636)
4(12220 14599 14638 12181)
4(12180 12181 14638 14637)
4(12221 14600 14639 12182)
4(12181 12182 14639 14638)
4(12222 14601 14640 12183)
4(12182 12183 14640 14639)
4(12223 14602 14641 12184)
4(12183 12184 14641 14640)
4(12224 14603 14642 12185)
4(12184 12185 14642 14641)
4(12225 14604 14643 12186)
4(12185 12186 14643 14642)
4(12226 14605 14644 12187)
4(12186 12187 14644 14643)
4(12227 14606 14645 12188)
4(12187 12188 14645 14644)
4(12228 14607 14646 12189)
4(12188 12189 14646 14645)
4(12229 14608 14647 12190)
4(12189 12190 14647 14646)
4(12230 14609 14648 12191)
4(12190 12191 14648 14647)
4(12191 927 1006 14648)
4(12153 14610 14649 12114)
4(676 12114 14649 755)
4(12154 14611 14650 12115)
4(12114 12115 14650 14649)
4(12155 14612 14651 12116)
4(12115 12116 14651 14650)
4(12156 14613 14652 12117)
4(12116 12117 14652 14651)
4(12157 14614 14653 12118)
4(12117 12118 14653 14652)
4(12158 14615 14654 12119)
4(12118 12119 14654 14653)
4(12159 14616 14655 12120)
4(12119 12120 14655 14654)
4(12160 14617 14656 12121)
4(12120 12121 14656 14655)
4(12161 14618 14657 12122)
4(12121 12122 14657 14656)
4(12162 14619 14658 12123)
4(12122 12123 14658 14657)
4(12163 14620 14659 12124)
4(12123 12124 14659 14658)
4(12164 14621 14660 12125)
4(12124 12125 14660 14659)
4(12165 14622 14661 12126)
4(12125 12126 14661 14660)
4(12166 14623 14662 12127)
4(12126 12127 14662 14661)
4(12167 14624 14663 12128)
4(12127 12128 14663 14662)
4(12168 14625 14664 12129)
4(12128 12129 14664 14663)
4(12169 14626 14665 12130)
4(12129 12130 14665 14664)
4(12170 14627 14666 12131)
4(12130 12131 14666 14665)
4(12171 14628 14667 12132)
4(12131 12132 14667 14666)
4(12172 14629 14668 12133)
4(12132 12133 14668 14667)
4(12173 14630 14669 12134)
4(12133 12134 14669 14668)
4(12174 14631 14670 12135)
4(12134 12135 14670 14669)
4(12175 14632 14671 12136)
4(12135 12136 14671 14670)
4(12176 14633 14672 12137)
4(12136 12137 14672 14671)
4(12177 14634 14673 12138)
4(12137 12138 14673 14672)
4(12178 14635 14674 12139)
4(12138 12139 14674 14673)
4(12179 14636 14675 12140)
4(12139 12140 14675 14674)
4(12180 14637 14676 12141)
4(12140 12141 14676 14675)
4(12181 14638 14677 12142)
4(12141 12142 14677 14676)
4(12182 14639 14678 12143)
4(12142 12143 14678 14677)
4(12183 14640 14679 12144)
4(12143 12144 14679 14678)
4(12184 14641 14680 12145)
4(12144 12145 14680 14679)
4(12185 14642 14681 12146)
4(12145 12146 14681 14680)
4(12186 14643 14682 12147)
4(12146 12147 14682 14681)
4(12187 14644 14683 12148)
4(12147 12148 14683 14682)
4(12188 14645 14684 12149)
4(12148 12149 14684 14683)
4(12189 14646 14685 12150)
4(12149 12150 14685 14684)
4(12190 14647 14686 12151)
4(12150 12151 14686 14685)
4(12191 14648 14687 12152)
4(12151 12152 14687 14686)
4(12152 926 1005 14687)
4(12114 14649 14688 12075)
4(677 12075 14688 756)
4(12115 14650 14689 12076)
4(12075 12076 14689 14688)
4(12116 14651 14690 12077)
4(12076 12077 14690 14689)
4(12117 14652 14691 12078)
4(12077 12078 14691 14690)
4(12118 14653 14692 12079)
4(12078 12079 14692 14691)
4(12119 14654 14693 12080)
4(12079 12080 14693 14692)
4(12120 14655 14694 12081)
4(12080 12081 14694 14693)
4(12121 14656 14695 12082)
4(12081 12082 14695 14694)
4(12122 14657 14696 12083)
4(12082 12083 14696 14695)
4(12123 14658 14697 12084)
4(12083 12084 14697 14696)
4(12124 14659 14698 12085)
4(12084 12085 14698 14697)
4(12125 14660 14699 12086)
4(12085 12086 14699 14698)
4(12126 14661 14700 12087)
4(12086 12087 14700 14699)
4(12127 14662 14701 12088)
4(12087 12088 14701 14700)
4(12128 14663 14702 12089)
4(12088 12089 14702 14701)
4(12129 14664 14703 12090)
4(12089 12090 14703 14702)
4(12130 14665 14704 12091)
4(12090 12091 14704 14703)
4(12131 14666 14705 12092)
4(12091 12092 14705 14704)
4(12132 14667 14706 12093)
4(12092 12093 14706 14705)
4(12133 14668 14707 12094)
4(12093 12094 14707 14706)
4(12134 14669 14708 12095)
4(12094 12095 14708 14707)
4(12135 14670 14709 12096)
4(12095 12096 14709 14708)
4(12136 14671 14710 12097)
4(12096 12097 14710 14709)
4(12137 14672 14711 12098)
4(12097 12098 14711 14710)
4(12138 14673 14712 12099)
4(12098 12099 14712 14711)
4(12139 14674 14713 12100)
4(12099 12100 14713 14712)
4(12140 14675 14714 12101)
4(12100 12101 14714 14713)
4(12141 14676 14715 12102)
4(12101 12102 14715 14714)
4(12142 14677 14716 12103)
4(12102 12103 14716 14715)
4(12143 14678 14717 12104)
4(12103 12104 14717 14716)
4(12144 14679 14718 12105)
4(12104 12105 14718 14717)
4(12145 14680 14719 12106)
4(12105 12106 14719 14718)
4(12146 14681 14720 12107)
4(12106 12107 14720 14719)
4(12147 14682 14721 12108)
4(12107 12108 14721 14720)
4(12148 14683 14722 12109)
4(12108 12109 14722 14721)
4(12149 14684 14723 12110)
4(12109 12110 14723 14722)
4(12150 14685 14724 12111)
4(12110 12111 14724 14723)
4(12151 14686 14725 12112)
4(12111 12112 14725 14724)
4(12152 14687 14726 12113)
4(12112 12113 14726 14725)
4(12113 925 1004 14726)
4(12075 14688 14727 12036)
4(678 12036 14727 757)
4(12076 14689 14728 12037)
4(12036 12037 14728 14727)
4(12077 14690 14729 12038)
4(12037 12038 14729 14728)
4(12078 14691 14730 12039)
4(12038 12039 14730 14729)
4(12079 14692 14731 12040)
4(12039 12040 14731 14730)
4(12080 14693 14732 12041)
4(12040 12041 14732 14731)
4(12081 14694 14733 12042)
4(12041 12042 14733 14732)
4(12082 14695 14734 12043)
4(12042 12043 14734 14733)
4(12083 14696 14735 12044)
4(12043 12044 14735 14734)
4(12084 14697 14736 12045)
4(12044 12045 14736 14735)
4(12085 14698 14737 12046)
4(12045 12046 14737 14736)
4(12086 14699 14738 12047)
4(12046 12047 14738 14737)
4(12087 14700 14739 12048)
4(12047 12048 14739 14738)
4(12088 14701 14740 12049)
4(12048 12049 14740 14739)
4(12089 14702 14741 12050)
4(12049 12050 14741 14740)
4(12090 14703 14742 12051)
4(12050 12051 14742 14741)
4(12091 14704 14743 12052)
4(12051 12052 14743 14742)
4(12092 14705 14744 12053)
4(12052 12053 14744 14743)
4(12093 14706 14745 12054)
4(12053 12054 14745 14744)
4(12094 14707 14746 12055)
4(12054 12055 14746 14745)
4(12095 14708 14747 12056)
4(12055 12056 14747 14746)
4(12096 14709 14748 12057)
4(12056 12057 14748 14747)
4(12097 14710 14749 12058)
4(12057 12058 14749 14748)
4(12098 14711 14750 12059)
4(12058 12059 14750 14749)
4(12099 14712 14751 12060)
4(12059 12060 14751 14750)
4(12100 14713 14752 12061)
4(12060 12061 14752 14751)
4(12101 14714 14753 12062)
4(12061 12062 14753 14752)
4(12102 14715 14754 12063)
4(12062 12063 14754 14753)
4(12103 14716 14755 12064)
4(12063 12064 14755 14754)
4(12104 14717 14756 12065)
4(12064 12065 14756 14755)
4(12105 14718 14757 12066)
4(12065 12066 14757 14756)
4(12106 14719 14758 12067)
4(12066 12067 14758 14757)
4(12107 14720 14759 12068)
4(12067 12068 14759 14758)
4(12108 14721 14760 12069)
4(12068 12069 14760 14759)
4(12109 14722 14761 12070)
4(12069 12070 14761 14760)
4(12110 14723 14762 12071)
4(12070 12071 14762 14761)
4(12111 14724 14763 12072)
4(12071 12072 14763 14762)
4(12112 14725 14764 12073)
4(12072 12073 14764 14763)
4(12113 14726 14765 12074)
4(12073 12074 14765 14764)
4(12074 924 1003 14765)
4(12036 14727 14766 11997)
4(679 11997 14766 758)
4(12037 14728 14767 11998)
4(11997 11998 14767 14766)
4(12038 14729 14768 11999)
4(11998 11999 14768 14767)
4(12039 14730 14769 12000)
4(11999 12000 14769 14768)
4(12040 14731 14770 12001)
4(12000 12001 14770 14769)
4(12041 14732 14771 12002)
4(12001 12002 14771 14770)
4(12042 14733 14772 12003)
4(12002 12003 14772 14771)
4(12043 14734 14773 12004)
4(12003 12004 14773 14772)
4(12044 14735 14774 12005)
4(12004 12005 14774 14773)
4(12045 14736 14775 12006)
4(12005 12006 14775 14774)
4(12046 14737 14776 12007)
4(12006 12007 14776 14775)
4(12047 14738 14777 12008)
4(12007 12008 14777 14776)
4(12048 14739 14778 12009)
4(12008 12009 14778 14777)
4(12049 14740 14779 12010)
4(12009 12010 14779 14778)
4(12050 14741 14780 12011)
4(12010 12011 14780 14779)
4(12051 14742 14781 12012)
4(12011 12012 14781 14780)
4(12052 14743 14782 12013)
4(12012 12013 14782 14781)
4(12053 14744 14783 12014)
4(12013 12014 14783 14782)
4(12054 14745 14784 12015)
4(12014 12015 14784 14783)
4(12055 14746 14785 12016)
4(12015 12016 14785 14784)
4(12056 14747 14786 12017)
4(12016 12017 14786 14785)
4(12057 14748 14787 12018)
4(12017 12018 14787 14786)
4(12058 14749 14788 12019)
4(12018 12019 14788 14787)
4(12059 14750 14789 12020)
4(12019 12020 14789 14788)
4(12060 14751 14790 12021)
4(12020 12021 14790 14789)
4(12061 14752 14791 12022)
4(12021 12022 14791 14790)
4(12062 14753 14792 12023)
4(12022 12023 14792 14791)
4(12063 14754 14793 12024)
4(12023 12024 14793 14792)
4(12064 14755 14794 12025)
4(12024 12025 14794 14793)
4(12065 14756 14795 12026)
4(12025 12026 14795 14794)
4(12066 14757 14796 12027)
4(12026 12027 14796 14795)
4(12067 14758 14797 12028)
4(12027 12028 14797 14796)
4(12068 14759 14798 12029)
4(12028 12029 14798 14797)
4(12069 14760 14799 12030)
4(12029 12030 14799 14798)
4(12070 14761 14800 12031)
4(12030 12031 14800 14799)
4(12071 14762 14801 12032)
4(12031 12032 14801 14800)
4(12072 14763 14802 12033)
4(12032 12033 14802 14801)
4(12073 14764 14803 12034)
4(12033 12034 14803 14802)
4(12074 14765 14804 12035)
4(12034 12035 14804 14803)
4(12035 923 1002 14804)
4(11997 14766 14805 11958)
4(680 11958 14805 759)
4(11998 14767 14806 11959)
4(11958 11959 14806 14805)
4(11999 14768 14807 11960)
4(11959 11960 14807 14806)
4(12000 14769 14808 11961)
4(11960 11961 14808 14807)
4(12001 14770 14809 11962)
4(11961 11962 14809 14808)
4(12002 14771 14810 11963)
4(11962 11963 14810 14809)
4(12003 14772 14811 11964)
4(11963 11964 14811 14810)
4(12004 14773 14812 11965)
4(11964 11965 14812 14811)
4(12005 14774 14813 11966)
4(11965 11966 14813 14812)
4(12006 14775 14814 11967)
4(11966 11967 14814 14813)
4(12007 14776 14815 11968)
4(11967 11968 14815 14814)
4(12008 14777 14816 11969)
4(11968 11969 14816 14815)
4(12009 14778 14817 11970)
4(11969 11970 14817 14816)
4(12010 14779 14818 11971)
4(11970 11971 14818 14817)
4(12011 14780 14819 11972)
4(11971 11972 14819 14818)
4(12012 14781 14820 11973)
4(11972 11973 14820 14819)
4(12013 14782 14821 11974)
4(11973 11974 14821 14820)
4(12014 14783 14822 11975)
4(11974 11975 14822 14821)
4(12015 14784 14823 11976)
4(11975 11976 14823 14822)
4(12016 14785 14824 11977)
4(11976 11977 14824 14823)
4(12017 14786 14825 11978)
4(11977 11978 14825 14824)
4(12018 14787 14826 11979)
4(11978 11979 14826 14825)
4(12019 14788 14827 11980)
4(11979 11980 14827 14826)
4(12020 14789 14828 11981)
4(11980 11981 14828 14827)
4(12021 14790 14829 11982)
4(11981 11982 14829 14828)
4(12022 14791 14830 11983)
4(11982 11983 14830 14829)
4(12023 14792 14831 11984)
4(11983 11984 14831 14830)
4(12024 14793 14832 11985)
4(11984 11985 14832 14831)
4(12025 14794 14833 11986)
4(11985 11986 14833 14832)
4(12026 14795 14834 11987)
4(11986 11987 14834 14833)
4(12027 14796 14835 11988)
4(11987 11988 14835 14834)
4(12028 14797 14836 11989)
4(11988 11989 14836 14835)
4(12029 14798 14837 11990)
4(11989 11990 14837 14836)
4(12030 14799 14838 11991)
4(11990 11991 14838 14837)
4(12031 14800 14839 11992)
4(11991 11992 14839 14838)
4(12032 14801 14840 11993)
4(11992 11993 14840 14839)
4(12033 14802 14841 11994)
4(11993 11994 14841 14840)
4(12034 14803 14842 11995)
4(11994 11995 14842 14841)
4(12035 14804 14843 11996)
4(11995 11996 14843 14842)
4(11996 922 1001 14843)
4(11958 14805 14844 11919)
4(681 11919 14844 760)
4(11959 14806 14845 11920)
4(11919 11920 14845 14844)
4(11960 14807 14846 11921)
4(11920 11921 14846 14845)
4(11961 14808 14847 11922)
4(11921 11922 14847 14846)
4(11962 14809 14848 11923)
4(11922 11923 14848 14847)
4(11963 14810 14849 11924)
4(11923 11924 14849 14848)
4(11964 14811 14850 11925)
4(11924 11925 14850 14849)
4(11965 14812 14851 11926)
4(11925 11926 14851 14850)
4(11966 14813 14852 11927)
4(11926 11927 14852 14851)
4(11967 14814 14853 11928)
4(11927 11928 14853 14852)
4(11968 14815 14854 11929)
4(11928 11929 14854 14853)
4(11969 14816 14855 11930)
4(11929 11930 14855 14854)
4(11970 14817 14856 11931)
4(11930 11931 14856 14855)
4(11971 14818 14857 11932)
4(11931 11932 14857 14856)
4(11972 14819 14858 11933)
4(11932 11933 14858 14857)
4(11973 14820 14859 11934)
4(11933 11934 14859 14858)
4(11974 14821 14860 11935)
4(11934 11935 14860 14859)
4(11975 14822 14861 11936)
4(11935 11936 14861 14860)
4(11976 14823 14862 11937)
4(11936 11937 14862 14861)
4(11977 14824 14863 11938)
4(11937 11938 14863 14862)
4(11978 14825 14864 11939)
4(11938 11939 14864 14863)
4(11979 14826 14865 11940)
4(11939 11940 14865 14864)
4(11980 14827 14866 11941)
4(11940 11941 14866 14865)
4(11981 14828 14867 11942)
4(11941 11942 14867 14866)
4(11982 14829 14868 11943)
4(11942 11943 14868 14867)
4(11983 14830 14869 11944)
4(11943 11944 14869 14868)
4(11984 14831 14870 11945)
4(11944 11945 14870 14869)
4(11985 14832 14871 11946)
4(11945 11946 14871 14870)
4(11986 14833 14872 11947)
4(11946 11947 14872 14871)
4(11987 14834 14873 11948)
4(11947 11948 14873 14872)
4(11988 14835 14874 11949)
4(11948 11949 14874 14873)
4(11989 14836 14875 11950)
4(11949 11950 14875 14874)
4(11990 14837 14876 11951)
4(11950 11951 14876 14875)
4(11991 14838 14877 11952)
4(11951 11952 14877 14876)
4(11992 14839 14878 11953)
4(11952 11953 14878 14877)
4(11993 14840 14879 11954)
4(11953 11954 14879 14878)
4(11994 14841 14880 11955)
4(11954 11955 14880 14879)
4(11995 14842 14881 11956)
4(11955 11956 14881 14880)
4(11996 14843 14882 11957)
4(11956 11957 14882 14881)
4(11957 921 1000 14882)
4(11919 14844 14883 11880)
4(682 11880 14883 761)
4(11920 14845 14884 11881)
4(11880 11881 14884 14883)
4(11921 14846 14885 11882)
4(11881 11882 14885 14884)
4(11922 14847 14886 11883)
4(11882 11883 14886 14885)
4(11923 14848 14887 11884)
4(11883 11884 14887 14886)
4(11924 14849 14888 11885)
4(11884 11885 14888 14887)
4(11925 14850 14889 11886)
4(11885 11886 14889 14888)
4(11926 14851 14890 11887)
4(11886 11887 14890 14889)
4(11927 14852 14891 11888)
4(11887 11888 14891 14890)
4(11928 14853 14892 11889)
4(11888 11889 14892 14891)
4(11929 14854 14893 11890)
4(11889 11890 14893 14892)
4(11930 14855 14894 11891)
4(11890 11891 14894 14893)
4(11931 14856 14895 11892)
4(11891 11892 14895 14894)
4(11932 14857 14896 11893)
4(11892 11893 14896 14895)
4(11933 14858 14897 11894)
4(11893 11894 14897 14896)
4(11934 14859 14898 11895)
4(11894 11895 14898 14897)
4(11935 14860 14899 11896)
4(11895 11896 14899 14898)
4(11936 14861 14900 11897)
4(11896 11897 14900 14899)
4(11937 14862 14901 11898)
4(11897 11898 14901 14900)
4(11938 14863 14902 11899)
4(11898 11899 14902 14901)
4(11939 14864 14903 11900)
4(11899 11900 14903 14902)
4(11940 14865 14904 11901)
4(11900 11901 14904 14903)
4(11941 14866 14905 11902)
4(11901 11902 14905 14904)
4(11942 14867 14906 11903)
4(11902 11903 14906 14905)
4(11943 14868 14907 11904)
4(11903 11904 14907 14906)
4(11944 14869 14908 11905)
4(11904 11905 14908 14907)
4(11945 14870 14909 11906)
4(11905 11906 14909 14908)
4(11946 14871 14910 11907)
4(11906 11907 14910 14909)
4(11947 14872 14911 11908)
4(11907 11908 14911 14910)
4(11948 14873 14912 11909)
4(11908 11909 14912 14911)
4(11949 14874 14913 11910)
4(11909 11910 14913 14912)
4(11950 14875 14914 11911)
4(11910 11911 14914 14913)
4(11951 14876 14915 11912)
4(11911 11912 14915 14914)
4(11952 14877 14916 11913)
4(11912 11913 14916 14915)
4(11953 14878 14917 11914)
4(11913 11914 14917 14916)
4(11954 14879 14918 11915)
4(11914 11915 14918 14917)
4(11955 14880 14919 11916)
4(11915 11916 14919 14918)
4(11956 14881 14920 11917)
4(11916 11917 14920 14919)
4(11957 14882 14921 11918)
4(11917 11918 14921 14920)
4(11918 920 999 14921)
4(11880 14883 14922 11841)
4(683 11841 14922 762)
4(11881 14884 14923 11842)
4(11841 11842 14923 14922)
4(11882 14885 14924 11843)
4(11842 11843 14924 14923)
4(11883 14886 14925 11844)
4(11843 11844 14925 14924)
4(11884 14887 14926 11845)
4(11844 11845 14926 14925)
4(11885 14888 14927 11846)
4(11845 11846 14927 14926)
4(11886 14889 14928 11847)
4(11846 11847 14928 14927)
4(11887 14890 14929 11848)
4(11847 11848 14929 14928)
4(11888 14891 14930 11849)
4(11848 11849 14930 14929)
4(11889 14892 14931 11850)
4(11849 11850 14931 14930)
4(11890 14893 14932 11851)
4(11850 11851 14932 14931)
4(11891 14894 14933 11852)
4(11851 11852 14933 14932)
4(11892 14895 14934 11853)
4(11852 11853 14934 14933)
4(11893 14896 14935 11854)
4(11853 11854 14935 14934)
4(11894 14897 14936 11855)
4(11854 11855 14936 14935)
4(11895 14898 14937 11856)
4(11855 11856 14937 14936)
4(11896 14899 14938 11857)
4(11856 11857 14938 14937)
4(11897 14900 14939 11858)
4(11857 11858 14939 14938)
4(11898 14901 14940 11859)
4(11858 11859 14940 14939)
4(11899 14902 14941 11860)
4(11859 11860 14941 14940)
4(11900 14903 14942 11861)
4(11860 11861 14942 14941)
4(11901 14904 14943 11862)
4(11861 11862 14943 14942)
4(11902 14905 14944 11863)
4(11862 11863 14944 14943)
4(11903 14906 14945 11864)
4(11863 11864 14945 14944)
4(11904 14907 14946 11865)
4(11864 11865 14946 14945)
4(11905 14908 14947 11866)
4(11865 11866 14947 14946)
4(11906 14909 14948 11867)
4(11866 11867 14948 14947)
4(11907 14910 14949 11868)
4(11867 11868 14949 14948)
4(11908 14911 14950 11869)
4(11868 11869 14950 14949)
4(11909 14912 14951 11870)
4(11869 11870 14951 14950)
4(11910 14913 14952 11871)
4(11870 11871 14952 14951)
4(11911 14914 14953 11872)
4(11871 11872 14953 14952)
4(11912 14915 14954 11873)
4(11872 11873 14954 14953)
4(11913 14916 14955 11874)
4(11873 11874 14955 14954)
4(11914 14917 14956 11875)
4(11874 11875 14956 14955)
4(11915 14918 14957 11876)
4(11875 11876 14957 14956)
4(11916 14919 14958 11877)
4(11876 11877 14958 14957)
4(11917 14920 14959 11878)
4(11877 11878 14959 14958)
4(11918 14921 14960 11879)
4(11878 11879 14960 14959)
4(11879 919 998 14960)
4(11841 14922 14961 11802)
4(684 11802 14961 763)
4(11842 14923 14962 11803)
4(11802 11803 14962 14961)
4(11843 14924 14963 11804)
4(11803 11804 14963 14962)
4(11844 14925 14964 11805)
4(11804 11805 14964 14963)
4(11845 14926 14965 11806)
4(11805 11806 14965 14964)
4(11846 14927 14966 11807)
4(11806 11807 14966 14965)
4(11847 14928 14967 11808)
4(11807 11808 14967 14966)
4(11848 14929 14968 11809)
4(11808 11809 14968 14967)
4(11849 14930 14969 11810)
4(11809 11810 14969 14968)
4(11850 14931 14970 11811)
4(11810 11811 14970 14969)
4(11851 14932 14971 11812)
4(11811 11812 14971 14970)
4(11852 14933 14972 11813)
4(11812 11813 14972 14971)
4(11853 14934 14973 11814)
4(11813 11814 14973 14972)
4(11854 14935 14974 11815)
4(11814 11815 14974 14973)
4(11855 14936 14975 11816)
4(11815 11816 14975 14974)
4(11856 14937 14976 11817)
4(11816 11817 14976 14975)
4(11857 14938 14977 11818)
4(11817 11818 14977 14976)
4(11858 14939 14978 11819)
4(11818 11819 14978 14977)
4(11859 14940 14979 11820)
4(11819 11820 14979 14978)
4(11860 14941 14980 11821)
4(11820 11821 14980 14979)
4(11861 14942 14981 11822)
4(11821 11822 14981 14980)
4(11862 14943 14982 11823)
4(11822 11823 14982 14981)
4(11863 14944 14983 11824)
4(11823 11824 14983 14982)
4(11864 14945 14984 11825)
4(11824 11825 14984 14983)
4(11865 14946 14985 11826)
4(11825 11826 14985 14984)
4(11866 14947 14986 11827)
4(11826 11827 14986 14985)
4(11867 14948 14987 11828)
4(11827 11828 14987 14986)
4(11868 14949 14988 11829)
4(11828 11829 14988 14987)
4(11869 14950 14989 11830)
4(11829 11830 14989 14988)
4(11870 14951 14990 11831)
4(11830 11831 14990 14989)
4(11871 14952 14991 11832)
4(11831 11832 14991 14990)
4(11872 14953 14992 11833)
4(11832 11833 14992 14991)
4(11873 14954 14993 11834)
4(11833 11834 14993 14992)
4(11874 14955 14994 11835)
4(11834 11835 14994 14993)
4(11875 14956 14995 11836)
4(11835 11836 14995 14994)
4(11876 14957 14996 11837)
4(11836 11837 14996 14995)
4(11877 14958 14997 11838)
4(11837 11838 14997 14996)
4(11878 14959 14998 11839)
4(11838 11839 14998 14997)
4(11879 14960 14999 11840)
4(11839 11840 14999 14998)
4(11840 918 997 14999)
4(11802 14961 15000 11763)
4(685 11763 15000 764)
4(11803 14962 15001 11764)
4(11763 11764 15001 15000)
4(11804 14963 15002 11765)
4(11764 11765 15002 15001)
4(11805 14964 15003 11766)
4(11765 11766 15003 15002)
4(11806 14965 15004 11767)
4(11766 11767 15004 15003)
4(11807 14966 15005 11768)
4(11767 11768 15005 15004)
4(11808 14967 15006 11769)
4(11768 11769 15006 15005)
4(11809 14968 15007 11770)
4(11769 11770 15007 15006)
4(11810 14969 15008 11771)
4(11770 11771 15008 15007)
4(11811 14970 15009 11772)
4(11771 11772 15009 15008)
4(11812 14971 15010 11773)
4(11772 11773 15010 15009)
4(11813 14972 15011 11774)
4(11773 11774 15011 15010)
4(11814 14973 15012 11775)
4(11774 11775 15012 15011)
4(11815 14974 15013 11776)
4(11775 11776 15013 15012)
4(11816 14975 15014 11777)
4(11776 11777 15014 15013)
4(11817 14976 15015 11778)
4(11777 11778 15015 15014)
4(11818 14977 15016 11779)
4(11778 11779 15016 15015)
4(11819 14978 15017 11780)
4(11779 11780 15017 15016)
4(11820 14979 15018 11781)
4(11780 11781 15018 15017)
4(11821 14980 15019 11782)
4(11781 11782 15019 15018)
4(11822 14981 15020 11783)
4(11782 11783 15020 15019)
4(11823 14982 15021 11784)
4(11783 11784 15021 15020)
4(11824 14983 15022 11785)
4(11784 11785 15022 15021)
4(11825 14984 15023 11786)
4(11785 11786 15023 15022)
4(11826 14985 15024 11787)
4(11786 11787 15024 15023)
4(11827 14986 15025 11788)
4(11787 11788 15025 15024)
4(11828 14987 15026 11789)
4(11788 11789 15026 15025)
4(11829 14988 15027 11790)
4(11789 11790 15027 15026)
4(11830 14989 15028 11791)
4(11790 11791 15028 15027)
4(11831 14990 15029 11792)
4(11791 11792 15029 15028)
4(11832 14991 15030 11793)
4(11792 11793 15030 15029)
4(11833 14992 15031 11794)
4(11793 11794 15031 15030)
4(11834 14993 15032 11795)
4(11794 11795 15032 15031)
4(11835 14994 15033 11796)
4(11795 11796 15033 15032)
4(11836 14995 15034 11797)
4(11796 11797 15034 15033)
4(11837 14996 15035 11798)
4(11797 11798 15035 15034)
4(11838 14997 15036 11799)
4(11798 11799 15036 15035)
4(11839 14998 15037 11800)
4(11799 11800 15037 15036)
4(11840 14999 15038 11801)
4(11800 11801 15038 15037)
4(11801 917 996 15038)
4(11763 15000 15039 11724)
4(686 11724 15039 765)
4(11764 15001 15040 11725)
4(11724 11725 15040 15039)
4(11765 15002 15041 11726)
4(11725 11726 15041 15040)
4(11766 15003 15042 11727)
4(11726 11727 15042 15041)
4(11767 15004 15043 11728)
4(11727 11728 15043 15042)
4(11768 15005 15044 11729)
4(11728 11729 15044 15043)
4(11769 15006 15045 11730)
4(11729 11730 15045 15044)
4(11770 15007 15046 11731)
4(11730 11731 15046 15045)
4(11771 15008 15047 11732)
4(11731 11732 15047 15046)
4(11772 15009 15048 11733)
4(11732 11733 15048 15047)
4(11773 15010 15049 11734)
4(11733 11734 15049 15048)
4(11774 15011 15050 11735)
4(11734 11735 15050 15049)
4(11775 15012 15051 11736)
4(11735 11736 15051 15050)
4(11776 15013 15052 11737)
4(11736 11737 15052 15051)
4(11777 15014 15053 11738)
4(11737 11738 15053 15052)
4(11778 15015 15054 11739)
4(11738 11739 15054 15053)
4(11779 15016 15055 11740)
4(11739 11740 15055 15054)
4(11780 15017 15056 11741)
4(11740 11741 15056 15055)
4(11781 15018 15057 11742)
4(11741 11742 15057 15056)
4(11782 15019 15058 11743)
4(11742 11743 15058 15057)
4(11783 15020 15059 11744)
4(11743 11744 15059 15058)
4(11784 15021 15060 11745)
4(11744 11745 15060 15059)
4(11785 15022 15061 11746)
4(11745 11746 15061 15060)
4(11786 15023 15062 11747)
4(11746 11747 15062 15061)
4(11787 15024 15063 11748)
4(11747 11748 15063 15062)
4(11788 15025 15064 11749)
4(11748 11749 15064 15063)
4(11789 15026 15065 11750)
4(11749 11750 15065 15064)
4(11790 15027 15066 11751)
4(11750 11751 15066 15065)
4(11791 15028 15067 11752)
4(11751 11752 15067 15066)
4(11792 15029 15068 11753)
4(11752 11753 15068 15067)
4(11793 15030 15069 11754)
4(11753 11754 15069 15068)
4(11794 15031 15070 11755)
4(11754 11755 15070 15069)
4(11795 15032 15071 11756)
4(11755 11756 15071 15070)
4(11796 15033 15072 11757)
4(11756 11757 15072 15071)
4(11797 15034 15073 11758)
4(11757 11758 15073 15072)
4(11798 15035 15074 11759)
4(11758 11759 15074 15073)
4(11799 15036 15075 11760)
4(11759 11760 15075 15074)
4(11800 15037 15076 11761)
4(11760 11761 15076 15075)
4(11801 15038 15077 11762)
4(11761 11762 15077 15076)
4(11762 916 995 15077)
4(11724 15039 15078 11685)
4(687 11685 15078 766)
4(11725 15040 15079 11686)
4(11685 11686 15079 15078)
4(11726 15041 15080 11687)
4(11686 11687 15080 15079)
4(11727 15042 15081 11688)
4(11687 11688 15081 15080)
4(11728 15043 15082 11689)
4(11688 11689 15082 15081)
4(11729 15044 15083 11690)
4(11689 11690 15083 15082)
4(11730 15045 15084 11691)
4(11690 11691 15084 15083)
4(11731 15046 15085 11692)
4(11691 11692 15085 15084)
4(11732 15047 15086 11693)
4(11692 11693 15086 15085)
4(11733 15048 15087 11694)
4(11693 11694 15087 15086)
4(11734 15049 15088 11695)
4(11694 11695 15088 15087)
4(11735 15050 15089 11696)
4(11695 11696 15089 15088)
4(11736 15051 15090 11697)
4(11696 11697 15090 15089)
4(11737 15052 15091 11698)
4(11697 11698 15091 15090)
4(11738 15053 15092 11699)
4(11698 11699 15092 15091)
4(11739 15054 15093 11700)
4(11699 11700 15093 15092)
4(11740 15055 15094 11701)
4(11700 11701 15094 15093)
4(11741 15056 15095 11702)
4(11701 11702 15095 15094)
4(11742 15057 15096 11703)
4(11702 11703 15096 15095)
4(11743 15058 15097 11704)
4(11703 11704 15097 15096)
4(11744 15059 15098 11705)
4(11704 11705 15098 15097)
4(11745 15060 15099 11706)
4(11705 11706 15099 15098)
4(11746 15061 15100 11707)
4(11706 11707 15100 15099)
4(11747 15062 15101 11708)
4(11707 11708 15101 15100)
4(11748 15063 15102 11709)
4(11708 11709 15102 15101)
4(11749 15064 15103 11710)
4(11709 11710 15103 15102)
4(11750 15065 15104 11711)
4(11710 11711 15104 15103)
4(11751 15066 15105 11712)
4(11711 11712 15105 15104)
4(11752 15067 15106 11713)
4(11712 11713 15106 15105)
4(11753 15068 15107 11714)
4(11713 11714 15107 15106)
4(11754 15069 15108 11715)
4(11714 11715 15108 15107)
4(11755 15070 15109 11716)
4(11715 11716 15109 15108)
4(11756 15071 15110 11717)
4(11716 11717 15110 15109)
4(11757 15072 15111 11718)
4(11717 11718 15111 15110)
4(11758 15073 15112 11719)
4(11718 11719 15112 15111)
4(11759 15074 15113 11720)
4(11719 11720 15113 15112)
4(11760 15075 15114 11721)
4(11720 11721 15114 15113)
4(11761 15076 15115 11722)
4(11721 11722 15115 15114)
4(11762 15077 15116 11723)
4(11722 11723 15116 15115)
4(11723 915 994 15116)
4(11685 15078 15117 11646)
4(688 11646 15117 767)
4(11686 15079 15118 11647)
4(11646 11647 15118 15117)
4(11687 15080 15119 11648)
4(11647 11648 15119 15118)
4(11688 15081 15120 11649)
4(11648 11649 15120 15119)
4(11689 15082 15121 11650)
4(11649 11650 15121 15120)
4(11690 15083 15122 11651)
4(11650 11651 15122 15121)
4(11691 15084 15123 11652)
4(11651 11652 15123 15122)
4(11692 15085 15124 11653)
4(11652 11653 15124 15123)
4(11693 15086 15125 11654)
4(11653 11654 15125 15124)
4(11694 15087 15126 11655)
4(11654 11655 15126 15125)
4(11695 15088 15127 11656)
4(11655 11656 15127 15126)
4(11696 15089 15128 11657)
4(11656 11657 15128 15127)
4(11697 15090 15129 11658)
4(11657 11658 15129 15128)
4(11698 15091 15130 11659)
4(11658 11659 15130 15129)
4(11699 15092 15131 11660)
4(11659 11660 15131 15130)
4(11700 15093 15132 11661)
4(11660 11661 15132 15131)
4(11701 15094 15133 11662)
4(11661 11662 15133 15132)
4(11702 15095 15134 11663)
4(11662 11663 15134 15133)
4(11703 15096 15135 11664)
4(11663 11664 15135 15134)
4(11704 15097 15136 11665)
4(11664 11665 15136 15135)
4(11705 15098 15137 11666)
4(11665 11666 15137 15136)
4(11706 15099 15138 11667)
4(11666 11667 15138 15137)
4(11707 15100 15139 11668)
4(11667 11668 15139 15138)
4(11708 15101 15140 11669)
4(11668 11669 15140 15139)
4(11709 15102 15141 11670)
4(11669 11670 15141 15140)
4(11710 15103 15142 11671)
4(11670 11671 15142 15141)
4(11711 15104 15143 11672)
4(11671 11672 15143 15142)
4(11712 15105 15144 11673)
4(11672 11673 15144 15143)
4(11713 15106 15145 11674)
4(11673 11674 15145 15144)
4(11714 15107 15146 11675)
4(11674 11675 15146 15145)
4(11715 15108 15147 11676)
4(11675 11676 15147 15146)
4(11716 15109 15148 11677)
4(11676 11677 15148 15147)
4(11717 15110 15149 11678)
4(11677 11678 15149 15148)
4(11718 15111 15150 11679)
4(11678 11679 15150 15149)
4(11719 15112 15151 11680)
4(11679 11680 15151 15150)
4(11720 15113 15152 11681)
4(11680 11681 15152 15151)
4(11721 15114 15153 11682)
4(11681 11682 15153 15152)
4(11722 15115 15154 11683)
4(11682 11683 15154 15153)
4(11723 15116 15155 11684)
4(11683 11684 15155 15154)
4(11684 914 993 15155)
4(11646 15117 15156 11607)
4(689 11607 15156 768)
4(11647 15118 15157 11608)
4(11607 11608 15157 15156)
4(11648 15119 15158 11609)
4(11608 11609 15158 15157)
4(11649 15120 15159 11610)
4(11609 11610 15159 15158)
4(11650 15121 15160 11611)
4(11610 11611 15160 15159)
4(11651 15122 15161 11612)
4(11611 11612 15161 15160)
4(11652 15123 15162 11613)
4(11612 11613 15162 15161)
4(11653 15124 15163 11614)
4(11613 11614 15163 15162)
4(11654 15125 15164 11615)
4(11614 11615 15164 15163)
4(11655 15126 15165 11616)
4(11615 11616 15165 15164)
4(11656 15127 15166 11617)
4(11616 11617 15166 15165)
4(11657 15128 15167 11618)
4(11617 11618 15167 15166)
4(11658 15129 15168 11619)
4(11618 11619 15168 15167)
4(11659 15130 15169 11620)
4(11619 11620 15169 15168)
4(11660 15131 15170 11621)
4(11620 11621 15170 15169)
4(11661 15132 15171 11622)
4(11621 11622 15171 15170)
4(11662 15133 15172 11623)
4(11622 11623 15172 15171)
4(11663 15134 15173 11624)
4(11623 11624 15173 15172)
4(11664 15135 15174 11625)
4(11624 11625 15174 15173)
4(11665 15136 15175 11626)
4(11625 11626 15175 15174)
4(11666 15137 15176 11627)
4(11626 11627 15176 15175)
4(11667 15138 15177 11628)
4(11627 11628 15177 15176)
4(11668 15139 15178 11629)
4(11628 11629 15178 15177)
4(11669 15140 15179 11630)
4(11629 11630 15179 15178)
4(11670 15141 15180 11631)
4(11630 11631 15180 15179)
4(11671 15142 15181 11632)
4(11631 11632 15181 15180)
4(11672 15143 15182 11633)
4(11632 11633 15182 15181)
4(11673 15144 15183 11634)
4(11633 11634 15183 15182)
4(11674 15145 15184 11635)
4(11634 11635 15184 15183)
4(11675 15146 15185 11636)
4(11635 11636 15185 15184)
4(11676 15147 15186 11637)
4(11636 11637 15186 15185)
4(11677 15148 15187 11638)
4(11637 11638 15187 15186)
4(11678 15149 15188 11639)
4(11638 11639 15188 15187)
4(11679 15150 15189 11640)
4(11639 11640 15189 15188)
4(11680 15151 15190 11641)
4(11640 11641 15190 15189)
4(11681 15152 15191 11642)
4(11641 11642 15191 15190)
4(11682 15153 15192 11643)
4(11642 11643 15192 15191)
4(11683 15154 15193 11644)
4(11643 11644 15193 15192)
4(11684 15155 15194 11645)
4(11644 11645 15194 15193)
4(11645 913 992 15194)
4(11607 15156 15195 11568)
4(690 11568 15195 769)
4(11608 15157 15196 11569)
4(11568 11569 15196 15195)
4(11609 15158 15197 11570)
4(11569 11570 15197 15196)
4(11610 15159 15198 11571)
4(11570 11571 15198 15197)
4(11611 15160 15199 11572)
4(11571 11572 15199 15198)
4(11612 15161 15200 11573)
4(11572 11573 15200 15199)
4(11613 15162 15201 11574)
4(11573 11574 15201 15200)
4(11614 15163 15202 11575)
4(11574 11575 15202 15201)
4(11615 15164 15203 11576)
4(11575 11576 15203 15202)
4(11616 15165 15204 11577)
4(11576 11577 15204 15203)
4(11617 15166 15205 11578)
4(11577 11578 15205 15204)
4(11618 15167 15206 11579)
4(11578 11579 15206 15205)
4(11619 15168 15207 11580)
4(11579 11580 15207 15206)
4(11620 15169 15208 11581)
4(11580 11581 15208 15207)
4(11621 15170 15209 11582)
4(11581 11582 15209 15208)
4(11622 15171 15210 11583)
4(11582 11583 15210 15209)
4(11623 15172 15211 11584)
4(11583 11584 15211 15210)
4(11624 15173 15212 11585)
4(11584 11585 15212 15211)
4(11625 15174 15213 11586)
4(11585 11586 15213 15212)
4(11626 15175 15214 11587)
4(11586 11587 15214 15213)
4(11627 15176 15215 11588)
4(11587 11588 15215 15214)
4(11628 15177 15216 11589)
4(11588 11589 15216 15215)
4(11629 15178 15217 11590)
4(11589 11590 15217 15216)
4(11630 15179 15218 11591)
4(11590 11591 15218 15217)
4(11631 15180 15219 11592)
4(11591 11592 15219 15218)
4(11632 15181 15220 11593)
4(11592 11593 15220 15219)
4(11633 15182 15221 11594)
4(11593 11594 15221 15220)
4(11634 15183 15222 11595)
4(11594 11595 15222 15221)
4(11635 15184 15223 11596)
4(11595 11596 15223 15222)
4(11636 15185 15224 11597)
4(11596 11597 15224 15223)
4(11637 15186 15225 11598)
4(11597 11598 15225 15224)
4(11638 15187 15226 11599)
4(11598 11599 15226 15225)
4(11639 15188 15227 11600)
4(11599 11600 15227 15226)
4(11640 15189 15228 11601)
4(11600 11601 15228 15227)
4(11641 15190 15229 11602)
4(11601 11602 15229 15228)
4(11642 15191 15230 11603)
4(11602 11603 15230 15229)
4(11643 15192 15231 11604)
4(11603 11604 15231 15230)
4(11644 15193 15232 11605)
4(11604 11605 15232 15231)
4(11645 15194 15233 11606)
4(11605 11606 15233 15232)
4(11606 912 991 15233)
4(11568 15195 15234 11529)
4(691 11529 15234 770)
4(11569 15196 15235 11530)
4(11529 11530 15235 15234)
4(11570 15197 15236 11531)
4(11530 11531 15236 15235)
4(11571 15198 15237 11532)
4(11531 11532 15237 15236)
4(11572 15199 15238 11533)
4(11532 11533 15238 15237)
4(11573 15200 15239 11534)
4(11533 11534 15239 15238)
4(11574 15201 15240 11535)
4(11534 11535 15240 15239)
4(11575 15202 15241 11536)
4(11535 11536 15241 15240)
4(11576 15203 15242 11537)
4(11536 11537 15242 15241)
4(11577 15204 15243 11538)
4(11537 11538 15243 15242)
4(11578 15205 15244 11539)
4(11538 11539 15244 15243)
4(11579 15206 15245 11540)
4(11539 11540 15245 15244)
4(11580 15207 15246 11541)
4(11540 11541 15246 15245)
4(11581 15208 15247 11542)
4(11541 11542 15247 15246)
4(11582 15209 15248 11543)
4(11542 11543 15248 15247)
4(11583 15210 15249 11544)
4(11543 11544 15249 15248)
4(11584 15211 15250 11545)
4(11544 11545 15250 15249)
4(11585 15212 15251 11546)
4(11545 11546 15251 15250)
4(11586 15213 15252 11547)
4(11546 11547 15252 15251)
4(11587 15214 15253 11548)
4(11547 11548 15253 15252)
4(11588 15215 15254 11549)
4(11548 11549 15254 15253)
4(11589 15216 15255 11550)
4(11549 11550 15255 15254)
4(11590 15217 15256 11551)
4(11550 11551 15256 15255)
4(11591 15218 15257 11552)
4(11551 11552 15257 15256)
4(11592 15219 15258 11553)
4(11552 11553 15258 15257)
4(11593 15220 15259 11554)
4(11553 11554 15259 15258)
4(11594 15221 15260 11555)
4(11554 11555 15260 15259)
4(11595 15222 15261 11556)
4(11555 11556 15261 15260)
4(11596 15223 15262 11557)
4(11556 11557 15262 15261)
4(11597 15224 15263 11558)
4(11557 11558 15263 15262)
4(11598 15225 15264 11559)
4(11558 11559 15264 15263)
4(11599 15226 15265 11560)
4(11559 11560 15265 15264)
4(11600 15227 15266 11561)
4(11560 11561 15266 15265)
4(11601 15228 15267 11562)
4(11561 11562 15267 15266)
4(11602 15229 15268 11563)
4(11562 11563 15268 15267)
4(11603 15230 15269 11564)
4(11563 11564 15269 15268)
4(11604 15231 15270 11565)
4(11564 11565 15270 15269)
4(11605 15232 15271 11566)
4(11565 11566 15271 15270)
4(11606 15233 15272 11567)
4(11566 11567 15272 15271)
4(11567 911 990 15272)
4(11529 15234 15273 11490)
4(692 11490 15273 771)
4(11530 15235 15274 11491)
4(11490 11491 15274 15273)
4(11531 15236 15275 11492)
4(11491 11492 15275 15274)
4(11532 15237 15276 11493)
4(11492 11493 15276 15275)
4(11533 15238 15277 11494)
4(11493 11494 15277 15276)
4(11534 15239 15278 11495)
4(11494 11495 15278 15277)
4(11535 15240 15279 11496)
4(11495 11496 15279 15278)
4(11536 15241 15280 11497)
4(11496 11497 15280 15279)
4(11537 15242 15281 11498)
4(11497 11498 15281 15280)
4(11538 15243 15282 11499)
4(11498 11499 15282 15281)
4(11539 15244 15283 11500)
4(11499 11500 15283 15282)
4(11540 15245 15284 11501)
4(11500 11501 15284 15283)
4(11541 15246 15285 11502)
4(11501 11502 15285 15284)
4(11542 15247 15286 11503)
4(11502 11503 15286 15285)
4(11543 15248 15287 11504)
4(11503 11504 15287 15286)
4(11544 15249 15288 11505)
4(11504 11505 15288 15287)
4(11545 15250 15289 11506)
4(11505 11506 15289 15288)
4(11546 15251 15290 11507)
4(11506 11507 15290 15289)
4(11547 15252 15291 11508)
4(11507 11508 15291 15290)
4(11548 15253 15292 11509)
4(11508 11509 15292 15291)
4(11549 15254 15293 11510)
4(11509 11510 15293 15292)
4(11550 15255 15294 11511)
4(11510 11511 15294 15293)
4(11551 15256 15295 11512)
4(11511 11512 15295 15294)
4(11552 15257 15296 11513)
4(11512 11513 15296 15295)
4(11553 15258 15297 11514)
4(11513 11514 15297 15296)
4(11554 15259 15298 11515)
4(11514 11515 15298 15297)
4(11555 15260 15299 11516)
4(11515 11516 15299 15298)
4(11556 15261 15300 11517)
4(11516 11517 15300 15299)
4(11557 15262 15301 11518)
4(11517 11518 15301 15300)
4(11558 15263 15302 11519)
4(11518 11519 15302 15301)
4(11559 15264 15303 11520)
4(11519 11520 15303 15302)
4(11560 15265 15304 11521)
4(11520 11521 15304 15303)
4(11561 15266 15305 11522)
4(11521 11522 15305 15304)
4(11562 15267 15306 11523)
4(11522 11523 15306 15305)
4(11563 15268 15307 11524)
4(11523 11524 15307 15306)
4(11564 15269 15308 11525)
4(11524 11525 15308 15307)
4(11565 15270 15309 11526)
4(11525 11526 15309 15308)
4(11566 15271 15310 11527)
4(11526 11527 15310 15309)
4(11567 15272 15311 11528)
4(11527 11528 15311 15310)
4(11528 910 989 15311)
4(11490 15273 15312 11451)
4(693 11451 15312 772)
4(11491 15274 15313 11452)
4(11451 11452 15313 15312)
4(11492 15275 15314 11453)
4(11452 11453 15314 15313)
4(11493 15276 15315 11454)
4(11453 11454 15315 15314)
4(11494 15277 15316 11455)
4(11454 11455 15316 15315)
4(11495 15278 15317 11456)
4(11455 11456 15317 15316)
4(11496 15279 15318 11457)
4(11456 11457 15318 15317)
4(11497 15280 15319 11458)
4(11457 11458 15319 15318)
4(11498 15281 15320 11459)
4(11458 11459 15320 15319)
4(11499 15282 15321 11460)
4(11459 11460 15321 15320)
4(11500 15283 15322 11461)
4(11460 11461 15322 15321)
4(11501 15284 15323 11462)
4(11461 11462 15323 15322)
4(11502 15285 15324 11463)
4(11462 11463 15324 15323)
4(11503 15286 15325 11464)
4(11463 11464 15325 15324)
4(11504 15287 15326 11465)
4(11464 11465 15326 15325)
4(11505 15288 15327 11466)
4(11465 11466 15327 15326)
4(11506 15289 15328 11467)
4(11466 11467 15328 15327)
4(11507 15290 15329 11468)
4(11467 11468 15329 15328)
4(11508 15291 15330 11469)
4(11468 11469 15330 15329)
4(11509 15292 15331 11470)
4(11469 11470 15331 15330)
4(11510 15293 15332 11471)
4(11470 11471 15332 15331)
4(11511 15294 15333 11472)
4(11471 11472 15333 15332)
4(11512 15295 15334 11473)
4(11472 11473 15334 15333)
4(11513 15296 15335 11474)
4(11473 11474 15335 15334)
4(11514 15297 15336 11475)
4(11474 11475 15336 15335)
4(11515 15298 15337 11476)
4(11475 11476 15337 15336)
4(11516 15299 15338 11477)
4(11476 11477 15338 15337)
4(11517 15300 15339 11478)
4(11477 11478 15339 15338)
4(11518 15301 15340 11479)
4(11478 11479 15340 15339)
4(11519 15302 15341 11480)
4(11479 11480 15341 15340)
4(11520 15303 15342 11481)
4(11480 11481 15342 15341)
4(11521 15304 15343 11482)
4(11481 11482 15343 15342)
4(11522 15305 15344 11483)
4(11482 11483 15344 15343)
4(11523 15306 15345 11484)
4(11483 11484 15345 15344)
4(11524 15307 15346 11485)
4(11484 11485 15346 15345)
4(11525 15308 15347 11486)
4(11485 11486 15347 15346)
4(11526 15309 15348 11487)
4(11486 11487 15348 15347)
4(11527 15310 15349 11488)
4(11487 11488 15349 15348)
4(11528 15311 15350 11489)
4(11488 11489 15350 15349)
4(11489 909 988 15350)
4(11451 15312 15351 11412)
4(694 11412 15351 773)
4(11452 15313 15352 11413)
4(11412 11413 15352 15351)
4(11453 15314 15353 11414)
4(11413 11414 15353 15352)
4(11454 15315 15354 11415)
4(11414 11415 15354 15353)
4(11455 15316 15355 11416)
4(11415 11416 15355 15354)
4(11456 15317 15356 11417)
4(11416 11417 15356 15355)
4(11457 15318 15357 11418)
4(11417 11418 15357 15356)
4(11458 15319 15358 11419)
4(11418 11419 15358 15357)
4(11459 15320 15359 11420)
4(11419 11420 15359 15358)
4(11460 15321 15360 11421)
4(11420 11421 15360 15359)
4(11461 15322 15361 11422)
4(11421 11422 15361 15360)
4(11462 15323 15362 11423)
4(11422 11423 15362 15361)
4(11463 15324 15363 11424)
4(11423 11424 15363 15362)
4(11464 15325 15364 11425)
4(11424 11425 15364 15363)
4(11465 15326 15365 11426)
4(11425 11426 15365 15364)
4(11466 15327 15366 11427)
4(11426 11427 15366 15365)
4(11467 15328 15367 11428)
4(11427 11428 15367 15366)
4(11468 15329 15368 11429)
4(11428 11429 15368 15367)
4(11469 15330 15369 11430)
4(11429 11430 15369 15368)
4(11470 15331 15370 11431)
4(11430 11431 15370 15369)
4(11471 15332 15371 11432)
4(11431 11432 15371 15370)
4(11472 15333 15372 11433)
4(11432 11433 15372 15371)
4(11473 15334 15373 11434)
4(11433 11434 15373 15372)
4(11474 15335 15374 11435)
4(11434 11435 15374 15373)
4(11475 15336 15375 11436)
4(11435 11436 15375 15374)
4(11476 15337 15376 11437)
4(11436 11437 15376 15375)
4(11477 15338 15377 11438)
4(11437 11438 15377 15376)
4(11478 15339 15378 11439)
4(11438 11439 15378 15377)
4(11479 15340 15379 11440)
4(11439 11440 15379 15378)
4(11480 15341 15380 11441)
4(11440 11441 15380 15379)
4(11481 15342 15381 11442)
4(11441 11442 15381 15380)
4(11482 15343 15382 11443)
4(11442 11443 15382 15381)
4(11483 15344 15383 11444)
4(11443 11444 15383 15382)
4(11484 15345 15384 11445)
4(11444 11445 15384 15383)
4(11485 15346 15385 11446)
4(11445 11446 15385 15384)
4(11486 15347 15386 11447)
4(11446 11447 15386 15385)
4(11487 15348 15387 11448)
4(11447 11448 15387 15386)
4(11488 15349 15388 11449)
4(11448 11449 15388 15387)
4(11489 15350 15389 11450)
4(11449 11450 15389 15388)
4(11450 908 987 15389)
4(11412 15351 15390 11373)
4(695 11373 15390 774)
4(11413 15352 15391 11374)
4(11373 11374 15391 15390)
4(11414 15353 15392 11375)
4(11374 11375 15392 15391)
4(11415 15354 15393 11376)
4(11375 11376 15393 15392)
4(11416 15355 15394 11377)
4(11376 11377 15394 15393)
4(11417 15356 15395 11378)
4(11377 11378 15395 15394)
4(11418 15357 15396 11379)
4(11378 11379 15396 15395)
4(11419 15358 15397 11380)
4(11379 11380 15397 15396)
4(11420 15359 15398 11381)
4(11380 11381 15398 15397)
4(11421 15360 15399 11382)
4(11381 11382 15399 15398)
4(11422 15361 15400 11383)
4(11382 11383 15400 15399)
4(11423 15362 15401 11384)
4(11383 11384 15401 15400)
4(11424 15363 15402 11385)
4(11384 11385 15402 15401)
4(11425 15364 15403 11386)
4(11385 11386 15403 15402)
4(11426 15365 15404 11387)
4(11386 11387 15404 15403)
4(11427 15366 15405 11388)
4(11387 11388 15405 15404)
4(11428 15367 15406 11389)
4(11388 11389 15406 15405)
4(11429 15368 15407 11390)
4(11389 11390 15407 15406)
4(11430 15369 15408 11391)
4(11390 11391 15408 15407)
4(11431 15370 15409 11392)
4(11391 11392 15409 15408)
4(11432 15371 15410 11393)
4(11392 11393 15410 15409)
4(11433 15372 15411 11394)
4(11393 11394 15411 15410)
4(11434 15373 15412 11395)
4(11394 11395 15412 15411)
4(11435 15374 15413 11396)
4(11395 11396 15413 15412)
4(11436 15375 15414 11397)
4(11396 11397 15414 15413)
4(11437 15376 15415 11398)
4(11397 11398 15415 15414)
4(11438 15377 15416 11399)
4(11398 11399 15416 15415)
4(11439 15378 15417 11400)
4(11399 11400 15417 15416)
4(11440 15379 15418 11401)
4(11400 11401 15418 15417)
4(11441 15380 15419 11402)
4(11401 11402 15419 15418)
4(11442 15381 15420 11403)
4(11402 11403 15420 15419)
4(11443 15382 15421 11404)
4(11403 11404 15421 15420)
4(11444 15383 15422 11405)
4(11404 11405 15422 15421)
4(11445 15384 15423 11406)
4(11405 11406 15423 15422)
4(11446 15385 15424 11407)
4(11406 11407 15424 15423)
4(11447 15386 15425 11408)
4(11407 11408 15425 15424)
4(11448 15387 15426 11409)
4(11408 11409 15426 15425)
4(11449 15388 15427 11410)
4(11409 11410 15427 15426)
4(11450 15389 15428 11411)
4(11410 11411 15428 15427)
4(11411 907 986 15428)
4(11373 15390 15429 11334)
4(696 11334 15429 775)
4(11374 15391 15430 11335)
4(11334 11335 15430 15429)
4(11375 15392 15431 11336)
4(11335 11336 15431 15430)
4(11376 15393 15432 11337)
4(11336 11337 15432 15431)
4(11377 15394 15433 11338)
4(11337 11338 15433 15432)
4(11378 15395 15434 11339)
4(11338 11339 15434 15433)
4(11379 15396 15435 11340)
4(11339 11340 15435 15434)
4(11380 15397 15436 11341)
4(11340 11341 15436 15435)
4(11381 15398 15437 11342)
4(11341 11342 15437 15436)
4(11382 15399 15438 11343)
4(11342 11343 15438 15437)
4(11383 15400 15439 11344)
4(11343 11344 15439 15438)
4(11384 15401 15440 11345)
4(11344 11345 15440 15439)
4(11385 15402 15441 11346)
4(11345 11346 15441 15440)
4(11386 15403 15442 11347)
4(11346 11347 15442 15441)
4(11387 15404 15443 11348)
4(11347 11348 15443 15442)
4(11388 15405 15444 11349)
4(11348 11349 15444 15443)
4(11389 15406 15445 11350)
4(11349 11350 15445 15444)
4(11390 15407 15446 11351)
4(11350 11351 15446 15445)
4(11391 15408 15447 11352)
4(11351 11352 15447 15446)
4(11392 15409 15448 11353)
4(11352 11353 15448 15447)
4(11393 15410 15449 11354)
4(11353 11354 15449 15448)
4(11394 15411 15450 11355)
4(11354 11355 15450 15449)
4(11395 15412 15451 11356)
4(11355 11356 15451 15450)
4(11396 15413 15452 11357)
4(11356 11357 15452 15451)
4(11397 15414 15453 11358)
4(11357 11358 15453 15452)
4(11398 15415 15454 11359)
4(11358 11359 15454 15453)
4(11399 15416 15455 11360)
4(11359 11360 15455 15454)
4(11400 15417 15456 11361)
4(11360 11361 15456 15455)
4(11401 15418 15457 11362)
4(11361 11362 15457 15456)
4(11402 15419 15458 11363)
4(11362 11363 15458 15457)
4(11403 15420 15459 11364)
4(11363 11364 15459 15458)
4(11404 15421 15460 11365)
4(11364 11365 15460 15459)
4(11405 15422 15461 11366)
4(11365 11366 15461 15460)
4(11406 15423 15462 11367)
4(11366 11367 15462 15461)
4(11407 15424 15463 11368)
4(11367 11368 15463 15462)
4(11408 15425 15464 11369)
4(11368 11369 15464 15463)
4(11409 15426 15465 11370)
4(11369 11370 15465 15464)
4(11410 15427 15466 11371)
4(11370 11371 15466 15465)
4(11411 15428 15467 11372)
4(11371 11372 15467 15466)
4(11372 906 985 15467)
4(11334 15429 15468 11295)
4(697 11295 15468 776)
4(11335 15430 15469 11296)
4(11295 11296 15469 15468)
4(11336 15431 15470 11297)
4(11296 11297 15470 15469)
4(11337 15432 15471 11298)
4(11297 11298 15471 15470)
4(11338 15433 15472 11299)
4(11298 11299 15472 15471)
4(11339 15434 15473 11300)
4(11299 11300 15473 15472)
4(11340 15435 15474 11301)
4(11300 11301 15474 15473)
4(11341 15436 15475 11302)
4(11301 11302 15475 15474)
4(11342 15437 15476 11303)
4(11302 11303 15476 15475)
4(11343 15438 15477 11304)
4(11303 11304 15477 15476)
4(11344 15439 15478 11305)
4(11304 11305 15478 15477)
4(11345 15440 15479 11306)
4(11305 11306 15479 15478)
4(11346 15441 15480 11307)
4(11306 11307 15480 15479)
4(11347 15442 15481 11308)
4(11307 11308 15481 15480)
4(11348 15443 15482 11309)
4(11308 11309 15482 15481)
4(11349 15444 15483 11310)
4(11309 11310 15483 15482)
4(11350 15445 15484 11311)
4(11310 11311 15484 15483)
4(11351 15446 15485 11312)
4(11311 11312 15485 15484)
4(11352 15447 15486 11313)
4(11312 11313 15486 15485)
4(11353 15448 15487 11314)
4(11313 11314 15487 15486)
4(11354 15449 15488 11315)
4(11314 11315 15488 15487)
4(11355 15450 15489 11316)
4(11315 11316 15489 15488)
4(11356 15451 15490 11317)
4(11316 11317 15490 15489)
4(11357 15452 15491 11318)
4(11317 11318 15491 15490)
4(11358 15453 15492 11319)
4(11318 11319 15492 15491)
4(11359 15454 15493 11320)
4(11319 11320 15493 15492)
4(11360 15455 15494 11321)
4(11320 11321 15494 15493)
4(11361 15456 15495 11322)
4(11321 11322 15495 15494)
4(11362 15457 15496 11323)
4(11322 11323 15496 15495)
4(11363 15458 15497 11324)
4(11323 11324 15497 15496)
4(11364 15459 15498 11325)
4(11324 11325 15498 15497)
4(11365 15460 15499 11326)
4(11325 11326 15499 15498)
4(11366 15461 15500 11327)
4(11326 11327 15500 15499)
4(11367 15462 15501 11328)
4(11327 11328 15501 15500)
4(11368 15463 15502 11329)
4(11328 11329 15502 15501)
4(11369 15464 15503 11330)
4(11329 11330 15503 15502)
4(11370 15465 15504 11331)
4(11330 11331 15504 15503)
4(11371 15466 15505 11332)
4(11331 11332 15505 15504)
4(11372 15467 15506 11333)
4(11332 11333 15506 15505)
4(11333 905 984 15506)
4(11295 15468 15507 11256)
4(698 11256 15507 777)
4(11296 15469 15508 11257)
4(11256 11257 15508 15507)
4(11297 15470 15509 11258)
4(11257 11258 15509 15508)
4(11298 15471 15510 11259)
4(11258 11259 15510 15509)
4(11299 15472 15511 11260)
4(11259 11260 15511 15510)
4(11300 15473 15512 11261)
4(11260 11261 15512 15511)
4(11301 15474 15513 11262)
4(11261 11262 15513 15512)
4(11302 15475 15514 11263)
4(11262 11263 15514 15513)
4(11303 15476 15515 11264)
4(11263 11264 15515 15514)
4(11304 15477 15516 11265)
4(11264 11265 15516 15515)
4(11305 15478 15517 11266)
4(11265 11266 15517 15516)
4(11306 15479 15518 11267)
4(11266 11267 15518 15517)
4(11307 15480 15519 11268)
4(11267 11268 15519 15518)
4(11308 15481 15520 11269)
4(11268 11269 15520 15519)
4(11309 15482 15521 11270)
4(11269 11270 15521 15520)
4(11310 15483 15522 11271)
4(11270 11271 15522 15521)
4(11311 15484 15523 11272)
4(11271 11272 15523 15522)
4(11312 15485 15524 11273)
4(11272 11273 15524 15523)
4(11313 15486 15525 11274)
4(11273 11274 15525 15524)
4(11314 15487 15526 11275)
4(11274 11275 15526 15525)
4(11315 15488 15527 11276)
4(11275 11276 15527 15526)
4(11316 15489 15528 11277)
4(11276 11277 15528 15527)
4(11317 15490 15529 11278)
4(11277 11278 15529 15528)
4(11318 15491 15530 11279)
4(11278 11279 15530 15529)
4(11319 15492 15531 11280)
4(11279 11280 15531 15530)
4(11320 15493 15532 11281)
4(11280 11281 15532 15531)
4(11321 15494 15533 11282)
4(11281 11282 15533 15532)
4(11322 15495 15534 11283)
4(11282 11283 15534 15533)
4(11323 15496 15535 11284)
4(11283 11284 15535 15534)
4(11324 15497 15536 11285)
4(11284 11285 15536 15535)
4(11325 15498 15537 11286)
4(11285 11286 15537 15536)
4(11326 15499 15538 11287)
4(11286 11287 15538 15537)
4(11327 15500 15539 11288)
4(11287 11288 15539 15538)
4(11328 15501 15540 11289)
4(11288 11289 15540 15539)
4(11329 15502 15541 11290)
4(11289 11290 15541 15540)
4(11330 15503 15542 11291)
4(11290 11291 15542 15541)
4(11331 15504 15543 11292)
4(11291 11292 15543 15542)
4(11332 15505 15544 11293)
4(11292 11293 15544 15543)
4(11333 15506 15545 11294)
4(11293 11294 15545 15544)
4(11294 904 983 15545)
4(11256 15507 15546 11217)
4(699 11217 15546 778)
4(11257 15508 15547 11218)
4(11217 11218 15547 15546)
4(11258 15509 15548 11219)
4(11218 11219 15548 15547)
4(11259 15510 15549 11220)
4(11219 11220 15549 15548)
4(11260 15511 15550 11221)
4(11220 11221 15550 15549)
4(11261 15512 15551 11222)
4(11221 11222 15551 15550)
4(11262 15513 15552 11223)
4(11222 11223 15552 15551)
4(11263 15514 15553 11224)
4(11223 11224 15553 15552)
4(11264 15515 15554 11225)
4(11224 11225 15554 15553)
4(11265 15516 15555 11226)
4(11225 11226 15555 15554)
4(11266 15517 15556 11227)
4(11226 11227 15556 15555)
4(11267 15518 15557 11228)
4(11227 11228 15557 15556)
4(11268 15519 15558 11229)
4(11228 11229 15558 15557)
4(11269 15520 15559 11230)
4(11229 11230 15559 15558)
4(11270 15521 15560 11231)
4(11230 11231 15560 15559)
4(11271 15522 15561 11232)
4(11231 11232 15561 15560)
4(11272 15523 15562 11233)
4(11232 11233 15562 15561)
4(11273 15524 15563 11234)
4(11233 11234 15563 15562)
4(11274 15525 15564 11235)
4(11234 11235 15564 15563)
4(11275 15526 15565 11236)
4(11235 11236 15565 15564)
4(11276 15527 15566 11237)
4(11236 11237 15566 15565)
4(11277 15528 15567 11238)
4(11237 11238 15567 15566)
4(11278 15529 15568 11239)
4(11238 11239 15568 15567)
4(11279 15530 15569 11240)
4(11239 11240 15569 15568)
4(11280 15531 15570 11241)
4(11240 11241 15570 15569)
4(11281 15532 15571 11242)
4(11241 11242 15571 15570)
4(11282 15533 15572 11243)
4(11242 11243 15572 15571)
4(11283 15534 15573 11244)
4(11243 11244 15573 15572)
4(11284 15535 15574 11245)
4(11244 11245 15574 15573)
4(11285 15536 15575 11246)
4(11245 11246 15575 15574)
4(11286 15537 15576 11247)
4(11246 11247 15576 15575)
4(11287 15538 15577 11248)
4(11247 11248 15577 15576)
4(11288 15539 15578 11249)
4(11248 11249 15578 15577)
4(11289 15540 15579 11250)
4(11249 11250 15579 15578)
4(11290 15541 15580 11251)
4(11250 11251 15580 15579)
4(11291 15542 15581 11252)
4(11251 11252 15581 15580)
4(11292 15543 15582 11253)
4(11252 11253 15582 15581)
4(11293 15544 15583 11254)
4(11253 11254 15583 15582)
4(11294 15545 15584 11255)
4(11254 11255 15584 15583)
4(11255 903 982 15584)
4(11217 15546 15585 11178)
4(700 11178 15585 779)
4(11218 15547 15586 11179)
4(11178 11179 15586 15585)
4(11219 15548 15587 11180)
4(11179 11180 15587 15586)
4(11220 15549 15588 11181)
4(11180 11181 15588 15587)
4(11221 15550 15589 11182)
4(11181 11182 15589 15588)
4(11222 15551 15590 11183)
4(11182 11183 15590 15589)
4(11223 15552 15591 11184)
4(11183 11184 15591 15590)
4(11224 15553 15592 11185)
4(11184 11185 15592 15591)
4(11225 15554 15593 11186)
4(11185 11186 15593 15592)
4(11226 15555 15594 11187)
4(11186 11187 15594 15593)
4(11227 15556 15595 11188)
4(11187 11188 15595 15594)
4(11228 15557 15596 11189)
4(11188 11189 15596 15595)
4(11229 15558 15597 11190)
4(11189 11190 15597 15596)
4(11230 15559 15598 11191)
4(11190 11191 15598 15597)
4(11231 15560 15599 11192)
4(11191 11192 15599 15598)
4(11232 15561 15600 11193)
4(11192 11193 15600 15599)
4(11233 15562 15601 11194)
4(11193 11194 15601 15600)
4(11234 15563 15602 11195)
4(11194 11195 15602 15601)
4(11235 15564 15603 11196)
4(11195 11196 15603 15602)
4(11236 15565 15604 11197)
4(11196 11197 15604 15603)
4(11237 15566 15605 11198)
4(11197 11198 15605 15604)
4(11238 15567 15606 11199)
4(11198 11199 15606 15605)
4(11239 15568 15607 11200)
4(11199 11200 15607 15606)
4(11240 15569 15608 11201)
4(11200 11201 15608 15607)
4(11241 15570 15609 11202)
4(11201 11202 15609 15608)
4(11242 15571 15610 11203)
4(11202 11203 15610 15609)
4(11243 15572 15611 11204)
4(11203 11204 15611 15610)
4(11244 15573 15612 11205)
4(11204 11205 15612 15611)
4(11245 15574 15613 11206)
4(11205 11206 15613 15612)
4(11246 15575 15614 11207)
4(11206 11207 15614 15613)
4(11247 15576 15615 11208)
4(11207 11208 15615 15614)
4(11248 15577 15616 11209)
4(11208 11209 15616 15615)
4(11249 15578 15617 11210)
4(11209 11210 15617 15616)
4(11250 15579 15618 11211)
4(11210 11211 15618 15617)
4(11251 15580 15619 11212)
4(11211 11212 15619 15618)
4(11252 15581 15620 11213)
4(11212 11213 15620 15619)
4(11253 15582 15621 11214)
4(11213 11214 15621 15620)
4(11254 15583 15622 11215)
4(11214 11215 15622 15621)
4(11255 15584 15623 11216)
4(11215 11216 15623 15622)
4(11216 902 981 15623)
4(11178 15585 15624 11139)
4(701 11139 15624 780)
4(11179 15586 15625 11140)
4(11139 11140 15625 15624)
4(11180 15587 15626 11141)
4(11140 11141 15626 15625)
4(11181 15588 15627 11142)
4(11141 11142 15627 15626)
4(11182 15589 15628 11143)
4(11142 11143 15628 15627)
4(11183 15590 15629 11144)
4(11143 11144 15629 15628)
4(11184 15591 15630 11145)
4(11144 11145 15630 15629)
4(11185 15592 15631 11146)
4(11145 11146 15631 15630)
4(11186 15593 15632 11147)
4(11146 11147 15632 15631)
4(11187 15594 15633 11148)
4(11147 11148 15633 15632)
4(11188 15595 15634 11149)
4(11148 11149 15634 15633)
4(11189 15596 15635 11150)
4(11149 11150 15635 15634)
4(11190 15597 15636 11151)
4(11150 11151 15636 15635)
4(11191 15598 15637 11152)
4(11151 11152 15637 15636)
4(11192 15599 15638 11153)
4(11152 11153 15638 15637)
4(11193 15600 15639 11154)
4(11153 11154 15639 15638)
4(11194 15601 15640 11155)
4(11154 11155 15640 15639)
4(11195 15602 15641 11156)
4(11155 11156 15641 15640)
4(11196 15603 15642 11157)
4(11156 11157 15642 15641)
4(11197 15604 15643 11158)
4(11157 11158 15643 15642)
4(11198 15605 15644 11159)
4(11158 11159 15644 15643)
4(11199 15606 15645 11160)
4(11159 11160 15645 15644)
4(11200 15607 15646 11161)
4(11160 11161 15646 15645)
4(11201 15608 15647 11162)
4(11161 11162 15647 15646)
4(11202 15609 15648 11163)
4(11162 11163 15648 15647)
4(11203 15610 15649 11164)
4(11163 11164 15649 15648)
4(11204 15611 15650 11165)
4(11164 11165 15650 15649)
4(11205 15612 15651 11166)
4(11165 11166 15651 15650)
4(11206 15613 15652 11167)
4(11166 11167 15652 15651)
4(11207 15614 15653 11168)
4(11167 11168 15653 15652)
4(11208 15615 15654 11169)
4(11168 11169 15654 15653)
4(11209 15616 15655 11170)
4(11169 11170 15655 15654)
4(11210 15617 15656 11171)
4(11170 11171 15656 15655)
4(11211 15618 15657 11172)
4(11171 11172 15657 15656)
4(11212 15619 15658 11173)
4(11172 11173 15658 15657)
4(11213 15620 15659 11174)
4(11173 11174 15659 15658)
4(11214 15621 15660 11175)
4(11174 11175 15660 15659)
4(11215 15622 15661 11176)
4(11175 11176 15661 15660)
4(11216 15623 15662 11177)
4(11176 11177 15662 15661)
4(11177 901 980 15662)
4(11139 15624 15663 11100)
4(702 11100 15663 781)
4(11140 15625 15664 11101)
4(11100 11101 15664 15663)
4(11141 15626 15665 11102)
4(11101 11102 15665 15664)
4(11142 15627 15666 11103)
4(11102 11103 15666 15665)
4(11143 15628 15667 11104)
4(11103 11104 15667 15666)
4(11144 15629 15668 11105)
4(11104 11105 15668 15667)
4(11145 15630 15669 11106)
4(11105 11106 15669 15668)
4(11146 15631 15670 11107)
4(11106 11107 15670 15669)
4(11147 15632 15671 11108)
4(11107 11108 15671 15670)
4(11148 15633 15672 11109)
4(11108 11109 15672 15671)
4(11149 15634 15673 11110)
4(11109 11110 15673 15672)
4(11150 15635 15674 11111)
4(11110 11111 15674 15673)
4(11151 15636 15675 11112)
4(11111 11112 15675 15674)
4(11152 15637 15676 11113)
4(11112 11113 15676 15675)
4(11153 15638 15677 11114)
4(11113 11114 15677 15676)
4(11154 15639 15678 11115)
4(11114 11115 15678 15677)
4(11155 15640 15679 11116)
4(11115 11116 15679 15678)
4(11156 15641 15680 11117)
4(11116 11117 15680 15679)
4(11157 15642 15681 11118)
4(11117 11118 15681 15680)
4(11158 15643 15682 11119)
4(11118 11119 15682 15681)
4(11159 15644 15683 11120)
4(11119 11120 15683 15682)
4(11160 15645 15684 11121)
4(11120 11121 15684 15683)
4(11161 15646 15685 11122)
4(11121 11122 15685 15684)
4(11162 15647 15686 11123)
4(11122 11123 15686 15685)
4(11163 15648 15687 11124)
4(11123 11124 15687 15686)
4(11164 15649 15688 11125)
4(11124 11125 15688 15687)
4(11165 15650 15689 11126)
4(11125 11126 15689 15688)
4(11166 15651 15690 11127)
4(11126 11127 15690 15689)
4(11167 15652 15691 11128)
4(11127 11128 15691 15690)
4(11168 15653 15692 11129)
4(11128 11129 15692 15691)
4(11169 15654 15693 11130)
4(11129 11130 15693 15692)
4(11170 15655 15694 11131)
4(11130 11131 15694 15693)
4(11171 15656 15695 11132)
4(11131 11132 15695 15694)
4(11172 15657 15696 11133)
4(11132 11133 15696 15695)
4(11173 15658 15697 11134)
4(11133 11134 15697 15696)
4(11174 15659 15698 11135)
4(11134 11135 15698 15697)
4(11175 15660 15699 11136)
4(11135 11136 15699 15698)
4(11176 15661 15700 11137)
4(11136 11137 15700 15699)
4(11177 15662 15701 11138)
4(11137 11138 15701 15700)
4(11138 900 979 15701)
4(11100 15663 15702 11061)
4(703 11061 15702 782)
4(11101 15664 15703 11062)
4(11061 11062 15703 15702)
4(11102 15665 15704 11063)
4(11062 11063 15704 15703)
4(11103 15666 15705 11064)
4(11063 11064 15705 15704)
4(11104 15667 15706 11065)
4(11064 11065 15706 15705)
4(11105 15668 15707 11066)
4(11065 11066 15707 15706)
4(11106 15669 15708 11067)
4(11066 11067 15708 15707)
4(11107 15670 15709 11068)
4(11067 11068 15709 15708)
4(11108 15671 15710 11069)
4(11068 11069 15710 15709)
4(11109 15672 15711 11070)
4(11069 11070 15711 15710)
4(11110 15673 15712 11071)
4(11070 11071 15712 15711)
4(11111 15674 15713 11072)
4(11071 11072 15713 15712)
4(11112 15675 15714 11073)
4(11072 11073 15714 15713)
4(11113 15676 15715 11074)
4(11073 11074 15715 15714)
4(11114 15677 15716 11075)
4(11074 11075 15716 15715)
4(11115 15678 15717 11076)
4(11075 11076 15717 15716)
4(11116 15679 15718 11077)
4(11076 11077 15718 15717)
4(11117 15680 15719 11078)
4(11077 11078 15719 15718)
4(11118 15681 15720 11079)
4(11078 11079 15720 15719)
4(11119 15682 15721 11080)
4(11079 11080 15721 15720)
4(11120 15683 15722 11081)
4(11080 11081 15722 15721)
4(11121 15684 15723 11082)
4(11081 11082 15723 15722)
4(11122 15685 15724 11083)
4(11082 11083 15724 15723)
4(11123 15686 15725 11084)
4(11083 11084 15725 15724)
4(11124 15687 15726 11085)
4(11084 11085 15726 15725)
4(11125 15688 15727 11086)
4(11085 11086 15727 15726)
4(11126 15689 15728 11087)
4(11086 11087 15728 15727)
4(11127 15690 15729 11088)
4(11087 11088 15729 15728)
4(11128 15691 15730 11089)
4(11088 11089 15730 15729)
4(11129 15692 15731 11090)
4(11089 11090 15731 15730)
4(11130 15693 15732 11091)
4(11090 11091 15732 15731)
4(11131 15694 15733 11092)
4(11091 11092 15733 15732)
4(11132 15695 15734 11093)
4(11092 11093 15734 15733)
4(11133 15696 15735 11094)
4(11093 11094 15735 15734)
4(11134 15697 15736 11095)
4(11094 11095 15736 15735)
4(11135 15698 15737 11096)
4(11095 11096 15737 15736)
4(11136 15699 15738 11097)
4(11096 11097 15738 15737)
4(11137 15700 15739 11098)
4(11097 11098 15739 15738)
4(11138 15701 15740 11099)
4(11098 11099 15740 15739)
4(11099 899 978 15740)
4(11061 15702 15741 11022)
4(704 11022 15741 783)
4(11062 15703 15742 11023)
4(11022 11023 15742 15741)
4(11063 15704 15743 11024)
4(11023 11024 15743 15742)
4(11064 15705 15744 11025)
4(11024 11025 15744 15743)
4(11065 15706 15745 11026)
4(11025 11026 15745 15744)
4(11066 15707 15746 11027)
4(11026 11027 15746 15745)
4(11067 15708 15747 11028)
4(11027 11028 15747 15746)
4(11068 15709 15748 11029)
4(11028 11029 15748 15747)
4(11069 15710 15749 11030)
4(11029 11030 15749 15748)
4(11070 15711 15750 11031)
4(11030 11031 15750 15749)
4(11071 15712 15751 11032)
4(11031 11032 15751 15750)
4(11072 15713 15752 11033)
4(11032 11033 15752 15751)
4(11073 15714 15753 11034)
4(11033 11034 15753 15752)
4(11074 15715 15754 11035)
4(11034 11035 15754 15753)
4(11075 15716 15755 11036)
4(11035 11036 15755 15754)
4(11076 15717 15756 11037)
4(11036 11037 15756 15755)
4(11077 15718 15757 11038)
4(11037 11038 15757 15756)
4(11078 15719 15758 11039)
4(11038 11039 15758 15757)
4(11079 15720 15759 11040)
4(11039 11040 15759 15758)
4(11080 15721 15760 11041)
4(11040 11041 15760 15759)
4(11081 15722 15761 11042)
4(11041 11042 15761 15760)
4(11082 15723 15762 11043)
4(11042 11043 15762 15761)
4(11083 15724 15763 11044)
4(11043 11044 15763 15762)
4(11084 15725 15764 11045)
4(11044 11045 15764 15763)
4(11085 15726 15765 11046)
4(11045 11046 15765 15764)
4(11086 15727 15766 11047)
4(11046 11047 15766 15765)
4(11087 15728 15767 11048)
4(11047 11048 15767 15766)
4(11088 15729 15768 11049)
4(11048 11049 15768 15767)
4(11089 15730 15769 11050)
4(11049 11050 15769 15768)
4(11090 15731 15770 11051)
4(11050 11051 15770 15769)
4(11091 15732 15771 11052)
4(11051 11052 15771 15770)
4(11092 15733 15772 11053)
4(11052 11053 15772 15771)
4(11093 15734 15773 11054)
4(11053 11054 15773 15772)
4(11094 15735 15774 11055)
4(11054 11055 15774 15773)
4(11095 15736 15775 11056)
4(11055 11056 15775 15774)
4(11096 15737 15776 11057)
4(11056 11057 15776 15775)
4(11097 15738 15777 11058)
4(11057 11058 15777 15776)
4(11098 15739 15778 11059)
4(11058 11059 15778 15777)
4(11099 15740 15779 11060)
4(11059 11060 15779 15778)
4(11060 898 977 15779)
4(11022 15741 15780 10983)
4(705 10983 15780 784)
4(11023 15742 15781 10984)
4(10983 10984 15781 15780)
4(11024 15743 15782 10985)
4(10984 10985 15782 15781)
4(11025 15744 15783 10986)
4(10985 10986 15783 15782)
4(11026 15745 15784 10987)
4(10986 10987 15784 15783)
4(11027 15746 15785 10988)
4(10987 10988 15785 15784)
4(11028 15747 15786 10989)
4(10988 10989 15786 15785)
4(11029 15748 15787 10990)
4(10989 10990 15787 15786)
4(11030 15749 15788 10991)
4(10990 10991 15788 15787)
4(11031 15750 15789 10992)
4(10991 10992 15789 15788)
4(11032 15751 15790 10993)
4(10992 10993 15790 15789)
4(11033 15752 15791 10994)
4(10993 10994 15791 15790)
4(11034 15753 15792 10995)
4(10994 10995 15792 15791)
4(11035 15754 15793 10996)
4(10995 10996 15793 15792)
4(11036 15755 15794 10997)
4(10996 10997 15794 15793)
4(11037 15756 15795 10998)
4(10997 10998 15795 15794)
4(11038 15757 15796 10999)
4(10998 10999 15796 15795)
4(11039 15758 15797 11000)
4(10999 11000 15797 15796)
4(11040 15759 15798 11001)
4(11000 11001 15798 15797)
4(11041 15760 15799 11002)
4(11001 11002 15799 15798)
4(11042 15761 15800 11003)
4(11002 11003 15800 15799)
4(11043 15762 15801 11004)
4(11003 11004 15801 15800)
4(11044 15763 15802 11005)
4(11004 11005 15802 15801)
4(11045 15764 15803 11006)
4(11005 11006 15803 15802)
4(11046 15765 15804 11007)
4(11006 11007 15804 15803)
4(11047 15766 15805 11008)
4(11007 11008 15805 15804)
4(11048 15767 15806 11009)
4(11008 11009 15806 15805)
4(11049 15768 15807 11010)
4(11009 11010 15807 15806)
4(11050 15769 15808 11011)
4(11010 11011 15808 15807)
4(11051 15770 15809 11012)
4(11011 11012 15809 15808)
4(11052 15771 15810 11013)
4(11012 11013 15810 15809)
4(11053 15772 15811 11014)
4(11013 11014 15811 15810)
4(11054 15773 15812 11015)
4(11014 11015 15812 15811)
4(11055 15774 15813 11016)
4(11015 11016 15813 15812)
4(11056 15775 15814 11017)
4(11016 11017 15814 15813)
4(11057 15776 15815 11018)
4(11017 11018 15815 15814)
4(11058 15777 15816 11019)
4(11018 11019 15816 15815)
4(11059 15778 15817 11020)
4(11019 11020 15817 15816)
4(11060 15779 15818 11021)
4(11020 11021 15818 15817)
4(11021 897 976 15818)
4(10983 15780 15819 10944)
4(706 10944 15819 785)
4(10984 15781 15820 10945)
4(10944 10945 15820 15819)
4(10985 15782 15821 10946)
4(10945 10946 15821 15820)
4(10986 15783 15822 10947)
4(10946 10947 15822 15821)
4(10987 15784 15823 10948)
4(10947 10948 15823 15822)
4(10988 15785 15824 10949)
4(10948 10949 15824 15823)
4(10989 15786 15825 10950)
4(10949 10950 15825 15824)
4(10990 15787 15826 10951)
4(10950 10951 15826 15825)
4(10991 15788 15827 10952)
4(10951 10952 15827 15826)
4(10992 15789 15828 10953)
4(10952 10953 15828 15827)
4(10993 15790 15829 10954)
4(10953 10954 15829 15828)
4(10994 15791 15830 10955)
4(10954 10955 15830 15829)
4(10995 15792 15831 10956)
4(10955 10956 15831 15830)
4(10996 15793 15832 10957)
4(10956 10957 15832 15831)
4(10997 15794 15833 10958)
4(10957 10958 15833 15832)
4(10998 15795 15834 10959)
4(10958 10959 15834 15833)
4(10999 15796 15835 10960)
4(10959 10960 15835 15834)
4(11000 15797 15836 10961)
4(10960 10961 15836 15835)
4(11001 15798 15837 10962)
4(10961 10962 15837 15836)
4(11002 15799 15838 10963)
4(10962 10963 15838 15837)
4(11003 15800 15839 10964)
4(10963 10964 15839 15838)
4(11004 15801 15840 10965)
4(10964 10965 15840 15839)
4(11005 15802 15841 10966)
4(10965 10966 15841 15840)
4(11006 15803 15842 10967)
4(10966 10967 15842 15841)
4(11007 15804 15843 10968)
4(10967 10968 15843 15842)
4(11008 15805 15844 10969)
4(10968 10969 15844 15843)
4(11009 15806 15845 10970)
4(10969 10970 15845 15844)
4(11010 15807 15846 10971)
4(10970 10971 15846 15845)
4(11011 15808 15847 10972)
4(10971 10972 15847 15846)
4(11012 15809 15848 10973)
4(10972 10973 15848 15847)
4(11013 15810 15849 10974)
4(10973 10974 15849 15848)
4(11014 15811 15850 10975)
4(10974 10975 15850 15849)
4(11015 15812 15851 10976)
4(10975 10976 15851 15850)
4(11016 15813 15852 10977)
4(10976 10977 15852 15851)
4(11017 15814 15853 10978)
4(10977 10978 15853 15852)
4(11018 15815 15854 10979)
4(10978 10979 15854 15853)
4(11019 15816 15855 10980)
4(10979 10980 15855 15854)
4(11020 15817 15856 10981)
4(10980 10981 15856 15855)
4(11021 15818 15857 10982)
4(10981 10982 15857 15856)
4(10982 896 975 15857)
4(10944 15819 15858 10905)
4(707 10905 15858 786)
4(10945 15820 15859 10906)
4(10905 10906 15859 15858)
4(10946 15821 15860 10907)
4(10906 10907 15860 15859)
4(10947 15822 15861 10908)
4(10907 10908 15861 15860)
4(10948 15823 15862 10909)
4(10908 10909 15862 15861)
4(10949 15824 15863 10910)
4(10909 10910 15863 15862)
4(10950 15825 15864 10911)
4(10910 10911 15864 15863)
4(10951 15826 15865 10912)
4(10911 10912 15865 15864)
4(10952 15827 15866 10913)
4(10912 10913 15866 15865)
4(10953 15828 15867 10914)
4(10913 10914 15867 15866)
4(10954 15829 15868 10915)
4(10914 10915 15868 15867)
4(10955 15830 15869 10916)
4(10915 10916 15869 15868)
4(10956 15831 15870 10917)
4(10916 10917 15870 15869)
4(10957 15832 15871 10918)
4(10917 10918 15871 15870)
4(10958 15833 15872 10919)
4(10918 10919 15872 15871)
4(10959 15834 15873 10920)
4(10919 10920 15873 15872)
4(10960 15835 15874 10921)
4(10920 10921 15874 15873)
4(10961 15836 15875 10922)
4(10921 10922 15875 15874)
4(10962 15837 15876 10923)
4(10922 10923 15876 15875)
4(10963 15838 15877 10924)
4(10923 10924 15877 15876)
4(10964 15839 15878 10925)
4(10924 10925 15878 15877)
4(10965 15840 15879 10926)
4(10925 10926 15879 15878)
4(10966 15841 15880 10927)
4(10926 10927 15880 15879)
4(10967 15842 15881 10928)
4(10927 10928 15881 15880)
4(10968 15843 15882 10929)
4(10928 10929 15882 15881)
4(10969 15844 15883 10930)
4(10929 10930 15883 15882)
4(10970 15845 15884 10931)
4(10930 10931 15884 15883)
4(10971 15846 15885 10932)
4(10931 10932 15885 15884)
4(10972 15847 15886 10933)
4(10932 10933 15886 15885)
4(10973 15848 15887 10934)
4(10933 10934 15887 15886)
4(10974 15849 15888 10935)
4(10934 10935 15888 15887)
4(10975 15850 15889 10936)
4(10935 10936 15889 15888)
4(10976 15851 15890 10937)
4(10936 10937 15890 15889)
4(10977 15852 15891 10938)
4(10937 10938 15891 15890)
4(10978 15853 15892 10939)
4(10938 10939 15892 15891)
4(10979 15854 15893 10940)
4(10939 10940 15893 15892)
4(10980 15855 15894 10941)
4(10940 10941 15894 15893)
4(10981 15856 15895 10942)
4(10941 10942 15895 15894)
4(10982 15857 15896 10943)
4(10942 10943 15896 15895)
4(10943 895 974 15896)
4(10905 15858 15897 10866)
4(708 10866 15897 787)
4(10906 15859 15898 10867)
4(10866 10867 15898 15897)
4(10907 15860 15899 10868)
4(10867 10868 15899 15898)
4(10908 15861 15900 10869)
4(10868 10869 15900 15899)
4(10909 15862 15901 10870)
4(10869 10870 15901 15900)
4(10910 15863 15902 10871)
4(10870 10871 15902 15901)
4(10911 15864 15903 10872)
4(10871 10872 15903 15902)
4(10912 15865 15904 10873)
4(10872 10873 15904 15903)
4(10913 15866 15905 10874)
4(10873 10874 15905 15904)
4(10914 15867 15906 10875)
4(10874 10875 15906 15905)
4(10915 15868 15907 10876)
4(10875 10876 15907 15906)
4(10916 15869 15908 10877)
4(10876 10877 15908 15907)
4(10917 15870 15909 10878)
4(10877 10878 15909 15908)
4(10918 15871 15910 10879)
4(10878 10879 15910 15909)
4(10919 15872 15911 10880)
4(10879 10880 15911 15910)
4(10920 15873 15912 10881)
4(10880 10881 15912 15911)
4(10921 15874 15913 10882)
4(10881 10882 15913 15912)
4(10922 15875 15914 10883)
4(10882 10883 15914 15913)
4(10923 15876 15915 10884)
4(10883 10884 15915 15914)
4(10924 15877 15916 10885)
4(10884 10885 15916 15915)
4(10925 15878 15917 10886)
4(10885 10886 15917 15916)
4(10926 15879 15918 10887)
4(10886 10887 15918 15917)
4(10927 15880 15919 10888)
4(10887 10888 15919 15918)
4(10928 15881 15920 10889)
4(10888 10889 15920 15919)
4(10929 15882 15921 10890)
4(10889 10890 15921 15920)
4(10930 15883 15922 10891)
4(10890 10891 15922 15921)
4(10931 15884 15923 10892)
4(10891 10892 15923 15922)
4(10932 15885 15924 10893)
4(10892 10893 15924 15923)
4(10933 15886 15925 10894)
4(10893 10894 15925 15924)
4(10934 15887 15926 10895)
4(10894 10895 15926 15925)
4(10935 15888 15927 10896)
4(10895 10896 15927 15926)
4(10936 15889 15928 10897)
4(10896 10897 15928 15927)
4(10937 15890 15929 10898)
4(10897 10898 15929 15928)
4(10938 15891 15930 10899)
4(10898 10899 15930 15929)
4(10939 15892 15931 10900)
4(10899 10900 15931 15930)
4(10940 15893 15932 10901)
4(10900 10901 15932 15931)
4(10941 15894 15933 10902)
4(10901 10902 15933 15932)
4(10942 15895 15934 10903)
4(10902 10903 15934 15933)
4(10943 15896 15935 10904)
4(10903 10904 15935 15934)
4(10904 894 973 15935)
4(10866 15897 15936 10827)
4(709 10827 15936 788)
4(10867 15898 15937 10828)
4(10827 10828 15937 15936)
4(10868 15899 15938 10829)
4(10828 10829 15938 15937)
4(10869 15900 15939 10830)
4(10829 10830 15939 15938)
4(10870 15901 15940 10831)
4(10830 10831 15940 15939)
4(10871 15902 15941 10832)
4(10831 10832 15941 15940)
4(10872 15903 15942 10833)
4(10832 10833 15942 15941)
4(10873 15904 15943 10834)
4(10833 10834 15943 15942)
4(10874 15905 15944 10835)
4(10834 10835 15944 15943)
4(10875 15906 15945 10836)
4(10835 10836 15945 15944)
4(10876 15907 15946 10837)
4(10836 10837 15946 15945)
4(10877 15908 15947 10838)
4(10837 10838 15947 15946)
4(10878 15909 15948 10839)
4(10838 10839 15948 15947)
4(10879 15910 15949 10840)
4(10839 10840 15949 15948)
4(10880 15911 15950 10841)
4(10840 10841 15950 15949)
4(10881 15912 15951 10842)
4(10841 10842 15951 15950)
4(10882 15913 15952 10843)
4(10842 10843 15952 15951)
4(10883 15914 15953 10844)
4(10843 10844 15953 15952)
4(10884 15915 15954 10845)
4(10844 10845 15954 15953)
4(10885 15916 15955 10846)
4(10845 10846 15955 15954)
4(10886 15917 15956 10847)
4(10846 10847 15956 15955)
4(10887 15918 15957 10848)
4(10847 10848 15957 15956)
4(10888 15919 15958 10849)
4(10848 10849 15958 15957)
4(10889 15920 15959 10850)
4(10849 10850 15959 15958)
4(10890 15921 15960 10851)
4(10850 10851 15960 15959)
4(10891 15922 15961 10852)
4(10851 10852 15961 15960)
4(10892 15923 15962 10853)
4(10852 10853 15962 15961)
4(10893 15924 15963 10854)
4(10853 10854 15963 15962)
4(10894 15925 15964 10855)
4(10854 10855 15964 15963)
4(10895 15926 15965 10856)
4(10855 10856 15965 15964)
4(10896 15927 15966 10857)
4(10856 10857 15966 15965)
4(10897 15928 15967 10858)
4(10857 10858 15967 15966)
4(10898 15929 15968 10859)
4(10858 10859 15968 15967)
4(10899 15930 15969 10860)
4(10859 10860 15969 15968)
4(10900 15931 15970 10861)
4(10860 10861 15970 15969)
4(10901 15932 15971 10862)
4(10861 10862 15971 15970)
4(10902 15933 15972 10863)
4(10862 10863 15972 15971)
4(10903 15934 15973 10864)
4(10863 10864 15973 15972)
4(10904 15935 15974 10865)
4(10864 10865 15974 15973)
4(10865 893 972 15974)
4(10827 15936 15975 10788)
4(710 10788 15975 789)
4(10828 15937 15976 10789)
4(10788 10789 15976 15975)
4(10829 15938 15977 10790)
4(10789 10790 15977 15976)
4(10830 15939 15978 10791)
4(10790 10791 15978 15977)
4(10831 15940 15979 10792)
4(10791 10792 15979 15978)
4(10832 15941 15980 10793)
4(10792 10793 15980 15979)
4(10833 15942 15981 10794)
4(10793 10794 15981 15980)
4(10834 15943 15982 10795)
4(10794 10795 15982 15981)
4(10835 15944 15983 10796)
4(10795 10796 15983 15982)
4(10836 15945 15984 10797)
4(10796 10797 15984 15983)
4(10837 15946 15985 10798)
4(10797 10798 15985 15984)
4(10838 15947 15986 10799)
4(10798 10799 15986 15985)
4(10839 15948 15987 10800)
4(10799 10800 15987 15986)
4(10840 15949 15988 10801)
4(10800 10801 15988 15987)
4(10841 15950 15989 10802)
4(10801 10802 15989 15988)
4(10842 15951 15990 10803)
4(10802 10803 15990 15989)
4(10843 15952 15991 10804)
4(10803 10804 15991 15990)
4(10844 15953 15992 10805)
4(10804 10805 15992 15991)
4(10845 15954 15993 10806)
4(10805 10806 15993 15992)
4(10846 15955 15994 10807)
4(10806 10807 15994 15993)
4(10847 15956 15995 10808)
4(10807 10808 15995 15994)
4(10848 15957 15996 10809)
4(10808 10809 15996 15995)
4(10849 15958 15997 10810)
4(10809 10810 15997 15996)
4(10850 15959 15998 10811)
4(10810 10811 15998 15997)
4(10851 15960 15999 10812)
4(10811 10812 15999 15998)
4(10852 15961 16000 10813)
4(10812 10813 16000 15999)
4(10853 15962 16001 10814)
4(10813 10814 16001 16000)
4(10854 15963 16002 10815)
4(10814 10815 16002 16001)
4(10855 15964 16003 10816)
4(10815 10816 16003 16002)
4(10856 15965 16004 10817)
4(10816 10817 16004 16003)
4(10857 15966 16005 10818)
4(10817 10818 16005 16004)
4(10858 15967 16006 10819)
4(10818 10819 16006 16005)
4(10859 15968 16007 10820)
4(10819 10820 16007 16006)
4(10860 15969 16008 10821)
4(10820 10821 16008 16007)
4(10861 15970 16009 10822)
4(10821 10822 16009 16008)
4(10862 15971 16010 10823)
4(10822 10823 16010 16009)
4(10863 15972 16011 10824)
4(10823 10824 16011 16010)
4(10864 15973 16012 10825)
4(10824 10825 16012 16011)
4(10865 15974 16013 10826)
4(10825 10826 16013 16012)
4(10826 892 971 16013)
4(10788 15975 16014 10749)
4(711 10749 16014 790)
4(10789 15976 16015 10750)
4(10749 10750 16015 16014)
4(10790 15977 16016 10751)
4(10750 10751 16016 16015)
4(10791 15978 16017 10752)
4(10751 10752 16017 16016)
4(10792 15979 16018 10753)
4(10752 10753 16018 16017)
4(10793 15980 16019 10754)
4(10753 10754 16019 16018)
4(10794 15981 16020 10755)
4(10754 10755 16020 16019)
4(10795 15982 16021 10756)
4(10755 10756 16021 16020)
4(10796 15983 16022 10757)
4(10756 10757 16022 16021)
4(10797 15984 16023 10758)
4(10757 10758 16023 16022)
4(10798 15985 16024 10759)
4(10758 10759 16024 16023)
4(10799 15986 16025 10760)
4(10759 10760 16025 16024)
4(10800 15987 16026 10761)
4(10760 10761 16026 16025)
4(10801 15988 16027 10762)
4(10761 10762 16027 16026)
4(10802 15989 16028 10763)
4(10762 10763 16028 16027)
4(10803 15990 16029 10764)
4(10763 10764 16029 16028)
4(10804 15991 16030 10765)
4(10764 10765 16030 16029)
4(10805 15992 16031 10766)
4(10765 10766 16031 16030)
4(10806 15993 16032 10767)
4(10766 10767 16032 16031)
4(10807 15994 16033 10768)
4(10767 10768 16033 16032)
4(10808 15995 16034 10769)
4(10768 10769 16034 16033)
4(10809 15996 16035 10770)
4(10769 10770 16035 16034)
4(10810 15997 16036 10771)
4(10770 10771 16036 16035)
4(10811 15998 16037 10772)
4(10771 10772 16037 16036)
4(10812 15999 16038 10773)
4(10772 10773 16038 16037)
4(10813 16000 16039 10774)
4(10773 10774 16039 16038)
4(10814 16001 16040 10775)
4(10774 10775 16040 16039)
4(10815 16002 16041 10776)
4(10775 10776 16041 16040)
4(10816 16003 16042 10777)
4(10776 10777 16042 16041)
4(10817 16004 16043 10778)
4(10777 10778 16043 16042)
4(10818 16005 16044 10779)
4(10778 10779 16044 16043)
4(10819 16006 16045 10780)
4(10779 10780 16045 16044)
4(10820 16007 16046 10781)
4(10780 10781 16046 16045)
4(10821 16008 16047 10782)
4(10781 10782 16047 16046)
4(10822 16009 16048 10783)
4(10782 10783 16048 16047)
4(10823 16010 16049 10784)
4(10783 10784 16049 16048)
4(10824 16011 16050 10785)
4(10784 10785 16050 16049)
4(10825 16012 16051 10786)
4(10785 10786 16051 16050)
4(10826 16013 16052 10787)
4(10786 10787 16052 16051)
4(10787 891 970 16052)
4(10749 16014 16053 10710)
4(712 10710 16053 791)
4(10750 16015 16054 10711)
4(10710 10711 16054 16053)
4(10751 16016 16055 10712)
4(10711 10712 16055 16054)
4(10752 16017 16056 10713)
4(10712 10713 16056 16055)
4(10753 16018 16057 10714)
4(10713 10714 16057 16056)
4(10754 16019 16058 10715)
4(10714 10715 16058 16057)
4(10755 16020 16059 10716)
4(10715 10716 16059 16058)
4(10756 16021 16060 10717)
4(10716 10717 16060 16059)
4(10757 16022 16061 10718)
4(10717 10718 16061 16060)
4(10758 16023 16062 10719)
4(10718 10719 16062 16061)
4(10759 16024 16063 10720)
4(10719 10720 16063 16062)
4(10760 16025 16064 10721)
4(10720 10721 16064 16063)
4(10761 16026 16065 10722)
4(10721 10722 16065 16064)
4(10762 16027 16066 10723)
4(10722 10723 16066 16065)
4(10763 16028 16067 10724)
4(10723 10724 16067 16066)
4(10764 16029 16068 10725)
4(10724 10725 16068 16067)
4(10765 16030 16069 10726)
4(10725 10726 16069 16068)
4(10766 16031 16070 10727)
4(10726 10727 16070 16069)
4(10767 16032 16071 10728)
4(10727 10728 16071 16070)
4(10768 16033 16072 10729)
4(10728 10729 16072 16071)
4(10769 16034 16073 10730)
4(10729 10730 16073 16072)
4(10770 16035 16074 10731)
4(10730 10731 16074 16073)
4(10771 16036 16075 10732)
4(10731 10732 16075 16074)
4(10772 16037 16076 10733)
4(10732 10733 16076 16075)
4(10773 16038 16077 10734)
4(10733 10734 16077 16076)
4(10774 16039 16078 10735)
4(10734 10735 16078 16077)
4(10775 16040 16079 10736)
4(10735 10736 16079 16078)
4(10776 16041 16080 10737)
4(10736 10737 16080 16079)
4(10777 16042 16081 10738)
4(10737 10738 16081 16080)
4(10778 16043 16082 10739)
4(10738 10739 16082 16081)
4(10779 16044 16083 10740)
4(10739 10740 16083 16082)
4(10780 16045 16084 10741)
4(10740 10741 16084 16083)
4(10781 16046 16085 10742)
4(10741 10742 16085 16084)
4(10782 16047 16086 10743)
4(10742 10743 16086 16085)
4(10783 16048 16087 10744)
4(10743 10744 16087 16086)
4(10784 16049 16088 10745)
4(10744 10745 16088 16087)
4(10785 16050 16089 10746)
4(10745 10746 16089 16088)
4(10786 16051 16090 10747)
4(10746 10747 16090 16089)
4(10787 16052 16091 10748)
4(10747 10748 16091 16090)
4(10748 890 969 16091)
4(10710 16053 16092 10671)
4(713 10671 16092 792)
4(10711 16054 16093 10672)
4(10671 10672 16093 16092)
4(10712 16055 16094 10673)
4(10672 10673 16094 16093)
4(10713 16056 16095 10674)
4(10673 10674 16095 16094)
4(10714 16057 16096 10675)
4(10674 10675 16096 16095)
4(10715 16058 16097 10676)
4(10675 10676 16097 16096)
4(10716 16059 16098 10677)
4(10676 10677 16098 16097)
4(10717 16060 16099 10678)
4(10677 10678 16099 16098)
4(10718 16061 16100 10679)
4(10678 10679 16100 16099)
4(10719 16062 16101 10680)
4(10679 10680 16101 16100)
4(10720 16063 16102 10681)
4(10680 10681 16102 16101)
4(10721 16064 16103 10682)
4(10681 10682 16103 16102)
4(10722 16065 16104 10683)
4(10682 10683 16104 16103)
4(10723 16066 16105 10684)
4(10683 10684 16105 16104)
4(10724 16067 16106 10685)
4(10684 10685 16106 16105)
4(10725 16068 16107 10686)
4(10685 10686 16107 16106)
4(10726 16069 16108 10687)
4(10686 10687 16108 16107)
4(10727 16070 16109 10688)
4(10687 10688 16109 16108)
4(10728 16071 16110 10689)
4(10688 10689 16110 16109)
4(10729 16072 16111 10690)
4(10689 10690 16111 16110)
4(10730 16073 16112 10691)
4(10690 10691 16112 16111)
4(10731 16074 16113 10692)
4(10691 10692 16113 16112)
4(10732 16075 16114 10693)
4(10692 10693 16114 16113)
4(10733 16076 16115 10694)
4(10693 10694 16115 16114)
4(10734 16077 16116 10695)
4(10694 10695 16116 16115)
4(10735 16078 16117 10696)
4(10695 10696 16117 16116)
4(10736 16079 16118 10697)
4(10696 10697 16118 16117)
4(10737 16080 16119 10698)
4(10697 10698 16119 16118)
4(10738 16081 16120 10699)
4(10698 10699 16120 16119)
4(10739 16082 16121 10700)
4(10699 10700 16121 16120)
4(10740 16083 16122 10701)
4(10700 10701 16122 16121)
4(10741 16084 16123 10702)
4(10701 10702 16123 16122)
4(10742 16085 16124 10703)
4(10702 10703 16124 16123)
4(10743 16086 16125 10704)
4(10703 10704 16125 16124)
4(10744 16087 16126 10705)
4(10704 10705 16126 16125)
4(10745 16088 16127 10706)
4(10705 10706 16127 16126)
4(10746 16089 16128 10707)
4(10706 10707 16128 16127)
4(10747 16090 16129 10708)
4(10707 10708 16129 16128)
4(10748 16091 16130 10709)
4(10708 10709 16130 16129)
4(10709 889 968 16130)
4(10671 16092 16131 10632)
4(714 10632 16131 793)
4(10672 16093 16132 10633)
4(10632 10633 16132 16131)
4(10673 16094 16133 10634)
4(10633 10634 16133 16132)
4(10674 16095 16134 10635)
4(10634 10635 16134 16133)
4(10675 16096 16135 10636)
4(10635 10636 16135 16134)
4(10676 16097 16136 10637)
4(10636 10637 16136 16135)
4(10677 16098 16137 10638)
4(10637 10638 16137 16136)
4(10678 16099 16138 10639)
4(10638 10639 16138 16137)
4(10679 16100 16139 10640)
4(10639 10640 16139 16138)
4(10680 16101 16140 10641)
4(10640 10641 16140 16139)
4(10681 16102 16141 10642)
4(10641 10642 16141 16140)
4(10682 16103 16142 10643)
4(10642 10643 16142 16141)
4(10683 16104 16143 10644)
4(10643 10644 16143 16142)
4(10684 16105 16144 10645)
4(10644 10645 16144 16143)
4(10685 16106 16145 10646)
4(10645 10646 16145 16144)
4(10686 16107 16146 10647)
4(10646 10647 16146 16145)
4(10687 16108 16147 10648)
4(10647 10648 16147 16146)
4(10688 16109 16148 10649)
4(10648 10649 16148 16147)
4(10689 16110 16149 10650)
4(10649 10650 16149 16148)
4(10690 16111 16150 10651)
4(10650 10651 16150 16149)
4(10691 16112 16151 10652)
4(10651 10652 16151 16150)
4(10692 16113 16152 10653)
4(10652 10653 16152 16151)
4(10693 16114 16153 10654)
4(10653 10654 16153 16152)
4(10694 16115 16154 10655)
4(10654 10655 16154 16153)
4(10695 16116 16155 10656)
4(10655 10656 16155 16154)
4(10696 16117 16156 10657)
4(10656 10657 16156 16155)
4(10697 16118 16157 10658)
4(10657 10658 16157 16156)
4(10698 16119 16158 10659)
4(10658 10659 16158 16157)
4(10699 16120 16159 10660)
4(10659 10660 16159 16158)
4(10700 16121 16160 10661)
4(10660 10661 16160 16159)
4(10701 16122 16161 10662)
4(10661 10662 16161 16160)
4(10702 16123 16162 10663)
4(10662 10663 16162 16161)
4(10703 16124 16163 10664)
4(10663 10664 16163 16162)
4(10704 16125 16164 10665)
4(10664 10665 16164 16163)
4(10705 16126 16165 10666)
4(10665 10666 16165 16164)
4(10706 16127 16166 10667)
4(10666 10667 16166 16165)
4(10707 16128 16167 10668)
4(10667 10668 16167 16166)
4(10708 16129 16168 10669)
4(10668 10669 16168 16167)
4(10709 16130 16169 10670)
4(10669 10670 16169 16168)
4(10670 888 967 16169)
4(10632 16131 16170 10593)
4(715 10593 16170 794)
4(10633 16132 16171 10594)
4(10593 10594 16171 16170)
4(10634 16133 16172 10595)
4(10594 10595 16172 16171)
4(10635 16134 16173 10596)
4(10595 10596 16173 16172)
4(10636 16135 16174 10597)
4(10596 10597 16174 16173)
4(10637 16136 16175 10598)
4(10597 10598 16175 16174)
4(10638 16137 16176 10599)
4(10598 10599 16176 16175)
4(10639 16138 16177 10600)
4(10599 10600 16177 16176)
4(10640 16139 16178 10601)
4(10600 10601 16178 16177)
4(10641 16140 16179 10602)
4(10601 10602 16179 16178)
4(10642 16141 16180 10603)
4(10602 10603 16180 16179)
4(10643 16142 16181 10604)
4(10603 10604 16181 16180)
4(10644 16143 16182 10605)
4(10604 10605 16182 16181)
4(10645 16144 16183 10606)
4(10605 10606 16183 16182)
4(10646 16145 16184 10607)
4(10606 10607 16184 16183)
4(10647 16146 16185 10608)
4(10607 10608 16185 16184)
4(10648 16147 16186 10609)
4(10608 10609 16186 16185)
4(10649 16148 16187 10610)
4(10609 10610 16187 16186)
4(10650 16149 16188 10611)
4(10610 10611 16188 16187)
4(10651 16150 16189 10612)
4(10611 10612 16189 16188)
4(10652 16151 16190 10613)
4(10612 10613 16190 16189)
4(10653 16152 16191 10614)
4(10613 10614 16191 16190)
4(10654 16153 16192 10615)
4(10614 10615 16192 16191)
4(10655 16154 16193 10616)
4(10615 10616 16193 16192)
4(10656 16155 16194 10617)
4(10616 10617 16194 16193)
4(10657 16156 16195 10618)
4(10617 10618 16195 16194)
4(10658 16157 16196 10619)
4(10618 10619 16196 16195)
4(10659 16158 16197 10620)
4(10619 10620 16197 16196)
4(10660 16159 16198 10621)
4(10620 10621 16198 16197)
4(10661 16160 16199 10622)
4(10621 10622 16199 16198)
4(10662 16161 16200 10623)
4(10622 10623 16200 16199)
4(10663 16162 16201 10624)
4(10623 10624 16201 16200)
4(10664 16163 16202 10625)
4(10624 10625 16202 16201)
4(10665 16164 16203 10626)
4(10625 10626 16203 16202)
4(10666 16165 16204 10627)
4(10626 10627 16204 16203)
4(10667 16166 16205 10628)
4(10627 10628 16205 16204)
4(10668 16167 16206 10629)
4(10628 10629 16206 16205)
4(10669 16168 16207 10630)
4(10629 10630 16207 16206)
4(10670 16169 16208 10631)
4(10630 10631 16208 16207)
4(10631 887 966 16208)
4(10593 16170 16209 10554)
4(716 10554 16209 795)
4(10594 16171 16210 10555)
4(10554 10555 16210 16209)
4(10595 16172 16211 10556)
4(10555 10556 16211 16210)
4(10596 16173 16212 10557)
4(10556 10557 16212 16211)
4(10597 16174 16213 10558)
4(10557 10558 16213 16212)
4(10598 16175 16214 10559)
4(10558 10559 16214 16213)
4(10599 16176 16215 10560)
4(10559 10560 16215 16214)
4(10600 16177 16216 10561)
4(10560 10561 16216 16215)
4(10601 16178 16217 10562)
4(10561 10562 16217 16216)
4(10602 16179 16218 10563)
4(10562 10563 16218 16217)
4(10603 16180 16219 10564)
4(10563 10564 16219 16218)
4(10604 16181 16220 10565)
4(10564 10565 16220 16219)
4(10605 16182 16221 10566)
4(10565 10566 16221 16220)
4(10606 16183 16222 10567)
4(10566 10567 16222 16221)
4(10607 16184 16223 10568)
4(10567 10568 16223 16222)
4(10608 16185 16224 10569)
4(10568 10569 16224 16223)
4(10609 16186 16225 10570)
4(10569 10570 16225 16224)
4(10610 16187 16226 10571)
4(10570 10571 16226 16225)
4(10611 16188 16227 10572)
4(10571 10572 16227 16226)
4(10612 16189 16228 10573)
4(10572 10573 16228 16227)
4(10613 16190 16229 10574)
4(10573 10574 16229 16228)
4(10614 16191 16230 10575)
4(10574 10575 16230 16229)
4(10615 16192 16231 10576)
4(10575 10576 16231 16230)
4(10616 16193 16232 10577)
4(10576 10577 16232 16231)
4(10617 16194 16233 10578)
4(10577 10578 16233 16232)
4(10618 16195 16234 10579)
4(10578 10579 16234 16233)
4(10619 16196 16235 10580)
4(10579 10580 16235 16234)
4(10620 16197 16236 10581)
4(10580 10581 16236 16235)
4(10621 16198 16237 10582)
4(10581 10582 16237 16236)
4(10622 16199 16238 10583)
4(10582 10583 16238 16237)
4(10623 16200 16239 10584)
4(10583 10584 16239 16238)
4(10624 16201 16240 10585)
4(10584 10585 16240 16239)
4(10625 16202 16241 10586)
4(10585 10586 16241 16240)
4(10626 16203 16242 10587)
4(10586 10587 16242 16241)
4(10627 16204 16243 10588)
4(10587 10588 16243 16242)
4(10628 16205 16244 10589)
4(10588 10589 16244 16243)
4(10629 16206 16245 10590)
4(10589 10590 16245 16244)
4(10630 16207 16246 10591)
4(10590 10591 16246 16245)
4(10631 16208 16247 10592)
4(10591 10592 16247 16246)
4(10592 886 965 16247)
4(10554 16209 16248 10515)
4(717 10515 16248 796)
4(10555 16210 16249 10516)
4(10515 10516 16249 16248)
4(10556 16211 16250 10517)
4(10516 10517 16250 16249)
4(10557 16212 16251 10518)
4(10517 10518 16251 16250)
4(10558 16213 16252 10519)
4(10518 10519 16252 16251)
4(10559 16214 16253 10520)
4(10519 10520 16253 16252)
4(10560 16215 16254 10521)
4(10520 10521 16254 16253)
4(10561 16216 16255 10522)
4(10521 10522 16255 16254)
4(10562 16217 16256 10523)
4(10522 10523 16256 16255)
4(10563 16218 16257 10524)
4(10523 10524 16257 16256)
4(10564 16219 16258 10525)
4(10524 10525 16258 16257)
4(10565 16220 16259 10526)
4(10525 10526 16259 16258)
4(10566 16221 16260 10527)
4(10526 10527 16260 16259)
4(10567 16222 16261 10528)
4(10527 10528 16261 16260)
4(10568 16223 16262 10529)
4(10528 10529 16262 16261)
4(10569 16224 16263 10530)
4(10529 10530 16263 16262)
4(10570 16225 16264 10531)
4(10530 10531 16264 16263)
4(10571 16226 16265 10532)
4(10531 10532 16265 16264)
4(10572 16227 16266 10533)
4(10532 10533 16266 16265)
4(10573 16228 16267 10534)
4(10533 10534 16267 16266)
4(10574 16229 16268 10535)
4(10534 10535 16268 16267)
4(10575 16230 16269 10536)
4(10535 10536 16269 16268)
4(10576 16231 16270 10537)
4(10536 10537 16270 16269)
4(10577 16232 16271 10538)
4(10537 10538 16271 16270)
4(10578 16233 16272 10539)
4(10538 10539 16272 16271)
4(10579 16234 16273 10540)
4(10539 10540 16273 16272)
4(10580 16235 16274 10541)
4(10540 10541 16274 16273)
4(10581 16236 16275 10542)
4(10541 10542 16275 16274)
4(10582 16237 16276 10543)
4(10542 10543 16276 16275)
4(10583 16238 16277 10544)
4(10543 10544 16277 16276)
4(10584 16239 16278 10545)
4(10544 10545 16278 16277)
4(10585 16240 16279 10546)
4(10545 10546 16279 16278)
4(10586 16241 16280 10547)
4(10546 10547 16280 16279)
4(10587 16242 16281 10548)
4(10547 10548 16281 16280)
4(10588 16243 16282 10549)
4(10548 10549 16282 16281)
4(10589 16244 16283 10550)
4(10549 10550 16283 16282)
4(10590 16245 16284 10551)
4(10550 10551 16284 16283)
4(10591 16246 16285 10552)
4(10551 10552 16285 16284)
4(10592 16247 16286 10553)
4(10552 10553 16286 16285)
4(10553 885 964 16286)
4(10515 16248 16287 10476)
4(718 10476 16287 797)
4(10516 16249 16288 10477)
4(10476 10477 16288 16287)
4(10517 16250 16289 10478)
4(10477 10478 16289 16288)
4(10518 16251 16290 10479)
4(10478 10479 16290 16289)
4(10519 16252 16291 10480)
4(10479 10480 16291 16290)
4(10520 16253 16292 10481)
4(10480 10481 16292 16291)
4(10521 16254 16293 10482)
4(10481 10482 16293 16292)
4(10522 16255 16294 10483)
4(10482 10483 16294 16293)
4(10523 16256 16295 10484)
4(10483 10484 16295 16294)
4(10524 16257 16296 10485)
4(10484 10485 16296 16295)
4(10525 16258 16297 10486)
4(10485 10486 16297 16296)
4(10526 16259 16298 10487)
4(10486 10487 16298 16297)
4(10527 16260 16299 10488)
4(10487 10488 16299 16298)
4(10528 16261 16300 10489)
4(10488 10489 16300 16299)
4(10529 16262 16301 10490)
4(10489 10490 16301 16300)
4(10530 16263 16302 10491)
4(10490 10491 16302 16301)
4(10531 16264 16303 10492)
4(10491 10492 16303 16302)
4(10532 16265 16304 10493)
4(10492 10493 16304 16303)
4(10533 16266 16305 10494)
4(10493 10494 16305 16304)
4(10534 16267 16306 10495)
4(10494 10495 16306 16305)
4(10535 16268 16307 10496)
4(10495 10496 16307 16306)
4(10536 16269 16308 10497)
4(10496 10497 16308 16307)
4(10537 16270 16309 10498)
4(10497 10498 16309 16308)
4(10538 16271 16310 10499)
4(10498 10499 16310 16309)
4(10539 16272 16311 10500)
4(10499 10500 16311 16310)
4(10540 16273 16312 10501)
4(10500 10501 16312 16311)
4(10541 16274 16313 10502)
4(10501 10502 16313 16312)
4(10542 16275 16314 10503)
4(10502 10503 16314 16313)
4(10543 16276 16315 10504)
4(10503 10504 16315 16314)
4(10544 16277 16316 10505)
4(10504 10505 16316 16315)
4(10545 16278 16317 10506)
4(10505 10506 16317 16316)
4(10546 16279 16318 10507)
4(10506 10507 16318 16317)
4(10547 16280 16319 10508)
4(10507 10508 16319 16318)
4(10548 16281 16320 10509)
4(10508 10509 16320 16319)
4(10549 16282 16321 10510)
4(10509 10510 16321 16320)
4(10550 16283 16322 10511)
4(10510 10511 16322 16321)
4(10551 16284 16323 10512)
4(10511 10512 16323 16322)
4(10552 16285 16324 10513)
4(10512 10513 16324 16323)
4(10553 16286 16325 10514)
4(10513 10514 16325 16324)
4(10514 884 963 16325)
4(10476 16287 16326 10437)
4(719 10437 16326 798)
4(10477 16288 16327 10438)
4(10437 10438 16327 16326)
4(10478 16289 16328 10439)
4(10438 10439 16328 16327)
4(10479 16290 16329 10440)
4(10439 10440 16329 16328)
4(10480 16291 16330 10441)
4(10440 10441 16330 16329)
4(10481 16292 16331 10442)
4(10441 10442 16331 16330)
4(10482 16293 16332 10443)
4(10442 10443 16332 16331)
4(10483 16294 16333 10444)
4(10443 10444 16333 16332)
4(10484 16295 16334 10445)
4(10444 10445 16334 16333)
4(10485 16296 16335 10446)
4(10445 10446 16335 16334)
4(10486 16297 16336 10447)
4(10446 10447 16336 16335)
4(10487 16298 16337 10448)
4(10447 10448 16337 16336)
4(10488 16299 16338 10449)
4(10448 10449 16338 16337)
4(10489 16300 16339 10450)
4(10449 10450 16339 16338)
4(10490 16301 16340 10451)
4(10450 10451 16340 16339)
4(10491 16302 16341 10452)
4(10451 10452 16341 16340)
4(10492 16303 16342 10453)
4(10452 10453 16342 16341)
4(10493 16304 16343 10454)
4(10453 10454 16343 16342)
4(10494 16305 16344 10455)
4(10454 10455 16344 16343)
4(10495 16306 16345 10456)
4(10455 10456 16345 16344)
4(10496 16307 16346 10457)
4(10456 10457 16346 16345)
4(10497 16308 16347 10458)
4(10457 10458 16347 16346)
4(10498 16309 16348 10459)
4(10458 10459 16348 16347)
4(10499 16310 16349 10460)
4(10459 10460 16349 16348)
4(10500 16311 16350 10461)
4(10460 10461 16350 16349)
4(10501 16312 16351 10462)
4(10461 10462 16351 16350)
4(10502 16313 16352 10463)
4(10462 10463 16352 16351)
4(10503 16314 16353 10464)
4(10463 10464 16353 16352)
4(10504 16315 16354 10465)
4(10464 10465 16354 16353)
4(10505 16316 16355 10466)
4(10465 10466 16355 16354)
4(10506 16317 16356 10467)
4(10466 10467 16356 16355)
4(10507 16318 16357 10468)
4(10467 10468 16357 16356)
4(10508 16319 16358 10469)
4(10468 10469 16358 16357)
4(10509 16320 16359 10470)
4(10469 10470 16359 16358)
4(10510 16321 16360 10471)
4(10470 10471 16360 16359)
4(10511 16322 16361 10472)
4(10471 10472 16361 16360)
4(10512 16323 16362 10473)
4(10472 10473 16362 16361)
4(10513 16324 16363 10474)
4(10473 10474 16363 16362)
4(10514 16325 16364 10475)
4(10474 10475 16364 16363)
4(10475 883 962 16364)
4(10437 16326 16365 10398)
4(720 10398 16365 799)
4(10438 16327 16366 10399)
4(10398 10399 16366 16365)
4(10439 16328 16367 10400)
4(10399 10400 16367 16366)
4(10440 16329 16368 10401)
4(10400 10401 16368 16367)
4(10441 16330 16369 10402)
4(10401 10402 16369 16368)
4(10442 16331 16370 10403)
4(10402 10403 16370 16369)
4(10443 16332 16371 10404)
4(10403 10404 16371 16370)
4(10444 16333 16372 10405)
4(10404 10405 16372 16371)
4(10445 16334 16373 10406)
4(10405 10406 16373 16372)
4(10446 16335 16374 10407)
4(10406 10407 16374 16373)
4(10447 16336 16375 10408)
4(10407 10408 16375 16374)
4(10448 16337 16376 10409)
4(10408 10409 16376 16375)
4(10449 16338 16377 10410)
4(10409 10410 16377 16376)
4(10450 16339 16378 10411)
4(10410 10411 16378 16377)
4(10451 16340 16379 10412)
4(10411 10412 16379 16378)
4(10452 16341 16380 10413)
4(10412 10413 16380 16379)
4(10453 16342 16381 10414)
4(10413 10414 16381 16380)
4(10454 16343 16382 10415)
4(10414 10415 16382 16381)
4(10455 16344 16383 10416)
4(10415 10416 16383 16382)
4(10456 16345 16384 10417)
4(10416 10417 16384 16383)
4(10457 16346 16385 10418)
4(10417 10418 16385 16384)
4(10458 16347 16386 10419)
4(10418 10419 16386 16385)
4(10459 16348 16387 10420)
4(10419 10420 16387 16386)
4(10460 16349 16388 10421)
4(10420 10421 16388 16387)
4(10461 16350 16389 10422)
4(10421 10422 16389 16388)
4(10462 16351 16390 10423)
4(10422 10423 16390 16389)
4(10463 16352 16391 10424)
4(10423 10424 16391 16390)
4(10464 16353 16392 10425)
4(10424 10425 16392 16391)
4(10465 16354 16393 10426)
4(10425 10426 16393 16392)
4(10466 16355 16394 10427)
4(10426 10427 16394 16393)
4(10467 16356 16395 10428)
4(10427 10428 16395 16394)
4(10468 16357 16396 10429)
4(10428 10429 16396 16395)
4(10469 16358 16397 10430)
4(10429 10430 16397 16396)
4(10470 16359 16398 10431)
4(10430 10431 16398 16397)
4(10471 16360 16399 10432)
4(10431 10432 16399 16398)
4(10472 16361 16400 10433)
4(10432 10433 16400 16399)
4(10473 16362 16401 10434)
4(10433 10434 16401 16400)
4(10474 16363 16402 10435)
4(10434 10435 16402 16401)
4(10475 16364 16403 10436)
4(10435 10436 16403 16402)
4(10436 882 961 16403)
4(10398 16365 16404 10359)
4(721 10359 16404 800)
4(10399 16366 16405 10360)
4(10359 10360 16405 16404)
4(10400 16367 16406 10361)
4(10360 10361 16406 16405)
4(10401 16368 16407 10362)
4(10361 10362 16407 16406)
4(10402 16369 16408 10363)
4(10362 10363 16408 16407)
4(10403 16370 16409 10364)
4(10363 10364 16409 16408)
4(10404 16371 16410 10365)
4(10364 10365 16410 16409)
4(10405 16372 16411 10366)
4(10365 10366 16411 16410)
4(10406 16373 16412 10367)
4(10366 10367 16412 16411)
4(10407 16374 16413 10368)
4(10367 10368 16413 16412)
4(10408 16375 16414 10369)
4(10368 10369 16414 16413)
4(10409 16376 16415 10370)
4(10369 10370 16415 16414)
4(10410 16377 16416 10371)
4(10370 10371 16416 16415)
4(10411 16378 16417 10372)
4(10371 10372 16417 16416)
4(10412 16379 16418 10373)
4(10372 10373 16418 16417)
4(10413 16380 16419 10374)
4(10373 10374 16419 16418)
4(10414 16381 16420 10375)
4(10374 10375 16420 16419)
4(10415 16382 16421 10376)
4(10375 10376 16421 16420)
4(10416 16383 16422 10377)
4(10376 10377 16422 16421)
4(10417 16384 16423 10378)
4(10377 10378 16423 16422)
4(10418 16385 16424 10379)
4(10378 10379 16424 16423)
4(10419 16386 16425 10380)
4(10379 10380 16425 16424)
4(10420 16387 16426 10381)
4(10380 10381 16426 16425)
4(10421 16388 16427 10382)
4(10381 10382 16427 16426)
4(10422 16389 16428 10383)
4(10382 10383 16428 16427)
4(10423 16390 16429 10384)
4(10383 10384 16429 16428)
4(10424 16391 16430 10385)
4(10384 10385 16430 16429)
4(10425 16392 16431 10386)
4(10385 10386 16431 16430)
4(10426 16393 16432 10387)
4(10386 10387 16432 16431)
4(10427 16394 16433 10388)
4(10387 10388 16433 16432)
4(10428 16395 16434 10389)
4(10388 10389 16434 16433)
4(10429 16396 16435 10390)
4(10389 10390 16435 16434)
4(10430 16397 16436 10391)
4(10390 10391 16436 16435)
4(10431 16398 16437 10392)
4(10391 10392 16437 16436)
4(10432 16399 16438 10393)
4(10392 10393 16438 16437)
4(10433 16400 16439 10394)
4(10393 10394 16439 16438)
4(10434 16401 16440 10395)
4(10394 10395 16440 16439)
4(10435 16402 16441 10396)
4(10395 10396 16441 16440)
4(10436 16403 16442 10397)
4(10396 10397 16442 16441)
4(10397 881 960 16442)
4(10359 16404 16443 10320)
4(722 10320 16443 801)
4(10360 16405 16444 10321)
4(10320 10321 16444 16443)
4(10361 16406 16445 10322)
4(10321 10322 16445 16444)
4(10362 16407 16446 10323)
4(10322 10323 16446 16445)
4(10363 16408 16447 10324)
4(10323 10324 16447 16446)
4(10364 16409 16448 10325)
4(10324 10325 16448 16447)
4(10365 16410 16449 10326)
4(10325 10326 16449 16448)
4(10366 16411 16450 10327)
4(10326 10327 16450 16449)
4(10367 16412 16451 10328)
4(10327 10328 16451 16450)
4(10368 16413 16452 10329)
4(10328 10329 16452 16451)
4(10369 16414 16453 10330)
4(10329 10330 16453 16452)
4(10370 16415 16454 10331)
4(10330 10331 16454 16453)
4(10371 16416 16455 10332)
4(10331 10332 16455 16454)
4(10372 16417 16456 10333)
4(10332 10333 16456 16455)
4(10373 16418 16457 10334)
4(10333 10334 16457 16456)
4(10374 16419 16458 10335)
4(10334 10335 16458 16457)
4(10375 16420 16459 10336)
4(10335 10336 16459 16458)
4(10376 16421 16460 10337)
4(10336 10337 16460 16459)
4(10377 16422 16461 10338)
4(10337 10338 16461 16460)
4(10378 16423 16462 10339)
4(10338 10339 16462 16461)
4(10379 16424 16463 10340)
4(10339 10340 16463 16462)
4(10380 16425 16464 10341)
4(10340 10341 16464 16463)
4(10381 16426 16465 10342)
4(10341 10342 16465 16464)
4(10382 16427 16466 10343)
4(10342 10343 16466 16465)
4(10383 16428 16467 10344)
4(10343 10344 16467 16466)
4(10384 16429 16468 10345)
4(10344 10345 16468 16467)
4(10385 16430 16469 10346)
4(10345 10346 16469 16468)
4(10386 16431 16470 10347)
4(10346 10347 16470 16469)
4(10387 16432 16471 10348)
4(10347 10348 16471 16470)
4(10388 16433 16472 10349)
4(10348 10349 16472 16471)
4(10389 16434 16473 10350)
4(10349 10350 16473 16472)
4(10390 16435 16474 10351)
4(10350 10351 16474 16473)
4(10391 16436 16475 10352)
4(10351 10352 16475 16474)
4(10392 16437 16476 10353)
4(10352 10353 16476 16475)
4(10393 16438 16477 10354)
4(10353 10354 16477 16476)
4(10394 16439 16478 10355)
4(10354 10355 16478 16477)
4(10395 16440 16479 10356)
4(10355 10356 16479 16478)
4(10396 16441 16480 10357)
4(10356 10357 16480 16479)
4(10397 16442 16481 10358)
4(10357 10358 16481 16480)
4(10358 880 959 16481)
4(10320 16443 841 802)
4(10321 16444 842 803)
4(10322 16445 843 804)
4(10323 16446 844 805)
4(10324 16447 845 806)
4(10325 16448 846 807)
4(10326 16449 847 808)
4(10327 16450 848 809)
4(10328 16451 849 810)
4(10329 16452 850 811)
4(10330 16453 851 812)
4(10331 16454 852 813)
4(10332 16455 853 814)
4(10333 16456 854 815)
4(10334 16457 855 816)
4(10335 16458 856 817)
4(10336 16459 857 818)
4(10337 16460 858 819)
4(10338 16461 859 820)
4(10339 16462 860 821)
4(10340 16463 861 822)
4(10341 16464 862 823)
4(10342 16465 863 824)
4(10343 16466 864 825)
4(10344 16467 865 826)
4(10345 16468 866 827)
4(10346 16469 867 828)
4(10347 16470 868 829)
4(10348 16471 869 830)
4(10349 16472 870 831)
4(10350 16473 871 832)
4(10351 16474 872 833)
4(10352 16475 873 834)
4(10353 16476 874 835)
4(10354 16477 875 836)
4(10355 16478 876 837)
4(10356 16479 877 838)
4(10357 16480 878 839)
4(10358 16481 879 840)
4(566 605 7 6)
4(567 606 605 566)
4(568 607 606 567)
4(569 608 607 568)
4(570 609 608 569)
4(571 610 609 570)
4(572 611 610 571)
4(573 612 611 572)
4(574 613 612 573)
4(575 614 613 574)
4(576 615 614 575)
4(577 616 615 576)
4(578 617 616 577)
4(579 618 617 578)
4(580 619 618 579)
4(581 620 619 580)
4(582 621 620 581)
4(583 622 621 582)
4(584 623 622 583)
4(585 624 623 584)
4(586 625 624 585)
4(587 626 625 586)
4(588 627 626 587)
4(589 628 627 588)
4(590 629 628 589)
4(591 630 629 590)
4(592 631 630 591)
4(593 632 631 592)
4(594 633 632 593)
4(595 634 633 594)
4(596 635 634 595)
4(597 636 635 596)
4(598 637 636 597)
4(599 638 637 598)
4(600 639 638 599)
4(601 640 639 600)
4(602 641 640 601)
4(603 642 641 602)
4(604 643 642 603)
4(0 1 643 604)
4(8 802 841 9)
4(802 803 842 841)
4(803 804 843 842)
4(804 805 844 843)
4(805 806 845 844)
4(806 807 846 845)
4(807 808 847 846)
4(808 809 848 847)
4(809 810 849 848)
4(810 811 850 849)
4(811 812 851 850)
4(812 813 852 851)
4(813 814 853 852)
4(814 815 854 853)
4(815 816 855 854)
4(816 817 856 855)
4(817 818 857 856)
4(818 819 858 857)
4(819 820 859 858)
4(820 821 860 859)
4(821 822 861 860)
4(822 823 862 861)
4(823 824 863 862)
4(824 825 864 863)
4(825 826 865 864)
4(826 827 866 865)
4(827 828 867 866)
4(828 829 868 867)
4(829 830 869 868)
4(830 831 870 869)
4(831 832 871 870)
4(832 833 872 871)
4(833 834 873 872)
4(834 835 874 873)
4(835 836 875 874)
4(836 837 876 875)
4(837 838 877 876)
4(838 839 878 877)
4(839 840 879 878)
4(840 10 11 879)
4(0 12 131 1)
4(12 13 132 131)
4(13 14 133 132)
4(14 15 134 133)
4(15 16 135 134)
4(16 17 136 135)
4(17 18 137 136)
4(18 19 138 137)
4(19 20 139 138)
4(20 21 140 139)
4(21 22 141 140)
4(22 23 142 141)
4(23 24 143 142)
4(24 25 144 143)
4(25 26 145 144)
4(26 27 146 145)
4(27 28 147 146)
4(28 29 148 147)
4(29 30 149 148)
4(30 31 150 149)
4(31 32 151 150)
4(32 33 152 151)
4(33 34 153 152)
4(34 35 154 153)
4(35 36 155 154)
4(36 37 156 155)
4(37 38 157 156)
4(38 39 158 157)
4(39 40 159 158)
4(40 41 160 159)
4(41 42 161 160)
4(42 43 162 161)
4(43 44 163 162)
4(44 45 164 163)
4(45 46 165 164)
4(46 47 166 165)
4(47 48 167 166)
4(48 49 168 167)
4(49 50 169 168)
4(50 51 170 169)
4(51 52 171 170)
4(52 53 172 171)
4(53 54 173 172)
4(54 55 174 173)
4(55 56 175 174)
4(56 57 176 175)
4(57 58 177 176)
4(58 59 178 177)
4(59 60 179 178)
4(60 61 180 179)
4(61 62 181 180)
4(62 63 182 181)
4(63 64 183 182)
4(64 65 184 183)
4(65 66 185 184)
4(66 67 186 185)
4(67 68 187 186)
4(68 69 188 187)
4(69 70 189 188)
4(70 71 190 189)
4(71 72 191 190)
4(72 73 192 191)
4(73 74 193 192)
4(74 75 194 193)
4(75 76 195 194)
4(76 77 196 195)
4(77 78 197 196)
4(78 79 198 197)
4(79 80 199 198)
4(80 81 200 199)
4(81 82 201 200)
4(82 83 202 201)
4(83 84 203 202)
4(84 85 204 203)
4(85 86 205 204)
4(86 87 206 205)
4(87 88 207 206)
4(88 89 208 207)
4(89 90 209 208)
4(90 91 210 209)
4(91 92 211 210)
4(92 93 212 211)
4(93 94 213 212)
4(94 95 214 213)
4(95 96 215 214)
4(96 97 216 215)
4(97 98 217 216)
4(98 99 218 217)
4(99 100 219 218)
4(100 101 220 219)
4(101 102 221 220)
4(102 103 222 221)
4(103 104 223 222)
4(104 105 224 223)
4(105 106 225 224)
4(106 107 226 225)
4(107 108 227 226)
4(108 109 228 227)
4(109 110 229 228)
4(110 111 230 229)
4(111 112 231 230)
4(112 113 232 231)
4(113 114 233 232)
4(114 115 234 233)
4(115 116 235 234)
4(116 117 236 235)
4(117 118 237 236)
4(118 119 238 237)
4(119 120 239 238)
4(120 121 240 239)
4(121 122 241 240)
4(122 123 242 241)
4(123 124 243 242)
4(124 125 244 243)
4(125 126 245 244)
4(126 127 246 245)
4(127 128 247 246)
4(128 129 248 247)
4(129 130 249 248)
4(130 2 3 249)
4(2 644 723 3)
4(644 645 724 723)
4(645 646 725 724)
4(646 647 726 725)
4(647 648 727 726)
4(648 649 728 727)
4(649 650 729 728)
4(650 651 730 729)
4(651 652 731 730)
4(652 653 732 731)
4(653 654 733 732)
4(654 655 734 733)
4(655 656 735 734)
4(656 657 736 735)
4(657 658 737 736)
4(658 659 738 737)
4(659 660 739 738)
4(660 661 740 739)
4(661 662 741 740)
4(662 663 742 741)
4(663 664 743 742)
4(664 665 744 743)
4(665 666 745 744)
4(666 667 746 745)
4(667 668 747 746)
4(668 669 748 747)
4(669 670 749 748)
4(670 671 750 749)
4(671 672 751 750)
4(672 673 752 751)
4(673 674 753 752)
4(674 675 754 753)
4(675 676 755 754)
4(676 677 756 755)
4(677 678 757 756)
4(678 679 758 757)
4(679 680 759 758)
4(680 681 760 759)
4(681 682 761 760)
4(682 683 762 761)
4(683 684 763 762)
4(684 685 764 763)
4(685 686 765 764)
4(686 687 766 765)
4(687 688 767 766)
4(688 689 768 767)
4(689 690 769 768)
4(690 691 770 769)
4(691 692 771 770)
4(692 693 772 771)
4(693 694 773 772)
4(694 695 774 773)
4(695 696 775 774)
4(696 697 776 775)
4(697 698 777 776)
4(698 699 778 777)
4(699 700 779 778)
4(700 701 780 779)
4(701 702 781 780)
4(702 703 782 781)
4(703 704 783 782)
4(704 705 784 783)
4(705 706 785 784)
4(706 707 786 785)
4(707 708 787 786)
4(708 709 788 787)
4(709 710 789 788)
4(710 711 790 789)
4(711 712 791 790)
4(712 713 792 791)
4(713 714 793 792)
4(714 715 794 793)
4(715 716 795 794)
4(716 717 796 795)
4(717 718 797 796)
4(718 719 798 797)
4(719 720 799 798)
4(720 721 800 799)
4(721 722 801 800)
4(722 8 9 801)
4(328 447 5 4)
4(329 448 447 328)
4(330 449 448 329)
4(331 450 449 330)
4(332 451 450 331)
4(333 452 451 332)
4(334 453 452 333)
4(335 454 453 334)
4(336 455 454 335)
4(337 456 455 336)
4(338 457 456 337)
4(339 458 457 338)
4(340 459 458 339)
4(341 460 459 340)
4(342 461 460 341)
4(343 462 461 342)
4(344 463 462 343)
4(345 464 463 344)
4(346 465 464 345)
4(347 466 465 346)
4(348 467 466 347)
4(349 468 467 348)
4(350 469 468 349)
4(351 470 469 350)
4(352 471 470 351)
4(353 472 471 352)
4(354 473 472 353)
4(355 474 473 354)
4(356 475 474 355)
4(357 476 475 356)
4(358 477 476 357)
4(359 478 477 358)
4(360 479 478 359)
4(361 480 479 360)
4(362 481 480 361)
4(363 482 481 362)
4(364 483 482 363)
4(365 484 483 364)
4(366 485 484 365)
4(367 486 485 366)
4(368 487 486 367)
4(369 488 487 368)
4(370 489 488 369)
4(371 490 489 370)
4(372 491 490 371)
4(373 492 491 372)
4(374 493 492 373)
4(375 494 493 374)
4(376 495 494 375)
4(377 496 495 376)
4(378 497 496 377)
4(379 498 497 378)
4(380 499 498 379)
4(381 500 499 380)
4(382 501 500 381)
4(383 502 501 382)
4(384 503 502 383)
4(385 504 503 384)
4(386 505 504 385)
4(387 506 505 386)
4(388 507 506 387)
4(389 508 507 388)
4(390 509 508 389)
4(391 510 509 390)
4(392 511 510 391)
4(393 512 511 392)
4(394 513 512 393)
4(395 514 513 394)
4(396 515 514 395)
4(397 516 515 396)
4(398 517 516 397)
4(399 518 517 398)
4(400 519 518 399)
4(401 520 519 400)
4(402 521 520 401)
4(403 522 521 402)
4(404 523 522 403)
4(405 524 523 404)
4(406 525 524 405)
4(407 526 525 406)
4(408 527 526 407)
4(409 528 527 408)
4(410 529 528 409)
4(411 530 529 410)
4(412 531 530 411)
4(413 532 531 412)
4(414 533 532 413)
4(415 534 533 414)
4(416 535 534 415)
4(417 536 535 416)
4(418 537 536 417)
4(419 538 537 418)
4(420 539 538 419)
4(421 540 539 420)
4(422 541 540 421)
4(423 542 541 422)
4(424 543 542 423)
4(425 544 543 424)
4(426 545 544 425)
4(427 546 545 426)
4(428 547 546 427)
4(429 548 547 428)
4(430 549 548 429)
4(431 550 549 430)
4(432 551 550 431)
4(433 552 551 432)
4(434 553 552 433)
4(435 554 553 434)
4(436 555 554 435)
4(437 556 555 436)
4(438 557 556 437)
4(439 558 557 438)
4(440 559 558 439)
4(441 560 559 440)
4(442 561 560 441)
4(443 562 561 442)
4(444 563 562 443)
4(445 564 563 444)
4(446 565 564 445)
4(6 7 565 446)
4(880 959 11 10)
4(881 960 959 880)
4(882 961 960 881)
4(883 962 961 882)
4(884 963 962 883)
4(885 964 963 884)
4(886 965 964 885)
4(887 966 965 886)
4(888 967 966 887)
4(889 968 967 888)
4(890 969 968 889)
4(891 970 969 890)
4(892 971 970 891)
4(893 972 971 892)
4(894 973 972 893)
4(895 974 973 894)
4(896 975 974 895)
4(897 976 975 896)
4(898 977 976 897)
4(899 978 977 898)
4(900 979 978 899)
4(901 980 979 900)
4(902 981 980 901)
4(903 982 981 902)
4(904 983 982 903)
4(905 984 983 904)
4(906 985 984 905)
4(907 986 985 906)
4(908 987 986 907)
4(909 988 987 908)
4(910 989 988 909)
4(911 990 989 910)
4(912 991 990 911)
4(913 992 991 912)
4(914 993 992 913)
4(915 994 993 914)
4(916 995 994 915)
4(917 996 995 916)
4(918 997 996 917)
4(919 998 997 918)
4(920 999 998 919)
4(921 1000 999 920)
4(922 1001 1000 921)
4(923 1002 1001 922)
4(924 1003 1002 923)
4(925 1004 1003 924)
4(926 1005 1004 925)
4(927 1006 1005 926)
4(928 1007 1006 927)
4(929 1008 1007 928)
4(930 1009 1008 929)
4(931 1010 1009 930)
4(932 1011 1010 931)
4(933 1012 1011 932)
4(934 1013 1012 933)
4(935 1014 1013 934)
4(936 1015 1014 935)
4(937 1016 1015 936)
4(938 1017 1016 937)
4(939 1018 1017 938)
4(940 1019 1018 939)
4(941 1020 1019 940)
4(942 1021 1020 941)
4(943 1022 1021 942)
4(944 1023 1022 943)
4(945 1024 1023 944)
4(946 1025 1024 945)
4(947 1026 1025 946)
4(948 1027 1026 947)
4(949 1028 1027 948)
4(950 1029 1028 949)
4(951 1030 1029 950)
4(952 1031 1030 951)
4(953 1032 1031 952)
4(954 1033 1032 953)
4(955 1034 1033 954)
4(956 1035 1034 955)
4(957 1036 1035 956)
4(958 1037 1036 957)
4(4 5 1037 958)
4(130 1038 250 2)
4(1038 1039 251 250)
4(1039 1040 252 251)
4(1040 1041 253 252)
4(1041 1042 254 253)
4(1042 1043 255 254)
4(1043 1044 256 255)
4(1044 1045 257 256)
4(1045 1046 258 257)
4(1046 1047 259 258)
4(1047 1048 260 259)
4(1048 1049 261 260)
4(1049 1050 262 261)
4(1050 1051 263 262)
4(1051 1052 264 263)
4(1052 1053 265 264)
4(1053 1054 266 265)
4(1054 1055 267 266)
4(1055 1056 268 267)
4(1056 1057 269 268)
4(1057 1058 270 269)
4(1058 1059 271 270)
4(1059 1060 272 271)
4(1060 1061 273 272)
4(1061 1062 274 273)
4(1062 1063 275 274)
4(1063 1064 276 275)
4(1064 1065 277 276)
4(1065 1066 278 277)
4(1066 1067 279 278)
4(1067 1068 280 279)
4(1068 1069 281 280)
4(1069 1070 282 281)
4(1070 1071 283 282)
4(1071 1072 284 283)
4(1072 1073 285 284)
4(1073 1074 286 285)
4(1074 1075 287 286)
4(1075 1076 288 287)
4(1076 328 4 288)
4(129 1077 1038 130)
4(1077 1078 1039 1038)
4(1078 1079 1040 1039)
4(1079 1080 1041 1040)
4(1080 1081 1042 1041)
4(1081 1082 1043 1042)
4(1082 1083 1044 1043)
4(1083 1084 1045 1044)
4(1084 1085 1046 1045)
4(1085 1086 1047 1046)
4(1086 1087 1048 1047)
4(1087 1088 1049 1048)
4(1088 1089 1050 1049)
4(1089 1090 1051 1050)
4(1090 1091 1052 1051)
4(1091 1092 1053 1052)
4(1092 1093 1054 1053)
4(1093 1094 1055 1054)
4(1094 1095 1056 1055)
4(1095 1096 1057 1056)
4(1096 1097 1058 1057)
4(1097 1098 1059 1058)
4(1098 1099 1060 1059)
4(1099 1100 1061 1060)
4(1100 1101 1062 1061)
4(1101 1102 1063 1062)
4(1102 1103 1064 1063)
4(1103 1104 1065 1064)
4(1104 1105 1066 1065)
4(1105 1106 1067 1066)
4(1106 1107 1068 1067)
4(1107 1108 1069 1068)
4(1108 1109 1070 1069)
4(1109 1110 1071 1070)
4(1110 1111 1072 1071)
4(1111 1112 1073 1072)
4(1112 1113 1074 1073)
4(1113 1114 1075 1074)
4(1114 1115 1076 1075)
4(1115 329 328 1076)
4(128 1116 1077 129)
4(1116 1117 1078 1077)
4(1117 1118 1079 1078)
4(1118 1119 1080 1079)
4(1119 1120 1081 1080)
4(1120 1121 1082 1081)
4(1121 1122 1083 1082)
4(1122 1123 1084 1083)
4(1123 1124 1085 1084)
4(1124 1125 1086 1085)
4(1125 1126 1087 1086)
4(1126 1127 1088 1087)
4(1127 1128 1089 1088)
4(1128 1129 1090 1089)
4(1129 1130 1091 1090)
4(1130 1131 1092 1091)
4(1131 1132 1093 1092)
4(1132 1133 1094 1093)
4(1133 1134 1095 1094)
4(1134 1135 1096 1095)
4(1135 1136 1097 1096)
4(1136 1137 1098 1097)
4(1137 1138 1099 1098)
4(1138 1139 1100 1099)
4(1139 1140 1101 1100)
4(1140 1141 1102 1101)
4(1141 1142 1103 1102)
4(1142 1143 1104 1103)
4(1143 1144 1105 1104)
4(1144 1145 1106 1105)
4(1145 1146 1107 1106)
4(1146 1147 1108 1107)
4(1147 1148 1109 1108)
4(1148 1149 1110 1109)
4(1149 1150 1111 1110)
4(1150 1151 1112 1111)
4(1151 1152 1113 1112)
4(1152 1153 1114 1113)
4(1153 1154 1115 1114)
4(1154 330 329 1115)
4(127 1155 1116 128)
4(1155 1156 1117 1116)
4(1156 1157 1118 1117)
4(1157 1158 1119 1118)
4(1158 1159 1120 1119)
4(1159 1160 1121 1120)
4(1160 1161 1122 1121)
4(1161 1162 1123 1122)
4(1162 1163 1124 1123)
4(1163 1164 1125 1124)
4(1164 1165 1126 1125)
4(1165 1166 1127 1126)
4(1166 1167 1128 1127)
4(1167 1168 1129 1128)
4(1168 1169 1130 1129)
4(1169 1170 1131 1130)
4(1170 1171 1132 1131)
4(1171 1172 1133 1132)
4(1172 1173 1134 1133)
4(1173 1174 1135 1134)
4(1174 1175 1136 1135)
4(1175 1176 1137 1136)
4(1176 1177 1138 1137)
4(1177 1178 1139 1138)
4(1178 1179 1140 1139)
4(1179 1180 1141 1140)
4(1180 1181 1142 1141)
4(1181 1182 1143 1142)
4(1182 1183 1144 1143)
4(1183 1184 1145 1144)
4(1184 1185 1146 1145)
4(1185 1186 1147 1146)
4(1186 1187 1148 1147)
4(1187 1188 1149 1148)
4(1188 1189 1150 1149)
4(1189 1190 1151 1150)
4(1190 1191 1152 1151)
4(1191 1192 1153 1152)
4(1192 1193 1154 1153)
4(1193 331 330 1154)
4(126 1194 1155 127)
4(1194 1195 1156 1155)
4(1195 1196 1157 1156)
4(1196 1197 1158 1157)
4(1197 1198 1159 1158)
4(1198 1199 1160 1159)
4(1199 1200 1161 1160)
4(1200 1201 1162 1161)
4(1201 1202 1163 1162)
4(1202 1203 1164 1163)
4(1203 1204 1165 1164)
4(1204 1205 1166 1165)
4(1205 1206 1167 1166)
4(1206 1207 1168 1167)
4(1207 1208 1169 1168)
4(1208 1209 1170 1169)
4(1209 1210 1171 1170)
4(1210 1211 1172 1171)
4(1211 1212 1173 1172)
4(1212 1213 1174 1173)
4(1213 1214 1175 1174)
4(1214 1215 1176 1175)
4(1215 1216 1177 1176)
4(1216 1217 1178 1177)
4(1217 1218 1179 1178)
4(1218 1219 1180 1179)
4(1219 1220 1181 1180)
4(1220 1221 1182 1181)
4(1221 1222 1183 1182)
4(1222 1223 1184 1183)
4(1223 1224 1185 1184)
4(1224 1225 1186 1185)
4(1225 1226 1187 1186)
4(1226 1227 1188 1187)
4(1227 1228 1189 1188)
4(1228 1229 1190 1189)
4(1229 1230 1191 1190)
4(1230 1231 1192 1191)
4(1231 1232 1193 1192)
4(1232 332 331 1193)
4(125 1233 1194 126)
4(1233 1234 1195 1194)
4(1234 1235 1196 1195)
4(1235 1236 1197 1196)
4(1236 1237 1198 1197)
4(1237 1238 1199 1198)
4(1238 1239 1200 1199)
4(1239 1240 1201 1200)
4(1240 1241 1202 1201)
4(1241 1242 1203 1202)
4(1242 1243 1204 1203)
4(1243 1244 1205 1204)
4(1244 1245 1206 1205)
4(1245 1246 1207 1206)
4(1246 1247 1208 1207)
4(1247 1248 1209 1208)
4(1248 1249 1210 1209)
4(1249 1250 1211 1210)
4(1250 1251 1212 1211)
4(1251 1252 1213 1212)
4(1252 1253 1214 1213)
4(1253 1254 1215 1214)
4(1254 1255 1216 1215)
4(1255 1256 1217 1216)
4(1256 1257 1218 1217)
4(1257 1258 1219 1218)
4(1258 1259 1220 1219)
4(1259 1260 1221 1220)
4(1260 1261 1222 1221)
4(1261 1262 1223 1222)
4(1262 1263 1224 1223)
4(1263 1264 1225 1224)
4(1264 1265 1226 1225)
4(1265 1266 1227 1226)
4(1266 1267 1228 1227)
4(1267 1268 1229 1228)
4(1268 1269 1230 1229)
4(1269 1270 1231 1230)
4(1270 1271 1232 1231)
4(1271 333 332 1232)
4(124 1272 1233 125)
4(1272 1273 1234 1233)
4(1273 1274 1235 1234)
4(1274 1275 1236 1235)
4(1275 1276 1237 1236)
4(1276 1277 1238 1237)
4(1277 1278 1239 1238)
4(1278 1279 1240 1239)
4(1279 1280 1241 1240)
4(1280 1281 1242 1241)
4(1281 1282 1243 1242)
4(1282 1283 1244 1243)
4(1283 1284 1245 1244)
4(1284 1285 1246 1245)
4(1285 1286 1247 1246)
4(1286 1287 1248 1247)
4(1287 1288 1249 1248)
4(1288 1289 1250 1249)
4(1289 1290 1251 1250)
4(1290 1291 1252 1251)
4(1291 1292 1253 1252)
4(1292 1293 1254 1253)
4(1293 1294 1255 1254)
4(1294 1295 1256 1255)
4(1295 1296 1257 1256)
4(1296 1297 1258 1257)
4(1297 1298 1259 1258)
4(1298 1299 1260 1259)
4(1299 1300 1261 1260)
4(1300 1301 1262 1261)
4(1301 1302 1263 1262)
4(1302 1303 1264 1263)
4(1303 1304 1265 1264)
4(1304 1305 1266 1265)
4(1305 1306 1267 1266)
4(1306 1307 1268 1267)
4(1307 1308 1269 1268)
4(1308 1309 1270 1269)
4(1309 1310 1271 1270)
4(1310 334 333 1271)
4(123 1311 1272 124)
4(1311 1312 1273 1272)
4(1312 1313 1274 1273)
4(1313 1314 1275 1274)
4(1314 1315 1276 1275)
4(1315 1316 1277 1276)
4(1316 1317 1278 1277)
4(1317 1318 1279 1278)
4(1318 1319 1280 1279)
4(1319 1320 1281 1280)
4(1320 1321 1282 1281)
4(1321 1322 1283 1282)
4(1322 1323 1284 1283)
4(1323 1324 1285 1284)
4(1324 1325 1286 1285)
4(1325 1326 1287 1286)
4(1326 1327 1288 1287)
4(1327 1328 1289 1288)
4(1328 1329 1290 1289)
4(1329 1330 1291 1290)
4(1330 1331 1292 1291)
4(1331 1332 1293 1292)
4(1332 1333 1294 1293)
4(1333 1334 1295 1294)
4(1334 1335 1296 1295)
4(1335 1336 1297 1296)
4(1336 1337 1298 1297)
4(1337 1338 1299 1298)
4(1338 1339 1300 1299)
4(1339 1340 1301 1300)
4(1340 1341 1302 1301)
4(1341 1342 1303 1302)
4(1342 1343 1304 1303)
4(1343 1344 1305 1304)
4(1344 1345 1306 1305)
4(1345 1346 1307 1306)
4(1346 1347 1308 1307)
4(1347 1348 1309 1308)
4(1348 1349 1310 1309)
4(1349 335 334 1310)
4(122 1350 1311 123)
4(1350 1351 1312 1311)
4(1351 1352 1313 1312)
4(1352 1353 1314 1313)
4(1353 1354 1315 1314)
4(1354 1355 1316 1315)
4(1355 1356 1317 1316)
4(1356 1357 1318 1317)
4(1357 1358 1319 1318)
4(1358 1359 1320 1319)
4(1359 1360 1321 1320)
4(1360 1361 1322 1321)
4(1361 1362 1323 1322)
4(1362 1363 1324 1323)
4(1363 1364 1325 1324)
4(1364 1365 1326 1325)
4(1365 1366 1327 1326)
4(1366 1367 1328 1327)
4(1367 1368 1329 1328)
4(1368 1369 1330 1329)
4(1369 1370 1331 1330)
4(1370 1371 1332 1331)
4(1371 1372 1333 1332)
4(1372 1373 1334 1333)
4(1373 1374 1335 1334)
4(1374 1375 1336 1335)
4(1375 1376 1337 1336)
4(1376 1377 1338 1337)
4(1377 1378 1339 1338)
4(1378 1379 1340 1339)
4(1379 1380 1341 1340)
4(1380 1381 1342 1341)
4(1381 1382 1343 1342)
4(1382 1383 1344 1343)
4(1383 1384 1345 1344)
4(1384 1385 1346 1345)
4(1385 1386 1347 1346)
4(1386 1387 1348 1347)
4(1387 1388 1349 1348)
4(1388 336 335 1349)
4(121 1389 1350 122)
4(1389 1390 1351 1350)
4(1390 1391 1352 1351)
4(1391 1392 1353 1352)
4(1392 1393 1354 1353)
4(1393 1394 1355 1354)
4(1394 1395 1356 1355)
4(1395 1396 1357 1356)
4(1396 1397 1358 1357)
4(1397 1398 1359 1358)
4(1398 1399 1360 1359)
4(1399 1400 1361 1360)
4(1400 1401 1362 1361)
4(1401 1402 1363 1362)
4(1402 1403 1364 1363)
4(1403 1404 1365 1364)
4(1404 1405 1366 1365)
4(1405 1406 1367 1366)
4(1406 1407 1368 1367)
4(1407 1408 1369 1368)
4(1408 1409 1370 1369)
4(1409 1410 1371 1370)
4(1410 1411 1372 1371)
4(1411 1412 1373 1372)
4(1412 1413 1374 1373)
4(1413 1414 1375 1374)
4(1414 1415 1376 1375)
4(1415 1416 1377 1376)
4(1416 1417 1378 1377)
4(1417 1418 1379 1378)
4(1418 1419 1380 1379)
4(1419 1420 1381 1380)
4(1420 1421 1382 1381)
4(1421 1422 1383 1382)
4(1422 1423 1384 1383)
4(1423 1424 1385 1384)
4(1424 1425 1386 1385)
4(1425 1426 1387 1386)
4(1426 1427 1388 1387)
4(1427 337 336 1388)
4(120 1428 1389 121)
4(1428 1429 1390 1389)
4(1429 1430 1391 1390)
4(1430 1431 1392 1391)
4(1431 1432 1393 1392)
4(1432 1433 1394 1393)
4(1433 1434 1395 1394)
4(1434 1435 1396 1395)
4(1435 1436 1397 1396)
4(1436 1437 1398 1397)
4(1437 1438 1399 1398)
4(1438 1439 1400 1399)
4(1439 1440 1401 1400)
4(1440 1441 1402 1401)
4(1441 1442 1403 1402)
4(1442 1443 1404 1403)
4(1443 1444 1405 1404)
4(1444 1445 1406 1405)
4(1445 1446 1407 1406)
4(1446 1447 1408 1407)
4(1447 1448 1409 1408)
4(1448 1449 1410 1409)
4(1449 1450 1411 1410)
4(1450 1451 1412 1411)
4(1451 1452 1413 1412)
4(1452 1453 1414 1413)
4(1453 1454 1415 1414)
4(1454 1455 1416 1415)
4(1455 1456 1417 1416)
4(1456 1457 1418 1417)
4(1457 1458 1419 1418)
4(1458 1459 1420 1419)
4(1459 1460 1421 1420)
4(1460 1461 1422 1421)
4(1461 1462 1423 1422)
4(1462 1463 1424 1423)
4(1463 1464 1425 1424)
4(1464 1465 1426 1425)
4(1465 1466 1427 1426)
4(1466 338 337 1427)
4(119 1467 1428 120)
4(1467 1468 1429 1428)
4(1468 1469 1430 1429)
4(1469 1470 1431 1430)
4(1470 1471 1432 1431)
4(1471 1472 1433 1432)
4(1472 1473 1434 1433)
4(1473 1474 1435 1434)
4(1474 1475 1436 1435)
4(1475 1476 1437 1436)
4(1476 1477 1438 1437)
4(1477 1478 1439 1438)
4(1478 1479 1440 1439)
4(1479 1480 1441 1440)
4(1480 1481 1442 1441)
4(1481 1482 1443 1442)
4(1482 1483 1444 1443)
4(1483 1484 1445 1444)
4(1484 1485 1446 1445)
4(1485 1486 1447 1446)
4(1486 1487 1448 1447)
4(1487 1488 1449 1448)
4(1488 1489 1450 1449)
4(1489 1490 1451 1450)
4(1490 1491 1452 1451)
4(1491 1492 1453 1452)
4(1492 1493 1454 1453)
4(1493 1494 1455 1454)
4(1494 1495 1456 1455)
4(1495 1496 1457 1456)
4(1496 1497 1458 1457)
4(1497 1498 1459 1458)
4(1498 1499 1460 1459)
4(1499 1500 1461 1460)
4(1500 1501 1462 1461)
4(1501 1502 1463 1462)
4(1502 1503 1464 1463)
4(1503 1504 1465 1464)
4(1504 1505 1466 1465)
4(1505 339 338 1466)
4(118 1506 1467 119)
4(1506 1507 1468 1467)
4(1507 1508 1469 1468)
4(1508 1509 1470 1469)
4(1509 1510 1471 1470)
4(1510 1511 1472 1471)
4(1511 1512 1473 1472)
4(1512 1513 1474 1473)
4(1513 1514 1475 1474)
4(1514 1515 1476 1475)
4(1515 1516 1477 1476)
4(1516 1517 1478 1477)
4(1517 1518 1479 1478)
4(1518 1519 1480 1479)
4(1519 1520 1481 1480)
4(1520 1521 1482 1481)
4(1521 1522 1483 1482)
4(1522 1523 1484 1483)
4(1523 1524 1485 1484)
4(1524 1525 1486 1485)
4(1525 1526 1487 1486)
4(1526 1527 1488 1487)
4(1527 1528 1489 1488)
4(1528 1529 1490 1489)
4(1529 1530 1491 1490)
4(1530 1531 1492 1491)
4(1531 1532 1493 1492)
4(1532 1533 1494 1493)
4(1533 1534 1495 1494)
4(1534 1535 1496 1495)
4(1535 1536 1497 1496)
4(1536 1537 1498 1497)
4(1537 1538 1499 1498)
4(1538 1539 1500 1499)
4(1539 1540 1501 1500)
4(1540 1541 1502 1501)
4(1541 1542 1503 1502)
4(1542 1543 1504 1503)
4(1543 1544 1505 1504)
4(1544 340 339 1505)
4(117 1545 1506 118)
4(1545 1546 1507 1506)
4(1546 1547 1508 1507)
4(1547 1548 1509 1508)
4(1548 1549 1510 1509)
4(1549 1550 1511 1510)
4(1550 1551 1512 1511)
4(1551 1552 1513 1512)
4(1552 1553 1514 1513)
4(1553 1554 1515 1514)
4(1554 1555 1516 1515)
4(1555 1556 1517 1516)
4(1556 1557 1518 1517)
4(1557 1558 1519 1518)
4(1558 1559 1520 1519)
4(1559 1560 1521 1520)
4(1560 1561 1522 1521)
4(1561 1562 1523 1522)
4(1562 1563 1524 1523)
4(1563 1564 1525 1524)
4(1564 1565 1526 1525)
4(1565 1566 1527 1526)
4(1566 1567 1528 1527)
4(1567 1568 1529 1528)
4(1568 1569 1530 1529)
4(1569 1570 1531 1530)
4(1570 1571 1532 1531)
4(1571 1572 1533 1532)
4(1572 1573 1534 1533)
4(1573 1574 1535 1534)
4(1574 1575 1536 1535)
4(1575 1576 1537 1536)
4(1576 1577 1538 1537)
4(1577 1578 1539 1538)
4(1578 1579 1540 1539)
4(1579 1580 1541 1540)
4(1580 1581 1542 1541)
4(1581 1582 1543 1542)
4(1582 1583 1544 1543)
4(1583 341 340 1544)
4(116 1584 1545 117)
4(1584 1585 1546 1545)
4(1585 1586 1547 1546)
4(1586 1587 1548 1547)
4(1587 1588 1549 1548)
4(1588 1589 1550 1549)
4(1589 1590 1551 1550)
4(1590 1591 1552 1551)
4(1591 1592 1553 1552)
4(1592 1593 1554 1553)
4(1593 1594 1555 1554)
4(1594 1595 1556 1555)
4(1595 1596 1557 1556)
4(1596 1597 1558 1557)
4(1597 1598 1559 1558)
4(1598 1599 1560 1559)
4(1599 1600 1561 1560)
4(1600 1601 1562 1561)
4(1601 1602 1563 1562)
4(1602 1603 1564 1563)
4(1603 1604 1565 1564)
4(1604 1605 1566 1565)
4(1605 1606 1567 1566)
4(1606 1607 1568 1567)
4(1607 1608 1569 1568)
4(1608 1609 1570 1569)
4(1609 1610 1571 1570)
4(1610 1611 1572 1571)
4(1611 1612 1573 1572)
4(1612 1613 1574 1573)
4(1613 1614 1575 1574)
4(1614 1615 1576 1575)
4(1615 1616 1577 1576)
4(1616 1617 1578 1577)
4(1617 1618 1579 1578)
4(1618 1619 1580 1579)
4(1619 1620 1581 1580)
4(1620 1621 1582 1581)
4(1621 1622 1583 1582)
4(1622 342 341 1583)
4(115 1623 1584 116)
4(1623 1624 1585 1584)
4(1624 1625 1586 1585)
4(1625 1626 1587 1586)
4(1626 1627 1588 1587)
4(1627 1628 1589 1588)
4(1628 1629 1590 1589)
4(1629 1630 1591 1590)
4(1630 1631 1592 1591)
4(1631 1632 1593 1592)
4(1632 1633 1594 1593)
4(1633 1634 1595 1594)
4(1634 1635 1596 1595)
4(1635 1636 1597 1596)
4(1636 1637 1598 1597)
4(1637 1638 1599 1598)
4(1638 1639 1600 1599)
4(1639 1640 1601 1600)
4(1640 1641 1602 1601)
4(1641 1642 1603 1602)
4(1642 1643 1604 1603)
4(1643 1644 1605 1604)
4(1644 1645 1606 1605)
4(1645 1646 1607 1606)
4(1646 1647 1608 1607)
4(1647 1648 1609 1608)
4(1648 1649 1610 1609)
4(1649 1650 1611 1610)
4(1650 1651 1612 1611)
4(1651 1652 1613 1612)
4(1652 1653 1614 1613)
4(1653 1654 1615 1614)
4(1654 1655 1616 1615)
4(1655 1656 1617 1616)
4(1656 1657 1618 1617)
4(1657 1658 1619 1618)
4(1658 1659 1620 1619)
4(1659 1660 1621 1620)
4(1660 1661 1622 1621)
4(1661 343 342 1622)
4(114 1662 1623 115)
4(1662 1663 1624 1623)
4(1663 1664 1625 1624)
4(1664 1665 1626 1625)
4(1665 1666 1627 1626)
4(1666 1667 1628 1627)
4(1667 1668 1629 1628)
4(1668 1669 1630 1629)
4(1669 1670 1631 1630)
4(1670 1671 1632 1631)
4(1671 1672 1633 1632)
4(1672 1673 1634 1633)
4(1673 1674 1635 1634)
4(1674 1675 1636 1635)
4(1675 1676 1637 1636)
4(1676 1677 1638 1637)
4(1677 1678 1639 1638)
4(1678 1679 1640 1639)
4(1679 1680 1641 1640)
4(1680 1681 1642 1641)
4(1681 1682 1643 1642)
4(1682 1683 1644 1643)
4(1683 1684 1645 1644)
4(1684 1685 1646 1645)
4(1685 1686 1647 1646)
4(1686 1687 1648 1647)
4(1687 1688 1649 1648)
4(1688 1689 1650 1649)
4(1689 1690 1651 1650)
4(1690 1691 1652 1651)
4(1691 1692 1653 1652)
4(1692 1693 1654 1653)
4(1693 1694 1655 1654)
4(1694 1695 1656 1655)
4(1695 1696 1657 1656)
4(1696 1697 1658 1657)
4(1697 1698 1659 1658)
4(1698 1699 1660 1659)
4(1699 1700 1661 1660)
4(1700 344 343 1661)
4(113 1701 1662 114)
4(1701 1702 1663 1662)
4(1702 1703 1664 1663)
4(1703 1704 1665 1664)
4(1704 1705 1666 1665)
4(1705 1706 1667 1666)
4(1706 1707 1668 1667)
4(1707 1708 1669 1668)
4(1708 1709 1670 1669)
4(1709 1710 1671 1670)
4(1710 1711 1672 1671)
4(1711 1712 1673 1672)
4(1712 1713 1674 1673)
4(1713 1714 1675 1674)
4(1714 1715 1676 1675)
4(1715 1716 1677 1676)
4(1716 1717 1678 1677)
4(1717 1718 1679 1678)
4(1718 1719 1680 1679)
4(1719 1720 1681 1680)
4(1720 1721 1682 1681)
4(1721 1722 1683 1682)
4(1722 1723 1684 1683)
4(1723 1724 1685 1684)
4(1724 1725 1686 1685)
4(1725 1726 1687 1686)
4(1726 1727 1688 1687)
4(1727 1728 1689 1688)
4(1728 1729 1690 1689)
4(1729 1730 1691 1690)
4(1730 1731 1692 1691)
4(1731 1732 1693 1692)
4(1732 1733 1694 1693)
4(1733 1734 1695 1694)
4(1734 1735 1696 1695)
4(1735 1736 1697 1696)
4(1736 1737 1698 1697)
4(1737 1738 1699 1698)
4(1738 1739 1700 1699)
4(1739 345 344 1700)
4(112 1740 1701 113)
4(1740 1741 1702 1701)
4(1741 1742 1703 1702)
4(1742 1743 1704 1703)
4(1743 1744 1705 1704)
4(1744 1745 1706 1705)
4(1745 1746 1707 1706)
4(1746 1747 1708 1707)
4(1747 1748 1709 1708)
4(1748 1749 1710 1709)
4(1749 1750 1711 1710)
4(1750 1751 1712 1711)
4(1751 1752 1713 1712)
4(1752 1753 1714 1713)
4(1753 1754 1715 1714)
4(1754 1755 1716 1715)
4(1755 1756 1717 1716)
4(1756 1757 1718 1717)
4(1757 1758 1719 1718)
4(1758 1759 1720 1719)
4(1759 1760 1721 1720)
4(1760 1761 1722 1721)
4(1761 1762 1723 1722)
4(1762 1763 1724 1723)
4(1763 1764 1725 1724)
4(1764 1765 1726 1725)
4(1765 1766 1727 1726)
4(1766 1767 1728 1727)
4(1767 1768 1729 1728)
4(1768 1769 1730 1729)
4(1769 1770 1731 1730)
4(1770 1771 1732 1731)
4(1771 1772 1733 1732)
4(1772 1773 1734 1733)
4(1773 1774 1735 1734)
4(1774 1775 1736 1735)
4(1775 1776 1737 1736)
4(1776 1777 1738 1737)
4(1777 1778 1739 1738)
4(1778 346 345 1739)
4(111 1779 1740 112)
4(1779 1780 1741 1740)
4(1780 1781 1742 1741)
4(1781 1782 1743 1742)
4(1782 1783 1744 1743)
4(1783 1784 1745 1744)
4(1784 1785 1746 1745)
4(1785 1786 1747 1746)
4(1786 1787 1748 1747)
4(1787 1788 1749 1748)
4(1788 1789 1750 1749)
4(1789 1790 1751 1750)
4(1790 1791 1752 1751)
4(1791 1792 1753 1752)
4(1792 1793 1754 1753)
4(1793 1794 1755 1754)
4(1794 1795 1756 1755)
4(1795 1796 1757 1756)
4(1796 1797 1758 1757)
4(1797 1798 1759 1758)
4(1798 1799 1760 1759)
4(1799 1800 1761 1760)
4(1800 1801 1762 1761)
4(1801 1802 1763 1762)
4(1802 1803 1764 1763)
4(1803 1804 1765 1764)
4(1804 1805 1766 1765)
4(1805 1806 1767 1766)
4(1806 1807 1768 1767)
4(1807 1808 1769 1768)
4(1808 1809 1770 1769)
4(1809 1810 1771 1770)
4(1810 1811 1772 1771)
4(1811 1812 1773 1772)
4(1812 1813 1774 1773)
4(1813 1814 1775 1774)
4(1814 1815 1776 1775)
4(1815 1816 1777 1776)
4(1816 1817 1778 1777)
4(1817 347 346 1778)
4(110 1818 1779 111)
4(1818 1819 1780 1779)
4(1819 1820 1781 1780)
4(1820 1821 1782 1781)
4(1821 1822 1783 1782)
4(1822 1823 1784 1783)
4(1823 1824 1785 1784)
4(1824 1825 1786 1785)
4(1825 1826 1787 1786)
4(1826 1827 1788 1787)
4(1827 1828 1789 1788)
4(1828 1829 1790 1789)
4(1829 1830 1791 1790)
4(1830 1831 1792 1791)
4(1831 1832 1793 1792)
4(1832 1833 1794 1793)
4(1833 1834 1795 1794)
4(1834 1835 1796 1795)
4(1835 1836 1797 1796)
4(1836 1837 1798 1797)
4(1837 1838 1799 1798)
4(1838 1839 1800 1799)
4(1839 1840 1801 1800)
4(1840 1841 1802 1801)
4(1841 1842 1803 1802)
4(1842 1843 1804 1803)
4(1843 1844 1805 1804)
4(1844 1845 1806 1805)
4(1845 1846 1807 1806)
4(1846 1847 1808 1807)
4(1847 1848 1809 1808)
4(1848 1849 1810 1809)
4(1849 1850 1811 1810)
4(1850 1851 1812 1811)
4(1851 1852 1813 1812)
4(1852 1853 1814 1813)
4(1853 1854 1815 1814)
4(1854 1855 1816 1815)
4(1855 1856 1817 1816)
4(1856 348 347 1817)
4(109 1857 1818 110)
4(1857 1858 1819 1818)
4(1858 1859 1820 1819)
4(1859 1860 1821 1820)
4(1860 1861 1822 1821)
4(1861 1862 1823 1822)
4(1862 1863 1824 1823)
4(1863 1864 1825 1824)
4(1864 1865 1826 1825)
4(1865 1866 1827 1826)
4(1866 1867 1828 1827)
4(1867 1868 1829 1828)
4(1868 1869 1830 1829)
4(1869 1870 1831 1830)
4(1870 1871 1832 1831)
4(1871 1872 1833 1832)
4(1872 1873 1834 1833)
4(1873 1874 1835 1834)
4(1874 1875 1836 1835)
4(1875 1876 1837 1836)
4(1876 1877 1838 1837)
4(1877 1878 1839 1838)
4(1878 1879 1840 1839)
4(1879 1880 1841 1840)
4(1880 1881 1842 1841)
4(1881 1882 1843 1842)
4(1882 1883 1844 1843)
4(1883 1884 1845 1844)
4(1884 1885 1846 1845)
4(1885 1886 1847 1846)
4(1886 1887 1848 1847)
4(1887 1888 1849 1848)
4(1888 1889 1850 1849)
4(1889 1890 1851 1850)
4(1890 1891 1852 1851)
4(1891 1892 1853 1852)
4(1892 1893 1854 1853)
4(1893 1894 1855 1854)
4(1894 1895 1856 1855)
4(1895 349 348 1856)
4(108 1896 1857 109)
4(1896 1897 1858 1857)
4(1897 1898 1859 1858)
4(1898 1899 1860 1859)
4(1899 1900 1861 1860)
4(1900 1901 1862 1861)
4(1901 1902 1863 1862)
4(1902 1903 1864 1863)
4(1903 1904 1865 1864)
4(1904 1905 1866 1865)
4(1905 1906 1867 1866)
4(1906 1907 1868 1867)
4(1907 1908 1869 1868)
4(1908 1909 1870 1869)
4(1909 1910 1871 1870)
4(1910 1911 1872 1871)
4(1911 1912 1873 1872)
4(1912 1913 1874 1873)
4(1913 1914 1875 1874)
4(1914 1915 1876 1875)
4(1915 1916 1877 1876)
4(1916 1917 1878 1877)
4(1917 1918 1879 1878)
4(1918 1919 1880 1879)
4(1919 1920 1881 1880)
4(1920 1921 1882 1881)
4(1921 1922 1883 1882)
4(1922 1923 1884 1883)
4(1923 1924 1885 1884)
4(1924 1925 1886 1885)
4(1925 1926 1887 1886)
4(1926 1927 1888 1887)
4(1927 1928 1889 1888)
4(1928 1929 1890 1889)
4(1929 1930 1891 1890)
4(1930 1931 1892 1891)
4(1931 1932 1893 1892)
4(1932 1933 1894 1893)
4(1933 1934 1895 1894)
4(1934 350 349 1895)
4(107 1935 1896 108)
4(1935 1936 1897 1896)
4(1936 1937 1898 1897)
4(1937 1938 1899 1898)
4(1938 1939 1900 1899)
4(1939 1940 1901 1900)
4(1940 1941 1902 1901)
4(1941 1942 1903 1902)
4(1942 1943 1904 1903)
4(1943 1944 1905 1904)
4(1944 1945 1906 1905)
4(1945 1946 1907 1906)
4(1946 1947 1908 1907)
4(1947 1948 1909 1908)
4(1948 1949 1910 1909)
4(1949 1950 1911 1910)
4(1950 1951 1912 1911)
4(1951 1952 1913 1912)
4(1952 1953 1914 1913)
4(1953 1954 1915 1914)
4(1954 1955 1916 1915)
4(1955 1956 1917 1916)
4(1956 1957 1918 1917)
4(1957 1958 1919 1918)
4(1958 1959 1920 1919)
4(1959 1960 1921 1920)
4(1960 1961 1922 1921)
4(1961 1962 1923 1922)
4(1962 1963 1924 1923)
4(1963 1964 1925 1924)
4(1964 1965 1926 1925)
4(1965 1966 1927 1926)
4(1966 1967 1928 1927)
4(1967 1968 1929 1928)
4(1968 1969 1930 1929)
4(1969 1970 1931 1930)
4(1970 1971 1932 1931)
4(1971 1972 1933 1932)
4(1972 1973 1934 1933)
4(1973 351 350 1934)
4(106 1974 1935 107)
4(1974 1975 1936 1935)
4(1975 1976 1937 1936)
4(1976 1977 1938 1937)
4(1977 1978 1939 1938)
4(1978 1979 1940 1939)
4(1979 1980 1941 1940)
4(1980 1981 1942 1941)
4(1981 1982 1943 1942)
4(1982 1983 1944 1943)
4(1983 1984 1945 1944)
4(1984 1985 1946 1945)
4(1985 1986 1947 1946)
4(1986 1987 1948 1947)
4(1987 1988 1949 1948)
4(1988 1989 1950 1949)
4(1989 1990 1951 1950)
4(1990 1991 1952 1951)
4(1991 1992 1953 1952)
4(1992 1993 1954 1953)
4(1993 1994 1955 1954)
4(1994 1995 1956 1955)
4(1995 1996 1957 1956)
4(1996 1997 1958 1957)
4(1997 1998 1959 1958)
4(1998 1999 1960 1959)
4(1999 2000 1961 1960)
4(2000 2001 1962 1961)
4(2001 2002 1963 1962)
4(2002 2003 1964 1963)
4(2003 2004 1965 1964)
4(2004 2005 1966 1965)
4(2005 2006 1967 1966)
4(2006 2007 1968 1967)
4(2007 2008 1969 1968)
4(2008 2009 1970 1969)
4(2009 2010 1971 1970)
4(2010 2011 1972 1971)
4(2011 2012 1973 1972)
4(2012 352 351 1973)
4(105 2013 1974 106)
4(2013 2014 1975 1974)
4(2014 2015 1976 1975)
4(2015 2016 1977 1976)
4(2016 2017 1978 1977)
4(2017 2018 1979 1978)
4(2018 2019 1980 1979)
4(2019 2020 1981 1980)
4(2020 2021 1982 1981)
4(2021 2022 1983 1982)
4(2022 2023 1984 1983)
4(2023 2024 1985 1984)
4(2024 2025 1986 1985)
4(2025 2026 1987 1986)
4(2026 2027 1988 1987)
4(2027 2028 1989 1988)
4(2028 2029 1990 1989)
4(2029 2030 1991 1990)
4(2030 2031 1992 1991)
4(2031 2032 1993 1992)
4(2032 2033 1994 1993)
4(2033 2034 1995 1994)
4(2034 2035 1996 1995)
4(2035 2036 1997 1996)
4(2036 2037 1998 1997)
4(2037 2038 1999 1998)
4(2038 2039 2000 1999)
4(2039 2040 2001 2000)
4(2040 2041 2002 2001)
4(2041 2042 2003 2002)
4(2042 2043 2004 2003)
4(2043 2044 2005 2004)
4(2044 2045 2006 2005)
4(2045 2046 2007 2006)
4(2046 2047 2008 2007)
4(2047 2048 2009 2008)
4(2048 2049 2010 2009)
4(2049 2050 2011 2010)
4(2050 2051 2012 2011)
4(2051 353 352 2012)
4(104 2052 2013 105)
4(2052 2053 2014 2013)
4(2053 2054 2015 2014)
4(2054 2055 2016 2015)
4(2055 2056 2017 2016)
4(2056 2057 2018 2017)
4(2057 2058 2019 2018)
4(2058 2059 2020 2019)
4(2059 2060 2021 2020)
4(2060 2061 2022 2021)
4(2061 2062 2023 2022)
4(2062 2063 2024 2023)
4(2063 2064 2025 2024)
4(2064 2065 2026 2025)
4(2065 2066 2027 2026)
4(2066 2067 2028 2027)
4(2067 2068 2029 2028)
4(2068 2069 2030 2029)
4(2069 2070 2031 2030)
4(2070 2071 2032 2031)
4(2071 2072 2033 2032)
4(2072 2073 2034 2033)
4(2073 2074 2035 2034)
4(2074 2075 2036 2035)
4(2075 2076 2037 2036)
4(2076 2077 2038 2037)
4(2077 2078 2039 2038)
4(2078 2079 2040 2039)
4(2079 2080 2041 2040)
4(2080 2081 2042 2041)
4(2081 2082 2043 2042)
4(2082 2083 2044 2043)
4(2083 2084 2045 2044)
4(2084 2085 2046 2045)
4(2085 2086 2047 2046)
4(2086 2087 2048 2047)
4(2087 2088 2049 2048)
4(2088 2089 2050 2049)
4(2089 2090 2051 2050)
4(2090 354 353 2051)
4(103 2091 2052 104)
4(2091 2092 2053 2052)
4(2092 2093 2054 2053)
4(2093 2094 2055 2054)
4(2094 2095 2056 2055)
4(2095 2096 2057 2056)
4(2096 2097 2058 2057)
4(2097 2098 2059 2058)
4(2098 2099 2060 2059)
4(2099 2100 2061 2060)
4(2100 2101 2062 2061)
4(2101 2102 2063 2062)
4(2102 2103 2064 2063)
4(2103 2104 2065 2064)
4(2104 2105 2066 2065)
4(2105 2106 2067 2066)
4(2106 2107 2068 2067)
4(2107 2108 2069 2068)
4(2108 2109 2070 2069)
4(2109 2110 2071 2070)
4(2110 2111 2072 2071)
4(2111 2112 2073 2072)
4(2112 2113 2074 2073)
4(2113 2114 2075 2074)
4(2114 2115 2076 2075)
4(2115 2116 2077 2076)
4(2116 2117 2078 2077)
4(2117 2118 2079 2078)
4(2118 2119 2080 2079)
4(2119 2120 2081 2080)
4(2120 2121 2082 2081)
4(2121 2122 2083 2082)
4(2122 2123 2084 2083)
4(2123 2124 2085 2084)
4(2124 2125 2086 2085)
4(2125 2126 2087 2086)
4(2126 2127 2088 2087)
4(2127 2128 2089 2088)
4(2128 2129 2090 2089)
4(2129 355 354 2090)
4(102 2130 2091 103)
4(2130 2131 2092 2091)
4(2131 2132 2093 2092)
4(2132 2133 2094 2093)
4(2133 2134 2095 2094)
4(2134 2135 2096 2095)
4(2135 2136 2097 2096)
4(2136 2137 2098 2097)
4(2137 2138 2099 2098)
4(2138 2139 2100 2099)
4(2139 2140 2101 2100)
4(2140 2141 2102 2101)
4(2141 2142 2103 2102)
4(2142 2143 2104 2103)
4(2143 2144 2105 2104)
4(2144 2145 2106 2105)
4(2145 2146 2107 2106)
4(2146 2147 2108 2107)
4(2147 2148 2109 2108)
4(2148 2149 2110 2109)
4(2149 2150 2111 2110)
4(2150 2151 2112 2111)
4(2151 2152 2113 2112)
4(2152 2153 2114 2113)
4(2153 2154 2115 2114)
4(2154 2155 2116 2115)
4(2155 2156 2117 2116)
4(2156 2157 2118 2117)
4(2157 2158 2119 2118)
4(2158 2159 2120 2119)
4(2159 2160 2121 2120)
4(2160 2161 2122 2121)
4(2161 2162 2123 2122)
4(2162 2163 2124 2123)
4(2163 2164 2125 2124)
4(2164 2165 2126 2125)
4(2165 2166 2127 2126)
4(2166 2167 2128 2127)
4(2167 2168 2129 2128)
4(2168 356 355 2129)
4(101 2169 2130 102)
4(2169 2170 2131 2130)
4(2170 2171 2132 2131)
4(2171 2172 2133 2132)
4(2172 2173 2134 2133)
4(2173 2174 2135 2134)
4(2174 2175 2136 2135)
4(2175 2176 2137 2136)
4(2176 2177 2138 2137)
4(2177 2178 2139 2138)
4(2178 2179 2140 2139)
4(2179 2180 2141 2140)
4(2180 2181 2142 2141)
4(2181 2182 2143 2142)
4(2182 2183 2144 2143)
4(2183 2184 2145 2144)
4(2184 2185 2146 2145)
4(2185 2186 2147 2146)
4(2186 2187 2148 2147)
4(2187 2188 2149 2148)
4(2188 2189 2150 2149)
4(2189 2190 2151 2150)
4(2190 2191 2152 2151)
4(2191 2192 2153 2152)
4(2192 2193 2154 2153)
4(2193 2194 2155 2154)
4(2194 2195 2156 2155)
4(2195 2196 2157 2156)
4(2196 2197 2158 2157)
4(2197 2198 2159 2158)
4(2198 2199 2160 2159)
4(2199 2200 2161 2160)
4(2200 2201 2162 2161)
4(2201 2202 2163 2162)
4(2202 2203 2164 2163)
4(2203 2204 2165 2164)
4(2204 2205 2166 2165)
4(2205 2206 2167 2166)
4(2206 2207 2168 2167)
4(2207 357 356 2168)
4(100 2208 2169 101)
4(2208 2209 2170 2169)
4(2209 2210 2171 2170)
4(2210 2211 2172 2171)
4(2211 2212 2173 2172)
4(2212 2213 2174 2173)
4(2213 2214 2175 2174)
4(2214 2215 2176 2175)
4(2215 2216 2177 2176)
4(2216 2217 2178 2177)
4(2217 2218 2179 2178)
4(2218 2219 2180 2179)
4(2219 2220 2181 2180)
4(2220 2221 2182 2181)
4(2221 2222 2183 2182)
4(2222 2223 2184 2183)
4(2223 2224 2185 2184)
4(2224 2225 2186 2185)
4(2225 2226 2187 2186)
4(2226 2227 2188 2187)
4(2227 2228 2189 2188)
4(2228 2229 2190 2189)
4(2229 2230 2191 2190)
4(2230 2231 2192 2191)
4(2231 2232 2193 2192)
4(2232 2233 2194 2193)
4(2233 2234 2195 2194)
4(2234 2235 2196 2195)
4(2235 2236 2197 2196)
4(2236 2237 2198 2197)
4(2237 2238 2199 2198)
4(2238 2239 2200 2199)
4(2239 2240 2201 2200)
4(2240 2241 2202 2201)
4(2241 2242 2203 2202)
4(2242 2243 2204 2203)
4(2243 2244 2205 2204)
4(2244 2245 2206 2205)
4(2245 2246 2207 2206)
4(2246 358 357 2207)
4(99 2247 2208 100)
4(2247 2248 2209 2208)
4(2248 2249 2210 2209)
4(2249 2250 2211 2210)
4(2250 2251 2212 2211)
4(2251 2252 2213 2212)
4(2252 2253 2214 2213)
4(2253 2254 2215 2214)
4(2254 2255 2216 2215)
4(2255 2256 2217 2216)
4(2256 2257 2218 2217)
4(2257 2258 2219 2218)
4(2258 2259 2220 2219)
4(2259 2260 2221 2220)
4(2260 2261 2222 2221)
4(2261 2262 2223 2222)
4(2262 2263 2224 2223)
4(2263 2264 2225 2224)
4(2264 2265 2226 2225)
4(2265 2266 2227 2226)
4(2266 2267 2228 2227)
4(2267 2268 2229 2228)
4(2268 2269 2230 2229)
4(2269 2270 2231 2230)
4(2270 2271 2232 2231)
4(2271 2272 2233 2232)
4(2272 2273 2234 2233)
4(2273 2274 2235 2234)
4(2274 2275 2236 2235)
4(2275 2276 2237 2236)
4(2276 2277 2238 2237)
4(2277 2278 2239 2238)
4(2278 2279 2240 2239)
4(2279 2280 2241 2240)
4(2280 2281 2242 2241)
4(2281 2282 2243 2242)
4(2282 2283 2244 2243)
4(2283 2284 2245 2244)
4(2284 2285 2246 2245)
4(2285 359 358 2246)
4(98 2286 2247 99)
4(2286 2287 2248 2247)
4(2287 2288 2249 2248)
4(2288 2289 2250 2249)
4(2289 2290 2251 2250)
4(2290 2291 2252 2251)
4(2291 2292 2253 2252)
4(2292 2293 2254 2253)
4(2293 2294 2255 2254)
4(2294 2295 2256 2255)
4(2295 2296 2257 2256)
4(2296 2297 2258 2257)
4(2297 2298 2259 2258)
4(2298 2299 2260 2259)
4(2299 2300 2261 2260)
4(2300 2301 2262 2261)
4(2301 2302 2263 2262)
4(2302 2303 2264 2263)
4(2303 2304 2265 2264)
4(2304 2305 2266 2265)
4(2305 2306 2267 2266)
4(2306 2307 2268 2267)
4(2307 2308 2269 2268)
4(2308 2309 2270 2269)
4(2309 2310 2271 2270)
4(2310 2311 2272 2271)
4(2311 2312 2273 2272)
4(2312 2313 2274 2273)
4(2313 2314 2275 2274)
4(2314 2315 2276 2275)
4(2315 2316 2277 2276)
4(2316 2317 2278 2277)
4(2317 2318 2279 2278)
4(2318 2319 2280 2279)
4(2319 2320 2281 2280)
4(2320 2321 2282 2281)
4(2321 2322 2283 2282)
4(2322 2323 2284 2283)
4(2323 2324 2285 2284)
4(2324 360 359 2285)
4(97 2325 2286 98)
4(2325 2326 2287 2286)
4(2326 2327 2288 2287)
4(2327 2328 2289 2288)
4(2328 2329 2290 2289)
4(2329 2330 2291 2290)
4(2330 2331 2292 2291)
4(2331 2332 2293 2292)
4(2332 2333 2294 2293)
4(2333 2334 2295 2294)
4(2334 2335 2296 2295)
4(2335 2336 2297 2296)
4(2336 2337 2298 2297)
4(2337 2338 2299 2298)
4(2338 2339 2300 2299)
4(2339 2340 2301 2300)
4(2340 2341 2302 2301)
4(2341 2342 2303 2302)
4(2342 2343 2304 2303)
4(2343 2344 2305 2304)
4(2344 2345 2306 2305)
4(2345 2346 2307 2306)
4(2346 2347 2308 2307)
4(2347 2348 2309 2308)
4(2348 2349 2310 2309)
4(2349 2350 2311 2310)
4(2350 2351 2312 2311)
4(2351 2352 2313 2312)
4(2352 2353 2314 2313)
4(2353 2354 2315 2314)
4(2354 2355 2316 2315)
4(2355 2356 2317 2316)
4(2356 2357 2318 2317)
4(2357 2358 2319 2318)
4(2358 2359 2320 2319)
4(2359 2360 2321 2320)
4(2360 2361 2322 2321)
4(2361 2362 2323 2322)
4(2362 2363 2324 2323)
4(2363 361 360 2324)
4(96 2364 2325 97)
4(2364 2365 2326 2325)
4(2365 2366 2327 2326)
4(2366 2367 2328 2327)
4(2367 2368 2329 2328)
4(2368 2369 2330 2329)
4(2369 2370 2331 2330)
4(2370 2371 2332 2331)
4(2371 2372 2333 2332)
4(2372 2373 2334 2333)
4(2373 2374 2335 2334)
4(2374 2375 2336 2335)
4(2375 2376 2337 2336)
4(2376 2377 2338 2337)
4(2377 2378 2339 2338)
4(2378 2379 2340 2339)
4(2379 2380 2341 2340)
4(2380 2381 2342 2341)
4(2381 2382 2343 2342)
4(2382 2383 2344 2343)
4(2383 2384 2345 2344)
4(2384 2385 2346 2345)
4(2385 2386 2347 2346)
4(2386 2387 2348 2347)
4(2387 2388 2349 2348)
4(2388 2389 2350 2349)
4(2389 2390 2351 2350)
4(2390 2391 2352 2351)
4(2391 2392 2353 2352)
4(2392 2393 2354 2353)
4(2393 2394 2355 2354)
4(2394 2395 2356 2355)
4(2395 2396 2357 2356)
4(2396 2397 2358 2357)
4(2397 2398 2359 2358)
4(2398 2399 2360 2359)
4(2399 2400 2361 2360)
4(2400 2401 2362 2361)
4(2401 2402 2363 2362)
4(2402 362 361 2363)
4(95 2403 2364 96)
4(2403 2404 2365 2364)
4(2404 2405 2366 2365)
4(2405 2406 2367 2366)
4(2406 2407 2368 2367)
4(2407 2408 2369 2368)
4(2408 2409 2370 2369)
4(2409 2410 2371 2370)
4(2410 2411 2372 2371)
4(2411 2412 2373 2372)
4(2412 2413 2374 2373)
4(2413 2414 2375 2374)
4(2414 2415 2376 2375)
4(2415 2416 2377 2376)
4(2416 2417 2378 2377)
4(2417 2418 2379 2378)
4(2418 2419 2380 2379)
4(2419 2420 2381 2380)
4(2420 2421 2382 2381)
4(2421 2422 2383 2382)
4(2422 2423 2384 2383)
4(2423 2424 2385 2384)
4(2424 2425 2386 2385)
4(2425 2426 2387 2386)
4(2426 2427 2388 2387)
4(2427 2428 2389 2388)
4(2428 2429 2390 2389)
4(2429 2430 2391 2390)
4(2430 2431 2392 2391)
4(2431 2432 2393 2392)
4(2432 2433 2394 2393)
4(2433 2434 2395 2394)
4(2434 2435 2396 2395)
4(2435 2436 2397 2396)
4(2436 2437 2398 2397)
4(2437 2438 2399 2398)
4(2438 2439 2400 2399)
4(2439 2440 2401 2400)
4(2440 2441 2402 2401)
4(2441 363 362 2402)
4(94 2442 2403 95)
4(2442 2443 2404 2403)
4(2443 2444 2405 2404)
4(2444 2445 2406 2405)
4(2445 2446 2407 2406)
4(2446 2447 2408 2407)
4(2447 2448 2409 2408)
4(2448 2449 2410 2409)
4(2449 2450 2411 2410)
4(2450 2451 2412 2411)
4(2451 2452 2413 2412)
4(2452 2453 2414 2413)
4(2453 2454 2415 2414)
4(2454 2455 2416 2415)
4(2455 2456 2417 2416)
4(2456 2457 2418 2417)
4(2457 2458 2419 2418)
4(2458 2459 2420 2419)
4(2459 2460 2421 2420)
4(2460 2461 2422 2421)
4(2461 2462 2423 2422)
4(2462 2463 2424 2423)
4(2463 2464 2425 2424)
4(2464 2465 2426 2425)
4(2465 2466 2427 2426)
4(2466 2467 2428 2427)
4(2467 2468 2429 2428)
4(2468 2469 2430 2429)
4(2469 2470 2431 2430)
4(2470 2471 2432 2431)
4(2471 2472 2433 2432)
4(2472 2473 2434 2433)
4(2473 2474 2435 2434)
4(2474 2475 2436 2435)
4(2475 2476 2437 2436)
4(2476 2477 2438 2437)
4(2477 2478 2439 2438)
4(2478 2479 2440 2439)
4(2479 2480 2441 2440)
4(2480 364 363 2441)
4(93 2481 2442 94)
4(2481 2482 2443 2442)
4(2482 2483 2444 2443)
4(2483 2484 2445 2444)
4(2484 2485 2446 2445)
4(2485 2486 2447 2446)
4(2486 2487 2448 2447)
4(2487 2488 2449 2448)
4(2488 2489 2450 2449)
4(2489 2490 2451 2450)
4(2490 2491 2452 2451)
4(2491 2492 2453 2452)
4(2492 2493 2454 2453)
4(2493 2494 2455 2454)
4(2494 2495 2456 2455)
4(2495 2496 2457 2456)
4(2496 2497 2458 2457)
4(2497 2498 2459 2458)
4(2498 2499 2460 2459)
4(2499 2500 2461 2460)
4(2500 2501 2462 2461)
4(2501 2502 2463 2462)
4(2502 2503 2464 2463)
4(2503 2504 2465 2464)
4(2504 2505 2466 2465)
4(2505 2506 2467 2466)
4(2506 2507 2468 2467)
4(2507 2508 2469 2468)
4(2508 2509 2470 2469)
4(2509 2510 2471 2470)
4(2510 2511 2472 2471)
4(2511 2512 2473 2472)
4(2512 2513 2474 2473)
4(2513 2514 2475 2474)
4(2514 2515 2476 2475)
4(2515 2516 2477 2476)
4(2516 2517 2478 2477)
4(2517 2518 2479 2478)
4(2518 2519 2480 2479)
4(2519 365 364 2480)
4(92 2520 2481 93)
4(2520 2521 2482 2481)
4(2521 2522 2483 2482)
4(2522 2523 2484 2483)
4(2523 2524 2485 2484)
4(2524 2525 2486 2485)
4(2525 2526 2487 2486)
4(2526 2527 2488 2487)
4(2527 2528 2489 2488)
4(2528 2529 2490 2489)
4(2529 2530 2491 2490)
4(2530 2531 2492 2491)
4(2531 2532 2493 2492)
4(2532 2533 2494 2493)
4(2533 2534 2495 2494)
4(2534 2535 2496 2495)
4(2535 2536 2497 2496)
4(2536 2537 2498 2497)
4(2537 2538 2499 2498)
4(2538 2539 2500 2499)
4(2539 2540 2501 2500)
4(2540 2541 2502 2501)
4(2541 2542 2503 2502)
4(2542 2543 2504 2503)
4(2543 2544 2505 2504)
4(2544 2545 2506 2505)
4(2545 2546 2507 2506)
4(2546 2547 2508 2507)
4(2547 2548 2509 2508)
4(2548 2549 2510 2509)
4(2549 2550 2511 2510)
4(2550 2551 2512 2511)
4(2551 2552 2513 2512)
4(2552 2553 2514 2513)
4(2553 2554 2515 2514)
4(2554 2555 2516 2515)
4(2555 2556 2517 2516)
4(2556 2557 2518 2517)
4(2557 2558 2519 2518)
4(2558 366 365 2519)
4(91 2559 2520 92)
4(2559 2560 2521 2520)
4(2560 2561 2522 2521)
4(2561 2562 2523 2522)
4(2562 2563 2524 2523)
4(2563 2564 2525 2524)
4(2564 2565 2526 2525)
4(2565 2566 2527 2526)
4(2566 2567 2528 2527)
4(2567 2568 2529 2528)
4(2568 2569 2530 2529)
4(2569 2570 2531 2530)
4(2570 2571 2532 2531)
4(2571 2572 2533 2532)
4(2572 2573 2534 2533)
4(2573 2574 2535 2534)
4(2574 2575 2536 2535)
4(2575 2576 2537 2536)
4(2576 2577 2538 2537)
4(2577 2578 2539 2538)
4(2578 2579 2540 2539)
4(2579 2580 2541 2540)
4(2580 2581 2542 2541)
4(2581 2582 2543 2542)
4(2582 2583 2544 2543)
4(2583 2584 2545 2544)
4(2584 2585 2546 2545)
4(2585 2586 2547 2546)
4(2586 2587 2548 2547)
4(2587 2588 2549 2548)
4(2588 2589 2550 2549)
4(2589 2590 2551 2550)
4(2590 2591 2552 2551)
4(2591 2592 2553 2552)
4(2592 2593 2554 2553)
4(2593 2594 2555 2554)
4(2594 2595 2556 2555)
4(2595 2596 2557 2556)
4(2596 2597 2558 2557)
4(2597 367 366 2558)
4(90 2598 2559 91)
4(2598 2599 2560 2559)
4(2599 2600 2561 2560)
4(2600 2601 2562 2561)
4(2601 2602 2563 2562)
4(2602 2603 2564 2563)
4(2603 2604 2565 2564)
4(2604 2605 2566 2565)
4(2605 2606 2567 2566)
4(2606 2607 2568 2567)
4(2607 2608 2569 2568)
4(2608 2609 2570 2569)
4(2609 2610 2571 2570)
4(2610 2611 2572 2571)
4(2611 2612 2573 2572)
4(2612 2613 2574 2573)
4(2613 2614 2575 2574)
4(2614 2615 2576 2575)
4(2615 2616 2577 2576)
4(2616 2617 2578 2577)
4(2617 2618 2579 2578)
4(2618 2619 2580 2579)
4(2619 2620 2581 2580)
4(2620 2621 2582 2581)
4(2621 2622 2583 2582)
4(2622 2623 2584 2583)
4(2623 2624 2585 2584)
4(2624 2625 2586 2585)
4(2625 2626 2587 2586)
4(2626 2627 2588 2587)
4(2627 2628 2589 2588)
4(2628 2629 2590 2589)
4(2629 2630 2591 2590)
4(2630 2631 2592 2591)
4(2631 2632 2593 2592)
4(2632 2633 2594 2593)
4(2633 2634 2595 2594)
4(2634 2635 2596 2595)
4(2635 2636 2597 2596)
4(2636 368 367 2597)
4(89 2637 2598 90)
4(2637 2638 2599 2598)
4(2638 2639 2600 2599)
4(2639 2640 2601 2600)
4(2640 2641 2602 2601)
4(2641 2642 2603 2602)
4(2642 2643 2604 2603)
4(2643 2644 2605 2604)
4(2644 2645 2606 2605)
4(2645 2646 2607 2606)
4(2646 2647 2608 2607)
4(2647 2648 2609 2608)
4(2648 2649 2610 2609)
4(2649 2650 2611 2610)
4(2650 2651 2612 2611)
4(2651 2652 2613 2612)
4(2652 2653 2614 2613)
4(2653 2654 2615 2614)
4(2654 2655 2616 2615)
4(2655 2656 2617 2616)
4(2656 2657 2618 2617)
4(2657 2658 2619 2618)
4(2658 2659 2620 2619)
4(2659 2660 2621 2620)
4(2660 2661 2622 2621)
4(2661 2662 2623 2622)
4(2662 2663 2624 2623)
4(2663 2664 2625 2624)
4(2664 2665 2626 2625)
4(2665 2666 2627 2626)
4(2666 2667 2628 2627)
4(2667 2668 2629 2628)
4(2668 2669 2630 2629)
4(2669 2670 2631 2630)
4(2670 2671 2632 2631)
4(2671 2672 2633 2632)
4(2672 2673 2634 2633)
4(2673 2674 2635 2634)
4(2674 2675 2636 2635)
4(2675 369 368 2636)
4(88 2676 2637 89)
4(2676 2677 2638 2637)
4(2677 2678 2639 2638)
4(2678 2679 2640 2639)
4(2679 2680 2641 2640)
4(2680 2681 2642 2641)
4(2681 2682 2643 2642)
4(2682 2683 2644 2643)
4(2683 2684 2645 2644)
4(2684 2685 2646 2645)
4(2685 2686 2647 2646)
4(2686 2687 2648 2647)
4(2687 2688 2649 2648)
4(2688 2689 2650 2649)
4(2689 2690 2651 2650)
4(2690 2691 2652 2651)
4(2691 2692 2653 2652)
4(2692 2693 2654 2653)
4(2693 2694 2655 2654)
4(2694 2695 2656 2655)
4(2695 2696 2657 2656)
4(2696 2697 2658 2657)
4(2697 2698 2659 2658)
4(2698 2699 2660 2659)
4(2699 2700 2661 2660)
4(2700 2701 2662 2661)
4(2701 2702 2663 2662)
4(2702 2703 2664 2663)
4(2703 2704 2665 2664)
4(2704 2705 2666 2665)
4(2705 2706 2667 2666)
4(2706 2707 2668 2667)
4(2707 2708 2669 2668)
4(2708 2709 2670 2669)
4(2709 2710 2671 2670)
4(2710 2711 2672 2671)
4(2711 2712 2673 2672)
4(2712 2713 2674 2673)
4(2713 2714 2675 2674)
4(2714 370 369 2675)
4(87 2715 2676 88)
4(2715 2716 2677 2676)
4(2716 2717 2678 2677)
4(2717 2718 2679 2678)
4(2718 2719 2680 2679)
4(2719 2720 2681 2680)
4(2720 2721 2682 2681)
4(2721 2722 2683 2682)
4(2722 2723 2684 2683)
4(2723 2724 2685 2684)
4(2724 2725 2686 2685)
4(2725 2726 2687 2686)
4(2726 2727 2688 2687)
4(2727 2728 2689 2688)
4(2728 2729 2690 2689)
4(2729 2730 2691 2690)
4(2730 2731 2692 2691)
4(2731 2732 2693 2692)
4(2732 2733 2694 2693)
4(2733 2734 2695 2694)
4(2734 2735 2696 2695)
4(2735 2736 2697 2696)
4(2736 2737 2698 2697)
4(2737 2738 2699 2698)
4(2738 2739 2700 2699)
4(2739 2740 2701 2700)
4(2740 2741 2702 2701)
4(2741 2742 2703 2702)
4(2742 2743 2704 2703)
4(2743 2744 2705 2704)
4(2744 2745 2706 2705)
4(2745 2746 2707 2706)
4(2746 2747 2708 2707)
4(2747 2748 2709 2708)
4(2748 2749 2710 2709)
4(2749 2750 2711 2710)
4(2750 2751 2712 2711)
4(2751 2752 2713 2712)
4(2752 2753 2714 2713)
4(2753 371 370 2714)
4(86 2754 2715 87)
4(2754 2755 2716 2715)
4(2755 2756 2717 2716)
4(2756 2757 2718 2717)
4(2757 2758 2719 2718)
4(2758 2759 2720 2719)
4(2759 2760 2721 2720)
4(2760 2761 2722 2721)
4(2761 2762 2723 2722)
4(2762 2763 2724 2723)
4(2763 2764 2725 2724)
4(2764 2765 2726 2725)
4(2765 2766 2727 2726)
4(2766 2767 2728 2727)
4(2767 2768 2729 2728)
4(2768 2769 2730 2729)
4(2769 2770 2731 2730)
4(2770 2771 2732 2731)
4(2771 2772 2733 2732)
4(2772 2773 2734 2733)
4(2773 2774 2735 2734)
4(2774 2775 2736 2735)
4(2775 2776 2737 2736)
4(2776 2777 2738 2737)
4(2777 2778 2739 2738)
4(2778 2779 2740 2739)
4(2779 2780 2741 2740)
4(2780 2781 2742 2741)
4(2781 2782 2743 2742)
4(2782 2783 2744 2743)
4(2783 2784 2745 2744)
4(2784 2785 2746 2745)
4(2785 2786 2747 2746)
4(2786 2787 2748 2747)
4(2787 2788 2749 2748)
4(2788 2789 2750 2749)
4(2789 2790 2751 2750)
4(2790 2791 2752 2751)
4(2791 2792 2753 2752)
4(2792 372 371 2753)
4(85 2793 2754 86)
4(2793 2794 2755 2754)
4(2794 2795 2756 2755)
4(2795 2796 2757 2756)
4(2796 2797 2758 2757)
4(2797 2798 2759 2758)
4(2798 2799 2760 2759)
4(2799 2800 2761 2760)
4(2800 2801 2762 2761)
4(2801 2802 2763 2762)
4(2802 2803 2764 2763)
4(2803 2804 2765 2764)
4(2804 2805 2766 2765)
4(2805 2806 2767 2766)
4(2806 2807 2768 2767)
4(2807 2808 2769 2768)
4(2808 2809 2770 2769)
4(2809 2810 2771 2770)
4(2810 2811 2772 2771)
4(2811 2812 2773 2772)
4(2812 2813 2774 2773)
4(2813 2814 2775 2774)
4(2814 2815 2776 2775)
4(2815 2816 2777 2776)
4(2816 2817 2778 2777)
4(2817 2818 2779 2778)
4(2818 2819 2780 2779)
4(2819 2820 2781 2780)
4(2820 2821 2782 2781)
4(2821 2822 2783 2782)
4(2822 2823 2784 2783)
4(2823 2824 2785 2784)
4(2824 2825 2786 2785)
4(2825 2826 2787 2786)
4(2826 2827 2788 2787)
4(2827 2828 2789 2788)
4(2828 2829 2790 2789)
4(2829 2830 2791 2790)
4(2830 2831 2792 2791)
4(2831 373 372 2792)
4(84 2832 2793 85)
4(2832 2833 2794 2793)
4(2833 2834 2795 2794)
4(2834 2835 2796 2795)
4(2835 2836 2797 2796)
4(2836 2837 2798 2797)
4(2837 2838 2799 2798)
4(2838 2839 2800 2799)
4(2839 2840 2801 2800)
4(2840 2841 2802 2801)
4(2841 2842 2803 2802)
4(2842 2843 2804 2803)
4(2843 2844 2805 2804)
4(2844 2845 2806 2805)
4(2845 2846 2807 2806)
4(2846 2847 2808 2807)
4(2847 2848 2809 2808)
4(2848 2849 2810 2809)
4(2849 2850 2811 2810)
4(2850 2851 2812 2811)
4(2851 2852 2813 2812)
4(2852 2853 2814 2813)
4(2853 2854 2815 2814)
4(2854 2855 2816 2815)
4(2855 2856 2817 2816)
4(2856 2857 2818 2817)
4(2857 2858 2819 2818)
4(2858 2859 2820 2819)
4(2859 2860 2821 2820)
4(2860 2861 2822 2821)
4(2861 2862 2823 2822)
4(2862 2863 2824 2823)
4(2863 2864 2825 2824)
4(2864 2865 2826 2825)
4(2865 2866 2827 2826)
4(2866 2867 2828 2827)
4(2867 2868 2829 2828)
4(2868 2869 2830 2829)
4(2869 2870 2831 2830)
4(2870 374 373 2831)
4(83 2871 2832 84)
4(2871 2872 2833 2832)
4(2872 2873 2834 2833)
4(2873 2874 2835 2834)
4(2874 2875 2836 2835)
4(2875 2876 2837 2836)
4(2876 2877 2838 2837)
4(2877 2878 2839 2838)
4(2878 2879 2840 2839)
4(2879 2880 2841 2840)
4(2880 2881 2842 2841)
4(2881 2882 2843 2842)
4(2882 2883 2844 2843)
4(2883 2884 2845 2844)
4(2884 2885 2846 2845)
4(2885 2886 2847 2846)
4(2886 2887 2848 2847)
4(2887 2888 2849 2848)
4(2888 2889 2850 2849)
4(2889 2890 2851 2850)
4(2890 2891 2852 2851)
4(2891 2892 2853 2852)
4(2892 2893 2854 2853)
4(2893 2894 2855 2854)
4(2894 2895 2856 2855)
4(2895 2896 2857 2856)
4(2896 2897 2858 2857)
4(2897 2898 2859 2858)
4(2898 2899 2860 2859)
4(2899 2900 2861 2860)
4(2900 2901 2862 2861)
4(2901 2902 2863 2862)
4(2902 2903 2864 2863)
4(2903 2904 2865 2864)
4(2904 2905 2866 2865)
4(2905 2906 2867 2866)
4(2906 2907 2868 2867)
4(2907 2908 2869 2868)
4(2908 2909 2870 2869)
4(2909 375 374 2870)
4(82 2910 2871 83)
4(2910 2911 2872 2871)
4(2911 2912 2873 2872)
4(2912 2913 2874 2873)
4(2913 2914 2875 2874)
4(2914 2915 2876 2875)
4(2915 2916 2877 2876)
4(2916 2917 2878 2877)
4(2917 2918 2879 2878)
4(2918 2919 2880 2879)
4(2919 2920 2881 2880)
4(2920 2921 2882 2881)
4(2921 2922 2883 2882)
4(2922 2923 2884 2883)
4(2923 2924 2885 2884)
4(2924 2925 2886 2885)
4(2925 2926 2887 2886)
4(2926 2927 2888 2887)
4(2927 2928 2889 2888)
4(2928 2929 2890 2889)
4(2929 2930 2891 2890)
4(2930 2931 2892 2891)
4(2931 2932 2893 2892)
4(2932 2933 2894 2893)
4(2933 2934 2895 2894)
4(2934 2935 2896 2895)
4(2935 2936 2897 2896)
4(2936 2937 2898 2897)
4(2937 2938 2899 2898)
4(2938 2939 2900 2899)
4(2939 2940 2901 2900)
4(2940 2941 2902 2901)
4(2941 2942 2903 2902)
4(2942 2943 2904 2903)
4(2943 2944 2905 2904)
4(2944 2945 2906 2905)
4(2945 2946 2907 2906)
4(2946 2947 2908 2907)
4(2947 2948 2909 2908)
4(2948 376 375 2909)
4(81 2949 2910 82)
4(2949 2950 2911 2910)
4(2950 2951 2912 2911)
4(2951 2952 2913 2912)
4(2952 2953 2914 2913)
4(2953 2954 2915 2914)
4(2954 2955 2916 2915)
4(2955 2956 2917 2916)
4(2956 2957 2918 2917)
4(2957 2958 2919 2918)
4(2958 2959 2920 2919)
4(2959 2960 2921 2920)
4(2960 2961 2922 2921)
4(2961 2962 2923 2922)
4(2962 2963 2924 2923)
4(2963 2964 2925 2924)
4(2964 2965 2926 2925)
4(2965 2966 2927 2926)
4(2966 2967 2928 2927)
4(2967 2968 2929 2928)
4(2968 2969 2930 2929)
4(2969 2970 2931 2930)
4(2970 2971 2932 2931)
4(2971 2972 2933 2932)
4(2972 2973 2934 2933)
4(2973 2974 2935 2934)
4(2974 2975 2936 2935)
4(2975 2976 2937 2936)
4(2976 2977 2938 2937)
4(2977 2978 2939 2938)
4(2978 2979 2940 2939)
4(2979 2980 2941 2940)
4(2980 2981 2942 2941)
4(2981 2982 2943 2942)
4(2982 2983 2944 2943)
4(2983 2984 2945 2944)
4(2984 2985 2946 2945)
4(2985 2986 2947 2946)
4(2986 2987 2948 2947)
4(2987 377 376 2948)
4(80 2988 2949 81)
4(2988 2989 2950 2949)
4(2989 2990 2951 2950)
4(2990 2991 2952 2951)
4(2991 2992 2953 2952)
4(2992 2993 2954 2953)
4(2993 2994 2955 2954)
4(2994 2995 2956 2955)
4(2995 2996 2957 2956)
4(2996 2997 2958 2957)
4(2997 2998 2959 2958)
4(2998 2999 2960 2959)
4(2999 3000 2961 2960)
4(3000 3001 2962 2961)
4(3001 3002 2963 2962)
4(3002 3003 2964 2963)
4(3003 3004 2965 2964)
4(3004 3005 2966 2965)
4(3005 3006 2967 2966)
4(3006 3007 2968 2967)
4(3007 3008 2969 2968)
4(3008 3009 2970 2969)
4(3009 3010 2971 2970)
4(3010 3011 2972 2971)
4(3011 3012 2973 2972)
4(3012 3013 2974 2973)
4(3013 3014 2975 2974)
4(3014 3015 2976 2975)
4(3015 3016 2977 2976)
4(3016 3017 2978 2977)
4(3017 3018 2979 2978)
4(3018 3019 2980 2979)
4(3019 3020 2981 2980)
4(3020 3021 2982 2981)
4(3021 3022 2983 2982)
4(3022 3023 2984 2983)
4(3023 3024 2985 2984)
4(3024 3025 2986 2985)
4(3025 3026 2987 2986)
4(3026 378 377 2987)
4(79 3027 2988 80)
4(3027 3028 2989 2988)
4(3028 3029 2990 2989)
4(3029 3030 2991 2990)
4(3030 3031 2992 2991)
4(3031 3032 2993 2992)
4(3032 3033 2994 2993)
4(3033 3034 2995 2994)
4(3034 3035 2996 2995)
4(3035 3036 2997 2996)
4(3036 3037 2998 2997)
4(3037 3038 2999 2998)
4(3038 3039 3000 2999)
4(3039 3040 3001 3000)
4(3040 3041 3002 3001)
4(3041 3042 3003 3002)
4(3042 3043 3004 3003)
4(3043 3044 3005 3004)
4(3044 3045 3006 3005)
4(3045 3046 3007 3006)
4(3046 3047 3008 3007)
4(3047 3048 3009 3008)
4(3048 3049 3010 3009)
4(3049 3050 3011 3010)
4(3050 3051 3012 3011)
4(3051 3052 3013 3012)
4(3052 3053 3014 3013)
4(3053 3054 3015 3014)
4(3054 3055 3016 3015)
4(3055 3056 3017 3016)
4(3056 3057 3018 3017)
4(3057 3058 3019 3018)
4(3058 3059 3020 3019)
4(3059 3060 3021 3020)
4(3060 3061 3022 3021)
4(3061 3062 3023 3022)
4(3062 3063 3024 3023)
4(3063 3064 3025 3024)
4(3064 3065 3026 3025)
4(3065 379 378 3026)
4(78 3066 3027 79)
4(3066 3067 3028 3027)
4(3067 3068 3029 3028)
4(3068 3069 3030 3029)
4(3069 3070 3031 3030)
4(3070 3071 3032 3031)
4(3071 3072 3033 3032)
4(3072 3073 3034 3033)
4(3073 3074 3035 3034)
4(3074 3075 3036 3035)
4(3075 3076 3037 3036)
4(3076 3077 3038 3037)
4(3077 3078 3039 3038)
4(3078 3079 3040 3039)
4(3079 3080 3041 3040)
4(3080 3081 3042 3041)
4(3081 3082 3043 3042)
4(3082 3083 3044 3043)
4(3083 3084 3045 3044)
4(3084 3085 3046 3045)
4(3085 3086 3047 3046)
4(3086 3087 3048 3047)
4(3087 3088 3049 3048)
4(3088 3089 3050 3049)
4(3089 3090 3051 3050)
4(3090 3091 3052 3051)
4(3091 3092 3053 3052)
4(3092 3093 3054 3053)
4(3093 3094 3055 3054)
4(3094 3095 3056 3055)
4(3095 3096 3057 3056)
4(3096 3097 3058 3057)
4(3097 3098 3059 3058)
4(3098 3099 3060 3059)
4(3099 3100 3061 3060)
4(3100 3101 3062 3061)
4(3101 3102 3063 3062)
4(3102 3103 3064 3063)
4(3103 3104 3065 3064)
4(3104 380 379 3065)
4(77 3105 3066 78)
4(3105 3106 3067 3066)
4(3106 3107 3068 3067)
4(3107 3108 3069 3068)
4(3108 3109 3070 3069)
4(3109 3110 3071 3070)
4(3110 3111 3072 3071)
4(3111 3112 3073 3072)
4(3112 3113 3074 3073)
4(3113 3114 3075 3074)
4(3114 3115 3076 3075)
4(3115 3116 3077 3076)
4(3116 3117 3078 3077)
4(3117 3118 3079 3078)
4(3118 3119 3080 3079)
4(3119 3120 3081 3080)
4(3120 3121 3082 3081)
4(3121 3122 3083 3082)
4(3122 3123 3084 3083)
4(3123 3124 3085 3084)
4(3124 3125 3086 3085)
4(3125 3126 3087 3086)
4(3126 3127 3088 3087)
4(3127 3128 3089 3088)
4(3128 3129 3090 3089)
4(3129 3130 3091 3090)
4(3130 3131 3092 3091)
4(3131 3132 3093 3092)
4(3132 3133 3094 3093)
4(3133 3134 3095 3094)
4(3134 3135 3096 3095)
4(3135 3136 3097 3096)
4(3136 3137 3098 3097)
4(3137 3138 3099 3098)
4(3138 3139 3100 3099)
4(3139 3140 3101 3100)
4(3140 3141 3102 3101)
4(3141 3142 3103 3102)
4(3142 3143 3104 3103)
4(3143 381 380 3104)
4(76 3144 3105 77)
4(3144 3145 3106 3105)
4(3145 3146 3107 3106)
4(3146 3147 3108 3107)
4(3147 3148 3109 3108)
4(3148 3149 3110 3109)
4(3149 3150 3111 3110)
4(3150 3151 3112 3111)
4(3151 3152 3113 3112)
4(3152 3153 3114 3113)
4(3153 3154 3115 3114)
4(3154 3155 3116 3115)
4(3155 3156 3117 3116)
4(3156 3157 3118 3117)
4(3157 3158 3119 3118)
4(3158 3159 3120 3119)
4(3159 3160 3121 3120)
4(3160 3161 3122 3121)
4(3161 3162 3123 3122)
4(3162 3163 3124 3123)
4(3163 3164 3125 3124)
4(3164 3165 3126 3125)
4(3165 3166 3127 3126)
4(3166 3167 3128 3127)
4(3167 3168 3129 3128)
4(3168 3169 3130 3129)
4(3169 3170 3131 3130)
4(3170 3171 3132 3131)
4(3171 3172 3133 3132)
4(3172 3173 3134 3133)
4(3173 3174 3135 3134)
4(3174 3175 3136 3135)
4(3175 3176 3137 3136)
4(3176 3177 3138 3137)
4(3177 3178 3139 3138)
4(3178 3179 3140 3139)
4(3179 3180 3141 3140)
4(3180 3181 3142 3141)
4(3181 3182 3143 3142)
4(3182 382 381 3143)
4(75 3183 3144 76)
4(3183 3184 3145 3144)
4(3184 3185 3146 3145)
4(3185 3186 3147 3146)
4(3186 3187 3148 3147)
4(3187 3188 3149 3148)
4(3188 3189 3150 3149)
4(3189 3190 3151 3150)
4(3190 3191 3152 3151)
4(3191 3192 3153 3152)
4(3192 3193 3154 3153)
4(3193 3194 3155 3154)
4(3194 3195 3156 3155)
4(3195 3196 3157 3156)
4(3196 3197 3158 3157)
4(3197 3198 3159 3158)
4(3198 3199 3160 3159)
4(3199 3200 3161 3160)
4(3200 3201 3162 3161)
4(3201 3202 3163 3162)
4(3202 3203 3164 3163)
4(3203 3204 3165 3164)
4(3204 3205 3166 3165)
4(3205 3206 3167 3166)
4(3206 3207 3168 3167)
4(3207 3208 3169 3168)
4(3208 3209 3170 3169)
4(3209 3210 3171 3170)
4(3210 3211 3172 3171)
4(3211 3212 3173 3172)
4(3212 3213 3174 3173)
4(3213 3214 3175 3174)
4(3214 3215 3176 3175)
4(3215 3216 3177 3176)
4(3216 3217 3178 3177)
4(3217 3218 3179 3178)
4(3218 3219 3180 3179)
4(3219 3220 3181 3180)
4(3220 3221 3182 3181)
4(3221 383 382 3182)
4(74 3222 3183 75)
4(3222 3223 3184 3183)
4(3223 3224 3185 3184)
4(3224 3225 3186 3185)
4(3225 3226 3187 3186)
4(3226 3227 3188 3187)
4(3227 3228 3189 3188)
4(3228 3229 3190 3189)
4(3229 3230 3191 3190)
4(3230 3231 3192 3191)
4(3231 3232 3193 3192)
4(3232 3233 3194 3193)
4(3233 3234 3195 3194)
4(3234 3235 3196 3195)
4(3235 3236 3197 3196)
4(3236 3237 3198 3197)
4(3237 3238 3199 3198)
4(3238 3239 3200 3199)
4(3239 3240 3201 3200)
4(3240 3241 3202 3201)
4(3241 3242 3203 3202)
4(3242 3243 3204 3203)
4(3243 3244 3205 3204)
4(3244 3245 3206 3205)
4(3245 3246 3207 3206)
4(3246 3247 3208 3207)
4(3247 3248 3209 3208)
4(3248 3249 3210 3209)
4(3249 3250 3211 3210)
4(3250 3251 3212 3211)
4(3251 3252 3213 3212)
4(3252 3253 3214 3213)
4(3253 3254 3215 3214)
4(3254 3255 3216 3215)
4(3255 3256 3217 3216)
4(3256 3257 3218 3217)
4(3257 3258 3219 3218)
4(3258 3259 3220 3219)
4(3259 3260 3221 3220)
4(3260 384 383 3221)
4(73 3261 3222 74)
4(3261 3262 3223 3222)
4(3262 3263 3224 3223)
4(3263 3264 3225 3224)
4(3264 3265 3226 3225)
4(3265 3266 3227 3226)
4(3266 3267 3228 3227)
4(3267 3268 3229 3228)
4(3268 3269 3230 3229)
4(3269 3270 3231 3230)
4(3270 3271 3232 3231)
4(3271 3272 3233 3232)
4(3272 3273 3234 3233)
4(3273 3274 3235 3234)
4(3274 3275 3236 3235)
4(3275 3276 3237 3236)
4(3276 3277 3238 3237)
4(3277 3278 3239 3238)
4(3278 3279 3240 3239)
4(3279 3280 3241 3240)
4(3280 3281 3242 3241)
4(3281 3282 3243 3242)
4(3282 3283 3244 3243)
4(3283 3284 3245 3244)
4(3284 3285 3246 3245)
4(3285 3286 3247 3246)
4(3286 3287 3248 3247)
4(3287 3288 3249 3248)
4(3288 3289 3250 3249)
4(3289 3290 3251 3250)
4(3290 3291 3252 3251)
4(3291 3292 3253 3252)
4(3292 3293 3254 3253)
4(3293 3294 3255 3254)
4(3294 3295 3256 3255)
4(3295 3296 3257 3256)
4(3296 3297 3258 3257)
4(3297 3298 3259 3258)
4(3298 3299 3260 3259)
4(3299 385 384 3260)
4(72 3300 3261 73)
4(3300 3301 3262 3261)
4(3301 3302 3263 3262)
4(3302 3303 3264 3263)
4(3303 3304 3265 3264)
4(3304 3305 3266 3265)
4(3305 3306 3267 3266)
4(3306 3307 3268 3267)
4(3307 3308 3269 3268)
4(3308 3309 3270 3269)
4(3309 3310 3271 3270)
4(3310 3311 3272 3271)
4(3311 3312 3273 3272)
4(3312 3313 3274 3273)
4(3313 3314 3275 3274)
4(3314 3315 3276 3275)
4(3315 3316 3277 3276)
4(3316 3317 3278 3277)
4(3317 3318 3279 3278)
4(3318 3319 3280 3279)
4(3319 3320 3281 3280)
4(3320 3321 3282 3281)
4(3321 3322 3283 3282)
4(3322 3323 3284 3283)
4(3323 3324 3285 3284)
4(3324 3325 3286 3285)
4(3325 3326 3287 3286)
4(3326 3327 3288 3287)
4(3327 3328 3289 3288)
4(3328 3329 3290 3289)
4(3329 3330 3291 3290)
4(3330 3331 3292 3291)
4(3331 3332 3293 3292)
4(3332 3333 3294 3293)
4(3333 3334 3295 3294)
4(3334 3335 3296 3295)
4(3335 3336 3297 3296)
4(3336 3337 3298 3297)
4(3337 3338 3299 3298)
4(3338 386 385 3299)
4(71 3339 3300 72)
4(3339 3340 3301 3300)
4(3340 3341 3302 3301)
4(3341 3342 3303 3302)
4(3342 3343 3304 3303)
4(3343 3344 3305 3304)
4(3344 3345 3306 3305)
4(3345 3346 3307 3306)
4(3346 3347 3308 3307)
4(3347 3348 3309 3308)
4(3348 3349 3310 3309)
4(3349 3350 3311 3310)
4(3350 3351 3312 3311)
4(3351 3352 3313 3312)
4(3352 3353 3314 3313)
4(3353 3354 3315 3314)
4(3354 3355 3316 3315)
4(3355 3356 3317 3316)
4(3356 3357 3318 3317)
4(3357 3358 3319 3318)
4(3358 3359 3320 3319)
4(3359 3360 3321 3320)
4(3360 3361 3322 3321)
4(3361 3362 3323 3322)
4(3362 3363 3324 3323)
4(3363 3364 3325 3324)
4(3364 3365 3326 3325)
4(3365 3366 3327 3326)
4(3366 3367 3328 3327)
4(3367 3368 3329 3328)
4(3368 3369 3330 3329)
4(3369 3370 3331 3330)
4(3370 3371 3332 3331)
4(3371 3372 3333 3332)
4(3372 3373 3334 3333)
4(3373 3374 3335 3334)
4(3374 3375 3336 3335)
4(3375 3376 3337 3336)
4(3376 3377 3338 3337)
4(3377 387 386 3338)
4(70 3378 3339 71)
4(3378 3379 3340 3339)
4(3379 3380 3341 3340)
4(3380 3381 3342 3341)
4(3381 3382 3343 3342)
4(3382 3383 3344 3343)
4(3383 3384 3345 3344)
4(3384 3385 3346 3345)
4(3385 3386 3347 3346)
4(3386 3387 3348 3347)
4(3387 3388 3349 3348)
4(3388 3389 3350 3349)
4(3389 3390 3351 3350)
4(3390 3391 3352 3351)
4(3391 3392 3353 3352)
4(3392 3393 3354 3353)
4(3393 3394 3355 3354)
4(3394 3395 3356 3355)
4(3395 3396 3357 3356)
4(3396 3397 3358 3357)
4(3397 3398 3359 3358)
4(3398 3399 3360 3359)
4(3399 3400 3361 3360)
4(3400 3401 3362 3361)
4(3401 3402 3363 3362)
4(3402 3403 3364 3363)
4(3403 3404 3365 3364)
4(3404 3405 3366 3365)
4(3405 3406 3367 3366)
4(3406 3407 3368 3367)
4(3407 3408 3369 3368)
4(3408 3409 3370 3369)
4(3409 3410 3371 3370)
4(3410 3411 3372 3371)
4(3411 3412 3373 3372)
4(3412 3413 3374 3373)
4(3413 3414 3375 3374)
4(3414 3415 3376 3375)
4(3415 3416 3377 3376)
4(3416 388 387 3377)
4(69 3417 3378 70)
4(3417 3418 3379 3378)
4(3418 3419 3380 3379)
4(3419 3420 3381 3380)
4(3420 3421 3382 3381)
4(3421 3422 3383 3382)
4(3422 3423 3384 3383)
4(3423 3424 3385 3384)
4(3424 3425 3386 3385)
4(3425 3426 3387 3386)
4(3426 3427 3388 3387)
4(3427 3428 3389 3388)
4(3428 3429 3390 3389)
4(3429 3430 3391 3390)
4(3430 3431 3392 3391)
4(3431 3432 3393 3392)
4(3432 3433 3394 3393)
4(3433 3434 3395 3394)
4(3434 3435 3396 3395)
4(3435 3436 3397 3396)
4(3436 3437 3398 3397)
4(3437 3438 3399 3398)
4(3438 3439 3400 3399)
4(3439 3440 3401 3400)
4(3440 3441 3402 3401)
4(3441 3442 3403 3402)
4(3442 3443 3404 3403)
4(3443 3444 3405 3404)
4(3444 3445 3406 3405)
4(3445 3446 3407 3406)
4(3446 3447 3408 3407)
4(3447 3448 3409 3408)
4(3448 3449 3410 3409)
4(3449 3450 3411 3410)
4(3450 3451 3412 3411)
4(3451 3452 3413 3412)
4(3452 3453 3414 3413)
4(3453 3454 3415 3414)
4(3454 3455 3416 3415)
4(3455 389 388 3416)
4(68 3456 3417 69)
4(3456 3457 3418 3417)
4(3457 3458 3419 3418)
4(3458 3459 3420 3419)
4(3459 3460 3421 3420)
4(3460 3461 3422 3421)
4(3461 3462 3423 3422)
4(3462 3463 3424 3423)
4(3463 3464 3425 3424)
4(3464 3465 3426 3425)
4(3465 3466 3427 3426)
4(3466 3467 3428 3427)
4(3467 3468 3429 3428)
4(3468 3469 3430 3429)
4(3469 3470 3431 3430)
4(3470 3471 3432 3431)
4(3471 3472 3433 3432)
4(3472 3473 3434 3433)
4(3473 3474 3435 3434)
4(3474 3475 3436 3435)
4(3475 3476 3437 3436)
4(3476 3477 3438 3437)
4(3477 3478 3439 3438)
4(3478 3479 3440 3439)
4(3479 3480 3441 3440)
4(3480 3481 3442 3441)
4(3481 3482 3443 3442)
4(3482 3483 3444 3443)
4(3483 3484 3445 3444)
4(3484 3485 3446 3445)
4(3485 3486 3447 3446)
4(3486 3487 3448 3447)
4(3487 3488 3449 3448)
4(3488 3489 3450 3449)
4(3489 3490 3451 3450)
4(3490 3491 3452 3451)
4(3491 3492 3453 3452)
4(3492 3493 3454 3453)
4(3493 3494 3455 3454)
4(3494 390 389 3455)
4(67 3495 3456 68)
4(3495 3496 3457 3456)
4(3496 3497 3458 3457)
4(3497 3498 3459 3458)
4(3498 3499 3460 3459)
4(3499 3500 3461 3460)
4(3500 3501 3462 3461)
4(3501 3502 3463 3462)
4(3502 3503 3464 3463)
4(3503 3504 3465 3464)
4(3504 3505 3466 3465)
4(3505 3506 3467 3466)
4(3506 3507 3468 3467)
4(3507 3508 3469 3468)
4(3508 3509 3470 3469)
4(3509 3510 3471 3470)
4(3510 3511 3472 3471)
4(3511 3512 3473 3472)
4(3512 3513 3474 3473)
4(3513 3514 3475 3474)
4(3514 3515 3476 3475)
4(3515 3516 3477 3476)
4(3516 3517 3478 3477)
4(3517 3518 3479 3478)
4(3518 3519 3480 3479)
4(3519 3520 3481 3480)
4(3520 3521 3482 3481)
4(3521 3522 3483 3482)
4(3522 3523 3484 3483)
4(3523 3524 3485 3484)
4(3524 3525 3486 3485)
4(3525 3526 3487 3486)
4(3526 3527 3488 3487)
4(3527 3528 3489 3488)
4(3528 3529 3490 3489)
4(3529 3530 3491 3490)
4(3530 3531 3492 3491)
4(3531 3532 3493 3492)
4(3532 3533 3494 3493)
4(3533 391 390 3494)
4(66 3534 3495 67)
4(3534 3535 3496 3495)
4(3535 3536 3497 3496)
4(3536 3537 3498 3497)
4(3537 3538 3499 3498)
4(3538 3539 3500 3499)
4(3539 3540 3501 3500)
4(3540 3541 3502 3501)
4(3541 3542 3503 3502)
4(3542 3543 3504 3503)
4(3543 3544 3505 3504)
4(3544 3545 3506 3505)
4(3545 3546 3507 3506)
4(3546 3547 3508 3507)
4(3547 3548 3509 3508)
4(3548 3549 3510 3509)
4(3549 3550 3511 3510)
4(3550 3551 3512 3511)
4(3551 3552 3513 3512)
4(3552 3553 3514 3513)
4(3553 3554 3515 3514)
4(3554 3555 3516 3515)
4(3555 3556 3517 3516)
4(3556 3557 3518 3517)
4(3557 3558 3519 3518)
4(3558 3559 3520 3519)
4(3559 3560 3521 3520)
4(3560 3561 3522 3521)
4(3561 3562 3523 3522)
4(3562 3563 3524 3523)
4(3563 3564 3525 3524)
4(3564 3565 3526 3525)
4(3565 3566 3527 3526)
4(3566 3567 3528 3527)
4(3567 3568 3529 3528)
4(3568 3569 3530 3529)
4(3569 3570 3531 3530)
4(3570 3571 3532 3531)
4(3571 3572 3533 3532)
4(3572 392 391 3533)
4(65 3573 3534 66)
4(3573 3574 3535 3534)
4(3574 3575 3536 3535)
4(3575 3576 3537 3536)
4(3576 3577 3538 3537)
4(3577 3578 3539 3538)
4(3578 3579 3540 3539)
4(3579 3580 3541 3540)
4(3580 3581 3542 3541)
4(3581 3582 3543 3542)
4(3582 3583 3544 3543)
4(3583 3584 3545 3544)
4(3584 3585 3546 3545)
4(3585 3586 3547 3546)
4(3586 3587 3548 3547)
4(3587 3588 3549 3548)
4(3588 3589 3550 3549)
4(3589 3590 3551 3550)
4(3590 3591 3552 3551)
4(3591 3592 3553 3552)
4(3592 3593 3554 3553)
4(3593 3594 3555 3554)
4(3594 3595 3556 3555)
4(3595 3596 3557 3556)
4(3596 3597 3558 3557)
4(3597 3598 3559 3558)
4(3598 3599 3560 3559)
4(3599 3600 3561 3560)
4(3600 3601 3562 3561)
4(3601 3602 3563 3562)
4(3602 3603 3564 3563)
4(3603 3604 3565 3564)
4(3604 3605 3566 3565)
4(3605 3606 3567 3566)
4(3606 3607 3568 3567)
4(3607 3608 3569 3568)
4(3608 3609 3570 3569)
4(3609 3610 3571 3570)
4(3610 3611 3572 3571)
4(3611 393 392 3572)
4(64 3612 3573 65)
4(3612 3613 3574 3573)
4(3613 3614 3575 3574)
4(3614 3615 3576 3575)
4(3615 3616 3577 3576)
4(3616 3617 3578 3577)
4(3617 3618 3579 3578)
4(3618 3619 3580 3579)
4(3619 3620 3581 3580)
4(3620 3621 3582 3581)
4(3621 3622 3583 3582)
4(3622 3623 3584 3583)
4(3623 3624 3585 3584)
4(3624 3625 3586 3585)
4(3625 3626 3587 3586)
4(3626 3627 3588 3587)
4(3627 3628 3589 3588)
4(3628 3629 3590 3589)
4(3629 3630 3591 3590)
4(3630 3631 3592 3591)
4(3631 3632 3593 3592)
4(3632 3633 3594 3593)
4(3633 3634 3595 3594)
4(3634 3635 3596 3595)
4(3635 3636 3597 3596)
4(3636 3637 3598 3597)
4(3637 3638 3599 3598)
4(3638 3639 3600 3599)
4(3639 3640 3601 3600)
4(3640 3641 3602 3601)
4(3641 3642 3603 3602)
4(3642 3643 3604 3603)
4(3643 3644 3605 3604)
4(3644 3645 3606 3605)
4(3645 3646 3607 3606)
4(3646 3647 3608 3607)
4(3647 3648 3609 3608)
4(3648 3649 3610 3609)
4(3649 3650 3611 3610)
4(3650 394 393 3611)
4(63 3651 3612 64)
4(3651 3652 3613 3612)
4(3652 3653 3614 3613)
4(3653 3654 3615 3614)
4(3654 3655 3616 3615)
4(3655 3656 3617 3616)
4(3656 3657 3618 3617)
4(3657 3658 3619 3618)
4(3658 3659 3620 3619)
4(3659 3660 3621 3620)
4(3660 3661 3622 3621)
4(3661 3662 3623 3622)
4(3662 3663 3624 3623)
4(3663 3664 3625 3624)
4(3664 3665 3626 3625)
4(3665 3666 3627 3626)
4(3666 3667 3628 3627)
4(3667 3668 3629 3628)
4(3668 3669 3630 3629)
4(3669 3670 3631 3630)
4(3670 3671 3632 3631)
4(3671 3672 3633 3632)
4(3672 3673 3634 3633)
4(3673 3674 3635 3634)
4(3674 3675 3636 3635)
4(3675 3676 3637 3636)
4(3676 3677 3638 3637)
4(3677 3678 3639 3638)
4(3678 3679 3640 3639)
4(3679 3680 3641 3640)
4(3680 3681 3642 3641)
4(3681 3682 3643 3642)
4(3682 3683 3644 3643)
4(3683 3684 3645 3644)
4(3684 3685 3646 3645)
4(3685 3686 3647 3646)
4(3686 3687 3648 3647)
4(3687 3688 3649 3648)
4(3688 3689 3650 3649)
4(3689 395 394 3650)
4(62 3690 3651 63)
4(3690 3691 3652 3651)
4(3691 3692 3653 3652)
4(3692 3693 3654 3653)
4(3693 3694 3655 3654)
4(3694 3695 3656 3655)
4(3695 3696 3657 3656)
4(3696 3697 3658 3657)
4(3697 3698 3659 3658)
4(3698 3699 3660 3659)
4(3699 3700 3661 3660)
4(3700 3701 3662 3661)
4(3701 3702 3663 3662)
4(3702 3703 3664 3663)
4(3703 3704 3665 3664)
4(3704 3705 3666 3665)
4(3705 3706 3667 3666)
4(3706 3707 3668 3667)
4(3707 3708 3669 3668)
4(3708 3709 3670 3669)
4(3709 3710 3671 3670)
4(3710 3711 3672 3671)
4(3711 3712 3673 3672)
4(3712 3713 3674 3673)
4(3713 3714 3675 3674)
4(3714 3715 3676 3675)
4(3715 3716 3677 3676)
4(3716 3717 3678 3677)
4(3717 3718 3679 3678)
4(3718 3719 3680 3679)
4(3719 3720 3681 3680)
4(3720 3721 3682 3681)
4(3721 3722 3683 3682)
4(3722 3723 3684 3683)
4(3723 3724 3685 3684)
4(3724 3725 3686 3685)
4(3725 3726 3687 3686)
4(3726 3727 3688 3687)
4(3727 3728 3689 3688)
4(3728 396 395 3689)
4(61 3729 3690 62)
4(3729 3730 3691 3690)
4(3730 3731 3692 3691)
4(3731 3732 3693 3692)
4(3732 3733 3694 3693)
4(3733 3734 3695 3694)
4(3734 3735 3696 3695)
4(3735 3736 3697 3696)
4(3736 3737 3698 3697)
4(3737 3738 3699 3698)
4(3738 3739 3700 3699)
4(3739 3740 3701 3700)
4(3740 3741 3702 3701)
4(3741 3742 3703 3702)
4(3742 3743 3704 3703)
4(3743 3744 3705 3704)
4(3744 3745 3706 3705)
4(3745 3746 3707 3706)
4(3746 3747 3708 3707)
4(3747 3748 3709 3708)
4(3748 3749 3710 3709)
4(3749 3750 3711 3710)
4(3750 3751 3712 3711)
4(3751 3752 3713 3712)
4(3752 3753 3714 3713)
4(3753 3754 3715 3714)
4(3754 3755 3716 3715)
4(3755 3756 3717 3716)
4(3756 3757 3718 3717)
4(3757 3758 3719 3718)
4(3758 3759 3720 3719)
4(3759 3760 3721 3720)
4(3760 3761 3722 3721)
4(3761 3762 3723 3722)
4(3762 3763 3724 3723)
4(3763 3764 3725 3724)
4(3764 3765 3726 3725)
4(3765 3766 3727 3726)
4(3766 3767 3728 3727)
4(3767 397 396 3728)
4(60 3768 3729 61)
4(3768 3769 3730 3729)
4(3769 3770 3731 3730)
4(3770 3771 3732 3731)
4(3771 3772 3733 3732)
4(3772 3773 3734 3733)
4(3773 3774 3735 3734)
4(3774 3775 3736 3735)
4(3775 3776 3737 3736)
4(3776 3777 3738 3737)
4(3777 3778 3739 3738)
4(3778 3779 3740 3739)
4(3779 3780 3741 3740)
4(3780 3781 3742 3741)
4(3781 3782 3743 3742)
4(3782 3783 3744 3743)
4(3783 3784 3745 3744)
4(3784 3785 3746 3745)
4(3785 3786 3747 3746)
4(3786 3787 3748 3747)
4(3787 3788 3749 3748)
4(3788 3789 3750 3749)
4(3789 3790 3751 3750)
4(3790 3791 3752 3751)
4(3791 3792 3753 3752)
4(3792 3793 3754 3753)
4(3793 3794 3755 3754)
4(3794 3795 3756 3755)
4(3795 3796 3757 3756)
4(3796 3797 3758 3757)
4(3797 3798 3759 3758)
4(3798 3799 3760 3759)
4(3799 3800 3761 3760)
4(3800 3801 3762 3761)
4(3801 3802 3763 3762)
4(3802 3803 3764 3763)
4(3803 3804 3765 3764)
4(3804 3805 3766 3765)
4(3805 3806 3767 3766)
4(3806 398 397 3767)
4(59 3807 3768 60)
4(3807 3808 3769 3768)
4(3808 3809 3770 3769)
4(3809 3810 3771 3770)
4(3810 3811 3772 3771)
4(3811 3812 3773 3772)
4(3812 3813 3774 3773)
4(3813 3814 3775 3774)
4(3814 3815 3776 3775)
4(3815 3816 3777 3776)
4(3816 3817 3778 3777)
4(3817 3818 3779 3778)
4(3818 3819 3780 3779)
4(3819 3820 3781 3780)
4(3820 3821 3782 3781)
4(3821 3822 3783 3782)
4(3822 3823 3784 3783)
4(3823 3824 3785 3784)
4(3824 3825 3786 3785)
4(3825 3826 3787 3786)
4(3826 3827 3788 3787)
4(3827 3828 3789 3788)
4(3828 3829 3790 3789)
4(3829 3830 3791 3790)
4(3830 3831 3792 3791)
4(3831 3832 3793 3792)
4(3832 3833 3794 3793)
4(3833 3834 3795 3794)
4(3834 3835 3796 3795)
4(3835 3836 3797 3796)
4(3836 3837 3798 3797)
4(3837 3838 3799 3798)
4(3838 3839 3800 3799)
4(3839 3840 3801 3800)
4(3840 3841 3802 3801)
4(3841 3842 3803 3802)
4(3842 3843 3804 3803)
4(3843 3844 3805 3804)
4(3844 3845 3806 3805)
4(3845 399 398 3806)
4(58 3846 3807 59)
4(3846 3847 3808 3807)
4(3847 3848 3809 3808)
4(3848 3849 3810 3809)
4(3849 3850 3811 3810)
4(3850 3851 3812 3811)
4(3851 3852 3813 3812)
4(3852 3853 3814 3813)
4(3853 3854 3815 3814)
4(3854 3855 3816 3815)
4(3855 3856 3817 3816)
4(3856 3857 3818 3817)
4(3857 3858 3819 3818)
4(3858 3859 3820 3819)
4(3859 3860 3821 3820)
4(3860 3861 3822 3821)
4(3861 3862 3823 3822)
4(3862 3863 3824 3823)
4(3863 3864 3825 3824)
4(3864 3865 3826 3825)
4(3865 3866 3827 3826)
4(3866 3867 3828 3827)
4(3867 3868 3829 3828)
4(3868 3869 3830 3829)
4(3869 3870 3831 3830)
4(3870 3871 3832 3831)
4(3871 3872 3833 3832)
4(3872 3873 3834 3833)
4(3873 3874 3835 3834)
4(3874 3875 3836 3835)
4(3875 3876 3837 3836)
4(3876 3877 3838 3837)
4(3877 3878 3839 3838)
4(3878 3879 3840 3839)
4(3879 3880 3841 3840)
4(3880 3881 3842 3841)
4(3881 3882 3843 3842)
4(3882 3883 3844 3843)
4(3883 3884 3845 3844)
4(3884 400 399 3845)
4(57 3885 3846 58)
4(3885 3886 3847 3846)
4(3886 3887 3848 3847)
4(3887 3888 3849 3848)
4(3888 3889 3850 3849)
4(3889 3890 3851 3850)
4(3890 3891 3852 3851)
4(3891 3892 3853 3852)
4(3892 3893 3854 3853)
4(3893 3894 3855 3854)
4(3894 3895 3856 3855)
4(3895 3896 3857 3856)
4(3896 3897 3858 3857)
4(3897 3898 3859 3858)
4(3898 3899 3860 3859)
4(3899 3900 3861 3860)
4(3900 3901 3862 3861)
4(3901 3902 3863 3862)
4(3902 3903 3864 3863)
4(3903 3904 3865 3864)
4(3904 3905 3866 3865)
4(3905 3906 3867 3866)
4(3906 3907 3868 3867)
4(3907 3908 3869 3868)
4(3908 3909 3870 3869)
4(3909 3910 3871 3870)
4(3910 3911 3872 3871)
4(3911 3912 3873 3872)
4(3912 3913 3874 3873)
4(3913 3914 3875 3874)
4(3914 3915 3876 3875)
4(3915 3916 3877 3876)
4(3916 3917 3878 3877)
4(3917 3918 3879 3878)
4(3918 3919 3880 3879)
4(3919 3920 3881 3880)
4(3920 3921 3882 3881)
4(3921 3922 3883 3882)
4(3922 3923 3884 3883)
4(3923 401 400 3884)
4(56 3924 3885 57)
4(3924 3925 3886 3885)
4(3925 3926 3887 3886)
4(3926 3927 3888 3887)
4(3927 3928 3889 3888)
4(3928 3929 3890 3889)
4(3929 3930 3891 3890)
4(3930 3931 3892 3891)
4(3931 3932 3893 3892)
4(3932 3933 3894 3893)
4(3933 3934 3895 3894)
4(3934 3935 3896 3895)
4(3935 3936 3897 3896)
4(3936 3937 3898 3897)
4(3937 3938 3899 3898)
4(3938 3939 3900 3899)
4(3939 3940 3901 3900)
4(3940 3941 3902 3901)
4(3941 3942 3903 3902)
4(3942 3943 3904 3903)
4(3943 3944 3905 3904)
4(3944 3945 3906 3905)
4(3945 3946 3907 3906)
4(3946 3947 3908 3907)
4(3947 3948 3909 3908)
4(3948 3949 3910 3909)
4(3949 3950 3911 3910)
4(3950 3951 3912 3911)
4(3951 3952 3913 3912)
4(3952 3953 3914 3913)
4(3953 3954 3915 3914)
4(3954 3955 3916 3915)
4(3955 3956 3917 3916)
4(3956 3957 3918 3917)
4(3957 3958 3919 3918)
4(3958 3959 3920 3919)
4(3959 3960 3921 3920)
4(3960 3961 3922 3921)
4(3961 3962 3923 3922)
4(3962 402 401 3923)
4(55 3963 3924 56)
4(3963 3964 3925 3924)
4(3964 3965 3926 3925)
4(3965 3966 3927 3926)
4(3966 3967 3928 3927)
4(3967 3968 3929 3928)
4(3968 3969 3930 3929)
4(3969 3970 3931 3930)
4(3970 3971 3932 3931)
4(3971 3972 3933 3932)
4(3972 3973 3934 3933)
4(3973 3974 3935 3934)
4(3974 3975 3936 3935)
4(3975 3976 3937 3936)
4(3976 3977 3938 3937)
4(3977 3978 3939 3938)
4(3978 3979 3940 3939)
4(3979 3980 3941 3940)
4(3980 3981 3942 3941)
4(3981 3982 3943 3942)
4(3982 3983 3944 3943)
4(3983 3984 3945 3944)
4(3984 3985 3946 3945)
4(3985 3986 3947 3946)
4(3986 3987 3948 3947)
4(3987 3988 3949 3948)
4(3988 3989 3950 3949)
4(3989 3990 3951 3950)
4(3990 3991 3952 3951)
4(3991 3992 3953 3952)
4(3992 3993 3954 3953)
4(3993 3994 3955 3954)
4(3994 3995 3956 3955)
4(3995 3996 3957 3956)
4(3996 3997 3958 3957)
4(3997 3998 3959 3958)
4(3998 3999 3960 3959)
4(3999 4000 3961 3960)
4(4000 4001 3962 3961)
4(4001 403 402 3962)
4(54 4002 3963 55)
4(4002 4003 3964 3963)
4(4003 4004 3965 3964)
4(4004 4005 3966 3965)
4(4005 4006 3967 3966)
4(4006 4007 3968 3967)
4(4007 4008 3969 3968)
4(4008 4009 3970 3969)
4(4009 4010 3971 3970)
4(4010 4011 3972 3971)
4(4011 4012 3973 3972)
4(4012 4013 3974 3973)
4(4013 4014 3975 3974)
4(4014 4015 3976 3975)
4(4015 4016 3977 3976)
4(4016 4017 3978 3977)
4(4017 4018 3979 3978)
4(4018 4019 3980 3979)
4(4019 4020 3981 3980)
4(4020 4021 3982 3981)
4(4021 4022 3983 3982)
4(4022 4023 3984 3983)
4(4023 4024 3985 3984)
4(4024 4025 3986 3985)
4(4025 4026 3987 3986)
4(4026 4027 3988 3987)
4(4027 4028 3989 3988)
4(4028 4029 3990 3989)
4(4029 4030 3991 3990)
4(4030 4031 3992 3991)
4(4031 4032 3993 3992)
4(4032 4033 3994 3993)
4(4033 4034 3995 3994)
4(4034 4035 3996 3995)
4(4035 4036 3997 3996)
4(4036 4037 3998 3997)
4(4037 4038 3999 3998)
4(4038 4039 4000 3999)
4(4039 4040 4001 4000)
4(4040 404 403 4001)
4(53 4041 4002 54)
4(4041 4042 4003 4002)
4(4042 4043 4004 4003)
4(4043 4044 4005 4004)
4(4044 4045 4006 4005)
4(4045 4046 4007 4006)
4(4046 4047 4008 4007)
4(4047 4048 4009 4008)
4(4048 4049 4010 4009)
4(4049 4050 4011 4010)
4(4050 4051 4012 4011)
4(4051 4052 4013 4012)
4(4052 4053 4014 4013)
4(4053 4054 4015 4014)
4(4054 4055 4016 4015)
4(4055 4056 4017 4016)
4(4056 4057 4018 4017)
4(4057 4058 4019 4018)
4(4058 4059 4020 4019)
4(4059 4060 4021 4020)
4(4060 4061 4022 4021)
4(4061 4062 4023 4022)
4(4062 4063 4024 4023)
4(4063 4064 4025 4024)
4(4064 4065 4026 4025)
4(4065 4066 4027 4026)
4(4066 4067 4028 4027)
4(4067 4068 4029 4028)
4(4068 4069 4030 4029)
4(4069 4070 4031 4030)
4(4070 4071 4032 4031)
4(4071 4072 4033 4032)
4(4072 4073 4034 4033)
4(4073 4074 4035 4034)
4(4074 4075 4036 4035)
4(4075 4076 4037 4036)
4(4076 4077 4038 4037)
4(4077 4078 4039 4038)
4(4078 4079 4040 4039)
4(4079 405 404 4040)
4(52 4080 4041 53)
4(4080 4081 4042 4041)
4(4081 4082 4043 4042)
4(4082 4083 4044 4043)
4(4083 4084 4045 4044)
4(4084 4085 4046 4045)
4(4085 4086 4047 4046)
4(4086 4087 4048 4047)
4(4087 4088 4049 4048)
4(4088 4089 4050 4049)
4(4089 4090 4051 4050)
4(4090 4091 4052 4051)
4(4091 4092 4053 4052)
4(4092 4093 4054 4053)
4(4093 4094 4055 4054)
4(4094 4095 4056 4055)
4(4095 4096 4057 4056)
4(4096 4097 4058 4057)
4(4097 4098 4059 4058)
4(4098 4099 4060 4059)
4(4099 4100 4061 4060)
4(4100 4101 4062 4061)
4(4101 4102 4063 4062)
4(4102 4103 4064 4063)
4(4103 4104 4065 4064)
4(4104 4105 4066 4065)
4(4105 4106 4067 4066)
4(4106 4107 4068 4067)
4(4107 4108 4069 4068)
4(4108 4109 4070 4069)
4(4109 4110 4071 4070)
4(4110 4111 4072 4071)
4(4111 4112 4073 4072)
4(4112 4113 4074 4073)
4(4113 4114 4075 4074)
4(4114 4115 4076 4075)
4(4115 4116 4077 4076)
4(4116 4117 4078 4077)
4(4117 4118 4079 4078)
4(4118 406 405 4079)
4(51 4119 4080 52)
4(4119 4120 4081 4080)
4(4120 4121 4082 4081)
4(4121 4122 4083 4082)
4(4122 4123 4084 4083)
4(4123 4124 4085 4084)
4(4124 4125 4086 4085)
4(4125 4126 4087 4086)
4(4126 4127 4088 4087)
4(4127 4128 4089 4088)
4(4128 4129 4090 4089)
4(4129 4130 4091 4090)
4(4130 4131 4092 4091)
4(4131 4132 4093 4092)
4(4132 4133 4094 4093)
4(4133 4134 4095 4094)
4(4134 4135 4096 4095)
4(4135 4136 4097 4096)
4(4136 4137 4098 4097)
4(4137 4138 4099 4098)
4(4138 4139 4100 4099)
4(4139 4140 4101 4100)
4(4140 4141 4102 4101)
4(4141 4142 4103 4102)
4(4142 4143 4104 4103)
4(4143 4144 4105 4104)
4(4144 4145 4106 4105)
4(4145 4146 4107 4106)
4(4146 4147 4108 4107)
4(4147 4148 4109 4108)
4(4148 4149 4110 4109)
4(4149 4150 4111 4110)
4(4150 4151 4112 4111)
4(4151 4152 4113 4112)
4(4152 4153 4114 4113)
4(4153 4154 4115 4114)
4(4154 4155 4116 4115)
4(4155 4156 4117 4116)
4(4156 4157 4118 4117)
4(4157 407 406 4118)
4(50 4158 4119 51)
4(4158 4159 4120 4119)
4(4159 4160 4121 4120)
4(4160 4161 4122 4121)
4(4161 4162 4123 4122)
4(4162 4163 4124 4123)
4(4163 4164 4125 4124)
4(4164 4165 4126 4125)
4(4165 4166 4127 4126)
4(4166 4167 4128 4127)
4(4167 4168 4129 4128)
4(4168 4169 4130 4129)
4(4169 4170 4131 4130)
4(4170 4171 4132 4131)
4(4171 4172 4133 4132)
4(4172 4173 4134 4133)
4(4173 4174 4135 4134)
4(4174 4175 4136 4135)
4(4175 4176 4137 4136)
4(4176 4177 4138 4137)
4(4177 4178 4139 4138)
4(4178 4179 4140 4139)
4(4179 4180 4141 4140)
4(4180 4181 4142 4141)
4(4181 4182 4143 4142)
4(4182 4183 4144 4143)
4(4183 4184 4145 4144)
4(4184 4185 4146 4145)
4(4185 4186 4147 4146)
4(4186 4187 4148 4147)
4(4187 4188 4149 4148)
4(4188 4189 4150 4149)
4(4189 4190 4151 4150)
4(4190 4191 4152 4151)
4(4191 4192 4153 4152)
4(4192 4193 4154 4153)
4(4193 4194 4155 4154)
4(4194 4195 4156 4155)
4(4195 4196 4157 4156)
4(4196 408 407 4157)
4(49 4197 4158 50)
4(4197 4198 4159 4158)
4(4198 4199 4160 4159)
4(4199 4200 4161 4160)
4(4200 4201 4162 4161)
4(4201 4202 4163 4162)
4(4202 4203 4164 4163)
4(4203 4204 4165 4164)
4(4204 4205 4166 4165)
4(4205 4206 4167 4166)
4(4206 4207 4168 4167)
4(4207 4208 4169 4168)
4(4208 4209 4170 4169)
4(4209 4210 4171 4170)
4(4210 4211 4172 4171)
4(4211 4212 4173 4172)
4(4212 4213 4174 4173)
4(4213 4214 4175 4174)
4(4214 4215 4176 4175)
4(4215 4216 4177 4176)
4(4216 4217 4178 4177)
4(4217 4218 4179 4178)
4(4218 4219 4180 4179)
4(4219 4220 4181 4180)
4(4220 4221 4182 4181)
4(4221 4222 4183 4182)
4(4222 4223 4184 4183)
4(4223 4224 4185 4184)
4(4224 4225 4186 4185)
4(4225 4226 4187 4186)
4(4226 4227 4188 4187)
4(4227 4228 4189 4188)
4(4228 4229 4190 4189)
4(4229 4230 4191 4190)
4(4230 4231 4192 4191)
4(4231 4232 4193 4192)
4(4232 4233 4194 4193)
4(4233 4234 4195 4194)
4(4234 4235 4196 4195)
4(4235 409 408 4196)
4(48 4236 4197 49)
4(4236 4237 4198 4197)
4(4237 4238 4199 4198)
4(4238 4239 4200 4199)
4(4239 4240 4201 4200)
4(4240 4241 4202 4201)
4(4241 4242 4203 4202)
4(4242 4243 4204 4203)
4(4243 4244 4205 4204)
4(4244 4245 4206 4205)
4(4245 4246 4207 4206)
4(4246 4247 4208 4207)
4(4247 4248 4209 4208)
4(4248 4249 4210 4209)
4(4249 4250 4211 4210)
4(4250 4251 4212 4211)
4(4251 4252 4213 4212)
4(4252 4253 4214 4213)
4(4253 4254 4215 4214)
4(4254 4255 4216 4215)
4(4255 4256 4217 4216)
4(4256 4257 4218 4217)
4(4257 4258 4219 4218)
4(4258 4259 4220 4219)
4(4259 4260 4221 4220)
4(4260 4261 4222 4221)
4(4261 4262 4223 4222)
4(4262 4263 4224 4223)
4(4263 4264 4225 4224)
4(4264 4265 4226 4225)
4(4265 4266 4227 4226)
4(4266 4267 4228 4227)
4(4267 4268 4229 4228)
4(4268 4269 4230 4229)
4(4269 4270 4231 4230)
4(4270 4271 4232 4231)
4(4271 4272 4233 4232)
4(4272 4273 4234 4233)
4(4273 4274 4235 4234)
4(4274 410 409 4235)
4(47 4275 4236 48)
4(4275 4276 4237 4236)
4(4276 4277 4238 4237)
4(4277 4278 4239 4238)
4(4278 4279 4240 4239)
4(4279 4280 4241 4240)
4(4280 4281 4242 4241)
4(4281 4282 4243 4242)
4(4282 4283 4244 4243)
4(4283 4284 4245 4244)
4(4284 4285 4246 4245)
4(4285 4286 4247 4246)
4(4286 4287 4248 4247)
4(4287 4288 4249 4248)
4(4288 4289 4250 4249)
4(4289 4290 4251 4250)
4(4290 4291 4252 4251)
4(4291 4292 4253 4252)
4(4292 4293 4254 4253)
4(4293 4294 4255 4254)
4(4294 4295 4256 4255)
4(4295 4296 4257 4256)
4(4296 4297 4258 4257)
4(4297 4298 4259 4258)
4(4298 4299 4260 4259)
4(4299 4300 4261 4260)
4(4300 4301 4262 4261)
4(4301 4302 4263 4262)
4(4302 4303 4264 4263)
4(4303 4304 4265 4264)
4(4304 4305 4266 4265)
4(4305 4306 4267 4266)
4(4306 4307 4268 4267)
4(4307 4308 4269 4268)
4(4308 4309 4270 4269)
4(4309 4310 4271 4270)
4(4310 4311 4272 4271)
4(4311 4312 4273 4272)
4(4312 4313 4274 4273)
4(4313 411 410 4274)
4(46 4314 4275 47)
4(4314 4315 4276 4275)
4(4315 4316 4277 4276)
4(4316 4317 4278 4277)
4(4317 4318 4279 4278)
4(4318 4319 4280 4279)
4(4319 4320 4281 4280)
4(4320 4321 4282 4281)
4(4321 4322 4283 4282)
4(4322 4323 4284 4283)
4(4323 4324 4285 4284)
4(4324 4325 4286 4285)
4(4325 4326 4287 4286)
4(4326 4327 4288 4287)
4(4327 4328 4289 4288)
4(4328 4329 4290 4289)
4(4329 4330 4291 4290)
4(4330 4331 4292 4291)
4(4331 4332 4293 4292)
4(4332 4333 4294 4293)
4(4333 4334 4295 4294)
4(4334 4335 4296 4295)
4(4335 4336 4297 4296)
4(4336 4337 4298 4297)
4(4337 4338 4299 4298)
4(4338 4339 4300 4299)
4(4339 4340 4301 4300)
4(4340 4341 4302 4301)
4(4341 4342 4303 4302)
4(4342 4343 4304 4303)
4(4343 4344 4305 4304)
4(4344 4345 4306 4305)
4(4345 4346 4307 4306)
4(4346 4347 4308 4307)
4(4347 4348 4309 4308)
4(4348 4349 4310 4309)
4(4349 4350 4311 4310)
4(4350 4351 4312 4311)
4(4351 4352 4313 4312)
4(4352 412 411 4313)
4(45 4353 4314 46)
4(4353 4354 4315 4314)
4(4354 4355 4316 4315)
4(4355 4356 4317 4316)
4(4356 4357 4318 4317)
4(4357 4358 4319 4318)
4(4358 4359 4320 4319)
4(4359 4360 4321 4320)
4(4360 4361 4322 4321)
4(4361 4362 4323 4322)
4(4362 4363 4324 4323)
4(4363 4364 4325 4324)
4(4364 4365 4326 4325)
4(4365 4366 4327 4326)
4(4366 4367 4328 4327)
4(4367 4368 4329 4328)
4(4368 4369 4330 4329)
4(4369 4370 4331 4330)
4(4370 4371 4332 4331)
4(4371 4372 4333 4332)
4(4372 4373 4334 4333)
4(4373 4374 4335 4334)
4(4374 4375 4336 4335)
4(4375 4376 4337 4336)
4(4376 4377 4338 4337)
4(4377 4378 4339 4338)
4(4378 4379 4340 4339)
4(4379 4380 4341 4340)
4(4380 4381 4342 4341)
4(4381 4382 4343 4342)
4(4382 4383 4344 4343)
4(4383 4384 4345 4344)
4(4384 4385 4346 4345)
4(4385 4386 4347 4346)
4(4386 4387 4348 4347)
4(4387 4388 4349 4348)
4(4388 4389 4350 4349)
4(4389 4390 4351 4350)
4(4390 4391 4352 4351)
4(4391 413 412 4352)
4(44 4392 4353 45)
4(4392 4393 4354 4353)
4(4393 4394 4355 4354)
4(4394 4395 4356 4355)
4(4395 4396 4357 4356)
4(4396 4397 4358 4357)
4(4397 4398 4359 4358)
4(4398 4399 4360 4359)
4(4399 4400 4361 4360)
4(4400 4401 4362 4361)
4(4401 4402 4363 4362)
4(4402 4403 4364 4363)
4(4403 4404 4365 4364)
4(4404 4405 4366 4365)
4(4405 4406 4367 4366)
4(4406 4407 4368 4367)
4(4407 4408 4369 4368)
4(4408 4409 4370 4369)
4(4409 4410 4371 4370)
4(4410 4411 4372 4371)
4(4411 4412 4373 4372)
4(4412 4413 4374 4373)
4(4413 4414 4375 4374)
4(4414 4415 4376 4375)
4(4415 4416 4377 4376)
4(4416 4417 4378 4377)
4(4417 4418 4379 4378)
4(4418 4419 4380 4379)
4(4419 4420 4381 4380)
4(4420 4421 4382 4381)
4(4421 4422 4383 4382)
4(4422 4423 4384 4383)
4(4423 4424 4385 4384)
4(4424 4425 4386 4385)
4(4425 4426 4387 4386)
4(4426 4427 4388 4387)
4(4427 4428 4389 4388)
4(4428 4429 4390 4389)
4(4429 4430 4391 4390)
4(4430 414 413 4391)
4(43 4431 4392 44)
4(4431 4432 4393 4392)
4(4432 4433 4394 4393)
4(4433 4434 4395 4394)
4(4434 4435 4396 4395)
4(4435 4436 4397 4396)
4(4436 4437 4398 4397)
4(4437 4438 4399 4398)
4(4438 4439 4400 4399)
4(4439 4440 4401 4400)
4(4440 4441 4402 4401)
4(4441 4442 4403 4402)
4(4442 4443 4404 4403)
4(4443 4444 4405 4404)
4(4444 4445 4406 4405)
4(4445 4446 4407 4406)
4(4446 4447 4408 4407)
4(4447 4448 4409 4408)
4(4448 4449 4410 4409)
4(4449 4450 4411 4410)
4(4450 4451 4412 4411)
4(4451 4452 4413 4412)
4(4452 4453 4414 4413)
4(4453 4454 4415 4414)
4(4454 4455 4416 4415)
4(4455 4456 4417 4416)
4(4456 4457 4418 4417)
4(4457 4458 4419 4418)
4(4458 4459 4420 4419)
4(4459 4460 4421 4420)
4(4460 4461 4422 4421)
4(4461 4462 4423 4422)
4(4462 4463 4424 4423)
4(4463 4464 4425 4424)
4(4464 4465 4426 4425)
4(4465 4466 4427 4426)
4(4466 4467 4428 4427)
4(4467 4468 4429 4428)
4(4468 4469 4430 4429)
4(4469 415 414 4430)
4(42 4470 4431 43)
4(4470 4471 4432 4431)
4(4471 4472 4433 4432)
4(4472 4473 4434 4433)
4(4473 4474 4435 4434)
4(4474 4475 4436 4435)
4(4475 4476 4437 4436)
4(4476 4477 4438 4437)
4(4477 4478 4439 4438)
4(4478 4479 4440 4439)
4(4479 4480 4441 4440)
4(4480 4481 4442 4441)
4(4481 4482 4443 4442)
4(4482 4483 4444 4443)
4(4483 4484 4445 4444)
4(4484 4485 4446 4445)
4(4485 4486 4447 4446)
4(4486 4487 4448 4447)
4(4487 4488 4449 4448)
4(4488 4489 4450 4449)
4(4489 4490 4451 4450)
4(4490 4491 4452 4451)
4(4491 4492 4453 4452)
4(4492 4493 4454 4453)
4(4493 4494 4455 4454)
4(4494 4495 4456 4455)
4(4495 4496 4457 4456)
4(4496 4497 4458 4457)
4(4497 4498 4459 4458)
4(4498 4499 4460 4459)
4(4499 4500 4461 4460)
4(4500 4501 4462 4461)
4(4501 4502 4463 4462)
4(4502 4503 4464 4463)
4(4503 4504 4465 4464)
4(4504 4505 4466 4465)
4(4505 4506 4467 4466)
4(4506 4507 4468 4467)
4(4507 4508 4469 4468)
4(4508 416 415 4469)
4(41 4509 4470 42)
4(4509 4510 4471 4470)
4(4510 4511 4472 4471)
4(4511 4512 4473 4472)
4(4512 4513 4474 4473)
4(4513 4514 4475 4474)
4(4514 4515 4476 4475)
4(4515 4516 4477 4476)
4(4516 4517 4478 4477)
4(4517 4518 4479 4478)
4(4518 4519 4480 4479)
4(4519 4520 4481 4480)
4(4520 4521 4482 4481)
4(4521 4522 4483 4482)
4(4522 4523 4484 4483)
4(4523 4524 4485 4484)
4(4524 4525 4486 4485)
4(4525 4526 4487 4486)
4(4526 4527 4488 4487)
4(4527 4528 4489 4488)
4(4528 4529 4490 4489)
4(4529 4530 4491 4490)
4(4530 4531 4492 4491)
4(4531 4532 4493 4492)
4(4532 4533 4494 4493)
4(4533 4534 4495 4494)
4(4534 4535 4496 4495)
4(4535 4536 4497 4496)
4(4536 4537 4498 4497)
4(4537 4538 4499 4498)
4(4538 4539 4500 4499)
4(4539 4540 4501 4500)
4(4540 4541 4502 4501)
4(4541 4542 4503 4502)
4(4542 4543 4504 4503)
4(4543 4544 4505 4504)
4(4544 4545 4506 4505)
4(4545 4546 4507 4506)
4(4546 4547 4508 4507)
4(4547 417 416 4508)
4(40 4548 4509 41)
4(4548 4549 4510 4509)
4(4549 4550 4511 4510)
4(4550 4551 4512 4511)
4(4551 4552 4513 4512)
4(4552 4553 4514 4513)
4(4553 4554 4515 4514)
4(4554 4555 4516 4515)
4(4555 4556 4517 4516)
4(4556 4557 4518 4517)
4(4557 4558 4519 4518)
4(4558 4559 4520 4519)
4(4559 4560 4521 4520)
4(4560 4561 4522 4521)
4(4561 4562 4523 4522)
4(4562 4563 4524 4523)
4(4563 4564 4525 4524)
4(4564 4565 4526 4525)
4(4565 4566 4527 4526)
4(4566 4567 4528 4527)
4(4567 4568 4529 4528)
4(4568 4569 4530 4529)
4(4569 4570 4531 4530)
4(4570 4571 4532 4531)
4(4571 4572 4533 4532)
4(4572 4573 4534 4533)
4(4573 4574 4535 4534)
4(4574 4575 4536 4535)
4(4575 4576 4537 4536)
4(4576 4577 4538 4537)
4(4577 4578 4539 4538)
4(4578 4579 4540 4539)
4(4579 4580 4541 4540)
4(4580 4581 4542 4541)
4(4581 4582 4543 4542)
4(4582 4583 4544 4543)
4(4583 4584 4545 4544)
4(4584 4585 4546 4545)
4(4585 4586 4547 4546)
4(4586 418 417 4547)
4(39 4587 4548 40)
4(4587 4588 4549 4548)
4(4588 4589 4550 4549)
4(4589 4590 4551 4550)
4(4590 4591 4552 4551)
4(4591 4592 4553 4552)
4(4592 4593 4554 4553)
4(4593 4594 4555 4554)
4(4594 4595 4556 4555)
4(4595 4596 4557 4556)
4(4596 4597 4558 4557)
4(4597 4598 4559 4558)
4(4598 4599 4560 4559)
4(4599 4600 4561 4560)
4(4600 4601 4562 4561)
4(4601 4602 4563 4562)
4(4602 4603 4564 4563)
4(4603 4604 4565 4564)
4(4604 4605 4566 4565)
4(4605 4606 4567 4566)
4(4606 4607 4568 4567)
4(4607 4608 4569 4568)
4(4608 4609 4570 4569)
4(4609 4610 4571 4570)
4(4610 4611 4572 4571)
4(4611 4612 4573 4572)
4(4612 4613 4574 4573)
4(4613 4614 4575 4574)
4(4614 4615 4576 4575)
4(4615 4616 4577 4576)
4(4616 4617 4578 4577)
4(4617 4618 4579 4578)
4(4618 4619 4580 4579)
4(4619 4620 4581 4580)
4(4620 4621 4582 4581)
4(4621 4622 4583 4582)
4(4622 4623 4584 4583)
4(4623 4624 4585 4584)
4(4624 4625 4586 4585)
4(4625 419 418 4586)
4(38 4626 4587 39)
4(4626 4627 4588 4587)
4(4627 4628 4589 4588)
4(4628 4629 4590 4589)
4(4629 4630 4591 4590)
4(4630 4631 4592 4591)
4(4631 4632 4593 4592)
4(4632 4633 4594 4593)
4(4633 4634 4595 4594)
4(4634 4635 4596 4595)
4(4635 4636 4597 4596)
4(4636 4637 4598 4597)
4(4637 4638 4599 4598)
4(4638 4639 4600 4599)
4(4639 4640 4601 4600)
4(4640 4641 4602 4601)
4(4641 4642 4603 4602)
4(4642 4643 4604 4603)
4(4643 4644 4605 4604)
4(4644 4645 4606 4605)
4(4645 4646 4607 4606)
4(4646 4647 4608 4607)
4(4647 4648 4609 4608)
4(4648 4649 4610 4609)
4(4649 4650 4611 4610)
4(4650 4651 4612 4611)
4(4651 4652 4613 4612)
4(4652 4653 4614 4613)
4(4653 4654 4615 4614)
4(4654 4655 4616 4615)
4(4655 4656 4617 4616)
4(4656 4657 4618 4617)
4(4657 4658 4619 4618)
4(4658 4659 4620 4619)
4(4659 4660 4621 4620)
4(4660 4661 4622 4621)
4(4661 4662 4623 4622)
4(4662 4663 4624 4623)
4(4663 4664 4625 4624)
4(4664 420 419 4625)
4(37 4665 4626 38)
4(4665 4666 4627 4626)
4(4666 4667 4628 4627)
4(4667 4668 4629 4628)
4(4668 4669 4630 4629)
4(4669 4670 4631 4630)
4(4670 4671 4632 4631)
4(4671 4672 4633 4632)
4(4672 4673 4634 4633)
4(4673 4674 4635 4634)
4(4674 4675 4636 4635)
4(4675 4676 4637 4636)
4(4676 4677 4638 4637)
4(4677 4678 4639 4638)
4(4678 4679 4640 4639)
4(4679 4680 4641 4640)
4(4680 4681 4642 4641)
4(4681 4682 4643 4642)
4(4682 4683 4644 4643)
4(4683 4684 4645 4644)
4(4684 4685 4646 4645)
4(4685 4686 4647 4646)
4(4686 4687 4648 4647)
4(4687 4688 4649 4648)
4(4688 4689 4650 4649)
4(4689 4690 4651 4650)
4(4690 4691 4652 4651)
4(4691 4692 4653 4652)
4(4692 4693 4654 4653)
4(4693 4694 4655 4654)
4(4694 4695 4656 4655)
4(4695 4696 4657 4656)
4(4696 4697 4658 4657)
4(4697 4698 4659 4658)
4(4698 4699 4660 4659)
4(4699 4700 4661 4660)
4(4700 4701 4662 4661)
4(4701 4702 4663 4662)
4(4702 4703 4664 4663)
4(4703 421 420 4664)
4(36 4704 4665 37)
4(4704 4705 4666 4665)
4(4705 4706 4667 4666)
4(4706 4707 4668 4667)
4(4707 4708 4669 4668)
4(4708 4709 4670 4669)
4(4709 4710 4671 4670)
4(4710 4711 4672 4671)
4(4711 4712 4673 4672)
4(4712 4713 4674 4673)
4(4713 4714 4675 4674)
4(4714 4715 4676 4675)
4(4715 4716 4677 4676)
4(4716 4717 4678 4677)
4(4717 4718 4679 4678)
4(4718 4719 4680 4679)
4(4719 4720 4681 4680)
4(4720 4721 4682 4681)
4(4721 4722 4683 4682)
4(4722 4723 4684 4683)
4(4723 4724 4685 4684)
4(4724 4725 4686 4685)
4(4725 4726 4687 4686)
4(4726 4727 4688 4687)
4(4727 4728 4689 4688)
4(4728 4729 4690 4689)
4(4729 4730 4691 4690)
4(4730 4731 4692 4691)
4(4731 4732 4693 4692)
4(4732 4733 4694 4693)
4(4733 4734 4695 4694)
4(4734 4735 4696 4695)
4(4735 4736 4697 4696)
4(4736 4737 4698 4697)
4(4737 4738 4699 4698)
4(4738 4739 4700 4699)
4(4739 4740 4701 4700)
4(4740 4741 4702 4701)
4(4741 4742 4703 4702)
4(4742 422 421 4703)
4(35 4743 4704 36)
4(4743 4744 4705 4704)
4(4744 4745 4706 4705)
4(4745 4746 4707 4706)
4(4746 4747 4708 4707)
4(4747 4748 4709 4708)
4(4748 4749 4710 4709)
4(4749 4750 4711 4710)
4(4750 4751 4712 4711)
4(4751 4752 4713 4712)
4(4752 4753 4714 4713)
4(4753 4754 4715 4714)
4(4754 4755 4716 4715)
4(4755 4756 4717 4716)
4(4756 4757 4718 4717)
4(4757 4758 4719 4718)
4(4758 4759 4720 4719)
4(4759 4760 4721 4720)
4(4760 4761 4722 4721)
4(4761 4762 4723 4722)
4(4762 4763 4724 4723)
4(4763 4764 4725 4724)
4(4764 4765 4726 4725)
4(4765 4766 4727 4726)
4(4766 4767 4728 4727)
4(4767 4768 4729 4728)
4(4768 4769 4730 4729)
4(4769 4770 4731 4730)
4(4770 4771 4732 4731)
4(4771 4772 4733 4732)
4(4772 4773 4734 4733)
4(4773 4774 4735 4734)
4(4774 4775 4736 4735)
4(4775 4776 4737 4736)
4(4776 4777 4738 4737)
4(4777 4778 4739 4738)
4(4778 4779 4740 4739)
4(4779 4780 4741 4740)
4(4780 4781 4742 4741)
4(4781 423 422 4742)
4(34 4782 4743 35)
4(4782 4783 4744 4743)
4(4783 4784 4745 4744)
4(4784 4785 4746 4745)
4(4785 4786 4747 4746)
4(4786 4787 4748 4747)
4(4787 4788 4749 4748)
4(4788 4789 4750 4749)
4(4789 4790 4751 4750)
4(4790 4791 4752 4751)
4(4791 4792 4753 4752)
4(4792 4793 4754 4753)
4(4793 4794 4755 4754)
4(4794 4795 4756 4755)
4(4795 4796 4757 4756)
4(4796 4797 4758 4757)
4(4797 4798 4759 4758)
4(4798 4799 4760 4759)
4(4799 4800 4761 4760)
4(4800 4801 4762 4761)
4(4801 4802 4763 4762)
4(4802 4803 4764 4763)
4(4803 4804 4765 4764)
4(4804 4805 4766 4765)
4(4805 4806 4767 4766)
4(4806 4807 4768 4767)
4(4807 4808 4769 4768)
4(4808 4809 4770 4769)
4(4809 4810 4771 4770)
4(4810 4811 4772 4771)
4(4811 4812 4773 4772)
4(4812 4813 4774 4773)
4(4813 4814 4775 4774)
4(4814 4815 4776 4775)
4(4815 4816 4777 4776)
4(4816 4817 4778 4777)
4(4817 4818 4779 4778)
4(4818 4819 4780 4779)
4(4819 4820 4781 4780)
4(4820 424 423 4781)
4(33 4821 4782 34)
4(4821 4822 4783 4782)
4(4822 4823 4784 4783)
4(4823 4824 4785 4784)
4(4824 4825 4786 4785)
4(4825 4826 4787 4786)
4(4826 4827 4788 4787)
4(4827 4828 4789 4788)
4(4828 4829 4790 4789)
4(4829 4830 4791 4790)
4(4830 4831 4792 4791)
4(4831 4832 4793 4792)
4(4832 4833 4794 4793)
4(4833 4834 4795 4794)
4(4834 4835 4796 4795)
4(4835 4836 4797 4796)
4(4836 4837 4798 4797)
4(4837 4838 4799 4798)
4(4838 4839 4800 4799)
4(4839 4840 4801 4800)
4(4840 4841 4802 4801)
4(4841 4842 4803 4802)
4(4842 4843 4804 4803)
4(4843 4844 4805 4804)
4(4844 4845 4806 4805)
4(4845 4846 4807 4806)
4(4846 4847 4808 4807)
4(4847 4848 4809 4808)
4(4848 4849 4810 4809)
4(4849 4850 4811 4810)
4(4850 4851 4812 4811)
4(4851 4852 4813 4812)
4(4852 4853 4814 4813)
4(4853 4854 4815 4814)
4(4854 4855 4816 4815)
4(4855 4856 4817 4816)
4(4856 4857 4818 4817)
4(4857 4858 4819 4818)
4(4858 4859 4820 4819)
4(4859 425 424 4820)
4(32 4860 4821 33)
4(4860 4861 4822 4821)
4(4861 4862 4823 4822)
4(4862 4863 4824 4823)
4(4863 4864 4825 4824)
4(4864 4865 4826 4825)
4(4865 4866 4827 4826)
4(4866 4867 4828 4827)
4(4867 4868 4829 4828)
4(4868 4869 4830 4829)
4(4869 4870 4831 4830)
4(4870 4871 4832 4831)
4(4871 4872 4833 4832)
4(4872 4873 4834 4833)
4(4873 4874 4835 4834)
4(4874 4875 4836 4835)
4(4875 4876 4837 4836)
4(4876 4877 4838 4837)
4(4877 4878 4839 4838)
4(4878 4879 4840 4839)
4(4879 4880 4841 4840)
4(4880 4881 4842 4841)
4(4881 4882 4843 4842)
4(4882 4883 4844 4843)
4(4883 4884 4845 4844)
4(4884 4885 4846 4845)
4(4885 4886 4847 4846)
4(4886 4887 4848 4847)
4(4887 4888 4849 4848)
4(4888 4889 4850 4849)
4(4889 4890 4851 4850)
4(4890 4891 4852 4851)
4(4891 4892 4853 4852)
4(4892 4893 4854 4853)
4(4893 4894 4855 4854)
4(4894 4895 4856 4855)
4(4895 4896 4857 4856)
4(4896 4897 4858 4857)
4(4897 4898 4859 4858)
4(4898 426 425 4859)
4(31 4899 4860 32)
4(4899 4900 4861 4860)
4(4900 4901 4862 4861)
4(4901 4902 4863 4862)
4(4902 4903 4864 4863)
4(4903 4904 4865 4864)
4(4904 4905 4866 4865)
4(4905 4906 4867 4866)
4(4906 4907 4868 4867)
4(4907 4908 4869 4868)
4(4908 4909 4870 4869)
4(4909 4910 4871 4870)
4(4910 4911 4872 4871)
4(4911 4912 4873 4872)
4(4912 4913 4874 4873)
4(4913 4914 4875 4874)
4(4914 4915 4876 4875)
4(4915 4916 4877 4876)
4(4916 4917 4878 4877)
4(4917 4918 4879 4878)
4(4918 4919 4880 4879)
4(4919 4920 4881 4880)
4(4920 4921 4882 4881)
4(4921 4922 4883 4882)
4(4922 4923 4884 4883)
4(4923 4924 4885 4884)
4(4924 4925 4886 4885)
4(4925 4926 4887 4886)
4(4926 4927 4888 4887)
4(4927 4928 4889 4888)
4(4928 4929 4890 4889)
4(4929 4930 4891 4890)
4(4930 4931 4892 4891)
4(4931 4932 4893 4892)
4(4932 4933 4894 4893)
4(4933 4934 4895 4894)
4(4934 4935 4896 4895)
4(4935 4936 4897 4896)
4(4936 4937 4898 4897)
4(4937 427 426 4898)
4(30 4938 4899 31)
4(4938 4939 4900 4899)
4(4939 4940 4901 4900)
4(4940 4941 4902 4901)
4(4941 4942 4903 4902)
4(4942 4943 4904 4903)
4(4943 4944 4905 4904)
4(4944 4945 4906 4905)
4(4945 4946 4907 4906)
4(4946 4947 4908 4907)
4(4947 4948 4909 4908)
4(4948 4949 4910 4909)
4(4949 4950 4911 4910)
4(4950 4951 4912 4911)
4(4951 4952 4913 4912)
4(4952 4953 4914 4913)
4(4953 4954 4915 4914)
4(4954 4955 4916 4915)
4(4955 4956 4917 4916)
4(4956 4957 4918 4917)
4(4957 4958 4919 4918)
4(4958 4959 4920 4919)
4(4959 4960 4921 4920)
4(4960 4961 4922 4921)
4(4961 4962 4923 4922)
4(4962 4963 4924 4923)
4(4963 4964 4925 4924)
4(4964 4965 4926 4925)
4(4965 4966 4927 4926)
4(4966 4967 4928 4927)
4(4967 4968 4929 4928)
4(4968 4969 4930 4929)
4(4969 4970 4931 4930)
4(4970 4971 4932 4931)
4(4971 4972 4933 4932)
4(4972 4973 4934 4933)
4(4973 4974 4935 4934)
4(4974 4975 4936 4935)
4(4975 4976 4937 4936)
4(4976 428 427 4937)
4(29 4977 4938 30)
4(4977 4978 4939 4938)
4(4978 4979 4940 4939)
4(4979 4980 4941 4940)
4(4980 4981 4942 4941)
4(4981 4982 4943 4942)
4(4982 4983 4944 4943)
4(4983 4984 4945 4944)
4(4984 4985 4946 4945)
4(4985 4986 4947 4946)
4(4986 4987 4948 4947)
4(4987 4988 4949 4948)
4(4988 4989 4950 4949)
4(4989 4990 4951 4950)
4(4990 4991 4952 4951)
4(4991 4992 4953 4952)
4(4992 4993 4954 4953)
4(4993 4994 4955 4954)
4(4994 4995 4956 4955)
4(4995 4996 4957 4956)
4(4996 4997 4958 4957)
4(4997 4998 4959 4958)
4(4998 4999 4960 4959)
4(4999 5000 4961 4960)
4(5000 5001 4962 4961)
4(5001 5002 4963 4962)
4(5002 5003 4964 4963)
4(5003 5004 4965 4964)
4(5004 5005 4966 4965)
4(5005 5006 4967 4966)
4(5006 5007 4968 4967)
4(5007 5008 4969 4968)
4(5008 5009 4970 4969)
4(5009 5010 4971 4970)
4(5010 5011 4972 4971)
4(5011 5012 4973 4972)
4(5012 5013 4974 4973)
4(5013 5014 4975 4974)
4(5014 5015 4976 4975)
4(5015 429 428 4976)
4(28 5016 4977 29)
4(5016 5017 4978 4977)
4(5017 5018 4979 4978)
4(5018 5019 4980 4979)
4(5019 5020 4981 4980)
4(5020 5021 4982 4981)
4(5021 5022 4983 4982)
4(5022 5023 4984 4983)
4(5023 5024 4985 4984)
4(5024 5025 4986 4985)
4(5025 5026 4987 4986)
4(5026 5027 4988 4987)
4(5027 5028 4989 4988)
4(5028 5029 4990 4989)
4(5029 5030 4991 4990)
4(5030 5031 4992 4991)
4(5031 5032 4993 4992)
4(5032 5033 4994 4993)
4(5033 5034 4995 4994)
4(5034 5035 4996 4995)
4(5035 5036 4997 4996)
4(5036 5037 4998 4997)
4(5037 5038 4999 4998)
4(5038 5039 5000 4999)
4(5039 5040 5001 5000)
4(5040 5041 5002 5001)
4(5041 5042 5003 5002)
4(5042 5043 5004 5003)
4(5043 5044 5005 5004)
4(5044 5045 5006 5005)
4(5045 5046 5007 5006)
4(5046 5047 5008 5007)
4(5047 5048 5009 5008)
4(5048 5049 5010 5009)
4(5049 5050 5011 5010)
4(5050 5051 5012 5011)
4(5051 5052 5013 5012)
4(5052 5053 5014 5013)
4(5053 5054 5015 5014)
4(5054 430 429 5015)
4(27 5055 5016 28)
4(5055 5056 5017 5016)
4(5056 5057 5018 5017)
4(5057 5058 5019 5018)
4(5058 5059 5020 5019)
4(5059 5060 5021 5020)
4(5060 5061 5022 5021)
4(5061 5062 5023 5022)
4(5062 5063 5024 5023)
4(5063 5064 5025 5024)
4(5064 5065 5026 5025)
4(5065 5066 5027 5026)
4(5066 5067 5028 5027)
4(5067 5068 5029 5028)
4(5068 5069 5030 5029)
4(5069 5070 5031 5030)
4(5070 5071 5032 5031)
4(5071 5072 5033 5032)
4(5072 5073 5034 5033)
4(5073 5074 5035 5034)
4(5074 5075 5036 5035)
4(5075 5076 5037 5036)
4(5076 5077 5038 5037)
4(5077 5078 5039 5038)
4(5078 5079 5040 5039)
4(5079 5080 5041 5040)
4(5080 5081 5042 5041)
4(5081 5082 5043 5042)
4(5082 5083 5044 5043)
4(5083 5084 5045 5044)
4(5084 5085 5046 5045)
4(5085 5086 5047 5046)
4(5086 5087 5048 5047)
4(5087 5088 5049 5048)
4(5088 5089 5050 5049)
4(5089 5090 5051 5050)
4(5090 5091 5052 5051)
4(5091 5092 5053 5052)
4(5092 5093 5054 5053)
4(5093 431 430 5054)
4(26 5094 5055 27)
4(5094 5095 5056 5055)
4(5095 5096 5057 5056)
4(5096 5097 5058 5057)
4(5097 5098 5059 5058)
4(5098 5099 5060 5059)
4(5099 5100 5061 5060)
4(5100 5101 5062 5061)
4(5101 5102 5063 5062)
4(5102 5103 5064 5063)
4(5103 5104 5065 5064)
4(5104 5105 5066 5065)
4(5105 5106 5067 5066)
4(5106 5107 5068 5067)
4(5107 5108 5069 5068)
4(5108 5109 5070 5069)
4(5109 5110 5071 5070)
4(5110 5111 5072 5071)
4(5111 5112 5073 5072)
4(5112 5113 5074 5073)
4(5113 5114 5075 5074)
4(5114 5115 5076 5075)
4(5115 5116 5077 5076)
4(5116 5117 5078 5077)
4(5117 5118 5079 5078)
4(5118 5119 5080 5079)
4(5119 5120 5081 5080)
4(5120 5121 5082 5081)
4(5121 5122 5083 5082)
4(5122 5123 5084 5083)
4(5123 5124 5085 5084)
4(5124 5125 5086 5085)
4(5125 5126 5087 5086)
4(5126 5127 5088 5087)
4(5127 5128 5089 5088)
4(5128 5129 5090 5089)
4(5129 5130 5091 5090)
4(5130 5131 5092 5091)
4(5131 5132 5093 5092)
4(5132 432 431 5093)
4(25 5133 5094 26)
4(5133 5134 5095 5094)
4(5134 5135 5096 5095)
4(5135 5136 5097 5096)
4(5136 5137 5098 5097)
4(5137 5138 5099 5098)
4(5138 5139 5100 5099)
4(5139 5140 5101 5100)
4(5140 5141 5102 5101)
4(5141 5142 5103 5102)
4(5142 5143 5104 5103)
4(5143 5144 5105 5104)
4(5144 5145 5106 5105)
4(5145 5146 5107 5106)
4(5146 5147 5108 5107)
4(5147 5148 5109 5108)
4(5148 5149 5110 5109)
4(5149 5150 5111 5110)
4(5150 5151 5112 5111)
4(5151 5152 5113 5112)
4(5152 5153 5114 5113)
4(5153 5154 5115 5114)
4(5154 5155 5116 5115)
4(5155 5156 5117 5116)
4(5156 5157 5118 5117)
4(5157 5158 5119 5118)
4(5158 5159 5120 5119)
4(5159 5160 5121 5120)
4(5160 5161 5122 5121)
4(5161 5162 5123 5122)
4(5162 5163 5124 5123)
4(5163 5164 5125 5124)
4(5164 5165 5126 5125)
4(5165 5166 5127 5126)
4(5166 5167 5128 5127)
4(5167 5168 5129 5128)
4(5168 5169 5130 5129)
4(5169 5170 5131 5130)
4(5170 5171 5132 5131)
4(5171 433 432 5132)
4(24 5172 5133 25)
4(5172 5173 5134 5133)
4(5173 5174 5135 5134)
4(5174 5175 5136 5135)
4(5175 5176 5137 5136)
4(5176 5177 5138 5137)
4(5177 5178 5139 5138)
4(5178 5179 5140 5139)
4(5179 5180 5141 5140)
4(5180 5181 5142 5141)
4(5181 5182 5143 5142)
4(5182 5183 5144 5143)
4(5183 5184 5145 5144)
4(5184 5185 5146 5145)
4(5185 5186 5147 5146)
4(5186 5187 5148 5147)
4(5187 5188 5149 5148)
4(5188 5189 5150 5149)
4(5189 5190 5151 5150)
4(5190 5191 5152 5151)
4(5191 5192 5153 5152)
4(5192 5193 5154 5153)
4(5193 5194 5155 5154)
4(5194 5195 5156 5155)
4(5195 5196 5157 5156)
4(5196 5197 5158 5157)
4(5197 5198 5159 5158)
4(5198 5199 5160 5159)
4(5199 5200 5161 5160)
4(5200 5201 5162 5161)
4(5201 5202 5163 5162)
4(5202 5203 5164 5163)
4(5203 5204 5165 5164)
4(5204 5205 5166 5165)
4(5205 5206 5167 5166)
4(5206 5207 5168 5167)
4(5207 5208 5169 5168)
4(5208 5209 5170 5169)
4(5209 5210 5171 5170)
4(5210 434 433 5171)
4(23 5211 5172 24)
4(5211 5212 5173 5172)
4(5212 5213 5174 5173)
4(5213 5214 5175 5174)
4(5214 5215 5176 5175)
4(5215 5216 5177 5176)
4(5216 5217 5178 5177)
4(5217 5218 5179 5178)
4(5218 5219 5180 5179)
4(5219 5220 5181 5180)
4(5220 5221 5182 5181)
4(5221 5222 5183 5182)
4(5222 5223 5184 5183)
4(5223 5224 5185 5184)
4(5224 5225 5186 5185)
4(5225 5226 5187 5186)
4(5226 5227 5188 5187)
4(5227 5228 5189 5188)
4(5228 5229 5190 5189)
4(5229 5230 5191 5190)
4(5230 5231 5192 5191)
4(5231 5232 5193 5192)
4(5232 5233 5194 5193)
4(5233 5234 5195 5194)
4(5234 5235 5196 5195)
4(5235 5236 5197 5196)
4(5236 5237 5198 5197)
4(5237 5238 5199 5198)
4(5238 5239 5200 5199)
4(5239 5240 5201 5200)
4(5240 5241 5202 5201)
4(5241 5242 5203 5202)
4(5242 5243 5204 5203)
4(5243 5244 5205 5204)
4(5244 5245 5206 5205)
4(5245 5246 5207 5206)
4(5246 5247 5208 5207)
4(5247 5248 5209 5208)
4(5248 5249 5210 5209)
4(5249 435 434 5210)
4(22 5250 5211 23)
4(5250 5251 5212 5211)
4(5251 5252 5213 5212)
4(5252 5253 5214 5213)
4(5253 5254 5215 5214)
4(5254 5255 5216 5215)
4(5255 5256 5217 5216)
4(5256 5257 5218 5217)
4(5257 5258 5219 5218)
4(5258 5259 5220 5219)
4(5259 5260 5221 5220)
4(5260 5261 5222 5221)
4(5261 5262 5223 5222)
4(5262 5263 5224 5223)
4(5263 5264 5225 5224)
4(5264 5265 5226 5225)
4(5265 5266 5227 5226)
4(5266 5267 5228 5227)
4(5267 5268 5229 5228)
4(5268 5269 5230 5229)
4(5269 5270 5231 5230)
4(5270 5271 5232 5231)
4(5271 5272 5233 5232)
4(5272 5273 5234 5233)
4(5273 5274 5235 5234)
4(5274 5275 5236 5235)
4(5275 5276 5237 5236)
4(5276 5277 5238 5237)
4(5277 5278 5239 5238)
4(5278 5279 5240 5239)
4(5279 5280 5241 5240)
4(5280 5281 5242 5241)
4(5281 5282 5243 5242)
4(5282 5283 5244 5243)
4(5283 5284 5245 5244)
4(5284 5285 5246 5245)
4(5285 5286 5247 5246)
4(5286 5287 5248 5247)
4(5287 5288 5249 5248)
4(5288 436 435 5249)
4(21 5289 5250 22)
4(5289 5290 5251 5250)
4(5290 5291 5252 5251)
4(5291 5292 5253 5252)
4(5292 5293 5254 5253)
4(5293 5294 5255 5254)
4(5294 5295 5256 5255)
4(5295 5296 5257 5256)
4(5296 5297 5258 5257)
4(5297 5298 5259 5258)
4(5298 5299 5260 5259)
4(5299 5300 5261 5260)
4(5300 5301 5262 5261)
4(5301 5302 5263 5262)
4(5302 5303 5264 5263)
4(5303 5304 5265 5264)
4(5304 5305 5266 5265)
4(5305 5306 5267 5266)
4(5306 5307 5268 5267)
4(5307 5308 5269 5268)
4(5308 5309 5270 5269)
4(5309 5310 5271 5270)
4(5310 5311 5272 5271)
4(5311 5312 5273 5272)
4(5312 5313 5274 5273)
4(5313 5314 5275 5274)
4(5314 5315 5276 5275)
4(5315 5316 5277 5276)
4(5316 5317 5278 5277)
4(5317 5318 5279 5278)
4(5318 5319 5280 5279)
4(5319 5320 5281 5280)
4(5320 5321 5282 5281)
4(5321 5322 5283 5282)
4(5322 5323 5284 5283)
4(5323 5324 5285 5284)
4(5324 5325 5286 5285)
4(5325 5326 5287 5286)
4(5326 5327 5288 5287)
4(5327 437 436 5288)
4(20 5328 5289 21)
4(5328 5329 5290 5289)
4(5329 5330 5291 5290)
4(5330 5331 5292 5291)
4(5331 5332 5293 5292)
4(5332 5333 5294 5293)
4(5333 5334 5295 5294)
4(5334 5335 5296 5295)
4(5335 5336 5297 5296)
4(5336 5337 5298 5297)
4(5337 5338 5299 5298)
4(5338 5339 5300 5299)
4(5339 5340 5301 5300)
4(5340 5341 5302 5301)
4(5341 5342 5303 5302)
4(5342 5343 5304 5303)
4(5343 5344 5305 5304)
4(5344 5345 5306 5305)
4(5345 5346 5307 5306)
4(5346 5347 5308 5307)
4(5347 5348 5309 5308)
4(5348 5349 5310 5309)
4(5349 5350 5311 5310)
4(5350 5351 5312 5311)
4(5351 5352 5313 5312)
4(5352 5353 5314 5313)
4(5353 5354 5315 5314)
4(5354 5355 5316 5315)
4(5355 5356 5317 5316)
4(5356 5357 5318 5317)
4(5357 5358 5319 5318)
4(5358 5359 5320 5319)
4(5359 5360 5321 5320)
4(5360 5361 5322 5321)
4(5361 5362 5323 5322)
4(5362 5363 5324 5323)
4(5363 5364 5325 5324)
4(5364 5365 5326 5325)
4(5365 5366 5327 5326)
4(5366 438 437 5327)
4(19 5367 5328 20)
4(5367 5368 5329 5328)
4(5368 5369 5330 5329)
4(5369 5370 5331 5330)
4(5370 5371 5332 5331)
4(5371 5372 5333 5332)
4(5372 5373 5334 5333)
4(5373 5374 5335 5334)
4(5374 5375 5336 5335)
4(5375 5376 5337 5336)
4(5376 5377 5338 5337)
4(5377 5378 5339 5338)
4(5378 5379 5340 5339)
4(5379 5380 5341 5340)
4(5380 5381 5342 5341)
4(5381 5382 5343 5342)
4(5382 5383 5344 5343)
4(5383 5384 5345 5344)
4(5384 5385 5346 5345)
4(5385 5386 5347 5346)
4(5386 5387 5348 5347)
4(5387 5388 5349 5348)
4(5388 5389 5350 5349)
4(5389 5390 5351 5350)
4(5390 5391 5352 5351)
4(5391 5392 5353 5352)
4(5392 5393 5354 5353)
4(5393 5394 5355 5354)
4(5394 5395 5356 5355)
4(5395 5396 5357 5356)
4(5396 5397 5358 5357)
4(5397 5398 5359 5358)
4(5398 5399 5360 5359)
4(5399 5400 5361 5360)
4(5400 5401 5362 5361)
4(5401 5402 5363 5362)
4(5402 5403 5364 5363)
4(5403 5404 5365 5364)
4(5404 5405 5366 5365)
4(5405 439 438 5366)
4(18 5406 5367 19)
4(5406 5407 5368 5367)
4(5407 5408 5369 5368)
4(5408 5409 5370 5369)
4(5409 5410 5371 5370)
4(5410 5411 5372 5371)
4(5411 5412 5373 5372)
4(5412 5413 5374 5373)
4(5413 5414 5375 5374)
4(5414 5415 5376 5375)
4(5415 5416 5377 5376)
4(5416 5417 5378 5377)
4(5417 5418 5379 5378)
4(5418 5419 5380 5379)
4(5419 5420 5381 5380)
4(5420 5421 5382 5381)
4(5421 5422 5383 5382)
4(5422 5423 5384 5383)
4(5423 5424 5385 5384)
4(5424 5425 5386 5385)
4(5425 5426 5387 5386)
4(5426 5427 5388 5387)
4(5427 5428 5389 5388)
4(5428 5429 5390 5389)
4(5429 5430 5391 5390)
4(5430 5431 5392 5391)
4(5431 5432 5393 5392)
4(5432 5433 5394 5393)
4(5433 5434 5395 5394)
4(5434 5435 5396 5395)
4(5435 5436 5397 5396)
4(5436 5437 5398 5397)
4(5437 5438 5399 5398)
4(5438 5439 5400 5399)
4(5439 5440 5401 5400)
4(5440 5441 5402 5401)
4(5441 5442 5403 5402)
4(5442 5443 5404 5403)
4(5443 5444 5405 5404)
4(5444 440 439 5405)
4(17 5445 5406 18)
4(5445 5446 5407 5406)
4(5446 5447 5408 5407)
4(5447 5448 5409 5408)
4(5448 5449 5410 5409)
4(5449 5450 5411 5410)
4(5450 5451 5412 5411)
4(5451 5452 5413 5412)
4(5452 5453 5414 5413)
4(5453 5454 5415 5414)
4(5454 5455 5416 5415)
4(5455 5456 5417 5416)
4(5456 5457 5418 5417)
4(5457 5458 5419 5418)
4(5458 5459 5420 5419)
4(5459 5460 5421 5420)
4(5460 5461 5422 5421)
4(5461 5462 5423 5422)
4(5462 5463 5424 5423)
4(5463 5464 5425 5424)
4(5464 5465 5426 5425)
4(5465 5466 5427 5426)
4(5466 5467 5428 5427)
4(5467 5468 5429 5428)
4(5468 5469 5430 5429)
4(5469 5470 5431 5430)
4(5470 5471 5432 5431)
4(5471 5472 5433 5432)
4(5472 5473 5434 5433)
4(5473 5474 5435 5434)
4(5474 5475 5436 5435)
4(5475 5476 5437 5436)
4(5476 5477 5438 5437)
4(5477 5478 5439 5438)
4(5478 5479 5440 5439)
4(5479 5480 5441 5440)
4(5480 5481 5442 5441)
4(5481 5482 5443 5442)
4(5482 5483 5444 5443)
4(5483 441 440 5444)
4(16 5484 5445 17)
4(5484 5485 5446 5445)
4(5485 5486 5447 5446)
4(5486 5487 5448 5447)
4(5487 5488 5449 5448)
4(5488 5489 5450 5449)
4(5489 5490 5451 5450)
4(5490 5491 5452 5451)
4(5491 5492 5453 5452)
4(5492 5493 5454 5453)
4(5493 5494 5455 5454)
4(5494 5495 5456 5455)
4(5495 5496 5457 5456)
4(5496 5497 5458 5457)
4(5497 5498 5459 5458)
4(5498 5499 5460 5459)
4(5499 5500 5461 5460)
4(5500 5501 5462 5461)
4(5501 5502 5463 5462)
4(5502 5503 5464 5463)
4(5503 5504 5465 5464)
4(5504 5505 5466 5465)
4(5505 5506 5467 5466)
4(5506 5507 5468 5467)
4(5507 5508 5469 5468)
4(5508 5509 5470 5469)
4(5509 5510 5471 5470)
4(5510 5511 5472 5471)
4(5511 5512 5473 5472)
4(5512 5513 5474 5473)
4(5513 5514 5475 5474)
4(5514 5515 5476 5475)
4(5515 5516 5477 5476)
4(5516 5517 5478 5477)
4(5517 5518 5479 5478)
4(5518 5519 5480 5479)
4(5519 5520 5481 5480)
4(5520 5521 5482 5481)
4(5521 5522 5483 5482)
4(5522 442 441 5483)
4(15 5523 5484 16)
4(5523 5524 5485 5484)
4(5524 5525 5486 5485)
4(5525 5526 5487 5486)
4(5526 5527 5488 5487)
4(5527 5528 5489 5488)
4(5528 5529 5490 5489)
4(5529 5530 5491 5490)
4(5530 5531 5492 5491)
4(5531 5532 5493 5492)
4(5532 5533 5494 5493)
4(5533 5534 5495 5494)
4(5534 5535 5496 5495)
4(5535 5536 5497 5496)
4(5536 5537 5498 5497)
4(5537 5538 5499 5498)
4(5538 5539 5500 5499)
4(5539 5540 5501 5500)
4(5540 5541 5502 5501)
4(5541 5542 5503 5502)
4(5542 5543 5504 5503)
4(5543 5544 5505 5504)
4(5544 5545 5506 5505)
4(5545 5546 5507 5506)
4(5546 5547 5508 5507)
4(5547 5548 5509 5508)
4(5548 5549 5510 5509)
4(5549 5550 5511 5510)
4(5550 5551 5512 5511)
4(5551 5552 5513 5512)
4(5552 5553 5514 5513)
4(5553 5554 5515 5514)
4(5554 5555 5516 5515)
4(5555 5556 5517 5516)
4(5556 5557 5518 5517)
4(5557 5558 5519 5518)
4(5558 5559 5520 5519)
4(5559 5560 5521 5520)
4(5560 5561 5522 5521)
4(5561 443 442 5522)
4(14 5562 5523 15)
4(5562 5563 5524 5523)
4(5563 5564 5525 5524)
4(5564 5565 5526 5525)
4(5565 5566 5527 5526)
4(5566 5567 5528 5527)
4(5567 5568 5529 5528)
4(5568 5569 5530 5529)
4(5569 5570 5531 5530)
4(5570 5571 5532 5531)
4(5571 5572 5533 5532)
4(5572 5573 5534 5533)
4(5573 5574 5535 5534)
4(5574 5575 5536 5535)
4(5575 5576 5537 5536)
4(5576 5577 5538 5537)
4(5577 5578 5539 5538)
4(5578 5579 5540 5539)
4(5579 5580 5541 5540)
4(5580 5581 5542 5541)
4(5581 5582 5543 5542)
4(5582 5583 5544 5543)
4(5583 5584 5545 5544)
4(5584 5585 5546 5545)
4(5585 5586 5547 5546)
4(5586 5587 5548 5547)
4(5587 5588 5549 5548)
4(5588 5589 5550 5549)
4(5589 5590 5551 5550)
4(5590 5591 5552 5551)
4(5591 5592 5553 5552)
4(5592 5593 5554 5553)
4(5593 5594 5555 5554)
4(5594 5595 5556 5555)
4(5595 5596 5557 5556)
4(5596 5597 5558 5557)
4(5597 5598 5559 5558)
4(5598 5599 5560 5559)
4(5599 5600 5561 5560)
4(5600 444 443 5561)
4(13 5601 5562 14)
4(5601 5602 5563 5562)
4(5602 5603 5564 5563)
4(5603 5604 5565 5564)
4(5604 5605 5566 5565)
4(5605 5606 5567 5566)
4(5606 5607 5568 5567)
4(5607 5608 5569 5568)
4(5608 5609 5570 5569)
4(5609 5610 5571 5570)
4(5610 5611 5572 5571)
4(5611 5612 5573 5572)
4(5612 5613 5574 5573)
4(5613 5614 5575 5574)
4(5614 5615 5576 5575)
4(5615 5616 5577 5576)
4(5616 5617 5578 5577)
4(5617 5618 5579 5578)
4(5618 5619 5580 5579)
4(5619 5620 5581 5580)
4(5620 5621 5582 5581)
4(5621 5622 5583 5582)
4(5622 5623 5584 5583)
4(5623 5624 5585 5584)
4(5624 5625 5586 5585)
4(5625 5626 5587 5586)
4(5626 5627 5588 5587)
4(5627 5628 5589 5588)
4(5628 5629 5590 5589)
4(5629 5630 5591 5590)
4(5630 5631 5592 5591)
4(5631 5632 5593 5592)
4(5632 5633 5594 5593)
4(5633 5634 5595 5594)
4(5634 5635 5596 5595)
4(5635 5636 5597 5596)
4(5636 5637 5598 5597)
4(5637 5638 5599 5598)
4(5638 5639 5600 5599)
4(5639 445 444 5600)
4(12 5640 5601 13)
4(5640 5641 5602 5601)
4(5641 5642 5603 5602)
4(5642 5643 5604 5603)
4(5643 5644 5605 5604)
4(5644 5645 5606 5605)
4(5645 5646 5607 5606)
4(5646 5647 5608 5607)
4(5647 5648 5609 5608)
4(5648 5649 5610 5609)
4(5649 5650 5611 5610)
4(5650 5651 5612 5611)
4(5651 5652 5613 5612)
4(5652 5653 5614 5613)
4(5653 5654 5615 5614)
4(5654 5655 5616 5615)
4(5655 5656 5617 5616)
4(5656 5657 5618 5617)
4(5657 5658 5619 5618)
4(5658 5659 5620 5619)
4(5659 5660 5621 5620)
4(5660 5661 5622 5621)
4(5661 5662 5623 5622)
4(5662 5663 5624 5623)
4(5663 5664 5625 5624)
4(5664 5665 5626 5625)
4(5665 5666 5627 5626)
4(5666 5667 5628 5627)
4(5667 5668 5629 5628)
4(5668 5669 5630 5629)
4(5669 5670 5631 5630)
4(5670 5671 5632 5631)
4(5671 5672 5633 5632)
4(5672 5673 5634 5633)
4(5673 5674 5635 5634)
4(5674 5675 5636 5635)
4(5675 5676 5637 5636)
4(5676 5677 5638 5637)
4(5677 5678 5639 5638)
4(5678 446 445 5639)
4(0 604 5640 12)
4(604 603 5641 5640)
4(603 602 5642 5641)
4(602 601 5643 5642)
4(601 600 5644 5643)
4(600 599 5645 5644)
4(599 598 5646 5645)
4(598 597 5647 5646)
4(597 596 5648 5647)
4(596 595 5649 5648)
4(595 594 5650 5649)
4(594 593 5651 5650)
4(593 592 5652 5651)
4(592 591 5653 5652)
4(591 590 5654 5653)
4(590 589 5655 5654)
4(589 588 5656 5655)
4(588 587 5657 5656)
4(587 586 5658 5657)
4(586 585 5659 5658)
4(585 584 5660 5659)
4(584 583 5661 5660)
4(583 582 5662 5661)
4(582 581 5663 5662)
4(581 580 5664 5663)
4(580 579 5665 5664)
4(579 578 5666 5665)
4(578 577 5667 5666)
4(577 576 5668 5667)
4(576 575 5669 5668)
4(575 574 5670 5669)
4(574 573 5671 5670)
4(573 572 5672 5671)
4(572 571 5673 5672)
4(571 570 5674 5673)
4(570 569 5675 5674)
4(569 568 5676 5675)
4(568 567 5677 5676)
4(567 566 5678 5677)
4(566 6 446 5678)
4(1 131 5679 643)
4(643 5679 5680 642)
4(642 5680 5681 641)
4(641 5681 5682 640)
4(640 5682 5683 639)
4(639 5683 5684 638)
4(638 5684 5685 637)
4(637 5685 5686 636)
4(636 5686 5687 635)
4(635 5687 5688 634)
4(634 5688 5689 633)
4(633 5689 5690 632)
4(632 5690 5691 631)
4(631 5691 5692 630)
4(630 5692 5693 629)
4(629 5693 5694 628)
4(628 5694 5695 627)
4(627 5695 5696 626)
4(626 5696 5697 625)
4(625 5697 5698 624)
4(624 5698 5699 623)
4(623 5699 5700 622)
4(622 5700 5701 621)
4(621 5701 5702 620)
4(620 5702 5703 619)
4(619 5703 5704 618)
4(618 5704 5705 617)
4(617 5705 5706 616)
4(616 5706 5707 615)
4(615 5707 5708 614)
4(614 5708 5709 613)
4(613 5709 5710 612)
4(612 5710 5711 611)
4(611 5711 5712 610)
4(610 5712 5713 609)
4(609 5713 5714 608)
4(608 5714 5715 607)
4(607 5715 5716 606)
4(606 5716 5717 605)
4(605 5717 565 7)
4(131 132 5718 5679)
4(5679 5718 5719 5680)
4(5680 5719 5720 5681)
4(5681 5720 5721 5682)
4(5682 5721 5722 5683)
4(5683 5722 5723 5684)
4(5684 5723 5724 5685)
4(5685 5724 5725 5686)
4(5686 5725 5726 5687)
4(5687 5726 5727 5688)
4(5688 5727 5728 5689)
4(5689 5728 5729 5690)
4(5690 5729 5730 5691)
4(5691 5730 5731 5692)
4(5692 5731 5732 5693)
4(5693 5732 5733 5694)
4(5694 5733 5734 5695)
4(5695 5734 5735 5696)
4(5696 5735 5736 5697)
4(5697 5736 5737 5698)
4(5698 5737 5738 5699)
4(5699 5738 5739 5700)
4(5700 5739 5740 5701)
4(5701 5740 5741 5702)
4(5702 5741 5742 5703)
4(5703 5742 5743 5704)
4(5704 5743 5744 5705)
4(5705 5744 5745 5706)
4(5706 5745 5746 5707)
4(5707 5746 5747 5708)
4(5708 5747 5748 5709)
4(5709 5748 5749 5710)
4(5710 5749 5750 5711)
4(5711 5750 5751 5712)
4(5712 5751 5752 5713)
4(5713 5752 5753 5714)
4(5714 5753 5754 5715)
4(5715 5754 5755 5716)
4(5716 5755 5756 5717)
4(5717 5756 564 565)
4(132 133 5757 5718)
4(5718 5757 5758 5719)
4(5719 5758 5759 5720)
4(5720 5759 5760 5721)
4(5721 5760 5761 5722)
4(5722 5761 5762 5723)
4(5723 5762 5763 5724)
4(5724 5763 5764 5725)
4(5725 5764 5765 5726)
4(5726 5765 5766 5727)
4(5727 5766 5767 5728)
4(5728 5767 5768 5729)
4(5729 5768 5769 5730)
4(5730 5769 5770 5731)
4(5731 5770 5771 5732)
4(5732 5771 5772 5733)
4(5733 5772 5773 5734)
4(5734 5773 5774 5735)
4(5735 5774 5775 5736)
4(5736 5775 5776 5737)
4(5737 5776 5777 5738)
4(5738 5777 5778 5739)
4(5739 5778 5779 5740)
4(5740 5779 5780 5741)
4(5741 5780 5781 5742)
4(5742 5781 5782 5743)
4(5743 5782 5783 5744)
4(5744 5783 5784 5745)
4(5745 5784 5785 5746)
4(5746 5785 5786 5747)
4(5747 5786 5787 5748)
4(5748 5787 5788 5749)
4(5749 5788 5789 5750)
4(5750 5789 5790 5751)
4(5751 5790 5791 5752)
4(5752 5791 5792 5753)
4(5753 5792 5793 5754)
4(5754 5793 5794 5755)
4(5755 5794 5795 5756)
4(5756 5795 563 564)
4(133 134 5796 5757)
4(5757 5796 5797 5758)
4(5758 5797 5798 5759)
4(5759 5798 5799 5760)
4(5760 5799 5800 5761)
4(5761 5800 5801 5762)
4(5762 5801 5802 5763)
4(5763 5802 5803 5764)
4(5764 5803 5804 5765)
4(5765 5804 5805 5766)
4(5766 5805 5806 5767)
4(5767 5806 5807 5768)
4(5768 5807 5808 5769)
4(5769 5808 5809 5770)
4(5770 5809 5810 5771)
4(5771 5810 5811 5772)
4(5772 5811 5812 5773)
4(5773 5812 5813 5774)
4(5774 5813 5814 5775)
4(5775 5814 5815 5776)
4(5776 5815 5816 5777)
4(5777 5816 5817 5778)
4(5778 5817 5818 5779)
4(5779 5818 5819 5780)
4(5780 5819 5820 5781)
4(5781 5820 5821 5782)
4(5782 5821 5822 5783)
4(5783 5822 5823 5784)
4(5784 5823 5824 5785)
4(5785 5824 5825 5786)
4(5786 5825 5826 5787)
4(5787 5826 5827 5788)
4(5788 5827 5828 5789)
4(5789 5828 5829 5790)
4(5790 5829 5830 5791)
4(5791 5830 5831 5792)
4(5792 5831 5832 5793)
4(5793 5832 5833 5794)
4(5794 5833 5834 5795)
4(5795 5834 562 563)
4(134 135 5835 5796)
4(5796 5835 5836 5797)
4(5797 5836 5837 5798)
4(5798 5837 5838 5799)
4(5799 5838 5839 5800)
4(5800 5839 5840 5801)
4(5801 5840 5841 5802)
4(5802 5841 5842 5803)
4(5803 5842 5843 5804)
4(5804 5843 5844 5805)
4(5805 5844 5845 5806)
4(5806 5845 5846 5807)
4(5807 5846 5847 5808)
4(5808 5847 5848 5809)
4(5809 5848 5849 5810)
4(5810 5849 5850 5811)
4(5811 5850 5851 5812)
4(5812 5851 5852 5813)
4(5813 5852 5853 5814)
4(5814 5853 5854 5815)
4(5815 5854 5855 5816)
4(5816 5855 5856 5817)
4(5817 5856 5857 5818)
4(5818 5857 5858 5819)
4(5819 5858 5859 5820)
4(5820 5859 5860 5821)
4(5821 5860 5861 5822)
4(5822 5861 5862 5823)
4(5823 5862 5863 5824)
4(5824 5863 5864 5825)
4(5825 5864 5865 5826)
4(5826 5865 5866 5827)
4(5827 5866 5867 5828)
4(5828 5867 5868 5829)
4(5829 5868 5869 5830)
4(5830 5869 5870 5831)
4(5831 5870 5871 5832)
4(5832 5871 5872 5833)
4(5833 5872 5873 5834)
4(5834 5873 561 562)
4(135 136 5874 5835)
4(5835 5874 5875 5836)
4(5836 5875 5876 5837)
4(5837 5876 5877 5838)
4(5838 5877 5878 5839)
4(5839 5878 5879 5840)
4(5840 5879 5880 5841)
4(5841 5880 5881 5842)
4(5842 5881 5882 5843)
4(5843 5882 5883 5844)
4(5844 5883 5884 5845)
4(5845 5884 5885 5846)
4(5846 5885 5886 5847)
4(5847 5886 5887 5848)
4(5848 5887 5888 5849)
4(5849 5888 5889 5850)
4(5850 5889 5890 5851)
4(5851 5890 5891 5852)
4(5852 5891 5892 5853)
4(5853 5892 5893 5854)
4(5854 5893 5894 5855)
4(5855 5894 5895 5856)
4(5856 5895 5896 5857)
4(5857 5896 5897 5858)
4(5858 5897 5898 5859)
4(5859 5898 5899 5860)
4(5860 5899 5900 5861)
4(5861 5900 5901 5862)
4(5862 5901 5902 5863)
4(5863 5902 5903 5864)
4(5864 5903 5904 5865)
4(5865 5904 5905 5866)
4(5866 5905 5906 5867)
4(5867 5906 5907 5868)
4(5868 5907 5908 5869)
4(5869 5908 5909 5870)
4(5870 5909 5910 5871)
4(5871 5910 5911 5872)
4(5872 5911 5912 5873)
4(5873 5912 560 561)
4(136 137 5913 5874)
4(5874 5913 5914 5875)
4(5875 5914 5915 5876)
4(5876 5915 5916 5877)
4(5877 5916 5917 5878)
4(5878 5917 5918 5879)
4(5879 5918 5919 5880)
4(5880 5919 5920 5881)
4(5881 5920 5921 5882)
4(5882 5921 5922 5883)
4(5883 5922 5923 5884)
4(5884 5923 5924 5885)
4(5885 5924 5925 5886)
4(5886 5925 5926 5887)
4(5887 5926 5927 5888)
4(5888 5927 5928 5889)
4(5889 5928 5929 5890)
4(5890 5929 5930 5891)
4(5891 5930 5931 5892)
4(5892 5931 5932 5893)
4(5893 5932 5933 5894)
4(5894 5933 5934 5895)
4(5895 5934 5935 5896)
4(5896 5935 5936 5897)
4(5897 5936 5937 5898)
4(5898 5937 5938 5899)
4(5899 5938 5939 5900)
4(5900 5939 5940 5901)
4(5901 5940 5941 5902)
4(5902 5941 5942 5903)
4(5903 5942 5943 5904)
4(5904 5943 5944 5905)
4(5905 5944 5945 5906)
4(5906 5945 5946 5907)
4(5907 5946 5947 5908)
4(5908 5947 5948 5909)
4(5909 5948 5949 5910)
4(5910 5949 5950 5911)
4(5911 5950 5951 5912)
4(5912 5951 559 560)
4(137 138 5952 5913)
4(5913 5952 5953 5914)
4(5914 5953 5954 5915)
4(5915 5954 5955 5916)
4(5916 5955 5956 5917)
4(5917 5956 5957 5918)
4(5918 5957 5958 5919)
4(5919 5958 5959 5920)
4(5920 5959 5960 5921)
4(5921 5960 5961 5922)
4(5922 5961 5962 5923)
4(5923 5962 5963 5924)
4(5924 5963 5964 5925)
4(5925 5964 5965 5926)
4(5926 5965 5966 5927)
4(5927 5966 5967 5928)
4(5928 5967 5968 5929)
4(5929 5968 5969 5930)
4(5930 5969 5970 5931)
4(5931 5970 5971 5932)
4(5932 5971 5972 5933)
4(5933 5972 5973 5934)
4(5934 5973 5974 5935)
4(5935 5974 5975 5936)
4(5936 5975 5976 5937)
4(5937 5976 5977 5938)
4(5938 5977 5978 5939)
4(5939 5978 5979 5940)
4(5940 5979 5980 5941)
4(5941 5980 5981 5942)
4(5942 5981 5982 5943)
4(5943 5982 5983 5944)
4(5944 5983 5984 5945)
4(5945 5984 5985 5946)
4(5946 5985 5986 5947)
4(5947 5986 5987 5948)
4(5948 5987 5988 5949)
4(5949 5988 5989 5950)
4(5950 5989 5990 5951)
4(5951 5990 558 559)
4(138 139 5991 5952)
4(5952 5991 5992 5953)
4(5953 5992 5993 5954)
4(5954 5993 5994 5955)
4(5955 5994 5995 5956)
4(5956 5995 5996 5957)
4(5957 5996 5997 5958)
4(5958 5997 5998 5959)
4(5959 5998 5999 5960)
4(5960 5999 6000 5961)
4(5961 6000 6001 5962)
4(5962 6001 6002 5963)
4(5963 6002 6003 5964)
4(5964 6003 6004 5965)
4(5965 6004 6005 5966)
4(5966 6005 6006 5967)
4(5967 6006 6007 5968)
4(5968 6007 6008 5969)
4(5969 6008 6009 5970)
4(5970 6009 6010 5971)
4(5971 6010 6011 5972)
4(5972 6011 6012 5973)
4(5973 6012 6013 5974)
4(5974 6013 6014 5975)
4(5975 6014 6015 5976)
4(5976 6015 6016 5977)
4(5977 6016 6017 5978)
4(5978 6017 6018 5979)
4(5979 6018 6019 5980)
4(5980 6019 6020 5981)
4(5981 6020 6021 5982)
4(5982 6021 6022 5983)
4(5983 6022 6023 5984)
4(5984 6023 6024 5985)
4(5985 6024 6025 5986)
4(5986 6025 6026 5987)
4(5987 6026 6027 5988)
4(5988 6027 6028 5989)
4(5989 6028 6029 5990)
4(5990 6029 557 558)
4(139 140 6030 5991)
4(5991 6030 6031 5992)
4(5992 6031 6032 5993)
4(5993 6032 6033 5994)
4(5994 6033 6034 5995)
4(5995 6034 6035 5996)
4(5996 6035 6036 5997)
4(5997 6036 6037 5998)
4(5998 6037 6038 5999)
4(5999 6038 6039 6000)
4(6000 6039 6040 6001)
4(6001 6040 6041 6002)
4(6002 6041 6042 6003)
4(6003 6042 6043 6004)
4(6004 6043 6044 6005)
4(6005 6044 6045 6006)
4(6006 6045 6046 6007)
4(6007 6046 6047 6008)
4(6008 6047 6048 6009)
4(6009 6048 6049 6010)
4(6010 6049 6050 6011)
4(6011 6050 6051 6012)
4(6012 6051 6052 6013)
4(6013 6052 6053 6014)
4(6014 6053 6054 6015)
4(6015 6054 6055 6016)
4(6016 6055 6056 6017)
4(6017 6056 6057 6018)
4(6018 6057 6058 6019)
4(6019 6058 6059 6020)
4(6020 6059 6060 6021)
4(6021 6060 6061 6022)
4(6022 6061 6062 6023)
4(6023 6062 6063 6024)
4(6024 6063 6064 6025)
4(6025 6064 6065 6026)
4(6026 6065 6066 6027)
4(6027 6066 6067 6028)
4(6028 6067 6068 6029)
4(6029 6068 556 557)
4(140 141 6069 6030)
4(6030 6069 6070 6031)
4(6031 6070 6071 6032)
4(6032 6071 6072 6033)
4(6033 6072 6073 6034)
4(6034 6073 6074 6035)
4(6035 6074 6075 6036)
4(6036 6075 6076 6037)
4(6037 6076 6077 6038)
4(6038 6077 6078 6039)
4(6039 6078 6079 6040)
4(6040 6079 6080 6041)
4(6041 6080 6081 6042)
4(6042 6081 6082 6043)
4(6043 6082 6083 6044)
4(6044 6083 6084 6045)
4(6045 6084 6085 6046)
4(6046 6085 6086 6047)
4(6047 6086 6087 6048)
4(6048 6087 6088 6049)
4(6049 6088 6089 6050)
4(6050 6089 6090 6051)
4(6051 6090 6091 6052)
4(6052 6091 6092 6053)
4(6053 6092 6093 6054)
4(6054 6093 6094 6055)
4(6055 6094 6095 6056)
4(6056 6095 6096 6057)
4(6057 6096 6097 6058)
4(6058 6097 6098 6059)
4(6059 6098 6099 6060)
4(6060 6099 6100 6061)
4(6061 6100 6101 6062)
4(6062 6101 6102 6063)
4(6063 6102 6103 6064)
4(6064 6103 6104 6065)
4(6065 6104 6105 6066)
4(6066 6105 6106 6067)
4(6067 6106 6107 6068)
4(6068 6107 555 556)
4(141 142 6108 6069)
4(6069 6108 6109 6070)
4(6070 6109 6110 6071)
4(6071 6110 6111 6072)
4(6072 6111 6112 6073)
4(6073 6112 6113 6074)
4(6074 6113 6114 6075)
4(6075 6114 6115 6076)
4(6076 6115 6116 6077)
4(6077 6116 6117 6078)
4(6078 6117 6118 6079)
4(6079 6118 6119 6080)
4(6080 6119 6120 6081)
4(6081 6120 6121 6082)
4(6082 6121 6122 6083)
4(6083 6122 6123 6084)
4(6084 6123 6124 6085)
4(6085 6124 6125 6086)
4(6086 6125 6126 6087)
4(6087 6126 6127 6088)
4(6088 6127 6128 6089)
4(6089 6128 6129 6090)
4(6090 6129 6130 6091)
4(6091 6130 6131 6092)
4(6092 6131 6132 6093)
4(6093 6132 6133 6094)
4(6094 6133 6134 6095)
4(6095 6134 6135 6096)
4(6096 6135 6136 6097)
4(6097 6136 6137 6098)
4(6098 6137 6138 6099)
4(6099 6138 6139 6100)
4(6100 6139 6140 6101)
4(6101 6140 6141 6102)
4(6102 6141 6142 6103)
4(6103 6142 6143 6104)
4(6104 6143 6144 6105)
4(6105 6144 6145 6106)
4(6106 6145 6146 6107)
4(6107 6146 554 555)
4(142 143 6147 6108)
4(6108 6147 6148 6109)
4(6109 6148 6149 6110)
4(6110 6149 6150 6111)
4(6111 6150 6151 6112)
4(6112 6151 6152 6113)
4(6113 6152 6153 6114)
4(6114 6153 6154 6115)
4(6115 6154 6155 6116)
4(6116 6155 6156 6117)
4(6117 6156 6157 6118)
4(6118 6157 6158 6119)
4(6119 6158 6159 6120)
4(6120 6159 6160 6121)
4(6121 6160 6161 6122)
4(6122 6161 6162 6123)
4(6123 6162 6163 6124)
4(6124 6163 6164 6125)
4(6125 6164 6165 6126)
4(6126 6165 6166 6127)
4(6127 6166 6167 6128)
4(6128 6167 6168 6129)
4(6129 6168 6169 6130)
4(6130 6169 6170 6131)
4(6131 6170 6171 6132)
4(6132 6171 6172 6133)
4(6133 6172 6173 6134)
4(6134 6173 6174 6135)
4(6135 6174 6175 6136)
4(6136 6175 6176 6137)
4(6137 6176 6177 6138)
4(6138 6177 6178 6139)
4(6139 6178 6179 6140)
4(6140 6179 6180 6141)
4(6141 6180 6181 6142)
4(6142 6181 6182 6143)
4(6143 6182 6183 6144)
4(6144 6183 6184 6145)
4(6145 6184 6185 6146)
4(6146 6185 553 554)
4(143 144 6186 6147)
4(6147 6186 6187 6148)
4(6148 6187 6188 6149)
4(6149 6188 6189 6150)
4(6150 6189 6190 6151)
4(6151 6190 6191 6152)
4(6152 6191 6192 6153)
4(6153 6192 6193 6154)
4(6154 6193 6194 6155)
4(6155 6194 6195 6156)
4(6156 6195 6196 6157)
4(6157 6196 6197 6158)
4(6158 6197 6198 6159)
4(6159 6198 6199 6160)
4(6160 6199 6200 6161)
4(6161 6200 6201 6162)
4(6162 6201 6202 6163)
4(6163 6202 6203 6164)
4(6164 6203 6204 6165)
4(6165 6204 6205 6166)
4(6166 6205 6206 6167)
4(6167 6206 6207 6168)
4(6168 6207 6208 6169)
4(6169 6208 6209 6170)
4(6170 6209 6210 6171)
4(6171 6210 6211 6172)
4(6172 6211 6212 6173)
4(6173 6212 6213 6174)
4(6174 6213 6214 6175)
4(6175 6214 6215 6176)
4(6176 6215 6216 6177)
4(6177 6216 6217 6178)
4(6178 6217 6218 6179)
4(6179 6218 6219 6180)
4(6180 6219 6220 6181)
4(6181 6220 6221 6182)
4(6182 6221 6222 6183)
4(6183 6222 6223 6184)
4(6184 6223 6224 6185)
4(6185 6224 552 553)
4(144 145 6225 6186)
4(6186 6225 6226 6187)
4(6187 6226 6227 6188)
4(6188 6227 6228 6189)
4(6189 6228 6229 6190)
4(6190 6229 6230 6191)
4(6191 6230 6231 6192)
4(6192 6231 6232 6193)
4(6193 6232 6233 6194)
4(6194 6233 6234 6195)
4(6195 6234 6235 6196)
4(6196 6235 6236 6197)
4(6197 6236 6237 6198)
4(6198 6237 6238 6199)
4(6199 6238 6239 6200)
4(6200 6239 6240 6201)
4(6201 6240 6241 6202)
4(6202 6241 6242 6203)
4(6203 6242 6243 6204)
4(6204 6243 6244 6205)
4(6205 6244 6245 6206)
4(6206 6245 6246 6207)
4(6207 6246 6247 6208)
4(6208 6247 6248 6209)
4(6209 6248 6249 6210)
4(6210 6249 6250 6211)
4(6211 6250 6251 6212)
4(6212 6251 6252 6213)
4(6213 6252 6253 6214)
4(6214 6253 6254 6215)
4(6215 6254 6255 6216)
4(6216 6255 6256 6217)
4(6217 6256 6257 6218)
4(6218 6257 6258 6219)
4(6219 6258 6259 6220)
4(6220 6259 6260 6221)
4(6221 6260 6261 6222)
4(6222 6261 6262 6223)
4(6223 6262 6263 6224)
4(6224 6263 551 552)
4(145 146 6264 6225)
4(6225 6264 6265 6226)
4(6226 6265 6266 6227)
4(6227 6266 6267 6228)
4(6228 6267 6268 6229)
4(6229 6268 6269 6230)
4(6230 6269 6270 6231)
4(6231 6270 6271 6232)
4(6232 6271 6272 6233)
4(6233 6272 6273 6234)
4(6234 6273 6274 6235)
4(6235 6274 6275 6236)
4(6236 6275 6276 6237)
4(6237 6276 6277 6238)
4(6238 6277 6278 6239)
4(6239 6278 6279 6240)
4(6240 6279 6280 6241)
4(6241 6280 6281 6242)
4(6242 6281 6282 6243)
4(6243 6282 6283 6244)
4(6244 6283 6284 6245)
4(6245 6284 6285 6246)
4(6246 6285 6286 6247)
4(6247 6286 6287 6248)
4(6248 6287 6288 6249)
4(6249 6288 6289 6250)
4(6250 6289 6290 6251)
4(6251 6290 6291 6252)
4(6252 6291 6292 6253)
4(6253 6292 6293 6254)
4(6254 6293 6294 6255)
4(6255 6294 6295 6256)
4(6256 6295 6296 6257)
4(6257 6296 6297 6258)
4(6258 6297 6298 6259)
4(6259 6298 6299 6260)
4(6260 6299 6300 6261)
4(6261 6300 6301 6262)
4(6262 6301 6302 6263)
4(6263 6302 550 551)
4(146 147 6303 6264)
4(6264 6303 6304 6265)
4(6265 6304 6305 6266)
4(6266 6305 6306 6267)
4(6267 6306 6307 6268)
4(6268 6307 6308 6269)
4(6269 6308 6309 6270)
4(6270 6309 6310 6271)
4(6271 6310 6311 6272)
4(6272 6311 6312 6273)
4(6273 6312 6313 6274)
4(6274 6313 6314 6275)
4(6275 6314 6315 6276)
4(6276 6315 6316 6277)
4(6277 6316 6317 6278)
4(6278 6317 6318 6279)
4(6279 6318 6319 6280)
4(6280 6319 6320 6281)
4(6281 6320 6321 6282)
4(6282 6321 6322 6283)
4(6283 6322 6323 6284)
4(6284 6323 6324 6285)
4(6285 6324 6325 6286)
4(6286 6325 6326 6287)
4(6287 6326 6327 6288)
4(6288 6327 6328 6289)
4(6289 6328 6329 6290)
4(6290 6329 6330 6291)
4(6291 6330 6331 6292)
4(6292 6331 6332 6293)
4(6293 6332 6333 6294)
4(6294 6333 6334 6295)
4(6295 6334 6335 6296)
4(6296 6335 6336 6297)
4(6297 6336 6337 6298)
4(6298 6337 6338 6299)
4(6299 6338 6339 6300)
4(6300 6339 6340 6301)
4(6301 6340 6341 6302)
4(6302 6341 549 550)
4(147 148 6342 6303)
4(6303 6342 6343 6304)
4(6304 6343 6344 6305)
4(6305 6344 6345 6306)
4(6306 6345 6346 6307)
4(6307 6346 6347 6308)
4(6308 6347 6348 6309)
4(6309 6348 6349 6310)
4(6310 6349 6350 6311)
4(6311 6350 6351 6312)
4(6312 6351 6352 6313)
4(6313 6352 6353 6314)
4(6314 6353 6354 6315)
4(6315 6354 6355 6316)
4(6316 6355 6356 6317)
4(6317 6356 6357 6318)
4(6318 6357 6358 6319)
4(6319 6358 6359 6320)
4(6320 6359 6360 6321)
4(6321 6360 6361 6322)
4(6322 6361 6362 6323)
4(6323 6362 6363 6324)
4(6324 6363 6364 6325)
4(6325 6364 6365 6326)
4(6326 6365 6366 6327)
4(6327 6366 6367 6328)
4(6328 6367 6368 6329)
4(6329 6368 6369 6330)
4(6330 6369 6370 6331)
4(6331 6370 6371 6332)
4(6332 6371 6372 6333)
4(6333 6372 6373 6334)
4(6334 6373 6374 6335)
4(6335 6374 6375 6336)
4(6336 6375 6376 6337)
4(6337 6376 6377 6338)
4(6338 6377 6378 6339)
4(6339 6378 6379 6340)
4(6340 6379 6380 6341)
4(6341 6380 548 549)
4(148 149 6381 6342)
4(6342 6381 6382 6343)
4(6343 6382 6383 6344)
4(6344 6383 6384 6345)
4(6345 6384 6385 6346)
4(6346 6385 6386 6347)
4(6347 6386 6387 6348)
4(6348 6387 6388 6349)
4(6349 6388 6389 6350)
4(6350 6389 6390 6351)
4(6351 6390 6391 6352)
4(6352 6391 6392 6353)
4(6353 6392 6393 6354)
4(6354 6393 6394 6355)
4(6355 6394 6395 6356)
4(6356 6395 6396 6357)
4(6357 6396 6397 6358)
4(6358 6397 6398 6359)
4(6359 6398 6399 6360)
4(6360 6399 6400 6361)
4(6361 6400 6401 6362)
4(6362 6401 6402 6363)
4(6363 6402 6403 6364)
4(6364 6403 6404 6365)
4(6365 6404 6405 6366)
4(6366 6405 6406 6367)
4(6367 6406 6407 6368)
4(6368 6407 6408 6369)
4(6369 6408 6409 6370)
4(6370 6409 6410 6371)
4(6371 6410 6411 6372)
4(6372 6411 6412 6373)
4(6373 6412 6413 6374)
4(6374 6413 6414 6375)
4(6375 6414 6415 6376)
4(6376 6415 6416 6377)
4(6377 6416 6417 6378)
4(6378 6417 6418 6379)
4(6379 6418 6419 6380)
4(6380 6419 547 548)
4(149 150 6420 6381)
4(6381 6420 6421 6382)
4(6382 6421 6422 6383)
4(6383 6422 6423 6384)
4(6384 6423 6424 6385)
4(6385 6424 6425 6386)
4(6386 6425 6426 6387)
4(6387 6426 6427 6388)
4(6388 6427 6428 6389)
4(6389 6428 6429 6390)
4(6390 6429 6430 6391)
4(6391 6430 6431 6392)
4(6392 6431 6432 6393)
4(6393 6432 6433 6394)
4(6394 6433 6434 6395)
4(6395 6434 6435 6396)
4(6396 6435 6436 6397)
4(6397 6436 6437 6398)
4(6398 6437 6438 6399)
4(6399 6438 6439 6400)
4(6400 6439 6440 6401)
4(6401 6440 6441 6402)
4(6402 6441 6442 6403)
4(6403 6442 6443 6404)
4(6404 6443 6444 6405)
4(6405 6444 6445 6406)
4(6406 6445 6446 6407)
4(6407 6446 6447 6408)
4(6408 6447 6448 6409)
4(6409 6448 6449 6410)
4(6410 6449 6450 6411)
4(6411 6450 6451 6412)
4(6412 6451 6452 6413)
4(6413 6452 6453 6414)
4(6414 6453 6454 6415)
4(6415 6454 6455 6416)
4(6416 6455 6456 6417)
4(6417 6456 6457 6418)
4(6418 6457 6458 6419)
4(6419 6458 546 547)
4(150 151 6459 6420)
4(6420 6459 6460 6421)
4(6421 6460 6461 6422)
4(6422 6461 6462 6423)
4(6423 6462 6463 6424)
4(6424 6463 6464 6425)
4(6425 6464 6465 6426)
4(6426 6465 6466 6427)
4(6427 6466 6467 6428)
4(6428 6467 6468 6429)
4(6429 6468 6469 6430)
4(6430 6469 6470 6431)
4(6431 6470 6471 6432)
4(6432 6471 6472 6433)
4(6433 6472 6473 6434)
4(6434 6473 6474 6435)
4(6435 6474 6475 6436)
4(6436 6475 6476 6437)
4(6437 6476 6477 6438)
4(6438 6477 6478 6439)
4(6439 6478 6479 6440)
4(6440 6479 6480 6441)
4(6441 6480 6481 6442)
4(6442 6481 6482 6443)
4(6443 6482 6483 6444)
4(6444 6483 6484 6445)
4(6445 6484 6485 6446)
4(6446 6485 6486 6447)
4(6447 6486 6487 6448)
4(6448 6487 6488 6449)
4(6449 6488 6489 6450)
4(6450 6489 6490 6451)
4(6451 6490 6491 6452)
4(6452 6491 6492 6453)
4(6453 6492 6493 6454)
4(6454 6493 6494 6455)
4(6455 6494 6495 6456)
4(6456 6495 6496 6457)
4(6457 6496 6497 6458)
4(6458 6497 545 546)
4(151 152 6498 6459)
4(6459 6498 6499 6460)
4(6460 6499 6500 6461)
4(6461 6500 6501 6462)
4(6462 6501 6502 6463)
4(6463 6502 6503 6464)
4(6464 6503 6504 6465)
4(6465 6504 6505 6466)
4(6466 6505 6506 6467)
4(6467 6506 6507 6468)
4(6468 6507 6508 6469)
4(6469 6508 6509 6470)
4(6470 6509 6510 6471)
4(6471 6510 6511 6472)
4(6472 6511 6512 6473)
4(6473 6512 6513 6474)
4(6474 6513 6514 6475)
4(6475 6514 6515 6476)
4(6476 6515 6516 6477)
4(6477 6516 6517 6478)
4(6478 6517 6518 6479)
4(6479 6518 6519 6480)
4(6480 6519 6520 6481)
4(6481 6520 6521 6482)
4(6482 6521 6522 6483)
4(6483 6522 6523 6484)
4(6484 6523 6524 6485)
4(6485 6524 6525 6486)
4(6486 6525 6526 6487)
4(6487 6526 6527 6488)
4(6488 6527 6528 6489)
4(6489 6528 6529 6490)
4(6490 6529 6530 6491)
4(6491 6530 6531 6492)
4(6492 6531 6532 6493)
4(6493 6532 6533 6494)
4(6494 6533 6534 6495)
4(6495 6534 6535 6496)
4(6496 6535 6536 6497)
4(6497 6536 544 545)
4(152 153 6537 6498)
4(6498 6537 6538 6499)
4(6499 6538 6539 6500)
4(6500 6539 6540 6501)
4(6501 6540 6541 6502)
4(6502 6541 6542 6503)
4(6503 6542 6543 6504)
4(6504 6543 6544 6505)
4(6505 6544 6545 6506)
4(6506 6545 6546 6507)
4(6507 6546 6547 6508)
4(6508 6547 6548 6509)
4(6509 6548 6549 6510)
4(6510 6549 6550 6511)
4(6511 6550 6551 6512)
4(6512 6551 6552 6513)
4(6513 6552 6553 6514)
4(6514 6553 6554 6515)
4(6515 6554 6555 6516)
4(6516 6555 6556 6517)
4(6517 6556 6557 6518)
4(6518 6557 6558 6519)
4(6519 6558 6559 6520)
4(6520 6559 6560 6521)
4(6521 6560 6561 6522)
4(6522 6561 6562 6523)
4(6523 6562 6563 6524)
4(6524 6563 6564 6525)
4(6525 6564 6565 6526)
4(6526 6565 6566 6527)
4(6527 6566 6567 6528)
4(6528 6567 6568 6529)
4(6529 6568 6569 6530)
4(6530 6569 6570 6531)
4(6531 6570 6571 6532)
4(6532 6571 6572 6533)
4(6533 6572 6573 6534)
4(6534 6573 6574 6535)
4(6535 6574 6575 6536)
4(6536 6575 543 544)
4(153 154 6576 6537)
4(6537 6576 6577 6538)
4(6538 6577 6578 6539)
4(6539 6578 6579 6540)
4(6540 6579 6580 6541)
4(6541 6580 6581 6542)
4(6542 6581 6582 6543)
4(6543 6582 6583 6544)
4(6544 6583 6584 6545)
4(6545 6584 6585 6546)
4(6546 6585 6586 6547)
4(6547 6586 6587 6548)
4(6548 6587 6588 6549)
4(6549 6588 6589 6550)
4(6550 6589 6590 6551)
4(6551 6590 6591 6552)
4(6552 6591 6592 6553)
4(6553 6592 6593 6554)
4(6554 6593 6594 6555)
4(6555 6594 6595 6556)
4(6556 6595 6596 6557)
4(6557 6596 6597 6558)
4(6558 6597 6598 6559)
4(6559 6598 6599 6560)
4(6560 6599 6600 6561)
4(6561 6600 6601 6562)
4(6562 6601 6602 6563)
4(6563 6602 6603 6564)
4(6564 6603 6604 6565)
4(6565 6604 6605 6566)
4(6566 6605 6606 6567)
4(6567 6606 6607 6568)
4(6568 6607 6608 6569)
4(6569 6608 6609 6570)
4(6570 6609 6610 6571)
4(6571 6610 6611 6572)
4(6572 6611 6612 6573)
4(6573 6612 6613 6574)
4(6574 6613 6614 6575)
4(6575 6614 542 543)
4(154 155 6615 6576)
4(6576 6615 6616 6577)
4(6577 6616 6617 6578)
4(6578 6617 6618 6579)
4(6579 6618 6619 6580)
4(6580 6619 6620 6581)
4(6581 6620 6621 6582)
4(6582 6621 6622 6583)
4(6583 6622 6623 6584)
4(6584 6623 6624 6585)
4(6585 6624 6625 6586)
4(6586 6625 6626 6587)
4(6587 6626 6627 6588)
4(6588 6627 6628 6589)
4(6589 6628 6629 6590)
4(6590 6629 6630 6591)
4(6591 6630 6631 6592)
4(6592 6631 6632 6593)
4(6593 6632 6633 6594)
4(6594 6633 6634 6595)
4(6595 6634 6635 6596)
4(6596 6635 6636 6597)
4(6597 6636 6637 6598)
4(6598 6637 6638 6599)
4(6599 6638 6639 6600)
4(6600 6639 6640 6601)
4(6601 6640 6641 6602)
4(6602 6641 6642 6603)
4(6603 6642 6643 6604)
4(6604 6643 6644 6605)
4(6605 6644 6645 6606)
4(6606 6645 6646 6607)
4(6607 6646 6647 6608)
4(6608 6647 6648 6609)
4(6609 6648 6649 6610)
4(6610 6649 6650 6611)
4(6611 6650 6651 6612)
4(6612 6651 6652 6613)
4(6613 6652 6653 6614)
4(6614 6653 541 542)
4(155 156 6654 6615)
4(6615 6654 6655 6616)
4(6616 6655 6656 6617)
4(6617 6656 6657 6618)
4(6618 6657 6658 6619)
4(6619 6658 6659 6620)
4(6620 6659 6660 6621)
4(6621 6660 6661 6622)
4(6622 6661 6662 6623)
4(6623 6662 6663 6624)
4(6624 6663 6664 6625)
4(6625 6664 6665 6626)
4(6626 6665 6666 6627)
4(6627 6666 6667 6628)
4(6628 6667 6668 6629)
4(6629 6668 6669 6630)
4(6630 6669 6670 6631)
4(6631 6670 6671 6632)
4(6632 6671 6672 6633)
4(6633 6672 6673 6634)
4(6634 6673 6674 6635)
4(6635 6674 6675 6636)
4(6636 6675 6676 6637)
4(6637 6676 6677 6638)
4(6638 6677 6678 6639)
4(6639 6678 6679 6640)
4(6640 6679 6680 6641)
4(6641 6680 6681 6642)
4(6642 6681 6682 6643)
4(6643 6682 6683 6644)
4(6644 6683 6684 6645)
4(6645 6684 6685 6646)
4(6646 6685 6686 6647)
4(6647 6686 6687 6648)
4(6648 6687 6688 6649)
4(6649 6688 6689 6650)
4(6650 6689 6690 6651)
4(6651 6690 6691 6652)
4(6652 6691 6692 6653)
4(6653 6692 540 541)
4(156 157 6693 6654)
4(6654 6693 6694 6655)
4(6655 6694 6695 6656)
4(6656 6695 6696 6657)
4(6657 6696 6697 6658)
4(6658 6697 6698 6659)
4(6659 6698 6699 6660)
4(6660 6699 6700 6661)
4(6661 6700 6701 6662)
4(6662 6701 6702 6663)
4(6663 6702 6703 6664)
4(6664 6703 6704 6665)
4(6665 6704 6705 6666)
4(6666 6705 6706 6667)
4(6667 6706 6707 6668)
4(6668 6707 6708 6669)
4(6669 6708 6709 6670)
4(6670 6709 6710 6671)
4(6671 6710 6711 6672)
4(6672 6711 6712 6673)
4(6673 6712 6713 6674)
4(6674 6713 6714 6675)
4(6675 6714 6715 6676)
4(6676 6715 6716 6677)
4(6677 6716 6717 6678)
4(6678 6717 6718 6679)
4(6679 6718 6719 6680)
4(6680 6719 6720 6681)
4(6681 6720 6721 6682)
4(6682 6721 6722 6683)
4(6683 6722 6723 6684)
4(6684 6723 6724 6685)
4(6685 6724 6725 6686)
4(6686 6725 6726 6687)
4(6687 6726 6727 6688)
4(6688 6727 6728 6689)
4(6689 6728 6729 6690)
4(6690 6729 6730 6691)
4(6691 6730 6731 6692)
4(6692 6731 539 540)
4(157 158 6732 6693)
4(6693 6732 6733 6694)
4(6694 6733 6734 6695)
4(6695 6734 6735 6696)
4(6696 6735 6736 6697)
4(6697 6736 6737 6698)
4(6698 6737 6738 6699)
4(6699 6738 6739 6700)
4(6700 6739 6740 6701)
4(6701 6740 6741 6702)
4(6702 6741 6742 6703)
4(6703 6742 6743 6704)
4(6704 6743 6744 6705)
4(6705 6744 6745 6706)
4(6706 6745 6746 6707)
4(6707 6746 6747 6708)
4(6708 6747 6748 6709)
4(6709 6748 6749 6710)
4(6710 6749 6750 6711)
4(6711 6750 6751 6712)
4(6712 6751 6752 6713)
4(6713 6752 6753 6714)
4(6714 6753 6754 6715)
4(6715 6754 6755 6716)
4(6716 6755 6756 6717)
4(6717 6756 6757 6718)
4(6718 6757 6758 6719)
4(6719 6758 6759 6720)
4(6720 6759 6760 6721)
4(6721 6760 6761 6722)
4(6722 6761 6762 6723)
4(6723 6762 6763 6724)
4(6724 6763 6764 6725)
4(6725 6764 6765 6726)
4(6726 6765 6766 6727)
4(6727 6766 6767 6728)
4(6728 6767 6768 6729)
4(6729 6768 6769 6730)
4(6730 6769 6770 6731)
4(6731 6770 538 539)
4(158 159 6771 6732)
4(6732 6771 6772 6733)
4(6733 6772 6773 6734)
4(6734 6773 6774 6735)
4(6735 6774 6775 6736)
4(6736 6775 6776 6737)
4(6737 6776 6777 6738)
4(6738 6777 6778 6739)
4(6739 6778 6779 6740)
4(6740 6779 6780 6741)
4(6741 6780 6781 6742)
4(6742 6781 6782 6743)
4(6743 6782 6783 6744)
4(6744 6783 6784 6745)
4(6745 6784 6785 6746)
4(6746 6785 6786 6747)
4(6747 6786 6787 6748)
4(6748 6787 6788 6749)
4(6749 6788 6789 6750)
4(6750 6789 6790 6751)
4(6751 6790 6791 6752)
4(6752 6791 6792 6753)
4(6753 6792 6793 6754)
4(6754 6793 6794 6755)
4(6755 6794 6795 6756)
4(6756 6795 6796 6757)
4(6757 6796 6797 6758)
4(6758 6797 6798 6759)
4(6759 6798 6799 6760)
4(6760 6799 6800 6761)
4(6761 6800 6801 6762)
4(6762 6801 6802 6763)
4(6763 6802 6803 6764)
4(6764 6803 6804 6765)
4(6765 6804 6805 6766)
4(6766 6805 6806 6767)
4(6767 6806 6807 6768)
4(6768 6807 6808 6769)
4(6769 6808 6809 6770)
4(6770 6809 537 538)
4(159 160 6810 6771)
4(6771 6810 6811 6772)
4(6772 6811 6812 6773)
4(6773 6812 6813 6774)
4(6774 6813 6814 6775)
4(6775 6814 6815 6776)
4(6776 6815 6816 6777)
4(6777 6816 6817 6778)
4(6778 6817 6818 6779)
4(6779 6818 6819 6780)
4(6780 6819 6820 6781)
4(6781 6820 6821 6782)
4(6782 6821 6822 6783)
4(6783 6822 6823 6784)
4(6784 6823 6824 6785)
4(6785 6824 6825 6786)
4(6786 6825 6826 6787)
4(6787 6826 6827 6788)
4(6788 6827 6828 6789)
4(6789 6828 6829 6790)
4(6790 6829 6830 6791)
4(6791 6830 6831 6792)
4(6792 6831 6832 6793)
4(6793 6832 6833 6794)
4(6794 6833 6834 6795)
4(6795 6834 6835 6796)
4(6796 6835 6836 6797)
4(6797 6836 6837 6798)
4(6798 6837 6838 6799)
4(6799 6838 6839 6800)
4(6800 6839 6840 6801)
4(6801 6840 6841 6802)
4(6802 6841 6842 6803)
4(6803 6842 6843 6804)
4(6804 6843 6844 6805)
4(6805 6844 6845 6806)
4(6806 6845 6846 6807)
4(6807 6846 6847 6808)
4(6808 6847 6848 6809)
4(6809 6848 536 537)
4(160 161 6849 6810)
4(6810 6849 6850 6811)
4(6811 6850 6851 6812)
4(6812 6851 6852 6813)
4(6813 6852 6853 6814)
4(6814 6853 6854 6815)
4(6815 6854 6855 6816)
4(6816 6855 6856 6817)
4(6817 6856 6857 6818)
4(6818 6857 6858 6819)
4(6819 6858 6859 6820)
4(6820 6859 6860 6821)
4(6821 6860 6861 6822)
4(6822 6861 6862 6823)
4(6823 6862 6863 6824)
4(6824 6863 6864 6825)
4(6825 6864 6865 6826)
4(6826 6865 6866 6827)
4(6827 6866 6867 6828)
4(6828 6867 6868 6829)
4(6829 6868 6869 6830)
4(6830 6869 6870 6831)
4(6831 6870 6871 6832)
4(6832 6871 6872 6833)
4(6833 6872 6873 6834)
4(6834 6873 6874 6835)
4(6835 6874 6875 6836)
4(6836 6875 6876 6837)
4(6837 6876 6877 6838)
4(6838 6877 6878 6839)
4(6839 6878 6879 6840)
4(6840 6879 6880 6841)
4(6841 6880 6881 6842)
4(6842 6881 6882 6843)
4(6843 6882 6883 6844)
4(6844 6883 6884 6845)
4(6845 6884 6885 6846)
4(6846 6885 6886 6847)
4(6847 6886 6887 6848)
4(6848 6887 535 536)
4(161 162 6888 6849)
4(6849 6888 6889 6850)
4(6850 6889 6890 6851)
4(6851 6890 6891 6852)
4(6852 6891 6892 6853)
4(6853 6892 6893 6854)
4(6854 6893 6894 6855)
4(6855 6894 6895 6856)
4(6856 6895 6896 6857)
4(6857 6896 6897 6858)
4(6858 6897 6898 6859)
4(6859 6898 6899 6860)
4(6860 6899 6900 6861)
4(6861 6900 6901 6862)
4(6862 6901 6902 6863)
4(6863 6902 6903 6864)
4(6864 6903 6904 6865)
4(6865 6904 6905 6866)
4(6866 6905 6906 6867)
4(6867 6906 6907 6868)
4(6868 6907 6908 6869)
4(6869 6908 6909 6870)
4(6870 6909 6910 6871)
4(6871 6910 6911 6872)
4(6872 6911 6912 6873)
4(6873 6912 6913 6874)
4(6874 6913 6914 6875)
4(6875 6914 6915 6876)
4(6876 6915 6916 6877)
4(6877 6916 6917 6878)
4(6878 6917 6918 6879)
4(6879 6918 6919 6880)
4(6880 6919 6920 6881)
4(6881 6920 6921 6882)
4(6882 6921 6922 6883)
4(6883 6922 6923 6884)
4(6884 6923 6924 6885)
4(6885 6924 6925 6886)
4(6886 6925 6926 6887)
4(6887 6926 534 535)
4(162 163 6927 6888)
4(6888 6927 6928 6889)
4(6889 6928 6929 6890)
4(6890 6929 6930 6891)
4(6891 6930 6931 6892)
4(6892 6931 6932 6893)
4(6893 6932 6933 6894)
4(6894 6933 6934 6895)
4(6895 6934 6935 6896)
4(6896 6935 6936 6897)
4(6897 6936 6937 6898)
4(6898 6937 6938 6899)
4(6899 6938 6939 6900)
4(6900 6939 6940 6901)
4(6901 6940 6941 6902)
4(6902 6941 6942 6903)
4(6903 6942 6943 6904)
4(6904 6943 6944 6905)
4(6905 6944 6945 6906)
4(6906 6945 6946 6907)
4(6907 6946 6947 6908)
4(6908 6947 6948 6909)
4(6909 6948 6949 6910)
4(6910 6949 6950 6911)
4(6911 6950 6951 6912)
4(6912 6951 6952 6913)
4(6913 6952 6953 6914)
4(6914 6953 6954 6915)
4(6915 6954 6955 6916)
4(6916 6955 6956 6917)
4(6917 6956 6957 6918)
4(6918 6957 6958 6919)
4(6919 6958 6959 6920)
4(6920 6959 6960 6921)
4(6921 6960 6961 6922)
4(6922 6961 6962 6923)
4(6923 6962 6963 6924)
4(6924 6963 6964 6925)
4(6925 6964 6965 6926)
4(6926 6965 533 534)
4(163 164 6966 6927)
4(6927 6966 6967 6928)
4(6928 6967 6968 6929)
4(6929 6968 6969 6930)
4(6930 6969 6970 6931)
4(6931 6970 6971 6932)
4(6932 6971 6972 6933)
4(6933 6972 6973 6934)
4(6934 6973 6974 6935)
4(6935 6974 6975 6936)
4(6936 6975 6976 6937)
4(6937 6976 6977 6938)
4(6938 6977 6978 6939)
4(6939 6978 6979 6940)
4(6940 6979 6980 6941)
4(6941 6980 6981 6942)
4(6942 6981 6982 6943)
4(6943 6982 6983 6944)
4(6944 6983 6984 6945)
4(6945 6984 6985 6946)
4(6946 6985 6986 6947)
4(6947 6986 6987 6948)
4(6948 6987 6988 6949)
4(6949 6988 6989 6950)
4(6950 6989 6990 6951)
4(6951 6990 6991 6952)
4(6952 6991 6992 6953)
4(6953 6992 6993 6954)
4(6954 6993 6994 6955)
4(6955 6994 6995 6956)
4(6956 6995 6996 6957)
4(6957 6996 6997 6958)
4(6958 6997 6998 6959)
4(6959 6998 6999 6960)
4(6960 6999 7000 6961)
4(6961 7000 7001 6962)
4(6962 7001 7002 6963)
4(6963 7002 7003 6964)
4(6964 7003 7004 6965)
4(6965 7004 532 533)
4(164 165 7005 6966)
4(6966 7005 7006 6967)
4(6967 7006 7007 6968)
4(6968 7007 7008 6969)
4(6969 7008 7009 6970)
4(6970 7009 7010 6971)
4(6971 7010 7011 6972)
4(6972 7011 7012 6973)
4(6973 7012 7013 6974)
4(6974 7013 7014 6975)
4(6975 7014 7015 6976)
4(6976 7015 7016 6977)
4(6977 7016 7017 6978)
4(6978 7017 7018 6979)
4(6979 7018 7019 6980)
4(6980 7019 7020 6981)
4(6981 7020 7021 6982)
4(6982 7021 7022 6983)
4(6983 7022 7023 6984)
4(6984 7023 7024 6985)
4(6985 7024 7025 6986)
4(6986 7025 7026 6987)
4(6987 7026 7027 6988)
4(6988 7027 7028 6989)
4(6989 7028 7029 6990)
4(6990 7029 7030 6991)
4(6991 7030 7031 6992)
4(6992 7031 7032 6993)
4(6993 7032 7033 6994)
4(6994 7033 7034 6995)
4(6995 7034 7035 6996)
4(6996 7035 7036 6997)
4(6997 7036 7037 6998)
4(6998 7037 7038 6999)
4(6999 7038 7039 7000)
4(7000 7039 7040 7001)
4(7001 7040 7041 7002)
4(7002 7041 7042 7003)
4(7003 7042 7043 7004)
4(7004 7043 531 532)
4(165 166 7044 7005)
4(7005 7044 7045 7006)
4(7006 7045 7046 7007)
4(7007 7046 7047 7008)
4(7008 7047 7048 7009)
4(7009 7048 7049 7010)
4(7010 7049 7050 7011)
4(7011 7050 7051 7012)
4(7012 7051 7052 7013)
4(7013 7052 7053 7014)
4(7014 7053 7054 7015)
4(7015 7054 7055 7016)
4(7016 7055 7056 7017)
4(7017 7056 7057 7018)
4(7018 7057 7058 7019)
4(7019 7058 7059 7020)
4(7020 7059 7060 7021)
4(7021 7060 7061 7022)
4(7022 7061 7062 7023)
4(7023 7062 7063 7024)
4(7024 7063 7064 7025)
4(7025 7064 7065 7026)
4(7026 7065 7066 7027)
4(7027 7066 7067 7028)
4(7028 7067 7068 7029)
4(7029 7068 7069 7030)
4(7030 7069 7070 7031)
4(7031 7070 7071 7032)
4(7032 7071 7072 7033)
4(7033 7072 7073 7034)
4(7034 7073 7074 7035)
4(7035 7074 7075 7036)
4(7036 7075 7076 7037)
4(7037 7076 7077 7038)
4(7038 7077 7078 7039)
4(7039 7078 7079 7040)
4(7040 7079 7080 7041)
4(7041 7080 7081 7042)
4(7042 7081 7082 7043)
4(7043 7082 530 531)
4(166 167 7083 7044)
4(7044 7083 7084 7045)
4(7045 7084 7085 7046)
4(7046 7085 7086 7047)
4(7047 7086 7087 7048)
4(7048 7087 7088 7049)
4(7049 7088 7089 7050)
4(7050 7089 7090 7051)
4(7051 7090 7091 7052)
4(7052 7091 7092 7053)
4(7053 7092 7093 7054)
4(7054 7093 7094 7055)
4(7055 7094 7095 7056)
4(7056 7095 7096 7057)
4(7057 7096 7097 7058)
4(7058 7097 7098 7059)
4(7059 7098 7099 7060)
4(7060 7099 7100 7061)
4(7061 7100 7101 7062)
4(7062 7101 7102 7063)
4(7063 7102 7103 7064)
4(7064 7103 7104 7065)
4(7065 7104 7105 7066)
4(7066 7105 7106 7067)
4(7067 7106 7107 7068)
4(7068 7107 7108 7069)
4(7069 7108 7109 7070)
4(7070 7109 7110 7071)
4(7071 7110 7111 7072)
4(7072 7111 7112 7073)
4(7073 7112 7113 7074)
4(7074 7113 7114 7075)
4(7075 7114 7115 7076)
4(7076 7115 7116 7077)
4(7077 7116 7117 7078)
4(7078 7117 7118 7079)
4(7079 7118 7119 7080)
4(7080 7119 7120 7081)
4(7081 7120 7121 7082)
4(7082 7121 529 530)
4(167 168 7122 7083)
4(7083 7122 7123 7084)
4(7084 7123 7124 7085)
4(7085 7124 7125 7086)
4(7086 7125 7126 7087)
4(7087 7126 7127 7088)
4(7088 7127 7128 7089)
4(7089 7128 7129 7090)
4(7090 7129 7130 7091)
4(7091 7130 7131 7092)
4(7092 7131 7132 7093)
4(7093 7132 7133 7094)
4(7094 7133 7134 7095)
4(7095 7134 7135 7096)
4(7096 7135 7136 7097)
4(7097 7136 7137 7098)
4(7098 7137 7138 7099)
4(7099 7138 7139 7100)
4(7100 7139 7140 7101)
4(7101 7140 7141 7102)
4(7102 7141 7142 7103)
4(7103 7142 7143 7104)
4(7104 7143 7144 7105)
4(7105 7144 7145 7106)
4(7106 7145 7146 7107)
4(7107 7146 7147 7108)
4(7108 7147 7148 7109)
4(7109 7148 7149 7110)
4(7110 7149 7150 7111)
4(7111 7150 7151 7112)
4(7112 7151 7152 7113)
4(7113 7152 7153 7114)
4(7114 7153 7154 7115)
4(7115 7154 7155 7116)
4(7116 7155 7156 7117)
4(7117 7156 7157 7118)
4(7118 7157 7158 7119)
4(7119 7158 7159 7120)
4(7120 7159 7160 7121)
4(7121 7160 528 529)
4(168 169 7161 7122)
4(7122 7161 7162 7123)
4(7123 7162 7163 7124)
4(7124 7163 7164 7125)
4(7125 7164 7165 7126)
4(7126 7165 7166 7127)
4(7127 7166 7167 7128)
4(7128 7167 7168 7129)
4(7129 7168 7169 7130)
4(7130 7169 7170 7131)
4(7131 7170 7171 7132)
4(7132 7171 7172 7133)
4(7133 7172 7173 7134)
4(7134 7173 7174 7135)
4(7135 7174 7175 7136)
4(7136 7175 7176 7137)
4(7137 7176 7177 7138)
4(7138 7177 7178 7139)
4(7139 7178 7179 7140)
4(7140 7179 7180 7141)
4(7141 7180 7181 7142)
4(7142 7181 7182 7143)
4(7143 7182 7183 7144)
4(7144 7183 7184 7145)
4(7145 7184 7185 7146)
4(7146 7185 7186 7147)
4(7147 7186 7187 7148)
4(7148 7187 7188 7149)
4(7149 7188 7189 7150)
4(7150 7189 7190 7151)
4(7151 7190 7191 7152)
4(7152 7191 7192 7153)
4(7153 7192 7193 7154)
4(7154 7193 7194 7155)
4(7155 7194 7195 7156)
4(7156 7195 7196 7157)
4(7157 7196 7197 7158)
4(7158 7197 7198 7159)
4(7159 7198 7199 7160)
4(7160 7199 527 528)
4(169 170 7200 7161)
4(7161 7200 7201 7162)
4(7162 7201 7202 7163)
4(7163 7202 7203 7164)
4(7164 7203 7204 7165)
4(7165 7204 7205 7166)
4(7166 7205 7206 7167)
4(7167 7206 7207 7168)
4(7168 7207 7208 7169)
4(7169 7208 7209 7170)
4(7170 7209 7210 7171)
4(7171 7210 7211 7172)
4(7172 7211 7212 7173)
4(7173 7212 7213 7174)
4(7174 7213 7214 7175)
4(7175 7214 7215 7176)
4(7176 7215 7216 7177)
4(7177 7216 7217 7178)
4(7178 7217 7218 7179)
4(7179 7218 7219 7180)
4(7180 7219 7220 7181)
4(7181 7220 7221 7182)
4(7182 7221 7222 7183)
4(7183 7222 7223 7184)
4(7184 7223 7224 7185)
4(7185 7224 7225 7186)
4(7186 7225 7226 7187)
4(7187 7226 7227 7188)
4(7188 7227 7228 7189)
4(7189 7228 7229 7190)
4(7190 7229 7230 7191)
4(7191 7230 7231 7192)
4(7192 7231 7232 7193)
4(7193 7232 7233 7194)
4(7194 7233 7234 7195)
4(7195 7234 7235 7196)
4(7196 7235 7236 7197)
4(7197 7236 7237 7198)
4(7198 7237 7238 7199)
4(7199 7238 526 527)
4(170 171 7239 7200)
4(7200 7239 7240 7201)
4(7201 7240 7241 7202)
4(7202 7241 7242 7203)
4(7203 7242 7243 7204)
4(7204 7243 7244 7205)
4(7205 7244 7245 7206)
4(7206 7245 7246 7207)
4(7207 7246 7247 7208)
4(7208 7247 7248 7209)
4(7209 7248 7249 7210)
4(7210 7249 7250 7211)
4(7211 7250 7251 7212)
4(7212 7251 7252 7213)
4(7213 7252 7253 7214)
4(7214 7253 7254 7215)
4(7215 7254 7255 7216)
4(7216 7255 7256 7217)
4(7217 7256 7257 7218)
4(7218 7257 7258 7219)
4(7219 7258 7259 7220)
4(7220 7259 7260 7221)
4(7221 7260 7261 7222)
4(7222 7261 7262 7223)
4(7223 7262 7263 7224)
4(7224 7263 7264 7225)
4(7225 7264 7265 7226)
4(7226 7265 7266 7227)
4(7227 7266 7267 7228)
4(7228 7267 7268 7229)
4(7229 7268 7269 7230)
4(7230 7269 7270 7231)
4(7231 7270 7271 7232)
4(7232 7271 7272 7233)
4(7233 7272 7273 7234)
4(7234 7273 7274 7235)
4(7235 7274 7275 7236)
4(7236 7275 7276 7237)
4(7237 7276 7277 7238)
4(7238 7277 525 526)
4(171 172 7278 7239)
4(7239 7278 7279 7240)
4(7240 7279 7280 7241)
4(7241 7280 7281 7242)
4(7242 7281 7282 7243)
4(7243 7282 7283 7244)
4(7244 7283 7284 7245)
4(7245 7284 7285 7246)
4(7246 7285 7286 7247)
4(7247 7286 7287 7248)
4(7248 7287 7288 7249)
4(7249 7288 7289 7250)
4(7250 7289 7290 7251)
4(7251 7290 7291 7252)
4(7252 7291 7292 7253)
4(7253 7292 7293 7254)
4(7254 7293 7294 7255)
4(7255 7294 7295 7256)
4(7256 7295 7296 7257)
4(7257 7296 7297 7258)
4(7258 7297 7298 7259)
4(7259 7298 7299 7260)
4(7260 7299 7300 7261)
4(7261 7300 7301 7262)
4(7262 7301 7302 7263)
4(7263 7302 7303 7264)
4(7264 7303 7304 7265)
4(7265 7304 7305 7266)
4(7266 7305 7306 7267)
4(7267 7306 7307 7268)
4(7268 7307 7308 7269)
4(7269 7308 7309 7270)
4(7270 7309 7310 7271)
4(7271 7310 7311 7272)
4(7272 7311 7312 7273)
4(7273 7312 7313 7274)
4(7274 7313 7314 7275)
4(7275 7314 7315 7276)
4(7276 7315 7316 7277)
4(7277 7316 524 525)
4(172 173 7317 7278)
4(7278 7317 7318 7279)
4(7279 7318 7319 7280)
4(7280 7319 7320 7281)
4(7281 7320 7321 7282)
4(7282 7321 7322 7283)
4(7283 7322 7323 7284)
4(7284 7323 7324 7285)
4(7285 7324 7325 7286)
4(7286 7325 7326 7287)
4(7287 7326 7327 7288)
4(7288 7327 7328 7289)
4(7289 7328 7329 7290)
4(7290 7329 7330 7291)
4(7291 7330 7331 7292)
4(7292 7331 7332 7293)
4(7293 7332 7333 7294)
4(7294 7333 7334 7295)
4(7295 7334 7335 7296)
4(7296 7335 7336 7297)
4(7297 7336 7337 7298)
4(7298 7337 7338 7299)
4(7299 7338 7339 7300)
4(7300 7339 7340 7301)
4(7301 7340 7341 7302)
4(7302 7341 7342 7303)
4(7303 7342 7343 7304)
4(7304 7343 7344 7305)
4(7305 7344 7345 7306)
4(7306 7345 7346 7307)
4(7307 7346 7347 7308)
4(7308 7347 7348 7309)
4(7309 7348 7349 7310)
4(7310 7349 7350 7311)
4(7311 7350 7351 7312)
4(7312 7351 7352 7313)
4(7313 7352 7353 7314)
4(7314 7353 7354 7315)
4(7315 7354 7355 7316)
4(7316 7355 523 524)
4(173 174 7356 7317)
4(7317 7356 7357 7318)
4(7318 7357 7358 7319)
4(7319 7358 7359 7320)
4(7320 7359 7360 7321)
4(7321 7360 7361 7322)
4(7322 7361 7362 7323)
4(7323 7362 7363 7324)
4(7324 7363 7364 7325)
4(7325 7364 7365 7326)
4(7326 7365 7366 7327)
4(7327 7366 7367 7328)
4(7328 7367 7368 7329)
4(7329 7368 7369 7330)
4(7330 7369 7370 7331)
4(7331 7370 7371 7332)
4(7332 7371 7372 7333)
4(7333 7372 7373 7334)
4(7334 7373 7374 7335)
4(7335 7374 7375 7336)
4(7336 7375 7376 7337)
4(7337 7376 7377 7338)
4(7338 7377 7378 7339)
4(7339 7378 7379 7340)
4(7340 7379 7380 7341)
4(7341 7380 7381 7342)
4(7342 7381 7382 7343)
4(7343 7382 7383 7344)
4(7344 7383 7384 7345)
4(7345 7384 7385 7346)
4(7346 7385 7386 7347)
4(7347 7386 7387 7348)
4(7348 7387 7388 7349)
4(7349 7388 7389 7350)
4(7350 7389 7390 7351)
4(7351 7390 7391 7352)
4(7352 7391 7392 7353)
4(7353 7392 7393 7354)
4(7354 7393 7394 7355)
4(7355 7394 522 523)
4(174 175 7395 7356)
4(7356 7395 7396 7357)
4(7357 7396 7397 7358)
4(7358 7397 7398 7359)
4(7359 7398 7399 7360)
4(7360 7399 7400 7361)
4(7361 7400 7401 7362)
4(7362 7401 7402 7363)
4(7363 7402 7403 7364)
4(7364 7403 7404 7365)
4(7365 7404 7405 7366)
4(7366 7405 7406 7367)
4(7367 7406 7407 7368)
4(7368 7407 7408 7369)
4(7369 7408 7409 7370)
4(7370 7409 7410 7371)
4(7371 7410 7411 7372)
4(7372 7411 7412 7373)
4(7373 7412 7413 7374)
4(7374 7413 7414 7375)
4(7375 7414 7415 7376)
4(7376 7415 7416 7377)
4(7377 7416 7417 7378)
4(7378 7417 7418 7379)
4(7379 7418 7419 7380)
4(7380 7419 7420 7381)
4(7381 7420 7421 7382)
4(7382 7421 7422 7383)
4(7383 7422 7423 7384)
4(7384 7423 7424 7385)
4(7385 7424 7425 7386)
4(7386 7425 7426 7387)
4(7387 7426 7427 7388)
4(7388 7427 7428 7389)
4(7389 7428 7429 7390)
4(7390 7429 7430 7391)
4(7391 7430 7431 7392)
4(7392 7431 7432 7393)
4(7393 7432 7433 7394)
4(7394 7433 521 522)
4(175 176 7434 7395)
4(7395 7434 7435 7396)
4(7396 7435 7436 7397)
4(7397 7436 7437 7398)
4(7398 7437 7438 7399)
4(7399 7438 7439 7400)
4(7400 7439 7440 7401)
4(7401 7440 7441 7402)
4(7402 7441 7442 7403)
4(7403 7442 7443 7404)
4(7404 7443 7444 7405)
4(7405 7444 7445 7406)
4(7406 7445 7446 7407)
4(7407 7446 7447 7408)
4(7408 7447 7448 7409)
4(7409 7448 7449 7410)
4(7410 7449 7450 7411)
4(7411 7450 7451 7412)
4(7412 7451 7452 7413)
4(7413 7452 7453 7414)
4(7414 7453 7454 7415)
4(7415 7454 7455 7416)
4(7416 7455 7456 7417)
4(7417 7456 7457 7418)
4(7418 7457 7458 7419)
4(7419 7458 7459 7420)
4(7420 7459 7460 7421)
4(7421 7460 7461 7422)
4(7422 7461 7462 7423)
4(7423 7462 7463 7424)
4(7424 7463 7464 7425)
4(7425 7464 7465 7426)
4(7426 7465 7466 7427)
4(7427 7466 7467 7428)
4(7428 7467 7468 7429)
4(7429 7468 7469 7430)
4(7430 7469 7470 7431)
4(7431 7470 7471 7432)
4(7432 7471 7472 7433)
4(7433 7472 520 521)
4(176 177 7473 7434)
4(7434 7473 7474 7435)
4(7435 7474 7475 7436)
4(7436 7475 7476 7437)
4(7437 7476 7477 7438)
4(7438 7477 7478 7439)
4(7439 7478 7479 7440)
4(7440 7479 7480 7441)
4(7441 7480 7481 7442)
4(7442 7481 7482 7443)
4(7443 7482 7483 7444)
4(7444 7483 7484 7445)
4(7445 7484 7485 7446)
4(7446 7485 7486 7447)
4(7447 7486 7487 7448)
4(7448 7487 7488 7449)
4(7449 7488 7489 7450)
4(7450 7489 7490 7451)
4(7451 7490 7491 7452)
4(7452 7491 7492 7453)
4(7453 7492 7493 7454)
4(7454 7493 7494 7455)
4(7455 7494 7495 7456)
4(7456 7495 7496 7457)
4(7457 7496 7497 7458)
4(7458 7497 7498 7459)
4(7459 7498 7499 7460)
4(7460 7499 7500 7461)
4(7461 7500 7501 7462)
4(7462 7501 7502 7463)
4(7463 7502 7503 7464)
4(7464 7503 7504 7465)
4(7465 7504 7505 7466)
4(7466 7505 7506 7467)
4(7467 7506 7507 7468)
4(7468 7507 7508 7469)
4(7469 7508 7509 7470)
4(7470 7509 7510 7471)
4(7471 7510 7511 7472)
4(7472 7511 519 520)
4(177 178 7512 7473)
4(7473 7512 7513 7474)
4(7474 7513 7514 7475)
4(7475 7514 7515 7476)
4(7476 7515 7516 7477)
4(7477 7516 7517 7478)
4(7478 7517 7518 7479)
4(7479 7518 7519 7480)
4(7480 7519 7520 7481)
4(7481 7520 7521 7482)
4(7482 7521 7522 7483)
4(7483 7522 7523 7484)
4(7484 7523 7524 7485)
4(7485 7524 7525 7486)
4(7486 7525 7526 7487)
4(7487 7526 7527 7488)
4(7488 7527 7528 7489)
4(7489 7528 7529 7490)
4(7490 7529 7530 7491)
4(7491 7530 7531 7492)
4(7492 7531 7532 7493)
4(7493 7532 7533 7494)
4(7494 7533 7534 7495)
4(7495 7534 7535 7496)
4(7496 7535 7536 7497)
4(7497 7536 7537 7498)
4(7498 7537 7538 7499)
4(7499 7538 7539 7500)
4(7500 7539 7540 7501)
4(7501 7540 7541 7502)
4(7502 7541 7542 7503)
4(7503 7542 7543 7504)
4(7504 7543 7544 7505)
4(7505 7544 7545 7506)
4(7506 7545 7546 7507)
4(7507 7546 7547 7508)
4(7508 7547 7548 7509)
4(7509 7548 7549 7510)
4(7510 7549 7550 7511)
4(7511 7550 518 519)
4(178 179 7551 7512)
4(7512 7551 7552 7513)
4(7513 7552 7553 7514)
4(7514 7553 7554 7515)
4(7515 7554 7555 7516)
4(7516 7555 7556 7517)
4(7517 7556 7557 7518)
4(7518 7557 7558 7519)
4(7519 7558 7559 7520)
4(7520 7559 7560 7521)
4(7521 7560 7561 7522)
4(7522 7561 7562 7523)
4(7523 7562 7563 7524)
4(7524 7563 7564 7525)
4(7525 7564 7565 7526)
4(7526 7565 7566 7527)
4(7527 7566 7567 7528)
4(7528 7567 7568 7529)
4(7529 7568 7569 7530)
4(7530 7569 7570 7531)
4(7531 7570 7571 7532)
4(7532 7571 7572 7533)
4(7533 7572 7573 7534)
4(7534 7573 7574 7535)
4(7535 7574 7575 7536)
4(7536 7575 7576 7537)
4(7537 7576 7577 7538)
4(7538 7577 7578 7539)
4(7539 7578 7579 7540)
4(7540 7579 7580 7541)
4(7541 7580 7581 7542)
4(7542 7581 7582 7543)
4(7543 7582 7583 7544)
4(7544 7583 7584 7545)
4(7545 7584 7585 7546)
4(7546 7585 7586 7547)
4(7547 7586 7587 7548)
4(7548 7587 7588 7549)
4(7549 7588 7589 7550)
4(7550 7589 517 518)
4(179 180 7590 7551)
4(7551 7590 7591 7552)
4(7552 7591 7592 7553)
4(7553 7592 7593 7554)
4(7554 7593 7594 7555)
4(7555 7594 7595 7556)
4(7556 7595 7596 7557)
4(7557 7596 7597 7558)
4(7558 7597 7598 7559)
4(7559 7598 7599 7560)
4(7560 7599 7600 7561)
4(7561 7600 7601 7562)
4(7562 7601 7602 7563)
4(7563 7602 7603 7564)
4(7564 7603 7604 7565)
4(7565 7604 7605 7566)
4(7566 7605 7606 7567)
4(7567 7606 7607 7568)
4(7568 7607 7608 7569)
4(7569 7608 7609 7570)
4(7570 7609 7610 7571)
4(7571 7610 7611 7572)
4(7572 7611 7612 7573)
4(7573 7612 7613 7574)
4(7574 7613 7614 7575)
4(7575 7614 7615 7576)
4(7576 7615 7616 7577)
4(7577 7616 7617 7578)
4(7578 7617 7618 7579)
4(7579 7618 7619 7580)
4(7580 7619 7620 7581)
4(7581 7620 7621 7582)
4(7582 7621 7622 7583)
4(7583 7622 7623 7584)
4(7584 7623 7624 7585)
4(7585 7624 7625 7586)
4(7586 7625 7626 7587)
4(7587 7626 7627 7588)
4(7588 7627 7628 7589)
4(7589 7628 516 517)
4(180 181 7629 7590)
4(7590 7629 7630 7591)
4(7591 7630 7631 7592)
4(7592 7631 7632 7593)
4(7593 7632 7633 7594)
4(7594 7633 7634 7595)
4(7595 7634 7635 7596)
4(7596 7635 7636 7597)
4(7597 7636 7637 7598)
4(7598 7637 7638 7599)
4(7599 7638 7639 7600)
4(7600 7639 7640 7601)
4(7601 7640 7641 7602)
4(7602 7641 7642 7603)
4(7603 7642 7643 7604)
4(7604 7643 7644 7605)
4(7605 7644 7645 7606)
4(7606 7645 7646 7607)
4(7607 7646 7647 7608)
4(7608 7647 7648 7609)
4(7609 7648 7649 7610)
4(7610 7649 7650 7611)
4(7611 7650 7651 7612)
4(7612 7651 7652 7613)
4(7613 7652 7653 7614)
4(7614 7653 7654 7615)
4(7615 7654 7655 7616)
4(7616 7655 7656 7617)
4(7617 7656 7657 7618)
4(7618 7657 7658 7619)
4(7619 7658 7659 7620)
4(7620 7659 7660 7621)
4(7621 7660 7661 7622)
4(7622 7661 7662 7623)
4(7623 7662 7663 7624)
4(7624 7663 7664 7625)
4(7625 7664 7665 7626)
4(7626 7665 7666 7627)
4(7627 7666 7667 7628)
4(7628 7667 515 516)
4(181 182 7668 7629)
4(7629 7668 7669 7630)
4(7630 7669 7670 7631)
4(7631 7670 7671 7632)
4(7632 7671 7672 7633)
4(7633 7672 7673 7634)
4(7634 7673 7674 7635)
4(7635 7674 7675 7636)
4(7636 7675 7676 7637)
4(7637 7676 7677 7638)
4(7638 7677 7678 7639)
4(7639 7678 7679 7640)
4(7640 7679 7680 7641)
4(7641 7680 7681 7642)
4(7642 7681 7682 7643)
4(7643 7682 7683 7644)
4(7644 7683 7684 7645)
4(7645 7684 7685 7646)
4(7646 7685 7686 7647)
4(7647 7686 7687 7648)
4(7648 7687 7688 7649)
4(7649 7688 7689 7650)
4(7650 7689 7690 7651)
4(7651 7690 7691 7652)
4(7652 7691 7692 7653)
4(7653 7692 7693 7654)
4(7654 7693 7694 7655)
4(7655 7694 7695 7656)
4(7656 7695 7696 7657)
4(7657 7696 7697 7658)
4(7658 7697 7698 7659)
4(7659 7698 7699 7660)
4(7660 7699 7700 7661)
4(7661 7700 7701 7662)
4(7662 7701 7702 7663)
4(7663 7702 7703 7664)
4(7664 7703 7704 7665)
4(7665 7704 7705 7666)
4(7666 7705 7706 7667)
4(7667 7706 514 515)
4(182 183 7707 7668)
4(7668 7707 7708 7669)
4(7669 7708 7709 7670)
4(7670 7709 7710 7671)
4(7671 7710 7711 7672)
4(7672 7711 7712 7673)
4(7673 7712 7713 7674)
4(7674 7713 7714 7675)
4(7675 7714 7715 7676)
4(7676 7715 7716 7677)
4(7677 7716 7717 7678)
4(7678 7717 7718 7679)
4(7679 7718 7719 7680)
4(7680 7719 7720 7681)
4(7681 7720 7721 7682)
4(7682 7721 7722 7683)
4(7683 7722 7723 7684)
4(7684 7723 7724 7685)
4(7685 7724 7725 7686)
4(7686 7725 7726 7687)
4(7687 7726 7727 7688)
4(7688 7727 7728 7689)
4(7689 7728 7729 7690)
4(7690 7729 7730 7691)
4(7691 7730 7731 7692)
4(7692 7731 7732 7693)
4(7693 7732 7733 7694)
4(7694 7733 7734 7695)
4(7695 7734 7735 7696)
4(7696 7735 7736 7697)
4(7697 7736 7737 7698)
4(7698 7737 7738 7699)
4(7699 7738 7739 7700)
4(7700 7739 7740 7701)
4(7701 7740 7741 7702)
4(7702 7741 7742 7703)
4(7703 7742 7743 7704)
4(7704 7743 7744 7705)
4(7705 7744 7745 7706)
4(7706 7745 513 514)
4(183 184 7746 7707)
4(7707 7746 7747 7708)
4(7708 7747 7748 7709)
4(7709 7748 7749 7710)
4(7710 7749 7750 7711)
4(7711 7750 7751 7712)
4(7712 7751 7752 7713)
4(7713 7752 7753 7714)
4(7714 7753 7754 7715)
4(7715 7754 7755 7716)
4(7716 7755 7756 7717)
4(7717 7756 7757 7718)
4(7718 7757 7758 7719)
4(7719 7758 7759 7720)
4(7720 7759 7760 7721)
4(7721 7760 7761 7722)
4(7722 7761 7762 7723)
4(7723 7762 7763 7724)
4(7724 7763 7764 7725)
4(7725 7764 7765 7726)
4(7726 7765 7766 7727)
4(7727 7766 7767 7728)
4(7728 7767 7768 7729)
4(7729 7768 7769 7730)
4(7730 7769 7770 7731)
4(7731 7770 7771 7732)
4(7732 7771 7772 7733)
4(7733 7772 7773 7734)
4(7734 7773 7774 7735)
4(7735 7774 7775 7736)
4(7736 7775 7776 7737)
4(7737 7776 7777 7738)
4(7738 7777 7778 7739)
4(7739 7778 7779 7740)
4(7740 7779 7780 7741)
4(7741 7780 7781 7742)
4(7742 7781 7782 7743)
4(7743 7782 7783 7744)
4(7744 7783 7784 7745)
4(7745 7784 512 513)
4(184 185 7785 7746)
4(7746 7785 7786 7747)
4(7747 7786 7787 7748)
4(7748 7787 7788 7749)
4(7749 7788 7789 7750)
4(7750 7789 7790 7751)
4(7751 7790 7791 7752)
4(7752 7791 7792 7753)
4(7753 7792 7793 7754)
4(7754 7793 7794 7755)
4(7755 7794 7795 7756)
4(7756 7795 7796 7757)
4(7757 7796 7797 7758)
4(7758 7797 7798 7759)
4(7759 7798 7799 7760)
4(7760 7799 7800 7761)
4(7761 7800 7801 7762)
4(7762 7801 7802 7763)
4(7763 7802 7803 7764)
4(7764 7803 7804 7765)
4(7765 7804 7805 7766)
4(7766 7805 7806 7767)
4(7767 7806 7807 7768)
4(7768 7807 7808 7769)
4(7769 7808 7809 7770)
4(7770 7809 7810 7771)
4(7771 7810 7811 7772)
4(7772 7811 7812 7773)
4(7773 7812 7813 7774)
4(7774 7813 7814 7775)
4(7775 7814 7815 7776)
4(7776 7815 7816 7777)
4(7777 7816 7817 7778)
4(7778 7817 7818 7779)
4(7779 7818 7819 7780)
4(7780 7819 7820 7781)
4(7781 7820 7821 7782)
4(7782 7821 7822 7783)
4(7783 7822 7823 7784)
4(7784 7823 511 512)
4(185 186 7824 7785)
4(7785 7824 7825 7786)
4(7786 7825 7826 7787)
4(7787 7826 7827 7788)
4(7788 7827 7828 7789)
4(7789 7828 7829 7790)
4(7790 7829 7830 7791)
4(7791 7830 7831 7792)
4(7792 7831 7832 7793)
4(7793 7832 7833 7794)
4(7794 7833 7834 7795)
4(7795 7834 7835 7796)
4(7796 7835 7836 7797)
4(7797 7836 7837 7798)
4(7798 7837 7838 7799)
4(7799 7838 7839 7800)
4(7800 7839 7840 7801)
4(7801 7840 7841 7802)
4(7802 7841 7842 7803)
4(7803 7842 7843 7804)
4(7804 7843 7844 7805)
4(7805 7844 7845 7806)
4(7806 7845 7846 7807)
4(7807 7846 7847 7808)
4(7808 7847 7848 7809)
4(7809 7848 7849 7810)
4(7810 7849 7850 7811)
4(7811 7850 7851 7812)
4(7812 7851 7852 7813)
4(7813 7852 7853 7814)
4(7814 7853 7854 7815)
4(7815 7854 7855 7816)
4(7816 7855 7856 7817)
4(7817 7856 7857 7818)
4(7818 7857 7858 7819)
4(7819 7858 7859 7820)
4(7820 7859 7860 7821)
4(7821 7860 7861 7822)
4(7822 7861 7862 7823)
4(7823 7862 510 511)
4(186 187 7863 7824)
4(7824 7863 7864 7825)
4(7825 7864 7865 7826)
4(7826 7865 7866 7827)
4(7827 7866 7867 7828)
4(7828 7867 7868 7829)
4(7829 7868 7869 7830)
4(7830 7869 7870 7831)
4(7831 7870 7871 7832)
4(7832 7871 7872 7833)
4(7833 7872 7873 7834)
4(7834 7873 7874 7835)
4(7835 7874 7875 7836)
4(7836 7875 7876 7837)
4(7837 7876 7877 7838)
4(7838 7877 7878 7839)
4(7839 7878 7879 7840)
4(7840 7879 7880 7841)
4(7841 7880 7881 7842)
4(7842 7881 7882 7843)
4(7843 7882 7883 7844)
4(7844 7883 7884 7845)
4(7845 7884 7885 7846)
4(7846 7885 7886 7847)
4(7847 7886 7887 7848)
4(7848 7887 7888 7849)
4(7849 7888 7889 7850)
4(7850 7889 7890 7851)
4(7851 7890 7891 7852)
4(7852 7891 7892 7853)
4(7853 7892 7893 7854)
4(7854 7893 7894 7855)
4(7855 7894 7895 7856)
4(7856 7895 7896 7857)
4(7857 7896 7897 7858)
4(7858 7897 7898 7859)
4(7859 7898 7899 7860)
4(7860 7899 7900 7861)
4(7861 7900 7901 7862)
4(7862 7901 509 510)
4(187 188 7902 7863)
4(7863 7902 7903 7864)
4(7864 7903 7904 7865)
4(7865 7904 7905 7866)
4(7866 7905 7906 7867)
4(7867 7906 7907 7868)
4(7868 7907 7908 7869)
4(7869 7908 7909 7870)
4(7870 7909 7910 7871)
4(7871 7910 7911 7872)
4(7872 7911 7912 7873)
4(7873 7912 7913 7874)
4(7874 7913 7914 7875)
4(7875 7914 7915 7876)
4(7876 7915 7916 7877)
4(7877 7916 7917 7878)
4(7878 7917 7918 7879)
4(7879 7918 7919 7880)
4(7880 7919 7920 7881)
4(7881 7920 7921 7882)
4(7882 7921 7922 7883)
4(7883 7922 7923 7884)
4(7884 7923 7924 7885)
4(7885 7924 7925 7886)
4(7886 7925 7926 7887)
4(7887 7926 7927 7888)
4(7888 7927 7928 7889)
4(7889 7928 7929 7890)
4(7890 7929 7930 7891)
4(7891 7930 7931 7892)
4(7892 7931 7932 7893)
4(7893 7932 7933 7894)
4(7894 7933 7934 7895)
4(7895 7934 7935 7896)
4(7896 7935 7936 7897)
4(7897 7936 7937 7898)
4(7898 7937 7938 7899)
4(7899 7938 7939 7900)
4(7900 7939 7940 7901)
4(7901 7940 508 509)
4(188 189 7941 7902)
4(7902 7941 7942 7903)
4(7903 7942 7943 7904)
4(7904 7943 7944 7905)
4(7905 7944 7945 7906)
4(7906 7945 7946 7907)
4(7907 7946 7947 7908)
4(7908 7947 7948 7909)
4(7909 7948 7949 7910)
4(7910 7949 7950 7911)
4(7911 7950 7951 7912)
4(7912 7951 7952 7913)
4(7913 7952 7953 7914)
4(7914 7953 7954 7915)
4(7915 7954 7955 7916)
4(7916 7955 7956 7917)
4(7917 7956 7957 7918)
4(7918 7957 7958 7919)
4(7919 7958 7959 7920)
4(7920 7959 7960 7921)
4(7921 7960 7961 7922)
4(7922 7961 7962 7923)
4(7923 7962 7963 7924)
4(7924 7963 7964 7925)
4(7925 7964 7965 7926)
4(7926 7965 7966 7927)
4(7927 7966 7967 7928)
4(7928 7967 7968 7929)
4(7929 7968 7969 7930)
4(7930 7969 7970 7931)
4(7931 7970 7971 7932)
4(7932 7971 7972 7933)
4(7933 7972 7973 7934)
4(7934 7973 7974 7935)
4(7935 7974 7975 7936)
4(7936 7975 7976 7937)
4(7937 7976 7977 7938)
4(7938 7977 7978 7939)
4(7939 7978 7979 7940)
4(7940 7979 507 508)
4(189 190 7980 7941)
4(7941 7980 7981 7942)
4(7942 7981 7982 7943)
4(7943 7982 7983 7944)
4(7944 7983 7984 7945)
4(7945 7984 7985 7946)
4(7946 7985 7986 7947)
4(7947 7986 7987 7948)
4(7948 7987 7988 7949)
4(7949 7988 7989 7950)
4(7950 7989 7990 7951)
4(7951 7990 7991 7952)
4(7952 7991 7992 7953)
4(7953 7992 7993 7954)
4(7954 7993 7994 7955)
4(7955 7994 7995 7956)
4(7956 7995 7996 7957)
4(7957 7996 7997 7958)
4(7958 7997 7998 7959)
4(7959 7998 7999 7960)
4(7960 7999 8000 7961)
4(7961 8000 8001 7962)
4(7962 8001 8002 7963)
4(7963 8002 8003 7964)
4(7964 8003 8004 7965)
4(7965 8004 8005 7966)
4(7966 8005 8006 7967)
4(7967 8006 8007 7968)
4(7968 8007 8008 7969)
4(7969 8008 8009 7970)
4(7970 8009 8010 7971)
4(7971 8010 8011 7972)
4(7972 8011 8012 7973)
4(7973 8012 8013 7974)
4(7974 8013 8014 7975)
4(7975 8014 8015 7976)
4(7976 8015 8016 7977)
4(7977 8016 8017 7978)
4(7978 8017 8018 7979)
4(7979 8018 506 507)
4(190 191 8019 7980)
4(7980 8019 8020 7981)
4(7981 8020 8021 7982)
4(7982 8021 8022 7983)
4(7983 8022 8023 7984)
4(7984 8023 8024 7985)
4(7985 8024 8025 7986)
4(7986 8025 8026 7987)
4(7987 8026 8027 7988)
4(7988 8027 8028 7989)
4(7989 8028 8029 7990)
4(7990 8029 8030 7991)
4(7991 8030 8031 7992)
4(7992 8031 8032 7993)
4(7993 8032 8033 7994)
4(7994 8033 8034 7995)
4(7995 8034 8035 7996)
4(7996 8035 8036 7997)
4(7997 8036 8037 7998)
4(7998 8037 8038 7999)
4(7999 8038 8039 8000)
4(8000 8039 8040 8001)
4(8001 8040 8041 8002)
4(8002 8041 8042 8003)
4(8003 8042 8043 8004)
4(8004 8043 8044 8005)
4(8005 8044 8045 8006)
4(8006 8045 8046 8007)
4(8007 8046 8047 8008)
4(8008 8047 8048 8009)
4(8009 8048 8049 8010)
4(8010 8049 8050 8011)
4(8011 8050 8051 8012)
4(8012 8051 8052 8013)
4(8013 8052 8053 8014)
4(8014 8053 8054 8015)
4(8015 8054 8055 8016)
4(8016 8055 8056 8017)
4(8017 8056 8057 8018)
4(8018 8057 505 506)
4(191 192 8058 8019)
4(8019 8058 8059 8020)
4(8020 8059 8060 8021)
4(8021 8060 8061 8022)
4(8022 8061 8062 8023)
4(8023 8062 8063 8024)
4(8024 8063 8064 8025)
4(8025 8064 8065 8026)
4(8026 8065 8066 8027)
4(8027 8066 8067 8028)
4(8028 8067 8068 8029)
4(8029 8068 8069 8030)
4(8030 8069 8070 8031)
4(8031 8070 8071 8032)
4(8032 8071 8072 8033)
4(8033 8072 8073 8034)
4(8034 8073 8074 8035)
4(8035 8074 8075 8036)
4(8036 8075 8076 8037)
4(8037 8076 8077 8038)
4(8038 8077 8078 8039)
4(8039 8078 8079 8040)
4(8040 8079 8080 8041)
4(8041 8080 8081 8042)
4(8042 8081 8082 8043)
4(8043 8082 8083 8044)
4(8044 8083 8084 8045)
4(8045 8084 8085 8046)
4(8046 8085 8086 8047)
4(8047 8086 8087 8048)
4(8048 8087 8088 8049)
4(8049 8088 8089 8050)
4(8050 8089 8090 8051)
4(8051 8090 8091 8052)
4(8052 8091 8092 8053)
4(8053 8092 8093 8054)
4(8054 8093 8094 8055)
4(8055 8094 8095 8056)
4(8056 8095 8096 8057)
4(8057 8096 504 505)
4(192 193 8097 8058)
4(8058 8097 8098 8059)
4(8059 8098 8099 8060)
4(8060 8099 8100 8061)
4(8061 8100 8101 8062)
4(8062 8101 8102 8063)
4(8063 8102 8103 8064)
4(8064 8103 8104 8065)
4(8065 8104 8105 8066)
4(8066 8105 8106 8067)
4(8067 8106 8107 8068)
4(8068 8107 8108 8069)
4(8069 8108 8109 8070)
4(8070 8109 8110 8071)
4(8071 8110 8111 8072)
4(8072 8111 8112 8073)
4(8073 8112 8113 8074)
4(8074 8113 8114 8075)
4(8075 8114 8115 8076)
4(8076 8115 8116 8077)
4(8077 8116 8117 8078)
4(8078 8117 8118 8079)
4(8079 8118 8119 8080)
4(8080 8119 8120 8081)
4(8081 8120 8121 8082)
4(8082 8121 8122 8083)
4(8083 8122 8123 8084)
4(8084 8123 8124 8085)
4(8085 8124 8125 8086)
4(8086 8125 8126 8087)
4(8087 8126 8127 8088)
4(8088 8127 8128 8089)
4(8089 8128 8129 8090)
4(8090 8129 8130 8091)
4(8091 8130 8131 8092)
4(8092 8131 8132 8093)
4(8093 8132 8133 8094)
4(8094 8133 8134 8095)
4(8095 8134 8135 8096)
4(8096 8135 503 504)
4(193 194 8136 8097)
4(8097 8136 8137 8098)
4(8098 8137 8138 8099)
4(8099 8138 8139 8100)
4(8100 8139 8140 8101)
4(8101 8140 8141 8102)
4(8102 8141 8142 8103)
4(8103 8142 8143 8104)
4(8104 8143 8144 8105)
4(8105 8144 8145 8106)
4(8106 8145 8146 8107)
4(8107 8146 8147 8108)
4(8108 8147 8148 8109)
4(8109 8148 8149 8110)
4(8110 8149 8150 8111)
4(8111 8150 8151 8112)
4(8112 8151 8152 8113)
4(8113 8152 8153 8114)
4(8114 8153 8154 8115)
4(8115 8154 8155 8116)
4(8116 8155 8156 8117)
4(8117 8156 8157 8118)
4(8118 8157 8158 8119)
4(8119 8158 8159 8120)
4(8120 8159 8160 8121)
4(8121 8160 8161 8122)
4(8122 8161 8162 8123)
4(8123 8162 8163 8124)
4(8124 8163 8164 8125)
4(8125 8164 8165 8126)
4(8126 8165 8166 8127)
4(8127 8166 8167 8128)
4(8128 8167 8168 8129)
4(8129 8168 8169 8130)
4(8130 8169 8170 8131)
4(8131 8170 8171 8132)
4(8132 8171 8172 8133)
4(8133 8172 8173 8134)
4(8134 8173 8174 8135)
4(8135 8174 502 503)
4(194 195 8175 8136)
4(8136 8175 8176 8137)
4(8137 8176 8177 8138)
4(8138 8177 8178 8139)
4(8139 8178 8179 8140)
4(8140 8179 8180 8141)
4(8141 8180 8181 8142)
4(8142 8181 8182 8143)
4(8143 8182 8183 8144)
4(8144 8183 8184 8145)
4(8145 8184 8185 8146)
4(8146 8185 8186 8147)
4(8147 8186 8187 8148)
4(8148 8187 8188 8149)
4(8149 8188 8189 8150)
4(8150 8189 8190 8151)
4(8151 8190 8191 8152)
4(8152 8191 8192 8153)
4(8153 8192 8193 8154)
4(8154 8193 8194 8155)
4(8155 8194 8195 8156)
4(8156 8195 8196 8157)
4(8157 8196 8197 8158)
4(8158 8197 8198 8159)
4(8159 8198 8199 8160)
4(8160 8199 8200 8161)
4(8161 8200 8201 8162)
4(8162 8201 8202 8163)
4(8163 8202 8203 8164)
4(8164 8203 8204 8165)
4(8165 8204 8205 8166)
4(8166 8205 8206 8167)
4(8167 8206 8207 8168)
4(8168 8207 8208 8169)
4(8169 8208 8209 8170)
4(8170 8209 8210 8171)
4(8171 8210 8211 8172)
4(8172 8211 8212 8173)
4(8173 8212 8213 8174)
4(8174 8213 501 502)
4(195 196 8214 8175)
4(8175 8214 8215 8176)
4(8176 8215 8216 8177)
4(8177 8216 8217 8178)
4(8178 8217 8218 8179)
4(8179 8218 8219 8180)
4(8180 8219 8220 8181)
4(8181 8220 8221 8182)
4(8182 8221 8222 8183)
4(8183 8222 8223 8184)
4(8184 8223 8224 8185)
4(8185 8224 8225 8186)
4(8186 8225 8226 8187)
4(8187 8226 8227 8188)
4(8188 8227 8228 8189)
4(8189 8228 8229 8190)
4(8190 8229 8230 8191)
4(8191 8230 8231 8192)
4(8192 8231 8232 8193)
4(8193 8232 8233 8194)
4(8194 8233 8234 8195)
4(8195 8234 8235 8196)
4(8196 8235 8236 8197)
4(8197 8236 8237 8198)
4(8198 8237 8238 8199)
4(8199 8238 8239 8200)
4(8200 8239 8240 8201)
4(8201 8240 8241 8202)
4(8202 8241 8242 8203)
4(8203 8242 8243 8204)
4(8204 8243 8244 8205)
4(8205 8244 8245 8206)
4(8206 8245 8246 8207)
4(8207 8246 8247 8208)
4(8208 8247 8248 8209)
4(8209 8248 8249 8210)
4(8210 8249 8250 8211)
4(8211 8250 8251 8212)
4(8212 8251 8252 8213)
4(8213 8252 500 501)
4(196 197 8253 8214)
4(8214 8253 8254 8215)
4(8215 8254 8255 8216)
4(8216 8255 8256 8217)
4(8217 8256 8257 8218)
4(8218 8257 8258 8219)
4(8219 8258 8259 8220)
4(8220 8259 8260 8221)
4(8221 8260 8261 8222)
4(8222 8261 8262 8223)
4(8223 8262 8263 8224)
4(8224 8263 8264 8225)
4(8225 8264 8265 8226)
4(8226 8265 8266 8227)
4(8227 8266 8267 8228)
4(8228 8267 8268 8229)
4(8229 8268 8269 8230)
4(8230 8269 8270 8231)
4(8231 8270 8271 8232)
4(8232 8271 8272 8233)
4(8233 8272 8273 8234)
4(8234 8273 8274 8235)
4(8235 8274 8275 8236)
4(8236 8275 8276 8237)
4(8237 8276 8277 8238)
4(8238 8277 8278 8239)
4(8239 8278 8279 8240)
4(8240 8279 8280 8241)
4(8241 8280 8281 8242)
4(8242 8281 8282 8243)
4(8243 8282 8283 8244)
4(8244 8283 8284 8245)
4(8245 8284 8285 8246)
4(8246 8285 8286 8247)
4(8247 8286 8287 8248)
4(8248 8287 8288 8249)
4(8249 8288 8289 8250)
4(8250 8289 8290 8251)
4(8251 8290 8291 8252)
4(8252 8291 499 500)
4(197 198 8292 8253)
4(8253 8292 8293 8254)
4(8254 8293 8294 8255)
4(8255 8294 8295 8256)
4(8256 8295 8296 8257)
4(8257 8296 8297 8258)
4(8258 8297 8298 8259)
4(8259 8298 8299 8260)
4(8260 8299 8300 8261)
4(8261 8300 8301 8262)
4(8262 8301 8302 8263)
4(8263 8302 8303 8264)
4(8264 8303 8304 8265)
4(8265 8304 8305 8266)
4(8266 8305 8306 8267)
4(8267 8306 8307 8268)
4(8268 8307 8308 8269)
4(8269 8308 8309 8270)
4(8270 8309 8310 8271)
4(8271 8310 8311 8272)
4(8272 8311 8312 8273)
4(8273 8312 8313 8274)
4(8274 8313 8314 8275)
4(8275 8314 8315 8276)
4(8276 8315 8316 8277)
4(8277 8316 8317 8278)
4(8278 8317 8318 8279)
4(8279 8318 8319 8280)
4(8280 8319 8320 8281)
4(8281 8320 8321 8282)
4(8282 8321 8322 8283)
4(8283 8322 8323 8284)
4(8284 8323 8324 8285)
4(8285 8324 8325 8286)
4(8286 8325 8326 8287)
4(8287 8326 8327 8288)
4(8288 8327 8328 8289)
4(8289 8328 8329 8290)
4(8290 8329 8330 8291)
4(8291 8330 498 499)
4(198 199 8331 8292)
4(8292 8331 8332 8293)
4(8293 8332 8333 8294)
4(8294 8333 8334 8295)
4(8295 8334 8335 8296)
4(8296 8335 8336 8297)
4(8297 8336 8337 8298)
4(8298 8337 8338 8299)
4(8299 8338 8339 8300)
4(8300 8339 8340 8301)
4(8301 8340 8341 8302)
4(8302 8341 8342 8303)
4(8303 8342 8343 8304)
4(8304 8343 8344 8305)
4(8305 8344 8345 8306)
4(8306 8345 8346 8307)
4(8307 8346 8347 8308)
4(8308 8347 8348 8309)
4(8309 8348 8349 8310)
4(8310 8349 8350 8311)
4(8311 8350 8351 8312)
4(8312 8351 8352 8313)
4(8313 8352 8353 8314)
4(8314 8353 8354 8315)
4(8315 8354 8355 8316)
4(8316 8355 8356 8317)
4(8317 8356 8357 8318)
4(8318 8357 8358 8319)
4(8319 8358 8359 8320)
4(8320 8359 8360 8321)
4(8321 8360 8361 8322)
4(8322 8361 8362 8323)
4(8323 8362 8363 8324)
4(8324 8363 8364 8325)
4(8325 8364 8365 8326)
4(8326 8365 8366 8327)
4(8327 8366 8367 8328)
4(8328 8367 8368 8329)
4(8329 8368 8369 8330)
4(8330 8369 497 498)
4(199 200 8370 8331)
4(8331 8370 8371 8332)
4(8332 8371 8372 8333)
4(8333 8372 8373 8334)
4(8334 8373 8374 8335)
4(8335 8374 8375 8336)
4(8336 8375 8376 8337)
4(8337 8376 8377 8338)
4(8338 8377 8378 8339)
4(8339 8378 8379 8340)
4(8340 8379 8380 8341)
4(8341 8380 8381 8342)
4(8342 8381 8382 8343)
4(8343 8382 8383 8344)
4(8344 8383 8384 8345)
4(8345 8384 8385 8346)
4(8346 8385 8386 8347)
4(8347 8386 8387 8348)
4(8348 8387 8388 8349)
4(8349 8388 8389 8350)
4(8350 8389 8390 8351)
4(8351 8390 8391 8352)
4(8352 8391 8392 8353)
4(8353 8392 8393 8354)
4(8354 8393 8394 8355)
4(8355 8394 8395 8356)
4(8356 8395 8396 8357)
4(8357 8396 8397 8358)
4(8358 8397 8398 8359)
4(8359 8398 8399 8360)
4(8360 8399 8400 8361)
4(8361 8400 8401 8362)
4(8362 8401 8402 8363)
4(8363 8402 8403 8364)
4(8364 8403 8404 8365)
4(8365 8404 8405 8366)
4(8366 8405 8406 8367)
4(8367 8406 8407 8368)
4(8368 8407 8408 8369)
4(8369 8408 496 497)
4(200 201 8409 8370)
4(8370 8409 8410 8371)
4(8371 8410 8411 8372)
4(8372 8411 8412 8373)
4(8373 8412 8413 8374)
4(8374 8413 8414 8375)
4(8375 8414 8415 8376)
4(8376 8415 8416 8377)
4(8377 8416 8417 8378)
4(8378 8417 8418 8379)
4(8379 8418 8419 8380)
4(8380 8419 8420 8381)
4(8381 8420 8421 8382)
4(8382 8421 8422 8383)
4(8383 8422 8423 8384)
4(8384 8423 8424 8385)
4(8385 8424 8425 8386)
4(8386 8425 8426 8387)
4(8387 8426 8427 8388)
4(8388 8427 8428 8389)
4(8389 8428 8429 8390)
4(8390 8429 8430 8391)
4(8391 8430 8431 8392)
4(8392 8431 8432 8393)
4(8393 8432 8433 8394)
4(8394 8433 8434 8395)
4(8395 8434 8435 8396)
4(8396 8435 8436 8397)
4(8397 8436 8437 8398)
4(8398 8437 8438 8399)
4(8399 8438 8439 8400)
4(8400 8439 8440 8401)
4(8401 8440 8441 8402)
4(8402 8441 8442 8403)
4(8403 8442 8443 8404)
4(8404 8443 8444 8405)
4(8405 8444 8445 8406)
4(8406 8445 8446 8407)
4(8407 8446 8447 8408)
4(8408 8447 495 496)
4(201 202 8448 8409)
4(8409 8448 8449 8410)
4(8410 8449 8450 8411)
4(8411 8450 8451 8412)
4(8412 8451 8452 8413)
4(8413 8452 8453 8414)
4(8414 8453 8454 8415)
4(8415 8454 8455 8416)
4(8416 8455 8456 8417)
4(8417 8456 8457 8418)
4(8418 8457 8458 8419)
4(8419 8458 8459 8420)
4(8420 8459 8460 8421)
4(8421 8460 8461 8422)
4(8422 8461 8462 8423)
4(8423 8462 8463 8424)
4(8424 8463 8464 8425)
4(8425 8464 8465 8426)
4(8426 8465 8466 8427)
4(8427 8466 8467 8428)
4(8428 8467 8468 8429)
4(8429 8468 8469 8430)
4(8430 8469 8470 8431)
4(8431 8470 8471 8432)
4(8432 8471 8472 8433)
4(8433 8472 8473 8434)
4(8434 8473 8474 8435)
4(8435 8474 8475 8436)
4(8436 8475 8476 8437)
4(8437 8476 8477 8438)
4(8438 8477 8478 8439)
4(8439 8478 8479 8440)
4(8440 8479 8480 8441)
4(8441 8480 8481 8442)
4(8442 8481 8482 8443)
4(8443 8482 8483 8444)
4(8444 8483 8484 8445)
4(8445 8484 8485 8446)
4(8446 8485 8486 8447)
4(8447 8486 494 495)
4(202 203 8487 8448)
4(8448 8487 8488 8449)
4(8449 8488 8489 8450)
4(8450 8489 8490 8451)
4(8451 8490 8491 8452)
4(8452 8491 8492 8453)
4(8453 8492 8493 8454)
4(8454 8493 8494 8455)
4(8455 8494 8495 8456)
4(8456 8495 8496 8457)
4(8457 8496 8497 8458)
4(8458 8497 8498 8459)
4(8459 8498 8499 8460)
4(8460 8499 8500 8461)
4(8461 8500 8501 8462)
4(8462 8501 8502 8463)
4(8463 8502 8503 8464)
4(8464 8503 8504 8465)
4(8465 8504 8505 8466)
4(8466 8505 8506 8467)
4(8467 8506 8507 8468)
4(8468 8507 8508 8469)
4(8469 8508 8509 8470)
4(8470 8509 8510 8471)
4(8471 8510 8511 8472)
4(8472 8511 8512 8473)
4(8473 8512 8513 8474)
4(8474 8513 8514 8475)
4(8475 8514 8515 8476)
4(8476 8515 8516 8477)
4(8477 8516 8517 8478)
4(8478 8517 8518 8479)
4(8479 8518 8519 8480)
4(8480 8519 8520 8481)
4(8481 8520 8521 8482)
4(8482 8521 8522 8483)
4(8483 8522 8523 8484)
4(8484 8523 8524 8485)
4(8485 8524 8525 8486)
4(8486 8525 493 494)
4(203 204 8526 8487)
4(8487 8526 8527 8488)
4(8488 8527 8528 8489)
4(8489 8528 8529 8490)
4(8490 8529 8530 8491)
4(8491 8530 8531 8492)
4(8492 8531 8532 8493)
4(8493 8532 8533 8494)
4(8494 8533 8534 8495)
4(8495 8534 8535 8496)
4(8496 8535 8536 8497)
4(8497 8536 8537 8498)
4(8498 8537 8538 8499)
4(8499 8538 8539 8500)
4(8500 8539 8540 8501)
4(8501 8540 8541 8502)
4(8502 8541 8542 8503)
4(8503 8542 8543 8504)
4(8504 8543 8544 8505)
4(8505 8544 8545 8506)
4(8506 8545 8546 8507)
4(8507 8546 8547 8508)
4(8508 8547 8548 8509)
4(8509 8548 8549 8510)
4(8510 8549 8550 8511)
4(8511 8550 8551 8512)
4(8512 8551 8552 8513)
4(8513 8552 8553 8514)
4(8514 8553 8554 8515)
4(8515 8554 8555 8516)
4(8516 8555 8556 8517)
4(8517 8556 8557 8518)
4(8518 8557 8558 8519)
4(8519 8558 8559 8520)
4(8520 8559 8560 8521)
4(8521 8560 8561 8522)
4(8522 8561 8562 8523)
4(8523 8562 8563 8524)
4(8524 8563 8564 8525)
4(8525 8564 492 493)
4(204 205 8565 8526)
4(8526 8565 8566 8527)
4(8527 8566 8567 8528)
4(8528 8567 8568 8529)
4(8529 8568 8569 8530)
4(8530 8569 8570 8531)
4(8531 8570 8571 8532)
4(8532 8571 8572 8533)
4(8533 8572 8573 8534)
4(8534 8573 8574 8535)
4(8535 8574 8575 8536)
4(8536 8575 8576 8537)
4(8537 8576 8577 8538)
4(8538 8577 8578 8539)
4(8539 8578 8579 8540)
4(8540 8579 8580 8541)
4(8541 8580 8581 8542)
4(8542 8581 8582 8543)
4(8543 8582 8583 8544)
4(8544 8583 8584 8545)
4(8545 8584 8585 8546)
4(8546 8585 8586 8547)
4(8547 8586 8587 8548)
4(8548 8587 8588 8549)
4(8549 8588 8589 8550)
4(8550 8589 8590 8551)
4(8551 8590 8591 8552)
4(8552 8591 8592 8553)
4(8553 8592 8593 8554)
4(8554 8593 8594 8555)
4(8555 8594 8595 8556)
4(8556 8595 8596 8557)
4(8557 8596 8597 8558)
4(8558 8597 8598 8559)
4(8559 8598 8599 8560)
4(8560 8599 8600 8561)
4(8561 8600 8601 8562)
4(8562 8601 8602 8563)
4(8563 8602 8603 8564)
4(8564 8603 491 492)
4(205 206 8604 8565)
4(8565 8604 8605 8566)
4(8566 8605 8606 8567)
4(8567 8606 8607 8568)
4(8568 8607 8608 8569)
4(8569 8608 8609 8570)
4(8570 8609 8610 8571)
4(8571 8610 8611 8572)
4(8572 8611 8612 8573)
4(8573 8612 8613 8574)
4(8574 8613 8614 8575)
4(8575 8614 8615 8576)
4(8576 8615 8616 8577)
4(8577 8616 8617 8578)
4(8578 8617 8618 8579)
4(8579 8618 8619 8580)
4(8580 8619 8620 8581)
4(8581 8620 8621 8582)
4(8582 8621 8622 8583)
4(8583 8622 8623 8584)
4(8584 8623 8624 8585)
4(8585 8624 8625 8586)
4(8586 8625 8626 8587)
4(8587 8626 8627 8588)
4(8588 8627 8628 8589)
4(8589 8628 8629 8590)
4(8590 8629 8630 8591)
4(8591 8630 8631 8592)
4(8592 8631 8632 8593)
4(8593 8632 8633 8594)
4(8594 8633 8634 8595)
4(8595 8634 8635 8596)
4(8596 8635 8636 8597)
4(8597 8636 8637 8598)
4(8598 8637 8638 8599)
4(8599 8638 8639 8600)
4(8600 8639 8640 8601)
4(8601 8640 8641 8602)
4(8602 8641 8642 8603)
4(8603 8642 490 491)
4(206 207 8643 8604)
4(8604 8643 8644 8605)
4(8605 8644 8645 8606)
4(8606 8645 8646 8607)
4(8607 8646 8647 8608)
4(8608 8647 8648 8609)
4(8609 8648 8649 8610)
4(8610 8649 8650 8611)
4(8611 8650 8651 8612)
4(8612 8651 8652 8613)
4(8613 8652 8653 8614)
4(8614 8653 8654 8615)
4(8615 8654 8655 8616)
4(8616 8655 8656 8617)
4(8617 8656 8657 8618)
4(8618 8657 8658 8619)
4(8619 8658 8659 8620)
4(8620 8659 8660 8621)
4(8621 8660 8661 8622)
4(8622 8661 8662 8623)
4(8623 8662 8663 8624)
4(8624 8663 8664 8625)
4(8625 8664 8665 8626)
4(8626 8665 8666 8627)
4(8627 8666 8667 8628)
4(8628 8667 8668 8629)
4(8629 8668 8669 8630)
4(8630 8669 8670 8631)
4(8631 8670 8671 8632)
4(8632 8671 8672 8633)
4(8633 8672 8673 8634)
4(8634 8673 8674 8635)
4(8635 8674 8675 8636)
4(8636 8675 8676 8637)
4(8637 8676 8677 8638)
4(8638 8677 8678 8639)
4(8639 8678 8679 8640)
4(8640 8679 8680 8641)
4(8641 8680 8681 8642)
4(8642 8681 489 490)
4(207 208 8682 8643)
4(8643 8682 8683 8644)
4(8644 8683 8684 8645)
4(8645 8684 8685 8646)
4(8646 8685 8686 8647)
4(8647 8686 8687 8648)
4(8648 8687 8688 8649)
4(8649 8688 8689 8650)
4(8650 8689 8690 8651)
4(8651 8690 8691 8652)
4(8652 8691 8692 8653)
4(8653 8692 8693 8654)
4(8654 8693 8694 8655)
4(8655 8694 8695 8656)
4(8656 8695 8696 8657)
4(8657 8696 8697 8658)
4(8658 8697 8698 8659)
4(8659 8698 8699 8660)
4(8660 8699 8700 8661)
4(8661 8700 8701 8662)
4(8662 8701 8702 8663)
4(8663 8702 8703 8664)
4(8664 8703 8704 8665)
4(8665 8704 8705 8666)
4(8666 8705 8706 8667)
4(8667 8706 8707 8668)
4(8668 8707 8708 8669)
4(8669 8708 8709 8670)
4(8670 8709 8710 8671)
4(8671 8710 8711 8672)
4(8672 8711 8712 8673)
4(8673 8712 8713 8674)
4(8674 8713 8714 8675)
4(8675 8714 8715 8676)
4(8676 8715 8716 8677)
4(8677 8716 8717 8678)
4(8678 8717 8718 8679)
4(8679 8718 8719 8680)
4(8680 8719 8720 8681)
4(8681 8720 488 489)
4(208 209 8721 8682)
4(8682 8721 8722 8683)
4(8683 8722 8723 8684)
4(8684 8723 8724 8685)
4(8685 8724 8725 8686)
4(8686 8725 8726 8687)
4(8687 8726 8727 8688)
4(8688 8727 8728 8689)
4(8689 8728 8729 8690)
4(8690 8729 8730 8691)
4(8691 8730 8731 8692)
4(8692 8731 8732 8693)
4(8693 8732 8733 8694)
4(8694 8733 8734 8695)
4(8695 8734 8735 8696)
4(8696 8735 8736 8697)
4(8697 8736 8737 8698)
4(8698 8737 8738 8699)
4(8699 8738 8739 8700)
4(8700 8739 8740 8701)
4(8701 8740 8741 8702)
4(8702 8741 8742 8703)
4(8703 8742 8743 8704)
4(8704 8743 8744 8705)
4(8705 8744 8745 8706)
4(8706 8745 8746 8707)
4(8707 8746 8747 8708)
4(8708 8747 8748 8709)
4(8709 8748 8749 8710)
4(8710 8749 8750 8711)
4(8711 8750 8751 8712)
4(8712 8751 8752 8713)
4(8713 8752 8753 8714)
4(8714 8753 8754 8715)
4(8715 8754 8755 8716)
4(8716 8755 8756 8717)
4(8717 8756 8757 8718)
4(8718 8757 8758 8719)
4(8719 8758 8759 8720)
4(8720 8759 487 488)
4(209 210 8760 8721)
4(8721 8760 8761 8722)
4(8722 8761 8762 8723)
4(8723 8762 8763 8724)
4(8724 8763 8764 8725)
4(8725 8764 8765 8726)
4(8726 8765 8766 8727)
4(8727 8766 8767 8728)
4(8728 8767 8768 8729)
4(8729 8768 8769 8730)
4(8730 8769 8770 8731)
4(8731 8770 8771 8732)
4(8732 8771 8772 8733)
4(8733 8772 8773 8734)
4(8734 8773 8774 8735)
4(8735 8774 8775 8736)
4(8736 8775 8776 8737)
4(8737 8776 8777 8738)
4(8738 8777 8778 8739)
4(8739 8778 8779 8740)
4(8740 8779 8780 8741)
4(8741 8780 8781 8742)
4(8742 8781 8782 8743)
4(8743 8782 8783 8744)
4(8744 8783 8784 8745)
4(8745 8784 8785 8746)
4(8746 8785 8786 8747)
4(8747 8786 8787 8748)
4(8748 8787 8788 8749)
4(8749 8788 8789 8750)
4(8750 8789 8790 8751)
4(8751 8790 8791 8752)
4(8752 8791 8792 8753)
4(8753 8792 8793 8754)
4(8754 8793 8794 8755)
4(8755 8794 8795 8756)
4(8756 8795 8796 8757)
4(8757 8796 8797 8758)
4(8758 8797 8798 8759)
4(8759 8798 486 487)
4(210 211 8799 8760)
4(8760 8799 8800 8761)
4(8761 8800 8801 8762)
4(8762 8801 8802 8763)
4(8763 8802 8803 8764)
4(8764 8803 8804 8765)
4(8765 8804 8805 8766)
4(8766 8805 8806 8767)
4(8767 8806 8807 8768)
4(8768 8807 8808 8769)
4(8769 8808 8809 8770)
4(8770 8809 8810 8771)
4(8771 8810 8811 8772)
4(8772 8811 8812 8773)
4(8773 8812 8813 8774)
4(8774 8813 8814 8775)
4(8775 8814 8815 8776)
4(8776 8815 8816 8777)
4(8777 8816 8817 8778)
4(8778 8817 8818 8779)
4(8779 8818 8819 8780)
4(8780 8819 8820 8781)
4(8781 8820 8821 8782)
4(8782 8821 8822 8783)
4(8783 8822 8823 8784)
4(8784 8823 8824 8785)
4(8785 8824 8825 8786)
4(8786 8825 8826 8787)
4(8787 8826 8827 8788)
4(8788 8827 8828 8789)
4(8789 8828 8829 8790)
4(8790 8829 8830 8791)
4(8791 8830 8831 8792)
4(8792 8831 8832 8793)
4(8793 8832 8833 8794)
4(8794 8833 8834 8795)
4(8795 8834 8835 8796)
4(8796 8835 8836 8797)
4(8797 8836 8837 8798)
4(8798 8837 485 486)
4(211 212 8838 8799)
4(8799 8838 8839 8800)
4(8800 8839 8840 8801)
4(8801 8840 8841 8802)
4(8802 8841 8842 8803)
4(8803 8842 8843 8804)
4(8804 8843 8844 8805)
4(8805 8844 8845 8806)
4(8806 8845 8846 8807)
4(8807 8846 8847 8808)
4(8808 8847 8848 8809)
4(8809 8848 8849 8810)
4(8810 8849 8850 8811)
4(8811 8850 8851 8812)
4(8812 8851 8852 8813)
4(8813 8852 8853 8814)
4(8814 8853 8854 8815)
4(8815 8854 8855 8816)
4(8816 8855 8856 8817)
4(8817 8856 8857 8818)
4(8818 8857 8858 8819)
4(8819 8858 8859 8820)
4(8820 8859 8860 8821)
4(8821 8860 8861 8822)
4(8822 8861 8862 8823)
4(8823 8862 8863 8824)
4(8824 8863 8864 8825)
4(8825 8864 8865 8826)
4(8826 8865 8866 8827)
4(8827 8866 8867 8828)
4(8828 8867 8868 8829)
4(8829 8868 8869 8830)
4(8830 8869 8870 8831)
4(8831 8870 8871 8832)
4(8832 8871 8872 8833)
4(8833 8872 8873 8834)
4(8834 8873 8874 8835)
4(8835 8874 8875 8836)
4(8836 8875 8876 8837)
4(8837 8876 484 485)
4(212 213 8877 8838)
4(8838 8877 8878 8839)
4(8839 8878 8879 8840)
4(8840 8879 8880 8841)
4(8841 8880 8881 8842)
4(8842 8881 8882 8843)
4(8843 8882 8883 8844)
4(8844 8883 8884 8845)
4(8845 8884 8885 8846)
4(8846 8885 8886 8847)
4(8847 8886 8887 8848)
4(8848 8887 8888 8849)
4(8849 8888 8889 8850)
4(8850 8889 8890 8851)
4(8851 8890 8891 8852)
4(8852 8891 8892 8853)
4(8853 8892 8893 8854)
4(8854 8893 8894 8855)
4(8855 8894 8895 8856)
4(8856 8895 8896 8857)
4(8857 8896 8897 8858)
4(8858 8897 8898 8859)
4(8859 8898 8899 8860)
4(8860 8899 8900 8861)
4(8861 8900 8901 8862)
4(8862 8901 8902 8863)
4(8863 8902 8903 8864)
4(8864 8903 8904 8865)
4(8865 8904 8905 8866)
4(8866 8905 8906 8867)
4(8867 8906 8907 8868)
4(8868 8907 8908 8869)
4(8869 8908 8909 8870)
4(8870 8909 8910 8871)
4(8871 8910 8911 8872)
4(8872 8911 8912 8873)
4(8873 8912 8913 8874)
4(8874 8913 8914 8875)
4(8875 8914 8915 8876)
4(8876 8915 483 484)
4(213 214 8916 8877)
4(8877 8916 8917 8878)
4(8878 8917 8918 8879)
4(8879 8918 8919 8880)
4(8880 8919 8920 8881)
4(8881 8920 8921 8882)
4(8882 8921 8922 8883)
4(8883 8922 8923 8884)
4(8884 8923 8924 8885)
4(8885 8924 8925 8886)
4(8886 8925 8926 8887)
4(8887 8926 8927 8888)
4(8888 8927 8928 8889)
4(8889 8928 8929 8890)
4(8890 8929 8930 8891)
4(8891 8930 8931 8892)
4(8892 8931 8932 8893)
4(8893 8932 8933 8894)
4(8894 8933 8934 8895)
4(8895 8934 8935 8896)
4(8896 8935 8936 8897)
4(8897 8936 8937 8898)
4(8898 8937 8938 8899)
4(8899 8938 8939 8900)
4(8900 8939 8940 8901)
4(8901 8940 8941 8902)
4(8902 8941 8942 8903)
4(8903 8942 8943 8904)
4(8904 8943 8944 8905)
4(8905 8944 8945 8906)
4(8906 8945 8946 8907)
4(8907 8946 8947 8908)
4(8908 8947 8948 8909)
4(8909 8948 8949 8910)
4(8910 8949 8950 8911)
4(8911 8950 8951 8912)
4(8912 8951 8952 8913)
4(8913 8952 8953 8914)
4(8914 8953 8954 8915)
4(8915 8954 482 483)
4(214 215 8955 8916)
4(8916 8955 8956 8917)
4(8917 8956 8957 8918)
4(8918 8957 8958 8919)
4(8919 8958 8959 8920)
4(8920 8959 8960 8921)
4(8921 8960 8961 8922)
4(8922 8961 8962 8923)
4(8923 8962 8963 8924)
4(8924 8963 8964 8925)
4(8925 8964 8965 8926)
4(8926 8965 8966 8927)
4(8927 8966 8967 8928)
4(8928 8967 8968 8929)
4(8929 8968 8969 8930)
4(8930 8969 8970 8931)
4(8931 8970 8971 8932)
4(8932 8971 8972 8933)
4(8933 8972 8973 8934)
4(8934 8973 8974 8935)
4(8935 8974 8975 8936)
4(8936 8975 8976 8937)
4(8937 8976 8977 8938)
4(8938 8977 8978 8939)
4(8939 8978 8979 8940)
4(8940 8979 8980 8941)
4(8941 8980 8981 8942)
4(8942 8981 8982 8943)
4(8943 8982 8983 8944)
4(8944 8983 8984 8945)
4(8945 8984 8985 8946)
4(8946 8985 8986 8947)
4(8947 8986 8987 8948)
4(8948 8987 8988 8949)
4(8949 8988 8989 8950)
4(8950 8989 8990 8951)
4(8951 8990 8991 8952)
4(8952 8991 8992 8953)
4(8953 8992 8993 8954)
4(8954 8993 481 482)
4(215 216 8994 8955)
4(8955 8994 8995 8956)
4(8956 8995 8996 8957)
4(8957 8996 8997 8958)
4(8958 8997 8998 8959)
4(8959 8998 8999 8960)
4(8960 8999 9000 8961)
4(8961 9000 9001 8962)
4(8962 9001 9002 8963)
4(8963 9002 9003 8964)
4(8964 9003 9004 8965)
4(8965 9004 9005 8966)
4(8966 9005 9006 8967)
4(8967 9006 9007 8968)
4(8968 9007 9008 8969)
4(8969 9008 9009 8970)
4(8970 9009 9010 8971)
4(8971 9010 9011 8972)
4(8972 9011 9012 8973)
4(8973 9012 9013 8974)
4(8974 9013 9014 8975)
4(8975 9014 9015 8976)
4(8976 9015 9016 8977)
4(8977 9016 9017 8978)
4(8978 9017 9018 8979)
4(8979 9018 9019 8980)
4(8980 9019 9020 8981)
4(8981 9020 9021 8982)
4(8982 9021 9022 8983)
4(8983 9022 9023 8984)
4(8984 9023 9024 8985)
4(8985 9024 9025 8986)
4(8986 9025 9026 8987)
4(8987 9026 9027 8988)
4(8988 9027 9028 8989)
4(8989 9028 9029 8990)
4(8990 9029 9030 8991)
4(8991 9030 9031 8992)
4(8992 9031 9032 8993)
4(8993 9032 480 481)
4(216 217 9033 8994)
4(8994 9033 9034 8995)
4(8995 9034 9035 8996)
4(8996 9035 9036 8997)
4(8997 9036 9037 8998)
4(8998 9037 9038 8999)
4(8999 9038 9039 9000)
4(9000 9039 9040 9001)
4(9001 9040 9041 9002)
4(9002 9041 9042 9003)
4(9003 9042 9043 9004)
4(9004 9043 9044 9005)
4(9005 9044 9045 9006)
4(9006 9045 9046 9007)
4(9007 9046 9047 9008)
4(9008 9047 9048 9009)
4(9009 9048 9049 9010)
4(9010 9049 9050 9011)
4(9011 9050 9051 9012)
4(9012 9051 9052 9013)
4(9013 9052 9053 9014)
4(9014 9053 9054 9015)
4(9015 9054 9055 9016)
4(9016 9055 9056 9017)
4(9017 9056 9057 9018)
4(9018 9057 9058 9019)
4(9019 9058 9059 9020)
4(9020 9059 9060 9021)
4(9021 9060 9061 9022)
4(9022 9061 9062 9023)
4(9023 9062 9063 9024)
4(9024 9063 9064 9025)
4(9025 9064 9065 9026)
4(9026 9065 9066 9027)
4(9027 9066 9067 9028)
4(9028 9067 9068 9029)
4(9029 9068 9069 9030)
4(9030 9069 9070 9031)
4(9031 9070 9071 9032)
4(9032 9071 479 480)
4(217 218 9072 9033)
4(9033 9072 9073 9034)
4(9034 9073 9074 9035)
4(9035 9074 9075 9036)
4(9036 9075 9076 9037)
4(9037 9076 9077 9038)
4(9038 9077 9078 9039)
4(9039 9078 9079 9040)
4(9040 9079 9080 9041)
4(9041 9080 9081 9042)
4(9042 9081 9082 9043)
4(9043 9082 9083 9044)
4(9044 9083 9084 9045)
4(9045 9084 9085 9046)
4(9046 9085 9086 9047)
4(9047 9086 9087 9048)
4(9048 9087 9088 9049)
4(9049 9088 9089 9050)
4(9050 9089 9090 9051)
4(9051 9090 9091 9052)
4(9052 9091 9092 9053)
4(9053 9092 9093 9054)
4(9054 9093 9094 9055)
4(9055 9094 9095 9056)
4(9056 9095 9096 9057)
4(9057 9096 9097 9058)
4(9058 9097 9098 9059)
4(9059 9098 9099 9060)
4(9060 9099 9100 9061)
4(9061 9100 9101 9062)
4(9062 9101 9102 9063)
4(9063 9102 9103 9064)
4(9064 9103 9104 9065)
4(9065 9104 9105 9066)
4(9066 9105 9106 9067)
4(9067 9106 9107 9068)
4(9068 9107 9108 9069)
4(9069 9108 9109 9070)
4(9070 9109 9110 9071)
4(9071 9110 478 479)
4(218 219 9111 9072)
4(9072 9111 9112 9073)
4(9073 9112 9113 9074)
4(9074 9113 9114 9075)
4(9075 9114 9115 9076)
4(9076 9115 9116 9077)
4(9077 9116 9117 9078)
4(9078 9117 9118 9079)
4(9079 9118 9119 9080)
4(9080 9119 9120 9081)
4(9081 9120 9121 9082)
4(9082 9121 9122 9083)
4(9083 9122 9123 9084)
4(9084 9123 9124 9085)
4(9085 9124 9125 9086)
4(9086 9125 9126 9087)
4(9087 9126 9127 9088)
4(9088 9127 9128 9089)
4(9089 9128 9129 9090)
4(9090 9129 9130 9091)
4(9091 9130 9131 9092)
4(9092 9131 9132 9093)
4(9093 9132 9133 9094)
4(9094 9133 9134 9095)
4(9095 9134 9135 9096)
4(9096 9135 9136 9097)
4(9097 9136 9137 9098)
4(9098 9137 9138 9099)
4(9099 9138 9139 9100)
4(9100 9139 9140 9101)
4(9101 9140 9141 9102)
4(9102 9141 9142 9103)
4(9103 9142 9143 9104)
4(9104 9143 9144 9105)
4(9105 9144 9145 9106)
4(9106 9145 9146 9107)
4(9107 9146 9147 9108)
4(9108 9147 9148 9109)
4(9109 9148 9149 9110)
4(9110 9149 477 478)
4(219 220 9150 9111)
4(9111 9150 9151 9112)
4(9112 9151 9152 9113)
4(9113 9152 9153 9114)
4(9114 9153 9154 9115)
4(9115 9154 9155 9116)
4(9116 9155 9156 9117)
4(9117 9156 9157 9118)
4(9118 9157 9158 9119)
4(9119 9158 9159 9120)
4(9120 9159 9160 9121)
4(9121 9160 9161 9122)
4(9122 9161 9162 9123)
4(9123 9162 9163 9124)
4(9124 9163 9164 9125)
4(9125 9164 9165 9126)
4(9126 9165 9166 9127)
4(9127 9166 9167 9128)
4(9128 9167 9168 9129)
4(9129 9168 9169 9130)
4(9130 9169 9170 9131)
4(9131 9170 9171 9132)
4(9132 9171 9172 9133)
4(9133 9172 9173 9134)
4(9134 9173 9174 9135)
4(9135 9174 9175 9136)
4(9136 9175 9176 9137)
4(9137 9176 9177 9138)
4(9138 9177 9178 9139)
4(9139 9178 9179 9140)
4(9140 9179 9180 9141)
4(9141 9180 9181 9142)
4(9142 9181 9182 9143)
4(9143 9182 9183 9144)
4(9144 9183 9184 9145)
4(9145 9184 9185 9146)
4(9146 9185 9186 9147)
4(9147 9186 9187 9148)
4(9148 9187 9188 9149)
4(9149 9188 476 477)
4(220 221 9189 9150)
4(9150 9189 9190 9151)
4(9151 9190 9191 9152)
4(9152 9191 9192 9153)
4(9153 9192 9193 9154)
4(9154 9193 9194 9155)
4(9155 9194 9195 9156)
4(9156 9195 9196 9157)
4(9157 9196 9197 9158)
4(9158 9197 9198 9159)
4(9159 9198 9199 9160)
4(9160 9199 9200 9161)
4(9161 9200 9201 9162)
4(9162 9201 9202 9163)
4(9163 9202 9203 9164)
4(9164 9203 9204 9165)
4(9165 9204 9205 9166)
4(9166 9205 9206 9167)
4(9167 9206 9207 9168)
4(9168 9207 9208 9169)
4(9169 9208 9209 9170)
4(9170 9209 9210 9171)
4(9171 9210 9211 9172)
4(9172 9211 9212 9173)
4(9173 9212 9213 9174)
4(9174 9213 9214 9175)
4(9175 9214 9215 9176)
4(9176 9215 9216 9177)
4(9177 9216 9217 9178)
4(9178 9217 9218 9179)
4(9179 9218 9219 9180)
4(9180 9219 9220 9181)
4(9181 9220 9221 9182)
4(9182 9221 9222 9183)
4(9183 9222 9223 9184)
4(9184 9223 9224 9185)
4(9185 9224 9225 9186)
4(9186 9225 9226 9187)
4(9187 9226 9227 9188)
4(9188 9227 475 476)
4(221 222 9228 9189)
4(9189 9228 9229 9190)
4(9190 9229 9230 9191)
4(9191 9230 9231 9192)
4(9192 9231 9232 9193)
4(9193 9232 9233 9194)
4(9194 9233 9234 9195)
4(9195 9234 9235 9196)
4(9196 9235 9236 9197)
4(9197 9236 9237 9198)
4(9198 9237 9238 9199)
4(9199 9238 9239 9200)
4(9200 9239 9240 9201)
4(9201 9240 9241 9202)
4(9202 9241 9242 9203)
4(9203 9242 9243 9204)
4(9204 9243 9244 9205)
4(9205 9244 9245 9206)
4(9206 9245 9246 9207)
4(9207 9246 9247 9208)
4(9208 9247 9248 9209)
4(9209 9248 9249 9210)
4(9210 9249 9250 9211)
4(9211 9250 9251 9212)
4(9212 9251 9252 9213)
4(9213 9252 9253 9214)
4(9214 9253 9254 9215)
4(9215 9254 9255 9216)
4(9216 9255 9256 9217)
4(9217 9256 9257 9218)
4(9218 9257 9258 9219)
4(9219 9258 9259 9220)
4(9220 9259 9260 9221)
4(9221 9260 9261 9222)
4(9222 9261 9262 9223)
4(9223 9262 9263 9224)
4(9224 9263 9264 9225)
4(9225 9264 9265 9226)
4(9226 9265 9266 9227)
4(9227 9266 474 475)
4(222 223 9267 9228)
4(9228 9267 9268 9229)
4(9229 9268 9269 9230)
4(9230 9269 9270 9231)
4(9231 9270 9271 9232)
4(9232 9271 9272 9233)
4(9233 9272 9273 9234)
4(9234 9273 9274 9235)
4(9235 9274 9275 9236)
4(9236 9275 9276 9237)
4(9237 9276 9277 9238)
4(9238 9277 9278 9239)
4(9239 9278 9279 9240)
4(9240 9279 9280 9241)
4(9241 9280 9281 9242)
4(9242 9281 9282 9243)
4(9243 9282 9283 9244)
4(9244 9283 9284 9245)
4(9245 9284 9285 9246)
4(9246 9285 9286 9247)
4(9247 9286 9287 9248)
4(9248 9287 9288 9249)
4(9249 9288 9289 9250)
4(9250 9289 9290 9251)
4(9251 9290 9291 9252)
4(9252 9291 9292 9253)
4(9253 9292 9293 9254)
4(9254 9293 9294 9255)
4(9255 9294 9295 9256)
4(9256 9295 9296 9257)
4(9257 9296 9297 9258)
4(9258 9297 9298 9259)
4(9259 9298 9299 9260)
4(9260 9299 9300 9261)
4(9261 9300 9301 9262)
4(9262 9301 9302 9263)
4(9263 9302 9303 9264)
4(9264 9303 9304 9265)
4(9265 9304 9305 9266)
4(9266 9305 473 474)
4(223 224 9306 9267)
4(9267 9306 9307 9268)
4(9268 9307 9308 9269)
4(9269 9308 9309 9270)
4(9270 9309 9310 9271)
4(9271 9310 9311 9272)
4(9272 9311 9312 9273)
4(9273 9312 9313 9274)
4(9274 9313 9314 9275)
4(9275 9314 9315 9276)
4(9276 9315 9316 9277)
4(9277 9316 9317 9278)
4(9278 9317 9318 9279)
4(9279 9318 9319 9280)
4(9280 9319 9320 9281)
4(9281 9320 9321 9282)
4(9282 9321 9322 9283)
4(9283 9322 9323 9284)
4(9284 9323 9324 9285)
4(9285 9324 9325 9286)
4(9286 9325 9326 9287)
4(9287 9326 9327 9288)
4(9288 9327 9328 9289)
4(9289 9328 9329 9290)
4(9290 9329 9330 9291)
4(9291 9330 9331 9292)
4(9292 9331 9332 9293)
4(9293 9332 9333 9294)
4(9294 9333 9334 9295)
4(9295 9334 9335 9296)
4(9296 9335 9336 9297)
4(9297 9336 9337 9298)
4(9298 9337 9338 9299)
4(9299 9338 9339 9300)
4(9300 9339 9340 9301)
4(9301 9340 9341 9302)
4(9302 9341 9342 9303)
4(9303 9342 9343 9304)
4(9304 9343 9344 9305)
4(9305 9344 472 473)
4(224 225 9345 9306)
4(9306 9345 9346 9307)
4(9307 9346 9347 9308)
4(9308 9347 9348 9309)
4(9309 9348 9349 9310)
4(9310 9349 9350 9311)
4(9311 9350 9351 9312)
4(9312 9351 9352 9313)
4(9313 9352 9353 9314)
4(9314 9353 9354 9315)
4(9315 9354 9355 9316)
4(9316 9355 9356 9317)
4(9317 9356 9357 9318)
4(9318 9357 9358 9319)
4(9319 9358 9359 9320)
4(9320 9359 9360 9321)
4(9321 9360 9361 9322)
4(9322 9361 9362 9323)
4(9323 9362 9363 9324)
4(9324 9363 9364 9325)
4(9325 9364 9365 9326)
4(9326 9365 9366 9327)
4(9327 9366 9367 9328)
4(9328 9367 9368 9329)
4(9329 9368 9369 9330)
4(9330 9369 9370 9331)
4(9331 9370 9371 9332)
4(9332 9371 9372 9333)
4(9333 9372 9373 9334)
4(9334 9373 9374 9335)
4(9335 9374 9375 9336)
4(9336 9375 9376 9337)
4(9337 9376 9377 9338)
4(9338 9377 9378 9339)
4(9339 9378 9379 9340)
4(9340 9379 9380 9341)
4(9341 9380 9381 9342)
4(9342 9381 9382 9343)
4(9343 9382 9383 9344)
4(9344 9383 471 472)
4(225 226 9384 9345)
4(9345 9384 9385 9346)
4(9346 9385 9386 9347)
4(9347 9386 9387 9348)
4(9348 9387 9388 9349)
4(9349 9388 9389 9350)
4(9350 9389 9390 9351)
4(9351 9390 9391 9352)
4(9352 9391 9392 9353)
4(9353 9392 9393 9354)
4(9354 9393 9394 9355)
4(9355 9394 9395 9356)
4(9356 9395 9396 9357)
4(9357 9396 9397 9358)
4(9358 9397 9398 9359)
4(9359 9398 9399 9360)
4(9360 9399 9400 9361)
4(9361 9400 9401 9362)
4(9362 9401 9402 9363)
4(9363 9402 9403 9364)
4(9364 9403 9404 9365)
4(9365 9404 9405 9366)
4(9366 9405 9406 9367)
4(9367 9406 9407 9368)
4(9368 9407 9408 9369)
4(9369 9408 9409 9370)
4(9370 9409 9410 9371)
4(9371 9410 9411 9372)
4(9372 9411 9412 9373)
4(9373 9412 9413 9374)
4(9374 9413 9414 9375)
4(9375 9414 9415 9376)
4(9376 9415 9416 9377)
4(9377 9416 9417 9378)
4(9378 9417 9418 9379)
4(9379 9418 9419 9380)
4(9380 9419 9420 9381)
4(9381 9420 9421 9382)
4(9382 9421 9422 9383)
4(9383 9422 470 471)
4(226 227 9423 9384)
4(9384 9423 9424 9385)
4(9385 9424 9425 9386)
4(9386 9425 9426 9387)
4(9387 9426 9427 9388)
4(9388 9427 9428 9389)
4(9389 9428 9429 9390)
4(9390 9429 9430 9391)
4(9391 9430 9431 9392)
4(9392 9431 9432 9393)
4(9393 9432 9433 9394)
4(9394 9433 9434 9395)
4(9395 9434 9435 9396)
4(9396 9435 9436 9397)
4(9397 9436 9437 9398)
4(9398 9437 9438 9399)
4(9399 9438 9439 9400)
4(9400 9439 9440 9401)
4(9401 9440 9441 9402)
4(9402 9441 9442 9403)
4(9403 9442 9443 9404)
4(9404 9443 9444 9405)
4(9405 9444 9445 9406)
4(9406 9445 9446 9407)
4(9407 9446 9447 9408)
4(9408 9447 9448 9409)
4(9409 9448 9449 9410)
4(9410 9449 9450 9411)
4(9411 9450 9451 9412)
4(9412 9451 9452 9413)
4(9413 9452 9453 9414)
4(9414 9453 9454 9415)
4(9415 9454 9455 9416)
4(9416 9455 9456 9417)
4(9417 9456 9457 9418)
4(9418 9457 9458 9419)
4(9419 9458 9459 9420)
4(9420 9459 9460 9421)
4(9421 9460 9461 9422)
4(9422 9461 469 470)
4(227 228 9462 9423)
4(9423 9462 9463 9424)
4(9424 9463 9464 9425)
4(9425 9464 9465 9426)
4(9426 9465 9466 9427)
4(9427 9466 9467 9428)
4(9428 9467 9468 9429)
4(9429 9468 9469 9430)
4(9430 9469 9470 9431)
4(9431 9470 9471 9432)
4(9432 9471 9472 9433)
4(9433 9472 9473 9434)
4(9434 9473 9474 9435)
4(9435 9474 9475 9436)
4(9436 9475 9476 9437)
4(9437 9476 9477 9438)
4(9438 9477 9478 9439)
4(9439 9478 9479 9440)
4(9440 9479 9480 9441)
4(9441 9480 9481 9442)
4(9442 9481 9482 9443)
4(9443 9482 9483 9444)
4(9444 9483 9484 9445)
4(9445 9484 9485 9446)
4(9446 9485 9486 9447)
4(9447 9486 9487 9448)
4(9448 9487 9488 9449)
4(9449 9488 9489 9450)
4(9450 9489 9490 9451)
4(9451 9490 9491 9452)
4(9452 9491 9492 9453)
4(9453 9492 9493 9454)
4(9454 9493 9494 9455)
4(9455 9494 9495 9456)
4(9456 9495 9496 9457)
4(9457 9496 9497 9458)
4(9458 9497 9498 9459)
4(9459 9498 9499 9460)
4(9460 9499 9500 9461)
4(9461 9500 468 469)
4(228 229 9501 9462)
4(9462 9501 9502 9463)
4(9463 9502 9503 9464)
4(9464 9503 9504 9465)
4(9465 9504 9505 9466)
4(9466 9505 9506 9467)
4(9467 9506 9507 9468)
4(9468 9507 9508 9469)
4(9469 9508 9509 9470)
4(9470 9509 9510 9471)
4(9471 9510 9511 9472)
4(9472 9511 9512 9473)
4(9473 9512 9513 9474)
4(9474 9513 9514 9475)
4(9475 9514 9515 9476)
4(9476 9515 9516 9477)
4(9477 9516 9517 9478)
4(9478 9517 9518 9479)
4(9479 9518 9519 9480)
4(9480 9519 9520 9481)
4(9481 9520 9521 9482)
4(9482 9521 9522 9483)
4(9483 9522 9523 9484)
4(9484 9523 9524 9485)
4(9485 9524 9525 9486)
4(9486 9525 9526 9487)
4(9487 9526 9527 9488)
4(9488 9527 9528 9489)
4(9489 9528 9529 9490)
4(9490 9529 9530 9491)
4(9491 9530 9531 9492)
4(9492 9531 9532 9493)
4(9493 9532 9533 9494)
4(9494 9533 9534 9495)
4(9495 9534 9535 9496)
4(9496 9535 9536 9497)
4(9497 9536 9537 9498)
4(9498 9537 9538 9499)
4(9499 9538 9539 9500)
4(9500 9539 467 468)
4(229 230 9540 9501)
4(9501 9540 9541 9502)
4(9502 9541 9542 9503)
4(9503 9542 9543 9504)
4(9504 9543 9544 9505)
4(9505 9544 9545 9506)
4(9506 9545 9546 9507)
4(9507 9546 9547 9508)
4(9508 9547 9548 9509)
4(9509 9548 9549 9510)
4(9510 9549 9550 9511)
4(9511 9550 9551 9512)
4(9512 9551 9552 9513)
4(9513 9552 9553 9514)
4(9514 9553 9554 9515)
4(9515 9554 9555 9516)
4(9516 9555 9556 9517)
4(9517 9556 9557 9518)
4(9518 9557 9558 9519)
4(9519 9558 9559 9520)
4(9520 9559 9560 9521)
4(9521 9560 9561 9522)
4(9522 9561 9562 9523)
4(9523 9562 9563 9524)
4(9524 9563 9564 9525)
4(9525 9564 9565 9526)
4(9526 9565 9566 9527)
4(9527 9566 9567 9528)
4(9528 9567 9568 9529)
4(9529 9568 9569 9530)
4(9530 9569 9570 9531)
4(9531 9570 9571 9532)
4(9532 9571 9572 9533)
4(9533 9572 9573 9534)
4(9534 9573 9574 9535)
4(9535 9574 9575 9536)
4(9536 9575 9576 9537)
4(9537 9576 9577 9538)
4(9538 9577 9578 9539)
4(9539 9578 466 467)
4(230 231 9579 9540)
4(9540 9579 9580 9541)
4(9541 9580 9581 9542)
4(9542 9581 9582 9543)
4(9543 9582 9583 9544)
4(9544 9583 9584 9545)
4(9545 9584 9585 9546)
4(9546 9585 9586 9547)
4(9547 9586 9587 9548)
4(9548 9587 9588 9549)
4(9549 9588 9589 9550)
4(9550 9589 9590 9551)
4(9551 9590 9591 9552)
4(9552 9591 9592 9553)
4(9553 9592 9593 9554)
4(9554 9593 9594 9555)
4(9555 9594 9595 9556)
4(9556 9595 9596 9557)
4(9557 9596 9597 9558)
4(9558 9597 9598 9559)
4(9559 9598 9599 9560)
4(9560 9599 9600 9561)
4(9561 9600 9601 9562)
4(9562 9601 9602 9563)
4(9563 9602 9603 9564)
4(9564 9603 9604 9565)
4(9565 9604 9605 9566)
4(9566 9605 9606 9567)
4(9567 9606 9607 9568)
4(9568 9607 9608 9569)
4(9569 9608 9609 9570)
4(9570 9609 9610 9571)
4(9571 9610 9611 9572)
4(9572 9611 9612 9573)
4(9573 9612 9613 9574)
4(9574 9613 9614 9575)
4(9575 9614 9615 9576)
4(9576 9615 9616 9577)
4(9577 9616 9617 9578)
4(9578 9617 465 466)
4(231 232 9618 9579)
4(9579 9618 9619 9580)
4(9580 9619 9620 9581)
4(9581 9620 9621 9582)
4(9582 9621 9622 9583)
4(9583 9622 9623 9584)
4(9584 9623 9624 9585)
4(9585 9624 9625 9586)
4(9586 9625 9626 9587)
4(9587 9626 9627 9588)
4(9588 9627 9628 9589)
4(9589 9628 9629 9590)
4(9590 9629 9630 9591)
4(9591 9630 9631 9592)
4(9592 9631 9632 9593)
4(9593 9632 9633 9594)
4(9594 9633 9634 9595)
4(9595 9634 9635 9596)
4(9596 9635 9636 9597)
4(9597 9636 9637 9598)
4(9598 9637 9638 9599)
4(9599 9638 9639 9600)
4(9600 9639 9640 9601)
4(9601 9640 9641 9602)
4(9602 9641 9642 9603)
4(9603 9642 9643 9604)
4(9604 9643 9644 9605)
4(9605 9644 9645 9606)
4(9606 9645 9646 9607)
4(9607 9646 9647 9608)
4(9608 9647 9648 9609)
4(9609 9648 9649 9610)
4(9610 9649 9650 9611)
4(9611 9650 9651 9612)
4(9612 9651 9652 9613)
4(9613 9652 9653 9614)
4(9614 9653 9654 9615)
4(9615 9654 9655 9616)
4(9616 9655 9656 9617)
4(9617 9656 464 465)
4(232 233 9657 9618)
4(9618 9657 9658 9619)
4(9619 9658 9659 9620)
4(9620 9659 9660 9621)
4(9621 9660 9661 9622)
4(9622 9661 9662 9623)
4(9623 9662 9663 9624)
4(9624 9663 9664 9625)
4(9625 9664 9665 9626)
4(9626 9665 9666 9627)
4(9627 9666 9667 9628)
4(9628 9667 9668 9629)
4(9629 9668 9669 9630)
4(9630 9669 9670 9631)
4(9631 9670 9671 9632)
4(9632 9671 9672 9633)
4(9633 9672 9673 9634)
4(9634 9673 9674 9635)
4(9635 9674 9675 9636)
4(9636 9675 9676 9637)
4(9637 9676 9677 9638)
4(9638 9677 9678 9639)
4(9639 9678 9679 9640)
4(9640 9679 9680 9641)
4(9641 9680 9681 9642)
4(9642 9681 9682 9643)
4(9643 9682 9683 9644)
4(9644 9683 9684 9645)
4(9645 9684 9685 9646)
4(9646 9685 9686 9647)
4(9647 9686 9687 9648)
4(9648 9687 9688 9649)
4(9649 9688 9689 9650)
4(9650 9689 9690 9651)
4(9651 9690 9691 9652)
4(9652 9691 9692 9653)
4(9653 9692 9693 9654)
4(9654 9693 9694 9655)
4(9655 9694 9695 9656)
4(9656 9695 463 464)
4(233 234 9696 9657)
4(9657 9696 9697 9658)
4(9658 9697 9698 9659)
4(9659 9698 9699 9660)
4(9660 9699 9700 9661)
4(9661 9700 9701 9662)
4(9662 9701 9702 9663)
4(9663 9702 9703 9664)
4(9664 9703 9704 9665)
4(9665 9704 9705 9666)
4(9666 9705 9706 9667)
4(9667 9706 9707 9668)
4(9668 9707 9708 9669)
4(9669 9708 9709 9670)
4(9670 9709 9710 9671)
4(9671 9710 9711 9672)
4(9672 9711 9712 9673)
4(9673 9712 9713 9674)
4(9674 9713 9714 9675)
4(9675 9714 9715 9676)
4(9676 9715 9716 9677)
4(9677 9716 9717 9678)
4(9678 9717 9718 9679)
4(9679 9718 9719 9680)
4(9680 9719 9720 9681)
4(9681 9720 9721 9682)
4(9682 9721 9722 9683)
4(9683 9722 9723 9684)
4(9684 9723 9724 9685)
4(9685 9724 9725 9686)
4(9686 9725 9726 9687)
4(9687 9726 9727 9688)
4(9688 9727 9728 9689)
4(9689 9728 9729 9690)
4(9690 9729 9730 9691)
4(9691 9730 9731 9692)
4(9692 9731 9732 9693)
4(9693 9732 9733 9694)
4(9694 9733 9734 9695)
4(9695 9734 462 463)
4(234 235 9735 9696)
4(9696 9735 9736 9697)
4(9697 9736 9737 9698)
4(9698 9737 9738 9699)
4(9699 9738 9739 9700)
4(9700 9739 9740 9701)
4(9701 9740 9741 9702)
4(9702 9741 9742 9703)
4(9703 9742 9743 9704)
4(9704 9743 9744 9705)
4(9705 9744 9745 9706)
4(9706 9745 9746 9707)
4(9707 9746 9747 9708)
4(9708 9747 9748 9709)
4(9709 9748 9749 9710)
4(9710 9749 9750 9711)
4(9711 9750 9751 9712)
4(9712 9751 9752 9713)
4(9713 9752 9753 9714)
4(9714 9753 9754 9715)
4(9715 9754 9755 9716)
4(9716 9755 9756 9717)
4(9717 9756 9757 9718)
4(9718 9757 9758 9719)
4(9719 9758 9759 9720)
4(9720 9759 9760 9721)
4(9721 9760 9761 9722)
4(9722 9761 9762 9723)
4(9723 9762 9763 9724)
4(9724 9763 9764 9725)
4(9725 9764 9765 9726)
4(9726 9765 9766 9727)
4(9727 9766 9767 9728)
4(9728 9767 9768 9729)
4(9729 9768 9769 9730)
4(9730 9769 9770 9731)
4(9731 9770 9771 9732)
4(9732 9771 9772 9733)
4(9733 9772 9773 9734)
4(9734 9773 461 462)
4(235 236 9774 9735)
4(9735 9774 9775 9736)
4(9736 9775 9776 9737)
4(9737 9776 9777 9738)
4(9738 9777 9778 9739)
4(9739 9778 9779 9740)
4(9740 9779 9780 9741)
4(9741 9780 9781 9742)
4(9742 9781 9782 9743)
4(9743 9782 9783 9744)
4(9744 9783 9784 9745)
4(9745 9784 9785 9746)
4(9746 9785 9786 9747)
4(9747 9786 9787 9748)
4(9748 9787 9788 9749)
4(9749 9788 9789 9750)
4(9750 9789 9790 9751)
4(9751 9790 9791 9752)
4(9752 9791 9792 9753)
4(9753 9792 9793 9754)
4(9754 9793 9794 9755)
4(9755 9794 9795 9756)
4(9756 9795 9796 9757)
4(9757 9796 9797 9758)
4(9758 9797 9798 9759)
4(9759 9798 9799 9760)
4(9760 9799 9800 9761)
4(9761 9800 9801 9762)
4(9762 9801 9802 9763)
4(9763 9802 9803 9764)
4(9764 9803 9804 9765)
4(9765 9804 9805 9766)
4(9766 9805 9806 9767)
4(9767 9806 9807 9768)
4(9768 9807 9808 9769)
4(9769 9808 9809 9770)
4(9770 9809 9810 9771)
4(9771 9810 9811 9772)
4(9772 9811 9812 9773)
4(9773 9812 460 461)
4(236 237 9813 9774)
4(9774 9813 9814 9775)
4(9775 9814 9815 9776)
4(9776 9815 9816 9777)
4(9777 9816 9817 9778)
4(9778 9817 9818 9779)
4(9779 9818 9819 9780)
4(9780 9819 9820 9781)
4(9781 9820 9821 9782)
4(9782 9821 9822 9783)
4(9783 9822 9823 9784)
4(9784 9823 9824 9785)
4(9785 9824 9825 9786)
4(9786 9825 9826 9787)
4(9787 9826 9827 9788)
4(9788 9827 9828 9789)
4(9789 9828 9829 9790)
4(9790 9829 9830 9791)
4(9791 9830 9831 9792)
4(9792 9831 9832 9793)
4(9793 9832 9833 9794)
4(9794 9833 9834 9795)
4(9795 9834 9835 9796)
4(9796 9835 9836 9797)
4(9797 9836 9837 9798)
4(9798 9837 9838 9799)
4(9799 9838 9839 9800)
4(9800 9839 9840 9801)
4(9801 9840 9841 9802)
4(9802 9841 9842 9803)
4(9803 9842 9843 9804)
4(9804 9843 9844 9805)
4(9805 9844 9845 9806)
4(9806 9845 9846 9807)
4(9807 9846 9847 9808)
4(9808 9847 9848 9809)
4(9809 9848 9849 9810)
4(9810 9849 9850 9811)
4(9811 9850 9851 9812)
4(9812 9851 459 460)
4(237 238 9852 9813)
4(9813 9852 9853 9814)
4(9814 9853 9854 9815)
4(9815 9854 9855 9816)
4(9816 9855 9856 9817)
4(9817 9856 9857 9818)
4(9818 9857 9858 9819)
4(9819 9858 9859 9820)
4(9820 9859 9860 9821)
4(9821 9860 9861 9822)
4(9822 9861 9862 9823)
4(9823 9862 9863 9824)
4(9824 9863 9864 9825)
4(9825 9864 9865 9826)
4(9826 9865 9866 9827)
4(9827 9866 9867 9828)
4(9828 9867 9868 9829)
4(9829 9868 9869 9830)
4(9830 9869 9870 9831)
4(9831 9870 9871 9832)
4(9832 9871 9872 9833)
4(9833 9872 9873 9834)
4(9834 9873 9874 9835)
4(9835 9874 9875 9836)
4(9836 9875 9876 9837)
4(9837 9876 9877 9838)
4(9838 9877 9878 9839)
4(9839 9878 9879 9840)
4(9840 9879 9880 9841)
4(9841 9880 9881 9842)
4(9842 9881 9882 9843)
4(9843 9882 9883 9844)
4(9844 9883 9884 9845)
4(9845 9884 9885 9846)
4(9846 9885 9886 9847)
4(9847 9886 9887 9848)
4(9848 9887 9888 9849)
4(9849 9888 9889 9850)
4(9850 9889 9890 9851)
4(9851 9890 458 459)
4(238 239 9891 9852)
4(9852 9891 9892 9853)
4(9853 9892 9893 9854)
4(9854 9893 9894 9855)
4(9855 9894 9895 9856)
4(9856 9895 9896 9857)
4(9857 9896 9897 9858)
4(9858 9897 9898 9859)
4(9859 9898 9899 9860)
4(9860 9899 9900 9861)
4(9861 9900 9901 9862)
4(9862 9901 9902 9863)
4(9863 9902 9903 9864)
4(9864 9903 9904 9865)
4(9865 9904 9905 9866)
4(9866 9905 9906 9867)
4(9867 9906 9907 9868)
4(9868 9907 9908 9869)
4(9869 9908 9909 9870)
4(9870 9909 9910 9871)
4(9871 9910 9911 9872)
4(9872 9911 9912 9873)
4(9873 9912 9913 9874)
4(9874 9913 9914 9875)
4(9875 9914 9915 9876)
4(9876 9915 9916 9877)
4(9877 9916 9917 9878)
4(9878 9917 9918 9879)
4(9879 9918 9919 9880)
4(9880 9919 9920 9881)
4(9881 9920 9921 9882)
4(9882 9921 9922 9883)
4(9883 9922 9923 9884)
4(9884 9923 9924 9885)
4(9885 9924 9925 9886)
4(9886 9925 9926 9887)
4(9887 9926 9927 9888)
4(9888 9927 9928 9889)
4(9889 9928 9929 9890)
4(9890 9929 457 458)
4(239 240 9930 9891)
4(9891 9930 9931 9892)
4(9892 9931 9932 9893)
4(9893 9932 9933 9894)
4(9894 9933 9934 9895)
4(9895 9934 9935 9896)
4(9896 9935 9936 9897)
4(9897 9936 9937 9898)
4(9898 9937 9938 9899)
4(9899 9938 9939 9900)
4(9900 9939 9940 9901)
4(9901 9940 9941 9902)
4(9902 9941 9942 9903)
4(9903 9942 9943 9904)
4(9904 9943 9944 9905)
4(9905 9944 9945 9906)
4(9906 9945 9946 9907)
4(9907 9946 9947 9908)
4(9908 9947 9948 9909)
4(9909 9948 9949 9910)
4(9910 9949 9950 9911)
4(9911 9950 9951 9912)
4(9912 9951 9952 9913)
4(9913 9952 9953 9914)
4(9914 9953 9954 9915)
4(9915 9954 9955 9916)
4(9916 9955 9956 9917)
4(9917 9956 9957 9918)
4(9918 9957 9958 9919)
4(9919 9958 9959 9920)
4(9920 9959 9960 9921)
4(9921 9960 9961 9922)
4(9922 9961 9962 9923)
4(9923 9962 9963 9924)
4(9924 9963 9964 9925)
4(9925 9964 9965 9926)
4(9926 9965 9966 9927)
4(9927 9966 9967 9928)
4(9928 9967 9968 9929)
4(9929 9968 456 457)
4(240 241 9969 9930)
4(9930 9969 9970 9931)
4(9931 9970 9971 9932)
4(9932 9971 9972 9933)
4(9933 9972 9973 9934)
4(9934 9973 9974 9935)
4(9935 9974 9975 9936)
4(9936 9975 9976 9937)
4(9937 9976 9977 9938)
4(9938 9977 9978 9939)
4(9939 9978 9979 9940)
4(9940 9979 9980 9941)
4(9941 9980 9981 9942)
4(9942 9981 9982 9943)
4(9943 9982 9983 9944)
4(9944 9983 9984 9945)
4(9945 9984 9985 9946)
4(9946 9985 9986 9947)
4(9947 9986 9987 9948)
4(9948 9987 9988 9949)
4(9949 9988 9989 9950)
4(9950 9989 9990 9951)
4(9951 9990 9991 9952)
4(9952 9991 9992 9953)
4(9953 9992 9993 9954)
4(9954 9993 9994 9955)
4(9955 9994 9995 9956)
4(9956 9995 9996 9957)
4(9957 9996 9997 9958)
4(9958 9997 9998 9959)
4(9959 9998 9999 9960)
4(9960 9999 10000 9961)
4(9961 10000 10001 9962)
4(9962 10001 10002 9963)
4(9963 10002 10003 9964)
4(9964 10003 10004 9965)
4(9965 10004 10005 9966)
4(9966 10005 10006 9967)
4(9967 10006 10007 9968)
4(9968 10007 455 456)
4(241 242 10008 9969)
4(9969 10008 10009 9970)
4(9970 10009 10010 9971)
4(9971 10010 10011 9972)
4(9972 10011 10012 9973)
4(9973 10012 10013 9974)
4(9974 10013 10014 9975)
4(9975 10014 10015 9976)
4(9976 10015 10016 9977)
4(9977 10016 10017 9978)
4(9978 10017 10018 9979)
4(9979 10018 10019 9980)
4(9980 10019 10020 9981)
4(9981 10020 10021 9982)
4(9982 10021 10022 9983)
4(9983 10022 10023 9984)
4(9984 10023 10024 9985)
4(9985 10024 10025 9986)
4(9986 10025 10026 9987)
4(9987 10026 10027 9988)
4(9988 10027 10028 9989)
4(9989 10028 10029 9990)
4(9990 10029 10030 9991)
4(9991 10030 10031 9992)
4(9992 10031 10032 9993)
4(9993 10032 10033 9994)
4(9994 10033 10034 9995)
4(9995 10034 10035 9996)
4(9996 10035 10036 9997)
4(9997 10036 10037 9998)
4(9998 10037 10038 9999)
4(9999 10038 10039 10000)
4(10000 10039 10040 10001)
4(10001 10040 10041 10002)
4(10002 10041 10042 10003)
4(10003 10042 10043 10004)
4(10004 10043 10044 10005)
4(10005 10044 10045 10006)
4(10006 10045 10046 10007)
4(10007 10046 454 455)
4(242 243 10047 10008)
4(10008 10047 10048 10009)
4(10009 10048 10049 10010)
4(10010 10049 10050 10011)
4(10011 10050 10051 10012)
4(10012 10051 10052 10013)
4(10013 10052 10053 10014)
4(10014 10053 10054 10015)
4(10015 10054 10055 10016)
4(10016 10055 10056 10017)
4(10017 10056 10057 10018)
4(10018 10057 10058 10019)
4(10019 10058 10059 10020)
4(10020 10059 10060 10021)
4(10021 10060 10061 10022)
4(10022 10061 10062 10023)
4(10023 10062 10063 10024)
4(10024 10063 10064 10025)
4(10025 10064 10065 10026)
4(10026 10065 10066 10027)
4(10027 10066 10067 10028)
4(10028 10067 10068 10029)
4(10029 10068 10069 10030)
4(10030 10069 10070 10031)
4(10031 10070 10071 10032)
4(10032 10071 10072 10033)
4(10033 10072 10073 10034)
4(10034 10073 10074 10035)
4(10035 10074 10075 10036)
4(10036 10075 10076 10037)
4(10037 10076 10077 10038)
4(10038 10077 10078 10039)
4(10039 10078 10079 10040)
4(10040 10079 10080 10041)
4(10041 10080 10081 10042)
4(10042 10081 10082 10043)
4(10043 10082 10083 10044)
4(10044 10083 10084 10045)
4(10045 10084 10085 10046)
4(10046 10085 453 454)
4(243 244 10086 10047)
4(10047 10086 10087 10048)
4(10048 10087 10088 10049)
4(10049 10088 10089 10050)
4(10050 10089 10090 10051)
4(10051 10090 10091 10052)
4(10052 10091 10092 10053)
4(10053 10092 10093 10054)
4(10054 10093 10094 10055)
4(10055 10094 10095 10056)
4(10056 10095 10096 10057)
4(10057 10096 10097 10058)
4(10058 10097 10098 10059)
4(10059 10098 10099 10060)
4(10060 10099 10100 10061)
4(10061 10100 10101 10062)
4(10062 10101 10102 10063)
4(10063 10102 10103 10064)
4(10064 10103 10104 10065)
4(10065 10104 10105 10066)
4(10066 10105 10106 10067)
4(10067 10106 10107 10068)
4(10068 10107 10108 10069)
4(10069 10108 10109 10070)
4(10070 10109 10110 10071)
4(10071 10110 10111 10072)
4(10072 10111 10112 10073)
4(10073 10112 10113 10074)
4(10074 10113 10114 10075)
4(10075 10114 10115 10076)
4(10076 10115 10116 10077)
4(10077 10116 10117 10078)
4(10078 10117 10118 10079)
4(10079 10118 10119 10080)
4(10080 10119 10120 10081)
4(10081 10120 10121 10082)
4(10082 10121 10122 10083)
4(10083 10122 10123 10084)
4(10084 10123 10124 10085)
4(10085 10124 452 453)
4(244 245 10125 10086)
4(10086 10125 10126 10087)
4(10087 10126 10127 10088)
4(10088 10127 10128 10089)
4(10089 10128 10129 10090)
4(10090 10129 10130 10091)
4(10091 10130 10131 10092)
4(10092 10131 10132 10093)
4(10093 10132 10133 10094)
4(10094 10133 10134 10095)
4(10095 10134 10135 10096)
4(10096 10135 10136 10097)
4(10097 10136 10137 10098)
4(10098 10137 10138 10099)
4(10099 10138 10139 10100)
4(10100 10139 10140 10101)
4(10101 10140 10141 10102)
4(10102 10141 10142 10103)
4(10103 10142 10143 10104)
4(10104 10143 10144 10105)
4(10105 10144 10145 10106)
4(10106 10145 10146 10107)
4(10107 10146 10147 10108)
4(10108 10147 10148 10109)
4(10109 10148 10149 10110)
4(10110 10149 10150 10111)
4(10111 10150 10151 10112)
4(10112 10151 10152 10113)
4(10113 10152 10153 10114)
4(10114 10153 10154 10115)
4(10115 10154 10155 10116)
4(10116 10155 10156 10117)
4(10117 10156 10157 10118)
4(10118 10157 10158 10119)
4(10119 10158 10159 10120)
4(10120 10159 10160 10121)
4(10121 10160 10161 10122)
4(10122 10161 10162 10123)
4(10123 10162 10163 10124)
4(10124 10163 451 452)
4(245 246 10164 10125)
4(10125 10164 10165 10126)
4(10126 10165 10166 10127)
4(10127 10166 10167 10128)
4(10128 10167 10168 10129)
4(10129 10168 10169 10130)
4(10130 10169 10170 10131)
4(10131 10170 10171 10132)
4(10132 10171 10172 10133)
4(10133 10172 10173 10134)
4(10134 10173 10174 10135)
4(10135 10174 10175 10136)
4(10136 10175 10176 10137)
4(10137 10176 10177 10138)
4(10138 10177 10178 10139)
4(10139 10178 10179 10140)
4(10140 10179 10180 10141)
4(10141 10180 10181 10142)
4(10142 10181 10182 10143)
4(10143 10182 10183 10144)
4(10144 10183 10184 10145)
4(10145 10184 10185 10146)
4(10146 10185 10186 10147)
4(10147 10186 10187 10148)
4(10148 10187 10188 10149)
4(10149 10188 10189 10150)
4(10150 10189 10190 10151)
4(10151 10190 10191 10152)
4(10152 10191 10192 10153)
4(10153 10192 10193 10154)
4(10154 10193 10194 10155)
4(10155 10194 10195 10156)
4(10156 10195 10196 10157)
4(10157 10196 10197 10158)
4(10158 10197 10198 10159)
4(10159 10198 10199 10160)
4(10160 10199 10200 10161)
4(10161 10200 10201 10162)
4(10162 10201 10202 10163)
4(10163 10202 450 451)
4(246 247 10203 10164)
4(10164 10203 10204 10165)
4(10165 10204 10205 10166)
4(10166 10205 10206 10167)
4(10167 10206 10207 10168)
4(10168 10207 10208 10169)
4(10169 10208 10209 10170)
4(10170 10209 10210 10171)
4(10171 10210 10211 10172)
4(10172 10211 10212 10173)
4(10173 10212 10213 10174)
4(10174 10213 10214 10175)
4(10175 10214 10215 10176)
4(10176 10215 10216 10177)
4(10177 10216 10217 10178)
4(10178 10217 10218 10179)
4(10179 10218 10219 10180)
4(10180 10219 10220 10181)
4(10181 10220 10221 10182)
4(10182 10221 10222 10183)
4(10183 10222 10223 10184)
4(10184 10223 10224 10185)
4(10185 10224 10225 10186)
4(10186 10225 10226 10187)
4(10187 10226 10227 10188)
4(10188 10227 10228 10189)
4(10189 10228 10229 10190)
4(10190 10229 10230 10191)
4(10191 10230 10231 10192)
4(10192 10231 10232 10193)
4(10193 10232 10233 10194)
4(10194 10233 10234 10195)
4(10195 10234 10235 10196)
4(10196 10235 10236 10197)
4(10197 10236 10237 10198)
4(10198 10237 10238 10199)
4(10199 10238 10239 10200)
4(10200 10239 10240 10201)
4(10201 10240 10241 10202)
4(10202 10241 449 450)
4(247 248 10242 10203)
4(10203 10242 10243 10204)
4(10204 10243 10244 10205)
4(10205 10244 10245 10206)
4(10206 10245 10246 10207)
4(10207 10246 10247 10208)
4(10208 10247 10248 10209)
4(10209 10248 10249 10210)
4(10210 10249 10250 10211)
4(10211 10250 10251 10212)
4(10212 10251 10252 10213)
4(10213 10252 10253 10214)
4(10214 10253 10254 10215)
4(10215 10254 10255 10216)
4(10216 10255 10256 10217)
4(10217 10256 10257 10218)
4(10218 10257 10258 10219)
4(10219 10258 10259 10220)
4(10220 10259 10260 10221)
4(10221 10260 10261 10222)
4(10222 10261 10262 10223)
4(10223 10262 10263 10224)
4(10224 10263 10264 10225)
4(10225 10264 10265 10226)
4(10226 10265 10266 10227)
4(10227 10266 10267 10228)
4(10228 10267 10268 10229)
4(10229 10268 10269 10230)
4(10230 10269 10270 10231)
4(10231 10270 10271 10232)
4(10232 10271 10272 10233)
4(10233 10272 10273 10234)
4(10234 10273 10274 10235)
4(10235 10274 10275 10236)
4(10236 10275 10276 10237)
4(10237 10276 10277 10238)
4(10238 10277 10278 10239)
4(10239 10278 10279 10240)
4(10240 10279 10280 10241)
4(10241 10280 448 449)
4(248 249 10281 10242)
4(10242 10281 10282 10243)
4(10243 10282 10283 10244)
4(10244 10283 10284 10245)
4(10245 10284 10285 10246)
4(10246 10285 10286 10247)
4(10247 10286 10287 10248)
4(10248 10287 10288 10249)
4(10249 10288 10289 10250)
4(10250 10289 10290 10251)
4(10251 10290 10291 10252)
4(10252 10291 10292 10253)
4(10253 10292 10293 10254)
4(10254 10293 10294 10255)
4(10255 10294 10295 10256)
4(10256 10295 10296 10257)
4(10257 10296 10297 10258)
4(10258 10297 10298 10259)
4(10259 10298 10299 10260)
4(10260 10299 10300 10261)
4(10261 10300 10301 10262)
4(10262 10301 10302 10263)
4(10263 10302 10303 10264)
4(10264 10303 10304 10265)
4(10265 10304 10305 10266)
4(10266 10305 10306 10267)
4(10267 10306 10307 10268)
4(10268 10307 10308 10269)
4(10269 10308 10309 10270)
4(10270 10309 10310 10271)
4(10271 10310 10311 10272)
4(10272 10311 10312 10273)
4(10273 10312 10313 10274)
4(10274 10313 10314 10275)
4(10275 10314 10315 10276)
4(10276 10315 10316 10277)
4(10277 10316 10317 10278)
4(10278 10317 10318 10279)
4(10279 10318 10319 10280)
4(10280 10319 447 448)
4(249 3 289 10281)
4(10281 289 290 10282)
4(10282 290 291 10283)
4(10283 291 292 10284)
4(10284 292 293 10285)
4(10285 293 294 10286)
4(10286 294 295 10287)
4(10287 295 296 10288)
4(10288 296 297 10289)
4(10289 297 298 10290)
4(10290 298 299 10291)
4(10291 299 300 10292)
4(10292 300 301 10293)
4(10293 301 302 10294)
4(10294 302 303 10295)
4(10295 303 304 10296)
4(10296 304 305 10297)
4(10297 305 306 10298)
4(10298 306 307 10299)
4(10299 307 308 10300)
4(10300 308 309 10301)
4(10301 309 310 10302)
4(10302 310 311 10303)
4(10303 311 312 10304)
4(10304 312 313 10305)
4(10305 313 314 10306)
4(10306 314 315 10307)
4(10307 315 316 10308)
4(10308 316 317 10309)
4(10309 317 318 10310)
4(10310 318 319 10311)
4(10311 319 320 10312)
4(10312 320 321 10313)
4(10313 321 322 10314)
4(10314 322 323 10315)
4(10315 323 324 10316)
4(10316 324 325 10317)
4(10317 325 326 10318)
4(10318 326 327 10319)
4(10319 327 5 447)
4(722 10320 802 8)
4(10320 10321 803 802)
4(10321 10322 804 803)
4(10322 10323 805 804)
4(10323 10324 806 805)
4(10324 10325 807 806)
4(10325 10326 808 807)
4(10326 10327 809 808)
4(10327 10328 810 809)
4(10328 10329 811 810)
4(10329 10330 812 811)
4(10330 10331 813 812)
4(10331 10332 814 813)
4(10332 10333 815 814)
4(10333 10334 816 815)
4(10334 10335 817 816)
4(10335 10336 818 817)
4(10336 10337 819 818)
4(10337 10338 820 819)
4(10338 10339 821 820)
4(10339 10340 822 821)
4(10340 10341 823 822)
4(10341 10342 824 823)
4(10342 10343 825 824)
4(10343 10344 826 825)
4(10344 10345 827 826)
4(10345 10346 828 827)
4(10346 10347 829 828)
4(10347 10348 830 829)
4(10348 10349 831 830)
4(10349 10350 832 831)
4(10350 10351 833 832)
4(10351 10352 834 833)
4(10352 10353 835 834)
4(10353 10354 836 835)
4(10354 10355 837 836)
4(10355 10356 838 837)
4(10356 10357 839 838)
4(10357 10358 840 839)
4(10358 880 10 840)
4(721 10359 10320 722)
4(10359 10360 10321 10320)
4(10360 10361 10322 10321)
4(10361 10362 10323 10322)
4(10362 10363 10324 10323)
4(10363 10364 10325 10324)
4(10364 10365 10326 10325)
4(10365 10366 10327 10326)
4(10366 10367 10328 10327)
4(10367 10368 10329 10328)
4(10368 10369 10330 10329)
4(10369 10370 10331 10330)
4(10370 10371 10332 10331)
4(10371 10372 10333 10332)
4(10372 10373 10334 10333)
4(10373 10374 10335 10334)
4(10374 10375 10336 10335)
4(10375 10376 10337 10336)
4(10376 10377 10338 10337)
4(10377 10378 10339 10338)
4(10378 10379 10340 10339)
4(10379 10380 10341 10340)
4(10380 10381 10342 10341)
4(10381 10382 10343 10342)
4(10382 10383 10344 10343)
4(10383 10384 10345 10344)
4(10384 10385 10346 10345)
4(10385 10386 10347 10346)
4(10386 10387 10348 10347)
4(10387 10388 10349 10348)
4(10388 10389 10350 10349)
4(10389 10390 10351 10350)
4(10390 10391 10352 10351)
4(10391 10392 10353 10352)
4(10392 10393 10354 10353)
4(10393 10394 10355 10354)
4(10394 10395 10356 10355)
4(10395 10396 10357 10356)
4(10396 10397 10358 10357)
4(10397 881 880 10358)
4(720 10398 10359 721)
4(10398 10399 10360 10359)
4(10399 10400 10361 10360)
4(10400 10401 10362 10361)
4(10401 10402 10363 10362)
4(10402 10403 10364 10363)
4(10403 10404 10365 10364)
4(10404 10405 10366 10365)
4(10405 10406 10367 10366)
4(10406 10407 10368 10367)
4(10407 10408 10369 10368)
4(10408 10409 10370 10369)
4(10409 10410 10371 10370)
4(10410 10411 10372 10371)
4(10411 10412 10373 10372)
4(10412 10413 10374 10373)
4(10413 10414 10375 10374)
4(10414 10415 10376 10375)
4(10415 10416 10377 10376)
4(10416 10417 10378 10377)
4(10417 10418 10379 10378)
4(10418 10419 10380 10379)
4(10419 10420 10381 10380)
4(10420 10421 10382 10381)
4(10421 10422 10383 10382)
4(10422 10423 10384 10383)
4(10423 10424 10385 10384)
4(10424 10425 10386 10385)
4(10425 10426 10387 10386)
4(10426 10427 10388 10387)
4(10427 10428 10389 10388)
4(10428 10429 10390 10389)
4(10429 10430 10391 10390)
4(10430 10431 10392 10391)
4(10431 10432 10393 10392)
4(10432 10433 10394 10393)
4(10433 10434 10395 10394)
4(10434 10435 10396 10395)
4(10435 10436 10397 10396)
4(10436 882 881 10397)
4(719 10437 10398 720)
4(10437 10438 10399 10398)
4(10438 10439 10400 10399)
4(10439 10440 10401 10400)
4(10440 10441 10402 10401)
4(10441 10442 10403 10402)
4(10442 10443 10404 10403)
4(10443 10444 10405 10404)
4(10444 10445 10406 10405)
4(10445 10446 10407 10406)
4(10446 10447 10408 10407)
4(10447 10448 10409 10408)
4(10448 10449 10410 10409)
4(10449 10450 10411 10410)
4(10450 10451 10412 10411)
4(10451 10452 10413 10412)
4(10452 10453 10414 10413)
4(10453 10454 10415 10414)
4(10454 10455 10416 10415)
4(10455 10456 10417 10416)
4(10456 10457 10418 10417)
4(10457 10458 10419 10418)
4(10458 10459 10420 10419)
4(10459 10460 10421 10420)
4(10460 10461 10422 10421)
4(10461 10462 10423 10422)
4(10462 10463 10424 10423)
4(10463 10464 10425 10424)
4(10464 10465 10426 10425)
4(10465 10466 10427 10426)
4(10466 10467 10428 10427)
4(10467 10468 10429 10428)
4(10468 10469 10430 10429)
4(10469 10470 10431 10430)
4(10470 10471 10432 10431)
4(10471 10472 10433 10432)
4(10472 10473 10434 10433)
4(10473 10474 10435 10434)
4(10474 10475 10436 10435)
4(10475 883 882 10436)
4(718 10476 10437 719)
4(10476 10477 10438 10437)
4(10477 10478 10439 10438)
4(10478 10479 10440 10439)
4(10479 10480 10441 10440)
4(10480 10481 10442 10441)
4(10481 10482 10443 10442)
4(10482 10483 10444 10443)
4(10483 10484 10445 10444)
4(10484 10485 10446 10445)
4(10485 10486 10447 10446)
4(10486 10487 10448 10447)
4(10487 10488 10449 10448)
4(10488 10489 10450 10449)
4(10489 10490 10451 10450)
4(10490 10491 10452 10451)
4(10491 10492 10453 10452)
4(10492 10493 10454 10453)
4(10493 10494 10455 10454)
4(10494 10495 10456 10455)
4(10495 10496 10457 10456)
4(10496 10497 10458 10457)
4(10497 10498 10459 10458)
4(10498 10499 10460 10459)
4(10499 10500 10461 10460)
4(10500 10501 10462 10461)
4(10501 10502 10463 10462)
4(10502 10503 10464 10463)
4(10503 10504 10465 10464)
4(10504 10505 10466 10465)
4(10505 10506 10467 10466)
4(10506 10507 10468 10467)
4(10507 10508 10469 10468)
4(10508 10509 10470 10469)
4(10509 10510 10471 10470)
4(10510 10511 10472 10471)
4(10511 10512 10473 10472)
4(10512 10513 10474 10473)
4(10513 10514 10475 10474)
4(10514 884 883 10475)
4(717 10515 10476 718)
4(10515 10516 10477 10476)
4(10516 10517 10478 10477)
4(10517 10518 10479 10478)
4(10518 10519 10480 10479)
4(10519 10520 10481 10480)
4(10520 10521 10482 10481)
4(10521 10522 10483 10482)
4(10522 10523 10484 10483)
4(10523 10524 10485 10484)
4(10524 10525 10486 10485)
4(10525 10526 10487 10486)
4(10526 10527 10488 10487)
4(10527 10528 10489 10488)
4(10528 10529 10490 10489)
4(10529 10530 10491 10490)
4(10530 10531 10492 10491)
4(10531 10532 10493 10492)
4(10532 10533 10494 10493)
4(10533 10534 10495 10494)
4(10534 10535 10496 10495)
4(10535 10536 10497 10496)
4(10536 10537 10498 10497)
4(10537 10538 10499 10498)
4(10538 10539 10500 10499)
4(10539 10540 10501 10500)
4(10540 10541 10502 10501)
4(10541 10542 10503 10502)
4(10542 10543 10504 10503)
4(10543 10544 10505 10504)
4(10544 10545 10506 10505)
4(10545 10546 10507 10506)
4(10546 10547 10508 10507)
4(10547 10548 10509 10508)
4(10548 10549 10510 10509)
4(10549 10550 10511 10510)
4(10550 10551 10512 10511)
4(10551 10552 10513 10512)
4(10552 10553 10514 10513)
4(10553 885 884 10514)
4(716 10554 10515 717)
4(10554 10555 10516 10515)
4(10555 10556 10517 10516)
4(10556 10557 10518 10517)
4(10557 10558 10519 10518)
4(10558 10559 10520 10519)
4(10559 10560 10521 10520)
4(10560 10561 10522 10521)
4(10561 10562 10523 10522)
4(10562 10563 10524 10523)
4(10563 10564 10525 10524)
4(10564 10565 10526 10525)
4(10565 10566 10527 10526)
4(10566 10567 10528 10527)
4(10567 10568 10529 10528)
4(10568 10569 10530 10529)
4(10569 10570 10531 10530)
4(10570 10571 10532 10531)
4(10571 10572 10533 10532)
4(10572 10573 10534 10533)
4(10573 10574 10535 10534)
4(10574 10575 10536 10535)
4(10575 10576 10537 10536)
4(10576 10577 10538 10537)
4(10577 10578 10539 10538)
4(10578 10579 10540 10539)
4(10579 10580 10541 10540)
4(10580 10581 10542 10541)
4(10581 10582 10543 10542)
4(10582 10583 10544 10543)
4(10583 10584 10545 10544)
4(10584 10585 10546 10545)
4(10585 10586 10547 10546)
4(10586 10587 10548 10547)
4(10587 10588 10549 10548)
4(10588 10589 10550 10549)
4(10589 10590 10551 10550)
4(10590 10591 10552 10551)
4(10591 10592 10553 10552)
4(10592 886 885 10553)
4(715 10593 10554 716)
4(10593 10594 10555 10554)
4(10594 10595 10556 10555)
4(10595 10596 10557 10556)
4(10596 10597 10558 10557)
4(10597 10598 10559 10558)
4(10598 10599 10560 10559)
4(10599 10600 10561 10560)
4(10600 10601 10562 10561)
4(10601 10602 10563 10562)
4(10602 10603 10564 10563)
4(10603 10604 10565 10564)
4(10604 10605 10566 10565)
4(10605 10606 10567 10566)
4(10606 10607 10568 10567)
4(10607 10608 10569 10568)
4(10608 10609 10570 10569)
4(10609 10610 10571 10570)
4(10610 10611 10572 10571)
4(10611 10612 10573 10572)
4(10612 10613 10574 10573)
4(10613 10614 10575 10574)
4(10614 10615 10576 10575)
4(10615 10616 10577 10576)
4(10616 10617 10578 10577)
4(10617 10618 10579 10578)
4(10618 10619 10580 10579)
4(10619 10620 10581 10580)
4(10620 10621 10582 10581)
4(10621 10622 10583 10582)
4(10622 10623 10584 10583)
4(10623 10624 10585 10584)
4(10624 10625 10586 10585)
4(10625 10626 10587 10586)
4(10626 10627 10588 10587)
4(10627 10628 10589 10588)
4(10628 10629 10590 10589)
4(10629 10630 10591 10590)
4(10630 10631 10592 10591)
4(10631 887 886 10592)
4(714 10632 10593 715)
4(10632 10633 10594 10593)
4(10633 10634 10595 10594)
4(10634 10635 10596 10595)
4(10635 10636 10597 10596)
4(10636 10637 10598 10597)
4(10637 10638 10599 10598)
4(10638 10639 10600 10599)
4(10639 10640 10601 10600)
4(10640 10641 10602 10601)
4(10641 10642 10603 10602)
4(10642 10643 10604 10603)
4(10643 10644 10605 10604)
4(10644 10645 10606 10605)
4(10645 10646 10607 10606)
4(10646 10647 10608 10607)
4(10647 10648 10609 10608)
4(10648 10649 10610 10609)
4(10649 10650 10611 10610)
4(10650 10651 10612 10611)
4(10651 10652 10613 10612)
4(10652 10653 10614 10613)
4(10653 10654 10615 10614)
4(10654 10655 10616 10615)
4(10655 10656 10617 10616)
4(10656 10657 10618 10617)
4(10657 10658 10619 10618)
4(10658 10659 10620 10619)
4(10659 10660 10621 10620)
4(10660 10661 10622 10621)
4(10661 10662 10623 10622)
4(10662 10663 10624 10623)
4(10663 10664 10625 10624)
4(10664 10665 10626 10625)
4(10665 10666 10627 10626)
4(10666 10667 10628 10627)
4(10667 10668 10629 10628)
4(10668 10669 10630 10629)
4(10669 10670 10631 10630)
4(10670 888 887 10631)
4(713 10671 10632 714)
4(10671 10672 10633 10632)
4(10672 10673 10634 10633)
4(10673 10674 10635 10634)
4(10674 10675 10636 10635)
4(10675 10676 10637 10636)
4(10676 10677 10638 10637)
4(10677 10678 10639 10638)
4(10678 10679 10640 10639)
4(10679 10680 10641 10640)
4(10680 10681 10642 10641)
4(10681 10682 10643 10642)
4(10682 10683 10644 10643)
4(10683 10684 10645 10644)
4(10684 10685 10646 10645)
4(10685 10686 10647 10646)
4(10686 10687 10648 10647)
4(10687 10688 10649 10648)
4(10688 10689 10650 10649)
4(10689 10690 10651 10650)
4(10690 10691 10652 10651)
4(10691 10692 10653 10652)
4(10692 10693 10654 10653)
4(10693 10694 10655 10654)
4(10694 10695 10656 10655)
4(10695 10696 10657 10656)
4(10696 10697 10658 10657)
4(10697 10698 10659 10658)
4(10698 10699 10660 10659)
4(10699 10700 10661 10660)
4(10700 10701 10662 10661)
4(10701 10702 10663 10662)
4(10702 10703 10664 10663)
4(10703 10704 10665 10664)
4(10704 10705 10666 10665)
4(10705 10706 10667 10666)
4(10706 10707 10668 10667)
4(10707 10708 10669 10668)
4(10708 10709 10670 10669)
4(10709 889 888 10670)
4(712 10710 10671 713)
4(10710 10711 10672 10671)
4(10711 10712 10673 10672)
4(10712 10713 10674 10673)
4(10713 10714 10675 10674)
4(10714 10715 10676 10675)
4(10715 10716 10677 10676)
4(10716 10717 10678 10677)
4(10717 10718 10679 10678)
4(10718 10719 10680 10679)
4(10719 10720 10681 10680)
4(10720 10721 10682 10681)
4(10721 10722 10683 10682)
4(10722 10723 10684 10683)
4(10723 10724 10685 10684)
4(10724 10725 10686 10685)
4(10725 10726 10687 10686)
4(10726 10727 10688 10687)
4(10727 10728 10689 10688)
4(10728 10729 10690 10689)
4(10729 10730 10691 10690)
4(10730 10731 10692 10691)
4(10731 10732 10693 10692)
4(10732 10733 10694 10693)
4(10733 10734 10695 10694)
4(10734 10735 10696 10695)
4(10735 10736 10697 10696)
4(10736 10737 10698 10697)
4(10737 10738 10699 10698)
4(10738 10739 10700 10699)
4(10739 10740 10701 10700)
4(10740 10741 10702 10701)
4(10741 10742 10703 10702)
4(10742 10743 10704 10703)
4(10743 10744 10705 10704)
4(10744 10745 10706 10705)
4(10745 10746 10707 10706)
4(10746 10747 10708 10707)
4(10747 10748 10709 10708)
4(10748 890 889 10709)
4(711 10749 10710 712)
4(10749 10750 10711 10710)
4(10750 10751 10712 10711)
4(10751 10752 10713 10712)
4(10752 10753 10714 10713)
4(10753 10754 10715 10714)
4(10754 10755 10716 10715)
4(10755 10756 10717 10716)
4(10756 10757 10718 10717)
4(10757 10758 10719 10718)
4(10758 10759 10720 10719)
4(10759 10760 10721 10720)
4(10760 10761 10722 10721)
4(10761 10762 10723 10722)
4(10762 10763 10724 10723)
4(10763 10764 10725 10724)
4(10764 10765 10726 10725)
4(10765 10766 10727 10726)
4(10766 10767 10728 10727)
4(10767 10768 10729 10728)
4(10768 10769 10730 10729)
4(10769 10770 10731 10730)
4(10770 10771 10732 10731)
4(10771 10772 10733 10732)
4(10772 10773 10734 10733)
4(10773 10774 10735 10734)
4(10774 10775 10736 10735)
4(10775 10776 10737 10736)
4(10776 10777 10738 10737)
4(10777 10778 10739 10738)
4(10778 10779 10740 10739)
4(10779 10780 10741 10740)
4(10780 10781 10742 10741)
4(10781 10782 10743 10742)
4(10782 10783 10744 10743)
4(10783 10784 10745 10744)
4(10784 10785 10746 10745)
4(10785 10786 10747 10746)
4(10786 10787 10748 10747)
4(10787 891 890 10748)
4(710 10788 10749 711)
4(10788 10789 10750 10749)
4(10789 10790 10751 10750)
4(10790 10791 10752 10751)
4(10791 10792 10753 10752)
4(10792 10793 10754 10753)
4(10793 10794 10755 10754)
4(10794 10795 10756 10755)
4(10795 10796 10757 10756)
4(10796 10797 10758 10757)
4(10797 10798 10759 10758)
4(10798 10799 10760 10759)
4(10799 10800 10761 10760)
4(10800 10801 10762 10761)
4(10801 10802 10763 10762)
4(10802 10803 10764 10763)
4(10803 10804 10765 10764)
4(10804 10805 10766 10765)
4(10805 10806 10767 10766)
4(10806 10807 10768 10767)
4(10807 10808 10769 10768)
4(10808 10809 10770 10769)
4(10809 10810 10771 10770)
4(10810 10811 10772 10771)
4(10811 10812 10773 10772)
4(10812 10813 10774 10773)
4(10813 10814 10775 10774)
4(10814 10815 10776 10775)
4(10815 10816 10777 10776)
4(10816 10817 10778 10777)
4(10817 10818 10779 10778)
4(10818 10819 10780 10779)
4(10819 10820 10781 10780)
4(10820 10821 10782 10781)
4(10821 10822 10783 10782)
4(10822 10823 10784 10783)
4(10823 10824 10785 10784)
4(10824 10825 10786 10785)
4(10825 10826 10787 10786)
4(10826 892 891 10787)
4(709 10827 10788 710)
4(10827 10828 10789 10788)
4(10828 10829 10790 10789)
4(10829 10830 10791 10790)
4(10830 10831 10792 10791)
4(10831 10832 10793 10792)
4(10832 10833 10794 10793)
4(10833 10834 10795 10794)
4(10834 10835 10796 10795)
4(10835 10836 10797 10796)
4(10836 10837 10798 10797)
4(10837 10838 10799 10798)
4(10838 10839 10800 10799)
4(10839 10840 10801 10800)
4(10840 10841 10802 10801)
4(10841 10842 10803 10802)
4(10842 10843 10804 10803)
4(10843 10844 10805 10804)
4(10844 10845 10806 10805)
4(10845 10846 10807 10806)
4(10846 10847 10808 10807)
4(10847 10848 10809 10808)
4(10848 10849 10810 10809)
4(10849 10850 10811 10810)
4(10850 10851 10812 10811)
4(10851 10852 10813 10812)
4(10852 10853 10814 10813)
4(10853 10854 10815 10814)
4(10854 10855 10816 10815)
4(10855 10856 10817 10816)
4(10856 10857 10818 10817)
4(10857 10858 10819 10818)
4(10858 10859 10820 10819)
4(10859 10860 10821 10820)
4(10860 10861 10822 10821)
4(10861 10862 10823 10822)
4(10862 10863 10824 10823)
4(10863 10864 10825 10824)
4(10864 10865 10826 10825)
4(10865 893 892 10826)
4(708 10866 10827 709)
4(10866 10867 10828 10827)
4(10867 10868 10829 10828)
4(10868 10869 10830 10829)
4(10869 10870 10831 10830)
4(10870 10871 10832 10831)
4(10871 10872 10833 10832)
4(10872 10873 10834 10833)
4(10873 10874 10835 10834)
4(10874 10875 10836 10835)
4(10875 10876 10837 10836)
4(10876 10877 10838 10837)
4(10877 10878 10839 10838)
4(10878 10879 10840 10839)
4(10879 10880 10841 10840)
4(10880 10881 10842 10841)
4(10881 10882 10843 10842)
4(10882 10883 10844 10843)
4(10883 10884 10845 10844)
4(10884 10885 10846 10845)
4(10885 10886 10847 10846)
4(10886 10887 10848 10847)
4(10887 10888 10849 10848)
4(10888 10889 10850 10849)
4(10889 10890 10851 10850)
4(10890 10891 10852 10851)
4(10891 10892 10853 10852)
4(10892 10893 10854 10853)
4(10893 10894 10855 10854)
4(10894 10895 10856 10855)
4(10895 10896 10857 10856)
4(10896 10897 10858 10857)
4(10897 10898 10859 10858)
4(10898 10899 10860 10859)
4(10899 10900 10861 10860)
4(10900 10901 10862 10861)
4(10901 10902 10863 10862)
4(10902 10903 10864 10863)
4(10903 10904 10865 10864)
4(10904 894 893 10865)
4(707 10905 10866 708)
4(10905 10906 10867 10866)
4(10906 10907 10868 10867)
4(10907 10908 10869 10868)
4(10908 10909 10870 10869)
4(10909 10910 10871 10870)
4(10910 10911 10872 10871)
4(10911 10912 10873 10872)
4(10912 10913 10874 10873)
4(10913 10914 10875 10874)
4(10914 10915 10876 10875)
4(10915 10916 10877 10876)
4(10916 10917 10878 10877)
4(10917 10918 10879 10878)
4(10918 10919 10880 10879)
4(10919 10920 10881 10880)
4(10920 10921 10882 10881)
4(10921 10922 10883 10882)
4(10922 10923 10884 10883)
4(10923 10924 10885 10884)
4(10924 10925 10886 10885)
4(10925 10926 10887 10886)
4(10926 10927 10888 10887)
4(10927 10928 10889 10888)
4(10928 10929 10890 10889)
4(10929 10930 10891 10890)
4(10930 10931 10892 10891)
4(10931 10932 10893 10892)
4(10932 10933 10894 10893)
4(10933 10934 10895 10894)
4(10934 10935 10896 10895)
4(10935 10936 10897 10896)
4(10936 10937 10898 10897)
4(10937 10938 10899 10898)
4(10938 10939 10900 10899)
4(10939 10940 10901 10900)
4(10940 10941 10902 10901)
4(10941 10942 10903 10902)
4(10942 10943 10904 10903)
4(10943 895 894 10904)
4(706 10944 10905 707)
4(10944 10945 10906 10905)
4(10945 10946 10907 10906)
4(10946 10947 10908 10907)
4(10947 10948 10909 10908)
4(10948 10949 10910 10909)
4(10949 10950 10911 10910)
4(10950 10951 10912 10911)
4(10951 10952 10913 10912)
4(10952 10953 10914 10913)
4(10953 10954 10915 10914)
4(10954 10955 10916 10915)
4(10955 10956 10917 10916)
4(10956 10957 10918 10917)
4(10957 10958 10919 10918)
4(10958 10959 10920 10919)
4(10959 10960 10921 10920)
4(10960 10961 10922 10921)
4(10961 10962 10923 10922)
4(10962 10963 10924 10923)
4(10963 10964 10925 10924)
4(10964 10965 10926 10925)
4(10965 10966 10927 10926)
4(10966 10967 10928 10927)
4(10967 10968 10929 10928)
4(10968 10969 10930 10929)
4(10969 10970 10931 10930)
4(10970 10971 10932 10931)
4(10971 10972 10933 10932)
4(10972 10973 10934 10933)
4(10973 10974 10935 10934)
4(10974 10975 10936 10935)
4(10975 10976 10937 10936)
4(10976 10977 10938 10937)
4(10977 10978 10939 10938)
4(10978 10979 10940 10939)
4(10979 10980 10941 10940)
4(10980 10981 10942 10941)
4(10981 10982 10943 10942)
4(10982 896 895 10943)
4(705 10983 10944 706)
4(10983 10984 10945 10944)
4(10984 10985 10946 10945)
4(10985 10986 10947 10946)
4(10986 10987 10948 10947)
4(10987 10988 10949 10948)
4(10988 10989 10950 10949)
4(10989 10990 10951 10950)
4(10990 10991 10952 10951)
4(10991 10992 10953 10952)
4(10992 10993 10954 10953)
4(10993 10994 10955 10954)
4(10994 10995 10956 10955)
4(10995 10996 10957 10956)
4(10996 10997 10958 10957)
4(10997 10998 10959 10958)
4(10998 10999 10960 10959)
4(10999 11000 10961 10960)
4(11000 11001 10962 10961)
4(11001 11002 10963 10962)
4(11002 11003 10964 10963)
4(11003 11004 10965 10964)
4(11004 11005 10966 10965)
4(11005 11006 10967 10966)
4(11006 11007 10968 10967)
4(11007 11008 10969 10968)
4(11008 11009 10970 10969)
4(11009 11010 10971 10970)
4(11010 11011 10972 10971)
4(11011 11012 10973 10972)
4(11012 11013 10974 10973)
4(11013 11014 10975 10974)
4(11014 11015 10976 10975)
4(11015 11016 10977 10976)
4(11016 11017 10978 10977)
4(11017 11018 10979 10978)
4(11018 11019 10980 10979)
4(11019 11020 10981 10980)
4(11020 11021 10982 10981)
4(11021 897 896 10982)
4(704 11022 10983 705)
4(11022 11023 10984 10983)
4(11023 11024 10985 10984)
4(11024 11025 10986 10985)
4(11025 11026 10987 10986)
4(11026 11027 10988 10987)
4(11027 11028 10989 10988)
4(11028 11029 10990 10989)
4(11029 11030 10991 10990)
4(11030 11031 10992 10991)
4(11031 11032 10993 10992)
4(11032 11033 10994 10993)
4(11033 11034 10995 10994)
4(11034 11035 10996 10995)
4(11035 11036 10997 10996)
4(11036 11037 10998 10997)
4(11037 11038 10999 10998)
4(11038 11039 11000 10999)
4(11039 11040 11001 11000)
4(11040 11041 11002 11001)
4(11041 11042 11003 11002)
4(11042 11043 11004 11003)
4(11043 11044 11005 11004)
4(11044 11045 11006 11005)
4(11045 11046 11007 11006)
4(11046 11047 11008 11007)
4(11047 11048 11009 11008)
4(11048 11049 11010 11009)
4(11049 11050 11011 11010)
4(11050 11051 11012 11011)
4(11051 11052 11013 11012)
4(11052 11053 11014 11013)
4(11053 11054 11015 11014)
4(11054 11055 11016 11015)
4(11055 11056 11017 11016)
4(11056 11057 11018 11017)
4(11057 11058 11019 11018)
4(11058 11059 11020 11019)
4(11059 11060 11021 11020)
4(11060 898 897 11021)
4(703 11061 11022 704)
4(11061 11062 11023 11022)
4(11062 11063 11024 11023)
4(11063 11064 11025 11024)
4(11064 11065 11026 11025)
4(11065 11066 11027 11026)
4(11066 11067 11028 11027)
4(11067 11068 11029 11028)
4(11068 11069 11030 11029)
4(11069 11070 11031 11030)
4(11070 11071 11032 11031)
4(11071 11072 11033 11032)
4(11072 11073 11034 11033)
4(11073 11074 11035 11034)
4(11074 11075 11036 11035)
4(11075 11076 11037 11036)
4(11076 11077 11038 11037)
4(11077 11078 11039 11038)
4(11078 11079 11040 11039)
4(11079 11080 11041 11040)
4(11080 11081 11042 11041)
4(11081 11082 11043 11042)
4(11082 11083 11044 11043)
4(11083 11084 11045 11044)
4(11084 11085 11046 11045)
4(11085 11086 11047 11046)
4(11086 11087 11048 11047)
4(11087 11088 11049 11048)
4(11088 11089 11050 11049)
4(11089 11090 11051 11050)
4(11090 11091 11052 11051)
4(11091 11092 11053 11052)
4(11092 11093 11054 11053)
4(11093 11094 11055 11054)
4(11094 11095 11056 11055)
4(11095 11096 11057 11056)
4(11096 11097 11058 11057)
4(11097 11098 11059 11058)
4(11098 11099 11060 11059)
4(11099 899 898 11060)
4(702 11100 11061 703)
4(11100 11101 11062 11061)
4(11101 11102 11063 11062)
4(11102 11103 11064 11063)
4(11103 11104 11065 11064)
4(11104 11105 11066 11065)
4(11105 11106 11067 11066)
4(11106 11107 11068 11067)
4(11107 11108 11069 11068)
4(11108 11109 11070 11069)
4(11109 11110 11071 11070)
4(11110 11111 11072 11071)
4(11111 11112 11073 11072)
4(11112 11113 11074 11073)
4(11113 11114 11075 11074)
4(11114 11115 11076 11075)
4(11115 11116 11077 11076)
4(11116 11117 11078 11077)
4(11117 11118 11079 11078)
4(11118 11119 11080 11079)
4(11119 11120 11081 11080)
4(11120 11121 11082 11081)
4(11121 11122 11083 11082)
4(11122 11123 11084 11083)
4(11123 11124 11085 11084)
4(11124 11125 11086 11085)
4(11125 11126 11087 11086)
4(11126 11127 11088 11087)
4(11127 11128 11089 11088)
4(11128 11129 11090 11089)
4(11129 11130 11091 11090)
4(11130 11131 11092 11091)
4(11131 11132 11093 11092)
4(11132 11133 11094 11093)
4(11133 11134 11095 11094)
4(11134 11135 11096 11095)
4(11135 11136 11097 11096)
4(11136 11137 11098 11097)
4(11137 11138 11099 11098)
4(11138 900 899 11099)
4(701 11139 11100 702)
4(11139 11140 11101 11100)
4(11140 11141 11102 11101)
4(11141 11142 11103 11102)
4(11142 11143 11104 11103)
4(11143 11144 11105 11104)
4(11144 11145 11106 11105)
4(11145 11146 11107 11106)
4(11146 11147 11108 11107)
4(11147 11148 11109 11108)
4(11148 11149 11110 11109)
4(11149 11150 11111 11110)
4(11150 11151 11112 11111)
4(11151 11152 11113 11112)
4(11152 11153 11114 11113)
4(11153 11154 11115 11114)
4(11154 11155 11116 11115)
4(11155 11156 11117 11116)
4(11156 11157 11118 11117)
4(11157 11158 11119 11118)
4(11158 11159 11120 11119)
4(11159 11160 11121 11120)
4(11160 11161 11122 11121)
4(11161 11162 11123 11122)
4(11162 11163 11124 11123)
4(11163 11164 11125 11124)
4(11164 11165 11126 11125)
4(11165 11166 11127 11126)
4(11166 11167 11128 11127)
4(11167 11168 11129 11128)
4(11168 11169 11130 11129)
4(11169 11170 11131 11130)
4(11170 11171 11132 11131)
4(11171 11172 11133 11132)
4(11172 11173 11134 11133)
4(11173 11174 11135 11134)
4(11174 11175 11136 11135)
4(11175 11176 11137 11136)
4(11176 11177 11138 11137)
4(11177 901 900 11138)
4(700 11178 11139 701)
4(11178 11179 11140 11139)
4(11179 11180 11141 11140)
4(11180 11181 11142 11141)
4(11181 11182 11143 11142)
4(11182 11183 11144 11143)
4(11183 11184 11145 11144)
4(11184 11185 11146 11145)
4(11185 11186 11147 11146)
4(11186 11187 11148 11147)
4(11187 11188 11149 11148)
4(11188 11189 11150 11149)
4(11189 11190 11151 11150)
4(11190 11191 11152 11151)
4(11191 11192 11153 11152)
4(11192 11193 11154 11153)
4(11193 11194 11155 11154)
4(11194 11195 11156 11155)
4(11195 11196 11157 11156)
4(11196 11197 11158 11157)
4(11197 11198 11159 11158)
4(11198 11199 11160 11159)
4(11199 11200 11161 11160)
4(11200 11201 11162 11161)
4(11201 11202 11163 11162)
4(11202 11203 11164 11163)
4(11203 11204 11165 11164)
4(11204 11205 11166 11165)
4(11205 11206 11167 11166)
4(11206 11207 11168 11167)
4(11207 11208 11169 11168)
4(11208 11209 11170 11169)
4(11209 11210 11171 11170)
4(11210 11211 11172 11171)
4(11211 11212 11173 11172)
4(11212 11213 11174 11173)
4(11213 11214 11175 11174)
4(11214 11215 11176 11175)
4(11215 11216 11177 11176)
4(11216 902 901 11177)
4(699 11217 11178 700)
4(11217 11218 11179 11178)
4(11218 11219 11180 11179)
4(11219 11220 11181 11180)
4(11220 11221 11182 11181)
4(11221 11222 11183 11182)
4(11222 11223 11184 11183)
4(11223 11224 11185 11184)
4(11224 11225 11186 11185)
4(11225 11226 11187 11186)
4(11226 11227 11188 11187)
4(11227 11228 11189 11188)
4(11228 11229 11190 11189)
4(11229 11230 11191 11190)
4(11230 11231 11192 11191)
4(11231 11232 11193 11192)
4(11232 11233 11194 11193)
4(11233 11234 11195 11194)
4(11234 11235 11196 11195)
4(11235 11236 11197 11196)
4(11236 11237 11198 11197)
4(11237 11238 11199 11198)
4(11238 11239 11200 11199)
4(11239 11240 11201 11200)
4(11240 11241 11202 11201)
4(11241 11242 11203 11202)
4(11242 11243 11204 11203)
4(11243 11244 11205 11204)
4(11244 11245 11206 11205)
4(11245 11246 11207 11206)
4(11246 11247 11208 11207)
4(11247 11248 11209 11208)
4(11248 11249 11210 11209)
4(11249 11250 11211 11210)
4(11250 11251 11212 11211)
4(11251 11252 11213 11212)
4(11252 11253 11214 11213)
4(11253 11254 11215 11214)
4(11254 11255 11216 11215)
4(11255 903 902 11216)
4(698 11256 11217 699)
4(11256 11257 11218 11217)
4(11257 11258 11219 11218)
4(11258 11259 11220 11219)
4(11259 11260 11221 11220)
4(11260 11261 11222 11221)
4(11261 11262 11223 11222)
4(11262 11263 11224 11223)
4(11263 11264 11225 11224)
4(11264 11265 11226 11225)
4(11265 11266 11227 11226)
4(11266 11267 11228 11227)
4(11267 11268 11229 11228)
4(11268 11269 11230 11229)
4(11269 11270 11231 11230)
4(11270 11271 11232 11231)
4(11271 11272 11233 11232)
4(11272 11273 11234 11233)
4(11273 11274 11235 11234)
4(11274 11275 11236 11235)
4(11275 11276 11237 11236)
4(11276 11277 11238 11237)
4(11277 11278 11239 11238)
4(11278 11279 11240 11239)
4(11279 11280 11241 11240)
4(11280 11281 11242 11241)
4(11281 11282 11243 11242)
4(11282 11283 11244 11243)
4(11283 11284 11245 11244)
4(11284 11285 11246 11245)
4(11285 11286 11247 11246)
4(11286 11287 11248 11247)
4(11287 11288 11249 11248)
4(11288 11289 11250 11249)
4(11289 11290 11251 11250)
4(11290 11291 11252 11251)
4(11291 11292 11253 11252)
4(11292 11293 11254 11253)
4(11293 11294 11255 11254)
4(11294 904 903 11255)
4(697 11295 11256 698)
4(11295 11296 11257 11256)
4(11296 11297 11258 11257)
4(11297 11298 11259 11258)
4(11298 11299 11260 11259)
4(11299 11300 11261 11260)
4(11300 11301 11262 11261)
4(11301 11302 11263 11262)
4(11302 11303 11264 11263)
4(11303 11304 11265 11264)
4(11304 11305 11266 11265)
4(11305 11306 11267 11266)
4(11306 11307 11268 11267)
4(11307 11308 11269 11268)
4(11308 11309 11270 11269)
4(11309 11310 11271 11270)
4(11310 11311 11272 11271)
4(11311 11312 11273 11272)
4(11312 11313 11274 11273)
4(11313 11314 11275 11274)
4(11314 11315 11276 11275)
4(11315 11316 11277 11276)
4(11316 11317 11278 11277)
4(11317 11318 11279 11278)
4(11318 11319 11280 11279)
4(11319 11320 11281 11280)
4(11320 11321 11282 11281)
4(11321 11322 11283 11282)
4(11322 11323 11284 11283)
4(11323 11324 11285 11284)
4(11324 11325 11286 11285)
4(11325 11326 11287 11286)
4(11326 11327 11288 11287)
4(11327 11328 11289 11288)
4(11328 11329 11290 11289)
4(11329 11330 11291 11290)
4(11330 11331 11292 11291)
4(11331 11332 11293 11292)
4(11332 11333 11294 11293)
4(11333 905 904 11294)
4(696 11334 11295 697)
4(11334 11335 11296 11295)
4(11335 11336 11297 11296)
4(11336 11337 11298 11297)
4(11337 11338 11299 11298)
4(11338 11339 11300 11299)
4(11339 11340 11301 11300)
4(11340 11341 11302 11301)
4(11341 11342 11303 11302)
4(11342 11343 11304 11303)
4(11343 11344 11305 11304)
4(11344 11345 11306 11305)
4(11345 11346 11307 11306)
4(11346 11347 11308 11307)
4(11347 11348 11309 11308)
4(11348 11349 11310 11309)
4(11349 11350 11311 11310)
4(11350 11351 11312 11311)
4(11351 11352 11313 11312)
4(11352 11353 11314 11313)
4(11353 11354 11315 11314)
4(11354 11355 11316 11315)
4(11355 11356 11317 11316)
4(11356 11357 11318 11317)
4(11357 11358 11319 11318)
4(11358 11359 11320 11319)
4(11359 11360 11321 11320)
4(11360 11361 11322 11321)
4(11361 11362 11323 11322)
4(11362 11363 11324 11323)
4(11363 11364 11325 11324)
4(11364 11365 11326 11325)
4(11365 11366 11327 11326)
4(11366 11367 11328 11327)
4(11367 11368 11329 11328)
4(11368 11369 11330 11329)
4(11369 11370 11331 11330)
4(11370 11371 11332 11331)
4(11371 11372 11333 11332)
4(11372 906 905 11333)
4(695 11373 11334 696)
4(11373 11374 11335 11334)
4(11374 11375 11336 11335)
4(11375 11376 11337 11336)
4(11376 11377 11338 11337)
4(11377 11378 11339 11338)
4(11378 11379 11340 11339)
4(11379 11380 11341 11340)
4(11380 11381 11342 11341)
4(11381 11382 11343 11342)
4(11382 11383 11344 11343)
4(11383 11384 11345 11344)
4(11384 11385 11346 11345)
4(11385 11386 11347 11346)
4(11386 11387 11348 11347)
4(11387 11388 11349 11348)
4(11388 11389 11350 11349)
4(11389 11390 11351 11350)
4(11390 11391 11352 11351)
4(11391 11392 11353 11352)
4(11392 11393 11354 11353)
4(11393 11394 11355 11354)
4(11394 11395 11356 11355)
4(11395 11396 11357 11356)
4(11396 11397 11358 11357)
4(11397 11398 11359 11358)
4(11398 11399 11360 11359)
4(11399 11400 11361 11360)
4(11400 11401 11362 11361)
4(11401 11402 11363 11362)
4(11402 11403 11364 11363)
4(11403 11404 11365 11364)
4(11404 11405 11366 11365)
4(11405 11406 11367 11366)
4(11406 11407 11368 11367)
4(11407 11408 11369 11368)
4(11408 11409 11370 11369)
4(11409 11410 11371 11370)
4(11410 11411 11372 11371)
4(11411 907 906 11372)
4(694 11412 11373 695)
4(11412 11413 11374 11373)
4(11413 11414 11375 11374)
4(11414 11415 11376 11375)
4(11415 11416 11377 11376)
4(11416 11417 11378 11377)
4(11417 11418 11379 11378)
4(11418 11419 11380 11379)
4(11419 11420 11381 11380)
4(11420 11421 11382 11381)
4(11421 11422 11383 11382)
4(11422 11423 11384 11383)
4(11423 11424 11385 11384)
4(11424 11425 11386 11385)
4(11425 11426 11387 11386)
4(11426 11427 11388 11387)
4(11427 11428 11389 11388)
4(11428 11429 11390 11389)
4(11429 11430 11391 11390)
4(11430 11431 11392 11391)
4(11431 11432 11393 11392)
4(11432 11433 11394 11393)
4(11433 11434 11395 11394)
4(11434 11435 11396 11395)
4(11435 11436 11397 11396)
4(11436 11437 11398 11397)
4(11437 11438 11399 11398)
4(11438 11439 11400 11399)
4(11439 11440 11401 11400)
4(11440 11441 11402 11401)
4(11441 11442 11403 11402)
4(11442 11443 11404 11403)
4(11443 11444 11405 11404)
4(11444 11445 11406 11405)
4(11445 11446 11407 11406)
4(11446 11447 11408 11407)
4(11447 11448 11409 11408)
4(11448 11449 11410 11409)
4(11449 11450 11411 11410)
4(11450 908 907 11411)
4(693 11451 11412 694)
4(11451 11452 11413 11412)
4(11452 11453 11414 11413)
4(11453 11454 11415 11414)
4(11454 11455 11416 11415)
4(11455 11456 11417 11416)
4(11456 11457 11418 11417)
4(11457 11458 11419 11418)
4(11458 11459 11420 11419)
4(11459 11460 11421 11420)
4(11460 11461 11422 11421)
4(11461 11462 11423 11422)
4(11462 11463 11424 11423)
4(11463 11464 11425 11424)
4(11464 11465 11426 11425)
4(11465 11466 11427 11426)
4(11466 11467 11428 11427)
4(11467 11468 11429 11428)
4(11468 11469 11430 11429)
4(11469 11470 11431 11430)
4(11470 11471 11432 11431)
4(11471 11472 11433 11432)
4(11472 11473 11434 11433)
4(11473 11474 11435 11434)
4(11474 11475 11436 11435)
4(11475 11476 11437 11436)
4(11476 11477 11438 11437)
4(11477 11478 11439 11438)
4(11478 11479 11440 11439)
4(11479 11480 11441 11440)
4(11480 11481 11442 11441)
4(11481 11482 11443 11442)
4(11482 11483 11444 11443)
4(11483 11484 11445 11444)
4(11484 11485 11446 11445)
4(11485 11486 11447 11446)
4(11486 11487 11448 11447)
4(11487 11488 11449 11448)
4(11488 11489 11450 11449)
4(11489 909 908 11450)
4(692 11490 11451 693)
4(11490 11491 11452 11451)
4(11491 11492 11453 11452)
4(11492 11493 11454 11453)
4(11493 11494 11455 11454)
4(11494 11495 11456 11455)
4(11495 11496 11457 11456)
4(11496 11497 11458 11457)
4(11497 11498 11459 11458)
4(11498 11499 11460 11459)
4(11499 11500 11461 11460)
4(11500 11501 11462 11461)
4(11501 11502 11463 11462)
4(11502 11503 11464 11463)
4(11503 11504 11465 11464)
4(11504 11505 11466 11465)
4(11505 11506 11467 11466)
4(11506 11507 11468 11467)
4(11507 11508 11469 11468)
4(11508 11509 11470 11469)
4(11509 11510 11471 11470)
4(11510 11511 11472 11471)
4(11511 11512 11473 11472)
4(11512 11513 11474 11473)
4(11513 11514 11475 11474)
4(11514 11515 11476 11475)
4(11515 11516 11477 11476)
4(11516 11517 11478 11477)
4(11517 11518 11479 11478)
4(11518 11519 11480 11479)
4(11519 11520 11481 11480)
4(11520 11521 11482 11481)
4(11521 11522 11483 11482)
4(11522 11523 11484 11483)
4(11523 11524 11485 11484)
4(11524 11525 11486 11485)
4(11525 11526 11487 11486)
4(11526 11527 11488 11487)
4(11527 11528 11489 11488)
4(11528 910 909 11489)
4(691 11529 11490 692)
4(11529 11530 11491 11490)
4(11530 11531 11492 11491)
4(11531 11532 11493 11492)
4(11532 11533 11494 11493)
4(11533 11534 11495 11494)
4(11534 11535 11496 11495)
4(11535 11536 11497 11496)
4(11536 11537 11498 11497)
4(11537 11538 11499 11498)
4(11538 11539 11500 11499)
4(11539 11540 11501 11500)
4(11540 11541 11502 11501)
4(11541 11542 11503 11502)
4(11542 11543 11504 11503)
4(11543 11544 11505 11504)
4(11544 11545 11506 11505)
4(11545 11546 11507 11506)
4(11546 11547 11508 11507)
4(11547 11548 11509 11508)
4(11548 11549 11510 11509)
4(11549 11550 11511 11510)
4(11550 11551 11512 11511)
4(11551 11552 11513 11512)
4(11552 11553 11514 11513)
4(11553 11554 11515 11514)
4(11554 11555 11516 11515)
4(11555 11556 11517 11516)
4(11556 11557 11518 11517)
4(11557 11558 11519 11518)
4(11558 11559 11520 11519)
4(11559 11560 11521 11520)
4(11560 11561 11522 11521)
4(11561 11562 11523 11522)
4(11562 11563 11524 11523)
4(11563 11564 11525 11524)
4(11564 11565 11526 11525)
4(11565 11566 11527 11526)
4(11566 11567 11528 11527)
4(11567 911 910 11528)
4(690 11568 11529 691)
4(11568 11569 11530 11529)
4(11569 11570 11531 11530)
4(11570 11571 11532 11531)
4(11571 11572 11533 11532)
4(11572 11573 11534 11533)
4(11573 11574 11535 11534)
4(11574 11575 11536 11535)
4(11575 11576 11537 11536)
4(11576 11577 11538 11537)
4(11577 11578 11539 11538)
4(11578 11579 11540 11539)
4(11579 11580 11541 11540)
4(11580 11581 11542 11541)
4(11581 11582 11543 11542)
4(11582 11583 11544 11543)
4(11583 11584 11545 11544)
4(11584 11585 11546 11545)
4(11585 11586 11547 11546)
4(11586 11587 11548 11547)
4(11587 11588 11549 11548)
4(11588 11589 11550 11549)
4(11589 11590 11551 11550)
4(11590 11591 11552 11551)
4(11591 11592 11553 11552)
4(11592 11593 11554 11553)
4(11593 11594 11555 11554)
4(11594 11595 11556 11555)
4(11595 11596 11557 11556)
4(11596 11597 11558 11557)
4(11597 11598 11559 11558)
4(11598 11599 11560 11559)
4(11599 11600 11561 11560)
4(11600 11601 11562 11561)
4(11601 11602 11563 11562)
4(11602 11603 11564 11563)
4(11603 11604 11565 11564)
4(11604 11605 11566 11565)
4(11605 11606 11567 11566)
4(11606 912 911 11567)
4(689 11607 11568 690)
4(11607 11608 11569 11568)
4(11608 11609 11570 11569)
4(11609 11610 11571 11570)
4(11610 11611 11572 11571)
4(11611 11612 11573 11572)
4(11612 11613 11574 11573)
4(11613 11614 11575 11574)
4(11614 11615 11576 11575)
4(11615 11616 11577 11576)
4(11616 11617 11578 11577)
4(11617 11618 11579 11578)
4(11618 11619 11580 11579)
4(11619 11620 11581 11580)
4(11620 11621 11582 11581)
4(11621 11622 11583 11582)
4(11622 11623 11584 11583)
4(11623 11624 11585 11584)
4(11624 11625 11586 11585)
4(11625 11626 11587 11586)
4(11626 11627 11588 11587)
4(11627 11628 11589 11588)
4(11628 11629 11590 11589)
4(11629 11630 11591 11590)
4(11630 11631 11592 11591)
4(11631 11632 11593 11592)
4(11632 11633 11594 11593)
4(11633 11634 11595 11594)
4(11634 11635 11596 11595)
4(11635 11636 11597 11596)
4(11636 11637 11598 11597)
4(11637 11638 11599 11598)
4(11638 11639 11600 11599)
4(11639 11640 11601 11600)
4(11640 11641 11602 11601)
4(11641 11642 11603 11602)
4(11642 11643 11604 11603)
4(11643 11644 11605 11604)
4(11644 11645 11606 11605)
4(11645 913 912 11606)
4(688 11646 11607 689)
4(11646 11647 11608 11607)
4(11647 11648 11609 11608)
4(11648 11649 11610 11609)
4(11649 11650 11611 11610)
4(11650 11651 11612 11611)
4(11651 11652 11613 11612)
4(11652 11653 11614 11613)
4(11653 11654 11615 11614)
4(11654 11655 11616 11615)
4(11655 11656 11617 11616)
4(11656 11657 11618 11617)
4(11657 11658 11619 11618)
4(11658 11659 11620 11619)
4(11659 11660 11621 11620)
4(11660 11661 11622 11621)
4(11661 11662 11623 11622)
4(11662 11663 11624 11623)
4(11663 11664 11625 11624)
4(11664 11665 11626 11625)
4(11665 11666 11627 11626)
4(11666 11667 11628 11627)
4(11667 11668 11629 11628)
4(11668 11669 11630 11629)
4(11669 11670 11631 11630)
4(11670 11671 11632 11631)
4(11671 11672 11633 11632)
4(11672 11673 11634 11633)
4(11673 11674 11635 11634)
4(11674 11675 11636 11635)
4(11675 11676 11637 11636)
4(11676 11677 11638 11637)
4(11677 11678 11639 11638)
4(11678 11679 11640 11639)
4(11679 11680 11641 11640)
4(11680 11681 11642 11641)
4(11681 11682 11643 11642)
4(11682 11683 11644 11643)
4(11683 11684 11645 11644)
4(11684 914 913 11645)
4(687 11685 11646 688)
4(11685 11686 11647 11646)
4(11686 11687 11648 11647)
4(11687 11688 11649 11648)
4(11688 11689 11650 11649)
4(11689 11690 11651 11650)
4(11690 11691 11652 11651)
4(11691 11692 11653 11652)
4(11692 11693 11654 11653)
4(11693 11694 11655 11654)
4(11694 11695 11656 11655)
4(11695 11696 11657 11656)
4(11696 11697 11658 11657)
4(11697 11698 11659 11658)
4(11698 11699 11660 11659)
4(11699 11700 11661 11660)
4(11700 11701 11662 11661)
4(11701 11702 11663 11662)
4(11702 11703 11664 11663)
4(11703 11704 11665 11664)
4(11704 11705 11666 11665)
4(11705 11706 11667 11666)
4(11706 11707 11668 11667)
4(11707 11708 11669 11668)
4(11708 11709 11670 11669)
4(11709 11710 11671 11670)
4(11710 11711 11672 11671)
4(11711 11712 11673 11672)
4(11712 11713 11674 11673)
4(11713 11714 11675 11674)
4(11714 11715 11676 11675)
4(11715 11716 11677 11676)
4(11716 11717 11678 11677)
4(11717 11718 11679 11678)
4(11718 11719 11680 11679)
4(11719 11720 11681 11680)
4(11720 11721 11682 11681)
4(11721 11722 11683 11682)
4(11722 11723 11684 11683)
4(11723 915 914 11684)
4(686 11724 11685 687)
4(11724 11725 11686 11685)
4(11725 11726 11687 11686)
4(11726 11727 11688 11687)
4(11727 11728 11689 11688)
4(11728 11729 11690 11689)
4(11729 11730 11691 11690)
4(11730 11731 11692 11691)
4(11731 11732 11693 11692)
4(11732 11733 11694 11693)
4(11733 11734 11695 11694)
4(11734 11735 11696 11695)
4(11735 11736 11697 11696)
4(11736 11737 11698 11697)
4(11737 11738 11699 11698)
4(11738 11739 11700 11699)
4(11739 11740 11701 11700)
4(11740 11741 11702 11701)
4(11741 11742 11703 11702)
4(11742 11743 11704 11703)
4(11743 11744 11705 11704)
4(11744 11745 11706 11705)
4(11745 11746 11707 11706)
4(11746 11747 11708 11707)
4(11747 11748 11709 11708)
4(11748 11749 11710 11709)
4(11749 11750 11711 11710)
4(11750 11751 11712 11711)
4(11751 11752 11713 11712)
4(11752 11753 11714 11713)
4(11753 11754 11715 11714)
4(11754 11755 11716 11715)
4(11755 11756 11717 11716)
4(11756 11757 11718 11717)
4(11757 11758 11719 11718)
4(11758 11759 11720 11719)
4(11759 11760 11721 11720)
4(11760 11761 11722 11721)
4(11761 11762 11723 11722)
4(11762 916 915 11723)
4(685 11763 11724 686)
4(11763 11764 11725 11724)
4(11764 11765 11726 11725)
4(11765 11766 11727 11726)
4(11766 11767 11728 11727)
4(11767 11768 11729 11728)
4(11768 11769 11730 11729)
4(11769 11770 11731 11730)
4(11770 11771 11732 11731)
4(11771 11772 11733 11732)
4(11772 11773 11734 11733)
4(11773 11774 11735 11734)
4(11774 11775 11736 11735)
4(11775 11776 11737 11736)
4(11776 11777 11738 11737)
4(11777 11778 11739 11738)
4(11778 11779 11740 11739)
4(11779 11780 11741 11740)
4(11780 11781 11742 11741)
4(11781 11782 11743 11742)
4(11782 11783 11744 11743)
4(11783 11784 11745 11744)
4(11784 11785 11746 11745)
4(11785 11786 11747 11746)
4(11786 11787 11748 11747)
4(11787 11788 11749 11748)
4(11788 11789 11750 11749)
4(11789 11790 11751 11750)
4(11790 11791 11752 11751)
4(11791 11792 11753 11752)
4(11792 11793 11754 11753)
4(11793 11794 11755 11754)
4(11794 11795 11756 11755)
4(11795 11796 11757 11756)
4(11796 11797 11758 11757)
4(11797 11798 11759 11758)
4(11798 11799 11760 11759)
4(11799 11800 11761 11760)
4(11800 11801 11762 11761)
4(11801 917 916 11762)
4(684 11802 11763 685)
4(11802 11803 11764 11763)
4(11803 11804 11765 11764)
4(11804 11805 11766 11765)
4(11805 11806 11767 11766)
4(11806 11807 11768 11767)
4(11807 11808 11769 11768)
4(11808 11809 11770 11769)
4(11809 11810 11771 11770)
4(11810 11811 11772 11771)
4(11811 11812 11773 11772)
4(11812 11813 11774 11773)
4(11813 11814 11775 11774)
4(11814 11815 11776 11775)
4(11815 11816 11777 11776)
4(11816 11817 11778 11777)
4(11817 11818 11779 11778)
4(11818 11819 11780 11779)
4(11819 11820 11781 11780)
4(11820 11821 11782 11781)
4(11821 11822 11783 11782)
4(11822 11823 11784 11783)
4(11823 11824 11785 11784)
4(11824 11825 11786 11785)
4(11825 11826 11787 11786)
4(11826 11827 11788 11787)
4(11827 11828 11789 11788)
4(11828 11829 11790 11789)
4(11829 11830 11791 11790)
4(11830 11831 11792 11791)
4(11831 11832 11793 11792)
4(11832 11833 11794 11793)
4(11833 11834 11795 11794)
4(11834 11835 11796 11795)
4(11835 11836 11797 11796)
4(11836 11837 11798 11797)
4(11837 11838 11799 11798)
4(11838 11839 11800 11799)
4(11839 11840 11801 11800)
4(11840 918 917 11801)
4(683 11841 11802 684)
4(11841 11842 11803 11802)
4(11842 11843 11804 11803)
4(11843 11844 11805 11804)
4(11844 11845 11806 11805)
4(11845 11846 11807 11806)
4(11846 11847 11808 11807)
4(11847 11848 11809 11808)
4(11848 11849 11810 11809)
4(11849 11850 11811 11810)
4(11850 11851 11812 11811)
4(11851 11852 11813 11812)
4(11852 11853 11814 11813)
4(11853 11854 11815 11814)
4(11854 11855 11816 11815)
4(11855 11856 11817 11816)
4(11856 11857 11818 11817)
4(11857 11858 11819 11818)
4(11858 11859 11820 11819)
4(11859 11860 11821 11820)
4(11860 11861 11822 11821)
4(11861 11862 11823 11822)
4(11862 11863 11824 11823)
4(11863 11864 11825 11824)
4(11864 11865 11826 11825)
4(11865 11866 11827 11826)
4(11866 11867 11828 11827)
4(11867 11868 11829 11828)
4(11868 11869 11830 11829)
4(11869 11870 11831 11830)
4(11870 11871 11832 11831)
4(11871 11872 11833 11832)
4(11872 11873 11834 11833)
4(11873 11874 11835 11834)
4(11874 11875 11836 11835)
4(11875 11876 11837 11836)
4(11876 11877 11838 11837)
4(11877 11878 11839 11838)
4(11878 11879 11840 11839)
4(11879 919 918 11840)
4(682 11880 11841 683)
4(11880 11881 11842 11841)
4(11881 11882 11843 11842)
4(11882 11883 11844 11843)
4(11883 11884 11845 11844)
4(11884 11885 11846 11845)
4(11885 11886 11847 11846)
4(11886 11887 11848 11847)
4(11887 11888 11849 11848)
4(11888 11889 11850 11849)
4(11889 11890 11851 11850)
4(11890 11891 11852 11851)
4(11891 11892 11853 11852)
4(11892 11893 11854 11853)
4(11893 11894 11855 11854)
4(11894 11895 11856 11855)
4(11895 11896 11857 11856)
4(11896 11897 11858 11857)
4(11897 11898 11859 11858)
4(11898 11899 11860 11859)
4(11899 11900 11861 11860)
4(11900 11901 11862 11861)
4(11901 11902 11863 11862)
4(11902 11903 11864 11863)
4(11903 11904 11865 11864)
4(11904 11905 11866 11865)
4(11905 11906 11867 11866)
4(11906 11907 11868 11867)
4(11907 11908 11869 11868)
4(11908 11909 11870 11869)
4(11909 11910 11871 11870)
4(11910 11911 11872 11871)
4(11911 11912 11873 11872)
4(11912 11913 11874 11873)
4(11913 11914 11875 11874)
4(11914 11915 11876 11875)
4(11915 11916 11877 11876)
4(11916 11917 11878 11877)
4(11917 11918 11879 11878)
4(11918 920 919 11879)
4(681 11919 11880 682)
4(11919 11920 11881 11880)
4(11920 11921 11882 11881)
4(11921 11922 11883 11882)
4(11922 11923 11884 11883)
4(11923 11924 11885 11884)
4(11924 11925 11886 11885)
4(11925 11926 11887 11886)
4(11926 11927 11888 11887)
4(11927 11928 11889 11888)
4(11928 11929 11890 11889)
4(11929 11930 11891 11890)
4(11930 11931 11892 11891)
4(11931 11932 11893 11892)
4(11932 11933 11894 11893)
4(11933 11934 11895 11894)
4(11934 11935 11896 11895)
4(11935 11936 11897 11896)
4(11936 11937 11898 11897)
4(11937 11938 11899 11898)
4(11938 11939 11900 11899)
4(11939 11940 11901 11900)
4(11940 11941 11902 11901)
4(11941 11942 11903 11902)
4(11942 11943 11904 11903)
4(11943 11944 11905 11904)
4(11944 11945 11906 11905)
4(11945 11946 11907 11906)
4(11946 11947 11908 11907)
4(11947 11948 11909 11908)
4(11948 11949 11910 11909)
4(11949 11950 11911 11910)
4(11950 11951 11912 11911)
4(11951 11952 11913 11912)
4(11952 11953 11914 11913)
4(11953 11954 11915 11914)
4(11954 11955 11916 11915)
4(11955 11956 11917 11916)
4(11956 11957 11918 11917)
4(11957 921 920 11918)
4(680 11958 11919 681)
4(11958 11959 11920 11919)
4(11959 11960 11921 11920)
4(11960 11961 11922 11921)
4(11961 11962 11923 11922)
4(11962 11963 11924 11923)
4(11963 11964 11925 11924)
4(11964 11965 11926 11925)
4(11965 11966 11927 11926)
4(11966 11967 11928 11927)
4(11967 11968 11929 11928)
4(11968 11969 11930 11929)
4(11969 11970 11931 11930)
4(11970 11971 11932 11931)
4(11971 11972 11933 11932)
4(11972 11973 11934 11933)
4(11973 11974 11935 11934)
4(11974 11975 11936 11935)
4(11975 11976 11937 11936)
4(11976 11977 11938 11937)
4(11977 11978 11939 11938)
4(11978 11979 11940 11939)
4(11979 11980 11941 11940)
4(11980 11981 11942 11941)
4(11981 11982 11943 11942)
4(11982 11983 11944 11943)
4(11983 11984 11945 11944)
4(11984 11985 11946 11945)
4(11985 11986 11947 11946)
4(11986 11987 11948 11947)
4(11987 11988 11949 11948)
4(11988 11989 11950 11949)
4(11989 11990 11951 11950)
4(11990 11991 11952 11951)
4(11991 11992 11953 11952)
4(11992 11993 11954 11953)
4(11993 11994 11955 11954)
4(11994 11995 11956 11955)
4(11995 11996 11957 11956)
4(11996 922 921 11957)
4(679 11997 11958 680)
4(11997 11998 11959 11958)
4(11998 11999 11960 11959)
4(11999 12000 11961 11960)
4(12000 12001 11962 11961)
4(12001 12002 11963 11962)
4(12002 12003 11964 11963)
4(12003 12004 11965 11964)
4(12004 12005 11966 11965)
4(12005 12006 11967 11966)
4(12006 12007 11968 11967)
4(12007 12008 11969 11968)
4(12008 12009 11970 11969)
4(12009 12010 11971 11970)
4(12010 12011 11972 11971)
4(12011 12012 11973 11972)
4(12012 12013 11974 11973)
4(12013 12014 11975 11974)
4(12014 12015 11976 11975)
4(12015 12016 11977 11976)
4(12016 12017 11978 11977)
4(12017 12018 11979 11978)
4(12018 12019 11980 11979)
4(12019 12020 11981 11980)
4(12020 12021 11982 11981)
4(12021 12022 11983 11982)
4(12022 12023 11984 11983)
4(12023 12024 11985 11984)
4(12024 12025 11986 11985)
4(12025 12026 11987 11986)
4(12026 12027 11988 11987)
4(12027 12028 11989 11988)
4(12028 12029 11990 11989)
4(12029 12030 11991 11990)
4(12030 12031 11992 11991)
4(12031 12032 11993 11992)
4(12032 12033 11994 11993)
4(12033 12034 11995 11994)
4(12034 12035 11996 11995)
4(12035 923 922 11996)
4(678 12036 11997 679)
4(12036 12037 11998 11997)
4(12037 12038 11999 11998)
4(12038 12039 12000 11999)
4(12039 12040 12001 12000)
4(12040 12041 12002 12001)
4(12041 12042 12003 12002)
4(12042 12043 12004 12003)
4(12043 12044 12005 12004)
4(12044 12045 12006 12005)
4(12045 12046 12007 12006)
4(12046 12047 12008 12007)
4(12047 12048 12009 12008)
4(12048 12049 12010 12009)
4(12049 12050 12011 12010)
4(12050 12051 12012 12011)
4(12051 12052 12013 12012)
4(12052 12053 12014 12013)
4(12053 12054 12015 12014)
4(12054 12055 12016 12015)
4(12055 12056 12017 12016)
4(12056 12057 12018 12017)
4(12057 12058 12019 12018)
4(12058 12059 12020 12019)
4(12059 12060 12021 12020)
4(12060 12061 12022 12021)
4(12061 12062 12023 12022)
4(12062 12063 12024 12023)
4(12063 12064 12025 12024)
4(12064 12065 12026 12025)
4(12065 12066 12027 12026)
4(12066 12067 12028 12027)
4(12067 12068 12029 12028)
4(12068 12069 12030 12029)
4(12069 12070 12031 12030)
4(12070 12071 12032 12031)
4(12071 12072 12033 12032)
4(12072 12073 12034 12033)
4(12073 12074 12035 12034)
4(12074 924 923 12035)
4(677 12075 12036 678)
4(12075 12076 12037 12036)
4(12076 12077 12038 12037)
4(12077 12078 12039 12038)
4(12078 12079 12040 12039)
4(12079 12080 12041 12040)
4(12080 12081 12042 12041)
4(12081 12082 12043 12042)
4(12082 12083 12044 12043)
4(12083 12084 12045 12044)
4(12084 12085 12046 12045)
4(12085 12086 12047 12046)
4(12086 12087 12048 12047)
4(12087 12088 12049 12048)
4(12088 12089 12050 12049)
4(12089 12090 12051 12050)
4(12090 12091 12052 12051)
4(12091 12092 12053 12052)
4(12092 12093 12054 12053)
4(12093 12094 12055 12054)
4(12094 12095 12056 12055)
4(12095 12096 12057 12056)
4(12096 12097 12058 12057)
4(12097 12098 12059 12058)
4(12098 12099 12060 12059)
4(12099 12100 12061 12060)
4(12100 12101 12062 12061)
4(12101 12102 12063 12062)
4(12102 12103 12064 12063)
4(12103 12104 12065 12064)
4(12104 12105 12066 12065)
4(12105 12106 12067 12066)
4(12106 12107 12068 12067)
4(12107 12108 12069 12068)
4(12108 12109 12070 12069)
4(12109 12110 12071 12070)
4(12110 12111 12072 12071)
4(12111 12112 12073 12072)
4(12112 12113 12074 12073)
4(12113 925 924 12074)
4(676 12114 12075 677)
4(12114 12115 12076 12075)
4(12115 12116 12077 12076)
4(12116 12117 12078 12077)
4(12117 12118 12079 12078)
4(12118 12119 12080 12079)
4(12119 12120 12081 12080)
4(12120 12121 12082 12081)
4(12121 12122 12083 12082)
4(12122 12123 12084 12083)
4(12123 12124 12085 12084)
4(12124 12125 12086 12085)
4(12125 12126 12087 12086)
4(12126 12127 12088 12087)
4(12127 12128 12089 12088)
4(12128 12129 12090 12089)
4(12129 12130 12091 12090)
4(12130 12131 12092 12091)
4(12131 12132 12093 12092)
4(12132 12133 12094 12093)
4(12133 12134 12095 12094)
4(12134 12135 12096 12095)
4(12135 12136 12097 12096)
4(12136 12137 12098 12097)
4(12137 12138 12099 12098)
4(12138 12139 12100 12099)
4(12139 12140 12101 12100)
4(12140 12141 12102 12101)
4(12141 12142 12103 12102)
4(12142 12143 12104 12103)
4(12143 12144 12105 12104)
4(12144 12145 12106 12105)
4(12145 12146 12107 12106)
4(12146 12147 12108 12107)
4(12147 12148 12109 12108)
4(12148 12149 12110 12109)
4(12149 12150 12111 12110)
4(12150 12151 12112 12111)
4(12151 12152 12113 12112)
4(12152 926 925 12113)
4(675 12153 12114 676)
4(12153 12154 12115 12114)
4(12154 12155 12116 12115)
4(12155 12156 12117 12116)
4(12156 12157 12118 12117)
4(12157 12158 12119 12118)
4(12158 12159 12120 12119)
4(12159 12160 12121 12120)
4(12160 12161 12122 12121)
4(12161 12162 12123 12122)
4(12162 12163 12124 12123)
4(12163 12164 12125 12124)
4(12164 12165 12126 12125)
4(12165 12166 12127 12126)
4(12166 12167 12128 12127)
4(12167 12168 12129 12128)
4(12168 12169 12130 12129)
4(12169 12170 12131 12130)
4(12170 12171 12132 12131)
4(12171 12172 12133 12132)
4(12172 12173 12134 12133)
4(12173 12174 12135 12134)
4(12174 12175 12136 12135)
4(12175 12176 12137 12136)
4(12176 12177 12138 12137)
4(12177 12178 12139 12138)
4(12178 12179 12140 12139)
4(12179 12180 12141 12140)
4(12180 12181 12142 12141)
4(12181 12182 12143 12142)
4(12182 12183 12144 12143)
4(12183 12184 12145 12144)
4(12184 12185 12146 12145)
4(12185 12186 12147 12146)
4(12186 12187 12148 12147)
4(12187 12188 12149 12148)
4(12188 12189 12150 12149)
4(12189 12190 12151 12150)
4(12190 12191 12152 12151)
4(12191 927 926 12152)
4(674 12192 12153 675)
4(12192 12193 12154 12153)
4(12193 12194 12155 12154)
4(12194 12195 12156 12155)
4(12195 12196 12157 12156)
4(12196 12197 12158 12157)
4(12197 12198 12159 12158)
4(12198 12199 12160 12159)
4(12199 12200 12161 12160)
4(12200 12201 12162 12161)
4(12201 12202 12163 12162)
4(12202 12203 12164 12163)
4(12203 12204 12165 12164)
4(12204 12205 12166 12165)
4(12205 12206 12167 12166)
4(12206 12207 12168 12167)
4(12207 12208 12169 12168)
4(12208 12209 12170 12169)
4(12209 12210 12171 12170)
4(12210 12211 12172 12171)
4(12211 12212 12173 12172)
4(12212 12213 12174 12173)
4(12213 12214 12175 12174)
4(12214 12215 12176 12175)
4(12215 12216 12177 12176)
4(12216 12217 12178 12177)
4(12217 12218 12179 12178)
4(12218 12219 12180 12179)
4(12219 12220 12181 12180)
4(12220 12221 12182 12181)
4(12221 12222 12183 12182)
4(12222 12223 12184 12183)
4(12223 12224 12185 12184)
4(12224 12225 12186 12185)
4(12225 12226 12187 12186)
4(12226 12227 12188 12187)
4(12227 12228 12189 12188)
4(12228 12229 12190 12189)
4(12229 12230 12191 12190)
4(12230 928 927 12191)
4(673 12231 12192 674)
4(12231 12232 12193 12192)
4(12232 12233 12194 12193)
4(12233 12234 12195 12194)
4(12234 12235 12196 12195)
4(12235 12236 12197 12196)
4(12236 12237 12198 12197)
4(12237 12238 12199 12198)
4(12238 12239 12200 12199)
4(12239 12240 12201 12200)
4(12240 12241 12202 12201)
4(12241 12242 12203 12202)
4(12242 12243 12204 12203)
4(12243 12244 12205 12204)
4(12244 12245 12206 12205)
4(12245 12246 12207 12206)
4(12246 12247 12208 12207)
4(12247 12248 12209 12208)
4(12248 12249 12210 12209)
4(12249 12250 12211 12210)
4(12250 12251 12212 12211)
4(12251 12252 12213 12212)
4(12252 12253 12214 12213)
4(12253 12254 12215 12214)
4(12254 12255 12216 12215)
4(12255 12256 12217 12216)
4(12256 12257 12218 12217)
4(12257 12258 12219 12218)
4(12258 12259 12220 12219)
4(12259 12260 12221 12220)
4(12260 12261 12222 12221)
4(12261 12262 12223 12222)
4(12262 12263 12224 12223)
4(12263 12264 12225 12224)
4(12264 12265 12226 12225)
4(12265 12266 12227 12226)
4(12266 12267 12228 12227)
4(12267 12268 12229 12228)
4(12268 12269 12230 12229)
4(12269 929 928 12230)
4(672 12270 12231 673)
4(12270 12271 12232 12231)
4(12271 12272 12233 12232)
4(12272 12273 12234 12233)
4(12273 12274 12235 12234)
4(12274 12275 12236 12235)
4(12275 12276 12237 12236)
4(12276 12277 12238 12237)
4(12277 12278 12239 12238)
4(12278 12279 12240 12239)
4(12279 12280 12241 12240)
4(12280 12281 12242 12241)
4(12281 12282 12243 12242)
4(12282 12283 12244 12243)
4(12283 12284 12245 12244)
4(12284 12285 12246 12245)
4(12285 12286 12247 12246)
4(12286 12287 12248 12247)
4(12287 12288 12249 12248)
4(12288 12289 12250 12249)
4(12289 12290 12251 12250)
4(12290 12291 12252 12251)
4(12291 12292 12253 12252)
4(12292 12293 12254 12253)
4(12293 12294 12255 12254)
4(12294 12295 12256 12255)
4(12295 12296 12257 12256)
4(12296 12297 12258 12257)
4(12297 12298 12259 12258)
4(12298 12299 12260 12259)
4(12299 12300 12261 12260)
4(12300 12301 12262 12261)
4(12301 12302 12263 12262)
4(12302 12303 12264 12263)
4(12303 12304 12265 12264)
4(12304 12305 12266 12265)
4(12305 12306 12267 12266)
4(12306 12307 12268 12267)
4(12307 12308 12269 12268)
4(12308 930 929 12269)
4(671 12309 12270 672)
4(12309 12310 12271 12270)
4(12310 12311 12272 12271)
4(12311 12312 12273 12272)
4(12312 12313 12274 12273)
4(12313 12314 12275 12274)
4(12314 12315 12276 12275)
4(12315 12316 12277 12276)
4(12316 12317 12278 12277)
4(12317 12318 12279 12278)
4(12318 12319 12280 12279)
4(12319 12320 12281 12280)
4(12320 12321 12282 12281)
4(12321 12322 12283 12282)
4(12322 12323 12284 12283)
4(12323 12324 12285 12284)
4(12324 12325 12286 12285)
4(12325 12326 12287 12286)
4(12326 12327 12288 12287)
4(12327 12328 12289 12288)
4(12328 12329 12290 12289)
4(12329 12330 12291 12290)
4(12330 12331 12292 12291)
4(12331 12332 12293 12292)
4(12332 12333 12294 12293)
4(12333 12334 12295 12294)
4(12334 12335 12296 12295)
4(12335 12336 12297 12296)
4(12336 12337 12298 12297)
4(12337 12338 12299 12298)
4(12338 12339 12300 12299)
4(12339 12340 12301 12300)
4(12340 12341 12302 12301)
4(12341 12342 12303 12302)
4(12342 12343 12304 12303)
4(12343 12344 12305 12304)
4(12344 12345 12306 12305)
4(12345 12346 12307 12306)
4(12346 12347 12308 12307)
4(12347 931 930 12308)
4(670 12348 12309 671)
4(12348 12349 12310 12309)
4(12349 12350 12311 12310)
4(12350 12351 12312 12311)
4(12351 12352 12313 12312)
4(12352 12353 12314 12313)
4(12353 12354 12315 12314)
4(12354 12355 12316 12315)
4(12355 12356 12317 12316)
4(12356 12357 12318 12317)
4(12357 12358 12319 12318)
4(12358 12359 12320 12319)
4(12359 12360 12321 12320)
4(12360 12361 12322 12321)
4(12361 12362 12323 12322)
4(12362 12363 12324 12323)
4(12363 12364 12325 12324)
4(12364 12365 12326 12325)
4(12365 12366 12327 12326)
4(12366 12367 12328 12327)
4(12367 12368 12329 12328)
4(12368 12369 12330 12329)
4(12369 12370 12331 12330)
4(12370 12371 12332 12331)
4(12371 12372 12333 12332)
4(12372 12373 12334 12333)
4(12373 12374 12335 12334)
4(12374 12375 12336 12335)
4(12375 12376 12337 12336)
4(12376 12377 12338 12337)
4(12377 12378 12339 12338)
4(12378 12379 12340 12339)
4(12379 12380 12341 12340)
4(12380 12381 12342 12341)
4(12381 12382 12343 12342)
4(12382 12383 12344 12343)
4(12383 12384 12345 12344)
4(12384 12385 12346 12345)
4(12385 12386 12347 12346)
4(12386 932 931 12347)
4(669 12387 12348 670)
4(12387 12388 12349 12348)
4(12388 12389 12350 12349)
4(12389 12390 12351 12350)
4(12390 12391 12352 12351)
4(12391 12392 12353 12352)
4(12392 12393 12354 12353)
4(12393 12394 12355 12354)
4(12394 12395 12356 12355)
4(12395 12396 12357 12356)
4(12396 12397 12358 12357)
4(12397 12398 12359 12358)
4(12398 12399 12360 12359)
4(12399 12400 12361 12360)
4(12400 12401 12362 12361)
4(12401 12402 12363 12362)
4(12402 12403 12364 12363)
4(12403 12404 12365 12364)
4(12404 12405 12366 12365)
4(12405 12406 12367 12366)
4(12406 12407 12368 12367)
4(12407 12408 12369 12368)
4(12408 12409 12370 12369)
4(12409 12410 12371 12370)
4(12410 12411 12372 12371)
4(12411 12412 12373 12372)
4(12412 12413 12374 12373)
4(12413 12414 12375 12374)
4(12414 12415 12376 12375)
4(12415 12416 12377 12376)
4(12416 12417 12378 12377)
4(12417 12418 12379 12378)
4(12418 12419 12380 12379)
4(12419 12420 12381 12380)
4(12420 12421 12382 12381)
4(12421 12422 12383 12382)
4(12422 12423 12384 12383)
4(12423 12424 12385 12384)
4(12424 12425 12386 12385)
4(12425 933 932 12386)
4(668 12426 12387 669)
4(12426 12427 12388 12387)
4(12427 12428 12389 12388)
4(12428 12429 12390 12389)
4(12429 12430 12391 12390)
4(12430 12431 12392 12391)
4(12431 12432 12393 12392)
4(12432 12433 12394 12393)
4(12433 12434 12395 12394)
4(12434 12435 12396 12395)
4(12435 12436 12397 12396)
4(12436 12437 12398 12397)
4(12437 12438 12399 12398)
4(12438 12439 12400 12399)
4(12439 12440 12401 12400)
4(12440 12441 12402 12401)
4(12441 12442 12403 12402)
4(12442 12443 12404 12403)
4(12443 12444 12405 12404)
4(12444 12445 12406 12405)
4(12445 12446 12407 12406)
4(12446 12447 12408 12407)
4(12447 12448 12409 12408)
4(12448 12449 12410 12409)
4(12449 12450 12411 12410)
4(12450 12451 12412 12411)
4(12451 12452 12413 12412)
4(12452 12453 12414 12413)
4(12453 12454 12415 12414)
4(12454 12455 12416 12415)
4(12455 12456 12417 12416)
4(12456 12457 12418 12417)
4(12457 12458 12419 12418)
4(12458 12459 12420 12419)
4(12459 12460 12421 12420)
4(12460 12461 12422 12421)
4(12461 12462 12423 12422)
4(12462 12463 12424 12423)
4(12463 12464 12425 12424)
4(12464 934 933 12425)
4(667 12465 12426 668)
4(12465 12466 12427 12426)
4(12466 12467 12428 12427)
4(12467 12468 12429 12428)
4(12468 12469 12430 12429)
4(12469 12470 12431 12430)
4(12470 12471 12432 12431)
4(12471 12472 12433 12432)
4(12472 12473 12434 12433)
4(12473 12474 12435 12434)
4(12474 12475 12436 12435)
4(12475 12476 12437 12436)
4(12476 12477 12438 12437)
4(12477 12478 12439 12438)
4(12478 12479 12440 12439)
4(12479 12480 12441 12440)
4(12480 12481 12442 12441)
4(12481 12482 12443 12442)
4(12482 12483 12444 12443)
4(12483 12484 12445 12444)
4(12484 12485 12446 12445)
4(12485 12486 12447 12446)
4(12486 12487 12448 12447)
4(12487 12488 12449 12448)
4(12488 12489 12450 12449)
4(12489 12490 12451 12450)
4(12490 12491 12452 12451)
4(12491 12492 12453 12452)
4(12492 12493 12454 12453)
4(12493 12494 12455 12454)
4(12494 12495 12456 12455)
4(12495 12496 12457 12456)
4(12496 12497 12458 12457)
4(12497 12498 12459 12458)
4(12498 12499 12460 12459)
4(12499 12500 12461 12460)
4(12500 12501 12462 12461)
4(12501 12502 12463 12462)
4(12502 12503 12464 12463)
4(12503 935 934 12464)
4(666 12504 12465 667)
4(12504 12505 12466 12465)
4(12505 12506 12467 12466)
4(12506 12507 12468 12467)
4(12507 12508 12469 12468)
4(12508 12509 12470 12469)
4(12509 12510 12471 12470)
4(12510 12511 12472 12471)
4(12511 12512 12473 12472)
4(12512 12513 12474 12473)
4(12513 12514 12475 12474)
4(12514 12515 12476 12475)
4(12515 12516 12477 12476)
4(12516 12517 12478 12477)
4(12517 12518 12479 12478)
4(12518 12519 12480 12479)
4(12519 12520 12481 12480)
4(12520 12521 12482 12481)
4(12521 12522 12483 12482)
4(12522 12523 12484 12483)
4(12523 12524 12485 12484)
4(12524 12525 12486 12485)
4(12525 12526 12487 12486)
4(12526 12527 12488 12487)
4(12527 12528 12489 12488)
4(12528 12529 12490 12489)
4(12529 12530 12491 12490)
4(12530 12531 12492 12491)
4(12531 12532 12493 12492)
4(12532 12533 12494 12493)
4(12533 12534 12495 12494)
4(12534 12535 12496 12495)
4(12535 12536 12497 12496)
4(12536 12537 12498 12497)
4(12537 12538 12499 12498)
4(12538 12539 12500 12499)
4(12539 12540 12501 12500)
4(12540 12541 12502 12501)
4(12541 12542 12503 12502)
4(12542 936 935 12503)
4(665 12543 12504 666)
4(12543 12544 12505 12504)
4(12544 12545 12506 12505)
4(12545 12546 12507 12506)
4(12546 12547 12508 12507)
4(12547 12548 12509 12508)
4(12548 12549 12510 12509)
4(12549 12550 12511 12510)
4(12550 12551 12512 12511)
4(12551 12552 12513 12512)
4(12552 12553 12514 12513)
4(12553 12554 12515 12514)
4(12554 12555 12516 12515)
4(12555 12556 12517 12516)
4(12556 12557 12518 12517)
4(12557 12558 12519 12518)
4(12558 12559 12520 12519)
4(12559 12560 12521 12520)
4(12560 12561 12522 12521)
4(12561 12562 12523 12522)
4(12562 12563 12524 12523)
4(12563 12564 12525 12524)
4(12564 12565 12526 12525)
4(12565 12566 12527 12526)
4(12566 12567 12528 12527)
4(12567 12568 12529 12528)
4(12568 12569 12530 12529)
4(12569 12570 12531 12530)
4(12570 12571 12532 12531)
4(12571 12572 12533 12532)
4(12572 12573 12534 12533)
4(12573 12574 12535 12534)
4(12574 12575 12536 12535)
4(12575 12576 12537 12536)
4(12576 12577 12538 12537)
4(12577 12578 12539 12538)
4(12578 12579 12540 12539)
4(12579 12580 12541 12540)
4(12580 12581 12542 12541)
4(12581 937 936 12542)
4(664 12582 12543 665)
4(12582 12583 12544 12543)
4(12583 12584 12545 12544)
4(12584 12585 12546 12545)
4(12585 12586 12547 12546)
4(12586 12587 12548 12547)
4(12587 12588 12549 12548)
4(12588 12589 12550 12549)
4(12589 12590 12551 12550)
4(12590 12591 12552 12551)
4(12591 12592 12553 12552)
4(12592 12593 12554 12553)
4(12593 12594 12555 12554)
4(12594 12595 12556 12555)
4(12595 12596 12557 12556)
4(12596 12597 12558 12557)
4(12597 12598 12559 12558)
4(12598 12599 12560 12559)
4(12599 12600 12561 12560)
4(12600 12601 12562 12561)
4(12601 12602 12563 12562)
4(12602 12603 12564 12563)
4(12603 12604 12565 12564)
4(12604 12605 12566 12565)
4(12605 12606 12567 12566)
4(12606 12607 12568 12567)
4(12607 12608 12569 12568)
4(12608 12609 12570 12569)
4(12609 12610 12571 12570)
4(12610 12611 12572 12571)
4(12611 12612 12573 12572)
4(12612 12613 12574 12573)
4(12613 12614 12575 12574)
4(12614 12615 12576 12575)
4(12615 12616 12577 12576)
4(12616 12617 12578 12577)
4(12617 12618 12579 12578)
4(12618 12619 12580 12579)
4(12619 12620 12581 12580)
4(12620 938 937 12581)
4(663 12621 12582 664)
4(12621 12622 12583 12582)
4(12622 12623 12584 12583)
4(12623 12624 12585 12584)
4(12624 12625 12586 12585)
4(12625 12626 12587 12586)
4(12626 12627 12588 12587)
4(12627 12628 12589 12588)
4(12628 12629 12590 12589)
4(12629 12630 12591 12590)
4(12630 12631 12592 12591)
4(12631 12632 12593 12592)
4(12632 12633 12594 12593)
4(12633 12634 12595 12594)
4(12634 12635 12596 12595)
4(12635 12636 12597 12596)
4(12636 12637 12598 12597)
4(12637 12638 12599 12598)
4(12638 12639 12600 12599)
4(12639 12640 12601 12600)
4(12640 12641 12602 12601)
4(12641 12642 12603 12602)
4(12642 12643 12604 12603)
4(12643 12644 12605 12604)
4(12644 12645 12606 12605)
4(12645 12646 12607 12606)
4(12646 12647 12608 12607)
4(12647 12648 12609 12608)
4(12648 12649 12610 12609)
4(12649 12650 12611 12610)
4(12650 12651 12612 12611)
4(12651 12652 12613 12612)
4(12652 12653 12614 12613)
4(12653 12654 12615 12614)
4(12654 12655 12616 12615)
4(12655 12656 12617 12616)
4(12656 12657 12618 12617)
4(12657 12658 12619 12618)
4(12658 12659 12620 12619)
4(12659 939 938 12620)
4(662 12660 12621 663)
4(12660 12661 12622 12621)
4(12661 12662 12623 12622)
4(12662 12663 12624 12623)
4(12663 12664 12625 12624)
4(12664 12665 12626 12625)
4(12665 12666 12627 12626)
4(12666 12667 12628 12627)
4(12667 12668 12629 12628)
4(12668 12669 12630 12629)
4(12669 12670 12631 12630)
4(12670 12671 12632 12631)
4(12671 12672 12633 12632)
4(12672 12673 12634 12633)
4(12673 12674 12635 12634)
4(12674 12675 12636 12635)
4(12675 12676 12637 12636)
4(12676 12677 12638 12637)
4(12677 12678 12639 12638)
4(12678 12679 12640 12639)
4(12679 12680 12641 12640)
4(12680 12681 12642 12641)
4(12681 12682 12643 12642)
4(12682 12683 12644 12643)
4(12683 12684 12645 12644)
4(12684 12685 12646 12645)
4(12685 12686 12647 12646)
4(12686 12687 12648 12647)
4(12687 12688 12649 12648)
4(12688 12689 12650 12649)
4(12689 12690 12651 12650)
4(12690 12691 12652 12651)
4(12691 12692 12653 12652)
4(12692 12693 12654 12653)
4(12693 12694 12655 12654)
4(12694 12695 12656 12655)
4(12695 12696 12657 12656)
4(12696 12697 12658 12657)
4(12697 12698 12659 12658)
4(12698 940 939 12659)
4(661 12699 12660 662)
4(12699 12700 12661 12660)
4(12700 12701 12662 12661)
4(12701 12702 12663 12662)
4(12702 12703 12664 12663)
4(12703 12704 12665 12664)
4(12704 12705 12666 12665)
4(12705 12706 12667 12666)
4(12706 12707 12668 12667)
4(12707 12708 12669 12668)
4(12708 12709 12670 12669)
4(12709 12710 12671 12670)
4(12710 12711 12672 12671)
4(12711 12712 12673 12672)
4(12712 12713 12674 12673)
4(12713 12714 12675 12674)
4(12714 12715 12676 12675)
4(12715 12716 12677 12676)
4(12716 12717 12678 12677)
4(12717 12718 12679 12678)
4(12718 12719 12680 12679)
4(12719 12720 12681 12680)
4(12720 12721 12682 12681)
4(12721 12722 12683 12682)
4(12722 12723 12684 12683)
4(12723 12724 12685 12684)
4(12724 12725 12686 12685)
4(12725 12726 12687 12686)
4(12726 12727 12688 12687)
4(12727 12728 12689 12688)
4(12728 12729 12690 12689)
4(12729 12730 12691 12690)
4(12730 12731 12692 12691)
4(12731 12732 12693 12692)
4(12732 12733 12694 12693)
4(12733 12734 12695 12694)
4(12734 12735 12696 12695)
4(12735 12736 12697 12696)
4(12736 12737 12698 12697)
4(12737 941 940 12698)
4(660 12738 12699 661)
4(12738 12739 12700 12699)
4(12739 12740 12701 12700)
4(12740 12741 12702 12701)
4(12741 12742 12703 12702)
4(12742 12743 12704 12703)
4(12743 12744 12705 12704)
4(12744 12745 12706 12705)
4(12745 12746 12707 12706)
4(12746 12747 12708 12707)
4(12747 12748 12709 12708)
4(12748 12749 12710 12709)
4(12749 12750 12711 12710)
4(12750 12751 12712 12711)
4(12751 12752 12713 12712)
4(12752 12753 12714 12713)
4(12753 12754 12715 12714)
4(12754 12755 12716 12715)
4(12755 12756 12717 12716)
4(12756 12757 12718 12717)
4(12757 12758 12719 12718)
4(12758 12759 12720 12719)
4(12759 12760 12721 12720)
4(12760 12761 12722 12721)
4(12761 12762 12723 12722)
4(12762 12763 12724 12723)
4(12763 12764 12725 12724)
4(12764 12765 12726 12725)
4(12765 12766 12727 12726)
4(12766 12767 12728 12727)
4(12767 12768 12729 12728)
4(12768 12769 12730 12729)
4(12769 12770 12731 12730)
4(12770 12771 12732 12731)
4(12771 12772 12733 12732)
4(12772 12773 12734 12733)
4(12773 12774 12735 12734)
4(12774 12775 12736 12735)
4(12775 12776 12737 12736)
4(12776 942 941 12737)
4(659 12777 12738 660)
4(12777 12778 12739 12738)
4(12778 12779 12740 12739)
4(12779 12780 12741 12740)
4(12780 12781 12742 12741)
4(12781 12782 12743 12742)
4(12782 12783 12744 12743)
4(12783 12784 12745 12744)
4(12784 12785 12746 12745)
4(12785 12786 12747 12746)
4(12786 12787 12748 12747)
4(12787 12788 12749 12748)
4(12788 12789 12750 12749)
4(12789 12790 12751 12750)
4(12790 12791 12752 12751)
4(12791 12792 12753 12752)
4(12792 12793 12754 12753)
4(12793 12794 12755 12754)
4(12794 12795 12756 12755)
4(12795 12796 12757 12756)
4(12796 12797 12758 12757)
4(12797 12798 12759 12758)
4(12798 12799 12760 12759)
4(12799 12800 12761 12760)
4(12800 12801 12762 12761)
4(12801 12802 12763 12762)
4(12802 12803 12764 12763)
4(12803 12804 12765 12764)
4(12804 12805 12766 12765)
4(12805 12806 12767 12766)
4(12806 12807 12768 12767)
4(12807 12808 12769 12768)
4(12808 12809 12770 12769)
4(12809 12810 12771 12770)
4(12810 12811 12772 12771)
4(12811 12812 12773 12772)
4(12812 12813 12774 12773)
4(12813 12814 12775 12774)
4(12814 12815 12776 12775)
4(12815 943 942 12776)
4(658 12816 12777 659)
4(12816 12817 12778 12777)
4(12817 12818 12779 12778)
4(12818 12819 12780 12779)
4(12819 12820 12781 12780)
4(12820 12821 12782 12781)
4(12821 12822 12783 12782)
4(12822 12823 12784 12783)
4(12823 12824 12785 12784)
4(12824 12825 12786 12785)
4(12825 12826 12787 12786)
4(12826 12827 12788 12787)
4(12827 12828 12789 12788)
4(12828 12829 12790 12789)
4(12829 12830 12791 12790)
4(12830 12831 12792 12791)
4(12831 12832 12793 12792)
4(12832 12833 12794 12793)
4(12833 12834 12795 12794)
4(12834 12835 12796 12795)
4(12835 12836 12797 12796)
4(12836 12837 12798 12797)
4(12837 12838 12799 12798)
4(12838 12839 12800 12799)
4(12839 12840 12801 12800)
4(12840 12841 12802 12801)
4(12841 12842 12803 12802)
4(12842 12843 12804 12803)
4(12843 12844 12805 12804)
4(12844 12845 12806 12805)
4(12845 12846 12807 12806)
4(12846 12847 12808 12807)
4(12847 12848 12809 12808)
4(12848 12849 12810 12809)
4(12849 12850 12811 12810)
4(12850 12851 12812 12811)
4(12851 12852 12813 12812)
4(12852 12853 12814 12813)
4(12853 12854 12815 12814)
4(12854 944 943 12815)
4(657 12855 12816 658)
4(12855 12856 12817 12816)
4(12856 12857 12818 12817)
4(12857 12858 12819 12818)
4(12858 12859 12820 12819)
4(12859 12860 12821 12820)
4(12860 12861 12822 12821)
4(12861 12862 12823 12822)
4(12862 12863 12824 12823)
4(12863 12864 12825 12824)
4(12864 12865 12826 12825)
4(12865 12866 12827 12826)
4(12866 12867 12828 12827)
4(12867 12868 12829 12828)
4(12868 12869 12830 12829)
4(12869 12870 12831 12830)
4(12870 12871 12832 12831)
4(12871 12872 12833 12832)
4(12872 12873 12834 12833)
4(12873 12874 12835 12834)
4(12874 12875 12836 12835)
4(12875 12876 12837 12836)
4(12876 12877 12838 12837)
4(12877 12878 12839 12838)
4(12878 12879 12840 12839)
4(12879 12880 12841 12840)
4(12880 12881 12842 12841)
4(12881 12882 12843 12842)
4(12882 12883 12844 12843)
4(12883 12884 12845 12844)
4(12884 12885 12846 12845)
4(12885 12886 12847 12846)
4(12886 12887 12848 12847)
4(12887 12888 12849 12848)
4(12888 12889 12850 12849)
4(12889 12890 12851 12850)
4(12890 12891 12852 12851)
4(12891 12892 12853 12852)
4(12892 12893 12854 12853)
4(12893 945 944 12854)
4(656 12894 12855 657)
4(12894 12895 12856 12855)
4(12895 12896 12857 12856)
4(12896 12897 12858 12857)
4(12897 12898 12859 12858)
4(12898 12899 12860 12859)
4(12899 12900 12861 12860)
4(12900 12901 12862 12861)
4(12901 12902 12863 12862)
4(12902 12903 12864 12863)
4(12903 12904 12865 12864)
4(12904 12905 12866 12865)
4(12905 12906 12867 12866)
4(12906 12907 12868 12867)
4(12907 12908 12869 12868)
4(12908 12909 12870 12869)
4(12909 12910 12871 12870)
4(12910 12911 12872 12871)
4(12911 12912 12873 12872)
4(12912 12913 12874 12873)
4(12913 12914 12875 12874)
4(12914 12915 12876 12875)
4(12915 12916 12877 12876)
4(12916 12917 12878 12877)
4(12917 12918 12879 12878)
4(12918 12919 12880 12879)
4(12919 12920 12881 12880)
4(12920 12921 12882 12881)
4(12921 12922 12883 12882)
4(12922 12923 12884 12883)
4(12923 12924 12885 12884)
4(12924 12925 12886 12885)
4(12925 12926 12887 12886)
4(12926 12927 12888 12887)
4(12927 12928 12889 12888)
4(12928 12929 12890 12889)
4(12929 12930 12891 12890)
4(12930 12931 12892 12891)
4(12931 12932 12893 12892)
4(12932 946 945 12893)
4(655 12933 12894 656)
4(12933 12934 12895 12894)
4(12934 12935 12896 12895)
4(12935 12936 12897 12896)
4(12936 12937 12898 12897)
4(12937 12938 12899 12898)
4(12938 12939 12900 12899)
4(12939 12940 12901 12900)
4(12940 12941 12902 12901)
4(12941 12942 12903 12902)
4(12942 12943 12904 12903)
4(12943 12944 12905 12904)
4(12944 12945 12906 12905)
4(12945 12946 12907 12906)
4(12946 12947 12908 12907)
4(12947 12948 12909 12908)
4(12948 12949 12910 12909)
4(12949 12950 12911 12910)
4(12950 12951 12912 12911)
4(12951 12952 12913 12912)
4(12952 12953 12914 12913)
4(12953 12954 12915 12914)
4(12954 12955 12916 12915)
4(12955 12956 12917 12916)
4(12956 12957 12918 12917)
4(12957 12958 12919 12918)
4(12958 12959 12920 12919)
4(12959 12960 12921 12920)
4(12960 12961 12922 12921)
4(12961 12962 12923 12922)
4(12962 12963 12924 12923)
4(12963 12964 12925 12924)
4(12964 12965 12926 12925)
4(12965 12966 12927 12926)
4(12966 12967 12928 12927)
4(12967 12968 12929 12928)
4(12968 12969 12930 12929)
4(12969 12970 12931 12930)
4(12970 12971 12932 12931)
4(12971 947 946 12932)
4(654 12972 12933 655)
4(12972 12973 12934 12933)
4(12973 12974 12935 12934)
4(12974 12975 12936 12935)
4(12975 12976 12937 12936)
4(12976 12977 12938 12937)
4(12977 12978 12939 12938)
4(12978 12979 12940 12939)
4(12979 12980 12941 12940)
4(12980 12981 12942 12941)
4(12981 12982 12943 12942)
4(12982 12983 12944 12943)
4(12983 12984 12945 12944)
4(12984 12985 12946 12945)
4(12985 12986 12947 12946)
4(12986 12987 12948 12947)
4(12987 12988 12949 12948)
4(12988 12989 12950 12949)
4(12989 12990 12951 12950)
4(12990 12991 12952 12951)
4(12991 12992 12953 12952)
4(12992 12993 12954 12953)
4(12993 12994 12955 12954)
4(12994 12995 12956 12955)
4(12995 12996 12957 12956)
4(12996 12997 12958 12957)
4(12997 12998 12959 12958)
4(12998 12999 12960 12959)
4(12999 13000 12961 12960)
4(13000 13001 12962 12961)
4(13001 13002 12963 12962)
4(13002 13003 12964 12963)
4(13003 13004 12965 12964)
4(13004 13005 12966 12965)
4(13005 13006 12967 12966)
4(13006 13007 12968 12967)
4(13007 13008 12969 12968)
4(13008 13009 12970 12969)
4(13009 13010 12971 12970)
4(13010 948 947 12971)
4(653 13011 12972 654)
4(13011 13012 12973 12972)
4(13012 13013 12974 12973)
4(13013 13014 12975 12974)
4(13014 13015 12976 12975)
4(13015 13016 12977 12976)
4(13016 13017 12978 12977)
4(13017 13018 12979 12978)
4(13018 13019 12980 12979)
4(13019 13020 12981 12980)
4(13020 13021 12982 12981)
4(13021 13022 12983 12982)
4(13022 13023 12984 12983)
4(13023 13024 12985 12984)
4(13024 13025 12986 12985)
4(13025 13026 12987 12986)
4(13026 13027 12988 12987)
4(13027 13028 12989 12988)
4(13028 13029 12990 12989)
4(13029 13030 12991 12990)
4(13030 13031 12992 12991)
4(13031 13032 12993 12992)
4(13032 13033 12994 12993)
4(13033 13034 12995 12994)
4(13034 13035 12996 12995)
4(13035 13036 12997 12996)
4(13036 13037 12998 12997)
4(13037 13038 12999 12998)
4(13038 13039 13000 12999)
4(13039 13040 13001 13000)
4(13040 13041 13002 13001)
4(13041 13042 13003 13002)
4(13042 13043 13004 13003)
4(13043 13044 13005 13004)
4(13044 13045 13006 13005)
4(13045 13046 13007 13006)
4(13046 13047 13008 13007)
4(13047 13048 13009 13008)
4(13048 13049 13010 13009)
4(13049 949 948 13010)
4(652 13050 13011 653)
4(13050 13051 13012 13011)
4(13051 13052 13013 13012)
4(13052 13053 13014 13013)
4(13053 13054 13015 13014)
4(13054 13055 13016 13015)
4(13055 13056 13017 13016)
4(13056 13057 13018 13017)
4(13057 13058 13019 13018)
4(13058 13059 13020 13019)
4(13059 13060 13021 13020)
4(13060 13061 13022 13021)
4(13061 13062 13023 13022)
4(13062 13063 13024 13023)
4(13063 13064 13025 13024)
4(13064 13065 13026 13025)
4(13065 13066 13027 13026)
4(13066 13067 13028 13027)
4(13067 13068 13029 13028)
4(13068 13069 13030 13029)
4(13069 13070 13031 13030)
4(13070 13071 13032 13031)
4(13071 13072 13033 13032)
4(13072 13073 13034 13033)
4(13073 13074 13035 13034)
4(13074 13075 13036 13035)
4(13075 13076 13037 13036)
4(13076 13077 13038 13037)
4(13077 13078 13039 13038)
4(13078 13079 13040 13039)
4(13079 13080 13041 13040)
4(13080 13081 13042 13041)
4(13081 13082 13043 13042)
4(13082 13083 13044 13043)
4(13083 13084 13045 13044)
4(13084 13085 13046 13045)
4(13085 13086 13047 13046)
4(13086 13087 13048 13047)
4(13087 13088 13049 13048)
4(13088 950 949 13049)
4(651 13089 13050 652)
4(13089 13090 13051 13050)
4(13090 13091 13052 13051)
4(13091 13092 13053 13052)
4(13092 13093 13054 13053)
4(13093 13094 13055 13054)
4(13094 13095 13056 13055)
4(13095 13096 13057 13056)
4(13096 13097 13058 13057)
4(13097 13098 13059 13058)
4(13098 13099 13060 13059)
4(13099 13100 13061 13060)
4(13100 13101 13062 13061)
4(13101 13102 13063 13062)
4(13102 13103 13064 13063)
4(13103 13104 13065 13064)
4(13104 13105 13066 13065)
4(13105 13106 13067 13066)
4(13106 13107 13068 13067)
4(13107 13108 13069 13068)
4(13108 13109 13070 13069)
4(13109 13110 13071 13070)
4(13110 13111 13072 13071)
4(13111 13112 13073 13072)
4(13112 13113 13074 13073)
4(13113 13114 13075 13074)
4(13114 13115 13076 13075)
4(13115 13116 13077 13076)
4(13116 13117 13078 13077)
4(13117 13118 13079 13078)
4(13118 13119 13080 13079)
4(13119 13120 13081 13080)
4(13120 13121 13082 13081)
4(13121 13122 13083 13082)
4(13122 13123 13084 13083)
4(13123 13124 13085 13084)
4(13124 13125 13086 13085)
4(13125 13126 13087 13086)
4(13126 13127 13088 13087)
4(13127 951 950 13088)
4(650 13128 13089 651)
4(13128 13129 13090 13089)
4(13129 13130 13091 13090)
4(13130 13131 13092 13091)
4(13131 13132 13093 13092)
4(13132 13133 13094 13093)
4(13133 13134 13095 13094)
4(13134 13135 13096 13095)
4(13135 13136 13097 13096)
4(13136 13137 13098 13097)
4(13137 13138 13099 13098)
4(13138 13139 13100 13099)
4(13139 13140 13101 13100)
4(13140 13141 13102 13101)
4(13141 13142 13103 13102)
4(13142 13143 13104 13103)
4(13143 13144 13105 13104)
4(13144 13145 13106 13105)
4(13145 13146 13107 13106)
4(13146 13147 13108 13107)
4(13147 13148 13109 13108)
4(13148 13149 13110 13109)
4(13149 13150 13111 13110)
4(13150 13151 13112 13111)
4(13151 13152 13113 13112)
4(13152 13153 13114 13113)
4(13153 13154 13115 13114)
4(13154 13155 13116 13115)
4(13155 13156 13117 13116)
4(13156 13157 13118 13117)
4(13157 13158 13119 13118)
4(13158 13159 13120 13119)
4(13159 13160 13121 13120)
4(13160 13161 13122 13121)
4(13161 13162 13123 13122)
4(13162 13163 13124 13123)
4(13163 13164 13125 13124)
4(13164 13165 13126 13125)
4(13165 13166 13127 13126)
4(13166 952 951 13127)
4(649 13167 13128 650)
4(13167 13168 13129 13128)
4(13168 13169 13130 13129)
4(13169 13170 13131 13130)
4(13170 13171 13132 13131)
4(13171 13172 13133 13132)
4(13172 13173 13134 13133)
4(13173 13174 13135 13134)
4(13174 13175 13136 13135)
4(13175 13176 13137 13136)
4(13176 13177 13138 13137)
4(13177 13178 13139 13138)
4(13178 13179 13140 13139)
4(13179 13180 13141 13140)
4(13180 13181 13142 13141)
4(13181 13182 13143 13142)
4(13182 13183 13144 13143)
4(13183 13184 13145 13144)
4(13184 13185 13146 13145)
4(13185 13186 13147 13146)
4(13186 13187 13148 13147)
4(13187 13188 13149 13148)
4(13188 13189 13150 13149)
4(13189 13190 13151 13150)
4(13190 13191 13152 13151)
4(13191 13192 13153 13152)
4(13192 13193 13154 13153)
4(13193 13194 13155 13154)
4(13194 13195 13156 13155)
4(13195 13196 13157 13156)
4(13196 13197 13158 13157)
4(13197 13198 13159 13158)
4(13198 13199 13160 13159)
4(13199 13200 13161 13160)
4(13200 13201 13162 13161)
4(13201 13202 13163 13162)
4(13202 13203 13164 13163)
4(13203 13204 13165 13164)
4(13204 13205 13166 13165)
4(13205 953 952 13166)
4(648 13206 13167 649)
4(13206 13207 13168 13167)
4(13207 13208 13169 13168)
4(13208 13209 13170 13169)
4(13209 13210 13171 13170)
4(13210 13211 13172 13171)
4(13211 13212 13173 13172)
4(13212 13213 13174 13173)
4(13213 13214 13175 13174)
4(13214 13215 13176 13175)
4(13215 13216 13177 13176)
4(13216 13217 13178 13177)
4(13217 13218 13179 13178)
4(13218 13219 13180 13179)
4(13219 13220 13181 13180)
4(13220 13221 13182 13181)
4(13221 13222 13183 13182)
4(13222 13223 13184 13183)
4(13223 13224 13185 13184)
4(13224 13225 13186 13185)
4(13225 13226 13187 13186)
4(13226 13227 13188 13187)
4(13227 13228 13189 13188)
4(13228 13229 13190 13189)
4(13229 13230 13191 13190)
4(13230 13231 13192 13191)
4(13231 13232 13193 13192)
4(13232 13233 13194 13193)
4(13233 13234 13195 13194)
4(13234 13235 13196 13195)
4(13235 13236 13197 13196)
4(13236 13237 13198 13197)
4(13237 13238 13199 13198)
4(13238 13239 13200 13199)
4(13239 13240 13201 13200)
4(13240 13241 13202 13201)
4(13241 13242 13203 13202)
4(13242 13243 13204 13203)
4(13243 13244 13205 13204)
4(13244 954 953 13205)
4(647 13245 13206 648)
4(13245 13246 13207 13206)
4(13246 13247 13208 13207)
4(13247 13248 13209 13208)
4(13248 13249 13210 13209)
4(13249 13250 13211 13210)
4(13250 13251 13212 13211)
4(13251 13252 13213 13212)
4(13252 13253 13214 13213)
4(13253 13254 13215 13214)
4(13254 13255 13216 13215)
4(13255 13256 13217 13216)
4(13256 13257 13218 13217)
4(13257 13258 13219 13218)
4(13258 13259 13220 13219)
4(13259 13260 13221 13220)
4(13260 13261 13222 13221)
4(13261 13262 13223 13222)
4(13262 13263 13224 13223)
4(13263 13264 13225 13224)
4(13264 13265 13226 13225)
4(13265 13266 13227 13226)
4(13266 13267 13228 13227)
4(13267 13268 13229 13228)
4(13268 13269 13230 13229)
4(13269 13270 13231 13230)
4(13270 13271 13232 13231)
4(13271 13272 13233 13232)
4(13272 13273 13234 13233)
4(13273 13274 13235 13234)
4(13274 13275 13236 13235)
4(13275 13276 13237 13236)
4(13276 13277 13238 13237)
4(13277 13278 13239 13238)
4(13278 13279 13240 13239)
4(13279 13280 13241 13240)
4(13280 13281 13242 13241)
4(13281 13282 13243 13242)
4(13282 13283 13244 13243)
4(13283 955 954 13244)
4(646 13284 13245 647)
4(13284 13285 13246 13245)
4(13285 13286 13247 13246)
4(13286 13287 13248 13247)
4(13287 13288 13249 13248)
4(13288 13289 13250 13249)
4(13289 13290 13251 13250)
4(13290 13291 13252 13251)
4(13291 13292 13253 13252)
4(13292 13293 13254 13253)
4(13293 13294 13255 13254)
4(13294 13295 13256 13255)
4(13295 13296 13257 13256)
4(13296 13297 13258 13257)
4(13297 13298 13259 13258)
4(13298 13299 13260 13259)
4(13299 13300 13261 13260)
4(13300 13301 13262 13261)
4(13301 13302 13263 13262)
4(13302 13303 13264 13263)
4(13303 13304 13265 13264)
4(13304 13305 13266 13265)
4(13305 13306 13267 13266)
4(13306 13307 13268 13267)
4(13307 13308 13269 13268)
4(13308 13309 13270 13269)
4(13309 13310 13271 13270)
4(13310 13311 13272 13271)
4(13311 13312 13273 13272)
4(13312 13313 13274 13273)
4(13313 13314 13275 13274)
4(13314 13315 13276 13275)
4(13315 13316 13277 13276)
4(13316 13317 13278 13277)
4(13317 13318 13279 13278)
4(13318 13319 13280 13279)
4(13319 13320 13281 13280)
4(13320 13321 13282 13281)
4(13321 13322 13283 13282)
4(13322 956 955 13283)
4(645 13323 13284 646)
4(13323 13324 13285 13284)
4(13324 13325 13286 13285)
4(13325 13326 13287 13286)
4(13326 13327 13288 13287)
4(13327 13328 13289 13288)
4(13328 13329 13290 13289)
4(13329 13330 13291 13290)
4(13330 13331 13292 13291)
4(13331 13332 13293 13292)
4(13332 13333 13294 13293)
4(13333 13334 13295 13294)
4(13334 13335 13296 13295)
4(13335 13336 13297 13296)
4(13336 13337 13298 13297)
4(13337 13338 13299 13298)
4(13338 13339 13300 13299)
4(13339 13340 13301 13300)
4(13340 13341 13302 13301)
4(13341 13342 13303 13302)
4(13342 13343 13304 13303)
4(13343 13344 13305 13304)
4(13344 13345 13306 13305)
4(13345 13346 13307 13306)
4(13346 13347 13308 13307)
4(13347 13348 13309 13308)
4(13348 13349 13310 13309)
4(13349 13350 13311 13310)
4(13350 13351 13312 13311)
4(13351 13352 13313 13312)
4(13352 13353 13314 13313)
4(13353 13354 13315 13314)
4(13354 13355 13316 13315)
4(13355 13356 13317 13316)
4(13356 13357 13318 13317)
4(13357 13358 13319 13318)
4(13358 13359 13320 13319)
4(13359 13360 13321 13320)
4(13360 13361 13322 13321)
4(13361 957 956 13322)
4(644 13362 13323 645)
4(13362 13363 13324 13323)
4(13363 13364 13325 13324)
4(13364 13365 13326 13325)
4(13365 13366 13327 13326)
4(13366 13367 13328 13327)
4(13367 13368 13329 13328)
4(13368 13369 13330 13329)
4(13369 13370 13331 13330)
4(13370 13371 13332 13331)
4(13371 13372 13333 13332)
4(13372 13373 13334 13333)
4(13373 13374 13335 13334)
4(13374 13375 13336 13335)
4(13375 13376 13337 13336)
4(13376 13377 13338 13337)
4(13377 13378 13339 13338)
4(13378 13379 13340 13339)
4(13379 13380 13341 13340)
4(13380 13381 13342 13341)
4(13381 13382 13343 13342)
4(13382 13383 13344 13343)
4(13383 13384 13345 13344)
4(13384 13385 13346 13345)
4(13385 13386 13347 13346)
4(13386 13387 13348 13347)
4(13387 13388 13349 13348)
4(13388 13389 13350 13349)
4(13389 13390 13351 13350)
4(13390 13391 13352 13351)
4(13391 13392 13353 13352)
4(13392 13393 13354 13353)
4(13393 13394 13355 13354)
4(13394 13395 13356 13355)
4(13395 13396 13357 13356)
4(13396 13397 13358 13357)
4(13397 13398 13359 13358)
4(13398 13399 13360 13359)
4(13399 13400 13361 13360)
4(13400 958 957 13361)
4(2 250 13362 644)
4(250 251 13363 13362)
4(251 252 13364 13363)
4(252 253 13365 13364)
4(253 254 13366 13365)
4(254 255 13367 13366)
4(255 256 13368 13367)
4(256 257 13369 13368)
4(257 258 13370 13369)
4(258 259 13371 13370)
4(259 260 13372 13371)
4(260 261 13373 13372)
4(261 262 13374 13373)
4(262 263 13375 13374)
4(263 264 13376 13375)
4(264 265 13377 13376)
4(265 266 13378 13377)
4(266 267 13379 13378)
4(267 268 13380 13379)
4(268 269 13381 13380)
4(269 270 13382 13381)
4(270 271 13383 13382)
4(271 272 13384 13383)
4(272 273 13385 13384)
4(273 274 13386 13385)
4(274 275 13387 13386)
4(275 276 13388 13387)
4(276 277 13389 13388)
4(277 278 13390 13389)
4(278 279 13391 13390)
4(279 280 13392 13391)
4(280 281 13393 13392)
4(281 282 13394 13393)
4(282 283 13395 13394)
4(283 284 13396 13395)
4(284 285 13397 13396)
4(285 286 13398 13397)
4(286 287 13399 13398)
4(287 288 13400 13399)
4(288 4 958 13400)
4(3 723 13401 289)
4(289 13401 13402 290)
4(290 13402 13403 291)
4(291 13403 13404 292)
4(292 13404 13405 293)
4(293 13405 13406 294)
4(294 13406 13407 295)
4(295 13407 13408 296)
4(296 13408 13409 297)
4(297 13409 13410 298)
4(298 13410 13411 299)
4(299 13411 13412 300)
4(300 13412 13413 301)
4(301 13413 13414 302)
4(302 13414 13415 303)
4(303 13415 13416 304)
4(304 13416 13417 305)
4(305 13417 13418 306)
4(306 13418 13419 307)
4(307 13419 13420 308)
4(308 13420 13421 309)
4(309 13421 13422 310)
4(310 13422 13423 311)
4(311 13423 13424 312)
4(312 13424 13425 313)
4(313 13425 13426 314)
4(314 13426 13427 315)
4(315 13427 13428 316)
4(316 13428 13429 317)
4(317 13429 13430 318)
4(318 13430 13431 319)
4(319 13431 13432 320)
4(320 13432 13433 321)
4(321 13433 13434 322)
4(322 13434 13435 323)
4(323 13435 13436 324)
4(324 13436 13437 325)
4(325 13437 13438 326)
4(326 13438 13439 327)
4(327 13439 1037 5)
4(723 724 13440 13401)
4(13401 13440 13441 13402)
4(13402 13441 13442 13403)
4(13403 13442 13443 13404)
4(13404 13443 13444 13405)
4(13405 13444 13445 13406)
4(13406 13445 13446 13407)
4(13407 13446 13447 13408)
4(13408 13447 13448 13409)
4(13409 13448 13449 13410)
4(13410 13449 13450 13411)
4(13411 13450 13451 13412)
4(13412 13451 13452 13413)
4(13413 13452 13453 13414)
4(13414 13453 13454 13415)
4(13415 13454 13455 13416)
4(13416 13455 13456 13417)
4(13417 13456 13457 13418)
4(13418 13457 13458 13419)
4(13419 13458 13459 13420)
4(13420 13459 13460 13421)
4(13421 13460 13461 13422)
4(13422 13461 13462 13423)
4(13423 13462 13463 13424)
4(13424 13463 13464 13425)
4(13425 13464 13465 13426)
4(13426 13465 13466 13427)
4(13427 13466 13467 13428)
4(13428 13467 13468 13429)
4(13429 13468 13469 13430)
4(13430 13469 13470 13431)
4(13431 13470 13471 13432)
4(13432 13471 13472 13433)
4(13433 13472 13473 13434)
4(13434 13473 13474 13435)
4(13435 13474 13475 13436)
4(13436 13475 13476 13437)
4(13437 13476 13477 13438)
4(13438 13477 13478 13439)
4(13439 13478 1036 1037)
4(724 725 13479 13440)
4(13440 13479 13480 13441)
4(13441 13480 13481 13442)
4(13442 13481 13482 13443)
4(13443 13482 13483 13444)
4(13444 13483 13484 13445)
4(13445 13484 13485 13446)
4(13446 13485 13486 13447)
4(13447 13486 13487 13448)
4(13448 13487 13488 13449)
4(13449 13488 13489 13450)
4(13450 13489 13490 13451)
4(13451 13490 13491 13452)
4(13452 13491 13492 13453)
4(13453 13492 13493 13454)
4(13454 13493 13494 13455)
4(13455 13494 13495 13456)
4(13456 13495 13496 13457)
4(13457 13496 13497 13458)
4(13458 13497 13498 13459)
4(13459 13498 13499 13460)
4(13460 13499 13500 13461)
4(13461 13500 13501 13462)
4(13462 13501 13502 13463)
4(13463 13502 13503 13464)
4(13464 13503 13504 13465)
4(13465 13504 13505 13466)
4(13466 13505 13506 13467)
4(13467 13506 13507 13468)
4(13468 13507 13508 13469)
4(13469 13508 13509 13470)
4(13470 13509 13510 13471)
4(13471 13510 13511 13472)
4(13472 13511 13512 13473)
4(13473 13512 13513 13474)
4(13474 13513 13514 13475)
4(13475 13514 13515 13476)
4(13476 13515 13516 13477)
4(13477 13516 13517 13478)
4(13478 13517 1035 1036)
4(725 726 13518 13479)
4(13479 13518 13519 13480)
4(13480 13519 13520 13481)
4(13481 13520 13521 13482)
4(13482 13521 13522 13483)
4(13483 13522 13523 13484)
4(13484 13523 13524 13485)
4(13485 13524 13525 13486)
4(13486 13525 13526 13487)
4(13487 13526 13527 13488)
4(13488 13527 13528 13489)
4(13489 13528 13529 13490)
4(13490 13529 13530 13491)
4(13491 13530 13531 13492)
4(13492 13531 13532 13493)
4(13493 13532 13533 13494)
4(13494 13533 13534 13495)
4(13495 13534 13535 13496)
4(13496 13535 13536 13497)
4(13497 13536 13537 13498)
4(13498 13537 13538 13499)
4(13499 13538 13539 13500)
4(13500 13539 13540 13501)
4(13501 13540 13541 13502)
4(13502 13541 13542 13503)
4(13503 13542 13543 13504)
4(13504 13543 13544 13505)
4(13505 13544 13545 13506)
4(13506 13545 13546 13507)
4(13507 13546 13547 13508)
4(13508 13547 13548 13509)
4(13509 13548 13549 13510)
4(13510 13549 13550 13511)
4(13511 13550 13551 13512)
4(13512 13551 13552 13513)
4(13513 13552 13553 13514)
4(13514 13553 13554 13515)
4(13515 13554 13555 13516)
4(13516 13555 13556 13517)
4(13517 13556 1034 1035)
4(726 727 13557 13518)
4(13518 13557 13558 13519)
4(13519 13558 13559 13520)
4(13520 13559 13560 13521)
4(13521 13560 13561 13522)
4(13522 13561 13562 13523)
4(13523 13562 13563 13524)
4(13524 13563 13564 13525)
4(13525 13564 13565 13526)
4(13526 13565 13566 13527)
4(13527 13566 13567 13528)
4(13528 13567 13568 13529)
4(13529 13568 13569 13530)
4(13530 13569 13570 13531)
4(13531 13570 13571 13532)
4(13532 13571 13572 13533)
4(13533 13572 13573 13534)
4(13534 13573 13574 13535)
4(13535 13574 13575 13536)
4(13536 13575 13576 13537)
4(13537 13576 13577 13538)
4(13538 13577 13578 13539)
4(13539 13578 13579 13540)
4(13540 13579 13580 13541)
4(13541 13580 13581 13542)
4(13542 13581 13582 13543)
4(13543 13582 13583 13544)
4(13544 13583 13584 13545)
4(13545 13584 13585 13546)
4(13546 13585 13586 13547)
4(13547 13586 13587 13548)
4(13548 13587 13588 13549)
4(13549 13588 13589 13550)
4(13550 13589 13590 13551)
4(13551 13590 13591 13552)
4(13552 13591 13592 13553)
4(13553 13592 13593 13554)
4(13554 13593 13594 13555)
4(13555 13594 13595 13556)
4(13556 13595 1033 1034)
4(727 728 13596 13557)
4(13557 13596 13597 13558)
4(13558 13597 13598 13559)
4(13559 13598 13599 13560)
4(13560 13599 13600 13561)
4(13561 13600 13601 13562)
4(13562 13601 13602 13563)
4(13563 13602 13603 13564)
4(13564 13603 13604 13565)
4(13565 13604 13605 13566)
4(13566 13605 13606 13567)
4(13567 13606 13607 13568)
4(13568 13607 13608 13569)
4(13569 13608 13609 13570)
4(13570 13609 13610 13571)
4(13571 13610 13611 13572)
4(13572 13611 13612 13573)
4(13573 13612 13613 13574)
4(13574 13613 13614 13575)
4(13575 13614 13615 13576)
4(13576 13615 13616 13577)
4(13577 13616 13617 13578)
4(13578 13617 13618 13579)
4(13579 13618 13619 13580)
4(13580 13619 13620 13581)
4(13581 13620 13621 13582)
4(13582 13621 13622 13583)
4(13583 13622 13623 13584)
4(13584 13623 13624 13585)
4(13585 13624 13625 13586)
4(13586 13625 13626 13587)
4(13587 13626 13627 13588)
4(13588 13627 13628 13589)
4(13589 13628 13629 13590)
4(13590 13629 13630 13591)
4(13591 13630 13631 13592)
4(13592 13631 13632 13593)
4(13593 13632 13633 13594)
4(13594 13633 13634 13595)
4(13595 13634 1032 1033)
4(728 729 13635 13596)
4(13596 13635 13636 13597)
4(13597 13636 13637 13598)
4(13598 13637 13638 13599)
4(13599 13638 13639 13600)
4(13600 13639 13640 13601)
4(13601 13640 13641 13602)
4(13602 13641 13642 13603)
4(13603 13642 13643 13604)
4(13604 13643 13644 13605)
4(13605 13644 13645 13606)
4(13606 13645 13646 13607)
4(13607 13646 13647 13608)
4(13608 13647 13648 13609)
4(13609 13648 13649 13610)
4(13610 13649 13650 13611)
4(13611 13650 13651 13612)
4(13612 13651 13652 13613)
4(13613 13652 13653 13614)
4(13614 13653 13654 13615)
4(13615 13654 13655 13616)
4(13616 13655 13656 13617)
4(13617 13656 13657 13618)
4(13618 13657 13658 13619)
4(13619 13658 13659 13620)
4(13620 13659 13660 13621)
4(13621 13660 13661 13622)
4(13622 13661 13662 13623)
4(13623 13662 13663 13624)
4(13624 13663 13664 13625)
4(13625 13664 13665 13626)
4(13626 13665 13666 13627)
4(13627 13666 13667 13628)
4(13628 13667 13668 13629)
4(13629 13668 13669 13630)
4(13630 13669 13670 13631)
4(13631 13670 13671 13632)
4(13632 13671 13672 13633)
4(13633 13672 13673 13634)
4(13634 13673 1031 1032)
4(729 730 13674 13635)
4(13635 13674 13675 13636)
4(13636 13675 13676 13637)
4(13637 13676 13677 13638)
4(13638 13677 13678 13639)
4(13639 13678 13679 13640)
4(13640 13679 13680 13641)
4(13641 13680 13681 13642)
4(13642 13681 13682 13643)
4(13643 13682 13683 13644)
4(13644 13683 13684 13645)
4(13645 13684 13685 13646)
4(13646 13685 13686 13647)
4(13647 13686 13687 13648)
4(13648 13687 13688 13649)
4(13649 13688 13689 13650)
4(13650 13689 13690 13651)
4(13651 13690 13691 13652)
4(13652 13691 13692 13653)
4(13653 13692 13693 13654)
4(13654 13693 13694 13655)
4(13655 13694 13695 13656)
4(13656 13695 13696 13657)
4(13657 13696 13697 13658)
4(13658 13697 13698 13659)
4(13659 13698 13699 13660)
4(13660 13699 13700 13661)
4(13661 13700 13701 13662)
4(13662 13701 13702 13663)
4(13663 13702 13703 13664)
4(13664 13703 13704 13665)
4(13665 13704 13705 13666)
4(13666 13705 13706 13667)
4(13667 13706 13707 13668)
4(13668 13707 13708 13669)
4(13669 13708 13709 13670)
4(13670 13709 13710 13671)
4(13671 13710 13711 13672)
4(13672 13711 13712 13673)
4(13673 13712 1030 1031)
4(730 731 13713 13674)
4(13674 13713 13714 13675)
4(13675 13714 13715 13676)
4(13676 13715 13716 13677)
4(13677 13716 13717 13678)
4(13678 13717 13718 13679)
4(13679 13718 13719 13680)
4(13680 13719 13720 13681)
4(13681 13720 13721 13682)
4(13682 13721 13722 13683)
4(13683 13722 13723 13684)
4(13684 13723 13724 13685)
4(13685 13724 13725 13686)
4(13686 13725 13726 13687)
4(13687 13726 13727 13688)
4(13688 13727 13728 13689)
4(13689 13728 13729 13690)
4(13690 13729 13730 13691)
4(13691 13730 13731 13692)
4(13692 13731 13732 13693)
4(13693 13732 13733 13694)
4(13694 13733 13734 13695)
4(13695 13734 13735 13696)
4(13696 13735 13736 13697)
4(13697 13736 13737 13698)
4(13698 13737 13738 13699)
4(13699 13738 13739 13700)
4(13700 13739 13740 13701)
4(13701 13740 13741 13702)
4(13702 13741 13742 13703)
4(13703 13742 13743 13704)
4(13704 13743 13744 13705)
4(13705 13744 13745 13706)
4(13706 13745 13746 13707)
4(13707 13746 13747 13708)
4(13708 13747 13748 13709)
4(13709 13748 13749 13710)
4(13710 13749 13750 13711)
4(13711 13750 13751 13712)
4(13712 13751 1029 1030)
4(731 732 13752 13713)
4(13713 13752 13753 13714)
4(13714 13753 13754 13715)
4(13715 13754 13755 13716)
4(13716 13755 13756 13717)
4(13717 13756 13757 13718)
4(13718 13757 13758 13719)
4(13719 13758 13759 13720)
4(13720 13759 13760 13721)
4(13721 13760 13761 13722)
4(13722 13761 13762 13723)
4(13723 13762 13763 13724)
4(13724 13763 13764 13725)
4(13725 13764 13765 13726)
4(13726 13765 13766 13727)
4(13727 13766 13767 13728)
4(13728 13767 13768 13729)
4(13729 13768 13769 13730)
4(13730 13769 13770 13731)
4(13731 13770 13771 13732)
4(13732 13771 13772 13733)
4(13733 13772 13773 13734)
4(13734 13773 13774 13735)
4(13735 13774 13775 13736)
4(13736 13775 13776 13737)
4(13737 13776 13777 13738)
4(13738 13777 13778 13739)
4(13739 13778 13779 13740)
4(13740 13779 13780 13741)
4(13741 13780 13781 13742)
4(13742 13781 13782 13743)
4(13743 13782 13783 13744)
4(13744 13783 13784 13745)
4(13745 13784 13785 13746)
4(13746 13785 13786 13747)
4(13747 13786 13787 13748)
4(13748 13787 13788 13749)
4(13749 13788 13789 13750)
4(13750 13789 13790 13751)
4(13751 13790 1028 1029)
4(732 733 13791 13752)
4(13752 13791 13792 13753)
4(13753 13792 13793 13754)
4(13754 13793 13794 13755)
4(13755 13794 13795 13756)
4(13756 13795 13796 13757)
4(13757 13796 13797 13758)
4(13758 13797 13798 13759)
4(13759 13798 13799 13760)
4(13760 13799 13800 13761)
4(13761 13800 13801 13762)
4(13762 13801 13802 13763)
4(13763 13802 13803 13764)
4(13764 13803 13804 13765)
4(13765 13804 13805 13766)
4(13766 13805 13806 13767)
4(13767 13806 13807 13768)
4(13768 13807 13808 13769)
4(13769 13808 13809 13770)
4(13770 13809 13810 13771)
4(13771 13810 13811 13772)
4(13772 13811 13812 13773)
4(13773 13812 13813 13774)
4(13774 13813 13814 13775)
4(13775 13814 13815 13776)
4(13776 13815 13816 13777)
4(13777 13816 13817 13778)
4(13778 13817 13818 13779)
4(13779 13818 13819 13780)
4(13780 13819 13820 13781)
4(13781 13820 13821 13782)
4(13782 13821 13822 13783)
4(13783 13822 13823 13784)
4(13784 13823 13824 13785)
4(13785 13824 13825 13786)
4(13786 13825 13826 13787)
4(13787 13826 13827 13788)
4(13788 13827 13828 13789)
4(13789 13828 13829 13790)
4(13790 13829 1027 1028)
4(733 734 13830 13791)
4(13791 13830 13831 13792)
4(13792 13831 13832 13793)
4(13793 13832 13833 13794)
4(13794 13833 13834 13795)
4(13795 13834 13835 13796)
4(13796 13835 13836 13797)
4(13797 13836 13837 13798)
4(13798 13837 13838 13799)
4(13799 13838 13839 13800)
4(13800 13839 13840 13801)
4(13801 13840 13841 13802)
4(13802 13841 13842 13803)
4(13803 13842 13843 13804)
4(13804 13843 13844 13805)
4(13805 13844 13845 13806)
4(13806 13845 13846 13807)
4(13807 13846 13847 13808)
4(13808 13847 13848 13809)
4(13809 13848 13849 13810)
4(13810 13849 13850 13811)
4(13811 13850 13851 13812)
4(13812 13851 13852 13813)
4(13813 13852 13853 13814)
4(13814 13853 13854 13815)
4(13815 13854 13855 13816)
4(13816 13855 13856 13817)
4(13817 13856 13857 13818)
4(13818 13857 13858 13819)
4(13819 13858 13859 13820)
4(13820 13859 13860 13821)
4(13821 13860 13861 13822)
4(13822 13861 13862 13823)
4(13823 13862 13863 13824)
4(13824 13863 13864 13825)
4(13825 13864 13865 13826)
4(13826 13865 13866 13827)
4(13827 13866 13867 13828)
4(13828 13867 13868 13829)
4(13829 13868 1026 1027)
4(734 735 13869 13830)
4(13830 13869 13870 13831)
4(13831 13870 13871 13832)
4(13832 13871 13872 13833)
4(13833 13872 13873 13834)
4(13834 13873 13874 13835)
4(13835 13874 13875 13836)
4(13836 13875 13876 13837)
4(13837 13876 13877 13838)
4(13838 13877 13878 13839)
4(13839 13878 13879 13840)
4(13840 13879 13880 13841)
4(13841 13880 13881 13842)
4(13842 13881 13882 13843)
4(13843 13882 13883 13844)
4(13844 13883 13884 13845)
4(13845 13884 13885 13846)
4(13846 13885 13886 13847)
4(13847 13886 13887 13848)
4(13848 13887 13888 13849)
4(13849 13888 13889 13850)
4(13850 13889 13890 13851)
4(13851 13890 13891 13852)
4(13852 13891 13892 13853)
4(13853 13892 13893 13854)
4(13854 13893 13894 13855)
4(13855 13894 13895 13856)
4(13856 13895 13896 13857)
4(13857 13896 13897 13858)
4(13858 13897 13898 13859)
4(13859 13898 13899 13860)
4(13860 13899 13900 13861)
4(13861 13900 13901 13862)
4(13862 13901 13902 13863)
4(13863 13902 13903 13864)
4(13864 13903 13904 13865)
4(13865 13904 13905 13866)
4(13866 13905 13906 13867)
4(13867 13906 13907 13868)
4(13868 13907 1025 1026)
4(735 736 13908 13869)
4(13869 13908 13909 13870)
4(13870 13909 13910 13871)
4(13871 13910 13911 13872)
4(13872 13911 13912 13873)
4(13873 13912 13913 13874)
4(13874 13913 13914 13875)
4(13875 13914 13915 13876)
4(13876 13915 13916 13877)
4(13877 13916 13917 13878)
4(13878 13917 13918 13879)
4(13879 13918 13919 13880)
4(13880 13919 13920 13881)
4(13881 13920 13921 13882)
4(13882 13921 13922 13883)
4(13883 13922 13923 13884)
4(13884 13923 13924 13885)
4(13885 13924 13925 13886)
4(13886 13925 13926 13887)
4(13887 13926 13927 13888)
4(13888 13927 13928 13889)
4(13889 13928 13929 13890)
4(13890 13929 13930 13891)
4(13891 13930 13931 13892)
4(13892 13931 13932 13893)
4(13893 13932 13933 13894)
4(13894 13933 13934 13895)
4(13895 13934 13935 13896)
4(13896 13935 13936 13897)
4(13897 13936 13937 13898)
4(13898 13937 13938 13899)
4(13899 13938 13939 13900)
4(13900 13939 13940 13901)
4(13901 13940 13941 13902)
4(13902 13941 13942 13903)
4(13903 13942 13943 13904)
4(13904 13943 13944 13905)
4(13905 13944 13945 13906)
4(13906 13945 13946 13907)
4(13907 13946 1024 1025)
4(736 737 13947 13908)
4(13908 13947 13948 13909)
4(13909 13948 13949 13910)
4(13910 13949 13950 13911)
4(13911 13950 13951 13912)
4(13912 13951 13952 13913)
4(13913 13952 13953 13914)
4(13914 13953 13954 13915)
4(13915 13954 13955 13916)
4(13916 13955 13956 13917)
4(13917 13956 13957 13918)
4(13918 13957 13958 13919)
4(13919 13958 13959 13920)
4(13920 13959 13960 13921)
4(13921 13960 13961 13922)
4(13922 13961 13962 13923)
4(13923 13962 13963 13924)
4(13924 13963 13964 13925)
4(13925 13964 13965 13926)
4(13926 13965 13966 13927)
4(13927 13966 13967 13928)
4(13928 13967 13968 13929)
4(13929 13968 13969 13930)
4(13930 13969 13970 13931)
4(13931 13970 13971 13932)
4(13932 13971 13972 13933)
4(13933 13972 13973 13934)
4(13934 13973 13974 13935)
4(13935 13974 13975 13936)
4(13936 13975 13976 13937)
4(13937 13976 13977 13938)
4(13938 13977 13978 13939)
4(13939 13978 13979 13940)
4(13940 13979 13980 13941)
4(13941 13980 13981 13942)
4(13942 13981 13982 13943)
4(13943 13982 13983 13944)
4(13944 13983 13984 13945)
4(13945 13984 13985 13946)
4(13946 13985 1023 1024)
4(737 738 13986 13947)
4(13947 13986 13987 13948)
4(13948 13987 13988 13949)
4(13949 13988 13989 13950)
4(13950 13989 13990 13951)
4(13951 13990 13991 13952)
4(13952 13991 13992 13953)
4(13953 13992 13993 13954)
4(13954 13993 13994 13955)
4(13955 13994 13995 13956)
4(13956 13995 13996 13957)
4(13957 13996 13997 13958)
4(13958 13997 13998 13959)
4(13959 13998 13999 13960)
4(13960 13999 14000 13961)
4(13961 14000 14001 13962)
4(13962 14001 14002 13963)
4(13963 14002 14003 13964)
4(13964 14003 14004 13965)
4(13965 14004 14005 13966)
4(13966 14005 14006 13967)
4(13967 14006 14007 13968)
4(13968 14007 14008 13969)
4(13969 14008 14009 13970)
4(13970 14009 14010 13971)
4(13971 14010 14011 13972)
4(13972 14011 14012 13973)
4(13973 14012 14013 13974)
4(13974 14013 14014 13975)
4(13975 14014 14015 13976)
4(13976 14015 14016 13977)
4(13977 14016 14017 13978)
4(13978 14017 14018 13979)
4(13979 14018 14019 13980)
4(13980 14019 14020 13981)
4(13981 14020 14021 13982)
4(13982 14021 14022 13983)
4(13983 14022 14023 13984)
4(13984 14023 14024 13985)
4(13985 14024 1022 1023)
4(738 739 14025 13986)
4(13986 14025 14026 13987)
4(13987 14026 14027 13988)
4(13988 14027 14028 13989)
4(13989 14028 14029 13990)
4(13990 14029 14030 13991)
4(13991 14030 14031 13992)
4(13992 14031 14032 13993)
4(13993 14032 14033 13994)
4(13994 14033 14034 13995)
4(13995 14034 14035 13996)
4(13996 14035 14036 13997)
4(13997 14036 14037 13998)
4(13998 14037 14038 13999)
4(13999 14038 14039 14000)
4(14000 14039 14040 14001)
4(14001 14040 14041 14002)
4(14002 14041 14042 14003)
4(14003 14042 14043 14004)
4(14004 14043 14044 14005)
4(14005 14044 14045 14006)
4(14006 14045 14046 14007)
4(14007 14046 14047 14008)
4(14008 14047 14048 14009)
4(14009 14048 14049 14010)
4(14010 14049 14050 14011)
4(14011 14050 14051 14012)
4(14012 14051 14052 14013)
4(14013 14052 14053 14014)
4(14014 14053 14054 14015)
4(14015 14054 14055 14016)
4(14016 14055 14056 14017)
4(14017 14056 14057 14018)
4(14018 14057 14058 14019)
4(14019 14058 14059 14020)
4(14020 14059 14060 14021)
4(14021 14060 14061 14022)
4(14022 14061 14062 14023)
4(14023 14062 14063 14024)
4(14024 14063 1021 1022)
4(739 740 14064 14025)
4(14025 14064 14065 14026)
4(14026 14065 14066 14027)
4(14027 14066 14067 14028)
4(14028 14067 14068 14029)
4(14029 14068 14069 14030)
4(14030 14069 14070 14031)
4(14031 14070 14071 14032)
4(14032 14071 14072 14033)
4(14033 14072 14073 14034)
4(14034 14073 14074 14035)
4(14035 14074 14075 14036)
4(14036 14075 14076 14037)
4(14037 14076 14077 14038)
4(14038 14077 14078 14039)
4(14039 14078 14079 14040)
4(14040 14079 14080 14041)
4(14041 14080 14081 14042)
4(14042 14081 14082 14043)
4(14043 14082 14083 14044)
4(14044 14083 14084 14045)
4(14045 14084 14085 14046)
4(14046 14085 14086 14047)
4(14047 14086 14087 14048)
4(14048 14087 14088 14049)
4(14049 14088 14089 14050)
4(14050 14089 14090 14051)
4(14051 14090 14091 14052)
4(14052 14091 14092 14053)
4(14053 14092 14093 14054)
4(14054 14093 14094 14055)
4(14055 14094 14095 14056)
4(14056 14095 14096 14057)
4(14057 14096 14097 14058)
4(14058 14097 14098 14059)
4(14059 14098 14099 14060)
4(14060 14099 14100 14061)
4(14061 14100 14101 14062)
4(14062 14101 14102 14063)
4(14063 14102 1020 1021)
4(740 741 14103 14064)
4(14064 14103 14104 14065)
4(14065 14104 14105 14066)
4(14066 14105 14106 14067)
4(14067 14106 14107 14068)
4(14068 14107 14108 14069)
4(14069 14108 14109 14070)
4(14070 14109 14110 14071)
4(14071 14110 14111 14072)
4(14072 14111 14112 14073)
4(14073 14112 14113 14074)
4(14074 14113 14114 14075)
4(14075 14114 14115 14076)
4(14076 14115 14116 14077)
4(14077 14116 14117 14078)
4(14078 14117 14118 14079)
4(14079 14118 14119 14080)
4(14080 14119 14120 14081)
4(14081 14120 14121 14082)
4(14082 14121 14122 14083)
4(14083 14122 14123 14084)
4(14084 14123 14124 14085)
4(14085 14124 14125 14086)
4(14086 14125 14126 14087)
4(14087 14126 14127 14088)
4(14088 14127 14128 14089)
4(14089 14128 14129 14090)
4(14090 14129 14130 14091)
4(14091 14130 14131 14092)
4(14092 14131 14132 14093)
4(14093 14132 14133 14094)
4(14094 14133 14134 14095)
4(14095 14134 14135 14096)
4(14096 14135 14136 14097)
4(14097 14136 14137 14098)
4(14098 14137 14138 14099)
4(14099 14138 14139 14100)
4(14100 14139 14140 14101)
4(14101 14140 14141 14102)
4(14102 14141 1019 1020)
4(741 742 14142 14103)
4(14103 14142 14143 14104)
4(14104 14143 14144 14105)
4(14105 14144 14145 14106)
4(14106 14145 14146 14107)
4(14107 14146 14147 14108)
4(14108 14147 14148 14109)
4(14109 14148 14149 14110)
4(14110 14149 14150 14111)
4(14111 14150 14151 14112)
4(14112 14151 14152 14113)
4(14113 14152 14153 14114)
4(14114 14153 14154 14115)
4(14115 14154 14155 14116)
4(14116 14155 14156 14117)
4(14117 14156 14157 14118)
4(14118 14157 14158 14119)
4(14119 14158 14159 14120)
4(14120 14159 14160 14121)
4(14121 14160 14161 14122)
4(14122 14161 14162 14123)
4(14123 14162 14163 14124)
4(14124 14163 14164 14125)
4(14125 14164 14165 14126)
4(14126 14165 14166 14127)
4(14127 14166 14167 14128)
4(14128 14167 14168 14129)
4(14129 14168 14169 14130)
4(14130 14169 14170 14131)
4(14131 14170 14171 14132)
4(14132 14171 14172 14133)
4(14133 14172 14173 14134)
4(14134 14173 14174 14135)
4(14135 14174 14175 14136)
4(14136 14175 14176 14137)
4(14137 14176 14177 14138)
4(14138 14177 14178 14139)
4(14139 14178 14179 14140)
4(14140 14179 14180 14141)
4(14141 14180 1018 1019)
4(742 743 14181 14142)
4(14142 14181 14182 14143)
4(14143 14182 14183 14144)
4(14144 14183 14184 14145)
4(14145 14184 14185 14146)
4(14146 14185 14186 14147)
4(14147 14186 14187 14148)
4(14148 14187 14188 14149)
4(14149 14188 14189 14150)
4(14150 14189 14190 14151)
4(14151 14190 14191 14152)
4(14152 14191 14192 14153)
4(14153 14192 14193 14154)
4(14154 14193 14194 14155)
4(14155 14194 14195 14156)
4(14156 14195 14196 14157)
4(14157 14196 14197 14158)
4(14158 14197 14198 14159)
4(14159 14198 14199 14160)
4(14160 14199 14200 14161)
4(14161 14200 14201 14162)
4(14162 14201 14202 14163)
4(14163 14202 14203 14164)
4(14164 14203 14204 14165)
4(14165 14204 14205 14166)
4(14166 14205 14206 14167)
4(14167 14206 14207 14168)
4(14168 14207 14208 14169)
4(14169 14208 14209 14170)
4(14170 14209 14210 14171)
4(14171 14210 14211 14172)
4(14172 14211 14212 14173)
4(14173 14212 14213 14174)
4(14174 14213 14214 14175)
4(14175 14214 14215 14176)
4(14176 14215 14216 14177)
4(14177 14216 14217 14178)
4(14178 14217 14218 14179)
4(14179 14218 14219 14180)
4(14180 14219 1017 1018)
4(743 744 14220 14181)
4(14181 14220 14221 14182)
4(14182 14221 14222 14183)
4(14183 14222 14223 14184)
4(14184 14223 14224 14185)
4(14185 14224 14225 14186)
4(14186 14225 14226 14187)
4(14187 14226 14227 14188)
4(14188 14227 14228 14189)
4(14189 14228 14229 14190)
4(14190 14229 14230 14191)
4(14191 14230 14231 14192)
4(14192 14231 14232 14193)
4(14193 14232 14233 14194)
4(14194 14233 14234 14195)
4(14195 14234 14235 14196)
4(14196 14235 14236 14197)
4(14197 14236 14237 14198)
4(14198 14237 14238 14199)
4(14199 14238 14239 14200)
4(14200 14239 14240 14201)
4(14201 14240 14241 14202)
4(14202 14241 14242 14203)
4(14203 14242 14243 14204)
4(14204 14243 14244 14205)
4(14205 14244 14245 14206)
4(14206 14245 14246 14207)
4(14207 14246 14247 14208)
4(14208 14247 14248 14209)
4(14209 14248 14249 14210)
4(14210 14249 14250 14211)
4(14211 14250 14251 14212)
4(14212 14251 14252 14213)
4(14213 14252 14253 14214)
4(14214 14253 14254 14215)
4(14215 14254 14255 14216)
4(14216 14255 14256 14217)
4(14217 14256 14257 14218)
4(14218 14257 14258 14219)
4(14219 14258 1016 1017)
4(744 745 14259 14220)
4(14220 14259 14260 14221)
4(14221 14260 14261 14222)
4(14222 14261 14262 14223)
4(14223 14262 14263 14224)
4(14224 14263 14264 14225)
4(14225 14264 14265 14226)
4(14226 14265 14266 14227)
4(14227 14266 14267 14228)
4(14228 14267 14268 14229)
4(14229 14268 14269 14230)
4(14230 14269 14270 14231)
4(14231 14270 14271 14232)
4(14232 14271 14272 14233)
4(14233 14272 14273 14234)
4(14234 14273 14274 14235)
4(14235 14274 14275 14236)
4(14236 14275 14276 14237)
4(14237 14276 14277 14238)
4(14238 14277 14278 14239)
4(14239 14278 14279 14240)
4(14240 14279 14280 14241)
4(14241 14280 14281 14242)
4(14242 14281 14282 14243)
4(14243 14282 14283 14244)
4(14244 14283 14284 14245)
4(14245 14284 14285 14246)
4(14246 14285 14286 14247)
4(14247 14286 14287 14248)
4(14248 14287 14288 14249)
4(14249 14288 14289 14250)
4(14250 14289 14290 14251)
4(14251 14290 14291 14252)
4(14252 14291 14292 14253)
4(14253 14292 14293 14254)
4(14254 14293 14294 14255)
4(14255 14294 14295 14256)
4(14256 14295 14296 14257)
4(14257 14296 14297 14258)
4(14258 14297 1015 1016)
4(745 746 14298 14259)
4(14259 14298 14299 14260)
4(14260 14299 14300 14261)
4(14261 14300 14301 14262)
4(14262 14301 14302 14263)
4(14263 14302 14303 14264)
4(14264 14303 14304 14265)
4(14265 14304 14305 14266)
4(14266 14305 14306 14267)
4(14267 14306 14307 14268)
4(14268 14307 14308 14269)
4(14269 14308 14309 14270)
4(14270 14309 14310 14271)
4(14271 14310 14311 14272)
4(14272 14311 14312 14273)
4(14273 14312 14313 14274)
4(14274 14313 14314 14275)
4(14275 14314 14315 14276)
4(14276 14315 14316 14277)
4(14277 14316 14317 14278)
4(14278 14317 14318 14279)
4(14279 14318 14319 14280)
4(14280 14319 14320 14281)
4(14281 14320 14321 14282)
4(14282 14321 14322 14283)
4(14283 14322 14323 14284)
4(14284 14323 14324 14285)
4(14285 14324 14325 14286)
4(14286 14325 14326 14287)
4(14287 14326 14327 14288)
4(14288 14327 14328 14289)
4(14289 14328 14329 14290)
4(14290 14329 14330 14291)
4(14291 14330 14331 14292)
4(14292 14331 14332 14293)
4(14293 14332 14333 14294)
4(14294 14333 14334 14295)
4(14295 14334 14335 14296)
4(14296 14335 14336 14297)
4(14297 14336 1014 1015)
4(746 747 14337 14298)
4(14298 14337 14338 14299)
4(14299 14338 14339 14300)
4(14300 14339 14340 14301)
4(14301 14340 14341 14302)
4(14302 14341 14342 14303)
4(14303 14342 14343 14304)
4(14304 14343 14344 14305)
4(14305 14344 14345 14306)
4(14306 14345 14346 14307)
4(14307 14346 14347 14308)
4(14308 14347 14348 14309)
4(14309 14348 14349 14310)
4(14310 14349 14350 14311)
4(14311 14350 14351 14312)
4(14312 14351 14352 14313)
4(14313 14352 14353 14314)
4(14314 14353 14354 14315)
4(14315 14354 14355 14316)
4(14316 14355 14356 14317)
4(14317 14356 14357 14318)
4(14318 14357 14358 14319)
4(14319 14358 14359 14320)
4(14320 14359 14360 14321)
4(14321 14360 14361 14322)
4(14322 14361 14362 14323)
4(14323 14362 14363 14324)
4(14324 14363 14364 14325)
4(14325 14364 14365 14326)
4(14326 14365 14366 14327)
4(14327 14366 14367 14328)
4(14328 14367 14368 14329)
4(14329 14368 14369 14330)
4(14330 14369 14370 14331)
4(14331 14370 14371 14332)
4(14332 14371 14372 14333)
4(14333 14372 14373 14334)
4(14334 14373 14374 14335)
4(14335 14374 14375 14336)
4(14336 14375 1013 1014)
4(747 748 14376 14337)
4(14337 14376 14377 14338)
4(14338 14377 14378 14339)
4(14339 14378 14379 14340)
4(14340 14379 14380 14341)
4(14341 14380 14381 14342)
4(14342 14381 14382 14343)
4(14343 14382 14383 14344)
4(14344 14383 14384 14345)
4(14345 14384 14385 14346)
4(14346 14385 14386 14347)
4(14347 14386 14387 14348)
4(14348 14387 14388 14349)
4(14349 14388 14389 14350)
4(14350 14389 14390 14351)
4(14351 14390 14391 14352)
4(14352 14391 14392 14353)
4(14353 14392 14393 14354)
4(14354 14393 14394 14355)
4(14355 14394 14395 14356)
4(14356 14395 14396 14357)
4(14357 14396 14397 14358)
4(14358 14397 14398 14359)
4(14359 14398 14399 14360)
4(14360 14399 14400 14361)
4(14361 14400 14401 14362)
4(14362 14401 14402 14363)
4(14363 14402 14403 14364)
4(14364 14403 14404 14365)
4(14365 14404 14405 14366)
4(14366 14405 14406 14367)
4(14367 14406 14407 14368)
4(14368 14407 14408 14369)
4(14369 14408 14409 14370)
4(14370 14409 14410 14371)
4(14371 14410 14411 14372)
4(14372 14411 14412 14373)
4(14373 14412 14413 14374)
4(14374 14413 14414 14375)
4(14375 14414 1012 1013)
4(748 749 14415 14376)
4(14376 14415 14416 14377)
4(14377 14416 14417 14378)
4(14378 14417 14418 14379)
4(14379 14418 14419 14380)
4(14380 14419 14420 14381)
4(14381 14420 14421 14382)
4(14382 14421 14422 14383)
4(14383 14422 14423 14384)
4(14384 14423 14424 14385)
4(14385 14424 14425 14386)
4(14386 14425 14426 14387)
4(14387 14426 14427 14388)
4(14388 14427 14428 14389)
4(14389 14428 14429 14390)
4(14390 14429 14430 14391)
4(14391 14430 14431 14392)
4(14392 14431 14432 14393)
4(14393 14432 14433 14394)
4(14394 14433 14434 14395)
4(14395 14434 14435 14396)
4(14396 14435 14436 14397)
4(14397 14436 14437 14398)
4(14398 14437 14438 14399)
4(14399 14438 14439 14400)
4(14400 14439 14440 14401)
4(14401 14440 14441 14402)
4(14402 14441 14442 14403)
4(14403 14442 14443 14404)
4(14404 14443 14444 14405)
4(14405 14444 14445 14406)
4(14406 14445 14446 14407)
4(14407 14446 14447 14408)
4(14408 14447 14448 14409)
4(14409 14448 14449 14410)
4(14410 14449 14450 14411)
4(14411 14450 14451 14412)
4(14412 14451 14452 14413)
4(14413 14452 14453 14414)
4(14414 14453 1011 1012)
4(749 750 14454 14415)
4(14415 14454 14455 14416)
4(14416 14455 14456 14417)
4(14417 14456 14457 14418)
4(14418 14457 14458 14419)
4(14419 14458 14459 14420)
4(14420 14459 14460 14421)
4(14421 14460 14461 14422)
4(14422 14461 14462 14423)
4(14423 14462 14463 14424)
4(14424 14463 14464 14425)
4(14425 14464 14465 14426)
4(14426 14465 14466 14427)
4(14427 14466 14467 14428)
4(14428 14467 14468 14429)
4(14429 14468 14469 14430)
4(14430 14469 14470 14431)
4(14431 14470 14471 14432)
4(14432 14471 14472 14433)
4(14433 14472 14473 14434)
4(14434 14473 14474 14435)
4(14435 14474 14475 14436)
4(14436 14475 14476 14437)
4(14437 14476 14477 14438)
4(14438 14477 14478 14439)
4(14439 14478 14479 14440)
4(14440 14479 14480 14441)
4(14441 14480 14481 14442)
4(14442 14481 14482 14443)
4(14443 14482 14483 14444)
4(14444 14483 14484 14445)
4(14445 14484 14485 14446)
4(14446 14485 14486 14447)
4(14447 14486 14487 14448)
4(14448 14487 14488 14449)
4(14449 14488 14489 14450)
4(14450 14489 14490 14451)
4(14451 14490 14491 14452)
4(14452 14491 14492 14453)
4(14453 14492 1010 1011)
4(750 751 14493 14454)
4(14454 14493 14494 14455)
4(14455 14494 14495 14456)
4(14456 14495 14496 14457)
4(14457 14496 14497 14458)
4(14458 14497 14498 14459)
4(14459 14498 14499 14460)
4(14460 14499 14500 14461)
4(14461 14500 14501 14462)
4(14462 14501 14502 14463)
4(14463 14502 14503 14464)
4(14464 14503 14504 14465)
4(14465 14504 14505 14466)
4(14466 14505 14506 14467)
4(14467 14506 14507 14468)
4(14468 14507 14508 14469)
4(14469 14508 14509 14470)
4(14470 14509 14510 14471)
4(14471 14510 14511 14472)
4(14472 14511 14512 14473)
4(14473 14512 14513 14474)
4(14474 14513 14514 14475)
4(14475 14514 14515 14476)
4(14476 14515 14516 14477)
4(14477 14516 14517 14478)
4(14478 14517 14518 14479)
4(14479 14518 14519 14480)
4(14480 14519 14520 14481)
4(14481 14520 14521 14482)
4(14482 14521 14522 14483)
4(14483 14522 14523 14484)
4(14484 14523 14524 14485)
4(14485 14524 14525 14486)
4(14486 14525 14526 14487)
4(14487 14526 14527 14488)
4(14488 14527 14528 14489)
4(14489 14528 14529 14490)
4(14490 14529 14530 14491)
4(14491 14530 14531 14492)
4(14492 14531 1009 1010)
4(751 752 14532 14493)
4(14493 14532 14533 14494)
4(14494 14533 14534 14495)
4(14495 14534 14535 14496)
4(14496 14535 14536 14497)
4(14497 14536 14537 14498)
4(14498 14537 14538 14499)
4(14499 14538 14539 14500)
4(14500 14539 14540 14501)
4(14501 14540 14541 14502)
4(14502 14541 14542 14503)
4(14503 14542 14543 14504)
4(14504 14543 14544 14505)
4(14505 14544 14545 14506)
4(14506 14545 14546 14507)
4(14507 14546 14547 14508)
4(14508 14547 14548 14509)
4(14509 14548 14549 14510)
4(14510 14549 14550 14511)
4(14511 14550 14551 14512)
4(14512 14551 14552 14513)
4(14513 14552 14553 14514)
4(14514 14553 14554 14515)
4(14515 14554 14555 14516)
4(14516 14555 14556 14517)
4(14517 14556 14557 14518)
4(14518 14557 14558 14519)
4(14519 14558 14559 14520)
4(14520 14559 14560 14521)
4(14521 14560 14561 14522)
4(14522 14561 14562 14523)
4(14523 14562 14563 14524)
4(14524 14563 14564 14525)
4(14525 14564 14565 14526)
4(14526 14565 14566 14527)
4(14527 14566 14567 14528)
4(14528 14567 14568 14529)
4(14529 14568 14569 14530)
4(14530 14569 14570 14531)
4(14531 14570 1008 1009)
4(752 753 14571 14532)
4(14532 14571 14572 14533)
4(14533 14572 14573 14534)
4(14534 14573 14574 14535)
4(14535 14574 14575 14536)
4(14536 14575 14576 14537)
4(14537 14576 14577 14538)
4(14538 14577 14578 14539)
4(14539 14578 14579 14540)
4(14540 14579 14580 14541)
4(14541 14580 14581 14542)
4(14542 14581 14582 14543)
4(14543 14582 14583 14544)
4(14544 14583 14584 14545)
4(14545 14584 14585 14546)
4(14546 14585 14586 14547)
4(14547 14586 14587 14548)
4(14548 14587 14588 14549)
4(14549 14588 14589 14550)
4(14550 14589 14590 14551)
4(14551 14590 14591 14552)
4(14552 14591 14592 14553)
4(14553 14592 14593 14554)
4(14554 14593 14594 14555)
4(14555 14594 14595 14556)
4(14556 14595 14596 14557)
4(14557 14596 14597 14558)
4(14558 14597 14598 14559)
4(14559 14598 14599 14560)
4(14560 14599 14600 14561)
4(14561 14600 14601 14562)
4(14562 14601 14602 14563)
4(14563 14602 14603 14564)
4(14564 14603 14604 14565)
4(14565 14604 14605 14566)
4(14566 14605 14606 14567)
4(14567 14606 14607 14568)
4(14568 14607 14608 14569)
4(14569 14608 14609 14570)
4(14570 14609 1007 1008)
4(753 754 14610 14571)
4(14571 14610 14611 14572)
4(14572 14611 14612 14573)
4(14573 14612 14613 14574)
4(14574 14613 14614 14575)
4(14575 14614 14615 14576)
4(14576 14615 14616 14577)
4(14577 14616 14617 14578)
4(14578 14617 14618 14579)
4(14579 14618 14619 14580)
4(14580 14619 14620 14581)
4(14581 14620 14621 14582)
4(14582 14621 14622 14583)
4(14583 14622 14623 14584)
4(14584 14623 14624 14585)
4(14585 14624 14625 14586)
4(14586 14625 14626 14587)
4(14587 14626 14627 14588)
4(14588 14627 14628 14589)
4(14589 14628 14629 14590)
4(14590 14629 14630 14591)
4(14591 14630 14631 14592)
4(14592 14631 14632 14593)
4(14593 14632 14633 14594)
4(14594 14633 14634 14595)
4(14595 14634 14635 14596)
4(14596 14635 14636 14597)
4(14597 14636 14637 14598)
4(14598 14637 14638 14599)
4(14599 14638 14639 14600)
4(14600 14639 14640 14601)
4(14601 14640 14641 14602)
4(14602 14641 14642 14603)
4(14603 14642 14643 14604)
4(14604 14643 14644 14605)
4(14605 14644 14645 14606)
4(14606 14645 14646 14607)
4(14607 14646 14647 14608)
4(14608 14647 14648 14609)
4(14609 14648 1006 1007)
4(754 755 14649 14610)
4(14610 14649 14650 14611)
4(14611 14650 14651 14612)
4(14612 14651 14652 14613)
4(14613 14652 14653 14614)
4(14614 14653 14654 14615)
4(14615 14654 14655 14616)
4(14616 14655 14656 14617)
4(14617 14656 14657 14618)
4(14618 14657 14658 14619)
4(14619 14658 14659 14620)
4(14620 14659 14660 14621)
4(14621 14660 14661 14622)
4(14622 14661 14662 14623)
4(14623 14662 14663 14624)
4(14624 14663 14664 14625)
4(14625 14664 14665 14626)
4(14626 14665 14666 14627)
4(14627 14666 14667 14628)
4(14628 14667 14668 14629)
4(14629 14668 14669 14630)
4(14630 14669 14670 14631)
4(14631 14670 14671 14632)
4(14632 14671 14672 14633)
4(14633 14672 14673 14634)
4(14634 14673 14674 14635)
4(14635 14674 14675 14636)
4(14636 14675 14676 14637)
4(14637 14676 14677 14638)
4(14638 14677 14678 14639)
4(14639 14678 14679 14640)
4(14640 14679 14680 14641)
4(14641 14680 14681 14642)
4(14642 14681 14682 14643)
4(14643 14682 14683 14644)
4(14644 14683 14684 14645)
4(14645 14684 14685 14646)
4(14646 14685 14686 14647)
4(14647 14686 14687 14648)
4(14648 14687 1005 1006)
4(755 756 14688 14649)
4(14649 14688 14689 14650)
4(14650 14689 14690 14651)
4(14651 14690 14691 14652)
4(14652 14691 14692 14653)
4(14653 14692 14693 14654)
4(14654 14693 14694 14655)
4(14655 14694 14695 14656)
4(14656 14695 14696 14657)
4(14657 14696 14697 14658)
4(14658 14697 14698 14659)
4(14659 14698 14699 14660)
4(14660 14699 14700 14661)
4(14661 14700 14701 14662)
4(14662 14701 14702 14663)
4(14663 14702 14703 14664)
4(14664 14703 14704 14665)
4(14665 14704 14705 14666)
4(14666 14705 14706 14667)
4(14667 14706 14707 14668)
4(14668 14707 14708 14669)
4(14669 14708 14709 14670)
4(14670 14709 14710 14671)
4(14671 14710 14711 14672)
4(14672 14711 14712 14673)
4(14673 14712 14713 14674)
4(14674 14713 14714 14675)
4(14675 14714 14715 14676)
4(14676 14715 14716 14677)
4(14677 14716 14717 14678)
4(14678 14717 14718 14679)
4(14679 14718 14719 14680)
4(14680 14719 14720 14681)
4(14681 14720 14721 14682)
4(14682 14721 14722 14683)
4(14683 14722 14723 14684)
4(14684 14723 14724 14685)
4(14685 14724 14725 14686)
4(14686 14725 14726 14687)
4(14687 14726 1004 1005)
4(756 757 14727 14688)
4(14688 14727 14728 14689)
4(14689 14728 14729 14690)
4(14690 14729 14730 14691)
4(14691 14730 14731 14692)
4(14692 14731 14732 14693)
4(14693 14732 14733 14694)
4(14694 14733 14734 14695)
4(14695 14734 14735 14696)
4(14696 14735 14736 14697)
4(14697 14736 14737 14698)
4(14698 14737 14738 14699)
4(14699 14738 14739 14700)
4(14700 14739 14740 14701)
4(14701 14740 14741 14702)
4(14702 14741 14742 14703)
4(14703 14742 14743 14704)
4(14704 14743 14744 14705)
4(14705 14744 14745 14706)
4(14706 14745 14746 14707)
4(14707 14746 14747 14708)
4(14708 14747 14748 14709)
4(14709 14748 14749 14710)
4(14710 14749 14750 14711)
4(14711 14750 14751 14712)
4(14712 14751 14752 14713)
4(14713 14752 14753 14714)
4(14714 14753 14754 14715)
4(14715 14754 14755 14716)
4(14716 14755 14756 14717)
4(14717 14756 14757 14718)
4(14718 14757 14758 14719)
4(14719 14758 14759 14720)
4(14720 14759 14760 14721)
4(14721 14760 14761 14722)
4(14722 14761 14762 14723)
4(14723 14762 14763 14724)
4(14724 14763 14764 14725)
4(14725 14764 14765 14726)
4(14726 14765 1003 1004)
4(757 758 14766 14727)
4(14727 14766 14767 14728)
4(14728 14767 14768 14729)
4(14729 14768 14769 14730)
4(14730 14769 14770 14731)
4(14731 14770 14771 14732)
4(14732 14771 14772 14733)
4(14733 14772 14773 14734)
4(14734 14773 14774 14735)
4(14735 14774 14775 14736)
4(14736 14775 14776 14737)
4(14737 14776 14777 14738)
4(14738 14777 14778 14739)
4(14739 14778 14779 14740)
4(14740 14779 14780 14741)
4(14741 14780 14781 14742)
4(14742 14781 14782 14743)
4(14743 14782 14783 14744)
4(14744 14783 14784 14745)
4(14745 14784 14785 14746)
4(14746 14785 14786 14747)
4(14747 14786 14787 14748)
4(14748 14787 14788 14749)
4(14749 14788 14789 14750)
4(14750 14789 14790 14751)
4(14751 14790 14791 14752)
4(14752 14791 14792 14753)
4(14753 14792 14793 14754)
4(14754 14793 14794 14755)
4(14755 14794 14795 14756)
4(14756 14795 14796 14757)
4(14757 14796 14797 14758)
4(14758 14797 14798 14759)
4(14759 14798 14799 14760)
4(14760 14799 14800 14761)
4(14761 14800 14801 14762)
4(14762 14801 14802 14763)
4(14763 14802 14803 14764)
4(14764 14803 14804 14765)
4(14765 14804 1002 1003)
4(758 759 14805 14766)
4(14766 14805 14806 14767)
4(14767 14806 14807 14768)
4(14768 14807 14808 14769)
4(14769 14808 14809 14770)
4(14770 14809 14810 14771)
4(14771 14810 14811 14772)
4(14772 14811 14812 14773)
4(14773 14812 14813 14774)
4(14774 14813 14814 14775)
4(14775 14814 14815 14776)
4(14776 14815 14816 14777)
4(14777 14816 14817 14778)
4(14778 14817 14818 14779)
4(14779 14818 14819 14780)
4(14780 14819 14820 14781)
4(14781 14820 14821 14782)
4(14782 14821 14822 14783)
4(14783 14822 14823 14784)
4(14784 14823 14824 14785)
4(14785 14824 14825 14786)
4(14786 14825 14826 14787)
4(14787 14826 14827 14788)
4(14788 14827 14828 14789)
4(14789 14828 14829 14790)
4(14790 14829 14830 14791)
4(14791 14830 14831 14792)
4(14792 14831 14832 14793)
4(14793 14832 14833 14794)
4(14794 14833 14834 14795)
4(14795 14834 14835 14796)
4(14796 14835 14836 14797)
4(14797 14836 14837 14798)
4(14798 14837 14838 14799)
4(14799 14838 14839 14800)
4(14800 14839 14840 14801)
4(14801 14840 14841 14802)
4(14802 14841 14842 14803)
4(14803 14842 14843 14804)
4(14804 14843 1001 1002)
4(759 760 14844 14805)
4(14805 14844 14845 14806)
4(14806 14845 14846 14807)
4(14807 14846 14847 14808)
4(14808 14847 14848 14809)
4(14809 14848 14849 14810)
4(14810 14849 14850 14811)
4(14811 14850 14851 14812)
4(14812 14851 14852 14813)
4(14813 14852 14853 14814)
4(14814 14853 14854 14815)
4(14815 14854 14855 14816)
4(14816 14855 14856 14817)
4(14817 14856 14857 14818)
4(14818 14857 14858 14819)
4(14819 14858 14859 14820)
4(14820 14859 14860 14821)
4(14821 14860 14861 14822)
4(14822 14861 14862 14823)
4(14823 14862 14863 14824)
4(14824 14863 14864 14825)
4(14825 14864 14865 14826)
4(14826 14865 14866 14827)
4(14827 14866 14867 14828)
4(14828 14867 14868 14829)
4(14829 14868 14869 14830)
4(14830 14869 14870 14831)
4(14831 14870 14871 14832)
4(14832 14871 14872 14833)
4(14833 14872 14873 14834)
4(14834 14873 14874 14835)
4(14835 14874 14875 14836)
4(14836 14875 14876 14837)
4(14837 14876 14877 14838)
4(14838 14877 14878 14839)
4(14839 14878 14879 14840)
4(14840 14879 14880 14841)
4(14841 14880 14881 14842)
4(14842 14881 14882 14843)
4(14843 14882 1000 1001)
4(760 761 14883 14844)
4(14844 14883 14884 14845)
4(14845 14884 14885 14846)
4(14846 14885 14886 14847)
4(14847 14886 14887 14848)
4(14848 14887 14888 14849)
4(14849 14888 14889 14850)
4(14850 14889 14890 14851)
4(14851 14890 14891 14852)
4(14852 14891 14892 14853)
4(14853 14892 14893 14854)
4(14854 14893 14894 14855)
4(14855 14894 14895 14856)
4(14856 14895 14896 14857)
4(14857 14896 14897 14858)
4(14858 14897 14898 14859)
4(14859 14898 14899 14860)
4(14860 14899 14900 14861)
4(14861 14900 14901 14862)
4(14862 14901 14902 14863)
4(14863 14902 14903 14864)
4(14864 14903 14904 14865)
4(14865 14904 14905 14866)
4(14866 14905 14906 14867)
4(14867 14906 14907 14868)
4(14868 14907 14908 14869)
4(14869 14908 14909 14870)
4(14870 14909 14910 14871)
4(14871 14910 14911 14872)
4(14872 14911 14912 14873)
4(14873 14912 14913 14874)
4(14874 14913 14914 14875)
4(14875 14914 14915 14876)
4(14876 14915 14916 14877)
4(14877 14916 14917 14878)
4(14878 14917 14918 14879)
4(14879 14918 14919 14880)
4(14880 14919 14920 14881)
4(14881 14920 14921 14882)
4(14882 14921 999 1000)
4(761 762 14922 14883)
4(14883 14922 14923 14884)
4(14884 14923 14924 14885)
4(14885 14924 14925 14886)
4(14886 14925 14926 14887)
4(14887 14926 14927 14888)
4(14888 14927 14928 14889)
4(14889 14928 14929 14890)
4(14890 14929 14930 14891)
4(14891 14930 14931 14892)
4(14892 14931 14932 14893)
4(14893 14932 14933 14894)
4(14894 14933 14934 14895)
4(14895 14934 14935 14896)
4(14896 14935 14936 14897)
4(14897 14936 14937 14898)
4(14898 14937 14938 14899)
4(14899 14938 14939 14900)
4(14900 14939 14940 14901)
4(14901 14940 14941 14902)
4(14902 14941 14942 14903)
4(14903 14942 14943 14904)
4(14904 14943 14944 14905)
4(14905 14944 14945 14906)
4(14906 14945 14946 14907)
4(14907 14946 14947 14908)
4(14908 14947 14948 14909)
4(14909 14948 14949 14910)
4(14910 14949 14950 14911)
4(14911 14950 14951 14912)
4(14912 14951 14952 14913)
4(14913 14952 14953 14914)
4(14914 14953 14954 14915)
4(14915 14954 14955 14916)
4(14916 14955 14956 14917)
4(14917 14956 14957 14918)
4(14918 14957 14958 14919)
4(14919 14958 14959 14920)
4(14920 14959 14960 14921)
4(14921 14960 998 999)
4(762 763 14961 14922)
4(14922 14961 14962 14923)
4(14923 14962 14963 14924)
4(14924 14963 14964 14925)
4(14925 14964 14965 14926)
4(14926 14965 14966 14927)
4(14927 14966 14967 14928)
4(14928 14967 14968 14929)
4(14929 14968 14969 14930)
4(14930 14969 14970 14931)
4(14931 14970 14971 14932)
4(14932 14971 14972 14933)
4(14933 14972 14973 14934)
4(14934 14973 14974 14935)
4(14935 14974 14975 14936)
4(14936 14975 14976 14937)
4(14937 14976 14977 14938)
4(14938 14977 14978 14939)
4(14939 14978 14979 14940)
4(14940 14979 14980 14941)
4(14941 14980 14981 14942)
4(14942 14981 14982 14943)
4(14943 14982 14983 14944)
4(14944 14983 14984 14945)
4(14945 14984 14985 14946)
4(14946 14985 14986 14947)
4(14947 14986 14987 14948)
4(14948 14987 14988 14949)
4(14949 14988 14989 14950)
4(14950 14989 14990 14951)
4(14951 14990 14991 14952)
4(14952 14991 14992 14953)
4(14953 14992 14993 14954)
4(14954 14993 14994 14955)
4(14955 14994 14995 14956)
4(14956 14995 14996 14957)
4(14957 14996 14997 14958)
4(14958 14997 14998 14959)
4(14959 14998 14999 14960)
4(14960 14999 997 998)
4(763 764 15000 14961)
4(14961 15000 15001 14962)
4(14962 15001 15002 14963)
4(14963 15002 15003 14964)
4(14964 15003 15004 14965)
4(14965 15004 15005 14966)
4(14966 15005 15006 14967)
4(14967 15006 15007 14968)
4(14968 15007 15008 14969)
4(14969 15008 15009 14970)
4(14970 15009 15010 14971)
4(14971 15010 15011 14972)
4(14972 15011 15012 14973)
4(14973 15012 15013 14974)
4(14974 15013 15014 14975)
4(14975 15014 15015 14976)
4(14976 15015 15016 14977)
4(14977 15016 15017 14978)
4(14978 15017 15018 14979)
4(14979 15018 15019 14980)
4(14980 15019 15020 14981)
4(14981 15020 15021 14982)
4(14982 15021 15022 14983)
4(14983 15022 15023 14984)
4(14984 15023 15024 14985)
4(14985 15024 15025 14986)
4(14986 15025 15026 14987)
4(14987 15026 15027 14988)
4(14988 15027 15028 14989)
4(14989 15028 15029 14990)
4(14990 15029 15030 14991)
4(14991 15030 15031 14992)
4(14992 15031 15032 14993)
4(14993 15032 15033 14994)
4(14994 15033 15034 14995)
4(14995 15034 15035 14996)
4(14996 15035 15036 14997)
4(14997 15036 15037 14998)
4(14998 15037 15038 14999)
4(14999 15038 996 997)
4(764 765 15039 15000)
4(15000 15039 15040 15001)
4(15001 15040 15041 15002)
4(15002 15041 15042 15003)
4(15003 15042 15043 15004)
4(15004 15043 15044 15005)
4(15005 15044 15045 15006)
4(15006 15045 15046 15007)
4(15007 15046 15047 15008)
4(15008 15047 15048 15009)
4(15009 15048 15049 15010)
4(15010 15049 15050 15011)
4(15011 15050 15051 15012)
4(15012 15051 15052 15013)
4(15013 15052 15053 15014)
4(15014 15053 15054 15015)
4(15015 15054 15055 15016)
4(15016 15055 15056 15017)
4(15017 15056 15057 15018)
4(15018 15057 15058 15019)
4(15019 15058 15059 15020)
4(15020 15059 15060 15021)
4(15021 15060 15061 15022)
4(15022 15061 15062 15023)
4(15023 15062 15063 15024)
4(15024 15063 15064 15025)
4(15025 15064 15065 15026)
4(15026 15065 15066 15027)
4(15027 15066 15067 15028)
4(15028 15067 15068 15029)
4(15029 15068 15069 15030)
4(15030 15069 15070 15031)
4(15031 15070 15071 15032)
4(15032 15071 15072 15033)
4(15033 15072 15073 15034)
4(15034 15073 15074 15035)
4(15035 15074 15075 15036)
4(15036 15075 15076 15037)
4(15037 15076 15077 15038)
4(15038 15077 995 996)
4(765 766 15078 15039)
4(15039 15078 15079 15040)
4(15040 15079 15080 15041)
4(15041 15080 15081 15042)
4(15042 15081 15082 15043)
4(15043 15082 15083 15044)
4(15044 15083 15084 15045)
4(15045 15084 15085 15046)
4(15046 15085 15086 15047)
4(15047 15086 15087 15048)
4(15048 15087 15088 15049)
4(15049 15088 15089 15050)
4(15050 15089 15090 15051)
4(15051 15090 15091 15052)
4(15052 15091 15092 15053)
4(15053 15092 15093 15054)
4(15054 15093 15094 15055)
4(15055 15094 15095 15056)
4(15056 15095 15096 15057)
4(15057 15096 15097 15058)
4(15058 15097 15098 15059)
4(15059 15098 15099 15060)
4(15060 15099 15100 15061)
4(15061 15100 15101 15062)
4(15062 15101 15102 15063)
4(15063 15102 15103 15064)
4(15064 15103 15104 15065)
4(15065 15104 15105 15066)
4(15066 15105 15106 15067)
4(15067 15106 15107 15068)
4(15068 15107 15108 15069)
4(15069 15108 15109 15070)
4(15070 15109 15110 15071)
4(15071 15110 15111 15072)
4(15072 15111 15112 15073)
4(15073 15112 15113 15074)
4(15074 15113 15114 15075)
4(15075 15114 15115 15076)
4(15076 15115 15116 15077)
4(15077 15116 994 995)
4(766 767 15117 15078)
4(15078 15117 15118 15079)
4(15079 15118 15119 15080)
4(15080 15119 15120 15081)
4(15081 15120 15121 15082)
4(15082 15121 15122 15083)
4(15083 15122 15123 15084)
4(15084 15123 15124 15085)
4(15085 15124 15125 15086)
4(15086 15125 15126 15087)
4(15087 15126 15127 15088)
4(15088 15127 15128 15089)
4(15089 15128 15129 15090)
4(15090 15129 15130 15091)
4(15091 15130 15131 15092)
4(15092 15131 15132 15093)
4(15093 15132 15133 15094)
4(15094 15133 15134 15095)
4(15095 15134 15135 15096)
4(15096 15135 15136 15097)
4(15097 15136 15137 15098)
4(15098 15137 15138 15099)
4(15099 15138 15139 15100)
4(15100 15139 15140 15101)
4(15101 15140 15141 15102)
4(15102 15141 15142 15103)
4(15103 15142 15143 15104)
4(15104 15143 15144 15105)
4(15105 15144 15145 15106)
4(15106 15145 15146 15107)
4(15107 15146 15147 15108)
4(15108 15147 15148 15109)
4(15109 15148 15149 15110)
4(15110 15149 15150 15111)
4(15111 15150 15151 15112)
4(15112 15151 15152 15113)
4(15113 15152 15153 15114)
4(15114 15153 15154 15115)
4(15115 15154 15155 15116)
4(15116 15155 993 994)
4(767 768 15156 15117)
4(15117 15156 15157 15118)
4(15118 15157 15158 15119)
4(15119 15158 15159 15120)
4(15120 15159 15160 15121)
4(15121 15160 15161 15122)
4(15122 15161 15162 15123)
4(15123 15162 15163 15124)
4(15124 15163 15164 15125)
4(15125 15164 15165 15126)
4(15126 15165 15166 15127)
4(15127 15166 15167 15128)
4(15128 15167 15168 15129)
4(15129 15168 15169 15130)
4(15130 15169 15170 15131)
4(15131 15170 15171 15132)
4(15132 15171 15172 15133)
4(15133 15172 15173 15134)
4(15134 15173 15174 15135)
4(15135 15174 15175 15136)
4(15136 15175 15176 15137)
4(15137 15176 15177 15138)
4(15138 15177 15178 15139)
4(15139 15178 15179 15140)
4(15140 15179 15180 15141)
4(15141 15180 15181 15142)
4(15142 15181 15182 15143)
4(15143 15182 15183 15144)
4(15144 15183 15184 15145)
4(15145 15184 15185 15146)
4(15146 15185 15186 15147)
4(15147 15186 15187 15148)
4(15148 15187 15188 15149)
4(15149 15188 15189 15150)
4(15150 15189 15190 15151)
4(15151 15190 15191 15152)
4(15152 15191 15192 15153)
4(15153 15192 15193 15154)
4(15154 15193 15194 15155)
4(15155 15194 992 993)
4(768 769 15195 15156)
4(15156 15195 15196 15157)
4(15157 15196 15197 15158)
4(15158 15197 15198 15159)
4(15159 15198 15199 15160)
4(15160 15199 15200 15161)
4(15161 15200 15201 15162)
4(15162 15201 15202 15163)
4(15163 15202 15203 15164)
4(15164 15203 15204 15165)
4(15165 15204 15205 15166)
4(15166 15205 15206 15167)
4(15167 15206 15207 15168)
4(15168 15207 15208 15169)
4(15169 15208 15209 15170)
4(15170 15209 15210 15171)
4(15171 15210 15211 15172)
4(15172 15211 15212 15173)
4(15173 15212 15213 15174)
4(15174 15213 15214 15175)
4(15175 15214 15215 15176)
4(15176 15215 15216 15177)
4(15177 15216 15217 15178)
4(15178 15217 15218 15179)
4(15179 15218 15219 15180)
4(15180 15219 15220 15181)
4(15181 15220 15221 15182)
4(15182 15221 15222 15183)
4(15183 15222 15223 15184)
4(15184 15223 15224 15185)
4(15185 15224 15225 15186)
4(15186 15225 15226 15187)
4(15187 15226 15227 15188)
4(15188 15227 15228 15189)
4(15189 15228 15229 15190)
4(15190 15229 15230 15191)
4(15191 15230 15231 15192)
4(15192 15231 15232 15193)
4(15193 15232 15233 15194)
4(15194 15233 991 992)
4(769 770 15234 15195)
4(15195 15234 15235 15196)
4(15196 15235 15236 15197)
4(15197 15236 15237 15198)
4(15198 15237 15238 15199)
4(15199 15238 15239 15200)
4(15200 15239 15240 15201)
4(15201 15240 15241 15202)
4(15202 15241 15242 15203)
4(15203 15242 15243 15204)
4(15204 15243 15244 15205)
4(15205 15244 15245 15206)
4(15206 15245 15246 15207)
4(15207 15246 15247 15208)
4(15208 15247 15248 15209)
4(15209 15248 15249 15210)
4(15210 15249 15250 15211)
4(15211 15250 15251 15212)
4(15212 15251 15252 15213)
4(15213 15252 15253 15214)
4(15214 15253 15254 15215)
4(15215 15254 15255 15216)
4(15216 15255 15256 15217)
4(15217 15256 15257 15218)
4(15218 15257 15258 15219)
4(15219 15258 15259 15220)
4(15220 15259 15260 15221)
4(15221 15260 15261 15222)
4(15222 15261 15262 15223)
4(15223 15262 15263 15224)
4(15224 15263 15264 15225)
4(15225 15264 15265 15226)
4(15226 15265 15266 15227)
4(15227 15266 15267 15228)
4(15228 15267 15268 15229)
4(15229 15268 15269 15230)
4(15230 15269 15270 15231)
4(15231 15270 15271 15232)
4(15232 15271 15272 15233)
4(15233 15272 990 991)
4(770 771 15273 15234)
4(15234 15273 15274 15235)
4(15235 15274 15275 15236)
4(15236 15275 15276 15237)
4(15237 15276 15277 15238)
4(15238 15277 15278 15239)
4(15239 15278 15279 15240)
4(15240 15279 15280 15241)
4(15241 15280 15281 15242)
4(15242 15281 15282 15243)
4(15243 15282 15283 15244)
4(15244 15283 15284 15245)
4(15245 15284 15285 15246)
4(15246 15285 15286 15247)
4(15247 15286 15287 15248)
4(15248 15287 15288 15249)
4(15249 15288 15289 15250)
4(15250 15289 15290 15251)
4(15251 15290 15291 15252)
4(15252 15291 15292 15253)
4(15253 15292 15293 15254)
4(15254 15293 15294 15255)
4(15255 15294 15295 15256)
4(15256 15295 15296 15257)
4(15257 15296 15297 15258)
4(15258 15297 15298 15259)
4(15259 15298 15299 15260)
4(15260 15299 15300 15261)
4(15261 15300 15301 15262)
4(15262 15301 15302 15263)
4(15263 15302 15303 15264)
4(15264 15303 15304 15265)
4(15265 15304 15305 15266)
4(15266 15305 15306 15267)
4(15267 15306 15307 15268)
4(15268 15307 15308 15269)
4(15269 15308 15309 15270)
4(15270 15309 15310 15271)
4(15271 15310 15311 15272)
4(15272 15311 989 990)
4(771 772 15312 15273)
4(15273 15312 15313 15274)
4(15274 15313 15314 15275)
4(15275 15314 15315 15276)
4(15276 15315 15316 15277)
4(15277 15316 15317 15278)
4(15278 15317 15318 15279)
4(15279 15318 15319 15280)
4(15280 15319 15320 15281)
4(15281 15320 15321 15282)
4(15282 15321 15322 15283)
4(15283 15322 15323 15284)
4(15284 15323 15324 15285)
4(15285 15324 15325 15286)
4(15286 15325 15326 15287)
4(15287 15326 15327 15288)
4(15288 15327 15328 15289)
4(15289 15328 15329 15290)
4(15290 15329 15330 15291)
4(15291 15330 15331 15292)
4(15292 15331 15332 15293)
4(15293 15332 15333 15294)
4(15294 15333 15334 15295)
4(15295 15334 15335 15296)
4(15296 15335 15336 15297)
4(15297 15336 15337 15298)
4(15298 15337 15338 15299)
4(15299 15338 15339 15300)
4(15300 15339 15340 15301)
4(15301 15340 15341 15302)
4(15302 15341 15342 15303)
4(15303 15342 15343 15304)
4(15304 15343 15344 15305)
4(15305 15344 15345 15306)
4(15306 15345 15346 15307)
4(15307 15346 15347 15308)
4(15308 15347 15348 15309)
4(15309 15348 15349 15310)
4(15310 15349 15350 15311)
4(15311 15350 988 989)
4(772 773 15351 15312)
4(15312 15351 15352 15313)
4(15313 15352 15353 15314)
4(15314 15353 15354 15315)
4(15315 15354 15355 15316)
4(15316 15355 15356 15317)
4(15317 15356 15357 15318)
4(15318 15357 15358 15319)
4(15319 15358 15359 15320)
4(15320 15359 15360 15321)
4(15321 15360 15361 15322)
4(15322 15361 15362 15323)
4(15323 15362 15363 15324)
4(15324 15363 15364 15325)
4(15325 15364 15365 15326)
4(15326 15365 15366 15327)
4(15327 15366 15367 15328)
4(15328 15367 15368 15329)
4(15329 15368 15369 15330)
4(15330 15369 15370 15331)
4(15331 15370 15371 15332)
4(15332 15371 15372 15333)
4(15333 15372 15373 15334)
4(15334 15373 15374 15335)
4(15335 15374 15375 15336)
4(15336 15375 15376 15337)
4(15337 15376 15377 15338)
4(15338 15377 15378 15339)
4(15339 15378 15379 15340)
4(15340 15379 15380 15341)
4(15341 15380 15381 15342)
4(15342 15381 15382 15343)
4(15343 15382 15383 15344)
4(15344 15383 15384 15345)
4(15345 15384 15385 15346)
4(15346 15385 15386 15347)
4(15347 15386 15387 15348)
4(15348 15387 15388 15349)
4(15349 15388 15389 15350)
4(15350 15389 987 988)
4(773 774 15390 15351)
4(15351 15390 15391 15352)
4(15352 15391 15392 15353)
4(15353 15392 15393 15354)
4(15354 15393 15394 15355)
4(15355 15394 15395 15356)
4(15356 15395 15396 15357)
4(15357 15396 15397 15358)
4(15358 15397 15398 15359)
4(15359 15398 15399 15360)
4(15360 15399 15400 15361)
4(15361 15400 15401 15362)
4(15362 15401 15402 15363)
4(15363 15402 15403 15364)
4(15364 15403 15404 15365)
4(15365 15404 15405 15366)
4(15366 15405 15406 15367)
4(15367 15406 15407 15368)
4(15368 15407 15408 15369)
4(15369 15408 15409 15370)
4(15370 15409 15410 15371)
4(15371 15410 15411 15372)
4(15372 15411 15412 15373)
4(15373 15412 15413 15374)
4(15374 15413 15414 15375)
4(15375 15414 15415 15376)
4(15376 15415 15416 15377)
4(15377 15416 15417 15378)
4(15378 15417 15418 15379)
4(15379 15418 15419 15380)
4(15380 15419 15420 15381)
4(15381 15420 15421 15382)
4(15382 15421 15422 15383)
4(15383 15422 15423 15384)
4(15384 15423 15424 15385)
4(15385 15424 15425 15386)
4(15386 15425 15426 15387)
4(15387 15426 15427 15388)
4(15388 15427 15428 15389)
4(15389 15428 986 987)
4(774 775 15429 15390)
4(15390 15429 15430 15391)
4(15391 15430 15431 15392)
4(15392 15431 15432 15393)
4(15393 15432 15433 15394)
4(15394 15433 15434 15395)
4(15395 15434 15435 15396)
4(15396 15435 15436 15397)
4(15397 15436 15437 15398)
4(15398 15437 15438 15399)
4(15399 15438 15439 15400)
4(15400 15439 15440 15401)
4(15401 15440 15441 15402)
4(15402 15441 15442 15403)
4(15403 15442 15443 15404)
4(15404 15443 15444 15405)
4(15405 15444 15445 15406)
4(15406 15445 15446 15407)
4(15407 15446 15447 15408)
4(15408 15447 15448 15409)
4(15409 15448 15449 15410)
4(15410 15449 15450 15411)
4(15411 15450 15451 15412)
4(15412 15451 15452 15413)
4(15413 15452 15453 15414)
4(15414 15453 15454 15415)
4(15415 15454 15455 15416)
4(15416 15455 15456 15417)
4(15417 15456 15457 15418)
4(15418 15457 15458 15419)
4(15419 15458 15459 15420)
4(15420 15459 15460 15421)
4(15421 15460 15461 15422)
4(15422 15461 15462 15423)
4(15423 15462 15463 15424)
4(15424 15463 15464 15425)
4(15425 15464 15465 15426)
4(15426 15465 15466 15427)
4(15427 15466 15467 15428)
4(15428 15467 985 986)
4(775 776 15468 15429)
4(15429 15468 15469 15430)
4(15430 15469 15470 15431)
4(15431 15470 15471 15432)
4(15432 15471 15472 15433)
4(15433 15472 15473 15434)
4(15434 15473 15474 15435)
4(15435 15474 15475 15436)
4(15436 15475 15476 15437)
4(15437 15476 15477 15438)
4(15438 15477 15478 15439)
4(15439 15478 15479 15440)
4(15440 15479 15480 15441)
4(15441 15480 15481 15442)
4(15442 15481 15482 15443)
4(15443 15482 15483 15444)
4(15444 15483 15484 15445)
4(15445 15484 15485 15446)
4(15446 15485 15486 15447)
4(15447 15486 15487 15448)
4(15448 15487 15488 15449)
4(15449 15488 15489 15450)
4(15450 15489 15490 15451)
4(15451 15490 15491 15452)
4(15452 15491 15492 15453)
4(15453 15492 15493 15454)
4(15454 15493 15494 15455)
4(15455 15494 15495 15456)
4(15456 15495 15496 15457)
4(15457 15496 15497 15458)
4(15458 15497 15498 15459)
4(15459 15498 15499 15460)
4(15460 15499 15500 15461)
4(15461 15500 15501 15462)
4(15462 15501 15502 15463)
4(15463 15502 15503 15464)
4(15464 15503 15504 15465)
4(15465 15504 15505 15466)
4(15466 15505 15506 15467)
4(15467 15506 984 985)
4(776 777 15507 15468)
4(15468 15507 15508 15469)
4(15469 15508 15509 15470)
4(15470 15509 15510 15471)
4(15471 15510 15511 15472)
4(15472 15511 15512 15473)
4(15473 15512 15513 15474)
4(15474 15513 15514 15475)
4(15475 15514 15515 15476)
4(15476 15515 15516 15477)
4(15477 15516 15517 15478)
4(15478 15517 15518 15479)
4(15479 15518 15519 15480)
4(15480 15519 15520 15481)
4(15481 15520 15521 15482)
4(15482 15521 15522 15483)
4(15483 15522 15523 15484)
4(15484 15523 15524 15485)
4(15485 15524 15525 15486)
4(15486 15525 15526 15487)
4(15487 15526 15527 15488)
4(15488 15527 15528 15489)
4(15489 15528 15529 15490)
4(15490 15529 15530 15491)
4(15491 15530 15531 15492)
4(15492 15531 15532 15493)
4(15493 15532 15533 15494)
4(15494 15533 15534 15495)
4(15495 15534 15535 15496)
4(15496 15535 15536 15497)
4(15497 15536 15537 15498)
4(15498 15537 15538 15499)
4(15499 15538 15539 15500)
4(15500 15539 15540 15501)
4(15501 15540 15541 15502)
4(15502 15541 15542 15503)
4(15503 15542 15543 15504)
4(15504 15543 15544 15505)
4(15505 15544 15545 15506)
4(15506 15545 983 984)
4(777 778 15546 15507)
4(15507 15546 15547 15508)
4(15508 15547 15548 15509)
4(15509 15548 15549 15510)
4(15510 15549 15550 15511)
4(15511 15550 15551 15512)
4(15512 15551 15552 15513)
4(15513 15552 15553 15514)
4(15514 15553 15554 15515)
4(15515 15554 15555 15516)
4(15516 15555 15556 15517)
4(15517 15556 15557 15518)
4(15518 15557 15558 15519)
4(15519 15558 15559 15520)
4(15520 15559 15560 15521)
4(15521 15560 15561 15522)
4(15522 15561 15562 15523)
4(15523 15562 15563 15524)
4(15524 15563 15564 15525)
4(15525 15564 15565 15526)
4(15526 15565 15566 15527)
4(15527 15566 15567 15528)
4(15528 15567 15568 15529)
4(15529 15568 15569 15530)
4(15530 15569 15570 15531)
4(15531 15570 15571 15532)
4(15532 15571 15572 15533)
4(15533 15572 15573 15534)
4(15534 15573 15574 15535)
4(15535 15574 15575 15536)
4(15536 15575 15576 15537)
4(15537 15576 15577 15538)
4(15538 15577 15578 15539)
4(15539 15578 15579 15540)
4(15540 15579 15580 15541)
4(15541 15580 15581 15542)
4(15542 15581 15582 15543)
4(15543 15582 15583 15544)
4(15544 15583 15584 15545)
4(15545 15584 982 983)
4(778 779 15585 15546)
4(15546 15585 15586 15547)
4(15547 15586 15587 15548)
4(15548 15587 15588 15549)
4(15549 15588 15589 15550)
4(15550 15589 15590 15551)
4(15551 15590 15591 15552)
4(15552 15591 15592 15553)
4(15553 15592 15593 15554)
4(15554 15593 15594 15555)
4(15555 15594 15595 15556)
4(15556 15595 15596 15557)
4(15557 15596 15597 15558)
4(15558 15597 15598 15559)
4(15559 15598 15599 15560)
4(15560 15599 15600 15561)
4(15561 15600 15601 15562)
4(15562 15601 15602 15563)
4(15563 15602 15603 15564)
4(15564 15603 15604 15565)
4(15565 15604 15605 15566)
4(15566 15605 15606 15567)
4(15567 15606 15607 15568)
4(15568 15607 15608 15569)
4(15569 15608 15609 15570)
4(15570 15609 15610 15571)
4(15571 15610 15611 15572)
4(15572 15611 15612 15573)
4(15573 15612 15613 15574)
4(15574 15613 15614 15575)
4(15575 15614 15615 15576)
4(15576 15615 15616 15577)
4(15577 15616 15617 15578)
4(15578 15617 15618 15579)
4(15579 15618 15619 15580)
4(15580 15619 15620 15581)
4(15581 15620 15621 15582)
4(15582 15621 15622 15583)
4(15583 15622 15623 15584)
4(15584 15623 981 982)
4(779 780 15624 15585)
4(15585 15624 15625 15586)
4(15586 15625 15626 15587)
4(15587 15626 15627 15588)
4(15588 15627 15628 15589)
4(15589 15628 15629 15590)
4(15590 15629 15630 15591)
4(15591 15630 15631 15592)
4(15592 15631 15632 15593)
4(15593 15632 15633 15594)
4(15594 15633 15634 15595)
4(15595 15634 15635 15596)
4(15596 15635 15636 15597)
4(15597 15636 15637 15598)
4(15598 15637 15638 15599)
4(15599 15638 15639 15600)
4(15600 15639 15640 15601)
4(15601 15640 15641 15602)
4(15602 15641 15642 15603)
4(15603 15642 15643 15604)
4(15604 15643 15644 15605)
4(15605 15644 15645 15606)
4(15606 15645 15646 15607)
4(15607 15646 15647 15608)
4(15608 15647 15648 15609)
4(15609 15648 15649 15610)
4(15610 15649 15650 15611)
4(15611 15650 15651 15612)
4(15612 15651 15652 15613)
4(15613 15652 15653 15614)
4(15614 15653 15654 15615)
4(15615 15654 15655 15616)
4(15616 15655 15656 15617)
4(15617 15656 15657 15618)
4(15618 15657 15658 15619)
4(15619 15658 15659 15620)
4(15620 15659 15660 15621)
4(15621 15660 15661 15622)
4(15622 15661 15662 15623)
4(15623 15662 980 981)
4(780 781 15663 15624)
4(15624 15663 15664 15625)
4(15625 15664 15665 15626)
4(15626 15665 15666 15627)
4(15627 15666 15667 15628)
4(15628 15667 15668 15629)
4(15629 15668 15669 15630)
4(15630 15669 15670 15631)
4(15631 15670 15671 15632)
4(15632 15671 15672 15633)
4(15633 15672 15673 15634)
4(15634 15673 15674 15635)
4(15635 15674 15675 15636)
4(15636 15675 15676 15637)
4(15637 15676 15677 15638)
4(15638 15677 15678 15639)
4(15639 15678 15679 15640)
4(15640 15679 15680 15641)
4(15641 15680 15681 15642)
4(15642 15681 15682 15643)
4(15643 15682 15683 15644)
4(15644 15683 15684 15645)
4(15645 15684 15685 15646)
4(15646 15685 15686 15647)
4(15647 15686 15687 15648)
4(15648 15687 15688 15649)
4(15649 15688 15689 15650)
4(15650 15689 15690 15651)
4(15651 15690 15691 15652)
4(15652 15691 15692 15653)
4(15653 15692 15693 15654)
4(15654 15693 15694 15655)
4(15655 15694 15695 15656)
4(15656 15695 15696 15657)
4(15657 15696 15697 15658)
4(15658 15697 15698 15659)
4(15659 15698 15699 15660)
4(15660 15699 15700 15661)
4(15661 15700 15701 15662)
4(15662 15701 979 980)
4(781 782 15702 15663)
4(15663 15702 15703 15664)
4(15664 15703 15704 15665)
4(15665 15704 15705 15666)
4(15666 15705 15706 15667)
4(15667 15706 15707 15668)
4(15668 15707 15708 15669)
4(15669 15708 15709 15670)
4(15670 15709 15710 15671)
4(15671 15710 15711 15672)
4(15672 15711 15712 15673)
4(15673 15712 15713 15674)
4(15674 15713 15714 15675)
4(15675 15714 15715 15676)
4(15676 15715 15716 15677)
4(15677 15716 15717 15678)
4(15678 15717 15718 15679)
4(15679 15718 15719 15680)
4(15680 15719 15720 15681)
4(15681 15720 15721 15682)
4(15682 15721 15722 15683)
4(15683 15722 15723 15684)
4(15684 15723 15724 15685)
4(15685 15724 15725 15686)
4(15686 15725 15726 15687)
4(15687 15726 15727 15688)
4(15688 15727 15728 15689)
4(15689 15728 15729 15690)
4(15690 15729 15730 15691)
4(15691 15730 15731 15692)
4(15692 15731 15732 15693)
4(15693 15732 15733 15694)
4(15694 15733 15734 15695)
4(15695 15734 15735 15696)
4(15696 15735 15736 15697)
4(15697 15736 15737 15698)
4(15698 15737 15738 15699)
4(15699 15738 15739 15700)
4(15700 15739 15740 15701)
4(15701 15740 978 979)
4(782 783 15741 15702)
4(15702 15741 15742 15703)
4(15703 15742 15743 15704)
4(15704 15743 15744 15705)
4(15705 15744 15745 15706)
4(15706 15745 15746 15707)
4(15707 15746 15747 15708)
4(15708 15747 15748 15709)
4(15709 15748 15749 15710)
4(15710 15749 15750 15711)
4(15711 15750 15751 15712)
4(15712 15751 15752 15713)
4(15713 15752 15753 15714)
4(15714 15753 15754 15715)
4(15715 15754 15755 15716)
4(15716 15755 15756 15717)
4(15717 15756 15757 15718)
4(15718 15757 15758 15719)
4(15719 15758 15759 15720)
4(15720 15759 15760 15721)
4(15721 15760 15761 15722)
4(15722 15761 15762 15723)
4(15723 15762 15763 15724)
4(15724 15763 15764 15725)
4(15725 15764 15765 15726)
4(15726 15765 15766 15727)
4(15727 15766 15767 15728)
4(15728 15767 15768 15729)
4(15729 15768 15769 15730)
4(15730 15769 15770 15731)
4(15731 15770 15771 15732)
4(15732 15771 15772 15733)
4(15733 15772 15773 15734)
4(15734 15773 15774 15735)
4(15735 15774 15775 15736)
4(15736 15775 15776 15737)
4(15737 15776 15777 15738)
4(15738 15777 15778 15739)
4(15739 15778 15779 15740)
4(15740 15779 977 978)
4(783 784 15780 15741)
4(15741 15780 15781 15742)
4(15742 15781 15782 15743)
4(15743 15782 15783 15744)
4(15744 15783 15784 15745)
4(15745 15784 15785 15746)
4(15746 15785 15786 15747)
4(15747 15786 15787 15748)
4(15748 15787 15788 15749)
4(15749 15788 15789 15750)
4(15750 15789 15790 15751)
4(15751 15790 15791 15752)
4(15752 15791 15792 15753)
4(15753 15792 15793 15754)
4(15754 15793 15794 15755)
4(15755 15794 15795 15756)
4(15756 15795 15796 15757)
4(15757 15796 15797 15758)
4(15758 15797 15798 15759)
4(15759 15798 15799 15760)
4(15760 15799 15800 15761)
4(15761 15800 15801 15762)
4(15762 15801 15802 15763)
4(15763 15802 15803 15764)
4(15764 15803 15804 15765)
4(15765 15804 15805 15766)
4(15766 15805 15806 15767)
4(15767 15806 15807 15768)
4(15768 15807 15808 15769)
4(15769 15808 15809 15770)
4(15770 15809 15810 15771)
4(15771 15810 15811 15772)
4(15772 15811 15812 15773)
4(15773 15812 15813 15774)
4(15774 15813 15814 15775)
4(15775 15814 15815 15776)
4(15776 15815 15816 15777)
4(15777 15816 15817 15778)
4(15778 15817 15818 15779)
4(15779 15818 976 977)
4(784 785 15819 15780)
4(15780 15819 15820 15781)
4(15781 15820 15821 15782)
4(15782 15821 15822 15783)
4(15783 15822 15823 15784)
4(15784 15823 15824 15785)
4(15785 15824 15825 15786)
4(15786 15825 15826 15787)
4(15787 15826 15827 15788)
4(15788 15827 15828 15789)
4(15789 15828 15829 15790)
4(15790 15829 15830 15791)
4(15791 15830 15831 15792)
4(15792 15831 15832 15793)
4(15793 15832 15833 15794)
4(15794 15833 15834 15795)
4(15795 15834 15835 15796)
4(15796 15835 15836 15797)
4(15797 15836 15837 15798)
4(15798 15837 15838 15799)
4(15799 15838 15839 15800)
4(15800 15839 15840 15801)
4(15801 15840 15841 15802)
4(15802 15841 15842 15803)
4(15803 15842 15843 15804)
4(15804 15843 15844 15805)
4(15805 15844 15845 15806)
4(15806 15845 15846 15807)
4(15807 15846 15847 15808)
4(15808 15847 15848 15809)
4(15809 15848 15849 15810)
4(15810 15849 15850 15811)
4(15811 15850 15851 15812)
4(15812 15851 15852 15813)
4(15813 15852 15853 15814)
4(15814 15853 15854 15815)
4(15815 15854 15855 15816)
4(15816 15855 15856 15817)
4(15817 15856 15857 15818)
4(15818 15857 975 976)
4(785 786 15858 15819)
4(15819 15858 15859 15820)
4(15820 15859 15860 15821)
4(15821 15860 15861 15822)
4(15822 15861 15862 15823)
4(15823 15862 15863 15824)
4(15824 15863 15864 15825)
4(15825 15864 15865 15826)
4(15826 15865 15866 15827)
4(15827 15866 15867 15828)
4(15828 15867 15868 15829)
4(15829 15868 15869 15830)
4(15830 15869 15870 15831)
4(15831 15870 15871 15832)
4(15832 15871 15872 15833)
4(15833 15872 15873 15834)
4(15834 15873 15874 15835)
4(15835 15874 15875 15836)
4(15836 15875 15876 15837)
4(15837 15876 15877 15838)
4(15838 15877 15878 15839)
4(15839 15878 15879 15840)
4(15840 15879 15880 15841)
4(15841 15880 15881 15842)
4(15842 15881 15882 15843)
4(15843 15882 15883 15844)
4(15844 15883 15884 15845)
4(15845 15884 15885 15846)
4(15846 15885 15886 15847)
4(15847 15886 15887 15848)
4(15848 15887 15888 15849)
4(15849 15888 15889 15850)
4(15850 15889 15890 15851)
4(15851 15890 15891 15852)
4(15852 15891 15892 15853)
4(15853 15892 15893 15854)
4(15854 15893 15894 15855)
4(15855 15894 15895 15856)
4(15856 15895 15896 15857)
4(15857 15896 974 975)
4(786 787 15897 15858)
4(15858 15897 15898 15859)
4(15859 15898 15899 15860)
4(15860 15899 15900 15861)
4(15861 15900 15901 15862)
4(15862 15901 15902 15863)
4(15863 15902 15903 15864)
4(15864 15903 15904 15865)
4(15865 15904 15905 15866)
4(15866 15905 15906 15867)
4(15867 15906 15907 15868)
4(15868 15907 15908 15869)
4(15869 15908 15909 15870)
4(15870 15909 15910 15871)
4(15871 15910 15911 15872)
4(15872 15911 15912 15873)
4(15873 15912 15913 15874)
4(15874 15913 15914 15875)
4(15875 15914 15915 15876)
4(15876 15915 15916 15877)
4(15877 15916 15917 15878)
4(15878 15917 15918 15879)
4(15879 15918 15919 15880)
4(15880 15919 15920 15881)
4(15881 15920 15921 15882)
4(15882 15921 15922 15883)
4(15883 15922 15923 15884)
4(15884 15923 15924 15885)
4(15885 15924 15925 15886)
4(15886 15925 15926 15887)
4(15887 15926 15927 15888)
4(15888 15927 15928 15889)
4(15889 15928 15929 15890)
4(15890 15929 15930 15891)
4(15891 15930 15931 15892)
4(15892 15931 15932 15893)
4(15893 15932 15933 15894)
4(15894 15933 15934 15895)
4(15895 15934 15935 15896)
4(15896 15935 973 974)
4(787 788 15936 15897)
4(15897 15936 15937 15898)
4(15898 15937 15938 15899)
4(15899 15938 15939 15900)
4(15900 15939 15940 15901)
4(15901 15940 15941 15902)
4(15902 15941 15942 15903)
4(15903 15942 15943 15904)
4(15904 15943 15944 15905)
4(15905 15944 15945 15906)
4(15906 15945 15946 15907)
4(15907 15946 15947 15908)
4(15908 15947 15948 15909)
4(15909 15948 15949 15910)
4(15910 15949 15950 15911)
4(15911 15950 15951 15912)
4(15912 15951 15952 15913)
4(15913 15952 15953 15914)
4(15914 15953 15954 15915)
4(15915 15954 15955 15916)
4(15916 15955 15956 15917)
4(15917 15956 15957 15918)
4(15918 15957 15958 15919)
4(15919 15958 15959 15920)
4(15920 15959 15960 15921)
4(15921 15960 15961 15922)
4(15922 15961 15962 15923)
4(15923 15962 15963 15924)
4(15924 15963 15964 15925)
4(15925 15964 15965 15926)
4(15926 15965 15966 15927)
4(15927 15966 15967 15928)
4(15928 15967 15968 15929)
4(15929 15968 15969 15930)
4(15930 15969 15970 15931)
4(15931 15970 15971 15932)
4(15932 15971 15972 15933)
4(15933 15972 15973 15934)
4(15934 15973 15974 15935)
4(15935 15974 972 973)
4(788 789 15975 15936)
4(15936 15975 15976 15937)
4(15937 15976 15977 15938)
4(15938 15977 15978 15939)
4(15939 15978 15979 15940)
4(15940 15979 15980 15941)
4(15941 15980 15981 15942)
4(15942 15981 15982 15943)
4(15943 15982 15983 15944)
4(15944 15983 15984 15945)
4(15945 15984 15985 15946)
4(15946 15985 15986 15947)
4(15947 15986 15987 15948)
4(15948 15987 15988 15949)
4(15949 15988 15989 15950)
4(15950 15989 15990 15951)
4(15951 15990 15991 15952)
4(15952 15991 15992 15953)
4(15953 15992 15993 15954)
4(15954 15993 15994 15955)
4(15955 15994 15995 15956)
4(15956 15995 15996 15957)
4(15957 15996 15997 15958)
4(15958 15997 15998 15959)
4(15959 15998 15999 15960)
4(15960 15999 16000 15961)
4(15961 16000 16001 15962)
4(15962 16001 16002 15963)
4(15963 16002 16003 15964)
4(15964 16003 16004 15965)
4(15965 16004 16005 15966)
4(15966 16005 16006 15967)
4(15967 16006 16007 15968)
4(15968 16007 16008 15969)
4(15969 16008 16009 15970)
4(15970 16009 16010 15971)
4(15971 16010 16011 15972)
4(15972 16011 16012 15973)
4(15973 16012 16013 15974)
4(15974 16013 971 972)
4(789 790 16014 15975)
4(15975 16014 16015 15976)
4(15976 16015 16016 15977)
4(15977 16016 16017 15978)
4(15978 16017 16018 15979)
4(15979 16018 16019 15980)
4(15980 16019 16020 15981)
4(15981 16020 16021 15982)
4(15982 16021 16022 15983)
4(15983 16022 16023 15984)
4(15984 16023 16024 15985)
4(15985 16024 16025 15986)
4(15986 16025 16026 15987)
4(15987 16026 16027 15988)
4(15988 16027 16028 15989)
4(15989 16028 16029 15990)
4(15990 16029 16030 15991)
4(15991 16030 16031 15992)
4(15992 16031 16032 15993)
4(15993 16032 16033 15994)
4(15994 16033 16034 15995)
4(15995 16034 16035 15996)
4(15996 16035 16036 15997)
4(15997 16036 16037 15998)
4(15998 16037 16038 15999)
4(15999 16038 16039 16000)
4(16000 16039 16040 16001)
4(16001 16040 16041 16002)
4(16002 16041 16042 16003)
4(16003 16042 16043 16004)
4(16004 16043 16044 16005)
4(16005 16044 16045 16006)
4(16006 16045 16046 16007)
4(16007 16046 16047 16008)
4(16008 16047 16048 16009)
4(16009 16048 16049 16010)
4(16010 16049 16050 16011)
4(16011 16050 16051 16012)
4(16012 16051 16052 16013)
4(16013 16052 970 971)
4(790 791 16053 16014)
4(16014 16053 16054 16015)
4(16015 16054 16055 16016)
4(16016 16055 16056 16017)
4(16017 16056 16057 16018)
4(16018 16057 16058 16019)
4(16019 16058 16059 16020)
4(16020 16059 16060 16021)
4(16021 16060 16061 16022)
4(16022 16061 16062 16023)
4(16023 16062 16063 16024)
4(16024 16063 16064 16025)
4(16025 16064 16065 16026)
4(16026 16065 16066 16027)
4(16027 16066 16067 16028)
4(16028 16067 16068 16029)
4(16029 16068 16069 16030)
4(16030 16069 16070 16031)
4(16031 16070 16071 16032)
4(16032 16071 16072 16033)
4(16033 16072 16073 16034)
4(16034 16073 16074 16035)
4(16035 16074 16075 16036)
4(16036 16075 16076 16037)
4(16037 16076 16077 16038)
4(16038 16077 16078 16039)
4(16039 16078 16079 16040)
4(16040 16079 16080 16041)
4(16041 16080 16081 16042)
4(16042 16081 16082 16043)
4(16043 16082 16083 16044)
4(16044 16083 16084 16045)
4(16045 16084 16085 16046)
4(16046 16085 16086 16047)
4(16047 16086 16087 16048)
4(16048 16087 16088 16049)
4(16049 16088 16089 16050)
4(16050 16089 16090 16051)
4(16051 16090 16091 16052)
4(16052 16091 969 970)
4(791 792 16092 16053)
4(16053 16092 16093 16054)
4(16054 16093 16094 16055)
4(16055 16094 16095 16056)
4(16056 16095 16096 16057)
4(16057 16096 16097 16058)
4(16058 16097 16098 16059)
4(16059 16098 16099 16060)
4(16060 16099 16100 16061)
4(16061 16100 16101 16062)
4(16062 16101 16102 16063)
4(16063 16102 16103 16064)
4(16064 16103 16104 16065)
4(16065 16104 16105 16066)
4(16066 16105 16106 16067)
4(16067 16106 16107 16068)
4(16068 16107 16108 16069)
4(16069 16108 16109 16070)
4(16070 16109 16110 16071)
4(16071 16110 16111 16072)
4(16072 16111 16112 16073)
4(16073 16112 16113 16074)
4(16074 16113 16114 16075)
4(16075 16114 16115 16076)
4(16076 16115 16116 16077)
4(16077 16116 16117 16078)
4(16078 16117 16118 16079)
4(16079 16118 16119 16080)
4(16080 16119 16120 16081)
4(16081 16120 16121 16082)
4(16082 16121 16122 16083)
4(16083 16122 16123 16084)
4(16084 16123 16124 16085)
4(16085 16124 16125 16086)
4(16086 16125 16126 16087)
4(16087 16126 16127 16088)
4(16088 16127 16128 16089)
4(16089 16128 16129 16090)
4(16090 16129 16130 16091)
4(16091 16130 968 969)
4(792 793 16131 16092)
4(16092 16131 16132 16093)
4(16093 16132 16133 16094)
4(16094 16133 16134 16095)
4(16095 16134 16135 16096)
4(16096 16135 16136 16097)
4(16097 16136 16137 16098)
4(16098 16137 16138 16099)
4(16099 16138 16139 16100)
4(16100 16139 16140 16101)
4(16101 16140 16141 16102)
4(16102 16141 16142 16103)
4(16103 16142 16143 16104)
4(16104 16143 16144 16105)
4(16105 16144 16145 16106)
4(16106 16145 16146 16107)
4(16107 16146 16147 16108)
4(16108 16147 16148 16109)
4(16109 16148 16149 16110)
4(16110 16149 16150 16111)
4(16111 16150 16151 16112)
4(16112 16151 16152 16113)
4(16113 16152 16153 16114)
4(16114 16153 16154 16115)
4(16115 16154 16155 16116)
4(16116 16155 16156 16117)
4(16117 16156 16157 16118)
4(16118 16157 16158 16119)
4(16119 16158 16159 16120)
4(16120 16159 16160 16121)
4(16121 16160 16161 16122)
4(16122 16161 16162 16123)
4(16123 16162 16163 16124)
4(16124 16163 16164 16125)
4(16125 16164 16165 16126)
4(16126 16165 16166 16127)
4(16127 16166 16167 16128)
4(16128 16167 16168 16129)
4(16129 16168 16169 16130)
4(16130 16169 967 968)
4(793 794 16170 16131)
4(16131 16170 16171 16132)
4(16132 16171 16172 16133)
4(16133 16172 16173 16134)
4(16134 16173 16174 16135)
4(16135 16174 16175 16136)
4(16136 16175 16176 16137)
4(16137 16176 16177 16138)
4(16138 16177 16178 16139)
4(16139 16178 16179 16140)
4(16140 16179 16180 16141)
4(16141 16180 16181 16142)
4(16142 16181 16182 16143)
4(16143 16182 16183 16144)
4(16144 16183 16184 16145)
4(16145 16184 16185 16146)
4(16146 16185 16186 16147)
4(16147 16186 16187 16148)
4(16148 16187 16188 16149)
4(16149 16188 16189 16150)
4(16150 16189 16190 16151)
4(16151 16190 16191 16152)
4(16152 16191 16192 16153)
4(16153 16192 16193 16154)
4(16154 16193 16194 16155)
4(16155 16194 16195 16156)
4(16156 16195 16196 16157)
4(16157 16196 16197 16158)
4(16158 16197 16198 16159)
4(16159 16198 16199 16160)
4(16160 16199 16200 16161)
4(16161 16200 16201 16162)
4(16162 16201 16202 16163)
4(16163 16202 16203 16164)
4(16164 16203 16204 16165)
4(16165 16204 16205 16166)
4(16166 16205 16206 16167)
4(16167 16206 16207 16168)
4(16168 16207 16208 16169)
4(16169 16208 966 967)
4(794 795 16209 16170)
4(16170 16209 16210 16171)
4(16171 16210 16211 16172)
4(16172 16211 16212 16173)
4(16173 16212 16213 16174)
4(16174 16213 16214 16175)
4(16175 16214 16215 16176)
4(16176 16215 16216 16177)
4(16177 16216 16217 16178)
4(16178 16217 16218 16179)
4(16179 16218 16219 16180)
4(16180 16219 16220 16181)
4(16181 16220 16221 16182)
4(16182 16221 16222 16183)
4(16183 16222 16223 16184)
4(16184 16223 16224 16185)
4(16185 16224 16225 16186)
4(16186 16225 16226 16187)
4(16187 16226 16227 16188)
4(16188 16227 16228 16189)
4(16189 16228 16229 16190)
4(16190 16229 16230 16191)
4(16191 16230 16231 16192)
4(16192 16231 16232 16193)
4(16193 16232 16233 16194)
4(16194 16233 16234 16195)
4(16195 16234 16235 16196)
4(16196 16235 16236 16197)
4(16197 16236 16237 16198)
4(16198 16237 16238 16199)
4(16199 16238 16239 16200)
4(16200 16239 16240 16201)
4(16201 16240 16241 16202)
4(16202 16241 16242 16203)
4(16203 16242 16243 16204)
4(16204 16243 16244 16205)
4(16205 16244 16245 16206)
4(16206 16245 16246 16207)
4(16207 16246 16247 16208)
4(16208 16247 965 966)
4(795 796 16248 16209)
4(16209 16248 16249 16210)
4(16210 16249 16250 16211)
4(16211 16250 16251 16212)
4(16212 16251 16252 16213)
4(16213 16252 16253 16214)
4(16214 16253 16254 16215)
4(16215 16254 16255 16216)
4(16216 16255 16256 16217)
4(16217 16256 16257 16218)
4(16218 16257 16258 16219)
4(16219 16258 16259 16220)
4(16220 16259 16260 16221)
4(16221 16260 16261 16222)
4(16222 16261 16262 16223)
4(16223 16262 16263 16224)
4(16224 16263 16264 16225)
4(16225 16264 16265 16226)
4(16226 16265 16266 16227)
4(16227 16266 16267 16228)
4(16228 16267 16268 16229)
4(16229 16268 16269 16230)
4(16230 16269 16270 16231)
4(16231 16270 16271 16232)
4(16232 16271 16272 16233)
4(16233 16272 16273 16234)
4(16234 16273 16274 16235)
4(16235 16274 16275 16236)
4(16236 16275 16276 16237)
4(16237 16276 16277 16238)
4(16238 16277 16278 16239)
4(16239 16278 16279 16240)
4(16240 16279 16280 16241)
4(16241 16280 16281 16242)
4(16242 16281 16282 16243)
4(16243 16282 16283 16244)
4(16244 16283 16284 16245)
4(16245 16284 16285 16246)
4(16246 16285 16286 16247)
4(16247 16286 964 965)
4(796 797 16287 16248)
4(16248 16287 16288 16249)
4(16249 16288 16289 16250)
4(16250 16289 16290 16251)
4(16251 16290 16291 16252)
4(16252 16291 16292 16253)
4(16253 16292 16293 16254)
4(16254 16293 16294 16255)
4(16255 16294 16295 16256)
4(16256 16295 16296 16257)
4(16257 16296 16297 16258)
4(16258 16297 16298 16259)
4(16259 16298 16299 16260)
4(16260 16299 16300 16261)
4(16261 16300 16301 16262)
4(16262 16301 16302 16263)
4(16263 16302 16303 16264)
4(16264 16303 16304 16265)
4(16265 16304 16305 16266)
4(16266 16305 16306 16267)
4(16267 16306 16307 16268)
4(16268 16307 16308 16269)
4(16269 16308 16309 16270)
4(16270 16309 16310 16271)
4(16271 16310 16311 16272)
4(16272 16311 16312 16273)
4(16273 16312 16313 16274)
4(16274 16313 16314 16275)
4(16275 16314 16315 16276)
4(16276 16315 16316 16277)
4(16277 16316 16317 16278)
4(16278 16317 16318 16279)
4(16279 16318 16319 16280)
4(16280 16319 16320 16281)
4(16281 16320 16321 16282)
4(16282 16321 16322 16283)
4(16283 16322 16323 16284)
4(16284 16323 16324 16285)
4(16285 16324 16325 16286)
4(16286 16325 963 964)
4(797 798 16326 16287)
4(16287 16326 16327 16288)
4(16288 16327 16328 16289)
4(16289 16328 16329 16290)
4(16290 16329 16330 16291)
4(16291 16330 16331 16292)
4(16292 16331 16332 16293)
4(16293 16332 16333 16294)
4(16294 16333 16334 16295)
4(16295 16334 16335 16296)
4(16296 16335 16336 16297)
4(16297 16336 16337 16298)
4(16298 16337 16338 16299)
4(16299 16338 16339 16300)
4(16300 16339 16340 16301)
4(16301 16340 16341 16302)
4(16302 16341 16342 16303)
4(16303 16342 16343 16304)
4(16304 16343 16344 16305)
4(16305 16344 16345 16306)
4(16306 16345 16346 16307)
4(16307 16346 16347 16308)
4(16308 16347 16348 16309)
4(16309 16348 16349 16310)
4(16310 16349 16350 16311)
4(16311 16350 16351 16312)
4(16312 16351 16352 16313)
4(16313 16352 16353 16314)
4(16314 16353 16354 16315)
4(16315 16354 16355 16316)
4(16316 16355 16356 16317)
4(16317 16356 16357 16318)
4(16318 16357 16358 16319)
4(16319 16358 16359 16320)
4(16320 16359 16360 16321)
4(16321 16360 16361 16322)
4(16322 16361 16362 16323)
4(16323 16362 16363 16324)
4(16324 16363 16364 16325)
4(16325 16364 962 963)
4(798 799 16365 16326)
4(16326 16365 16366 16327)
4(16327 16366 16367 16328)
4(16328 16367 16368 16329)
4(16329 16368 16369 16330)
4(16330 16369 16370 16331)
4(16331 16370 16371 16332)
4(16332 16371 16372 16333)
4(16333 16372 16373 16334)
4(16334 16373 16374 16335)
4(16335 16374 16375 16336)
4(16336 16375 16376 16337)
4(16337 16376 16377 16338)
4(16338 16377 16378 16339)
4(16339 16378 16379 16340)
4(16340 16379 16380 16341)
4(16341 16380 16381 16342)
4(16342 16381 16382 16343)
4(16343 16382 16383 16344)
4(16344 16383 16384 16345)
4(16345 16384 16385 16346)
4(16346 16385 16386 16347)
4(16347 16386 16387 16348)
4(16348 16387 16388 16349)
4(16349 16388 16389 16350)
4(16350 16389 16390 16351)
4(16351 16390 16391 16352)
4(16352 16391 16392 16353)
4(16353 16392 16393 16354)
4(16354 16393 16394 16355)
4(16355 16394 16395 16356)
4(16356 16395 16396 16357)
4(16357 16396 16397 16358)
4(16358 16397 16398 16359)
4(16359 16398 16399 16360)
4(16360 16399 16400 16361)
4(16361 16400 16401 16362)
4(16362 16401 16402 16363)
4(16363 16402 16403 16364)
4(16364 16403 961 962)
4(799 800 16404 16365)
4(16365 16404 16405 16366)
4(16366 16405 16406 16367)
4(16367 16406 16407 16368)
4(16368 16407 16408 16369)
4(16369 16408 16409 16370)
4(16370 16409 16410 16371)
4(16371 16410 16411 16372)
4(16372 16411 16412 16373)
4(16373 16412 16413 16374)
4(16374 16413 16414 16375)
4(16375 16414 16415 16376)
4(16376 16415 16416 16377)
4(16377 16416 16417 16378)
4(16378 16417 16418 16379)
4(16379 16418 16419 16380)
4(16380 16419 16420 16381)
4(16381 16420 16421 16382)
4(16382 16421 16422 16383)
4(16383 16422 16423 16384)
4(16384 16423 16424 16385)
4(16385 16424 16425 16386)
4(16386 16425 16426 16387)
4(16387 16426 16427 16388)
4(16388 16427 16428 16389)
4(16389 16428 16429 16390)
4(16390 16429 16430 16391)
4(16391 16430 16431 16392)
4(16392 16431 16432 16393)
4(16393 16432 16433 16394)
4(16394 16433 16434 16395)
4(16395 16434 16435 16396)
4(16396 16435 16436 16397)
4(16397 16436 16437 16398)
4(16398 16437 16438 16399)
4(16399 16438 16439 16400)
4(16400 16439 16440 16401)
4(16401 16440 16441 16402)
4(16402 16441 16442 16403)
4(16403 16442 960 961)
4(800 801 16443 16404)
4(16404 16443 16444 16405)
4(16405 16444 16445 16406)
4(16406 16445 16446 16407)
4(16407 16446 16447 16408)
4(16408 16447 16448 16409)
4(16409 16448 16449 16410)
4(16410 16449 16450 16411)
4(16411 16450 16451 16412)
4(16412 16451 16452 16413)
4(16413 16452 16453 16414)
4(16414 16453 16454 16415)
4(16415 16454 16455 16416)
4(16416 16455 16456 16417)
4(16417 16456 16457 16418)
4(16418 16457 16458 16419)
4(16419 16458 16459 16420)
4(16420 16459 16460 16421)
4(16421 16460 16461 16422)
4(16422 16461 16462 16423)
4(16423 16462 16463 16424)
4(16424 16463 16464 16425)
4(16425 16464 16465 16426)
4(16426 16465 16466 16427)
4(16427 16466 16467 16428)
4(16428 16467 16468 16429)
4(16429 16468 16469 16430)
4(16430 16469 16470 16431)
4(16431 16470 16471 16432)
4(16432 16471 16472 16433)
4(16433 16472 16473 16434)
4(16434 16473 16474 16435)
4(16435 16474 16475 16436)
4(16436 16475 16476 16437)
4(16437 16476 16477 16438)
4(16438 16477 16478 16439)
4(16439 16478 16479 16440)
4(16440 16479 16480 16441)
4(16441 16480 16481 16442)
4(16442 16481 959 960)
4(801 9 841 16443)
4(16443 841 842 16444)
4(16444 842 843 16445)
4(16445 843 844 16446)
4(16446 844 845 16447)
4(16447 845 846 16448)
4(16448 846 847 16449)
4(16449 847 848 16450)
4(16450 848 849 16451)
4(16451 849 850 16452)
4(16452 850 851 16453)
4(16453 851 852 16454)
4(16454 852 853 16455)
4(16455 853 854 16456)
4(16456 854 855 16457)
4(16457 855 856 16458)
4(16458 856 857 16459)
4(16459 857 858 16460)
4(16460 858 859 16461)
4(16461 859 860 16462)
4(16462 860 861 16463)
4(16463 861 862 16464)
4(16464 862 863 16465)
4(16465 863 864 16466)
4(16466 864 865 16467)
4(16467 865 866 16468)
4(16468 866 867 16469)
4(16469 867 868 16470)
4(16470 868 869 16471)
4(16471 869 870 16472)
4(16472 870 871 16473)
4(16473 871 872 16474)
4(16474 872 873 16475)
4(16475 873 874 16476)
4(16476 874 875 16477)
4(16477 875 876 16478)
4(16478 876 877 16479)
4(16479 877 878 16480)
4(16480 878 879 16481)
4(16481 879 11 959)
)


// ************************************************************************* //
