/*--------------------------------*- C++ -*----------------------------------*\
  =========                 |
  \\      /  F ield         | OpenFOAM: The Open Source CFD Toolbox
   \\    /   O peration     | Website:  https://openfoam.org
    \\  /    A nd           | Version:  13
     \\/     M anipulation  |
\*---------------------------------------------------------------------------*/
FoamFile
{
    format      ascii;
    class       volScalarField;
    location    "8";
    object      p;
}
// * * * * * * * * * * * * * * * * * * * * * * * * * * * * * * * * * * * * * //

dimensions      [0 2 -2 0 0 0 0];

internalField   nonuniform List<scalar> 
10500
(
7.986467e-05
7.5562713e-05
7.2154645e-05
7.0318484e-05
6.9150105e-05
6.8114636e-05
6.7138405e-05
6.6257845e-05
6.5469383e-05
6.4747522e-05
6.4062374e-05
6.3396505e-05
6.2741379e-05
6.2089151e-05
6.1431609e-05
6.0759735e-05
6.0068311e-05
5.9348576e-05
5.8592713e-05
5.7795422e-05
5.6952605e-05
5.6061023e-05
5.511874e-05
5.4123737e-05
5.3087448e-05
5.2026207e-05
5.0970643e-05
4.9771356e-05
4.8870816e-05
4.5990927e-05
7.073086e-05
7.0008347e-05
6.901363e-05
6.817684e-05
6.7490546e-05
6.6793936e-05
6.6085104e-05
6.5401706e-05
6.4753065e-05
6.4130089e-05
6.3522974e-05
6.2922558e-05
6.2322442e-05
6.1719712e-05
6.1111678e-05
6.049521e-05
5.9867136e-05
5.9225388e-05
5.8570334e-05
5.7902385e-05
5.7221819e-05
5.6535206e-05
5.5857965e-05
5.5214135e-05
5.4642945e-05
5.4202337e-05
5.3977681e-05
5.4071749e-05
5.4741878e-05
5.5536279e-05
6.8650083e-05
6.8477919e-05
6.8014526e-05
6.7404415e-05
6.6787792e-05
6.6188099e-05
6.5590596e-05
6.499464e-05
6.4408405e-05
6.3830248e-05
6.3260578e-05
6.2696248e-05
6.2133565e-05
6.1570312e-05
6.1004555e-05
6.0434716e-05
5.9856352e-05
5.9268861e-05
5.8690614e-05
5.81394e-05
5.7600539e-05
5.7064477e-05
5.6548252e-05
5.6075777e-05
5.5669711e-05
5.5354227e-05
5.515953e-05
5.5130595e-05
5.535499e-05
5.5838194e-05
6.6547381e-05
6.6415624e-05
6.6129215e-05
6.5755083e-05
6.5352346e-05
6.4934139e-05
6.4495162e-05
6.4036603e-05
6.3567578e-05
6.3095442e-05
6.262221e-05
6.2146952e-05
6.1668739e-05
6.1187696e-05
6.0703355e-05
6.0215677e-05
5.9725905e-05
5.9237076e-05
5.8753516e-05
5.8277666e-05
5.7809124e-05
5.7351007e-05
5.6912481e-05
5.6504554e-05
5.6137647e-05
5.5822107e-05
5.5568926e-05
5.5386211e-05
5.5280868e-05
5.5215075e-05
6.5207805e-05
6.5154142e-05
6.5007656e-05
6.4782206e-05
6.4505084e-05
6.4192321e-05
6.3850196e-05
6.3483641e-05
6.3098786e-05
6.2700887e-05
6.2293004e-05
6.187686e-05
6.1453796e-05
6.1025173e-05
6.0592255e-05
6.0156334e-05
5.9718928e-05
5.9281801e-05
5.884706e-05
5.8417475e-05
5.7996144e-05
5.758601e-05
5.7190268e-05
5.6812526e-05
5.6455921e-05
5.6122064e-05
5.5809032e-05
5.5512164e-05
5.5206911e-05
5.4893053e-05
6.4154399e-05
6.411237e-05
6.4002272e-05
6.3831887e-05
6.3618345e-05
6.3372781e-05
6.3100146e-05
6.2803821e-05
6.2487729e-05
6.2155838e-05
6.1811334e-05
6.1456555e-05
6.1093334e-05
6.0723299e-05
6.0347987e-05
5.9968863e-05
5.9587406e-05
5.9205214e-05
5.8824057e-05
5.844579e-05
5.8072063e-05
5.7704161e-05
5.7343166e-05
5.6989975e-05
5.6644697e-05
5.630609e-05
5.597004e-05
5.5631829e-05
5.5273923e-05
5.4907203e-05
6.3331818e-05
6.3301764e-05
6.32226e-05
6.3098516e-05
6.2939193e-05
6.2750583e-05
6.2535594e-05
6.2296863e-05
6.2037604e-05
6.1761083e-05
6.1470103e-05
6.116695e-05
6.0853581e-05
6.053178e-05
6.020322e-05
5.9869471e-05
5.9532032e-05
5.9192347e-05
5.8851795e-05
5.8511644e-05
5.817298e-05
5.783665e-05
5.750318e-05
5.7172652e-05
5.6844414e-05
5.651696e-05
5.6187057e-05
5.5851802e-05
5.5500002e-05
5.5143728e-05
6.2677238e-05
6.2653559e-05
6.2591211e-05
6.2492725e-05
6.2364553e-05
6.2210536e-05
6.2032712e-05
6.1833191e-05
6.1614533e-05
6.1379309e-05
6.1129804e-05
6.0868026e-05
6.0595796e-05
6.0314809e-05
6.0026646e-05
5.9732778e-05
5.9434573e-05
5.9133298e-05
5.8830115e-05
5.8526052e-05
5.8221965e-05
5.7918472e-05
5.7615882e-05
5.7314133e-05
5.7012671e-05
5.6710483e-05
5.6405572e-05
5.6096625e-05
5.5776906e-05
5.5458016e-05
6.2154398e-05
6.2135094e-05
6.208439e-05
6.200418e-05
6.1899268e-05
6.177226e-05
6.1624387e-05
6.1457068e-05
6.1272192e-05
6.1071739e-05
6.0857544e-05
6.0631297e-05
6.0394601e-05
6.0148982e-05
5.9895891e-05
5.9636691e-05
5.9372661e-05
5.9104988e-05
5.8834761e-05
5.8562948e-05
5.829037e-05
5.801767e-05
5.7745279e-05
5.7473393e-05
5.7201913e-05
5.693051e-05
5.6658293e-05
5.6385051e-05
5.6106866e-05
5.583355e-05
6.1738954e-05
6.1722742e-05
6.1680196e-05
6.1612779e-05
6.1524238e-05
6.1416437e-05
6.1290132e-05
6.1146331e-05
6.0986512e-05
6.0812278e-05
6.0625159e-05
6.0426604e-05
6.0218026e-05
6.0000809e-05
5.9776293e-05
5.9545759e-05
5.931043e-05
5.9071461e-05
5.8829933e-05
5.8586846e-05
5.8343099e-05
5.8099483e-05
5.7856661e-05
5.7615166e-05
5.7375377e-05
5.7137583e-05
5.6901774e-05
5.6668532e-05
5.6435988e-05
5.6212224e-05
6.1413651e-05
6.1399658e-05
6.1362962e-05
6.1304768e-05
6.1228172e-05
6.1134617e-05
6.1024608e-05
6.0898894e-05
6.0758656e-05
6.0605212e-05
6.0439842e-05
6.0263793e-05
6.0078313e-05
5.9884653e-05
5.9684056e-05
5.9477735e-05
5.9266878e-05
5.9052636e-05
5.8836126e-05
5.8618421e-05
5.8400547e-05
5.818348e-05
5.7968143e-05
5.775541e-05
5.7546104e-05
5.7341044e-05
5.7140924e-05
5.6946903e-05
5.6758592e-05
5.6582366e-05
6.1166115e-05
6.1153717e-05
6.1121218e-05
6.1069653e-05
6.1001685e-05
6.0918493e-05
6.0820429e-05
6.0708071e-05
6.0582398e-05
6.0444533e-05
6.0295586e-05
6.0136666e-05
5.9968908e-05
5.9793475e-05
5.9611547e-05
5.9424303e-05
5.9232923e-05
5.9038582e-05
5.8842453e-05
5.8645703e-05
5.8449495e-05
5.825499e-05
5.8063357e-05
5.7875776e-05
5.769345e-05
5.7517648e-05
5.7349633e-05
5.7191042e-05
5.7042681e-05
5.6909629e-05
6.0987464e-05
6.0976172e-05
6.0946583e-05
6.089962e-05
6.0837663e-05
6.0761733e-05
6.0672094e-05
6.0569227e-05
6.0453987e-05
6.032737e-05
6.0190379e-05
6.004403e-05
5.9889382e-05
5.9727539e-05
5.955964e-05
5.9386846e-05
5.9210337e-05
5.9031318e-05
5.8851014e-05
5.8670679e-05
5.8491593e-05
5.8315076e-05
5.8142496e-05
5.7975281e-05
5.7814938e-05
5.7663081e-05
5.7521414e-05
5.739194e-05
5.7276353e-05
5.7178702e-05
6.0871534e-05
6.0860943e-05
6.0833196e-05
6.0789146e-05
6.0731005e-05
6.0659698e-05
6.0575446e-05
6.0478673e-05
6.0370159e-05
6.0250825e-05
6.0121607e-05
5.9983466e-05
5.9837414e-05
5.9684521e-05
5.9525904e-05
5.9362715e-05
5.9196144e-05
5.9027419e-05
5.8857811e-05
5.8688636e-05
5.8521266e-05
5.8357133e-05
5.819775e-05
5.804472e-05
5.7899762e-05
5.7764734e-05
5.7641652e-05
5.7532786e-05
5.744047e-05
5.7368099e-05
6.0814429e-05
6.0804177e-05
6.0777323e-05
6.0734687e-05
6.0678399e-05
6.0609343e-05
6.0527718e-05
6.0433924e-05
6.0328708e-05
6.0212955e-05
6.0087572e-05
5.9953493e-05
5.981171e-05
5.9663278e-05
5.9509303e-05
5.9350937e-05
5.9189374e-05
5.9025856e-05
5.8861679e-05
5.8698194e-05
5.8536817e-05
5.8379042e-05
5.8226453e-05
5.8080744e-05
5.7943741e-05
5.7817424e-05
5.7703963e-05
5.7605742e-05
5.7525448e-05
5.7465938e-05
6.0814255e-05
6.0804003e-05
6.0777148e-05
6.0734511e-05
6.0678221e-05
6.0609162e-05
6.0527534e-05
6.0433737e-05
6.0328516e-05
6.0212759e-05
6.0087371e-05
5.9953286e-05
5.9811496e-05
5.9663057e-05
5.9509074e-05
5.9350699e-05
5.9189126e-05
5.9025599e-05
5.886141e-05
5.8697913e-05
5.8536522e-05
5.8378733e-05
5.8226128e-05
5.8080402e-05
5.7943381e-05
5.7817044e-05
5.7703561e-05
5.7605315e-05
5.7524995e-05
5.7465455e-05
6.0871016e-05
6.0860423e-05
6.0832673e-05
6.0788619e-05
6.0730472e-05
6.0659158e-05
6.0574896e-05
6.0478113e-05
6.0369586e-05
6.0250238e-05
6.0121005e-05
5.9982846e-05
5.9836774e-05
5.968386e-05
5.9525219e-05
5.9362004e-05
5.9195405e-05
5.9026649e-05
5.8857007e-05
5.8687796e-05
5.8520386e-05
5.8356211e-05
5.8196781e-05
5.8043701e-05
5.7898688e-05
5.7763601e-05
5.7640454e-05
5.7531518e-05
5.7439125e-05
5.7366671e-05
6.0986605e-05
6.0975312e-05
6.0945719e-05
6.0898748e-05
6.0836782e-05
6.0760839e-05
6.0671185e-05
6.0568301e-05
6.045304e-05
6.03264e-05
6.0189384e-05
6.0043006e-05
5.9888325e-05
5.9726447e-05
5.9558509e-05
5.9385672e-05
5.9209117e-05
5.9030047e-05
5.8849688e-05
5.8669293e-05
5.8490142e-05
5.8313555e-05
5.8140899e-05
5.7973602e-05
5.7813169e-05
5.7661215e-05
5.7519443e-05
5.7389854e-05
5.7274143e-05
5.7176356e-05
6.1164927e-05
6.1152526e-05
6.1120022e-05
6.1068446e-05
6.1000465e-05
6.0917256e-05
6.0819171e-05
6.070679e-05
6.0581089e-05
6.0443192e-05
6.029421e-05
6.013525e-05
5.9967447e-05
5.9791966e-05
5.9609984e-05
5.9422681e-05
5.9231237e-05
5.9036827e-05
5.8840623e-05
5.8643791e-05
5.8447495e-05
5.8252895e-05
5.8061158e-05
5.7873464e-05
5.7691018e-05
5.7515084e-05
5.7346926e-05
5.718818e-05
5.7039651e-05
5.6906416e-05
6.1412147e-05
6.1398151e-05
6.1361447e-05
6.130324e-05
6.1226627e-05
6.1133051e-05
6.1023016e-05
6.0897272e-05
6.0756999e-05
6.0603515e-05
6.0438101e-05
6.0262001e-05
6.0076465e-05
5.9882745e-05
5.968208e-05
5.9475687e-05
5.926475e-05
5.9050421e-05
5.8833818e-05
5.8616011e-05
5.8398027e-05
5.8180842e-05
5.7965376e-05
5.7752504e-05
5.7543047e-05
5.7337826e-05
5.713753e-05
5.6943318e-05
5.6754801e-05
5.6578352e-05
6.1737151e-05
6.1720935e-05
6.167838e-05
6.1610947e-05
6.1522387e-05
6.141456e-05
6.1288224e-05
6.1144388e-05
6.0984527e-05
6.0810246e-05
6.0623073e-05
6.0424458e-05
6.0215815e-05
5.9998526e-05
5.977393e-05
5.954331e-05
5.9307886e-05
5.9068815e-05
5.8827177e-05
5.8583971e-05
5.8340095e-05
5.8096339e-05
5.7853367e-05
5.761171e-05
5.7371747e-05
5.7133764e-05
5.6897751e-05
5.6664289e-05
5.6431508e-05
5.6207486e-05
6.2152315e-05
6.2133007e-05
6.2082292e-05
6.2002065e-05
6.1897129e-05
6.1770093e-05
6.1622185e-05
6.1454825e-05
6.1269902e-05
6.1069394e-05
6.0855138e-05
6.0628823e-05
6.0392052e-05
6.014635e-05
5.9893168e-05
5.963387e-05
5.9369733e-05
5.9101945e-05
5.8831593e-05
5.8559645e-05
5.8286921e-05
5.8014065e-05
5.7741507e-05
5.7469439e-05
5.7197764e-05
5.6926151e-05
5.6653708e-05
5.6380221e-05
5.6101774e-05
5.5828173e-05
6.2674899e-05
6.2651215e-05
6.2588855e-05
6.249035e-05
6.2362152e-05
6.2208103e-05
6.203024e-05
6.1830673e-05
6.1611962e-05
6.1376677e-05
6.1127105e-05
6.0865251e-05
6.0592937e-05
6.0311859e-05
6.0023596e-05
5.972962e-05
5.9431296e-05
5.9129894e-05
5.8826574e-05
5.8522364e-05
5.8218118e-05
5.7914455e-05
5.7611682e-05
5.7309737e-05
5.7008065e-05
5.670565e-05
5.6400496e-05
5.6091286e-05
5.5771286e-05
5.5452091e-05
6.3329248e-05
6.3299189e-05
6.3220012e-05
6.3095907e-05
6.2936556e-05
6.2747911e-05
6.2532879e-05
6.2294098e-05
6.2034782e-05
6.1758195e-05
6.1467141e-05
6.1163906e-05
6.0850446e-05
6.0528546e-05
6.0199877e-05
5.9866011e-05
5.9528444e-05
5.9188621e-05
5.8847922e-05
5.8507612e-05
5.816878e-05
5.7832269e-05
5.7498606e-05
5.7167871e-05
5.6839412e-05
5.6511722e-05
5.6181563e-05
5.5846035e-05
5.5493941e-05
5.5137348e-05
6.4151626e-05
6.4109592e-05
6.3999479e-05
6.3829072e-05
6.36155e-05
6.3369898e-05
6.3097217e-05
6.2800838e-05
6.2484685e-05
6.2152723e-05
6.180814e-05
6.1453274e-05
6.1089955e-05
6.0719815e-05
6.0344387e-05
5.9965137e-05
5.9583544e-05
5.9201207e-05
5.8819894e-05
5.844146e-05
5.8067556e-05
5.7699466e-05
5.7338271e-05
5.6984868e-05
5.6639365e-05
5.6300517e-05
5.5964208e-05
5.5625718e-05
5.5267512e-05
5.4900464e-05
6.520486e-05
6.5151191e-05
6.500469e-05
6.4779217e-05
6.4502063e-05
6.4189259e-05
6.3847086e-05
6.3480474e-05
6.3095555e-05
6.2697582e-05
6.2289615e-05
6.1873378e-05
6.1450211e-05
6.1021476e-05
6.0588436e-05
6.0152382e-05
5.9714833e-05
5.9277553e-05
5.8842648e-05
5.8412889e-05
5.7991374e-05
5.7581046e-05
5.7185102e-05
5.6807147e-05
5.6450319e-05
5.6116227e-05
5.5802943e-05
5.5505804e-05
5.5200251e-05
5.488606e-05
6.6544291e-05
6.6412528e-05
6.6126105e-05
6.575195e-05
6.5349179e-05
6.4930928e-05
6.4491899e-05
6.403328e-05
6.3564188e-05
6.3091977e-05
6.2618659e-05
6.2143305e-05
6.1664986e-05
6.1183827e-05
6.0699357e-05
6.021154e-05
5.9721618e-05
5.9232626e-05
5.8748893e-05
5.8272861e-05
5.7804129e-05
5.7345813e-05
5.690708e-05
5.6498943e-05
5.6131822e-05
5.5816066e-05
5.5562663e-05
5.5379709e-05
5.5274087e-05
5.5207945e-05
6.8646887e-05
6.8474717e-05
6.8011307e-05
6.740117e-05
6.6784512e-05
6.6184778e-05
6.5587224e-05
6.4991209e-05
6.4404907e-05
6.3826666e-05
6.3256899e-05
6.269247e-05
6.212968e-05
6.1566305e-05
6.1000415e-05
6.0430432e-05
5.9851915e-05
5.9264256e-05
5.868582e-05
5.8134407e-05
5.759535e-05
5.7059081e-05
5.6542642e-05
5.6069953e-05
5.5663684e-05
5.534802e-05
5.5153181e-05
5.5124136e-05
5.5348395e-05
5.5831109e-05
7.0727579e-05
7.0005061e-05
6.9010325e-05
6.8173506e-05
6.7487184e-05
6.6790538e-05
6.6081659e-05
6.5398201e-05
6.4749487e-05
6.4126427e-05
6.3519221e-05
6.2918703e-05
6.2318474e-05
6.1715618e-05
6.1107447e-05
6.0490828e-05
5.986259e-05
5.9220664e-05
5.8565415e-05
5.7897257e-05
5.7216468e-05
5.6529615e-05
5.585212e-05
5.5208032e-05
5.4636594e-05
5.4195785e-05
5.397106e-05
5.4065405e-05
5.4736724e-05
5.5529288e-05
7.9861347e-05
7.5559386e-05
7.2151302e-05
7.0315115e-05
6.9146702e-05
6.811119e-05
6.7134906e-05
6.6254282e-05
6.5465743e-05
6.4743805e-05
6.4058574e-05
6.3392604e-05
6.2737365e-05
6.2085014e-05
6.1427337e-05
6.0755312e-05
6.006372e-05
5.9343803e-05
5.8587739e-05
5.7790226e-05
5.6947163e-05
5.6055306e-05
5.5112711e-05
5.4117346e-05
5.3080622e-05
5.2018833e-05
5.0962518e-05
4.9762079e-05
4.8859594e-05
4.5981083e-05
6.8714303e-05
5.6711746e-05
4.9064758e-05
4.5618092e-05
4.3601541e-05
4.1966391e-05
4.0429831e-05
3.896637e-05
3.7543212e-05
3.6085757e-05
3.45269e-05
3.2865892e-05
3.1106083e-05
2.9266152e-05
2.7380246e-05
2.5491084e-05
2.3643451e-05
2.1892856e-05
2.0281747e-05
1.8848325e-05
1.7623092e-05
1.6625181e-05
1.5858114e-05
1.5310946e-05
1.4959309e-05
1.4768579e-05
1.4694775e-05
1.4703763e-05
1.4910519e-05
1.0655882e-05
6.4331985e-05
5.2486737e-05
4.5572838e-05
4.3876769e-05
4.2870417e-05
4.1444569e-05
3.9938311e-05
3.8519883e-05
3.7134509e-05
3.5699952e-05
3.4203004e-05
3.2595296e-05
3.0891976e-05
2.9120403e-05
2.7311839e-05
2.5502448e-05
2.3740841e-05
2.2058506e-05
2.0498235e-05
1.9099629e-05
1.7889252e-05
1.6883254e-05
1.6090511e-05
1.5503417e-05
1.5109752e-05
1.4883775e-05
1.4800169e-05
1.4755366e-05
1.5093371e-05
9.5210378e-06
6.0413595e-05
5.1065298e-05
4.5022908e-05
4.3879588e-05
4.3095218e-05
4.1552152e-05
3.9909279e-05
3.846056e-05
3.7086579e-05
3.5657228e-05
3.4109602e-05
3.247503e-05
3.0774585e-05
2.9019028e-05
2.7228456e-05
2.5441736e-05
2.369638e-05
2.2037171e-05
2.0507713e-05
1.9132715e-05
1.7940283e-05
1.6949532e-05
1.6166695e-05
1.5587666e-05
1.5202072e-05
1.4985981e-05
1.4953045e-05
1.4935077e-05
1.5594348e-05
1.1335606e-05
5.6892706e-05
4.9942187e-05
4.4477814e-05
4.3506628e-05
4.291006e-05
4.1447303e-05
3.9811202e-05
3.8374362e-05
3.7000496e-05
3.553774e-05
3.3984616e-05
3.2345737e-05
3.0637575e-05
2.8878253e-05
2.7091394e-05
2.5313643e-05
2.3584346e-05
2.1945209e-05
2.0433527e-05
1.9075758e-05
1.7899852e-05
1.6925521e-05
1.6157822e-05
1.5597825e-05
1.5238494e-05
1.5055112e-05
1.5082869e-05
1.5092814e-05
1.5809911e-05
1.3447655e-05
5.3836281e-05
4.8864469e-05
4.4344229e-05
4.33828e-05
4.2876474e-05
4.1518157e-05
3.9896052e-05
3.8436641e-05
3.7039765e-05
3.5554801e-05
3.3947909e-05
3.2265362e-05
3.0524429e-05
2.8738873e-05
2.6932944e-05
2.5142438e-05
2.3406686e-05
2.1764642e-05
2.0252083e-05
1.8901298e-05
1.7736659e-05
1.6775747e-05
1.6027211e-05
1.5491937e-05
1.5166668e-05
1.5026834e-05
1.5113766e-05
1.5226703e-05
1.6002294e-05
1.5222728e-05
5.1526612e-05
4.7978954e-05
4.4476762e-05
4.3440284e-05
4.2865022e-05
4.1572901e-05
3.997714e-05
3.8493744e-05
3.7064097e-05
3.554102e-05
3.3897742e-05
3.2175334e-05
3.0397132e-05
2.857745e-05
2.6741642e-05
2.4926244e-05
2.3171142e-05
2.151511e-05
1.9994208e-05
1.8639801e-05
1.7476783e-05
1.6522711e-05
1.5787574e-05
1.5272863e-05
1.4977153e-05
1.4877839e-05
1.5008926e-05
1.5215986e-05
1.5978416e-05
1.5998855e-05
4.9912292e-05
4.7336249e-05
4.4655298e-05
4.3565207e-05
4.2856071e-05
4.160387e-05
4.0055284e-05
3.8561299e-05
3.7098917e-05
3.554004e-05
3.3859137e-05
3.2092398e-05
3.0268029e-05
2.8404464e-05
2.6528761e-05
2.4678179e-05
2.289311e-05
2.1212541e-05
1.9672389e-05
1.8303873e-05
1.7132068e-05
1.6175449e-05
1.5444745e-05
1.4941924e-05
1.4666047e-05
1.4597663e-05
1.475827e-05
1.503848e-05
1.5755673e-05
1.6123533e-05
4.8878771e-05
4.6912645e-05
4.4822757e-05
4.3711942e-05
4.2868508e-05
4.1633474e-05
4.0133376e-05
3.8632331e-05
3.7131537e-05
3.5532008e-05
3.3809133e-05
3.1994927e-05
3.0120641e-05
2.8208872e-05
2.6288168e-05
2.4396169e-05
2.2573754e-05
2.0860314e-05
1.9291864e-05
1.7899791e-05
1.670962e-05
1.5740087e-05
1.5002824e-05
1.4500952e-05
1.4233209e-05
1.4183472e-05
1.4360799e-05
1.4689155e-05
1.5350373e-05
1.5870558e-05
4.8257375e-05
4.666785e-05
4.4969061e-05
4.385367e-05
4.290056e-05
4.1665414e-05
4.0202533e-05
3.8694114e-05
3.7153294e-05
3.5510418e-05
3.3744058e-05
3.1881823e-05
2.995597e-05
2.7992602e-05
2.6022139e-05
2.4082905e-05
2.221633e-05
2.0462252e-05
1.8856892e-05
1.7431804e-05
1.6212842e-05
1.5219252e-05
1.4463394e-05
1.3949718e-05
1.3677418e-05
1.3632944e-05
1.3816067e-05
1.4173094e-05
1.479795e-05
1.5396665e-05
4.7891681e-05
4.653936e-05
4.5088514e-05
4.3976121e-05
4.2944657e-05
4.1701084e-05
4.0261544e-05
3.8743591e-05
3.7163453e-05
3.5475176e-05
3.3662995e-05
3.1750788e-05
2.9770716e-05
2.7751963e-05
2.5727201e-05
2.373558e-05
2.1818897e-05
2.0017273e-05
1.8367071e-05
1.6899924e-05
1.5641923e-05
1.4612869e-05
1.382597e-05
1.3287038e-05
1.299607e-05
1.2942724e-05
1.3120559e-05
1.3489739e-05
1.4093519e-05
1.4730911e-05
4.7680707e-05
4.6478506e-05
4.5188373e-05
4.4083876e-05
4.3000159e-05
4.1744084e-05
4.0314e-05
3.8781674e-05
3.7161518e-05
3.5425325e-05
3.3563906e-05
3.1598731e-05
2.9561456e-05
2.7483795e-05
2.5400616e-05
2.3351875e-05
2.1379565e-05
1.9523915e-05
1.7821299e-05
1.630331e-05
1.4996155e-05
1.3920116e-05
1.3089285e-05
1.2510974e-05
1.2186489e-05
1.2108102e-05
1.2267727e-05
1.2633766e-05
1.3222192e-05
1.3882007e-05
4.7562967e-05
4.6461227e-05
4.5279295e-05
4.4184779e-05
4.3066048e-05
4.1794378e-05
4.0361082e-05
3.8808091e-05
3.7146051e-05
3.5359223e-05
3.3444693e-05
3.1422887e-05
2.9325009e-05
2.7184745e-05
2.5038931e-05
2.2928315e-05
2.0894998e-05
1.8979121e-05
1.7216867e-05
1.5639599e-05
1.4273447e-05
1.3139005e-05
1.2251181e-05
1.1618776e-05
1.1244782e-05
1.1124373e-05
1.1249974e-05
1.1596125e-05
1.2164595e-05
1.283423e-05
4.7515964e-05
4.6485169e-05
4.5375279e-05
4.4288124e-05
4.3143201e-05
4.1852434e-05
4.0404807e-05
3.8823881e-05
3.711667e-05
3.5275693e-05
3.3303429e-05
3.1220405e-05
2.905772e-05
2.6850636e-05
2.4637693e-05
2.2460384e-05
2.0360803e-05
1.8378784e-05
1.6550054e-05
1.4905481e-05
1.3470855e-05
1.2266837e-05
1.1308968e-05
1.0607432e-05
1.0167137e-05
9.9862464e-06
1.0059097e-05
1.0365857e-05
1.090102e-05
1.1565022e-05
4.753411e-05
4.6552275e-05
4.548713e-05
4.4401536e-05
4.3233274e-05
4.1918948e-05
4.0447177e-05
3.8830367e-05
3.7072995e-05
3.5173052e-05
3.3137431e-05
3.0987581e-05
2.8754971e-05
2.6476217e-05
2.4191297e-05
2.1942338e-05
1.9771299e-05
1.7717464e-05
1.5815808e-05
1.4096383e-05
1.2584309e-05
1.1299972e-05
1.0259244e-05
9.4734474e-06
8.9493738e-06
8.6881667e-06
8.6869121e-06
8.9314484e-06
9.412821e-06
1.0050075e-05
4.7614589e-05
4.6663964e-05
4.5623565e-05
4.4532695e-05
4.3339816e-05
4.1996188e-05
4.0490498e-05
3.8828881e-05
3.7014473e-05
3.5049076e-05
3.2943195e-05
3.071974e-05
2.841103e-05
2.6054961e-05
2.3692727e-05
2.1366944e-05
1.9119287e-05
1.6988238e-05
1.5007685e-05
1.3206492e-05
1.1608698e-05
1.0233979e-05
9.0981072e-06
8.2131392e-06
7.5874848e-06
7.2250884e-06
7.1260857e-06
7.2821494e-06
7.6827578e-06
8.2657993e-06
4.7757152e-05
4.6823915e-05
4.5794109e-05
4.4690425e-05
4.3468021e-05
4.2086928e-05
4.0536648e-05
3.881996e-05
3.6939617e-05
3.4900341e-05
3.2715732e-05
3.0410549e-05
2.8018397e-05
2.5578486e-05
2.3133071e-05
2.0725102e-05
1.8395786e-05
1.6182531e-05
1.4117774e-05
1.2228759e-05
1.0537967e-05
9.0638385e-06
7.8214834e-06
6.8231281e-06
6.0783061e-06
5.5933464e-06
5.371354e-06
5.4095641e-06
5.6976562e-06
6.1886401e-06
4.7966877e-05
4.7039561e-05
4.6009249e-05
4.4883576e-05
4.3622776e-05
4.2193724e-05
4.0586672e-05
3.880285e-05
3.684538e-05
3.4721565e-05
3.2447898e-05
3.0051323e-05
2.7567123e-05
2.5035935e-05
2.2500973e-05
2.0005361e-05
1.7589628e-05
1.5289802e-05
1.3136472e-05
1.1154792e-05
9.365146e-06
7.7841301e-06
6.4255142e-06
5.3009618e-06
4.4204012e-06
3.7919111e-06
3.4209848e-06
3.310726e-06
3.4468276e-06
3.8237393e-06
4.8254385e-05
4.7321517e-05
4.6279585e-05
4.5120306e-05
4.3808738e-05
4.2318112e-05
4.0639819e-05
3.8774415e-05
3.6725948e-05
3.4504361e-05
3.2129145e-05
2.9629788e-05
2.7043614e-05
2.4412836e-05
2.1781573e-05
1.919296e-05
1.6686595e-05
1.4296795e-05
1.2051872e-05
9.9743845e-06
8.0820414e-06
6.3889221e-06
4.9066853e-06
3.6455531e-06
2.6148767e-06
1.8235106e-06
1.2786273e-06
9.8891953e-07
9.4056343e-07
1.1443016e-06
4.8634923e-05
4.7683289e-05
4.6616345e-05
4.5408713e-05
4.4030283e-05
4.2460911e-05
4.0693598e-05
3.8728808e-05
3.6572044e-05
3.4236276e-05
3.1744364e-05
2.9128765e-05
2.6429205e-05
2.368964e-05
2.0955058e-05
1.8268413e-05
1.5668085e-05
1.3186298e-05
1.0848636e-05
8.6745414e-06
6.6784441e-06
4.8712094e-06
3.2615564e-06
1.8572843e-06
6.6602032e-07
-3.0395451e-07
-1.045455e-06
-1.5464303e-06
-1.8238151e-06
-1.8444939e-06
4.9126479e-05
4.8139003e-05
4.70288e-05
4.5753139e-05
4.4287057e-05
4.261723e-05
4.0738758e-05
3.8652575e-05
3.6366257e-05
3.3896412e-05
3.1269829e-05
2.8522432e-05
2.5696724e-05
2.2838569e-05
1.9993774e-05
1.7204881e-05
1.4508698e-05
1.1934927e-05
9.505954e-06
7.237592e-06
5.14044e-06
3.221504e-06
1.4857595e-06
-6.245459e-08
-1.4185109e-06
-2.5761137e-06
-3.5294713e-06
-4.2642584e-06
-4.8023634e-06
-5.0828672e-06
4.9754861e-05
4.8710959e-05
4.7534372e-05
4.6165774e-05
4.4584587e-05
4.2785602e-05
4.0766719e-05
3.8530189e-05
3.608664e-05
3.3457247e-05
3.0673523e-05
2.7775476e-05
2.4808778e-05
2.1821332e-05
1.8859617e-05
1.5965405e-05
1.3173443e-05
1.0510365e-05
7.9947914e-06
5.6383636e-06
3.4473677e-06
1.4245346e-06
-4.2937081e-07
-2.1142424e-06
-3.6298256e-06
-4.9738478e-06
-6.1442366e-06
-7.1262291e-06
-7.9477034e-06
-8.5174266e-06
5.0534572e-05
4.9400593e-05
4.8121117e-05
4.6622982e-05
4.4891459e-05
4.2927499e-05
4.0732412e-05
3.8310936e-05
3.5677858e-05
3.2859914e-05
2.9894182e-05
2.6825385e-05
2.3702751e-05
2.0576303e-05
1.7492952e-05
1.449324e-05
1.160929e-05
8.8640665e-06
6.271754e-06
3.8390694e-06
1.5672682e-06
-5.4560469e-07
-2.5028711e-06
-4.3081353e-06
-5.9653337e-06
-7.4776596e-06
-8.8504036e-06
-1.0074205e-05
-1.1185794e-05
-1.2069117e-05
5.1542053e-05
5.0285377e-05
4.8860204e-05
4.7183711e-05
4.5246965e-05
4.306194e-05
4.0635158e-05
3.7975551e-05
3.510397e-05
3.2054357e-05
2.8870567e-05
2.5602842e-05
2.2304293e-05
1.9026843e-05
1.5817148e-05
1.2713615e-05
9.7449492e-06
6.9298982e-06
4.2777796e-06
1.7896715e-06
-5.3956275e-07
-2.7183814e-06
-4.755553e-06
-6.6579655e-06
-8.4305242e-06
-1.0077043e-05
-1.1607243e-05
-1.3023406e-05
-1.437928e-05
-1.5565472e-05
5.2651829e-05
5.1184819e-05
4.953339e-05
4.7616107e-05
4.5419512e-05
4.2956856e-05
4.0242531e-05
3.7294132e-05
3.4141145e-05
3.0825652e-05
2.7398744e-05
2.3916575e-05
2.0436073e-05
1.7010123e-05
1.3683485e-05
1.0490645e-05
7.4554369e-06
4.5916531e-06
1.9041432e-06
-6.1017648e-07
-2.9615531e-06
-5.1657782e-06
-7.2412175e-06
-9.2048914e-06
-1.1068123e-05
-1.282994e-05
-1.4482592e-05
-1.6012948e-05
-1.747643e-05
-1.8803375e-05
5.4384306e-05
5.2656101e-05
5.0670994e-05
4.8349149e-05
4.5744676e-05
4.2876124e-05
3.9752409e-05
3.6398578e-05
3.2856639e-05
2.9180294e-05
2.5430749e-05
2.1672766e-05
1.7968811e-05
1.4371999e-05
1.0922563e-05
7.6479147e-06
4.563478e-06
1.6732783e-06
-1.0278389e-06
-3.5504178e-06
-5.9061444e-06
-8.1075639e-06
-1.0170963e-05
-1.2120834e-05
-1.399895e-05
-1.5846401e-05
-1.7662527e-05
-1.9371643e-05
-2.0936051e-05
-2.2188927e-05
5.5226768e-05
5.2985351e-05
5.0509285e-05
4.7834748e-05
4.4774103e-05
4.1387867e-05
3.7769261e-05
3.3973658e-05
3.0044614e-05
2.6037154e-05
2.2016486e-05
1.8051389e-05
1.4205226e-05
1.0525965e-05
7.0452741e-06
3.784697e-06
7.5711208e-07
-2.0357074e-06
-4.6091084e-06
-7.0036012e-06
-9.2656885e-06
-1.1417107e-05
-1.3444608e-05
-1.5312977e-05
-1.7020427e-05
-1.8702208e-05
-2.0545755e-05
-2.2606495e-05
-2.4919711e-05
-2.6918533e-05
5.899169e-05
5.6071058e-05
5.2695011e-05
4.8924208e-05
4.4987515e-05
4.0854266e-05
3.6499595e-05
3.1972095e-05
2.7349622e-05
2.2727381e-05
1.8216038e-05
1.3904413e-05
9.8277588e-06
5.9966181e-06
2.4117822e-06
-9.2399039e-07
-4.0022737e-06
-6.7811326e-06
-9.1988892e-06
-1.1265933e-05
-1.3151949e-05
-1.5041071e-05
-1.7000311e-05
-1.9076849e-05
-2.1099296e-05
-2.286984e-05
-2.4409153e-05
-2.5709968e-05
-2.6861294e-05
-2.7829642e-05
5.4948896e-05
5.0684023e-05
4.6183634e-05
4.1427923e-05
3.634106e-05
3.1018583e-05
2.5590141e-05
2.0165282e-05
1.4831718e-05
9.7043221e-06
4.9638481e-06
7.4471858e-07
-2.9756443e-06
-6.3120071e-06
-9.3453039e-06
-1.2172533e-05
-1.49083e-05
-1.7665366e-05
-2.0425574e-05
-2.2776362e-05
-2.4560345e-05
-2.5965298e-05
-2.6835165e-05
-2.7340016e-05
-2.7817797e-05
-2.8339626e-05
-2.8947596e-05
-2.9702264e-05
-3.0658072e-05
-3.1056589e-05
6.3040877e-05
5.6700617e-05
5.0036773e-05
4.3647739e-05
3.7383517e-05
3.1078962e-05
2.4783939e-05
1.8630055e-05
1.2735624e-05
7.1923511e-06
2.1398144e-06
-2.1422272e-06
-5.8277481e-06
-9.291332e-06
-1.2400115e-05
-1.4913106e-05
-1.6741459e-05
-1.8284449e-05
-1.9935436e-05
-2.1611566e-05
-2.3093531e-05
-2.4269332e-05
-2.5121995e-05
-2.590265e-05
-2.6648949e-05
-2.7207685e-05
-2.7668512e-05
-2.8194911e-05
-2.8817304e-05
-2.9254759e-05
2.2961607e-05
1.2929261e-05
2.1232478e-06
-8.6810503e-06
-1.8916312e-05
-2.8324571e-05
-3.672823e-05
-4.3924293e-05
-4.9710282e-05
-5.3936332e-05
-5.652397e-05
-5.7491253e-05
-5.7014553e-05
-5.5398839e-05
-5.3097182e-05
-5.0728387e-05
-4.8935582e-05
-4.8088423e-05
-4.7818102e-05
-4.7572235e-05
-4.7263079e-05
-4.6564338e-05
-4.5146367e-05
-4.3238639e-05
-4.133733e-05
-3.9693862e-05
-3.83449e-05
-3.7336502e-05
-3.6653645e-05
-3.6333131e-05
5.3492898e-05
5.0389127e-05
4.8366911e-05
4.868063e-05
4.9182864e-05
4.9133594e-05
4.8871541e-05
4.866751e-05
4.8501386e-05
4.8362647e-05
4.829397e-05
4.8258307e-05
4.8248708e-05
4.8280664e-05
4.8368332e-05
4.8522629e-05
4.8755148e-05
4.9079354e-05
4.9511076e-05
5.006957e-05
5.0780823e-05
5.1671712e-05
5.2800788e-05
5.4132614e-05
5.5994013e-05
5.7433154e-05
6.1216404e-05
5.8867646e-05
6.7597121e-05
3.2533792e-05
6.201937e-05
5.7924371e-05
5.3548718e-05
5.1946907e-05
5.1338716e-05
5.0738877e-05
5.020675e-05
4.9852975e-05
4.9636338e-05
4.9473546e-05
4.933942e-05
4.9241002e-05
4.9214762e-05
4.926932e-05
4.9401194e-05
4.9611998e-05
4.9910601e-05
5.0310613e-05
5.0829666e-05
5.1490499e-05
5.2322544e-05
5.3362298e-05
5.4660564e-05
5.6248245e-05
5.829645e-05
6.0379138e-05
6.4121225e-05
6.3740449e-05
7.2245359e-05
4.3329641e-05
5.7217952e-05
5.4412645e-05
5.204917e-05
5.1590528e-05
5.1446422e-05
5.110563e-05
5.0716058e-05
5.0430705e-05
5.0246256e-05
5.0127397e-05
5.0063336e-05
5.0051609e-05
5.0103989e-05
5.0224607e-05
5.0415875e-05
5.0687132e-05
5.1053164e-05
5.153135e-05
5.2142247e-05
5.2911801e-05
5.3873493e-05
5.5069994e-05
5.6557103e-05
5.8394226e-05
6.0705359e-05
6.3340055e-05
6.727412e-05
6.8664376e-05
7.7151344e-05
5.4676696e-05
5.4998133e-05
5.3889502e-05
5.2909919e-05
5.2579556e-05
5.2320936e-05
5.1922577e-05
5.1535967e-05
5.1273344e-05
5.1118998e-05
5.1031321e-05
5.0996132e-05
5.1017374e-05
5.1104639e-05
5.1265631e-05
5.1507786e-05
5.184191e-05
5.2282398e-05
5.2846968e-05
5.3558062e-05
5.4444888e-05
5.5545448e-05
5.6908761e-05
5.8598695e-05
6.0693086e-05
6.331139e-05
6.6456217e-05
7.0754556e-05
7.3747801e-05
8.2434019e-05
6.6279929e-05
5.4395354e-05
5.3859043e-05
5.3349697e-05
5.2974114e-05
5.2664112e-05
5.2368661e-05
5.2128743e-05
5.1975226e-05
5.1892256e-05
5.185924e-05
5.1875672e-05
5.1951926e-05
5.2097859e-05
5.2321309e-05
5.2630971e-05
5.3038891e-05
5.3561156e-05
5.4218163e-05
5.5035743e-05
5.6047018e-05
5.72948e-05
5.8834647e-05
6.0739648e-05
6.3103202e-05
6.6058106e-05
6.9697795e-05
7.4484983e-05
7.8932892e-05
8.803772e-05
7.7944645e-05
5.4424931e-05
5.409366e-05
5.3788885e-05
5.3500965e-05
5.3256767e-05
5.3056599e-05
5.2901808e-05
5.2799171e-05
5.2749748e-05
5.2753198e-05
5.2814454e-05
5.2941653e-05
5.3142666e-05
5.342565e-05
5.3801094e-05
5.4283038e-05
5.48895e-05
5.5643078e-05
5.6572336e-05
5.7713951e-05
5.9115566e-05
6.0839561e-05
6.296871e-05
6.5611748e-05
6.8920594e-05
7.3052009e-05
7.8406184e-05
8.4179608e-05
9.3894776e-05
8.9455546e-05
5.4719403e-05
5.4475437e-05
5.4268955e-05
5.4054519e-05
5.3864298e-05
5.3719316e-05
5.3620926e-05
5.357036e-05
5.3571766e-05
5.3629269e-05
5.3747701e-05
5.3933704e-05
5.4195584e-05
5.4543439e-05
5.498987e-05
5.5550723e-05
5.6245815e-05
5.7099993e-05
5.8144785e-05
5.9420739e-05
6.0980613e-05
6.2893811e-05
6.5252995e-05
6.8182116e-05
7.1853885e-05
7.6475524e-05
8.2438544e-05
8.9421571e-05
9.9901056e-05
0.00010059473
5.5102387e-05
5.4919064e-05
5.4777305e-05
5.462593e-05
5.4492429e-05
5.4402496e-05
5.4359609e-05
5.4362689e-05
5.4415328e-05
5.4523639e-05
5.4694319e-05
5.4935192e-05
5.5255832e-05
5.5667806e-05
5.6185141e-05
5.6825127e-05
5.7609322e-05
5.8564846e-05
5.9726165e-05
6.1137621e-05
6.285701e-05
6.4960675e-05
6.7551079e-05
7.0766979e-05
7.4801888e-05
7.9906327e-05
8.6489286e-05
9.4572243e-05
0.0001059209
0.00011114547
5.5543018e-05
5.5403619e-05
5.5306498e-05
5.5205359e-05
5.512193e-05
5.5080025e-05
5.5084472e-05
5.5134816e-05
5.5235049e-05
5.5392449e-05
5.5614949e-05
5.5911143e-05
5.6291262e-05
5.6767798e-05
5.7356009e-05
5.8074682e-05
5.8947199e-05
6.0002947e-05
6.1279261e-05
6.2824189e-05
6.4700444e-05
6.699111e-05
6.9808107e-05
7.3304215e-05
7.7692855e-05
8.3262374e-05
9.0450071e-05
9.9522918e-05
0.000111785
0.00012085404
5.5985563e-05
5.588396e-05
5.582292e-05
5.5765103e-05
5.5727136e-05
5.5729208e-05
5.5776983e-05
5.5871434e-05
5.6017069e-05
5.6221536e-05
5.6493405e-05
5.6842013e-05
5.7278417e-05
5.7816136e-05
5.8471672e-05
5.9265263e-05
6.0221995e-05
6.1373355e-05
6.2759349e-05
6.4431495e-05
6.6457117e-05
6.8925596e-05
7.195764e-05
7.5718874e-05
8.0441062e-05
8.6445192e-05
9.4199568e-05
0.00010414749
0.00011729818
0.00012940045
5.641336e-05
5.6342389e-05
5.6309388e-05
5.6287217e-05
5.6288162e-05
5.6328373e-05
5.6413888e-05
5.6547152e-05
5.6733261e-05
5.6980063e-05
5.7296594e-05
5.7692901e-05
5.8180829e-05
5.8774764e-05
5.9492234e-05
6.0354713e-05
6.1388802e-05
6.2627885e-05
6.4114389e-05
6.5902976e-05
6.8065134e-05
7.0695895e-05
7.3923812e-05
7.7925837e-05
8.2949943e-05
8.934457e-05
9.7607841e-05
0.00010831028
0.00012227024
0.00013659123
5.6791573e-05
5.6746306e-05
5.673584e-05
5.6743089e-05
5.677689e-05
5.6849537e-05
5.696715e-05
5.7133527e-05
5.735439e-05
5.7637739e-05
5.7992924e-05
5.843056e-05
5.8963157e-05
5.9605834e-05
6.037699e-05
6.1299169e-05
6.2400291e-05
6.3715376e-05
6.5288927e-05
6.7178291e-05
6.9458501e-05
7.2229387e-05
7.5626133e-05
7.9835185e-05
8.511813e-05
9.1845621e-05
0.00010054258
0.00011187194
0.00012654214
0.0001425538
5.7101522e-05
5.7075857e-05
5.708197e-05
5.7111506e-05
5.7170746e-05
5.7268677e-05
5.7411329e-05
5.7603631e-05
5.7851877e-05
5.8164177e-05
5.8550081e-05
5.902063e-05
5.9588866e-05
6.0270492e-05
6.1084591e-05
6.205454e-05
6.3209296e-05
6.4585167e-05
6.6228291e-05
6.8198131e-05
7.0572513e-05
7.3455036e-05
7.6986079e-05
8.1359483e-05
8.6847468e-05
9.3837589e-05
0.00010287702
0.00011469274
0.00012995491
0.00014734353
5.7319928e-05
5.7307674e-05
5.7324706e-05
5.7369493e-05
5.744644e-05
5.7561954e-05
5.772196e-05
5.7932252e-05
5.8199563e-05
5.8532058e-05
5.8939404e-05
5.943293e-05
6.0026052e-05
6.0734879e-05
6.1578961e-05
6.2582255e-05
6.3774431e-05
6.5192693e-05
6.6884311e-05
6.8910206e-05
7.1350133e-05
7.4310276e-05
7.7934585e-05
8.2421952e-05
8.8051915e-05
9.5223468e-05
0.00010449997
0.00011664741
0.00013234014
0.00015065875
5.7433238e-05
5.7427799e-05
5.7449599e-05
5.7502348e-05
5.7588496e-05
5.7712876e-05
5.788156e-05
5.8100914e-05
5.8377897e-05
5.8720676e-05
5.9138957e-05
5.9644218e-05
6.0250067e-05
6.0972817e-05
6.1832255e-05
6.2852628e-05
6.4063969e-05
6.5503935e-05
6.7220367e-05
6.9274926e-05
7.1748338e-05
7.4748095e-05
7.8419941e-05
8.2965319e-05
8.8667478e-05
9.5931177e-05
0.00010532848
0.00011764394
0.00013356252
0.00015229768
5.7432734e-05
5.7427284e-05
5.7449068e-05
5.7501804e-05
5.7587936e-05
5.7712299e-05
5.7880965e-05
5.8100299e-05
5.8377263e-05
5.872002e-05
5.9138279e-05
5.9643515e-05
6.0249338e-05
6.097206e-05
6.1831468e-05
6.2851809e-05
6.4063115e-05
6.5503042e-05
6.7219433e-05
6.9273946e-05
7.1747308e-05
7.4747009e-05
7.8418793e-05
8.2964099e-05
8.8666175e-05
9.5929773e-05
0.00010532694
0.00011764221
0.00013356051
0.00015229503
5.7318426e-05
5.730613e-05
5.7323126e-05
5.7367871e-05
5.7444769e-05
5.7560232e-05
5.7720185e-05
5.7930421e-05
5.8197672e-05
5.8530104e-05
5.8937382e-05
5.9430835e-05
6.0023879e-05
6.0732623e-05
6.1576615e-05
6.2579812e-05
6.3771883e-05
6.5190031e-05
6.6881523e-05
6.8907282e-05
7.1347058e-05
7.4307035e-05
7.7931155e-05
8.2418308e-05
8.804802e-05
9.5219267e-05
0.00010449537
0.00011664224
0.00013233413
0.0001506507
5.7099054e-05
5.7073322e-05
5.7079378e-05
5.7108843e-05
5.7168002e-05
5.7265848e-05
5.7408412e-05
5.7600621e-05
5.7848769e-05
5.8160963e-05
5.8546755e-05
5.9017184e-05
5.9585291e-05
6.0266779e-05
6.1080729e-05
6.2050517e-05
6.3205099e-05
6.458078e-05
6.6223697e-05
6.8193309e-05
7.0567442e-05
7.3449685e-05
7.6980416e-05
8.1353462e-05
8.6841029e-05
9.383064e-05
0.00010286942
0.00011468417
0.00012994503
0.0001473299
5.6788196e-05
5.6742836e-05
5.673229e-05
5.6739441e-05
5.6773129e-05
5.6845659e-05
5.696315e-05
5.7129399e-05
5.7350126e-05
5.7633329e-05
5.7988359e-05
5.8425829e-05
5.8958247e-05
5.9600733e-05
6.0371683e-05
6.1293638e-05
6.2394518e-05
6.3709339e-05
6.5282601e-05
6.7171648e-05
6.945151e-05
7.2222007e-05
7.5618315e-05
7.9826868e-05
8.510923e-05
9.1836009e-05
0.00010053207
0.00011186007
0.00012652861
0.00014253537
5.6409145e-05
5.6338056e-05
5.6304951e-05
5.6282656e-05
5.6283459e-05
5.6323521e-05
5.6408883e-05
5.6541986e-05
5.6727921e-05
5.6974539e-05
5.7290874e-05
5.7686971e-05
5.8174673e-05
5.8768365e-05
5.9485573e-05
6.0347768e-05
6.1381549e-05
6.2620296e-05
6.4106432e-05
6.5894614e-05
6.8056325e-05
7.0686589e-05
7.3913946e-05
7.7915331e-05
8.293869e-05
8.9332407e-05
9.7594538e-05
0.00010829524
0.00012225327
0.00013656833
5.5980593e-05
5.5878848e-05
5.5817681e-05
5.5759713e-05
5.5721577e-05
5.5723472e-05
5.5771063e-05
5.5865321e-05
5.6010749e-05
5.6214995e-05
5.6486629e-05
5.6834985e-05
5.7271118e-05
5.7808545e-05
5.8463767e-05
5.9257015e-05
6.0213375e-05
6.1364329e-05
6.2749878e-05
6.4421534e-05
6.6446614e-05
6.8914488e-05
7.1945851e-05
7.5706307e-05
8.0427586e-05
8.6430609e-05
9.4183611e-05
0.00010412941
0.00011727788
0.00012937196
5.5537385e-05
5.5397821e-05
5.5300549e-05
5.5199235e-05
5.511561e-05
5.5073501e-05
5.5077736e-05
5.5127857e-05
5.5227851e-05
5.5384997e-05
5.5607226e-05
5.5903129e-05
5.6282936e-05
5.6759134e-05
5.7346979e-05
5.8065254e-05
5.8937339e-05
5.9992614e-05
6.1268408e-05
6.2812763e-05
6.4688383e-05
6.697834e-05
6.9794537e-05
7.328973e-05
7.7677303e-05
8.3245518e-05
9.043161e-05
9.9501928e-05
0.00011176152
0.00012081958
5.5096186e-05
5.4912676e-05
5.4770742e-05
5.4619167e-05
5.4485447e-05
5.4395285e-05
5.435216e-05
5.4354989e-05
5.4407361e-05
5.4515387e-05
5.4685763e-05
5.4926309e-05
5.5246598e-05
5.5658191e-05
5.6175113e-05
5.681465e-05
5.7598355e-05
5.8553342e-05
5.971407e-05
6.1124874e-05
6.2843538e-05
6.4946392e-05
6.7535879e-05
7.075073e-05
7.4784414e-05
7.9887355e-05
8.6468486e-05
9.4548464e-05
0.00010589449
0.00011110532
5.4712731e-05
5.4468554e-05
5.4261872e-05
5.4047213e-05
5.3856751e-05
5.3711518e-05
5.3612867e-05
5.3562024e-05
5.3563137e-05
5.3620328e-05
5.3738425e-05
5.3924069e-05
5.4185562e-05
5.4532997e-05
5.4978972e-05
5.5539329e-05
5.6233877e-05
5.7087457e-05
5.8131592e-05
5.9406816e-05
6.0965879e-05
6.2878167e-05
6.5236322e-05
6.8164261e-05
7.1834652e-05
7.6454599e-05
8.2415582e-05
8.9395139e-05
9.9871984e-05
0.00010054917
5.4417884e-05
5.4086376e-05
5.3781374e-05
5.3493208e-05
5.3248748e-05
5.3048308e-05
5.2893235e-05
5.27903e-05
5.2740561e-05
5.2743674e-05
5.2804569e-05
5.2931379e-05
5.3131973e-05
5.3414502e-05
5.3789452e-05
5.4270855e-05
5.4876724e-05
5.5629649e-05
5.6558186e-05
5.7698998e-05
5.9099719e-05
6.0822709e-05
6.2950719e-05
6.5592447e-05
6.8899764e-05
7.3029292e-05
7.8381244e-05
8.4150655e-05
9.3863297e-05
8.9404731e-05
5.4388032e-05
5.3851451e-05
5.3341847e-05
5.2965994e-05
5.2655711e-05
5.2359969e-05
5.2119748e-05
5.1965913e-05
5.1882606e-05
5.1849232e-05
5.186528e-05
5.194112e-05
5.2086606e-05
5.2309571e-05
5.2618704e-05
5.3026044e-05
5.3547671e-05
5.4203975e-05
5.5020774e-05
5.6031179e-05
5.7277988e-05
5.8816738e-05
6.0720493e-05
6.3082612e-05
6.6035841e-05
6.9673445e-05
7.4458259e-05
7.8901537e-05
8.8004085e-05
7.7888718e-05
5.4990633e-05
5.3881685e-05
5.2901805e-05
5.2571148e-05
5.2312227e-05
5.1913561e-05
5.1526631e-05
5.1263671e-05
5.110897e-05
5.1020916e-05
5.0985324e-05
5.1006132e-05
5.1092927e-05
5.1253408e-05
5.1495004e-05
5.1828514e-05
5.2268324e-05
5.2832145e-05
5.3542403e-05
5.4428297e-05
5.5527809e-05
5.6889938e-05
5.8578524e-05
6.0671358e-05
6.3287848e-05
6.6430379e-05
7.0726246e-05
7.3714149e-05
8.2398475e-05
6.6219072e-05
5.7210384e-05
5.4404681e-05
5.2040858e-05
5.1581895e-05
5.1437467e-05
5.1096355e-05
5.0706455e-05
5.0420754e-05
5.0235934e-05
5.0116684e-05
5.0052203e-05
5.0040024e-05
5.0091916e-05
5.0212001e-05
5.0402685e-05
5.0673299e-05
5.1038618e-05
5.1516012e-05
5.2126026e-05
5.2894588e-05
5.3855163e-05
5.5050395e-05
5.6536057e-05
5.8371501e-05
6.0680696e-05
6.3312853e-05
6.7244432e-05
6.8628514e-05
7.7114124e-05
5.461112e-05
6.2011725e-05
5.7916302e-05
5.3540257e-05
5.1938094e-05
5.1329568e-05
5.0729396e-05
5.0196927e-05
4.984279e-05
4.9625776e-05
4.9462582e-05
4.932802e-05
4.9229136e-05
4.9202393e-05
4.9256401e-05
4.9387672e-05
4.9597809e-05
4.9895672e-05
5.0294857e-05
5.0812984e-05
5.1472774e-05
5.2303639e-05
5.3342049e-05
5.4638777e-05
5.6224658e-05
5.8270828e-05
6.0350686e-05
6.4090387e-05
6.3702464e-05
7.2206689e-05
4.3259576e-05
5.348391e-05
5.0380364e-05
4.8358103e-05
4.8671611e-05
4.9173569e-05
4.912398e-05
4.8861583e-05
4.8657204e-05
4.8490693e-05
4.8351528e-05
4.8282407e-05
4.8246271e-05
4.8236156e-05
4.8267547e-05
4.8354591e-05
4.85082e-05
4.8739951e-05
4.9063296e-05
4.9494049e-05
5.0051447e-05
5.0761455e-05
5.1650916e-05
5.2778363e-05
5.410824e-05
5.596755e-05
5.7403459e-05
6.1184574e-05
5.8827512e-05
6.755709e-05
3.2459474e-05
2.2883541e-05
1.284731e-05
2.0365894e-06
-8.7726448e-06
-1.9012667e-05
-2.8425342e-05
-3.6833176e-05
-4.4033127e-05
-4.9822619e-05
-5.4051712e-05
-5.6641784e-05
-5.7610504e-05
-5.7134161e-05
-5.551776e-05
-5.3214187e-05
-5.084217e-05
-4.9045077e-05
-4.8194212e-05
-4.7921626e-05
-4.7673501e-05
-4.7361956e-05
-4.6662512e-05
-4.5244629e-05
-4.3335699e-05
-4.1432356e-05
-3.9787099e-05
-3.8436544e-05
-3.7426502e-05
-3.67425e-05
-3.6421888e-05
6.2999282e-05
5.665525e-05
4.9987549e-05
4.3595362e-05
3.7328087e-05
3.1020305e-05
2.4721943e-05
1.8564774e-05
1.2667143e-05
7.1212525e-06
2.0650121e-06
-2.220534e-06
-5.907362e-06
-9.3723327e-06
-1.248311e-05
-1.4998146e-05
-1.6827314e-05
-1.8369852e-05
-2.0020039e-05
-2.1695321e-05
-2.3176273e-05
-2.4350882e-05
-2.5202857e-05
-2.5983101e-05
-2.6729045e-05
-2.7288004e-05
-2.7749763e-05
-2.8278572e-05
-2.8905605e-05
-2.9348787e-05
5.4906938e-05
5.0639326e-05
4.6136216e-05
4.1377565e-05
3.6287686e-05
3.096213e-05
2.5530568e-05
2.0102529e-05
1.4765676e-05
9.635093e-06
4.8918338e-06
6.7029021e-07
-3.0522719e-06
-6.390735e-06
-9.4259958e-06
-1.2255053e-05
-1.4992347e-05
-1.775125e-05
-2.0513968e-05
-2.2868546e-05
-2.4657053e-05
-2.6066436e-05
-2.6941663e-05
-2.7452685e-05
-2.7937558e-05
-2.8468515e-05
-2.908712e-05
-2.9852361e-05
-3.0818581e-05
-3.1229345e-05
5.8958959e-05
5.6035905e-05
5.2656972e-05
4.8883493e-05
4.4944229e-05
4.0808291e-05
3.6450794e-05
3.1920353e-05
2.7294895e-05
2.2669693e-05
1.8155503e-05
1.3841016e-05
9.7614596e-06
5.9274044e-06
2.3395962e-06
-9.9930801e-07
-4.0810311e-06
-6.8637696e-06
-9.2859828e-06
-1.1357725e-05
-1.3248506e-05
-1.5142946e-05
-1.7108882e-05
-1.9193686e-05
-2.122824e-05
-2.3013082e-05
-2.4564353e-05
-2.5879747e-05
-2.7045484e-05
-2.8028133e-05
5.5195965e-05
5.2952363e-05
5.0473847e-05
4.7797088e-05
4.4734157e-05
4.1345461e-05
3.7724265e-05
3.392598e-05
2.9994172e-05
2.5983863e-05
2.1960271e-05
1.7992208e-05
1.414305e-05
1.0460746e-05
6.9769142e-06
3.713038e-06
6.8192829e-07
-2.1146933e-06
-4.692246e-06
-7.0913002e-06
-9.358478e-06
-1.1515719e-05
-1.3549883e-05
-1.5425636e-05
-1.7140268e-05
-1.8827003e-05
-2.0675315e-05
-2.2742436e-05
-2.5065905e-05
-2.7077589e-05
5.4357097e-05
5.2626961e-05
5.0639589e-05
4.8315514e-05
4.5708869e-05
4.2838038e-05
3.9711895e-05
3.6355526e-05
3.2810964e-05
2.913192e-05
2.5379602e-05
2.1618783e-05
1.7911934e-05
1.4312154e-05
1.0859654e-05
7.5818129e-06
4.4940185e-06
1.6002563e-06
-1.1046677e-06
-3.6313276e-06
-5.9914046e-06
-8.1973852e-06
-1.0265415e-05
-1.2219791e-05
-1.4102059e-05
-1.5953341e-05
-1.7773587e-05
-1.948697e-05
-2.1054182e-05
-2.2307309e-05
5.2626709e-05
5.1157895e-05
4.9504361e-05
4.7585087e-05
4.5386513e-05
4.2921747e-05
4.0205169e-05
3.7254412e-05
3.4098988e-05
3.0780982e-05
2.735149e-05
2.3866674e-05
2.0383469e-05
1.6954757e-05
1.3625295e-05
1.0429555e-05
7.3913625e-06
4.5245032e-06
1.8338385e-06
-6.8367761e-07
-3.0382188e-06
-5.2454699e-06
-7.3236666e-06
-9.2896908e-06
-1.115472e-05
-1.2917626e-05
-1.4570327e-05
-1.6099234e-05
-1.7558998e-05
-1.8880928e-05
5.1519004e-05
5.0260679e-05
4.883356e-05
4.7155212e-05
4.5216618e-05
4.3029626e-05
4.0600745e-05
3.7938942e-05
3.5065089e-05
3.2013138e-05
2.8826951e-05
2.5556779e-05
2.2255751e-05
1.89758e-05
1.5763593e-05
1.2657547e-05
9.6863854e-06
6.8688884e-06
4.2144249e-06
1.7241521e-06
-6.0695623e-07
-2.7872157e-06
-4.8252187e-06
-6.7276372e-06
-8.4991076e-06
-1.0143124e-05
-1.1669031e-05
-1.3078842e-05
-1.4425832e-05
-1.5601636e-05
5.0513205e-05
4.9377692e-05
4.8096402e-05
4.6596538e-05
4.4863302e-05
4.2897517e-05
4.070048e-05
3.8276968e-05
3.564179e-05
3.2821693e-05
2.9853766e-05
2.6782751e-05
2.3657897e-05
2.052925e-05
1.7443748e-05
1.4441966e-05
1.1556069e-05
8.8090846e-06
6.215281e-06
3.7814884e-06
1.5091089e-06
-6.0363029e-07
-2.5598321e-06
-4.362847e-06
-6.0163306e-06
-7.5231922e-06
-8.8884397e-06
-1.0102536e-05
-1.1201773e-05
-1.2071112e-05
4.9734977e-05
4.8689651e-05
4.7511375e-05
4.614117e-05
4.4558385e-05
4.2757701e-05
4.0737007e-05
3.8498589e-05
3.6053102e-05
3.3421733e-05
3.0636012e-05
2.7735971e-05
2.4767311e-05
2.177797e-05
1.8814468e-05
1.5918629e-05
1.3125263e-05
1.0461088e-05
7.9448357e-06
5.5882841e-06
3.3978878e-06
1.3765744e-06
-4.7467086e-07
-2.1555103e-06
-3.6654629e-06
-5.002059e-06
-6.1630672e-06
-7.1336802e-06
-7.9416235e-06
-8.4966906e-06
4.9107881e-05
4.8119074e-05
4.7007294e-05
4.573013e-05
4.426256e-05
4.2591152e-05
4.0710997e-05
3.8623067e-05
3.6334965e-05
3.3863314e-05
3.1234924e-05
2.848575e-05
2.5658332e-05
2.2798578e-05
1.9952347e-05
1.7162247e-05
1.4465168e-05
1.1890912e-05
9.4619888e-06
7.1943602e-06
5.0987956e-06
3.1824873e-06
1.4506006e-06
-9.2348947e-08
-1.4415935e-06
-2.5907562e-06
-3.5340541e-06
-4.2572967e-06
-4.7825912e-06
-5.0498955e-06
4.8617455e-05
4.7664575e-05
4.6596155e-05
4.5387117e-05
4.4007295e-05
4.2436448e-05
4.0667571e-05
3.8701164e-05
3.6542757e-05
3.4205342e-05
3.1711802e-05
2.909463e-05
2.6393596e-05
2.3652706e-05
2.0917013e-05
1.8229547e-05
1.5628778e-05
1.314704e-05
1.081005e-05
8.6373911e-06
6.6436543e-06
4.8398612e-06
3.2348716e-06
1.836588e-06
6.5267742e-07
-3.0862415e-07
-1.0403022e-06
-1.5305668e-06
-1.7968345e-06
-1.8064102e-06
4.8237912e-05
4.7303872e-05
4.6260553e-05
4.5099956e-05
4.3787084e-05
4.2295079e-05
4.0615329e-05
3.8748427e-05
3.6698449e-05
3.4475361e-05
3.2098682e-05
2.9597939e-05
2.7010507e-05
2.4378655e-05
2.1746574e-05
1.915748e-05
1.6651069e-05
1.426177e-05
1.2018023e-05
9.9425195e-06
8.0531019e-06
6.3639669e-06
4.8868553e-06
3.6320141e-06
2.608738e-06
1.8257326e-06
1.2898903e-06
1.0096195e-06
9.7045484e-07
1.1835075e-06
4.7951284e-05
4.7022862e-05
4.5991244e-05
4.4864331e-05
4.3602305e-05
4.2171962e-05
4.0563551e-05
3.8778337e-05
3.6819475e-05
3.4694291e-05
3.241931e-05
3.0021521e-05
2.7536257e-05
2.5004219e-05
2.2468696e-05
1.9972897e-05
1.7557451e-05
1.5258496e-05
1.3106737e-05
1.1127444e-05
9.3411045e-06
7.7643853e-06
6.4110786e-06
5.2927991e-06
4.4193355e-06
3.7985332e-06
3.4355209e-06
3.3330544e-06
3.4760019e-06
3.8600816e-06
4.7742344e-05
4.6808058e-05
4.5777018e-05
4.4672162e-05
4.3448599e-05
4.2066295e-05
4.0514742e-05
3.879676e-05
3.6915132e-05
3.4874607e-05
3.2688818e-05
3.0382573e-05
2.7989529e-05
2.5548965e-05
2.3103211e-05
2.0695304e-05
1.836655e-05
1.6154458e-05
1.409157e-05
1.2205221e-05
1.0517962e-05
9.0482596e-06
7.8111897e-06
6.8188672e-06
6.0806244e-06
5.602504e-06
5.387238e-06
5.4316941e-06
5.7250742e-06
6.2204078e-06
4.7600483e-05
4.6648861e-05
4.5607291e-05
4.4515312e-05
4.332134e-05
4.197656e-05
4.0469675e-05
3.880685e-05
3.6991253e-05
3.5024713e-05
3.2917771e-05
3.0693387e-05
2.8383938e-05
2.6027385e-05
2.3665002e-05
2.1339489e-05
1.9092614e-05
1.6962953e-05
1.4984482e-05
1.3186131e-05
1.1591975e-05
1.0221675e-05
9.0909213e-06
8.2116112e-06
7.591915e-06
7.235474e-06
7.1420606e-06
7.303057e-06
7.707442e-06
8.2936319e-06
4.7520637e-05
4.6537848e-05
4.5471588e-05
4.4384937e-05
4.3215634e-05
4.190022e-05
4.042732e-05
3.8809378e-05
3.7050901e-05
3.5149908e-05
3.3113332e-05
3.096267e-05
2.8729451e-05
2.6450359e-05
2.4165449e-05
2.1916929e-05
1.9746847e-05
1.7694567e-05
1.5795134e-05
1.4078645e-05
1.2570224e-05
1.1290203e-05
1.0254336e-05
9.4737541e-06
8.9549903e-06
8.6988877e-06
8.7022002e-06
8.9505213e-06
9.4344747e-06
1.007365e-05
4.7503065e-05
4.6471354e-05
4.5360396e-05
4.4272231e-05
4.3126314e-05
4.183451e-05
4.0385815e-05
3.8803822e-05
3.7095579e-05
3.5253634e-05
3.3280505e-05
3.119677e-05
2.9033588e-05
2.6826288e-05
2.4613486e-05
2.2436752e-05
2.0338261e-05
1.8357916e-05
1.6531496e-05
1.488989e-05
1.3458865e-05
1.2258999e-05
1.1305686e-05
1.0608901e-05
1.0173287e-05
9.9967215e-06
1.0073248e-05
1.0382832e-05
1.0919614e-05
1.1584591e-05
4.7550591e-05
4.6447969e-05
4.5265011e-05
4.4169524e-05
4.3049839e-05
4.1777178e-05
4.0342864e-05
3.8788862e-05
3.7125852e-05
3.5338127e-05
3.3422809e-05
3.1400379e-05
2.9302097e-05
2.7161718e-05
2.5016151e-05
2.2906218e-05
2.0874089e-05
1.8959965e-05
1.7200065e-05
1.562575e-05
1.4263103e-05
1.3132615e-05
1.2249025e-05
1.1620916e-05
1.1251022e-05
1.1134257e-05
1.1262787e-05
1.1611e-05
1.2180387e-05
1.2850372e-05
4.766881e-05
4.6465756e-05
4.5174634e-05
4.4069201e-05
4.2984563e-05
4.1727533e-05
4.0296477e-05
3.8763187e-05
3.7142113e-05
3.5405082e-05
3.3542941e-05
3.1577213e-05
2.9539611e-05
2.7461919e-05
2.5379071e-05
2.3331093e-05
2.1360042e-05
1.9506193e-05
1.780594e-05
1.6290859e-05
1.4987089e-05
1.3914791e-05
1.308788e-05
1.2513444e-05
1.2192545e-05
1.2117226e-05
1.2279175e-05
1.2646701e-05
1.3235562e-05
1.3895344e-05
4.7880227e-05
4.6527076e-05
4.5075273e-05
4.3961975e-05
4.2929617e-05
4.1685118e-05
4.0244636e-05
3.8725767e-05
3.7144755e-05
3.5455687e-05
3.3642838e-05
3.1730136e-05
2.97498e-05
2.773108e-05
2.5706715e-05
2.3715918e-05
2.180054e-05
2.0000741e-05
1.8352889e-05
1.6888585e-05
1.5633839e-05
1.4608316e-05
1.3825043e-05
1.3289615e-05
1.3001791e-05
1.2951056e-05
1.3130756e-05
1.3501011e-05
1.4104921e-05
1.474205e-05
4.8246333e-05
4.6655996e-05
4.495628e-05
4.3840011e-05
4.2886029e-05
4.164998e-05
4.0186184e-05
3.8676886e-05
3.7135224e-05
3.5491595e-05
3.3724608e-05
3.1861923e-05
2.9935855e-05
2.7972571e-05
2.6002553e-05
2.4064185e-05
2.2198944e-05
2.0446696e-05
1.8843658e-05
1.742134e-05
1.6205503e-05
1.5215252e-05
1.4462766e-05
1.3952284e-05
1.3682811e-05
1.3640564e-05
1.3825219e-05
1.418303e-05
1.480782e-05
1.5406164e-05
4.8868115e-05
4.6901192e-05
4.4810399e-05
4.369873e-05
4.2854444e-05
4.1618521e-05
4.0117527e-05
3.8615612e-05
3.7114019e-05
3.5513772e-05
3.3790302e-05
3.1975678e-05
3.0101211e-05
2.8189563e-05
2.6269338e-05
2.4378231e-05
2.2557164e-05
2.0845549e-05
1.9279385e-05
1.7890009e-05
1.6702845e-05
1.5736484e-05
1.5002379e-05
1.450346e-05
1.423826e-05
1.4190495e-05
1.4369118e-05
1.4698075e-05
1.5359074e-05
1.5878811e-05
4.9902006e-05
4.7325175e-05
4.4643338e-05
4.3552419e-05
4.2842441e-05
4.1589358e-05
4.0039891e-05
3.8545055e-05
3.7081883e-05
3.5522311e-05
3.3840842e-05
3.2073704e-05
3.0249175e-05
2.8385755e-05
2.6510556e-05
2.4660881e-05
2.2877164e-05
2.1198407e-05
1.9660504e-05
1.8294619e-05
1.7125721e-05
1.6172139e-05
1.5444432e-05
1.4944376e-05
1.4670852e-05
1.4604266e-05
1.4766013e-05
1.5046728e-05
1.5763591e-05
1.6131335e-05
5.1516678e-05
4.7968225e-05
4.4465164e-05
4.3427896e-05
4.2851802e-05
4.1558798e-05
3.9962162e-05
3.8477925e-05
3.7047494e-05
3.5523721e-05
3.3879907e-05
3.2157114e-05
3.0378759e-05
2.8559234e-05
2.6723941e-05
2.4909457e-05
2.3155706e-05
2.1501471e-05
1.9982787e-05
1.8630958e-05
1.7470773e-05
1.6519643e-05
1.5787391e-05
1.5275324e-05
1.4981846e-05
1.488422e-05
1.5016371e-05
1.5223894e-05
1.5985895e-05
1.6005838e-05
5.382667e-05
4.8854054e-05
4.433295e-05
4.3370785e-05
4.2863632e-05
4.1504433e-05
3.9881455e-05
3.8421201e-05
3.7023532e-05
3.553785e-05
3.3930443e-05
3.2247522e-05
3.0506445e-05
2.8721049e-05
2.6915637e-05
2.5126047e-05
2.3391642e-05
2.1751389e-05
2.0241026e-05
1.889279e-05
1.7730941e-05
1.6772913e-05
1.6027206e-05
1.549451e-05
1.5171404e-05
1.5033193e-05
1.512114e-05
1.5234445e-05
1.6009714e-05
1.5229036e-05
5.6883409e-05
4.993207e-05
4.4466876e-05
4.3494955e-05
4.2897553e-05
4.1433923e-05
3.9796951e-05
3.8359265e-05
3.6984611e-05
3.5521176e-05
3.3967412e-05
3.232817e-05
3.0619877e-05
2.8860722e-05
2.7074381e-05
2.5297546e-05
2.3569602e-05
2.1932265e-05
2.0422776e-05
1.9067552e-05
1.7894433e-05
1.6922964e-05
1.6158091e-05
1.5600648e-05
1.5243433e-05
1.5061614e-05
1.5090309e-05
1.5100494e-05
1.5817269e-05
1.3453043e-05
6.0404536e-05
5.1055459e-05
4.5012335e-05
4.3868243e-05
4.308304e-05
4.1539106e-05
3.9895353e-05
3.8445767e-05
3.7070957e-05
3.5640869e-05
3.4092727e-05
3.2457715e-05
3.0757105e-05
2.9001706e-05
2.7211651e-05
2.5425851e-05
2.3681861e-05
2.2024503e-05
2.0497263e-05
1.9124842e-05
1.7935227e-05
1.6947377e-05
1.6167351e-05
1.5590848e-05
1.5207319e-05
1.4992689e-05
1.4960516e-05
1.4942571e-05
1.560124e-05
1.1339964e-05
6.4323089e-05
5.2477141e-05
4.5562492e-05
4.3865655e-05
4.2858487e-05
4.1431766e-05
3.9924611e-05
3.8505302e-05
3.7119092e-05
3.5683752e-05
3.4186181e-05
3.2578076e-05
3.0874605e-05
2.9103184e-05
2.7295153e-05
2.5486716e-05
2.3726487e-05
2.2045999e-05
2.0488032e-05
1.9092077e-05
1.7884578e-05
1.688155e-05
1.609163e-05
1.5507033e-05
1.511536e-05
1.489071e-05
1.4807672e-05
1.4762635e-05
1.5099698e-05
9.5249138e-06
6.8705563e-05
5.6702538e-05
4.9054867e-05
4.5607437e-05
4.3590048e-05
4.1954002e-05
4.0416512e-05
3.8952118e-05
3.7528065e-05
3.6069826e-05
3.4510271e-05
3.2848787e-05
3.1088769e-05
2.9248974e-05
2.7363605e-05
2.5475439e-05
2.3629333e-05
2.1880716e-05
2.0272051e-05
1.8841419e-05
1.7619195e-05
1.6624303e-05
1.5860041e-05
1.5315246e-05
1.4965366e-05
1.4775647e-05
1.4702029e-05
1.471041e-05
1.4915961e-05
1.0659747e-05
-3.6613273e-05
-3.122671e-05
-3.393249e-05
-3.1624693e-05
-2.9870584e-05
-2.4536155e-05
-2.0958658e-05
-1.7595771e-05
-1.377988e-05
-9.8296512e-06
-5.9906034e-06
-2.3745302e-06
9.4061071e-07
3.9075872e-06
6.4904359e-06
8.7377828e-06
1.0661663e-05
1.2295438e-05
1.3678175e-05
1.485465e-05
1.5884528e-05
1.6857972e-05
1.7909721e-05
1.9214894e-05
2.0929422e-05
2.3027333e-05
2.5093639e-05
2.642631e-05
2.7160776e-05
2.594705e-05
-3.6489665e-05
-3.2110661e-05
-3.4062531e-05
-3.3162133e-05
-3.1836639e-05
-2.8135038e-05
-2.4038254e-05
-2.0720421e-05
-1.7031247e-05
-1.3044552e-05
-9.0402076e-06
-5.1947893e-06
-1.6211017e-06
1.6128299e-06
4.4828213e-06
6.9912599e-06
9.1524449e-06
1.0992997e-05
1.2542568e-05
1.3828675e-05
1.487396e-05
1.5694001e-05
1.6296316e-05
1.6677524e-05
1.6846597e-05
1.6853371e-05
1.6871936e-05
1.6906669e-05
1.813654e-05
1.7667815e-05
-3.6216616e-05
-3.271326e-05
-3.3967721e-05
-3.427969e-05
-3.343742e-05
-3.1675354e-05
-2.8066696e-05
-2.4448415e-05
-2.0867767e-05
-1.693981e-05
-1.2804944e-05
-8.7027287e-06
-4.8090623e-06
-1.2290275e-06
1.9962756e-06
4.8504532e-06
7.3388704e-06
9.4815398e-06
1.1305097e-05
1.2835535e-05
1.4092648e-05
1.508611e-05
1.5816601e-05
1.6281915e-05
1.650474e-05
1.6551269e-05
1.6637679e-05
1.6836377e-05
1.8107024e-05
1.9004466e-05
-3.5914003e-05
-3.3099811e-05
-3.4165071e-05
-3.5242748e-05
-3.5416486e-05
-3.4702937e-05
-3.2211158e-05
-2.861457e-05
-2.4943486e-05
-2.0981846e-05
-1.66842e-05
-1.2256783e-05
-7.9621809e-06
-3.9635592e-06
-3.2685592e-07
2.9215648e-06
5.7777828e-06
8.2592974e-06
1.0397035e-05
1.2228127e-05
1.3791411e-05
1.5125365e-05
1.6269135e-05
1.7261465e-05
1.8147336e-05
1.896349e-05
1.978939e-05
2.0610904e-05
2.1658528e-05
2.2284541e-05
-3.5576414e-05
-3.3312401e-05
-3.4379628e-05
-3.5790514e-05
-3.7114658e-05
-3.7441635e-05
-3.6160665e-05
-3.3260473e-05
-2.9477088e-05
-2.5398478e-05
-2.1004834e-05
-1.6262735e-05
-1.1521953e-05
-7.0498408e-06
-2.9413073e-06
7.5996316e-07
4.0353389e-06
6.8941091e-06
9.3646124e-06
1.1488488e-05
1.3311754e-05
1.4878713e-05
1.6231622e-05
1.7408304e-05
1.8444838e-05
1.9365172e-05
2.0206487e-05
2.098073e-05
2.182153e-05
2.262743e-05
-3.5191475e-05
-3.3462797e-05
-3.454174e-05
-3.6034837e-05
-3.8055107e-05
-3.9677041e-05
-3.9908233e-05
-3.8190461e-05
-3.4767972e-05
-3.0577579e-05
-2.6108782e-05
-2.107444e-05
-1.5804492e-05
-1.0758749e-05
-6.0804975e-06
-1.8474091e-06
1.9263347e-06
5.2423772e-06
8.1129957e-06
1.057508e-05
1.2676441e-05
1.446375e-05
1.5982199e-05
1.7274199e-05
1.8381002e-05
1.9340978e-05
2.0200889e-05
2.1000018e-05
2.1811416e-05
2.2668678e-05
-3.4773016e-05
-3.357477e-05
-3.4669343e-05
-3.6205234e-05
-3.847146e-05
-4.0973812e-05
-4.27676e-05
-4.2932617e-05
-4.0785074e-05
-3.6618318e-05
-3.1916353e-05
-2.6842297e-05
-2.1074316e-05
-1.5289685e-05
-9.7819343e-06
-4.8495078e-06
-4.6479765e-07
3.3925651e-06
6.740519e-06
9.6225503e-06
1.2084054e-05
1.4170339e-05
1.5934511e-05
1.7430445e-05
1.8705973e-05
1.9802607e-05
2.0759903e-05
2.1611917e-05
2.2386952e-05
2.3132615e-05
-3.4316058e-05
-3.3638408e-05
-3.4796142e-05
-3.6390006e-05
-3.8712541e-05
-4.1571179e-05
-4.4390565e-05
-4.6290074e-05
-4.6241792e-05
-4.3679912e-05
-3.8830248e-05
-3.2998739e-05
-2.7205626e-05
-2.0910158e-05
-1.4410787e-05
-8.4914095e-06
-3.164616e-06
1.4338368e-06
5.3535898e-06
8.7174186e-06
1.1589291e-05
1.4013051e-05
1.605302e-05
1.7774148e-05
1.9227265e-05
2.0454836e-05
2.1496132e-05
2.2387903e-05
2.3155679e-05
2.3844845e-05
-3.3796005e-05
-3.3653136e-05
-3.4888242e-05
-3.6572217e-05
-3.8934468e-05
-4.1901746e-05
-4.5175999e-05
-4.815862e-05
-4.9915543e-05
-4.952916e-05
-4.6448377e-05
-4.0937387e-05
-3.4035451e-05
-2.6671928e-05
-1.9837065e-05
-1.3134509e-05
-6.6020524e-06
-9.0659875e-07
3.8821103e-06
7.9526014e-06
1.1364463e-05
1.4170791e-05
1.649023e-05
1.8423219e-05
2.0031886e-05
2.1365642e-05
2.2472953e-05
2.3399782e-05
2.4179273e-05
2.4858933e-05
-3.3198758e-05
-3.3583285e-05
-3.4904784e-05
-3.6690868e-05
-3.9123796e-05
-4.2167277e-05
-4.5626461e-05
-4.9120771e-05
-5.1938482e-05
-5.32434e-05
-5.2182798e-05
-4.8457921e-05
-4.2280816e-05
-3.4348745e-05
-2.5822013e-05
-1.7493235e-05
-1.0200722e-05
-3.6453172e-06
2.0768391e-06
7.0922449e-06
1.1276802e-05
1.4633371e-05
1.7352857e-05
1.9577983e-05
2.1387684e-05
2.2846207e-05
2.4017131e-05
2.4958172e-05
2.5714846e-05
2.6343303e-05
-3.2597603e-05
-3.3420819e-05
-3.4832943e-05
-3.6703664e-05
-3.92011e-05
-4.2315753e-05
-4.5897564e-05
-4.9645972e-05
-5.297237e-05
-5.5218081e-05
-5.5608075e-05
-5.3522573e-05
-4.8664296e-05
-4.1399118e-05
-3.2606536e-05
-2.3251419e-05
-1.4206331e-05
-6.0541617e-06
1.2561069e-06
7.219804e-06
1.196554e-05
1.5761932e-05
1.88368e-05
2.1333084e-05
2.3327698e-05
2.489537e-05
2.6127951e-05
2.7082412e-05
2.7797815e-05
2.8341819e-05
-3.2098137e-05
-3.3203804e-05
-3.468027e-05
-3.6609396e-05
-3.9137379e-05
-4.2266176e-05
-4.5888775e-05
-4.9737481e-05
-5.3313996e-05
-5.5986247e-05
-5.7099735e-05
-5.5977461e-05
-5.2186361e-05
-4.5790568e-05
-3.7309605e-05
-2.7601667e-05
-1.7513488e-05
-8.2635351e-06
1.2178592e-07
7.3600268e-06
1.3298041e-05
1.7967772e-05
2.1595305e-05
2.4456359e-05
2.6653229e-05
2.8263118e-05
2.9407196e-05
3.0203115e-05
3.0733091e-05
3.107561e-05
-3.1711884e-05
-3.2973167e-05
-3.4490158e-05
-3.6445833e-05
-3.8957253e-05
-4.2035608e-05
-4.5590108e-05
-4.9340528e-05
-5.2880559e-05
-5.5633235e-05
-5.695732e-05
-5.6203265e-05
-5.2843368e-05
-4.6892518e-05
-3.8713004e-05
-2.9039634e-05
-1.8756139e-05
-8.6785541e-06
5.1683753e-07
8.6326156e-06
1.5430686e-05
2.088439e-05
2.5107331e-05
2.8276672e-05
3.0611604e-05
3.2302954e-05
3.3481001e-05
3.4260156e-05
3.4703526e-05
3.4962787e-05
-3.1431097e-05
-3.2779575e-05
-3.432131e-05
-3.6282455e-05
-3.8756245e-05
-4.1740284e-05
-4.5117964e-05
-4.8651235e-05
-5.1957778e-05
-5.4466148e-05
-5.5548211e-05
-5.4615493e-05
-5.124876e-05
-4.5333856e-05
-3.7152074e-05
-2.7479265e-05
-1.7027786e-05
-6.6713185e-06
2.9914393e-06
1.153128e-05
1.8721406e-05
2.4550926e-05
2.9100375e-05
3.248923e-05
3.4935716e-05
3.6650348e-05
3.7785104e-05
3.8474515e-05
3.8795198e-05
3.9000074e-05
-3.1286629e-05
-3.2674148e-05
-3.4229604e-05
-3.6191818e-05
-3.8638807e-05
-4.154632e-05
-4.4761199e-05
-4.808169e-05
-5.1222056e-05
-5.3459277e-05
-5.3914403e-05
-5.2143229e-05
-4.8091805e-05
-4.1854268e-05
-3.3741969e-05
-2.4162077e-05
-1.3847017e-05
-3.5461897e-06
6.0886528e-06
1.459423e-05
2.1817343e-05
2.771945e-05
3.2275356e-05
3.5649459e-05
3.8074785e-05
3.9742339e-05
4.0805213e-05
4.1398979e-05
4.1636029e-05
4.163883e-05
-3.1294989e-05
-3.2684986e-05
-3.4246447e-05
-3.621733e-05
-3.8672972e-05
-4.1587124e-05
-4.4800776e-05
-4.8102829e-05
-5.1225197e-05
-5.3447423e-05
-5.3868664e-05
-5.204461e-05
-4.7944141e-05
-4.1684727e-05
-3.3522426e-05
-2.3913813e-05
-1.3609636e-05
-3.3416334e-06
6.2484052e-06
1.4708197e-05
2.1883229e-05
2.7738198e-05
3.2259307e-05
3.5607234e-05
3.8012319e-05
3.9666258e-05
4.0722012e-05
4.1313787e-05
4.1553006e-05
4.1561416e-05
-3.1456689e-05
-3.2811427e-05
-3.4370989e-05
-3.6357684e-05
-3.8856761e-05
-4.186099e-05
-4.5244356e-05
-4.8759221e-05
-5.202637e-05
-5.4464572e-05
-5.5434278e-05
-5.4359043e-05
-5.0852064e-05
-4.4817784e-05
-3.6601644e-05
-2.6936901e-05
-1.6508826e-05
-6.2347734e-06
3.3301121e-06
1.1767077e-05
1.8862526e-05
2.4607979e-05
2.9090128e-05
3.2441556e-05
3.4861285e-05
3.6554875e-05
3.7676956e-05
3.8361272e-05
3.8682462e-05
3.8892756e-05
-3.1752989e-05
-3.3023699e-05
-3.4570221e-05
-3.6566709e-05
-3.9116903e-05
-4.222473e-05
-4.5787713e-05
-4.9512911e-05
-5.2988568e-05
-5.5622623e-05
-5.6791645e-05
-5.5857055e-05
-5.2335396e-05
-4.6273848e-05
-3.8052923e-05
-2.8395497e-05
-1.817624e-05
-8.2077851e-06
8.6881013e-07
8.8653135e-06
1.5559704e-05
2.0930601e-05
2.5091164e-05
2.822064e-05
3.0533883e-05
3.2212411e-05
3.3384132e-05
3.4162999e-05
3.4611e-05
3.4878279e-05
-3.2152786e-05
-3.3269892e-05
-3.4787051e-05
-3.6769994e-05
-3.934655e-05
-4.2510424e-05
-4.6139886e-05
-4.9949552e-05
-5.3442948e-05
-5.596043e-05
-5.689256e-05
-5.5586591e-05
-5.1640995e-05
-4.5153593e-05
-3.6655265e-05
-2.6993454e-05
-1.7000225e-05
-7.8600872e-06
4.1018384e-07
7.5488407e-06
1.3408884e-05
1.8029653e-05
2.1619956e-05
2.4437431e-05
2.6609589e-05
2.820833e-05
2.934636e-05
3.0139751e-05
3.0669492e-05
3.1013732e-05
-3.2665696e-05
-3.3499772e-05
-3.4962109e-05
-3.6896121e-05
-3.9446538e-05
-4.2601198e-05
-4.6181957e-05
-4.987473e-05
-5.307936e-05
-5.5175551e-05
-5.538137e-05
-5.312141e-05
-4.8136959e-05
-4.0818603e-05
-3.2040879e-05
-2.274847e-05
-1.3792778e-05
-5.7335494e-06
1.481911e-06
7.3754988e-06
1.2067595e-05
1.5820737e-05
1.8857812e-05
2.1324064e-05
2.3300566e-05
2.4857601e-05
2.6081981e-05
2.7035504e-05
2.7755537e-05
2.830173e-05
-3.3277023e-05
-3.3672176e-05
-3.5050057e-05
-3.6907745e-05
-3.9399633e-05
-4.247894e-05
-4.5927842e-05
-4.9354953e-05
-5.204118e-05
-5.3179193e-05
-5.1940291e-05
-4.8071294e-05
-4.1816255e-05
-3.3874309e-05
-2.5383876e-05
-1.71145e-05
-9.8843109e-06
-3.3954908e-06
2.2486574e-06
7.1949895e-06
1.1346289e-05
1.4678025e-05
1.7374238e-05
1.958097e-05
2.1378336e-05
2.2829141e-05
2.3995483e-05
2.4934154e-05
2.569028e-05
2.6318228e-05
-3.3879978e-05
-3.3749928e-05
-3.5048147e-05
-3.6808738e-05
-3.9234206e-05
-4.222811e-05
-4.5480202e-05
-4.8376889e-05
-4.9987912e-05
-4.9435393e-05
-4.6207407e-05
-4.06014e-05
-3.3666071e-05
-2.630972e-05
-1.9506657e-05
-1.2856076e-05
-6.3789724e-06
-7.3564657e-07
4.0076055e-06
8.0387808e-06
1.1424829e-05
1.4210973e-05
1.65124e-05
1.8430965e-05
2.0029553e-05
2.135677e-05
2.2459965e-05
2.3384475e-05
2.4163288e-05
2.4842997e-05
-3.4404075e-05
-3.374087e-05
-3.4969012e-05
-3.6641433e-05
-3.902429e-05
-4.1898079e-05
-4.4676289e-05
-4.6469228e-05
-4.6270399e-05
-4.3566171e-05
-3.8621876e-05
-3.2739336e-05
-2.6923816e-05
-2.0634941e-05
-1.4168378e-05
-8.2899003e-06
-3.0024563e-06
1.5607324e-06
5.4490708e-06
8.7856762e-06
1.1636438e-05
1.4043978e-05
1.6071014e-05
1.7782284e-05
1.9228518e-05
2.0451584e-05
2.149008e-05
2.2380294e-05
2.3147543e-05
2.3836533e-05
-3.486432e-05
-3.3680585e-05
-3.4849642e-05
-3.646604e-05
-3.8785332e-05
-4.1284589e-05
-4.3015435e-05
-4.3064698e-05
-4.0783377e-05
-3.6507911e-05
-3.1749011e-05
-2.6640859e-05
-2.086037e-05
-1.5087079e-05
-9.605449e-06
-4.702075e-06
-3.4511654e-07
3.486664e-06
6.8118076e-06
9.6746305e-06
1.2120955e-05
1.4195546e-05
1.5950592e-05
1.7439522e-05
1.8709968e-05
1.9803125e-05
2.0758177e-05
2.1608851e-05
2.2383296e-05
2.3128664e-05
-3.5284937e-05
-3.3569923e-05
-3.4726712e-05
-3.6299922e-05
-3.836029e-05
-3.9956623e-05
-4.0107866e-05
-3.8284433e-05
-3.4761565e-05
-3.048756e-05
-2.5965614e-05
-2.0919055e-05
-1.5646281e-05
-1.0609626e-05
-5.949501e-06
-1.7373187e-06
2.0159811e-06
5.3132088e-06
8.1673136e-06
1.0615598e-05
1.2705864e-05
1.4484433e-05
1.5996056e-05
1.728287e-05
1.8385919e-05
1.9343314e-05
2.0201563e-05
2.0999729e-05
2.1810761e-05
2.2667901e-05
-3.5670569e-05
-3.3419873e-05
-3.4566041e-05
-3.6054881e-05
-3.7400999e-05
-3.7683036e-05
-3.6315699e-05
-3.3329261e-05
-2.9465209e-05
-2.5324234e-05
-2.0895689e-05
-1.6142856e-05
-1.1400936e-05
-6.9364036e-06
-2.8418039e-06
8.4343711e-07
4.1033143e-06
6.948051e-06
9.4063521e-06
1.1520035e-05
1.3335076e-05
1.4895559e-05
1.6243487e-05
1.7416475e-05
1.8450342e-05
1.9368819e-05
2.0208888e-05
2.0982371e-05
2.1822894e-05
2.2628741e-05
-3.600678e-05
-3.3206646e-05
-3.4351284e-05
-3.5501736e-05
-3.5679746e-05
-3.4903151e-05
-3.2336326e-05
-2.8674438e-05
-2.4935108e-05
-2.0918961e-05
-1.659646e-05
-1.2161499e-05
-7.8677544e-06
-3.8761575e-06
-2.5041034e-07
2.9857857e-06
5.8302683e-06
8.3012015e-06
1.0429759e-05
1.2253189e-05
1.3810295e-05
1.5139396e-05
1.6279452e-05
1.7269042e-05
1.8152884e-05
1.8967692e-05
1.9792742e-05
2.0613512e-05
2.1660547e-05
2.2286361e-05
-3.6308301e-05
-3.2818215e-05
-3.415364e-05
-3.4529052e-05
-3.3677914e-05
-3.1838067e-05
-2.8168516e-05
-2.4502043e-05
-2.0859766e-05
-1.6888751e-05
-1.2735496e-05
-8.6276687e-06
-4.7352954e-06
-1.1612653e-06
2.0555811e-06
4.9004883e-06
7.3799449e-06
9.5145099e-06
1.1331063e-05
1.2855687e-05
1.4108132e-05
1.5097943e-05
1.582566e-05
1.6288929e-05
1.6510229e-05
1.655577e-05
1.664148e-05
1.6839611e-05
1.8110207e-05
1.9007349e-05
-3.6580299e-05
-3.2213875e-05
-3.4248436e-05
-3.3397645e-05
-3.2040388e-05
-2.8266839e-05
-2.4123751e-05
-2.0754141e-05
-1.7015945e-05
-1.2999364e-05
-8.9828479e-06
-5.1345094e-06
-1.5632966e-06
1.6650641e-06
4.5277707e-06
7.0288511e-06
9.1830434e-06
1.1017379e-05
1.2561742e-05
1.3843671e-05
1.4885719e-05
1.5703343e-05
1.6303951e-05
1.6683987e-05
1.6852375e-05
1.6858933e-05
1.6877339e-05
1.6911646e-05
1.814115e-05
1.7672419e-05
-3.6702958e-05
-3.1327365e-05
-3.4118233e-05
-3.184424e-05
-3.0040819e-05
-2.4648054e-05
-2.1030461e-05
-1.761906e-05
-1.3763737e-05
-9.790972e-06
-5.9429145e-06
-2.3253972e-06
9.8702144e-07
3.9492711e-06
6.5247231e-06
8.765913e-06
1.0684143e-05
1.231304e-05
1.3691875e-05
1.4865393e-05
1.5893139e-05
1.6865169e-05
1.7916132e-05
1.922103e-05
2.0935595e-05
2.3033613e-05
2.5099696e-05
2.6431801e-05
2.7165499e-05
2.595125e-05
4.1351027e-05
3.2462524e-05
2.694845e-05
2.6800922e-05
2.7374657e-05
2.7128107e-05
2.65752e-05
2.6200304e-05
2.601771e-05
2.5905669e-05
2.5812672e-05
2.5745044e-05
2.5709964e-05
2.5699786e-05
2.5703086e-05
2.5713112e-05
2.5728835e-05
2.5752952e-05
2.5783176e-05
2.5815121e-05
2.584953e-05
2.5882818e-05
2.5909276e-05
2.5927596e-05
2.5935452e-05
2.5934553e-05
2.592578e-05
2.5908977e-05
2.5884002e-05
2.5851135e-05
2.5810255e-05
2.5761471e-05
2.5704769e-05
2.5639737e-05
2.5564359e-05
2.5476439e-05
2.5376902e-05
2.5269349e-05
2.5154196e-05
2.503029e-05
2.4899037e-05
2.4762266e-05
2.4621126e-05
2.4476868e-05
2.4330046e-05
2.4181348e-05
2.4031098e-05
2.3874529e-05
2.371016e-05
2.3542148e-05
2.3377045e-05
2.3214531e-05
2.3054115e-05
2.2896192e-05
2.2739982e-05
2.2584793e-05
2.2429819e-05
2.2274518e-05
2.2118769e-05
2.1962588e-05
2.1806123e-05
2.1649518e-05
2.1492903e-05
2.1336355e-05
2.1179865e-05
2.1023431e-05
2.0867039e-05
2.0710677e-05
2.0554334e-05
2.0398001e-05
2.0241672e-05
2.0085345e-05
1.992902e-05
1.9772696e-05
1.9616372e-05
1.9460049e-05
1.9303728e-05
1.9147407e-05
1.8991088e-05
1.883477e-05
1.8678453e-05
1.8522138e-05
1.8365824e-05
1.8209511e-05
1.8053199e-05
1.7896887e-05
1.7740577e-05
1.7584267e-05
1.7427958e-05
1.7271649e-05
1.7115341e-05
1.6959034e-05
1.6802727e-05
1.664642e-05
1.6490114e-05
1.6333808e-05
1.6177502e-05
1.6021196e-05
1.5864891e-05
1.5708586e-05
1.5552281e-05
1.5395976e-05
1.5239671e-05
1.5083367e-05
1.4927062e-05
1.4770758e-05
1.4614454e-05
1.445815e-05
1.4301845e-05
1.4145541e-05
1.3989237e-05
1.3832933e-05
1.3676629e-05
1.3520325e-05
1.3364021e-05
1.3207718e-05
1.3051414e-05
1.289511e-05
1.2738806e-05
1.2582502e-05
1.2426198e-05
1.2269895e-05
1.2113591e-05
1.1957287e-05
1.1800983e-05
1.164468e-05
1.1488376e-05
1.1332072e-05
1.1175768e-05
1.1019465e-05
1.0863161e-05
1.0706857e-05
1.0550553e-05
1.039425e-05
1.0237946e-05
1.0081642e-05
9.9253384e-06
9.7690346e-06
9.6127308e-06
9.4564269e-06
9.3001231e-06
9.1438192e-06
8.9875153e-06
8.8312114e-06
8.6749075e-06
8.5186035e-06
8.3622995e-06
8.2059955e-06
8.0496915e-06
7.8933875e-06
7.7370834e-06
7.5807793e-06
7.4244752e-06
7.2681711e-06
7.1118669e-06
6.9555628e-06
6.7992586e-06
6.6429543e-06
6.4866501e-06
6.3303458e-06
6.1740415e-06
6.0177372e-06
5.8614328e-06
5.7051285e-06
5.5488241e-06
5.3925196e-06
5.2362152e-06
5.0799107e-06
4.9236062e-06
4.7673016e-06
4.6109971e-06
4.4546925e-06
4.2983878e-06
4.1420832e-06
3.9857785e-06
3.8294738e-06
3.6731691e-06
3.5168643e-06
3.3605595e-06
3.2042547e-06
3.0479499e-06
2.891645e-06
2.7353401e-06
2.5790352e-06
2.4227303e-06
2.2664253e-06
2.1101204e-06
1.9538154e-06
1.7975103e-06
1.6412053e-06
1.4849002e-06
1.3285951e-06
1.17229e-06
1.0159848e-06
8.5967958e-07
7.0337434e-07
5.4706904e-07
3.9076369e-07
2.3445828e-07
7.8152777e-08
2.9186526e-05
2.9028773e-05
2.5869957e-05
2.5338352e-05
2.6160678e-05
2.6527277e-05
2.6332034e-05
2.6081756e-05
2.5970555e-05
2.5928611e-05
2.5886378e-05
2.5842137e-05
2.5812469e-05
2.5800402e-05
2.5799543e-05
2.5804241e-05
2.5812447e-05
2.5825256e-05
2.584806e-05
2.588045e-05
2.5921864e-05
2.5953518e-05
2.5974398e-05
2.5985407e-05
2.5989763e-05
2.5985375e-05
2.5970556e-05
2.5946139e-05
2.5913909e-05
2.5874656e-05
2.5828573e-05
2.577581e-05
2.571671e-05
2.5651077e-05
2.5577334e-05
2.5492521e-05
2.5394777e-05
2.5284582e-05
2.5164937e-05
2.5036672e-05
2.4899831e-05
2.4756546e-05
2.4609711e-05
2.4460674e-05
2.431012e-05
2.4158277e-05
2.4004954e-05
2.3849834e-05
2.3691448e-05
2.3530218e-05
2.3369589e-05
2.321097e-05
2.3053539e-05
2.289693e-05
2.274117e-05
2.2585909e-05
2.2430743e-05
2.2275355e-05
2.2119479e-05
2.1963051e-05
2.1806414e-05
2.1649654e-05
2.1492951e-05
2.1336338e-05
2.1179833e-05
2.1023392e-05
2.0866996e-05
2.071064e-05
2.0554304e-05
2.0397975e-05
2.0241652e-05
2.0085335e-05
1.9929018e-05
1.9772698e-05
1.9616376e-05
1.9460054e-05
1.9303732e-05
1.9147412e-05
1.8991092e-05
1.8834773e-05
1.8678456e-05
1.852214e-05
1.8365825e-05
1.8209511e-05
1.8053198e-05
1.7896886e-05
1.7740575e-05
1.7584265e-05
1.7427956e-05
1.7271647e-05
1.7115339e-05
1.6959032e-05
1.6802725e-05
1.6646418e-05
1.6490111e-05
1.6333805e-05
1.61775e-05
1.6021194e-05
1.5864889e-05
1.5708584e-05
1.5552279e-05
1.5395974e-05
1.523967e-05
1.5083365e-05
1.4927061e-05
1.4770757e-05
1.4614452e-05
1.4458148e-05
1.4301844e-05
1.414554e-05
1.3989236e-05
1.3832932e-05
1.3676628e-05
1.3520324e-05
1.336402e-05
1.3207717e-05
1.3051413e-05
1.2895109e-05
1.2738805e-05
1.2582501e-05
1.2426198e-05
1.2269894e-05
1.211359e-05
1.1957286e-05
1.1800983e-05
1.1644679e-05
1.1488375e-05
1.1332071e-05
1.1175768e-05
1.1019464e-05
1.086316e-05
1.0706856e-05
1.0550553e-05
1.0394249e-05
1.0237945e-05
1.0081641e-05
9.9253377e-06
9.7690339e-06
9.6127301e-06
9.4564263e-06
9.3001224e-06
9.1438186e-06
8.9875147e-06
8.8312108e-06
8.6749069e-06
8.5186029e-06
8.362299e-06
8.205995e-06
8.049691e-06
7.893387e-06
7.7370829e-06
7.5807788e-06
7.4244747e-06
7.2681706e-06
7.1118665e-06
6.9555623e-06
6.7992581e-06
6.6429539e-06
6.4866497e-06
6.3303454e-06
6.1740411e-06
6.0177368e-06
5.8614324e-06
5.7051281e-06
5.5488237e-06
5.3925192e-06
5.2362148e-06
5.0799103e-06
4.9236058e-06
4.7673013e-06
4.6109967e-06
4.4546921e-06
4.2983875e-06
4.1420829e-06
3.9857782e-06
3.8294735e-06
3.6731688e-06
3.516864e-06
3.3605592e-06
3.2042544e-06
3.0479496e-06
2.8916448e-06
2.7353399e-06
2.579035e-06
2.4227301e-06
2.2664251e-06
2.1101202e-06
1.9538152e-06
1.7975101e-06
1.6412051e-06
1.4849e-06
1.3285949e-06
1.1722898e-06
1.0159847e-06
8.5967948e-07
7.0337426e-07
5.47069e-07
3.9076368e-07
2.3445828e-07
7.8152847e-08
2.7728333e-05
2.8483135e-05
2.6205511e-05
2.5582703e-05
2.6205407e-05
2.6652047e-05
2.6612269e-05
2.6446418e-05
2.6360698e-05
2.6331283e-05
2.6304357e-05
2.6273038e-05
2.6248269e-05
2.6232772e-05
2.6222904e-05
2.6215726e-05
2.6211133e-05
2.6209772e-05
2.6209646e-05
2.6202163e-05
2.6181869e-05
2.6169926e-05
2.6159064e-05
2.6143254e-05
2.611833e-05
2.6086991e-05
2.6049801e-05
2.6006537e-05
2.5958265e-05
2.5904508e-05
2.5845012e-05
2.5779619e-05
2.5708088e-05
2.5629543e-05
2.5542945e-05
2.5447307e-05
2.534254e-05
2.5230061e-05
2.5110748e-05
2.4984959e-05
2.4853429e-05
2.4717557e-05
2.4578711e-05
2.4437002e-05
2.4292562e-05
2.4145604e-05
2.3995538e-05
2.3843582e-05
2.3687993e-05
2.3529159e-05
2.3368073e-05
2.3209363e-05
2.3052476e-05
2.2895856e-05
2.2739881e-05
2.2584439e-05
2.2428943e-05
2.2273332e-05
2.2117542e-05
2.1961491e-05
2.1805206e-05
2.1648857e-05
2.1492423e-05
2.1335985e-05
2.1179588e-05
2.1023209e-05
2.0866858e-05
2.071052e-05
2.0554199e-05
2.0397882e-05
2.0241567e-05
2.0085253e-05
1.9928937e-05
1.9772622e-05
1.9616307e-05
1.9459992e-05
1.9303676e-05
1.9147361e-05
1.8991047e-05
1.8834734e-05
1.8678422e-05
1.852211e-05
1.8365799e-05
1.8209489e-05
1.8053179e-05
1.789687e-05
1.7740561e-05
1.7584253e-05
1.7427945e-05
1.7271638e-05
1.7115331e-05
1.6959024e-05
1.6802718e-05
1.6646412e-05
1.6490106e-05
1.6333801e-05
1.6177495e-05
1.602119e-05
1.5864885e-05
1.5708581e-05
1.5552276e-05
1.5395971e-05
1.5239667e-05
1.5083363e-05
1.4927058e-05
1.4770754e-05
1.461445e-05
1.4458146e-05
1.4301842e-05
1.4145538e-05
1.3989234e-05
1.383293e-05
1.3676626e-05
1.3520323e-05
1.3364019e-05
1.3207715e-05
1.3051411e-05
1.2895107e-05
1.2738804e-05
1.25825e-05
1.2426196e-05
1.2269893e-05
1.2113589e-05
1.1957285e-05
1.1800981e-05
1.1644678e-05
1.1488374e-05
1.133207e-05
1.1175767e-05
1.1019463e-05
1.0863159e-05
1.0706855e-05
1.0550552e-05
1.0394248e-05
1.0237944e-05
1.0081641e-05
9.9253368e-06
9.769033e-06
9.6127292e-06
9.4564254e-06
9.3001216e-06
9.1438177e-06
8.9875139e-06
8.83121e-06
8.6749061e-06
8.5186021e-06
8.3622982e-06
8.2059942e-06
8.0496902e-06
7.8933862e-06
7.7370822e-06
7.5807781e-06
7.424474e-06
7.2681699e-06
7.1118658e-06
6.9555616e-06
6.7992574e-06
6.6429532e-06
6.486649e-06
6.3303447e-06
6.1740404e-06
6.0177361e-06
5.8614318e-06
5.7051274e-06
5.548823e-06
5.3925186e-06
5.2362142e-06
5.0799097e-06
4.9236052e-06
4.7673007e-06
4.6109961e-06
4.4546916e-06
4.298387e-06
4.1420823e-06
3.9857777e-06
3.829473e-06
3.6731683e-06
3.5168635e-06
3.3605588e-06
3.204254e-06
3.0479492e-06
2.8916443e-06
2.7353394e-06
2.5790346e-06
2.4227296e-06
2.2664247e-06
2.1101197e-06
1.9538148e-06
1.7975098e-06
1.6412047e-06
1.4848997e-06
1.3285946e-06
1.1722895e-06
1.0159844e-06
8.5967922e-07
7.0337403e-07
5.470688e-07
3.9076352e-07
2.3445817e-07
7.8152811e-08
2.5555775e-05
2.6038205e-05
2.5440685e-05
2.5406709e-05
2.5858706e-05
2.624147e-05
2.6389848e-05
2.6426752e-05
2.6456767e-05
2.6490868e-05
2.6510828e-05
2.6512509e-05
2.6503491e-05
2.6489846e-05
2.647294e-05
2.6452607e-05
2.6429014e-05
2.6402947e-05
2.637694e-05
2.635792e-05
2.6346114e-05
2.6326843e-05
2.6294012e-05
2.625948e-05
2.6218415e-05
2.6169676e-05
2.611542e-05
2.6055496e-05
2.6001608e-05
2.5939367e-05
2.5870016e-05
2.5795406e-05
2.5715936e-05
2.563087e-05
2.5539534e-05
2.5441348e-05
2.5335921e-05
2.5223053e-05
2.5103381e-05
2.4977386e-05
2.4845937e-05
2.4709962e-05
2.4569844e-05
2.4426562e-05
2.4280341e-05
2.4131132e-05
2.3979512e-05
2.3825933e-05
2.3672071e-05
2.3517679e-05
2.3362195e-05
2.3206696e-05
2.3051296e-05
2.2896101e-05
2.2741147e-05
2.2586136e-05
2.2430732e-05
2.2274845e-05
2.2118615e-05
2.1962319e-05
2.1805854e-05
2.1649287e-05
2.1492712e-05
2.1336175e-05
2.1179691e-05
2.1023282e-05
2.0866907e-05
2.0710552e-05
2.0554213e-05
2.0397887e-05
2.0241566e-05
2.0085244e-05
1.9928925e-05
1.977261e-05
1.9616296e-05
1.9459982e-05
1.9303668e-05
1.9147355e-05
1.8991042e-05
1.8834729e-05
1.8678417e-05
1.8522106e-05
1.8365795e-05
1.8209485e-05
1.8053175e-05
1.7896866e-05
1.7740557e-05
1.7584249e-05
1.7427941e-05
1.7271634e-05
1.7115327e-05
1.695902e-05
1.6802714e-05
1.6646408e-05
1.6490103e-05
1.6333797e-05
1.6177492e-05
1.6021187e-05
1.5864882e-05
1.5708578e-05
1.5552273e-05
1.5395969e-05
1.5239664e-05
1.508336e-05
1.4927056e-05
1.4770752e-05
1.4614448e-05
1.4458144e-05
1.430184e-05
1.4145536e-05
1.3989232e-05
1.3832929e-05
1.3676625e-05
1.3520321e-05
1.3364017e-05
1.3207714e-05
1.305141e-05
1.2895106e-05
1.2738803e-05
1.2582499e-05
1.2426195e-05
1.2269891e-05
1.2113588e-05
1.1957284e-05
1.180098e-05
1.1644677e-05
1.1488373e-05
1.1332069e-05
1.1175766e-05
1.1019462e-05
1.0863158e-05
1.0706855e-05
1.0550551e-05
1.0394247e-05
1.0237944e-05
1.008164e-05
9.9253361e-06
9.7690323e-06
9.6127286e-06
9.4564248e-06
9.300121e-06
9.1438171e-06
8.9875133e-06
8.8312094e-06
8.6749055e-06
8.5186016e-06
8.3622976e-06
8.2059937e-06
8.0496897e-06
7.8933857e-06
7.7370817e-06
7.5807776e-06
7.4244735e-06
7.2681694e-06
7.1118653e-06
6.9555611e-06
6.799257e-06
6.6429528e-06
6.4866485e-06
6.3303443e-06
6.17404e-06
6.0177357e-06
5.8614314e-06
5.705127e-06
5.5488226e-06
5.3925182e-06
5.2362138e-06
5.0799093e-06
4.9236048e-06
4.7673003e-06
4.6109958e-06
4.4546912e-06
4.2983866e-06
4.142082e-06
3.9857773e-06
3.8294726e-06
3.6731679e-06
3.5168632e-06
3.3605584e-06
3.2042536e-06
3.0479488e-06
2.891644e-06
2.7353391e-06
2.5790342e-06
2.4227293e-06
2.2664244e-06
2.1101194e-06
1.9538145e-06
1.7975095e-06
1.6412044e-06
1.4848994e-06
1.3285943e-06
1.1722893e-06
1.0159842e-06
8.5967902e-07
7.0337385e-07
5.4706865e-07
3.9076341e-07
2.3445811e-07
7.8152753e-08
2.4174814e-05
2.5093525e-05
2.5473626e-05
2.579184e-05
2.6176271e-05
2.6522609e-05
2.6747742e-05
2.6872068e-05
2.6948027e-05
2.6999182e-05
2.7024364e-05
2.70223e-05
2.7001795e-05
2.6971706e-05
2.6935576e-05
2.6895382e-05
2.6853418e-05
2.6811358e-05
2.6768965e-05
2.6721937e-05
2.6658969e-05
2.6592546e-05
2.6527102e-05
2.6460953e-05
2.6394046e-05
2.632214e-05
2.6242844e-05
2.6167868e-05
2.6087188e-05
2.600395e-05
2.5920386e-05
2.5835753e-05
2.5748069e-05
2.5655466e-05
2.5556867e-05
2.5452182e-05
2.5342194e-05
2.5228117e-05
2.5107831e-05
2.497805e-05
2.484244e-05
2.4704838e-05
2.4565131e-05
2.4423022e-05
2.4276706e-05
2.4125526e-05
2.3971658e-05
2.3817275e-05
2.3663038e-05
2.3508709e-05
2.3355911e-05
2.3204952e-05
2.3052785e-05
2.2898519e-05
2.274329e-05
2.2587509e-05
2.2431489e-05
2.2275287e-05
2.2118388e-05
2.1961731e-05
2.1805189e-05
2.1648683e-05
2.1492221e-05
2.1335805e-05
2.117942e-05
2.1023064e-05
2.0866726e-05
2.0710404e-05
2.0554086e-05
2.0397776e-05
2.0241467e-05
2.0085159e-05
1.9928852e-05
1.9772543e-05
1.9616234e-05
1.9459926e-05
1.9303618e-05
1.914731e-05
1.8991002e-05
1.8834694e-05
1.8678385e-05
1.8522078e-05
1.836577e-05
1.8209463e-05
1.8053155e-05
1.7896849e-05
1.7740542e-05
1.7584236e-05
1.7427929e-05
1.7271623e-05
1.7115318e-05
1.6959012e-05
1.6802707e-05
1.6646402e-05
1.6490097e-05
1.6333792e-05
1.6177487e-05
1.6021183e-05
1.5864878e-05
1.5708574e-05
1.555227e-05
1.5395965e-05
1.5239661e-05
1.5083357e-05
1.4927053e-05
1.477075e-05
1.4614446e-05
1.4458142e-05
1.4301838e-05
1.4145534e-05
1.3989231e-05
1.3832927e-05
1.3676623e-05
1.3520319e-05
1.3364016e-05
1.3207712e-05
1.3051408e-05
1.2895105e-05
1.2738801e-05
1.2582498e-05
1.2426194e-05
1.226989e-05
1.2113587e-05
1.1957283e-05
1.1800979e-05
1.1644676e-05
1.1488372e-05
1.1332069e-05
1.1175765e-05
1.1019461e-05
1.0863158e-05
1.0706854e-05
1.055055e-05
1.0394247e-05
1.0237943e-05
1.0081639e-05
9.9253354e-06
9.7690316e-06
9.6127278e-06
9.4564241e-06
9.3001203e-06
9.1438164e-06
8.9875126e-06
8.8312087e-06
8.6749049e-06
8.518601e-06
8.362297e-06
8.2059931e-06
8.0496891e-06
7.8933851e-06
7.7370811e-06
7.5807771e-06
7.424473e-06
7.2681689e-06
7.1118648e-06
6.9555606e-06
6.7992565e-06
6.6429523e-06
6.486648e-06
6.3303438e-06
6.1740395e-06
6.0177352e-06
5.8614309e-06
5.7051266e-06
5.5488222e-06
5.3925178e-06
5.2362133e-06
5.0799089e-06
4.9236044e-06
4.7672999e-06
4.6109953e-06
4.4546908e-06
4.2983862e-06
4.1420816e-06
3.9857769e-06
3.8294722e-06
3.6731675e-06
3.5168628e-06
3.360558e-06
3.2042532e-06
3.0479484e-06
2.8916436e-06
2.7353388e-06
2.5790339e-06
2.422729e-06
2.266424e-06
2.1101191e-06
1.9538141e-06
1.7975091e-06
1.6412041e-06
1.4848991e-06
1.3285941e-06
1.172289e-06
1.0159839e-06
8.596788e-07
7.0337366e-07
5.4706849e-07
3.9076328e-07
2.3445802e-07
7.8152695e-08
2.376419e-05
2.4809821e-05
2.5511641e-05
2.5987457e-05
2.6381388e-05
2.6724321e-05
2.6985659e-05
2.7157805e-05
2.7265332e-05
2.7329834e-05
2.7360319e-05
2.7362002e-05
2.7341672e-05
2.7304213e-05
2.7251823e-05
2.7191661e-05
2.7126267e-05
2.7052436e-05
2.6972297e-05
2.6891374e-05
2.6818276e-05
2.6746099e-05
2.6666655e-05
2.6585265e-05
2.64996e-05
2.63952e-05
2.6309982e-05
2.6232404e-05
2.614213e-05
2.6050076e-05
2.5959955e-05
2.5868036e-05
2.5772008e-05
2.5671953e-05
2.5567677e-05
2.5458784e-05
2.5345148e-05
2.5226755e-05
2.5103295e-05
2.497457e-05
2.4841252e-05
2.4704068e-05
2.4563284e-05
2.4419045e-05
2.4271519e-05
2.412145e-05
2.3970025e-05
2.3817992e-05
2.3665473e-05
2.3512455e-05
2.3359078e-05
2.3205196e-05
2.3049681e-05
2.2893953e-05
2.2739358e-05
2.2584548e-05
2.2429065e-05
2.2272876e-05
2.2116793e-05
2.1960717e-05
2.1804561e-05
2.1648277e-05
2.1491945e-05
2.1335599e-05
2.1179265e-05
2.1022948e-05
2.0866642e-05
2.0710339e-05
2.0554034e-05
2.0397729e-05
2.0241425e-05
2.008512e-05
1.9928817e-05
1.9772513e-05
1.9616209e-05
1.9459905e-05
1.93036e-05
1.9147294e-05
1.8990988e-05
1.8834681e-05
1.8678374e-05
1.8522067e-05
1.836576e-05
1.8209453e-05
1.8053147e-05
1.7896841e-05
1.7740534e-05
1.7584229e-05
1.7427923e-05
1.7271617e-05
1.7115312e-05
1.6959007e-05
1.6802702e-05
1.6646397e-05
1.6490092e-05
1.6333787e-05
1.6177483e-05
1.6021179e-05
1.5864874e-05
1.570857e-05
1.5552266e-05
1.5395962e-05
1.5239658e-05
1.5083355e-05
1.4927051e-05
1.4770747e-05
1.4614443e-05
1.445814e-05
1.4301836e-05
1.4145532e-05
1.3989229e-05
1.3832925e-05
1.3676621e-05
1.3520318e-05
1.3364014e-05
1.3207711e-05
1.3051407e-05
1.2895103e-05
1.27388e-05
1.2582496e-05
1.2426193e-05
1.2269889e-05
1.2113586e-05
1.1957282e-05
1.1800978e-05
1.1644675e-05
1.1488371e-05
1.1332068e-05
1.1175764e-05
1.101946e-05
1.0863157e-05
1.0706853e-05
1.0550549e-05
1.0394246e-05
1.0237942e-05
1.0081638e-05
9.9253347e-06
9.769031e-06
9.6127272e-06
9.4564234e-06
9.3001197e-06
9.1438159e-06
8.987512e-06
8.8312082e-06
8.6749043e-06
8.5186004e-06
8.3622965e-06
8.2059926e-06
8.0496886e-06
7.8933846e-06
7.7370806e-06
7.5807766e-06
7.4244725e-06
7.2681684e-06
7.1118643e-06
6.9555602e-06
6.799256e-06
6.6429519e-06
6.4866476e-06
6.3303434e-06
6.1740391e-06
6.0177349e-06
5.8614305e-06
5.7051262e-06
5.5488218e-06
5.3925174e-06
5.236213e-06
5.0799085e-06
4.9236041e-06
4.7672996e-06
4.610995e-06
4.4546905e-06
4.2983859e-06
4.1420812e-06
3.9857766e-06
3.8294719e-06
3.6731672e-06
3.5168625e-06
3.3605577e-06
3.2042529e-06
3.0479481e-06
2.8916433e-06
2.7353385e-06
2.5790336e-06
2.4227287e-06
2.2664238e-06
2.1101188e-06
1.9538139e-06
1.7975089e-06
1.6412039e-06
1.4848989e-06
1.3285939e-06
1.1722888e-06
1.0159837e-06
8.5967863e-07
7.0337352e-07
5.4706837e-07
3.9076319e-07
2.3445796e-07
7.8152669e-08
2.3994768e-05
2.5028279e-05
2.5856181e-05
2.6441002e-05
2.6878777e-05
2.7233085e-05
2.7507234e-05
2.7696193e-05
2.7812323e-05
2.7874401e-05
2.7895832e-05
2.7884483e-05
2.7846515e-05
2.7787745e-05
2.7713339e-05
2.762815e-05
2.7535687e-05
2.7438143e-05
2.7336693e-05
2.7229751e-05
2.7117073e-05
2.7002221e-05
2.6890476e-05
2.6778161e-05
2.6663676e-05
2.6555749e-05
2.6449045e-05
2.6345724e-05
2.6239145e-05
2.6135719e-05
2.6033684e-05
2.5930729e-05
2.5825874e-05
2.5718288e-05
2.5607064e-05
2.5491699e-05
2.537205e-05
2.5248033e-05
2.5119553e-05
2.4986671e-05
2.4849808e-05
2.4709528e-05
2.4566286e-05
2.4420513e-05
2.427262e-05
2.4122912e-05
2.3971668e-05
2.381923e-05
2.3665949e-05
2.3512137e-05
2.3358067e-05
2.3203876e-05
2.3049416e-05
2.2894668e-05
2.2739666e-05
2.2584349e-05
2.2428877e-05
2.2272359e-05
2.2116144e-05
2.1960273e-05
2.1804215e-05
2.1648034e-05
2.1491774e-05
2.1335466e-05
2.1179154e-05
2.1022851e-05
2.0866553e-05
2.0710256e-05
2.0553959e-05
2.0397659e-05
2.0241359e-05
2.0085059e-05
1.9928759e-05
1.9772459e-05
1.9616159e-05
1.9459859e-05
1.9303557e-05
1.9147255e-05
1.8990952e-05
1.8834648e-05
1.8678344e-05
1.852204e-05
1.8365736e-05
1.8209432e-05
1.8053128e-05
1.7896824e-05
1.7740519e-05
1.7584215e-05
1.7427911e-05
1.7271606e-05
1.7115302e-05
1.6958998e-05
1.6802694e-05
1.664639e-05
1.6490086e-05
1.6333782e-05
1.6177478e-05
1.6021174e-05
1.586487e-05
1.5708566e-05
1.5552262e-05
1.5395959e-05
1.5239655e-05
1.5083351e-05
1.4927048e-05
1.4770744e-05
1.4614441e-05
1.4458137e-05
1.4301834e-05
1.414553e-05
1.3989227e-05
1.3832923e-05
1.367662e-05
1.3520316e-05
1.3364013e-05
1.3207709e-05
1.3051406e-05
1.2895102e-05
1.2738799e-05
1.2582495e-05
1.2426192e-05
1.2269888e-05
1.2113584e-05
1.1957281e-05
1.1800977e-05
1.1644674e-05
1.148837e-05
1.1332067e-05
1.1175763e-05
1.101946e-05
1.0863156e-05
1.0706852e-05
1.0550549e-05
1.0394245e-05
1.0237941e-05
1.0081638e-05
9.925334e-06
9.7690303e-06
9.6127266e-06
9.4564229e-06
9.3001191e-06
9.1438153e-06
8.9875115e-06
8.8312077e-06
8.6749038e-06
8.5185999e-06
8.362296e-06
8.2059921e-06
8.0496882e-06
7.8933842e-06
7.7370802e-06
7.5807762e-06
7.4244721e-06
7.268168e-06
7.1118639e-06
6.9555598e-06
6.7992557e-06
6.6429515e-06
6.4866473e-06
6.330343e-06
6.1740388e-06
6.0177345e-06
5.8614302e-06
5.7051259e-06
5.5488215e-06
5.3925171e-06
5.2362127e-06
5.0799082e-06
4.9236038e-06
4.7672993e-06
4.6109947e-06
4.4546902e-06
4.2983856e-06
4.142081e-06
3.9857763e-06
3.8294716e-06
3.6731669e-06
3.5168622e-06
3.3605575e-06
3.2042527e-06
3.0479479e-06
2.891643e-06
2.7353382e-06
2.5790333e-06
2.4227284e-06
2.2664235e-06
2.1101186e-06
1.9538136e-06
1.7975087e-06
1.6412037e-06
1.4848987e-06
1.3285937e-06
1.1722886e-06
1.0159836e-06
8.5967848e-07
7.0337339e-07
5.4706826e-07
3.907631e-07
2.3445791e-07
7.8152652e-08
2.4614181e-05
2.563886e-05
2.6513255e-05
2.7134001e-05
2.7571078e-05
2.7900851e-05
2.8146601e-05
2.8309892e-05
2.8399737e-05
2.8432404e-05
2.8422057e-05
2.837806e-05
2.8307278e-05
2.8215787e-05
2.810889e-05
2.7990885e-05
2.7864818e-05
2.7732535e-05
2.7595911e-05
2.7457539e-05
2.7322243e-05
2.7182454e-05
2.7048976e-05
2.691264e-05
2.6776781e-05
2.6646777e-05
2.6525902e-05
2.6407958e-05
2.6293942e-05
2.6182979e-05
2.6073872e-05
2.5965384e-05
2.585599e-05
2.5744176e-05
2.5628906e-05
2.5509926e-05
2.5387158e-05
2.5260389e-05
2.5129572e-05
2.4994875e-05
2.4856587e-05
2.4715086e-05
2.4570777e-05
2.442406e-05
2.4275291e-05
2.4124801e-05
2.3972966e-05
2.3820201e-05
2.366684e-05
2.3513049e-05
2.3358888e-05
2.3204386e-05
2.3049492e-05
2.289428e-05
2.273896e-05
2.2583517e-05
2.2427985e-05
2.2271975e-05
2.2115692e-05
2.1959835e-05
2.1803857e-05
2.164774e-05
2.1491536e-05
2.1335275e-05
2.1179007e-05
2.1022735e-05
2.0866468e-05
2.0710191e-05
2.0553903e-05
2.0397611e-05
2.0241319e-05
2.0085025e-05
1.992873e-05
1.9772433e-05
1.9616136e-05
1.9459838e-05
1.9303539e-05
1.9147238e-05
1.8990937e-05
1.8834634e-05
1.8678331e-05
1.8522028e-05
1.8365725e-05
1.8209421e-05
1.8053118e-05
1.7896814e-05
1.7740511e-05
1.7584207e-05
1.7427903e-05
1.7271599e-05
1.7115295e-05
1.6958991e-05
1.6802687e-05
1.6646384e-05
1.649008e-05
1.6333776e-05
1.6177473e-05
1.6021169e-05
1.5864866e-05
1.5708562e-05
1.5552259e-05
1.5395955e-05
1.5239652e-05
1.5083348e-05
1.4927045e-05
1.4770741e-05
1.4614438e-05
1.4458135e-05
1.4301831e-05
1.4145528e-05
1.3989224e-05
1.3832921e-05
1.3676618e-05
1.3520314e-05
1.3364011e-05
1.3207707e-05
1.3051404e-05
1.2895101e-05
1.2738797e-05
1.2582494e-05
1.242619e-05
1.2269887e-05
1.2113583e-05
1.195728e-05
1.1800976e-05
1.1644673e-05
1.1488369e-05
1.1332066e-05
1.1175762e-05
1.1019459e-05
1.0863155e-05
1.0706852e-05
1.0550548e-05
1.0394244e-05
1.0237941e-05
1.0081637e-05
9.9253334e-06
9.7690297e-06
9.612726e-06
9.4564223e-06
9.3001186e-06
9.1438148e-06
8.987511e-06
8.8312072e-06
8.6749033e-06
8.5185995e-06
8.3622956e-06
8.2059917e-06
8.0496877e-06
7.8933838e-06
7.7370798e-06
7.5807758e-06
7.4244717e-06
7.2681677e-06
7.1118636e-06
6.9555595e-06
6.7992553e-06
6.6429512e-06
6.486647e-06
6.3303427e-06
6.1740385e-06
6.0177342e-06
5.8614299e-06
5.7051256e-06
5.5488212e-06
5.3925168e-06
5.2362124e-06
5.079908e-06
4.9236035e-06
4.767299e-06
4.6109945e-06
4.4546899e-06
4.2983853e-06
4.1420807e-06
3.9857761e-06
3.8294714e-06
3.6731667e-06
3.516862e-06
3.3605572e-06
3.2042524e-06
3.0479476e-06
2.8916428e-06
2.735338e-06
2.5790331e-06
2.4227282e-06
2.2664233e-06
2.1101184e-06
1.9538134e-06
1.7975085e-06
1.6412035e-06
1.4848985e-06
1.3285935e-06
1.1722885e-06
1.0159834e-06
8.5967835e-07
7.0337327e-07
5.4706817e-07
3.9076304e-07
2.3445787e-07
7.8152643e-08
2.5615993e-05
2.6628285e-05
2.7493963e-05
2.8095284e-05
2.8495e-05
2.877545e-05
2.8969385e-05
2.9082806e-05
2.9124338e-05
2.9109214e-05
2.9051961e-05
2.8962878e-05
2.8849264e-05
2.8717113e-05
2.8571521e-05
2.8416545e-05
2.8255281e-05
2.8090169e-05
2.792319e-05
2.7756521e-05
2.7584457e-05
2.7415092e-05
2.7247813e-05
2.7085516e-05
2.6931054e-05
2.6781932e-05
2.6636447e-05
2.6501541e-05
2.6374289e-05
2.6252901e-05
2.613613e-05
2.6021769e-05
2.5908016e-05
2.5792415e-05
2.5672742e-05
2.5548993e-05
2.5421739e-05
2.5290679e-05
2.5155614e-05
2.5016805e-05
2.4874688e-05
2.4729721e-05
2.4582364e-05
2.4433069e-05
2.4282244e-05
2.4130237e-05
2.3977336e-05
2.3823764e-05
2.3669682e-05
2.3515198e-05
2.3360413e-05
2.3205472e-05
2.3050229e-05
2.2894723e-05
2.2739248e-05
2.2583606e-05
2.2427692e-05
2.227232e-05
2.211609e-05
2.1959882e-05
2.1803797e-05
2.1647646e-05
2.1491448e-05
2.1335219e-05
2.1178949e-05
2.1022674e-05
2.0866404e-05
2.0710127e-05
2.0553842e-05
2.0397555e-05
2.0241266e-05
2.0084975e-05
1.9928682e-05
1.9772388e-05
1.9616093e-05
1.9459797e-05
1.93035e-05
1.9147203e-05
1.8990904e-05
1.8834604e-05
1.8678304e-05
1.8522003e-05
1.8365702e-05
1.82094e-05
1.80531e-05
1.7896799e-05
1.7740497e-05
1.7584195e-05
1.7427892e-05
1.7271589e-05
1.7115286e-05
1.6958983e-05
1.680268e-05
1.6646377e-05
1.6490074e-05
1.633377e-05
1.6177467e-05
1.6021164e-05
1.5864861e-05
1.5708558e-05
1.5552255e-05
1.5395951e-05
1.5239648e-05
1.5083345e-05
1.4927042e-05
1.4770739e-05
1.4614435e-05
1.4458132e-05
1.4301829e-05
1.4145526e-05
1.3989222e-05
1.3832919e-05
1.3676616e-05
1.3520313e-05
1.3364009e-05
1.3207706e-05
1.3051403e-05
1.2895099e-05
1.2738796e-05
1.2582493e-05
1.2426189e-05
1.2269886e-05
1.2113582e-05
1.1957279e-05
1.1800976e-05
1.1644672e-05
1.1488369e-05
1.1332065e-05
1.1175762e-05
1.1019458e-05
1.0863155e-05
1.0706851e-05
1.0550547e-05
1.0394244e-05
1.023794e-05
1.0081637e-05
9.9253329e-06
9.7690292e-06
9.6127255e-06
9.4564218e-06
9.3001181e-06
9.1438143e-06
8.9875105e-06
8.8312067e-06
8.6749029e-06
8.5185991e-06
8.3622952e-06
8.2059913e-06
8.0496874e-06
7.8933834e-06
7.7370795e-06
7.5807754e-06
7.4244714e-06
7.2681674e-06
7.1118633e-06
6.9555592e-06
6.799255e-06
6.6429509e-06
6.4866467e-06
6.3303425e-06
6.1740382e-06
6.017734e-06
5.8614297e-06
5.7051253e-06
5.548821e-06
5.3925166e-06
5.2362122e-06
5.0799078e-06
4.9236033e-06
4.7672988e-06
4.6109943e-06
4.4546897e-06
4.2983851e-06
4.1420805e-06
3.9857759e-06
3.8294712e-06
3.6731665e-06
3.5168618e-06
3.360557e-06
3.2042523e-06
3.0479475e-06
2.8916426e-06
2.7353378e-06
2.5790329e-06
2.422728e-06
2.2664231e-06
2.1101182e-06
1.9538133e-06
1.7975083e-06
1.6412033e-06
1.4848983e-06
1.3285933e-06
1.1722883e-06
1.0159833e-06
8.5967824e-07
7.0337318e-07
5.4706809e-07
3.9076298e-07
2.3445783e-07
7.8152635e-08
2.7067774e-05
2.8028048e-05
2.882698e-05
2.9345758e-05
2.9653488e-05
2.9840913e-05
2.9945619e-05
2.9975099e-05
2.9938262e-05
2.9850454e-05
2.9726243e-05
2.9575695e-05
2.9405582e-05
2.9221277e-05
2.9027279e-05
2.8827137e-05
2.862365e-05
2.8418989e-05
2.8214707e-05
2.8011509e-05
2.7810316e-05
2.7615972e-05
2.7405952e-05
2.7213595e-05
2.7048031e-05
2.6876184e-05
2.6711794e-05
2.6562548e-05
2.642514e-05
2.6297706e-05
2.6177865e-05
2.6062201e-05
2.5948786e-05
2.5830537e-05
2.5706541e-05
2.5579317e-05
2.54489e-05
2.5314298e-05
2.5176042e-05
2.5034316e-05
2.4889399e-05
2.4741882e-05
2.4592323e-05
2.4441179e-05
2.4288833e-05
2.4135585e-05
2.3981661e-05
2.3827234e-05
2.3672443e-05
2.3517391e-05
2.3362145e-05
2.3206707e-05
2.3051053e-05
2.2895671e-05
2.274003e-05
2.2583593e-05
2.2427439e-05
2.2272009e-05
2.21164e-05
2.1959986e-05
2.1803704e-05
2.1647601e-05
2.1491405e-05
2.1335155e-05
2.1178913e-05
2.1022649e-05
2.0866367e-05
2.0710089e-05
2.0553812e-05
2.039753e-05
2.0241244e-05
2.0084955e-05
1.9928665e-05
1.9772372e-05
1.9616079e-05
1.9459783e-05
1.9303487e-05
1.914719e-05
1.8990891e-05
1.8834592e-05
1.8678293e-05
1.8521992e-05
1.8365692e-05
1.8209391e-05
1.805309e-05
1.7896789e-05
1.7740487e-05
1.7584185e-05
1.7427883e-05
1.727158e-05
1.7115278e-05
1.6958976e-05
1.6802673e-05
1.664637e-05
1.6490068e-05
1.6333765e-05
1.6177462e-05
1.6021159e-05
1.5864857e-05
1.5708554e-05
1.5552251e-05
1.5395948e-05
1.5239645e-05
1.5083342e-05
1.4927039e-05
1.4770736e-05
1.4614433e-05
1.445813e-05
1.4301827e-05
1.4145524e-05
1.398922e-05
1.3832917e-05
1.3676614e-05
1.3520311e-05
1.3364008e-05
1.3207705e-05
1.3051401e-05
1.2895098e-05
1.2738795e-05
1.2582491e-05
1.2426188e-05
1.2269885e-05
1.2113581e-05
1.1957278e-05
1.1800975e-05
1.1644671e-05
1.1488368e-05
1.1332064e-05
1.1175761e-05
1.1019457e-05
1.0863154e-05
1.070685e-05
1.0550547e-05
1.0394243e-05
1.023794e-05
1.0081636e-05
9.9253324e-06
9.7690287e-06
9.6127251e-06
9.4564214e-06
9.3001176e-06
9.1438139e-06
8.9875101e-06
8.8312064e-06
8.6749026e-06
8.5185987e-06
8.3622949e-06
8.205991e-06
8.0496871e-06
7.8933831e-06
7.7370792e-06
7.5807752e-06
7.4244712e-06
7.2681671e-06
7.111863e-06
6.9555589e-06
6.7992548e-06
6.6429507e-06
6.4866465e-06
6.3303423e-06
6.174038e-06
6.0177338e-06
5.8614295e-06
5.7051252e-06
5.5488208e-06
5.3925164e-06
5.236212e-06
5.0799076e-06
4.9236031e-06
4.7672986e-06
4.6109941e-06
4.4546896e-06
4.298385e-06
4.1420804e-06
3.9857757e-06
3.8294711e-06
3.6731664e-06
3.5168616e-06
3.3605569e-06
3.2042521e-06
3.0479473e-06
2.8916425e-06
2.7353376e-06
2.5790328e-06
2.4227279e-06
2.266423e-06
2.1101181e-06
1.9538131e-06
1.7975082e-06
1.6412032e-06
1.4848982e-06
1.3285932e-06
1.1722882e-06
1.0159832e-06
8.5967815e-07
7.0337309e-07
5.4706802e-07
3.9076292e-07
2.344578e-07
7.8152626e-08
2.8969389e-05
2.9866633e-05
3.0572491e-05
3.0948386e-05
3.1098318e-05
3.1138415e-05
3.1109319e-05
3.1015674e-05
3.086611e-05
3.0676701e-05
3.0461886e-05
3.0230859e-05
2.9989366e-05
2.9741951e-05
2.9492032e-05
2.9241432e-05
2.8991473e-05
2.8743786e-05
2.8499657e-05
2.8259174e-05
2.8023179e-05
2.7791216e-05
2.7564641e-05
2.7350323e-05
2.715936e-05
2.696687e-05
2.6784128e-05
2.6621005e-05
2.6474714e-05
2.6342827e-05
2.6219769e-05
2.6097325e-05
2.5995568e-05
2.588391e-05
2.5753242e-05
2.5618298e-05
2.5486814e-05
2.5350135e-05
2.520745e-05
2.5060955e-05
2.4911762e-05
2.4760376e-05
2.4607392e-05
2.4453349e-05
2.4298605e-05
2.4143393e-05
2.3987882e-05
2.3832182e-05
2.3676364e-05
2.352047e-05
2.3364527e-05
2.3208549e-05
2.3052534e-05
2.289649e-05
2.2740664e-05
2.2584483e-05
2.2428068e-05
2.2272207e-05
2.2116371e-05
2.1960053e-05
2.1803793e-05
2.1647613e-05
2.1491356e-05
2.13351e-05
2.1178871e-05
2.10226e-05
2.0866319e-05
2.0710044e-05
2.0553766e-05
2.0397483e-05
2.0241197e-05
2.008491e-05
1.9928622e-05
1.9772331e-05
1.961604e-05
1.9459747e-05
1.9303453e-05
1.9147159e-05
1.8990863e-05
1.8834566e-05
1.8678269e-05
1.8521971e-05
1.8365673e-05
1.8209373e-05
1.8053074e-05
1.7896774e-05
1.7740474e-05
1.7584173e-05
1.7427872e-05
1.7271571e-05
1.7115269e-05
1.6958968e-05
1.6802666e-05
1.6646364e-05
1.6490062e-05
1.6333759e-05
1.6177457e-05
1.6021155e-05
1.5864852e-05
1.570855e-05
1.5552247e-05
1.5395944e-05
1.5239642e-05
1.5083339e-05
1.4927036e-05
1.4770733e-05
1.461443e-05
1.4458127e-05
1.4301824e-05
1.4145521e-05
1.3989218e-05
1.3832915e-05
1.3676612e-05
1.3520309e-05
1.3364006e-05
1.3207703e-05
1.30514e-05
1.2895097e-05
1.2738794e-05
1.258249e-05
1.2426187e-05
1.2269884e-05
1.211358e-05
1.1957277e-05
1.1800974e-05
1.164467e-05
1.1488367e-05
1.1332064e-05
1.117576e-05
1.1019457e-05
1.0863153e-05
1.070685e-05
1.0550546e-05
1.0394243e-05
1.0237939e-05
1.0081636e-05
9.9253319e-06
9.7690283e-06
9.6127246e-06
9.456421e-06
9.3001173e-06
9.1438136e-06
8.9875098e-06
8.831206e-06
8.6749023e-06
8.5185984e-06
8.3622946e-06
8.2059907e-06
8.0496868e-06
7.8933829e-06
7.7370789e-06
7.580775e-06
7.424471e-06
7.2681669e-06
7.1118629e-06
6.9555588e-06
6.7992546e-06
6.6429505e-06
6.4866463e-06
6.3303421e-06
6.1740379e-06
6.0177336e-06
5.8614293e-06
5.705125e-06
5.5488207e-06
5.3925163e-06
5.2362119e-06
5.0799075e-06
4.923603e-06
4.7672985e-06
4.610994e-06
4.4546894e-06
4.2983849e-06
4.1420803e-06
3.9857756e-06
3.8294709e-06
3.6731663e-06
3.5168615e-06
3.3605568e-06
3.204252e-06
3.0479472e-06
2.8916424e-06
2.7353375e-06
2.5790327e-06
2.4227278e-06
2.2664229e-06
2.110118e-06
1.953813e-06
1.7975081e-06
1.6412031e-06
1.4848981e-06
1.3285931e-06
1.1722881e-06
1.0159831e-06
8.5967807e-07
7.0337302e-07
5.4706796e-07
3.9076287e-07
2.3445776e-07
7.8152612e-08
3.1350456e-05
3.2096717e-05
3.2651152e-05
3.2805425e-05
3.2729465e-05
3.2576028e-05
3.2380248e-05
3.2137719e-05
3.1855822e-05
3.155081e-05
3.1235738e-05
3.0917152e-05
3.0598388e-05
3.0282359e-05
2.9970584e-05
2.9663697e-05
2.9363331e-05
2.9070737e-05
2.8786763e-05
2.8513259e-05
2.8244124e-05
2.7959377e-05
2.7719674e-05
2.7486617e-05
2.7246074e-05
2.7033972e-05
2.68408e-05
2.6667108e-05
2.6514766e-05
2.6384079e-05
2.6262727e-05
2.616326e-05
2.6057918e-05
2.5931743e-05
2.5798139e-05
2.5661634e-05
2.5516292e-05
2.5377078e-05
2.5233522e-05
2.5083316e-05
2.4930244e-05
2.4775622e-05
2.4619811e-05
2.4463369e-05
2.4306671e-05
2.4149882e-05
2.3993099e-05
2.3836373e-05
2.3679723e-05
2.3523154e-05
2.3366662e-05
2.3210239e-05
2.3053874e-05
2.289757e-05
2.2741323e-05
2.258504e-05
2.2428663e-05
2.2272469e-05
2.2116408e-05
2.1960161e-05
2.180389e-05
2.164765e-05
2.1491395e-05
2.1335133e-05
2.117887e-05
2.1022596e-05
2.0866318e-05
2.071004e-05
2.0553759e-05
2.0397475e-05
2.0241189e-05
2.0084902e-05
1.9928613e-05
1.9772322e-05
1.9616031e-05
1.9459738e-05
1.9303444e-05
1.9147149e-05
1.8990853e-05
1.8834556e-05
1.8678259e-05
1.8521961e-05
1.8365663e-05
1.8209364e-05
1.8053065e-05
1.7896765e-05
1.7740465e-05
1.7584165e-05
1.7427864e-05
1.7271563e-05
1.7115262e-05
1.6958961e-05
1.680266e-05
1.6646358e-05
1.6490056e-05
1.6333754e-05
1.6177452e-05
1.602115e-05
1.5864848e-05
1.5708546e-05
1.5552243e-05
1.5395941e-05
1.5239638e-05
1.5083336e-05
1.4927033e-05
1.4770731e-05
1.4614428e-05
1.4458125e-05
1.4301822e-05
1.4145519e-05
1.3989217e-05
1.3832914e-05
1.3676611e-05
1.3520308e-05
1.3364005e-05
1.3207702e-05
1.3051399e-05
1.2895096e-05
1.2738792e-05
1.2582489e-05
1.2426186e-05
1.2269883e-05
1.211358e-05
1.1957276e-05
1.1800973e-05
1.164467e-05
1.1488366e-05
1.1332063e-05
1.117576e-05
1.1019456e-05
1.0863153e-05
1.0706849e-05
1.0550546e-05
1.0394242e-05
1.0237939e-05
1.0081635e-05
9.9253315e-06
9.7690279e-06
9.6127243e-06
9.4564206e-06
9.300117e-06
9.1438133e-06
8.9875095e-06
8.8312058e-06
8.674902e-06
8.5185982e-06
8.3622944e-06
8.2059905e-06
8.0496866e-06
7.8933827e-06
7.7370788e-06
7.5807748e-06
7.4244708e-06
7.2681668e-06
7.1118627e-06
6.9555586e-06
6.7992545e-06
6.6429504e-06
6.4866462e-06
6.330342e-06
6.1740378e-06
6.0177335e-06
5.8614293e-06
5.705125e-06
5.5488206e-06
5.3925162e-06
5.2362118e-06
5.0799074e-06
4.9236029e-06
4.7672985e-06
4.6109939e-06
4.4546894e-06
4.2983848e-06
4.1420802e-06
3.9857756e-06
3.8294709e-06
3.6731662e-06
3.5168615e-06
3.3605567e-06
3.2042519e-06
3.0479471e-06
2.8916423e-06
2.7353375e-06
2.5790326e-06
2.4227277e-06
2.2664228e-06
2.1101179e-06
1.953813e-06
1.797508e-06
1.641203e-06
1.4848981e-06
1.3285931e-06
1.1722881e-06
1.015983e-06
8.5967801e-07
7.0337296e-07
5.470679e-07
3.9076282e-07
2.3445772e-07
7.8152598e-08
3.4712936e-05
3.5102355e-05
3.5297366e-05
3.5064e-05
3.4645471e-05
3.4213116e-05
3.378491e-05
3.3343041e-05
3.2889319e-05
3.2435094e-05
3.1993711e-05
3.1569294e-05
3.1161214e-05
3.0774768e-05
3.0407527e-05
3.0048489e-05
2.9697609e-05
2.9355464e-05
2.9021148e-05
2.8694605e-05
2.8380949e-05
2.8082244e-05
2.781356e-05
2.7565499e-05
2.7301578e-05
2.7075249e-05
2.6882153e-05
2.6708087e-05
2.6550112e-05
2.6444305e-05
2.6339349e-05
2.622823e-05
2.6094482e-05
2.5963996e-05
2.5842783e-05
2.5714979e-05
2.5571393e-05
2.5421619e-05
2.5267536e-05
2.5110412e-05
2.4951843e-05
2.4792663e-05
2.4633322e-05
2.4474128e-05
2.4315237e-05
2.4156702e-05
2.3998523e-05
2.3840674e-05
2.3683119e-05
2.352582e-05
2.336874e-05
2.3211845e-05
2.3055105e-05
2.2898491e-05
2.2741977e-05
2.258553e-05
2.2429116e-05
2.2272773e-05
2.2116579e-05
2.1960275e-05
2.1803969e-05
2.1647689e-05
2.1491388e-05
2.133511e-05
2.1178856e-05
2.102257e-05
2.0866284e-05
2.0710003e-05
2.0553721e-05
2.0397437e-05
2.0241152e-05
2.0084865e-05
1.9928578e-05
1.9772289e-05
1.9615999e-05
1.9459709e-05
1.9303417e-05
1.9147124e-05
1.899083e-05
1.8834536e-05
1.867824e-05
1.8521944e-05
1.8365647e-05
1.820935e-05
1.8053052e-05
1.7896753e-05
1.7740454e-05
1.7584155e-05
1.7427855e-05
1.7271555e-05
1.7115255e-05
1.6958954e-05
1.6802653e-05
1.6646352e-05
1.6490051e-05
1.6333749e-05
1.6177447e-05
1.6021146e-05
1.5864844e-05
1.5708542e-05
1.555224e-05
1.5395937e-05
1.5239635e-05
1.5083333e-05
1.492703e-05
1.4770728e-05
1.4614425e-05
1.4458123e-05
1.430182e-05
1.4145517e-05
1.3989215e-05
1.3832912e-05
1.3676609e-05
1.3520306e-05
1.3364003e-05
1.32077e-05
1.3051397e-05
1.2895094e-05
1.2738791e-05
1.2582488e-05
1.2426185e-05
1.2269882e-05
1.2113579e-05
1.1957275e-05
1.1800972e-05
1.1644669e-05
1.1488366e-05
1.1332062e-05
1.1175759e-05
1.1019456e-05
1.0863152e-05
1.0706849e-05
1.0550545e-05
1.0394242e-05
1.0237938e-05
1.0081635e-05
9.9253312e-06
9.7690276e-06
9.612724e-06
9.4564204e-06
9.3001167e-06
9.143813e-06
8.9875093e-06
8.8312056e-06
8.6749018e-06
8.518598e-06
8.3622942e-06
8.2059904e-06
8.0496865e-06
7.8933826e-06
7.7370786e-06
7.5807747e-06
7.4244707e-06
7.2681667e-06
7.1118626e-06
6.9555586e-06
6.7992545e-06
6.6429503e-06
6.4866462e-06
6.330342e-06
6.1740377e-06
6.0177335e-06
5.8614292e-06
5.7051249e-06
5.5488206e-06
5.3925162e-06
5.2362118e-06
5.0799074e-06
4.9236029e-06
4.7672984e-06
4.6109939e-06
4.4546894e-06
4.2983848e-06
4.1420802e-06
3.9857755e-06
3.8294709e-06
3.6731662e-06
3.5168614e-06
3.3605567e-06
3.2042519e-06
3.0479471e-06
2.8916423e-06
2.7353374e-06
2.5790326e-06
2.4227277e-06
2.2664228e-06
2.1101179e-06
1.9538129e-06
1.797508e-06
1.641203e-06
1.484898e-06
1.328593e-06
1.172288e-06
1.015983e-06
8.5967796e-07
7.0337291e-07
5.4706786e-07
3.9076278e-07
2.3445769e-07
7.8152586e-08
3.8490952e-05
3.8275355e-05
3.7906398e-05
3.7261166e-05
3.6525548e-05
3.5818623e-05
3.5149879e-05
3.4505053e-05
3.3885097e-05
3.3297887e-05
3.2746012e-05
3.2227487e-05
3.1739282e-05
3.1277064e-05
3.0837064e-05
3.0417476e-05
3.0016268e-05
2.9630513e-05
2.9256241e-05
2.8893104e-05
2.8540726e-05
2.8226445e-05
2.7924402e-05
2.7636227e-05
2.7377259e-05
2.7155787e-05
2.6964411e-05
2.6795431e-05
2.6638141e-05
2.6507553e-05
2.6405851e-05
2.6283521e-05
2.615177e-05
2.6028441e-05
2.5900389e-05
2.5761802e-05
2.5618806e-05
2.545852e-05
2.5293962e-05
2.5130784e-05
2.4967672e-05
2.4804773e-05
2.4642692e-05
2.4481466e-05
2.4321008e-05
2.416126e-05
2.4002138e-05
2.3843548e-05
2.3685405e-05
2.3527639e-05
2.3370185e-05
2.3212991e-05
2.3056009e-05
2.28992e-05
2.2742527e-05
2.2585957e-05
2.2429465e-05
2.2273045e-05
2.2116705e-05
2.1960369e-05
2.1804043e-05
2.1647737e-05
2.1491439e-05
2.1335146e-05
2.1178859e-05
2.1022572e-05
2.0866287e-05
2.0710002e-05
2.0553717e-05
2.0397432e-05
2.0241146e-05
2.0084858e-05
1.992857e-05
1.9772281e-05
1.9615991e-05
1.94597e-05
1.9303408e-05
1.9147115e-05
1.8990821e-05
1.8834526e-05
1.8678231e-05
1.8521935e-05
1.8365638e-05
1.8209341e-05
1.8053043e-05
1.7896745e-05
1.7740447e-05
1.7584147e-05
1.7427848e-05
1.7271548e-05
1.7115248e-05
1.6958948e-05
1.6802647e-05
1.6646347e-05
1.6490046e-05
1.6333744e-05
1.6177443e-05
1.6021142e-05
1.586484e-05
1.5708538e-05
1.5552236e-05
1.5395934e-05
1.5239632e-05
1.508333e-05
1.4927028e-05
1.4770726e-05
1.4614423e-05
1.4458121e-05
1.4301818e-05
1.4145516e-05
1.3989213e-05
1.383291e-05
1.3676608e-05
1.3520305e-05
1.3364002e-05
1.3207699e-05
1.3051396e-05
1.2895093e-05
1.273879e-05
1.2582487e-05
1.2426184e-05
1.2269881e-05
1.2113578e-05
1.1957275e-05
1.1800972e-05
1.1644668e-05
1.1488365e-05
1.1332062e-05
1.1175758e-05
1.1019455e-05
1.0863152e-05
1.0706848e-05
1.0550545e-05
1.0394241e-05
1.0237938e-05
1.0081634e-05
9.9253309e-06
9.7690273e-06
9.6127238e-06
9.4564201e-06
9.3001165e-06
9.1438128e-06
8.9875091e-06
8.8312054e-06
8.6749017e-06
8.5185979e-06
8.3622941e-06
8.2059903e-06
8.0496864e-06
7.8933825e-06
7.7370786e-06
7.5807746e-06
7.4244707e-06
7.2681666e-06
7.1118626e-06
6.9555585e-06
6.7992544e-06
6.6429503e-06
6.4866461e-06
6.330342e-06
6.1740377e-06
6.0177335e-06
5.8614292e-06
5.7051249e-06
5.5488206e-06
5.3925162e-06
5.2362118e-06
5.0799074e-06
4.9236029e-06
4.7672984e-06
4.6109939e-06
4.4546894e-06
4.2983848e-06
4.1420802e-06
3.9857755e-06
3.8294709e-06
3.6731662e-06
3.5168614e-06
3.3605567e-06
3.2042519e-06
3.0479471e-06
2.8916423e-06
2.7353374e-06
2.5790326e-06
2.4227277e-06
2.2664228e-06
2.1101179e-06
1.9538129e-06
1.797508e-06
1.641203e-06
1.484898e-06
1.328593e-06
1.172288e-06
1.015983e-06
8.5967793e-07
7.0337289e-07
5.4706783e-07
3.9076276e-07
2.3445768e-07
7.8152577e-08
4.1103864e-05
4.0314022e-05
3.9416826e-05
3.8508065e-05
3.7619096e-05
3.6761367e-05
3.5943448e-05
3.5171485e-05
3.4450281e-05
3.3783133e-05
3.3164014e-05
3.2587875e-05
3.205057e-05
3.1541152e-05
3.1054006e-05
3.059307e-05
3.0151563e-05
2.9725087e-05
2.9319124e-05
2.8935877e-05
2.8574613e-05
2.8247004e-05
2.795208e-05
2.7677447e-05
2.7453043e-05
2.7272447e-05
2.712153e-05
2.6959142e-05
2.6729111e-05
2.6522061e-05
2.6440279e-05
2.6347737e-05
2.6221177e-05
2.6086411e-05
2.5944875e-05
2.57943e-05
2.5636849e-05
2.5473396e-05
2.5307566e-05
2.5141609e-05
2.4976082e-05
2.4811457e-05
2.4648003e-05
2.4485675e-05
2.4324355e-05
2.4163925e-05
2.4004256e-05
2.3845225e-05
2.3686727e-05
2.3528673e-05
2.3370987e-05
2.3213607e-05
2.3056476e-05
2.2899549e-05
2.2742779e-05
2.2586138e-05
2.2429603e-05
2.2273115e-05
2.2116805e-05
2.1960438e-05
2.180407e-05
2.1647747e-05
2.1491445e-05
2.1335139e-05
2.1178841e-05
2.1022552e-05
2.0866264e-05
2.0709978e-05
2.0553692e-05
2.0397406e-05
2.0241121e-05
2.0084834e-05
1.9928547e-05
1.9772259e-05
1.961597e-05
1.945968e-05
1.930339e-05
1.9147098e-05
1.8990805e-05
1.8834512e-05
1.8678217e-05
1.8521922e-05
1.8365627e-05
1.820933e-05
1.8053033e-05
1.7896736e-05
1.7740438e-05
1.758414e-05
1.7427841e-05
1.7271542e-05
1.7115242e-05
1.6958942e-05
1.6802642e-05
1.6646341e-05
1.6490041e-05
1.633374e-05
1.6177439e-05
1.6021138e-05
1.5864836e-05
1.5708535e-05
1.5552233e-05
1.5395931e-05
1.5239629e-05
1.5083327e-05
1.4927025e-05
1.4770723e-05
1.4614421e-05
1.4458119e-05
1.4301816e-05
1.4145514e-05
1.3989211e-05
1.3832909e-05
1.3676606e-05
1.3520303e-05
1.3364001e-05
1.3207698e-05
1.3051395e-05
1.2895092e-05
1.2738789e-05
1.2582486e-05
1.2426183e-05
1.226988e-05
1.2113577e-05
1.1957274e-05
1.1800971e-05
1.1644668e-05
1.1488365e-05
1.1332061e-05
1.1175758e-05
1.1019455e-05
1.0863151e-05
1.0706848e-05
1.0550545e-05
1.0394241e-05
1.0237938e-05
1.0081634e-05
9.9253307e-06
9.7690271e-06
9.6127236e-06
9.45642e-06
9.3001164e-06
9.1438127e-06
8.987509e-06
8.8312053e-06
8.6749016e-06
8.5185978e-06
8.3622941e-06
8.2059902e-06
8.0496864e-06
7.8933825e-06
7.7370786e-06
7.5807746e-06
7.4244707e-06
7.2681667e-06
7.1118626e-06
6.9555586e-06
6.7992545e-06
6.6429503e-06
6.4866462e-06
6.330342e-06
6.1740378e-06
6.0177336e-06
5.8614293e-06
5.705125e-06
5.5488206e-06
5.3925163e-06
5.2362119e-06
5.0799075e-06
4.923603e-06
4.7672985e-06
4.610994e-06
4.4546894e-06
4.2983848e-06
4.1420802e-06
3.9857756e-06
3.8294709e-06
3.6731662e-06
3.5168615e-06
3.3605567e-06
3.204252e-06
3.0479472e-06
2.8916423e-06
2.7353375e-06
2.5790326e-06
2.4227277e-06
2.2664228e-06
2.1101179e-06
1.9538129e-06
1.797508e-06
1.641203e-06
1.484898e-06
1.328593e-06
1.172288e-06
1.015983e-06
8.5967793e-07
7.0337288e-07
5.4706782e-07
3.9076275e-07
2.3445767e-07
7.8152573e-08
4.1035004e-05
4.0262383e-05
3.9380255e-05
3.8484766e-05
3.7607023e-05
3.675764e-05
3.594591e-05
3.5180965e-05
3.4468685e-05
3.3804848e-05
3.3185702e-05
3.2607943e-05
3.2060818e-05
3.1543418e-05
3.1057466e-05
3.0597583e-05
3.0156211e-05
2.9729427e-05
2.932264e-05
2.8938063e-05
2.8576416e-05
2.8249361e-05
2.7953775e-05
2.7679136e-05
2.7454973e-05
2.7273611e-05
2.7121083e-05
2.695298e-05
2.6723181e-05
2.652279e-05
2.6442375e-05
2.6348294e-05
2.6220998e-05
2.6086263e-05
2.5944745e-05
2.5794156e-05
2.5636637e-05
2.54732e-05
2.530735e-05
2.5141435e-05
2.4975961e-05
2.481136e-05
2.4647922e-05
2.448561e-05
2.4324303e-05
2.4163882e-05
2.400422e-05
2.3845194e-05
2.3686701e-05
2.3528651e-05
2.3370969e-05
2.3213592e-05
2.3056464e-05
2.2899539e-05
2.2742776e-05
2.2586139e-05
2.24296e-05
2.2273138e-05
2.2116749e-05
2.1960389e-05
2.1804046e-05
2.1647725e-05
2.1491416e-05
2.1335114e-05
2.117882e-05
2.1022532e-05
2.0866246e-05
2.070996e-05
2.0553676e-05
2.0397391e-05
2.0241106e-05
2.008482e-05
1.9928534e-05
1.9772247e-05
1.9615958e-05
1.9459669e-05
1.9303379e-05
1.9147087e-05
1.8990795e-05
1.8834502e-05
1.8678208e-05
1.8521914e-05
1.8365619e-05
1.8209323e-05
1.8053026e-05
1.7896729e-05
1.7740431e-05
1.7584133e-05
1.7427835e-05
1.7271536e-05
1.7115237e-05
1.6958937e-05
1.6802637e-05
1.6646337e-05
1.6490037e-05
1.6333736e-05
1.6177435e-05
1.6021134e-05
1.5864833e-05
1.5708532e-05
1.555223e-05
1.5395929e-05
1.5239627e-05
1.5083325e-05
1.4927023e-05
1.4770721e-05
1.4614419e-05
1.4458117e-05
1.4301815e-05
1.4145512e-05
1.398921e-05
1.3832907e-05
1.3676605e-05
1.3520302e-05
1.3364e-05
1.3207697e-05
1.3051394e-05
1.2895091e-05
1.2738788e-05
1.2582486e-05
1.2426183e-05
1.226988e-05
1.2113577e-05
1.1957274e-05
1.180097e-05
1.1644667e-05
1.1488364e-05
1.1332061e-05
1.1175758e-05
1.1019454e-05
1.0863151e-05
1.0706848e-05
1.0550544e-05
1.0394241e-05
1.0237937e-05
1.0081634e-05
9.9253305e-06
9.769027e-06
9.6127235e-06
9.4564199e-06
9.3001163e-06
9.1438127e-06
8.987509e-06
8.8312053e-06
8.6749016e-06
8.5185978e-06
8.3622941e-06
8.2059902e-06
8.0496864e-06
7.8933825e-06
7.7370786e-06
7.5807747e-06
7.4244707e-06
7.2681667e-06
7.1118627e-06
6.9555586e-06
6.7992545e-06
6.6429504e-06
6.4866463e-06
6.3303421e-06
6.1740379e-06
6.0177337e-06
5.8614294e-06
5.7051251e-06
5.5488207e-06
5.3925164e-06
5.236212e-06
5.0799076e-06
4.9236031e-06
4.7672986e-06
4.6109941e-06
4.4546895e-06
4.2983849e-06
4.1420803e-06
3.9857757e-06
3.829471e-06
3.6731663e-06
3.5168616e-06
3.3605568e-06
3.204252e-06
3.0479472e-06
2.8916424e-06
2.7353375e-06
2.5790327e-06
2.4227278e-06
2.2664229e-06
2.1101179e-06
1.953813e-06
1.797508e-06
1.641203e-06
1.4848981e-06
1.328593e-06
1.172288e-06
1.015983e-06
8.5967795e-07
7.033729e-07
5.4706784e-07
3.9076276e-07
2.3445768e-07
7.8152574e-08
3.8393256e-05
3.8191057e-05
3.7836811e-05
3.7206803e-05
3.6485485e-05
3.5791078e-05
3.5133134e-05
3.4498605e-05
3.3888863e-05
3.3309959e-05
3.2763853e-05
3.2248642e-05
3.1760122e-05
3.1295264e-05
3.0853264e-05
3.0432535e-05
3.0030234e-05
2.964255e-05
2.9265558e-05
2.8898918e-05
2.8544972e-05
2.8228938e-05
2.7925009e-05
2.7635292e-05
2.73752e-05
2.7153557e-05
2.6962485e-05
2.6793327e-05
2.6636455e-05
2.6506486e-05
2.6404251e-05
2.6283143e-05
2.6150914e-05
2.6027211e-05
2.5899104e-05
2.5760733e-05
2.5616945e-05
2.5457605e-05
2.5293345e-05
2.513025e-05
2.4967304e-05
2.4804498e-05
2.4642467e-05
2.4481284e-05
2.4320861e-05
2.4161137e-05
2.4002032e-05
2.3843455e-05
2.3685322e-05
2.3527563e-05
2.3370114e-05
2.3212923e-05
2.3055943e-05
2.2899136e-05
2.2742465e-05
2.2585903e-05
2.2429425e-05
2.2273012e-05
2.2116653e-05
2.196032e-05
2.1804002e-05
2.1647693e-05
2.1491393e-05
2.1335078e-05
2.1178788e-05
2.1022514e-05
2.0866231e-05
2.0709948e-05
2.0553665e-05
2.0397381e-05
2.0241096e-05
2.0084811e-05
1.9928525e-05
1.9772238e-05
1.961595e-05
1.9459661e-05
1.9303371e-05
1.914708e-05
1.8990788e-05
1.8834495e-05
1.8678201e-05
1.8521907e-05
1.8365612e-05
1.8209316e-05
1.805302e-05
1.7896723e-05
1.7740426e-05
1.7584128e-05
1.742783e-05
1.7271531e-05
1.7115232e-05
1.6958933e-05
1.6802633e-05
1.6646333e-05
1.6490033e-05
1.6333732e-05
1.6177432e-05
1.6021131e-05
1.586483e-05
1.5708529e-05
1.5552227e-05
1.5395926e-05
1.5239624e-05
1.5083323e-05
1.4927021e-05
1.4770719e-05
1.4614417e-05
1.4458115e-05
1.4301813e-05
1.4145511e-05
1.3989208e-05
1.3832906e-05
1.3676604e-05
1.3520301e-05
1.3363999e-05
1.3207696e-05
1.3051393e-05
1.289509e-05
1.2738788e-05
1.2582485e-05
1.2426182e-05
1.2269879e-05
1.2113576e-05
1.1957273e-05
1.180097e-05
1.1644667e-05
1.1488364e-05
1.1332061e-05
1.1175757e-05
1.1019454e-05
1.0863151e-05
1.0706847e-05
1.0550544e-05
1.0394241e-05
1.0237937e-05
1.0081634e-05
9.9253304e-06
9.769027e-06
9.6127234e-06
9.4564199e-06
9.3001163e-06
9.1438127e-06
8.987509e-06
8.8312053e-06
8.6749016e-06
8.5185979e-06
8.3622941e-06
8.2059903e-06
8.0496865e-06
7.8933826e-06
7.7370787e-06
7.5807748e-06
7.4244708e-06
7.2681668e-06
7.1118628e-06
6.9555588e-06
6.7992547e-06
6.6429506e-06
6.4866464e-06
6.3303422e-06
6.174038e-06
6.0177338e-06
5.8614295e-06
5.7051252e-06
5.5488209e-06
5.3925165e-06
5.2362121e-06
5.0799077e-06
4.9236032e-06
4.7672988e-06
4.6109942e-06
4.4546897e-06
4.2983851e-06
4.1420805e-06
3.9857758e-06
3.8294711e-06
3.6731664e-06
3.5168617e-06
3.3605569e-06
3.2042522e-06
3.0479473e-06
2.8916425e-06
2.7353377e-06
2.5790328e-06
2.4227279e-06
2.266423e-06
2.110118e-06
1.9538131e-06
1.7975081e-06
1.6412031e-06
1.4848981e-06
1.3285931e-06
1.1722881e-06
1.0159831e-06
8.5967801e-07
7.0337295e-07
5.4706788e-07
3.9076279e-07
2.344577e-07
7.8152581e-08
3.463752e-05
3.503678e-05
3.5242856e-05
3.5021762e-05
3.4614991e-05
3.4192763e-05
3.3772806e-05
3.3336126e-05
3.2884745e-05
3.2437058e-05
3.2002618e-05
3.1583172e-05
3.1184232e-05
3.0799911e-05
3.0424969e-05
3.006108e-05
2.9708072e-05
2.9364249e-05
2.9028595e-05
2.8701298e-05
2.8383524e-05
2.8083052e-05
2.7816847e-05
2.756573e-05
2.729939e-05
2.707295e-05
2.6879759e-05
2.6705112e-05
2.6547102e-05
2.6442253e-05
2.6337198e-05
2.6225846e-05
2.6093099e-05
2.5962716e-05
2.5840767e-05
2.5713489e-05
2.5570293e-05
2.5420642e-05
2.5266768e-05
2.5109802e-05
2.4951347e-05
2.4792261e-05
2.4632995e-05
2.4473859e-05
2.4315013e-05
2.4156513e-05
2.399836e-05
2.3840531e-05
2.3682992e-05
2.3525705e-05
2.3368633e-05
2.3211743e-05
2.3055005e-05
2.2898393e-05
2.274188e-05
2.2585443e-05
2.2429063e-05
2.2272725e-05
2.2116457e-05
2.1960176e-05
2.1803875e-05
2.1647589e-05
2.1491312e-05
2.1335031e-05
2.1178746e-05
2.1022468e-05
2.0866192e-05
2.0709913e-05
2.0553633e-05
2.0397353e-05
2.0241072e-05
2.0084789e-05
1.9928505e-05
1.977222e-05
1.9615934e-05
1.9459647e-05
1.9303358e-05
1.9147068e-05
1.8990777e-05
1.8834485e-05
1.8678192e-05
1.8521899e-05
1.8365604e-05
1.8209309e-05
1.8053013e-05
1.7896717e-05
1.774042e-05
1.7584123e-05
1.7427825e-05
1.7271526e-05
1.7115228e-05
1.6958928e-05
1.6802629e-05
1.6646329e-05
1.6490029e-05
1.6333729e-05
1.6177429e-05
1.6021128e-05
1.5864827e-05
1.5708526e-05
1.5552225e-05
1.5395924e-05
1.5239622e-05
1.5083321e-05
1.4927019e-05
1.4770717e-05
1.4614415e-05
1.4458114e-05
1.4301811e-05
1.4145509e-05
1.3989207e-05
1.3832905e-05
1.3676603e-05
1.35203e-05
1.3363998e-05
1.3207695e-05
1.3051392e-05
1.289509e-05
1.2738787e-05
1.2582484e-05
1.2426181e-05
1.2269879e-05
1.2113576e-05
1.1957273e-05
1.180097e-05
1.1644667e-05
1.1488363e-05
1.133206e-05
1.1175757e-05
1.1019454e-05
1.0863151e-05
1.0706847e-05
1.0550544e-05
1.0394241e-05
1.0237937e-05
1.0081634e-05
9.9253304e-06
9.769027e-06
9.6127234e-06
9.4564199e-06
9.3001163e-06
9.1438127e-06
8.9875091e-06
8.8312054e-06
8.6749017e-06
8.518598e-06
8.3622943e-06
8.2059905e-06
8.0496866e-06
7.8933828e-06
7.7370789e-06
7.580775e-06
7.424471e-06
7.268167e-06
7.111863e-06
6.9555589e-06
6.7992549e-06
6.6429508e-06
6.4866466e-06
6.3303424e-06
6.1740382e-06
6.017734e-06
5.8614297e-06
5.7051254e-06
5.5488211e-06
5.3925167e-06
5.2362123e-06
5.0799079e-06
4.9236034e-06
4.7672989e-06
4.6109944e-06
4.4546898e-06
4.2983852e-06
4.1420806e-06
3.985776e-06
3.8294713e-06
3.6731666e-06
3.5168619e-06
3.3605571e-06
3.2042523e-06
3.0479475e-06
2.8916427e-06
2.7353378e-06
2.5790329e-06
2.422728e-06
2.2664231e-06
2.1101182e-06
1.9538132e-06
1.7975082e-06
1.6412032e-06
1.4848982e-06
1.3285932e-06
1.1722882e-06
1.0159831e-06
8.5967808e-07
7.0337301e-07
5.4706793e-07
3.9076284e-07
2.3445773e-07
7.8152592e-08
3.1292136e-05
3.2043021e-05
3.2604764e-05
3.2768146e-05
3.2701063e-05
3.2555452e-05
3.2366622e-05
3.2130286e-05
3.1853866e-05
3.1554008e-05
3.1243063e-05
3.0927275e-05
3.061045e-05
3.0294533e-05
2.9981636e-05
2.967413e-05
2.9373213e-05
2.907941e-05
2.8793347e-05
2.8517384e-05
2.8247806e-05
2.7959791e-05
2.7719009e-05
2.7485714e-05
2.7245101e-05
2.703305e-05
2.6839489e-05
2.666544e-05
2.6512877e-05
2.6382208e-05
2.6260863e-05
2.615986e-05
2.6055342e-05
2.5929806e-05
2.5796444e-05
2.5660093e-05
2.5515915e-05
2.5376133e-05
2.523265e-05
2.5082658e-05
2.4929652e-05
2.477512e-05
2.4619403e-05
2.4463029e-05
2.4306383e-05
2.4149636e-05
2.3992885e-05
2.3836182e-05
2.367955e-05
2.3522993e-05
2.3366511e-05
2.3210095e-05
2.3053734e-05
2.2897421e-05
2.274114e-05
2.258488e-05
2.2428639e-05
2.2272418e-05
2.2116257e-05
2.1960036e-05
2.1803782e-05
2.1647525e-05
2.1491269e-05
2.1335032e-05
2.1178721e-05
2.1022443e-05
2.0866194e-05
2.0709921e-05
2.0553639e-05
2.0397359e-05
2.0241077e-05
2.0084794e-05
1.992851e-05
1.9772225e-05
1.9615938e-05
1.9459649e-05
1.930336e-05
1.9147069e-05
1.8990777e-05
1.8834485e-05
1.8678192e-05
1.8521897e-05
1.8365603e-05
1.8209307e-05
1.8053011e-05
1.7896714e-05
1.7740417e-05
1.758412e-05
1.7427822e-05
1.7271523e-05
1.7115225e-05
1.6958926e-05
1.6802626e-05
1.6646327e-05
1.6490027e-05
1.6333726e-05
1.6177426e-05
1.6021126e-05
1.5864825e-05
1.5708524e-05
1.5552223e-05
1.5395922e-05
1.523962e-05
1.5083319e-05
1.4927017e-05
1.4770716e-05
1.4614414e-05
1.4458112e-05
1.430181e-05
1.4145508e-05
1.3989206e-05
1.3832904e-05
1.3676602e-05
1.3520299e-05
1.3363997e-05
1.3207694e-05
1.3051392e-05
1.2895089e-05
1.2738786e-05
1.2582484e-05
1.2426181e-05
1.2269878e-05
1.2113575e-05
1.1957272e-05
1.1800969e-05
1.1644666e-05
1.1488363e-05
1.133206e-05
1.1175757e-05
1.1019454e-05
1.0863151e-05
1.0706847e-05
1.0550544e-05
1.0394241e-05
1.0237937e-05
1.0081634e-05
9.9253305e-06
9.769027e-06
9.6127235e-06
9.45642e-06
9.3001165e-06
9.1438129e-06
8.9875092e-06
8.8312056e-06
8.6749019e-06
8.5185982e-06
8.3622944e-06
8.2059906e-06
8.0496868e-06
7.893383e-06
7.7370791e-06
7.5807752e-06
7.4244712e-06
7.2681672e-06
7.1118632e-06
6.9555592e-06
6.7992551e-06
6.642951e-06
6.4866468e-06
6.3303427e-06
6.1740385e-06
6.0177342e-06
5.86143e-06
5.7051256e-06
5.5488213e-06
5.3925169e-06
5.2362125e-06
5.0799081e-06
4.9236036e-06
4.7672991e-06
4.6109946e-06
4.4546901e-06
4.2983855e-06
4.1420808e-06
3.9857762e-06
3.8294715e-06
3.6731668e-06
3.516862e-06
3.3605573e-06
3.2042525e-06
3.0479477e-06
2.8916428e-06
2.735338e-06
2.5790331e-06
2.4227282e-06
2.2664233e-06
2.1101183e-06
1.9538134e-06
1.7975084e-06
1.6412034e-06
1.4848984e-06
1.3285933e-06
1.1722883e-06
1.0159833e-06
8.5967819e-07
7.0337311e-07
5.4706802e-07
3.9076291e-07
2.3445778e-07
7.8152608e-08
2.8932309e-05
2.9831674e-05
3.0541318e-05
3.0922797e-05
3.1078639e-05
3.1124112e-05
3.1099765e-05
3.1010279e-05
3.0864363e-05
3.067834e-05
3.0466591e-05
3.023808e-05
2.9998526e-05
2.9752027e-05
2.9501597e-05
2.9249787e-05
2.899858e-05
2.8749559e-05
2.8504105e-05
2.8262589e-05
2.8026026e-05
2.7794251e-05
2.7564029e-05
2.7350143e-05
2.716093e-05
2.6967985e-05
2.6784329e-05
2.6620505e-05
2.6473665e-05
2.6341433e-05
2.6218118e-05
2.6095567e-05
2.5993381e-05
2.588192e-05
2.5752103e-05
2.5616884e-05
2.548547e-05
2.5349092e-05
2.5206631e-05
2.5060257e-05
2.4911156e-05
2.4759868e-05
2.4606966e-05
2.4452986e-05
2.4298292e-05
2.4143121e-05
2.398764e-05
2.3831963e-05
2.3676163e-05
2.3520283e-05
2.3364349e-05
2.3208374e-05
2.3052371e-05
2.2896364e-05
2.2740323e-05
2.2584258e-05
2.2428162e-05
2.2271992e-05
2.2116159e-05
2.1959935e-05
2.1803651e-05
2.1647437e-05
2.1491203e-05
2.1334944e-05
2.1178673e-05
2.1022412e-05
2.0866151e-05
2.070988e-05
2.0553604e-05
2.0397328e-05
2.0241051e-05
2.0084772e-05
1.992849e-05
1.9772207e-05
1.9615921e-05
1.9459635e-05
1.9303347e-05
1.9147057e-05
1.8990767e-05
1.8834476e-05
1.8678183e-05
1.852189e-05
1.8365596e-05
1.8209301e-05
1.8053006e-05
1.789671e-05
1.7740413e-05
1.7584116e-05
1.7427818e-05
1.727152e-05
1.7115221e-05
1.6958923e-05
1.6802623e-05
1.6646324e-05
1.6490024e-05
1.6333724e-05
1.6177424e-05
1.6021123e-05
1.5864823e-05
1.5708522e-05
1.5552221e-05
1.539592e-05
1.5239619e-05
1.5083317e-05
1.4927016e-05
1.4770714e-05
1.4614413e-05
1.4458111e-05
1.4301809e-05
1.4145507e-05
1.3989205e-05
1.3832903e-05
1.3676601e-05
1.3520298e-05
1.3363996e-05
1.3207694e-05
1.3051391e-05
1.2895089e-05
1.2738786e-05
1.2582483e-05
1.2426181e-05
1.2269878e-05
1.2113575e-05
1.1957272e-05
1.1800969e-05
1.1644666e-05
1.1488363e-05
1.133206e-05
1.1175757e-05
1.1019454e-05
1.0863151e-05
1.0706847e-05
1.0550544e-05
1.0394241e-05
1.0237937e-05
1.0081634e-05
9.9253306e-06
9.7690272e-06
9.6127237e-06
9.4564202e-06
9.3001166e-06
9.1438131e-06
8.9875094e-06
8.8312058e-06
8.6749021e-06
8.5185984e-06
8.3622947e-06
8.2059909e-06
8.0496871e-06
7.8933832e-06
7.7370793e-06
7.5807754e-06
7.4244715e-06
7.2681675e-06
7.1118635e-06
6.9555594e-06
6.7992554e-06
6.6429513e-06
6.4866471e-06
6.3303429e-06
6.1740387e-06
6.0177345e-06
5.8614302e-06
5.7051259e-06
5.5488216e-06
5.3925172e-06
5.2362128e-06
5.0799084e-06
4.9236039e-06
4.7672994e-06
4.6109949e-06
4.4546903e-06
4.2983857e-06
4.1420811e-06
3.9857764e-06
3.8294717e-06
3.673167e-06
3.5168623e-06
3.3605575e-06
3.2042527e-06
3.0479479e-06
2.891643e-06
2.7353382e-06
2.5790333e-06
2.4227284e-06
2.2664235e-06
2.1101185e-06
1.9538135e-06
1.7975085e-06
1.6412035e-06
1.4848985e-06
1.3285935e-06
1.1722884e-06
1.0159834e-06
8.5967831e-07
7.0337322e-07
5.4706811e-07
3.9076298e-07
2.3445783e-07
7.8152621e-08
2.7044776e-05
2.8004576e-05
2.8804444e-05
2.9326484e-05
2.9638326e-05
2.9829695e-05
2.9938033e-05
2.997089e-05
2.993714e-05
2.9852051e-05
2.9730077e-05
2.9581188e-05
2.941214e-05
2.9228269e-05
2.903411e-05
2.8833438e-05
2.8629154e-05
2.8423426e-05
2.8218012e-05
2.80139e-05
2.7812508e-05
2.7618063e-05
2.7407195e-05
2.721546e-05
2.705099e-05
2.6879726e-05
2.6713731e-05
2.6563302e-05
2.6425091e-05
2.6297089e-05
2.6176842e-05
2.6060844e-05
2.5947189e-05
2.5828964e-05
2.570514e-05
2.5578003e-05
2.5447743e-05
2.5313288e-05
2.5175154e-05
2.503356e-05
2.4888761e-05
2.4741342e-05
2.4591865e-05
2.4440788e-05
2.4288495e-05
2.4135287e-05
2.3981393e-05
2.3826986e-05
2.3672208e-05
2.3517166e-05
2.3361932e-05
2.3206516e-05
2.3050943e-05
2.2895343e-05
2.2739502e-05
2.258356e-05
2.2427692e-05
2.2271664e-05
2.2116077e-05
2.1959841e-05
2.1803557e-05
2.1647387e-05
2.1491175e-05
2.1334934e-05
2.1178692e-05
2.1022424e-05
2.0866161e-05
2.0709901e-05
2.0553622e-05
2.039734e-05
2.0241063e-05
2.0084787e-05
1.9928506e-05
1.9772222e-05
1.9615936e-05
1.9459648e-05
1.9303359e-05
1.9147067e-05
1.8990775e-05
1.8834482e-05
1.8678189e-05
1.8521894e-05
1.8365599e-05
1.8209303e-05
1.8053007e-05
1.789671e-05
1.7740413e-05
1.7584115e-05
1.7427817e-05
1.7271519e-05
1.711522e-05
1.6958921e-05
1.6802622e-05
1.6646322e-05
1.6490022e-05
1.6333722e-05
1.6177422e-05
1.6021122e-05
1.5864821e-05
1.570852e-05
1.5552219e-05
1.5395918e-05
1.5239617e-05
1.5083316e-05
1.4927015e-05
1.4770713e-05
1.4614412e-05
1.445811e-05
1.4301808e-05
1.4145506e-05
1.3989204e-05
1.3832902e-05
1.36766e-05
1.3520298e-05
1.3363996e-05
1.3207693e-05
1.3051391e-05
1.2895088e-05
1.2738786e-05
1.2582483e-05
1.242618e-05
1.2269878e-05
1.2113575e-05
1.1957272e-05
1.1800969e-05
1.1644666e-05
1.1488363e-05
1.133206e-05
1.1175757e-05
1.1019454e-05
1.0863151e-05
1.0706847e-05
1.0550544e-05
1.0394241e-05
1.0237938e-05
1.0081634e-05
9.9253308e-06
9.7690274e-06
9.6127239e-06
9.4564204e-06
9.3001169e-06
9.1438133e-06
8.9875097e-06
8.8312061e-06
8.6749024e-06
8.5185987e-06
8.3622949e-06
8.2059912e-06
8.0496874e-06
7.8933835e-06
7.7370796e-06
7.5807757e-06
7.4244718e-06
7.2681678e-06
7.1118638e-06
6.9555598e-06
6.7992557e-06
6.6429516e-06
6.4866474e-06
6.3303432e-06
6.174039e-06
6.0177348e-06
5.8614305e-06
5.7051262e-06
5.5488219e-06
5.3925175e-06
5.2362131e-06
5.0799087e-06
4.9236042e-06
4.7672997e-06
4.6109951e-06
4.4546906e-06
4.298386e-06
4.1420813e-06
3.9857767e-06
3.829472e-06
3.6731673e-06
3.5168625e-06
3.3605578e-06
3.204253e-06
3.0479481e-06
2.8916433e-06
2.7353384e-06
2.5790335e-06
2.4227286e-06
2.2664237e-06
2.1101187e-06
1.9538138e-06
1.7975088e-06
1.6412038e-06
1.4848987e-06
1.3285937e-06
1.1722886e-06
1.0159836e-06
8.5967846e-07
7.0337335e-07
5.4706822e-07
3.9076306e-07
2.3445787e-07
7.8152632e-08
2.5602418e-05
2.6613568e-05
2.7478997e-05
2.8082272e-05
2.8484803e-05
2.8767947e-05
2.896434e-05
2.9080079e-05
2.9123768e-05
2.9110573e-05
2.905496e-05
2.8967171e-05
2.8854463e-05
2.8722785e-05
2.8577196e-05
2.8421771e-05
2.8259619e-05
2.8093037e-05
2.7923759e-05
2.7754232e-05
2.7584345e-05
2.7416209e-05
2.7249439e-05
2.7088031e-05
2.6935899e-05
2.6793576e-05
2.6640497e-05
2.650292e-05
2.6374619e-05
2.6252583e-05
2.6135382e-05
2.6020767e-05
2.5906887e-05
2.5791251e-05
2.5671619e-05
2.5547927e-05
2.542074e-05
2.528978e-05
2.5154836e-05
2.5016139e-05
2.4874118e-05
2.4729232e-05
2.4581944e-05
2.4432704e-05
2.4281921e-05
2.4129945e-05
2.3977065e-05
2.3823507e-05
2.3669432e-05
2.3514955e-05
2.3360184e-05
2.32051e-05
2.3049812e-05
2.2894533e-05
2.273908e-05
2.2583383e-05
2.2427581e-05
2.2272033e-05
2.2116009e-05
2.1959698e-05
2.1803543e-05
2.1647395e-05
2.1491188e-05
2.1334945e-05
2.1178698e-05
2.1022429e-05
2.0866145e-05
2.0709869e-05
2.0553597e-05
2.0397322e-05
2.0241051e-05
2.0084777e-05
1.9928494e-05
1.9772208e-05
1.9615922e-05
1.9459636e-05
1.9303347e-05
1.9147057e-05
1.8990767e-05
1.8834475e-05
1.8678182e-05
1.8521888e-05
1.8365594e-05
1.8209299e-05
1.8053003e-05
1.7896707e-05
1.774041e-05
1.7584113e-05
1.7427815e-05
1.7271517e-05
1.7115218e-05
1.6958919e-05
1.680262e-05
1.6646321e-05
1.6490021e-05
1.6333721e-05
1.617742e-05
1.602112e-05
1.5864819e-05
1.5708519e-05
1.5552218e-05
1.5395917e-05
1.5239616e-05
1.5083315e-05
1.4927014e-05
1.4770712e-05
1.4614411e-05
1.4458109e-05
1.4301807e-05
1.4145506e-05
1.3989204e-05
1.3832902e-05
1.36766e-05
1.3520297e-05
1.3363995e-05
1.3207693e-05
1.305139e-05
1.2895088e-05
1.2738785e-05
1.2582483e-05
1.242618e-05
1.2269877e-05
1.2113575e-05
1.1957272e-05
1.1800969e-05
1.1644666e-05
1.1488363e-05
1.133206e-05
1.1175757e-05
1.1019454e-05
1.0863151e-05
1.0706848e-05
1.0550544e-05
1.0394241e-05
1.0237938e-05
1.0081634e-05
9.925331e-06
9.7690276e-06
9.6127242e-06
9.4564207e-06
9.3001171e-06
9.1438136e-06
8.98751e-06
8.8312064e-06
8.6749027e-06
8.518599e-06
8.3622953e-06
8.2059915e-06
8.0496877e-06
7.8933839e-06
7.73708e-06
7.5807761e-06
7.4244721e-06
7.2681682e-06
7.1118641e-06
6.9555601e-06
6.799256e-06
6.6429519e-06
6.4866478e-06
6.3303436e-06
6.1740394e-06
6.0177351e-06
5.8614309e-06
5.7051265e-06
5.5488222e-06
5.3925178e-06
5.2362134e-06
5.079909e-06
4.9236045e-06
4.7673e-06
4.6109954e-06
4.4546909e-06
4.2983863e-06
4.1420816e-06
3.985777e-06
3.8294723e-06
3.6731676e-06
3.5168628e-06
3.360558e-06
3.2042532e-06
3.0479484e-06
2.8916436e-06
2.7353387e-06
2.5790338e-06
2.4227289e-06
2.2664239e-06
2.110119e-06
1.953814e-06
1.797509e-06
1.641204e-06
1.4848989e-06
1.3285939e-06
1.1722888e-06
1.0159837e-06
8.5967862e-07
7.0337349e-07
5.4706834e-07
3.9076315e-07
2.3445793e-07
7.8152648e-08
2.4607263e-05
2.5630463e-05
2.6503966e-05
2.7125601e-05
2.7564378e-05
2.7895879e-05
2.814328e-05
2.8308218e-05
2.839966e-05
2.8433788e-05
2.8424695e-05
2.8381687e-05
2.8311595e-05
2.8220494e-05
2.8113704e-05
2.7995508e-05
2.7868821e-05
2.7735142e-05
2.7595317e-05
2.7448461e-05
2.7321185e-05
2.7183524e-05
2.7050011e-05
2.6913152e-05
2.677425e-05
2.6636331e-05
2.6522846e-05
2.6406967e-05
2.6293376e-05
2.6182453e-05
2.6073255e-05
2.5964638e-05
2.5855141e-05
2.5743265e-05
2.562798e-05
2.5509021e-05
2.5386299e-05
2.5259602e-05
2.5128872e-05
2.4994265e-05
2.4856059e-05
2.4714628e-05
2.4570378e-05
2.4423709e-05
2.427498e-05
2.4124521e-05
2.3972701e-05
2.3819934e-05
2.3666556e-05
2.3512748e-05
2.3358571e-05
2.3204045e-05
2.3049143e-05
2.2893926e-05
2.273854e-05
2.258299e-05
2.2427173e-05
2.2271729e-05
2.211552e-05
2.1959571e-05
2.1803571e-05
2.1647419e-05
2.1491175e-05
2.1334907e-05
2.1178687e-05
2.102245e-05
2.0866173e-05
2.0709896e-05
2.0553633e-05
2.0397362e-05
2.0241081e-05
2.0084798e-05
1.9928514e-05
1.9772228e-05
1.961594e-05
1.9459652e-05
1.9303362e-05
1.9147071e-05
1.8990779e-05
1.8834485e-05
1.8678191e-05
1.8521896e-05
1.83656e-05
1.8209303e-05
1.8053006e-05
1.7896709e-05
1.7740412e-05
1.7584114e-05
1.7427816e-05
1.7271517e-05
1.7115218e-05
1.6958919e-05
1.680262e-05
1.664632e-05
1.649002e-05
1.633372e-05
1.6177419e-05
1.6021119e-05
1.5864819e-05
1.5708518e-05
1.5552217e-05
1.5395916e-05
1.5239615e-05
1.5083314e-05
1.4927013e-05
1.4770712e-05
1.461441e-05
1.4458109e-05
1.4301807e-05
1.4145505e-05
1.3989203e-05
1.3832901e-05
1.3676599e-05
1.3520297e-05
1.3363995e-05
1.3207693e-05
1.305139e-05
1.2895088e-05
1.2738785e-05
1.2582483e-05
1.242618e-05
1.2269877e-05
1.2113575e-05
1.1957272e-05
1.1800969e-05
1.1644666e-05
1.1488363e-05
1.133206e-05
1.1175757e-05
1.1019454e-05
1.0863151e-05
1.0706848e-05
1.0550545e-05
1.0394241e-05
1.0237938e-05
1.0081635e-05
9.9253313e-06
9.7690279e-06
9.6127245e-06
9.456421e-06
9.3001175e-06
9.143814e-06
8.9875104e-06
8.8312067e-06
8.6749031e-06
8.5185994e-06
8.3622957e-06
8.2059919e-06
8.0496881e-06
7.8933843e-06
7.7370804e-06
7.5807765e-06
7.4244725e-06
7.2681686e-06
7.1118645e-06
6.9555605e-06
6.7992564e-06
6.6429523e-06
6.4866482e-06
6.330344e-06
6.1740398e-06
6.0177355e-06
5.8614312e-06
5.7051269e-06
5.5488226e-06
5.3925182e-06
5.2362138e-06
5.0799093e-06
4.9236049e-06
4.7673003e-06
4.6109958e-06
4.4546912e-06
4.2983866e-06
4.142082e-06
3.9857773e-06
3.8294726e-06
3.6731679e-06
3.5168631e-06
3.3605584e-06
3.2042535e-06
3.0479487e-06
2.8916439e-06
2.735339e-06
2.5790341e-06
2.4227292e-06
2.2664242e-06
2.1101193e-06
1.9538143e-06
1.7975093e-06
1.6412042e-06
1.4848992e-06
1.3285941e-06
1.172289e-06
1.0159839e-06
8.5967881e-07
7.0337366e-07
5.4706847e-07
3.9076326e-07
2.34458e-07
7.8152671e-08
2.399182e-05
2.5023954e-05
2.5850798e-05
2.6435919e-05
2.6874682e-05
2.7230055e-05
2.7505255e-05
2.7695312e-05
2.7812557e-05
2.7875737e-05
2.7898141e-05
2.7887586e-05
2.7850252e-05
2.7791963e-05
2.7718007e-05
2.7633303e-05
2.7541484e-05
2.744524e-05
2.7346921e-05
2.7248632e-05
2.7124671e-05
2.7006439e-05
2.6893106e-05
2.6779617e-05
2.6664496e-05
2.6555165e-05
2.6448017e-05
2.6345018e-05
2.6239186e-05
2.6135531e-05
2.6033353e-05
2.5930279e-05
2.5825304e-05
2.5717632e-05
2.5606371e-05
2.5491004e-05
2.5371379e-05
2.5247414e-05
2.5119014e-05
2.4986215e-05
2.4849409e-05
2.470917e-05
2.4565959e-05
2.442021e-05
2.4272336e-05
2.4122648e-05
2.397142e-05
2.3818985e-05
2.366569e-05
2.3511847e-05
2.3357729e-05
2.3203488e-05
2.3048989e-05
2.2894231e-05
2.273924e-05
2.2583922e-05
2.2428474e-05
2.2272149e-05
2.2115777e-05
2.1959939e-05
2.1803908e-05
2.1647667e-05
2.1491375e-05
2.1335075e-05
2.1178784e-05
2.1022498e-05
2.086621e-05
2.0709923e-05
2.0553637e-05
2.0397354e-05
2.0241072e-05
2.008479e-05
1.9928508e-05
1.9772223e-05
1.9615937e-05
1.9459649e-05
1.9303359e-05
1.9147068e-05
1.8990776e-05
1.8834483e-05
1.8678188e-05
1.8521893e-05
1.8365598e-05
1.8209301e-05
1.8053005e-05
1.7896707e-05
1.774041e-05
1.7584112e-05
1.7427814e-05
1.7271515e-05
1.7115216e-05
1.6958917e-05
1.6802618e-05
1.6646318e-05
1.6490018e-05
1.6333718e-05
1.6177418e-05
1.6021118e-05
1.5864818e-05
1.5708517e-05
1.5552216e-05
1.5395916e-05
1.5239615e-05
1.5083313e-05
1.4927012e-05
1.4770711e-05
1.461441e-05
1.4458108e-05
1.4301806e-05
1.4145505e-05
1.3989203e-05
1.3832901e-05
1.3676599e-05
1.3520297e-05
1.3363995e-05
1.3207692e-05
1.305139e-05
1.2895088e-05
1.2738785e-05
1.2582483e-05
1.242618e-05
1.2269878e-05
1.2113575e-05
1.1957272e-05
1.1800969e-05
1.1644666e-05
1.1488363e-05
1.133206e-05
1.1175757e-05
1.1019454e-05
1.0863151e-05
1.0706848e-05
1.0550545e-05
1.0394242e-05
1.0237938e-05
1.0081635e-05
9.9253317e-06
9.7690283e-06
9.6127249e-06
9.4564214e-06
9.3001179e-06
9.1438144e-06
8.9875108e-06
8.8312072e-06
8.6749035e-06
8.5185998e-06
8.3622961e-06
8.2059923e-06
8.0496885e-06
7.8933847e-06
7.7370808e-06
7.5807769e-06
7.424473e-06
7.268169e-06
7.111865e-06
6.9555609e-06
6.7992569e-06
6.6429527e-06
6.4866486e-06
6.3303444e-06
6.1740402e-06
6.0177359e-06
5.8614316e-06
5.7051273e-06
5.548823e-06
5.3925186e-06
5.2362142e-06
5.0799097e-06
4.9236052e-06
4.7673007e-06
4.6109962e-06
4.4546916e-06
4.298387e-06
4.1420823e-06
3.9857776e-06
3.8294729e-06
3.6731682e-06
3.5168635e-06
3.3605587e-06
3.2042539e-06
3.047949e-06
2.8916442e-06
2.7353393e-06
2.5790344e-06
2.4227295e-06
2.2664245e-06
2.1101195e-06
1.9538146e-06
1.7975095e-06
1.6412045e-06
1.4848995e-06
1.3285944e-06
1.1722893e-06
1.0159841e-06
8.59679e-07
7.0337382e-07
5.4706861e-07
3.9076336e-07
2.3445806e-07
7.8152689e-08
2.3764197e-05
2.4808502e-05
2.5509131e-05
2.5984844e-05
2.6379268e-05
2.6722754e-05
2.698469e-05
2.7157581e-05
2.7265867e-05
2.7331331e-05
2.7362605e-05
2.7364829e-05
2.7344916e-05
2.7307648e-05
2.725582e-05
2.7196436e-05
2.7131505e-05
2.7058426e-05
2.6979633e-05
2.690027e-05
2.682717e-05
2.6751932e-05
2.6670541e-05
2.6588007e-05
2.650198e-05
2.6395412e-05
2.6310108e-05
2.6233167e-05
2.6142898e-05
2.6050396e-05
2.595991e-05
2.5867887e-05
2.5771786e-05
2.5671621e-05
2.5567256e-05
2.5458307e-05
2.5344637e-05
2.522624e-05
2.5102857e-05
2.4974219e-05
2.4840929e-05
2.470377e-05
2.4563008e-05
2.4418802e-05
2.4271317e-05
2.4121255e-05
2.396979e-05
2.3817702e-05
2.3665139e-05
2.3512091e-05
2.335868e-05
2.3204809e-05
2.304927e-05
2.2893442e-05
2.2738836e-05
2.2584107e-05
2.2428786e-05
2.227279e-05
2.2116401e-05
2.1960254e-05
2.1804124e-05
2.164783e-05
2.1491488e-05
2.1335156e-05
2.1178846e-05
2.102255e-05
2.0866257e-05
2.070997e-05
2.0553687e-05
2.0397404e-05
2.0241119e-05
2.0084832e-05
1.9928544e-05
1.9772255e-05
1.9615965e-05
1.9459673e-05
1.9303381e-05
1.9147087e-05
1.8990792e-05
1.8834497e-05
1.86782e-05
1.8521903e-05
1.8365606e-05
1.8209308e-05
1.805301e-05
1.7896712e-05
1.7740413e-05
1.7584115e-05
1.7427816e-05
1.7271517e-05
1.7115217e-05
1.6958918e-05
1.6802618e-05
1.6646318e-05
1.6490018e-05
1.6333718e-05
1.6177418e-05
1.6021118e-05
1.5864817e-05
1.5708517e-05
1.5552216e-05
1.5395915e-05
1.5239614e-05
1.5083313e-05
1.4927012e-05
1.4770711e-05
1.4614409e-05
1.4458108e-05
1.4301806e-05
1.4145504e-05
1.3989203e-05
1.3832901e-05
1.3676599e-05
1.3520297e-05
1.3363995e-05
1.3207692e-05
1.305139e-05
1.2895088e-05
1.2738785e-05
1.2582483e-05
1.242618e-05
1.2269878e-05
1.2113575e-05
1.1957272e-05
1.180097e-05
1.1644667e-05
1.1488364e-05
1.1332061e-05
1.1175758e-05
1.1019455e-05
1.0863152e-05
1.0706849e-05
1.0550545e-05
1.0394242e-05
1.0237939e-05
1.0081636e-05
9.9253322e-06
9.7690288e-06
9.6127254e-06
9.4564219e-06
9.3001184e-06
9.1438149e-06
8.9875113e-06
8.8312077e-06
8.674904e-06
8.5186003e-06
8.3622966e-06
8.2059928e-06
8.049689e-06
7.8933852e-06
7.7370813e-06
7.5807774e-06
7.4244735e-06
7.2681695e-06
7.1118655e-06
6.9555614e-06
6.7992573e-06
6.6429532e-06
6.4866491e-06
6.3303449e-06
6.1740406e-06
6.0177364e-06
5.8614321e-06
5.7051278e-06
5.5488234e-06
5.392519e-06
5.2362146e-06
5.0799101e-06
4.9236056e-06
4.7673011e-06
4.6109966e-06
4.454692e-06
4.2983874e-06
4.1420827e-06
3.985778e-06
3.8294733e-06
3.6731686e-06
3.5168638e-06
3.3605591e-06
3.2042542e-06
3.0479494e-06
2.8916445e-06
2.7353397e-06
2.5790347e-06
2.4227298e-06
2.2664249e-06
2.1101199e-06
1.9538149e-06
1.7975099e-06
1.6412048e-06
1.4848997e-06
1.3285946e-06
1.1722895e-06
1.0159844e-06
8.5967921e-07
7.0337401e-07
5.4706876e-07
3.9076348e-07
2.3445814e-07
7.8152723e-08
2.4176955e-05
2.5094216e-05
2.5472778e-05
2.5790479e-05
2.6175042e-05
2.6521601e-05
2.6746974e-05
2.6871132e-05
2.6947934e-05
2.7000696e-05
2.7026526e-05
2.7024981e-05
2.7004809e-05
2.6974946e-05
2.6939266e-05
2.6899637e-05
2.6858314e-05
2.6817003e-05
2.677522e-05
2.6728185e-05
2.6662792e-05
2.6596131e-05
2.6530749e-05
2.6464134e-05
2.6396478e-05
2.6325502e-05
2.6245304e-05
2.6170152e-05
2.6088341e-05
2.6004674e-05
2.5920797e-05
2.5835842e-05
2.5747896e-05
2.5655133e-05
2.5556446e-05
2.5451703e-05
2.534165e-05
2.522748e-05
2.5107577e-05
2.4978162e-05
2.4842387e-05
2.4704667e-05
2.4564842e-05
2.4422699e-05
2.4276519e-05
2.4125472e-05
2.3971634e-05
2.3817204e-05
2.3662857e-05
2.3508398e-05
2.3355373e-05
2.3204266e-05
2.3052143e-05
2.2897904e-05
2.2742676e-05
2.2586872e-05
2.2430797e-05
2.2274422e-05
2.2117779e-05
2.1961178e-05
2.1804669e-05
2.1648186e-05
2.1491733e-05
2.1335324e-05
2.1178956e-05
2.1022618e-05
2.0866303e-05
2.0710002e-05
2.0553708e-05
2.0397417e-05
2.0241127e-05
2.0084837e-05
1.9928547e-05
1.9772256e-05
1.9615964e-05
1.9459671e-05
1.9303378e-05
1.9147083e-05
1.8990788e-05
1.8834493e-05
1.8678196e-05
1.85219e-05
1.8365602e-05
1.8209305e-05
1.8053007e-05
1.7896709e-05
1.774041e-05
1.7584112e-05
1.7427813e-05
1.7271514e-05
1.7115215e-05
1.6958916e-05
1.6802616e-05
1.6646317e-05
1.6490017e-05
1.6333717e-05
1.6177417e-05
1.6021117e-05
1.5864816e-05
1.5708516e-05
1.5552215e-05
1.5395914e-05
1.5239614e-05
1.5083313e-05
1.4927011e-05
1.477071e-05
1.4614409e-05
1.4458107e-05
1.4301806e-05
1.4145504e-05
1.3989203e-05
1.3832901e-05
1.3676599e-05
1.3520297e-05
1.3363995e-05
1.3207693e-05
1.305139e-05
1.2895088e-05
1.2738786e-05
1.2582483e-05
1.2426181e-05
1.2269878e-05
1.2113575e-05
1.1957273e-05
1.180097e-05
1.1644667e-05
1.1488364e-05
1.1332061e-05
1.1175758e-05
1.1019455e-05
1.0863152e-05
1.0706849e-05
1.0550546e-05
1.0394243e-05
1.0237939e-05
1.0081636e-05
9.9253327e-06
9.7690293e-06
9.6127259e-06
9.4564224e-06
9.3001189e-06
9.1438154e-06
8.9875118e-06
8.8312082e-06
8.6749045e-06
8.5186008e-06
8.3622971e-06
8.2059933e-06
8.0496895e-06
7.8933857e-06
7.7370818e-06
7.5807779e-06
7.424474e-06
7.26817e-06
7.111866e-06
6.9555619e-06
6.7992578e-06
6.6429537e-06
6.4866495e-06
6.3303453e-06
6.1740411e-06
6.0177368e-06
5.8614325e-06
5.7051282e-06
5.5488239e-06
5.3925195e-06
5.236215e-06
5.0799106e-06
4.9236061e-06
4.7673015e-06
4.610997e-06
4.4546924e-06
4.2983878e-06
4.1420831e-06
3.9857784e-06
3.8294737e-06
3.673169e-06
3.5168642e-06
3.3605594e-06
3.2042546e-06
3.0479498e-06
2.8916449e-06
2.73534e-06
2.5790351e-06
2.4227301e-06
2.2664252e-06
2.1101202e-06
1.9538152e-06
1.7975102e-06
1.6412051e-06
1.4849e-06
1.3285949e-06
1.1722898e-06
1.0159846e-06
8.5967941e-07
7.0337418e-07
5.470689e-07
3.9076358e-07
2.344582e-07
7.8152747e-08
2.5559561e-05
2.6040835e-05
2.5441357e-05
2.5406442e-05
2.5858226e-05
2.6240916e-05
2.6389143e-05
2.642598e-05
2.6456673e-05
2.6491516e-05
2.6511902e-05
2.6514005e-05
2.6505465e-05
2.6492324e-05
2.6475942e-05
2.6456075e-05
2.6432797e-05
2.6406856e-05
2.6380856e-05
2.6362505e-05
2.6351595e-05
2.6331816e-05
2.6298841e-05
2.6263917e-05
2.6222414e-05
2.6173071e-05
2.6117548e-05
2.6056119e-05
2.6002288e-05
2.5940432e-05
2.5871003e-05
2.5796134e-05
2.571642e-05
2.5631166e-05
2.5539685e-05
2.5441386e-05
2.5335863e-05
2.522292e-05
2.5103257e-05
2.4977316e-05
2.4845912e-05
2.4710052e-05
2.4569713e-05
2.4426269e-05
2.4280013e-05
2.4130789e-05
2.3979195e-05
2.3825665e-05
2.3671736e-05
2.3517308e-05
2.3361735e-05
2.3206147e-05
2.3050695e-05
2.2895459e-05
2.2740481e-05
2.2585463e-05
2.2430048e-05
2.2274145e-05
2.2117906e-05
2.1961616e-05
2.180522e-05
2.1648694e-05
2.1492142e-05
2.1335632e-05
2.1179178e-05
2.1022773e-05
2.086642e-05
2.0710107e-05
2.0553803e-05
2.0397501e-05
2.02412e-05
2.00849e-05
1.99286e-05
1.9772301e-05
1.9616003e-05
1.9459705e-05
1.9303407e-05
1.9147109e-05
1.899081e-05
1.8834511e-05
1.8678212e-05
1.8521913e-05
1.8365614e-05
1.8209315e-05
1.8053015e-05
1.7896716e-05
1.7740416e-05
1.7584116e-05
1.7427817e-05
1.7271517e-05
1.7115217e-05
1.6958917e-05
1.6802617e-05
1.6646317e-05
1.6490017e-05
1.6333717e-05
1.6177417e-05
1.6021117e-05
1.5864816e-05
1.5708516e-05
1.5552215e-05
1.5395914e-05
1.5239613e-05
1.5083313e-05
1.4927011e-05
1.477071e-05
1.4614409e-05
1.4458108e-05
1.4301806e-05
1.4145504e-05
1.3989203e-05
1.3832901e-05
1.3676599e-05
1.3520297e-05
1.3363995e-05
1.3207693e-05
1.3051391e-05
1.2895088e-05
1.2738786e-05
1.2582484e-05
1.2426181e-05
1.2269878e-05
1.2113576e-05
1.1957273e-05
1.180097e-05
1.1644668e-05
1.1488365e-05
1.1332062e-05
1.1175759e-05
1.1019456e-05
1.0863153e-05
1.070685e-05
1.0550546e-05
1.0394243e-05
1.023794e-05
1.0081637e-05
9.9253333e-06
9.7690299e-06
9.6127265e-06
9.456423e-06
9.3001195e-06
9.143816e-06
8.9875124e-06
8.8312088e-06
8.6749051e-06
8.5186014e-06
8.3622977e-06
8.2059939e-06
8.0496901e-06
7.8933863e-06
7.7370824e-06
7.5807785e-06
7.4244746e-06
7.2681706e-06
7.1118665e-06
6.9555625e-06
6.7992584e-06
6.6429543e-06
6.4866501e-06
6.3303459e-06
6.1740417e-06
6.0177374e-06
5.8614331e-06
5.7051288e-06
5.5488244e-06
5.39252e-06
5.2362155e-06
5.0799111e-06
4.9236066e-06
4.767302e-06
4.6109975e-06
4.4546929e-06
4.2983882e-06
4.1420836e-06
3.9857789e-06
3.8294742e-06
3.6731694e-06
3.5168646e-06
3.3605598e-06
3.204255e-06
3.0479502e-06
2.8916453e-06
2.7353404e-06
2.5790355e-06
2.4227305e-06
2.2664256e-06
2.1101206e-06
1.9538155e-06
1.7975105e-06
1.6412054e-06
1.4849003e-06
1.3285952e-06
1.1722901e-06
1.0159849e-06
8.5967965e-07
7.0337438e-07
5.4706907e-07
3.9076372e-07
2.344583e-07
7.8152811e-08
2.7731705e-05
2.8484327e-05
2.6205302e-05
2.55822e-05
2.6204801e-05
2.6651093e-05
2.6610941e-05
2.6445178e-05
2.6360076e-05
2.6331144e-05
2.6304677e-05
2.6273981e-05
2.6249968e-05
2.6235247e-05
2.6226125e-05
2.6219634e-05
2.6215637e-05
2.6214667e-05
2.6214382e-05
2.6204755e-05
2.6185708e-05
2.6174516e-05
2.6163685e-05
2.6147492e-05
2.6122181e-05
2.6090239e-05
2.6052361e-05
2.6008627e-05
2.5960201e-05
2.5906262e-05
2.5846464e-05
2.5780719e-05
2.5708872e-05
2.563007e-05
2.5543273e-05
2.5447519e-05
2.5342642e-05
2.5230066e-05
2.5110677e-05
2.4984797e-05
2.4853103e-05
2.471699e-05
2.4578246e-05
2.4436614e-05
2.4292187e-05
2.4145266e-05
2.3995246e-05
2.3843244e-05
2.3687666e-05
2.3529187e-05
2.3367634e-05
2.3208793e-05
2.3051746e-05
2.2895051e-05
2.2739079e-05
2.2583662e-05
2.2428178e-05
2.2272524e-05
2.2116746e-05
2.1960765e-05
2.1804549e-05
2.1648199e-05
2.1491772e-05
2.1335374e-05
2.1179013e-05
2.1022675e-05
2.0866351e-05
2.0710056e-05
2.0553761e-05
2.0397466e-05
2.0241174e-05
2.008488e-05
1.9928585e-05
1.9772288e-05
1.9615992e-05
1.9459695e-05
1.9303397e-05
1.9147099e-05
1.8990801e-05
1.8834503e-05
1.8678204e-05
1.8521906e-05
1.8365607e-05
1.8209308e-05
1.8053009e-05
1.789671e-05
1.7740411e-05
1.7584112e-05
1.7427813e-05
1.7271514e-05
1.7115215e-05
1.6958915e-05
1.6802615e-05
1.6646316e-05
1.6490016e-05
1.6333716e-05
1.6177416e-05
1.6021116e-05
1.5864816e-05
1.5708515e-05
1.5552215e-05
1.5395914e-05
1.5239613e-05
1.5083312e-05
1.4927011e-05
1.477071e-05
1.4614409e-05
1.4458108e-05
1.4301806e-05
1.4145505e-05
1.3989203e-05
1.3832901e-05
1.3676599e-05
1.3520297e-05
1.3363995e-05
1.3207693e-05
1.3051391e-05
1.2895089e-05
1.2738786e-05
1.2582484e-05
1.2426181e-05
1.2269879e-05
1.2113576e-05
1.1957274e-05
1.1800971e-05
1.1644668e-05
1.1488365e-05
1.1332062e-05
1.1175759e-05
1.1019456e-05
1.0863153e-05
1.070685e-05
1.0550547e-05
1.0394244e-05
1.023794e-05
1.0081637e-05
9.9253338e-06
9.7690304e-06
9.612727e-06
9.4564236e-06
9.3001201e-06
9.1438165e-06
8.9875129e-06
8.8312093e-06
8.6749057e-06
8.518602e-06
8.3622982e-06
8.2059945e-06
8.0496907e-06
7.8933868e-06
7.7370829e-06
7.580779e-06
7.4244751e-06
7.2681711e-06
7.1118671e-06
6.955563e-06
6.7992589e-06
6.6429548e-06
6.4866506e-06
6.3303464e-06
6.1740422e-06
6.0177379e-06
5.8614336e-06
5.7051292e-06
5.5488249e-06
5.3925204e-06
5.236216e-06
5.0799115e-06
4.923607e-06
4.7673025e-06
4.6109979e-06
4.4546933e-06
4.2983886e-06
4.142084e-06
3.9857793e-06
3.8294746e-06
3.6731698e-06
3.516865e-06
3.3605602e-06
3.2042554e-06
3.0479505e-06
2.8916457e-06
2.7353407e-06
2.5790358e-06
2.4227309e-06
2.2664259e-06
2.1101209e-06
1.9538159e-06
1.7975108e-06
1.6412057e-06
1.4849006e-06
1.3285955e-06
1.1722903e-06
1.0159851e-06
8.5967985e-07
7.0337455e-07
5.4706921e-07
3.9076381e-07
2.3445835e-07
7.815285e-08
2.9191366e-05
2.9032098e-05
2.5871664e-05
2.5338961e-05
2.616043e-05
2.6526345e-05
2.6330669e-05
2.6080292e-05
2.5969293e-05
2.5927775e-05
2.588616e-05
2.5842657e-05
2.5813794e-05
2.5802559e-05
2.5802524e-05
2.580799e-05
2.5816892e-05
2.5830336e-05
2.585401e-05
2.588841e-05
2.5929012e-05
2.5960256e-05
2.5980101e-05
2.5990535e-05
2.5994391e-05
2.5989198e-05
2.5973766e-05
2.5948819e-05
2.5916128e-05
2.5876527e-05
2.5830153e-05
2.5777093e-05
2.5717684e-05
2.5651769e-05
2.5577803e-05
2.5492841e-05
2.5394965e-05
2.528465e-05
2.5164897e-05
2.5036537e-05
2.4899591e-05
2.4756188e-05
2.4609285e-05
2.4460205e-05
2.4309616e-05
2.4157736e-05
2.4004286e-05
2.3848978e-05
2.369047e-05
2.3528844e-05
2.3368616e-05
2.3210109e-05
2.3052664e-05
2.2896075e-05
2.2740325e-05
2.2585054e-05
2.2429877e-05
2.2274463e-05
2.211865e-05
2.1962295e-05
2.1805657e-05
2.1648944e-05
2.1492267e-05
2.133569e-05
2.1179207e-05
2.1022817e-05
2.0866485e-05
2.0710154e-05
2.0553843e-05
2.0397541e-05
2.0241243e-05
2.0084944e-05
1.9928647e-05
1.9772349e-05
1.961605e-05
1.945975e-05
1.9303448e-05
1.9147145e-05
1.8990842e-05
1.8834539e-05
1.8678236e-05
1.8521934e-05
1.8365631e-05
1.8209329e-05
1.8053026e-05
1.7896724e-05
1.7740423e-05
1.7584122e-05
1.7427821e-05
1.727152e-05
1.711522e-05
1.695892e-05
1.6802619e-05
1.6646319e-05
1.6490019e-05
1.6333719e-05
1.6177418e-05
1.6021118e-05
1.5864817e-05
1.5708517e-05
1.5552216e-05
1.5395915e-05
1.5239615e-05
1.5083314e-05
1.4927013e-05
1.4770711e-05
1.461441e-05
1.4458109e-05
1.4301807e-05
1.4145506e-05
1.3989204e-05
1.3832902e-05
1.36766e-05
1.3520298e-05
1.3363996e-05
1.3207694e-05
1.3051392e-05
1.289509e-05
1.2738787e-05
1.2582485e-05
1.2426182e-05
1.226988e-05
1.2113577e-05
1.1957274e-05
1.1800972e-05
1.1644669e-05
1.1488366e-05
1.1332063e-05
1.117576e-05
1.1019457e-05
1.0863154e-05
1.0706851e-05
1.0550548e-05
1.0394245e-05
1.0237941e-05
1.0081638e-05
9.9253347e-06
9.7690313e-06
9.6127279e-06
9.4564244e-06
9.3001209e-06
9.1438174e-06
8.9875138e-06
8.8312102e-06
8.6749065e-06
8.5186028e-06
8.3622991e-06
8.2059953e-06
8.0496915e-06
7.8933876e-06
7.7370837e-06
7.5807798e-06
7.4244759e-06
7.2681719e-06
7.1118678e-06
6.9555638e-06
6.7992597e-06
6.6429555e-06
6.4866514e-06
6.3303471e-06
6.1740429e-06
6.0177386e-06
5.8614343e-06
5.7051299e-06
5.5488255e-06
5.3925211e-06
5.2362166e-06
5.0799121e-06
4.9236076e-06
4.7673031e-06
4.6109985e-06
4.4546938e-06
4.2983892e-06
4.1420845e-06
3.9857798e-06
3.8294751e-06
3.6731703e-06
3.5168655e-06
3.3605607e-06
3.2042558e-06
3.047951e-06
2.8916461e-06
2.7353412e-06
2.5790362e-06
2.4227313e-06
2.2664263e-06
2.1101213e-06
1.9538162e-06
1.7975111e-06
1.641206e-06
1.4849009e-06
1.3285958e-06
1.1722906e-06
1.0159853e-06
8.5968008e-07
7.0337477e-07
5.470694e-07
3.9076397e-07
2.3445846e-07
7.8152883e-08
4.1353486e-05
3.2463889e-05
2.6949386e-05
2.6801241e-05
2.7374203e-05
2.7127072e-05
2.6573809e-05
2.6198802e-05
2.6016395e-05
2.5904824e-05
2.5812512e-05
2.5745712e-05
2.5711544e-05
2.5702296e-05
2.5706465e-05
2.5717257e-05
2.5733629e-05
2.5758358e-05
2.5789314e-05
2.5821897e-05
2.585626e-05
2.5889291e-05
2.5915318e-05
2.5933097e-05
2.594035e-05
2.5938753e-05
2.5929318e-05
2.5911954e-05
2.5886441e-05
2.5853123e-05
2.5811865e-05
2.5762724e-05
2.5705678e-05
2.5640356e-05
2.5564806e-05
2.5476728e-05
2.537704e-05
2.5269328e-05
2.5154053e-05
2.5030036e-05
2.4898672e-05
2.4761805e-05
2.4620598e-05
2.4476288e-05
2.4329424e-05
2.4180688e-05
2.4030367e-05
2.3873698e-05
2.3709235e-05
2.3541143e-05
2.3376079e-05
2.3213528e-05
2.3053174e-05
2.2895291e-05
2.2739109e-05
2.2583943e-05
2.2428978e-05
2.2273698e-05
2.2117953e-05
2.1961788e-05
2.1805348e-05
2.1648779e-05
2.1492235e-05
2.1335724e-05
2.1179276e-05
2.1022881e-05
2.0866527e-05
2.0710195e-05
2.0553879e-05
2.0397571e-05
2.0241264e-05
2.0084957e-05
1.9928651e-05
1.9772348e-05
1.9616046e-05
1.9459743e-05
1.9303441e-05
1.9147138e-05
1.8990835e-05
1.8834533e-05
1.8678231e-05
1.8521929e-05
1.8365627e-05
1.8209326e-05
1.8053025e-05
1.7896723e-05
1.7740423e-05
1.7584122e-05
1.7427822e-05
1.7271522e-05
1.7115221e-05
1.6958921e-05
1.6802621e-05
1.6646321e-05
1.6490021e-05
1.633372e-05
1.617742e-05
1.6021119e-05
1.5864819e-05
1.5708518e-05
1.5552218e-05
1.5395917e-05
1.5239616e-05
1.5083315e-05
1.4927014e-05
1.4770713e-05
1.4614411e-05
1.445811e-05
1.4301808e-05
1.4145507e-05
1.3989205e-05
1.3832903e-05
1.3676601e-05
1.3520299e-05
1.3363997e-05
1.3207695e-05
1.3051393e-05
1.2895091e-05
1.2738788e-05
1.2582486e-05
1.2426183e-05
1.2269881e-05
1.2113578e-05
1.1957275e-05
1.1800972e-05
1.164467e-05
1.1488367e-05
1.1332064e-05
1.1175761e-05
1.1019458e-05
1.0863155e-05
1.0706852e-05
1.0550549e-05
1.0394245e-05
1.0237942e-05
1.0081639e-05
9.9253354e-06
9.769032e-06
9.6127285e-06
9.4564251e-06
9.3001215e-06
9.143818e-06
8.9875144e-06
8.8312107e-06
8.6749071e-06
8.5186033e-06
8.3622996e-06
8.2059958e-06
8.049692e-06
7.8933881e-06
7.7370842e-06
7.5807803e-06
7.4244763e-06
7.2681723e-06
7.1118683e-06
6.9555642e-06
6.7992601e-06
6.642956e-06
6.4866518e-06
6.3303476e-06
6.1740433e-06
6.017739e-06
5.8614347e-06
5.7051303e-06
5.5488259e-06
5.3925215e-06
5.236217e-06
5.0799125e-06
4.923608e-06
4.7673034e-06
4.6109988e-06
4.4546942e-06
4.2983895e-06
4.1420848e-06
3.9857801e-06
3.8294754e-06
3.6731706e-06
3.5168658e-06
3.3605609e-06
3.2042561e-06
3.0479512e-06
2.8916463e-06
2.7353414e-06
2.5790364e-06
2.4227315e-06
2.2664265e-06
2.1101214e-06
1.9538164e-06
1.7975113e-06
1.6412062e-06
1.4849011e-06
1.3285959e-06
1.1722907e-06
1.0159854e-06
8.5968014e-07
7.0337481e-07
5.4706942e-07
3.9076396e-07
2.3445845e-07
7.8152826e-08
)
;

boundaryField
{
    inlet
    {
        type            zeroGradient;
    }
    outlet
    {
        type            fixedValue;
        value           uniform 0;
    }
    wall
    {
        type            zeroGradient;
    }
    cylinder
    {
        type            zeroGradient;
    }
    frontAndBack
    {
        type            empty;
    }
}


// ************************************************************************* //
