/*--------------------------------*- C++ -*----------------------------------*\
  =========                 |
  \\      /  F ield         | OpenFOAM: The Open Source CFD Toolbox
   \\    /   O peration     | Website:  https://openfoam.org
    \\  /    A nd           | Version:  13
     \\/     M anipulation  |
\*---------------------------------------------------------------------------*/
FoamFile
{
    format      ascii;
    class       surfaceScalarField;
    location    "0.000499929";
    object      phi;
}
// * * * * * * * * * * * * * * * * * * * * * * * * * * * * * * * * * * * * * //

dimensions      [1 0 -1 0 0 0 0];

internalField   nonuniform List<scalar> 
15760
(
7.65447e-17
-1.06252e-17
4.71899e-17
4.57533e-17
1.11673e-17
3.52366e-17
3.54263e-17
2.09251e-17
5.30446e-17
6.50521e-19
4.48047e-17
-3.11166e-17
3.6375e-17
-3.00324e-17
4.38018e-17
-4.22839e-18
2.55059e-17
-3.90313e-17
2.1684e-18
-9.6494e-18
2.01391e-17
-1.64799e-17
-9.97466e-18
-6.93889e-18
-1.95156e-17
2.13588e-17
1.98138e-17
2.63461e-17
3.34205e-17
2.85145e-17
5.29091e-17
-7.04731e-18
4.04136e-17
-1.57209e-17
2.78911e-17
3.57787e-17
2.85958e-17
5.85469e-18
3.52366e-17
3.03577e-17
3.28242e-17
5.61617e-17
3.33663e-17
-1.0842e-19
4.65394e-17
1.11673e-17
3.30411e-17
1.17094e-17
1.26581e-17
-2.09251e-17
-1.25225e-17
-2.48282e-17
-1.23599e-17
-6.50521e-18
-3.84892e-18
-9.97466e-18
8.0502e-18
1.21431e-17
3.23092e-17
2.4503e-17
5.70832e-17
1.84314e-18
1.99846e-16
-1.73472e-18
9.19837e-16
3.4586e-17
4.08473e-15
7.48099e-18
1.74278e-14
6.93889e-18
7.17459e-14
1.12215e-16
2.86106e-13
4.58726e-16
1.10552e-12
1.64951e-15
4.13729e-12
6.01624e-15
1.49865e-11
2.12482e-14
5.25051e-11
7.26201e-14
1.77774e-10
2.39163e-13
5.81187e-10
7.58183e-13
1.83285e-09
2.31032e-12
5.56983e-09
6.75701e-12
1.62914e-08
1.89362e-11
4.58062e-08
5.07511e-11
1.23628e-07
1.29793e-10
3.19774e-07
3.15912e-10
7.91236e-07
7.29477e-10
1.86883e-06
1.59159e-09
4.20239e-06
3.26328e-09
8.9665e-06
6.23701e-09
1.80686e-05
1.09619e-08
3.41399e-05
1.72099e-08
5.94783e-05
2.15749e-08
9.34276e-05
2.16795e-08
0.000135491
1.74893e-08
0.00018426
3.89382e-09
0.000237799
-1.15354e-08
0.000294124
-2.19862e-08
0.000351544
-2.3248e-08
0.000408755
-1.52526e-08
0.000464838
-2.63908e-10
0.000519174
1.86391e-08
0.000571379
3.05936e-08
0.000621225
5.3005e-08
0.000668594
5.99713e-08
0.000713438
6.78317e-08
0.000755764
7.04474e-08
0.000795606
6.68564e-08
0.000833024
5.70652e-08
0.00086809
4.21287e-08
0.000900881
2.34859e-08
0.000931488
-7.81019e-09
0.000960011
-5.02823e-08
0.000986566
-9.31382e-08
0.00101123
-1.26412e-07
0.00103412
-1.49828e-07
0.0010553
-1.62049e-07
0.00107488
-1.63335e-07
0.00109293
-1.53523e-07
0.00110953
-1.33337e-07
0.00112476
-1.03422e-07
0.00113869
-6.36205e-08
0.00115137
-1.30782e-08
0.00116287
2.45584e-08
0.00117327
5.48778e-08
0.00118263
8.71926e-08
0.00119099
1.20767e-07
0.00119843
1.52904e-07
0.00120498
1.82239e-07
0.00121071
2.07395e-07
0.00121565
2.27337e-07
0.00121987
2.41876e-07
0.00122341
2.50415e-07
0.0012263
2.52923e-07
0.0012286
2.50307e-07
0.00123035
2.43226e-07
0.00123159
2.32041e-07
0.00123236
2.17806e-07
0.00123269
2.02189e-07
0.00123262
1.86691e-07
0.00123217
1.72735e-07
0.00123139
1.62175e-07
0.0012303
1.57593e-07
0.00122889
1.6286e-07
0.0012272
1.83635e-07
0.00122525
2.26877e-07
0.00122304
2.99821e-07
0.00122055
4.10273e-07
0.00121773
5.6883e-07
0.00121456
7.90848e-07
0.00121101
1.09579e-06
0.001207
1.50484e-06
0.00120242
2.03936e-06
0.00119713
2.72071e-06
0.00119101
3.5698e-06
0.00118388
4.6054e-06
5.86774e-06
0.00117551
5.88451e-17
-3.31766e-17
1.69678e-17
-3.1984e-17
2.05727e-17
1.99493e-17
2.75116e-17
4.52112e-17
4.57804e-17
2.63461e-17
3.37458e-17
9.6494e-18
4.00071e-17
-3.6646e-17
5.42101e-17
-2.81893e-17
3.12792e-17
-9.32414e-18
-9.21572e-19
-1.53957e-17
8.67362e-19
-1.45283e-17
-8.29415e-18
-3.79471e-17
-3.82181e-18
1.23599e-17
2.59666e-17
2.72135e-17
3.31224e-17
3.42608e-17
4.25007e-17
2.7864e-17
3.19298e-17
3.65376e-17
2.90024e-17
3.55618e-17
2.98156e-17
3.37187e-17
2.36898e-17
1.60462e-17
2.78911e-17
2.23346e-17
4.29344e-17
6.93889e-18
4.75152e-17
1.92988e-17
1.2631e-17
-3.46945e-18
1.75099e-17
-2.62377e-17
2.38524e-18
-6.17995e-17
-1.55041e-17
1.19262e-18
-5.42101e-18
-2.54788e-17
2.0898e-17
5.42101e-19
3.69984e-17
9.6494e-18
4.32055e-17
1.19262e-17
1.91931e-16
-1.45283e-17
8.86877e-16
-9.43256e-18
3.93503e-15
1.33357e-17
1.67571e-14
3.33934e-17
6.90115e-14
2.02963e-16
2.75255e-13
8.45569e-16
1.06361e-12
3.19319e-15
3.98053e-12
1.16739e-14
1.44192e-11
4.12854e-14
5.05198e-11
1.41234e-13
1.71061e-10
4.65129e-13
5.59269e-10
1.47457e-12
1.76383e-09
4.49376e-12
5.36043e-09
1.31445e-11
1.56801e-08
3.68412e-11
4.40905e-08
9.87526e-11
1.19008e-07
2.52593e-10
3.0785e-07
6.14916e-10
7.61805e-07
1.4202e-09
1.79951e-06
3.09937e-09
4.04698e-06
6.35652e-09
8.63604e-06
1.21532e-08
1.74052e-05
2.1369e-08
3.28923e-05
3.3568e-08
5.73186e-05
4.21053e-08
9.00566e-05
4.22932e-08
0.000130628
3.50783e-08
0.000177675
7.46981e-09
0.000229332
-2.25479e-08
0.000283684
-4.28368e-08
0.000339096
-4.52445e-08
0.000394309
-2.95117e-08
0.000448434
1.19307e-10
0.000500875
3.73894e-08
0.000551259
7.67055e-08
0.000599366
1.02194e-07
0.000645083
1.16715e-07
0.000688363
1.31103e-07
0.000729212
1.35078e-07
0.000767664
1.27208e-07
0.000803776
1.07486e-07
0.00083762
7.75144e-08
0.000869271
4.02851e-08
0.000898809
-1.71952e-08
0.00092635
-1.03568e-07
0.000951979
-1.8198e-07
0.000975795
-2.44651e-07
0.000997881
-2.88749e-07
0.00101833
-3.1395e-07
0.00103723
-3.16936e-07
0.00105465
-2.99064e-07
0.00107067
-2.61724e-07
0.00108537
-2.05091e-07
0.00109881
-1.31451e-07
0.00111106
-4.15033e-08
0.00112216
3.59434e-08
0.00113221
9.98916e-08
0.00114124
1.68315e-07
0.00114932
2.34444e-07
0.00115649
2.98922e-07
0.00116282
3.55659e-07
0.00116835
4.03583e-07
0.00117313
4.42301e-07
0.0011772
4.69585e-07
0.00118061
4.8571e-07
0.00118341
4.91053e-07
0.00118563
4.86226e-07
0.00118733
4.72555e-07
0.00118853
4.50906e-07
0.00118927
4.22973e-07
0.0011896
3.91864e-07
0.00118953
3.6076e-07
0.0011891
3.32865e-07
0.00118835
3.12097e-07
0.0011873
3.03406e-07
0.00118595
3.13966e-07
0.00118433
3.5453e-07
0.00118245
4.38781e-07
0.00118032
5.81513e-07
0.00117792
7.98876e-07
0.00117521
1.11183e-06
0.00117217
1.54951e-06
0.00116876
2.14876e-06
0.0011649
2.95094e-06
0.00116049
3.99902e-06
0.0011554
5.33696e-06
0.0011495
7.00726e-06
0.00114262
9.046e-06
1.15325e-05
0.00113456
6.05527e-17
-2.12504e-17
5.08762e-17
-2.77556e-17
1.12486e-17
-2.11419e-17
1.91904e-17
6.07153e-18
4.03052e-17
6.83047e-18
3.51553e-17
2.98156e-17
4.07389e-17
1.0842e-17
4.01968e-17
-1.01915e-17
2.41506e-17
-2.53703e-17
-3.25261e-18
-2.11419e-17
2.27682e-18
-2.11419e-17
1.36609e-17
-4.71628e-17
-9.48677e-18
-1.98409e-17
2.16027e-17
3.18755e-17
4.16605e-17
4.45607e-17
2.09522e-17
3.91397e-17
3.10082e-17
5.05238e-17
4.6702e-17
3.14419e-17
2.0898e-17
3.57787e-18
3.03035e-17
2.69966e-17
3.17942e-17
2.76472e-17
3.48029e-17
-5.85469e-18
2.87585e-17
9.32414e-18
2.14672e-17
6.17995e-18
-1.89735e-18
-4.4127e-17
-6.85758e-18
-3.84892e-17
-1.5748e-17
-1.4962e-17
7.23705e-18
-4.57533e-17
2.34459e-17
7.58942e-18
2.43132e-17
5.30175e-17
4.59431e-17
-5.31259e-18
1.90006e-16
-2.50451e-17
8.59393e-16
-3.10082e-17
3.77628e-15
2.71051e-18
1.60793e-14
4.23923e-17
6.62144e-14
2.80483e-16
2.64048e-13
1.19327e-15
1.02038e-12
4.61621e-15
3.81905e-12
1.68982e-14
1.38354e-11
5.98732e-14
4.84785e-11
2.0475e-13
1.64164e-10
6.74458e-13
5.36776e-10
2.13853e-12
1.69308e-09
6.5182e-12
5.14605e-09
1.90695e-11
1.5055e-08
5.34586e-11
4.23389e-08
1.43328e-10
1.14298e-07
3.66702e-10
2.95717e-07
8.92962e-10
7.31916e-07
2.06306e-09
1.72926e-06
4.50405e-09
3.88986e-06
9.24161e-09
8.3028e-06
1.7679e-08
1.67383e-05
3.11061e-08
3.16423e-05
4.89077e-08
5.51659e-05
6.14007e-08
8.67136e-05
6.16535e-08
0.000125824
5.12456e-08
0.000171195
1.07218e-08
0.000221027
-3.29203e-08
0.000273469
-6.23049e-08
0.000326941
-6.56007e-08
0.000380225
-4.22558e-08
0.000432464
1.72064e-09
0.000483079
5.66297e-08
0.000531709
1.13854e-07
0.000578143
1.52816e-07
0.00062227
1.71138e-07
0.000664046
1.90739e-07
0.000703476
1.95689e-07
0.000740593
1.84248e-07
0.000775455
1.56608e-07
0.000808126
1.15316e-07
0.000838676
6.1653e-08
0.000867202
-2.47133e-08
0.000893772
-1.42641e-07
0.00091852
-2.61362e-07
0.000941506
-3.53597e-07
0.000962831
-4.18728e-07
0.000982576
-4.52818e-07
0.00100081
-4.57004e-07
0.00101764
-4.30298e-07
0.00103311
-3.74407e-07
0.0010473
-2.91801e-07
0.00106028
-1.81764e-07
0.00107209
-4.07416e-08
0.00108281
6.75987e-08
0.00109248
1.51065e-07
0.00110121
2.41195e-07
0.001109
3.35346e-07
0.00111593
4.25621e-07
0.00112204
5.09084e-07
0.00112738
5.81337e-07
0.00113199
6.38389e-07
0.00113593
6.80305e-07
0.00113923
7.063e-07
0.00114193
7.15957e-07
0.00114407
7.10969e-07
0.00114571
6.928e-07
0.00114687
6.62458e-07
0.00114759
6.2265e-07
0.00114791
5.77618e-07
0.00114785
5.31917e-07
0.00114743
4.90839e-07
0.00114671
4.60685e-07
0.00114571
4.48606e-07
0.00114441
4.64217e-07
0.00114285
5.21947e-07
0.00114105
6.41424e-07
0.00113901
8.45952e-07
0.00113671
1.16202e-06
0.00113412
1.6219e-06
0.00113121
2.26735e-06
0.00112795
3.15021e-06
0.00112426
4.32999e-06
0.00112003
5.87131e-06
0.00111515
7.84235e-06
0.00110947
1.03091e-05
0.00110284
1.33259e-05
1.70121e-05
0.00109507
6.25314e-17
5.55112e-17
5.13641e-17
2.81893e-17
1.50975e-17
-3.24176e-17
2.14401e-17
2.75387e-17
3.45589e-17
7.58942e-19
4.67562e-17
4.4127e-17
5.01986e-17
2.77556e-17
2.27682e-17
2.23346e-17
2.55059e-17
2.38524e-18
1.56938e-17
-6.39679e-18
-2.57498e-18
-3.6646e-17
8.70072e-18
-1.2902e-17
-1.76183e-18
-1.19262e-17
2.85687e-17
1.89735e-17
4.01426e-17
3.85976e-17
2.67256e-17
4.01155e-17
3.26345e-17
1.51788e-17
3.31224e-17
7.48099e-18
1.83772e-17
2.01662e-17
2.5018e-17
3.78387e-17
2.51264e-17
-1.61546e-17
4.13894e-17
9.75782e-19
2.66443e-17
-1.34441e-17
1.58836e-17
-6.93889e-18
4.39102e-18
-1.61546e-17
-1.43928e-17
-2.80808e-17
-6.966e-18
-9.97466e-18
5.85469e-18
-8.5652e-18
1.68864e-17
1.0842e-17
2.61022e-17
1.06252e-17
5.66225e-17
1.05168e-17
1.70681e-16
-2.62377e-17
8.06484e-16
-2.49366e-18
3.61251e-15
-4.22839e-18
1.53865e-14
5.25838e-17
6.3344e-14
3.65918e-16
2.52651e-13
1.51799e-15
9.76446e-13
5.88516e-15
3.65495e-12
2.1658e-14
1.32423e-11
7.67797e-14
4.64063e-11
2.62462e-13
1.57168e-10
8.64742e-13
5.13978e-10
2.74245e-12
1.62144e-09
8.36075e-12
4.92915e-09
2.44659e-11
1.44232e-08
6.86052e-11
4.05706e-08
1.83993e-10
1.09549e-07
4.70903e-10
2.83499e-07
1.14715e-09
7.01864e-07
2.65149e-09
1.65873e-06
5.7917e-09
3.73241e-06
1.18909e-08
7.96954e-06
2.27639e-08
1.60729e-05
4.00893e-08
3.03987e-05
6.31067e-08
5.30325e-05
7.93195e-08
8.34138e-05
7.96126e-08
0.000121098
6.10127e-08
0.000164839
1.3519e-08
0.000212901
-4.25633e-08
0.000263495
-7.99667e-08
0.000315092
-8.34735e-08
0.000366515
-5.22525e-08
0.000416932
5.39258e-09
0.000465783
7.63661e-08
0.00051272
1.1688e-07
0.000557537
1.70039e-07
0.000600128
2.18689e-07
0.000640449
2.41946e-07
0.000678507
2.46451e-07
0.000714332
2.30333e-07
0.000747979
1.93808e-07
0.000779515
1.39384e-07
0.000809011
7.04174e-08
0.000836539
-3.43525e-08
0.000862218
-1.91927e-07
0.000886107
-3.35053e-07
0.00090831
-4.49739e-07
0.000928897
-5.3029e-07
0.000947959
-5.76851e-07
0.000965572
-5.83609e-07
0.000981808
-5.51467e-07
0.000996744
-4.83404e-07
0.00101044
-3.80545e-07
0.00102296
-2.46119e-07
0.00103439
-8.14931e-08
0.00104474
6.31531e-08
0.00105411
1.80453e-07
0.00106253
3.06232e-07
0.00107006
4.26901e-07
0.00107676
5.45745e-07
0.00108265
6.51435e-07
0.00108781
7.42107e-07
0.00109227
8.16367e-07
0.00109607
8.69948e-07
0.00109927
9.03691e-07
0.00110188
9.1789e-07
0.00110396
9.12818e-07
0.00110555
8.90412e-07
0.00110668
8.52392e-07
0.00110738
8.01746e-07
0.0011077
7.4331e-07
0.00110764
6.82732e-07
0.00110726
6.27365e-07
0.00110657
5.86533e-07
0.00110561
5.70534e-07
0.00110438
5.91885e-07
0.00110289
6.68048e-07
0.00110117
8.2306e-07
0.00109922
1.08734e-06
0.00109701
1.4975e-06
0.00109453
2.09764e-06
0.00109176
2.94211e-06
0.00108865
4.09686e-06
0.00108513
5.63919e-06
0.00108109
7.6552e-06
0.0010764
1.02385e-05
0.00107095
1.34804e-05
0.00106457
1.74554e-05
2.2322e-05
0.00105706
3.98986e-17
4.2067e-17
4.33952e-17
-1.40946e-18
2.79724e-17
-5.08491e-17
2.78098e-17
1.53957e-17
3.60226e-17
1.74557e-17
4.13894e-17
4.39102e-17
3.80826e-17
4.34765e-17
2.07896e-17
1.0842e-19
1.73743e-17
3.98986e-17
5.42101e-20
1.23599e-17
1.00289e-17
3.68629e-18
5.23128e-18
1.10589e-17
9.62229e-18
2.08167e-17
3.26074e-17
3.4586e-17
2.78911e-17
5.41017e-17
2.87043e-17
3.05745e-17
3.72694e-17
3.49113e-17
2.07625e-17
2.72135e-17
1.95156e-17
1.19262e-18
2.73761e-17
-1.20346e-17
2.69695e-17
-2.68882e-17
3.4586e-17
7.58942e-19
2.72406e-17
-1.45283e-17
9.92045e-18
2.48282e-17
5.66496e-18
-8.0231e-18
-2.1684e-18
-2.38524e-18
-6.20706e-18
3.79471e-18
-1.40946e-18
-4.11997e-18
1.08691e-17
4.17418e-17
2.43403e-17
-5.09575e-18
4.63496e-17
5.42101e-19
1.71385e-16
-7.48099e-18
7.7824e-16
-1.34441e-17
3.44784e-15
-2.05998e-18
1.46843e-14
7.42678e-17
6.04598e-14
4.38777e-16
2.41186e-13
1.82287e-15
9.32225e-13
7.02856e-15
3.48992e-12
2.58789e-14
1.26463e-11
9.18159e-14
4.43247e-11
3.13912e-13
1.50145e-10
1.03447e-12
4.91106e-10
3.2815e-12
1.5496e-09
1.00067e-11
4.71186e-09
2.92911e-11
1.37907e-08
8.21626e-11
3.8802e-08
2.20433e-10
1.04803e-07
5.64402e-10
2.71304e-07
1.37556e-09
6.71899e-07
3.18117e-09
1.5885e-06
6.95311e-09
3.57583e-06
1.42861e-08
7.63864e-06
2.7374e-08
1.54134e-05
4.82616e-08
2.91686e-05
7.60816e-08
5.09289e-05
9.57662e-08
8.01705e-05
9.6075e-08
0.000116466
7.45239e-08
0.000158623
1.57936e-08
0.00020497
-5.13346e-08
0.000253777
-9.54992e-08
0.000303564
-9.85721e-08
0.000353191
-5.96822e-08
0.000401852
1.01503e-08
0.000449006
9.49632e-08
0.000494314
1.43032e-07
0.000537577
2.43512e-07
0.000578692
2.63918e-07
0.000617619
2.90251e-07
0.000654361
2.95156e-07
0.00068895
2.75779e-07
0.00072144
2.33086e-07
0.000751888
1.70795e-07
0.000780361
8.45045e-08
0.00080696
-4.49002e-08
0.000831726
-2.2121e-07
0.000854802
-3.98699e-07
0.000876234
-5.35661e-07
0.000896118
-6.32778e-07
0.00091453
-6.83971e-07
0.000931534
-6.91721e-07
0.000947216
-6.53314e-07
0.000961642
-5.70045e-07
0.000974872
-4.46493e-07
0.000986977
-2.81333e-07
0.000997976
-6.94933e-08
0.00100798
9.35245e-08
0.00101698
2.11696e-07
0.00102512
3.58189e-07
0.00103239
5.01503e-07
0.00103885
6.38566e-07
0.00104456
7.66043e-07
0.00104954
8.78628e-07
0.00105384
9.69935e-07
0.00105752
1.03907e-06
0.00106061
1.08436e-06
0.00106314
1.10485e-06
0.00106515
1.10221e-06
0.00106669
1.078e-06
0.00106777
1.03418e-06
0.00106846
9.75196e-07
0.00106877
9.06501e-07
0.00106872
8.34028e-07
0.00106835
7.66663e-07
0.0010677
7.1625e-07
0.00106678
6.95949e-07
0.0010656
7.21157e-07
0.00106418
8.12134e-07
0.00106254
9.96669e-07
0.00106068
1.31203e-06
0.00105858
1.80537e-06
0.00105623
2.53353e-06
0.00105359
3.56409e-06
0.00105064
4.97726e-06
0.00104729
6.86733e-06
0.00104345
9.34178e-06
0.00103899
1.25197e-05
0.00103376
1.65182e-05
0.00102763
2.14331e-05
2.74653e-05
0.00102039
3.40439e-17
1.85399e-17
4.53197e-17
-7.15573e-18
2.30122e-17
4.44523e-18
3.20924e-17
2.94903e-17
3.89229e-17
7.37257e-18
3.49384e-17
5.14996e-17
3.06016e-17
1.39862e-17
3.3014e-17
1.56125e-17
7.31836e-19
3.91397e-17
-3.65918e-18
2.48282e-17
1.80791e-17
3.83808e-17
9.97466e-18
5.09575e-18
1.76454e-17
1.44199e-17
2.54245e-17
4.93312e-17
2.12775e-17
3.95734e-17
2.38253e-17
7.15573e-18
3.50739e-17
3.69713e-17
2.86771e-17
-1.51788e-18
2.03017e-17
1.05168e-17
2.74303e-17
-1.72388e-17
2.74032e-17
9.43256e-18
2.59666e-17
3.90313e-18
3.12521e-17
-4.22839e-18
5.17707e-18
2.1684e-18
2.08709e-18
-1.77809e-17
5.39391e-18
-1.9082e-17
-9.75782e-19
4.87891e-18
2.92735e-18
3.36103e-18
1.0056e-17
1.34441e-17
2.27954e-17
-4.01155e-18
3.89771e-17
3.14419e-18
1.55556e-16
-2.63461e-17
7.40212e-16
-3.33934e-17
3.27979e-15
-4.11997e-18
1.39817e-14
8.68446e-17
5.7587e-14
4.87783e-16
2.2975e-13
2.07267e-15
8.88148e-13
8.02602e-15
3.32545e-12
2.95633e-14
1.20525e-11
1.04922e-13
4.22521e-11
3.58843e-13
1.43155e-10
1.18284e-12
4.68353e-10
3.75314e-12
1.47819e-09
1.14485e-11
4.49595e-09
3.35228e-11
1.31627e-08
9.40682e-11
3.70469e-08
2.52482e-10
1.00098e-07
6.46771e-10
2.5922e-07
1.57718e-09
6.42233e-07
3.64973e-09
1.51904e-06
7.9831e-09
3.42112e-06
1.64167e-08
7.31205e-06
3.14896e-08
1.47633e-05
5.55897e-08
2.7958e-05
8.77822e-08
4.88634e-05
1.10681e-07
7.69937e-05
1.10974e-07
0.000111938
8.75271e-08
0.000152559
1.78152e-08
0.000197244
-5.89281e-08
0.000244323
-1.08466e-07
0.000292362
-1.10738e-07
0.000340253
-6.52925e-08
0.000387217
1.45647e-08
0.000432729
1.11168e-07
0.000476461
1.65266e-07
0.00051822
2.30819e-07
0.000557907
3.00003e-07
0.00059548
3.28736e-07
0.000630944
3.31877e-07
0.000664331
3.08083e-07
0.00069569
2.57458e-07
0.000725084
1.83268e-07
0.000752584
9.13295e-08
0.000778248
-5.34873e-08
0.000802203
-2.63859e-07
0.000824479
-4.54302e-07
0.00084519
-6.06355e-07
0.00086439
-7.13279e-07
0.000882166
-7.75732e-07
0.000898593
-7.8705e-07
0.000913733
-7.46517e-07
0.000927658
-6.56808e-07
0.000940428
-5.19842e-07
0.000952103
-3.39285e-07
0.000962769
-1.18793e-07
0.000972412
8.14092e-08
0.000981171
2.35996e-07
0.000989019
4.04888e-07
0.000996044
5.66782e-07
0.00100229
7.27868e-07
0.0010078
8.71618e-07
0.00101261
9.97537e-07
0.00101678
1.104e-06
0.00102034
1.18399e-06
0.00102333
1.23755e-06
0.00102578
1.26425e-06
0.00102773
1.26374e-06
0.00102922
1.23767e-06
0.00103029
1.18847e-06
0.00103096
1.12122e-06
0.00103127
1.04231e-06
0.00103124
9.58254e-07
0.0010309
8.78769e-07
0.00103028
8.17726e-07
0.00102941
7.91622e-07
0.00102829
8.20009e-07
0.00102694
9.27164e-07
0.00102538
1.1441e-06
0.00102361
1.51222e-06
0.00102162
2.08605e-06
0.00101938
2.93379e-06
0.00101688
4.13734e-06
0.00101407
5.79337e-06
0.0010109
8.01561e-06
0.00100725
1.09329e-05
0.001003
1.46899e-05
0.000997999
1.94303e-05
0.000992098
2.52739e-05
3.24637e-05
0.000985096
4.18502e-17
-2.79724e-17
3.77573e-17
3.25261e-18
2.35272e-17
3.02492e-17
2.23617e-17
-5.96311e-18
4.08473e-17
-4.44523e-18
3.47758e-17
5.63785e-17
3.0439e-17
2.11419e-17
3.15503e-17
1.21431e-17
6.12574e-18
3.03577e-17
-2.60209e-18
1.66967e-17
1.24412e-17
3.78387e-17
1.38236e-17
3.91397e-17
8.86335e-18
3.83808e-17
2.83248e-17
8.26162e-17
2.11962e-17
5.25838e-17
2.71322e-17
4.67291e-17
2.61564e-17
4.42354e-17
2.54516e-17
4.53197e-17
1.68322e-17
1.21431e-17
2.66714e-17
-1.13841e-17
2.66443e-17
2.56956e-17
2.43674e-17
2.36356e-17
3.7405e-17
-1.4962e-17
9.1073e-18
-1.7022e-17
-3.52366e-18
-1.60462e-17
-1.00289e-18
-7.80626e-18
5.09575e-18
-1.19262e-17
1.5992e-17
1.31188e-17
-2.1684e-19
-1.89735e-17
1.76183e-17
-2.50451e-17
3.16045e-17
-9.43256e-18
1.41109e-16
-9.86624e-18
7.03214e-16
-1.96241e-17
3.12006e-15
-2.38524e-18
1.32942e-14
9.8554e-17
5.47396e-14
5.20634e-16
2.18428e-13
2.28084e-15
8.44536e-13
8.86921e-15
3.16279e-12
3.27196e-14
1.14655e-11
1.16107e-13
4.02036e-11
3.97215e-13
1.3625e-10
1.30965e-12
4.45885e-10
4.15683e-12
1.4077e-09
1.26842e-11
4.28292e-09
3.71553e-11
1.25434e-08
1.04306e-10
3.5317e-08
2.80093e-10
9.54618e-08
7.17887e-10
2.47322e-07
1.75167e-09
6.13042e-07
4.05638e-09
1.45073e-06
8.8799e-09
3.26909e-06
1.82788e-08
6.99142e-06
3.5103e-08
1.41257e-05
6.20593e-08
2.67721e-05
9.81851e-08
4.68431e-05
1.24035e-07
7.38923e-05
1.24281e-07
0.000107524
1.00924e-07
0.000146656
1.91621e-08
0.000189734
-6.55274e-08
0.000235144
-1.19022e-07
0.000281494
-1.20077e-07
0.000327712
-6.92546e-08
0.000373042
1.85015e-08
0.000416976
1.24807e-07
0.000459193
2.3303e-07
0.000499511
3.26816e-07
0.000537825
3.29604e-07
0.000574104
3.64601e-07
0.000608349
3.68493e-07
0.000640589
3.42654e-07
0.000670874
2.8792e-07
0.000699256
2.08506e-07
0.000725804
9.26301e-08
0.000750616
-6.79204e-08
0.000773711
-2.82448e-07
0.000795236
-5.00661e-07
0.000815229
-6.6719e-07
0.000833777
-7.85916e-07
0.000850951
-8.49435e-07
0.000866814
-8.60954e-07
0.000881441
-8.16721e-07
0.000894895
-7.16333e-07
0.000907236
-5.64622e-07
0.000918526
-3.59281e-07
0.000928776
-9.81349e-08
0.000938112
1.02781e-07
0.000946497
3.02629e-07
0.000954092
4.345e-07
0.000960874
6.12084e-07
0.000966903
7.83045e-07
0.000972236
9.45632e-07
0.000976888
1.09128e-06
0.000980915
1.21241e-06
0.000984358
1.30814e-06
0.000987245
1.374e-06
0.000989614
1.40805e-06
0.000991506
1.41246e-06
0.00099295
1.38773e-06
0.000993982
1.3354e-06
0.000994634
1.26204e-06
0.000994937
1.1756e-06
0.000994912
1.08339e-06
0.000994592
9.95916e-07
0.000994005
9.27913e-07
0.00099317
8.97253e-07
0.0009921
9.2618e-07
0.000990814
1.04288e-06
0.000989334
1.28305e-06
0.000987661
1.6937e-06
0.000985778
2.33706e-06
0.000983666
3.2919e-06
0.000981306
4.65384e-06
0.00097866
6.53658e-06
0.000975663
9.07403e-06
0.000972216
1.24179e-05
0.000968189
1.67389e-05
0.000963427
2.22077e-05
0.000957767
2.89686e-05
3.73124e-05
0.000951009
6.17453e-17
-1.71304e-17
3.41524e-17
-1.25767e-17
1.90277e-17
-6.17995e-18
3.04119e-17
1.39862e-17
3.84621e-17
1.4962e-17
2.69966e-17
5.22585e-17
3.16858e-17
3.16587e-17
2.72406e-17
4.04407e-17
8.83625e-18
5.28006e-17
-2.05998e-18
3.16587e-17
3.33392e-18
3.16587e-17
2.40693e-17
3.69713e-17
3.05203e-17
4.90059e-17
1.53415e-17
8.53267e-17
1.7022e-17
5.89806e-17
2.75387e-17
4.73796e-17
2.53161e-17
2.80808e-17
2.43403e-17
1.58294e-17
5.66496e-18
-2.79724e-17
2.01933e-17
2.84061e-17
3.05474e-17
2.11419e-17
3.19026e-17
3.82723e-17
1.92717e-17
-4.66207e-18
-4.74338e-18
-4.02239e-17
1.2116e-17
-4.09828e-17
-9.1344e-18
-6.17995e-18
8.13152e-20
9.75782e-18
8.70072e-18
1.51788e-17
-3.11708e-18
-9.21572e-18
2.24159e-17
-3.92481e-17
4.39102e-17
-2.53703e-17
1.3913e-16
-3.57787e-18
6.60062e-16
-1.37694e-17
2.95537e-15
-6.83047e-18
1.26088e-14
1.05276e-16
5.19457e-14
5.6346e-16
2.07286e-13
2.47046e-15
8.01656e-13
9.5644e-15
3.00296e-12
3.53164e-14
1.08888e-11
1.25396e-13
3.8192e-11
4.29121e-13
1.29471e-10
1.41527e-12
4.23834e-10
4.49355e-12
1.33854e-09
1.37169e-11
4.07399e-09
4.01969e-11
1.19362e-08
1.12897e-10
3.36215e-08
3.0332e-10
9.09202e-08
7.77872e-10
2.3567e-07
1.8993e-09
5.84468e-07
4.40166e-09
1.3839e-06
9.64448e-09
3.12044e-06
1.98741e-08
6.67806e-06
3.82164e-08
1.35029e-05
6.76725e-08
2.56147e-05
1.0729e-07
4.48734e-05
1.35819e-07
7.08728e-05
1.35985e-07
0.000103232
1.09347e-07
0.000140921
2.00886e-08
0.000182444
-7.08009e-08
0.000226239
-1.26922e-07
0.000270958
-1.26813e-07
0.000315558
-7.19434e-08
0.000359307
2.2199e-08
0.000401712
1.3654e-07
0.000442462
2.53098e-07
0.000481377
3.4987e-07
0.000518363
3.56136e-07
0.000553381
3.90981e-07
0.000586436
3.92981e-07
0.000617556
3.62766e-07
0.000646789
3.0071e-07
0.000674197
2.12972e-07
0.000699842
9.61207e-08
0.000723777
-7.28027e-08
0.000746128
-3.17224e-07
0.00076691
-5.38247e-07
0.000786233
-7.1321e-07
0.000804146
-8.37426e-07
0.00082073
-9.10756e-07
0.000836057
-9.25534e-07
0.000850182
-8.80958e-07
0.000863171
-7.79019e-07
0.000875081
-6.21218e-07
0.000885969
-4.09931e-07
0.000895927
-1.52308e-07
0.00090492
8.08733e-08
0.000913106
2.65787e-07
0.000920424
4.62493e-07
0.000926984
6.51731e-07
0.000932816
8.42837e-07
0.000937956
1.01507e-06
0.000942458
1.16958e-06
0.000946355
1.30373e-06
0.000949685
1.40823e-06
0.000952485
1.48168e-06
0.000954786
1.52253e-06
0.000956623
1.53046e-06
0.00095803
1.50651e-06
0.00095904
1.45178e-06
0.000959685
1.37216e-06
0.00095999
1.27699e-06
0.000959981
1.17556e-06
0.000959689
1.07954e-06
0.000959143
1.00458e-06
0.00095836
9.69743e-07
0.000957352
9.99678e-07
0.000956134
1.12681e-06
0.000954729
1.39193e-06
0.000953142
1.84676e-06
0.000951359
2.55862e-06
0.000949361
3.61425e-06
0.000947131
5.1223e-06
0.000944635
7.21493e-06
0.000941808
1.00495e-05
0.000938553
1.38026e-05
0.000934737
1.86724e-05
0.000930198
2.48588e-05
0.00092476
3.25343e-05
4.20368e-05
0.000918218
4.61057e-17
8.23994e-18
2.94632e-17
2.1684e-19
2.91108e-17
1.6263e-18
2.93819e-17
2.97071e-17
4.04678e-17
7.04731e-18
2.62106e-17
-3.79471e-18
3.42879e-17
4.6187e-17
3.14148e-17
4.49944e-17
1.24412e-17
7.55689e-17
-3.14419e-18
2.46114e-17
2.71051e-20
6.58111e-17
1.4447e-17
1.35525e-17
2.89482e-17
3.44776e-17
1.94343e-17
5.10659e-17
1.44741e-17
3.69713e-17
2.34188e-17
3.31766e-17
2.06269e-17
-1.82146e-17
2.43945e-17
-1.00831e-17
1.51246e-17
-1.6263e-18
1.66967e-17
6.28837e-18
2.67391e-17
-1.51788e-18
2.15214e-17
-1.36609e-17
2.40286e-17
-7.58942e-19
6.54587e-18
-3.83808e-17
1.06794e-17
-2.2443e-17
-5.51588e-18
7.15573e-18
6.50521e-18
4.33681e-19
1.14112e-17
-1.82146e-17
3.87602e-18
1.59378e-17
1.05303e-17
-2.1684e-17
3.59142e-17
-1.97325e-17
1.43386e-16
-8.67362e-18
6.28282e-16
-8.0231e-18
2.79585e-15
-1.14925e-17
1.19411e-14
1.13408e-16
4.91998e-14
6.01732e-16
1.96407e-13
2.61716e-15
7.59762e-13
1.01382e-14
2.84677e-12
3.74193e-14
1.03255e-11
1.32853e-13
3.62275e-11
4.54785e-13
1.22852e-10
1.50042e-12
4.02311e-10
4.76563e-12
1.27105e-09
1.45532e-11
3.87016e-09
4.26665e-11
1.13439e-08
1.19892e-10
3.19682e-08
3.22293e-10
8.64927e-08
8.27046e-10
2.24314e-07
2.02082e-09
5.56628e-07
4.68715e-09
1.31881e-06
1.028e-08
2.97568e-06
2.12084e-08
6.37303e-06
4.08398e-08
1.2897e-05
7.24441e-08
2.44891e-05
1.15115e-07
4.2959e-05
1.46057e-07
6.79405e-05
1.46101e-07
9.90667e-05
1.16246e-07
0.000135361
2.08487e-08
0.000175381
-7.47364e-08
0.000217617
-1.32393e-07
0.000260761
-1.31286e-07
0.000303803
-7.33124e-08
0.00034603
2.58719e-08
0.000386968
1.45905e-07
0.00042631
2.23552e-07
0.000463888
2.84711e-07
0.000499595
3.5968e-07
0.000533414
4.17513e-07
0.000565336
4.20633e-07
0.000595391
3.87615e-07
0.000623627
3.22187e-07
0.000650087
2.4593e-07
0.000674849
8.80923e-08
0.000697999
-9.11371e-08
0.000719544
-3.24082e-07
0.000739627
-5.65912e-07
0.000758281
-7.49783e-07
0.00077559
-8.81834e-07
0.000791614
-9.53122e-07
0.000806417
-9.67208e-07
0.000820065
-9.20299e-07
0.000832617
-8.11298e-07
0.000844133
-6.44323e-07
0.000854666
-4.14595e-07
0.000864218
-1.26572e-07
0.000872942
9.69274e-08
0.000880754
2.56734e-07
0.000887843
4.73406e-07
0.000894172
6.7071e-07
0.000899803
8.64163e-07
0.000904787
1.05199e-06
0.000909136
1.22324e-06
0.000912902
1.36969e-06
0.000916124
1.48933e-06
0.000918828
1.57481e-06
0.000921054
1.62288e-06
0.000922831
1.63615e-06
0.000924192
1.61545e-06
0.000925172
1.56113e-06
0.000925801
1.47895e-06
0.000926101
1.3787e-06
0.000926098
1.27123e-06
0.000925822
1.17004e-06
0.000925301
1.09184e-06
0.000924554
1.05563e-06
0.000923593
1.08578e-06
0.000922435
1.21681e-06
0.000921105
1.49519e-06
0.000919608
1.98036e-06
0.000917933
2.74739e-06
0.000916062
3.89131e-06
0.000913976
5.53211e-06
0.000911641
7.81893e-06
0.000908995
1.09321e-05
0.000905942
1.50753e-05
0.000902346
2.04773e-05
0.000898038
2.73697e-05
0.000892837
3.59548e-05
4.66248e-05
0.000886522
4.3219e-17
2.01662e-17
2.95716e-17
-3.79471e-18
2.77827e-17
2.52619e-17
3.29733e-17
1.23599e-17
4.10099e-17
3.72966e-17
2.77691e-17
2.2443e-17
3.43828e-17
3.75134e-17
2.35543e-17
4.29344e-17
-1.84314e-18
5.10659e-17
7.06087e-18
1.40946e-17
4.41812e-18
4.40186e-17
2.36763e-17
5.31259e-17
2.46656e-17
4.88975e-17
1.46909e-17
2.9165e-17
1.07336e-17
3.51282e-17
2.1806e-17
1.77809e-17
1.41217e-17
6.17995e-18
1.52737e-17
-3.25261e-18
2.58853e-17
1.22515e-17
1.28749e-17
2.71051e-18
2.36085e-17
-1.60462e-17
1.16687e-17
-7.26415e-18
9.63585e-18
-6.28837e-18
1.2265e-17
-3.4586e-17
5.39391e-18
-1.24683e-17
-3.998e-18
5.85469e-18
5.57009e-18
-1.19262e-18
8.06375e-18
3.25261e-19
1.73472e-18
1.39862e-17
1.59649e-17
-1.43115e-17
2.6956e-17
-1.40946e-18
1.30484e-16
-4.22839e-18
5.8982e-16
-9.75782e-19
2.64094e-15
-1.26852e-17
1.12818e-14
1.20346e-16
4.65267e-14
6.43799e-16
1.85828e-13
2.72579e-15
7.19024e-13
1.05663e-14
2.69493e-12
3.90233e-14
9.77796e-12
1.38568e-13
3.43183e-11
4.74523e-13
1.16421e-10
1.5661e-12
3.814e-10
4.97617e-12
1.20549e-09
1.52025e-11
3.6722e-09
4.45909e-11
1.07689e-08
1.25365e-10
3.03631e-08
3.37201e-10
8.21947e-08
8.65876e-10
2.13293e-07
2.11729e-09
5.2961e-07
4.91524e-09
1.25564e-06
1.07914e-08
2.83524e-06
2.22909e-08
6.07714e-06
4.29891e-08
1.23093e-05
7.63991e-08
2.33974e-05
1.21693e-07
4.11028e-05
1.5477e-07
6.50988e-05
1.54515e-07
9.50319e-05
1.21496e-07
0.000129977
2.12352e-08
0.000168543
-7.74598e-08
0.000209272
-1.35688e-07
0.000250893
-1.33694e-07
0.000292427
-7.37371e-08
0.000333181
2.87024e-08
0.000372693
1.5293e-07
0.000410667
2.79489e-07
0.000446936
2.96991e-07
0.00048141
4.07367e-07
0.000514051
4.32972e-07
0.000544864
4.31796e-07
0.000573877
3.95938e-07
0.000601135
3.26562e-07
0.000626699
2.1938e-07
0.000650617
9.1181e-08
0.000672945
-9.01918e-08
0.000693802
-3.50613e-07
0.000713195
-5.89383e-07
0.000731229
-7.7489e-07
0.000747946
-9.09069e-07
0.000763423
-9.8938e-07
0.000777727
-1.00634e-06
0.00079091
-9.60619e-07
0.00080303
-8.52809e-07
0.000814143
-6.84103e-07
0.0008243
-4.56723e-07
0.0008336
-1.81749e-07
0.000841987
8.09295e-08
0.000849639
2.73057e-07
0.000856467
4.84322e-07
0.000862596
6.90129e-07
0.000868042
8.9983e-07
0.000872844
1.09098e-06
0.000877054
1.26686e-06
0.000880699
1.42359e-06
0.000883816
1.54937e-06
0.00088644
1.6407e-06
0.000888604
1.6945e-06
0.000890333
1.71037e-06
0.000891659
1.69086e-06
0.00089262
1.63725e-06
0.000893244
1.55331e-06
0.00089355
1.44791e-06
0.000893564
1.33304e-06
0.000893316
1.22433e-06
0.000892833
1.14096e-06
0.000892135
1.10338e-06
0.000891234
1.13593e-06
0.000890144
1.27425e-06
0.000888887
1.56909e-06
0.000887471
2.0859e-06
0.000885887
2.90594e-06
0.000884123
4.13157e-06
0.000882164
5.89391e-06
0.000879977
8.35913e-06
0.0008775
1.17322e-05
0.000874635
1.6246e-05
0.000871244
2.21633e-05
0.000867151
2.97521e-05
0.000862161
3.92505e-05
5.11046e-05
0.000856043
4.25685e-17
3.31766e-17
3.46809e-17
-6.50521e-18
1.60326e-17
-1.95156e-17
2.90973e-17
1.09504e-17
3.8828e-17
3.01408e-17
3.28107e-17
2.32019e-17
3.30953e-17
1.34441e-17
2.64139e-17
6.26669e-17
2.12775e-18
4.80302e-17
9.96111e-18
6.40763e-17
1.07336e-17
6.23416e-17
2.06541e-17
8.92298e-17
7.7656e-18
7.6111e-17
1.46909e-17
7.55689e-17
1.50298e-17
1.63715e-17
1.63037e-17
2.76472e-17
1.20753e-17
3.23092e-17
1.87025e-17
2.76472e-17
2.88804e-17
4.70544e-17
1.60733e-17
-1.95156e-18
2.0383e-17
-9.86624e-18
1.38778e-17
-2.35272e-17
1.91362e-17
-1.75641e-17
1.58429e-17
-1.63715e-17
3.84892e-18
-7.37257e-18
8.37546e-18
1.24683e-17
-2.12775e-18
-1.0842e-19
-5.50233e-18
2.28767e-17
-1.5992e-18
-1.02999e-17
1.47858e-17
-1.0842e-18
2.87043e-17
2.46114e-17
1.26093e-16
1.10589e-17
5.61224e-16
3.57787e-18
2.497e-15
1.73472e-18
1.06598e-14
1.42356e-16
4.3954e-14
6.77084e-16
1.7557e-13
2.81578e-15
6.79575e-13
1.08651e-14
2.54796e-12
4.01497e-14
9.24801e-12
1.42664e-13
3.24707e-11
4.88721e-13
1.10198e-10
1.61357e-12
3.61171e-10
5.12899e-12
1.14208e-09
1.56762e-11
3.48072e-09
4.60029e-11
1.02126e-08
1.29404e-10
2.88107e-08
3.48278e-10
7.80382e-08
8.94937e-10
2.02634e-07
2.19008e-09
5.03482e-07
5.08888e-09
1.19456e-06
1.11848e-08
2.69943e-06
2.31336e-08
5.79101e-06
4.46852e-08
1.17409e-05
7.95707e-08
2.23418e-05
1.27069e-07
3.93075e-05
1.62027e-07
6.23508e-05
1.61481e-07
9.11313e-05
1.25577e-07
0.000124773
2.12843e-08
0.000161936
-7.8808e-08
0.00020121
-1.36673e-07
0.000241363
-1.33958e-07
0.000281445
-7.29718e-08
0.000320783
3.12273e-08
0.00035893
1.57403e-07
0.000395597
2.84283e-07
0.000430624
3.07549e-07
0.000463907
3.62548e-07
0.000495436
4.80957e-07
0.000525194
4.41387e-07
0.000553218
4.14162e-07
0.000579547
3.84388e-07
0.000604221
2.39086e-07
0.000627325
7.76473e-08
0.000648926
-1.10112e-07
0.00066903
-3.42888e-07
0.00068777
-5.9794e-07
0.000705176
-7.90853e-07
0.000721333
-9.29938e-07
0.000736288
-1.0066e-06
0.000750104
-1.02253e-06
0.000762843
-9.74943e-07
0.000774557
-8.62758e-07
0.000785306
-6.88216e-07
0.000795135
-4.4645e-07
0.000804037
-1.5414e-07
0.00081219
7.81903e-08
0.00081948
2.87425e-07
0.000826093
4.92601e-07
0.000832001
6.87376e-07
0.000837264
8.95055e-07
0.000841922
1.09894e-06
0.000845988
1.28743e-06
0.000849512
1.45367e-06
0.000852526
1.59214e-06
0.00085506
1.69348e-06
0.000857153
1.75422e-06
0.000858826
1.77507e-06
0.000860109
1.75813e-06
0.00086104
1.70661e-06
0.000861647
1.6247e-06
0.000861948
1.5194e-06
0.000861969
1.40211e-06
0.000861736
1.28977e-06
0.000861275
1.20392e-06
0.000860605
1.16637e-06
0.000859745
1.20035e-06
0.000858713
1.34053e-06
0.000857528
1.64091e-06
0.000856199
2.17465e-06
0.000854717
3.03216e-06
0.000853073
4.32499e-06
0.000851253
6.19487e-06
0.000849227
8.82314e-06
0.00084693
1.24374e-05
0.000844266
1.7301e-05
0.000841093
2.37148e-05
0.000837228
3.19882e-05
0.000832469
4.23994e-05
5.54575e-05
0.000826562
4.73525e-17
-1.0842e-18
3.52366e-17
8.67362e-18
1.96512e-17
5.42101e-18
2.102e-17
-1.6263e-18
3.59684e-17
1.84314e-18
3.01408e-17
1.00831e-17
3.79471e-17
2.97071e-17
2.59937e-17
2.76472e-17
6.09864e-19
1.92988e-17
1.2631e-17
7.52436e-17
1.04083e-17
2.79724e-17
1.09775e-17
9.75782e-17
1.43115e-17
6.49437e-17
1.16552e-17
6.08237e-17
1.47994e-17
2.39609e-17
1.6507e-17
4.0766e-17
4.93312e-18
3.63208e-17
1.76589e-17
3.02492e-17
1.64934e-17
5.06322e-17
1.61411e-17
1.17094e-17
2.75658e-17
2.81893e-18
1.29833e-17
-1.82146e-17
1.7293e-17
-1.38778e-17
1.34577e-17
5.74627e-18
6.09864e-19
7.48099e-18
1.06794e-17
1.91904e-17
3.30682e-18
6.61363e-18
3.80826e-18
9.6494e-18
2.62919e-18
-9.54098e-18
1.84721e-17
1.89735e-17
2.47063e-17
2.30935e-17
1.02498e-16
3.25261e-19
5.20065e-16
-7.58942e-19
2.35161e-15
1.88651e-17
1.00513e-14
1.52439e-16
4.14665e-14
6.99636e-16
1.65682e-13
2.8675e-15
6.4153e-13
1.10691e-14
2.40623e-12
4.08517e-14
8.73707e-12
1.45256e-13
3.06896e-11
4.97812e-13
1.04199e-10
1.64418e-12
3.41671e-10
5.22837e-12
1.08095e-09
1.59872e-11
3.29615e-09
4.69387e-11
9.6765e-09
1.3211e-10
2.73144e-08
3.55785e-10
7.40316e-08
9.14874e-10
1.92359e-07
2.2407e-09
4.78293e-07
5.21146e-09
1.13567e-06
1.14671e-08
2.56847e-06
2.37498e-08
5.51503e-06
4.5952e-08
1.11926e-05
8.19966e-08
2.13231e-05
1.31294e-07
3.75741e-05
1.67858e-07
5.96973e-05
1.67173e-07
8.73643e-05
1.27904e-07
0.000119747
2.08988e-08
0.000155553
-7.90407e-08
0.000193419
-1.36015e-07
0.000232153
-1.32795e-07
0.000270829
-7.19347e-08
0.000308794
3.27652e-08
0.00034561
1.60509e-07
0.000381002
2.91805e-07
0.000414806
3.13036e-07
0.000446938
3.81984e-07
0.000477369
4.50501e-07
0.000506099
4.52341e-07
0.000533152
4.08406e-07
0.000558574
3.34745e-07
0.000582418
2.51056e-07
0.000604729
8.18079e-08
0.000625563
-1.0359e-07
0.000645026
-3.62527e-07
0.000663128
-6.11191e-07
0.000679961
-8.00015e-07
0.000695564
-9.37929e-07
0.000710013
-1.02191e-06
0.000723365
-1.03995e-06
0.00073567
-9.94874e-07
0.000746983
-8.86842e-07
0.000757355
-7.14546e-07
0.000766835
-4.81461e-07
0.000775521
-2.0671e-07
0.000783347
6.39532e-08
0.000790498
2.63962e-07
0.000796876
4.79039e-07
0.0008026
6.91504e-07
0.000807686
9.11561e-07
0.000812174
1.11618e-06
0.000816113
1.30587e-06
0.000819521
1.47582e-06
0.000822438
1.61522e-06
0.000824899
1.72056e-06
0.000826934
1.78698e-06
0.000828565
1.80986e-06
0.000829818
1.79253e-06
0.000830731
1.74174e-06
0.000831332
1.66173e-06
0.000831639
1.55713e-06
0.000831678
1.43741e-06
0.000831475
1.31957e-06
0.000831051
1.22804e-06
0.000830425
1.18829e-06
0.000829619
1.22474e-06
0.000828652
1.37144e-06
0.000827539
1.68354e-06
0.000826286
2.23794e-06
0.000824888
3.13105e-06
0.000823341
4.4832e-06
0.000821639
6.44817e-06
0.000819755
9.22345e-06
0.000817624
1.30603e-05
0.000815145
1.82532e-05
0.000812171
2.51452e-05
0.000808515
3.40937e-05
0.000803958
4.54257e-05
5.9715e-05
0.000798227
4.10642e-17
-2.22261e-17
4.23788e-17
4.44523e-18
2.82706e-17
7.15573e-18
2.39202e-17
1.20346e-17
3.28378e-17
-1.23599e-17
3.67409e-17
1.66967e-17
3.10082e-17
2.89482e-17
1.91091e-17
3.79471e-17
2.63055e-17
2.63461e-17
-3.18484e-18
5.58364e-17
1.46367e-17
2.7864e-17
1.83637e-17
8.07731e-17
9.25638e-18
7.04731e-17
5.6514e-18
4.92228e-17
1.80249e-17
2.23346e-17
8.74138e-18
3.13334e-17
1.96783e-17
4.84638e-17
2.33375e-17
4.68375e-17
6.23416e-18
6.72205e-18
1.66967e-17
-5.42101e-18
6.7085e-18
-9.75782e-18
2.31613e-17
-1.31188e-17
1.46503e-17
-2.92735e-18
2.34459e-18
2.1684e-17
1.46232e-17
9.75782e-19
1.39184e-17
3.3285e-17
-2.60209e-18
-7.26415e-18
6.57298e-18
2.35272e-17
6.65429e-18
1.97325e-17
1.1601e-17
2.04914e-17
2.48824e-17
3.26345e-17
9.36073e-17
1.0842e-18
4.95562e-16
-1.56125e-17
2.21085e-15
4.26091e-17
9.45745e-15
1.59595e-16
3.9066e-14
7.02997e-16
1.56178e-13
2.89851e-15
6.04985e-13
1.11469e-14
2.27005e-12
4.11889e-14
8.24615e-12
1.46495e-13
2.89784e-11
5.0221e-13
9.84364e-11
1.65934e-12
3.22936e-10
5.27878e-12
1.02222e-09
1.61487e-11
3.11882e-09
4.74372e-11
9.16134e-09
1.3359e-10
2.58764e-08
3.59999e-10
7.01809e-08
9.26384e-10
1.82482e-07
2.27079e-09
4.54077e-07
5.28661e-09
1.07904e-06
1.1646e-08
2.44251e-06
2.41543e-08
5.24953e-06
4.68161e-08
1.0665e-05
8.37203e-08
2.03424e-05
1.34431e-07
3.59042e-05
1.72352e-07
5.71402e-05
1.73592e-07
8.37328e-05
1.28306e-07
0.000114901
2.04516e-08
0.000149398
-7.77128e-08
0.000185908
-1.33501e-07
0.000223274
-1.29996e-07
0.000260598
-6.97019e-08
0.000297245
3.46295e-08
0.000332792
1.62176e-07
0.000366969
2.8758e-07
0.000399614
4.06961e-07
0.000430655
3.72911e-07
0.000460041
3.98237e-07
0.000487786
5.17665e-07
0.000513922
3.57187e-07
0.000538474
3.05791e-07
0.000561481
2.32339e-07
0.000583052
7.04056e-08
0.000603205
-1.19116e-07
0.000621969
-3.36419e-07
0.000639455
-5.97733e-07
0.000655696
-7.99492e-07
0.000670781
-9.38922e-07
0.000684741
-1.01679e-06
0.000697638
-1.03581e-06
0.00070953
-9.88759e-07
0.000720465
-8.77735e-07
0.000730499
-7.03282e-07
0.00073967
-4.58509e-07
0.000747972
-1.80103e-07
0.00075559
5.08361e-08
0.000762405
2.85007e-07
0.000768569
5.28548e-07
0.000774088
6.7372e-07
0.000779005
8.87148e-07
0.000783357
1.10178e-06
0.000787162
1.30189e-06
0.000790458
1.47734e-06
0.000793277
1.62383e-06
0.000795653
1.73603e-06
0.000797618
1.80932e-06
0.000799197
1.83767e-06
0.000800411
1.82258e-06
0.000801296
1.77373e-06
0.000801878
1.69767e-06
0.000802177
1.59769e-06
0.00080222
1.48097e-06
0.000802032
1.36339e-06
0.000801629
1.27019e-06
0.000801029
1.22902e-06
0.000800255
1.26529e-06
0.000799337
1.4124e-06
0.000798292
1.72599e-06
0.000797123
2.28716e-06
0.000795822
3.20018e-06
0.000794388
4.59577e-06
0.000792818
6.63998e-06
0.000791087
9.54547e-06
0.000789133
1.35852e-05
0.000786854
1.90858e-05
0.000784099
2.64354e-05
0.000780671
3.60465e-05
0.00077634
4.83018e-05
6.38521e-05
0.000770806
3.97496e-17
2.28767e-17
3.13877e-17
3.03577e-18
2.61022e-17
2.1684e-19
3.42337e-17
2.84061e-17
3.73508e-17
3.1984e-17
3.08591e-17
2.67798e-17
2.37576e-17
4.14165e-17
1.50026e-17
1.96241e-17
2.53703e-17
3.58871e-17
-1.57209e-18
3.46945e-17
1.19669e-17
3.70797e-17
6.22061e-18
5.51859e-17
5.42101e-18
6.3209e-17
1.21837e-17
5.55112e-17
9.18861e-18
3.01408e-17
1.19398e-17
1.64799e-17
1.66425e-17
4.06576e-17
9.28348e-18
4.74881e-17
1.39727e-17
7.69784e-18
2.42048e-17
-9.75782e-18
7.56231e-18
-1.73472e-18
1.34848e-17
8.13152e-18
1.80655e-17
7.48099e-18
1.39184e-17
2.1684e-18
1.14248e-17
0
1.82959e-18
2.30935e-17
4.45878e-18
3.79471e-18
1.21973e-17
1.86483e-17
1.15468e-17
2.1684e-18
1.06929e-17
1.53957e-17
1.78487e-17
1.58294e-17
9.16286e-17
2.01662e-17
4.62494e-16
-1.14925e-17
2.07984e-15
4.94396e-17
8.90356e-15
1.6263e-16
3.6768e-14
7.01262e-16
1.47078e-13
2.89525e-15
5.69971e-13
1.11465e-14
2.13961e-12
4.11832e-14
7.77591e-12
1.46486e-13
2.73392e-11
5.02376e-13
9.29158e-11
1.6605e-12
3.04989e-10
5.28475e-12
9.65957e-10
1.61745e-11
2.94891e-09
4.75377e-11
8.66766e-09
1.3395e-10
2.44982e-08
3.61204e-10
6.64893e-08
9.30173e-10
1.73011e-07
2.28202e-09
4.3085e-07
5.31809e-09
1.0247e-06
1.17293e-08
2.32161e-06
2.43624e-08
4.99458e-06
4.73043e-08
1.01581e-05
8.47852e-08
1.93995e-05
1.36536e-07
3.42972e-05
1.75548e-07
5.46776e-05
1.8851e-07
8.02344e-05
1.28262e-07
0.000110229
2.03608e-08
0.000143461
-7.50902e-08
0.00017866
-1.2978e-07
0.000214701
-1.26738e-07
0.000250713
-6.7673e-08
0.000286079
3.49518e-08
0.000320386
1.61574e-07
0.000353371
2.85322e-07
0.000384882
3.1887e-07
0.000414831
4.93231e-07
0.000443208
4.71793e-07
0.000469995
4.50593e-07
0.000495225
4.09415e-07
0.000518936
3.22575e-07
0.000541186
2.49055e-07
0.000561992
7.22694e-08
0.000581436
-1.11057e-07
0.000599596
-3.60237e-07
0.000616499
-6.0841e-07
0.000632214
-7.94019e-07
0.000646778
-9.32128e-07
0.000660269
-1.0169e-06
0.000672735
-1.03669e-06
0.000684222
-9.93278e-07
0.000694783
-8.87068e-07
0.000704466
-7.17404e-07
0.000713315
-4.88328e-07
0.000721431
-2.28174e-07
0.000728739
4.53266e-08
0.000735411
2.42811e-07
0.000741379
4.55014e-07
0.000746726
6.6734e-07
0.000751475
8.88448e-07
0.000755668
1.10049e-06
0.00075935
1.29789e-06
0.000762541
1.47221e-06
0.000765274
1.61647e-06
0.000767581
1.72898e-06
0.00076949
1.80496e-06
0.000771029
1.83641e-06
0.000772221
1.82338e-06
0.00077309
1.77547e-06
0.000773664
1.70093e-06
0.000773966
1.60377e-06
0.000774025
1.48947e-06
0.000773867
1.37146e-06
0.000773503
1.27454e-06
0.000772945
1.22911e-06
0.00077222
1.26435e-06
0.00077136
1.4157e-06
0.000770382
1.73838e-06
0.000769283
2.31279e-06
0.00076806
3.24596e-06
0.000766716
4.67727e-06
0.000765254
6.78668e-06
0.000763654
9.80436e-06
0.000761857
1.4027e-05
0.000759758
1.98142e-05
0.0007572
2.76025e-05
0.000753979
3.78662e-05
0.000749843
5.10561e-05
6.79047e-05
0.000744465
2.50315e-17
2.12504e-17
2.22261e-17
1.53957e-17
2.26463e-17
1.73472e-18
2.66036e-17
2.08167e-17
3.39084e-17
5.74627e-17
4.2433e-17
3.62124e-17
3.73779e-17
5.39933e-17
1.21702e-17
4.79217e-17
1.14519e-17
4.83554e-17
8.98533e-18
3.81639e-17
1.44334e-17
2.23346e-17
8.18573e-18
6.31006e-17
8.76849e-18
5.78964e-17
1.10995e-17
3.96818e-17
9.21572e-18
5.24754e-17
1.85399e-17
1.79978e-17
1.48807e-17
1.58294e-17
1.68187e-17
1.04083e-17
4.17418e-18
-2.77556e-17
1.19804e-17
4.33681e-19
1.42437e-17
0
1.45961e-17
5.20417e-18
2.29851e-17
-2.10335e-17
7.7927e-18
-1.04083e-17
1.16281e-17
0
7.53521e-18
1.73472e-18
-8.53809e-18
2.81893e-18
9.75782e-19
9.97466e-18
1.05168e-17
9.54098e-18
7.7927e-18
8.67362e-18
1.97867e-17
-4.11997e-18
8.69259e-17
1.71304e-17
4.24181e-16
6.50521e-18
1.95089e-15
3.55618e-17
8.37163e-15
1.46367e-16
3.45811e-14
6.96925e-16
1.38387e-13
2.87487e-15
5.36512e-13
1.10771e-14
2.015e-12
4.08629e-14
7.32673e-12
1.45373e-13
2.57733e-11
4.98754e-13
8.76415e-11
1.64913e-12
2.87841e-10
5.25083e-12
9.1219e-10
1.60783e-11
2.78651e-09
4.72797e-11
8.19573e-09
1.33301e-10
2.31804e-08
3.5969e-10
6.29588e-08
9.26965e-10
1.63951e-07
2.27612e-09
4.08622e-07
5.30972e-09
9.72684e-07
1.17252e-08
2.20582e-06
2.43902e-08
4.75031e-06
4.74462e-08
9.67212e-06
8.52392e-08
1.84951e-05
1.37684e-07
3.27541e-05
1.77567e-07
5.23113e-05
1.89655e-07
7.68701e-05
1.26781e-07
0.000105735
2.03557e-08
0.000137748
-7.17334e-08
0.000171683
-1.2478e-07
0.000206451
-1.22202e-07
0.000241204
-6.41236e-08
0.000275344
3.6564e-08
0.000308469
1.60487e-07
0.000340329
2.85171e-07
0.000370753
3.37688e-07
0.000399698
4.77701e-07
0.000427097
5.20597e-07
0.000452971
3.96198e-07
0.000477344
4.57711e-07
0.000500235
3.27525e-07
0.000521703
2.13303e-07
0.000541832
5.59287e-08
0.000560641
-1.21392e-07
0.000578161
-3.19402e-07
0.000594468
-5.73451e-07
0.00060963
-7.78766e-07
0.000623712
-9.18653e-07
0.000636744
-9.96639e-07
0.000648786
-1.01673e-06
0.000659888
-9.71417e-07
0.000670097
-8.62816e-07
0.000679465
-6.92463e-07
0.00068802
-4.54213e-07
0.000695768
-2.05538e-07
0.000702882
1.80742e-08
0.000709264
2.46842e-07
0.000715011
4.11661e-07
0.000720163
6.50769e-07
0.000724759
8.50114e-07
0.00072882
1.06721e-06
0.000732379
1.27044e-06
0.000735464
1.44869e-06
0.000738106
1.59777e-06
0.000740334
1.71357e-06
0.000742175
1.79319e-06
0.000743661
1.83038e-06
0.000744816
1.82271e-06
0.00074566
1.77826e-06
0.000746216
1.70721e-06
0.000746508
1.61514e-06
0.000746567
1.50687e-06
0.000746419
1.3939e-06
0.000746075
1.29889e-06
0.000745541
1.2516e-06
0.000744845
1.28316e-06
0.000744027
1.43137e-06
0.000743106
1.75206e-06
0.000742083
2.32614e-06
0.000740953
3.26466e-06
0.000739718
4.71618e-06
0.000738379
6.87381e-06
0.000736923
9.98443e-06
0.000735297
1.43676e-05
0.000733395
2.04174e-05
0.000731057
2.8622e-05
0.000728068
3.95252e-05
0.000724158
5.36549e-05
7.18421e-05
0.000718963
4.58618e-17
8.0231e-18
3.0832e-17
9.75782e-18
2.68205e-17
1.64799e-17
2.81893e-17
3.03577e-18
3.2255e-17
5.85469e-17
3.62124e-17
5.0307e-17
2.59666e-17
6.04985e-17
2.07896e-17
6.59195e-17
1.40269e-17
1.92988e-17
9.21572e-18
2.5804e-17
1.17094e-17
3.18755e-17
1.60055e-17
6.20164e-17
4.33681e-18
4.38018e-17
3.52366e-19
6.245e-17
5.52943e-18
4.40186e-17
1.10995e-17
1.95156e-17
4.71628e-18
-1.40946e-17
6.84403e-18
-2.01662e-17
7.18284e-18
-1.23599e-17
8.52454e-18
-1.84314e-17
1.8323e-17
8.23994e-18
1.66425e-17
9.1073e-18
2.26598e-17
0
1.58022e-17
1.73472e-18
1.37016e-17
-2.38524e-18
1.52195e-17
1.10589e-17
-7.04731e-19
4.05492e-17
-5.57009e-18
2.29851e-17
2.15485e-18
2.73219e-17
1.06252e-17
1.75641e-17
2.59666e-17
8.67362e-18
8.27788e-17
1.84314e-17
4.07768e-16
1.19262e-17
1.82696e-15
2.25514e-17
7.85011e-15
1.42898e-16
3.24995e-14
6.79578e-16
1.301e-13
2.84169e-15
5.0465e-13
1.09142e-14
1.89628e-12
4.02755e-14
6.89869e-12
1.43288e-13
2.4281e-11
4.91757e-13
8.26144e-11
1.62663e-12
2.71493e-10
5.18141e-12
8.60923e-10
1.58733e-11
2.63163e-09
4.67015e-11
7.74552e-09
1.31747e-10
2.19229e-08
3.5573e-10
5.95886e-08
9.17447e-10
1.55299e-07
2.25472e-09
3.87386e-07
5.26522e-09
9.22965e-07
1.16412e-08
2.09509e-06
2.42521e-08
4.51655e-06
4.72684e-08
9.20671e-06
8.51247e-08
1.76282e-05
1.37928e-07
3.12727e-05
1.78415e-07
5.00373e-05
1.57474e-07
7.36347e-05
1.2392e-07
0.000101408
2.07743e-08
0.000132243
-6.826e-08
0.000164955
-1.19396e-07
0.000198487
-1.17724e-07
0.000232018
-6.16401e-08
0.000264962
3.6201e-08
0.00029693
1.56937e-07
0.000327672
2.81189e-07
0.000357048
3.18225e-07
0.000384974
4.74942e-07
0.000411423
5.05831e-07
0.000436406
4.47811e-07
0.000459938
4.05235e-07
0.000482059
2.85765e-07
0.000502816
2.03209e-07
0.000522227
6.05762e-08
0.000540368
-1.13902e-07
0.000557314
-3.46905e-07
0.000573103
-5.85319e-07
0.000587772
-7.63611e-07
0.000601369
-9.0149e-07
0.000613965
-9.84311e-07
0.000625605
-1.00332e-06
0.00063633
-9.6255e-07
0.000646191
-8.60942e-07
0.000655231
-6.9774e-07
0.000663496
-4.8043e-07
0.000671078
-2.46887e-07
0.000677907
1.81986e-08
0.000684123
2.14929e-07
0.000689707
4.22413e-07
0.000694711
6.34819e-07
0.000699147
8.46266e-07
0.000703061
1.0526e-06
0.000706502
1.24949e-06
0.000709488
1.42251e-06
0.000712051
1.56569e-06
0.000714216
1.67818e-06
0.000716006
1.75751e-06
0.000717454
1.79799e-06
0.000718586
1.79511e-06
0.000719418
1.75367e-06
0.000719969
1.6844e-06
0.000720263
1.59479e-06
0.000720334
1.4899e-06
0.000720212
1.38009e-06
0.000719904
1.28555e-06
0.000719412
1.23465e-06
0.000718765
1.26166e-06
0.000717999
1.40949e-06
0.000717135
1.73514e-06
0.000716175
2.31642e-06
0.000715116
3.26309e-06
0.000713964
4.72925e-06
0.000712724
6.92106e-06
0.000711388
1.01044e-05
0.000709907
1.4625e-05
0.000708178
2.09137e-05
0.000706036
2.95139e-05
0.000703254
4.10466e-05
0.000699536
5.61309e-05
7.57051e-05
0.000694477
4.31919e-17
6.50521e-18
3.3922e-17
3.72966e-17
1.50026e-17
-4.77049e-18
2.4896e-17
1.75641e-17
2.80673e-17
4.31512e-17
2.70237e-17
4.01155e-17
3.01273e-17
2.4503e-17
2.86365e-17
5.61617e-17
4.74338e-18
2.10335e-17
5.14996e-18
4.6187e-17
1.13841e-17
2.29851e-17
1.38642e-17
3.49113e-17
2.38524e-18
4.94396e-17
6.85758e-18
5.26922e-17
1.35661e-17
5.91974e-17
1.5355e-17
2.94903e-17
1.84314e-18
-2.92735e-17
7.63007e-18
-1.71304e-17
1.44877e-17
-6.07153e-18
4.0251e-18
9.97466e-18
2.01933e-17
6.93889e-18
2.16569e-17
3.68629e-18
7.75205e-18
1.73472e-17
1.13299e-17
1.56125e-17
1.60868e-17
1.30104e-18
1.00289e-18
1.4962e-17
-5.42101e-20
1.64799e-17
9.6765e-18
3.20924e-17
5.16351e-18
1.82146e-17
-3.08998e-18
7.15573e-18
1.93259e-17
-8.89046e-18
8.40663e-17
2.10335e-17
3.82371e-16
1.77809e-17
1.71739e-15
1.82146e-17
7.36824e-15
1.37694e-16
3.05195e-14
6.60496e-16
1.22224e-13
2.77664e-15
4.74349e-13
1.06874e-14
1.78342e-12
3.94274e-14
6.49173e-12
1.40345e-13
2.2862e-11
4.81796e-13
7.78333e-11
1.59435e-12
2.55942e-10
5.08075e-12
8.12144e-10
1.55723e-11
2.48423e-09
4.58399e-11
7.31692e-09
1.29392e-10
2.07253e-08
3.49603e-10
5.63779e-08
9.02323e-10
1.47053e-07
2.21948e-09
3.67139e-07
5.1883e-09
8.75537e-07
1.14856e-08
1.9894e-06
2.39653e-08
4.29331e-06
4.68002e-08
8.76195e-06
8.44961e-08
1.6799e-05
1.37351e-07
2.9854e-05
1.78047e-07
4.78571e-05
1.60234e-07
7.053e-05
1.20203e-07
9.72538e-05
2.1953e-08
0.000126955
-6.40307e-08
0.000158491
-1.1274e-07
0.000190838
-1.11216e-07
0.000223197
-5.72095e-08
0.000255
3.79312e-08
0.000285868
1.5462e-07
0.000315566
2.7184e-07
0.00034393
3.6172e-07
0.000370913
3.82817e-07
0.000396465
3.98486e-07
0.000420595
4.75597e-07
0.00044332
3.76284e-07
0.000464667
3.10888e-07
0.000484709
1.97729e-07
0.000503486
5.1448e-08
0.000521039
-1.15896e-07
0.000537407
-3.04842e-07
0.000552606
-5.32948e-07
0.000566762
-7.42087e-07
0.000579909
-8.74934e-07
0.000592075
-9.52665e-07
0.00060332
-9.71251e-07
0.000613685
-9.27994e-07
0.000623216
-8.26795e-07
0.000631961
-6.63961e-07
0.000639939
-4.35327e-07
0.000647183
-2.27087e-07
0.000653821
-1.50506e-08
0.000659799
2.06603e-07
0.000665155
3.79977e-07
0.000669968
5.60748e-07
0.000674267
8.06865e-07
0.000678055
1.01026e-06
0.00068138
1.20523e-06
0.000684268
1.37991e-06
0.000686745
1.52485e-06
0.000688836
1.63811e-06
0.000690562
1.71919e-06
0.000691957
1.76423e-06
0.000693051
1.76794e-06
0.000693858
1.7324e-06
0.000694393
1.66771e-06
0.000694678
1.58277e-06
0.000694747
1.48379e-06
0.000694631
1.38108e-06
0.000694337
1.29207e-06
0.000693866
1.24138e-06
0.000693247
1.26327e-06
0.000692518
1.40389e-06
0.000691703
1.72219e-06
0.000690808
2.29587e-06
0.000689833
3.23609e-06
0.000688783
4.70268e-06
0.000687662
6.9124e-06
0.000686462
1.01477e-05
0.000685142
1.47794e-05
0.000683605
2.12789e-05
0.000681684
3.02482e-05
0.000679142
4.23955e-05
0.000675655
5.84433e-05
7.94576e-05
0.000670766
3.36509e-17
2.12504e-17
3.46538e-17
-2.1684e-18
2.39202e-17
3.42608e-17
2.90024e-17
1.60462e-17
3.62937e-17
2.53703e-17
3.30817e-17
4.81386e-17
2.68205e-17
4.05492e-17
1.33628e-17
2.92735e-17
9.43256e-18
1.71304e-17
1.46503e-17
5.37764e-17
1.26445e-17
3.42608e-17
1.1601e-17
3.68629e-17
6.65429e-18
5.39933e-17
1.072e-17
6.15827e-17
1.39727e-17
3.29597e-17
6.20706e-18
1.69136e-17
-1.8838e-18
-2.62377e-17
2.29038e-18
-1.17094e-17
1.45012e-17
2.1684e-18
1.19127e-17
1.75641e-17
2.0383e-17
-1.0842e-18
1.7537e-17
1.10589e-17
1.14112e-17
1.06252e-17
8.3077e-18
9.32414e-18
5.44812e-18
0
5.77338e-18
7.58942e-18
-1.74828e-18
1.58294e-17
6.50521e-19
3.07913e-17
8.70072e-18
2.25514e-17
3.64563e-18
1.17094e-17
1.59513e-17
6.93889e-18
7.35767e-17
3.05745e-17
3.53992e-16
1.82146e-17
1.60684e-15
2.05998e-17
6.91974e-15
1.41163e-16
2.86347e-14
6.54641e-16
1.14755e-13
2.68947e-15
4.45621e-13
1.04003e-14
1.67635e-12
3.83823e-14
6.10556e-12
1.36666e-13
2.15151e-11
4.69272e-13
7.32944e-11
1.55351e-12
2.41175e-10
4.95279e-12
7.65809e-10
1.51873e-11
2.34417e-09
4.47299e-11
6.9095e-09
1.26332e-10
1.95865e-08
3.41553e-10
5.33232e-08
8.82202e-10
1.39204e-07
2.17191e-09
3.47854e-07
5.08238e-09
8.30334e-07
1.1265e-08
1.8886e-06
2.35418e-08
4.0802e-06
4.60677e-08
8.33697e-06
8.33781e-08
1.60057e-05
1.36005e-07
2.84946e-05
1.76964e-07
4.5765e-05
1.78991e-07
6.75478e-05
1.15556e-07
9.32573e-05
2.33947e-08
0.000121862
-5.95654e-08
0.000152258
-1.0679e-07
0.000183453
-1.05522e-07
0.000214671
-5.46422e-08
0.000245359
3.62657e-08
0.000275147
1.48573e-07
0.0003038
2.63307e-07
0.000331183
3.15926e-07
0.000357222
3.44596e-07
0.000381888
3.66155e-07
0.000405183
4.75128e-07
0.000427132
3.20179e-07
0.000447776
2.57625e-07
0.00046713
2.03562e-07
0.000485247
5.40474e-08
0.000502175
-1.09764e-07
0.000517981
-3.20885e-07
0.000532738
-5.42946e-07
0.000546428
-7.14639e-07
0.000559123
-8.49498e-07
0.000570885
-9.28315e-07
0.000581752
-9.46008e-07
0.000591766
-9.10325e-07
0.000600974
-8.17369e-07
0.000609415
-6.63144e-07
0.000617138
-4.60802e-07
0.00062422
-2.57643e-07
0.000630606
-5.46648e-09
0.000636391
1.86968e-07
0.000641618
3.89304e-07
0.000646297
5.96486e-07
0.000650441
7.91939e-07
0.000654101
9.82347e-07
0.000657314
1.16928e-06
0.000660108
1.3362e-06
0.000662512
1.47443e-06
0.000664545
1.5835e-06
0.000666225
1.6619e-06
0.000667583
1.70755e-06
0.000668653
1.71614e-06
0.000669449
1.68625e-06
0.000669981
1.62515e-06
0.000670269
1.54234e-06
0.000670348
1.446e-06
0.000670253
1.34717e-06
0.00066999
1.26104e-06
0.00066956
1.20908e-06
0.000668989
1.22632e-06
0.00066831
1.36307e-06
0.000667544
1.68009e-06
0.000666701
2.25288e-06
0.000665788
3.1904e-06
0.000664813
4.65428e-06
0.000663783
6.86972e-06
0.000662693
1.01364e-05
0.000661509
1.48532e-05
0.000660136
2.15349e-05
0.000658408
3.08486e-05
0.000656075
4.35983e-05
0.000652779
6.0628e-05
8.31455e-05
0.000648012
2.31206e-17
1.32273e-17
2.76065e-17
-2.60209e-18
2.77285e-17
-4.33681e-18
3.61717e-17
1.4962e-17
2.26869e-17
8.23994e-18
2.34594e-17
1.27936e-17
2.72948e-17
3.96818e-17
1.16552e-17
3.03577e-17
3.67273e-18
2.79724e-17
1.43386e-17
5.85469e-17
1.3146e-17
6.02816e-17
-6.36969e-19
7.93636e-17
1.77538e-18
4.31512e-17
4.74338e-18
4.66207e-17
2.41235e-18
3.36103e-17
6.20706e-18
3.38271e-17
1.07472e-17
-1.51788e-18
6.60008e-18
-1.45283e-17
1.47316e-17
-1.0842e-18
1.70762e-17
9.54098e-18
1.43115e-17
-3.90313e-18
1.45012e-17
4.55365e-18
2.1928e-17
1.95156e-18
2.16027e-17
2.71051e-17
1.38507e-17
2.86229e-17
6.78982e-18
2.42861e-17
4.51299e-18
3.16587e-17
-6.50521e-18
1.4962e-17
2.35814e-18
3.83808e-17
1.7537e-17
1.27936e-17
1.88245e-17
3.96818e-17
5.84656e-17
2.64545e-17
3.2812e-16
1.9082e-17
1.50224e-15
2.25514e-17
6.48249e-15
1.5027e-16
2.68555e-14
6.26018e-16
1.0769e-13
2.60512e-15
4.18419e-13
1.0069e-14
1.57495e-12
3.71589e-14
5.73982e-12
1.32347e-13
2.02392e-11
4.54554e-13
6.89933e-11
1.50534e-12
2.27178e-10
4.80127e-12
7.21875e-10
1.47296e-11
2.21131e-09
4.34043e-11
6.52292e-09
1.22659e-10
1.85054e-08
3.31842e-10
5.04222e-08
8.57749e-10
1.31746e-07
2.11353e-09
3.29521e-07
4.95094e-09
7.87338e-07
1.0988e-08
1.79266e-06
2.29987e-08
3.87724e-06
4.5099e-08
7.93191e-06
8.18432e-08
1.5249e-05
1.33976e-07
2.71955e-05
1.85917e-07
4.37635e-05
1.74492e-07
6.46914e-05
1.10571e-07
8.94268e-05
2.49209e-08
0.00011698
-5.36991e-08
0.000146282
-9.98031e-08
0.000176374
-9.78445e-08
0.000206502
-4.89371e-08
0.000236127
3.79909e-08
0.000264891
1.45749e-07
0.000292571
2.54063e-07
0.000319026
3.39413e-07
0.000344171
3.92194e-07
0.000368
4.1394e-07
0.000390504
4.04726e-07
0.000411695
3.57204e-07
0.000431619
2.8834e-07
0.000450315
1.88402e-07
0.000467831
5.15449e-08
0.000484211
-1.0627e-07
0.000499501
-2.86107e-07
0.000513675
-4.77471e-07
0.000526892
-6.78758e-07
0.000539161
-8.1246e-07
0.000550521
-8.89586e-07
0.00056102
-9.05087e-07
0.000570697
-8.67533e-07
0.000579597
-7.7611e-07
0.000587759
-6.23077e-07
0.000595196
-4.07753e-07
0.000601978
-2.40032e-07
0.000608171
-3.95036e-08
0.000613764
1.72649e-07
0.000618767
3.92039e-07
0.000623262
5.03754e-07
0.000627271
7.42876e-07
0.000630813
9.29507e-07
0.000633921
1.11111e-06
0.000636621
1.27885e-06
0.000638942
1.41756e-06
0.000640906
1.52665e-06
0.000642526
1.60521e-06
0.000643836
1.65287e-06
0.000644866
1.66721e-06
0.000645636
1.64484e-06
0.000646152
1.59004e-06
0.000646431
1.51219e-06
0.000646509
1.42139e-06
0.000646417
1.32964e-06
0.000646162
1.2499e-06
0.000645749
1.20009e-06
0.000645203
1.21383e-06
0.000644557
1.34197e-06
0.000643833
1.64588e-06
0.000643045
2.20195e-06
0.000642207
3.12119e-06
0.000641325
4.56842e-06
0.000640405
6.7745e-06
0.000639445
1.0052e-05
0.000638415
1.48251e-05
0.000637229
2.16554e-05
0.000635723
3.12801e-05
0.000633639
4.46127e-05
0.00063058
6.26359e-05
8.67269e-05
0.000625973
3.3922e-17
-2.1684e-17
2.81215e-17
-4.27176e-17
2.05863e-17
-3.01408e-17
3.20111e-17
-8.89046e-18
2.68476e-17
-1.45283e-17
2.77149e-17
1.53957e-17
2.11419e-17
1.64799e-17
7.5081e-18
-1.53957e-17
1.09775e-17
8.67362e-18
1.08285e-17
5.52943e-17
1.43386e-17
8.21825e-17
1.78351e-17
7.41594e-17
1.00018e-17
5.61617e-17
-8.66006e-18
3.75134e-17
3.26616e-18
2.08167e-17
9.12085e-18
6.50521e-18
8.17217e-18
5.63785e-18
7.91468e-18
-1.56125e-17
3.07642e-18
5.63785e-18
9.85269e-18
2.38524e-18
1.64663e-17
-6.72205e-18
1.22515e-17
-1.82146e-17
1.22921e-17
5.42101e-18
7.84691e-18
1.0842e-18
7.92823e-18
2.10335e-17
8.23994e-18
2.77556e-17
2.1413e-18
4.31512e-17
1.01644e-18
1.21431e-17
-4.87891e-19
1.0842e-17
4.45878e-18
3.23092e-17
2.00442e-17
1.60462e-17
6.30735e-17
2.88398e-17
3.11085e-16
-6.50521e-19
1.41037e-15
1.47451e-17
6.06373e-15
1.46584e-16
2.51684e-14
5.98696e-16
1.01004e-13
2.50386e-15
3.92702e-13
9.69298e-15
1.47909e-12
3.57774e-14
5.39392e-12
1.27465e-13
1.90321e-11
4.37947e-13
6.49229e-11
1.45087e-12
2.13926e-10
4.62953e-12
6.80265e-10
1.42094e-11
2.08543e-09
4.18932e-11
6.15643e-09
1.18454e-10
1.748e-08
3.2066e-10
4.76689e-08
8.29468e-10
1.24664e-07
2.04569e-09
3.12097e-07
4.79673e-09
7.46443e-07
1.06582e-08
1.70132e-06
2.23491e-08
3.68383e-06
4.39036e-08
7.54547e-06
7.99305e-08
1.45261e-05
1.30871e-07
2.59523e-05
1.93673e-07
4.18445e-05
1.67791e-07
6.19491e-05
1.06492e-07
8.57427e-05
2.55198e-08
0.000112275
-4.84728e-08
0.000140516
-9.39333e-08
0.000169533
-9.25475e-08
0.000198596
-4.64085e-08
0.000227182
3.51636e-08
0.000254939
1.37186e-07
0.000281647
2.41604e-07
0.000307168
3.22042e-07
0.000331453
4.0929e-07
0.000354454
3.4011e-07
0.000376181
4.35349e-07
0.000396658
2.9678e-07
0.000415911
3.05898e-07
0.000433965
1.85693e-07
0.000450872
4.8773e-08
0.000466673
-1.02894e-07
0.000481416
-2.90447e-07
0.000495203
-4.88014e-07
0.000507981
-6.54432e-07
0.000519836
-7.85147e-07
0.000530819
-8.57696e-07
0.000540962
-8.74597e-07
0.000550312
-8.44334e-07
0.000558913
-7.58871e-07
0.000566795
-6.16611e-07
0.000574016
-4.3712e-07
0.000580624
-2.55583e-07
0.000586597
-2.00808e-08
0.000591985
1.61659e-07
0.000596874
3.54042e-07
0.00060124
5.47445e-07
0.000605118
7.28805e-07
0.000608548
9.00983e-07
0.000611547
1.06707e-06
0.000614157
1.21973e-06
0.000616411
1.3525e-06
0.000618319
1.45843e-06
0.000619898
1.53315e-06
0.000621174
1.57978e-06
0.000622181
1.59765e-06
0.000622936
1.58109e-06
0.000623449
1.53128e-06
0.000623733
1.45669e-06
0.000623822
1.36882e-06
0.000623748
1.28054e-06
0.000623518
1.20327e-06
0.000623142
1.15309e-06
0.000622642
1.16397e-06
0.000622044
1.28783e-06
0.000621363
1.5853e-06
0.00062062
2.13124e-06
0.000619834
3.03579e-06
0.000619016
4.46389e-06
0.000618177
6.64992e-06
0.000617317
9.91876e-06
0.000616414
1.47211e-05
0.000615385
2.16667e-05
0.000614071
3.15709e-05
0.000612199
4.54685e-05
0.000609335
6.45058e-05
9.02517e-05
0.000604836
2.92192e-17
2.1684e-17
2.3744e-17
-6.87384e-17
3.90313e-17
-4.96565e-17
3.14961e-17
-5.63785e-18
2.40286e-17
-7.80626e-18
2.80131e-17
-1.66967e-17
2.17247e-17
-5.85469e-18
1.1479e-17
-3.18755e-17
3.37458e-18
2.1684e-17
1.56803e-17
4.33681e-17
1.18991e-17
7.58942e-17
-1.12486e-18
5.31259e-17
1.45283e-17
4.85723e-17
1.07065e-17
3.81639e-17
-3.61852e-18
8.23994e-18
6.61363e-18
1.25767e-17
1.64392e-17
2.38524e-18
7.03376e-18
2.38524e-17
1.8838e-18
2.42861e-17
1.12622e-17
1.6263e-17
1.29562e-17
-2.71051e-17
1.56532e-17
-1.64799e-17
1.57074e-17
-6.28837e-18
1.53008e-17
4.33681e-19
1.31595e-17
1.92988e-17
4.97378e-18
1.38778e-17
1.11131e-18
2.36356e-17
5.73272e-18
1.53957e-17
4.22839e-18
1.14925e-17
7.61652e-18
1.6263e-17
1.50704e-17
1.97325e-17
5.48471e-17
7.37257e-18
2.86744e-16
-1.82146e-17
1.31733e-15
7.80626e-18
5.68417e-15
1.39212e-16
2.35878e-14
5.6617e-16
9.47079e-14
2.40801e-15
3.68434e-13
9.29205e-15
1.3886e-12
3.42777e-14
5.06732e-12
1.22116e-13
1.7892e-11
4.1976e-13
6.10773e-11
1.39117e-12
2.01402e-10
4.44084e-12
6.40924e-10
1.36367e-11
1.96637e-09
4.02252e-11
5.80965e-09
1.13805e-10
1.65093e-08
3.08271e-10
4.50611e-08
7.97969e-10
1.17951e-07
1.96964e-09
2.95576e-07
4.62379e-09
7.07641e-07
1.02867e-08
1.61461e-06
2.15992e-08
3.50007e-06
4.2546e-08
7.17799e-06
7.77103e-08
1.38378e-05
1.28701e-07
2.47675e-05
1.46087e-07
4.00119e-05
1.57808e-07
5.93277e-05
1.03848e-07
8.22194e-05
2.60115e-08
0.000107775
-4.28139e-08
0.000135001
-8.58098e-08
0.000162993
-8.44612e-08
0.000191042
-3.99115e-08
0.000218638
3.76691e-08
0.000245442
1.34377e-07
0.000271239
2.32799e-07
0.000295907
3.1375e-07
0.000319352
3.61496e-07
0.00034157
3.80022e-07
0.000362557
3.71874e-07
0.000382325
3.29808e-07
0.000400908
2.65309e-07
0.000418354
1.72015e-07
0.000434693
4.58239e-08
0.000449978
-9.67102e-08
0.000464253
-2.5758e-07
0.000477494
-4.18348e-07
0.000489817
-6.01035e-07
0.000501268
-7.47209e-07
0.000511876
-8.18446e-07
0.000521677
-8.31334e-07
0.000530712
-7.97883e-07
0.000539023
-7.12247e-07
0.000546638
-5.72747e-07
0.000553577
-4.07861e-07
0.000559925
-2.43437e-07
0.000565705
-4.8703e-08
0.000570931
1.44207e-07
0.000575612
3.56021e-07
0.000579803
5.80122e-07
0.000583541
7.50089e-07
0.000586864
8.45521e-07
0.000589766
1.00594e-06
0.000592287
1.15073e-06
0.000594462
1.28271e-06
0.000596303
1.38899e-06
0.000597826
1.46261e-06
0.000599058
1.5108e-06
0.000600026
1.53371e-06
0.000600755
1.52375e-06
0.00060125
1.48048e-06
0.000601526
1.41181e-06
0.000601614
1.33022e-06
0.000601541
1.24883e-06
0.000601317
1.17714e-06
0.000600953
1.12938e-06
0.000600474
1.13864e-06
0.000599903
1.25465e-06
0.000599259
1.53557e-06
0.000598564
2.0566e-06
0.000597843
2.93073e-06
0.000597107
4.32514e-06
0.000596366
6.47599e-06
0.000595627
9.71585e-06
0.000594873
1.45175e-05
0.000594028
2.154e-05
0.00059294
3.16817e-05
0.000591326
4.61163e-05
0.00058871
6.61797e-05
9.3672e-05
0.000584364
3.58058e-17
-4.77049e-18
2.79318e-17
-2.9924e-17
1.80791e-17
-4.66207e-17
3.20653e-17
1.14925e-17
2.39338e-17
6.50521e-18
2.57905e-17
-1.17094e-17
2.44488e-17
-2.86229e-17
2.03694e-17
-5.68122e-17
1.0056e-17
1.43115e-17
7.7656e-18
2.64545e-17
1.00695e-17
7.15573e-17
1.45554e-17
4.40186e-17
3.42879e-18
5.11743e-17
-5.58364e-18
1.32273e-17
2.968e-18
8.0231e-18
7.58942e-18
2.25514e-17
9.92045e-18
1.6263e-17
3.40168e-18
1.97325e-17
1.76183e-18
3.36103e-17
1.15332e-17
1.19262e-17
1.74285e-17
-2.10335e-17
1.52873e-17
1.36609e-17
1.30917e-17
1.69136e-17
1.21024e-17
5.63785e-18
8.03665e-18
3.68629e-18
3.97089e-18
1.0842e-17
-1.23328e-18
0
7.57586e-18
6.50521e-18
3.59142e-18
6.07153e-18
9.40545e-18
4.55365e-18
8.36191e-18
1.9082e-17
5.3397e-17
-9.1073e-18
2.70671e-16
-2.51535e-17
1.22236e-15
2.27682e-17
5.3133e-15
1.19696e-16
2.2097e-14
5.37331e-16
8.87829e-14
2.29547e-15
3.45571e-13
8.85706e-15
1.30328e-12
3.2672e-14
4.75923e-12
1.16407e-13
1.68161e-11
4.00249e-13
5.74465e-11
1.32703e-12
1.89572e-10
4.23793e-12
6.03743e-10
1.302e-11
1.85377e-09
3.84242e-11
5.48151e-09
1.08762e-10
1.55901e-08
2.94781e-10
4.25902e-08
7.63687e-10
1.11586e-07
1.8867e-09
2.79896e-07
4.43203e-09
6.70784e-07
9.87452e-09
1.53215e-06
2.07711e-08
3.32512e-06
4.0909e-08
6.82768e-06
7.4571e-08
1.31806e-05
1.42468e-07
2.36332e-05
1.42395e-07
3.82563e-05
1.47766e-07
5.68095e-05
1.00963e-07
7.88282e-05
2.63554e-08
0.000103435
-3.91435e-08
0.000129671
-7.98136e-08
0.000156661
-7.95554e-08
0.000183716
-3.83496e-08
0.000210343
3.3761e-08
0.000236208
1.23849e-07
0.000261103
2.16889e-07
0.000284897
2.97857e-07
0.000307535
3.0822e-07
0.000328988
3.92882e-07
0.000349256
3.91575e-07
0.000368353
2.73446e-07
0.000386312
2.70158e-07
0.000403155
1.60945e-07
0.000418935
4.00031e-08
0.000433684
-9.13611e-08
0.000447439
-2.5468e-07
0.000460301
-4.34204e-07
0.00047224
-5.86255e-07
0.000483312
-7.0566e-07
0.000493564
-7.71497e-07
0.000503031
-7.93646e-07
0.000511763
-7.69414e-07
0.000519797
-6.89752e-07
0.000527158
-5.64191e-07
0.000533913
-4.15269e-07
0.000540071
-2.43565e-07
0.000545652
-2.36468e-08
0.000550681
1.38222e-07
0.000555245
3.12327e-07
0.000559328
4.94663e-07
0.000562961
6.64104e-07
0.000566162
8.11246e-07
0.000568967
9.49962e-07
0.000571411
1.08523e-06
0.000573518
1.21143e-06
0.000575305
1.30986e-06
0.000576791
1.37857e-06
0.000577992
1.42738e-06
0.000578937
1.45334e-06
0.000579651
1.44742e-06
0.000580142
1.40872e-06
0.000580422
1.34408e-06
0.000580521
1.26637e-06
0.000580463
1.18891e-06
0.000580261
1.1193e-06
0.00057993
1.07093e-06
0.000579493
1.07791e-06
0.000578965
1.18961e-06
0.000578361
1.46133e-06
0.000577707
1.96554e-06
0.000577029
2.81378e-06
0.000576347
4.17207e-06
0.000575674
6.27725e-06
0.000575025
9.46939e-06
0.000574388
1.42429e-05
0.000573695
2.13054e-05
0.000572799
3.1645e-05
0.000571405
4.65894e-05
0.000568992
6.76983e-05
9.70408e-05
0.000564744
2.28496e-17
1.32273e-17
1.76183e-17
-3.40439e-17
1.96512e-17
-2.40693e-17
2.90431e-17
1.19262e-17
3.02492e-17
-3.59955e-17
2.58311e-17
-2.71051e-17
1.60868e-17
-2.29851e-17
2.21855e-17
-3.16587e-17
1.41895e-17
-1.60462e-17
7.27771e-18
1.95156e-17
5.73272e-18
8.10983e-17
1.12215e-17
5.89806e-17
7.86047e-19
5.00901e-17
-3.88958e-18
2.4503e-17
9.75782e-19
1.95156e-18
9.3648e-18
1.4962e-17
1.19127e-17
1.92988e-17
9.6494e-18
3.03577e-17
6.05798e-18
2.36356e-17
2.95445e-18
-9.54098e-18
7.64363e-18
-1.0842e-18
1.42302e-17
4.98733e-18
1.33628e-17
-2.38524e-18
9.78492e-18
7.80626e-18
9.6765e-18
8.67362e-19
7.58942e-18
2.38524e-18
1.11131e-18
3.90313e-18
1.61275e-18
5.63785e-18
-8.53809e-19
9.54098e-18
2.11419e-18
-5.85469e-18
1.49349e-17
1.43115e-17
5.75982e-17
-1.92988e-17
2.44745e-16
5.63785e-18
1.13951e-15
2.64545e-17
4.97494e-15
1.02132e-16
2.06807e-14
5.25838e-16
8.31707e-14
2.17773e-15
3.2405e-13
8.38327e-15
1.22295e-12
3.09793e-14
4.46911e-12
1.10397e-13
1.58027e-11
3.79704e-13
5.4025e-11
1.25941e-12
1.78419e-10
4.02359e-12
5.68679e-10
1.23669e-11
1.74755e-09
3.65173e-11
5.17178e-09
1.03435e-10
1.47221e-08
2.80472e-10
4.02553e-08
7.2708e-10
1.05569e-07
1.79768e-09
2.65063e-07
4.22954e-09
6.35891e-07
9.43035e-09
1.45404e-06
1.98589e-08
3.15926e-06
3.95156e-08
6.49525e-06
6.4254e-08
1.25568e-05
1.35573e-07
2.25548e-05
1.41079e-07
3.65832e-05
1.36407e-07
5.44081e-05
9.75071e-08
7.55935e-05
2.8549e-08
9.92951e-05
-3.41521e-08
0.000124589
-7.12364e-08
0.000150627
-7.02515e-08
0.000176739
-3.10619e-08
0.000202444
3.70186e-08
0.00022742
1.21677e-07
0.000251464
2.08892e-07
0.000274459
2.82501e-07
0.000296324
3.24285e-07
0.000317042
3.42281e-07
0.000336612
3.33931e-07
0.000355052
2.97157e-07
0.000372386
2.38034e-07
0.000388662
1.53224e-07
0.000403905
4.29863e-08
0.000418166
-8.08871e-08
0.000431488
-2.26011e-07
0.00044386
-3.78222e-07
0.000455354
-5.19573e-07
0.000466042
-6.52868e-07
0.000475944
-7.21305e-07
0.000485092
-7.46515e-07
0.000493529
-7.21188e-07
0.000501288
-6.41103e-07
0.000508391
-5.18879e-07
0.000514881
-3.92086e-07
0.000520807
-2.3629e-07
0.000526205
-4.48528e-08
0.000531088
1.24691e-07
0.000535466
3.07009e-07
0.000539375
4.97794e-07
0.000542876
7.0211e-07
0.00054597
7.90374e-07
0.000548685
8.78618e-07
0.00055105
1.0117e-06
0.00055308
1.13697e-06
0.000554803
1.23081e-06
0.000556238
1.29838e-06
0.000557396
1.35006e-06
0.000558304
1.37928e-06
0.000558991
1.37812e-06
0.000559465
1.34589e-06
0.000559737
1.28745e-06
0.000559834
1.21609e-06
0.000559777
1.14554e-06
0.000559578
1.08145e-06
0.000559257
1.03576e-06
0.000558837
1.04176e-06
0.00055833
1.14581e-06
0.000557755
1.39943e-06
0.000557143
1.87391e-06
0.000556523
2.68188e-06
0.000555911
3.98972e-06
0.000555326
6.03379e-06
0.000554785
9.1576e-06
0.000554288
1.3872e-05
0.000553778
2.09316e-05
0.000553114
3.14174e-05
0.000551994
4.68312e-05
0.000549848
6.89939e-05
0.000100304
0.000545748
2.59124e-17
2.38524e-17
1.15061e-17
-1.36609e-17
1.87838e-17
-1.58294e-17
3.51282e-17
-1.79978e-17
2.47334e-17
-2.88398e-17
2.37847e-17
-1.53957e-17
2.64139e-17
-2.64545e-17
2.3473e-17
-1.86483e-17
1.37287e-17
-2.29851e-17
1.13435e-17
2.05998e-17
5.21772e-18
6.09322e-17
1.17094e-17
6.657e-17
-1.43657e-18
2.94903e-17
-4.21484e-18
2.34188e-17
-1.35525e-18
2.10335e-17
1.17636e-17
7.58942e-18
9.1344e-18
3.03577e-17
4.22839e-18
1.97325e-17
8.74138e-18
9.32414e-18
7.48099e-18
-4.33681e-19
3.72694e-18
9.97466e-18
1.51382e-17
-1.58294e-17
2.09658e-17
-2.81893e-18
4.24194e-18
-4.77049e-18
7.5081e-18
-7.15573e-18
1.33492e-17
-2.14672e-17
3.26616e-18
2.90566e-17
7.75205e-18
1.32273e-17
2.19551e-18
1.27936e-17
3.18484e-18
9.32414e-18
9.85269e-18
3.90313e-18
4.66749e-17
-2.55872e-17
2.27317e-16
6.07153e-18
1.07149e-15
1.43115e-17
4.66128e-15
1.00397e-16
1.93666e-14
5.09792e-16
7.79327e-14
2.04654e-15
3.03803e-13
7.89993e-15
1.14736e-12
2.92104e-14
4.19592e-12
1.04134e-13
1.48478e-11
3.58287e-13
5.07998e-11
1.1888e-12
1.679e-10
3.80002e-12
5.35582e-10
1.16857e-11
1.6472e-09
3.45171e-11
4.87901e-09
9.77967e-11
1.3901e-08
2.65381e-10
3.80449e-08
6.88802e-10
9.9866e-08
1.70316e-09
2.50994e-07
4.00625e-09
6.02758e-07
8.97509e-09
1.37977e-06
1.91644e-08
3.00135e-06
4.17027e-08
6.17819e-06
5.93295e-08
1.19611e-05
1.29997e-07
2.15217e-05
1.37362e-07
3.49791e-05
1.27186e-07
5.20986e-05
9.23374e-08
7.24741e-05
2.91721e-08
9.52934e-05
-3.13224e-08
0.000119665
-6.63601e-08
0.000144768
-6.60404e-08
0.000169954
-3.06946e-08
0.000194755
3.16046e-08
0.000218857
1.09458e-07
0.000242061
1.90536e-07
0.000264248
2.60995e-07
0.000285351
2.91672e-07
0.000305361
2.82612e-07
0.000324264
2.72588e-07
0.000342077
2.45571e-07
0.00035883
2.34828e-07
0.000374545
1.42406e-07
0.000389271
3.85349e-08
0.000403037
-7.57498e-08
0.000415872
-2.19875e-07
0.000427867
-3.81359e-07
0.000439024
-5.08717e-07
0.000449364
-6.11718e-07
0.000458929
-6.79206e-07
0.000467768
-7.10126e-07
0.000475924
-6.87519e-07
0.000483425
-6.12734e-07
0.000490306
-5.09542e-07
0.000496613
-3.84136e-07
0.000502358
-2.23513e-07
0.000507564
-2.30737e-08
0.000512266
1.18409e-07
0.000516528
2.68991e-07
0.000520349
4.39437e-07
0.000523735
5.86333e-07
0.000526731
7.12042e-07
0.000529365
8.27533e-07
0.000531649
9.4816e-07
0.000533611
1.05782e-06
0.000535287
1.14464e-06
0.000536688
1.21283e-06
0.000537815
1.26304e-06
0.000538701
1.29025e-06
0.000539374
1.29253e-06
0.000539843
1.26636e-06
0.000540118
1.21187e-06
0.000540225
1.14351e-06
0.00054018
1.07681e-06
0.00054
1.01575e-06
0.000539711
9.7056e-07
0.000539328
9.74286e-07
0.000538858
1.0724e-06
0.000538319
1.31425e-06
0.000537744
1.76806e-06
0.000537162
2.54212e-06
0.000536594
3.79838e-06
0.000536064
5.77131e-06
0.0005356
8.8083e-06
0.000535209
1.34355e-05
0.000534846
2.04516e-05
0.000534377
3.10351e-05
0.000533494
4.68772e-05
0.000531568
7.01076e-05
0.000103516
0.000527558
1.49349e-17
2.55872e-17
1.77809e-17
0
1.80384e-17
2.38524e-18
2.30257e-17
-1.40946e-17
2.03152e-17
-1.82146e-17
2.15214e-17
-8.67362e-18
2.48824e-17
-2.60209e-18
2.48418e-17
-3.62124e-17
1.44877e-17
-2.81893e-17
1.4569e-17
4.33681e-18
1.44877e-17
3.14419e-17
9.22927e-18
5.89806e-17
-3.02221e-18
4.4886e-17
-2.54788e-18
3.31766e-17
-2.35814e-18
4.98733e-17
4.52654e-18
2.40693e-17
5.39391e-18
1.84314e-17
6.23416e-18
1.0842e-18
8.28059e-18
-1.60462e-17
1.58294e-17
4.33681e-19
5.27193e-18
9.32414e-18
6.60008e-18
-7.58942e-18
1.5084e-17
-2.77556e-17
1.29291e-17
-5.42101e-18
8.03665e-18
-2.86229e-17
6.32903e-18
-1.9082e-17
-5.97666e-18
1.51788e-17
7.33192e-18
-8.89046e-18
8.18573e-18
-2.1684e-19
5.70561e-18
4.98733e-18
1.42302e-17
-1.34441e-17
5.05645e-17
-3.01408e-17
2.17437e-16
5.20417e-18
1.00493e-15
1.4962e-17
4.35361e-15
9.75782e-17
1.81253e-14
4.76182e-16
7.29901e-14
1.93205e-15
2.84783e-13
7.41768e-15
1.07637e-12
2.73978e-14
3.93929e-12
9.77157e-14
1.39505e-11
3.36299e-13
4.77676e-11
1.11619e-12
1.58007e-10
3.56921e-12
5.04449e-10
1.09799e-11
1.55278e-09
3.24666e-11
4.60332e-09
9.20259e-11
1.31273e-08
2.49763e-10
3.59614e-08
6.48603e-10
9.44891e-08
1.60665e-09
2.37713e-07
3.79206e-09
5.7148e-07
8.17559e-09
1.30956e-06
2.04859e-08
2.85195e-06
4.03004e-08
5.87863e-06
5.69048e-08
1.13968e-05
1.23026e-07
2.0542e-05
1.37901e-07
3.34544e-05
1.19685e-07
4.99034e-05
8.7333e-08
6.95091e-05
3.08713e-08
9.14913e-05
-2.57595e-08
0.000114989
-5.73571e-08
0.000139207
-5.58e-08
0.000163515
-2.25676e-08
0.000187459
3.56267e-08
0.000210732
1.08225e-07
0.000233141
1.83647e-07
0.000254573
2.4837e-07
0.000274966
2.87702e-07
0.000294284
3.02599e-07
0.000312534
2.93033e-07
0.000329732
2.60288e-07
0.000345903
2.09779e-07
0.000361086
1.36326e-07
0.000375306
4.22707e-08
0.00038861
-6.66466e-08
0.000401041
-1.96056e-07
0.000412593
-3.31882e-07
0.000423336
-4.51828e-07
0.000433299
-5.47914e-07
0.000442537
-6.33149e-07
0.00045108
-6.66788e-07
0.000458957
-6.40325e-07
0.000466197
-5.65383e-07
0.000472828
-4.76448e-07
0.0004789
-3.58527e-07
0.000484432
-2.08629e-07
0.000489465
-3.96982e-08
0.000494029
1.07836e-07
0.000498123
2.63384e-07
0.00050178
4.23188e-07
0.000505044
4.93544e-07
0.000507932
7.43765e-07
0.000510481
8.0281e-07
0.000512689
8.76994e-07
0.000514581
9.74814e-07
0.000516198
1.06066e-06
0.000517549
1.13267e-06
0.000518635
1.18188e-06
0.000519488
1.20763e-06
0.000520135
1.2147e-06
0.000520586
1.19602e-06
0.000520853
1.14727e-06
0.000520958
1.08421e-06
0.000520912
1.02361e-06
0.000520735
9.68226e-07
0.000520454
9.26893e-07
0.000520083
9.30387e-07
0.000519629
1.02023e-06
0.000519114
1.24257e-06
0.000518574
1.66415e-06
0.000518042
2.39152e-06
0.000517534
3.58328e-06
0.000517079
5.4705e-06
0.000516712
8.40017e-06
0.00051645
1.29082e-05
0.000516264
1.98328e-05
0.000516035
3.04509e-05
0.00051545
4.66627e-05
0.000513823
7.09596e-05
0.000106616
0.000509961
2.1291e-17
1.95156e-17
1.55719e-17
2.5804e-17
2.15756e-17
3.27429e-17
2.75658e-17
1.66967e-17
2.6319e-17
5.63785e-18
2.06947e-17
-2.29851e-17
1.77538e-17
-7.58942e-18
2.49773e-17
-1.25767e-17
2.01391e-17
-2.49366e-17
1.01915e-17
1.14925e-17
3.90313e-18
5.22585e-17
3.90313e-18
6.76542e-17
-1.6263e-19
4.2067e-17
9.62229e-19
2.55872e-17
-3.00866e-18
4.27176e-17
9.1073e-18
4.55365e-17
5.63785e-18
2.14672e-17
2.95445e-18
0
-2.71051e-19
-2.5804e-17
1.01102e-17
-6.72205e-18
1.48942e-17
-3.90313e-18
1.40133e-17
4.77049e-18
1.41082e-17
-5.20417e-17
1.00831e-17
-1.14925e-17
8.03665e-18
-2.66714e-17
1.31188e-17
-6.50521e-18
1.68051e-18
6.93889e-18
-1.69407e-18
1.73472e-17
-1.21973e-17
1.19262e-17
4.74338e-18
-5.42101e-18
1.25225e-17
-2.90566e-17
3.22279e-17
-6.28837e-18
2.02936e-16
-1.4962e-17
9.48419e-16
4.77049e-18
4.07453e-15
9.32414e-17
1.69672e-14
4.5775e-16
6.83694e-14
1.80953e-15
2.66916e-13
6.92935e-15
1.00961e-12
2.55406e-14
3.69785e-12
9.11417e-14
1.31058e-11
3.1371e-13
4.49115e-11
1.04174e-12
1.4868e-10
3.33405e-12
4.75061e-10
1.02582e-11
1.46357e-09
3.03254e-11
4.34277e-09
8.60222e-11
1.23956e-08
2.3359e-10
3.39876e-08
6.06699e-10
8.93895e-08
1.5279e-09
2.25118e-07
3.76131e-09
5.41707e-07
6.8703e-09
1.24277e-06
1.91427e-08
2.70976e-06
3.78547e-08
5.59225e-06
5.41629e-08
1.08568e-05
1.15981e-07
1.96031e-05
1.33729e-07
3.19884e-05
1.11436e-07
4.77865e-05
8.20101e-08
6.66405e-05
2.99415e-08
8.78024e-05
-2.40755e-08
0.000110441
-5.39864e-08
0.000133788
-5.28881e-08
0.000157233
-2.3686e-08
0.000180333
2.85154e-08
0.000202792
9.44778e-08
0.000224421
1.63642e-07
0.000245107
2.24199e-07
0.000264787
2.65208e-07
0.000283445
2.9269e-07
0.000301075
2.88056e-07
0.000317692
2.56278e-07
0.00033332
2.00489e-07
0.000347983
1.24267e-07
0.000361723
3.43203e-08
0.00037457
-6.47981e-08
0.000386551
-1.89485e-07
0.000397741
-3.27635e-07
0.00040815
-4.33104e-07
0.00041781
-5.21994e-07
0.000426739
-5.91676e-07
0.000434992
-6.22822e-07
0.000442609
-5.98423e-07
0.000449612
-5.33472e-07
0.000456042
-4.50264e-07
0.000461924
-3.39996e-07
0.000467286
-1.97158e-07
0.000472146
-2.37663e-08
0.000476542
9.91e-08
0.000480525
2.30044e-07
0.000484091
3.80296e-07
0.000487251
5.04003e-07
0.000490062
6.14079e-07
0.000492527
7.11346e-07
0.000494659
8.05782e-07
0.000496493
8.93491e-07
0.000498064
9.75838e-07
0.000499376
1.04635e-06
0.000500435
1.09111e-06
0.00050127
1.11499e-06
0.000501902
1.12547e-06
0.000502345
1.11171e-06
0.000502616
1.067e-06
0.000502729
1.00735e-06
0.000502694
9.49646e-07
0.000502533
8.97013e-07
0.000502279
8.58039e-07
0.000501942
8.60383e-07
0.000501522
9.42325e-07
0.000501039
1.1495e-06
0.000500532
1.54732e-06
0.000500031
2.23569e-06
0.000499559
3.36404e-06
0.00049915
5.1574e-06
0.000498846
7.96219e-06
0.000498677
1.23224e-05
0.000498631
1.91111e-05
0.000498603
2.97034e-05
0.000498278
4.62244e-05
0.000496906
7.15888e-05
0.000109659
0.000493135
1.82553e-17
1.92988e-17
1.57616e-17
4.87891e-17
1.77945e-17
4.74881e-17
2.44623e-17
2.36356e-17
3.05338e-17
1.34441e-17
1.99358e-17
-2.97071e-17
1.76183e-17
-1.38778e-17
2.14265e-17
-3.03577e-18
1.96647e-17
-1.60462e-17
1.87703e-17
1.69136e-17
1.07878e-17
6.78711e-17
9.50032e-18
5.81132e-17
-3.33392e-18
3.16587e-17
-7.92823e-18
2.23346e-17
-6.38324e-18
1.10589e-17
4.48589e-18
3.14419e-17
1.41082e-17
1.34441e-17
4.17418e-18
2.38524e-18
-2.08709e-18
-2.60209e-18
6.7085e-18
-6.72205e-18
9.9069e-18
-8.67362e-18
1.12079e-17
-1.45283e-17
9.50032e-18
-3.88144e-17
5.6514e-18
-2.12504e-17
-3.41524e-18
-1.95156e-17
1.27123e-17
-2.10335e-17
3.56431e-18
-8.45678e-18
-4.45878e-18
3.16587e-17
1.30104e-18
2.1684e-18
8.95822e-18
-1.30104e-18
9.97466e-18
-1.12757e-17
2.94767e-17
-1.53957e-17
1.85629e-16
-2.92735e-17
8.73908e-16
8.89046e-18
3.80163e-15
8.95551e-17
1.58748e-14
4.30645e-16
6.40353e-14
1.68377e-15
2.50193e-13
6.43235e-15
9.47099e-13
2.36751e-14
3.47167e-12
8.45068e-14
1.23141e-11
2.9101e-13
4.2233e-11
9.66587e-13
1.39934e-10
3.09376e-12
4.47513e-10
9.5184e-12
1.3799e-09
2.82125e-11
4.09805e-09
7.98689e-11
1.17079e-08
2.19708e-10
3.21347e-08
5.35536e-10
8.45937e-08
1.59899e-09
2.1324e-07
3.7549e-09
5.13733e-07
6.43492e-09
1.17992e-06
1.77846e-08
2.5757e-06
3.50825e-08
5.32252e-06
5.19658e-08
1.03475e-05
1.06892e-07
1.87152e-05
1.30079e-07
3.06013e-05
1.03483e-07
4.57835e-05
7.91609e-08
6.39276e-05
3.12425e-08
8.43152e-05
-1.81485e-08
0.000106144
-4.45463e-08
0.000128669
-4.186e-08
0.000151296
-1.4498e-08
0.000173597
3.35582e-08
0.000195282
9.43299e-08
0.000216167
1.57976e-07
0.000236145
2.13252e-07
0.000255158
2.49209e-07
0.000273172
2.60179e-07
0.000290192
2.4979e-07
0.000306233
2.22827e-07
0.000321317
1.81715e-07
0.000335479
1.18481e-07
0.000348744
3.77588e-08
0.000361155
-5.56989e-08
0.000372753
-1.66132e-07
0.000383537
-2.81691e-07
0.000393569
-3.82353e-07
0.000402874
-4.67988e-07
0.000411491
-5.39929e-07
0.000419462
-5.72722e-07
0.000426814
-5.53623e-07
0.000433572
-4.96313e-07
0.00043977
-4.16091e-07
0.000445441
-3.12625e-07
0.000450605
-1.81769e-07
0.000455301
-3.69426e-08
0.000459563
8.95981e-08
0.000463391
2.24116e-07
0.000466814
3.56577e-07
0.000469854
4.74417e-07
0.000472566
6.14297e-07
0.000474946
5.73369e-07
0.000477001
6.58583e-07
0.000478778
8.01125e-07
0.000480293
8.93164e-07
0.000481554
9.63525e-07
0.000482575
1.00522e-06
0.000483381
1.02995e-06
0.000483989
1.04417e-06
0.000484413
1.03483e-06
0.000484675
9.95984e-07
0.000484786
9.42692e-07
0.00048475
8.89613e-07
0.000484592
8.41084e-07
0.000484344
8.06897e-07
0.000484016
8.10595e-07
0.000483608
8.84413e-07
0.000483144
1.07109e-06
0.000482666
1.43508e-06
0.000482205
2.07278e-06
0.000481784
3.12644e-06
0.000481439
4.81331e-06
0.000481218
7.47415e-06
0.000481164
1.16544e-05
0.000481287
1.82533e-05
0.000481507
2.87441e-05
0.000481512
4.54886e-05
0.000480492
7.18985e-05
0.000112572
0.00047688
1.85399e-17
1.71304e-17
1.62901e-17
6.70037e-17
1.4569e-17
6.57027e-17
1.71711e-17
9.97466e-18
1.96783e-17
7.15573e-18
2.00306e-17
-2.86229e-17
2.21855e-17
-3.23092e-17
1.56125e-17
1.4962e-17
1.98545e-17
7.80626e-18
1.66154e-17
1.40946e-17
4.05221e-18
6.07153e-17
8.97177e-18
4.27176e-17
-1.00289e-18
2.47198e-17
5.42101e-20
3.36103e-17
2.60209e-18
8.67362e-19
7.04731e-19
2.40693e-17
-1.77538e-18
3.25261e-18
7.53521e-18
-9.32414e-18
8.80914e-18
-7.15573e-18
6.36969e-18
-1.27936e-17
9.3919e-18
-9.97466e-18
8.19928e-18
-1.53957e-17
1.39862e-17
-3.81639e-17
1.31053e-17
-2.84061e-17
9.03954e-18
-1.23599e-17
9.09375e-18
-2.92735e-17
8.74138e-18
-8.67362e-18
4.11997e-18
1.64799e-17
-5.23128e-18
-5.42101e-18
3.49655e-18
-1.25767e-17
6.22061e-18
-2.21177e-17
3.65512e-17
-2.29851e-17
1.80167e-16
-3.31766e-17
8.16445e-16
9.54098e-18
3.56337e-15
8.04478e-17
1.48651e-14
3.91397e-16
5.99683e-14
1.55887e-15
2.34472e-13
5.92104e-15
8.88281e-13
2.17946e-14
3.2587e-12
7.77789e-14
1.15684e-11
2.6773e-13
3.97088e-11
8.9075e-13
1.31676e-10
2.85259e-12
4.21449e-10
8.83142e-12
1.30071e-09
2.64613e-11
3.86661e-09
7.07252e-11
1.10565e-08
2.22853e-10
3.03715e-08
4.50994e-10
8.00364e-08
1.47439e-09
2.01973e-07
3.4663e-09
4.87081e-07
6.00849e-09
1.11989e-06
1.63403e-08
2.44757e-06
3.23877e-08
5.06392e-06
4.90174e-08
9.85831e-06
9.87643e-08
1.7862e-05
1.21177e-07
2.92618e-05
9.36307e-08
4.3842e-05
7.38895e-08
6.12891e-05
2.83812e-08
8.09139e-05
-1.75809e-08
0.000101943
-4.2786e-08
0.000123657
-4.10583e-08
0.00014548
-1.7428e-08
0.000166996
2.49429e-08
0.000187924
7.93127e-08
0.000208085
1.36856e-07
0.000227372
1.87604e-07
0.000245725
2.22261e-07
0.000263121
2.26851e-07
0.000279566
2.06194e-07
0.000295067
1.85679e-07
0.000309644
1.64727e-07
0.000323325
1.04563e-07
0.000336145
2.91601e-08
0.000348133
-5.38575e-08
0.000359317
-1.57621e-07
0.000369759
-2.71728e-07
0.00037947
-3.59284e-07
0.000388481
-4.3579e-07
0.000396824
-4.96881e-07
0.000404535
-5.23613e-07
0.000411642
-5.06177e-07
0.000418176
-4.59335e-07
0.000424178
-3.88734e-07
0.000429672
-2.90776e-07
0.000434676
-1.69445e-07
0.000439214
-3.06789e-08
0.000443324
7.9273e-08
0.000447044
1.95244e-07
0.000450369
3.20079e-07
0.000453332
4.27224e-07
0.000455949
5.17738e-07
0.000458255
5.96281e-07
0.000460258
6.68945e-07
0.000461973
7.39187e-07
0.00046344
8.11777e-07
0.000464665
8.74683e-07
0.000465662
9.15428e-07
0.00046645
9.39928e-07
0.000467042
9.53023e-07
0.000467457
9.45313e-07
0.000467722
9.12697e-07
0.00046784
8.64954e-07
0.000467814
8.13276e-07
0.00046767
7.66073e-07
0.000467445
7.35572e-07
0.000467144
7.39822e-07
0.000466768
8.04935e-07
0.000466336
9.73948e-07
0.000465886
1.31156e-06
0.000465451
1.9066e-06
0.000465058
2.88849e-06
0.000464748
4.46342e-06
0.000464579
6.96499e-06
0.000464605
1.09372e-05
0.000464857
1.72987e-05
0.000465283
2.76121e-05
0.000465583
4.44909e-05
0.000464879
7.19208e-05
0.000115409
0.000461373
1.94275e-17
2.47198e-17
2.26192e-17
5.46438e-17
1.77674e-17
7.93636e-17
1.38642e-17
2.60209e-17
2.14943e-17
3.68629e-18
1.91226e-17
4.33681e-19
1.47994e-17
1.27936e-17
2.25582e-17
1.82146e-17
1.89871e-17
3.20924e-17
1.35458e-17
2.90566e-17
9.79848e-18
3.90313e-17
1.42302e-19
1.34441e-17
-5.57009e-18
1.75641e-17
1.49755e-18
2.81893e-17
7.04731e-19
-4.11997e-18
2.46656e-18
1.12757e-17
4.87891e-18
9.54098e-18
3.80148e-18
-6.72205e-18
2.60209e-18
-1.23599e-17
2.57498e-18
-2.38524e-17
7.96889e-18
-1.71304e-17
1.30985e-17
-1.19262e-17
4.20128e-18
-4.83554e-17
6.01732e-18
-4.59702e-17
1.42166e-17
-2.12504e-17
1.20143e-17
-2.38524e-18
3.26616e-18
4.77049e-18
-6.66784e-18
1.06252e-17
-2.6834e-18
-1.19262e-17
5.61075e-18
-1.95156e-18
9.43256e-18
-1.58294e-17
4.29141e-17
-2.19009e-17
1.61702e-16
-1.66967e-17
7.56394e-16
7.80626e-18
3.32286e-15
7.04731e-17
1.39029e-14
3.58437e-16
5.61722e-14
1.41597e-15
2.19812e-13
5.41906e-15
8.33436e-13
1.99198e-14
3.05998e-12
7.11605e-14
1.08717e-11
2.45398e-13
3.73494e-11
8.05795e-13
1.23972e-10
2.51335e-12
3.97157e-10
8.80983e-12
1.22674e-09
2.70113e-11
3.64964e-09
5.87222e-11
1.0446e-08
2.08776e-10
2.87263e-08
4.16836e-10
7.57773e-08
1.34344e-09
1.91415e-07
3.14622e-09
4.62113e-07
5.652e-09
1.06371e-06
1.46757e-08
2.32749e-06
2.88201e-08
4.82153e-06
4.86176e-08
9.39927e-06
8.57835e-08
1.706e-05
1.13373e-07
2.80029e-05
8.4854e-08
4.20176e-05
7.09861e-08
5.88109e-05
2.92797e-08
7.77199e-05
-1.04328e-08
9.79978e-05
-3.20581e-08
0.000118947
-2.93616e-08
0.000140009
-7.34926e-09
0.000160779
3.11967e-08
0.000180983
8.04345e-08
0.000200448
1.32458e-07
0.000219069
1.78166e-07
0.000236792
2.08601e-07
0.000253593
2.16853e-07
0.000269465
2.07943e-07
0.000284424
1.86976e-07
0.000298494
1.52622e-07
0.000311703
9.87443e-08
0.000324078
3.20415e-08
0.000335655
-4.4343e-08
0.000346474
-1.34932e-07
0.00035654
-2.29973e-07
0.000365903
-3.13882e-07
0.000374591
-3.8634e-07
0.000382637
-4.44138e-07
0.000390078
-4.70063e-07
0.000396937
-4.59156e-07
0.000403243
-4.21162e-07
0.000409032
-3.55157e-07
0.000414331
-2.62104e-07
0.000419152
-1.53281e-07
0.000423534
-3.93177e-08
0.000427514
7.10309e-08
0.000431088
1.88102e-07
0.000434288
2.94181e-07
0.000437142
3.8684e-07
0.000439666
4.72289e-07
0.000441889
5.76434e-07
0.00044382
6.69763e-07
0.000445479
7.49508e-07
0.000446889
7.98651e-07
0.000448071
7.92367e-07
0.000449034
8.32216e-07
0.000449794
8.55438e-07
0.000450363
8.68182e-07
0.000450763
8.62066e-07
0.000451018
8.37142e-07
0.000451132
7.96579e-07
0.000451106
7.47081e-07
0.000450966
7.01898e-07
0.000450745
6.76511e-07
0.000450451
6.84297e-07
0.000450084
7.42412e-07
0.000449666
8.92084e-07
0.000449239
1.19571e-06
0.000448835
1.73735e-06
0.000448484
2.63739e-06
0.000448227
4.09e-06
0.000448126
6.41608e-06
0.00044825
1.01495e-05
0.00044866
1.62166e-05
0.000449337
2.62601e-05
0.000450011
4.31492e-05
0.000449743
7.15353e-05
0.000118075
0.000446433
1.95902e-17
2.12504e-17
2.02678e-17
7.56773e-17
1.50772e-17
1.00831e-16
1.61072e-17
5.39933e-17
2.12436e-17
2.38524e-17
2.12775e-17
-9.97466e-18
1.79639e-17
1.97325e-17
2.09658e-17
2.75387e-17
1.87499e-17
2.84061e-17
1.45622e-17
3.51282e-17
9.33091e-18
4.29344e-17
1.94479e-18
1.71304e-17
2.37169e-19
3.25261e-18
3.21195e-18
1.40946e-17
-3.75405e-18
1.12757e-17
-2.07354e-18
9.54098e-18
3.70662e-18
9.75782e-18
5.96311e-18
1.95156e-18
3.00866e-18
-1.23599e-17
5.67173e-18
-2.90566e-17
5.31259e-18
-7.15573e-18
1.01712e-17
-2.19009e-17
1.4962e-17
-5.33427e-17
1.09911e-17
-3.9465e-17
8.75493e-18
-1.34441e-17
3.19162e-18
-6.50521e-19
-2.04643e-18
1.25767e-17
4.11997e-18
-2.81893e-18
3.63885e-18
-1.32273e-17
-1.32137e-18
1.04083e-17
8.36869e-18
-1.64799e-17
3.18891e-17
-2.23346e-17
1.51626e-16
-2.32019e-17
7.12829e-16
4.11997e-18
3.10646e-15
6.48353e-17
1.30109e-14
3.18539e-16
5.25914e-14
1.2863e-15
2.05985e-13
4.90103e-15
7.81636e-13
1.80359e-14
2.87232e-12
6.53997e-14
1.02143e-11
2.31233e-13
3.51199e-11
6.65676e-13
1.16652e-10
2.0489e-12
3.74012e-10
8.2832e-12
1.15641e-09
2.45336e-11
3.4439e-09
5.33509e-11
9.86686e-09
1.88617e-10
2.71577e-08
3.82174e-10
7.17073e-08
1.2085e-09
1.81321e-07
2.83713e-09
4.38202e-07
5.21278e-09
1.00975e-06
1.31952e-08
2.21194e-06
2.5904e-08
4.58785e-06
4.51852e-08
8.95644e-06
7.88684e-08
1.62824e-05
1.03963e-07
2.67778e-05
7.43279e-08
4.02354e-05
6.5074e-08
5.63824e-05
2.42538e-08
7.45823e-05
-1.16653e-08
9.41168e-05
-3.20416e-08
0.000114311
-3.08506e-08
0.000134626
-1.23653e-08
0.000154667
2.10614e-08
0.000174168
6.44151e-08
0.00019296
1.10751e-07
0.000210941
1.52048e-07
0.000228057
1.80597e-07
0.00024428
1.90801e-07
0.000259618
1.89286e-07
0.000274076
1.72292e-07
0.000287673
1.3304e-07
0.000300437
8.36305e-08
0.000312398
2.44439e-08
0.000323584
-4.22039e-08
0.000334023
-1.2589e-07
0.000343766
-2.17029e-07
0.000352827
-2.89156e-07
0.000361235
-3.52645e-07
0.000369024
-4.00775e-07
0.000376224
-4.22838e-07
0.000382857
-4.15997e-07
0.000388956
-3.84014e-07
0.000394559
-3.22459e-07
0.000399687
-2.3578e-07
0.000404355
-1.41021e-07
0.000408595
-3.92355e-08
0.000412437
6.15557e-08
0.000415908
1.63076e-07
0.000419012
2.60949e-07
0.000421779
3.45139e-07
0.000424233
4.20234e-07
0.000426382
4.82986e-07
0.000428253
5.42363e-07
0.000429867
5.91655e-07
0.000431237
6.4822e-07
0.000432376
7.01433e-07
0.000433313
7.41344e-07
0.000434056
7.69729e-07
0.000434612
7.76839e-07
0.000435004
7.71985e-07
0.000435257
7.53224e-07
0.000435376
7.17967e-07
0.00043536
6.69381e-07
0.000435234
6.25739e-07
0.00043503
6.04738e-07
0.000434757
6.11641e-07
0.000434419
6.61454e-07
0.000434033
7.943e-07
0.000433632
1.07082e-06
0.000433248
1.56686e-06
0.000432918
2.38886e-06
0.000432689
3.71625e-06
0.000432628
5.85484e-06
0.000432818
9.32373e-06
0.000433343
1.50468e-05
0.00043423
2.47282e-05
0.000435245
4.14961e-05
0.000435395
7.07583e-05
0.000120612
0.00043224
2.28292e-17
2.34188e-17
1.35458e-17
7.93636e-17
1.51111e-17
8.19657e-17
1.87364e-17
2.36356e-17
1.66899e-17
1.58294e-17
1.93259e-17
1.04083e-17
1.79029e-17
2.90566e-17
1.76522e-17
2.47198e-17
1.82146e-17
1.0842e-17
1.97867e-17
2.92735e-17
1.04558e-17
3.38271e-17
3.23905e-18
-8.23994e-18
-1.49078e-18
-1.88651e-17
-7.09475e-18
-3.46945e-18
-1.78216e-18
6.72205e-18
7.86047e-18
-5.20417e-18
5.71239e-18
-1.32273e-17
6.07831e-18
-2.5804e-17
-5.14996e-19
-1.4962e-17
5.75305e-18
-2.9924e-17
9.10052e-18
-9.1073e-18
9.11407e-18
-1.60462e-17
4.66885e-18
-4.81386e-17
1.82959e-18
-4.77049e-17
8.87691e-18
-3.14419e-17
1.43182e-17
5.42101e-18
5.482e-18
8.45678e-18
-4.46556e-18
3.68629e-18
-4.15385e-18
-1.69136e-17
7.27093e-18
-6.93889e-18
7.66395e-18
-1.43115e-17
2.30325e-17
-2.19009e-17
1.47357e-16
-3.68629e-17
6.71704e-16
-1.0842e-18
2.91137e-15
5.89806e-17
1.21802e-14
2.83194e-16
4.92825e-14
1.15988e-15
1.93188e-13
4.39861e-15
7.33702e-13
1.53861e-14
2.69823e-12
6.54305e-14
9.60222e-12
2.25554e-13
3.30446e-11
5.77837e-13
1.09875e-10
1.85595e-12
3.52642e-10
7.37686e-12
1.09131e-09
2.1831e-11
3.2529e-09
4.92253e-11
9.32819e-09
1.65973e-10
2.57012e-08
3.57853e-10
6.79318e-08
1.04441e-09
1.7195e-07
2.41782e-09
4.15983e-07
5.1964e-09
9.59605e-07
1.11073e-08
2.10454e-06
2.23252e-08
4.37067e-06
4.20131e-08
8.54452e-06
7.25255e-08
1.55598e-05
9.44596e-08
2.5638e-05
6.62207e-08
3.85772e-05
6.3893e-08
5.41225e-05
2.61916e-08
7.16602e-05
-3.74065e-09
9.04975e-05
-2.01957e-08
0.00010998
-1.81609e-08
0.000129585
-1.27689e-09
0.000148928
2.84263e-08
0.000167751
6.66992e-08
0.00018589
1.0753e-07
0.000203247
1.43787e-07
0.000219769
1.68347e-07
0.000235434
1.76105e-07
0.000250235
1.69135e-07
0.000264186
1.51203e-07
0.000277308
1.21841e-07
0.000289628
7.86883e-08
0.000301172
2.66682e-08
0.000311972
-3.37127e-08
0.000322065
-1.0577e-07
0.000331457
-1.80554e-07
0.000340196
-2.49059e-07
0.000348305
-3.0832e-07
0.000355819
-3.51622e-07
0.000362766
-3.7241e-07
0.000369166
-3.70862e-07
0.000375052
-3.44398e-07
0.000380458
-2.86946e-07
0.000385403
-2.0785e-07
0.000389905
-1.26909e-07
0.000393998
-4.10157e-08
0.000397713
5.53415e-08
0.000401049
1.52147e-07
0.00040404
2.3312e-07
0.000406712
3.05077e-07
0.000409077
3.73047e-07
0.00041115
4.2887e-07
0.000412954
4.80086e-07
0.00041451
4.86367e-07
0.000415828
5.13526e-07
0.000416929
5.47792e-07
0.000417832
5.77662e-07
0.000418548
7.56151e-07
0.000419086
6.99418e-07
0.000419464
6.9414e-07
0.000419707
6.81791e-07
0.00041982
6.52798e-07
0.000419806
6.08109e-07
0.000419685
5.70963e-07
0.000419485
5.57894e-07
0.000419218
5.36391e-07
0.000418886
5.88311e-07
0.00041851
7.13432e-07
0.000418125
9.55999e-07
0.000417766
1.39686e-06
0.000417468
2.13211e-06
0.00041728
3.32637e-06
0.000417273
5.26519e-06
0.000417542
8.4429e-06
0.000418206
1.37646e-05
0.000419343
2.29739e-05
0.000420785
3.94427e-05
0.000421507
6.94342e-05
0.000122884
0.00041864
1.83908e-17
4.09828e-17
2.0959e-17
6.87384e-17
1.39117e-17
6.50521e-17
1.34848e-17
2.14672e-17
1.44809e-17
1.73472e-18
1.39659e-17
5.42101e-18
1.70152e-17
7.37257e-18
2.20229e-17
3.98986e-17
1.3146e-17
-2.81893e-18
1.17704e-17
3.31766e-17
7.54876e-18
9.97466e-18
3.17807e-18
8.67362e-19
-9.14796e-19
1.23599e-17
-4.80437e-18
-7.15573e-18
-2.74439e-18
-6.50521e-18
3.13741e-18
8.67362e-19
3.40846e-18
1.73472e-18
2.90702e-18
-1.79978e-17
-6.11897e-18
-1.10589e-17
-1.16552e-18
-1.56125e-17
6.17318e-18
-2.53703e-17
1.05574e-17
-6.93889e-18
9.17506e-18
-2.9924e-17
1.46096e-17
-3.98986e-17
1.50907e-17
-3.20924e-17
6.09864e-18
7.80626e-18
6.39002e-18
-1.0842e-18
7.04731e-19
-1.19262e-17
-4.28937e-18
-1.06252e-17
-2.1413e-18
-5.42101e-18
6.84403e-18
-3.16587e-17
3.07642e-17
-2.5804e-17
1.31541e-16
-3.33934e-17
6.183e-16
-7.58942e-18
2.71908e-15
4.55365e-17
1.13879e-14
2.50668e-16
4.61294e-14
1.02587e-15
1.81002e-13
3.84653e-15
6.87973e-13
1.24278e-14
2.5325e-12
5.78825e-14
9.02136e-12
1.98839e-13
3.10743e-11
5.1427e-13
1.03407e-10
1.65993e-12
3.32155e-10
6.47859e-12
1.02885e-09
1.91418e-11
3.0697e-09
4.41009e-11
8.81138e-09
1.4526e-10
2.43e-08
3.22591e-10
6.42886e-08
9.1209e-10
1.6289e-07
2.11485e-09
3.9449e-07
4.63132e-09
9.11039e-07
9.85567e-09
2.00034e-06
1.98207e-08
4.15932e-06
3.74616e-08
8.14195e-06
6.49767e-08
1.48499e-05
8.43408e-08
2.45151e-05
5.55085e-08
3.69385e-05
5.6578e-08
5.18848e-05
1.95956e-08
6.87644e-05
-7.53215e-09
8.69113e-05
-2.27472e-08
0.000105694
-2.2053e-08
0.000124604
-8.30831e-09
0.000143271
1.68841e-08
0.000161443
4.99656e-08
0.00017896
8.57141e-08
0.000195724
1.1786e-07
0.000211683
1.40303e-07
0.000226815
1.4932e-07
0.000241118
1.4664e-07
0.000254603
1.21033e-07
0.000267286
1.01303e-07
0.000279194
6.50098e-08
0.000290352
2.01276e-08
0.000300789
-3.21705e-08
0.000310532
-9.74423e-08
0.000319622
-1.66275e-07
0.000328076
-2.23568e-07
0.000335923
-2.74428e-07
0.000343192
-3.09621e-07
0.000349911
-3.26612e-07
0.000356103
-3.27483e-07
0.000361797
-3.0515e-07
0.000367025
-2.52451e-07
0.000371809
-1.82407e-07
0.000376166
-1.1436e-07
0.000380128
-4.02663e-08
0.000383719
4.81446e-08
0.000386952
1.32652e-07
0.000389851
2.01566e-07
0.00039244
2.65297e-07
0.000394731
3.26072e-07
0.000396741
3.74812e-07
0.000398496
4.1724e-07
0.0004
4.54764e-07
0.000401276
4.97079e-07
0.000402344
5.39121e-07
0.000403223
5.74776e-07
0.000403923
5.97255e-07
0.000404444
6.02817e-07
0.000404815
6.01117e-07
0.000405054
5.91513e-07
0.000405169
5.66506e-07
0.000405164
5.24545e-07
0.000405056
4.85451e-07
0.000404869
4.70988e-07
0.000404616
4.80788e-07
0.000404311
5.18347e-07
0.000403965
6.16043e-07
0.000403605
8.32915e-07
0.000403262
1.22681e-06
0.00040298
1.8801e-06
0.000402813
2.94065e-06
0.000402835
4.67164e-06
0.000403154
7.53665e-06
0.000403919
1.24079e-05
0.000405264
2.10377e-05
0.000407106
3.70158e-05
0.000408411
6.75503e-05
0.000124888
0.000405835
2.58853e-17
4.29344e-17
2.04711e-17
8.30499e-17
6.97955e-18
4.31512e-17
8.4229e-18
1.64799e-17
1.81197e-17
-3.25261e-18
1.60665e-17
1.27936e-17
1.49078e-17
3.05745e-17
2.51332e-17
3.1225e-17
2.04914e-17
-1.40946e-17
1.01915e-17
1.51788e-17
3.85569e-18
-7.80626e-18
2.75794e-18
-1.43115e-17
1.17907e-18
1.58294e-17
-2.1413e-18
-4.11997e-18
-5.0822e-19
-5.85469e-18
2.51399e-18
-6.50521e-19
2.39202e-18
-2.1684e-19
8.03665e-18
-2.88398e-17
4.75016e-18
-9.1073e-18
5.52265e-18
-2.27682e-17
3.40846e-18
-2.36356e-17
7.7656e-18
-3.46945e-18
5.20417e-18
-4.03323e-17
3.97767e-18
-3.42608e-17
1.39523e-17
-3.05745e-17
1.10521e-17
-1.17094e-17
-3.32037e-18
1.86483e-17
-7.13541e-18
-1.06252e-17
4.20128e-18
-3.1225e-17
1.16823e-17
-1.45283e-17
9.5071e-18
-1.86483e-17
3.17129e-17
-2.92735e-17
1.25666e-16
-2.94903e-17
5.78266e-16
-2.60209e-18
2.54388e-15
3.57787e-17
1.06786e-14
2.13154e-16
4.32679e-14
9.04658e-16
1.69861e-13
2.97852e-15
6.4627e-13
1.11413e-14
2.38103e-12
4.93928e-14
8.489e-12
1.68148e-13
2.92661e-11
4.7732e-13
9.74847e-11
1.55586e-12
3.13439e-10
5.30633e-12
9.7177e-10
1.54088e-11
2.90198e-09
4.29969e-11
8.3376e-09
1.1766e-10
2.30155e-08
3.06262e-10
6.09513e-08
7.64e-10
1.54594e-07
1.81452e-09
3.74803e-07
4.09415e-09
8.66513e-07
8.71271e-09
1.90477e-06
1.75762e-08
3.96551e-06
3.33152e-08
7.77345e-06
5.80781e-08
1.42015e-05
7.49093e-08
2.34865e-05
4.97514e-08
3.54349e-05
5.59802e-08
4.98269e-05
2.33836e-08
6.60935e-05
1.67772e-09
8.35922e-05
-9.81152e-09
0.00010171
-8.34365e-09
0.000119957
3.71167e-09
0.00013797
2.51642e-08
0.000155506
5.3209e-08
0.000172409
8.34546e-08
0.000188587
1.10492e-07
0.000203988
1.2897e-07
0.000218593
1.35247e-07
0.000232396
1.29327e-07
0.000245406
1.14383e-07
0.000257644
9.21923e-08
0.000269135
6.08096e-08
0.000279903
2.15414e-08
0.000289978
-2.53398e-08
0.000299391
-8.00315e-08
0.000308155
-1.35031e-07
0.00031631
-1.88061e-07
0.00032388
-2.34253e-07
0.000330894
-2.64752e-07
0.000337377
-2.7965e-07
0.000343352
-2.82831e-07
0.000348848
-2.64707e-07
0.000353893
-2.18115e-07
0.000358507
-1.57775e-07
0.000362712
-1.0034e-07
0.000366537
-3.60252e-08
0.00037
4.28097e-08
0.000373117
1.15447e-07
0.000375914
1.7285e-07
0.000378411
2.28143e-07
0.000380621
2.81383e-07
0.000382561
3.2281e-07
0.000384251
3.58271e-07
0.000385704
3.91816e-07
0.000386936
4.28579e-07
0.000387964
4.69964e-07
0.000388814
5.19479e-07
0.000389485
4.73578e-07
0.000389991
4.74901e-07
0.000390351
4.7057e-07
0.000390581
4.64358e-07
0.000390691
4.49477e-07
0.000390688
4.26277e-07
0.000390585
4.0804e-07
0.000390402
4.02308e-07
0.000390155
4.3173e-07
0.000389857
4.76837e-07
0.000389516
4.95585e-07
0.000389167
7.17626e-07
0.000388842
1.05986e-06
0.000388584
1.62461e-06
0.000388447
2.54648e-06
0.000388507
4.06214e-06
0.000388885
6.59421e-06
0.000389761
1.09623e-05
0.000391344
1.88877e-05
0.000393671
3.41275e-05
0.000395767
6.48971e-05
0.000126384
0.00039372
2.45504e-17
2.08167e-17
2.02678e-17
7.63278e-17
7.06087e-18
4.81386e-17
5.44134e-18
2.86229e-17
1.37423e-17
-1.9082e-17
1.81604e-17
-1.82146e-17
2.22532e-17
4.77049e-18
1.56328e-17
1.17094e-17
1.83772e-17
2.1684e-18
1.6717e-17
6.93889e-18
3.7405e-18
-5.20417e-18
1.26039e-18
-2.94903e-17
1.03677e-18
1.38778e-17
-1.94479e-18
-9.97466e-18
-8.10441e-18
-1.04083e-17
2.88669e-18
1.51788e-17
3.93023e-18
8.67362e-19
3.25261e-19
8.67362e-19
2.01933e-18
-4.33681e-18
2.94767e-18
-2.64545e-17
6.07153e-18
-2.73219e-17
1.38304e-17
-6.93889e-18
1.13096e-17
-1.21431e-17
7.02021e-18
-9.54098e-18
1.3024e-17
-1.73472e-17
1.16416e-17
-2.1684e-17
4.75016e-18
2.68882e-17
2.86636e-18
4.77049e-18
-4.32326e-18
-1.43115e-17
5.55654e-19
-1.04083e-17
1.21566e-17
-2.21177e-17
2.04575e-17
-1.30104e-17
1.15413e-16
-3.51282e-17
5.54264e-16
-2.73219e-17
2.37986e-15
3.9465e-17
9.97639e-15
1.85615e-16
4.04841e-14
7.67181e-16
1.59121e-13
2.52706e-15
6.0591e-13
9.61687e-15
2.2343e-12
4.15696e-14
7.97317e-12
1.41845e-13
2.75127e-11
4.65109e-13
9.17225e-11
1.47515e-12
2.95166e-10
4.48926e-12
9.15979e-10
1.28087e-11
2.73813e-09
3.67497e-11
7.87476e-09
1.00083e-10
2.17598e-08
2.61259e-10
5.76839e-08
6.50064e-10
1.46456e-07
1.54286e-09
3.55436e-07
3.48585e-09
8.22624e-07
7.41505e-09
1.81032e-06
1.49655e-08
3.77333e-06
2.84311e-08
7.40607e-06
4.98778e-08
1.35505e-05
6.41326e-08
2.24538e-05
3.91259e-08
3.39254e-05
4.52473e-08
4.77628e-05
1.4846e-08
6.34198e-05
-4.56112e-09
8.02791e-05
-1.51216e-08
9.77491e-05
-1.47372e-08
0.000115353
-5.24005e-09
0.000132741
1.25013e-08
0.000149675
3.61911e-08
0.000166001
6.20386e-08
0.00018163
8.53869e-08
0.000196512
1.01803e-07
0.000210623
1.08551e-07
0.000223962
1.05524e-07
0.000236538
9.40696e-08
0.00024837
7.5369e-08
0.000259477
4.91558e-08
0.000269886
1.5604e-08
0.000279623
-2.40189e-08
0.000288715
-7.12793e-08
0.000297194
-1.19549e-07
0.000305082
-1.62219e-07
0.000312404
-2.00396e-07
0.000319187
-2.24452e-07
0.000325457
-2.35678e-07
0.000331236
-2.39374e-07
0.000336551
-2.24759e-07
0.000341429
-1.84691e-07
0.000345891
-1.34745e-07
0.000349959
-8.69725e-08
0.00035366
-3.3299e-08
0.000357014
3.57087e-08
0.000360029
9.94051e-08
0.000362737
1.44354e-07
0.000365155
1.91693e-07
0.000367294
2.37447e-07
0.000369174
2.71325e-07
0.000370813
2.99908e-07
0.000372222
3.29213e-07
0.000373416
3.60053e-07
0.000374417
3.89998e-07
0.000375233
4.17006e-07
0.000375884
4.32693e-07
0.000376379
4.37144e-07
0.000376731
4.35175e-07
0.000376954
4.30636e-07
0.000377063
4.13119e-07
0.000377068
3.80674e-07
0.000376977
3.49984e-07
0.000376804
3.39941e-07
0.000376568
3.50365e-07
0.000376288
3.78654e-07
0.000375979
4.46774e-07
0.000375653
6.0327e-07
0.000375343
8.93801e-07
0.000375097
1.37524e-06
0.000374974
2.16023e-06
0.000375053
3.45651e-06
0.000375465
5.63983e-06
0.000376421
9.46055e-06
0.0003782
1.65646e-05
0.000380997
3.07924e-05
0.000383948
6.14113e-05
0.000127216
0.000382585
2.22736e-17
2.29851e-17
1.91226e-17
7.15573e-17
1.45622e-17
3.38271e-17
9.06664e-18
3.59955e-17
1.35254e-17
-3.1225e-17
1.79503e-17
-5.07407e-17
1.88177e-17
1.30104e-17
1.48265e-17
2.68882e-17
1.27055e-17
2.1684e-17
1.38913e-17
-9.97466e-18
5.59719e-18
-3.38271e-17
-8.60585e-19
-3.25261e-17
8.13152e-19
1.99493e-17
-1.30104e-18
-3.90313e-18
-4.9399e-18
-1.82146e-17
-3.86247e-19
9.1073e-18
1.26039e-18
6.07153e-18
5.23805e-18
-2.1684e-18
3.86925e-18
-4.77049e-18
5.31259e-18
-1.9082e-17
6.74238e-18
-1.99493e-17
3.19162e-18
-1.43115e-17
2.14808e-18
-1.86483e-17
8.4229e-18
-4.33681e-19
1.02864e-17
-1.51788e-17
3.77438e-18
-1.30104e-18
-1.63986e-18
1.82146e-17
-2.21584e-18
4.77049e-18
-4.06576e-18
-8.67362e-18
3.29326e-18
-2.1684e-18
3.998e-18
-1.47451e-17
1.54431e-17
-1.51788e-17
1.02071e-16
-3.1225e-17
5.00725e-16
-3.25261e-17
2.22821e-15
2.34188e-17
9.36486e-15
1.52656e-16
3.80137e-14
7.35089e-16
1.49535e-13
2.45767e-15
5.69922e-13
8.97242e-15
2.10347e-12
3.22472e-14
7.5128e-12
1.11285e-13
2.5947e-11
3.70972e-13
8.65825e-11
1.19169e-12
2.7889e-10
3.68121e-12
8.66288e-10
1.09452e-11
2.59199e-09
3.11661e-11
7.46138e-09
8.48838e-11
2.0637e-08
2.2172e-10
5.47607e-08
5.5282e-10
1.39172e-07
1.31343e-09
3.38107e-07
2.9706e-09
7.83346e-07
6.34187e-09
1.7258e-06
1.28251e-08
3.60147e-06
2.44372e-08
7.07836e-06
4.30179e-08
1.29723e-05
5.47805e-08
2.15291e-05
3.62665e-08
3.25652e-05
4.52553e-08
4.58909e-05
2.10448e-08
6.09791e-05
6.67779e-09
7.72339e-05
-8.61206e-10
9.40827e-05
-1.31579e-10
0.000111064
7.44982e-09
0.000127838
2.1397e-08
0.000144174
4.00512e-08
0.000159925
6.03732e-08
0.000175002
7.85788e-08
0.00018936
9.1062e-08
0.000202976
9.53107e-08
0.000215846
9.05091e-08
0.000227978
7.98753e-08
0.000239392
6.51974e-08
0.000250109
4.47419e-08
0.000260153
1.60124e-08
0.000269551
-1.83781e-08
0.00027833
-5.61034e-08
0.000286508
-9.31225e-08
0.000294117
-1.3064e-07
0.000301183
-1.63564e-07
0.000307729
-1.83384e-07
0.000313779
-1.9264e-07
0.000319357
-1.96905e-07
0.000324488
-1.86141e-07
0.000329197
-1.53372e-07
0.000333502
-1.11682e-07
0.00033743
-7.18063e-08
0.000341002
-2.6274e-08
0.00034423
2.9746e-08
0.000347144
7.76687e-08
0.000349759
1.15252e-07
0.000352093
1.56151e-07
0.000354157
1.9439e-07
0.000355971
2.21122e-07
0.000357553
2.43751e-07
0.000358913
2.68314e-07
0.000360065
2.93539e-07
0.00036103
3.17752e-07
0.000361821
3.38814e-07
0.00036245
3.54484e-07
0.000362928
3.58984e-07
0.000363269
3.57786e-07
0.000363485
3.54159e-07
0.00036359
3.40041e-07
0.000363596
3.11596e-07
0.000363512
2.85188e-07
0.000363344
2.7714e-07
0.000363115
2.85938e-07
0.000362844
3.09598e-07
0.000362538
3.72321e-07
0.000362218
5.31387e-07
0.00036192
7.35608e-07
0.000361692
1.127e-06
0.000361588
1.77304e-06
0.000361689
2.8482e-06
0.000362136
4.67097e-06
0.000363168
7.90229e-06
0.000365152
1.40584e-05
0.000368486
2.69401e-05
0.000372583
5.67993e-05
0.00012678
0.000372508
2.53161e-17
1.38778e-17
1.87567e-17
3.51282e-17
7.02699e-18
4.51028e-17
2.76472e-18
1.95156e-17
1.24887e-17
-4.0766e-17
1.82553e-17
-4.42354e-17
1.36542e-17
2.73219e-17
1.17568e-17
1.43115e-17
1.46164e-17
2.42861e-17
1.48332e-17
4.33681e-19
3.44234e-18
-4.77049e-18
-1.94479e-18
-2.12504e-17
-5.42101e-20
4.33681e-19
-1.55176e-18
4.81482e-35
-1.6263e-18
-1.73472e-17
1.04693e-17
-8.67362e-19
1.82959e-19
-3.46945e-18
-2.64274e-18
4.77049e-18
3.82859e-18
-5.63785e-18
4.79759e-18
-3.55618e-17
8.81592e-18
-3.9465e-17
1.33086e-17
-1.47451e-17
7.7656e-18
-7.37257e-18
6.03765e-18
1.17094e-17
1.2631e-17
-8.23994e-18
1.86415e-17
-1.0842e-17
8.06375e-19
2.1684e-17
-7.0812e-18
9.54098e-18
2.1413e-18
-5.63785e-18
7.16251e-18
-4.33681e-18
1.20482e-17
-1.38778e-17
3.06016e-17
-8.67362e-18
1.06638e-16
-1.51788e-17
4.72922e-16
-2.64545e-17
2.07772e-15
2.42861e-17
8.73672e-15
1.23599e-16
3.55323e-14
5.04805e-16
1.39934e-13
2.06345e-15
5.33852e-13
7.08071e-15
1.97225e-12
2.54415e-14
7.05109e-12
8.78364e-14
2.43763e-11
2.92525e-13
8.142e-11
9.39354e-13
2.62511e-10
2.90278e-12
8.16191e-10
8.62387e-12
2.44448e-09
2.45624e-11
7.04376e-09
6.67649e-11
1.95015e-08
1.74224e-10
5.17998e-08
4.3404e-10
1.31782e-07
1.02938e-09
3.20487e-07
2.32603e-09
7.43327e-07
4.96108e-09
1.63948e-06
1.00323e-08
3.42539e-06
1.91538e-08
6.74077e-06
3.40252e-08
1.23716e-05
4.31008e-08
2.05755e-05
2.51659e-08
3.11719e-05
3.06675e-08
4.39853e-05
1.00159e-08
5.85109e-05
-2.11421e-09
7.41757e-05
-8.86668e-09
9.04263e-05
-8.82491e-09
0.000106815
-3.04042e-09
0.000123011
8.10694e-09
0.000138791
2.32487e-08
0.000154009
3.98546e-08
0.000168579
5.48666e-08
0.000182454
6.55302e-08
0.000195613
7.01745e-08
0.000208052
6.94968e-08
0.000219781
6.2687e-08
0.000230816
5.20979e-08
0.000241175
3.42685e-08
0.000250884
1.06771e-08
0.000259968
-1.63695e-08
0.000268451
-4.6191e-08
0.00027636
-7.62408e-08
0.000283719
-1.04633e-07
0.000290551
-1.2995e-07
0.00029688
-1.44588e-07
0.000302728
-1.50498e-07
0.000308122
-1.55152e-07
0.000313084
-1.4774e-07
0.000317635
-1.21849e-07
0.000321797
-8.87743e-08
0.000325595
-5.67809e-08
0.000329051
-2.19156e-08
0.000332179
2.28359e-08
0.000334994
6.23719e-08
0.000337524
9.05223e-08
0.000339781
1.23305e-07
0.000341777
1.53368e-07
0.000343534
1.73314e-07
0.000345066
1.90497e-07
0.000346383
2.10296e-07
0.000347499
2.30375e-07
0.000348434
2.49141e-07
0.000349199
2.666e-07
0.000349808
2.79006e-07
0.000350273
2.8257e-07
0.000350605
2.81629e-07
0.000350814
2.7901e-07
0.000350917
2.67381e-07
0.000350926
2.43759e-07
0.000350848
2.22292e-07
0.000350687
2.1634e-07
0.000350466
2.24095e-07
0.000350208
2.42533e-07
0.00034993
2.87222e-07
0.000349633
3.88285e-07
0.000349349
5.75978e-07
0.00034913
8.84917e-07
0.000349035
1.39722e-06
0.000349146
2.25003e-06
0.000349612
3.70359e-06
0.000350697
6.31253e-06
0.00035285
1.14041e-05
0.000356722
2.25702e-05
0.000362113
5.09126e-05
0.000124441
0.00036396
2.42251e-17
1.60462e-17
9.61552e-18
1.25767e-17
6.38324e-18
2.25514e-17
1.57751e-17
6.07153e-18
1.66493e-17
-4.33681e-18
1.62224e-17
-5.68122e-17
1.65815e-17
4.33681e-19
1.32205e-17
4.33681e-17
1.79978e-17
1.38778e-17
1.71575e-17
6.93889e-18
3.35425e-18
-6.93889e-18
3.68629e-18
-1.25767e-17
9.48677e-20
-4.33681e-19
-4.51977e-18
9.54098e-18
-1.74828e-18
-2.25514e-17
7.35902e-18
-9.1073e-18
9.14796e-19
-9.1073e-18
-1.35525e-19
1.17094e-17
7.72494e-19
1.43115e-17
-9.48677e-19
-2.64545e-17
1.39591e-18
-2.86229e-17
3.0832e-18
-1.21431e-17
5.36002e-18
-6.50521e-18
1.18788e-17
-6.07153e-18
6.93889e-18
-2.1684e-18
6.47133e-18
-2.60209e-17
6.57298e-19
1.12757e-17
-3.09675e-18
5.20417e-18
-1.09775e-18
-6.50521e-18
-1.24006e-18
-1.69136e-17
2.83248e-18
-1.34441e-17
1.32205e-17
9.62965e-35
9.37632e-17
-7.37257e-18
4.44645e-16
-2.0383e-17
1.95736e-15
2.12504e-17
8.22966e-15
9.75782e-17
3.34554e-14
3.84241e-16
1.3185e-13
1.53003e-15
5.0344e-13
5.56543e-15
1.8615e-12
2.00144e-14
6.66085e-12
6.92224e-14
2.30469e-11
2.30817e-13
7.7046e-11
7.42161e-13
2.48626e-10
2.29772e-12
7.737e-10
6.83446e-12
2.31926e-09
1.95408e-11
6.68879e-09
5.31687e-11
1.8535e-08
1.39143e-10
4.9277e-08
3.47642e-10
1.25478e-07
8.26775e-10
3.05441e-07
1.87374e-09
7.09111e-07
4.01321e-09
1.56558e-06
8.13405e-09
3.27456e-06
1.55552e-08
6.45207e-06
2.76299e-08
1.18602e-05
3.39447e-08
1.97479e-05
2.59449e-08
2.9944e-05
3.30201e-08
4.2283e-05
1.8948e-08
5.62786e-05
1.1186e-08
7.13777e-05
6.68326e-09
8.70452e-05
6.49252e-09
0.000102848
1.00109e-08
0.000118467
1.71948e-08
0.000133685
2.72184e-08
0.000148362
3.82925e-08
0.000162414
4.82129e-08
0.000175798
5.49898e-08
0.000188492
5.7181e-08
0.000200492
5.37997e-08
0.000211806
4.7597e-08
0.00022245
3.91311e-08
0.000232445
2.81442e-08
0.000241813
9.7235e-09
0.00025058
-1.14365e-08
0.000258768
-3.29393e-08
0.000266398
-5.41093e-08
0.000273498
-7.63955e-08
0.000280092
-9.60298e-08
0.000286201
-1.07079e-07
0.000291847
-1.11768e-07
0.000297054
-1.15171e-07
0.000301844
-1.10313e-07
0.000306237
-9.16459e-08
0.000310255
-6.71353e-08
0.000313923
-4.29381e-08
0.000317258
-1.58249e-08
0.000320272
1.57538e-08
0.000322993
4.18946e-08
0.000325438
6.35345e-08
0.000327618
8.93886e-08
0.000329546
1.11877e-07
0.000331242
1.2592e-07
0.000332723
1.38374e-07
0.000333995
1.53268e-07
0.000335073
1.68073e-07
0.000335976
1.81806e-07
0.000336716
1.94635e-07
0.000337306
2.03946e-07
0.000337757
2.06848e-07
0.000338079
2.06452e-07
0.000338282
2.04599e-07
0.000338382
1.95856e-07
0.000338394
1.77819e-07
0.000338321
1.61596e-07
0.000338168
1.57348e-07
0.000337956
1.63162e-07
0.000337708
1.77498e-07
0.000337435
2.12205e-07
0.000337145
2.86729e-07
0.000336864
4.31189e-07
0.000336658
6.31516e-07
0.000336574
1.02632e-06
0.000336691
1.66311e-06
0.000337167
2.74379e-06
0.000338286
4.7067e-06
0.000340578
8.62904e-06
0.000345001
1.76682e-05
0.00035204
4.33957e-05
0.000119145
0.000356862
2.18263e-17
3.9465e-17
1.41759e-17
-2.1684e-18
5.92245e-18
3.59955e-17
4.85858e-18
1.25767e-17
5.36002e-18
3.03577e-18
1.86483e-17
-4.16334e-17
1.91904e-17
2.60209e-18
1.08149e-17
2.64545e-17
1.25361e-17
-5.20417e-18
8.80237e-18
-7.37257e-18
5.42101e-18
-7.80626e-18
1.09098e-17
-1.04083e-17
7.59619e-18
-9.54098e-18
3.18484e-19
1.56125e-17
-1.46367e-18
-1.30104e-17
-4.94667e-19
3.03577e-18
-3.46267e-18
-6.93889e-18
1.83637e-18
8.67362e-19
5.44812e-18
8.67362e-19
9.98821e-18
-8.67362e-18
8.64651e-18
-9.97466e-18
5.92923e-18
-4.33681e-19
6.78304e-18
-7.37257e-18
7.40646e-18
6.50521e-18
9.79848e-18
8.67362e-19
1.28275e-17
-6.93889e-18
3.61175e-18
8.67362e-19
-2.6563e-18
9.54098e-18
-1.15196e-18
-2.1684e-17
1.04354e-18
-1.04083e-17
6.17318e-18
4.33681e-19
1.85331e-17
-2.1684e-18
8.57333e-17
-1.73472e-17
4.10208e-16
-1.12757e-17
1.81596e-15
1.64799e-17
7.65554e-15
6.28837e-17
3.11899e-14
2.50234e-16
1.23082e-13
9.59736e-16
4.7049e-13
3.56703e-15
1.74149e-12
1.28018e-14
6.23794e-12
4.41643e-14
2.16063e-11
1.46979e-13
7.2306e-11
4.71708e-13
2.33575e-10
1.45805e-12
7.27625e-10
4.3256e-12
2.18346e-09
1.23521e-11
6.30392e-09
3.34874e-11
1.74876e-08
8.74312e-11
4.65435e-08
2.17848e-10
1.18651e-07
5.16399e-10
2.89151e-07
1.16701e-09
6.7208e-07
2.49353e-09
1.48564e-06
5.04601e-09
3.11133e-06
9.6774e-09
6.13875e-06
1.74904e-08
1.13014e-05
2.12774e-08
1.88633e-05
1.27422e-08
2.8656e-05
1.51253e-08
4.05243e-05
5.0476e-09
5.4003e-05
-5.46871e-10
6.856e-05
-3.87685e-09
8.36776e-05
-3.99805e-09
9.89352e-05
-1.36187e-09
0.000114022
3.91306e-09
0.000128725
1.11804e-08
0.000142909
1.9174e-08
0.000156491
2.64005e-08
0.000169428
3.15919e-08
0.000181698
3.39865e-08
0.000193297
2.99896e-08
0.000204235
3.1528e-08
0.000214525
2.13163e-08
0.000224187
1.89672e-08
0.000233242
5.24562e-09
0.000241715
-8.42751e-09
0.000249629
-2.25568e-08
0.000257005
-3.64691e-08
0.00026387
-5.047e-08
0.000270244
-6.26439e-08
0.000276148
-7.00942e-08
0.000281605
-7.28067e-08
0.000286638
-7.50282e-08
0.000291268
-7.22339e-08
0.000295515
-6.00865e-08
0.000299398
-4.37684e-08
0.000302943
-2.74986e-08
0.000306167
-1.00081e-08
0.000309083
1.00368e-08
0.000311713
2.83889e-08
0.000314076
4.25915e-08
0.000316182
5.95075e-08
0.000318045
7.40115e-08
0.000319686
8.27566e-08
0.000321119
9.06919e-08
0.000322349
1.00584e-07
0.000323392
1.1039e-07
0.000324265
1.19376e-07
0.000324981
1.2792e-07
0.000325551
1.34204e-07
0.000325987
1.3623e-07
0.0003263
1.36001e-07
0.000326496
1.34821e-07
0.000326593
1.28953e-07
0.000326605
1.16759e-07
0.000326536
1.05888e-07
0.000326388
1.03194e-07
0.000326182
1.07307e-07
0.000325943
1.16125e-07
0.000325683
1.38071e-07
0.000325408
1.87573e-07
0.000325152
2.7827e-07
0.000324949
4.24046e-07
0.000324867
6.71839e-07
0.000324991
1.08775e-06
0.000325471
1.80222e-06
0.000326605
3.10373e-06
0.000329009
5.76107e-06
0.000334003
1.22132e-05
0.000342932
3.40066e-05
0.000108948
0.000352671
2.58108e-17
1.99493e-17
1.5084e-17
-1.43115e-17
5.60397e-18
1.21431e-17
4.68917e-18
1.73472e-18
1.46706e-17
-5.63785e-18
2.32697e-17
-1.95156e-17
1.40607e-17
-8.67362e-18
1.10656e-17
1.30104e-17
2.34798e-17
-6.93889e-18
1.36135e-17
4.33681e-19
7.78593e-18
-4.33681e-18
5.07542e-18
-2.60209e-18
-1.22108e-17
1.73472e-17
-8.00277e-18
1.04083e-17
-1.21973e-18
-1.69136e-17
2.37847e-18
4.33681e-18
3.65918e-18
-4.33681e-18
3.49655e-18
-7.80626e-18
-2.73083e-18
4.77049e-18
2.80537e-18
-1.73472e-18
6.60008e-18
-9.1073e-18
4.9399e-18
4.77049e-18
7.25738e-18
-1.64799e-17
1.00492e-17
-5.63785e-18
7.88079e-18
1.73472e-18
4.7095e-18
-4.33681e-18
-1.28749e-18
3.03577e-18
-6.77626e-19
5.63785e-18
-6.57298e-19
-1.21431e-17
-1.484e-18
3.90313e-18
5.47522e-18
1.60462e-17
2.09183e-17
-5.63785e-18
8.41815e-17
-6.07153e-18
3.90299e-16
-4.77049e-18
1.72169e-15
1.95156e-17
7.24803e-15
2.81893e-17
2.95414e-14
1.80845e-16
1.16621e-13
6.42715e-16
4.46086e-13
2.36052e-15
1.65232e-12
8.50535e-15
5.92262e-12
2.94894e-14
2.05281e-11
9.85653e-14
6.87446e-11
3.17801e-13
2.22222e-10
9.87068e-13
6.92729e-10
2.94401e-12
2.08015e-09
8.45266e-12
6.00974e-09
2.30902e-11
1.66828e-08
6.0688e-11
4.44317e-08
1.52259e-10
1.13345e-07
3.63538e-10
2.76415e-07
8.26568e-10
6.42944e-07
1.77637e-09
1.42231e-06
3.60017e-09
2.9812e-06
6.8452e-09
5.88796e-06
1.20273e-08
1.08544e-05
1.29076e-08
1.81263e-05
1.74607e-08
2.7548e-05
2.13776e-08
3.8974e-05
1.69985e-08
5.19563e-05
1.45982e-08
6.59816e-05
1.26137e-08
8.05502e-05
1.15831e-08
9.52564e-05
1.15146e-08
0.0001098
1.25952e-08
0.000123975
1.46652e-08
0.000137651
1.71885e-08
0.000150748
1.94677e-08
0.000163224
2.08784e-08
0.000175058
2.09456e-08
0.000186247
1.912e-08
0.000196797
1.67614e-08
0.000206724
1.35103e-08
0.000216045
9.91694e-09
0.000224783
3.26713e-09
0.00023296
-3.98607e-09
0.000240598
-1.09962e-08
0.000247716
-1.79356e-08
0.00025434
-2.53689e-08
0.000260494
-3.19127e-08
0.000266194
-3.55762e-08
0.000271462
-3.70561e-08
0.000276322
-3.83867e-08
0.000280793
-3.72373e-08
0.000284893
-3.14385e-08
0.000288643
-2.35049e-08
0.000292068
-1.54846e-08
0.000295181
-6.65636e-09
0.000297996
3.20488e-09
0.000300537
1.12433e-08
0.000302822
1.83387e-08
0.000304858
2.71652e-08
0.000306658
3.44326e-08
0.000308244
3.86588e-08
0.000309629
4.25852e-08
0.000310819
4.7515e-08
0.000311827
5.23327e-08
0.000312673
5.67293e-08
0.000313367
6.09274e-08
0.000313919
6.40514e-08
0.000314343
6.51141e-08
0.000314647
6.50915e-08
0.000314839
6.45871e-08
0.000314935
6.17026e-08
0.00031495
5.56318e-08
0.000314887
5.02309e-08
0.000314746
4.89375e-08
0.00031455
5.09318e-08
0.000314322
5.53838e-08
0.000314072
6.66479e-08
0.000313807
9.13665e-08
0.000313553
1.36628e-07
0.00031336
2.07903e-07
0.000313282
3.28604e-07
0.000313394
5.40217e-07
0.000313866
9.1514e-07
0.000314991
1.5282e-06
0.000317434
2.87021e-06
0.000322899
6.30347e-06
0.000335737
2.07241e-05
8.00452e-05
0.000364198
1.8899e-17
1.50026e-17
9.48677e-20
-5.89535e-19
1.02051e-17
1.98273e-17
1.10995e-17
5.19062e-18
1.31121e-17
1.18991e-17
2.77827e-18
-5.96311e-19
3.51688e-18
-1.42979e-18
-4.33681e-19
4.75694e-18
-2.03288e-18
2.61564e-18
5.25838e-18
3.84892e-18
6.8237e-18
7.68428e-18
4.05898e-18
9.55453e-18
1.06862e-17
7.47422e-18
4.8247e-18
-6.36969e-19
-2.91379e-19
-1.21295e-18
5.06187e-18
1.95834e-17
7.49116e-17
3.56499e-16
1.58319e-15
6.69838e-15
2.73468e-14
1.08132e-13
4.14195e-13
1.53627e-12
5.51423e-12
1.91389e-11
6.41802e-11
2.07751e-10
6.48508e-10
1.95004e-09
5.64163e-09
1.56827e-08
4.1827e-08
1.06852e-07
2.60958e-07
6.07885e-07
1.3468e-06
2.82737e-06
5.59343e-06
1.03294e-05
1.73029e-05
2.63577e-05
3.7354e-05
4.98644e-05
6.33939e-05
7.74585e-05
9.16635e-05
0.000105716
0.000119416
0.000132636
0.000145296
0.000157356
0.000168796
0.000179612
0.000189811
0.000199406
0.000208415
0.000216861
0.000224763
0.000232144
0.000239023
0.000245426
0.000251372
0.00025688
0.00026197
0.000266666
0.000270986
0.000274948
0.000278571
0.000281879
0.000284886
0.000287606
0.000290061
0.000292267
0.000294234
0.000295972
0.000297505
0.000298843
0.000299992
0.000300966
0.000301783
0.000302452
0.000302985
0.000303394
0.000303687
0.000303872
0.000303964
0.000303977
0.000303915
0.000303779
0.000303587
0.000303365
0.000303124
0.000302867
0.000302623
0.000302434
0.000302357
0.000302478
0.000302924
0.000304016
0.000306455
0.00031233
0.000332626
0.000412236
0.00118156
-6.47711e-06
0.00118768
-6.55085e-06
0.00119387
-6.61705e-06
0.00120011
-6.67419e-06
0.0012064
-6.72107e-06
0.00121273
-6.75669e-06
0.00121908
-6.78001e-06
0.00122544
-6.7897e-06
0.0012318
-6.78423e-06
0.00123812
-6.76198e-06
0.0012444
-6.72129e-06
0.00125062
-6.66059e-06
0.00125675
-6.57842e-06
0.00126277
-6.47342e-06
0.00126865
-6.34439e-06
0.00127438
-6.19023e-06
0.00127992
-6.01002e-06
0.00128525
-5.80297e-06
0.00129035
-5.56848e-06
0.00129518
-5.30609e-06
0.00129971
-5.01557e-06
0.00130392
-4.6969e-06
0.00130777
-4.35031e-06
0.00131125
-3.97631e-06
0.00131433
-3.5757e-06
0.00131697
-3.14964e-06
0.00131915
-2.69962e-06
0.00132086
-2.22753e-06
0.00132207
-1.73579e-06
0.00132277
-1.22759e-06
0.00132294
-7.07945e-07
0.0013226
-1.90745e-07
0.00132169
3.76844e-07
0.00132019
9.65619e-07
0.00131809
1.55491e-06
0.00131541
2.14661e-06
0.00131213
2.73781e-06
0.00130826
3.32459e-06
0.00130381
3.9028e-06
0.00129879
4.46829e-06
0.00129322
5.01703e-06
0.00128711
5.54513e-06
0.0012805
6.04888e-06
0.00127341
6.52475e-06
0.00126587
6.96937e-06
0.00125792
7.37955e-06
0.00124959
7.75231e-06
0.00124093
8.08485e-06
0.00123197
8.37459e-06
0.00122277
8.61918e-06
0.00121337
8.81647e-06
0.00120381
8.96453e-06
0.00119415
9.06162e-06
0.00118445
9.10614e-06
0.00117475
9.09659e-06
0.0011651
9.03148e-06
0.00115558
8.90917e-06
0.00114623
8.72761e-06
0.00113711
8.48396e-06
0.0011283
8.17653e-06
0.00111984
7.80078e-06
0.00111183
7.34767e-06
0.00110433
6.8017e-06
0.00109747
6.09746e-06
0.00109111
5.56339e-06
0.00108527
4.99177e-06
0.00107994
4.35906e-06
0.00107513
3.66635e-06
0.00107072
2.93484e-06
0.00106642
2.25336e-06
0.00106152
1.85727e-06
0.00105496
2.12694e-06
0.00104565
2.89058e-06
0.00104025
8.27095e-07
0.00104758
-1.08608e-05
0.00108196
-3.67009e-05
0.00110887
-2.81514e-05
0.00141848
-0.000312085
0.00135573
6.24465e-05
0.000612518
0.0011404
-1.2726e-05
0.00114631
-1.28697e-05
0.00115227
-1.30002e-05
0.0011583
-1.31136e-05
0.00116437
-1.32065e-05
0.00117048
-1.32765e-05
0.00117661
-1.33211e-05
0.00118275
-1.3338e-05
0.00118887
-1.33245e-05
0.00119497
-1.32776e-05
0.00120102
-1.31942e-05
0.001207
-1.30715e-05
0.0012129
-1.29064e-05
0.00121868
-1.26964e-05
0.00122433
-1.24389e-05
0.00122983
-1.21317e-05
0.00123514
-1.1773e-05
0.00124024
-1.1361e-05
0.00124511
-1.08947e-05
0.00124972
-1.03731e-05
0.00125403
-9.79577e-06
0.00125803
-9.16284e-06
0.00126168
-8.47482e-06
0.00126496
-7.73285e-06
0.00126784
-6.93865e-06
0.00127029
-6.0946e-06
0.0012723
-5.20376e-06
0.00127384
-4.27002e-06
0.0012749
-3.29826e-06
0.00127546
-2.29495e-06
0.00127551
-1.27057e-06
0.00127507
-2.58293e-07
0.00127405
8.80412e-07
0.00127247
2.03184e-06
0.00127032
3.18313e-06
0.00126761
4.33644e-06
0.00126434
5.48655e-06
0.00126052
6.62653e-06
0.00125614
7.74879e-06
0.00125123
8.84554e-06
0.00124581
9.90895e-06
0.00123988
1.09313e-05
0.00123348
1.19053e-05
0.00122664
1.28237e-05
0.00121938
1.36799e-05
0.00121174
1.44675e-05
0.00120375
1.51808e-05
0.00119546
1.58143e-05
0.00118692
1.63633e-05
0.00117815
1.68231e-05
0.00116921
1.71898e-05
0.00116014
1.74597e-05
0.001151
1.76296e-05
0.00114183
1.76963e-05
0.00113269
1.76571e-05
0.00112362
1.75093e-05
0.00111468
1.725e-05
0.00110593
1.68723e-05
0.00109744
1.63583e-05
0.00108925
1.57524e-05
0.00108142
1.49986e-05
0.00107402
1.40936e-05
0.00106713
1.30135e-05
0.00106086
1.16361e-05
0.00105509
1.05638e-05
0.00104981
9.4443e-06
0.00104499
8.24393e-06
0.00104055
6.99904e-06
0.00103625
5.83122e-06
0.00103145
5.12484e-06
0.00102448
5.97655e-06
0.00101156
1.1083e-05
0.000980783
2.74875e-05
0.000928717
4.85593e-05
0.000857715
5.71116e-05
0.000738238
8.04329e-05
0.00063157
7.59206e-05
-0.000121135
0.000440271
-1.68795e-05
-4.24566e-05
-0.00186136
0.00110071
-1.87547e-05
0.00110641
-1.8966e-05
0.00111217
-1.91583e-05
0.00111799
-1.93254e-05
0.00112385
-1.94617e-05
0.00112975
-1.95631e-05
0.00113566
-1.96259e-05
0.00114157
-1.96464e-05
0.00114747
-1.96207e-05
0.00115333
-1.95448e-05
0.00115915
-1.94143e-05
0.00116489
-1.92249e-05
0.00117054
-1.89725e-05
0.00117607
-1.86531e-05
0.00118147
-1.8263e-05
0.00118671
-1.77989e-05
0.00119176
-1.72579e-05
0.0011966
-1.66377e-05
0.0012012
-1.59364e-05
0.00120554
-1.51528e-05
0.00120958
-1.42865e-05
0.0012133
-1.33378e-05
0.00121668
-1.23077e-05
0.00121969
-1.11981e-05
0.0012223
-1.0012e-05
0.00122449
-8.75316e-06
0.00122624
-7.4264e-06
0.00122752
-6.03779e-06
0.00122834
-4.59482e-06
0.00122866
-3.10753e-06
0.0012285
-1.59319e-06
0.00122787
-1.2879e-07
0.00122664
1.61385e-06
0.00122488
3.30112e-06
0.00122258
4.98612e-06
0.00121974
6.66966e-06
0.00121638
8.34455e-06
0.00121251
1.00012e-05
0.00120812
1.16291e-05
0.00120324
1.32169e-05
0.00119788
1.47532e-05
0.00119206
1.62268e-05
0.00118582
1.76266e-05
0.00117918
1.89422e-05
0.00117216
2.01636e-05
0.00116482
2.12817e-05
0.00115718
2.22882e-05
0.00114928
2.31752e-05
0.00114117
2.39359e-05
0.00113288
2.45639e-05
0.00112447
2.50537e-05
0.00111598
2.54e-05
0.00110746
2.55983e-05
0.00109895
2.56442e-05
0.00109051
2.55336e-05
0.00108218
2.52626e-05
0.00107403
2.48275e-05
0.00106608
2.42308e-05
0.00105843
2.34143e-05
0.00105113
2.24514e-05
0.00104421
2.12949e-05
0.00103774
1.99295e-05
0.00103177
1.83225e-05
0.00102639
1.6302e-05
0.00102154
1.46652e-05
0.00101723
1.29501e-05
0.00101346
1.11101e-05
0.0010102
9.18885e-06
0.00100732
7.35004e-06
0.00100449
6.1063e-06
0.00100094
6.80949e-06
0.00099563
1.24739e-05
0.000989075
2.83075e-05
0.000986299
4.6844e-05
0.000991374
4.83672e-05
0.00101707
5.20534e-05
0.00104971
4.14954e-05
0.00134264
0.000145154
0.00128453
1.44397e-05
-0.00125391
0.00106251
-2.45722e-05
0.00106801
-2.4846e-05
0.00107357
-2.50952e-05
0.00107918
-2.53114e-05
0.00108483
-2.54869e-05
0.00109051
-2.56154e-05
0.0010962
-2.56918e-05
0.00110189
-2.5711e-05
0.00110756
-2.56678e-05
0.00111318
-2.5557e-05
0.00111875
-2.53729e-05
0.00112424
-2.51101e-05
0.00112964
-2.47631e-05
0.0011349
-2.43268e-05
0.00114003
-2.37962e-05
0.00114498
-2.31672e-05
0.00114974
-2.24359e-05
0.00115429
-2.15994e-05
0.00115858
-2.06554e-05
0.00116261
-1.96025e-05
0.00116633
-1.84405e-05
0.00116973
-1.717e-05
0.00117278
-1.57928e-05
0.00117546
-1.43121e-05
0.00117774
-1.27321e-05
0.00117959
-1.10584e-05
0.00118101
-9.298e-06
0.00118198
-7.45949e-06
0.00118248
-5.55362e-06
0.0011825
-3.5952e-06
0.00118205
-1.6126e-06
0.00118108
3.7125e-07
0.00117959
2.63021e-06
0.00117759
4.82718e-06
0.00117508
7.02109e-06
0.00117206
9.20776e-06
0.00116855
1.13761e-05
0.00116455
1.35131e-05
0.00116008
1.56047e-05
0.00115517
1.76367e-05
0.00114984
1.95949e-05
0.0011441
2.1465e-05
0.00113799
2.32333e-05
0.00113155
2.48868e-05
0.00112479
2.64129e-05
0.00111776
2.78002e-05
0.0011105
2.90379e-05
0.00110304
3.01163e-05
0.00109543
3.10268e-05
0.00108771
3.17612e-05
0.00107992
3.23127e-05
0.00107211
3.26746e-05
0.00106434
3.28414e-05
0.00105663
3.28076e-05
0.00104905
3.25685e-05
0.00104163
3.21199e-05
0.00103444
3.14611e-05
0.00102754
3.05526e-05
0.00102098
2.9395e-05
0.00101479
2.80533e-05
0.00100901
2.6472e-05
0.00100368
2.46397e-05
0.000998832
2.25218e-05
0.000994522
1.99107e-05
0.000990774
1.76805e-05
0.000987582
1.53569e-05
0.000984932
1.2885e-05
0.000982772
1.03199e-05
0.000980961
7.86951e-06
0.000979167
6.15785e-06
0.000976728
6.71842e-06
0.00097286
1.27239e-05
0.00096697
2.89812e-05
0.000964684
4.48139e-05
0.000969299
4.01242e-05
0.000994814
2.38318e-05
0.00103673
-2.38025e-06
0.00123605
-5.65712e-05
0.00122619
2.21215e-05
-0.000705074
0.00102564
-3.01812e-05
0.00103095
-3.0516e-05
0.00103632
-3.08195e-05
0.00104173
-3.1081e-05
0.00104718
-3.12907e-05
0.00105264
-3.14408e-05
0.00105812
-3.15246e-05
0.00106358
-3.15358e-05
0.00106902
-3.1468e-05
0.00107441
-3.13144e-05
0.00107974
-3.10682e-05
0.00108497
-3.07225e-05
0.0010901
-3.02708e-05
0.00109509
-2.97067e-05
0.00109992
-2.90243e-05
0.00110458
-2.82184e-05
0.00110903
-2.72847e-05
0.00111325
-2.62196e-05
0.00111721
-2.50207e-05
0.00112089
-2.36867e-05
0.00112426
-2.22178e-05
0.00112729
-2.06154e-05
0.00112997
-1.88824e-05
0.00113226
-1.70235e-05
0.00113415
-1.50446e-05
0.00113562
-1.29535e-05
0.00113665
-1.07599e-05
0.00113723
-8.47545e-06
0.00113735
-6.11491e-06
0.00113701
-3.69968e-06
0.00113623
-1.27866e-06
0.00113486
1.28225e-06
0.00113305
3.98952e-06
0.00113075
6.66891e-06
0.00112797
9.34193e-06
0.00112473
1.19984e-05
0.00112102
1.46225e-05
0.00111687
1.71969e-05
0.00111231
1.97042e-05
0.00110735
2.21269e-05
0.00110202
2.44482e-05
0.00109636
2.66516e-05
0.00109039
2.87216e-05
0.00108415
3.06431e-05
0.00107768
3.24021e-05
0.001071
3.39853e-05
0.00106416
3.53805e-05
0.00105721
3.65762e-05
0.00105017
3.75624e-05
0.0010431
3.83296e-05
0.00103603
3.88696e-05
0.00102902
3.91751e-05
0.0010221
3.92393e-05
0.00101533
3.90567e-05
0.00100874
3.86227e-05
0.00100238
3.79382e-05
0.000996315
3.69825e-05
0.000990696
3.56135e-05
0.000985378
3.41453e-05
0.000980452
3.24009e-05
0.000975945
3.03867e-05
0.000971878
2.80989e-05
0.000968247
2.55184e-05
0.000965089
2.23815e-05
0.000962511
1.95427e-05
0.000960505
1.6597e-05
0.00095904
1.35007e-05
0.00095803
1.03389e-05
0.000957283
7.38435e-06
0.000956431
5.36395e-06
0.000954888
5.88424e-06
0.000952116
1.20863e-05
0.000947944
2.8176e-05
0.000947702
4.04976e-05
0.000960672
2.31554e-05
0.00100122
-1.9887e-05
0.00107299
-7.65379e-05
0.00127508
-0.000261786
0.00120847
8.72364e-05
-0.000181942
0.000990169
-3.55936e-05
0.000995295
-3.59828e-05
0.00100047
-3.63342e-05
0.00100568
-3.66349e-05
0.00101092
-3.68728e-05
0.00101618
-3.7038e-05
0.00102144
-3.71223e-05
0.00102667
-3.71178e-05
0.00103188
-3.70166e-05
0.00103702
-3.68106e-05
0.00104209
-3.64916e-05
0.00104706
-3.60515e-05
0.00105191
-3.54824e-05
0.00105661
-3.4777e-05
0.00106114
-3.39283e-05
0.00106548
-3.29306e-05
0.00106959
-3.17788e-05
0.00107346
-3.04693e-05
0.00107705
-2.89998e-05
0.00108035
-2.73696e-05
0.00108332
-2.55794e-05
0.00108594
-2.36319e-05
0.0010882
-2.15317e-05
0.00109006
-1.92852e-05
0.00109151
-1.69008e-05
0.00109254
-1.43888e-05
0.00109313
-1.17618e-05
0.00109328
-9.0351e-06
0.00109297
-6.22787e-06
0.00109222
-3.37009e-06
0.00109107
-5.61209e-07
0.00108931
2.61429e-06
0.00108711
5.76227e-06
0.00108445
8.8887e-06
0.00108136
1.19975e-05
0.00107784
1.50743e-05
0.00107393
1.81003e-05
0.00106962
2.10551e-05
0.00106497
2.39178e-05
0.00105998
2.6668e-05
0.00105469
2.92859e-05
0.00104913
3.17528e-05
0.00104334
3.4051e-05
0.00103736
3.61642e-05
0.00103122
3.80767e-05
0.00102496
3.97745e-05
0.00101862
4.12441e-05
0.00101225
4.24735e-05
0.00100588
4.34516e-05
0.000999553
4.41684e-05
0.000993317
4.4615e-05
0.000987212
4.47836e-05
0.000981281
4.46676e-05
0.000975566
4.42626e-05
0.000970101
4.35708e-05
0.000964945
4.25681e-05
0.000960361
4.10319e-05
0.000955968
3.94614e-05
0.000951975
3.75827e-05
0.000948395
3.5414e-05
0.000945228
3.29729e-05
0.000942451
3.02806e-05
0.000939941
2.74108e-05
0.000937932
2.37172e-05
0.000936535
2.02386e-05
0.000935715
1.66706e-05
0.000935386
1.30074e-05
0.000935398
9.37669e-06
0.000935482
6.13238e-06
0.000935195
4.1025e-06
0.000933957
4.8843e-06
0.000931243
1.15743e-05
0.000926381
2.80976e-05
0.000921642
4.02474e-05
0.000922861
1.77747e-05
0.000923088
-2.38489e-05
0.00092051
-7.77378e-05
0.000947329
-0.000294554
0.000928483
0.000105366
-0.000172985
0.000955902
-4.08095e-05
0.000960846
-4.12521e-05
0.000965835
-4.16487e-05
0.000970859
-4.19838e-05
0.000975906
-4.22433e-05
0.00098096
-4.24158e-05
0.000986005
-4.24917e-05
0.000991023
-4.24617e-05
0.000995994
-4.23163e-05
0.0010009
-4.2046e-05
0.00100571
-4.16412e-05
0.00101041
-4.10924e-05
0.00101497
-4.03905e-05
0.00101937
-3.9527e-05
0.00102358
-3.84944e-05
0.00102758
-3.72863e-05
0.00103133
-3.58975e-05
0.00103482
-3.43244e-05
0.00103802
-3.25652e-05
0.0010409
-3.06201e-05
0.00104345
-2.84913e-05
0.00104562
-2.61832e-05
0.00104742
-2.37023e-05
0.00104881
-2.10576e-05
0.00104979
-1.82603e-05
0.00105034
-1.53238e-05
0.00105045
-1.22645e-05
0.00105012
-9.10184e-06
0.00104936
-5.86212e-06
0.00104818
-2.59466e-06
0.00104654
6.79947e-07
0.00104438
4.36642e-06
0.00104179
7.93603e-06
0.00103879
1.14776e-05
0.00103539
1.49826e-05
0.00103161
1.84318e-05
0.00102749
2.18034e-05
0.00102305
2.50746e-05
0.00101831
2.82228e-05
0.00101333
3.1226e-05
0.00100812
3.40627e-05
0.00100273
3.67125e-05
0.000997183
3.91562e-05
0.000991529
4.1376e-05
0.000985805
4.33554e-05
0.000980051
4.50793e-05
0.000974307
4.65339e-05
0.000968614
4.7707e-05
0.000963015
4.85873e-05
0.000957549
4.91651e-05
0.000952257
4.94319e-05
0.000947179
4.9381e-05
0.000942351
4.90084e-05
0.0009378
4.83188e-05
0.000933622
4.72444e-05
0.000930079
4.55991e-05
0.000926641
4.3948e-05
0.000923609
4.19612e-05
0.000920988
3.96596e-05
0.000918775
3.70716e-05
0.000916943
3.4236e-05
0.000915405
3.12378e-05
0.00091387
2.8366e-05
0.000913236
2.36839e-05
0.000912956
1.9828e-05
0.000913
1.58965e-05
0.000913276
1.1936e-05
0.000913622
8.12451e-06
0.000913733
4.91875e-06
0.000913084
3.29952e-06
0.000910727
5.12766e-06
0.000904762
1.44536e-05
0.000890515
3.76013e-05
0.000858952
6.58545e-05
0.000794382
7.7658e-05
0.000669675
9.6993e-05
0.000440647
0.000147787
-0.000230279
0.000371494
-1.97173e-05
-0.000106598
-0.0025202
0.000922943
-4.58416e-05
0.000927712
-4.63295e-05
0.000932517
-4.67634e-05
0.000937351
-4.71256e-05
0.000942199
-4.73994e-05
0.000947046
-4.75711e-05
0.000951876
-4.76292e-05
0.000956667
-4.75629e-05
0.0009614
-4.73612e-05
0.000966051
-4.7013e-05
0.000970597
-4.65073e-05
0.000975013
-4.58331e-05
0.000979273
-4.49804e-05
0.000983353
-4.39396e-05
0.000987223
-4.27026e-05
0.000990859
-4.12626e-05
0.000994233
-3.96147e-05
0.000997319
-3.77559e-05
0.00100009
-3.56854e-05
0.00100253
-3.34049e-05
0.0010046
-3.09184e-05
0.00100629
-2.82326e-05
0.00100759
-2.53571e-05
0.00100848
-2.23038e-05
0.00100894
-1.90874e-05
0.00100897
-1.57256e-05
0.00100858
-1.22389e-05
0.00100775
-8.65265e-06
0.00100652
-5.00227e-06
0.00100491
-1.37384e-06
0.00100266
2.54529e-06
0.00100009
6.54754e-06
0.00099714
1.04997e-05
0.000993812
1.4412e-05
0.000990136
1.82639e-05
0.000986139
2.20302e-05
0.000981856
2.56855e-05
0.000977323
2.92048e-05
0.000972576
3.25638e-05
0.000967654
3.57394e-05
0.000962596
3.87096e-05
0.000957441
4.14533e-05
0.000952229
4.39508e-05
0.000946999
4.61838e-05
0.000941794
4.81355e-05
0.000936652
4.97908e-05
0.000931615
5.1136e-05
0.000926722
5.21593e-05
0.000922012
5.28506e-05
0.000917524
5.32013e-05
0.000913291
5.32052e-05
0.000909346
5.28606e-05
0.000905704
5.21766e-05
0.00090255
5.09917e-05
0.000899998
4.9306e-05
0.000897502
4.75955e-05
0.000895414
4.55268e-05
0.000893733
4.31229e-05
0.000892454
4.04064e-05
0.000891586
3.73961e-05
0.000891156
3.41087e-05
0.000891275
3.05464e-05
0.000892508
2.65362e-05
0.000892192
2.33825e-05
0.000892039
1.93326e-05
0.000892102
1.51419e-05
0.000892319
1.09602e-05
0.000892536
7.04209e-06
0.000892501
3.9041e-06
0.000891888
2.53506e-06
0.000890279
4.74147e-06
0.000886968
1.47786e-05
0.000880669
3.92476e-05
0.000872251
6.85479e-05
0.000870367
7.51865e-05
0.000876909
8.62465e-05
0.000905586
0.000115109
0.00112493
0.000147607
0.00101861
-1.54643e-06
-0.00213942
0.000891078
-5.0689e-05
0.000895677
-5.12217e-05
0.000900311
-5.169e-05
0.000904966
-5.20732e-05
0.000909627
-5.23527e-05
0.000914277
-5.25134e-05
0.000918897
-5.25421e-05
0.000923467
-5.24263e-05
0.000927963
-5.21536e-05
0.000932362
-5.17112e-05
0.000936637
-5.10865e-05
0.000940764
-5.02674e-05
0.000944714
-4.92424e-05
0.000948459
-4.80015e-05
0.000951973
-4.65361e-05
0.000955228
-4.48395e-05
0.000958195
-4.29074e-05
0.000960849
-4.07379e-05
0.000963165
-3.83319e-05
0.000965121
-3.56932e-05
0.000966696
-3.28285e-05
0.000967874
-2.97478e-05
0.00096864
-2.64638e-05
0.000968986
-2.29924e-05
0.000968905
-1.93523e-05
0.000968396
-1.55652e-05
0.000967462
-1.16562e-05
0.000966112
-7.65705e-06
0.000964376
-3.62235e-06
0.000962383
2.6541e-07
0.000959685
4.88656e-06
0.000956642
9.22949e-06
0.00095327
1.35049e-05
0.000949602
1.77101e-05
0.000945666
2.1825e-05
0.000941494
2.58242e-05
0.000937119
2.96797e-05
0.000932576
3.33635e-05
0.000927905
3.68485e-05
0.000923146
4.0109e-05
0.000918341
4.31218e-05
0.000913534
4.58652e-05
0.000908766
4.83198e-05
0.000904079
5.04678e-05
0.000899514
5.22934e-05
0.000895111
5.37825e-05
0.000890906
5.49231e-05
0.000886937
5.57051e-05
0.000883237
5.61206e-05
0.000879837
5.61648e-05
0.00087676
5.58385e-05
0.000874011
5.51582e-05
0.000871902
5.38255e-05
0.000870251
5.21745e-05
0.000868657
5.04233e-05
0.000867462
4.83047e-05
0.000866646
4.58471e-05
0.000866186
4.30758e-05
0.00086606
4.00155e-05
0.000866236
3.66908e-05
0.000866675
3.31276e-05
0.000867316
2.93484e-05
0.000867982
2.52921e-05
0.000869236
2.15312e-05
0.000870229
1.77179e-05
0.000870936
1.37747e-05
0.000871362
9.81203e-06
0.000871483
6.09949e-06
0.000871206
3.18585e-06
0.000870411
2.02443e-06
0.000869006
4.25448e-06
0.00086703
1.3913e-05
0.000864746
3.6895e-05
0.000866073
6.1933e-05
0.000873718
6.29507e-05
0.000898733
5.66712e-05
0.000945297
6.40459e-05
0.00116164
-7.40021e-05
0.00112357
3.35909e-05
-0.00165786
0.000860442
-5.53644e-05
0.000864875
-5.59322e-05
0.000869333
-5.64258e-05
0.000873804
-5.68216e-05
0.000878272
-5.7098e-05
0.000882719
-5.72373e-05
0.000887125
-5.72245e-05
0.000891465
-5.70453e-05
0.000895716
-5.66854e-05
0.000899851
-5.61305e-05
0.000903843
-5.53666e-05
0.000907664
-5.438e-05
0.000911285
-5.31587e-05
0.000914676
-5.1692e-05
0.000917809
-4.99712e-05
0.000920655
-4.79905e-05
0.000923186
-4.57465e-05
0.000925377
-4.32393e-05
0.000927205
-4.04721e-05
0.000928648
-3.74518e-05
0.000929691
-3.41887e-05
0.00093032
-3.06966e-05
0.000930526
-2.69929e-05
0.000930306
-2.30979e-05
0.000929662
-1.90357e-05
0.0009286
-1.48336e-05
0.000927134
-1.05241e-05
0.000925292
-6.15103e-06
0.00092314
-1.81084e-06
0.000920237
2.82236e-06
0.000917216
7.55904e-06
0.000913887
1.22073e-05
0.000910262
1.67783e-05
0.000906373
2.12448e-05
0.000902266
2.55762e-05
0.000897988
2.97431e-05
0.000893587
3.37179e-05
0.000889112
3.7474e-05
0.000884606
4.09861e-05
0.000880114
4.42298e-05
0.000875679
4.71824e-05
0.000871344
4.9823e-05
0.00086715
5.21328e-05
0.000863138
5.40954e-05
0.000859345
5.56969e-05
0.000855807
5.69257e-05
0.000852557
5.77725e-05
0.000849625
5.8231e-05
0.000847033
5.82983e-05
0.000844799
5.79783e-05
0.00084292
5.72884e-05
0.00084184
5.58005e-05
0.000840969
5.42515e-05
0.000840215
5.24745e-05
0.000839841
5.0335e-05
0.00083981
4.78636e-05
0.000840087
4.50892e-05
0.000840632
4.20405e-05
0.000841399
3.87477e-05
0.000842337
3.52416e-05
0.000843388
3.15541e-05
0.000844487
2.77135e-05
0.000845542
2.36816e-05
0.000846613
1.98878e-05
0.000847626
1.61076e-05
0.000848484
1.22822e-05
0.000849082
8.52203e-06
0.000849315
5.07735e-06
0.000849083
2.46097e-06
0.000848338
1.51014e-06
0.000847188
3.57537e-06
0.000846202
1.2172e-05
0.000846728
3.19136e-05
0.000853626
4.97904e-05
0.000874318
3.80199e-05
0.000911899
1.47669e-05
0.000967429
4.52339e-06
0.00125571
-0.000366294
0.0011503
0.000136344
-0.00117362
0.000830804
-5.98673e-05
0.000835079
-6.047e-05
0.000839375
-6.09849e-05
0.000843676
-6.13856e-05
0.000847964
-6.16481e-05
0.000852217
-6.1753e-05
0.000856413
-6.16835e-05
0.000860527
-6.14236e-05
0.000864533
-6.09572e-05
0.000868401
-6.02681e-05
0.000872103
-5.93409e-05
0.000875608
-5.81609e-05
0.000878885
-5.67153e-05
0.000881903
-5.49932e-05
0.000884633
-5.29866e-05
0.000887044
-5.06909e-05
0.000889112
-4.81046e-05
0.000890809
-4.52306e-05
0.000892117
-4.20754e-05
0.000893017
-3.865e-05
0.000893497
-3.49691e-05
0.000893549
-3.10516e-05
0.00089317
-2.69197e-05
0.000892364
-2.25995e-05
0.000891138
-1.812e-05
0.000889506
-1.35143e-05
0.000887489
-8.82234e-06
0.000885131
-4.10872e-06
0.000882531
4.73049e-07
0.000879269
5.7652e-06
0.000875761
1.07448e-05
0.000872027
1.56141e-05
0.000868107
2.0368e-05
0.000864036
2.49815e-05
0.000859852
2.94232e-05
0.000855594
3.36601e-05
0.000851309
3.766e-05
0.000847042
4.13936e-05
0.000842844
4.48347e-05
0.00083876
4.79599e-05
0.000834838
5.07486e-05
0.000831119
5.31825e-05
0.000827642
5.52461e-05
0.000824444
5.69262e-05
0.000821556
5.82125e-05
0.000819006
5.90978e-05
0.000816816
5.95783e-05
0.000815001
5.96553e-05
0.000813563
5.93388e-05
0.000812617
5.8518e-05
0.00081246
5.70318e-05
0.000812228
5.56106e-05
0.000812234
5.38152e-05
0.00081259
5.16788e-05
0.000813248
4.92303e-05
0.000814157
4.64985e-05
0.000815268
4.35139e-05
0.000816528
4.03086e-05
0.000817879
3.69156e-05
0.000819264
3.33665e-05
0.000820626
2.96918e-05
0.000821911
2.59159e-05
0.00082305
2.20113e-05
0.000824057
1.8332e-05
0.000824919
1.46732e-05
0.000825611
1.09796e-05
0.000826079
7.38542e-06
0.000826233
4.15715e-06
0.000825964
1.79666e-06
0.000825221
1.01557e-06
0.000824128
2.89611e-06
0.000823157
1.05329e-05
0.000823438
2.73758e-05
0.000828554
4.00463e-05
0.000833979
2.85582e-05
0.00083716
7.50634e-06
0.000843448
-5.56414e-06
0.000535053
-6.39806e-05
0.000651228
1.90097e-05
-0.00133185
0.000802322
-6.42089e-05
0.000806439
-6.48354e-05
0.000810566
-6.53617e-05
0.000814688
-6.57573e-05
0.000818786
-6.59951e-05
0.000822837
-6.60526e-05
0.000826815
-6.59109e-05
0.000830693
-6.55518e-05
0.000834441
-6.49574e-05
0.000838028
-6.41101e-05
0.000841422
-6.29928e-05
0.00084459
-6.15902e-05
0.0008475
-5.9889e-05
0.000850118
-5.7879e-05
0.000852415
-5.55532e-05
0.000854361
-5.29092e-05
0.00085593
-4.99485e-05
0.000857101
-4.66778e-05
0.000857855
-4.31082e-05
0.000858179
-3.92558e-05
0.000858067
-3.51409e-05
0.000857517
-3.07883e-05
0.000856535
-2.62265e-05
0.000855133
-2.14877e-05
0.000853327
-1.66078e-05
0.000851145
-1.16282e-05
0.000848629
-6.60395e-06
0.000845881
-1.66137e-06
0.000842384
3.66505e-06
0.000838851
8.99266e-06
0.000835108
1.41809e-05
0.000831179
1.92353e-05
0.000827112
2.41252e-05
0.000822964
2.88166e-05
0.000818794
3.32777e-05
0.000814656
3.74785e-05
0.000810601
4.13909e-05
0.000806679
4.49885e-05
0.000802935
4.82475e-05
0.000799414
5.11467e-05
0.000796155
5.3668e-05
0.000793198
5.57969e-05
0.000790575
5.75219e-05
0.000788315
5.88353e-05
0.000786438
5.97327e-05
0.00078496
6.02139e-05
0.000783885
6.02852e-05
0.000783201
5.9964e-05
0.000783174
5.89837e-05
0.000783663
5.76391e-05
0.000784049
5.62464e-05
0.000784767
5.4486e-05
0.000785766
5.24013e-05
0.000787002
5.00206e-05
0.000788425
4.73768e-05
0.000789982
4.45035e-05
0.000791617
4.14339e-05
0.000793273
3.81997e-05
0.000794898
3.48307e-05
0.000796445
3.13527e-05
0.000797872
2.77877e-05
0.00079915
2.41493e-05
0.000800246
2.04058e-05
0.000801166
1.68855e-05
0.0008019
1.3388e-05
0.000802437
9.85166e-06
0.000802744
6.42535e-06
0.000802752
3.39202e-06
0.00080236
1.25617e-06
0.000801602
5.38902e-07
0.00080034
2.36981e-06
0.00079903
9.33344e-06
0.000798232
2.39776e-05
0.00080111
3.30278e-05
0.000805542
2.0941e-05
0.000809509
3.98558e-07
0.000814247
-1.3841e-05
0.000644532
0.000117674
0.000684887
-3.39694e-05
-0.00131977
0.000774753
-6.839e-05
0.000778722
-6.90401e-05
0.000782697
-6.95724e-05
0.000786656
-6.99531e-05
0.000790577
-7.01522e-05
0.000794433
-7.01456e-05
0.000798198
-6.99119e-05
0.00080184
-6.94311e-05
0.000805326
-6.86834e-05
0.000808624
-6.76493e-05
0.000811698
-6.63107e-05
0.000814512
-6.46518e-05
0.000817033
-6.26595e-05
0.000819227
-6.03247e-05
0.000821062
-5.76429e-05
0.000822511
-5.46147e-05
0.00082355
-5.12461e-05
0.00082416
-4.75487e-05
0.000824328
-4.35395e-05
0.000824048
-3.9241e-05
0.00082332
-3.46803e-05
0.000822151
-2.98892e-05
0.000820555
-2.4903e-05
0.000818554
-1.9761e-05
0.000816176
-1.45067e-05
0.000813461
-9.19152e-06
0.000810475
-3.89842e-06
0.000807123
1.41054e-06
0.000803357
7.14846e-06
0.000799449
1.26154e-05
0.000795426
1.7917e-05
0.000791336
2.3036e-05
0.000787228
2.79407e-05
0.000783154
3.25961e-05
0.000779166
3.69681e-05
0.000775317
4.1026e-05
0.00077166
4.47428e-05
0.000768244
4.80954e-05
0.000765113
5.10645e-05
0.000762308
5.36341e-05
0.000759862
5.57919e-05
0.000757803
5.75292e-05
0.000756152
5.88412e-05
0.000754925
5.97274e-05
0.000754124
6.01921e-05
0.000753746
6.02455e-05
0.000753776
5.99022e-05
0.000754579
5.88014e-05
0.000755543
5.76524e-05
0.000756529
5.62789e-05
0.00075782
5.45728e-05
0.000759348
5.25668e-05
0.000761058
5.02934e-05
0.00076289
4.77836e-05
0.000764786
4.50682e-05
0.000766694
4.21775e-05
0.000768563
3.91398e-05
0.000770351
3.59805e-05
0.000772024
3.27211e-05
0.000773554
2.93781e-05
0.000774924
2.59634e-05
0.000776128
2.24798e-05
0.000777157
1.88882e-05
0.000778016
1.55207e-05
0.000778689
1.21814e-05
0.000779164
8.80297e-06
0.000779401
5.54675e-06
0.000779331
2.71345e-06
0.00077884
8.24243e-07
0.000778114
3.49616e-08
0.000776758
1.98343e-06
0.000775451
8.21442e-06
0.000775418
2.03498e-05
0.000779409
2.53769e-05
0.000793446
3.47054e-06
0.000816365
-2.56958e-05
0.000859611
-5.98151e-05
0.00109015
-0.000115701
0.00100261
5.09825e-05
-0.000890018
0.000748273
-7.24199e-05
0.00075209
-7.30811e-05
0.000755901
-7.36081e-05
0.000759685
-7.39622e-05
0.000763417
-7.41092e-05
0.000767069
-7.40215e-05
0.000770607
-7.36753e-05
0.000773999
-7.30485e-05
0.000777208
-7.21191e-05
0.000780196
-7.08665e-05
0.000782926
-6.92718e-05
0.00078536
-6.7319e-05
0.000787461
-6.49964e-05
0.000789196
-6.22972e-05
0.000790534
-5.92202e-05
0.000791448
-5.57707e-05
0.00079192
-5.19606e-05
0.000791934
-4.78081e-05
0.000791485
-4.33377e-05
0.000790573
-3.85795e-05
0.00078921
-3.35685e-05
0.000787411
-2.83442e-05
0.000785201
-2.29496e-05
0.000782612
-1.74311e-05
0.000779685
-1.18403e-05
0.000776478
-6.24662e-06
0.000773173
-8.57956e-07
0.000769145
5.17165e-06
0.000765106
1.09195e-05
0.000760997
1.64564e-05
0.000756862
2.17818e-05
0.00075276
2.68658e-05
0.000748751
3.16745e-05
0.000744895
3.6175e-05
0.000741245
4.03373e-05
0.000737852
4.41343e-05
0.000734763
4.75433e-05
0.00073202
5.05456e-05
0.000729661
5.31275e-05
0.000727713
5.52799e-05
0.000726201
5.69983e-05
0.000725136
5.82829e-05
0.000724523
5.91386e-05
0.000724353
5.95763e-05
0.000724606
5.96135e-05
0.000725386
5.91342e-05
0.000726838
5.8112e-05
0.000728156
5.7139e-05
0.000729658
5.57986e-05
0.000731413
5.4165e-05
0.000733353
5.22656e-05
0.000735417
5.01293e-05
0.000737545
4.77848e-05
0.000739682
4.52592e-05
0.00074178
4.25776e-05
0.000743796
3.9762e-05
0.000745701
3.68316e-05
0.00074747
3.3802e-05
0.00074909
3.0686e-05
0.000750553
2.74929e-05
0.000751856
2.42285e-05
0.000753
2.08912e-05
0.000753977
1.744e-05
0.000754798
1.42105e-05
0.000755436
1.10253e-05
0.000755859
7.81705e-06
0.000756011
4.75946e-06
0.000755805
2.16406e-06
0.000755142
5.27291e-07
0.000754036
-1.34904e-07
0.000752235
1.95796e-06
0.000749937
8.0692e-06
0.000748088
1.86515e-05
0.000749138
2.11213e-05
0.000758751
-9.02642e-06
0.000783378
-5.26631e-05
0.000847281
-0.000125417
0.00105608
-0.00032657
0.000932188
0.000174118
-0.000573038
0.000722632
-7.63006e-05
0.000726311
-7.69723e-05
0.000729976
-7.7487e-05
0.000733601
-7.78013e-05
0.000737156
-7.78783e-05
0.000740608
-7.76877e-05
0.000743922
-7.72034e-05
0.00074706
-7.64008e-05
0.000749981
-7.52563e-05
0.000752646
-7.3748e-05
0.000755012
-7.18567e-05
0.00075704
-6.95675e-05
0.000758692
-6.68707e-05
0.000759934
-6.37633e-05
0.000760738
-6.02494e-05
0.000761082
-5.63408e-05
0.000760949
-5.20568e-05
0.000760335
-4.74242e-05
0.000759241
-4.24764e-05
0.00075768
-3.72525e-05
0.000755672
-3.17968e-05
0.000753246
-2.61572e-05
0.000750441
-2.03853e-05
0.000747304
-1.45371e-05
0.000743897
-8.67869e-06
0.000740329
-2.92467e-06
0.0007362
3.02542e-06
0.000732047
9.07583e-06
0.000727868
1.48482e-05
0.000723698
2.03734e-05
0.000719604
2.56215e-05
0.000715655
3.05586e-05
0.000711916
3.51538e-05
0.00070845
3.938e-05
0.000705308
4.32138e-05
0.000702539
4.66358e-05
0.000700179
4.96309e-05
0.000698259
5.21886e-05
0.000696802
5.43037e-05
0.000695819
5.59764e-05
0.000695314
5.72123e-05
0.000695279
5.80225e-05
0.000695693
5.84238e-05
0.000696523
5.84403e-05
0.00069797
5.78552e-05
0.000699763
5.70243e-05
0.000701462
5.6089e-05
0.000703425
5.48462e-05
0.000705554
5.33328e-05
0.0007078
5.15761e-05
0.000710109
4.9606e-05
0.000712432
4.74501e-05
0.000714721
4.51324e-05
0.000716939
4.26727e-05
0.000719056
4.00875e-05
0.000721049
3.73899e-05
0.000722905
3.4591e-05
0.000724619
3.16998e-05
0.000726185
2.87247e-05
0.000727604
2.56722e-05
0.000728874
2.25475e-05
0.00072999
1.93489e-05
0.000730935
1.60389e-05
0.000731728
1.29429e-05
0.00073234
9.90883e-06
0.000732729
6.87359e-06
0.000732828
4.02504e-06
0.00073254
1.68743e-06
0.000731891
2.0001e-07
0.000730691
-2.57464e-07
0.000728745
2.01307e-06
0.000726331
8.03283e-06
0.000724337
1.72118e-05
0.000722222
2.04226e-05
0.000719309
-8.64698e-06
0.0007163
-5.17235e-05
0.000712863
-0.000123143
0.000651063
-0.000270479
0.000661817
0.000163568
-0.000833187
0.000698015
-8.00391e-05
0.000701548
-8.07073e-05
0.000705053
-8.11964e-05
0.000708505
-8.14569e-05
0.000711868
-8.14464e-05
0.000715107
-8.11306e-05
0.00071818
-8.04807e-05
0.000721045
-7.94698e-05
0.000723656
-7.80728e-05
0.000725969
-7.62671e-05
0.000727939
-7.40344e-05
0.000729525
-7.13617e-05
0.000730688
-6.82433e-05
0.000731396
-6.46819e-05
0.000731624
-6.06887e-05
0.000731355
-5.62843e-05
0.000730582
-5.14978e-05
0.000729308
-4.63661e-05
0.000727547
-4.09334e-05
0.000725324
-3.5249e-05
0.000722672
-2.93667e-05
0.000719634
-2.33435e-05
0.000716262
-1.72391e-05
0.000712616
-1.11184e-05
0.00070878
-5.07138e-06
0.000704861
7.65319e-07
0.0007004
7.25597e-06
0.000696021
1.32215e-05
0.000691749
1.88858e-05
0.000687642
2.42424e-05
0.000683761
2.92636e-05
0.00068016
3.39179e-05
0.000676894
3.81756e-05
0.000674015
4.2013e-05
0.000671566
4.54126e-05
0.000669585
4.83637e-05
0.000668097
5.08619e-05
0.000667116
5.29086e-05
0.000666642
5.45108e-05
0.000666666
5.5681e-05
0.000667165
5.64371e-05
0.000668105
5.68011e-05
0.000669466
5.67766e-05
0.000671442
5.61726e-05
0.000673466
5.55332e-05
0.00067553
5.46572e-05
0.000677795
5.3515e-05
0.000680191
5.21352e-05
0.000682657
5.05454e-05
0.000685137
4.87679e-05
0.000687587
4.68225e-05
0.000689971
4.47263e-05
0.000692264
4.2494e-05
0.000694449
4.01375e-05
0.000696514
3.76665e-05
0.000698454
3.50899e-05
0.000700265
3.24155e-05
0.000701943
2.96515e-05
0.000703486
2.68062e-05
0.000704888
2.38873e-05
0.000706142
2.09011e-05
0.000707235
1.78472e-05
0.000708139
1.46923e-05
0.000708878
1.17421e-05
0.000709419
8.8727e-06
0.000709714
6.02934e-06
0.000709689
3.41233e-06
0.000709243
1.35099e-06
0.000708332
9.55396e-08
0.000706624
5.96931e-08
0.000703928
2.74969e-06
0.00069941
1.0094e-05
0.000690853
2.21151e-05
0.000669915
3.88707e-05
0.000623343
3.60624e-05
0.000517191
5.26851e-05
0.000250894
0.000142032
-0.000256384
0.000234149
-2.46652e-06
-9.2147e-05
-0.0023878
0.000674174
-8.36386e-05
0.000677576
-8.43019e-05
0.000680941
-8.47559e-05
0.000684234
-8.49452e-05
0.000687415
-8.48237e-05
0.000690444
-8.43539e-05
0.000693272
-8.35043e-05
0.000695853
-8.22457e-05
0.000698136
-8.05519e-05
0.000700074
-7.84004e-05
0.000701618
-7.57748e-05
0.000702725
-7.26661e-05
0.000703359
-6.90746e-05
0.00070349
-6.50109e-05
0.000703099
-6.04964e-05
0.000702178
-5.55627e-05
0.000700731
-5.02509e-05
0.000698773
-4.46105e-05
0.000696333
-3.86973e-05
0.000693451
-3.25722e-05
0.000690175
-2.62989e-05
0.000686566
-1.99435e-05
0.00068269
-1.35753e-05
0.000678635
-7.27639e-06
0.000674595
-1.24671e-06
0.000669856
5.28707e-06
0.00066543
1.14634e-05
0.000661144
1.72889e-05
0.000657048
2.27622e-05
0.000653217
2.78525e-05
0.000649727
3.25315e-05
0.000646642
3.67772e-05
0.000644017
4.05735e-05
0.000641889
4.39097e-05
0.000640286
4.6781e-05
0.000639222
4.9189e-05
0.000638699
5.11421e-05
0.000638705
5.26549e-05
0.000639216
5.37481e-05
0.000640192
5.44474e-05
0.000641585
5.47813e-05
0.000643439
5.46801e-05
0.000645751
5.41914e-05
0.00064795
5.36937e-05
0.000650298
5.29013e-05
0.000652785
5.18807e-05
0.00065535
5.06539e-05
0.000657942
4.92422e-05
0.000660517
4.76636e-05
0.00066304
4.59323e-05
0.000665485
4.40591e-05
0.000667836
4.20524e-05
0.000670081
3.99196e-05
0.000672217
3.7668e-05
0.000674239
3.53051e-05
0.000676147
3.28394e-05
0.000677935
3.02802e-05
0.000679597
2.76373e-05
0.000681124
2.49209e-05
0.000682506
2.214e-05
0.00068373
1.93015e-05
0.000684781
1.64041e-05
0.000685628
1.34137e-05
0.000686299
1.06195e-05
0.000686766
7.91941e-06
0.000686984
5.26612e-06
0.000686884
2.86878e-06
0.000686376
1.05801e-06
0.000685474
-5.90926e-08
0.000683948
1.26163e-07
0.00068162
3.0227e-06
0.000678558
1.06085e-05
0.000674659
2.2547e-05
0.000667983
4.34816e-05
0.000660709
4.15299e-05
0.000655583
5.64472e-05
0.000676148
0.000119886
0.000801396
0.000107261
0.000720803
-1.15863e-05
-0.00217456
0.000651295
-8.71038e-05
0.000654554
-8.77462e-05
0.000657762
-8.81494e-05
0.00066088
-8.82495e-05
0.000663863
-8.79935e-05
0.000666661
-8.73396e-05
0.000669224
-8.62529e-05
0.000671494
-8.47026e-05
0.000673418
-8.26622e-05
0.000674942
-8.01108e-05
0.000676016
-7.70356e-05
0.000676598
-7.34341e-05
0.000676653
-6.93156e-05
0.000676157
-6.47018e-05
0.000675102
-5.96271e-05
0.000673489
-5.41371e-05
0.000671338
-4.82877e-05
0.000668681
-4.21421e-05
0.000665563
-3.57695e-05
0.000662041
-2.92423e-05
0.000658183
-2.26345e-05
0.000654066
-1.60224e-05
0.000649783
-9.49003e-06
0.000645474
-3.16617e-06
0.000640756
3.27191e-06
0.000636164
9.6782e-06
0.000631786
1.5638e-05
0.000627676
2.11942e-05
0.000623908
2.63238e-05
0.000620552
3.10016e-05
0.000617666
3.52081e-05
0.0006153
3.89319e-05
0.00061349
4.21699e-05
0.000612256
4.49268e-05
0.000611602
4.72143e-05
0.000611515
4.90506e-05
0.000611968
5.04595e-05
0.000612919
5.147e-05
0.000614313
5.21144e-05
0.000616092
5.24249e-05
0.000618327
5.22965e-05
0.000620777
5.19757e-05
0.00062317
5.15375e-05
0.000625729
5.08686e-05
0.000628363
4.99961e-05
0.000631028
4.89393e-05
0.000633684
4.77152e-05
0.000636302
4.63369e-05
0.000638859
4.48138e-05
0.00064134
4.31528e-05
0.000643736
4.13596e-05
0.000646041
3.94391e-05
0.00064825
3.73973e-05
0.000650358
3.52412e-05
0.000652361
3.29794e-05
0.000654252
3.0622e-05
0.000656021
2.81798e-05
0.000657658
2.56644e-05
0.000659151
2.30864e-05
0.000660487
2.04548e-05
0.000661653
1.77751e-05
0.000662637
1.50436e-05
0.000663409
1.22196e-05
0.000664001
9.58535e-06
0.000664384
7.05683e-06
0.000664512
4.59265e-06
0.000664322
2.40428e-06
0.000663733
8.16633e-07
0.000662771
-2.1605e-07
0.000661232
9.39338e-08
0.000659045
3.00605e-06
0.000656605
1.02578e-05
0.000655117
2.05222e-05
0.000653289
4.366e-05
0.000650626
4.27059e-05
0.000666592
3.91966e-05
0.000748319
3.67472e-05
0.000996608
-0.000142715
0.000897824
8.51995e-05
-0.00179402
0.000629135
-9.04393e-05
0.00063227
-9.10577e-05
0.00063534
-9.13965e-05
0.000638296
-9.13841e-05
0.000641086
-9.09621e-05
0.000643652
-9.00851e-05
0.000645937
-8.87152e-05
0.000647876
-8.68204e-05
0.000649411
-8.43748e-05
0.000650484
-8.1361e-05
0.000651044
-7.77727e-05
0.00065105
-7.3617e-05
0.000650475
-6.89159e-05
0.000649304
-6.37061e-05
0.00064754
-5.80384e-05
0.000645203
-5.19757e-05
0.00064233
-4.55904e-05
0.000638973
-3.89613e-05
0.000635197
-3.21709e-05
0.000631078
-2.53028e-05
0.000626704
-1.84405e-05
0.000622169
-1.16698e-05
0.000617596
-5.10019e-06
0.000613012
1.23346e-06
0.000608147
7.95113e-06
0.000603627
1.40103e-05
0.000599478
1.95978e-05
0.000595767
2.47134e-05
0.000592555
2.93426e-05
0.000589891
3.34716e-05
0.000587809
3.7093e-05
0.000586334
4.02086e-05
0.000585472
4.28302e-05
0.000585215
4.49794e-05
0.000585536
4.66852e-05
0.000586391
4.79826e-05
0.000587724
4.89097e-05
0.000589467
4.95052e-05
0.000591553
4.9802e-05
0.000594046
4.96995e-05
0.000596579
4.95265e-05
0.000599135
4.91759e-05
0.000601795
4.86298e-05
0.000604501
4.79078e-05
0.000607213
4.70249e-05
0.000609898
4.599e-05
0.000612535
4.48089e-05
0.00061511
4.34863e-05
0.000617618
4.20261e-05
0.000620053
4.04326e-05
0.000622412
3.8711e-05
0.000624689
3.68675e-05
0.000626877
3.49099e-05
0.000628968
3.28472e-05
0.00063095
3.06894e-05
0.000632812
2.84476e-05
0.000634542
2.6133e-05
0.000636129
2.37564e-05
0.000637562
2.13276e-05
0.000638829
1.88541e-05
0.00063992
1.63395e-05
0.000640824
1.37777e-05
0.000641516
1.11157e-05
0.000642031
8.6364e-06
0.000642341
6.27188e-06
0.000642403
3.9834e-06
0.000642159
1.97928e-06
0.000641539
6.14556e-07
0.000640635
-4.92708e-07
0.000639295
-2.49365e-07
0.000637464
2.53941e-06
0.00063604
8.73137e-06
0.000637328
1.57623e-05
0.000640384
3.94977e-05
0.000649426
3.2671e-05
0.000671078
1.65841e-05
0.000711948
-5.23537e-06
0.000875738
-0.000307716
0.000782264
0.000177564
-0.00159385
0.000607879
-9.36475e-05
0.000610876
-9.42232e-05
0.000613788
-9.44781e-05
0.000616562
-9.43287e-05
0.000619137
-9.37082e-05
0.000621447
-9.25657e-05
0.000623423
-9.08609e-05
0.000624994
-8.85614e-05
0.000626094
-8.56444e-05
0.000626663
-8.20988e-05
0.000626651
-7.79287e-05
0.000626022
-7.31553e-05
0.000624758
-6.78178e-05
0.00062286
-6.19725e-05
0.000620347
-5.56905e-05
0.000617262
-4.90547e-05
0.000613663
-4.21558e-05
0.000609626
-3.50885e-05
0.000605237
-2.79478e-05
0.000600594
-2.08269e-05
0.000595802
-1.38165e-05
0.000590978
-7.01555e-06
0.00058641
-7.03414e-07
0.000581268
6.2024e-06
0.000576685
1.23596e-05
0.000572548
1.79723e-05
0.000568912
2.30575e-05
0.00056584
2.76077e-05
0.000563383
3.16191e-05
0.000561576
3.5097e-05
0.00056043
3.80557e-05
0.000559933
4.05183e-05
0.000560058
4.25165e-05
0.000560755
4.4089e-05
0.000561965
4.52794e-05
0.000563614
4.61331e-05
0.000565623
4.66945e-05
0.000567937
4.69812e-05
0.000570563
4.69616e-05
0.000573137
4.69045e-05
0.000575785
4.66524e-05
0.000578493
4.62359e-05
0.000581219
4.56663e-05
0.000583934
4.49508e-05
0.000586617
4.40935e-05
0.000589258
4.30964e-05
0.000591848
4.1961e-05
0.000594382
4.0689e-05
0.000596856
3.9284e-05
0.000599265
3.77512e-05
0.000601601
3.60975e-05
0.000603856
3.43314e-05
0.000606017
3.24623e-05
0.000608073
3.05006e-05
0.000610011
2.84567e-05
0.00061182
2.63409e-05
0.000613487
2.41633e-05
0.000615003
2.19332e-05
0.00061636
1.96589e-05
0.000617548
1.73466e-05
0.000618559
1.49991e-05
0.00061938
1.26106e-05
0.000619988
1.01042e-05
0.000620428
7.7704e-06
0.000620672
5.5563e-06
0.000620676
3.42607e-06
0.000620379
1.58652e-06
0.000619772
2.5891e-07
0.000618843
-8.41377e-07
0.000617501
-7.39055e-07
0.000615795
1.53256e-06
0.000614288
6.96005e-06
0.000615571
1.07302e-05
0.00061239
4.19852e-05
0.000592733
5.16742e-05
0.000546857
6.19454e-05
0.000409611
0.000130789
-0.000146896
0.000247602
5.47867e-05
-2.47461e-05
-0.00230718
0.000587294
-9.67341e-05
0.000590172
-9.72613e-05
0.000592944
-9.74127e-05
0.000595547
-9.7094e-05
0.000597907
-9.62314e-05
0.000599948
-9.47694e-05
0.000601591
-9.26658e-05
0.000602757
-8.98898e-05
0.000603375
-8.64242e-05
0.000603385
-8.22687e-05
0.000602739
-7.74426e-05
0.000601413
-7.19872e-05
0.000599403
-6.59645e-05
0.00059673
-5.94551e-05
0.00059344
-5.25544e-05
0.000589599
-4.53675e-05
0.000585293
-3.80039e-05
0.000580624
-3.05734e-05
0.000575705
-2.31824e-05
0.000570655
-1.59328e-05
0.000565612
-8.92885e-06
0.000560769
-2.33047e-06
0.000555538
4.37057e-06
0.000550933
1.06485e-05
0.000546833
1.62982e-05
0.000543289
2.13538e-05
0.000540368
2.58133e-05
0.000538124
2.96849e-05
0.000536585
3.29901e-05
0.00053575
3.57613e-05
0.000535594
3.80391e-05
0.000536066
3.98704e-05
0.000537098
4.13056e-05
0.000538609
4.23961e-05
0.00054051
4.31912e-05
0.000542717
4.37364e-05
0.000545172
4.40445e-05
0.000547824
4.41292e-05
0.000550427
4.4153e-05
0.000553109
4.4012e-05
0.000555818
4.37268e-05
0.000558529
4.33036e-05
0.000561224
4.27446e-05
0.000563893
4.20502e-05
0.00056653
4.12201e-05
0.000569129
4.02549e-05
0.000571686
3.91564e-05
0.000574195
3.79282e-05
0.000576647
3.65755e-05
0.000579032
3.51052e-05
0.000581338
3.35257e-05
0.000583554
3.18462e-05
0.000585666
3.00764e-05
0.000587662
2.8226e-05
0.000589533
2.63045e-05
0.000591267
2.43209e-05
0.000592857
2.22839e-05
0.000594295
2.02016e-05
0.000595574
1.80818e-05
0.000596684
1.59312e-05
0.000597614
1.37545e-05
0.000598344
1.15527e-05
0.000598858
9.19521e-06
0.000599223
6.98627e-06
0.000599414
4.89474e-06
0.000599384
2.89211e-06
0.000599062
1.18889e-06
0.000598508
-1.61803e-07
0.000597717
-1.45625e-06
0.000596387
-1.42153e-06
0.000594991
1.65174e-07
0.000593843
4.59141e-06
0.000596899
3.79768e-06
0.000598915
3.9993e-05
0.000596416
5.41267e-05
0.000594006
6.40352e-05
0.000619129
0.000104947
0.000729915
0.000135966
0.000688183
1.60068e-05
-0.00203219
0.00056756
-9.97e-05
0.000570302
-0.000100156
0.000572913
-0.000100178
0.000575319
-9.96553e-05
0.000577435
-9.85032e-05
0.000579171
-9.66607e-05
0.000580436
-9.40849e-05
0.000581142
-9.07499e-05
0.000581214
-8.6649e-05
0.000580591
-8.17985e-05
0.000579238
-7.62405e-05
0.000577145
-7.00431e-05
0.00057433
-6.32978e-05
0.000570844
-5.61147e-05
0.000566761
-4.86162e-05
0.000562179
-4.09304e-05
0.000557217
-3.31848e-05
0.000552001
-2.55016e-05
0.000546671
-1.79954e-05
0.000541371
-1.07774e-05
0.000536277
-3.97974e-06
0.000531185
2.61601e-06
0.000526379
9.02912e-06
0.000522218
1.46613e-05
0.000518739
1.96271e-05
0.00051599
2.39506e-05
0.000513995
2.76547e-05
0.000512752
3.07717e-05
0.000512238
3.33459e-05
0.000512406
3.54327e-05
0.000513188
3.70941e-05
0.000514499
3.83938e-05
0.000516244
3.93914e-05
0.000518328
4.01394e-05
0.00052066
4.06823e-05
0.000523176
4.10398e-05
0.000525813
4.12218e-05
0.000528424
4.13276e-05
0.000531086
4.12943e-05
0.000533765
4.11325e-05
0.000536442
4.08436e-05
0.000539108
4.0426e-05
0.000541758
3.98778e-05
0.000544388
3.91981e-05
0.000546994
3.83877e-05
0.000549568
3.74489e-05
0.000552101
3.63858e-05
0.000554584
3.5204e-05
0.000557003
3.39101e-05
0.000559346
3.25118e-05
0.0005616
3.10172e-05
0.000563753
2.94347e-05
0.000565794
2.77727e-05
0.000567714
2.60397e-05
0.000569504
2.42437e-05
0.000571158
2.2393e-05
0.000572669
2.04953e-05
0.000574031
1.85589e-05
0.000575235
1.65925e-05
0.000576269
1.46062e-05
0.000577114
1.26125e-05
0.000577721
1.06429e-05
0.000578138
8.38981e-06
0.000578468
6.23769e-06
0.000578663
4.21965e-06
0.000578642
2.32888e-06
0.000578301
7.78142e-07
0.000577755
-6.29349e-07
0.000576994
-2.11259e-06
0.000575605
-2.1192e-06
0.00057404
-1.18307e-06
0.000572708
1.88795e-06
0.000577008
-5.89566e-06
0.000582062
3.59285e-05
0.000585859
5.10047e-05
0.000601674
4.82886e-05
0.00065107
5.48974e-05
0.000831978
-4.56699e-05
0.000765716
8.17471e-05
-0.00168649
0.000548457
-0.000102552
0.000551082
-0.000102926
0.000553547
-0.00010279
0.00055576
-0.000102017
0.000557622
-0.000100512
0.000559025
-9.82117e-05
0.000559867
-9.50738e-05
0.000560053
-9.10819e-05
0.000559505
-8.62467e-05
0.000558173
-8.06097e-05
0.000556034
-7.42447e-05
0.000553106
-6.72554e-05
0.000549438
-5.97693e-05
0.000545116
-5.19302e-05
0.000540253
-4.38889e-05
0.000534983
-3.57951e-05
0.000529455
-2.77904e-05
0.000523823
-2.00043e-05
0.000518248
-1.2554e-05
0.000512899
-5.56264e-06
0.000507931
8.54958e-07
0.000502904
7.50797e-06
0.000498703
1.30942e-05
0.0004953
1.79258e-05
0.000492724
2.20637e-05
0.000490977
2.55558e-05
0.000490035
2.8454e-05
0.000489842
3.08184e-05
0.000490323
3.27167e-05
0.000491384
3.42213e-05
0.000492921
3.5403e-05
0.000494833
3.63252e-05
0.000497023
3.70409e-05
0.000499407
3.7591e-05
0.000501916
3.80046e-05
0.00050451
3.82736e-05
0.000507093
3.84608e-05
0.000509711
3.85279e-05
0.000512341
3.84777e-05
0.000514974
3.83071e-05
0.000517607
3.80132e-05
0.000520237
3.75939e-05
0.000522859
3.70488e-05
0.000525465
3.63792e-05
0.000528047
3.55882e-05
0.000530593
3.468e-05
0.000533091
3.36601e-05
0.000535529
3.25345e-05
0.000537893
3.131e-05
0.000540171
2.99933e-05
0.000542353
2.85914e-05
0.000544428
2.71114e-05
0.000546388
2.55603e-05
0.000548227
2.39454e-05
0.000549937
2.22742e-05
0.000551513
2.05541e-05
0.000552949
1.87931e-05
0.000554238
1.70001e-05
0.000555372
1.51867e-05
0.000556333
1.33695e-05
0.000557087
1.15833e-05
0.000557495
9.97992e-06
0.000557843
7.63601e-06
0.000558209
5.43351e-06
0.000558472
3.45398e-06
0.000558484
1.70523e-06
0.000558106
3.70262e-07
0.000557712
-1.30668e-06
0.00055674
-2.65157e-06
0.00055535
-2.98176e-06
0.000553238
-2.13445e-06
0.000551207
2.05303e-07
0.000554565
-1.22467e-05
0.000562009
3.07275e-05
0.000569823
4.46964e-05
0.000588515
3.01604e-05
0.000647021
-3.87273e-06
0.000814037
-0.000212489
0.000764858
0.000131431
-0.00136289
0.00053016
-0.000105289
0.000532648
-0.000105553
0.000534939
-0.000105222
0.000536928
-0.000104146
0.000538493
-0.000102218
0.000539509
-9.93682e-05
0.000539859
-9.55628e-05
0.000539441
-9.0802e-05
0.000538181
-8.51242e-05
0.000536043
-7.86079e-05
0.000533034
-7.13701e-05
0.000529205
-6.35591e-05
0.00052465
-5.53449e-05
0.000519498
-4.6907e-05
0.000513905
-3.84231e-05
0.000508044
-3.00596e-05
0.000502094
-2.19654e-05
0.000496234
-1.42692e-05
0.000490644
-7.08833e-06
0.000485651
-6.9537e-07
0.00048041
5.96969e-06
0.000476278
1.15132e-05
0.000473025
1.62203e-05
0.00047065
2.01732e-05
0.000469145
2.34391e-05
0.000468473
2.60963e-05
0.000468561
2.82318e-05
0.000469308
2.99347e-05
0.000470595
3.12897e-05
0.000472303
3.23712e-05
0.000474321
3.32396e-05
0.000476555
3.3942e-05
0.000478931
3.45121e-05
0.000481395
3.4971e-05
0.00048391
3.53285e-05
0.000486437
3.55818e-05
0.000488992
3.57359e-05
0.000491565
3.57805e-05
0.000494153
3.5711e-05
0.000496752
3.5524e-05
0.000499359
3.5218e-05
0.000501965
3.47935e-05
0.000504563
3.42524e-05
0.00050714
3.35981e-05
0.000509684
3.28348e-05
0.000512183
3.19675e-05
0.000514624
3.10013e-05
0.000516994
2.99415e-05
0.000519284
2.87937e-05
0.000521482
2.75636e-05
0.000523582
2.62571e-05
0.000525575
2.48802e-05
0.000527453
2.34393e-05
0.000529212
2.19412e-05
0.000530844
2.03926e-05
0.000532345
1.88008e-05
0.000533709
1.71736e-05
0.00053493
1.55204e-05
0.000536002
1.38552e-05
0.000536904
1.22044e-05
0.000537616
1.0626e-05
0.000538004
9.46444e-06
0.000538411
6.72075e-06
0.000538692
4.63299e-06
0.000538863
2.7377e-06
0.000538811
1.13873e-06
0.000538511
-1.08855e-07
0.000537901
-1.7582e-06
0.00053676
-3.02892e-06
0.000535245
-3.68036e-06
0.000533279
-3.1071e-06
0.000531297
-1.21518e-06
0.000530164
-1.46838e-05
0.000537665
2.53848e-05
0.000545579
3.84138e-05
0.000563145
1.33979e-05
0.00063152
-7.20226e-05
0.000865127
-0.000445206
0.000712895
0.000285142
-0.00117532
0.000512461
-0.000107919
0.000514831
-0.000108055
0.00051696
-0.000107485
0.000518716
-0.000106036
0.000519953
-0.000103589
0.000520528
-0.000100075
0.000520307
-9.54741e-05
0.000519189
-8.98147e-05
0.000517113
-8.31776e-05
0.000514071
-7.56936e-05
0.00051011
-6.75356e-05
0.000505333
-5.89061e-05
0.000499887
-5.0021e-05
0.000493954
-4.1094e-05
0.000487735
-3.23234e-05
0.000481442
-2.38842e-05
0.000475283
-1.59234e-05
0.000469463
-8.56516e-06
0.000464229
-1.96975e-06
0.000458998
4.42063e-06
0.00045492
9.93128e-06
0.000451809
1.4507e-05
0.000449644
1.82665e-05
0.000448394
2.13031e-05
0.000447991
2.37208e-05
0.000448333
2.56312e-05
0.000449295
2.71437e-05
0.000450745
2.83559e-05
0.000452556
2.93462e-05
0.000454621
3.01717e-05
0.00045685
3.08716e-05
0.000459181
3.14695e-05
0.000461571
3.1976e-05
0.000464
3.23928e-05
0.000466458
3.27165e-05
0.000468943
3.29396e-05
0.000471456
3.30601e-05
0.000473997
3.30731e-05
0.00047656
3.29764e-05
0.000479138
3.27694e-05
0.000481722
3.2453e-05
0.0004843
3.20294e-05
0.00048686
3.15017e-05
0.000489389
3.08735e-05
0.000491874
3.01488e-05
0.000494305
2.93317e-05
0.00049667
2.84263e-05
0.00049896
2.74371e-05
0.000501167
2.63686e-05
0.000503283
2.5226e-05
0.0005053
2.40144e-05
0.000507211
2.27397e-05
0.00050901
2.14077e-05
0.00051069
2.00247e-05
0.000512246
1.85968e-05
0.000513673
1.71307e-05
0.000514968
1.56329e-05
0.000516128
1.41115e-05
0.000517157
1.2575e-05
0.000518075
1.10398e-05
0.000518943
9.50629e-06
0.000520263
8.05356e-06
0.000520214
6.27147e-06
0.000519966
4.34362e-06
0.000519687
2.43176e-06
0.000519352
8.25699e-07
0.000519032
-5.58518e-07
0.000518477
-2.23668e-06
0.000517491
-3.56336e-06
0.000516184
-4.66752e-06
0.00051456
-4.75827e-06
0.000512826
-3.09104e-06
0.000507908
-1.34975e-05
0.000514983
2.01506e-05
0.000523124
3.18854e-05
0.000520665
1.71641e-05
0.000536169
-8.67891e-05
0.000231288
-0.000138456
0.000338507
0.000178263
-0.00156772
0.000495532
-0.000110439
0.00049776
-0.000110409
0.000499691
-0.000109544
0.000501167
-0.00010764
0.000502012
-0.000104561
0.000502055
-0.000100244
0.000501153
-9.4697e-05
0.00049921
-8.79952e-05
0.000496193
-8.02821e-05
0.000492139
-7.17595e-05
0.000487155
-6.26702e-05
0.00048141
-5.32769e-05
0.000475115
-4.384e-05
0.000468508
-3.45996e-05
0.000461838
-2.57633e-05
0.000455344
-1.75005e-05
0.000449259
-9.94694e-06
0.000443812
-3.22539e-06
0.000438747
2.98796e-06
0.000434598
8.46129e-06
0.000431568
1.2853e-05
0.000429597
1.63685e-05
0.000428606
1.91465e-05
0.000428475
2.13211e-05
0.000429059
2.30223e-05
0.000430204
2.43697e-05
0.000431765
2.54632e-05
0.00043362
2.63787e-05
0.000435672
2.71693e-05
0.000437849
2.78672e-05
0.000440102
2.84871e-05
0.000442405
2.90312e-05
0.000444747
2.94946e-05
0.000447126
2.98707e-05
0.000449546
3.01496e-05
0.000452003
3.03316e-05
0.000454495
3.04128e-05
0.000457016
3.03919e-05
0.000459558
3.02703e-05
0.000462108
3.00498e-05
0.000464655
2.97324e-05
0.000467186
2.93206e-05
0.000469687
2.88171e-05
0.000472148
2.82243e-05
0.000474559
2.75452e-05
0.00047691
2.6783e-05
0.000479194
2.59411e-05
0.000481402
2.50235e-05
0.000483526
2.40345e-05
0.00048556
2.29789e-05
0.000487495
2.18619e-05
0.000489326
2.06886e-05
0.000491045
1.94645e-05
0.000492647
1.81951e-05
0.000494127
1.68859e-05
0.000495481
1.55422e-05
0.000496708
1.41691e-05
0.000497807
1.27711e-05
0.000498784
1.1351e-05
0.000499668
9.9083e-06
0.000500488
8.41692e-06
0.000501389
6.85919e-06
0.00050182
5.50572e-06
0.000501793
3.96899e-06
0.000501413
2.31432e-06
0.000500801
8.01684e-07
0.000500126
-7.23225e-07
0.000499395
-2.65656e-06
0.000498487
-4.29976e-06
0.000497426
-5.97755e-06
0.000496485
-6.89443e-06
0.000495835
-5.86164e-06
0.000487634
-7.86241e-06
0.000488498
2.09083e-05
0.000473952
4.79339e-05
0.000410733
8.1737e-05
0.000145466
0.000179439
-0.000225582
0.000235473
1.70552e-05
-6.26634e-05
-0.00214341
0.000479181
-0.000112858
0.000481282
-0.000112631
0.000483017
-0.000111401
0.000484182
-0.000108927
0.000484566
-0.000105065
0.000483974
-9.97712e-05
0.000482259
-9.30994e-05
0.000479348
-8.51998e-05
0.000475257
-7.63053e-05
0.000470094
-6.67091e-05
0.000464048
-5.67349e-05
0.000457368
-4.67051e-05
0.000450337
-3.69151e-05
0.000443248
-2.76152e-05
0.000436384
-1.90024e-05
0.000430006
-1.12238e-05
0.000424357
-4.39841e-06
0.000419403
1.62778e-06
0.000415202
7.08865e-06
0.00041229
1.12727e-05
0.000410528
1.45132e-05
0.000409788
1.70057e-05
0.000409906
1.89249e-05
0.000410697
2.04239e-05
0.000411984
2.16274e-05
0.000413614
2.26291e-05
0.00041547
2.34942e-05
0.000417468
2.42645e-05
0.000419556
2.49625e-05
0.000421706
2.5595e-05
0.000423908
2.616e-05
0.000426159
2.6651e-05
0.00042846
2.70603e-05
0.000430813
2.73807e-05
0.000433214
2.76077e-05
0.000435657
2.77445e-05
0.000438131
2.77891e-05
0.000440627
2.77427e-05
0.000443133
2.76072e-05
0.000445636
2.73846e-05
0.000448125
2.70769e-05
0.000450589
2.66857e-05
0.000453017
2.62127e-05
0.000455401
2.56597e-05
0.000457732
2.50288e-05
0.000460002
2.43228e-05
0.000462204
2.3545e-05
0.00046433
2.26994e-05
0.000466373
2.17901e-05
0.000468325
2.08216e-05
0.000470179
1.97987e-05
0.000471929
1.87261e-05
0.000473569
1.76086e-05
0.000475094
1.64509e-05
0.0004765
1.52577e-05
0.000477783
1.40332e-05
0.000478942
1.27809e-05
0.000479977
1.15032e-05
0.00048089
1.01989e-05
0.000481692
8.85933e-06
0.000482396
7.45013e-06
0.000482993
5.95969e-06
0.000483492
4.68344e-06
0.000483644
3.4405e-06
0.000483413
2.07133e-06
0.00048287
7.17823e-07
0.000482188
-8.94448e-07
0.000481381
-3.03483e-06
0.000480551
-5.16888e-06
0.000479826
-7.69683e-06
0.000479348
-9.68693e-06
0.000481788
-1.11343e-05
0.000472251
-1.76194e-07
0.000476522
1.7768e-05
0.000473844
5.20416e-05
0.000455258
0.000102115
0.000427383
0.000208782
0.000363511
0.000302504
0.000357594
-5.52866e-05
-0.00210948
0.000463576
-0.000115174
0.000465522
-0.000114693
0.000467008
-0.000113004
0.000467785
-0.000109819
0.000467592
-0.000104987
0.000466211
-9.85032e-05
0.000463506
-9.05055e-05
0.000459453
-8.12561e-05
0.000454151
-7.11099e-05
0.000447808
-6.04705e-05
0.000440715
-4.9745e-05
0.000433214
-3.93038e-05
0.000425655
-2.94555e-05
0.000418376
-2.0433e-05
0.00041167
-1.23918e-05
0.000405782
-5.43006e-06
0.000401008
2.8143e-07
0.000396694
5.84843e-06
0.000393922
9.76712e-06
0.000392401
1.26992e-05
0.000391918
1.49003e-05
0.000392254
1.65733e-05
0.000393196
1.78839e-05
0.000394561
1.89584e-05
0.000396203
1.98828e-05
0.000398017
2.07107e-05
0.000399934
2.14699e-05
0.000401918
2.21698e-05
0.000403958
2.28091e-05
0.000406055
2.33823e-05
0.000408211
2.38834e-05
0.000410431
2.43078e-05
0.000412711
2.46531e-05
0.000415055
2.49062e-05
0.000417447
2.50801e-05
0.000419868
2.51851e-05
0.000422308
2.52058e-05
0.000424758
2.51458e-05
0.000427206
2.50074e-05
0.000429643
2.47918e-05
0.00043206
2.45002e-05
0.000434447
2.41336e-05
0.000436797
2.36934e-05
0.000439102
2.31812e-05
0.000441353
2.25993e-05
0.000443543
2.19504e-05
0.000445663
2.12376e-05
0.000447708
2.04647e-05
0.000449668
1.96356e-05
0.000451537
1.87542e-05
0.00045331
1.78248e-05
0.00045498
1.68516e-05
0.000456542
1.58387e-05
0.000457992
1.47902e-05
0.000459325
1.371e-05
0.000460539
1.26014e-05
0.000461632
1.14671e-05
0.000462603
1.03075e-05
0.000463451
9.11923e-06
0.00046418
7.88988e-06
0.00046479
6.58083e-06
0.000465288
5.15707e-06
0.000465703
3.94297e-06
0.000465899
2.87147e-06
0.000465777
1.73208e-06
0.000465266
6.08939e-07
0.000464511
-1.00017e-06
0.000463665
-3.41739e-06
0.000462885
-6.16287e-06
0.000462538
-9.85128e-06
0.000463006
-1.34887e-05
0.000467496
-1.86675e-05
0.00046249
4.21514e-06
0.000465587
1.49961e-05
0.000469134
4.99237e-05
0.000472855
0.000100455
0.000499558
0.000183997
0.000599413
0.000205199
0.000509107
3.57681e-05
-0.00189644
0.000448544
-0.000117394
0.000450344
-0.000116604
0.000451559
-0.00011433
0.000451865
-0.000110236
0.000450952
-0.000104183
0.000448591
-9.62484e-05
0.000444687
-8.67063e-05
0.00043931
-7.59812e-05
0.000432683
-6.45827e-05
0.00042515
-5.3034e-05
0.000417121
-4.18118e-05
0.000409029
-3.13049e-05
0.000401277
-2.17948e-05
0.000394211
-1.34571e-05
0.000388114
-6.38326e-06
0.000383303
-7.0745e-07
0.000378971
4.52657e-06
0.000376495
8.23655e-06
0.000375258
1.09158e-05
0.000375008
1.28609e-05
0.000375507
1.43107e-05
0.000376539
1.54502e-05
0.000377922
1.6407e-05
0.000379524
1.72608e-05
0.000381257
1.80531e-05
0.000383069
1.8798e-05
0.000384943
1.94934e-05
0.000386877
2.01307e-05
0.000388877
2.07017e-05
0.000390947
2.12008e-05
0.00039309
2.16261e-05
0.000395302
2.19771e-05
0.000397577
2.22566e-05
0.000399898
2.24593e-05
0.000402248
2.26005e-05
0.000404626
2.26741e-05
0.000407015
2.26797e-05
0.000409403
2.2616e-05
0.000411783
2.24824e-05
0.000414146
2.22789e-05
0.000416486
2.20064e-05
0.000418795
2.16661e-05
0.000421065
2.12597e-05
0.00042329
2.07893e-05
0.00042546
2.02573e-05
0.000427568
1.96665e-05
0.000429606
1.90196e-05
0.000431568
1.832e-05
0.000433445
1.75709e-05
0.000435233
1.67758e-05
0.000436925
1.59385e-05
0.000438517
1.50626e-05
0.000440004
1.41516e-05
0.000441381
1.32093e-05
0.000442646
1.22387e-05
0.000443795
1.12427e-05
0.000444825
1.02231e-05
0.000445736
9.17948e-06
0.000446525
8.10673e-06
0.000447192
6.99076e-06
0.000447731
5.78962e-06
0.000448116
4.46965e-06
0.000448368
3.36715e-06
0.00044851
2.35762e-06
0.000448461
1.32098e-06
0.000448148
2.81299e-07
0.00044774
-1.4624e-06
0.000447
-3.93298e-06
0.000446278
-7.27176e-06
0.000446246
-1.23713e-05
0.000447811
-1.84108e-05
0.000455168
-2.91329e-05
0.000454223
5.21542e-06
0.000454187
1.58496e-05
0.000458837
4.68769e-05
0.000470518
9.07408e-05
0.000505781
0.000150575
0.000597417
0.000115913
0.000555453
7.87551e-05
-0.00161753
0.000434259
-0.000119519
0.000435871
-0.000118322
0.000436724
-0.00011529
0.000436405
-0.000110022
0.000434549
-0.00010243
0.000430943
-9.27428e-05
0.000425588
-8.14493e-05
0.000418707
-6.91955e-05
0.000410699
-5.66682e-05
0.000402072
-4.44966e-05
0.000393359
-3.31874e-05
0.000385062
-2.30937e-05
0.000377597
-1.4414e-05
0.000371268
-7.21204e-06
0.000366284
-1.4811e-06
0.000362174
3.3207e-06
0.000359869
6.75037e-06
0.00035888
9.1424e-06
0.000358861
1.08517e-05
0.00035951
1.21273e-05
0.000360593
1.3142e-05
0.000361946
1.40098e-05
0.000363462
1.48022e-05
0.000365078
1.55536e-05
0.000366767
1.62707e-05
0.000368525
1.69452e-05
0.000370355
1.75649e-05
0.000372265
1.81206e-05
0.000374256
1.86078e-05
0.000376323
1.90269e-05
0.00037846
1.93801e-05
0.00038066
1.96634e-05
0.000382912
1.98883e-05
0.000385194
2.00565e-05
0.000387495
2.01759e-05
0.000389808
2.0233e-05
0.000392127
2.02285e-05
0.000394445
2.01627e-05
0.000396752
2.00349e-05
0.000399042
1.98449e-05
0.000401307
1.95932e-05
0.00040354
1.92812e-05
0.000405732
1.89107e-05
0.000407876
1.84841e-05
0.000409965
1.80036e-05
0.00041199
1.74717e-05
0.000413945
1.68911e-05
0.000415824
1.62644e-05
0.00041762
1.55944e-05
0.000419328
1.48843e-05
0.000420942
1.41372e-05
0.000422459
1.33563e-05
0.000423873
1.25447e-05
0.00042518
1.17055e-05
0.000426378
1.08416e-05
0.000427463
9.95525e-06
0.000428433
9.04765e-06
0.000429285
8.11798e-06
0.000430014
7.16113e-06
0.000430618
6.16339e-06
0.000431079
5.0852e-06
0.00043143
3.82079e-06
0.000431694
2.784e-06
0.000431775
1.90926e-06
0.00043162
1.01796e-06
0.000431254
6.01635e-08
0.000430795
-1.87602e-06
0.000430199
-4.6161e-06
0.000429695
-8.64106e-06
0.00043006
-1.53168e-05
0.000432641
-2.43017e-05
0.000441515
-4.10653e-05
0.000443398
4.23546e-06
0.000441535
1.91136e-05
0.000445634
4.46175e-05
0.000459707
7.85688e-05
0.00049522
0.000116754
0.000559671
5.34714e-05
0.000534574
0.000104595
-0.00134831
0.000420575
-0.000121554
0.000421988
-0.000119837
0.000422386
-0.00011579
0.000421237
-0.000108973
0.00041814
-9.94303e-05
0.000412963
-8.76613e-05
0.000405893
-7.44713e-05
0.000397387
-6.07786e-05
0.000388073
-4.74396e-05
0.000378627
-3.51345e-05
0.000369674
-2.43151e-05
0.000361713
-1.52121e-05
0.000355108
-7.88736e-06
0.000350097
-2.27846e-06
0.000346347
2.19193e-06
0.000344164
5.42731e-06
0.000343328
7.50866e-06
0.00034345
8.94306e-06
0.000344195
1.0027e-05
0.000345312
1.09295e-05
0.000346631
1.17409e-05
0.000348055
1.25032e-05
0.000349544
1.32278e-05
0.000351099
1.39115e-05
0.000352735
1.45467e-05
0.000354462
1.51264e-05
0.000356287
1.56472e-05
0.000358203
1.61083e-05
0.000360201
1.65117e-05
0.000362265
1.68602e-05
0.000364385
1.71556e-05
0.000366546
1.73932e-05
0.000368741
1.75816e-05
0.000370959
1.77229e-05
0.0003732
1.78159e-05
0.000375451
1.78585e-05
0.000377702
1.78502e-05
0.000379948
1.77862e-05
0.000382183
1.76661e-05
0.000384399
1.74907e-05
0.000386588
1.72614e-05
0.000388743
1.69798e-05
0.000390855
1.66474e-05
0.000392918
1.62661e-05
0.000394924
1.58381e-05
0.000396867
1.53655e-05
0.000398741
1.48505e-05
0.000400539
1.42956e-05
0.000402257
1.37034e-05
0.000403888
1.30762e-05
0.000405428
1.2417e-05
0.000406873
1.17285e-05
0.000408218
1.10133e-05
0.00040946
1.02742e-05
0.000410596
9.51349e-06
0.000411622
8.73383e-06
0.000412537
7.93496e-06
0.000413336
7.11667e-06
0.000414013
6.27515e-06
0.000414562
5.39976e-06
0.000414954
4.45978e-06
0.000415177
3.30579e-06
0.000415269
2.37666e-06
0.000415347
1.46276e-06
0.000415333
5.68617e-07
0.000415296
-5.30081e-07
0.00041501
-2.47808e-06
0.000414409
-5.30621e-06
0.000413852
-9.97705e-06
0.000414305
-1.83542e-05
0.00041745
-3.07537e-05
0.000427619
-5.42814e-05
0.000430306
2.99584e-06
0.000428433
2.27187e-05
0.000431494
4.34821e-05
0.000444646
6.72668e-05
0.000471352
9.16401e-05
0.000515496
1.11752e-05
0.000505886
0.000114908
-0.00109765
0.000407689
-0.000123505
0.00040882
-0.000121066
0.000408553
-0.00011562
0.000406221
-0.000106736
0.000401449
-9.47507e-05
0.000394308
-8.06091e-05
0.000385292
-6.55414e-05
0.000375178
-5.0747e-05
0.000364846
-3.71869e-05
0.00035511
-2.54753e-05
0.000346601
-1.58809e-05
0.000339703
-8.38806e-06
0.000334549
-2.80598e-06
0.000330886
1.31355e-06
0.000328931
4.07421e-06
0.000328401
5.88468e-06
0.000328702
7.13433e-06
0.000329499
8.07246e-06
0.00033058
8.87061e-06
0.000331811
9.62068e-06
0.000333122
1.03518e-05
0.00033449
1.10553e-05
0.000335926
1.1711e-05
0.000337449
1.23052e-05
0.000339076
1.28355e-05
0.000340808
1.33072e-05
0.000342638
1.3728e-05
0.000344553
1.41013e-05
0.000346537
1.4433e-05
0.000348575
1.47251e-05
0.000350654
1.49757e-05
0.000352761
1.51819e-05
0.000354892
1.5343e-05
0.000357045
1.54593e-05
0.000359215
1.55312e-05
0.000361395
1.55594e-05
0.000363579
1.55449e-05
0.000365756
1.54833e-05
0.000367919
1.53739e-05
0.00037006
1.52167e-05
0.000372171
1.5013e-05
0.000374246
1.47636e-05
0.000376278
1.44703e-05
0.00037826
1.41349e-05
0.000380185
1.37593e-05
0.000382048
1.33454e-05
0.000383843
1.28954e-05
0.000385563
1.24111e-05
0.000387204
1.18949e-05
0.000388761
1.13489e-05
0.000390229
1.07753e-05
0.000391605
1.01767e-05
0.000392884
9.5552e-06
0.000394062
8.91314e-06
0.000395138
8.25255e-06
0.000396108
7.5759e-06
0.000396969
6.88314e-06
0.000397715
6.17529e-06
0.000398338
5.45167e-06
0.000398822
4.70974e-06
0.000399114
3.94785e-06
0.000399361
2.76756e-06
0.000399544
1.87732e-06
0.000399539
1.09718e-06
0.000399295
3.47405e-07
0.000399139
-1.00459e-06
0.000398848
-3.08131e-06
0.00039835
-6.10993e-06
0.000397923
-1.14638e-05
0.000398512
-2.15142e-05
0.000401715
-3.72086e-05
0.000410602
-6.60994e-05
0.000414391
1.26447e-06
0.000412317
2.68366e-05
0.000415205
4.25513e-05
0.000427872
5.64191e-05
0.000450137
7.09449e-05
0.000478181
-1.52632e-05
0.000476655
0.000116978
-0.000866417
0.000395495
-0.000125373
0.000396248
-0.000121913
0.000395009
-0.000114473
0.000390988
-0.000102805
0.000383985
-8.78348e-05
0.000374481
-7.11881e-05
0.000363444
-5.45834e-05
0.000352027
-3.94062e-05
0.000341296
-2.65296e-05
0.000332054
-1.63043e-05
0.000324788
-8.68406e-06
0.00031967
-3.33822e-06
0.000316639
1.57404e-07
0.000314804
3.08007e-06
0.000314263
4.5476e-06
0.000314601
5.47724e-06
0.000315425
6.23993e-06
0.000316461
6.96572e-06
0.000317574
7.685e-06
0.000318733
8.38841e-06
0.000319956
9.05361e-06
0.000321274
9.661e-06
0.000322706
1.02021e-05
0.000324252
1.06797e-05
0.000325904
1.11022e-05
0.000327648
1.14795e-05
0.000329471
1.18195e-05
0.00033136
1.21252e-05
0.000333301
1.24004e-05
0.000335287
1.26455e-05
0.000337309
1.2857e-05
0.000339359
1.30315e-05
0.000341432
1.31665e-05
0.000343523
1.32615e-05
0.000345627
1.33171e-05
0.000347738
1.33344e-05
0.000349852
1.33143e-05
0.000351958
1.32565e-05
0.000354048
1.31597e-05
0.000356113
1.30232e-05
0.000358147
1.28468e-05
0.000360144
1.26312e-05
0.000362096
1.23779e-05
0.000363999
1.20885e-05
0.000365845
1.17649e-05
0.00036763
1.1409e-05
0.000369348
1.10225e-05
0.000370994
1.06073e-05
0.000372562
1.01651e-05
0.000374049
9.69789e-06
0.000375449
9.20748e-06
0.00037676
8.6958e-06
0.000377978
8.16481e-06
0.000379099
7.61637e-06
0.000380121
7.05226e-06
0.000381042
6.4742e-06
0.000381857
5.88377e-06
0.000382561
5.28372e-06
0.000383142
4.67817e-06
0.000383575
4.08176e-06
0.000383724
3.60174e-06
0.0003838
2.39493e-06
0.000383903
1.44895e-06
0.000384084
5.32037e-07
0.000384271
-3.26252e-07
0.000384252
-1.62595e-06
0.00038378
-3.50119e-06
0.00038301
-6.63556e-06
0.000382339
-1.27078e-05
0.00038267
-2.43813e-05
0.000385447
-4.31246e-05
0.00039216
-7.56236e-05
0.000396308
-4.91995e-07
0.000396228
2.91172e-05
0.000399119
4.15981e-05
0.000410669
4.66716e-05
0.000429865
5.33232e-05
0.000450246
-3.39359e-05
0.000451978
0.000115707
-0.000650749
0.000384258
-0.000127136
0.000384349
-0.000122093
0.000381538
-0.00011175
0.000375061
-9.64124e-05
0.000365164
-7.80193e-05
0.000353013
-5.91138e-05
0.000340209
-4.18534e-05
0.000328262
-2.7529e-05
0.000318215
-1.65497e-05
0.00031055
-8.70559e-06
0.000305326
-3.52182e-06
0.000301984
-6.01997e-08
0.000300368
1.71012e-06
0.000300448
2.93599e-06
0.000301085
3.84574e-06
0.000301909
4.5866e-06
0.000302806
5.27598e-06
0.000303746
5.95794e-06
0.000304743
6.61802e-06
0.000305835
7.22631e-06
0.00030705
7.76734e-06
0.000308397
8.24116e-06
0.000309866
8.65837e-06
0.000311439
9.03182e-06
0.000313094
9.36908e-06
0.000314819
9.67533e-06
0.000316602
9.95387e-06
0.000318437
1.0206e-05
0.000320318
1.04322e-05
0.000322242
1.0632e-05
0.000324202
1.08038e-05
0.000326192
1.09455e-05
0.000328204
1.10552e-05
0.000330231
1.11318e-05
0.000332266
1.11753e-05
0.000334305
1.11862e-05
0.000336341
1.11654e-05
0.000338368
1.11132e-05
0.000340379
1.10294e-05
0.000342366
1.09133e-05
0.000344321
1.07643e-05
0.000346239
1.05828e-05
0.000348112
1.03697e-05
0.000349936
1.01264e-05
0.000351704
9.85472e-06
0.000353411
9.55565e-06
0.000355053
9.23114e-06
0.000356625
8.883e-06
0.000358122
8.51279e-06
0.00035954
8.12197e-06
0.000360874
7.71205e-06
0.000362122
7.28459e-06
0.000363279
6.84113e-06
0.000364343
6.38318e-06
0.000365311
5.9122e-06
0.000366181
5.42985e-06
0.000366949
4.93831e-06
0.00036761
4.44284e-06
0.000368149
3.95469e-06
0.000368536
3.51219e-06
0.000368588
3.39308e-06
0.000368805
1.85239e-06
0.000369026
8.81254e-07
0.000368951
2.1593e-07
0.000368887
-7.38885e-07
0.000368649
-2.01646e-06
0.000368142
-3.87758e-06
0.000367407
-7.19855e-06
0.000366767
-1.39943e-05
0.000366881
-2.69941e-05
0.000369032
-4.82515e-05
0.000370191
-7.93122e-05
0.000375804
-3.51803e-06
0.000376791
3.0385e-05
0.000380871
3.94071e-05
0.000392643
3.66392e-05
0.000410111
3.7452e-05
0.000434311
-5.63961e-05
0.000433745
0.00011667
-0.000443455
0.000373951
-0.000128666
0.000372809
-0.000121036
0.000367431
-0.000106456
0.00035749
-8.65514e-05
0.000344171
-6.47752e-05
0.000329558
-4.45715e-05
0.000315835
-2.81977e-05
0.000304609
-1.63673e-05
0.000296572
-8.57489e-06
0.000291566
-3.76284e-06
0.000289006
-9.79432e-07
0.000288049
8.40698e-07
0.000287681
2.01865e-06
0.000287968
2.58702e-06
0.000288619
3.13264e-06
0.00028937
3.77202e-06
0.000290139
4.44229e-06
0.000290972
5.05942e-06
0.000291936
5.58819e-06
0.000293058
6.03646e-06
0.00029433
6.42674e-06
0.000295726
6.7759e-06
0.000297218
7.0945e-06
0.000298789
7.38896e-06
0.000300423
7.66053e-06
0.000302113
7.90908e-06
0.000303853
8.13441e-06
0.000305642
8.33661e-06
0.000307474
8.51608e-06
0.000309347
8.67314e-06
0.000311253
8.80774e-06
0.000313187
8.9192e-06
0.00031514
9.00633e-06
0.000317105
9.06786e-06
0.000319076
9.10288e-06
0.000321045
9.11108e-06
0.00032301
9.09268e-06
0.000324963
9.04816e-06
0.000326899
8.97782e-06
0.000328812
8.88171e-06
0.000330695
8.75975e-06
0.000332539
8.61198e-06
0.000334341
8.43887e-06
0.000336092
8.24128e-06
0.00033779
8.02039e-06
0.000339427
7.77747e-06
0.000341001
7.51392e-06
0.000342506
7.23117e-06
0.000343939
6.93054e-06
0.000345295
6.6134e-06
0.000346571
6.28105e-06
0.000347763
5.93469e-06
0.000348869
5.57546e-06
0.000349885
5.20439e-06
0.000350809
4.82254e-06
0.000351639
4.43126e-06
0.000352374
4.03272e-06
0.000353012
3.63198e-06
0.000353543
3.24488e-06
0.000353979
2.90053e-06
0.000354258
3.0352e-06
0.00035418
1.53987e-06
0.000354193
4.86878e-07
0.00035438
-3.65496e-07
0.000354366
-1.18092e-06
0.000353971
-2.22234e-06
0.000353234
-4.01108e-06
0.00035223
-7.49575e-06
0.000351193
-1.48855e-05
0.00035048
-2.87432e-05
0.000351928
-5.24617e-05
0.000348
-7.75244e-05
0.000353435
-6.65842e-06
0.000358004
2.79362e-05
0.000362811
3.647e-05
0.000373766
2.74211e-05
0.000390693
2.21469e-05
0.000427884
-9.18125e-05
0.00041897
0.000125944
-0.000242864
0.000364946
-0.000129734
0.000361353
-0.000117525
0.000351629
-9.68099e-05
0.000336911
-7.19076e-05
0.000320181
-4.81139e-05
0.000304478
-2.89335e-05
0.000291728
-1.55094e-05
0.000282812
-7.50966e-06
0.000277516
-3.33639e-06
0.000274761
-1.06069e-06
0.000273828
-1.45485e-07
0.000274158
4.49269e-07
0.000275082
1.03687e-06
0.000275894
1.71534e-06
0.000276477
2.48967e-06
0.000277003
3.1855e-06
0.000277666
3.71843e-06
0.000278534
4.12829e-06
0.000279587
4.47201e-06
0.000280779
4.77988e-06
0.000282077
5.06356e-06
0.000283459
5.32701e-06
0.000284913
5.5721e-06
0.000286433
5.80017e-06
0.000288011
6.01127e-06
0.000289642
6.2043e-06
0.000291323
6.37813e-06
0.00029305
6.53249e-06
0.000294817
6.66803e-06
0.000296622
6.78577e-06
0.000298457
6.88654e-06
0.000300317
6.97049e-06
0.000302195
7.03699e-06
0.000304083
7.08476e-06
0.000305975
7.11246e-06
0.000307866
7.11906e-06
0.00030975
7.10421e-06
0.000311622
7.06824e-06
0.000313477
7.01185e-06
0.000315309
6.93569e-06
0.000317111
6.84019e-06
0.000318877
6.72553e-06
0.000320599
6.59176e-06
0.000322273
6.43915e-06
0.000323893
6.26826e-06
0.000325455
6.08e-06
0.000326955
5.87559e-06
0.000328389
5.65597e-06
0.000329754
5.42208e-06
0.000331045
5.1756e-06
0.00033226
4.91769e-06
0.000333393
4.6492e-06
0.000334444
4.37077e-06
0.000335409
4.08298e-06
0.000336286
3.78646e-06
0.000337073
3.48196e-06
0.000337771
3.17084e-06
0.00033838
2.85423e-06
0.000338917
2.53903e-06
0.00033942
2.21238e-06
0.000340365
1.96718e-06
0.00034019
1.38738e-06
0.000339714
6.12994e-07
0.000339131
-1.71825e-07
0.000338802
-1.30306e-06
0.000338431
-2.44893e-06
0.000337773
-4.22462e-06
0.000336717
-7.74794e-06
0.000335347
-1.54416e-05
0.000333728
-2.95453e-05
0.000334031
-5.52955e-05
0.00032377
-6.88377e-05
0.00032918
-1.00739e-05
0.000335009
2.4117e-05
0.000341193
3.21717e-05
0.000353175
1.71609e-05
0.000371357
5.56706e-06
0.00043332
-0.000151987
0.00040517
0.000154298
-4.29724e-05
0.000357065
-0.000130016
0.000349175
-0.000109713
0.00033265
-8.03576e-05
0.000311812
-5.1137e-05
0.000292643
-2.9008e-05
0.00027866
-1.50086e-05
0.00026994
-6.84639e-06
0.000265244
-2.86831e-06
0.000263054
-1.19838e-06
0.000262499
-5.58567e-07
0.00026258
-2.84207e-07
0.00026288
9.38023e-08
0.000263131
7.30092e-07
0.000263148
1.64266e-06
0.000263385
2.19537e-06
0.00026397
2.54189e-06
0.000264826
2.80394e-06
0.000265849
3.04504e-06
0.000266979
3.28122e-06
0.000268189
3.50764e-06
0.000269473
3.71705e-06
0.000270828
3.90814e-06
0.00027225
4.08416e-06
0.000273736
4.24813e-06
0.000275278
4.40048e-06
0.000276872
4.53979e-06
0.000278513
4.66476e-06
0.000280196
4.77519e-06
0.000281915
4.87178e-06
0.000283665
4.95558e-06
0.000285442
5.02751e-06
0.000287239
5.08793e-06
0.000289051
5.13649e-06
0.000290872
5.17214e-06
0.000292697
5.19356e-06
0.000294519
5.19951e-06
0.000296333
5.18933e-06
0.000298135
5.16313e-06
0.000299919
5.12171e-06
0.000301679
5.06602e-06
0.000303409
4.99681e-06
0.000305104
4.91434e-06
0.000306757
4.81848e-06
0.000308364
4.70906e-06
0.000309919
4.58615e-06
0.000311419
4.45025e-06
0.000312859
4.30222e-06
0.000314236
4.14312e-06
0.000315546
3.97395e-06
0.000316785
3.79572e-06
0.00031795
3.60927e-06
0.000319038
3.41517e-06
0.000320046
3.21376e-06
0.000320973
3.00523e-06
0.000321817
2.78979e-06
0.000322575
2.56754e-06
0.000323249
2.33832e-06
0.000323841
2.09947e-06
0.000324371
1.84366e-06
0.000324885
1.51619e-06
0.000325422
1.22086e-06
0.000325507
1.06639e-06
0.000325223
6.10508e-07
0.000324836
-1.44977e-07
0.000324288
-1.23251e-06
0.000323689
-2.48765e-06
0.000322793
-4.21931e-06
0.000321274
-7.52865e-06
0.000319012
-1.50665e-05
0.000315194
-2.81235e-05
0.000314287
-5.66764e-05
0.000300242
-5.57383e-05
0.000303872
-1.22863e-05
0.000310168
1.96183e-05
0.000316986
2.73189e-05
0.000328623
7.30939e-06
0.000348166
-1.24517e-05
0.000431424
-0.000233567
0.000379722
0.000205769
0.000118636
0.000350006
-0.000127426
0.00033422
-9.4001e-05
0.000309191
-5.53963e-05
0.000283764
-2.57705e-05
0.000264716
-1.00162e-05
0.00025375
-4.09468e-06
0.000249569
-2.71563e-06
0.000249005
-2.35522e-06
0.000249588
-1.83488e-06
0.000249882
-9.04007e-07
0.000249665
-1.1881e-07
0.000249252
4.54322e-07
0.000249173
7.56454e-07
0.00024971
1.05115e-06
0.000250508
1.34292e-06
0.000251388
1.60664e-06
0.000252299
1.83699e-06
0.000253258
2.02898e-06
0.000254298
2.18297e-06
0.000255436
2.31014e-06
0.000256668
2.42576e-06
0.000257975
2.53971e-06
0.000259344
2.65314e-06
0.000260767
2.76201e-06
0.00026224
2.86199e-06
0.000263761
2.95107e-06
0.000265327
3.02949e-06
0.000266933
3.09828e-06
0.000268572
3.15861e-06
0.00027024
3.2114e-06
0.000271931
3.25719e-06
0.000273641
3.29608e-06
0.000275365
3.32772e-06
0.000277098
3.35136e-06
0.000278835
3.366e-06
0.000280571
3.37052e-06
0.0002823
3.36441e-06
0.000284016
3.34781e-06
0.000285714
3.32143e-06
0.000287388
3.2861e-06
0.000289034
3.24241e-06
0.000290647
3.19055e-06
0.00029222
3.13036e-06
0.000293749
3.06153e-06
0.000295229
2.98393e-06
0.000296657
2.8978e-06
0.000298028
2.80376e-06
0.000299338
2.70264e-06
0.000300585
2.59479e-06
0.000301764
2.48105e-06
0.000302874
2.3621e-06
0.000303911
2.23828e-06
0.000304873
2.10965e-06
0.000305757
1.97618e-06
0.000306562
1.83781e-06
0.000307286
1.69427e-06
0.000307928
1.54461e-06
0.000308486
1.38505e-06
0.000308964
1.2045e-06
0.000309348
9.59553e-07
0.00030972
6.45167e-07
0.000309931
6.31014e-07
0.000309792
4.73699e-07
0.000309251
3.18851e-08
0.000308549
-1.01503e-06
0.000307623
-2.20896e-06
0.000306248
-3.74236e-06
0.000304081
-6.66085e-06
0.000300541
-1.33904e-05
0.00029467
-2.46057e-05
0.000287792
-5.19049e-05
0.000271109
-3.93388e-05
0.000272084
-1.23884e-05
0.000277762
1.57241e-05
0.000286583
2.05446e-05
0.000297749
-2.11708e-06
0.000319468
-3.27341e-05
0.000413632
-0.000326232
0.000331467
0.000287061
0.00022815
0.000337554
-0.000100853
0.000303979
-6.04931e-05
0.000275658
-2.71358e-05
0.000256076
-6.2445e-06
0.000244582
1.42637e-06
0.000238622
1.81564e-06
0.000237022
-1.16528e-06
0.000237357
-2.73896e-06
0.000237893
-2.42116e-06
0.000238112
-1.17237e-06
0.000237786
1.56926e-07
0.000237294
8.96361e-07
0.00023715
8.48969e-07
0.000237588
5.62376e-07
0.000238395
4.83341e-07
0.000239311
6.37855e-07
0.000240229
8.64624e-07
0.000241173
1.02965e-06
0.000242193
1.10769e-06
0.000243307
1.13895e-06
0.000244507
1.16871e-06
0.000245772
1.21562e-06
0.000247091
1.2739e-06
0.00024846
1.33198e-06
0.000249876
1.38308e-06
0.000251337
1.42617e-06
0.000252837
1.46292e-06
0.000254371
1.49509e-06
0.000255935
1.52381e-06
0.000257523
1.54961e-06
0.000259132
1.57257e-06
0.000260756
1.59251e-06
0.000262393
1.60918e-06
0.000264038
1.62243e-06
0.000265685
1.63158e-06
0.000267331
1.6349e-06
0.00026897
1.63286e-06
0.000270597
1.62597e-06
0.000272205
1.61468e-06
0.000273791
1.59935e-06
0.000275348
1.58021e-06
0.000276874
1.55727e-06
0.000278363
1.53037e-06
0.000279811
1.49928e-06
0.000281214
1.46386e-06
0.000282568
1.42421e-06
0.000283868
1.38061e-06
0.000285112
1.33349e-06
0.000286295
1.28321e-06
0.000287416
1.23009e-06
0.000288471
1.17434e-06
0.000289459
1.11606e-06
0.000290376
1.05522e-06
0.000291221
9.91733e-07
0.000291992
9.25418e-07
0.000292686
8.55883e-07
0.000293301
7.8207e-07
0.000293835
7.00201e-07
0.000294283
5.99457e-07
0.00029465
4.23656e-07
0.000294872
2.19117e-07
0.000295
2.8369e-07
0.000294974
2.43247e-07
0.000294717
-4.22368e-08
0.000293976
-7.26204e-07
0.000292768
-1.63621e-06
0.000290857
-2.72968e-06
0.000287796
-4.88328e-06
0.000282521
-9.91238e-06
0.000271883
-1.62039e-05
0.000257013
-3.90591e-05
0.000237151
-1.93662e-05
0.000232719
-7.12797e-06
0.000238955
1.12188e-05
0.00024877
1.27664e-05
0.00025229
-3.88619e-06
0.00025723
-3.62338e-05
0.000148039
-0.000215742
0.000225974
0.000207978
0.000193081
0.00031132
0.000250772
0.000223588
0.0002173
0.000218681
0.000220451
0.00021924
0.000216455
0.000213989
0.000212771
0.000212882
0.000213732
0.000214533
0.000215048
0.000215483
0.000216071
0.000216885
0.000217864
0.000218919
0.000220006
0.000221121
0.000222282
0.0002235
0.000224775
0.000226099
0.000227465
0.000228865
0.000230296
0.000231753
0.000233234
0.000234736
0.000236254
0.000237787
0.00023933
0.00024088
0.000242431
0.000243977
0.000245513
0.000247036
0.00024854
0.000250022
0.000251478
0.000252904
0.000254297
0.00025565
0.000256962
0.000258227
0.000259443
0.000260606
0.000261714
0.000262764
0.000263753
0.00026468
0.000265541
0.000266333
0.000267054
0.000267698
0.000268256
0.000268707
0.00026897
0.000268994
0.000269069
0.000269067
0.00026871
0.000267545
0.000265284
0.000261663
0.000255503
0.000243824
0.000225388
0.000184511
0.000165655
0.0001595
0.000172538
0.000187311
0.000185014
0.000150281
-6.46454e-05
0.000143137
)
;

boundaryField
{
    inlet
    {
        type            calculated;
        value           nonuniform List<scalar> 
40
(
-7.25331e-17
-8.81456e-17
-8.46762e-17
-7.19368e-17
-4.79217e-17
-2.93819e-17
-4.26634e-17
-7.08526e-17
-4.42354e-17
-4.91686e-17
-4.94667e-17
-6.29379e-17
-4.71357e-17
-3.68087e-17
-2.89482e-17
-3.85434e-17
-3.55618e-17
-2.98969e-17
-1.56396e-17
-2.93277e-17
-4.32055e-17
-2.30393e-17
-2.94903e-17
-3.67545e-17
-3.68629e-18
-1.65883e-17
-2.43674e-17
-1.93259e-17
-2.37982e-17
-1.37965e-17
-3.13063e-17
-1.2509e-17
-2.34323e-17
-2.28902e-17
-1.90684e-17
-1.38642e-17
-2.19415e-17
-1.89871e-17
-2.94903e-17
-1.6385e-17
)
;
    }
    outlet
    {
        type            calculated;
        value           nonuniform List<scalar> 
40
(
0.000727687
0.00246022
0.000677179
0.000676125
0.000666034
0.000871167
0.00235108
0.000611382
0.000624114
0.000657502
0.000800832
0.0006761
0.000552388
0.00059861
0.00086997
0.00160028
0.000497173
0.000513843
0.000587281
0.000784928
0.000405018
0.000408133
0.000431685
0.000515466
0.000732949
0.000656324
0.00033428
0.000307847
0.000287583
0.000276623
0.000266381
0.000256596
0.000246562
0.000236454
0.000227302
0.000220315
0.000220548
0.000234181
0.000282443
0.000369908
)
;
    }
    axis
    {
        type            symmetryPlane;
        value           uniform 0;
    }
    wall
    {
        type            calculated;
        value           nonuniform List<scalar> 
200
(
-4.76038e-33
2.37869e-33
-2.38019e-33
2.38019e-33
-1.19009e-33
2.38019e-33
2.38019e-33
-5.95047e-34
1.19009e-33
-1.19009e-33
2.38019e-33
2.97524e-33
-1.48809e-33
1.19009e-33
-1.19009e-33
2.38019e-33
-2.98548e-34
-5.95047e-34
-1.19116e-33
-1.19064e-33
1.79444e-33
-5.6862e-37
-5.80682e-37
0
0
5.95047e-34
-1.19073e-33
1.19009e-33
-1.19009e-33
7.43809e-34
1.19009e-33
2.38019e-33
4.75966e-33
-5.71245e-32
7.6166e-32
0
-9.64092e-49
0
-8.13437e-37
0
-3.11976e-28
-1.2479e-27
-4.99162e-27
-4.52125e-37
3.99329e-26
0
-2.40913e-37
-1.27785e-24
-5.11135e-24
1.02225e-23
-3.41489e-42
0
-2.73501e-37
-2.79157e-37
0
-1.30254e-21
2.59558e-21
0
-3.02638e-37
0
0
-9.98095e-21
1.97445e-20
-6.26928e-37
0
-1.9063e-20
0
0
0
-3.22547e-37
3.58985e-20
-3.25437e-37
-6.52011e-37
3.46501e-20
-3.42507e-20
0
3.3477e-20
0
-1.68066e-37
3.23785e-20
-3.20286e-20
-6.33735e-20
-5.83943e-40
-3.1027e-20
-8.75183e-38
-6.07964e-20
1.20381e-19
5.95989e-20
-5.90214e-20
0
-5.79078e-20
1.14741e-19
1.1369e-19
-5.63321e-20
0
-5.53388e-20
-5.48574e-20
-9.72793e-38
0
-5.3465e-20
-5.3015e-20
5.25699e-20
5.21285e-20
-5.16895e-20
-5.12513e-20
0
0
0
0
-4.89949e-20
-5.51551e-38
-4.80066e-20
0
9.38249e-20
4.63031e-20
9.12638e-20
8.97463e-20
4.39848e-20
-2.73703e-38
-4.25042e-20
1.71816e-20
0
0
2.30284e-20
0
-1.65006e-40
1.12239e-20
0
1.07736e-20
-1.0583e-20
0
2.08303e-20
-2.07422e-20
-5.34375e-40
0
5.35695e-41
4.94373e-41
2.03475e-20
0
0
-9.74298e-40
3.46943e-41
0
-4.44547e-40
0
0
0
0
0
-2.01734e-20
-2.01669e-20
0
2.01473e-20
2.01331e-20
-2.01152e-20
-1.41086e-39
0
-2.00324e-20
-1.99933e-20
-1.28378e-39
-1.25158e-39
3.96702e-20
0
-1.15438e-39
-1.96087e-20
0
1.94171e-20
0
-1.91921e-20
0
-3.7869e-20
0
1.40399e-40
0
3.66601e-20
-3.63272e-20
3.59863e-20
3.56418e-20
3.52996e-20
0
-3.46385e-20
0
3.47645e-20
0
0
-5.33125e-39
0
-1.36206e-38
0
-2.21679e-38
-1.71214e-20
1.93465e-20
-1.91206e-20
1.89456e-20
0
0
0
-1.72244e-38
3.89215e-20
-9.38967e-19
)
;
    }
    frontAndBack
    {
        type            empty;
    }
}


// ************************************************************************* //
