/*--------------------------------*- C++ -*----------------------------------*\
  =========                 |
  \\      /  F ield         | OpenFOAM: The Open Source CFD Toolbox
   \\    /   O peration     | Website:  https://openfoam.org
    \\  /    A nd           | Version:  13
     \\/     M anipulation  |
\*---------------------------------------------------------------------------*/
FoamFile
{
    format      ascii;
    class       surfaceScalarField;
    location    "8";
    object      phi;
}
// * * * * * * * * * * * * * * * * * * * * * * * * * * * * * * * * * * * * * //

dimensions      [0 3 -1 0 0 0 0];

internalField   nonuniform List<scalar> 
20650
(
1.354046e-07
2.0820644e-09
1.3124141e-07
4.1631906e-09
1.2600298e-07
5.2384349e-09
1.2017097e-07
5.8320111e-09
1.1394089e-07
6.2300717e-09
1.0747984e-07
6.4610507e-09
1.0090664e-07
6.5732016e-09
9.4393919e-08
6.512723e-09
8.8104941e-08
6.2889779e-09
8.2282952e-08
5.8219883e-09
7.7102445e-08
5.1805078e-09
7.2626457e-08
4.4759876e-09
6.8837511e-08
3.7889461e-09
6.5710175e-08
3.1273355e-09
6.3175851e-08
2.5343246e-09
6.1152151e-08
2.0237e-09
5.9557814e-08
1.5943365e-09
5.8329683e-08
1.2281312e-09
5.7431527e-08
8.9815563e-10
5.6844663e-08
5.8686402e-10
5.6527885e-08
3.1677857e-10
5.6432324e-08
9.5560469e-11
5.6516514e-08
-8.4189921e-11
5.6756852e-08
-2.4033798e-10
5.7110517e-08
-3.5366476e-10
5.7567377e-08
-4.5685965e-10
5.8149975e-08
-5.825986e-10
5.8915836e-08
-7.6586069e-10
6.0074171e-08
-1.1583352e-09
-2.4598231e-09
6.2533994e-08
1.3868171e-07
8.8702265e-10
1.4024824e-07
2.5966588e-09
1.4166031e-07
3.8263663e-09
1.4278547e-07
4.7068501e-09
1.4364738e-07
5.3681663e-09
1.442582e-07
5.8502248e-09
1.4461515e-07
6.2162522e-09
1.4471526e-07
6.4126116e-09
1.4451945e-07
6.4847941e-09
1.4391196e-07
6.429474e-09
1.4285215e-07
6.240314e-09
1.4140915e-07
5.918994e-09
1.3968993e-07
5.5081642e-09
1.3776652e-07
5.0507447e-09
1.3572566e-07
4.5751888e-09
1.3365677e-07
4.0925899e-09
1.3164156e-07
3.6095468e-09
1.2973994e-07
3.129747e-09
1.2799933e-07
2.6387612e-09
1.2645524e-07
2.1309558e-09
1.251339e-07
1.6381227e-09
1.2404886e-07
1.1806039e-09
1.2318569e-07
7.7897544e-10
1.2251626e-07
4.2908864e-10
1.2199842e-07
1.6418147e-10
1.2158145e-07
-3.9891506e-11
1.2121044e-07
-2.1159444e-10
1.2082176e-07
-3.7717546e-10
1.2015981e-07
-4.9638553e-10
-8.7893112e-10
1.1857892e-07
1.3781861e-07
5.5508318e-10
1.3880869e-07
1.6065698e-09
1.4012459e-07
2.51047e-09
1.4156982e-07
3.2616255e-09
1.4304624e-07
3.8917446e-09
1.44486e-07
4.410464e-09
1.4588104e-07
4.8212079e-09
1.4717556e-07
5.1180989e-09
1.4835111e-07
5.309235e-09
1.4938031e-07
5.4002776e-09
1.5023438e-07
5.3862463e-09
1.5086688e-07
5.2864903e-09
1.5125282e-07
5.1222226e-09
1.5140629e-07
4.8972766e-09
1.5134508e-07
4.6364011e-09
1.5109084e-07
4.3468289e-09
1.5067554e-07
4.0248503e-09
1.5012444e-07
3.6808479e-09
1.4944693e-07
3.3162672e-09
1.4865278e-07
2.9251076e-09
1.4777782e-07
2.513078e-09
1.4686114e-07
2.0972912e-09
1.459436e-07
1.6965068e-09
1.4504477e-07
1.3279243e-09
1.4420128e-07
1.0076658e-09
1.4341729e-07
7.441e-10
1.426644e-07
5.4129546e-10
1.4188539e-07
4.0183937e-10
1.4103575e-07
3.5325565e-10
2.7328515e-10
1.3988353e-07
1.3768953e-07
3.522223e-10
1.3821974e-07
1.0763597e-09
1.3898176e-07
1.7484439e-09
1.3990114e-07
2.3422535e-09
1.409376e-07
2.8552793e-09
1.4205785e-07
3.2902103e-09
1.4323103e-07
3.6480335e-09
1.4441983e-07
3.9292951e-09
1.4559304e-07
4.136025e-09
1.467202e-07
4.2731204e-09
1.4776187e-07
4.3445804e-09
1.4869156e-07
4.3567939e-09
1.4949115e-07
4.3226362e-09
1.5013879e-07
4.2496376e-09
1.5062791e-07
4.1472742e-09
1.5095193e-07
4.0228184e-09
1.5111023e-07
3.866544e-09
1.5112529e-07
3.6657885e-09
1.5101787e-07
3.4236892e-09
1.5078976e-07
3.1532182e-09
1.5044467e-07
2.8581709e-09
1.5000488e-07
2.5370732e-09
1.4950123e-07
2.2001617e-09
1.4896317e-07
1.8659874e-09
1.4841625e-07
1.5545781e-09
1.4787852e-07
1.2818308e-09
1.4735981e-07
1.0600124e-09
1.4686081e-07
9.0082994e-10
1.4639839e-07
8.1567839e-10
7.8089041e-10
1.4589079e-07
1.3758166e-07
2.5722717e-10
1.3787671e-07
7.8130925e-10
1.383437e-07
1.2814564e-09
1.3894725e-07
1.7387078e-09
1.3965712e-07
2.1454006e-09
1.4044748e-07
2.4998578e-09
1.4129417e-07
2.8013356e-09
1.4217402e-07
3.0494547e-09
1.4306494e-07
3.2451032e-09
1.4394692e-07
3.3911364e-09
1.4479973e-07
3.4917669e-09
1.4560396e-07
3.5525711e-09
1.4634615e-07
3.5804432e-09
1.4701466e-07
3.5811282e-09
1.4760352e-07
3.5584139e-09
1.481121e-07
3.5142385e-09
1.4852921e-07
3.4494341e-09
1.4883632e-07
3.3586741e-09
1.4902706e-07
3.2329519e-09
1.4911272e-07
3.067558e-09
1.4910646e-07
2.8644343e-09
1.4901585e-07
2.627684e-09
1.4885056e-07
2.3654465e-09
1.4862515e-07
2.0914047e-09
1.4836138e-07
1.818342e-09
1.4807953e-07
1.5636798e-09
1.4779574e-07
1.3438061e-09
1.4753225e-07
1.1643185e-09
1.4731726e-07
1.0306713e-09
9.3979917e-10
1.4715835e-07
1.3755082e-07
1.9307526e-10
1.377468e-07
5.8532674e-10
1.3806386e-07
9.6439717e-10
1.3848349e-07
1.3190813e-09
1.3898618e-07
1.642707e-09
1.3955419e-07
1.9318487e-09
1.4017092e-07
2.1846073e-09
1.4082032e-07
2.4000524e-09
1.4148697e-07
2.5784563e-09
1.4215663e-07
2.7214718e-09
1.4281641e-07
2.8319851e-09
1.4345516e-07
2.9138268e-09
1.440642e-07
2.9714047e-09
1.4463634e-07
3.00898e-09
1.4516516e-07
3.0295992e-09
1.4564509e-07
3.0343023e-09
1.4607283e-07
3.0216985e-09
1.4644456e-07
2.9869491e-09
1.4675462e-07
2.9228875e-09
1.4699866e-07
2.8235148e-09
1.4717679e-07
2.6863119e-09
1.4729194e-07
2.5125295e-09
1.473495e-07
2.3078894e-09
1.4735818e-07
2.0827261e-09
1.4732667e-07
1.8498513e-09
1.4726839e-07
1.6219584e-09
1.4720129e-07
1.4108995e-09
1.4714181e-07
1.223799e-09
1.4710834e-07
1.0641467e-09
9.3339413e-10
1.4711474e-07
1.375316e-07
1.4814149e-10
1.3766866e-07
4.482699e-10
1.3789272e-07
7.4033092e-10
1.3819445e-07
1.0173547e-09
1.3856264e-07
1.2745138e-09
1.3898577e-07
1.5087175e-09
1.3945232e-07
1.718065e-09
1.399508e-07
1.9015668e-09
1.4047009e-07
2.0591677e-09
1.4099976e-07
2.1917985e-09
1.4153043e-07
2.3013189e-09
1.4205392e-07
2.390337e-09
1.4256344e-07
2.461886e-09
1.4305357e-07
2.5188485e-09
1.4352006e-07
2.5631086e-09
1.4395966e-07
2.5947074e-09
1.4437005e-07
2.6113065e-09
1.4474881e-07
2.6081867e-09
1.4509257e-07
2.5791264e-09
1.4539787e-07
2.5182144e-09
1.4566231e-07
2.421869e-09
1.4588461e-07
2.29023e-09
1.4606485e-07
2.1276548e-09
1.4620535e-07
1.9422257e-09
1.4631104e-07
1.7441609e-09
1.4638919e-07
1.5438062e-09
1.464501e-07
1.349994e-09
1.4650533e-07
1.1685697e-09
1.4656796e-07
1.001516e-09
8.5231088e-10
1.4664904e-07
1.3752004e-07
1.1476543e-10
1.3762145e-07
3.4686336e-10
1.3778808e-07
5.7370175e-10
1.3801465e-07
7.9078289e-10
1.3829435e-07
9.948101e-10
1.3861962e-07
1.183447e-09
1.3898257e-07
1.3551154e-09
1.3937523e-07
1.5089137e-09
1.3978976e-07
1.6446384e-09
1.4021875e-07
1.7628087e-09
1.4065543e-07
1.8646343e-09
1.4109388e-07
1.9518886e-09
1.4152913e-07
2.026635e-09
1.4195723e-07
2.0907459e-09
1.4237511e-07
2.1452284e-09
1.427803e-07
2.189517e-09
1.431706e-07
2.2210137e-09
1.4354362e-07
2.2351643e-09
1.438965e-07
2.2262447e-09
1.442259e-07
2.1888128e-09
1.4452839e-07
2.1193827e-09
1.4480095e-07
2.017665e-09
1.4504165e-07
1.8869556e-09
1.4525028e-07
1.7336003e-09
1.4542875e-07
1.5656937e-09
1.4558111e-07
1.391439e-09
1.4571342e-07
1.2176897e-09
1.4583292e-07
1.0490696e-09
1.4594732e-07
8.8710939e-10
7.3586034e-10
1.4606377e-07
1.3751245e-07
8.8978226e-11
1.3759059e-07
2.6872686e-10
1.3771933e-07
4.4496157e-10
1.3789542e-07
6.1469367e-10
1.3811455e-07
7.7567789e-10
1.3837177e-07
9.2623325e-10
1.3866173e-07
1.0651531e-09
1.3897894e-07
1.1917013e-09
1.3931793e-07
1.3056476e-09
1.3967345e-07
1.407286e-09
1.4004067e-07
1.4974142e-09
1.4041532e-07
1.5772405e-09
1.4079379e-07
1.6481649e-09
1.4117315e-07
1.7113867e-09
1.4155103e-07
1.767351e-09
1.4192538e-07
1.8151664e-09
1.4229416e-07
1.852235e-09
1.4265497e-07
1.874349e-09
1.4300482e-07
1.8763933e-09
1.4334008e-07
1.8535546e-09
1.4365679e-07
1.8026776e-09
1.4395117e-07
1.7232842e-09
1.4422024e-07
1.6178855e-09
1.4446235e-07
1.4914933e-09
1.4467753e-07
1.3505136e-09
1.4486756e-07
1.2014095e-09
1.4503571e-07
1.0495378e-09
1.4518626e-07
8.985175e-10
1.4532383e-07
7.4953455e-10
6.062411e-10
1.4545345e-07
1.3750731e-07
6.8334994e-11
1.3756975e-07
2.0628867e-10
1.3767283e-07
3.4187574e-10
1.3781445e-07
4.7307671e-10
1.3799177e-07
5.9835937e-10
1.3820146e-07
7.1654371e-10
1.3843986e-07
8.267518e-10
1.3870314e-07
9.2842357e-10
1.3898743e-07
1.0213535e-09
1.3928901e-07
1.1057093e-09
1.396044e-07
1.1820196e-09
1.3993054e-07
1.2511054e-09
1.4026479e-07
1.3139088e-09
1.40605e-07
1.371178e-09
1.4094933e-07
1.4230206e-09
1.4129606e-07
1.4684376e-09
1.4164326e-07
1.505034e-09
1.4198849e-07
1.5291188e-09
1.4232859e-07
1.5362978e-09
1.4265968e-07
1.5224657e-09
1.4297745e-07
1.4849019e-09
1.4327765e-07
1.4230831e-09
1.4355663e-07
1.3389146e-09
1.4381181e-07
1.2363054e-09
1.4404207e-07
1.120256e-09
1.4424769e-07
9.9578766e-10
1.444302e-07
8.6702939e-10
1.4459197e-07
7.3675353e-10
1.4473566e-07
6.0584351e-10
4.7717749e-10
1.4486472e-07
1.3750376e-07
5.1237229e-11
1.3755542e-07
1.5463398e-10
1.3764085e-07
2.5644949e-10
1.377586e-07
3.5531974e-10
1.3790676e-07
4.5020633e-10
1.38083e-07
5.4029725e-10
1.3828478e-07
6.2497468e-10
1.3850937e-07
7.0383224e-10
1.3875402e-07
7.7670626e-10
1.3901603e-07
8.4369285e-10
1.3929291e-07
9.0514129e-10
1.3958241e-07
9.61604e-10
1.3988262e-07
1.0137058e-09
1.401919e-07
1.0618993e-09
1.405088e-07
1.1061172e-09
1.4083183e-07
1.1454108e-09
1.4115913e-07
1.1777311e-09
1.4148823e-07
1.2000176e-09
1.4181585e-07
1.2086776e-09
1.4213794e-07
1.2003717e-09
1.4244997e-07
1.1728719e-09
1.4274737e-07
1.1256881e-09
1.4302605e-07
1.0602328e-09
1.4328288e-07
9.7947123e-10
1.4351594e-07
8.8720016e-10
1.4372451e-07
7.8721401e-10
1.4390894e-07
6.8260641e-10
1.4407026e-07
5.7542937e-10
1.442098e-07
4.6630525e-10
3.572509e-10
1.4432973e-07
1.3750132e-07
3.658044e-11
1.3754557e-07
1.1038424e-10
1.3761886e-07
1.8316327e-10
1.3772016e-07
2.5401982e-10
1.378481e-07
3.2227005e-10
1.3800102e-07
3.8737458e-10
1.3817708e-07
4.489175e-10
1.3837429e-07
5.0661989e-10
1.3859063e-07
5.6036299e-10
1.3882412e-07
6.1020155e-10
1.390729e-07
6.5636054e-10
1.3933531e-07
6.992003e-10
1.3960989e-07
7.3912179e-10
1.398954e-07
7.7638735e-10
1.4019065e-07
8.108655e-10
1.404943e-07
8.4176575e-10
1.4080455e-07
8.6748098e-10
1.4111891e-07
8.8566022e-10
1.4143402e-07
8.9356882e-10
1.4174571e-07
8.8867401e-10
1.4204931e-07
8.6927761e-10
1.4234002e-07
8.3497227e-10
1.426135e-07
7.8675381e-10
1.4286622e-07
7.2675503e-10
1.4309571e-07
6.5770874e-10
1.4330059e-07
5.823353e-10
1.4348036e-07
5.0283439e-10
1.4363515e-07
4.2064299e-10
1.4376528e-07
3.3616975e-10
2.5067317e-10
1.4387186e-07
1.3749969e-07
2.3556969e-11
1.3753899e-07
7.1080177e-11
1.3760417e-07
1.1799075e-10
1.3769444e-07
1.6374333e-10
1.3780879e-07
2.0792261e-10
1.3794597e-07
2.5019951e-10
1.3810456e-07
2.9031826e-10
1.3828308e-07
3.2810531e-10
1.3847996e-07
3.6348415e-10
1.3869368e-07
3.9648435e-10
1.389228e-07
4.2724006e-10
1.3916603e-07
4.5596783e-10
1.3942225e-07
4.8290496e-10
1.3969044e-07
5.0819196e-10
1.399696e-07
5.3170499e-10
1.4025848e-07
5.5288235e-10
1.4055534e-07
5.7062279e-10
1.4085767e-07
5.8333646e-10
1.4116205e-07
5.8918524e-10
1.4146425e-07
5.8647008e-10
1.4175948e-07
5.7404696e-10
1.4204283e-07
5.5162442e-10
1.4230975e-07
5.1983385e-10
1.4255646e-07
4.800512e-10
1.4278012e-07
4.3404244e-10
1.429789e-07
3.8356151e-10
1.4315171e-07
3.3001793e-10
1.4329804e-07
2.7432005e-10
1.434175e-07
2.1671062e-10
1.5787333e-10
1.4351029e-07
1.3749868e-07
1.1538777e-11
1.3753495e-07
3.4815879e-11
1.3759513e-07
5.780707e-11
1.3767862e-07
8.025423e-11
1.3778458e-07
1.0196103e-10
1.3791201e-07
1.2277165e-10
1.3805977e-07
1.4256454e-10
1.3822661e-07
1.6125664e-10
1.3841129e-07
1.7881052e-10
1.3861253e-07
1.952388e-10
1.3882917e-07
2.1060366e-10
1.3906013e-07
2.2500615e-10
1.3930448e-07
2.3855569e-10
1.3956136e-07
2.5131202e-10
1.3982986e-07
2.6320259e-10
1.4010881e-07
2.7393728e-10
1.4039647e-07
2.8295904e-10
1.4069034e-07
2.894701e-10
1.4098697e-07
2.9255135e-10
1.4128209e-07
2.9135359e-10
1.4157083e-07
2.8530238e-10
1.4184821e-07
2.7424408e-10
1.4210957e-07
2.5848002e-10
1.4235094e-07
2.3867875e-10
1.4256928e-07
2.1570157e-10
1.4276244e-07
1.9040485e-10
1.4292898e-07
1.6347599e-10
1.4306794e-07
1.3535598e-10
1.4317849e-07
1.0615964e-10
7.6162794e-11
1.432602e-07
1.3749821e-07
-3.036812e-16
1.3753302e-07
-6.0279077e-16
1.3759083e-07
3.529166e-16
1.3767108e-07
2.2561222e-15
1.3777304e-07
5.0179091e-15
1.378958e-07
8.549574e-15
1.3803835e-07
1.2849511e-14
1.3819959e-07
1.7867037e-14
1.3837838e-07
2.3430286e-14
1.3857359e-07
2.909275e-14
1.3878416e-07
3.4046941e-14
1.3900913e-07
3.7017699e-14
1.3924765e-07
3.6242366e-14
1.3949893e-07
2.9839611e-14
1.3976211e-07
1.6780652e-14
1.4003605e-07
-1.7046808e-15
1.4031903e-07
-2.0943422e-14
1.4060854e-07
-3.2888309e-14
1.4090111e-07
-2.7815224e-14
1.4119247e-07
2.4199244e-15
1.4147771e-07
6.1015936e-14
1.4175181e-07
1.4432084e-13
1.4201004e-07
2.4251373e-13
1.4224838e-07
3.4259814e-13
1.4246365e-07
4.3238678e-13
1.4265355e-07
5.0384334e-13
1.4281647e-07
5.5455054e-13
1.4295124e-07
5.8704747e-13
1.4305679e-07
6.0682495e-13
6.1998484e-13
1.4313234e-07
1.3749821e-07
-1.1539316e-11
1.3753302e-07
-3.4816854e-11
1.3759083e-07
-5.7805989e-11
1.3767108e-07
-8.0249394e-11
1.3777304e-07
-1.0195098e-10
1.378958e-07
-1.2275484e-10
1.3803835e-07
-1.425393e-10
1.3819959e-07
-1.6122131e-10
1.3837838e-07
-1.7876388e-10
1.3857359e-07
-1.9518061e-10
1.3878416e-07
-2.1053529e-10
1.3900913e-07
-2.2493134e-10
1.3924764e-07
-2.3848144e-10
1.3949892e-07
-2.5124883e-10
1.397621e-07
-2.631629e-10
1.4003603e-07
-2.7393128e-10
1.40319e-07
-2.829883e-10
1.4060849e-07
-2.8952111e-10
1.4090105e-07
-2.9259232e-10
1.4119239e-07
-2.9133719e-10
1.4147763e-07
-2.8517475e-10
1.4175173e-07
-2.7395756e-10
1.4200998e-07
-2.5800495e-10
1.4224833e-07
-2.3800982e-10
1.4246362e-07
-2.1485683e-10
1.4265354e-07
-1.8941826e-10
1.4281648e-07
-1.6238692e-10
1.4295127e-07
-1.3419972e-10
1.4305684e-07
-1.0496149e-10
-7.4936778e-11
1.4313239e-07
1.3749869e-07
-2.3557846e-11
1.3753495e-07
-7.108152e-11
1.3759513e-07
-1.1798996e-10
1.3767862e-07
-1.6373845e-10
1.3778458e-07
-2.0791208e-10
1.3791201e-07
-2.5018202e-10
1.3805976e-07
-2.902925e-10
1.3822661e-07
-3.2806988e-10
1.3841129e-07
-3.6343796e-10
1.3861253e-07
-3.9642708e-10
1.3882917e-07
-4.2717271e-10
1.3906013e-07
-4.558934e-10
1.3930448e-07
-4.828291e-10
1.3956136e-07
-5.0812324e-10
1.3982985e-07
-5.3165375e-10
1.4010877e-07
-5.5285738e-10
1.4039641e-07
-5.7062595e-10
1.4069025e-07
-5.8335702e-10
1.4098685e-07
-5.8919658e-10
1.4128194e-07
-5.8643125e-10
1.4157068e-07
-5.739099e-10
1.4184807e-07
-5.5134493e-10
1.4210944e-07
-5.193823e-10
1.4235085e-07
-4.7941909e-10
1.4256924e-07
-4.332426e-10
1.4276244e-07
-3.8262235e-10
1.4292903e-07
-3.2897454e-10
1.4306804e-07
-2.7320539e-10
1.4317862e-07
-2.1554959e-10
-1.5668129e-10
1.4326037e-07
1.3749969e-07
-3.658142e-11
1.3753899e-07
-1.1038564e-10
1.3760417e-07
-1.8316253e-10
1.3769444e-07
-2.54015e-10
1.3780879e-07
-3.2225949e-10
1.3794597e-07
-3.8735696e-10
1.3810456e-07
-4.4889161e-10
1.3828308e-07
-5.0658458e-10
1.3847996e-07
-5.6031729e-10
1.3869368e-07
-6.1014511e-10
1.389228e-07
-6.5629411e-10
1.3916603e-07
-6.9912624e-10
1.3942225e-07
-7.3904461e-10
1.3969044e-07
-7.7631389e-10
1.3996959e-07
-8.1080406e-10
1.4025845e-07
-8.4172348e-10
1.4055529e-07
-8.6745967e-10
1.4085758e-07
-8.8565152e-10
1.4116194e-07
-8.9355112e-10
1.4146412e-07
-8.8861306e-10
1.4175934e-07
-8.6913186e-10
1.420427e-07
-8.3470178e-10
1.4230964e-07
-7.863297e-10
1.4255639e-07
-7.2616605e-10
1.4278011e-07
-6.5696259e-10
1.4297894e-07
-5.8145477e-10
1.4315182e-07
-5.0184994e-10
1.432982e-07
-4.195849e-10
1.4341771e-07
-3.3506219e-10
-2.495327e-10
1.4351056e-07
1.3750132e-07
-5.1238359e-11
1.3754557e-07
-1.5463515e-10
1.3761886e-07
-2.5644834e-10
1.3772016e-07
-3.5531446e-10
1.3784809e-07
-4.5019542e-10
1.3800102e-07
-5.4027949e-10
1.3817707e-07
-6.2494892e-10
1.3837429e-07
-7.037974e-10
1.3859063e-07
-7.7666148e-10
1.3882412e-07
-8.436378e-10
1.3907291e-07
-9.050765e-10
1.3933531e-07
-9.6153125e-10
1.396099e-07
-1.0136286e-09
1.398954e-07
-1.061823e-09
1.4019065e-07
-1.1060485e-09
1.4049428e-07
-1.1453557e-09
1.4080451e-07
-1.1776912e-09
1.4111885e-07
-1.1999864e-09
1.4143393e-07
-1.2086372e-09
1.4174561e-07
-1.2002932e-09
1.420492e-07
-1.1727196e-09
1.4233993e-07
-1.1254268e-09
1.4261343e-07
-1.0598353e-09
1.4286619e-07
-9.7892551e-10
1.4309574e-07
-8.865104e-10
1.4330068e-07
-7.8639831e-10
1.4348052e-07
-6.8169082e-10
1.4363538e-07
-5.7444104e-10
1.4376558e-07
-4.6526674e-10
-3.5617901e-10
1.4387223e-07
1.3750376e-07
-6.8336106e-11
1.3755542e-07
-2.0628957e-10
1.3764085e-07
-3.4187439e-10
1.377586e-07
-4.7307133e-10
1.3790675e-07
-5.9834834e-10
1.38083e-07
-7.1652589e-10
1.3828478e-07
-8.2672625e-10
1.3850937e-07
-9.283894e-10
1.3875402e-07
-1.0213099e-09
1.3901604e-07
-1.1056559e-09
1.3929292e-07
-1.1819567e-09
1.3958242e-07
-1.2510345e-09
1.3988262e-07
-1.3138329e-09
1.401919e-07
-1.3711013e-09
1.405088e-07
-1.4229487e-09
1.4083182e-07
-1.4683751e-09
1.4115911e-07
-1.5049824e-09
1.414882e-07
-1.5290728e-09
1.4181581e-07
-1.5362426e-09
1.4213789e-07
-1.522377e-09
1.4244992e-07
-1.4847486e-09
1.4274733e-07
-1.4228339e-09
1.4302604e-07
-1.3385449e-09
1.4328291e-07
-1.235803e-09
1.4351603e-07
-1.1196232e-09
1.4372467e-07
-9.9503931e-10
1.4390916e-07
-8.6618796e-10
1.4407057e-07
-7.3584316e-10
1.4421018e-07
-6.0488477e-10
-4.7618689e-10
1.4433019e-07
1.3750731e-07
-8.8978808e-11
1.3756975e-07
-2.6872715e-10
1.3767283e-07
-4.4495982e-10
1.3781445e-07
-6.1468821e-10
1.3799177e-07
-7.7566712e-10
1.3820146e-07
-9.2621587e-10
1.3843986e-07
-1.0651282e-09
1.3870314e-07
-1.1916681e-09
1.3898743e-07
-1.3056053e-09
1.3928901e-07
-1.4072345e-09
1.3960441e-07
-1.4973536e-09
1.3993055e-07
-1.5771719e-09
1.402648e-07
-1.6480908e-09
1.4060501e-07
-1.7113111e-09
1.4094934e-07
-1.7672791e-09
1.4129607e-07
-1.8151031e-09
1.4164327e-07
-1.8521819e-09
1.419885e-07
-1.8743014e-09
1.423286e-07
-1.8763379e-09
1.4265969e-07
-1.8534691e-09
1.4297747e-07
-1.8025341e-09
1.4327769e-07
-1.7230543e-09
1.435567e-07
-1.6175469e-09
1.4381193e-07
-1.4910348e-09
1.4404224e-07
-1.349937e-09
1.4424793e-07
-1.2007279e-09
1.4443051e-07
-1.0487712e-09
1.4459236e-07
-8.9768759e-10
1.4473613e-07
-7.4866001e-10
-6.0533786e-10
1.4486528e-07
1.3751245e-07
-1.1476542e-10
1.3759059e-07
-3.4686293e-10
1.3771933e-07
-5.7369956e-10
1.3789542e-07
-7.9077739e-10
1.3811455e-07
-9.9479976e-10
1.3837177e-07
-1.1834306e-09
1.3866173e-07
-1.3550919e-09
1.3897894e-07
-1.5088822e-09
1.3931794e-07
-1.6445981e-09
1.3967346e-07
-1.7627593e-09
1.4004068e-07
-1.864576e-09
1.4041533e-07
-1.9518229e-09
1.4079381e-07
-2.0265645e-09
1.4117317e-07
-2.0906751e-09
1.4155106e-07
-2.145163e-09
1.4192541e-07
-2.1894618e-09
1.422942e-07
-2.2209708e-09
1.4265503e-07
-2.2351294e-09
1.430049e-07
-2.2262049e-09
1.4334018e-07
-2.1887468e-09
1.4365691e-07
-2.1192631e-09
1.4395132e-07
-2.0174642e-09
1.4422042e-07
-1.8866522e-09
1.4446257e-07
-1.7331842e-09
1.446778e-07
-1.5651677e-09
1.4486789e-07
-1.3908165e-09
1.4503611e-07
-1.2169905e-09
1.4518674e-07
-1.0483148e-09
1.4532439e-07
-8.8631659e-10
-7.3504513e-10
1.454541e-07
1.3752004e-07
-1.4814093e-10
1.3762145e-07
-4.4826928e-10
1.3778808e-07
-7.4032887e-10
1.3801465e-07
-1.0173495e-09
1.3829435e-07
-1.2745039e-09
1.3861963e-07
-1.5087017e-09
1.3898258e-07
-1.7180425e-09
1.3937523e-07
-1.9015368e-09
1.3978976e-07
-2.0591296e-09
1.4021875e-07
-2.1917518e-09
1.4065544e-07
-2.3012639e-09
1.410939e-07
-2.3902753e-09
1.4152915e-07
-2.4618208e-09
1.4195726e-07
-2.5187853e-09
1.4237515e-07
-2.5630544e-09
1.4278036e-07
-2.5946693e-09
1.4317068e-07
-2.611288e-09
1.4354373e-07
-2.6081838e-09
1.4389665e-07
-2.5791248e-09
1.442261e-07
-2.5181899e-09
1.4452862e-07
-2.4217914e-09
1.4480123e-07
-2.2900697e-09
1.4504197e-07
-2.1273904e-09
1.4525063e-07
-1.9418486e-09
1.4542914e-07
-1.7436765e-09
1.4558155e-07
-1.5432307e-09
1.4571391e-07
-1.34935e-09
1.4583348e-07
-1.1678798e-09
1.4594796e-07
-1.000798e-09
-8.5157965e-10
1.4606449e-07
1.375316e-07
-1.9307368e-10
1.3766866e-07
-5.8532563e-10
1.3789272e-07
-9.6439516e-10
1.3819445e-07
-1.3190766e-09
1.3856264e-07
-1.6426982e-09
1.3898578e-07
-1.9318346e-09
1.3945232e-07
-2.184587e-09
1.3995081e-07
-2.4000252e-09
1.404701e-07
-2.5784214e-09
1.4099978e-07
-2.7214288e-09
1.4153045e-07
-2.8319343e-09
1.4205394e-07
-2.9137701e-09
1.4256347e-07
-2.9713463e-09
1.4305361e-07
-3.0089269e-09
1.4352012e-07
-3.0295608e-09
1.4395974e-07
-3.0342879e-09
1.4437016e-07
-3.0217134e-09
1.4474897e-07
-2.9869893e-09
1.4509278e-07
-2.9229372e-09
1.4539813e-07
-2.8235465e-09
1.4566263e-07
-2.6862907e-09
1.4588499e-07
-2.5124214e-09
1.4606527e-07
-2.30767e-09
1.462058e-07
-2.0823868e-09
1.4631153e-07
-1.8494004e-09
1.4638971e-07
-1.6214178e-09
1.4645066e-07
-1.4102972e-09
1.4650594e-07
-1.2231615e-09
1.4656864e-07
-1.0634941e-09
-9.3274178e-10
1.466498e-07
1.3755082e-07
-2.5722519e-10
1.377468e-07
-7.8130791e-10
1.3806386e-07
-1.2814545e-09
1.3848349e-07
-1.7387036e-09
1.3898618e-07
-2.1453927e-09
1.3955419e-07
-2.4998453e-09
1.4017092e-07
-2.8013175e-09
1.4082033e-07
-3.0494303e-09
1.4148698e-07
-3.2450718e-09
1.4215665e-07
-3.3910977e-09
1.4281643e-07
-3.4917214e-09
1.4345518e-07
-3.552521e-09
1.4406423e-07
-3.5803931e-09
1.4463639e-07
-3.581086e-09
1.4516522e-07
-3.5583902e-09
1.4564518e-07
-3.5142445e-09
1.4607294e-07
-3.4494769e-09
1.464447e-07
-3.358751e-09
1.4675481e-07
-3.2330459e-09
1.469989e-07
-3.0676392e-09
1.4717708e-07
-2.8644645e-09
1.4729228e-07
-2.6276251e-09
1.4734988e-07
-2.3652724e-09
1.473586e-07
-2.0911057e-09
1.4732713e-07
-1.8179289e-09
1.4726889e-07
-1.5631799e-09
1.4720185e-07
-1.3432517e-09
1.4714243e-07
-1.1637397e-09
1.4710902e-07
-1.0300909e-09
-9.3923311e-10
1.4711551e-07
1.3758166e-07
-3.5222033e-10
1.3787671e-07
-1.0763587e-09
1.383437e-07
-1.7484424e-09
1.3894725e-07
-2.3422498e-09
1.3965713e-07
-2.8552722e-09
1.4044748e-07
-3.2901994e-09
1.4129418e-07
-3.648018e-09
1.4217403e-07
-3.9292745e-09
1.4306495e-07
-4.1359985e-09
1.4394694e-07
-4.273088e-09
1.4479976e-07
-4.3445425e-09
1.4560399e-07
-4.3567523e-09
1.463462e-07
-4.3225951e-09
1.4701472e-07
-4.2496051e-09
1.4760359e-07
-4.1472603e-09
1.4811218e-07
-4.0228339e-09
1.4852929e-07
-3.8665956e-09
1.4883642e-07
-3.6658728e-09
1.4902716e-07
-3.4237925e-09
1.4911284e-07
-3.1533138e-09
1.4910659e-07
-2.8582208e-09
1.4901601e-07
-2.5370387e-09
1.4885075e-07
-2.2000169e-09
1.4862537e-07
-1.8657268e-09
1.4836166e-07
-1.5542151e-09
1.4807987e-07
-1.2813922e-09
1.4779615e-07
-1.0595329e-09
1.4753275e-07
-9.0034102e-10
1.4731786e-07
-8.1519906e-10
-7.8043816e-10
1.4715907e-07
1.3768953e-07
-5.550812e-10
1.3821974e-07
-1.6065686e-09
1.3898176e-07
-2.5104684e-09
1.3990114e-07
-3.2616222e-09
1.409376e-07
-3.8917386e-09
1.4205786e-07
-4.4104549e-09
1.4323103e-07
-4.8211952e-09
1.4441984e-07
-5.1180819e-09
1.4559306e-07
-5.3092137e-09
1.4672022e-07
-5.4002524e-09
1.477619e-07
-5.3862172e-09
1.486916e-07
-5.2864585e-09
1.494912e-07
-5.122192e-09
1.5013885e-07
-4.8972531e-09
1.5062798e-07
-4.6363922e-09
1.5095199e-07
-4.3468424e-09
1.5111028e-07
-4.0248924e-09
1.5112533e-07
-3.6809166e-09
1.5101788e-07
-3.3163487e-09
1.5078975e-07
-2.9251775e-09
1.5044463e-07
-2.5131052e-09
1.5000484e-07
-2.0972487e-09
1.4950121e-07
-1.6963795e-09
1.4896319e-07
-1.327709e-09
1.4841635e-07
-1.0073776e-09
1.4787872e-07
-7.4375954e-10
1.4736012e-07
-5.4093302e-10
1.4686125e-07
-4.0147587e-10
1.4639896e-07
-3.529022e-10
-2.7295126e-10
1.4589147e-07
1.3781861e-07
-8.8702147e-10
1.388087e-07
-2.5966577e-09
1.4012459e-07
-3.8263646e-09
1.4156982e-07
-4.706847e-09
1.4304624e-07
-5.3681613e-09
1.44486e-07
-5.8502177e-09
1.4588105e-07
-6.2162431e-09
1.4717557e-07
-6.4125978e-09
1.4835113e-07
-6.4847781e-09
1.4938033e-07
-6.4294555e-09
1.5023441e-07
-6.2402939e-09
1.5086692e-07
-5.9189728e-09
1.5125288e-07
-5.5081424e-09
1.5140635e-07
-5.0507253e-09
1.5134513e-07
-4.5751769e-09
1.5109088e-07
-4.0925913e-09
1.5067556e-07
-3.6095687e-09
1.5012443e-07
-3.1297845e-09
1.4944688e-07
-2.6387996e-09
1.4865268e-07
-2.1309775e-09
1.4777768e-07
-1.6381074e-09
1.4686097e-07
-1.1805371e-09
1.4594344e-07
-7.7885332e-10
1.4504463e-07
-4.2889939e-10
1.4420124e-07
-1.6398888e-10
1.4341737e-07
4.0115966e-11
1.4266462e-07
2.1181458e-10
1.4188576e-07
3.7738438e-10
1.4103628e-07
4.9657486e-10
8.7909362e-10
1.3988424e-07
1.3868171e-07
-2.0820635e-09
1.4024824e-07
-4.1631901e-09
1.4166031e-07
-5.2384338e-09
1.4278547e-07
-5.8320091e-09
1.4364738e-07
-6.2300683e-09
1.4425821e-07
-6.4610461e-09
1.4461516e-07
-6.5731962e-09
1.4471528e-07
-6.5127144e-09
1.4451947e-07
-6.2889694e-09
1.4391199e-07
-5.8219795e-09
1.428522e-07
-5.1804988e-09
1.414092e-07
-4.475978e-09
1.3969e-07
-3.7889354e-09
1.3776659e-07
-3.1273226e-09
1.3572573e-07
-2.5343104e-09
1.3365682e-07
-2.0236884e-09
1.3164159e-07
-1.5943331e-09
1.2973994e-07
-1.2281328e-09
1.2799929e-07
-8.9815325e-10
1.2645517e-07
-5.8685231e-10
1.2513381e-07
-3.1675209e-10
1.2404879e-07
-9.5518159e-11
1.2318568e-07
8.4254082e-11
1.2251635e-07
2.4043594e-10
1.2199862e-07
3.5374054e-10
1.2158181e-07
4.5692975e-10
1.2121095e-07
5.8267197e-10
1.2082241e-07
7.6592685e-10
1.2016059e-07
1.15839e-09
2.4598765e-09
1.1857981e-07
1.354046e-07
1.3124141e-07
1.2600298e-07
1.2017097e-07
1.139409e-07
1.0747986e-07
1.0090666e-07
9.4393945e-08
8.8104976e-08
8.2282996e-08
7.7102497e-08
7.2626519e-08
6.8837584e-08
6.5710261e-08
6.3175951e-08
6.1152262e-08
5.9557929e-08
5.8329797e-08
5.7431643e-08
5.6844791e-08
5.6528039e-08
5.6432521e-08
5.6516775e-08
5.6757211e-08
5.7110951e-08
5.7567881e-08
5.8150553e-08
5.891648e-08
6.007487e-08
6.2534746e-08
1.6494835e-08
6.3095145e-09
-2.2804349e-08
1.4487933e-08
2.0069017e-09
1.3080273e-08
1.4076597e-09
1.194645e-08
1.1338232e-09
1.1310141e-08
6.3630894e-10
1.1038968e-08
2.7117321e-10
1.0994581e-08
4.4386914e-11
1.1091086e-08
-9.6504621e-11
1.1281518e-08
-1.9043225e-10
1.1505588e-08
-2.2406989e-10
1.1712593e-08
-2.0700557e-10
1.1873815e-08
-1.6122177e-10
1.1979633e-08
-1.0581801e-10
1.2034139e-08
-5.4505534e-11
1.2040747e-08
-6.6080898e-12
1.2005559e-08
3.5187874e-11
1.1935327e-08
7.0231494e-11
1.1837273e-08
9.8054337e-11
1.1719863e-08
1.1740971e-10
1.1592956e-08
1.2690738e-10
1.1467467e-08
1.2548873e-10
1.1354901e-08
1.1256625e-10
1.126729e-08
8.7610851e-11
1.1215108e-08
5.2181849e-11
1.1205991e-08
9.1178533e-12
1.1282942e-08
-7.6951066e-11
1.1490274e-08
-2.0733228e-10
1.1833712e-08
-3.4343841e-10
1.1815023e-08
1.8689406e-11
-5.9606767e-09
1.77757e-08
3.4853315e-08
7.7056337e-09
-3.6249434e-08
3.3246329e-08
3.6138878e-09
3.2357523e-08
2.2964654e-09
3.1545927e-08
1.9454188e-09
3.0955145e-08
1.227091e-09
3.0690878e-08
5.3544074e-10
3.0697727e-08
3.7537942e-11
3.0941797e-08
-3.4057513e-10
3.1316877e-08
-5.6551196e-10
3.1736933e-08
-6.4412612e-10
3.2129768e-08
-5.9984007e-10
3.2452653e-08
-4.8410677e-10
3.2690485e-08
-3.4365071e-10
3.2842503e-08
-2.0652329e-10
3.291497e-08
-7.9074826e-11
3.2916474e-08
3.3684051e-11
3.285394e-08
1.3276479e-10
3.2736136e-08
2.1585888e-10
3.2574026e-08
2.7951925e-10
3.238188e-08
3.1905341e-10
3.2176857e-08
3.3051162e-10
3.1977677e-08
3.1174652e-10
3.1802286e-08
2.630018e-10
3.1667591e-08
1.8687715e-10
3.1597121e-08
7.9587922e-11
3.1591008e-08
-7.0838671e-11
3.1664422e-08
-2.8074585e-10
3.1970702e-08
-6.4971886e-10
3.2172761e-08
-1.8336948e-10
-6.9043192e-09
3.3116404e-08
4.7769918e-08
7.070436e-09
-4.713472e-08
4.7180125e-08
4.2036804e-09
4.6865455e-08
2.6111354e-09
4.6554848e-08
2.2560258e-09
4.6257568e-08
1.5243713e-09
4.6126731e-08
6.6627704e-10
4.6212668e-08
-4.8399126e-11
4.6462358e-08
-5.9026483e-10
4.6830791e-08
-9.3394469e-10
4.7255272e-08
-1.0686073e-09
4.7678601e-08
-1.0231687e-09
4.8057578e-08
-8.6308442e-10
4.8368308e-08
-6.5438073e-10
4.8601909e-08
-4.4012388e-10
4.8761441e-08
-2.386067e-10
4.8851097e-08
-5.5971944e-11
4.8875758e-08
1.0810319e-10
4.8839656e-08
2.5196151e-10
4.8749323e-08
3.6985175e-10
4.8614188e-08
4.5418909e-10
4.8447376e-08
4.9732382e-10
4.8265171e-08
4.9395074e-10
4.8085502e-08
4.4267144e-10
4.792711e-08
3.4526892e-10
4.7804742e-08
2.0195592e-10
4.7725101e-08
8.8019673e-12
4.7674034e-08
-2.2967821e-10
4.7760956e-08
-7.3664131e-10
4.7954305e-08
-3.767185e-10
-5.7076237e-09
4.675761e-08
5.6169542e-08
5.9476096e-09
-5.5046716e-08
5.6199742e-08
4.1734808e-09
5.624237e-08
2.5685065e-09
5.6400864e-08
2.097532e-09
5.6500207e-08
1.4250291e-09
5.6612149e-08
5.5433461e-10
5.6795105e-08
-2.3135485e-10
5.7045113e-08
-8.4027335e-10
5.735362e-08
-1.2424518e-09
5.7705598e-08
-1.4205851e-09
5.8078295e-08
-1.3958653e-09
5.8443968e-08
-1.2287574e-09
5.8777884e-08
-9.8829689e-10
5.9064165e-08
-7.264053e-10
5.9296695e-08
-4.7113609e-10
5.9474039e-08
-2.3331612e-10
5.9597337e-08
-1.51953e-11
5.9666164e-08
1.8313511e-10
5.9681843e-08
3.5417286e-10
5.9647252e-08
4.8877968e-10
5.9568293e-08
5.7628244e-10
5.945418e-08
6.0806376e-10
5.9317012e-08
5.7984015e-10
5.9170791e-08
4.9148943e-10
5.9026932e-08
3.4581476e-10
5.8901254e-08
1.3448043e-10
5.8769398e-08
-9.7822878e-11
5.8647914e-08
-6.1515646e-10
5.867635e-08
-4.0515439e-10
-4.0817137e-09
5.705044e-08
6.1329793e-08
4.9351007e-09
-6.0317284e-08
6.1746908e-08
3.7563655e-09
6.2002212e-08
2.3132023e-09
6.2379127e-08
1.7206175e-09
6.2706143e-08
1.098013e-09
6.2972974e-08
2.8750337e-10
6.321754e-08
-4.7592063e-10
6.345453e-08
-1.0772632e-09
6.3699005e-08
-1.486927e-09
6.3966752e-08
-1.6883319e-09
6.4263418e-08
-1.692531e-09
6.45799e-08
-1.5452402e-09
6.4898095e-08
-1.306491e-09
6.5199843e-08
-1.0281542e-09
6.5472479e-08
-7.437713e-10
6.570893e-08
-4.6976785e-10
6.5905412e-08
-2.1167725e-10
6.6060122e-08
2.8425422e-11
6.6169226e-08
2.4506928e-10
6.623079e-08
4.2721515e-10
6.6244407e-08
5.6266597e-10
6.621257e-08
6.3990007e-10
6.6140963e-08
6.5144743e-10
6.6038091e-08
5.9436183e-10
6.5912015e-08
4.7189019e-10
6.5771779e-08
2.7471619e-10
6.5614615e-08
5.9341552e-11
6.5403608e-08
-4.0414995e-10
6.5297118e-08
-2.9866368e-10
-2.6723795e-09
6.3887784e-08
6.4589281e-08
4.1175487e-09
-6.3771729e-08
6.5115073e-08
3.2305729e-09
6.5444763e-08
1.9835121e-09
6.5844157e-08
1.3212237e-09
6.622269e-08
7.1948024e-10
6.6526395e-08
-1.6201256e-11
6.6770896e-08
-7.2042194e-10
6.6976529e-08
-1.282896e-09
6.7165589e-08
-1.6759875e-09
6.7364883e-08
-1.8876256e-09
6.7593747e-08
-1.9213952e-09
6.7855678e-08
-1.8071708e-09
6.8140393e-08
-1.5912066e-09
6.8431627e-08
-1.3193882e-09
6.8714292e-08
-1.0264357e-09
6.8977608e-08
-7.3308391e-10
6.9214835e-08
-4.4890392e-10
6.9421552e-08
-1.782921e-10
6.9593327e-08
7.329456e-11
6.9724774e-08
2.9576789e-10
6.9811668e-08
4.7577241e-10
6.9851636e-08
5.9993168e-10
6.9845107e-08
6.5797669e-10
6.97955e-08
6.4396886e-10
6.9707486e-08
5.5990399e-10
6.9585087e-08
3.9711488e-10
6.9437993e-08
2.0643606e-10
6.9217017e-08
-1.8317372e-10
6.9094302e-08
-1.7594958e-10
-1.6474415e-09
6.8069364e-08
6.6673568e-08
3.4837882e-09
-6.6039807e-08
6.7174612e-08
2.7295281e-09
6.7496117e-08
1.6620076e-09
6.7838418e-08
9.7892211e-10
6.8170599e-08
3.872993e-10
6.8436238e-08
-2.8183999e-10
6.8638963e-08
-9.2314674e-10
6.8799411e-08
-1.4433436e-09
6.8940774e-08
-1.8173513e-09
6.9089816e-08
-2.0366675e-09
6.9268478e-08
-2.1000571e-09
6.9485529e-08
-2.0242215e-09
6.9736058e-08
-1.8417353e-09
7.0006849e-08
-1.59018e-09
7.0282926e-08
-1.3025125e-09
7.0551879e-08
-1.0020364e-09
7.0805139e-08
-7.021645e-10
7.1036977e-08
-4.1013022e-10
7.1242566e-08
-1.3229424e-10
7.1416353e-08
1.2198059e-10
7.1552397e-08
3.3972845e-10
7.1645687e-08
5.0664227e-10
7.1693206e-08
6.1045786e-10
7.1694571e-08
6.4260362e-10
7.1651848e-08
6.0262711e-10
7.1565831e-08
4.8313204e-10
7.1448931e-08
3.2333549e-10
7.1253566e-08
1.2191422e-11
7.1149245e-08
-7.1628171e-11
-9.9252576e-10
7.0494329e-08
6.8047187e-08
2.9904101e-09
-6.7553809e-08
6.8472794e-08
2.303921e-09
6.8748027e-08
1.3867744e-09
6.9011683e-08
7.152669e-10
6.9266258e-08
1.3272407e-10
6.9469219e-08
-4.8480078e-10
6.9619161e-08
-1.0730895e-09
6.9735405e-08
-1.5595876e-09
6.9839603e-08
-1.9215493e-09
6.9954565e-08
-2.1516293e-09
7.009977e-08
-2.245262e-09
7.0284963e-08
-2.2094149e-09
7.0508335e-08
-2.0651074e-09
7.0759535e-08
-1.8413792e-09
7.102467e-08
-1.5676481e-09
7.1290732e-08
-1.2680981e-09
7.1547955e-08
-9.5938734e-10
7.1789835e-08
-6.5201027e-10
7.2011617e-08
-3.5407607e-10
7.2208559e-08
-7.4961231e-11
7.2375102e-08
1.7318548e-10
7.2505468e-08
3.762761e-10
7.2594873e-08
5.2105292e-10
7.2640411e-08
5.9706569e-10
7.2642015e-08
6.0102245e-10
7.2598653e-08
5.2649416e-10
7.252217e-08
3.9981844e-10
7.2375796e-08
1.58566e-10
7.2282151e-08
2.2016009e-11
-6.0571791e-10
7.1895344e-08
6.8971354e-08
2.6072201e-09
-6.8588164e-08
6.9308996e-08
1.9662784e-09
6.9529694e-08
1.1660762e-09
6.9724649e-08
5.2031225e-10
6.9909017e-08
-5.1644084e-11
7.0055477e-08
-6.3126097e-10
7.016204e-08
-1.1796518e-09
7.0245677e-08
-1.6432247e-09
7.0325508e-08
-2.0013803e-09
7.0419958e-08
-2.2460793e-09
7.0544953e-08
-2.3702568e-09
7.0709702e-08
-2.3741646e-09
7.0914357e-08
-2.2697618e-09
7.115109e-08
-2.0781121e-09
7.1407464e-08
-1.8240223e-09
7.1670369e-08
-1.5310034e-09
7.1929028e-08
-1.218046e-09
7.2176091e-08
-8.9907389e-10
7.2406833e-08
-5.8481733e-10
7.2617447e-08
-2.8557588e-10
7.2803709e-08
-1.3075809e-11
7.2960469e-08
2.1951611e-10
7.3082569e-08
3.9895222e-10
7.3165711e-08
5.1392419e-10
7.3208038e-08
5.586949e-10
7.3207324e-08
5.2720814e-10
7.3172102e-08
4.3504117e-10
7.3081006e-08
2.4966157e-10
7.3005085e-08
9.7937167e-11
-3.826339e-10
7.2782001e-08
6.9606448e-08
2.3134802e-09
-6.9312708e-08
6.9866834e-08
1.7058927e-09
7.0040461e-08
9.9244911e-10
7.0184423e-08
3.7634969e-10
7.0316046e-08
-1.8326637e-10
7.0420633e-08
-7.3584787e-10
7.0497771e-08
-1.2567902e-09
7.0561765e-08
-1.7072188e-09
7.0628746e-08
-2.068361e-09
7.0713342e-08
-2.3306758e-09
7.0828242e-08
-2.4851565e-09
7.098168e-08
-2.5276028e-09
7.1175085e-08
-2.4631664e-09
7.1402878e-08
-2.3059057e-09
7.1654393e-08
-2.0755367e-09
7.1916998e-08
-1.7936085e-09
7.2179215e-08
-1.4802629e-09
7.2432629e-08
-1.1524881e-09
7.2672017e-08
-8.242058e-10
7.2894082e-08
-5.0764052e-10
7.3095818e-08
-2.1481218e-10
7.3273523e-08
4.1811928e-11
7.3422646e-08
2.4982886e-10
7.3538559e-08
3.9801075e-10
7.3618139e-08
4.7911558e-10
7.3658318e-08
4.8702853e-10
7.366371e-08
4.2964989e-10
7.3623484e-08
2.8988725e-10
7.3574882e-08
1.4653916e-10
-2.5430622e-10
7.3446554e-08
7.0081566e-08
2.0910448e-09
-6.985913e-08
7.027372e-08
1.5137384e-09
7.0403735e-08
8.6243383e-10
7.0507515e-08
2.7256968e-10
7.0600389e-08
-2.7613994e-10
7.0676185e-08
-8.1164379e-10
7.0736074e-08
-1.3166796e-09
7.0791402e-08
-1.7625467e-09
7.0854998e-08
-2.1319571e-09
7.0938196e-08
-2.4138736e-09
7.105089e-08
-2.5978508e-09
7.1200139e-08
-2.6768513e-09
7.1388122e-08
-2.6511494e-09
7.1611268e-08
-2.5290519e-09
7.1861038e-08
-2.3253063e-09
7.2126056e-08
-2.0586274e-09
7.2394823e-08
-1.7490298e-09
7.265796e-08
-1.4156244e-09
7.290918e-08
-1.0754267e-09
7.3144828e-08
-7.4328796e-10
7.3362511e-08
-4.3249485e-10
7.3559743e-08
-1.5542046e-10
7.3733208e-08
7.6363486e-11
7.3878837e-08
2.5238251e-10
7.3992993e-08
3.6495891e-10
7.4072079e-08
4.0794283e-10
7.4117336e-08
3.8439317e-10
7.4123348e-08
2.8387471e-10
7.4108485e-08
1.6140214e-10
-1.8527367e-10
7.4039453e-08
7.0446505e-08
1.9304075e-09
-7.0285868e-08
7.0582571e-08
1.3776729e-09
7.0676122e-08
7.6888222e-10
7.0750515e-08
1.9817713e-10
7.0818063e-08
-3.4368752e-10
7.0877413e-08
-8.7099443e-10
7.0930655e-08
-1.3699209e-09
7.0986301e-08
-1.8181928e-09
7.1053993e-08
-2.1996491e-09
7.1142241e-08
-2.5021223e-09
7.1258582e-08
-2.7141915e-09
7.1408839e-08
-2.8271084e-09
7.1595557e-08
-2.8378669e-09
7.1816898e-08
-2.7503936e-09
7.2066675e-08
-2.5750825e-09
7.2335505e-08
-2.3274579e-09
7.2612774e-08
-2.0262989e-09
7.2888705e-08
-1.691555e-09
7.3155813e-08
-1.3425348e-09
7.3409273e-08
-9.9674774e-10
7.3646264e-08
-6.6948668e-10
7.3864789e-08
-3.7394545e-10
7.4062599e-08
-1.2144586e-10
7.4236674e-08
7.8307099e-11
7.4383695e-08
2.1793795e-10
7.4500019e-08
2.9161854e-10
7.4584612e-08
2.9980103e-10
7.4633968e-08
2.3451818e-10
7.4656848e-08
1.3852219e-10
-1.613225e-10
7.4632897e-08
7.073086e-08
1.8183124e-09
-7.0618765e-08
7.0825922e-08
1.2826104e-09
7.0893833e-08
7.0097209e-10
7.0950372e-08
1.4163737e-10
7.1005006e-08
-3.9832138e-10
7.105862e-08
-9.2460777e-10
7.111354e-08
-1.4248416e-09
7.1175915e-08
-1.8805678e-09
7.1252701e-08
-2.2764347e-09
7.1350136e-08
-2.5995577e-09
7.1473861e-08
-2.8379157e-09
7.1628555e-08
-2.9818032e-09
7.181684e-08
-3.0261516e-09
7.2038258e-08
-2.9718118e-09
7.22889e-08
-2.825724e-09
7.2561803e-08
-2.600361e-09
7.2848073e-08
-2.3125687e-09
7.3138408e-08
-1.9818907e-09
7.3424565e-08
-1.6286913e-09
7.3700274e-08
-1.2724565e-09
7.3961379e-08
-9.3059151e-10
7.4205274e-08
-6.1784127e-10
7.4430015e-08
-3.4618679e-10
7.4633429e-08
-1.2510626e-10
7.4812985e-08
3.8381832e-11
7.4965573e-08
1.3902997e-10
7.5089174e-08
1.7620087e-10
7.5180617e-08
1.4307518e-10
7.5243885e-08
7.5253958e-11
-1.7896706e-10
7.5261529e-08
7.0972614e-08
1.7419812e-09
-7.0896283e-08
7.1039497e-08
1.2157284e-09
7.1091559e-08
6.4890916e-10
7.1139477e-08
9.3719924e-11
7.1190214e-08
-4.4905866e-10
7.1245381e-08
-9.7977452e-10
7.1307095e-08
-1.4865562e-09
7.1379673e-08
-1.9531456e-09
7.1468007e-08
-2.3647684e-09
7.1576603e-08
-2.7081543e-09
7.1709654e-08
-2.9709667e-09
7.1870859e-08
-3.1430078e-09
7.2062714e-08
-3.218007e-09
7.2285729e-08
-3.1948267e-09
7.2537918e-08
-3.0779127e-09
7.2814741e-08
-2.877184e-09
7.3109523e-08
-2.607351e-09
7.3414308e-08
-2.2866757e-09
7.3720945e-08
-1.9353278e-09
7.4022125e-08
-1.5736365e-09
7.4312059e-08
-1.2205261e-09
7.4586626e-08
-8.9240832e-10
7.4843032e-08
-6.0259301e-10
7.5079187e-08
-3.612607e-10
7.5293124e-08
-1.7555527e-10
7.548241e-08
-5.0255746e-11
7.564519e-08
1.3420969e-11
7.577842e-08
9.8449066e-12
7.5883996e-08
-3.0322505e-11
-2.3917662e-10
7.5944206e-08
7.120643e-08
1.6909876e-09
-7.1155436e-08
7.1254796e-08
1.1673629e-09
7.1298009e-08
6.0569554e-10
7.1343255e-08
4.8474423e-11
7.1395425e-08
-5.0122895e-10
7.1456076e-08
-1.0404254e-09
7.1526903e-08
-1.5573837e-09
7.161087e-08
-2.0371118e-09
7.1711363e-08
-2.4652617e-09
7.1831625e-08
-2.8284162e-09
7.1974776e-08
-3.1141176e-09
7.2143722e-08
-3.3119537e-09
7.2340733e-08
-3.4150183e-09
7.2566894e-08
-3.4209878e-09
7.2821655e-08
-3.3326735e-09
7.3102556e-08
-3.1580853e-09
7.3405205e-08
-2.9099995e-09
7.3723543e-08
-2.6050144e-09
7.4050425e-08
-2.2622094e-09
7.4378382e-08
-1.9015935e-09
7.4700436e-08
-1.5425802e-09
7.5010709e-08
-1.2026811e-09
7.530471e-08
-8.9659445e-10
7.5579213e-08
-6.3576339e-10
7.5831897e-08
-4.2823921e-10
7.6060954e-08
-2.7931232e-10
7.6264646e-08
-1.9027142e-10
7.644074e-08
-1.6624891e-10
7.659028e-08
-1.7986225e-10
-3.44021e-10
7.6695124e-08
7.1456239e-08
1.6571437e-09
-7.1422395e-08
7.1493236e-08
1.1303661e-09
7.1532388e-08
5.665441e-10
7.1578529e-08
2.3333012e-12
7.1634969e-08
-5.5766878e-10
7.1702885e-08
-1.1083421e-09
7.1783512e-08
-1.6380109e-09
7.1878845e-08
-2.1324446e-09
7.1991212e-08
-2.5776287e-09
7.2122952e-08
-2.9601562e-09
7.2276414e-08
-3.2675793e-09
7.2453909e-08
-3.4894493e-09
7.2657466e-08
-3.6185751e-09
7.288848e-08
-3.6520015e-09
7.3147368e-08
-3.5915616e-09
7.3433255e-08
-3.4439728e-09
7.3743737e-08
-3.2204809e-09
7.4074777e-08
-2.9360541e-09
7.4420827e-08
-2.6082603e-09
7.4775198e-08
-2.2559638e-09
7.5130638e-08
-1.8980204e-09
7.5480042e-08
-1.552085e-09
7.5817095e-08
-1.2336475e-09
7.61367e-08
-9.5536871e-10
7.643512e-08
-7.266589e-10
7.6709738e-08
-5.5393011e-10
7.6958888e-08
-4.3942164e-10
7.7180701e-08
-3.8806172e-10
7.7376357e-08
-3.7551841e-10
-4.9619274e-10
7.7528529e-08
7.173646e-08
1.6338099e-09
-7.1713126e-08
7.1767622e-08
1.0992043e-09
7.1806274e-08
5.2789183e-10
7.1855734e-08
-4.7126493e-11
7.1918105e-08
-6.2004044e-10
7.199417e-08
-1.1844067e-09
7.2084736e-08
-1.7285766e-09
7.2191111e-08
-2.2388204e-09
7.231489e-08
-2.7014075e-09
7.245778e-08
-3.1030456e-09
7.2621598e-08
-3.4313974e-09
7.2808253e-08
-3.6761045e-09
7.3019604e-08
-3.8299258e-09
7.3257237e-08
-3.8896348e-09
7.3522215e-08
-3.8565401e-09
7.3814789e-08
-3.7365468e-09
7.4134096e-08
-3.5397872e-09
7.4477886e-08
-3.2798443e-09
7.4842365e-08
-2.9727392e-09
7.5222206e-08
-2.6358046e-09
7.5610808e-08
-2.2866227e-09
7.6000787e-08
-1.9420642e-09
7.6384627e-08
-1.6174869e-09
7.6755368e-08
-1.3261101e-09
7.7107187e-08
-1.0784775e-09
7.7435659e-08
-8.8240282e-10
7.7737972e-08
-7.4173422e-10
7.8011867e-08
-6.619565e-10
7.8258442e-08
-6.2209404e-10
-6.9943682e-10
7.8461686e-08
7.2056444e-08
1.6153084e-09
-7.2037943e-08
7.2086423e-08
1.0692254e-09
7.2127698e-08
4.8661704e-10
7.2182566e-08
-1.0199433e-10
7.2252316e-08
-6.8979086e-10
7.233735e-08
-1.2694402e-09
7.2438108e-08
-1.8293343e-09
7.2555405e-08
-2.3561179e-09
7.2690324e-08
-2.836327e-09
7.2844141e-08
-3.2568617e-09
7.3018339e-08
-3.6055959e-09
7.3214612e-08
-3.8723777e-09
7.3434777e-08
-4.0500908e-09
7.368063e-08
-4.1354873e-09
7.3953732e-08
-4.1296423e-09
7.4255165e-08
-4.0379796e-09
7.4585214e-08
-3.8698364e-09
7.4943056e-08
-3.6376865e-09
7.5326461e-08
-3.3561437e-09
7.5731614e-08
-3.0409574e-09
7.6153097e-08
-2.7081058e-09
7.6584094e-08
-2.3730617e-09
7.7016831e-08
-2.0502238e-09
7.7443197e-08
-1.7524761e-09
7.7855472e-08
-1.4907527e-09
7.8246957e-08
-1.2738879e-09
7.8612629e-08
-1.1074063e-09
7.8948606e-08
-9.9793292e-10
7.9254798e-08
-9.2828648e-10
-9.606588e-10
7.951602e-08
7.2424756e-08
1.596484e-09
-7.2405931e-08
7.2457826e-08
1.0361546e-09
7.2504875e-08
4.3956842e-10
7.2567453e-08
-1.6457195e-10
7.2646286e-08
-7.6862447e-10
7.2741434e-08
-1.3645877e-09
7.2853016e-08
-1.9409163e-09
7.298147e-08
-2.4845719e-09
7.3127516e-08
-2.9823732e-09
7.3292151e-08
-3.4214965e-09
7.3476692e-08
-3.7901372e-09
7.3682796e-08
-4.0784814e-09
7.3912402e-08
-4.2796966e-09
7.4167611e-08
-4.390697e-09
7.4450503e-08
-4.4125342e-09
7.476288e-08
-4.3503561e-09
7.5105966e-08
-4.2129231e-09
7.5480078e-08
-4.011798e-09
7.5884294e-08
-3.7603593e-09
7.6316182e-08
-3.4728459e-09
7.6771632e-08
-3.1635558e-09
7.7244846e-08
-2.8462754e-09
7.7728529e-08
-2.5339073e-09
7.8214295e-08
-2.2382419e-09
7.8693271e-08
-1.9697287e-09
7.9156796e-08
-1.7374129e-09
7.9597314e-08
-1.547924e-09
8.0008357e-08
-1.4089764e-09
8.0387257e-08
-1.3071866e-09
-1.2917825e-09
8.0718381e-08
7.2852447e-08
1.572252e-09
-7.2828215e-08
7.2892917e-08
9.956841e-10
7.2949195e-08
3.8329057e-10
7.3022226e-08
-2.3760232e-10
7.3112287e-08
-8.5868555e-10
7.3219117e-08
-1.4714184e-09
7.3342534e-08
-2.0643329e-09
7.348266e-08
-2.624698e-09
7.3639957e-08
-3.1396697e-09
7.3815267e-08
-3.5968065e-09
7.4009888e-08
-3.9847589e-09
7.4225606e-08
-4.2941995e-09
7.4464654e-08
-4.518744e-09
7.4729589e-08
-4.6556324e-09
7.5023108e-08
-4.7060534e-09
7.5347784e-08
-4.6750313e-09
7.5705756e-08
-4.5708958e-09
7.6098396e-08
-4.4044379e-09
7.6525962e-08
-4.1879253e-09
7.6987289e-08
-3.9341728e-09
7.7479548e-08
-3.6558148e-09
7.7998109e-08
-3.364836e-09
7.8536553e-08
-3.0723516e-09
7.9086858e-08
-2.7885473e-09
7.9639783e-08
-2.5226538e-09
8.0185409e-08
-2.2830387e-09
8.0713991e-08
-2.0765059e-09
8.12162e-08
-1.9111857e-09
8.1685736e-08
-1.776722e-09
-1.7109168e-09
8.210487e-08
7.335489e-08
1.5373242e-09
-7.3319962e-08
7.3407493e-08
9.4308179e-10
7.3477105e-08
3.1367773e-10
7.3564036e-08
-3.245326e-10
7.3668086e-08
-9.6273603e-10
7.3788649e-08
-1.5919808e-09
7.3925221e-08
-2.2009052e-09
7.407766e-08
-2.7771373e-09
7.4246257e-08
-3.3082668e-09
7.4431823e-08
-3.7823721e-09
7.4635777e-08
-4.1887136e-09
7.4860198e-08
-4.5186197e-09
7.5107773e-08
-4.7663192e-09
7.538168e-08
-4.9295398e-09
7.568538e-08
-5.0097526e-09
7.6022344e-08
-5.0119958e-09
7.6395744e-08
-4.944296e-09
7.6808098e-08
-4.8167916e-09
7.7260917e-08
-4.640744e-09
7.7754371e-08
-4.427627e-09
7.8287e-08
-4.1884438e-09
7.8855498e-08
-3.9333338e-09
7.9454604e-08
-3.6714583e-09
8.0077135e-08
-3.4110782e-09
8.0714147e-08
-3.1596658e-09
8.1355248e-08
-2.9241394e-09
8.1989222e-08
-2.7104797e-09
8.2604273e-08
-2.5262373e-09
8.3190271e-08
-2.3627195e-09
-2.2462152e-09
8.3725569e-08
7.395649e-08
1.4849502e-09
-7.3904116e-08
7.4026995e-08
8.7257637e-10
7.4114718e-08
2.2595491e-10
7.4219421e-08
-4.2923598e-10
7.4340481e-08
-1.0837958e-09
7.4476911e-08
-1.7284108e-09
7.4627888e-08
-2.3518819e-09
7.4793034e-08
-2.9422835e-09
7.497254e-08
-3.4877726e-09
7.5167286e-08
-3.977118e-09
7.5378953e-08
-4.4003807e-09
7.5610065e-08
-4.7497316e-09
7.5863934e-08
-5.0201881e-09
7.6144522e-08
-5.2101285e-09
7.6456222e-08
-5.3214524e-09
7.6803575e-08
-5.3593488e-09
7.7190951e-08
-5.3316716e-09
7.7622197e-08
-5.248038e-09
7.8100274e-08
-5.1188205e-09
7.8626907e-08
-4.9542602e-09
7.9202264e-08
-4.7638009e-09
7.9824673e-08
-4.5557427e-09
8.0490444e-08
-4.3372297e-09
8.1193792e-08
-4.1144256e-09
8.1926825e-08
-3.8926987e-09
8.2679638e-08
-3.676953e-09
8.3440645e-08
-3.4714865e-09
8.4196708e-08
-3.2823007e-09
8.4935287e-08
-3.1012986e-09
-2.9407873e-09
8.562986e-08
7.4687228e-08
1.4081402e-09
-7.4610418e-08
7.4782715e-08
7.7708954e-10
7.4895332e-08
1.133373e-10
7.5023889e-08
-5.5779231e-10
7.5166651e-08
-1.2265576e-09
7.5322061e-08
-1.8838208e-09
7.5489009e-08
-2.51883e-09
7.5666983e-08
-3.1202577e-09
7.5856228e-08
-3.6770177e-09
7.6057903e-08
-4.1787926e-09
7.627419e-08
-4.6166677e-09
7.6508309e-08
-4.9838507e-09
7.676444e-08
-5.2763198e-09
7.7047552e-08
-5.4932406e-09
7.7363168e-08
-5.6370684e-09
7.771707e-08
-5.7132501e-09
7.8114951e-08
-5.7295529e-09
7.8562062e-08
-5.695149e-09
7.9062856e-08
-5.6196141e-09
7.9620709e-08
-5.512113e-09
8.0237637e-08
-5.3807294e-09
8.0913898e-08
-5.2320034e-09
8.164789e-08
-5.0712224e-09
8.2435977e-08
-4.9025118e-09
8.3272086e-08
-4.7288082e-09
8.4148018e-08
-4.5528853e-09
8.5053428e-08
-4.376896e-09
8.5975526e-08
-4.204399e-09
8.6902651e-08
-4.0284236e-09
-3.8428548e-09
8.7804719e-08
7.5615703e-08
1.2927208e-09
-7.5500283e-08
7.5746872e-08
6.4592084e-10
7.5889734e-08
-2.9525291e-11
7.6046141e-08
-7.1419897e-10
7.621247e-08
-1.3928873e-09
7.6387168e-08
-2.0585181e-09
7.6568947e-08
-2.7006087e-09
7.6757262e-08
-3.3085735e-09
7.6952621e-08
-3.872376e-09
7.715674e-08
-4.3829117e-09
7.7372614e-08
-4.8325423e-09
7.7604465e-08
-5.2157017e-09
7.7857578e-08
-5.5294322e-09
7.8138046e-08
-5.7737093e-09
7.8452521e-08
-5.9515433e-09
7.8807952e-08
-6.0686807e-09
7.9211164e-08
-6.1327654e-09
7.9668419e-08
-6.1524038e-09
8.0185085e-08
-6.1362804e-09
8.0765549e-08
-6.0925763e-09
8.1413628e-08
-6.0288086e-09
8.2131684e-08
-5.9500596e-09
8.2919966e-08
-5.8595037e-09
8.3776902e-08
-5.7594483e-09
8.4698864e-08
-5.6507698e-09
8.5681245e-08
-5.5352669e-09
8.6717317e-08
-5.412968e-09
8.7798256e-08
-5.2853373e-09
8.8913461e-08
-5.1436294e-09
-4.9590805e-09
9.0029687e-08
7.6790233e-08
1.1290784e-09
-7.662659e-08
7.6968712e-08
4.674414e-10
7.716033e-08
-2.2114334e-10
7.735664e-08
-9.1050869e-10
7.7555986e-08
-1.5922331e-09
7.775572e-08
-2.2582518e-09
7.7954495e-08
-2.8993836e-09
7.8152378e-08
-3.5064571e-09
7.8350979e-08
-4.0709772e-09
7.8553455e-08
-4.5853869e-09
7.8764312e-08
-5.0434e-09
7.8989099e-08
-5.4404885e-09
7.9234116e-08
-5.7744488e-09
7.9506157e-08
-6.0457511e-09
7.9811991e-08
-6.2573769e-09
8.0157949e-08
-6.414639e-09
8.055052e-08
-6.5253361e-09
8.0995882e-08
-6.5977657e-09
8.1499391e-08
-6.63979e-09
8.2064917e-08
-6.658102e-09
8.2698922e-08
-6.6628135e-09
8.3409166e-08
-6.660304e-09
8.419066e-08
-6.6409975e-09
8.5034667e-08
-6.6034547e-09
8.5950111e-08
-6.5662138e-09
8.6941727e-08
-6.5268833e-09
8.8002502e-08
-6.4737434e-09
8.9121787e-08
-6.404622e-09
9.0296666e-08
-6.3185085e-09
-6.157808e-09
9.1495394e-08
7.8473334e-08
8.817451e-10
-7.8226001e-08
7.8718041e-08
2.2273461e-10
7.8957996e-08
-4.6109854e-10
7.9190227e-08
-1.1427398e-09
7.9412925e-08
-1.814931e-09
7.9625732e-08
-2.4710586e-09
7.982944e-08
-3.1030925e-09
8.0026097e-08
-3.7031139e-09
8.0218802e-08
-4.2636824e-09
8.041138e-08
-4.7779648e-09
8.0608077e-08
-5.2400967e-09
8.0813592e-08
-5.6460037e-09
8.1033247e-08
-5.9941039e-09
8.127262e-08
-6.2851234e-09
8.1536046e-08
-6.5208036e-09
8.1822993e-08
-6.701585e-09
8.2137726e-08
-6.8400695e-09
8.248663e-08
-6.94667e-09
8.2872804e-08
-7.0259638e-09
8.3298244e-08
-7.0835416e-09
8.3764774e-08
-7.1293438e-09
8.4277729e-08
-7.1732589e-09
8.4846688e-08
-7.2099563e-09
8.5482443e-08
-7.2392103e-09
8.6187153e-08
-7.2709237e-09
8.6957158e-08
-7.2968886e-09
8.779149e-08
-7.3080753e-09
8.8685812e-08
-7.2989439e-09
8.9636771e-08
-7.2694678e-09
-7.1414601e-09
9.0620424e-08
8.0723385e-08
5.2421528e-10
-8.0365855e-08
8.1066731e-08
-1.2061175e-10
8.1388065e-08
-7.8243213e-10
8.1687775e-08
-1.4424503e-09
8.1964685e-08
-2.0918407e-09
8.2217281e-08
-2.723655e-09
8.2444295e-08
-3.3301062e-09
8.2644831e-08
-3.9036495e-09
8.2818512e-08
-4.4373634e-09
8.2965701e-08
-4.9251538e-09
8.3088646e-08
-5.3630421e-09
8.3192489e-08
-5.7498467e-09
8.3283221e-08
-6.0848355e-09
8.3360142e-08
-6.3620445e-09
8.3418835e-08
-6.579497e-09
8.345321e-08
-6.7359602e-09
8.348538e-08
-6.8722395e-09
8.3531074e-08
-6.9923637e-09
8.3596906e-08
-7.091796e-09
8.3681713e-08
-7.1683482e-09
8.3776151e-08
-7.2237816e-09
8.3870694e-08
-7.2678022e-09
8.3952591e-08
-7.2918536e-09
8.4001607e-08
-7.2882261e-09
8.399711e-08
-7.2664261e-09
8.3933366e-08
-7.2331445e-09
8.3813121e-08
-7.1878307e-09
8.3644166e-08
-7.1299887e-09
8.3439069e-08
-7.0643709e-09
-6.9110543e-09
8.3208663e-08
8.4844021e-08
3.2467438e-11
-8.4352274e-08
8.5275714e-08
-5.5230422e-10
8.5642296e-08
-1.1490141e-09
8.5938073e-08
-1.738227e-09
8.6156343e-08
-2.3101108e-09
8.6291154e-08
-2.8584658e-09
8.6338436e-08
-3.3773882e-09
8.6296077e-08
-3.8612905e-09
8.6164146e-08
-4.3054331e-09
8.5947397e-08
-4.7084045e-09
8.5661918e-08
-5.0775633e-09
8.5323878e-08
-5.4118063e-09
8.4937566e-08
-5.6985238e-09
8.4502579e-08
-5.927057e-09
8.4023202e-08
-6.1001207e-09
8.3494654e-08
-6.2074116e-09
8.2887006e-08
-6.2645914e-09
8.2175473e-08
-6.2808308e-09
8.1324772e-08
-6.2410957e-09
8.0308099e-08
-6.1516745e-09
7.912838e-08
-6.0440625e-09
7.7792921e-08
-5.9323434e-09
7.6320855e-08
-5.8197879e-09
7.4734466e-08
-5.7018373e-09
7.3048647e-08
-5.5806073e-09
7.1274705e-08
-5.4592022e-09
6.9422626e-08
-5.3357514e-09
6.7500933e-08
-5.2082966e-09
6.5514913e-08
-5.0783505e-09
-4.9006165e-09
6.3504475e-08
8.9861924e-08
-2.5747877e-10
-8.9571978e-08
9.0007178e-08
-6.9755782e-10
9.0006483e-08
-1.1483196e-09
8.985755e-08
-1.5892937e-09
8.9560204e-08
-2.0127647e-09
8.9115261e-08
-2.4135229e-09
8.8526424e-08
-2.788551e-09
8.7800392e-08
-3.1352585e-09
8.6945597e-08
-3.4506382e-09
8.5967884e-08
-3.7306922e-09
8.4859817e-08
-3.9694957e-09
8.3590016e-08
-4.1420053e-09
8.2104979e-08
-4.2134869e-09
8.0369312e-08
-4.1913898e-09
7.8377356e-08
-4.1081649e-09
7.6134491e-08
-3.9645466e-09
7.3637096e-08
-3.767196e-09
7.090957e-08
-3.5533054e-09
6.8000865e-08
-3.3323903e-09
6.4949548e-08
-3.1003581e-09
6.179129e-08
-2.8858038e-09
5.8531214e-08
-2.6722674e-09
5.5194395e-08
-2.4829695e-09
5.1832497e-08
-2.3399394e-09
4.848858e-08
-2.2366895e-09
4.5185792e-08
-2.1564151e-09
4.1939383e-08
-2.0893414e-09
3.8760179e-08
-2.0290933e-09
3.56506e-08
-1.9687712e-09
-1.8966737e-09
3.2646657e-08
8.5482047e-08
-8.5739526e-08
8.4784489e-08
8.3636169e-08
8.2046876e-08
8.0034111e-08
7.7620588e-08
7.4832037e-08
7.1696779e-08
6.824614e-08
6.4515448e-08
6.0545953e-08
5.6403947e-08
5.219046e-08
4.7999071e-08
4.3890906e-08
3.9926359e-08
3.6159163e-08
3.2605858e-08
2.9273467e-08
2.6173109e-08
2.3287305e-08
2.0615038e-08
1.8132069e-08
1.5792129e-08
1.355544e-08
1.1399025e-08
9.3096831e-09
7.2805898e-09
5.3118186e-09
3.4151449e-09
8.5207649e-08
-4.5478004e-08
1.0128497e-07
-5.2326755e-08
1.1140991e-07
-5.7259656e-08
1.1640789e-07
-6.0044701e-08
1.1775832e-07
-6.1667711e-08
1.167319e-07
-6.2745314e-08
1.1421414e-07
-6.3522046e-08
1.1076477e-07
-6.4104439e-08
1.0673639e-07
-6.4559784e-08
1.023746e-07
-6.4950913e-08
9.780772e-08
-6.5292254e-08
9.3102044e-08
-6.5580192e-08
8.8309036e-08
-6.5825757e-08
8.3474037e-08
-6.6061284e-08
7.862472e-08
-6.630612e-08
7.3772157e-08
-6.6569831e-08
6.8917158e-08
-6.6858127e-08
6.4055817e-08
-6.7176602e-08
5.9182663e-08
-6.7532777e-08
5.42917e-08
-6.7937252e-08
4.937643e-08
-6.8404692e-08
4.4428288e-08
-6.8955974e-08
3.9438302e-08
-6.9620432e-08
3.4386848e-08
-7.0448829e-08
2.9264042e-08
-7.1503785e-08
2.4007225e-08
-7.2969184e-08
1.8608159e-08
-7.4966789e-08
1.2803144e-08
-7.8547258e-08
6.31018e-09
-8.3079014e-08
-7.9429346e-08
1.2646969e-07
-5.3368772e-08
1.2982289e-07
-5.5679956e-08
1.2980338e-07
-5.7240151e-08
1.2769076e-07
-5.7932082e-08
1.244189e-07
-5.8395847e-08
1.2052487e-07
-5.885128e-08
1.1627192e-07
-5.9269102e-08
1.1180463e-07
-5.9637144e-08
1.0720815e-07
-5.9963304e-08
1.0252009e-07
-6.0262855e-08
9.7752701e-08
-6.0524865e-08
9.29376e-08
-6.0765091e-08
8.8108953e-08
-6.0997111e-08
8.3282675e-08
-6.1235006e-08
7.8459957e-08
-6.1483402e-08
7.3636144e-08
-6.1746018e-08
6.8805534e-08
-6.2027517e-08
6.3962998e-08
-6.2334067e-08
5.9103923e-08
-6.2673702e-08
5.4223465e-08
-6.3056794e-08
4.9315793e-08
-6.349702e-08
4.4373125e-08
-6.4013306e-08
3.9385745e-08
-6.4633052e-08
3.4336872e-08
-6.5399956e-08
2.9211205e-08
-6.6378118e-08
2.3955653e-08
-6.7713631e-08
1.8544233e-08
-6.9555369e-08
1.2732553e-08
-7.2735578e-08
6.338051e-09
-7.6684512e-08
-7.3091295e-08
1.3909526e-07
-5.2580502e-08
1.3652998e-07
-5.3114676e-08
1.3296924e-07
-5.3679406e-08
1.2902021e-07
-5.3983053e-08
1.2484149e-07
-5.4217128e-08
1.2049585e-07
-5.4505643e-08
1.1602892e-07
-5.4802171e-08
1.1146584e-07
-5.507406e-08
1.0682375e-07
-5.5321218e-08
1.0211625e-07
-5.555536e-08
9.7371687e-08
-5.5780298e-08
9.2608296e-08
-5.60017e-08
8.7836506e-08
-5.6225321e-08
8.3056919e-08
-5.6455418e-08
7.8267855e-08
-5.6694338e-08
7.3467161e-08
-5.6945324e-08
6.8652772e-08
-5.7213128e-08
6.3822383e-08
-5.7503677e-08
5.8972923e-08
-5.7824242e-08
5.4100188e-08
-5.8184059e-08
4.9198565e-08
-5.8595398e-08
4.4260572e-08
-5.9075312e-08
3.9276232e-08
-5.9648712e-08
3.4230436e-08
-6.035416e-08
2.9104367e-08
-6.1252049e-08
2.3852905e-08
-6.2462169e-08
1.8436476e-08
-6.413894e-08
1.2639563e-08
-6.6938665e-08
6.3342625e-09
-7.0379212e-08
-6.6757032e-08
1.4225728e-07
-4.8946992e-08
1.3823991e-07
-4.9097312e-08
1.3392415e-07
-4.9363646e-08
1.2950972e-07
-4.9568617e-08
1.2505026e-07
-4.9757672e-08
1.2051712e-07
-4.9972502e-08
1.159079e-07
-5.0192954e-08
1.1124333e-07
-5.0409482e-08
1.0654383e-07
-5.0621721e-08
1.0182209e-07
-5.0833617e-08
9.7087699e-08
-5.104591e-08
9.2344711e-08
-5.1258711e-08
8.7593046e-08
-5.1473657e-08
8.283083e-08
-5.1693203e-08
7.8056549e-08
-5.1920057e-08
7.3268871e-08
-5.2157646e-08
6.8466067e-08
-5.2410324e-08
6.3645717e-08
-5.2683327e-08
5.8804558e-08
-5.2983083e-08
5.3938346e-08
-5.3317847e-08
4.9041593e-08
-5.3698644e-08
4.4107078e-08
-5.4140798e-08
3.912498e-08
-5.4666614e-08
3.4081049e-08
-5.5310229e-08
2.8955083e-08
-5.6126082e-08
2.3707284e-08
-5.7214371e-08
1.8290444e-08
-5.87221e-08
1.2517908e-08
-6.1166129e-08
6.291327e-09
-6.4152631e-08
-6.0465705e-08
1.4276575e-07
-4.455439e-08
1.3833609e-07
-4.466766e-08
1.338139e-07
-4.4841449e-08
1.292582e-07
-4.5012923e-08
1.2468418e-07
-4.5183649e-08
1.200789e-07
-4.5367228e-08
1.1544668e-07
-4.5560733e-08
1.1079411e-07
-4.5756911e-08
1.0612587e-07
-4.5953475e-08
1.0144275e-07
-4.6150503e-08
9.6744645e-08
-4.6347802e-08
9.2031603e-08
-4.6545669e-08
8.7303667e-08
-4.6745721e-08
8.2560764e-08
-4.69503e-08
7.7802654e-08
-4.7161946e-08
7.3028589e-08
-4.7383581e-08
6.8237077e-08
-4.7618813e-08
6.3425866e-08
-4.7872116e-08
5.8591912e-08
-4.8149129e-08
5.373123e-08
-4.8457165e-08
4.8838596e-08
-4.880601e-08
4.3907058e-08
-4.920926e-08
3.8927067e-08
-4.9686623e-08
3.3884911e-08
-5.0268074e-08
2.8760216e-08
-5.1001387e-08
2.3516891e-08
-5.1971046e-08
1.8104589e-08
-5.3309798e-08
1.2363027e-08
-5.5424567e-08
6.20888e-09
-5.7998484e-08
-5.4256825e-08
1.4255238e-07
-3.9992026e-08
1.3800219e-07
-4.0117475e-08
1.3342957e-07
-4.026882e-08
1.2884734e-07
-4.0430698e-08
1.2425971e-07
-4.0596023e-08
1.1966007e-07
-4.0767581e-08
1.1504419e-07
-4.0944856e-08
1.1041145e-07
-4.1124173e-08
1.0576164e-07
-4.1303666e-08
1.0109453e-07
-4.1483387e-08
9.641059e-08
-4.1663866e-08
9.1710785e-08
-4.1845864e-08
8.6995699e-08
-4.2030636e-08
8.2265238e-08
-4.2219839e-08
7.7518725e-08
-4.2415433e-08
7.2754969e-08
-4.2619826e-08
6.7972251e-08
-4.2836094e-08
6.3168279e-08
-4.3068144e-08
5.8340087e-08
-4.3320937e-08
5.3483833e-08
-4.3600911e-08
4.8594493e-08
-4.391667e-08
4.3665361e-08
-4.4280129e-08
3.8687215e-08
-4.4708476e-08
3.3646847e-08
-4.5227707e-08
2.852441e-08
-4.5878949e-08
2.3286746e-08
-4.6733382e-08
1.7883547e-08
-4.79066e-08
1.2178123e-08
-4.9719142e-08
6.0913782e-09
-5.1911739e-08
-4.8165447e-08
1.4207604e-07
-3.5419024e-08
1.3751699e-07
-3.5558422e-08
1.3295451e-07
-3.5706341e-08
1.2838549e-07
-3.5861677e-08
1.2380925e-07
-3.6019788e-08
1.192215e-07
-3.6179824e-08
1.1461842e-07
-3.6341778e-08
1.099989e-07
-3.650466e-08
1.0536302e-07
-3.6667783e-08
1.0071093e-07
-3.68313e-08
9.6042786e-08
-3.6995718e-08
9.1358602e-08
-3.716168e-08
8.6658094e-08
-3.7330127e-08
8.1940624e-08
-3.7502369e-08
7.7205283e-08
-3.7680091e-08
7.245087e-08
-3.7865413e-08
6.7675791e-08
-3.8061015e-08
6.2877923e-08
-3.8270277e-08
5.8054489e-08
-3.8497503e-08
5.3201848e-08
-3.874827e-08
4.8315205e-08
-3.9030026e-08
4.3388134e-08
-3.9353058e-08
3.841179e-08
-3.9732133e-08
3.3373541e-08
-4.0189458e-08
2.8254466e-08
-4.0759874e-08
2.3024042e-08
-4.1502959e-08
1.7634196e-08
-4.2516753e-08
1.1969433e-08
-4.4054379e-08
5.9465851e-09
-4.5888891e-08
-4.2218862e-08
1.4152531e-07
-3.0880562e-08
1.3699016e-07
-3.102327e-08
1.3245041e-07
-3.116659e-08
1.2790184e-07
-3.1313107e-08
1.2334246e-07
-3.146041e-08
1.1876998e-07
-3.1607341e-08
1.1418235e-07
-3.1754151e-08
1.0957864e-07
-3.1900948e-08
1.0495851e-07
-3.2047654e-08
1.0032166e-07
-3.2194453e-08
9.5667748e-08
-3.2341802e-08
9.0996417e-08
-3.2490349e-08
8.6307246e-08
-3.2640957e-08
8.1599649e-08
-3.2794772e-08
7.6872806e-08
-3.2953248e-08
7.2125589e-08
-3.3118197e-08
6.7356472e-08
-3.3291897e-08
6.256342e-08
-3.3477225e-08
5.7743768e-08
-3.367785e-08
5.2894033e-08
-3.3898535e-08
4.8009632e-08
-3.4145626e-08
4.308443e-08
-3.4427856e-08
3.8110002e-08
-3.4757704e-08
3.3074374e-08
-3.5153829e-08
2.7959785e-08
-3.5645286e-08
2.273826e-08
-3.6281433e-08
1.7365381e-08
-3.7143874e-08
1.1744741e-08
-3.843374e-08
5.7914766e-09
-3.9935626e-08
-3.6427385e-08
1.4095652e-07
-2.6383634e-08
1.3645338e-07
-2.6520124e-08
1.3194054e-07
-2.6653747e-08
1.2741507e-07
-2.6787643e-08
1.2287548e-07
-2.6920824e-08
1.1832063e-07
-2.7052489e-08
1.1374942e-07
-2.7182934e-08
1.0916107e-07
-2.7312601e-08
1.0455515e-07
-2.7441735e-08
9.9931322e-08
-2.7570626e-08
9.5289266e-08
-2.7699745e-08
9.0628636e-08
-2.7829719e-08
8.5949008e-08
-2.7961329e-08
8.1249788e-08
-2.8095552e-08
7.6530152e-08
-2.8233612e-08
7.1788989e-08
-2.8377035e-08
6.7024825e-08
-2.8527733e-08
6.2235724e-08
-2.8688124e-08
5.7419158e-08
-2.8861284e-08
5.2571825e-08
-2.9051202e-08
4.7689374e-08
-2.9263175e-08
4.2765985e-08
-2.9504467e-08
3.7793691e-08
-2.9785411e-08
3.276124e-08
-3.0121378e-08
2.7652138e-08
-3.0536184e-08
2.2440885e-08
-3.107018e-08
1.7087414e-08
-3.1790403e-08
1.1511666e-08
-3.2857993e-08
5.6398061e-09
-3.4063766e-08
-3.0787579e-08
1.4040695e-07
-2.1925859e-08
1.3593553e-07
-2.2048708e-08
1.3144933e-07
-2.2167547e-08
1.2694669e-07
-2.2285004e-08
1.2242678e-07
-2.240091e-08
1.1788913e-07
-2.2514841e-08
1.1333327e-07
-2.2627079e-08
1.087588e-07
-2.2738122e-08
1.0416541e-07
-2.2848348e-08
9.9552886e-08
-2.2958105e-08
9.4920983e-08
-2.3067841e-08
9.0269382e-08
-2.3178118e-08
8.5597667e-08
-2.3289614e-08
8.0905268e-08
-2.3403153e-08
7.6191405e-08
-2.3519749e-08
7.1455033e-08
-2.3640663e-08
6.6694767e-08
-2.3767467e-08
6.190878e-08
-2.3902136e-08
5.7094681e-08
-2.4047185e-08
5.2249342e-08
-2.4205863e-08
4.7368639e-08
-2.4382472e-08
4.244707e-08
-2.4582898e-08
3.7477133e-08
-2.4815474e-08
3.2448313e-08
-2.5092558e-08
2.7345376e-08
-2.5433247e-08
2.2145117e-08
-2.5869921e-08
1.6811725e-08
-2.6457011e-08
1.1277694e-08
-2.7323961e-08
5.4898809e-09
-2.8275953e-08
-2.5297698e-08
1.3990527e-07
-1.7501407e-08
1.354617e-07
-1.7605138e-08
1.3099909e-07
-1.7704928e-08
1.2651673e-07
-1.7802644e-08
1.2201436e-07
-1.7898544e-08
1.17492e-07
-1.7992484e-08
1.1294962e-07
-1.8084697e-08
1.0838711e-07
-1.8175611e-08
1.0380437e-07
-1.8265608e-08
9.92013e-08
-1.8355034e-08
9.4577742e-08
-1.8444283e-08
8.9933453e-08
-1.853383e-08
8.5268075e-08
-1.8624236e-08
8.0581095e-08
-1.8716173e-08
7.5871797e-08
-1.8810451e-08
7.1139206e-08
-1.8908071e-08
6.6382016e-08
-1.9010277e-08
6.1598502e-08
-1.9118623e-08
5.6786403e-08
-1.9235086e-08
5.1942753e-08
-1.9362213e-08
4.706365e-08
-1.950337e-08
4.2143897e-08
-1.9663145e-08
3.7176443e-08
-1.984802e-08
3.2151467e-08
-2.0067582e-08
2.7054875e-08
-2.0336655e-08
2.1865411e-08
-2.0680457e-08
1.6550695e-08
-2.1142295e-08
1.1051377e-08
-2.1824643e-08
5.337635e-09
-2.2562211e-08
-1.9960063e-08
1.3947383e-07
-1.310338e-08
1.3505282e-07
-1.3184123e-08
1.306095e-07
-1.326161e-08
1.2614386e-07
-1.3337009e-08
1.2165606e-07
-1.3410743e-08
1.1714641e-07
-1.3482832e-08
1.1261515e-07
-1.3553441e-08
1.0806243e-07
-1.3622882e-08
1.0348829e-07
-1.3691476e-08
9.8892779e-08
-1.3759519e-08
9.4275824e-08
-1.3827327e-08
8.9637267e-08
-1.3895272e-08
8.4976816e-08
-1.3963786e-08
8.0294021e-08
-1.4033377e-08
7.5588227e-08
-1.4104657e-08
7.0858525e-08
-1.417837e-08
6.6103689e-08
-1.4255441e-08
6.1322088e-08
-1.4337022e-08
5.6511574e-08
-1.4424572e-08
5.1669334e-08
-1.4519972e-08
4.6791662e-08
-1.4625698e-08
4.1873636e-08
-1.4745119e-08
3.6908602e-08
-1.4882986e-08
3.188734e-08
-1.504632e-08
2.6796691e-08
-1.5246006e-08
2.1616866e-08
-1.5500631e-08
1.6317572e-08
-1.5843001e-08
1.0842664e-08
-1.6349735e-08
5.1815703e-09
-1.6901118e-08
-1.4778493e-08
1.3913172e-07
-8.7248056e-09
1.3472753e-07
-8.7799297e-09
1.3029873e-07
-8.8328156e-09
1.2584579e-07
-8.8840661e-09
1.2136911e-07
-8.9340611e-09
1.1686918e-07
-8.9828982e-09
1.1234641e-07
-9.0306724e-09
1.078011e-07
-9.0775741e-09
1.0323345e-07
-9.1238288e-09
9.8643586e-08
-9.1696538e-09
9.4031531e-08
-9.2152721e-09
8.9397195e-08
-9.2609368e-09
8.4740351e-08
-9.3069414e-09
8.0060601e-08
-9.353628e-09
7.5357349e-08
-9.4014039e-09
7.0629743e-08
-9.4507646e-09
6.5876623e-08
-9.5023208e-09
6.1096436e-08
-9.5568341e-09
5.628713e-08
-9.6152667e-09
5.1446014e-08
-9.6788554e-09
4.6569544e-08
-9.7492285e-09
4.1653023e-08
-9.828597e-09
3.6690114e-08
-9.9200772e-09
3.1672066e-08
-1.0028272e-08
2.6586404e-08
-1.0160344e-08
2.1414325e-08
-1.0328553e-08
1.6126339e-08
-1.0555015e-08
1.0665567e-08
-1.0888963e-08
5.0246017e-09
-1.1260152e-08
-9.7538912e-09
1.3889424e-07
-4.3588436e-09
1.3450107e-07
-4.3867618e-09
1.3008198e-07
-4.4137177e-09
1.2563757e-07
-4.4396594e-09
1.2116841e-07
-4.4648967e-09
1.1667504e-07
-4.4895357e-09
1.1215799e-07
-4.5136178e-09
1.0761765e-07
-4.5372331e-09
1.0305432e-07
-4.5605003e-09
9.8468199e-08
-4.5835341e-09
9.3859376e-08
-4.6064494e-09
8.9227814e-08
-4.6293743e-09
8.4573329e-08
-4.6524566e-09
7.9895568e-08
-4.6758673e-09
7.5193974e-08
-4.6998096e-09
7.0467739e-08
-4.7245299e-09
6.571575e-08
-4.7503317e-09
6.0936509e-08
-4.7775932e-09
5.6128034e-08
-4.8067919e-09
5.128772e-08
-4.8385414e-09
4.6412141e-08
-4.873649e-09
4.1496754e-08
-4.9132099e-09
3.6535444e-08
-4.9587677e-09
3.1519775e-08
-5.0126024e-09
2.6437704e-08
-5.0782735e-09
2.1271022e-08
-5.1618711e-09
1.5990576e-08
-5.2745689e-09
1.0541688e-08
-5.4400746e-09
4.9067474e-09
-5.6252119e-09
-4.8471438e-09
1.3877293e-07
5.6712443e-13
1.3438559e-07
5.7677377e-13
1.2997128e-07
5.896609e-13
1.2553102e-07
6.0537496e-13
1.2106549e-07
6.2362946e-13
1.1657532e-07
6.441573e-13
1.1206103e-07
6.669845e-13
1.075231e-07
6.9225847e-13
1.0296188e-07
7.201568e-13
9.8377599e-08
7.5090273e-13
9.3770365e-08
7.8480015e-13
8.9140169e-08
8.222619e-13
8.4486848e-08
8.638346e-13
7.9810071e-08
9.1022474e-13
7.5109299e-08
9.6229521e-13
7.0383748e-08
1.0209664e-12
6.5632329e-08
1.0870904e-12
6.0853575e-08
1.1613483e-12
5.6045539e-08
1.2441049e-12
5.1205662e-08
1.3352168e-12
4.6330579e-08
1.4341285e-12
4.1415829e-08
1.5402123e-12
3.6455408e-08
1.65321e-12
3.1441031e-08
1.7741454e-12
2.6360852e-08
1.9060828e-12
2.1196925e-08
2.0554161e-12
1.5920123e-08
2.2326868e-12
1.0477593e-08
2.4564122e-12
4.849632e-09
2.7485377e-12
2.4882264e-12
1.3877299e-07
4.3599711e-09
1.3438565e-07
4.3879113e-09
1.2997135e-07
4.4148943e-09
1.2553109e-07
4.4408673e-09
1.2106557e-07
4.4661412e-09
1.1657539e-07
4.4908215e-09
1.1206111e-07
4.5149497e-09
1.0752319e-07
4.538616e-09
1.0296197e-07
4.5619394e-09
9.8377683e-08
4.5850352e-09
9.3770449e-08
4.6080188e-09
8.9140252e-08
4.6310192e-09
8.4486931e-08
4.6541851e-09
7.9810152e-08
4.677689e-09
7.5109378e-08
4.701736e-09
7.0383825e-08
4.726574e-09
6.5632404e-08
4.7525086e-09
6.0853646e-08
4.7799192e-09
5.6045606e-08
4.809284e-09
5.1205725e-08
4.8412163e-09
4.6330637e-08
4.8765224e-09
4.1415881e-08
4.916296e-09
3.6455454e-08
4.9620802e-09
3.1441071e-08
5.0161571e-09
2.6360885e-08
5.0820922e-09
2.1196952e-08
5.1659883e-09
1.5920145e-08
5.27904e-09
1.0477608e-08
5.4449926e-09
4.8496465e-09
5.6307104e-09
4.8521347e-09
1.3889442e-07
8.7259175e-09
1.3450127e-07
8.781067e-09
1.3008218e-07
8.8339815e-09
1.2563778e-07
8.8852649e-09
1.2116863e-07
8.9352976e-09
1.1667527e-07
8.984177e-09
1.1215822e-07
9.0319984e-09
1.0761788e-07
9.0789523e-09
1.0305456e-07
9.1252645e-09
9.8468442e-08
9.1711528e-09
9.385962e-08
9.2168407e-09
8.9228057e-08
9.2625821e-09
8.457357e-08
9.3086717e-09
7.9895807e-08
9.3554528e-09
7.5194208e-08
9.4033348e-09
7.0467967e-08
9.4528149e-09
6.571597e-08
9.5045054e-09
6.093672e-08
9.5591694e-09
5.6128234e-08
9.6177698e-09
5.1287907e-08
9.6815432e-09
4.6412313e-08
9.7521166e-09
4.149691e-08
9.8316997e-09
3.6535582e-08
9.9234078e-09
3.1519893e-08
1.0031846e-08
2.6437803e-08
1.0164182e-08
2.1271102e-08
1.0332689e-08
1.5990639e-08
1.0559503e-08
1.0541735e-08
1.0893897e-08
4.9067934e-09
1.1265652e-08
9.7589281e-09
1.3913201e-07
1.3104467e-08
1.3472784e-07
1.3185239e-08
1.3029907e-07
1.3262757e-08
1.2584614e-07
1.3338193e-08
1.2136947e-07
1.3411965e-08
1.1686955e-07
1.3484099e-08
1.1234679e-07
1.3554757e-08
1.0780149e-07
1.3624253e-08
1.0323385e-07
1.3692907e-08
9.8643984e-08
1.3761015e-08
9.403193e-08
1.3828895e-08
8.9397593e-08
1.3896919e-08
8.4740746e-08
1.3965519e-08
8.0060992e-08
1.4035207e-08
7.5357732e-08
1.4106595e-08
7.0630117e-08
1.418043e-08
6.5876985e-08
1.4257637e-08
6.1096782e-08
1.4339372e-08
5.6287459e-08
1.4427093e-08
5.1446322e-08
1.4522681e-08
4.6569828e-08
1.462861e-08
4.1653279e-08
1.4748248e-08
3.6690341e-08
1.4886346e-08
3.1672262e-08
1.5049925e-08
2.6586567e-08
1.5249877e-08
2.1414457e-08
1.5504799e-08
1.6126441e-08
1.5847519e-08
1.0665644e-08
1.6354694e-08
5.024693e-09
1.6906603e-08
1.4783621e-08
1.3947424e-07
1.7502459e-08
1.3505325e-07
1.7606225e-08
1.3060996e-07
1.7706051e-08
1.2614434e-07
1.7803806e-08
1.2165656e-07
1.7899749e-08
1.1714693e-07
1.7993736e-08
1.1261568e-07
1.8086001e-08
1.0806296e-07
1.8176972e-08
1.0348884e-07
1.8267032e-08
9.8893327e-08
1.8356526e-08
9.4276372e-08
1.8445849e-08
8.9637814e-08
1.8535477e-08
8.497736e-08
1.8625973e-08
8.0294558e-08
1.8718009e-08
7.5588754e-08
1.8812399e-08
7.085904e-08
1.8910144e-08
6.6104187e-08
1.901249e-08
6.1322565e-08
1.9120994e-08
5.6512028e-08
1.9237631e-08
5.1669758e-08
1.936495e-08
4.6792053e-08
1.9506315e-08
4.187399e-08
1.9666312e-08
3.6908915e-08
1.9851421e-08
3.188761e-08
2.0071231e-08
2.6796915e-08
2.0340571e-08
2.1617045e-08
2.068467e-08
1.6317709e-08
2.1146854e-08
1.0842769e-08
2.1829634e-08
5.1816837e-09
2.2567688e-08
1.9965305e-08
1.3990578e-07
2.192687e-08
1.3546225e-07
2.204976e-08
1.3099966e-07
2.2168639e-08
1.2651732e-07
2.228614e-08
1.2201498e-07
2.2402092e-08
1.1749264e-07
2.2516073e-08
1.1295028e-07
2.2628366e-08
1.0838778e-07
2.273947e-08
1.0380505e-07
2.2849762e-08
9.9201986e-08
2.295959e-08
9.457843e-08
2.3069405e-08
8.9934141e-08
2.3179766e-08
8.5268759e-08
2.3291355e-08
8.0581772e-08
2.3404996e-08
7.5872462e-08
2.3521708e-08
7.1139855e-08
2.3642752e-08
6.6382645e-08
2.37697e-08
6.1599106e-08
2.3904532e-08
5.6786976e-08
2.4049761e-08
5.194329e-08
2.4208636e-08
4.7064145e-08
2.438546e-08
4.2144345e-08
2.4586112e-08
3.7176838e-08
2.4818927e-08
3.2151806e-08
2.5096262e-08
2.7055157e-08
2.5437221e-08
2.1865635e-08
2.5874192e-08
1.6550864e-08
2.6461625e-08
1.1051497e-08
2.7329001e-08
5.3377298e-09
2.8281456e-08
2.5303035e-08
1.4040755e-07
2.6384602e-08
1.3593618e-07
2.6521136e-08
1.3145001e-07
2.6654805e-08
1.269474e-07
2.6788748e-08
1.2242751e-07
2.692198e-08
1.1788989e-07
2.70537e-08
1.1333405e-07
2.7184203e-08
1.0875959e-07
2.7313934e-08
1.0416621e-07
2.7443138e-08
9.9553698e-08
2.7572104e-08
9.4921798e-08
2.7701304e-08
9.0270198e-08
2.7831366e-08
8.559848e-08
2.7963073e-08
8.0906074e-08
2.8097403e-08
7.6192199e-08
2.8235583e-08
7.145581e-08
2.837914e-08
6.669552e-08
2.852999e-08
6.1909504e-08
2.8690549e-08
5.7095368e-08
2.8863896e-08
5.2249985e-08
2.905402e-08
4.7369232e-08
2.9266213e-08
4.2447605e-08
2.9507739e-08
3.7477605e-08
2.9788927e-08
3.2448717e-08
3.012515e-08
2.734571e-08
3.0540228e-08
2.214538e-08
3.1074522e-08
1.6811919e-08
3.1795086e-08
1.1277822e-08
3.2863098e-08
5.4899609e-09
3.4069317e-08
3.0792995e-08
1.4095722e-07
3.0881487e-08
1.3645411e-07
3.1024241e-08
1.319413e-07
3.116761e-08
1.2741587e-07
3.1314179e-08
1.2287632e-07
3.1461537e-08
1.1832149e-07
3.1608526e-08
1.1375029e-07
3.1755399e-08
1.0916197e-07
3.1902263e-08
1.0455606e-07
3.2049043e-08
9.9932243e-08
3.219592e-08
9.5290193e-08
3.2343355e-08
9.0629565e-08
3.2491994e-08
8.5949936e-08
3.2642702e-08
8.125071e-08
3.2796629e-08
7.6531062e-08
3.295523e-08
7.1789882e-08
3.312032e-08
6.7025694e-08
3.3294178e-08
6.223656e-08
3.3479683e-08
5.7419952e-08
3.3680504e-08
5.2572569e-08
3.3901403e-08
4.7690059e-08
3.4148723e-08
4.2766603e-08
3.4431195e-08
3.7794235e-08
3.4761295e-08
3.2761704e-08
3.515768e-08
2.765252e-08
3.5649412e-08
2.2441184e-08
3.6285858e-08
1.708763e-08
3.714864e-08
1.1511801e-08
3.8438927e-08
5.6398757e-09
3.9941242e-08
3.6432871e-08
1.4152608e-07
3.5419906e-08
1.3699097e-07
3.555935e-08
1.3245126e-07
3.570732e-08
1.2790272e-07
3.5862713e-08
1.2334338e-07
3.6020882e-08
1.1877092e-07
3.6180981e-08
1.1418332e-07
3.6343002e-08
1.0957963e-07
3.6505956e-08
1.0495951e-07
3.6669155e-08
1.0032268e-07
3.6832755e-08
9.5668772e-08
3.6997261e-08
9.0997445e-08
3.716332e-08
8.6308275e-08
3.7331872e-08
8.1600673e-08
3.7504231e-08
7.6873819e-08
3.7682084e-08
7.2126586e-08
3.7867553e-08
6.7357444e-08
3.806332e-08
6.2564358e-08
3.8272769e-08
5.774466e-08
3.8500201e-08
5.2894869e-08
3.8751194e-08
4.8010402e-08
3.903319e-08
4.3085124e-08
3.9356473e-08
3.8110612e-08
3.9735807e-08
3.3074894e-08
4.0193398e-08
2.7960212e-08
4.0764094e-08
2.2738591e-08
4.150748e-08
1.7365617e-08
4.2521614e-08
1.174488e-08
4.4059664e-08
5.7915417e-09
4.5894581e-08
4.2224413e-08
1.4207685e-07
3.999286e-08
1.3751784e-07
4.0118353e-08
1.3295541e-07
4.0269754e-08
1.2838643e-07
4.0431692e-08
1.2381023e-07
4.059708e-08
1.1922251e-07
4.0768706e-08
1.1461946e-07
4.0946055e-08
1.0999997e-07
4.1125447e-08
1.053641e-07
4.1305019e-08
1.0071203e-07
4.1484827e-08
9.6043892e-08
4.1665399e-08
9.1359714e-08
4.1847498e-08
8.6659208e-08
4.2032379e-08
8.1941735e-08
4.2221704e-08
7.7206384e-08
4.2417435e-08
7.2451956e-08
4.2621982e-08
6.7676852e-08
4.2838424e-08
6.2878949e-08
4.3070671e-08
5.8055468e-08
4.3323682e-08
5.3202768e-08
4.3603894e-08
4.8316053e-08
4.3919906e-08
4.3388898e-08
4.4283628e-08
3.841246e-08
4.4712244e-08
3.3374111e-08
4.5231748e-08
2.8254931e-08
4.5883274e-08
2.3024401e-08
4.673801e-08
1.7634448e-08
4.7911567e-08
1.1969575e-08
4.9724537e-08
5.9466463e-09
5.1917509e-08
4.8171059e-08
1.4255321e-07
4.4555165e-08
1.3800307e-07
4.466849e-08
1.3343049e-07
4.4842336e-08
1.2884832e-07
4.5013867e-08
1.2426074e-07
4.5184659e-08
1.1966113e-07
4.5368311e-08
1.1504529e-07
4.5561898e-08
1.1041258e-07
4.5758158e-08
1.0576279e-07
4.5954807e-08
1.0109569e-07
4.6151926e-08
9.6411765e-08
4.6349323e-08
9.1711968e-08
4.6547296e-08
8.6996885e-08
4.6747462e-08
8.2266422e-08
4.6952167e-08
7.75199e-08
4.7163957e-08
7.275613e-08
4.7385752e-08
6.7973387e-08
4.7621167e-08
6.3169381e-08
4.7874678e-08
5.8341141e-08
4.8151922e-08
5.3484825e-08
4.8460209e-08
4.8595409e-08
4.8809323e-08
4.3666187e-08
4.921285e-08
3.868794e-08
4.9690492e-08
3.3647463e-08
5.0272225e-08
2.852491e-08
5.1005826e-08
2.3287128e-08
5.1975792e-08
1.7883813e-08
5.3314882e-08
1.2178265e-08
5.5430085e-08
6.0914266e-09
5.8004348e-08
5.4262486e-08
1.4276656e-07
4.894767e-08
1.3833699e-07
4.9098062e-08
1.3381485e-07
4.9364471e-08
1.292592e-07
4.9569517e-08
1.2468523e-07
4.9758636e-08
1.2008e-07
4.9973539e-08
1.1544782e-07
5.019408e-08
1.1079528e-07
5.0410695e-08
1.0612706e-07
5.0623026e-08
1.0144397e-07
5.083502e-08
9.6745876e-08
5.1047416e-08
9.2032844e-08
5.1260328e-08
8.7304912e-08
5.1475394e-08
8.2562007e-08
5.1695072e-08
7.7803889e-08
5.1922075e-08
7.3029809e-08
5.2159832e-08
6.8238274e-08
5.2412702e-08
6.3427029e-08
5.2685923e-08
5.8593028e-08
5.2985923e-08
5.3732284e-08
5.3320954e-08
4.8839571e-08
5.3702035e-08
4.3907938e-08
5.4144482e-08
3.8927839e-08
5.4670592e-08
3.3885566e-08
5.5314497e-08
2.8760747e-08
5.6130646e-08
2.3517294e-08
5.7219245e-08
1.8104865e-08
5.8727312e-08
1.2363167e-08
6.1171783e-08
6.2089126e-09
6.4158602e-08
6.0471398e-08
1.4225806e-07
5.2581083e-08
1.3824079e-07
5.3115328e-08
1.3392513e-07
5.3680136e-08
1.2951076e-07
5.3983881e-08
1.2505135e-07
5.4218049e-08
1.2051824e-07
5.4506646e-08
1.1590906e-07
5.480326e-08
1.1124452e-07
5.5075238e-08
1.0654505e-07
5.5322491e-08
1.0182334e-07
5.5556735e-08
9.7088972e-08
5.5781782e-08
9.2345997e-08
5.6003302e-08
8.7594339e-08
5.6227052e-08
8.2832122e-08
5.6457289e-08
7.8057833e-08
5.6696364e-08
7.3270141e-08
5.6947524e-08
6.8467314e-08
5.7215529e-08
6.3646931e-08
5.7506306e-08
5.8805726e-08
5.7827128e-08
5.3939452e-08
5.8187228e-08
4.9042618e-08
5.8598869e-08
4.4108005e-08
5.9079095e-08
3.9125793e-08
5.9652803e-08
3.4081739e-08
6.0358552e-08
2.8955639e-08
6.1256745e-08
2.3707704e-08
6.246718e-08
1.8290727e-08
6.4144288e-08
1.2518041e-08
6.6944469e-08
6.2913423e-09
7.0385301e-08
6.6762741e-08
1.3909604e-07
5.3369275e-08
1.3653084e-07
5.5680532e-08
1.3297017e-07
5.7240806e-08
1.2902123e-07
5.7932821e-08
1.248426e-07
5.8396684e-08
1.2049702e-07
5.8852226e-08
1.1603012e-07
5.9270154e-08
1.1146706e-07
5.9638298e-08
1.06825e-07
5.9964555e-08
1.0211752e-07
6.0264212e-08
9.7372978e-08
6.0526325e-08
9.2609608e-08
6.0766673e-08
8.783783e-08
6.099883e-08
8.3058246e-08
6.1236873e-08
7.8269177e-08
6.1485432e-08
7.346847e-08
6.1748232e-08
6.8654058e-08
6.202994e-08
6.3823637e-08
6.2336728e-08
5.8974132e-08
6.2676633e-08
5.4101334e-08
6.3060026e-08
4.919963e-08
6.3500573e-08
4.4261536e-08
6.401719e-08
3.9277079e-08
6.463726e-08
3.4231155e-08
6.5404476e-08
2.9104946e-08
6.6382955e-08
2.3853337e-08
6.7718789e-08
1.8436764e-08
6.9560861e-08
1.2639689e-08
7.2741544e-08
6.3342591e-09
7.6690731e-08
7.3097e-08
1.2647062e-07
4.547846e-08
1.2982385e-07
5.23273e-08
1.2980438e-07
5.7260278e-08
1.2769181e-07
6.0045391e-08
1.2442002e-07
6.1668474e-08
1.2052607e-07
6.2746179e-08
1.1627319e-07
6.3523029e-08
1.1180594e-07
6.4105555e-08
1.0720947e-07
6.4561017e-08
1.0252142e-07
6.4952265e-08
9.7754031e-08
6.5293715e-08
9.2938937e-08
6.5581767e-08
8.8110302e-08
6.5827466e-08
8.3284031e-08
6.6063144e-08
7.8461312e-08
6.630815e-08
7.3637489e-08
6.6572055e-08
6.8806858e-08
6.6860571e-08
6.396429e-08
6.7179295e-08
5.910517e-08
6.7535754e-08
5.4224649e-08
6.7940546e-08
4.9316894e-08
6.8408327e-08
4.4374124e-08
6.895996e-08
3.9386622e-08
6.9624762e-08
3.4337618e-08
7.045348e-08
2.9211804e-08
7.1508769e-08
2.3956096e-08
7.2974497e-08
1.8544525e-08
7.4972431e-08
1.2732671e-08
7.8553398e-08
6.3380284e-09
8.3085374e-08
7.9435028e-08
8.5208572e-08
2.2804634e-08
1.0128599e-07
3.6249878e-08
1.1141097e-07
4.71353e-08
1.1640897e-07
5.5047396e-08
1.1775941e-07
6.0318034e-08
1.1673303e-07
6.3772559e-08
1.1421533e-07
6.6040729e-08
1.1076602e-07
6.7554861e-08
1.0673769e-07
6.858935e-08
1.0237593e-07
6.9314027e-08
9.7809063e-08
6.9860577e-08
9.3103391e-08
7.0287439e-08
8.8310388e-08
7.062047e-08
8.3475393e-08
7.0898139e-08
7.8626076e-08
7.1157467e-08
7.3773504e-08
7.1424627e-08
6.8918489e-08
7.1715587e-08
6.4057119e-08
7.2040665e-08
5.9183923e-08
7.240895e-08
5.4292901e-08
7.2831568e-08
4.9377551e-08
7.3323677e-08
4.4429309e-08
7.3908202e-08
3.9439199e-08
7.4614872e-08
3.4387615e-08
7.5505065e-08
2.9264657e-08
7.6631726e-08
2.4007677e-08
7.8231477e-08
1.8608456e-08
8.0371653e-08
1.2803256e-08
8.4358598e-08
6.3101403e-09
8.9578489e-08
8.5745168e-08
8.5487202e-08
2.5796631e-10
8.4789132e-08
6.9807018e-10
8.364028e-08
1.1488523e-09
8.205044e-08
1.5898401e-09
8.0037117e-08
2.0133221e-09
7.7623026e-08
2.4140916e-09
7.4833895e-08
2.7891313e-09
7.1698044e-08
3.1358503e-09
6.8246803e-08
3.4512409e-09
6.4515496e-08
3.7313071e-09
6.0545386e-08
3.9701098e-09
5.6402813e-08
4.1425731e-09
5.218881e-08
4.2140033e-09
4.7996931e-08
4.1918792e-09
4.3888293e-08
4.1086374e-09
3.992333e-08
3.9649634e-09
3.6155785e-08
3.767545e-09
3.2602183e-08
3.5536017e-09
2.9269554e-08
3.3326293e-09
2.6168987e-08
3.1005671e-09
2.3283019e-08
2.8859684e-09
2.0610637e-08
2.6723815e-09
1.8127567e-08
2.4830697e-09
1.57875e-08
2.340067e-09
1.3550669e-08
2.2368312e-09
1.1394122e-08
2.1565467e-09
9.3046365e-09
2.0894859e-09
7.275376e-09
2.0292605e-09
5.3064096e-09
1.9689664e-09
1.8969085e-09
3.4095011e-09
8.9868266e-08
-3.1810089e-11
9.0013186e-08
5.5314991e-10
9.0012161e-08
1.149877e-09
8.9862893e-08
1.7391083e-09
8.9565207e-08
2.3110086e-09
8.9119918e-08
2.85938e-09
8.8530731e-08
3.3783189e-09
8.7804342e-08
3.8622385e-09
8.6949183e-08
4.3064006e-09
8.5971085e-08
4.709405e-09
8.4862592e-08
5.0786027e-09
8.3592293e-08
5.4128722e-09
8.2106685e-08
5.6996111e-09
8.0370426e-08
5.9281377e-09
7.8377838e-08
6.1012262e-09
7.6134275e-08
6.2085258e-09
7.3636106e-08
6.2657138e-09
7.0907779e-08
6.2819288e-09
6.7998262e-08
6.242147e-09
6.4946123e-08
6.1527056e-09
6.1787015e-08
6.0450767e-09
5.8526055e-08
5.9333407e-09
5.5188379e-08
5.820746e-09
5.1825698e-08
5.7027484e-09
4.8481028e-08
5.5815006e-09
4.5177489e-08
5.4600858e-09
4.1930342e-08
5.3366335e-09
3.8750416e-08
5.2091858e-09
3.5640125e-08
5.0792578e-09
4.9015538e-09
3.263548e-08
8.4849984e-08
-5.231955e-10
8.5281497e-08
1.2163647e-10
8.5647876e-08
7.8349849e-10
8.5943441e-08
1.4435431e-09
8.6161491e-08
2.0929587e-09
8.6296072e-08
2.7247989e-09
8.6343114e-08
3.3312768e-09
8.6300505e-08
3.9048478e-09
8.6168314e-08
4.4385907e-09
8.5951307e-08
4.9264122e-09
8.5665574e-08
5.364336e-09
8.5327266e-08
5.7511798e-09
8.4940669e-08
6.0862081e-09
8.4505386e-08
6.3634214e-09
8.4025685e-08
6.5809272e-09
8.3496767e-08
6.7374433e-09
8.2888697e-08
6.8737842e-09
8.2176648e-08
6.9939779e-09
8.1325337e-08
7.0934574e-09
8.0307996e-08
7.1700465e-09
7.9127566e-08
7.2255076e-09
7.7791359e-08
7.269547e-09
7.6318526e-08
7.2935789e-09
7.4731336e-08
7.289939e-09
7.304467e-08
7.2681668e-09
7.1269855e-08
7.2349006e-09
6.9416889e-08
7.1895991e-09
6.7494309e-08
7.1317663e-09
6.5507398e-08
7.0661689e-09
6.9128514e-09
6.34961e-08
8.0729025e-08
-8.8056847e-10
8.1072208e-08
-2.2154644e-10
8.1393375e-08
4.6233188e-10
8.1692921e-08
1.1439972e-09
8.1969665e-08
1.816215e-09
8.2222093e-08
2.4723701e-09
8.2448938e-08
3.1044324e-09
8.2649302e-08
3.7044838e-09
8.2822808e-08
4.2650846e-09
8.2969819e-08
4.7794008e-09
8.3092586e-08
5.2415689e-09
8.3196251e-08
5.6475152e-09
8.3286801e-08
5.9956583e-09
8.33635e-08
6.2867224e-09
8.3421981e-08
6.5224466e-09
8.3456145e-08
6.7032787e-09
8.3488115e-08
6.8418139e-09
8.3533627e-08
6.9484662e-09
8.3599282e-08
7.0278029e-09
8.3683903e-08
7.0854256e-09
8.3778121e-08
7.1312892e-09
8.38724e-08
7.1752682e-09
8.3953974e-08
7.2120049e-09
8.4002604e-08
7.2413092e-09
8.3997693e-08
7.2730772e-09
8.3933534e-08
7.2990604e-09
8.3812907e-08
7.3102256e-09
8.3643632e-08
7.3010413e-09
8.3438265e-08
7.2715355e-09
7.1434509e-09
8.3207666e-08
7.8478687e-08
-1.1277784e-09
7.8723245e-08
-4.6610513e-10
7.8963063e-08
2.2251431e-10
7.9195156e-08
9.119043e-10
7.9417714e-08
1.5936568e-09
7.9630379e-08
2.2597054e-09
7.9833945e-08
2.900866e-09
8.0030461e-08
3.5079677e-09
8.0223029e-08
4.0725169e-09
8.0415473e-08
4.5869566e-09
8.0612041e-08
5.0450012e-09
8.0817433e-08
5.4421237e-09
8.103697e-08
5.7761211e-09
8.1276228e-08
6.047464e-09
8.1539543e-08
6.259132e-09
8.1826382e-08
6.4164393e-09
8.2141014e-08
6.5271823e-09
8.2489823e-08
6.5996573e-09
8.28759e-08
6.6417255e-09
8.3301249e-08
6.6600767e-09
8.3767706e-08
6.6648324e-09
8.4280614e-08
6.6623594e-09
8.4849569e-08
6.6430502e-09
8.5485388e-08
6.6054908e-09
8.619024e-08
6.5682247e-09
8.6960458e-08
6.5288423e-09
8.7795067e-08
6.4756165e-09
8.8689733e-08
6.4063753e-09
8.9641116e-08
6.3201522e-09
6.1592633e-09
9.0625304e-08
7.6795291e-08
-1.2913429e-09
7.6973688e-08
-6.4450232e-10
7.7165138e-08
3.1064011e-11
7.7361341e-08
7.1570124e-10
7.7560572e-08
1.3944257e-09
7.7760192e-08
2.0600857e-09
7.7958853e-08
2.7022055e-09
7.8156621e-08
3.3101992e-09
7.8355109e-08
3.8740286e-09
7.8557477e-08
4.3845892e-09
7.8768234e-08
4.8342439e-09
7.8992929e-08
5.2174281e-09
7.9237866e-08
5.5311847e-09
7.950984e-08
5.7754895e-09
7.981562e-08
5.9533527e-09
8.0161539e-08
6.0705199e-09
8.0554088e-08
6.1346334e-09
8.0999448e-08
6.1542978e-09
8.1502978e-08
6.1381951e-09
8.2068551e-08
6.0945036e-09
8.2702645e-08
6.0307381e-09
8.341303e-08
5.9519745e-09
8.4194701e-08
5.86138e-09
8.5038935e-08
5.7612563e-09
8.5954681e-08
5.6524791e-09
8.6946677e-08
5.5368465e-09
8.8007907e-08
5.4143859e-09
8.912773e-08
5.2865526e-09
9.0303283e-08
5.1445988e-09
4.9597071e-09
9.150284e-08
7.5620422e-08
-1.4067005e-09
7.5751516e-08
-7.7559634e-10
7.5894366e-08
-1.1178572e-10
7.6050679e-08
5.5938844e-10
7.621691e-08
1.228194e-09
7.6391503e-08
1.8854927e-09
7.6573176e-08
2.5205326e-09
7.6761389e-08
3.1219869e-09
7.6956648e-08
3.678769e-09
7.7160676e-08
4.1805613e-09
7.737647e-08
4.6184502e-09
7.7608253e-08
4.9856452e-09
7.7861312e-08
5.2781251e-09
7.8141746e-08
5.4950555e-09
7.8456207e-08
5.638892e-09
7.8811646e-08
5.7150805e-09
7.9214893e-08
5.7313867e-09
7.967221e-08
5.6969804e-09
8.0188972e-08
5.6214336e-09
8.0769568e-08
5.5139071e-09
8.1417826e-08
5.38248e-09
8.2136114e-08
5.2336865e-09
8.2924687e-08
5.0728078e-09
8.3781981e-08
4.9039622e-09
8.4704379e-08
4.7300803e-09
8.5687293e-08
4.5539331e-09
8.6724006e-08
4.3776727e-09
8.7805706e-08
4.2048527e-09
8.8921802e-08
4.0285027e-09
3.8424365e-09
9.0039073e-08
7.4691671e-08
-1.4834996e-09
7.4787134e-08
-8.7105996e-10
7.4899717e-08
-2.2436843e-10
7.5028217e-08
4.3088853e-10
7.517091e-08
1.0855009e-09
7.5326242e-08
1.7301607e-09
7.5493106e-08
2.353669e-09
7.5670993e-08
2.9440996e-09
7.5860154e-08
3.4896085e-09
7.6061751e-08
3.9789642e-09
7.6277972e-08
4.4022294e-09
7.6512039e-08
4.7515775e-09
7.6768138e-08
5.0220261e-09
7.705124e-08
5.2119539e-09
7.7366871e-08
5.3232608e-09
7.7720816e-08
5.3611352e-09
7.8118773e-08
5.33343e-09
7.8565994e-08
5.2497596e-09
7.9066936e-08
5.1204917e-09
7.9624981e-08
4.9558618e-09
8.0242153e-08
4.7653081e-09
8.0918715e-08
4.5571248e-09
8.1653075e-08
4.3384479e-09
8.2441603e-08
4.1154335e-09
8.3278242e-08
3.8934418e-09
8.4154802e-08
3.6773732e-09
8.5060949e-08
3.4715253e-09
8.5983902e-08
3.2818995e-09
8.6912002e-08
3.1004028e-09
2.9392761e-09
8.7815162e-08
7.3960606e-08
-1.5359033e-09
7.4031128e-08
-9.4158173e-10
7.4118849e-08
-3.1208994e-10
7.4223535e-08
3.2620295e-10
7.4344558e-08
9.6447732e-10
7.4480937e-08
1.5937823e-09
7.4631851e-08
2.2027546e-09
7.4796929e-08
2.7790216e-09
7.4976365e-08
3.3101723e-09
7.5171046e-08
3.7842839e-09
7.5382657e-08
4.1906179e-09
7.5613729e-08
4.5205055e-09
7.5867579e-08
4.7681763e-09
7.6148174e-08
4.9313586e-09
7.6459911e-08
5.0115242e-09
7.6807334e-08
5.0137118e-09
7.7194817e-08
4.9459473e-09
7.762621e-08
4.8183667e-09
7.8104475e-08
4.6422262e-09
7.8631345e-08
4.4289923e-09
7.9206992e-08
4.1896607e-09
7.9829753e-08
3.9343642e-09
8.0495946e-08
3.6722551e-09
8.1199794e-08
3.411585e-09
8.1933418e-08
3.1598184e-09
8.268692e-08
2.9238711e-09
8.344872e-08
2.7097249e-09
8.4205682e-08
2.5249373e-09
8.4945261e-08
2.3608239e-09
2.2436297e-09
8.5640908e-08
7.3358671e-08
-1.5708973e-09
7.3411327e-08
-9.9423767e-10
7.3480976e-08
-3.8173904e-10
7.3567926e-08
2.3925319e-10
7.3671977e-08
8.6042684e-10
7.379252e-08
1.4732391e-09
7.3929057e-08
2.0662171e-09
7.4081451e-08
2.6266283e-09
7.4249995e-08
3.1416278e-09
7.4435507e-08
3.5987717e-09
7.4639415e-08
3.9867102e-09
7.4863803e-08
4.2961181e-09
7.5111366e-08
4.5206129e-09
7.5385289e-08
4.6574354e-09
7.5689038e-08
4.7077759e-09
7.6026089e-08
4.6766605e-09
7.6399617e-08
4.5724194e-09
7.6812141e-08
4.4058419e-09
7.7265177e-08
4.1891911e-09
7.7758896e-08
3.9352727e-09
7.8291846e-08
3.6567114e-09
7.8860727e-08
3.3654824e-09
7.946029e-08
3.0726925e-09
8.0083358e-08
2.788517e-09
8.0720998e-08
2.5221783e-09
8.1362823e-08
2.2820465e-09
8.1997615e-08
2.0749329e-09
8.2613571e-08
1.9089808e-09
8.3200552e-08
1.773843e-09
1.7073283e-09
8.3736853e-08
7.285589e-08
-1.595219e-09
7.2896443e-08
-1.0347906e-09
7.2952791e-08
-4.3808712e-10
7.3025878e-08
1.6616651e-10
7.3115977e-08
7.703274e-10
7.3222827e-08
1.3663898e-09
7.3346243e-08
1.9428008e-09
7.3486352e-08
2.4865195e-09
7.3643618e-08
2.9843612e-09
7.3818891e-08
3.4234987e-09
7.4013476e-08
3.7921255e-09
7.4229166e-08
4.0804278e-09
7.4468205e-08
4.2815743e-09
7.4733159e-08
4.3924811e-09
7.5026732e-08
4.4142028e-09
7.5351502e-08
4.351891e-09
7.5709612e-08
4.2143086e-09
7.6102436e-08
4.0130181e-09
7.6530234e-08
3.7613937e-09
7.6991842e-08
3.4736645e-09
7.7484438e-08
3.1641156e-09
7.8003398e-08
2.8465216e-09
7.8542315e-08
2.5337755e-09
7.9093175e-08
2.2376575e-09
7.9646743e-08
1.9686104e-09
8.0193098e-08
1.7356909e-09
8.0722485e-08
1.5455458e-09
8.1225554e-08
1.4059117e-09
8.1695985e-08
1.3034119e-09
1.2873507e-09
8.2115963e-08
7.2427871e-08
-1.6141405e-09
7.2461042e-08
-1.0679613e-09
7.2508188e-08
-4.8523314e-10
7.2570856e-08
1.0349843e-10
7.2649766e-08
6.9141725e-10
7.2744973e-08
1.2711834e-09
7.2856592e-08
1.8311811e-09
7.2985063e-08
2.3580492e-09
7.3131107e-08
2.8383174e-09
7.3295725e-08
3.2588806e-09
7.3480242e-08
3.6076085e-09
7.3686324e-08
3.8743459e-09
7.3915922e-08
4.0519757e-09
7.4171151e-08
4.1372527e-09
7.4454096e-08
4.131257e-09
7.4766569e-08
4.0394187e-09
7.5109798e-08
3.8710798e-09
7.5484099e-08
3.6387167e-09
7.5888553e-08
3.3569396e-09
7.632073e-08
3.0414873e-09
7.6776525e-08
2.708321e-09
7.7250147e-08
2.3728999e-09
7.773431e-08
2.0496126e-09
7.8220632e-08
1.751335e-09
7.8700241e-08
1.4890019e-09
7.9164462e-08
1.2714695e-09
7.9605715e-08
1.1042931e-09
8.0017496e-08
9.9413051e-10
8.0397105e-08
9.2380312e-10
9.5564428e-10
8.0728811e-08
7.2059262e-08
-1.6327376e-09
7.2089348e-08
-1.0980477e-09
7.2130736e-08
-5.2662134e-10
7.2185721e-08
4.8513761e-11
7.225558e-08
6.2155846e-10
7.2340709e-08
1.186054e-09
7.2441542e-08
1.7303477e-09
7.2558892e-08
2.2406999e-09
7.2693839e-08
2.70337e-09
7.2847662e-08
3.1050577e-09
7.3021852e-08
3.4334182e-09
7.3218113e-08
3.6780856e-09
7.3438273e-08
3.8318153e-09
7.3684143e-08
3.8913829e-09
7.3957296e-08
3.8581034e-09
7.4258824e-08
3.7378908e-09
7.4589017e-08
3.5408869e-09
7.4947053e-08
3.2806806e-09
7.5330702e-08
2.9732911e-09
7.5736149e-08
2.6360398e-09
7.6157981e-08
2.2864889e-09
7.6589388e-08
1.941493e-09
7.7022599e-08
1.6164015e-09
7.7449502e-08
1.3244321e-09
7.7862364e-08
1.0761402e-09
7.825446e-08
8.7937329e-10
7.8620731e-08
7.3802269e-10
7.8957247e-08
6.5761391e-10
7.9263887e-08
6.1716344e-10
6.941428e-10
7.9525388e-08
7.1739008e-08
-1.6561591e-09
7.1770276e-08
-1.1293158e-09
7.1809049e-08
-5.6539395e-10
7.1858641e-08
-1.0780092e-12
7.1921144e-08
5.590558e-10
7.1997333e-08
1.1098649e-09
7.2088008e-08
1.6396726e-09
7.219447e-08
2.1342371e-09
7.231831e-08
2.5795308e-09
7.2461233e-08
2.9621346e-09
7.2625062e-08
3.2695887e-09
7.2811716e-08
3.4914316e-09
7.3023067e-08
3.6204647e-09
7.3260717e-08
3.6537328e-09
7.3525745e-08
3.5930754e-09
7.3818413e-08
3.4452229e-09
7.4137864e-08
3.2214353e-09
7.4481853e-08
2.9366917e-09
7.4846583e-08
2.6085616e-09
7.5226724e-08
2.2558989e-09
7.5615676e-08
1.8975369e-09
7.6006056e-08
1.5511131e-09
7.6390345e-08
1.2321127e-09
7.6761572e-08
9.5320497e-10
7.7113887e-08
7.2382484e-10
7.7442833e-08
5.5042685e-10
7.7745556e-08
4.3530035e-10
7.8019756e-08
3.8341401e-10
7.8266509e-08
3.704101e-10
4.9088942e-10
7.8469762e-08
7.145855e-08
-1.690082e-09
7.1495644e-08
-1.1664102e-09
7.1534915e-08
-6.0466423e-10
7.1581187e-08
-4.7350651e-11
7.1637773e-08
5.0247026e-10
7.1705835e-08
1.0418028e-09
7.1786598e-08
1.5589099e-09
7.1882047e-08
2.0387878e-09
7.1994504e-08
2.4670734e-09
7.2126306e-08
2.8303333e-09
7.2279801e-08
3.1160935e-09
7.245731e-08
3.3139222e-09
7.2660875e-08
3.4169004e-09
7.2891907e-08
3.4227002e-09
7.3150844e-08
3.3341389e-09
7.3436824e-08
3.1592426e-09
7.3747452e-08
2.9108075e-09
7.4078694e-08
2.6054498e-09
7.4424999e-08
2.2622562e-09
7.4779671e-08
1.9012274e-09
7.5135453e-08
1.541755e-09
7.5485233e-08
1.2013329e-09
7.5822686e-08
8.9465974e-10
7.6142693e-08
6.3319804e-10
7.6441483e-08
4.2503454e-10
7.6716406e-08
2.75504e-10
7.6965765e-08
1.8594059e-10
7.7187666e-08
1.6151375e-10
7.7383289e-08
1.7478696e-10
3.3890496e-10
7.7535273e-08
7.1208532e-08
-1.7411471e-09
7.1256983e-08
-1.2148613e-09
7.1300305e-08
-6.4798584e-10
7.1345679e-08
-9.2724676e-11
7.1397994e-08
4.5015473e-10
7.1458799e-08
9.8099843e-10
7.1529777e-08
1.4879309e-09
7.1613881e-08
1.9546838e-09
7.171449e-08
2.3664652e-09
7.1834838e-08
2.7099851e-09
7.1978045e-08
2.9728864e-09
7.2147022e-08
3.144945e-09
7.2344052e-08
3.2198705e-09
7.2570237e-08
3.1965155e-09
7.2825046e-08
3.0793296e-09
7.3106038e-08
2.8782502e-09
7.3408831e-08
2.6080147e-09
7.372737e-08
2.2869111e-09
7.4054502e-08
1.9351239e-09
7.4382751e-08
1.5729787e-09
7.4705125e-08
1.2193806e-09
7.5015733e-08
8.9072524e-10
7.5310066e-08
6.003271e-10
7.558487e-08
3.5839332e-10
7.58378e-08
1.7210498e-10
7.6067011e-08
4.6292925e-11
7.6270739e-08
-1.7787689e-11
7.6446723e-08
-1.4469854e-11
7.6596099e-08
2.5410622e-11
2.3438014e-10
7.6700624e-08
7.0974534e-08
-1.8175422e-09
7.1041491e-08
-1.2818177e-09
7.1093648e-08
-7.0014324e-10
7.1141682e-08
-1.4075847e-10
7.1192555e-08
3.9928121e-10
7.1247873e-08
9.256811e-10
7.1309742e-08
1.4260616e-09
7.1382467e-08
1.8819583e-09
7.1470932e-08
2.2780009e-09
7.1579634e-08
2.601283e-09
7.1712762e-08
2.8397584e-09
7.1874016e-08
2.9836904e-09
7.2065904e-08
3.027983e-09
7.228895e-08
2.9734697e-09
7.2541188e-08
2.8270909e-09
7.2818099e-08
2.6013394e-09
7.3113019e-08
2.3130947e-09
7.3417995e-08
1.9819356e-09
7.3724868e-08
1.62825e-09
7.402632e-08
1.2715269e-09
7.4316542e-08
9.291582e-10
7.4591394e-08
6.1587407e-10
7.4848059e-08
3.4366173e-10
7.5084412e-08
1.2204043e-10
7.5298467e-08
-4.1950252e-11
7.5487768e-08
-1.4300775e-10
7.5650461e-08
-1.8048091e-10
7.5783527e-08
-1.4753613e-10
7.5888773e-08
-7.9835359e-11
1.7456383e-10
7.594859e-08
7.0732622e-08
-1.9296951e-09
7.082775e-08
-1.3769453e-09
7.0895741e-08
-7.6813428e-10
7.0952382e-08
-1.9739973e-10
7.1007138e-08
3.4452537e-10
7.106089e-08
8.7192941e-10
7.1115957e-08
1.3709943e-09
7.1178478e-08
1.8194372e-09
7.12554e-08
2.201079e-09
7.1352953e-08
2.5037305e-09
7.147677e-08
2.7159408e-09
7.1631533e-08
2.8289271e-09
7.1819867e-08
2.8396493e-09
7.2041329e-08
2.7520083e-09
7.2292026e-08
2.5763937e-09
7.2565015e-08
2.3283499e-09
7.2851415e-08
2.0266946e-09
7.3141929e-08
1.6914224e-09
7.3428304e-08
1.3418749e-09
7.3704257e-08
9.9557345e-10
7.3965611e-08
6.6780468e-10
7.4209734e-08
3.7175129e-10
7.4434654e-08
1.1874163e-10
7.4638177e-08
-8.1482706e-11
7.4817749e-08
-2.2152225e-10
7.497025e-08
-2.9550907e-10
7.5093663e-08
-3.038934e-10
7.5184827e-08
-2.3870098e-10
7.5247721e-08
-1.4272911e-10
1.5738026e-10
7.5264905e-08
7.0448132e-08
-2.0903878e-09
7.0584257e-08
-1.5130702e-09
7.0677878e-08
-8.6175534e-10
7.0752357e-08
-2.7187848e-10
7.0820009e-08
2.7687285e-10
7.0879481e-08
8.1245738e-10
7.0932854e-08
1.3176215e-09
7.0988636e-08
1.7636555e-09
7.1056461e-08
2.1332541e-09
7.1144831e-08
2.4153597e-09
7.1261279e-08
2.5994936e-09
7.1411624e-08
2.6785816e-09
7.1598414e-08
2.6528595e-09
7.181982e-08
2.5306019e-09
7.2069668e-08
2.3265461e-09
7.2338592e-08
2.0594254e-09
7.261599e-08
1.7492972e-09
7.2892087e-08
1.4153255e-09
7.3159392e-08
1.0745693e-09
7.3413063e-08
7.4190231e-10
7.3650256e-08
4.3061228e-10
7.3868946e-08
1.5306157e-10
7.4066855e-08
-7.9167682e-11
7.4240951e-08
-2.555786e-10
7.4387894e-08
-3.6846523e-10
7.4504041e-08
-4.1165622e-10
7.4588364e-08
-3.8821664e-10
7.4637363e-08
-2.8770002e-10
7.4659808e-08
-1.6517344e-10
1.8184706e-10
7.4635341e-08
7.0083066e-08
-2.312877e-09
7.0275278e-08
-1.7052821e-09
7.0405357e-08
-9.9183455e-10
7.0509213e-08
-3.7573405e-10
7.0602176e-08
1.8390955e-10
7.0678077e-08
7.3655711e-10
7.0738081e-08
1.2576175e-09
7.0793531e-08
1.7082052e-09
7.0857253e-08
2.0695324e-09
7.0940575e-08
2.3320374e-09
7.1053389e-08
2.486679e-09
7.1202751e-08
2.5292202e-09
7.1390838e-08
2.4647723e-09
7.1614083e-08
2.307357e-09
7.1863954e-08
2.0766753e-09
7.2129087e-08
1.7942927e-09
7.2397988e-08
1.4803962e-09
7.2661279e-08
1.1520335e-09
7.291267e-08
8.2317866e-10
7.3148484e-08
5.0608842e-10
7.3366304e-08
2.1279191e-10
7.3563625e-08
-4.4259128e-11
7.3737105e-08
-2.5264743e-10
7.3882661e-08
-4.0113433e-10
7.3996652e-08
-4.8245651e-10
7.407548e-08
-4.9048463e-10
7.4120394e-08
-4.3313031e-10
7.412598e-08
-2.9328642e-10
7.411061e-08
-1.4980312e-10
2.5141996e-10
7.4041037e-08
6.9607823e-08
-2.6066732e-09
6.9868269e-08
-1.9657278e-09
7.004196e-08
-1.1655257e-09
7.0185995e-08
-5.1976859e-10
7.0317697e-08
5.2207507e-11
7.0422377e-08
6.3187698e-10
7.0499618e-08
1.1803763e-09
7.0563725e-08
1.6440982e-09
7.0630827e-08
2.0024303e-09
7.0715553e-08
2.2473112e-09
7.083059e-08
2.3716424e-09
7.098417e-08
2.3756401e-09
7.1177718e-08
2.2712239e-09
7.1405655e-08
2.0794208e-09
7.165731e-08
1.82502e-09
7.1920055e-08
1.5315471e-09
7.2182413e-08
1.2180388e-09
7.2435966e-08
8.9848059e-10
7.2675483e-08
5.8366135e-10
7.2897653e-08
2.8391825e-10
7.3099446e-08
1.0999231e-11
7.3277151e-08
-2.2196443e-10
7.3426196e-08
-4.0169227e-10
7.3541945e-08
-5.1688314e-10
7.3621274e-08
-5.6178541e-10
7.3661121e-08
-5.3033143e-10
7.3666102e-08
-4.3811145e-10
7.3625401e-08
-2.525854e-10
7.3576238e-08
-1.0064072e-10
3.8028686e-10
7.3447371e-08
6.8972606e-08
-2.9899298e-09
6.9310313e-08
-2.3034343e-09
6.9531077e-08
-1.3862896e-09
6.9726103e-08
-7.147945e-10
6.9910546e-08
-1.3223602e-10
7.0057095e-08
4.8532789e-10
7.0163758e-08
1.0737134e-09
7.0247507e-08
1.5603489e-09
7.0327462e-08
1.9224753e-09
7.0422052e-08
2.1527216e-09
7.0547204e-08
2.2464904e-09
7.0712127e-08
2.2107167e-09
7.0916966e-08
2.0663851e-09
7.1153885e-08
1.8425018e-09
7.1410438e-08
1.5684673e-09
7.1673506e-08
1.2684792e-09
7.1932303e-08
9.5924112e-10
7.2179477e-08
6.5130736e-10
7.2410292e-08
3.5284634e-10
7.2620932e-08
7.3277446e-11
7.2807172e-08
-1.7524065e-10
7.2963837e-08
-3.7862876e-10
7.3085767e-08
-5.2362302e-10
7.3168657e-08
-5.9977305e-10
7.3210653e-08
-6.0378124e-10
7.3209534e-08
-5.2921211e-10
7.3173834e-08
-4.0241212e-10
7.3082181e-08
-1.6093229e-10
7.3005749e-08
-2.4208646e-11
6.0389771e-10
7.2782138e-08
6.8048317e-08
-3.483386e-09
6.8473997e-08
-2.7291141e-09
6.8749302e-08
-1.6615948e-09
6.9013028e-08
-9.7851978e-10
6.9267683e-08
-3.8689093e-10
6.9470731e-08
2.8227896e-10
6.9620777e-08
9.2366746e-10
6.9737137e-08
1.4439891e-09
6.9841467e-08
1.8181454e-09
6.9956582e-08
2.037607e-09
7.0101963e-08
2.1011094e-09
7.0287355e-08
2.0253243e-09
7.0510943e-08
1.8427975e-09
7.076236e-08
1.5910846e-09
7.1027699e-08
1.3031284e-09
7.1293932e-08
1.0022462e-09
7.155128e-08
7.0189309e-10
7.1793231e-08
4.0935627e-10
7.2015025e-08
1.3105235e-10
7.2211919e-08
-1.236165e-10
7.237835e-08
-3.4167166e-10
7.2508532e-08
-5.0881134e-10
7.2597681e-08
-6.1277106e-10
7.2642886e-08
-6.4497828e-10
7.2644085e-08
-6.0498003e-10
7.2600258e-08
-4.853853e-10
7.2523287e-08
-3.2544112e-10
7.2376302e-08
-1.3947577e-11
7.2282166e-08
6.9927255e-11
9.9116909e-10
7.1894895e-08
6.6674568e-08
-4.1172254e-09
6.7175703e-08
-3.2302491e-09
6.7497294e-08
-1.9831854e-09
6.7839673e-08
-1.3208987e-09
6.8171938e-08
-7.1915636e-10
6.8437669e-08
1.6548542e-11
6.8640499e-08
7.2083711e-10
6.8801066e-08
1.2834224e-09
6.8942567e-08
1.6766441e-09
6.9091769e-08
1.888405e-09
6.9270617e-08
1.9222614e-09
6.948788e-08
1.8080613e-09
6.9738639e-08
1.5920388e-09
7.0009661e-08
1.3200622e-09
7.0285947e-08
1.026843e-09
7.0555062e-08
7.3313054e-10
7.0808422e-08
4.485336e-10
7.1040289e-08
1.7748938e-10
7.124583e-08
-7.4488612e-11
7.1419494e-08
-2.972812e-10
7.1555344e-08
-4.7752123e-10
7.1648365e-08
-6.0183284e-10
7.1695544e-08
-6.5994951e-10
7.16965e-08
-6.4593429e-10
7.1653307e-08
-5.6178728e-10
7.1566771e-08
-3.9884971e-10
7.144931e-08
-2.0797952e-10
7.1253499e-08
1.818636e-10
7.1148703e-08
1.7472265e-10
1.6464585e-09
7.0493414e-08
6.4590184e-08
-4.9348505e-09
6.5116065e-08
-3.7561309e-09
6.5445845e-08
-2.3129654e-09
6.5845324e-08
-1.7203777e-09
6.6223951e-08
-1.0977828e-09
6.652775e-08
-2.872505e-10
6.6772357e-08
4.7622952e-10
6.697811e-08
1.0776699e-09
6.7167308e-08
1.4874457e-09
6.7366761e-08
1.6889519e-09
6.7595811e-08
1.6932117e-09
6.7857953e-08
1.5459193e-09
6.8142896e-08
1.3070963e-09
6.8434353e-08
1.0286053e-09
6.871721e-08
7.4398519e-10
6.8980663e-08
4.696776e-10
6.9217947e-08
2.112502e-10
6.9424644e-08
-2.9207492e-11
6.9596303e-08
-2.4614852e-10
6.9727556e-08
-4.2853341e-10
6.9814177e-08
-5.641423e-10
6.9853798e-08
-6.4145439e-10
6.9846855e-08
-6.5300629e-10
6.9796778e-08
-5.9585743e-10
6.9708257e-08
-4.7326633e-10
6.958534e-08
-2.7593219e-10
6.9437728e-08
-6.03676e-11
6.9216332e-08
4.0325941e-10
6.9093291e-08
2.9776363e-10
2.6716743e-09
6.8068075e-08
6.1330611e-08
-5.9474273e-09
6.174781e-08
-4.1733301e-09
6.2003209e-08
-2.5683639e-09
6.2380207e-08
-2.0973762e-09
6.2707318e-08
-1.424893e-09
6.2974244e-08
-5.5417697e-10
6.3218909e-08
2.3156423e-10
6.3456015e-08
8.4056429e-10
6.3700625e-08
1.2428361e-09
6.3968527e-08
1.4210493e-09
6.4265373e-08
1.3963662e-09
6.4582056e-08
1.2292361e-09
6.4900458e-08
9.8869417e-10
6.5202401e-08
7.266618e-10
6.5475191e-08
4.7119574e-10
6.5711732e-08
2.3313669e-10
6.5908209e-08
1.4772847e-11
6.6062824e-08
-1.8382282e-10
6.6171741e-08
-3.5506536e-10
6.6233035e-08
-4.8982759e-10
6.6246308e-08
-5.7741441e-10
6.6214062e-08
-6.09209e-10
6.6141997e-08
-5.8094082e-10
6.6038637e-08
-4.9249811e-10
6.5912073e-08
-3.4670154e-10
6.5771359e-08
-1.3521862e-10
6.5613819e-08
9.7172258e-11
6.5402493e-08
6.1458533e-10
6.5295765e-08
4.0449145e-10
4.0812281e-09
6.3886212e-08
5.6170304e-08
-7.0703352e-09
5.6200564e-08
-4.2035896e-09
5.6243262e-08
-2.6110623e-09
5.6401846e-08
-2.2559598e-09
5.6501269e-08
-1.5243156e-09
5.6613291e-08
-6.661991e-10
5.6796337e-08
4.8518003e-11
5.7046451e-08
5.9045029e-10
5.7355087e-08
9.3420008e-10
5.7707217e-08
1.0689193e-09
5.8080086e-08
1.0234971e-09
5.8445941e-08
8.6338072e-10
5.8780032e-08
6.546035e-10
5.9066458e-08
4.4023539e-10
5.9299078e-08
2.3857669e-10
5.9476431e-08
5.5782788e-11
5.9599658e-08
-1.084537e-10
5.9668308e-08
-2.5247325e-10
5.968373e-08
-3.7048664e-10
5.9648807e-08
-4.5490479e-10
5.9569458e-08
-4.9806519e-10
5.9454916e-08
-4.9466694e-10
5.9317304e-08
-4.4332897e-10
5.9170652e-08
-3.458468e-10
5.9026408e-08
-2.0245666e-10
5.8900352e-08
-9.1628362e-12
5.8768238e-08
2.2928617e-10
5.864654e-08
7.3628272e-10
5.8674753e-08
3.7627873e-10
5.7072629e-09
5.7048718e-08
4.7770598e-08
-7.7056329e-09
4.7180857e-08
-3.6138489e-09
4.6866225e-08
-2.2964295e-09
4.6555678e-08
-1.9454129e-09
4.625845e-08
-1.2270877e-09
4.6127665e-08
-5.3541447e-10
4.6213673e-08
-3.748953e-11
4.6463455e-08
3.406678e-10
4.6832009e-08
5.6564586e-10
4.7256637e-08
6.4429212e-10
4.7680123e-08
6.0001106e-10
4.8059251e-08
4.8425188e-10
4.8370106e-08
3.4374883e-10
4.8603787e-08
2.0655471e-10
4.8763335e-08
7.9028827e-11
4.8852928e-08
-3.3811055e-11
4.8877448e-08
-1.3297366e-10
4.8841121e-08
-2.1614593e-10
4.8750499e-08
-2.7986446e-10
4.8615022e-08
-3.1942808e-10
4.8447839e-08
-3.3088163e-10
4.8265259e-08
-3.1208757e-10
4.8085236e-08
-2.633055e-10
4.7926527e-08
-1.8713763e-10
4.7803886e-08
-7.9815766e-11
4.7724043e-08
7.0680259e-11
4.767278e-08
2.8054834e-10
4.7759542e-08
6.4952118e-10
4.7952658e-08
1.8316322e-10
6.9040212e-09
4.6755899e-08
3.4853816e-08
-6.3095713e-09
3.3246863e-08
-2.0068956e-09
3.2358091e-08
-1.4076575e-09
3.1546511e-08
-1.1338327e-09
3.0955742e-08
-6.3631875e-10
3.0691499e-08
-2.7117136e-10
3.0698389e-08
-4.4380008e-11
3.0942532e-08
9.6525055e-11
3.1317708e-08
1.9046977e-10
3.173788e-08
2.2411973e-10
3.2130834e-08
2.0705732e-10
3.2453822e-08
1.6126425e-10
3.2691724e-08
1.0584667e-10
3.2843767e-08
5.4512019e-11
3.2916203e-08
6.592031e-12
3.291762e-08
-3.5227559e-11
3.285494e-08
-7.0294002e-11
3.2736935e-08
-9.8140494e-11
3.2574583e-08
-1.1751239e-10
3.2382171e-08
-1.2701585e-10
3.217688e-08
-1.2559154e-10
3.1977452e-08
-1.1265878e-10
3.1801842e-08
-8.7695378e-11
3.1666957e-08
-5.2253045e-11
3.1596318e-08
-9.1764854e-12
3.1590096e-08
7.6901856e-11
3.1663374e-08
2.0727006e-10
3.1969511e-08
3.4338429e-10
3.2171394e-08
-1.8719829e-11
5.9604386e-09
3.3114977e-08
1.6495063e-08
1.4488167e-08
1.308051e-08
1.1946677e-08
1.1310359e-08
1.1039187e-08
1.0994807e-08
1.1091332e-08
1.1281802e-08
1.1505922e-08
1.1712979e-08
1.1874243e-08
1.198009e-08
1.2034602e-08
1.2041194e-08
1.2005966e-08
1.1935672e-08
1.1837532e-08
1.172002e-08
1.1593004e-08
1.1467412e-08
1.1354753e-08
1.1267058e-08
1.1214805e-08
1.1205629e-08
1.128253e-08
1.14898e-08
1.1833185e-08
1.1814465e-08
1.7774904e-08
2.8382797e-09
5.768652e-10
1.0899246e-08
2.4585691e-08
2.1734359e-08
5.2669362e-08
3.1571686e-08
7.3371336e-08
3.8800429e-08
8.3391681e-08
4.4239879e-08
8.6055944e-08
4.878764e-08
8.5481926e-08
5.2995256e-08
8.3597102e-08
5.7161788e-08
8.1463328e-08
6.1394524e-08
7.9492833e-08
6.5704474e-08
7.779492e-08
7.0074258e-08
7.6348597e-08
7.448654e-08
7.5103737e-08
7.8930615e-08
7.4017612e-08
8.3401296e-08
7.3057848e-08
8.789614e-08
7.220028e-08
9.2413116e-08
7.142723e-08
9.694863e-08
7.0726015e-08
1.0149435e-07
7.008718e-08
1.0603094e-07
6.9502855e-08
1.105137e-07
6.8963795e-08
1.1484273e-07
6.8452978e-08
1.1880623e-07
6.7931843e-08
1.219904e-07
6.731016e-08
1.2366146e-07
6.6398296e-08
1.2265675e-07
6.4892498e-08
1.1740806e-07
6.2299128e-08
1.0624817e-07
5.7917501e-08
8.7975503e-08
5.138907e-08
4.1192635e-08
6.4558567e-08
2.3032351e-09
-1.7263699e-09
9.3374711e-09
1.7551455e-08
1.9728923e-08
4.227791e-08
3.0131352e-08
6.2968907e-08
3.8338544e-08
7.518449e-08
4.443804e-08
7.9956447e-08
4.932069e-08
8.0599276e-08
5.3617203e-08
7.9300589e-08
5.7736347e-08
7.7344184e-08
6.1881101e-08
7.5348079e-08
6.6108567e-08
7.3567455e-08
7.0414131e-08
7.2043033e-08
7.4777221e-08
7.0740647e-08
7.9179825e-08
6.9615007e-08
8.3611036e-08
6.8626637e-08
8.8065775e-08
6.7745541e-08
9.2542227e-08
6.6950778e-08
9.7039831e-08
6.6228411e-08
1.0155782e-07
6.5569196e-08
1.0609388e-07
6.496679e-08
1.1064144e-07
6.4416239e-08
1.1518275e-07
6.3911663e-08
1.1967259e-07
6.3442004e-08
1.2400601e-07
6.297674e-08
1.2796943e-07
6.2434876e-08
1.3113664e-07
6.1725292e-08
1.3268893e-07
6.074684e-08
1.3145112e-07
5.9155303e-08
1.2596048e-07
5.687971e-08
5.1742826e-08
1.1541029e-07
1.8141936e-09
-3.5405634e-09
7.770378e-09
1.1595271e-08
1.7401448e-08
3.264684e-08
2.8023338e-08
5.2347017e-08
3.7193967e-08
6.6013861e-08
4.4193102e-08
7.2957312e-08
4.962127e-08
7.5171108e-08
5.4175468e-08
7.4746392e-08
5.8324531e-08
7.3195121e-08
6.2393588e-08
7.1279021e-08
6.6518102e-08
6.9442941e-08
7.0732473e-08
6.7828663e-08
7.5025729e-08
6.644739e-08
7.9375417e-08
6.5265319e-08
8.376258e-08
6.4239474e-08
8.8175676e-08
6.3332445e-08
9.260959e-08
6.2516863e-08
9.7063335e-08
6.1774666e-08
1.0153815e-07
6.1094381e-08
1.0603652e-07
6.0468416e-08
1.1056169e-07
5.9891077e-08
1.1511591e-07
5.9357443e-08
1.1969491e-07
5.8862998e-08
1.242653e-07
5.8406351e-08
1.2873748e-07
5.7962697e-08
1.3299594e-07
5.7466832e-08
1.368401e-07
5.6902678e-08
1.3986466e-07
5.6130751e-08
1.4139696e-07
5.534741e-08
5.3515314e-08
1.3962447e-07
1.3712581e-09
-4.9118215e-09
6.2763666e-09
6.6901622e-09
1.4897757e-08
2.4025449e-08
2.5291962e-08
4.1952812e-08
3.5139879e-08
5.6165945e-08
4.3174484e-08
6.4922707e-08
4.9403649e-08
6.8941943e-08
5.4407288e-08
6.9742752e-08
5.8761538e-08
6.8840871e-08
6.2835963e-08
6.7204596e-08
6.687373e-08
6.5405174e-08
7.0981428e-08
6.3720965e-08
7.5181958e-08
6.2246861e-08
7.9461721e-08
6.0985557e-08
8.3797547e-08
5.9903648e-08
8.8169637e-08
5.8960355e-08
9.2565572e-08
5.8120929e-08
9.6979508e-08
5.736073e-08
1.0140969e-07
5.6664199e-08
1.0585608e-07
5.6022025e-08
1.1031884e-07
5.5428317e-08
1.1479761e-07
5.4878674e-08
1.192919e-07
5.4368707e-08
1.238016e-07
5.3896651e-08
1.2830585e-07
5.3458446e-08
1.327445e-07
5.3028179e-08
1.3704588e-07
5.2601302e-08
1.4105172e-07
5.2124914e-08
1.4472738e-07
5.1671743e-08
5.0909638e-08
1.4733306e-07
9.6021996e-10
-5.8720415e-09
4.8791496e-09
2.7712326e-09
1.2326502e-08
1.6578096e-08
2.2082519e-08
3.2196795e-08
3.2185896e-08
4.6062568e-08
4.1112499e-08
5.5996103e-08
4.8351706e-08
6.1702737e-08
5.4100379e-08
6.3994079e-08
5.8869147e-08
6.4072102e-08
6.3113656e-08
6.2960087e-08
6.7155337e-08
6.1363494e-08
7.1183236e-08
5.9693066e-08
7.5281997e-08
5.81481e-08
7.9471261e-08
5.6796293e-08
8.3738315e-08
5.5636594e-08
8.8060868e-08
5.4637802e-08
9.2419222e-08
5.3762575e-08
9.6800403e-08
5.2979549e-08
1.0119775e-07
5.2266852e-08
1.0560864e-07
5.1611133e-08
1.1003215e-07
5.1004808e-08
1.1446756e-07
5.0443264e-08
1.1891388e-07
4.9922389e-08
1.2337209e-07
4.9438443e-08
1.2784099e-07
4.8989543e-08
1.3230217e-07
4.8567004e-08
1.367375e-07
4.816597e-08
1.4109545e-07
4.7766962e-08
1.4536715e-07
4.7400046e-08
4.6974935e-08
1.4930185e-07
5.706636e-10
-6.4427051e-09
3.5910627e-09
-2.4916649e-10
9.7914737e-09
1.0377685e-08
1.8561305e-08
2.3426964e-08
2.8436114e-08
3.618776e-08
3.7912725e-08
4.6519492e-08
4.6106517e-08
5.3508945e-08
5.2814497e-08
5.7286099e-08
5.8297213e-08
5.8589387e-08
6.2969587e-08
5.8287713e-08
6.7201725e-08
5.7131356e-08
7.1256512e-08
5.5638279e-08
7.5295458e-08
5.4109154e-08
7.9395918e-08
5.2695832e-08
8.3578609e-08
5.1453904e-08
8.783461e-08
5.03818e-08
9.2144896e-08
4.9452288e-08
9.6491431e-08
4.8633015e-08
1.0086163e-07
4.7896649e-08
1.052486e-07
4.7224163e-08
1.0964926e-07
4.6604151e-08
1.1406214e-07
4.6030382e-08
1.1848549e-07
4.5499041e-08
1.2291717e-07
4.5006769e-08
1.2735573e-07
4.4550974e-08
1.3179501e-07
4.412773e-08
1.362267e-07
4.3734282e-08
1.4062937e-07
4.336429e-08
1.4500491e-07
4.30245e-08
4.2694083e-08
1.4928577e-07
2.0639826e-10
-6.6491033e-09
2.4169496e-09
-2.4597179e-09
7.3730535e-09
5.421581e-09
1.4907812e-08
1.5892206e-08
2.4079699e-08
2.7015873e-08
3.3617659e-08
3.6981532e-08
4.2487396e-08
4.4639207e-08
5.0154872e-08
4.9618623e-08
5.6560607e-08
5.2183652e-08
6.1951093e-08
5.2897227e-08
6.6647909e-08
5.243454e-08
7.0942955e-08
5.1343234e-08
7.5059656e-08
4.9992453e-08
7.9141756e-08
4.8613731e-08
8.3263745e-08
4.7331916e-08
8.7451533e-08
4.6194012e-08
9.1703449e-08
4.5200372e-08
9.6006377e-08
4.4330086e-08
1.0034583e-07
4.3557194e-08
1.047106e-07
4.2859393e-08
1.0909357e-07
4.2221183e-08
1.1349057e-07
4.1633381e-08
1.1789864e-07
4.1090972e-08
1.2231469e-07
4.0590724e-08
1.2673571e-07
4.0129953e-08
1.3115776e-07
3.9705679e-08
1.355769e-07
3.9315144e-08
1.3998591e-07
3.8955275e-08
1.4438595e-07
3.862446e-08
3.8316164e-08
1.4876387e-07
-1.2377588e-10
-6.5253275e-09
1.3551587e-09
-3.9386524e-09
5.1187463e-09
1.6579934e-09
1.1282114e-08
9.7288376e-09
1.9357679e-08
1.8940309e-08
2.8418172e-08
2.7921039e-08
3.7492046e-08
3.5565333e-08
4.5865261e-08
4.1245407e-08
5.3182152e-08
4.4866762e-08
5.948088e-08
4.6598498e-08
6.4930779e-08
4.6984641e-08
6.9758845e-08
4.6515168e-08
7.4200326e-08
4.5550972e-08
7.8443671e-08
4.4370386e-08
8.2617926e-08
4.3157661e-08
8.6797661e-08
4.2014278e-08
9.1016728e-08
4.0981306e-08
9.5283439e-08
4.0063375e-08
9.959338e-08
3.9247252e-08
1.0393797e-07
3.85148e-08
1.0830895e-07
3.7850209e-08
1.1269988e-07
3.724245e-08
1.1710602e-07
3.6684831e-08
1.2152346e-07
3.6173284e-08
1.2594864e-07
3.5704771e-08
1.3037804e-07
3.5276277e-08
1.3480863e-07
3.4884551e-08
1.3923718e-07
3.452673e-08
1.436625e-07
3.4199139e-08
3.3896901e-08
1.4808176e-07
-4.1559725e-10
-6.1097302e-09
4.0788915e-10
-4.7621388e-09
3.0503003e-09
-9.8441777e-10
7.8061466e-09
4.9729912e-09
1.4518272e-08
1.2228183e-08
2.2614378e-08
1.9824932e-08
3.1327686e-08
2.6852025e-08
3.9937844e-08
3.2635249e-08
4.7920591e-08
3.6884015e-08
5.5070481e-08
3.9448609e-08
6.1424644e-08
4.0630477e-08
6.7040005e-08
4.0899807e-08
7.2095918e-08
4.0495059e-08
7.6772958e-08
3.9693345e-08
8.1223157e-08
3.8707462e-08
8.555969e-08
3.7677746e-08
8.9856625e-08
3.668437e-08
9.4155855e-08
3.5764145e-08
9.8477047e-08
3.492606e-08
1.0282646e-07
3.4165386e-08
1.0720343e-07
3.3473237e-08
1.1160443e-07
3.2841454e-08
1.1602514e-07
3.2264117e-08
1.2046128e-07
3.1737149e-08
1.2490879e-07
3.1257258e-08
1.2936395e-07
3.0821115e-08
1.3382356e-07
3.0424946e-08
1.3828503e-07
3.0065263e-08
1.4274681e-07
2.973736e-08
2.9437812e-08
1.4720589e-07
-6.7285738e-10
-5.4368728e-09
-4.360147e-10
-4.9989815e-09
1.1829355e-09
-2.603368e-09
4.5692689e-09
1.5866579e-09
9.7851535e-09
7.0122988e-09
1.6556595e-08
1.3053491e-08
2.4372897e-08
1.9035723e-08
3.2639631e-08
2.4368514e-08
4.0836419e-08
2.8687227e-08
4.8554794e-08
3.1730234e-08
5.5676917e-08
3.3508354e-08
6.2157009e-08
3.4419716e-08
6.8019781e-08
3.4632287e-08
7.3391662e-08
3.4321464e-08
7.8392939e-08
3.3706185e-08
8.3140542e-08
3.2930142e-08
8.7729307e-08
3.2095606e-08
9.222881e-08
3.1264643e-08
9.6686224e-08
3.0468646e-08
1.0113077e-07
2.9720841e-08
1.0557868e-07
2.9025321e-08
1.1003766e-07
2.8382479e-08
1.1451017e-07
2.779161e-08
1.1899572e-07
2.7251592e-08
1.2349235e-07
2.6760634e-08
1.2799746e-07
2.6316003e-08
1.3250845e-07
2.5913959e-08
1.3702304e-07
2.5550672e-08
1.415396e-07
2.5220804e-08
2.4923568e-08
1.4605384e-07
-8.78623e-10
-4.5582498e-09
-1.1677637e-09
-4.7098409e-09
-4.6224028e-10
-3.3088914e-09
1.648548e-09
-5.2413041e-10
5.3557017e-09
3.3051451e-09
1.0603834e-08
7.8053586e-09
1.71208e-08
1.2518758e-08
2.44989e-08
1.6990414e-08
3.2307535e-08
2.0878592e-08
4.0118923e-08
2.3918846e-08
4.7642175e-08
2.5985102e-08
5.4780109e-08
2.7281782e-08
6.1433876e-08
2.7978519e-08
6.761661e-08
2.8138731e-08
7.3368193e-08
2.7954602e-08
7.8773614e-08
2.752472e-08
8.3912764e-08
2.6956455e-08
8.8857974e-08
2.6319434e-08
9.3669153e-08
2.5657466e-08
9.8392368e-08
2.4997626e-08
1.0306101e-07
2.4356681e-08
1.07698e-07
2.3745484e-08
1.1231826e-07
2.3171354e-08
1.1693088e-07
2.2638975e-08
1.2154092e-07
2.2150588e-08
1.2615075e-07
2.1706176e-08
1.3076093e-07
2.1303783e-08
1.3537095e-07
2.0940648e-08
1.3997978e-07
2.0611977e-08
2.0320289e-08
1.4458306e-07
-1.0268468e-09
-3.531403e-09
-1.7710633e-09
-3.9656244e-09
-1.8525206e-09
-3.2274341e-09
-8.7080389e-10
-1.5058471e-09
1.4221537e-09
1.0121875e-09
5.118103e-09
4.1094092e-09
1.0129678e-08
7.5071834e-09
1.6232429e-08
1.0887662e-08
2.3122914e-08
1.3988107e-08
3.046134e-08
1.658042e-08
3.7904771e-08
1.8541671e-08
4.5263734e-08
1.9922819e-08
5.2423217e-08
2.0819036e-08
5.9272908e-08
2.128904e-08
6.5778335e-08
2.1449175e-08
7.1948258e-08
2.1354797e-08
7.7818106e-08
2.1086607e-08
8.3433068e-08
2.0704471e-08
8.8839587e-08
2.0250947e-08
9.4080799e-08
1.9756414e-08
9.9194156e-08
1.9243325e-08
1.0421069e-07
1.872895e-08
1.0915529e-07
1.8226751e-08
1.1404735e-07
1.7746921e-08
1.1890138e-07
1.7296555e-08
1.2372768e-07
1.6879873e-08
1.2853289e-07
1.6498573e-08
1.3332074e-07
1.6152798e-08
1.3809265e-07
1.5840064e-08
1.5566276e-08
1.4284667e-07
-1.1272715e-09
-2.4041315e-09
-2.2358944e-09
-2.8570014e-09
-2.9479038e-09
-2.5154247e-09
-2.8916359e-09
-1.5621151e-09
-1.8082739e-09
-7.1174492e-11
4.8185777e-10
1.8192776e-09
4.0097822e-09
3.979259e-09
8.7037419e-09
6.1937028e-09
1.4387201e-08
8.3046481e-09
2.0814366e-08
1.0153255e-08
2.7710131e-08
1.1645905e-08
3.4853976e-08
1.2778974e-08
4.2080691e-08
1.3592321e-08
4.9243377e-08
1.4126355e-08
5.6266791e-08
1.4425761e-08
6.3087295e-08
1.4534293e-08
6.9680312e-08
1.449359e-08
7.6044275e-08
1.4340509e-08
8.2190621e-08
1.4104601e-08
8.8137741e-08
1.3809294e-08
9.3907292e-08
1.3473774e-08
9.9521966e-08
1.3114275e-08
1.0500403e-07
1.2744687e-08
1.1037422e-07
1.237673e-08
1.1565085e-07
1.2019926e-08
1.2084917e-07
1.1681552e-08
1.2598108e-07
1.1366666e-08
1.3105534e-07
1.1078539e-08
1.3607774e-07
1.0817661e-08
1.0591677e-08
1.4105234e-07
-1.188159e-09
-1.2159725e-09
-2.5530553e-09
-1.4921052e-09
-3.7052846e-09
-1.3631954e-09
-4.3168276e-09
-9.5057206e-10
-4.1162552e-09
-2.7174697e-10
-2.9137479e-09
6.1677035e-10
-5.8259125e-10
1.6481023e-09
2.8688856e-09
2.7422259e-09
7.3912027e-09
3.782331e-09
1.281067e-08
4.7337883e-09
1.8928718e-08
5.5278564e-09
2.5549871e-08
6.1578213e-09
3.2505387e-08
6.6368057e-09
3.965114e-08
6.9806016e-09
4.6871883e-08
7.2050183e-09
5.4076811e-08
7.3293646e-09
6.1199844e-08
7.3705564e-09
6.8196191e-08
7.3441619e-09
7.5037123e-08
7.263669e-09
8.1705859e-08
7.1405578e-09
8.8194712e-08
6.9849214e-09
9.4503034e-08
6.8059532e-09
1.0063555e-07
6.6121664e-09
1.0660089e-07
6.4113968e-09
1.1241015e-07
6.2106599e-09
1.1807575e-07
6.0159516e-09
1.2361038e-07
5.8320402e-09
1.2902645e-07
5.662466e-09
1.3433526e-07
5.5088557e-09
5.3768188e-09
1.3955012e-07
-1.2183386e-09
2.366142e-12
-2.7160241e-09
5.5803025e-12
-4.0869911e-09
7.7716254e-12
-5.0468423e-09
9.2791183e-12
-5.3285016e-09
9.9123083e-12
-4.7211154e-09
9.3841418e-12
-3.080918e-09
7.9048773e-12
-3.4416005e-10
5.4679849e-12
3.4361398e-09
2.0311241e-12
8.1710139e-09
-1.0858233e-12
1.3703098e-08
-4.2280703e-12
1.9867939e-08
-7.0197087e-12
2.6514069e-08
-9.3242703e-12
3.3505769e-08
-1.1098566e-11
4.072312e-08
-1.2332017e-11
4.806553e-08
-1.3045566e-11
5.544937e-08
-1.3283137e-11
6.2806632e-08
-1.3100628e-11
7.0082858e-08
-1.2556864e-11
7.7235126e-08
-1.1710571e-11
8.4230668e-08
-1.0619976e-11
9.1045965e-08
-9.3442727e-12
9.7666076e-08
-7.9444642e-12
1.0408396e-07
-6.4837889e-12
1.1029964e-07
-5.0257832e-12
1.1631922e-07
-3.6303017e-12
1.2215361e-07
-2.3486635e-12
1.278173e-07
-1.2192733e-12
1.3332642e-07
-2.6531918e-13
5.0779896e-13
1.3870273e-07
-1.2183675e-09
1.2207336e-09
-2.715968e-09
1.5031808e-09
-4.0867952e-09
1.3785988e-09
-5.0463952e-09
9.6887908e-10
-5.3277514e-09
2.9126856e-10
-4.7197916e-09
-5.9857572e-10
-3.0788051e-09
-1.6330816e-09
-3.4038471e-10
-2.7329524e-09
3.4405268e-09
-3.7788804e-09
8.1765836e-09
-4.7371426e-09
1.3709886e-08
-5.5375304e-09
1.9875762e-08
-6.1728956e-09
2.6522622e-08
-6.6561843e-09
3.3514679e-08
-7.0031551e-09
4.073197e-08
-7.2296236e-09
4.8073907e-08
-7.3549827e-09
5.54569e-08
-7.3962757e-09
6.2813017e-08
-7.369218e-09
7.0087901e-08
-7.2874411e-09
7.7238746e-08
-7.1625554e-09
8.4232896e-08
-7.0047693e-09
9.1046931e-08
-6.8233796e-09
9.7665982e-08
-6.6269955e-09
1.0408304e-07
-6.4235468e-09
1.1029816e-07
-6.2201435e-09
1.163174e-07
-6.0228727e-09
1.2215164e-07
-5.8365855e-09
1.2781531e-07
-5.6648883e-09
1.333245e-07
-5.5094538e-09
-5.3759059e-09
1.3870091e-07
-1.1882547e-09
2.4089883e-09
-2.5529016e-09
2.8678277e-09
-3.7048059e-09
2.5305032e-09
-4.315695e-09
1.5797682e-09
-4.1142262e-09
8.9799736e-11
-2.9100111e-09
-1.8027908e-09
-5.7625978e-10
-3.9668329e-09
2.8773702e-09
-6.1865824e-09
7.4026438e-09
-8.304154e-09
1.2825149e-08
-1.0159648e-08
1.8945983e-08
-1.1658365e-08
2.5569313e-08
-1.2796226e-08
3.2526168e-08
-1.3613039e-08
3.9672337e-08
-1.4149324e-08
4.6892538e-08
-1.4449825e-08
5.4096003e-08
-1.4558447e-08
6.1216772e-08
-1.4517045e-08
6.821024e-08
-1.4362686e-08
7.5047904e-08
-1.4125105e-08
8.1713227e-08
-1.3827878e-08
8.8198759e-08
-1.3490302e-08
9.4504058e-08
-1.3128679e-08
1.00634e-07
-1.2756942e-08
1.065973e-07
-1.2386843e-08
1.1240509e-07
-1.2027929e-08
1.1806973e-07
-1.1687514e-08
1.2360383e-07
-1.1370693e-08
1.2901973e-07
-1.108078e-08
1.3432858e-07
-1.0818306e-08
-1.0590945e-08
1.3954362e-07
-1.1273681e-09
3.5363564e-09
-2.2356447e-09
3.9761043e-09
-2.947176e-09
3.2420344e-09
-2.8900876e-09
1.5226797e-09
-1.8050609e-09
-9.95227e-10
4.8726598e-10
-4.0951176e-09
4.0180716e-09
-7.4976385e-09
8.7156021e-09
-1.0884113e-08
1.4402729e-08
-1.3991281e-08
2.0833494e-08
-1.6590413e-08
2.7732197e-08
-1.8557068e-08
3.4877948e-08
-1.9941977e-08
4.2105482e-08
-2.0840573e-08
4.9267856e-08
-2.1311698e-08
5.6289963e-08
-2.1471933e-08
6.3108213e-08
-2.1376697e-08
6.9698211e-08
-2.1107044e-08
7.6058614e-08
-2.0723088e-08
8.2201089e-08
-2.0267581e-08
8.814426e-08
-1.9771048e-08
9.3909997e-08
-1.9256038e-08
9.9521173e-08
-1.8739855e-08
1.0500019e-07
-1.823596e-08
1.1036787e-07
-1.775452e-08
1.1564254e-07
-1.7302602e-08
1.2083944e-07
-1.6884416e-08
1.2597041e-07
-1.6501663e-08
1.3104414e-07
-1.6154507e-08
1.3606633e-07
-1.5840495e-08
-1.5565575e-08
1.4104096e-07
-1.0268178e-09
4.5631742e-09
-1.7707026e-09
4.7199892e-09
-1.8516421e-09
3.3229739e-09
-8.6889463e-10
5.3993227e-10
1.4259096e-09
-3.2900312e-09
5.1244407e-09
-7.7936487e-09
1.0139256e-08
-1.2512454e-08
1.6245629e-08
-1.6990486e-08
2.3139551e-08
-2.0885203e-08
3.0481162e-08
-2.3932023e-08
3.7926572e-08
-2.6002478e-08
4.5286183e-08
-2.7301588e-08
5.2445388e-08
-2.7999777e-08
5.9293841e-08
-2.8160152e-08
6.579722e-08
-2.7975312e-08
7.1964484e-08
-2.7543961e-08
7.7831261e-08
-2.6973821e-08
8.3442912e-08
-2.6334739e-08
8.8846033e-08
-2.5670702e-08
9.4083896e-08
-2.5008911e-08
9.9194063e-08
-2.4366205e-08
1.0420766e-07
-2.375345e-08
1.0914963e-07
-2.3177935e-08
1.1403941e-07
-2.2644297e-08
1.1889154e-07
-2.2154729e-08
1.2371631e-07
-2.1709187e-08
1.2852035e-07
-2.1305706e-08
1.3330738e-07
-2.0941541e-08
1.3807881e-07
-2.0611921e-08
-2.031941e-08
1.4283265e-07
-8.7855411e-10
5.4417283e-09
-1.167435e-09
5.0088701e-09
-4.6133662e-10
2.6168755e-09
1.6505672e-09
-1.5719715e-09
5.3596257e-09
-6.9990897e-09
1.0610412e-08
-1.3044435e-08
1.7130566e-08
-1.9032608e-08
2.4511904e-08
-2.4371825e-08
3.2323163e-08
-2.8696462e-08
4.0136663e-08
-3.1745524e-08
4.7660431e-08
-3.3526246e-08
5.4797969e-08
-3.4439126e-08
6.1450415e-08
-3.4652224e-08
6.7631178e-08
-3.4340914e-08
7.3380348e-08
-3.3724482e-08
7.8783194e-08
-3.2946806e-08
8.391973e-08
-3.2110357e-08
8.886237e-08
-3.1277379e-08
9.3671082e-08
-3.0479414e-08
9.8391966e-08
-2.9729795e-08
1.0305843e-07
-2.903267e-08
1.0769341e-07
-2.8388431e-08
1.1231182e-07
-2.7796341e-08
1.1692275e-07
-2.725523e-08
1.2153129e-07
-2.6763266e-08
1.2613979e-07
-2.6317695e-08
1.3074887e-07
-2.5914783e-08
1.3535805e-07
-2.5550717e-08
1.399663e-07
-2.5220179e-08
-2.4922424e-08
1.4456932e-07
-6.7280284e-10
6.1145311e-09
-4.3573651e-10
4.7718038e-09
1.1837879e-09
9.9735113e-10
4.5711964e-09
-4.95938e-09
9.7889498e-09
-1.2216843e-08
1.6562973e-08
-1.9818458e-08
2.4382182e-08
-2.6851817e-08
3.2651534e-08
-3.2641176e-08
4.0849952e-08
-3.689488e-08
4.856911e-08
-3.9464681e-08
5.5690744e-08
-4.064788e-08
6.2169613e-08
-4.0917995e-08
6.8030488e-08
-4.0513098e-08
7.3400208e-08
-3.9710634e-08
7.8399277e-08
-3.8723551e-08
8.3144765e-08
-3.7692294e-08
8.7731566e-08
-3.6697158e-08
9.2229271e-08
-3.5775084e-08
9.6685051e-08
-3.4935193e-08
1.0112811e-07
-3.4172852e-08
1.0557466e-07
-3.3479223e-08
1.1003237e-07
-3.2846145e-08
1.145037e-07
-3.2267665e-08
1.1898814e-07
-3.173967e-08
1.2348371e-07
-3.1258842e-08
1.2798787e-07
-3.082185e-08
1.3249803e-07
-3.0424943e-08
1.3701197e-07
-3.0064657e-08
1.4152809e-07
-2.9736302e-08
-2.9436486e-08
1.4604216e-07
-4.1552184e-10
6.530053e-09
4.0814045e-10
3.9481415e-09
3.0509965e-09
-1.6455049e-09
7.8078477e-09
-9.7162312e-09
1.4521805e-08
-1.8930801e-08
2.2620371e-08
-2.7917023e-08
3.1336192e-08
-3.5567639e-08
3.9948316e-08
-4.1253299e-08
4.7932133e-08
-4.4878698e-08
5.5081482e-08
-4.6614031e-08
6.1434609e-08
-4.7001006e-08
6.7048308e-08
-4.6531694e-08
7.2102353e-08
-4.5567144e-08
7.6777535e-08
-4.4385817e-08
8.1225991e-08
-4.3172007e-08
8.5560934e-08
-4.2027237e-08
8.9856438e-08
-4.0992661e-08
9.4154383e-08
-4.007303e-08
9.8474427e-08
-3.9255237e-08
1.0282282e-07
-3.8521242e-08
1.0719887e-07
-3.7855277e-08
1.1159903e-07
-3.7246307e-08
1.1601897e-07
-3.6687605e-08
1.2045438e-07
-3.6175078e-08
1.2490122e-07
-3.5705678e-08
1.2935578e-07
-3.5276409e-08
1.3381488e-07
-3.488405e-08
1.3827599e-07
-3.4525766e-08
1.4273758e-07
-3.4197891e-08
-3.3895564e-08
1.4719666e-07
-1.2370828e-10
6.6537612e-09
1.355291e-09
2.4691422e-09
5.1192087e-09
-5.4094226e-09
1.1283552e-08
-1.5880574e-08
1.9360964e-08
-2.7008213e-08
2.8423787e-08
-3.6979847e-08
3.7499751e-08
-4.4643602e-08
4.5874264e-08
-4.9627812e-08
5.319165e-08
-5.2196084e-08
5.9489316e-08
-5.2911696e-08
6.4937877e-08
-5.2449567e-08
6.9764427e-08
-5.1358244e-08
7.4204416e-08
-5.0007133e-08
7.8446362e-08
-4.8627762e-08
8.2619311e-08
-4.7344956e-08
8.6797821e-08
-4.6205747e-08
9.1015736e-08
-4.5210577e-08
9.5281383e-08
-4.4338676e-08
9.9590366e-08
-4.3564221e-08
1.0393412e-07
-4.2864996e-08
1.0830437e-07
-4.2225526e-08
1.1269467e-07
-4.1636607e-08
1.1710026e-07
-4.1093191e-08
1.215172e-07
-4.0592025e-08
1.2594196e-07
-4.0130438e-08
1.3037103e-07
-3.9705475e-08
1.348014e-07
-3.9314416e-08
1.3922984e-07
-3.8954208e-08
1.4365518e-07
-3.8623233e-08
-3.8314955e-08
1.4807457e-07
2.064219e-10
6.4473393e-09
2.416923e-09
2.586411e-10
7.3732664e-09
-1.0365766e-08
1.490905e-08
-2.3416358e-08
2.4082858e-08
-3.6182021e-08
3.3622992e-08
-4.6519981e-08
4.249436e-08
-5.351497e-08
5.0162548e-08
-5.7296e-08
5.6568128e-08
-5.8601663e-08
6.1957658e-08
-5.8301226e-08
6.6653331e-08
-5.7145241e-08
7.0947238e-08
-5.5652151e-08
7.5062859e-08
-5.4122753e-08
7.9143913e-08
-5.2708817e-08
8.3264847e-08
-5.146589e-08
8.745156e-08
-5.039246e-08
9.170241e-08
-4.9461427e-08
9.6004338e-08
-4.8640604e-08
1.0034291e-07
-4.7902789e-08
1.0470692e-07
-4.7229012e-08
1.0908926e-07
-4.6607864e-08
1.1348574e-07
-4.6033083e-08
1.1789336e-07
-4.550082e-08
1.2230905e-07
-4.5007712e-08
1.267298e-07
-4.4551188e-08
1.3115168e-07
-4.4127357e-08
1.3557076e-07
-4.3733494e-08
1.3997982e-07
-4.3363264e-08
1.4437998e-07
-4.3023394e-08
-4.269303e-08
1.4875805e-07
5.7062669e-10
5.8767126e-09
3.5908612e-09
-2.7615934e-09
9.7914833e-09
-1.6566388e-08
1.8562482e-08
-3.2187356e-08
2.8439303e-08
-4.6058843e-08
3.7917866e-08
-5.5998544e-08
4.6112841e-08
-6.1709944e-08
5.2821102e-08
-6.4004261e-08
5.8303421e-08
-6.4083982e-08
6.2975029e-08
-6.2972834e-08
6.7206374e-08
-6.1376586e-08
7.1260382e-08
-5.9706159e-08
7.5298529e-08
-5.81609e-08
7.9398111e-08
-5.6808399e-08
8.3579821e-08
-5.5647599e-08
8.7834776e-08
-5.4647415e-08
9.2144027e-08
-5.3770679e-08
9.6489614e-08
-5.2986191e-08
1.00859e-07
-5.2272177e-08
1.052453e-07
-5.1615305e-08
1.0964539e-07
-5.1007963e-08
1.1405781e-07
-5.0445501e-08
1.1848078e-07
-4.9923787e-08
1.2291216e-07
-4.9439089e-08
1.2735052e-07
-4.8989555e-08
1.317897e-07
-4.8566535e-08
1.3622139e-07
-4.8165179e-08
1.4062412e-07
-4.7766e-08
1.4499976e-07
-4.7399034e-08
-4.6973955e-08
1.4928069e-07
9.60135e-10
4.9165776e-09
4.8787849e-09
-6.6802434e-09
1.2326405e-08
-2.4014008e-08
2.2083797e-08
-4.1944749e-08
3.2189239e-08
-5.6164285e-08
4.1117487e-08
-6.4926792e-08
4.8357491e-08
-6.8949948e-08
5.4106203e-08
-6.9752973e-08
5.8874619e-08
-6.8852398e-08
6.311861e-08
-6.7216826e-08
6.715974e-08
-6.5417716e-08
7.1187065e-08
-6.3733484e-08
7.5285139e-08
-6.2258974e-08
7.947356e-08
-6.099682e-08
8.3739639e-08
-5.9913679e-08
8.8061173e-08
-5.8968948e-08
9.2418558e-08
-5.8128064e-08
9.6798888e-08
-5.736652e-08
1.0119552e-07
-5.6668808e-08
1.0560582e-07
-5.6025601e-08
1.1002882e-07
-5.5430968e-08
1.144638e-07
-5.488048e-08
1.1890976e-07
-5.4369746e-08
1.2336768e-07
-5.3897014e-08
1.278364e-07
-5.3458274e-08
1.3229749e-07
-5.3027621e-08
1.367328e-07
-5.2600487e-08
1.4109075e-07
-5.2123954e-08
1.4536243e-07
-5.1670716e-08
-5.0908582e-08
1.4929706e-07
1.3711382e-09
3.5454394e-09
6.2758729e-09
-1.1584978e-08
1.4897676e-08
-3.2635812e-08
2.529349e-08
-5.2340562e-08
3.5143423e-08
-6.6014218e-08
4.3179285e-08
-7.2962654e-08
4.9408877e-08
-7.517954e-08
5.4412524e-08
-7.475662e-08
5.8766602e-08
-7.3206477e-08
6.2840692e-08
-7.1290916e-08
6.6878068e-08
-6.9455093e-08
7.098527e-08
-6.7840685e-08
7.5185124e-08
-6.6458828e-08
7.9464034e-08
-6.527573e-08
8.3798911e-08
-6.4248555e-08
8.8170056e-08
-6.3340094e-08
9.2565137e-08
-6.2523145e-08
9.6978342e-08
-6.1779725e-08
1.0140791e-07
-6.1098373e-08
1.0585376e-07
-6.0471459e-08
1.1031605e-07
-5.9893254e-08
1.147944e-07
-5.9358829e-08
1.1928833e-07
-5.8863677e-08
1.2379774e-07
-5.8406425e-08
1.2830181e-07
-5.7962338e-08
1.3274034e-07
-5.7466154e-08
1.3704161e-07
-5.6901757e-08
1.4104732e-07
-5.6129668e-08
1.4472281e-07
-5.5346203e-08
-5.3513996e-08
1.4732822e-07
1.8140089e-09
1.7314305e-09
7.7698015e-09
-1.7540771e-08
1.7401512e-08
-4.2267522e-08
2.8025214e-08
-6.2964264e-08
3.7197661e-08
-7.5186664e-08
4.419765e-08
-7.9962644e-08
4.9626154e-08
-8.0608044e-08
5.4180424e-08
-7.931089e-08
5.8329338e-08
-7.735539e-08
6.2398182e-08
-7.5359761e-08
6.6522368e-08
-7.3579278e-08
7.0736238e-08
-7.2054555e-08
7.50288e-08
-7.075139e-08
7.9377653e-08
-6.9624583e-08
8.376394e-08
-6.8634842e-08
8.817621e-08
-6.7752365e-08
9.26094e-08
-6.6956335e-08
9.7062523e-08
-6.6232849e-08
1.0153679e-07
-6.5572641e-08
1.0603467e-07
-6.4969333e-08
1.1055937e-07
-6.4417956e-08
1.1511317e-07
-6.3912633e-08
1.1969182e-07
-6.3442327e-08
1.2426194e-07
-6.2976542e-08
1.287339e-07
-6.2434305e-08
1.3299212e-07
-6.1724368e-08
1.3683601e-07
-6.0745645e-08
1.3986028e-07
-5.9153943e-08
1.4139229e-07
-5.687821e-08
-5.1741289e-08
1.3961958e-07
2.3029702e-09
-5.7153966e-10
9.336894e-09
-2.4574694e-08
1.9729241e-08
-5.2659869e-08
3.0133525e-08
-7.3368549e-08
3.8342199e-08
-8.3395338e-08
4.4442358e-08
-8.6062803e-08
4.9325339e-08
-8.5491024e-08
5.3621928e-08
-8.3607479e-08
5.7740987e-08
-8.1474449e-08
6.188555e-08
-7.9504324e-08
6.611267e-08
-7.7806397e-08
7.0417699e-08
-7.6359584e-08
7.478009e-08
-7.5113782e-08
7.9181911e-08
-7.4026404e-08
8.3612346e-08
-7.3065277e-08
8.8066381e-08
-7.2206399e-08
9.2542215e-08
-7.1432169e-08
9.7039272e-08
-7.0729906e-08
1.0155675e-07
-7.0090118e-08
1.0609233e-07
-6.9504917e-08
1.1063944e-07
-6.8965059e-08
1.1518034e-07
-6.8453536e-08
1.196698e-07
-6.7931793e-08
1.2400288e-07
-6.7309622e-08
1.2796595e-07
-6.6397371e-08
1.3113281e-07
-6.4891226e-08
1.3268479e-07
-6.2297623e-08
1.314467e-07
-5.7915851e-08
1.2595585e-07
-5.1387363e-08
-4.1191116e-08
1.1540568e-07
2.8379614e-09
1.0898747e-08
2.1734978e-08
3.1574095e-08
3.8804061e-08
4.4244098e-08
4.8792146e-08
5.2999829e-08
5.7166288e-08
6.1398817e-08
6.5708383e-08
7.007761e-08
7.4489217e-08
7.8932575e-08
8.3402571e-08
8.7896796e-08
9.2413217e-08
9.6948216e-08
1.0149344e-07
1.0602956e-07
1.1051187e-07
1.1484047e-07
1.1880358e-07
1.2198737e-07
1.2365807e-07
1.2265306e-07
1.1740415e-07
1.062442e-07
8.7971815e-08
6.4555602e-08
6.4880984e-08
-3.2241664e-10
6.3445549e-08
1.4354348e-09
6.1924103e-08
1.5214456e-09
6.0453341e-08
1.4707627e-09
5.9155022e-08
1.2983188e-09
5.8098598e-08
1.056424e-09
5.7297371e-08
8.0122651e-10
5.6717436e-08
5.7993541e-10
5.6322557e-08
3.9487924e-10
5.60825e-08
2.4005661e-10
5.5970513e-08
1.1198725e-10
5.5956994e-08
1.3518723e-11
5.6005742e-08
-4.8747968e-11
5.6085377e-08
-7.9635244e-11
5.616055e-08
-7.5173224e-11
5.6223656e-08
-6.3105117e-11
5.626916e-08
-4.5504202e-11
5.6295925e-08
-2.6765499e-11
5.6306407e-08
-1.0481436e-11
5.6305003e-08
1.4041188e-12
5.6297475e-08
7.5270819e-12
5.6289872e-08
7.603882e-12
5.6283514e-08
6.3573514e-12
5.6278391e-08
5.1236572e-12
5.6274832e-08
3.558744e-12
5.6272634e-08
2.197456e-12
5.627138e-08
1.2548765e-12
5.6270689e-08
6.9061045e-13
5.6270308e-08
3.8138481e-13
5.6270093e-08
2.149725e-13
5.6269973e-08
1.1927105e-13
5.6269915e-08
5.8061632e-14
5.62699e-08
1.5621057e-14
5.6269914e-08
-1.4150731e-14
5.6269949e-08
-3.4887953e-14
5.6269997e-08
-4.8276688e-14
5.6270053e-08
-5.6458437e-14
5.6270114e-08
-6.0771257e-14
5.6270176e-08
-6.2323838e-14
5.6270238e-08
-6.1814224e-14
5.6270298e-08
-5.9957371e-14
5.6270356e-08
-5.7803838e-14
5.6270412e-08
-5.5550022e-14
5.6270465e-08
-5.3267447e-14
5.6270516e-08
-5.0914632e-14
5.6270564e-08
-4.841787e-14
5.627061e-08
-4.5758068e-14
5.6270653e-08
-4.2977305e-14
5.6270693e-08
-4.0118047e-14
5.627073e-08
-3.7172604e-14
5.6270764e-08
-3.4108785e-14
5.6270795e-08
-3.0917212e-14
5.6270823e-08
-2.7695904e-14
5.6270848e-08
-2.4562932e-14
5.6270869e-08
-2.1672243e-14
5.6270888e-08
-1.9128892e-14
5.6270905e-08
-1.6973061e-14
5.627092e-08
-1.5170812e-14
5.6270934e-08
-1.3660472e-14
5.6270946e-08
-1.2384006e-14
5.6270958e-08
-1.1281222e-14
5.6270968e-08
-1.0311225e-14
5.6270978e-08
-9.434822e-15
5.6270986e-08
-8.5619221e-15
5.6270994e-08
-7.5372377e-15
5.6271e-08
-6.2388526e-15
5.6271004e-08
-4.620643e-15
5.6271007e-08
-2.8329906e-15
5.6271008e-08
-9.6846241e-16
5.6271007e-08
1.0222254e-15
5.6271004e-08
2.7663457e-15
5.6271e-08
4.2221135e-15
5.6270995e-08
5.2891489e-15
5.6270989e-08
5.9768441e-15
5.6270983e-08
6.3844282e-15
5.6270976e-08
6.649662e-15
5.6270969e-08
6.883831e-15
5.6270962e-08
7.1282452e-15
5.6270955e-08
7.357177e-15
5.6270947e-08
7.5007761e-15
5.627094e-08
7.4681244e-15
5.6270932e-08
7.1941009e-15
5.6270926e-08
6.6868165e-15
5.627092e-08
5.9920407e-15
5.6270915e-08
5.1652562e-15
5.627091e-08
4.2571842e-15
5.6270907e-08
3.3200736e-15
5.6270905e-08
2.455171e-15
5.6270903e-08
1.7296795e-15
5.6270902e-08
1.1714839e-15
5.6270901e-08
7.7209083e-16
5.62709e-08
4.8095701e-16
5.62709e-08
2.1974005e-16
5.62709e-08
-1.1373494e-16
5.6270901e-08
-6.3864502e-16
5.6270902e-08
-1.3842358e-15
5.6270905e-08
-2.4034661e-15
5.6270909e-08
-3.8137327e-15
5.6270914e-08
-5.464609e-15
5.6270921e-08
-7.1114784e-15
5.627093e-08
-8.7209548e-15
5.627094e-08
-1.0173727e-14
5.6270951e-08
-1.1411444e-14
5.6270964e-08
-1.2373973e-14
5.6270976e-08
-1.246892e-14
5.6270988e-08
-1.211002e-14
5.6271e-08
-1.1448538e-14
5.627101e-08
-1.0551093e-14
5.627102e-08
-9.4193975e-15
5.6271028e-08
-8.1123254e-15
5.6271035e-08
-6.700759e-15
5.627104e-08
-5.2301404e-15
5.6271044e-08
-3.7516425e-15
5.6271046e-08
-2.4649546e-15
5.6271048e-08
-1.5425812e-15
5.6271049e-08
-9.3767605e-16
5.6271049e-08
-6.0640522e-16
5.627105e-08
-5.7186815e-16
5.6271051e-08
-8.2014847e-16
5.6271052e-08
-1.2137166e-15
5.6271054e-08
-1.7905272e-15
5.6271056e-08
-2.5181052e-15
5.6271059e-08
-3.3694336e-15
5.6271064e-08
-4.3384382e-15
5.6271069e-08
-5.3968071e-15
5.6271076e-08
-6.5080743e-15
5.6271083e-08
-7.6450716e-15
5.6271092e-08
-8.7742211e-15
5.6271102e-08
-9.9248716e-15
5.6271113e-08
-1.102544e-14
5.6271125e-08
-1.1998172e-14
5.6271138e-08
-1.2809203e-14
5.6271151e-08
-1.3425152e-14
5.6271165e-08
-1.3900535e-14
5.6271179e-08
-1.4225105e-14
5.6271194e-08
-1.4398178e-14
5.6271208e-08
-1.4429194e-14
5.6271223e-08
-1.4305971e-14
5.6271237e-08
-1.4055716e-14
5.627125e-08
-1.3715091e-14
5.6271264e-08
-1.3297714e-14
5.6271276e-08
-1.2810805e-14
5.6271289e-08
-1.2263519e-14
5.62713e-08
-1.1667171e-14
5.6271311e-08
-1.1034318e-14
5.6271322e-08
-1.0373487e-14
5.6271331e-08
-9.6923543e-15
5.627134e-08
-8.9990727e-15
5.6271349e-08
-8.3009506e-15
5.6271356e-08
-7.6040755e-15
5.6271363e-08
-6.9136556e-15
5.6271369e-08
-6.2344678e-15
5.6271375e-08
-5.571255e-15
5.627138e-08
-4.9287917e-15
5.6271384e-08
-4.3104482e-15
5.6271388e-08
-3.7225976e-15
5.6271391e-08
-3.1707797e-15
5.6271394e-08
-2.6596964e-15
5.6271396e-08
-2.1930329e-15
5.6271398e-08
-1.7726207e-15
5.6271399e-08
-1.3991882e-15
5.62714e-08
-1.0721038e-15
5.6271401e-08
-7.9012072e-16
5.6271402e-08
-5.514265e-16
5.6271402e-08
-3.5332747e-16
5.6271402e-08
-1.9038338e-16
5.6271402e-08
-4.3579869e-17
5.6271402e-08
8.2672512e-17
5.6271402e-08
1.9111458e-16
5.6271402e-08
2.8249679e-16
5.6271401e-08
3.5607784e-16
5.6271401e-08
4.1307851e-16
5.62714e-08
4.5414177e-16
5.62714e-08
4.8995841e-16
5.6271399e-08
5.0828412e-16
5.6271399e-08
5.0019204e-16
5.6271398e-08
4.8035027e-16
5.6271398e-08
4.524509e-16
5.6271398e-08
4.188251e-16
5.6271397e-08
3.8302152e-16
5.6271397e-08
3.4984355e-16
5.6271397e-08
3.2435131e-16
5.6271396e-08
3.1231638e-16
5.6271396e-08
3.2018071e-16
5.6271396e-08
3.5467456e-16
5.6271395e-08
4.2296052e-16
5.6271395e-08
5.3278876e-16
5.6271394e-08
6.9297796e-16
5.6271393e-08
9.1394462e-16
5.6271392e-08
1.2081142e-15
5.627139e-08
1.588424e-15
5.6271388e-08
2.0684374e-15
5.6271385e-08
2.6610945e-15
5.6271382e-08
3.3764624e-15
5.6271378e-08
4.2196533e-15
5.6271373e-08
5.1738289e-15
5.6271366e-08
6.2200153e-15
5.6271359e-08
7.8423332e-15
5.6271349e-08
1.0009045e-14
1.6027615e-14
1.1542174e-07
-3.3386914e-10
1.1619077e-07
6.664064e-10
1.1682719e-07
8.8503098e-10
1.1743946e-07
8.5849066e-10
1.1792075e-07
8.1702485e-10
1.1825105e-07
7.2613081e-10
1.1848835e-07
5.6392157e-10
1.1868457e-07
3.8372042e-10
1.188543e-07
2.2514654e-10
1.1898974e-07
1.0461859e-10
1.1907914e-07
2.2583214e-11
1.191301e-07
-3.7441082e-11
1.1915494e-07
-7.3588831e-11
1.1916527e-07
-8.9962892e-11
1.1917277e-07
-8.2677171e-11
1.1918513e-07
-7.5459995e-11
1.1920412e-07
-6.45008e-11
1.1922629e-07
-4.893622e-11
1.192459e-07
-3.0089339e-11
1.1925972e-07
-1.2413007e-11
1.1926569e-07
1.5550768e-12
1.1926454e-07
8.7573105e-12
1.1925909e-07
1.1805454e-11
1.1925195e-07
1.2263581e-11
1.1924479e-07
1.0719137e-11
1.1923845e-07
8.542331e-12
1.1923317e-07
6.531979e-12
1.1922888e-07
4.9783444e-12
1.1922539e-07
3.8737265e-12
1.1922251e-07
3.0962813e-12
1.192201e-07
2.5253926e-12
1.1921808e-07
2.0814116e-12
1.1921637e-07
1.7216767e-12
1.1921493e-07
1.425046e-12
1.1921372e-07
1.1795516e-12
1.1921269e-07
9.7661373e-13
1.1921183e-07
8.0878173e-13
1.192111e-07
6.6987691e-13
1.1921048e-07
5.5488565e-13
1.1920996e-07
4.5968473e-13
1.1920952e-07
3.8072748e-13
1.1920914e-07
3.1496315e-13
1.1920883e-07
2.5998732e-13
1.1920856e-07
2.1394831e-13
1.1920834e-07
1.7543294e-13
1.1920814e-07
1.4330524e-13
1.1920798e-07
1.1655565e-13
1.1920784e-07
9.4264113e-14
1.1920773e-07
7.5666504e-14
1.1920763e-07
6.0223141e-14
1.1920755e-07
4.759564e-14
1.1920748e-07
3.7529844e-14
1.1920742e-07
2.9726054e-14
1.1920738e-07
2.3788887e-14
1.1920733e-07
1.9255375e-14
1.192073e-07
1.5660061e-14
1.1920727e-07
1.2641866e-14
1.1920724e-07
1.0004042e-14
1.1920722e-07
7.6948501e-15
1.1920721e-07
5.7325053e-15
1.1920719e-07
4.129524e-15
1.1920718e-07
2.8478407e-15
1.1920717e-07
1.814234e-15
1.1920716e-07
9.9139932e-16
1.1920715e-07
4.2719758e-16
1.1920714e-07
2.1688718e-16
1.1920714e-07
4.4963962e-16
1.1920713e-07
1.1779444e-15
1.1920713e-07
2.4637858e-15
1.1920713e-07
4.2640716e-15
1.1920712e-07
6.3126703e-15
1.1920712e-07
8.3329739e-15
1.1920711e-07
1.0041396e-14
1.1920711e-07
1.1263376e-14
1.192071e-07
1.1991339e-14
1.192071e-07
1.2347338e-14
1.1920709e-07
1.2502342e-14
1.1920709e-07
1.2600524e-14
1.1920708e-07
1.2713529e-14
1.1920707e-07
1.2831801e-14
1.1920707e-07
1.287559e-14
1.1920706e-07
1.2726137e-14
1.1920706e-07
1.2320603e-14
1.1920705e-07
1.1653841e-14
1.1920705e-07
1.0731801e-14
1.1920704e-07
9.5531288e-15
1.1920704e-07
8.1722009e-15
1.1920703e-07
6.7304548e-15
1.1920703e-07
5.3474391e-15
1.1920703e-07
4.1109128e-15
1.1920702e-07
3.0665943e-15
1.1920702e-07
2.2079878e-15
1.1920702e-07
1.475295e-15
1.1920702e-07
7.8197586e-16
1.1920702e-07
5.2245651e-17
1.1920702e-07
-8.911257e-16
1.1920702e-07
-2.1092646e-15
1.1920702e-07
-3.6822098e-15
1.1920702e-07
-5.6163687e-15
1.1920702e-07
-7.8194477e-15
1.1920702e-07
-1.0168741e-14
1.1920702e-07
-1.2497741e-14
1.1920703e-07
-1.4726254e-14
1.1920703e-07
-1.6793683e-14
1.1920704e-07
-1.8015128e-14
1.1920704e-07
-1.8500942e-14
1.1920705e-07
-1.8248638e-14
1.1920706e-07
-1.761471e-14
1.1920706e-07
-1.6449251e-14
1.1920707e-07
-1.4803853e-14
1.1920708e-07
-1.2788068e-14
1.1920708e-07
-1.053953e-14
1.1920709e-07
-8.2159704e-15
1.1920709e-07
-6.0909901e-15
1.1920709e-07
-4.3695195e-15
1.1920709e-07
-3.0568334e-15
1.192071e-07
-2.1414664e-15
1.192071e-07
-1.6563582e-15
1.192071e-07
-1.5966399e-15
1.192071e-07
-1.824998e-15
1.192071e-07
-2.3714141e-15
1.192071e-07
-3.2191598e-15
1.192071e-07
-4.3249719e-15
1.192071e-07
-5.6561967e-15
1.192071e-07
-7.1770993e-15
1.1920711e-07
-8.8485925e-15
1.1920711e-07
-1.062794e-14
1.1920711e-07
-1.2459518e-14
1.1920712e-07
-1.4360161e-14
1.1920712e-07
-1.624773e-14
1.1920713e-07
-1.8026984e-14
1.1920714e-07
-1.9633986e-14
1.1920714e-07
-2.0987155e-14
1.1920715e-07
-2.2115649e-14
1.1920716e-07
-2.3003209e-14
1.1920717e-07
-2.364249e-14
1.1920718e-07
-2.4081904e-14
1.1920719e-07
-2.419648e-14
1.192072e-07
-2.4067535e-14
1.1920721e-07
-2.3775974e-14
1.1920722e-07
-2.3331057e-14
1.1920723e-07
-2.2742191e-14
1.1920724e-07
-2.2018146e-14
1.1920725e-07
-2.1175928e-14
1.1920726e-07
-2.025061e-14
1.1920727e-07
-1.925704e-14
1.1920727e-07
-1.820684e-14
1.1920728e-07
-1.7117211e-14
1.1920729e-07
-1.6005235e-14
1.192073e-07
-1.4884765e-14
1.192073e-07
-1.3765998e-14
1.1920731e-07
-1.2656189e-14
1.1920732e-07
-1.1560676e-14
1.1920732e-07
-1.0484168e-14
1.1920733e-07
-9.4305334e-15
1.1920733e-07
-8.4067904e-15
1.1920734e-07
-7.4201441e-15
1.1920734e-07
-6.4782465e-15
1.1920734e-07
-5.588735e-15
1.1920735e-07
-4.7582242e-15
1.1920735e-07
-3.9917762e-15
1.1920735e-07
-3.2931732e-15
1.1920735e-07
-2.66487e-15
1.1920736e-07
-2.1074702e-15
1.1920736e-07
-1.6186041e-15
1.1920736e-07
-1.1922996e-15
1.1920736e-07
-8.2023209e-16
1.1920736e-07
-4.9480129e-16
1.1920736e-07
-2.0635325e-16
1.1920736e-07
4.9864426e-17
1.1920736e-07
2.7481017e-16
1.1920736e-07
4.7228256e-16
1.1920736e-07
6.4386345e-16
1.1920736e-07
8.0320038e-16
1.1920736e-07
9.4138156e-16
1.1920736e-07
1.0446793e-15
1.1920736e-07
1.1235018e-15
1.1920736e-07
1.182097e-15
1.1920736e-07
1.2255376e-15
1.1920735e-07
1.2609099e-15
1.1920735e-07
1.2961214e-15
1.1920735e-07
1.3386781e-15
1.1920735e-07
1.3974821e-15
1.1920735e-07
1.4837061e-15
1.1920735e-07
1.6100173e-15
1.1920735e-07
1.7898313e-15
1.1920735e-07
2.0376373e-15
1.1920734e-07
2.3702458e-15
1.1920734e-07
2.8073266e-15
1.1920734e-07
3.372057e-15
1.1920734e-07
4.0923909e-15
1.1920734e-07
5.001227e-15
1.1920733e-07
6.1368598e-15
1.1920733e-07
7.547559e-15
1.1920732e-07
9.3020686e-15
1.1920732e-07
1.147388e-14
1.1920731e-07
1.4337497e-14
1.192073e-07
1.6680529e-14
1.1920729e-07
2.4095304e-14
3.5688471e-14
1.3925865e-07
3.1950232e-11
1.3931442e-07
6.1063821e-10
1.3946311e-07
7.3633906e-10
1.3966471e-07
6.5689299e-10
1.3989588e-07
5.8585132e-10
1.4011519e-07
5.0682506e-10
1.402946e-07
3.8451015e-10
1.404366e-07
2.4171875e-10
1.4054123e-07
1.2051588e-10
1.4060061e-07
4.5239535e-11
1.4060757e-07
1.5619831e-11
1.4055639e-07
1.3738607e-11
1.4046196e-07
2.0841872e-11
1.4034607e-07
2.5925126e-11
1.4023686e-07
2.6536065e-11
1.4014329e-07
1.8105292e-11
1.4007298e-07
5.815872e-12
1.4002756e-07
-3.5149864e-12
1.4000284e-07
-5.3693973e-12
1.3999188e-07
-1.4575046e-12
1.3998733e-07
6.1111124e-12
1.3998295e-07
1.3129585e-11
1.3997716e-07
1.7598903e-11
1.3997036e-07
1.9061632e-11
1.3996298e-07
1.809707e-11
1.3995568e-07
1.584783e-11
1.3994893e-07
1.3284943e-11
1.3994295e-07
1.0952952e-11
1.3993779e-07
9.038702e-12
1.3993336e-07
7.5247003e-12
1.3992956e-07
6.320681e-12
1.399263e-07
5.339534e-12
1.399235e-07
4.5215942e-12
1.399211e-07
3.831168e-12
1.3991903e-07
3.24616e-12
1.3991726e-07
2.7504249e-12
1.3991574e-07
2.3304393e-12
1.3991443e-07
1.9745746e-12
1.3991331e-07
1.6730022e-12
1.3991236e-07
1.4174632e-12
1.3991154e-07
1.2009257e-12
1.3991083e-07
1.0173317e-12
1.3991023e-07
8.6151529e-13
1.3990972e-07
7.2919193e-13
1.3990927e-07
6.1686466e-13
1.399089e-07
5.2163991e-13
1.3990857e-07
4.41014e-13
1.3990829e-07
3.7273355e-13
1.3990805e-07
3.1479001e-13
1.3990785e-07
2.6550204e-13
1.3990767e-07
2.2357819e-13
1.3990752e-07
1.8807728e-13
1.3990739e-07
1.5826679e-13
1.3990728e-07
1.3345544e-13
1.3990719e-07
1.1289468e-13
1.3990711e-07
9.5782285e-14
1.3990704e-07
8.1363219e-14
1.3990698e-07
6.9043283e-14
1.3990693e-07
5.8441161e-14
1.3990689e-07
4.9351431e-14
1.3990685e-07
4.165138e-14
1.3990682e-07
3.5209336e-14
1.3990679e-07
2.9844287e-14
1.3990677e-07
2.5354299e-14
1.3990674e-07
2.1580078e-14
1.3990673e-07
1.845001e-14
1.3990671e-07
1.5980713e-14
1.399067e-07
1.4237601e-14
1.3990669e-07
1.3280689e-14
1.3990668e-07
1.3088182e-14
1.3990667e-07
1.3503732e-14
1.3990667e-07
1.4273145e-14
1.3990666e-07
1.5110833e-14
1.3990666e-07
1.5778023e-14
1.3990665e-07
1.6144867e-14
1.3990665e-07
1.6202643e-14
1.3990664e-07
1.6031383e-14
1.3990664e-07
1.5745697e-14
1.3990664e-07
1.5442291e-14
1.3990664e-07
1.5166457e-14
1.3990663e-07
1.4903621e-14
1.3990663e-07
1.4589568e-14
1.3990663e-07
1.4151993e-14
1.3990663e-07
1.3538265e-14
1.3990663e-07
1.2704738e-14
1.3990662e-07
1.16163e-14
1.3990662e-07
1.0310246e-14
1.3990662e-07
8.8754873e-15
1.3990662e-07
7.4078754e-15
1.3990662e-07
5.9883315e-15
1.3990661e-07
4.6729267e-15
1.3990661e-07
3.4866305e-15
1.3990661e-07
2.4211761e-15
1.3990661e-07
1.4391637e-15
1.3990661e-07
4.7384618e-16
1.3990661e-07
-5.57094e-16
1.3990661e-07
-1.7259206e-15
1.3990661e-07
-3.115234e-15
1.3990661e-07
-4.7647985e-15
1.3990661e-07
-6.6624063e-15
1.3990661e-07
-8.7428772e-15
1.399066e-07
-1.0897063e-14
1.399066e-07
-1.2997933e-14
1.399066e-07
-1.4910213e-14
1.399066e-07
-1.6457163e-14
1.399066e-07
-1.7419267e-14
1.399066e-07
-1.7682117e-14
1.399066e-07
-1.7552372e-14
1.399066e-07
-1.6836182e-14
1.399066e-07
-1.5572211e-14
1.399066e-07
-1.3887614e-14
1.399066e-07
-1.1946452e-14
1.399066e-07
-9.9265195e-15
1.3990661e-07
-8.0033159e-15
1.3990661e-07
-6.3109544e-15
1.3990661e-07
-4.9229682e-15
1.3990661e-07
-3.882485e-15
1.3990661e-07
-3.218138e-15
1.3990661e-07
-2.9281742e-15
1.3990661e-07
-2.9749911e-15
1.3990662e-07
-3.3422849e-15
1.3990662e-07
-4.0128427e-15
1.3990662e-07
-4.9586556e-15
1.3990662e-07
-6.1489467e-15
1.3990662e-07
-7.5503529e-15
1.3990662e-07
-9.1249686e-15
1.3990662e-07
-1.083136e-14
1.3990662e-07
-1.2623753e-14
1.3990662e-07
-1.4464237e-14
1.3990662e-07
-1.6300409e-14
1.3990662e-07
-1.8072563e-14
1.3990662e-07
-1.972749e-14
1.3990662e-07
-2.1212087e-14
1.3990662e-07
-2.249612e-14
1.3990662e-07
-2.3554388e-14
1.3990662e-07
-2.4371937e-14
1.3990662e-07
-2.4997101e-14
1.3990662e-07
-2.5300777e-14
1.3990662e-07
-2.5348387e-14
1.3990663e-07
-2.521163e-14
1.3990663e-07
-2.4899776e-14
1.3990663e-07
-2.4423483e-14
1.3990663e-07
-2.3792451e-14
1.3990663e-07
-2.302344e-14
1.3990663e-07
-2.2153402e-14
1.3990664e-07
-2.1192279e-14
1.3990664e-07
-2.0156581e-14
1.3990664e-07
-1.9065956e-14
1.3990664e-07
-1.7940076e-14
1.3990664e-07
-1.6795623e-14
1.3990665e-07
-1.5645207e-14
1.3990665e-07
-1.4497675e-14
1.3990665e-07
-1.335907e-14
1.3990665e-07
-1.2233883e-14
1.3990665e-07
-1.1126353e-14
1.3990665e-07
-1.0041636e-14
1.3990666e-07
-8.9860544e-15
1.3990666e-07
-7.9669177e-15
1.3990666e-07
-6.9919903e-15
1.3990666e-07
-6.068779e-15
1.3990666e-07
-5.2039772e-15
1.3990666e-07
-4.4031973e-15
1.3990666e-07
-3.6706482e-15
1.3990666e-07
-3.00867e-15
1.3990667e-07
-2.4171586e-15
1.3990667e-07
-1.893189e-15
1.3990667e-07
-1.4310767e-15
1.3990667e-07
-1.0232325e-15
1.3990667e-07
-6.6152843e-16
1.3990667e-07
-3.3820017e-16
1.3990667e-07
-4.652717e-17
1.3990667e-07
2.186968e-16
1.3990667e-07
4.5981294e-16
1.3990667e-07
6.8038174e-16
1.3990667e-07
8.8067115e-16
1.3990667e-07
1.0584972e-15
1.3990667e-07
1.2154759e-15
1.3990667e-07
1.3547966e-15
1.3990667e-07
1.4811431e-15
1.3990667e-07
1.6015058e-15
1.3990667e-07
1.7238546e-15
1.3990667e-07
1.8557444e-15
1.3990667e-07
2.0062513e-15
1.3990667e-07
2.1869223e-15
1.3990667e-07
2.4106623e-15
1.3990666e-07
2.69129e-15
1.3990666e-07
3.0446017e-15
1.3990666e-07
3.4896168e-15
1.3990666e-07
4.0483652e-15
1.3990666e-07
4.7459459e-15
1.3990666e-07
5.6130939e-15
1.3990666e-07
6.6868838e-15
1.3990665e-07
8.0101906e-15
1.3990665e-07
9.6366105e-15
1.3990665e-07
1.1635045e-14
1.3990665e-07
1.4078231e-14
1.3990664e-07
1.7093745e-14
1.3990664e-07
2.0089803e-14
1.3990664e-07
2.6370139e-14
3.5662286e-14
1.468342e-07
5.3080592e-10
1.4666221e-07
7.8263086e-10
1.4654183e-07
8.5672421e-10
1.4640716e-07
7.9155956e-10
1.4629884e-07
6.9417087e-10
1.4621637e-07
5.8929786e-10
1.4613686e-07
4.6402206e-10
1.4604346e-07
3.3510911e-10
1.4592676e-07
2.3722317e-10
1.4579349e-07
1.7850852e-10
1.456525e-07
1.5661062e-10
1.4550813e-07
1.5810488e-10
1.4536515e-07
1.6382739e-10
1.4523104e-07
1.600329e-10
1.4511437e-07
1.432069e-10
1.4501722e-07
1.1524963e-10
1.4493966e-07
8.3374328e-11
1.448804e-07
5.5748363e-11
1.4483783e-07
3.7205917e-11
1.44808e-07
2.8366159e-11
1.4478765e-07
2.6465242e-11
1.4477323e-07
2.7550884e-11
1.4476219e-07
2.8637723e-11
1.4475293e-07
2.8321881e-11
1.4474459e-07
2.642981e-11
1.4473694e-07
2.3502243e-11
1.4472998e-07
2.0245288e-11
1.4472377e-07
1.7166174e-11
1.4471831e-07
1.4494727e-11
1.4471357e-07
1.226356e-11
1.4470948e-07
1.0413429e-11
1.4470595e-07
8.8662894e-12
1.4470292e-07
7.5580586e-12
1.447003e-07
6.4441218e-12
1.4469806e-07
5.493618e-12
1.4469612e-07
4.6826391e-12
1.4469446e-07
3.9909126e-12
1.4469304e-07
3.4009709e-12
1.4469181e-07
2.8978826e-12
1.4469076e-07
2.4689443e-12
1.4468986e-07
2.1033003e-12
1.4468908e-07
1.7916309e-12
1.4468842e-07
1.525941e-12
1.4468785e-07
1.2994333e-12
1.4468736e-07
1.1063986e-12
1.4468694e-07
9.4202195e-13
1.4468658e-07
8.0214104e-13
1.4468627e-07
6.8306915e-13
1.44686e-07
5.8155375e-13
1.4468577e-07
4.9483219e-13
1.4468557e-07
4.206867e-13
1.446854e-07
3.5740841e-13
1.4468526e-07
3.0364851e-13
1.4468513e-07
2.5822314e-13
1.4468503e-07
2.1997109e-13
1.4468494e-07
1.8772355e-13
1.4468486e-07
1.6037935e-13
1.4468479e-07
1.370163e-13
1.4468473e-07
1.1695821e-13
1.4468468e-07
9.9755975e-14
1.4468464e-07
8.5098941e-14
1.446846e-07
7.2711186e-14
1.4468457e-07
6.2287796e-14
1.4468454e-07
5.3497485e-14
1.4468451e-07
4.603564e-14
1.4468449e-07
3.9683405e-14
1.4468447e-07
3.4331414e-14
1.4468446e-07
2.9956559e-14
1.4468445e-07
2.6567492e-14
1.4468443e-07
2.4138224e-14
1.4468443e-07
2.2556906e-14
1.4468442e-07
2.1619184e-14
1.4468441e-07
2.1066349e-14
1.4468441e-07
2.0646941e-14
1.446844e-07
2.0177418e-14
1.446844e-07
1.9572217e-14
1.446844e-07
1.8836213e-14
1.4468439e-07
1.8031316e-14
1.4468439e-07
1.7234182e-14
1.4468439e-07
1.6500167e-14
1.4468439e-07
1.5842364e-14
1.4468439e-07
1.5228608e-14
1.4468439e-07
1.459794e-14
1.4468439e-07
1.3883581e-14
1.4468439e-07
1.302878e-14
1.4468439e-07
1.2000736e-14
1.4468439e-07
1.0804876e-14
1.4468439e-07
9.4796266e-15
1.4468439e-07
8.081017e-15
1.4468439e-07
6.6681634e-15
1.4468439e-07
5.293123e-15
1.4468438e-07
3.993899e-15
1.4468438e-07
2.7894959e-15
1.4468438e-07
1.6772914e-15
1.4468438e-07
6.3298137e-16
1.4468438e-07
-3.8800989e-16
1.4468438e-07
-1.4470998e-15
1.4468438e-07
-2.609587e-15
1.4468438e-07
-3.9254426e-15
1.4468438e-07
-5.411565e-15
1.4468438e-07
-7.0449027e-15
1.4468438e-07
-8.7638031e-15
1.4468437e-07
-1.0479837e-14
1.4468437e-07
-1.2089289e-14
1.4468437e-07
-1.3461967e-14
1.4468437e-07
-1.4453712e-14
1.4468436e-07
-1.4993342e-14
1.4468436e-07
-1.5099367e-14
1.4468436e-07
-1.4747587e-14
1.4468436e-07
-1.3958232e-14
1.4468436e-07
-1.2807381e-14
1.4468436e-07
-1.1405329e-14
1.4468436e-07
-9.8798277e-15
1.4468436e-07
-8.363561e-15
1.4468436e-07
-6.9748415e-15
1.4468436e-07
-5.797902e-15
1.4468436e-07
-4.8841392e-15
1.4468436e-07
-4.2638938e-15
1.4468436e-07
-3.9483725e-15
1.4468436e-07
-3.9274689e-15
1.4468436e-07
-4.1841675e-15
1.4468436e-07
-4.7019672e-15
1.4468436e-07
-5.4590168e-15
1.4468436e-07
-6.4286631e-15
1.4468436e-07
-7.5814894e-15
1.4468436e-07
-8.8855701e-15
1.4468436e-07
-1.0306978e-14
1.4468436e-07
-1.1809659e-14
1.4468436e-07
-1.335703e-14
1.4468436e-07
-1.4910633e-14
1.4468436e-07
-1.6427433e-14
1.4468436e-07
-1.7863687e-14
1.4468435e-07
-1.917806e-14
1.4468435e-07
-2.0336981e-14
1.4468435e-07
-2.1316405e-14
1.4468435e-07
-2.2099922e-14
1.4468434e-07
-2.268557e-14
1.4468434e-07
-2.3053524e-14
1.4468434e-07
-2.3210498e-14
1.4468434e-07
-2.3177614e-14
1.4468434e-07
-2.2970887e-14
1.4468433e-07
-2.260663e-14
1.4468433e-07
-2.2101435e-14
1.4468433e-07
-2.1472134e-14
1.4468433e-07
-2.0740275e-14
1.4468433e-07
-1.9915197e-14
1.4468433e-07
-1.9015882e-14
1.4468433e-07
-1.8059888e-14
1.4468433e-07
-1.7064119e-14
1.4468433e-07
-1.6043725e-14
1.4468432e-07
-1.5011091e-14
1.4468432e-07
-1.3975561e-14
1.4468432e-07
-1.2943824e-14
1.4468432e-07
-1.1920752e-14
1.4468432e-07
-1.0910429e-14
1.4468432e-07
-9.9171137e-15
1.4468432e-07
-8.9458205e-15
1.4468432e-07
-8.0024673e-15
1.4468432e-07
-7.0936268e-15
1.4468432e-07
-6.2260668e-15
1.4468432e-07
-5.4062426e-15
1.4468432e-07
-4.6399214e-15
1.4468432e-07
-3.9318416e-15
1.4468432e-07
-3.2852376e-15
1.4468432e-07
-2.7012182e-15
1.4468432e-07
-2.1782222e-15
1.4468432e-07
-1.7119432e-15
1.4468433e-07
-1.296083e-15
1.4468433e-07
-9.2354782e-16
1.4468433e-07
-5.8716317e-16
1.4468433e-07
-2.8038693e-16
1.4468433e-07
1.9381064e-18
1.4468433e-07
2.6310617e-16
1.4468433e-07
5.0555647e-16
1.4468433e-07
7.3106946e-16
1.4468433e-07
9.4043928e-16
1.4468433e-07
1.1351863e-15
1.4468433e-07
1.3187054e-15
1.4468433e-07
1.4959239e-15
1.4468433e-07
1.6730215e-15
1.4468433e-07
1.8570355e-15
1.4468433e-07
2.0556589e-15
1.4468433e-07
2.277634e-15
1.4468433e-07
2.5326096e-15
1.4468433e-07
2.8310009e-15
1.4468432e-07
3.1849774e-15
1.4468432e-07
3.6091149e-15
1.4468432e-07
4.1203536e-15
1.4468432e-07
4.7389645e-15
1.4468432e-07
5.4882399e-15
1.4468432e-07
6.393322e-15
1.4468432e-07
7.4830335e-15
1.4468432e-07
8.7898082e-15
1.4468432e-07
1.0348773e-14
1.4468432e-07
1.219912e-14
1.4468432e-07
1.4380637e-14
1.4468432e-07
1.6936016e-14
1.4468432e-07
1.9716564e-14
1.4468432e-07
2.4016374e-14
2.9488356e-14
1.4867236e-07
1.1602949e-09
1.4826695e-07
1.1880462e-09
1.4797443e-07
1.1492427e-09
1.4773331e-07
1.0326765e-09
1.4753422e-07
8.93266e-10
1.4736788e-07
7.556343e-10
1.4720738e-07
6.2452453e-10
1.4703257e-07
5.0991152e-10
1.4684e-07
4.2979378e-10
1.4664027e-07
3.7823696e-10
1.4644801e-07
3.4887777e-10
1.4627382e-07
3.3229215e-10
1.4612262e-07
3.1502864e-10
1.4599608e-07
2.865746e-10
1.4589479e-07
2.4449496e-10
1.4581575e-07
1.9429266e-10
1.4575427e-07
1.4485549e-10
1.4570645e-07
1.0355957e-10
1.4566983e-07
7.3833405e-11
1.4564274e-07
5.5451426e-11
1.4562339e-07
4.5815993e-11
1.4560952e-07
4.1416373e-11
1.4559916e-07
3.899965e-11
1.455909e-07
3.6584348e-11
1.4558387e-07
3.3464696e-11
1.4557761e-07
2.9757938e-11
1.4557196e-07
2.5895332e-11
1.4556687e-07
2.2254511e-11
1.4556234e-07
1.9027018e-11
1.4555835e-07
1.62562e-11
1.4555486e-07
1.3903681e-11
1.4555182e-07
1.1903228e-11
1.4554918e-07
1.0192779e-11
1.455469e-07
8.7256149e-12
1.4554493e-07
7.4673757e-12
1.4554322e-07
6.388644e-12
1.4554175e-07
5.4639618e-12
1.4554048e-07
4.6716446e-12
1.4553938e-07
3.9930584e-12
1.4553844e-07
3.4121758e-12
1.4553763e-07
2.9151823e-12
1.4553693e-07
2.4902496e-12
1.4553633e-07
2.1270746e-12
1.4553581e-07
1.8165979e-12
1.4553537e-07
1.5511888e-12
1.4553499e-07
1.3244324e-12
1.4553466e-07
1.1308095e-12
1.4553437e-07
9.6550799e-13
1.4553413e-07
8.2432037e-13
1.4553392e-07
7.0362071e-13
1.4553374e-07
6.0038284e-13
1.4553359e-07
5.1215012e-13
1.4553346e-07
4.3691121e-13
1.4553334e-07
3.7293529e-13
1.4553324e-07
3.1864068e-13
1.4553316e-07
2.7254572e-13
1.4553308e-07
2.3330234e-13
1.4553302e-07
1.997625e-13
1.4553297e-07
1.710208e-13
1.4553292e-07
1.4640053e-13
1.4553288e-07
1.2538381e-13
1.4553285e-07
1.0752505e-13
1.4553282e-07
9.2391139e-14
1.4553279e-07
7.9552474e-14
1.4553277e-07
6.8616278e-14
1.4553275e-07
5.9271186e-14
1.4553273e-07
5.1310301e-14
1.4553272e-07
4.4618124e-14
1.455327e-07
3.9127758e-14
1.4553269e-07
3.4766278e-14
1.4553268e-07
3.1410849e-14
1.4553268e-07
2.8875086e-14
1.4553267e-07
2.6929646e-14
1.4553267e-07
2.5344419e-14
1.4553266e-07
2.3932894e-14
1.4553266e-07
2.2579781e-14
1.4553266e-07
2.1243744e-14
1.4553265e-07
1.9938897e-14
1.4553265e-07
1.8705103e-14
1.4553265e-07
1.7578292e-14
1.4553265e-07
1.6569433e-14
1.4553265e-07
1.5656928e-14
1.4553265e-07
1.4793385e-14
1.4553265e-07
1.3920948e-14
1.4553265e-07
1.2985704e-14
1.4553265e-07
1.194909e-14
1.4553265e-07
1.0797986e-14
1.4553265e-07
9.5464163e-15
1.4553265e-07
8.2269681e-15
1.4553265e-07
6.8803312e-15
1.4553265e-07
5.5476464e-15
1.4553265e-07
4.2649992e-15
1.4553265e-07
3.0585526e-15
1.4553265e-07
1.939899e-15
1.4553265e-07
9.0201843e-16
1.4553265e-07
-8.3427106e-17
1.4553265e-07
-1.0547e-15
1.4553265e-07
-2.0658319e-15
1.4553265e-07
-3.158736e-15
1.4553265e-07
-4.3565271e-15
1.4553264e-07
-5.6542505e-15
1.4553264e-07
-7.0171748e-15
1.4553264e-07
-8.3858541e-15
1.4553264e-07
-9.6839065e-15
1.4553264e-07
-1.082354e-14
1.4553263e-07
-1.1716417e-14
1.4553263e-07
-1.2295393e-14
1.4553263e-07
-1.2531888e-14
1.4553263e-07
-1.2416112e-14
1.4553262e-07
-1.1956598e-14
1.4553262e-07
-1.1199037e-14
1.4553262e-07
-1.0221605e-14
1.4553262e-07
-9.1202293e-15
1.4553262e-07
-7.995088e-15
1.4553262e-07
-6.9375576e-15
1.4553262e-07
-6.0197704e-15
1.4553262e-07
-5.2922764e-15
1.4553262e-07
-4.7868177e-15
1.4553262e-07
-4.5177921e-15
1.4553262e-07
-4.4841283e-15
1.4553262e-07
-4.6763558e-15
1.4553262e-07
-5.0817652e-15
1.4553262e-07
-5.6835278e-15
1.4553262e-07
-6.4605387e-15
1.4553262e-07
-7.388667e-15
1.4553262e-07
-8.4416904e-15
1.4553262e-07
-9.5920151e-15
1.4553262e-07
-1.0811099e-14
1.4553262e-07
-1.2069755e-14
1.4553262e-07
-1.3337682e-14
1.4553262e-07
-1.4582363e-14
1.4553261e-07
-1.5770394e-14
1.4553261e-07
-1.686991e-14
1.4553261e-07
-1.7853112e-14
1.4553261e-07
-1.8698e-14
1.455326e-07
-1.9388565e-14
1.455326e-07
-1.9916295e-14
1.455326e-07
-2.0274216e-14
1.455326e-07
-2.0458647e-14
1.4553259e-07
-2.0477878e-14
1.4553259e-07
-2.0344968e-14
1.4553259e-07
-2.0073061e-14
1.4553258e-07
-1.9675649e-14
1.4553258e-07
-1.9166886e-14
1.4553258e-07
-1.8561783e-14
1.4553258e-07
-1.787358e-14
1.4553258e-07
-1.7116536e-14
1.4553257e-07
-1.6305399e-14
1.4553257e-07
-1.5454635e-14
1.4553257e-07
-1.4577451e-14
1.4553257e-07
-1.3685001e-14
1.4553257e-07
-1.2786041e-14
1.4553257e-07
-1.188707e-14
1.4553257e-07
-1.0992857e-14
1.4553257e-07
-1.0107198e-14
1.4553257e-07
-9.2337187e-15
1.4553256e-07
-8.3765023e-15
1.4553256e-07
-7.5404102e-15
1.4553256e-07
-6.7310389e-15
1.4553256e-07
-5.9543993e-15
1.4553256e-07
-5.216469e-15
1.4553256e-07
-4.5227447e-15
1.4553256e-07
-3.8777754e-15
1.4553256e-07
-3.2846076e-15
1.4553256e-07
-2.7442193e-15
1.4553256e-07
-2.2551873e-15
1.4553256e-07
-1.8138463e-15
1.4553256e-07
-1.4149775e-15
1.4553256e-07
-1.0527213e-15
1.4553256e-07
-7.2136108e-16
1.4553256e-07
-4.1591341e-16
1.4553256e-07
-1.3241658e-16
1.4553256e-07
1.3197866e-16
1.4553256e-07
3.7947624e-16
1.4553256e-07
6.1218461e-16
1.4553256e-07
8.3233939e-16
1.4553256e-07
1.0429153e-15
1.4553257e-07
1.2481818e-15
1.4553257e-07
1.4534435e-15
1.4553257e-07
1.6644677e-15
1.4553257e-07
1.8872972e-15
1.4553256e-07
2.1283666e-15
1.4553256e-07
2.3946691e-15
1.4553256e-07
2.6935854e-15
1.4553256e-07
3.0334038e-15
1.4553256e-07
3.4247925e-15
1.4553256e-07
3.8803793e-15
1.4553256e-07
4.4134392e-15
1.4553256e-07
5.0400336e-15
1.4553256e-07
5.7789623e-15
1.4553256e-07
6.6476869e-15
1.4553256e-07
7.6643883e-15
1.4553256e-07
8.8481529e-15
1.4553256e-07
1.0216448e-14
1.4553256e-07
1.1784536e-14
1.4553256e-07
1.3568368e-14
1.4553257e-07
1.5575885e-14
1.4553257e-07
1.7790139e-14
1.4553257e-07
2.0569752e-14
2.3362801e-14
1.4868606e-07
1.7599978e-09
1.482556e-07
1.6185062e-09
1.479357e-07
1.4691449e-09
1.4767216e-07
1.296222e-09
1.4744492e-07
1.1204985e-09
1.4724024e-07
9.6032106e-10
1.4704146e-07
8.2330222e-10
1.4683902e-07
7.1235052e-10
1.4664085e-07
6.2796415e-10
1.4645457e-07
5.6451161e-10
1.4628971e-07
5.1374123e-10
1.4615479e-07
4.6720998e-10
1.4605204e-07
4.177853e-10
1.4597645e-07
3.6216473e-10
1.4591962e-07
3.0132417e-10
1.4587422e-07
2.3968664e-10
1.4583592e-07
1.8315634e-10
1.4580298e-07
1.365018e-10
1.4577493e-07
1.0188791e-10
1.457517e-07
7.8672148e-11
1.4573331e-07
6.4206686e-11
1.4571944e-07
5.5287715e-11
1.4570919e-07
4.9257429e-11
1.4570143e-07
4.4335001e-11
1.4569526e-07
3.9637152e-11
1.4569007e-07
3.495284e-11
1.4568554e-07
3.0420654e-11
1.4568155e-07
2.6245628e-11
1.4567803e-07
2.254734e-11
1.4567494e-07
1.9345377e-11
1.4567225e-07
1.6598607e-11
1.4566991e-07
1.4242556e-11
1.4566788e-07
1.2215588e-11
1.4566614e-07
1.0474206e-11
1.4566462e-07
8.981238e-12
1.4566331e-07
7.6984096e-12
1.4566218e-07
6.5956943e-12
1.456612e-07
5.6488083e-12
1.4566036e-07
4.8363171e-12
1.4565963e-07
4.1395329e-12
1.4565901e-07
3.5421242e-12
1.4565846e-07
3.0309559e-12
1.45658e-07
2.5939393e-12
1.4565759e-07
2.2195544e-12
1.4565725e-07
1.8988107e-12
1.4565695e-07
1.6241992e-12
1.4565669e-07
1.3891908e-12
1.4565647e-07
1.188224e-12
1.4565627e-07
1.0163934e-12
1.4565611e-07
8.6938558e-13
1.4565597e-07
7.4354636e-13
1.4565584e-07
6.3585864e-13
1.4565573e-07
5.4381116e-13
1.4565564e-07
4.6525674e-13
1.4565556e-07
3.9829701e-13
1.4565549e-07
3.4122265e-13
1.4565543e-07
2.9252103e-13
1.4565538e-07
2.5088313e-13
1.4565534e-07
2.1521588e-13
1.456553e-07
1.8465589e-13
1.4565527e-07
1.5851644e-13
1.4565524e-07
1.3621726e-13
1.4565521e-07
1.1722948e-13
1.4565519e-07
1.0105754e-13
1.4565517e-07
8.7254526e-14
1.4565516e-07
7.5449906e-14
1.4565514e-07
6.5365519e-14
1.4565513e-07
5.6807301e-14
1.4565512e-07
4.9634888e-14
1.4565511e-07
4.3721887e-14
1.4565511e-07
3.8922934e-14
1.456551e-07
3.5059847e-14
1.4565509e-07
3.1929813e-14
1.4565509e-07
2.9329312e-14
1.4565509e-07
2.7082792e-14
1.4565508e-07
2.5064243e-14
1.4565508e-07
2.320374e-14
1.4565508e-07
2.1478315e-14
1.4565508e-07
1.9892555e-14
1.4565508e-07
1.8456767e-14
1.4565508e-07
1.7169711e-14
1.4565508e-07
1.6010301e-14
1.4565508e-07
1.4939416e-14
1.4565508e-07
1.3908937e-14
1.4565508e-07
1.2872633e-14
1.4565508e-07
1.1795428e-14
1.4565508e-07
1.065944e-14
1.4565508e-07
9.4647326e-15
1.4565508e-07
8.2255109e-15
1.4565508e-07
6.9652856e-15
1.4565508e-07
5.7125382e-15
1.4565508e-07
4.4963477e-15
1.4565508e-07
3.3413348e-15
1.4565508e-07
2.2622038e-15
1.4565508e-07
1.2592472e-15
1.4565508e-07
3.1635163e-16
1.4565508e-07
-5.9233828e-16
1.4565508e-07
-1.50524e-15
1.4565507e-07
-2.4541765e-15
1.4565507e-07
-3.4582502e-15
1.4565507e-07
-4.5182698e-15
1.4565507e-07
-5.6148999e-15
1.4565507e-07
-6.7109168e-15
1.4565507e-07
-7.7559903e-15
1.4565507e-07
-8.6915628e-15
1.4565506e-07
-9.4568147e-15
1.4565506e-07
-9.9993237e-15
1.4565506e-07
-1.0286187e-14
1.4565506e-07
-1.0303371e-14
1.4565505e-07
-1.0055941e-14
1.4565505e-07
-9.574394e-15
1.4565505e-07
-8.9128297e-15
1.4565505e-07
-8.1402546e-15
1.4565505e-07
-7.3308086e-15
1.4565505e-07
-6.5544552e-15
1.4565505e-07
-5.8693687e-15
1.4565505e-07
-5.3182932e-15
1.4565505e-07
-4.9289793e-15
1.4565505e-07
-4.7164053e-15
1.4565505e-07
-4.6853379e-15
1.4565505e-07
-4.8334384e-15
1.4565505e-07
-5.1535383e-15
1.4565505e-07
-5.6339304e-15
1.4565505e-07
-6.2583442e-15
1.4565505e-07
-7.006872e-15
1.4565505e-07
-7.8574497e-15
1.4565505e-07
-8.787232e-15
1.4565505e-07
-9.7733429e-15
1.4565505e-07
-1.0792846e-14
1.4565504e-07
-1.1822164e-14
1.4565504e-07
-1.2836555e-14
1.4565504e-07
-1.381056e-14
1.4565504e-07
-1.4719366e-14
1.4565504e-07
-1.5540442e-14
1.4565503e-07
-1.6254872e-14
1.4565503e-07
-1.6848019e-14
1.4565503e-07
-1.7309844e-14
1.4565503e-07
-1.763365e-14
1.4565502e-07
-1.7816365e-14
1.4565502e-07
-1.7861235e-14
1.4565502e-07
-1.7775928e-14
1.4565502e-07
-1.7570198e-14
1.4565501e-07
-1.7255294e-14
1.4565501e-07
-1.6843359e-14
1.4565501e-07
-1.6346662e-14
1.4565501e-07
-1.5776965e-14
1.45655e-07
-1.5145923e-14
1.45655e-07
-1.446545e-14
1.45655e-07
-1.3747346e-14
1.45655e-07
-1.3002713e-14
1.45655e-07
-1.2241348e-14
1.45655e-07
-1.1471293e-14
1.45655e-07
-1.0698701e-14
1.4565499e-07
-9.9280738e-15
1.4565499e-07
-9.1628032e-15
1.4565499e-07
-8.4058976e-15
1.4565499e-07
-7.6606814e-15
1.4565499e-07
-6.9312378e-15
1.4565499e-07
-6.2224496e-15
1.4565499e-07
-5.5396864e-15
1.4565499e-07
-4.888316e-15
1.4565499e-07
-4.273186e-15
1.4565499e-07
-3.6981173e-15
1.4565499e-07
-3.1654176e-15
1.4565499e-07
-2.6755216e-15
1.4565499e-07
-2.2269391e-15
1.4565499e-07
-1.8166124e-15
1.4565499e-07
-1.4405726e-15
1.4565499e-07
-1.0946343e-15
1.4565499e-07
-7.7491498e-16
1.4565499e-07
-4.7811003e-16
1.4565499e-07
-2.0149651e-16
1.4565499e-07
5.7262495e-17
1.4565499e-07
3.0042914e-16
1.4565499e-07
5.3060635e-16
1.4565499e-07
7.5100654e-16
1.4565499e-07
9.6563825e-16
1.4565499e-07
1.1792867e-15
1.4565499e-07
1.3970799e-15
1.4565499e-07
1.6241232e-15
1.4565499e-07
1.8655625e-15
1.4565499e-07
2.1265434e-15
1.4565499e-07
2.412039e-15
1.4565499e-07
2.7273359e-15
1.4565499e-07
3.0790485e-15
1.4565499e-07
3.4756822e-15
1.4565499e-07
3.9276153e-15
1.4565499e-07
4.4463407e-15
1.4565499e-07
5.0437046e-15
1.4565499e-07
5.7318435e-15
1.4565499e-07
6.5215773e-15
1.4565499e-07
7.4228413e-15
1.4565499e-07
8.443506e-15
1.4565499e-07
9.5887359e-15
1.4565499e-07
1.0860892e-14
1.4565499e-07
1.2258986e-14
1.45655e-07
1.3776287e-14
1.45655e-07
1.5398847e-14
1.45655e-07
1.7179582e-14
1.861634e-14
1.4823864e-07
2.2852291e-09
1.4783297e-07
2.0241749e-09
1.4751804e-07
1.7840799e-09
1.4725946e-07
1.5548012e-09
1.470354e-07
1.3445593e-09
1.4683302e-07
1.1626941e-09
1.4664457e-07
1.0117572e-09
1.4646846e-07
8.8846312e-10
1.4630953e-07
7.868866e-10
1.4617395e-07
7.0009918e-10
1.4606598e-07
6.2170445e-10
1.4598595e-07
5.4723972e-10
1.4592956e-07
4.7418122e-10
1.4588979e-07
4.0192769e-10
1.4585946e-07
3.3166217e-10
1.458332e-07
2.659417e-10
1.4580847e-07
2.0788457e-10
1.4578497e-07
1.6000823e-10
1.4576354e-07
1.2331176e-10
1.4574519e-07
9.7026558e-11
1.4573032e-07
7.9077603e-11
1.4571874e-07
6.6863608e-11
1.4570996e-07
5.804153e-11
1.4570333e-07
5.096541e-11
1.4569822e-07
4.4740591e-11
1.4569414e-07
3.9034202e-11
1.4569075e-07
3.3814376e-11
1.4568786e-07
2.9138499e-11
1.4568536e-07
2.503876e-11
1.4568321e-07
2.1494699e-11
1.4568136e-07
1.8450414e-11
1.4567977e-07
1.5838591e-11
1.4567839e-07
1.3592904e-11
1.4567721e-07
1.1656554e-11
1.456762e-07
9.9887136e-12
1.4567534e-07
8.5570289e-12
1.4567461e-07
7.3299443e-12
1.4567398e-07
6.279051e-12
1.4567343e-07
5.3792691e-12
1.4567297e-07
4.6080598e-12
1.4567256e-07
3.946252e-12
1.4567221e-07
3.3791138e-12
1.4567191e-07
2.8940654e-12
1.4567165e-07
2.4790814e-12
1.4567143e-07
2.1237037e-12
1.4567123e-07
1.8189271e-12
1.4567107e-07
1.5576918e-12
1.4567092e-07
1.3342782e-12
1.4567079e-07
1.1430834e-12
1.4567068e-07
9.7927606e-13
1.4567059e-07
8.3888143e-13
1.456705e-07
7.1861178e-13
1.4567043e-07
6.1566715e-13
1.4567037e-07
5.2763642e-13
1.4567032e-07
4.523994e-13
1.4567027e-07
3.8807059e-13
1.4567023e-07
3.3309983e-13
1.4567019e-07
2.8610373e-13
1.4567016e-07
2.4582328e-13
1.4567014e-07
2.1128689e-13
1.4567011e-07
1.8170226e-13
1.4567009e-07
1.5640459e-13
1.4567008e-07
1.3480182e-13
1.4567006e-07
1.1635474e-13
1.4567005e-07
1.00584e-13
1.4567004e-07
8.7084389e-14
1.4567002e-07
7.55322e-14
1.4567002e-07
6.5678595e-14
1.4567001e-07
5.7329213e-14
1.4567e-07
5.031707e-14
1.4567e-07
4.4478805e-14
1.4566999e-07
3.9642448e-14
1.4566999e-07
3.5627758e-14
1.4566999e-07
3.2255514e-14
1.4566998e-07
2.9364662e-14
1.4566998e-07
2.68289e-14
1.4566998e-07
2.4563029e-14
1.4566998e-07
2.2518959e-14
1.4566998e-07
2.0673735e-14
1.4566998e-07
1.9014673e-14
1.4566998e-07
1.7526679e-14
1.4566998e-07
1.6185438e-14
1.4566998e-07
1.4957284e-14
1.4566998e-07
1.3803861e-14
1.4566998e-07
1.2688318e-14
1.4566998e-07
1.1580526e-14
1.4566998e-07
1.0460426e-14
1.4566998e-07
9.3192221e-15
1.4566998e-07
8.1587412e-15
1.4566998e-07
6.9897028e-15
1.4566998e-07
5.8293218e-15
1.4566998e-07
4.6980466e-15
1.4566998e-07
3.6152905e-15
1.4566998e-07
2.5946327e-15
1.4566998e-07
1.639714e-15
1.4566998e-07
7.4245824e-16
1.4566998e-07
-1.1432388e-16
1.4566997e-07
-9.5353415e-16
1.4566997e-07
-1.7980309e-15
1.4566997e-07
-2.6617609e-15
1.4566997e-07
-3.5483093e-15
1.4566997e-07
-4.4483327e-15
1.4566997e-07
-5.3396996e-15
1.4566997e-07
-6.1896191e-15
1.4566997e-07
-6.9580339e-15
1.4566996e-07
-7.6022977e-15
1.4566996e-07
-8.083744e-15
1.4566996e-07
-8.3744744e-15
1.4566996e-07
-8.4609749e-15
1.4566996e-07
-8.346097e-15
1.4566996e-07
-8.0510655e-15
1.4566995e-07
-7.6143331e-15
1.4566995e-07
-7.0860811e-15
1.4566995e-07
-6.5207116e-15
1.4566995e-07
-5.9697304e-15
1.4566995e-07
-5.4765662e-15
1.4566995e-07
-5.074369e-15
1.4566995e-07
-4.7864428e-15
1.4566995e-07
-4.627753e-15
1.4566995e-07
-4.6064029e-15
1.4566995e-07
-4.7248376e-15
1.4566995e-07
-4.9805874e-15
1.4566995e-07
-5.3663331e-15
1.4566995e-07
-5.8699736e-15
1.4566995e-07
-6.4755653e-15
1.4566995e-07
-7.1649642e-15
1.4566995e-07
-7.9193317e-15
1.4566995e-07
-8.7199205e-15
1.4566995e-07
-9.5480678e-15
1.4566994e-07
-1.0384797e-14
1.4566994e-07
-1.1210585e-14
1.4566994e-07
-1.2005684e-14
1.4566994e-07
-1.2750969e-14
1.4566994e-07
-1.3428914e-14
1.4566993e-07
-1.4024323e-14
1.4566993e-07
-1.4524716e-14
1.4566993e-07
-1.4920542e-14
1.4566993e-07
-1.520514e-14
1.4566993e-07
-1.5375017e-14
1.4566992e-07
-1.5430695e-14
1.4566992e-07
-1.5376698e-14
1.4566992e-07
-1.5220501e-14
1.4566992e-07
-1.4971347e-14
1.4566991e-07
-1.4639194e-14
1.4566991e-07
-1.4233972e-14
1.4566991e-07
-1.3765283e-14
1.4566991e-07
-1.3242589e-14
1.4566991e-07
-1.2675517e-14
1.456699e-07
-1.2073796e-14
1.456699e-07
-1.1446862e-14
1.456699e-07
-1.0803297e-14
1.456699e-07
-1.0150275e-14
1.456699e-07
-9.4933031e-15
1.456699e-07
-8.8363429e-15
1.456699e-07
-8.1822561e-15
1.456699e-07
-7.533491e-15
1.4566989e-07
-6.8928178e-15
1.4566989e-07
-6.2637779e-15
1.4566989e-07
-5.6506621e-15
1.4566989e-07
-5.0581307e-15
1.4566989e-07
-4.49071e-15
1.4566989e-07
-3.9523002e-15
1.4566989e-07
-3.4457374e-15
1.4566989e-07
-2.9724652e-15
1.4566989e-07
-2.5324355e-15
1.4566989e-07
-2.1243243e-15
1.4566989e-07
-1.7459923e-15
1.4566989e-07
-1.3949926e-15
1.4566989e-07
-1.0689476e-15
1.4566989e-07
-7.6573852e-16
1.4566989e-07
-4.8350634e-16
1.4566989e-07
-2.2045987e-16
1.4566989e-07
2.5439143e-17
1.4566989e-07
2.5667382e-16
1.4566989e-07
4.7638178e-16
1.4566989e-07
6.8853625e-16
1.4566989e-07
8.9790445e-16
1.4566989e-07
1.1094862e-15
1.4566989e-07
1.3277668e-15
1.4566989e-07
1.5567332e-15
1.4566989e-07
1.8003523e-15
1.4566989e-07
2.0622175e-15
1.4566989e-07
2.3453424e-15
1.4566989e-07
2.6538626e-15
1.4566989e-07
2.9938951e-15
1.4566989e-07
3.3717997e-15
1.4566989e-07
3.7951065e-15
1.4566989e-07
4.2739936e-15
1.4566989e-07
4.817262e-15
1.4566989e-07
5.4318968e-15
1.4566989e-07
6.12387e-15
1.4566989e-07
6.8959253e-15
1.4566989e-07
7.749389e-15
1.456699e-07
8.6822941e-15
1.456699e-07
9.6907964e-15
1.456699e-07
1.0762992e-14
1.456699e-07
1.1892816e-14
1.456699e-07
1.3052413e-14
1.4566991e-07
1.4195576e-14
1.501819e-14
1.476271e-07
2.7398867e-09
1.4726518e-07
2.3861025e-09
1.469785e-07
2.0707547e-09
1.4674352e-07
1.7897876e-09
1.465429e-07
1.5451716e-09
1.4636797e-07
1.3376266e-09
1.4621612e-07
1.1636098e-09
1.4608813e-07
1.0164501e-09
1.4598585e-07
8.8916977e-10
1.4590965e-07
7.7629651e-10
1.458571e-07
6.7425273e-10
1.4582341e-07
5.8092768e-10
1.4580261e-07
4.9498091e-10
1.4578892e-07
4.1561816e-10
1.4577782e-07
3.4276687e-10
1.4576658e-07
2.7717922e-10
1.457543e-07
2.2016655e-10
1.4574136e-07
1.7294959e-10
1.4572872e-07
1.3594712e-10
1.4571733e-07
1.0842257e-10
1.4570775e-07
8.8654878e-11
1.4570014e-07
7.4472952e-11
1.4569433e-07
6.3856646e-11
1.4568997e-07
5.5325061e-11
1.4568669e-07
4.8016684e-11
1.4568418e-07
4.1548451e-11
1.4568219e-07
3.5803311e-11
1.4568057e-07
3.075631e-11
1.4567923e-07
2.6379902e-11
1.456781e-07
2.2617751e-11
1.4567716e-07
1.9394517e-11
1.4567637e-07
1.6632673e-11
1.456757e-07
1.4263146e-11
1.4567512e-07
1.2228365e-11
1.4567463e-07
1.0480639e-11
1.4567421e-07
8.9805663e-12
1.4567384e-07
7.6947239e-12
1.4567353e-07
6.5937338e-12
1.4567326e-07
5.6492022e-12
1.4567303e-07
4.8380066e-12
1.4567283e-07
4.1432884e-12
1.4567266e-07
3.5494745e-12
1.4567251e-07
3.0418704e-12
1.4567239e-07
2.6070854e-12
1.4567228e-07
2.2345579e-12
1.4567218e-07
1.9154044e-12
1.4567209e-07
1.6416266e-12
1.4567202e-07
1.4066479e-12
1.4567196e-07
1.2053525e-12
1.4567191e-07
1.0330801e-12
1.4567186e-07
8.8563014e-13
1.4567182e-07
7.5938267e-13
1.4567178e-07
6.5130022e-13
1.4567175e-07
5.5884076e-13
1.4567172e-07
4.7975236e-13
1.456717e-07
4.1198471e-13
1.4567168e-07
3.5395154e-13
1.4567166e-07
3.043175e-13
1.4567165e-07
2.6180403e-13
1.4567163e-07
2.2534973e-13
1.4567162e-07
1.9409115e-13
1.4567161e-07
1.6732603e-13
1.456716e-07
1.4442217e-13
1.4567159e-07
1.2482088e-13
1.4567158e-07
1.0803669e-13
1.4567158e-07
9.3655861e-14
1.4567157e-07
8.1334537e-14
1.4567157e-07
7.0793272e-14
1.4567156e-07
6.1804439e-14
1.4567156e-07
5.4175257e-14
1.4567155e-07
4.7730353e-14
1.4567155e-07
4.2305485e-14
1.4567155e-07
3.7744529e-14
1.4567155e-07
3.3887482e-14
1.4567155e-07
3.0583386e-14
1.4567155e-07
2.7710887e-14
1.4567154e-07
2.5179888e-14
1.4567154e-07
2.2929833e-14
1.4567154e-07
2.0920661e-14
1.4567154e-07
1.9123713e-14
1.4567154e-07
1.7513708e-14
1.4567154e-07
1.606395e-14
1.4567154e-07
1.4744799e-14
1.4567154e-07
1.3524892e-14
1.4567154e-07
1.2373815e-14
1.4567154e-07
1.1264769e-14
1.4567155e-07
1.0176676e-14
1.4567155e-07
9.0956057e-15
1.4567155e-07
8.0155447e-15
1.4567155e-07
6.9382261e-15
1.4567155e-07
5.8719904e-15
1.4567155e-07
4.8298348e-15
1.4567155e-07
3.8261253e-15
1.4567155e-07
2.872619e-15
1.4567154e-07
1.9751212e-15
1.4567154e-07
1.1316705e-15
1.4567154e-07
3.3287202e-16
1.4567154e-07
-4.3500588e-16
1.4567154e-07
-1.1882033e-15
1.4567154e-07
-1.9379657e-15
1.4567154e-07
-2.6894295e-15
1.4567154e-07
-3.4385958e-15
1.4567154e-07
-4.1719264e-15
1.4567154e-07
-4.8675771e-15
1.4567154e-07
-5.4979496e-15
1.4567153e-07
-6.0332528e-15
1.4567153e-07
-6.4459495e-15
1.4567153e-07
-6.7154632e-15
1.4567153e-07
-6.8318483e-15
1.4567153e-07
-6.7979053e-15
1.4567153e-07
-6.6298406e-15
1.4567153e-07
-6.3556978e-15
1.4567152e-07
-6.0111574e-15
1.4567152e-07
-5.6343808e-15
1.4567152e-07
-5.2614163e-15
1.4567152e-07
-4.9229172e-15
1.4567152e-07
-4.6433518e-15
1.4567152e-07
-4.4415748e-15
1.4567152e-07
-4.3315997e-15
1.4567152e-07
-4.3231227e-15
1.4567152e-07
-4.4216096e-15
1.4567152e-07
-4.6281143e-15
1.4567152e-07
-4.9390121e-15
1.4567152e-07
-5.3458991e-15
1.4567152e-07
-5.8364075e-15
1.4567152e-07
-6.3958355e-15
1.4567152e-07
-7.008486e-15
1.4567152e-07
-7.6584874e-15
1.4567151e-07
-8.3300359e-15
1.4567151e-07
-9.007386e-15
1.4567151e-07
-9.6749528e-15
1.4567151e-07
-1.031766e-14
1.4567151e-07
-1.0921383e-14
1.4567151e-07
-1.1473276e-14
1.456715e-07
-1.1961897e-14
1.456715e-07
-1.2377188e-14
1.456715e-07
-1.2710604e-14
1.456715e-07
-1.2955492e-14
1.456715e-07
-1.3107722e-14
1.4567149e-07
-1.3166417e-14
1.4567149e-07
-1.313423e-14
1.4567149e-07
-1.3016728e-14
1.4567149e-07
-1.2821257e-14
1.4567148e-07
-1.2555843e-14
1.4567148e-07
-1.2228507e-14
1.4567148e-07
-1.1847009e-14
1.4567148e-07
-1.1418927e-14
1.4567148e-07
-1.0951897e-14
1.4567148e-07
-1.0453706e-14
1.4567147e-07
-9.9321986e-15
1.4567147e-07
-9.3948448e-15
1.4567147e-07
-8.8478594e-15
1.4567147e-07
-8.2959833e-15
1.4567147e-07
-7.7426529e-15
1.4567147e-07
-7.1903446e-15
1.4567147e-07
-6.6411541e-15
1.4567147e-07
-6.0974858e-15
1.4567147e-07
-5.5624084e-15
1.4567146e-07
-5.0395024e-15
1.4567146e-07
-4.5324477e-15
1.4567146e-07
-4.0446298e-15
1.4567146e-07
-3.5788145e-15
1.4567146e-07
-3.1368768e-15
1.4567146e-07
-2.7196688e-15
1.4567146e-07
-2.3271312e-15
1.4567146e-07
-1.9586225e-15
1.4567146e-07
-1.6132782e-15
1.4567146e-07
-1.2902271e-15
1.4567146e-07
-9.8865488e-16
1.4567146e-07
-7.0776292e-16
1.4567146e-07
-4.4661447e-16
1.4567146e-07
-2.0387049e-16
1.4567146e-07
2.2495216e-17
1.4567146e-07
2.3524686e-16
1.4567146e-07
4.3798376e-16
1.4567146e-07
6.3519023e-16
1.4567146e-07
8.3188024e-16
1.4567146e-07
1.0327611e-15
1.4567146e-07
1.2415582e-15
1.4567146e-07
1.4611582e-15
1.4567146e-07
1.6939516e-15
1.4567146e-07
1.9416766e-15
1.4567146e-07
2.2058886e-15
1.4567146e-07
2.4898018e-15
1.4567146e-07
2.7989984e-15
1.4567146e-07
3.1397166e-15
1.4567146e-07
3.5186698e-15
1.4567146e-07
3.9438212e-15
1.4567146e-07
4.4207566e-15
1.4567146e-07
4.9529561e-15
1.4567147e-07
5.5433736e-15
1.4567147e-07
6.1901819e-15
1.4567147e-07
6.8897736e-15
1.4567147e-07
7.6365588e-15
1.4567147e-07
8.4241177e-15
1.4567147e-07
9.2347739e-15
1.4567147e-07
1.0046299e-14
1.4567147e-07
1.0937231e-14
1.4567148e-07
1.1780655e-14
1.2245171e-14
1.468277e-07
3.1180771e-09
1.465305e-07
2.683304e-09
1.4629921e-07
2.3020428e-09
1.4611718e-07
1.9718164e-09
1.4597284e-07
1.6895163e-09
1.4586029e-07
1.4501741e-09
1.4577673e-07
1.2471738e-09
1.4571971e-07
1.0734727e-09
1.4568573e-07
9.2314646e-10
1.4567e-07
7.9202238e-10
1.4566701e-07
6.7724279e-10
1.4567145e-07
5.7648995e-10
1.4567889e-07
4.8754156e-10
1.4568611e-07
4.0839582e-10
1.4569117e-07
3.3770876e-10
1.4569327e-07
2.7507933e-10
1.4569254e-07
2.2089514e-10
1.4568972e-07
1.7576826e-10
1.456858e-07
1.3986719e-10
1.4568171e-07
1.1252035e-10
1.4567809e-07
9.2271029e-11
1.4567528e-07
7.7279646e-11
1.4567333e-07
6.5808564e-11
1.4567211e-07
5.6550166e-11
1.4567141e-07
4.870841e-11
1.4567107e-07
4.1892217e-11
1.4567093e-07
3.5941313e-11
1.4567091e-07
3.0781374e-11
1.4567094e-07
2.6345668e-11
1.4567101e-07
2.2553181e-11
1.4567109e-07
1.9315415e-11
1.4567117e-07
1.654857e-11
1.4567125e-07
1.4180452e-11
1.4567133e-07
1.2151341e-11
1.456714e-07
1.0411895e-11
1.4567146e-07
8.920926e-12
1.4567151e-07
7.6434475e-12
1.4567155e-07
6.5492174e-12
1.4567159e-07
5.611783e-12
1.4567162e-07
4.8083688e-12
1.4567164e-07
4.1200781e-12
1.4567166e-07
3.5307695e-12
1.4567168e-07
3.0263522e-12
1.4567169e-07
2.5944503e-12
1.456717e-07
2.2244909e-12
1.4567171e-07
1.907482e-12
1.4567171e-07
1.6357947e-12
1.4567172e-07
1.4029021e-12
1.4567172e-07
1.2032888e-12
1.4567172e-07
1.0322439e-12
1.4567172e-07
8.8570721e-13
1.4567172e-07
7.6016729e-13
1.4567172e-07
6.526337e-13
1.4567172e-07
5.6058514e-13
1.4567171e-07
4.8177805e-13
1.4567171e-07
4.1417825e-13
1.4567171e-07
3.5619351e-13
1.4567171e-07
3.0652652e-13
1.4567171e-07
2.6397189e-13
1.456717e-07
2.2751917e-13
1.456717e-07
1.9625929e-13
1.456717e-07
1.6942439e-13
1.456717e-07
1.4642016e-13
1.456717e-07
1.2670654e-13
1.4567169e-07
1.0980794e-13
1.4567169e-07
9.5315123e-14
1.4567169e-07
8.2882748e-14
1.4567169e-07
7.2223649e-14
1.4567169e-07
6.3100908e-14
1.4567169e-07
5.5318303e-14
1.4567169e-07
4.8690752e-14
1.4567168e-07
4.3050079e-14
1.4567168e-07
3.8264061e-14
1.4567168e-07
3.4196818e-14
1.4567168e-07
3.0709254e-14
1.4567168e-07
2.7682357e-14
1.4567168e-07
2.5025405e-14
1.4567168e-07
2.2678453e-14
1.4567168e-07
2.0595626e-14
1.4567169e-07
1.874051e-14
1.4567169e-07
1.7083369e-14
1.4567169e-07
1.5597218e-14
1.4567169e-07
1.4254498e-14
1.4567169e-07
1.3027212e-14
1.4567169e-07
1.1887976e-14
1.4567169e-07
1.0811318e-14
1.4567169e-07
9.775393e-15
1.4567169e-07
8.7637675e-15
1.4567169e-07
7.766577e-15
1.4567169e-07
6.7805858e-15
1.4567169e-07
5.8083549e-15
1.4567169e-07
4.858832e-15
1.4567169e-07
3.9442469e-15
1.4567169e-07
3.072932e-15
1.4567169e-07
2.2490671e-15
1.4567169e-07
1.4738763e-15
1.4567169e-07
7.4366896e-16
1.4567169e-07
5.0799756e-17
1.4567169e-07
-6.1672939e-16
1.4567169e-07
-1.2684842e-15
1.4567169e-07
-1.9096684e-15
1.4567168e-07
-2.5386585e-15
1.4567168e-07
-3.1463909e-15
1.4567168e-07
-3.7175756e-15
1.4567168e-07
-4.2328845e-15
1.4567168e-07
-4.6717638e-15
1.4567168e-07
-5.0157217e-15
1.4567168e-07
-5.2516912e-15
1.4567168e-07
-5.3746887e-15
1.4567167e-07
-5.3890892e-15
1.4567167e-07
-5.3082783e-15
1.4567167e-07
-5.1527124e-15
1.4567167e-07
-4.9460587e-15
1.4567167e-07
-4.7136902e-15
1.4567167e-07
-4.4797752e-15
1.4567167e-07
-4.2641435e-15
1.4567167e-07
-4.0838462e-15
1.4567167e-07
-3.9537618e-15
1.4567167e-07
-3.8865486e-15
1.4567167e-07
-3.8922139e-15
1.4567167e-07
-3.9774383e-15
1.4567167e-07
-4.1452228e-15
1.4567166e-07
-4.395103e-15
1.4567166e-07
-4.7217858e-15
1.4567166e-07
-5.1157763e-15
1.4567166e-07
-5.5657378e-15
1.4567166e-07
-6.0589684e-15
1.4567166e-07
-6.5820814e-15
1.4567166e-07
-7.121488e-15
1.4567166e-07
-7.6638492e-15
1.4567166e-07
-8.1966173e-15
1.4567165e-07
-8.7085109e-15
1.4567165e-07
-9.1896504e-15
1.4567165e-07
-9.6313268e-15
1.4567165e-07
-1.002553e-14
1.4567165e-07
-1.0364515e-14
1.4567165e-07
-1.0640859e-14
1.4567164e-07
-1.0848087e-14
1.4567164e-07
-1.0981582e-14
1.4567164e-07
-1.1039489e-14
1.4567164e-07
-1.1023181e-14
1.4567163e-07
-1.0936858e-14
1.4567163e-07
-1.0786436e-14
1.4567163e-07
-1.057841e-14
1.4567163e-07
-1.0319202e-14
1.4567163e-07
-1.001492e-14
1.4567162e-07
-9.6713809e-15
1.4567162e-07
-9.2943209e-15
1.4567162e-07
-8.889228e-15
1.4567162e-07
-8.4627848e-15
1.4567162e-07
-8.0218552e-15
1.4567162e-07
-7.5713462e-15
1.4567162e-07
-7.1151395e-15
1.4567162e-07
-6.6562625e-15
1.4567161e-07
-6.1970356e-15
1.4567161e-07
-5.7394532e-15
1.4567161e-07
-5.285658e-15
1.4567161e-07
-4.8381098e-15
1.4567161e-07
-4.3994152e-15
1.4567161e-07
-3.9720613e-15
1.4567161e-07
-3.5582265e-15
1.4567161e-07
-3.1596669e-15
1.4567161e-07
-2.7776522e-15
1.4567161e-07
-2.4130038e-15
1.4567161e-07
-2.0662532e-15
1.4567161e-07
-1.7378403e-15
1.4567161e-07
-1.4282223e-15
1.4567161e-07
-1.1377822e-15
1.4567161e-07
-8.6669908e-16
1.4567161e-07
-6.1480778e-16
1.4567161e-07
-3.8142256e-16
1.4567161e-07
-1.6518003e-16
1.4567161e-07
3.6084257e-17
1.4567161e-07
2.2537496e-16
1.4567161e-07
4.0665925e-16
1.4567161e-07
5.8457783e-16
1.4567161e-07
7.6360542e-16
1.4567161e-07
9.4736433e-16
1.4567161e-07
1.1385892e-15
1.4567161e-07
1.3391229e-15
1.4567161e-07
1.5496738e-15
1.4567161e-07
1.7706796e-15
1.4567161e-07
2.0039069e-15
1.4567161e-07
2.2522939e-15
1.4567161e-07
2.5197572e-15
1.4567161e-07
2.8125635e-15
1.4567161e-07
3.1377178e-15
1.4567161e-07
3.5013215e-15
1.4567161e-07
3.9076044e-15
1.4567161e-07
4.3571734e-15
1.4567161e-07
4.8490216e-15
1.4567161e-07
5.3799379e-15
1.4567161e-07
5.945823e-15
1.4567162e-07
6.5427474e-15
1.4567162e-07
7.1635889e-15
1.4567162e-07
7.8027064e-15
1.4567162e-07
8.4210964e-15
1.4567162e-07
9.0975997e-15
1.4567162e-07
9.7581391e-15
9.9213158e-15
1.4579226e-07
3.3796556e-09
1.4560662e-07
2.8689435e-09
1.4548119e-07
2.427473e-09
1.4540206e-07
2.0509502e-09
1.4535895e-07
1.7326191e-09
1.4534423e-07
1.4649034e-09
1.4535142e-07
1.2399815e-09
1.453744e-07
1.0504855e-09
1.4540729e-07
8.9025649e-10
1.4544485e-07
7.5446323e-10
1.4548296e-07
6.3913862e-10
1.4551876e-07
5.4069185e-10
1.4555051e-07
4.5578696e-10
1.4557731e-07
3.8160078e-10
1.4559881e-07
3.1620155e-10
1.4561517e-07
2.5872084e-10
1.4562693e-07
2.0913754e-10
1.4563496e-07
1.6774007e-10
1.4564029e-07
1.3453199e-10
1.4564394e-07
1.088766e-10
1.4564669e-07
8.9519249e-11
1.4564907e-07
7.4901726e-11
1.4565132e-07
6.3550951e-11
1.4565353e-07
5.4345453e-11
1.4565565e-07
4.6583933e-11
1.4565764e-07
3.9900188e-11
1.4565946e-07
3.4121568e-11
1.4566109e-07
2.9150831e-11
1.4566254e-07
2.4902497e-11
1.4566381e-07
2.1285154e-11
1.4566491e-07
1.8206546e-11
1.4566588e-07
1.5582582e-11
1.4566672e-07
1.3341966e-11
1.4566744e-07
1.1426088e-11
1.4566807e-07
9.7867159e-12
1.4566861e-07
8.3835703e-12
1.4566907e-07
7.1825268e-12
1.4566946e-07
6.1544062e-12
1.456698e-07
5.2741678e-12
1.4567009e-07
4.5203721e-12
1.4567033e-07
3.8748026e-12
1.4567054e-07
3.321959e-12
1.4567072e-07
2.8485465e-12
1.4567087e-07
2.4431017e-12
1.45671e-07
2.0957801e-12
1.4567111e-07
1.7981704e-12
1.456712e-07
1.5431049e-12
1.4567128e-07
1.324463e-12
1.4567135e-07
1.1370268e-12
1.456714e-07
9.763466e-13
1.4567145e-07
8.3861247e-13
1.4567149e-07
7.2055075e-13
1.4567152e-07
6.1935352e-13
1.4567155e-07
5.3261384e-13
1.4567157e-07
4.5825121e-13
1.4567159e-07
3.9446768e-13
1.4567161e-07
3.3974706e-13
1.4567162e-07
2.9280953e-13
1.4567164e-07
2.5254738e-13
1.4567165e-07
2.1800437e-13
1.4567165e-07
1.8835884e-13
1.4567166e-07
1.6290568e-13
1.4567167e-07
1.4105086e-13
1.4567167e-07
1.2228478e-13
1.4567167e-07
1.0616813e-13
1.4567168e-07
9.2322903e-14
1.4567168e-07
8.0426939e-14
1.4567168e-07
7.0207892e-14
1.4567168e-07
6.143672e-14
1.4567168e-07
5.3922251e-14
1.4567168e-07
4.7495326e-14
1.4567169e-07
4.1999678e-14
1.4567169e-07
3.7295517e-14
1.4567169e-07
3.3256121e-14
1.4567169e-07
2.9767254e-14
1.4567169e-07
2.6734889e-14
1.4567169e-07
2.408411e-14
1.4567169e-07
2.1753118e-14
1.4567169e-07
1.9694071e-14
1.4567169e-07
1.7870464e-14
1.4567169e-07
1.6250726e-14
1.456717e-07
1.4803977e-14
1.456717e-07
1.350174e-14
1.456717e-07
1.2317362e-14
1.456717e-07
1.122577e-14
1.456717e-07
1.0204392e-14
1.456717e-07
9.2341167e-15
1.456717e-07
8.3002572e-15
1.456717e-07
7.3924966e-15
1.456717e-07
6.5051407e-15
1.456717e-07
5.6367442e-15
1.456717e-07
4.7912381e-15
1.456717e-07
3.9757668e-15
1.456717e-07
3.1955506e-15
1.456717e-07
2.4550305e-15
1.456717e-07
1.7580692e-15
1.456717e-07
1.1050854e-15
1.456717e-07
4.9208401e-16
1.456717e-07
-8.9032078e-17
1.456717e-07
-6.4882873e-16
1.456717e-07
-1.1906655e-15
1.456717e-07
-1.7145947e-15
1.4567169e-07
-2.2144142e-15
1.4567169e-07
-2.6791459e-15
1.4567169e-07
-3.0951763e-15
1.4567169e-07
-3.4486785e-15
1.4567169e-07
-3.7281975e-15
1.4567169e-07
-3.9271146e-15
1.4567169e-07
-4.0453011e-15
1.4567169e-07
-4.0892859e-15
1.4567168e-07
-4.0708506e-15
1.4567168e-07
-4.0046895e-15
1.4567168e-07
-3.9055056e-15
1.4567168e-07
-3.7871096e-15
1.4567168e-07
-3.6627807e-15
1.4567168e-07
-3.5449861e-15
1.4567168e-07
-3.4455382e-15
1.4567168e-07
-3.3758836e-15
1.4567168e-07
-3.3466933e-15
1.4567168e-07
-3.3669573e-15
1.4567168e-07
-3.4430699e-15
1.4567168e-07
-3.5784474e-15
1.4567168e-07
-3.7738634e-15
1.4567168e-07
-4.0268965e-15
1.4567167e-07
-4.3320384e-15
1.4567167e-07
-4.6817436e-15
1.4567167e-07
-5.0667085e-15
1.4567167e-07
-5.4762548e-15
1.4567167e-07
-5.8989847e-15
1.4567167e-07
-6.3236793e-15
1.4567167e-07
-6.7402598e-15
1.4567167e-07
-7.1404375e-15
1.4567166e-07
-7.5176908e-15
1.4567166e-07
-7.8665157e-15
1.4567166e-07
-8.1813792e-15
1.4567166e-07
-8.4560185e-15
1.4567166e-07
-8.683522e-15
1.4567165e-07
-8.8572683e-15
1.4567165e-07
-8.9723081e-15
1.4567165e-07
-9.0264944e-15
1.4567165e-07
-9.0208445e-15
1.4567165e-07
-8.9590556e-15
1.4567164e-07
-8.8464004e-15
1.4567164e-07
-8.6884629e-15
1.4567164e-07
-8.4902693e-15
1.4567164e-07
-8.2561396e-15
1.4567164e-07
-7.9900559e-15
1.4567164e-07
-7.6960765e-15
1.4567163e-07
-7.3781931e-15
1.4567163e-07
-7.0406138e-15
1.4567163e-07
-6.688092e-15
1.4567163e-07
-6.3252498e-15
1.4567163e-07
-5.9558773e-15
1.4567163e-07
-5.5829688e-15
1.4567163e-07
-5.2089322e-15
1.4567163e-07
-4.8357295e-15
1.4567163e-07
-4.4650127e-15
1.4567162e-07
-4.098284e-15
1.4567162e-07
-3.7369939e-15
1.4567162e-07
-3.3825326e-15
1.4567162e-07
-3.0361971e-15
1.4567162e-07
-2.6992286e-15
1.4567162e-07
-2.3729192e-15
1.4567162e-07
-2.0587274e-15
1.4567162e-07
-1.7581389e-15
1.4567162e-07
-1.4726458e-15
1.4567162e-07
-1.2036116e-15
1.4567162e-07
-9.5188694e-16
1.4567162e-07
-7.1778227e-16
1.4567162e-07
-5.0104963e-16
1.4567162e-07
-3.0079207e-16
1.4567162e-07
-1.1540525e-16
1.4567162e-07
5.737678e-17
1.4567162e-07
2.2051594e-16
1.4567162e-07
3.7781277e-16
1.4567162e-07
5.3347068e-16
1.4567162e-07
6.9112685e-16
1.4567162e-07
8.5320864e-16
1.4567162e-07
1.02112e-15
1.4567162e-07
1.1954206e-15
1.4567162e-07
1.3755749e-15
1.4567162e-07
1.5610181e-15
1.4567162e-07
1.753557e-15
1.4567162e-07
1.9570556e-15
1.4567162e-07
2.1758165e-15
1.4567162e-07
2.4163581e-15
1.4567162e-07
2.6853571e-15
1.4567162e-07
2.9861114e-15
1.4567162e-07
3.3216837e-15
1.4567162e-07
3.6920443e-15
1.4567163e-07
4.0950753e-15
1.4567163e-07
4.5271626e-15
1.4567163e-07
4.9836003e-15
1.4567163e-07
5.4601502e-15
1.4567163e-07
5.9426417e-15
1.4567163e-07
6.4350817e-15
1.4567163e-07
6.8700493e-15
1.4567163e-07
7.3368466e-15
1.4567164e-07
7.6587868e-15
7.546303e-15
1.4452396e-07
3.4387489e-09
1.4452807e-07
2.8648416e-09
1.4457625e-07
2.3792924e-09
1.4465327e-07
1.97393e-09
1.4474752e-07
1.6383636e-09
1.4484996e-07
1.3624678e-09
1.4495366e-07
1.1362765e-09
1.4505362e-07
9.5053049e-10
1.4514646e-07
7.9740928e-10
1.452303e-07
6.7062548e-10
1.453044e-07
5.6504003e-10
1.453688e-07
4.762882e-10
1.4542393e-07
4.0066483e-10
1.4547028e-07
3.3524241e-10
1.4550844e-07
2.780491e-10
1.4553906e-07
2.281003e-10
1.4556303e-07
1.851632e-10
1.4558147e-07
1.4930159e-10
1.4559561e-07
1.2039574e-10
1.4560663e-07
9.7855739e-11
1.4561552e-07
8.0630361e-11
1.4562297e-07
6.7445031e-11
1.4562942e-07
5.7100382e-11
1.4563509e-07
4.8677845e-11
1.4564008e-07
4.1592063e-11
1.4564446e-07
3.5523852e-11
1.4564827e-07
3.0309223e-11
1.4565158e-07
2.5846784e-11
1.4565443e-07
2.2047918e-11
1.4565689e-07
1.8822947e-11
1.4565901e-07
1.60849e-11
1.4566084e-07
1.3756114e-11
1.4566241e-07
1.1771307e-11
1.4566376e-07
1.0077e-11
1.4566492e-07
8.6292863e-12
1.4566591e-07
7.3915988e-12
1.4566676e-07
6.3330868e-12
1.4566749e-07
5.4275304e-12
1.4566811e-07
4.6525868e-12
1.4566864e-07
3.989215e-12
1.4566909e-07
3.4212085e-12
1.4566948e-07
2.9347713e-12
1.4566981e-07
2.5181283e-12
1.4567009e-07
2.1612009e-12
1.4567033e-07
1.8553607e-12
1.4567054e-07
1.5932313e-12
1.4567071e-07
1.368515e-12
1.4567086e-07
1.175834e-12
1.4567099e-07
1.0105962e-12
1.4567109e-07
8.6887795e-13
1.4567119e-07
7.4732127e-13
1.4567126e-07
6.4304741e-13
1.4567133e-07
5.5358752e-13
1.4567139e-07
4.7682481e-13
1.4567143e-07
4.1094291e-13
1.4567147e-07
3.543836e-13
1.4567151e-07
3.058155e-13
1.4567154e-07
2.6410252e-13
1.4567156e-07
2.2827108e-13
1.4567158e-07
1.9748478e-13
1.456716e-07
1.7102525e-13
1.4567161e-07
1.4827606e-13
1.4567162e-07
1.2871014e-13
1.4567163e-07
1.1187656e-13
1.4567164e-07
9.7389056e-14
1.4567165e-07
8.4916957e-14
1.4567166e-07
7.4178191e-14
1.4567166e-07
6.4932784e-14
1.4567167e-07
5.6976242e-14
1.4567167e-07
5.0132699e-14
1.4567167e-07
4.4247211e-14
1.4567168e-07
3.9182389e-14
1.4567168e-07
3.4816676e-14
1.4567168e-07
3.1042074e-14
1.4567168e-07
2.7764926e-14
1.4567169e-07
2.4906966e-14
1.4567169e-07
2.2405753e-14
1.4567169e-07
2.0210689e-14
1.4567169e-07
1.8279533e-14
1.4567169e-07
1.6575809e-14
1.4567169e-07
1.5066627e-14
1.4567169e-07
1.3721098e-14
1.4567169e-07
1.2510397e-14
1.456717e-07
1.1408531e-14
1.456717e-07
1.0393069e-14
1.456717e-07
9.445668e-15
1.456717e-07
8.552012e-15
1.456717e-07
7.7014252e-15
1.456717e-07
6.8860131e-15
1.456717e-07
6.1002062e-15
1.456717e-07
5.3409962e-15
1.456717e-07
4.6084212e-15
1.456717e-07
3.9051403e-15
1.456717e-07
3.234628e-15
1.456717e-07
2.6001015e-15
1.456717e-07
2.0035599e-15
1.456717e-07
1.4445082e-15
1.456717e-07
9.2021394e-16
1.456717e-07
4.2465424e-16
1.456717e-07
-4.9823057e-17
1.456717e-07
-5.0710604e-16
1.456717e-07
-9.4492326e-16
1.4567169e-07
-1.3583002e-15
1.4567169e-07
-1.73869e-15
1.4567169e-07
-2.0761777e-15
1.4567169e-07
-2.361629e-15
1.4567169e-07
-2.5887979e-15
1.4567169e-07
-2.7558642e-15
1.4567169e-07
-2.8659588e-15
1.4567169e-07
-2.9264473e-15
1.4567169e-07
-2.947198e-15
1.4567169e-07
-2.938519e-15
1.4567168e-07
-2.9095832e-15
1.4567168e-07
-2.8681198e-15
1.4567168e-07
-2.820852e-15
1.4567168e-07
-2.7743687e-15
1.4567168e-07
-2.7357696e-15
1.4567168e-07
-2.7126605e-15
1.4567168e-07
-2.712554e-15
1.4567168e-07
-2.7420804e-15
1.4567168e-07
-2.8064351e-15
1.4567168e-07
-2.9092782e-15
1.4567168e-07
-3.0528491e-15
1.4567168e-07
-3.2377774e-15
1.4567168e-07
-3.4627628e-15
1.4567167e-07
-3.7241771e-15
1.4567167e-07
-4.0158106e-15
1.4567167e-07
-4.329194e-15
1.4567167e-07
-4.654645e-15
1.4567167e-07
-4.9827203e-15
1.4567167e-07
-5.3054617e-15
1.4567167e-07
-5.6169069e-15
1.4567166e-07
-5.9126503e-15
1.4567166e-07
-6.1887177e-15
1.4567166e-07
-6.440382e-15
1.4567166e-07
-6.661659e-15
1.4567166e-07
-6.8458133e-15
1.4567166e-07
-6.9866669e-15
1.4567165e-07
-7.0801131e-15
1.4567165e-07
-7.1251099e-15
1.4567165e-07
-7.1236707e-15
1.4567165e-07
-7.0799197e-15
1.4567165e-07
-6.9987078e-15
1.4567164e-07
-6.8844061e-15
1.4567164e-07
-6.7402905e-15
1.4567164e-07
-6.5686461e-15
1.4567164e-07
-6.3713845e-15
1.4567164e-07
-6.1506871e-15
1.4567164e-07
-5.909312e-15
1.4567164e-07
-5.6506738e-15
1.4567163e-07
-5.3784861e-15
1.4567163e-07
-5.0963944e-15
1.4567163e-07
-4.8076685e-15
1.4567163e-07
-4.5150451e-15
1.4567163e-07
-4.2207123e-15
1.4567163e-07
-3.9263078e-15
1.4567163e-07
-3.6328593e-15
1.4567163e-07
-3.3408618e-15
1.4567163e-07
-3.0505914e-15
1.4567163e-07
-2.7625113e-15
1.4567163e-07
-2.4775781e-15
1.4567162e-07
-2.1973842e-15
1.4567162e-07
-1.9241346e-15
1.4567162e-07
-1.6604567e-15
1.4567162e-07
-1.4090044e-15
1.4567162e-07
-1.1719014e-15
1.4567162e-07
-9.503704e-16
1.4567162e-07
-7.4466166e-16
1.4567162e-07
-5.541523e-16
1.4567162e-07
-3.7769274e-16
1.4567162e-07
-2.1394235e-16
1.4567162e-07
-6.1387391e-17
1.4567162e-07
8.1862593e-17
1.4567162e-07
2.1824631e-16
1.4567162e-07
3.5064895e-16
1.4567162e-07
4.8187428e-16
1.4567162e-07
6.14178e-16
1.4567162e-07
7.4909044e-16
1.4567162e-07
8.8710355e-16
1.4567162e-07
1.0276434e-15
1.4567162e-07
1.1699966e-15
1.4567162e-07
1.3143553e-15
1.4567162e-07
1.4624893e-15
1.4567162e-07
1.6180701e-15
1.4567162e-07
1.7859795e-15
1.4567162e-07
1.9722537e-15
1.4567163e-07
2.1833403e-15
1.4567163e-07
2.4217749e-15
1.4567163e-07
2.6887317e-15
1.4567163e-07
2.983105e-15
1.4567163e-07
3.3008496e-15
1.4567163e-07
3.6372527e-15
1.4567163e-07
3.9874099e-15
1.4567163e-07
4.344891e-15
1.4567163e-07
4.7001102e-15
1.4567163e-07
5.0464877e-15
1.4567164e-07
5.3612063e-15
1.4567164e-07
5.66067e-15
1.4567164e-07
5.8536365e-15
5.6941119e-15
1.4311281e-07
3.1726059e-09
1.4339495e-07
2.5826976e-09
1.4367475e-07
2.099495e-09
1.439401e-07
1.7085824e-09
1.4418389e-07
1.394573e-09
1.4440263e-07
1.1437313e-09
1.445955e-07
9.4340254e-10
1.4476349e-07
7.8254271e-10
1.4490857e-07
6.5232698e-10
1.4503318e-07
5.4601644e-10
1.4513981e-07
4.5841054e-10
1.4523073e-07
3.8536748e-10
1.4530783e-07
3.235663e-10
1.453726e-07
2.7047033e-10
1.4542628e-07
2.2436681e-10
1.4547005e-07
1.8433567e-10
1.4550516e-07
1.5005095e-10
1.4553302e-07
1.2143654e-10
1.4555511e-07
9.8308999e-11
1.455728e-07
8.0163092e-11
1.4558726e-07
6.6173164e-11
1.4559934e-07
5.5362576e-11
1.4560962e-07
4.6818508e-11
1.4561846e-07
3.9839912e-11
1.4562608e-07
3.3974168e-11
1.4563264e-07
2.8966856e-11
1.4563827e-07
2.4679789e-11
1.4564309e-07
2.1022849e-11
1.4564722e-07
1.7917388e-11
1.4565076e-07
1.5286075e-11
1.4565379e-07
1.3055565e-11
1.4565638e-07
1.116112e-11
1.4565861e-07
9.5485828e-12
1.4566051e-07
8.1736482e-12
1.4566214e-07
6.9999765e-12
1.4566353e-07
5.9973598e-12
1.4566472e-07
5.1403872e-12
1.4566574e-07
4.4075415e-12
1.4566662e-07
3.7805534e-12
1.4566736e-07
3.2438969e-12
1.45668e-07
2.7843746e-12
1.4566854e-07
2.390765e-12
1.4566901e-07
2.0535144e-12
1.456694e-07
1.7644743e-12
1.4566974e-07
1.5166849e-12
1.4567003e-07
1.3041993e-12
1.4567028e-07
1.1219367e-12
1.4567049e-07
9.6555583e-13
1.4567067e-07
8.313466e-13
1.4567082e-07
7.1613729e-13
1.4567095e-07
6.1721481e-13
1.4567106e-07
5.3225694e-13
1.4567116e-07
4.5927507e-13
1.4567124e-07
3.9656566e-13
1.456713e-07
3.4266811e-13
1.4567136e-07
2.9632928e-13
1.4567141e-07
2.5647448e-13
1.4567145e-07
2.2218313e-13
1.4567149e-07
1.9266677e-13
1.4567152e-07
1.6724999e-13
1.4567155e-07
1.4535405e-13
1.4567157e-07
1.2648292e-13
1.4567159e-07
1.1021151e-13
1.456716e-07
9.6175472e-14
1.4567161e-07
8.406246e-14
1.4567163e-07
7.3604763e-14
1.4567164e-07
6.4573041e-14
1.4567164e-07
5.6770635e-14
1.4567165e-07
5.0028208e-14
1.4567166e-07
4.4198811e-14
1.4567166e-07
3.9153875e-14
1.4567167e-07
3.4780865e-14
1.4567167e-07
3.0982038e-14
1.4567167e-07
2.7673602e-14
1.4567168e-07
2.4785023e-14
1.4567168e-07
2.2257824e-14
1.4567168e-07
2.004366e-14
1.4567168e-07
1.8101405e-14
1.4567169e-07
1.6394502e-14
1.4567169e-07
1.4889272e-14
1.4567169e-07
1.3554155e-14
1.4567169e-07
1.2359762e-14
1.4567169e-07
1.1279702e-14
1.4567169e-07
1.0291767e-14
1.4567169e-07
9.3786943e-15
1.4567169e-07
8.5279703e-15
1.456717e-07
7.7307409e-15
1.456717e-07
6.9803639e-15
1.456717e-07
6.2710763e-15
1.456717e-07
5.5976425e-15
1.456717e-07
4.9559742e-15
1.456717e-07
4.3439921e-15
1.456717e-07
3.7618247e-15
1.456717e-07
3.2107964e-15
1.456717e-07
2.6919116e-15
1.456717e-07
2.2048053e-15
1.456717e-07
1.7470489e-15
1.456717e-07
1.3143605e-15
1.456717e-07
9.0190977e-16
1.456717e-07
5.0597356e-16
1.456717e-07
1.2609359e-16
1.4567169e-07
-2.3657049e-16
1.4567169e-07
-5.7497909e-16
1.4567169e-07
-8.8274633e-16
1.4567169e-07
-1.1531044e-15
1.4567169e-07
-1.3809514e-15
1.4567169e-07
-1.5641397e-15
1.4567169e-07
-1.7040362e-15
1.4567169e-07
-1.8052997e-15
1.4567169e-07
-1.8748315e-15
1.4567169e-07
-1.9202241e-15
1.4567168e-07
-1.9482928e-15
1.4567168e-07
-1.964248e-15
1.4567168e-07
-1.9717663e-15
1.4567168e-07
-1.9737231e-15
1.4567168e-07
-1.9731061e-15
1.4567168e-07
-1.9735825e-15
1.4567168e-07
-1.9794709e-15
1.4567168e-07
-1.9953155e-15
1.4567168e-07
-2.0254872e-15
1.4567168e-07
-2.0740745e-15
1.4567168e-07
-2.1450048e-15
1.4567168e-07
-2.2420254e-15
1.4567168e-07
-2.3682066e-15
1.4567167e-07
-2.52504e-15
1.4567167e-07
-2.7115227e-15
1.4567167e-07
-2.9237496e-15
1.4567167e-07
-3.1553746e-15
1.4567167e-07
-3.3988619e-15
1.4567167e-07
-3.6469773e-15
1.4567167e-07
-3.8938182e-15
1.4567167e-07
-4.134932e-15
1.4567166e-07
-4.3665623e-15
1.4567166e-07
-4.584545e-15
1.4567166e-07
-4.7835737e-15
1.4567166e-07
-4.9573656e-15
1.4567166e-07
-5.0997396e-15
1.4567166e-07
-5.2061162e-15
1.4567165e-07
-5.2747087e-15
1.4567165e-07
-5.3068186e-15
1.4567165e-07
-5.3060847e-15
1.4567165e-07
-5.2770531e-15
1.4567165e-07
-5.2237255e-15
1.4567164e-07
-5.148681e-15
1.4567164e-07
-5.0530248e-15
1.4567164e-07
-4.9370236e-15
1.4567164e-07
-4.8010003e-15
1.4567164e-07
-4.6460079e-15
1.4567164e-07
-4.4740238e-15
1.4567164e-07
-4.2877266e-15
1.4567163e-07
-4.090054e-15
1.4567163e-07
-3.8838156e-15
1.4567163e-07
-3.6714636e-15
1.4567163e-07
-3.454988e-15
1.4567163e-07
-3.2358498e-15
1.4567163e-07
-3.014897e-15
1.4567163e-07
-2.7923438e-15
1.4567163e-07
-2.5679785e-15
1.4567163e-07
-2.3416408e-15
1.4567163e-07
-2.1137991e-15
1.4567163e-07
-1.8859787e-15
1.4567162e-07
-1.6608492e-15
1.4567162e-07
-1.4418859e-15
1.4567162e-07
-1.2326746e-15
1.4567162e-07
-1.036087e-15
1.4567162e-07
-8.5367583e-16
1.4567162e-07
-6.8549461e-16
1.4567162e-07
-5.3037983e-16
1.4567162e-07
-3.8647518e-16
1.4567162e-07
-2.5184024e-16
1.4567162e-07
-1.2497787e-16
1.4567162e-07
-4.9641757e-18
1.4567162e-07
1.0899593e-16
1.4567162e-07
2.1815939e-16
1.4567162e-07
3.241676e-16
1.4567162e-07
4.2839856e-16
1.4567162e-07
5.3178719e-16
1.4567162e-07
6.3504025e-16
1.4567162e-07
7.3811179e-16
1.4567162e-07
8.3985196e-16
1.4567162e-07
9.3964059e-16
1.4567162e-07
1.0387091e-15
1.4567162e-07
1.1392584e-15
1.4567162e-07
1.2452741e-15
1.4567162e-07
1.3628278e-15
1.4567162e-07
1.4968475e-15
1.4567163e-07
1.6518691e-15
1.4567163e-07
1.830031e-15
1.4567163e-07
2.0303114e-15
1.4567163e-07
2.2508849e-15
1.4567163e-07
2.4871107e-15
1.4567163e-07
2.7344387e-15
1.4567163e-07
2.9883897e-15
1.4567163e-07
3.2431644e-15
1.4567163e-07
3.4920728e-15
1.4567163e-07
3.7274073e-15
1.4567164e-07
3.9358404e-15
1.4567164e-07
4.1117194e-15
1.4567164e-07
4.2569042e-15
4.1818486e-15
1.4174488e-07
2.4800653e-09
1.4235435e-07
1.9732247e-09
1.4288091e-07
1.5729348e-09
1.4332969e-07
1.2598034e-09
1.4370872e-07
1.0155485e-09
1.4402728e-07
8.2516958e-10
1.4429465e-07
6.7602967e-10
1.4451924e-07
5.5795441e-10
1.4470824e-07
4.6332772e-10
1.4486763e-07
3.8662774e-10
1.4500227e-07
3.2376929e-10
1.4511603e-07
2.7160971e-10
1.452119e-07
2.2769192e-10
1.4529221e-07
1.9015964e-10
1.4535883e-07
1.5774671e-10
1.4541343e-07
1.2973674e-10
1.4545766e-07
1.0582423e-10
1.4549321e-07
8.5885466e-11
1.4552178e-07
6.9742929e-11
1.4554492e-07
5.7022954e-11
1.4556393e-07
4.7154164e-11
1.4557982e-07
3.9475304e-11
1.4559327e-07
3.337279e-11
1.4560473e-07
2.8375071e-11
1.4561453e-07
2.4174974e-11
1.456229e-07
2.0596019e-11
1.4563004e-07
1.7538597e-11
1.4563613e-07
1.4935463e-11
1.4564132e-07
1.2727942e-11
1.4564575e-07
1.085933e-11
1.4564953e-07
9.2765798e-12
1.4565275e-07
7.9331933e-12
1.4565551e-07
6.7903694e-12
1.4565787e-07
5.8163891e-12
1.4565988e-07
4.9852509e-12
1.4566161e-07
4.2753683e-12
1.4566308e-07
3.668613e-12
1.4566434e-07
3.1496643e-12
1.4566541e-07
2.70554e-12
1.4566633e-07
2.3252287e-12
1.4566711e-07
1.9993857e-12
1.4566779e-07
1.7200749e-12
1.4566836e-07
1.4805479e-12
1.4566885e-07
1.2750558e-12
1.4566927e-07
1.0986936e-12
1.4566962e-07
9.4727204e-13
1.4566993e-07
8.172118e-13
1.4567019e-07
7.05454e-13
1.4567041e-07
6.093838e-13
1.456706e-07
5.2676528e-13
1.4567076e-07
4.5568609e-13
1.456709e-07
3.9451039e-13
1.4567102e-07
3.4183837e-13
1.4567112e-07
2.9647103e-13
1.456712e-07
2.5737953e-13
1.4567127e-07
2.2367947e-13
1.4567134e-07
1.9461006e-13
1.4567139e-07
1.6951755e-13
1.4567143e-07
1.4784136e-13
1.4567147e-07
1.2910191e-13
1.456715e-07
1.1288954e-13
1.4567153e-07
9.8854345e-14
1.4567155e-07
8.6696973e-14
1.4567157e-07
7.6160565e-14
1.4567159e-07
6.7023864e-14
1.4567161e-07
5.9095695e-14
1.4567162e-07
5.2210689e-14
1.4567163e-07
4.6225605e-14
1.4567164e-07
4.1016243e-14
1.4567165e-07
3.6474999e-14
1.4567165e-07
3.2508998e-14
1.4567166e-07
2.9038738e-14
1.4567166e-07
2.5996942e-14
1.4567167e-07
2.3327158e-14
1.4567167e-07
2.0981987e-14
1.4567167e-07
1.8921043e-14
1.4567168e-07
1.7108983e-14
1.4567168e-07
1.5513815e-14
1.4567168e-07
1.4105757e-14
1.4567168e-07
1.2856784e-14
1.4567169e-07
1.17408e-14
1.4567169e-07
1.0734307e-14
1.4567169e-07
9.8173571e-15
1.4567169e-07
8.974347e-15
1.4567169e-07
8.1941443e-15
1.4567169e-07
7.4692644e-15
1.4567169e-07
6.7945135e-15
1.4567169e-07
6.1654882e-15
1.456717e-07
5.5776816e-15
1.456717e-07
5.0265641e-15
1.456717e-07
4.5083358e-15
1.456717e-07
4.0206196e-15
1.456717e-07
3.5624059e-15
1.456717e-07
3.1331567e-15
1.456717e-07
2.7315313e-15
1.456717e-07
2.3545715e-15
1.456717e-07
1.9979313e-15
1.456717e-07
1.6569257e-15
1.456717e-07
1.3280123e-15
1.456717e-07
1.009968e-15
1.4567169e-07
7.0432819e-16
1.4567169e-07
4.1489021e-16
1.4567169e-07
1.4709634e-16
1.4567169e-07
-9.4330924e-17
1.4567169e-07
-3.0538972e-16
1.4567169e-07
-4.8421956e-16
1.4567169e-07
-6.3126873e-16
1.4567169e-07
-7.4921809e-16
1.4567169e-07
-8.4243739e-16
1.4567169e-07
-9.1606188e-16
1.4567169e-07
-9.7495979e-16
1.4567168e-07
-1.0229539e-15
1.4567168e-07
-1.0625414e-15
1.4567168e-07
-1.0951808e-15
1.4567168e-07
-1.1219331e-15
1.4567168e-07
-1.1440799e-15
1.4567168e-07
-1.1634111e-15
1.4567168e-07
-1.1821392e-15
1.4567168e-07
-1.202675e-15
1.4567168e-07
-1.2275952e-15
1.4567168e-07
-1.2598756e-15
1.4567168e-07
-1.3031587e-15
1.4567168e-07
-1.3616633e-15
1.4567167e-07
-1.4395043e-15
1.4567167e-07
-1.5396017e-15
1.4567167e-07
-1.6626872e-15
1.4567167e-07
-1.8069393e-15
1.4567167e-07
-1.9684619e-15
1.4567167e-07
-2.1423487e-15
1.4567167e-07
-2.3237384e-15
1.4567167e-07
-2.5083021e-15
1.4567167e-07
-2.6919865e-15
1.4567166e-07
-2.8703225e-15
1.4567166e-07
-3.0379008e-15
1.4567166e-07
-3.1885337e-15
1.4567166e-07
-3.3162223e-15
1.4567166e-07
-3.4165564e-15
1.4567166e-07
-3.4878747e-15
1.4567165e-07
-3.5315875e-15
1.4567165e-07
-3.5514526e-15
1.4567165e-07
-3.5520994e-15
1.4567165e-07
-3.5374474e-15
1.4567165e-07
-3.5096845e-15
1.4567165e-07
-3.4691556e-15
1.4567164e-07
-3.4150615e-15
1.4567164e-07
-3.346508e-15
1.4567164e-07
-3.2633637e-15
1.4567164e-07
-3.1665721e-15
1.4567164e-07
-3.057905e-15
1.4567164e-07
-2.9394248e-15
1.4567163e-07
-2.812996e-15
1.4567163e-07
-2.6800546e-15
1.4567163e-07
-2.5416179e-15
1.4567163e-07
-2.3983658e-15
1.4567163e-07
-2.2506515e-15
1.4567163e-07
-2.0984564e-15
1.4567163e-07
-1.9414487e-15
1.4567163e-07
-1.7793026e-15
1.4567163e-07
-1.6122526e-15
1.4567163e-07
-1.4416581e-15
1.4567163e-07
-1.2702767e-15
1.4567163e-07
-1.1020376e-15
1.4567162e-07
-9.4129256e-16
1.4567162e-07
-7.9174426e-16
1.4567162e-07
-6.5545162e-16
1.4567162e-07
-5.3235413e-16
1.4567162e-07
-4.2053873e-16
1.4567162e-07
-3.1710728e-16
1.4567162e-07
-2.1922225e-16
1.4567162e-07
-1.2491851e-16
1.4567162e-07
-3.3433791e-17
1.4567162e-07
5.5010161e-17
1.4567162e-07
1.3983922e-16
1.4567162e-07
2.2075359e-16
1.4567162e-07
2.9789105e-16
1.4567162e-07
3.7157177e-16
1.4567162e-07
4.4210464e-16
1.4567162e-07
5.0958389e-16
1.4567162e-07
5.7355043e-16
1.4567162e-07
6.3317461e-16
1.4567162e-07
6.8852468e-16
1.4567162e-07
7.41528e-16
1.4567162e-07
7.9510578e-16
1.4567162e-07
8.5321358e-16
1.4567163e-07
9.2186394e-16
1.4567163e-07
1.0057179e-15
1.4567163e-07
1.1070827e-15
1.4567163e-07
1.2268558e-15
1.4567163e-07
1.3628334e-15
1.4567163e-07
1.512457e-15
1.4567163e-07
1.6710987e-15
1.4567163e-07
1.8348709e-15
1.4567163e-07
2.0007421e-15
1.4567163e-07
2.1647394e-15
1.4567163e-07
2.3223725e-15
1.4567163e-07
2.4678817e-15
1.4567164e-07
2.592439e-15
1.4567164e-07
2.6916766e-15
1.4567164e-07
2.7668108e-15
2.7229181e-15
1.4066034e-07
1.3698435e-09
1.4156158e-07
1.0719841e-09
1.4229108e-07
8.4343506e-10
1.4288178e-07
6.6910486e-10
1.4336152e-07
5.3580671e-10
1.4375327e-07
4.3341913e-10
1.440753e-07
3.5399978e-10
1.4434173e-07
2.9151945e-10
1.4456341e-07
2.4165448e-10
1.4474868e-07
2.013591e-10
1.4490402e-07
1.6842042e-10
1.4503448e-07
1.411567e-10
1.4514391e-07
1.182643e-10
1.452353e-07
9.8761885e-11
1.4531107e-07
8.1975803e-11
1.453733e-07
6.7513921e-11
1.4542393e-07
5.5193408e-11
1.4546489e-07
4.4926204e-11
1.4549803e-07
3.6602612e-11
1.4552503e-07
3.0021508e-11
1.4554729e-07
2.4889511e-11
1.455659e-07
2.0873224e-11
1.455816e-07
1.7665579e-11
1.4559495e-07
1.5030895e-11
1.4560631e-07
1.2814866e-11
1.4561598e-07
1.0927477e-11
1.456242e-07
9.3164508e-12
1.4563119e-07
7.9455361e-12
1.4563713e-07
6.783026e-12
1.4564219e-07
5.798631e-12
1.4564651e-07
4.9643071e-12
1.4565018e-07
4.2556139e-12
1.4565332e-07
3.6521956e-12
1.45656e-07
3.1374097e-12
1.4565829e-07
2.6976089e-12
1.4566024e-07
2.3214674e-12
1.4566191e-07
1.9994795e-12
1.4566334e-07
1.723614e-12
1.4566456e-07
1.4870658e-12
1.456656e-07
1.2840652e-12
1.4566649e-07
1.1097201e-12
1.4566725e-07
9.5987957e-13
1.456679e-07
8.3101387e-13
1.4566845e-07
7.2011381e-13
1.4566892e-07
6.2460925e-13
1.4566933e-07
5.4230395e-13
1.4566968e-07
4.7132202e-13
1.4566997e-07
4.1006171e-13
1.4567022e-07
3.5715443e-13
1.4567044e-07
3.1142913e-13
1.4567062e-07
2.7188225e-13
1.4567078e-07
2.3765311e-13
1.4567091e-07
2.0800361e-13
1.4567103e-07
1.8230061e-13
1.4567112e-07
1.6000025e-13
1.4567121e-07
1.4063432e-13
1.4567128e-07
1.2379912e-13
1.4567134e-07
1.0914678e-13
1.4567139e-07
9.6378313e-14
1.4567143e-07
8.5237581e-14
1.4567147e-07
7.5505596e-14
1.456715e-07
6.6994993e-14
1.4567153e-07
5.9544897e-14
1.4567155e-07
5.3016419e-14
1.4567157e-07
4.7288865e-14
1.4567159e-07
4.2256857e-14
1.456716e-07
3.782861e-14
1.4567162e-07
3.3924069e-14
1.4567163e-07
3.047384e-14
1.4567164e-07
2.741844e-14
1.4567164e-07
2.4707573e-14
1.4567165e-07
2.2299278e-14
1.4567166e-07
2.0158715e-14
1.4567166e-07
1.82565e-14
1.4567167e-07
1.6566894e-14
1.4567167e-07
1.5066294e-14
1.4567167e-07
1.3732395e-14
1.4567168e-07
1.2543981e-14
1.4567168e-07
1.1481124e-14
1.4567168e-07
1.0525518e-14
1.4567168e-07
9.6608321e-15
1.4567169e-07
8.8730548e-15
1.4567169e-07
8.1507691e-15
1.4567169e-07
7.4852224e-15
1.4567169e-07
6.8700086e-15
1.4567169e-07
6.3004347e-15
1.4567169e-07
5.7727281e-15
1.4567169e-07
5.283416e-15
1.4567169e-07
4.8291999e-15
1.4567169e-07
4.4072467e-15
1.456717e-07
4.0155155e-15
1.456717e-07
3.6527435e-15
1.456717e-07
3.3177419e-15
1.456717e-07
3.008488e-15
1.456717e-07
2.7214935e-15
1.456717e-07
2.4519068e-15
1.456717e-07
2.1944595e-15
1.456717e-07
1.9448437e-15
1.4567169e-07
1.7009147e-15
1.4567169e-07
1.4631794e-15
1.4567169e-07
1.2344027e-15
1.4567169e-07
1.018528e-15
1.4567169e-07
8.1946589e-16
1.4567169e-07
6.4013404e-16
1.4567169e-07
4.819856e-16
1.4567169e-07
3.4492479e-16
1.4567169e-07
2.2759338e-16
1.4567169e-07
1.277714e-16
1.4567169e-07
4.2849264e-17
1.4567169e-07
-2.9719505e-17
1.4567169e-07
-9.1942936e-17
1.4567169e-07
-1.4520821e-16
1.4567168e-07
-1.9041859e-16
1.4567168e-07
-2.2833813e-16
1.4567168e-07
-2.5993151e-16
1.4567168e-07
-2.8646887e-16
1.4567168e-07
-3.0934077e-16
1.4567168e-07
-3.2974893e-16
1.4567168e-07
-3.4857978e-16
1.4567168e-07
-3.6668018e-16
1.4567168e-07
-3.8543557e-16
1.4567168e-07
-4.0728218e-16
1.4567168e-07
-4.3573671e-16
1.4567167e-07
-4.7478691e-16
1.4567167e-07
-5.2788767e-16
1.4567167e-07
-5.9706363e-16
1.4567167e-07
-6.8254564e-16
1.4567167e-07
-7.8301825e-16
1.4567167e-07
-8.9617428e-16
1.4567167e-07
-1.01912e-15
1.4567167e-07
-1.1483606e-15
1.4567166e-07
-1.2794822e-15
1.4567166e-07
-1.4069588e-15
1.4567166e-07
-1.524517e-15
1.4567166e-07
-1.6261824e-15
1.4567166e-07
-1.707682e-15
1.4567166e-07
-1.767579e-15
1.4567166e-07
-1.8075523e-15
1.4567165e-07
-1.8316051e-15
1.4567165e-07
-1.8445002e-15
1.4567165e-07
-1.8500904e-15
1.4567165e-07
-1.8502536e-15
1.4567165e-07
-1.8448228e-15
1.4567165e-07
-1.8324104e-15
1.4567164e-07
-1.8116141e-15
1.4567164e-07
-1.781974e-15
1.4567164e-07
-1.7442565e-15
1.4567164e-07
-1.7000366e-15
1.4567164e-07
-1.6509166e-15
1.4567164e-07
-1.5978498e-15
1.4567164e-07
-1.5408999e-15
1.4567163e-07
-1.479454e-15
1.4567163e-07
-1.4126429e-15
1.4567163e-07
-1.339663e-15
1.4567163e-07
-1.2598595e-15
1.4567163e-07
-1.1726867e-15
1.4567163e-07
-1.0777887e-15
1.4567163e-07
-9.7534976e-16
1.4567163e-07
-8.6661207e-16
1.4567163e-07
-7.5424737e-16
1.4567163e-07
-6.4226662e-16
1.4567163e-07
-5.3534747e-16
1.4567162e-07
-4.3773009e-16
1.4567162e-07
-3.5206121e-16
1.4567162e-07
-2.786563e-16
1.4567162e-07
-2.1550263e-16
1.4567162e-07
-1.5899088e-16
1.4567162e-07
-1.0511751e-16
1.4567162e-07
-5.0780161e-17
1.4567162e-07
5.2764056e-18
1.4567162e-07
6.239919e-17
1.4567162e-07
1.1884321e-16
1.4567162e-07
1.7290478e-16
1.4567162e-07
2.2336146e-16
1.4567162e-07
2.6927024e-16
1.4567162e-07
3.1001762e-16
1.4567162e-07
3.4552502e-16
1.4567162e-07
3.7544881e-16
1.4567162e-07
3.9875828e-16
1.4567162e-07
4.15024e-16
1.4567162e-07
4.2526765e-16
1.4567162e-07
4.3181711e-16
1.4567162e-07
4.3884799e-16
1.4567162e-07
4.5110757e-16
1.4567163e-07
4.7317822e-16
1.4567163e-07
5.0903194e-16
1.4567163e-07
5.590633e-16
1.4567163e-07
6.2227919e-16
1.4567163e-07
6.9590198e-16
1.4567163e-07
7.7605452e-16
1.4567163e-07
8.5916884e-16
1.4567163e-07
9.4287336e-16
1.4567163e-07
1.0250117e-15
1.4567163e-07
1.1038236e-15
1.4567163e-07
1.1773085e-15
1.4567163e-07
1.242055e-15
1.4567164e-07
1.2923663e-15
1.4567164e-07
1.3279044e-15
1.4567164e-07
1.3502737e-15
1.3031355e-15
1.4007077e-07
1.8073899e-12
1.4114013e-07
2.6195865e-12
1.4198051e-07
3.0593389e-12
1.4264638e-07
3.2316791e-12
1.4317896e-07
3.2307691e-12
1.4360925e-07
3.1274397e-12
1.4396028e-07
2.9682078e-12
1.4424902e-07
2.7813965e-12
1.4448809e-07
2.5843142e-12
1.4468706e-07
2.3872946e-12
1.4485328e-07
2.1957474e-12
1.4499243e-07
2.0123057e-12
1.4510885e-07
1.8389146e-12
1.4520594e-07
1.6781229e-12
1.4528638e-07
1.5329869e-12
1.4535249e-07
1.4054891e-12
1.4540639e-07
1.2949875e-12
1.4545012e-07
1.1978377e-12
1.4548561e-07
1.1086565e-12
1.4551461e-07
1.022711e-12
1.4553856e-07
9.3779223e-13
1.4555858e-07
8.5447567e-13
1.4557547e-07
7.7499389e-13
1.455898e-07
7.0167829e-13
1.4560198e-07
6.3589402e-13
1.4561233e-07
5.7778375e-13
1.4562112e-07
5.2661153e-13
1.4562858e-07
4.8129942e-13
1.4563492e-07
4.4083081e-13
1.4564032e-07
4.0440571e-13
1.4564491e-07
3.7143303e-13
1.4564882e-07
3.4147304e-13
1.4565216e-07
3.1418404e-13
1.4565501e-07
2.8928329e-13
1.4565744e-07
2.6652876e-13
1.4565952e-07
2.457136e-13
1.4566129e-07
2.2665877e-13
1.456628e-07
2.0920293e-13
1.456641e-07
1.9319595e-13
1.456652e-07
1.784999e-13
1.4566615e-07
1.6499236e-13
1.4566696e-07
1.5256596e-13
1.4566765e-07
1.4112394e-13
1.4566824e-07
1.3057671e-13
1.4566874e-07
1.208418e-13
1.4566917e-07
1.1184623e-13
1.4566954e-07
1.0352822e-13
1.4566985e-07
9.5836257e-14
1.4567012e-07
8.8725576e-14
1.4567035e-07
8.2154372e-14
1.4567055e-07
7.6081772e-14
1.4567071e-07
7.0467993e-14
1.4567086e-07
6.52756e-14
1.4567098e-07
6.0470319e-14
1.4567108e-07
5.6020978e-14
1.4567117e-07
5.1898973e-14
1.4567125e-07
4.8078002e-14
1.4567131e-07
4.4534312e-14
1.4567137e-07
4.1247081e-14
1.4567141e-07
3.8198307e-14
1.4567145e-07
3.5372038e-14
1.4567149e-07
3.2753299e-14
1.4567152e-07
3.032727e-14
1.4567154e-07
2.8078831e-14
1.4567156e-07
2.5992558e-14
1.4567158e-07
2.4055209e-14
1.456716e-07
2.2253841e-14
1.4567161e-07
2.0577028e-14
1.4567162e-07
1.9015422e-14
1.4567163e-07
1.7561735e-14
1.4567164e-07
1.6210638e-14
1.4567165e-07
1.4958492e-14
1.4567165e-07
1.3802467e-14
1.4567166e-07
1.2739302e-14
1.4567166e-07
1.1764322e-14
1.4567167e-07
1.0871109e-14
1.4567167e-07
1.005213e-14
1.4567167e-07
9.2997214e-15
1.4567168e-07
8.6070527e-15
1.4567168e-07
7.9685605e-15
1.4567168e-07
7.3798173e-15
1.4567168e-07
6.8370852e-15
1.4567169e-07
6.3368632e-15
1.4567169e-07
5.8756126e-15
1.4567169e-07
5.4497026e-15
1.4567169e-07
5.0555681e-15
1.4567169e-07
4.6900303e-15
1.4567169e-07
4.3506955e-15
1.4567169e-07
4.0363575e-15
1.4567169e-07
3.7471083e-15
1.4567169e-07
3.4837251e-15
1.4567169e-07
3.2466194e-15
1.4567169e-07
3.0346137e-15
1.456717e-07
2.8442747e-15
1.456717e-07
2.6702119e-15
1.456717e-07
2.5062575e-15
1.4567169e-07
2.3470347e-15
1.4567169e-07
2.1891846e-15
1.4567169e-07
2.0319855e-15
1.4567169e-07
1.8769922e-15
1.4567169e-07
1.7270128e-15
1.4567169e-07
1.5849033e-15
1.4567169e-07
1.4527428e-15
1.4567169e-07
1.3314874e-15
1.4567169e-07
1.2210655e-15
1.4567169e-07
1.1208047e-15
1.4567169e-07
1.0298938e-15
1.4567169e-07
9.477394e-16
1.4567169e-07
8.7415236e-16
1.4567169e-07
8.0933526e-16
1.4567169e-07
7.5367481e-16
1.4567169e-07
7.0734569e-16
1.4567168e-07
6.6988984e-16
1.4567168e-07
6.3998847e-16
1.4567168e-07
6.1562083e-16
1.4567168e-07
5.9463298e-16
1.4567168e-07
5.7548599e-16
1.4567168e-07
5.577812e-16
1.4567168e-07
5.4221678e-16
1.4567168e-07
5.2991937e-16
1.4567168e-07
5.2146125e-16
1.4567168e-07
5.1607302e-16
1.4567168e-07
5.1146134e-16
1.4567167e-07
5.0429437e-16
1.4567167e-07
4.9105445e-16
1.4567167e-07
4.6881839e-16
1.4567167e-07
4.356778e-16
1.4567167e-07
3.9082335e-16
1.4567167e-07
3.3454092e-16
1.4567167e-07
2.6834006e-16
1.4567167e-07
1.9519136e-16
1.4567166e-07
1.1958225e-16
1.4567166e-07
4.7048353e-17
1.4567166e-07
-1.6926716e-17
1.4567166e-07
-6.8349007e-17
1.4567166e-07
-1.0588972e-16
1.4567166e-07
-1.3120522e-16
1.4567166e-07
-1.4816262e-16
1.4567165e-07
-1.6125622e-16
1.4567165e-07
-1.7391219e-16
1.4567165e-07
-1.8744151e-16
1.4567165e-07
-2.0107675e-16
1.4567165e-07
-2.1298092e-16
1.4567165e-07
-2.2164489e-16
1.4567164e-07
-2.2693296e-16
1.4567164e-07
-2.3027081e-16
1.4567164e-07
-2.3394435e-16
1.4567164e-07
-2.3993208e-16
1.4567164e-07
-2.4889458e-16
1.4567164e-07
-2.5980164e-16
1.4567164e-07
-2.7030185e-16
1.4567163e-07
-2.7754621e-16
1.4567163e-07
-2.789898e-16
1.4567163e-07
-2.7281238e-16
1.4567163e-07
-2.5792631e-16
1.4567163e-07
-2.3382635e-16
1.4567163e-07
-2.0059664e-16
1.4567163e-07
-1.5918804e-16
1.4567163e-07
-1.1179224e-16
1.4567163e-07
-6.1971786e-17
1.4567163e-07
-1.4258098e-17
1.4567163e-07
2.6825456e-17
1.4567162e-07
5.8040327e-17
1.4567162e-07
7.8484634e-17
1.4567162e-07
8.989038e-17
1.4567162e-07
9.5979321e-17
1.4567162e-07
1.0119838e-16
1.4567162e-07
1.0938574e-16
1.4567162e-07
1.2274727e-16
1.4567162e-07
1.4131294e-16
1.4567162e-07
1.6337145e-16
1.4567162e-07
1.8614432e-16
1.4567162e-07
2.0689916e-16
1.4567162e-07
2.2433451e-16
1.4567162e-07
2.3730211e-16
1.4567162e-07
2.4414847e-16
1.4567162e-07
2.4376582e-16
1.4567162e-07
2.3498919e-16
1.4567162e-07
2.1662329e-16
1.4567162e-07
1.8894512e-16
1.4567162e-07
1.5427352e-16
1.4567162e-07
1.1575735e-16
1.4567162e-07
7.8071681e-17
1.4567162e-07
4.6573237e-17
1.4567163e-07
2.4519115e-17
1.4567163e-07
1.4464978e-17
1.4567163e-07
1.5143502e-17
1.4567163e-07
2.3032019e-17
1.4567163e-07
3.4692068e-17
1.4567163e-07
4.5866457e-17
1.4567163e-07
5.3606541e-17
1.4567163e-07
5.678948e-17
1.4567163e-07
5.494272e-17
1.4567163e-07
4.8852247e-17
1.4567163e-07
3.9327792e-17
1.4567163e-07
2.5672667e-17
1.4567164e-07
7.7082904e-18
1.4567164e-07
-1.9568955e-17
1.4567164e-07
-5.0235682e-17
-1.0168047e-16
1.4006925e-07
-1.3665312e-09
1.4113882e-07
-1.0669478e-09
1.419793e-07
-8.3742606e-10
1.4264523e-07
-6.626906e-10
1.4317783e-07
-5.2937229e-10
1.4360816e-07
-4.2720004e-10
1.4395925e-07
-3.4812362e-10
1.4424807e-07
-2.860425e-10
1.4448725e-07
-2.3658858e-10
1.4468633e-07
-1.966918e-10
1.4485265e-07
-1.6412988e-10
1.4499188e-07
-1.3721984e-10
1.4510838e-07
-1.1465869e-10
1.4520552e-07
-9.5463239e-11
1.4528601e-07
-7.8955407e-11
1.4535216e-07
-6.4739484e-11
1.4540608e-07
-5.2633731e-11
1.4544984e-07
-4.2556944e-11
1.4548536e-07
-3.4409534e-11
1.4551438e-07
-2.7999071e-11
1.4553835e-07
-2.3035957e-11
1.4555839e-07
-1.9185288e-11
1.455753e-07
-1.6135388e-11
1.4558965e-07
-1.3645853e-11
1.4560185e-07
-1.1559641e-11
1.4561221e-07
-9.7865469e-12
1.4562101e-07
-8.2759416e-12
1.4562849e-07
-6.9939032e-12
1.4563484e-07
-5.9108516e-12
1.4564024e-07
-4.9980948e-12
1.4564484e-07
-4.2287152e-12
1.4564876e-07
-3.5790956e-12
1.4565211e-07
-3.0295306e-12
1.4565496e-07
-2.5639222e-12
1.456574e-07
-2.1690881e-12
1.4565947e-07
-1.8341001e-12
1.4566125e-07
-1.5498028e-12
1.4566277e-07
-1.3084838e-12
1.4566407e-07
-1.1036336e-12
1.4566517e-07
-9.297506e-13
1.4566612e-07
-7.8217872e-13
1.4566693e-07
-6.5697433e-13
1.4566762e-07
-5.5079583e-13
1.4566821e-07
-4.608093e-13
1.4566872e-07
-3.8460667e-13
1.4566915e-07
-3.2013634e-13
1.4566952e-07
-2.6564656e-13
1.4566984e-07
-2.1964099e-13
1.4567011e-07
-1.8084352e-13
1.4567034e-07
-1.4816832e-13
1.4567053e-07
-1.206925e-13
1.456707e-07
-9.7631039e-14
1.4567084e-07
-7.8315054e-14
1.4567097e-07
-6.2174339e-14
1.4567107e-07
-4.872342e-14
1.4567116e-07
-3.7549712e-14
1.4567124e-07
-2.8302667e-14
1.456713e-07
-2.0683743e-14
1.4567136e-07
-1.4437867e-14
1.4567141e-07
-9.3469234e-15
1.4567145e-07
-5.2251588e-15
1.4567148e-07
-1.9156205e-15
1.4567151e-07
7.142047e-16
1.4567154e-07
2.7760337e-15
1.4567156e-07
4.3564988e-15
1.4567158e-07
5.5391294e-15
1.4567159e-07
6.3892442e-15
1.4567161e-07
6.9647526e-15
1.4567162e-07
7.3159628e-15
1.4567163e-07
7.4867219e-15
1.4567164e-07
7.5153711e-15
1.4567164e-07
7.4356508e-15
1.4567165e-07
7.2769032e-15
1.4567166e-07
7.0620626e-15
1.4567166e-07
6.8074681e-15
1.4567167e-07
6.5249686e-15
1.4567167e-07
6.2235314e-15
1.4567167e-07
5.9109852e-15
1.4567168e-07
5.5950223e-15
1.4567168e-07
5.2833129e-15
1.4567168e-07
4.9828433e-15
1.4567168e-07
4.6989301e-15
1.4567168e-07
4.4344493e-15
1.4567169e-07
4.1897081e-15
1.4567169e-07
3.9629976e-15
1.4567169e-07
3.7517467e-15
1.4567169e-07
3.5539634e-15
1.4567169e-07
3.3693141e-15
1.4567169e-07
3.1994682e-15
1.4567169e-07
3.0477014e-15
1.4567169e-07
2.9173769e-15
1.4567169e-07
2.8100131e-15
1.4567169e-07
2.7238671e-15
1.4567169e-07
2.6538948e-15
1.4567169e-07
2.5931417e-15
1.4567169e-07
2.534974e-15
1.4567169e-07
2.4747281e-15
1.4567169e-07
2.4100471e-15
1.4567169e-07
2.3411948e-15
1.4567169e-07
2.2699809e-15
1.4567169e-07
2.1983406e-15
1.4567169e-07
2.1276618e-15
1.4567169e-07
2.0585903e-15
1.4567169e-07
1.9911547e-15
1.4567169e-07
1.9250952e-15
1.4567169e-07
1.860275e-15
1.4567169e-07
1.7970501e-15
1.4567169e-07
1.7364942e-15
1.4567169e-07
1.6803659e-15
1.4567169e-07
1.6307448e-15
1.4567169e-07
1.5893795e-15
1.4567168e-07
1.5569564e-15
1.4567168e-07
1.5326259e-15
1.4567168e-07
1.5141026e-15
1.4567168e-07
1.4984243e-15
1.4567168e-07
1.4831089e-15
1.4567168e-07
1.4671975e-15
1.4567168e-07
1.4516666e-15
1.4567168e-07
1.4389902e-15
1.4567168e-07
1.432056e-15
1.4567168e-07
1.4329601e-15
1.4567168e-07
1.44221e-15
1.4567168e-07
1.4586036e-15
1.4567167e-07
1.4796722e-15
1.4567167e-07
1.5023425e-15
1.4567167e-07
1.5235012e-15
1.4567167e-07
1.5403629e-15
1.4567167e-07
1.5507611e-15
1.4567167e-07
1.5535104e-15
1.4567167e-07
1.5488212e-15
1.4567167e-07
1.5385289e-15
1.4567166e-07
1.5258243e-15
1.4567166e-07
1.5143553e-15
1.4567166e-07
1.5069297e-15
1.4567166e-07
1.5043623e-15
1.4567166e-07
1.5050631e-15
1.4567166e-07
1.5056578e-15
1.4567166e-07
1.5024198e-15
1.4567165e-07
1.4928501e-15
1.4567165e-07
1.4766222e-15
1.4567165e-07
1.4554153e-15
1.4567165e-07
1.4317214e-15
1.4567165e-07
1.4072481e-15
1.4567165e-07
1.3817442e-15
1.4567164e-07
1.3528578e-15
1.4567164e-07
1.3170995e-15
1.4567164e-07
1.2714296e-15
1.4567164e-07
1.2146973e-15
1.4567164e-07
1.1482822e-15
1.4567164e-07
1.0757148e-15
1.4567164e-07
1.0015576e-15
1.4567163e-07
9.3013775e-16
1.4567163e-07
8.6469277e-16
1.4567163e-07
8.0716362e-16
1.4567163e-07
7.5845569e-16
1.4567163e-07
7.1875455e-16
1.4567163e-07
6.8757528e-16
1.4567163e-07
6.6353416e-16
1.4567163e-07
6.4411501e-16
1.4567163e-07
6.2576879e-16
1.4567163e-07
6.0452899e-16
1.4567163e-07
5.7705165e-16
1.4567162e-07
5.4171699e-16
1.4567162e-07
4.9929138e-16
1.4567162e-07
4.5278448e-16
1.4567162e-07
4.0648787e-16
1.4567162e-07
3.6458219e-16
1.4567162e-07
3.2985815e-16
1.4567162e-07
3.030248e-16
1.4567162e-07
2.8284838e-16
1.4567162e-07
2.6722766e-16
1.4567162e-07
2.5358801e-16
1.4567162e-07
2.3945315e-16
1.4567162e-07
2.2291023e-16
1.4567162e-07
2.0183729e-16
1.4567162e-07
1.7407255e-16
1.4567162e-07
1.3749669e-16
1.4567162e-07
9.0002805e-17
1.4567162e-07
3.0548471e-17
1.4567162e-07
-3.9889232e-17
1.4567162e-07
-1.182299e-16
1.4567162e-07
-1.9986715e-16
1.4567162e-07
-2.7963149e-16
1.4567162e-07
-3.5243173e-16
1.4567163e-07
-4.158819e-16
1.4567163e-07
-4.7027269e-16
1.4567163e-07
-5.1883494e-16
1.4567163e-07
-5.666845e-16
1.4567163e-07
-6.1864607e-16
1.4567163e-07
-6.791783e-16
1.4567163e-07
-7.5023738e-16
1.4567163e-07
-8.3142472e-16
1.4567163e-07
-9.2124807e-16
1.4567163e-07
-1.0162752e-15
1.4567163e-07
-1.1124116e-15
1.4567163e-07
-1.2069061e-15
1.4567164e-07
-1.2970414e-15
1.4567164e-07
-1.3818412e-15
1.4567164e-07
-1.4575409e-15
-1.5107351e-15
1.4065474e-07
-2.4776553e-09
1.4155672e-07
-1.9689225e-09
1.4228675e-07
-1.5674628e-09
1.4287784e-07
-1.253775e-09
1.4335789e-07
-1.0094216e-09
1.4374993e-07
-8.1924277e-10
1.4407227e-07
-6.704641e-10
1.4433904e-07
-5.528088e-10
1.4456104e-07
-4.5859601e-10
1.4474663e-07
-3.8227336e-10
1.4490225e-07
-3.1975117e-10
1.4503292e-07
-2.6789601e-10
1.4514253e-07
-2.2426197e-10
1.4523406e-07
-1.8699815e-10
1.4530994e-07
-1.5483675e-10
1.4537226e-07
-1.2705694e-10
1.4542298e-07
-1.0335136e-10
1.4546402e-07
-8.359981e-11
1.4549724e-07
-6.7631934e-11
1.4552432e-07
-5.5080667e-11
1.4554667e-07
-4.5377223e-11
1.4556534e-07
-3.7858493e-11
1.4558111e-07
-3.1906697e-11
1.4559451e-07
-2.7046413e-11
1.4560592e-07
-2.2968628e-11
1.4561563e-07
-1.9497287e-11
1.4562389e-07
-1.6534641e-11
1.4563091e-07
-1.4015697e-11
1.4563688e-07
-1.1883713e-11
1.4564197e-07
-1.0083399e-11
1.456463e-07
-8.5626986e-12
1.4565e-07
-7.2758527e-12
1.4565315e-07
-6.1846623e-12
1.4565585e-07
-5.2579209e-12
1.4565815e-07
-4.470065e-12
1.4566012e-07
-3.7998811e-12
1.456618e-07
-3.229564e-12
1.4566323e-07
-2.7440812e-12
1.4566446e-07
-2.3307148e-12
1.4566551e-07
-1.9786959e-12
1.456664e-07
-1.6788987e-12
1.4566717e-07
-1.4235843e-12
1.4566783e-07
-1.2061838e-12
1.4566839e-07
-1.0211123e-12
1.4566887e-07
-8.6361341e-13
1.4566927e-07
-7.2962946e-13
1.4566962e-07
-6.1569661e-13
1.4566992e-07
-5.1885865e-13
1.4567018e-07
-4.3659465e-13
1.456704e-07
-3.6675585e-13
1.4567059e-07
-3.075095e-13
1.4567074e-07
-2.5729016e-13
1.4567088e-07
-2.147594e-13
1.45671e-07
-1.7877351e-13
1.456711e-07
-1.4835702e-13
1.4567118e-07
-1.2267955e-13
1.4567126e-07
-1.0103461e-13
1.4567132e-07
-8.282015e-14
1.4567137e-07
-6.7521931e-14
1.4567142e-07
-5.4700183e-14
1.4567145e-07
-4.3979349e-14
1.4567149e-07
-3.503962e-14
1.4567152e-07
-2.7609311e-14
1.4567154e-07
-2.1458115e-14
1.4567156e-07
-1.6391052e-14
1.4567158e-07
-1.2240889e-14
1.4567159e-07
-8.8656825e-15
1.4567161e-07
-6.1436652e-15
1.4567162e-07
-3.9693553e-15
1.4567163e-07
-2.2510265e-15
1.4567164e-07
-9.0869073e-16
1.4567164e-07
1.2479872e-16
1.4567165e-07
9.1189243e-16
1.4567166e-07
1.5014321e-15
1.4567166e-07
1.9288038e-15
1.4567166e-07
2.2249215e-15
1.4567167e-07
2.4156092e-15
1.4567167e-07
2.5243513e-15
1.4567168e-07
2.5726286e-15
1.4567168e-07
2.5799709e-15
1.4567168e-07
2.5630573e-15
1.4567168e-07
2.5346534e-15
1.4567168e-07
2.5026698e-15
1.4567169e-07
2.4705169e-15
1.4567169e-07
2.4386069e-15
1.4567169e-07
2.4064291e-15
1.4567169e-07
2.374468e-15
1.4567169e-07
2.3451449e-15
1.4567169e-07
2.3232265e-15
1.4567169e-07
2.3145728e-15
1.4567169e-07
2.3237795e-15
1.4567169e-07
2.3520241e-15
1.4567169e-07
2.3961308e-15
1.4567169e-07
2.4494183e-15
1.4567169e-07
2.5037234e-15
1.4567169e-07
2.5536525e-15
1.4567169e-07
2.5952477e-15
1.4567169e-07
2.6259714e-15
1.4567169e-07
2.6470177e-15
1.4567169e-07
2.6595696e-15
1.4567169e-07
2.6644176e-15
1.4567169e-07
2.6620878e-15
1.4567169e-07
2.6529733e-15
1.4567169e-07
2.6374374e-15
1.4567169e-07
2.6159074e-15
1.4567169e-07
2.5890329e-15
1.4567169e-07
2.557949e-15
1.4567169e-07
2.5245094e-15
1.4567169e-07
2.4912382e-15
1.4567169e-07
2.4608322e-15
1.4567169e-07
2.4353182e-15
1.4567168e-07
2.4152585e-15
1.4567168e-07
2.3994828e-15
1.4567168e-07
2.385616e-15
1.4567168e-07
2.3712467e-15
1.4567168e-07
2.3552067e-15
1.4567168e-07
2.3383411e-15
1.4567168e-07
2.3234081e-15
1.4567168e-07
2.3141918e-15
1.4567168e-07
2.3143214e-15
1.4567168e-07
2.3263389e-15
1.4567168e-07
2.3513261e-15
1.4567168e-07
2.3890391e-15
1.4567167e-07
2.4382541e-15
1.4567167e-07
2.4970327e-15
1.4567167e-07
2.5628371e-15
1.4567167e-07
2.6326517e-15
1.4567167e-07
2.7033154e-15
1.4567167e-07
2.7720884e-15
1.4567167e-07
2.8372213e-15
1.4567167e-07
2.8981641e-15
1.4567166e-07
2.9551832e-15
1.4567166e-07
3.0084897e-15
1.4567166e-07
3.0573173e-15
1.4567166e-07
3.0995057e-15
1.4567166e-07
3.1319269e-15
1.4567166e-07
3.1516358e-15
1.4567166e-07
3.1571828e-15
1.4567165e-07
3.1493626e-15
1.4567165e-07
3.130903e-15
1.4567165e-07
3.1051439e-15
1.4567165e-07
3.0743008e-15
1.4567165e-07
3.038169e-15
1.4567165e-07
2.9939393e-15
1.4567164e-07
2.9372665e-15
1.4567164e-07
2.8641172e-15
1.4567164e-07
2.7725593e-15
1.4567164e-07
2.6637117e-15
1.4567164e-07
2.5414978e-15
1.4567164e-07
2.4114162e-15
1.4567164e-07
2.2789671e-15
1.4567163e-07
2.1484434e-15
1.4567163e-07
2.0225001e-15
1.4567163e-07
1.9024456e-15
1.4567163e-07
1.7888281e-15
1.4567163e-07
1.681827e-15
1.4567163e-07
1.581212e-15
1.4567163e-07
1.4860169e-15
1.4567163e-07
1.394311e-15
1.4567163e-07
1.3034189e-15
1.4567163e-07
1.2106665e-15
1.4567163e-07
1.1143918e-15
1.4567162e-07
1.0147147e-15
1.4567162e-07
9.1361747e-16
1.4567162e-07
8.1428405e-16
1.4567162e-07
7.2009462e-16
1.4567162e-07
6.3374109e-16
1.4567162e-07
5.5661006e-16
1.4567162e-07
4.8844714e-16
1.4567162e-07
4.2757989e-16
1.4567162e-07
3.7185958e-16
1.4567162e-07
3.1945259e-16
1.4567162e-07
2.6865963e-16
1.4567162e-07
2.1722397e-16
1.4567162e-07
1.6206425e-16
1.4567162e-07
9.994511e-17
1.4567162e-07
2.7647262e-17
1.4567162e-07
-5.7717282e-17
1.4567162e-07
-1.5699359e-16
1.4567162e-07
-2.6821353e-16
1.4567162e-07
-3.873184e-16
1.4567162e-07
-5.0835962e-16
1.4567162e-07
-6.2597743e-16
1.4567162e-07
-7.3698024e-16
1.4567163e-07
-8.403201e-16
1.4567163e-07
-9.3895621e-16
1.4567163e-07
-1.0383527e-15
1.4567163e-07
-1.1448817e-15
1.4567163e-07
-1.2646546e-15
1.4567163e-07
-1.4018449e-15
1.4567163e-07
-1.5572503e-15
1.4567163e-07
-1.7287126e-15
1.4567163e-07
-1.9122288e-15
1.4567163e-07
-2.1018684e-15
1.4567163e-07
-2.2907585e-15
1.4567163e-07
-2.4726211e-15
1.4567164e-07
-2.6395676e-15
1.4567164e-07
-2.7866471e-15
1.4567164e-07
-2.9119933e-15
-2.9509877e-15
1.417347e-07
-3.1713949e-09
1.4234539e-07
-2.5796164e-09
1.4287307e-07
-2.0951364e-09
1.4332282e-07
-1.7035231e-09
1.4370269e-07
-1.3892916e-09
1.44022e-07
-1.1385624e-09
1.4429007e-07
-9.3852961e-10
1.4451529e-07
-7.7802407e-10
1.4470483e-07
-6.4814161e-10
1.4486467e-07
-5.4211167e-10
1.4499966e-07
-4.547388e-10
1.4511367e-07
-3.8190498e-10
1.4520972e-07
-3.2031388e-10
1.4529016e-07
-2.6744195e-10
1.453569e-07
-2.2157473e-10
1.4541162e-07
-1.8178038e-10
1.4545599e-07
-1.4771957e-10
1.454917e-07
-1.1930824e-10
1.4552043e-07
-9.6362441e-11
1.4554373e-07
-7.8381125e-11
1.455629e-07
-6.4543326e-11
1.4557891e-07
-5.3874766e-11
1.4559247e-07
-4.5462471e-11
1.4560403e-07
-3.8604159e-11
1.456139e-07
-3.2846454e-11
1.4562234e-07
-2.7935336e-11
1.4562954e-07
-2.3733942e-11
1.4563568e-07
-2.0153788e-11
1.4564091e-07
-1.7117689e-11
1.4564538e-07
-1.4549422e-11
1.4564919e-07
-1.2376442e-11
1.4565245e-07
-1.0534617e-11
1.4565524e-07
-8.970289e-12
1.4565762e-07
-7.6395944e-12
1.4565966e-07
-6.5065805e-12
1.456614e-07
-5.5413767e-12
1.4566289e-07
-4.7188583e-12
1.4566416e-07
-4.0177537e-12
1.4566525e-07
-3.4200128e-12
1.4566618e-07
-2.9103132e-12
1.4566698e-07
-2.475649e-12
1.4566766e-07
-2.1049775e-12
1.4566824e-07
-1.7889099e-12
1.4566874e-07
-1.5194479e-12
1.4566917e-07
-1.2897667e-12
1.4566953e-07
-1.094038e-12
1.4566984e-07
-9.2728597e-13
1.4567011e-07
-7.8526524e-13
1.4567034e-07
-6.6435616e-13
1.4567053e-07
-5.6147126e-13
1.456707e-07
-4.7397286e-13
1.4567084e-07
-3.9960353e-13
1.4567096e-07
-3.3642994e-13
1.4567107e-07
-2.827977e-13
1.4567116e-07
-2.3729416e-13
1.4567123e-07
-1.9871608e-13
1.456713e-07
-1.6603981e-13
1.4567135e-07
-1.3839379e-13
1.456714e-07
-1.1503435e-13
1.4567144e-07
-9.5325805e-14
1.4567147e-07
-7.8724932e-14
1.456715e-07
-6.4767867e-14
1.4567153e-07
-5.3058617e-14
1.4567155e-07
-4.3259506e-14
1.4567157e-07
-3.5083258e-14
1.4567159e-07
-2.8285729e-14
1.456716e-07
-2.2658549e-14
1.4567161e-07
-1.802295e-14
1.4567162e-07
-1.4224242e-14
1.4567163e-07
-1.1127717e-14
1.4567164e-07
-8.6163886e-15
1.4567165e-07
-6.5898005e-15
1.4567165e-07
-4.9624324e-15
1.4567166e-07
-3.6638172e-15
1.4567166e-07
-2.6363826e-15
1.4567167e-07
-1.8313338e-15
1.4567167e-07
-1.2060655e-15
1.4567167e-07
-7.2254193e-16
1.4567168e-07
-3.4691437e-16
1.4567168e-07
-4.999769e-17
1.4567168e-07
1.9225881e-16
1.4567168e-07
3.9897554e-16
1.4567168e-07
5.8192856e-16
1.4567169e-07
7.4670993e-16
1.4567169e-07
8.958237e-16
1.4567169e-07
1.0329404e-15
1.4567169e-07
1.1616143e-15
1.4567169e-07
1.2872044e-15
1.4567169e-07
1.4165612e-15
1.4567169e-07
1.5569817e-15
1.4567169e-07
1.7125638e-15
1.4567169e-07
1.8824578e-15
1.4567169e-07
2.0614444e-15
1.4567169e-07
2.2416244e-15
1.4567169e-07
2.4150882e-15
1.4567169e-07
2.5771374e-15
1.4567169e-07
2.7247826e-15
1.4567169e-07
2.8551286e-15
1.4567169e-07
2.9681697e-15
1.4567169e-07
3.0644209e-15
1.4567169e-07
3.144472e-15
1.4567169e-07
3.2092778e-15
1.4567169e-07
3.2600254e-15
1.4567169e-07
3.2978733e-15
1.4567169e-07
3.3237481e-15
1.4567169e-07
3.3384196e-15
1.4567169e-07
3.3428839e-15
1.4567169e-07
3.3387615e-15
1.4567169e-07
3.3283298e-15
1.4567169e-07
3.3140301e-15
1.4567169e-07
3.2976979e-15
1.4567168e-07
3.2800189e-15
1.4567168e-07
3.2606258e-15
1.4567168e-07
3.2388719e-15
1.4567168e-07
3.2148849e-15
1.4567168e-07
3.1903171e-15
1.4567168e-07
3.1683787e-15
1.4567168e-07
3.1531682e-15
1.4567168e-07
3.1487131e-15
1.4567168e-07
3.1582645e-15
1.4567168e-07
3.184107e-15
1.4567168e-07
3.2277598e-15
1.4567168e-07
3.2902089e-15
1.4567167e-07
3.3718656e-15
1.4567167e-07
3.4721987e-15
1.4567167e-07
3.5893009e-15
1.4567167e-07
3.7197636e-15
1.4567167e-07
3.8590605e-15
1.4567167e-07
4.0022948e-15
1.4567167e-07
4.1449121e-15
1.4567167e-07
4.2829961e-15
1.4567166e-07
4.4130525e-15
1.4567166e-07
4.531547e-15
1.4567166e-07
4.6346505e-15
1.4567166e-07
4.7185558e-15
1.4567166e-07
4.7803469e-15
1.4567166e-07
4.8189913e-15
1.4567166e-07
4.8358492e-15
1.4567165e-07
4.8342444e-15
1.4567165e-07
4.8181035e-15
1.4567165e-07
4.7902014e-15
1.4567165e-07
4.7508239e-15
1.4567165e-07
4.6975026e-15
1.4567164e-07
4.6260181e-15
1.4567164e-07
4.5322611e-15
1.4567164e-07
4.4141158e-15
1.4567164e-07
4.2725482e-15
1.4567164e-07
4.1114867e-15
1.4567164e-07
3.9366389e-15
1.4567164e-07
3.7538458e-15
1.4567163e-07
3.5677136e-15
1.4567163e-07
3.3810638e-15
1.4567163e-07
3.19525e-15
1.4567163e-07
3.0109365e-15
1.4567163e-07
2.8287799e-15
1.4567163e-07
2.6496321e-15
1.4567163e-07
2.4742597e-15
1.4567163e-07
2.302888e-15
1.4567163e-07
2.1349607e-15
1.4567163e-07
1.9693715e-15
1.4567163e-07
1.8051299e-15
1.4567163e-07
1.6421277e-15
1.4567162e-07
1.4815504e-15
1.4567162e-07
1.3256385e-15
1.4567162e-07
1.1768865e-15
1.4567162e-07
1.0371578e-15
1.4567162e-07
9.0723539e-16
1.4567162e-07
7.8689736e-16
1.4567162e-07
6.7526194e-16
1.4567162e-07
5.7119207e-16
1.4567162e-07
4.7361791e-16
1.4567162e-07
3.814741e-16
1.4567162e-07
2.9318818e-16
1.4567162e-07
2.0621362e-16
1.4567162e-07
1.1691525e-16
1.4567162e-07
2.0828565e-17
1.4567162e-07
-8.657395e-17
1.4567162e-07
-2.0832456e-16
1.4567162e-07
-3.4439784e-16
1.4567162e-07
-4.9180719e-16
1.4567162e-07
-6.4576376e-16
1.4567162e-07
-8.004422e-16
1.4567162e-07
-9.5129125e-16
1.4567162e-07
-1.097333e-15
1.4567162e-07
-1.239882e-15
1.4567163e-07
-1.3843017e-15
1.4567163e-07
-1.5382797e-15
1.4567163e-07
-1.7091961e-15
1.4567163e-07
-1.9034142e-15
1.4567163e-07
-2.1241105e-15
1.4567163e-07
-2.3704019e-15
1.4567163e-07
-2.638444e-15
1.4567163e-07
-2.9226259e-15
1.4567163e-07
-3.2153188e-15
1.4567163e-07
-3.506483e-15
1.4567163e-07
-3.7863688e-15
1.4567164e-07
-4.0402172e-15
1.4567164e-07
-4.2625466e-15
1.4567164e-07
-4.4463839e-15
-4.4290879e-15
1.430998e-07
-3.4385491e-09
1.433833e-07
-2.8631145e-09
1.4366457e-07
-2.3764096e-09
1.4393136e-07
-1.9703117e-09
1.4417647e-07
-1.6344023e-09
1.4439637e-07
-1.3584621e-09
1.4459024e-07
-1.1323964e-09
1.4475904e-07
-9.4682712e-10
1.4490476e-07
-7.938577e-10
1.4502982e-07
-6.671778e-10
1.4513675e-07
-5.6166727e-10
1.4522785e-07
-4.7300094e-10
1.4530504e-07
-3.9751029e-10
1.4536989e-07
-3.3228482e-10
1.4542365e-07
-2.7534426e-10
1.4546755e-07
-2.2567628e-10
1.4550285e-07
-1.8301437e-10
1.4553093e-07
-1.4739611e-10
1.4555326e-07
-1.186903e-10
1.4557119e-07
-9.6309636e-11
1.4558586e-07
-7.9213505e-11
1.4559812e-07
-6.6138966e-11
1.4560856e-07
-5.589476e-11
1.4561752e-07
-4.756595e-11
1.4562524e-07
-4.056777e-11
1.4563188e-07
-3.4580557e-11
1.4563759e-07
-2.9440044e-11
1.4564248e-07
-2.5045105e-11
1.4564667e-07
-2.1307748e-11
1.4565026e-07
-1.8138986e-11
1.4565334e-07
-1.5452458e-11
1.4565597e-07
-1.3171003e-11
1.4565823e-07
-1.1229772e-11
1.4566017e-07
-9.5756614e-12
1.4566183e-07
-8.1650845e-12
1.4566325e-07
-6.9617509e-12
1.4566446e-07
-5.9350405e-12
1.4566551e-07
-5.058925e-12
1.456664e-07
-4.3112246e-12
1.4566716e-07
-3.6730478e-12
1.4566781e-07
-3.1283352e-12
1.4566837e-07
-2.6634385e-12
1.4566885e-07
-2.2667277e-12
1.4566926e-07
-1.9282612e-12
1.4566961e-07
-1.6395312e-12
1.4566991e-07
-1.3932647e-12
1.4567016e-07
-1.1832538e-12
1.4567038e-07
-1.0042052e-12
1.4567057e-07
-8.5160819e-13
1.4567073e-07
-7.2161419e-13
1.4567087e-07
-6.1093076e-13
1.4567098e-07
-5.1673627e-13
1.4567108e-07
-4.3661252e-13
1.4567117e-07
-3.6848809e-13
1.4567124e-07
-3.1059165e-13
1.456713e-07
-2.614148e-13
1.4567136e-07
-2.1967556e-13
1.456714e-07
-1.8428223e-13
1.4567144e-07
-1.5430271e-13
1.4567148e-07
-1.2893901e-13
1.4567151e-07
-1.0751003e-13
1.4567153e-07
-8.943415e-14
1.4567155e-07
-7.4212532e-14
1.4567157e-07
-6.1418765e-14
1.4567159e-07
-5.069037e-14
1.456716e-07
-4.1719486e-14
1.4567161e-07
-3.4243449e-14
1.4567162e-07
-2.8036492e-14
1.4567163e-07
-2.2903569e-14
1.4567164e-07
-1.8675525e-14
1.4567164e-07
-1.5206861e-14
1.4567165e-07
-1.2372752e-14
1.4567165e-07
-1.0067012e-14
1.4567166e-07
-8.1997855e-15
1.4567166e-07
-6.6943502e-15
1.4567167e-07
-5.4841514e-15
1.4567167e-07
-4.510707e-15
1.4567167e-07
-3.7227384e-15
1.4567168e-07
-3.0761553e-15
1.4567168e-07
-2.534567e-15
1.4567168e-07
-2.0693261e-15
1.4567168e-07
-1.6590759e-15
1.4567168e-07
-1.2895625e-15
1.4567169e-07
-9.5205149e-16
1.4567169e-07
-6.4042059e-16
1.4567169e-07
-3.4763836e-16
1.4567169e-07
-6.5830862e-17
1.4567169e-07
2.1414496e-16
1.4567169e-07
4.9686731e-16
1.4567169e-07
7.8968782e-16
1.4567169e-07
1.0947635e-15
1.4567169e-07
1.4090781e-15
1.4567169e-07
1.7261616e-15
1.4567169e-07
2.0361118e-15
1.4567169e-07
2.331924e-15
1.4567169e-07
2.6140455e-15
1.4567169e-07
2.8752298e-15
1.4567169e-07
3.109604e-15
1.4567169e-07
3.3195519e-15
1.4567169e-07
3.503438e-15
1.4567169e-07
3.6617476e-15
1.4567169e-07
3.7967825e-15
1.4567169e-07
3.9108545e-15
1.4567169e-07
4.0054018e-15
1.4567169e-07
4.0809528e-15
1.4567169e-07
4.1376028e-15
1.4567169e-07
4.1756746e-15
1.4567169e-07
4.1961995e-15
1.4567169e-07
4.2009706e-15
1.4567169e-07
4.1921457e-15
1.4567169e-07
4.1717794e-15
1.4567168e-07
4.1417145e-15
1.4567168e-07
4.1039636e-15
1.4567168e-07
4.0613086e-15
1.4567168e-07
4.0176637e-15
1.4567168e-07
3.9778886e-15
1.4567168e-07
3.947111e-15
1.4567168e-07
3.9298991e-15
1.4567168e-07
3.9298182e-15
1.4567168e-07
3.9495828e-15
1.4567168e-07
3.9916247e-15
1.4567168e-07
4.0584838e-15
1.4567168e-07
4.1526416e-15
1.4567167e-07
4.2758445e-15
1.4567167e-07
4.4281666e-15
1.4567167e-07
4.6073105e-15
1.4567167e-07
4.8085316e-15
1.4567167e-07
5.0252209e-15
1.4567167e-07
5.2498354e-15
1.4567167e-07
5.474724e-15
1.4567167e-07
5.6925684e-15
1.4567166e-07
5.8964882e-15
1.4567166e-07
6.0801193e-15
1.4567166e-07
6.237927e-15
1.4567166e-07
6.3658615e-15
1.4567166e-07
6.4620751e-15
1.4567166e-07
6.5272113e-15
1.4567165e-07
6.5639469e-15
1.4567165e-07
6.575762e-15
1.4567165e-07
6.5653473e-15
1.4567165e-07
6.5333674e-15
1.4567165e-07
6.4782019e-15
1.4567165e-07
6.3967795e-15
1.4567164e-07
6.2861796e-15
1.4567164e-07
6.1453249e-15
1.4567164e-07
5.9759462e-15
1.4567164e-07
5.7823989e-15
1.4567164e-07
5.5704872e-15
1.4567164e-07
5.3458709e-15
1.4567164e-07
5.1128212e-15
1.4567163e-07
4.8737114e-15
1.4567163e-07
4.6294305e-15
1.4567163e-07
4.380355e-15
1.4567163e-07
4.1272741e-15
1.4567163e-07
3.8717799e-15
1.4567163e-07
3.6160237e-15
1.4567163e-07
3.3621263e-15
1.4567163e-07
3.1116944e-15
1.4567163e-07
2.865709e-15
1.4567163e-07
2.6248193e-15
1.4567163e-07
2.3898561e-15
1.4567162e-07
2.1621746e-15
1.4567162e-07
1.943518e-15
1.4567162e-07
1.7354845e-15
1.4567162e-07
1.5389836e-15
1.4567162e-07
1.3540295e-15
1.4567162e-07
1.1798791e-15
1.4567162e-07
1.0153098e-15
1.4567162e-07
8.5903783e-16
1.4567162e-07
7.1036791e-16
1.4567162e-07
5.6952602e-16
1.4567162e-07
4.3678288e-16
1.4567162e-07
3.1085793e-16
1.4567162e-07
1.8838845e-16
1.4567162e-07
6.47733e-17
1.4567162e-07
-6.5061996e-17
1.4567162e-07
-2.0587926e-16
1.4567162e-07
-3.6031051e-16
1.4567162e-07
-5.2755139e-16
1.4567162e-07
-7.0414544e-16
1.4567162e-07
-8.8529885e-16
1.4567162e-07
-1.0666229e-15
1.4567162e-07
-1.2457139e-15
1.4567162e-07
-1.4239139e-15
1.4567162e-07
-1.6061284e-15
1.4567162e-07
-1.8002908e-15
1.4567163e-07
-2.0150669e-15
1.4567163e-07
-2.2576303e-15
1.4567163e-07
-2.5329399e-15
1.4567163e-07
-2.8426395e-15
1.4567163e-07
-3.1849396e-15
1.4567163e-07
-3.5552611e-15
1.4567163e-07
-3.9469651e-15
1.4567163e-07
-4.3517501e-15
1.4567163e-07
-4.7578377e-15
1.4567163e-07
-5.155966e-15
1.4567164e-07
-5.5176554e-15
1.4567164e-07
-5.8626234e-15
1.4567164e-07
-6.0946049e-15
-5.9793782e-15
1.4451078e-07
-3.380014e-09
1.4451601e-07
-2.8683364e-09
1.4456564e-07
-2.4260485e-09
1.4464424e-07
-2.0489058e-09
1.4474001e-07
-1.7301688e-09
1.4484377e-07
-1.4622275e-09
1.4494856e-07
-1.2371868e-09
1.4504934e-07
-1.0476023e-09
1.4514275e-07
-8.8727003e-10
1.4522693e-07
-7.5135973e-10
1.453012e-07
-6.3594001e-10
1.4536567e-07
-5.3746909e-10
1.4542081e-07
-4.5264935e-10
1.4546719e-07
-3.7866785e-10
1.4550542e-07
-3.1356929e-10
1.4553618e-07
-2.5643655e-10
1.4556036e-07
-2.0719311e-10
1.4557905e-07
-1.6608445e-10
1.4559345e-07
-1.3309481e-10
1.4560473e-07
-1.0759163e-10
1.4561386e-07
-8.8338746e-11
1.4562152e-07
-7.379931e-11
1.4562814e-07
-6.251633e-11
1.4563395e-07
-5.3376524e-11
1.4563906e-07
-4.5680479e-11
1.4564354e-07
-3.9060749e-11
1.4564745e-07
-3.3342944e-11
1.4565083e-07
-2.8428826e-11
1.4565375e-07
-2.4232753e-11
1.4565628e-07
-2.0663622e-11
1.4565846e-07
-1.7629598e-11
1.4566033e-07
-1.5046962e-11
1.4566195e-07
-1.2844717e-11
1.4566334e-07
-1.0964491e-11
1.4566453e-07
-9.3582653e-12
1.4566555e-07
-7.9859621e-12
1.4566643e-07
-6.8136292e-12
1.4566719e-07
-5.8122237e-12
1.4566783e-07
-4.9568137e-12
1.4566838e-07
-4.2260653e-12
1.4566886e-07
-3.6018713e-12
1.4566926e-07
-3.0688478e-12
1.4566961e-07
-2.6138196e-12
1.4566991e-07
-2.2254415e-12
1.4567016e-07
-1.8939671e-12
1.4567038e-07
-1.6110719e-12
1.4567057e-07
-1.369669e-12
1.4567073e-07
-1.1637187e-12
1.4567086e-07
-9.8808481e-13
1.4567098e-07
-8.3838113e-13
1.4567108e-07
-7.1084093e-13
1.4567116e-07
-6.0222992e-13
1.4567124e-07
-5.0978187e-13
1.456713e-07
-4.3112306e-13
1.4567135e-07
-3.6420987e-13
1.456714e-07
-3.0731213e-13
1.4567144e-07
-2.5897179e-13
1.4567147e-07
-2.1794178e-13
1.456715e-07
-1.831517e-13
1.4567153e-07
-1.5367699e-13
1.4567155e-07
-1.2873789e-13
1.4567157e-07
-1.0767167e-13
1.4567158e-07
-8.9901114e-14
1.4567159e-07
-7.4933993e-14
1.4567161e-07
-6.2353453e-14
1.4567162e-07
-5.180526e-14
1.4567163e-07
-4.298696e-14
1.4567163e-07
-3.5639211e-14
1.4567164e-07
-2.9538231e-14
1.4567165e-07
-2.4493382e-14
1.4567165e-07
-2.0342246e-14
1.4567165e-07
-1.6942254e-14
1.4567166e-07
-1.4169992e-14
1.4567166e-07
-1.1918562e-14
1.4567167e-07
-1.0093897e-14
1.4567167e-07
-8.6129283e-15
1.4567167e-07
-7.4029184e-15
1.4567167e-07
-6.4011431e-15
1.4567168e-07
-5.5560601e-15
1.4567168e-07
-4.8286244e-15
1.4567168e-07
-4.1891826e-15
1.4567168e-07
-3.6151434e-15
1.4567169e-07
-3.0910391e-15
1.4567169e-07
-2.6059865e-15
1.4567169e-07
-2.1504705e-15
1.4567169e-07
-1.7144327e-15
1.4567169e-07
-1.28734e-15
1.4567169e-07
-8.5976613e-16
1.4567169e-07
-4.2485792e-16
1.4567169e-07
2.2412497e-17
1.4567169e-07
4.7531788e-16
1.456717e-07
9.3361716e-16
1.456717e-07
1.3908016e-15
1.456717e-07
1.8381089e-15
1.456717e-07
2.2683776e-15
1.456717e-07
2.6740811e-15
1.456717e-07
3.0527713e-15
1.456717e-07
3.4032647e-15
1.4567169e-07
3.7192418e-15
1.4567169e-07
3.9990398e-15
1.4567169e-07
4.2440486e-15
1.4567169e-07
4.4565635e-15
1.4567169e-07
4.6385091e-15
1.4567169e-07
4.7908127e-15
1.4567169e-07
4.9135058e-15
1.4567169e-07
5.0063188e-15
1.4567169e-07
5.069362e-15
1.4567169e-07
5.1034732e-15
1.4567169e-07
5.1103223e-15
1.4567169e-07
5.0923553e-15
1.4567169e-07
5.0527387e-15
1.4567168e-07
4.9955948e-15
1.4567168e-07
4.9263505e-15
1.4567168e-07
4.8517893e-15
1.4567168e-07
4.7795335e-15
1.4567168e-07
4.7170689e-15
1.4567168e-07
4.670824e-15
1.4567168e-07
4.6457481e-15
1.4567168e-07
4.6456215e-15
1.4567168e-07
4.6737681e-15
1.4567168e-07
4.7339761e-15
1.4567168e-07
4.8305034e-15
1.4567168e-07
4.9668107e-15
1.4567168e-07
5.1444488e-15
1.4567167e-07
5.3622442e-15
1.4567167e-07
5.6158639e-15
1.4567167e-07
5.8981572e-15
1.4567167e-07
6.200029e-15
1.4567167e-07
6.5114262e-15
1.4567167e-07
6.8221196e-15
1.4567167e-07
7.12223e-15
1.4567167e-07
7.4026404e-15
1.4567166e-07
7.6554429e-15
1.4567166e-07
7.8744785e-15
1.4567166e-07
8.0558446e-15
1.4567166e-07
8.198026e-15
1.4567166e-07
8.3014644e-15
1.4567166e-07
8.3675906e-15
1.4567165e-07
8.3976e-15
1.4567165e-07
8.3915641e-15
1.4567165e-07
8.3483593e-15
1.4567165e-07
8.2664155e-15
1.4567165e-07
8.1449365e-15
1.4567164e-07
7.985109e-15
1.4567164e-07
7.7906504e-15
1.4567164e-07
7.5673263e-15
1.4567164e-07
7.3216852e-15
1.4567164e-07
7.0595332e-15
1.4567164e-07
6.7846028e-15
1.4567164e-07
6.498388e-15
1.4567163e-07
6.2010661e-15
1.4567163e-07
5.8925745e-15
1.4567163e-07
5.5735255e-15
1.4567163e-07
5.2457614e-15
1.4567163e-07
4.912257e-15
1.4567163e-07
4.576503e-15
1.4567163e-07
4.2418221e-15
1.4567163e-07
3.9110097e-15
1.4567163e-07
3.5864094e-15
1.4567163e-07
3.2702629e-15
1.4567163e-07
2.9650191e-15
1.4567162e-07
2.6732851e-15
1.4567162e-07
2.397279e-15
1.4567162e-07
2.1379636e-15
1.4567162e-07
1.8944486e-15
1.4567162e-07
1.6643475e-15
1.4567162e-07
1.4450241e-15
1.4567162e-07
1.2347422e-15
1.4567162e-07
1.0329381e-15
1.4567162e-07
8.399394e-16
1.4567162e-07
6.5662703e-16
1.4567162e-07
4.835863e-16
1.4567162e-07
3.1962446e-16
1.4567162e-07
1.6113379e-16
1.4567162e-07
3.1767441e-18
1.4567162e-07
-1.5914957e-16
1.4567162e-07
-3.2982488e-16
1.4567162e-07
-5.106519e-16
1.4567162e-07
-7.0063787e-16
1.4567162e-07
-8.9700033e-16
1.4567162e-07
-1.0961773e-15
1.4567162e-07
-1.2961517e-15
1.4567162e-07
-1.498576e-15
1.4567162e-07
-1.7085035e-15
1.4567162e-07
-1.933701e-15
1.4567162e-07
-2.1830731e-15
1.4567163e-07
-2.4644402e-15
1.4567163e-07
-2.783624e-15
1.4567163e-07
-3.1439599e-15
1.4567163e-07
-3.5457041e-15
1.4567163e-07
-3.986243e-15
1.4567163e-07
-4.4611613e-15
1.4567163e-07
-4.9654255e-15
1.4567163e-07
-5.4932435e-15
1.4567163e-07
-6.0299284e-15
1.4567163e-07
-6.5755938e-15
1.4567163e-07
-7.059424e-15
1.4567164e-07
-7.5609119e-15
1.4567164e-07
-7.9154558e-15
-7.8519778e-15
1.4578077e-07
-3.1186263e-09
1.4559588e-07
-2.6834461e-09
1.4547161e-07
-2.3017838e-09
1.4539386e-07
-1.9711563e-09
1.4535216e-07
-1.6884634e-09
1.4533867e-07
-1.4487379e-09
1.4534683e-07
-1.2453531e-09
1.4537049e-07
-1.0712598e-09
1.4540377e-07
-9.2054949e-10
1.454415e-07
-7.8909133e-10
1.4547964e-07
-6.7408207e-10
1.4551543e-07
-5.7325084e-10
1.4554717e-07
-4.8439723e-10
1.4557401e-07
-4.0550582e-10
1.4559563e-07
-3.3518522e-10
1.4561216e-07
-2.7296664e-10
1.4562414e-07
-2.1917011e-10
1.4563241e-07
-1.7435923e-10
1.45638e-07
-1.3868335e-10
1.4564189e-07
-1.1147913e-10
1.4564486e-07
-9.1314239e-11
1.4564744e-07
-7.637627e-11
1.4564987e-07
-6.4948032e-11
1.4565223e-07
-5.573262e-11
1.4565448e-07
-4.7936785e-11
1.4565659e-07
-4.1168131e-11
1.4565851e-07
-3.5264178e-11
1.4566023e-07
-3.014909e-11
1.4566175e-07
-2.5755551e-11
1.4566309e-07
-2.2002528e-11
1.4566427e-07
-1.8801712e-11
1.4566529e-07
-1.6069498e-11
1.4566618e-07
-1.3733866e-11
1.4566695e-07
-1.1735219e-11
1.4566761e-07
-1.0024371e-11
1.4566819e-07
-8.5602743e-12
1.4566868e-07
-7.308039e-12
1.4566911e-07
-6.237466e-12
1.4566947e-07
-5.3221319e-12
1.4566979e-07
-4.5393454e-12
1.4567006e-07
-3.8702767e-12
1.4567029e-07
-3.298865e-12
1.4567048e-07
-2.8111071e-12
1.4567065e-07
-2.3947416e-12
1.456708e-07
-2.039221e-12
1.4567092e-07
-1.7356112e-12
1.4567103e-07
-1.4763702e-12
1.4567112e-07
-1.2550711e-12
1.456712e-07
-1.066291e-12
1.4567126e-07
-9.0535861e-13
1.4567132e-07
-7.6821884e-13
1.4567137e-07
-6.513784e-13
1.4567141e-07
-5.5189809e-13
1.4567145e-07
-4.6726836e-13
1.4567148e-07
-3.9524312e-13
1.4567151e-07
-3.3393429e-13
1.4567153e-07
-2.818125e-13
1.4567155e-07
-2.3755939e-13
1.4567157e-07
-2.0001313e-13
1.4567158e-07
-1.68168e-13
1.4567159e-07
-1.412214e-13
1.456716e-07
-1.1846495e-13
1.4567161e-07
-9.925101e-14
1.4567162e-07
-8.305417e-14
1.4567163e-07
-6.9427562e-14
1.4567163e-07
-5.7989394e-14
1.4567164e-07
-4.8413949e-14
1.4567165e-07
-4.042182e-14
1.4567165e-07
-3.3778545e-14
1.4567165e-07
-2.8287802e-14
1.4567166e-07
-2.3780222e-14
1.4567166e-07
-2.0101836e-14
1.4567166e-07
-1.711363e-14
1.4567167e-07
-1.4695708e-14
1.4567167e-07
-1.2738435e-14
1.4567167e-07
-1.1143769e-14
1.4567167e-07
-9.82706e-15
1.4567168e-07
-8.7182778e-15
1.4567168e-07
-7.7619745e-15
1.4567168e-07
-6.9167682e-15
1.4567168e-07
-6.1545966e-15
1.4567168e-07
-5.4569912e-15
1.4567169e-07
-4.8099441e-15
1.4567169e-07
-4.2010926e-15
1.4567169e-07
-3.6183234e-15
1.4567169e-07
-3.0496866e-15
1.4567169e-07
-2.4842182e-15
1.4567169e-07
-1.9132545e-15
1.4567169e-07
-1.3318319e-15
1.4567169e-07
-7.3880271e-16
1.4567169e-07
-1.3639602e-16
1.4567169e-07
4.69361e-16
1.4567169e-07
1.0745291e-15
1.456717e-07
1.6695681e-15
1.456717e-07
2.241334e-15
1.456717e-07
2.7802304e-15
1.4567169e-07
3.2824523e-15
1.4567169e-07
3.7479186e-15
1.4567169e-07
4.1747123e-15
1.4567169e-07
4.5604423e-15
1.4567169e-07
4.9034933e-15
1.4567169e-07
5.2027466e-15
1.4567169e-07
5.4575189e-15
1.4567169e-07
5.6674379e-15
1.4567169e-07
5.8323959e-15
1.4567169e-07
5.9526961e-15
1.4567169e-07
6.0292492e-15
1.4567169e-07
6.0635973e-15
1.4567169e-07
6.0581851e-15
1.4567168e-07
6.0165587e-15
1.4567168e-07
5.9436102e-15
1.4567168e-07
5.8462129e-15
1.4567168e-07
5.7333475e-15
1.4567168e-07
5.6154685e-15
1.4567168e-07
5.5032935e-15
1.4567168e-07
5.406555e-15
1.4567168e-07
5.3333738e-15
1.4567168e-07
5.290318e-15
1.4567168e-07
5.2830905e-15
1.4567168e-07
5.3172129e-15
1.4567168e-07
5.3985848e-15
1.4567168e-07
5.5325578e-15
1.4567168e-07
5.721913e-15
1.4567167e-07
5.9662659e-15
1.4567167e-07
6.2617998e-15
1.4567167e-07
6.6012119e-15
1.4567167e-07
6.9745707e-15
1.4567167e-07
7.3703868e-15
1.4567167e-07
7.776522e-15
1.4567167e-07
8.1808415e-15
1.4567167e-07
8.5717324e-15
1.4567166e-07
8.9385932e-15
1.4567166e-07
9.272416e-15
1.4567166e-07
9.5663129e-15
1.4567166e-07
9.815582e-15
1.4567166e-07
1.0017306e-14
1.4567166e-07
1.0169552e-14
1.4567165e-07
1.0270491e-14
1.4567165e-07
1.0318018e-14
1.4567165e-07
1.0310181e-14
1.4567165e-07
1.0246087e-14
1.4567165e-07
1.0126897e-14
1.4567164e-07
9.9565986e-15
1.4567164e-07
9.7419203e-15
1.4567164e-07
9.4912003e-15
1.4567164e-07
9.2127284e-15
1.4567164e-07
8.9131318e-15
1.4567164e-07
8.5962794e-15
1.4567163e-07
8.2631236e-15
1.4567163e-07
7.9134391e-15
1.4567163e-07
7.5470468e-15
1.4567163e-07
7.1642521e-15
1.4567163e-07
6.766908e-15
1.4567163e-07
6.3583898e-15
1.4567163e-07
5.9428786e-15
1.4567163e-07
5.524586e-15
1.4567163e-07
5.1073581e-15
1.4567163e-07
4.6947965e-15
1.4567162e-07
4.2906803e-15
1.4567162e-07
3.8991674e-15
1.4567162e-07
3.5244311e-15
1.4567162e-07
3.1698858e-15
1.4567162e-07
2.8373503e-15
1.4567162e-07
2.5264622e-15
1.4567162e-07
2.2347111e-15
1.4567162e-07
1.9583373e-15
1.4567162e-07
1.6937482e-15
1.4567162e-07
1.438662e-15
1.4567162e-07
1.192503e-15
1.4567162e-07
9.5613148e-16
1.4567162e-07
7.310107e-16
1.4567162e-07
5.1790332e-16
1.4567162e-07
3.1578373e-16
1.4567162e-07
1.2173486e-16
1.4567162e-07
-6.8300676e-17
1.4567162e-07
-2.5845646e-16
1.4567162e-07
-4.5192438e-16
1.4567162e-07
-6.5001614e-16
1.4567162e-07
-8.524194e-16
1.4567162e-07
-1.0583719e-15
1.4567162e-07
-1.2677938e-15
1.4567162e-07
-1.4827385e-15
1.4567162e-07
-1.7085124e-15
1.4567162e-07
-1.9526153e-15
1.4567162e-07
-2.2239322e-15
1.4567162e-07
-2.5312363e-15
1.4567162e-07
-2.8811463e-15
1.4567162e-07
-3.2775755e-15
1.4567162e-07
-3.7216604e-15
1.4567162e-07
-4.2123712e-15
1.4567163e-07
-4.7474993e-15
1.4567163e-07
-5.3239292e-15
1.4567163e-07
-5.9377586e-15
1.4567163e-07
-6.5848054e-15
1.4567163e-07
-7.2580122e-15
1.4567163e-07
-7.9481089e-15
1.4567163e-07
-8.6135356e-15
1.4567163e-07
-9.3226818e-15
1.4567164e-07
-1.0005265e-14
-1.0202999e-14
1.4681853e-07
-2.7404949e-09
1.4652177e-07
-2.3866941e-09
1.4629128e-07
-2.0712876e-09
1.4611026e-07
-1.7901424e-09
1.4596699e-07
-1.5451892e-09
1.458554e-07
-1.3371455e-09
1.4577255e-07
-1.1625036e-09
1.4571595e-07
-1.0146628e-09
1.4568214e-07
-8.8674097e-10
1.4566641e-07
-7.7336224e-10
1.4566335e-07
-6.7101872e-10
1.4566773e-07
-5.7763065e-10
1.4567518e-07
-4.9184775e-10
1.456825e-07
-4.1282686e-10
1.4568774e-07
-3.4042032e-10
1.4569007e-07
-2.7529821e-10
1.456896e-07
-2.1870183e-10
1.4568705e-07
-1.718081e-10
1.4568339e-07
-1.3502352e-10
1.4567954e-07
-1.0762561e-10
1.4567614e-07
-8.792174e-11
1.4567354e-07
-7.3770451e-11
1.4567176e-07
-6.317411e-11
1.456707e-07
-5.4664076e-11
1.4567014e-07
-4.7382354e-11
1.4566992e-07
-4.094481e-11
1.4566989e-07
-3.5232178e-11
1.4566995e-07
-3.0217794e-11
1.4567007e-07
-2.5873226e-11
1.4567021e-07
-2.2141783e-11
1.4567036e-07
-1.8947969e-11
1.456705e-07
-1.6214138e-11
1.4567064e-07
-1.3871258e-11
1.4567077e-07
-1.1861698e-11
1.4567088e-07
-1.0137996e-11
1.4567098e-07
-8.660775e-12
1.4567107e-07
-7.3966635e-12
1.4567115e-07
-6.3161336e-12
1.4567122e-07
-5.3908154e-12
1.4567127e-07
-4.5977064e-12
1.4567132e-07
-3.9198697e-12
1.4567137e-07
-3.3417109e-12
1.456714e-07
-2.8488015e-12
1.4567144e-07
-2.4279291e-12
1.4567147e-07
-2.0683207e-12
1.4567149e-07
-1.7609879e-12
1.4567151e-07
-1.4980918e-12
1.4567153e-07
-1.2734834e-12
1.4567155e-07
-1.082044e-12
1.4567156e-07
-9.1895724e-13
1.4567157e-07
-7.8001425e-13
1.4567158e-07
-6.6163527e-13
1.4567159e-07
-5.60847e-13
1.456716e-07
-4.7507975e-13
1.4567161e-07
-4.0196744e-13
1.4567161e-07
-3.3966955e-13
1.4567162e-07
-2.8677066e-13
1.4567162e-07
-2.4189774e-13
1.4567163e-07
-2.0388158e-13
1.4567163e-07
-1.7167954e-13
1.4567163e-07
-1.4436618e-13
1.4567164e-07
-1.2125927e-13
1.4567164e-07
-1.0176498e-13
1.4567164e-07
-8.5345048e-14
1.4567164e-07
-7.1537421e-14
1.4567164e-07
-5.994993e-14
1.4567165e-07
-5.0250864e-14
1.4567165e-07
-4.2160809e-14
1.4567165e-07
-3.5445761e-14
1.4567165e-07
-2.9912349e-14
1.4567165e-07
-2.5395774e-14
1.4567165e-07
-2.1741021e-14
1.4567166e-07
-1.8802505e-14
1.4567166e-07
-1.6448266e-14
1.4567166e-07
-1.455549e-14
1.4567166e-07
-1.3013926e-14
1.4567166e-07
-1.172961e-14
1.4567167e-07
-1.0627281e-14
1.4567167e-07
-9.6511136e-15
1.4567167e-07
-8.7630526e-15
1.4567167e-07
-7.9388583e-15
1.4567167e-07
-7.1633666e-15
1.4567167e-07
-6.4257412e-15
1.4567168e-07
-5.7161744e-15
1.4567168e-07
-5.0242855e-15
1.4567168e-07
-4.3392656e-15
1.4567168e-07
-3.6511612e-15
1.4567168e-07
-2.9521262e-15
1.4567168e-07
-2.2373723e-15
1.4567168e-07
-1.5054719e-15
1.4567168e-07
-7.5816749e-16
1.4567168e-07
-1.3390612e-19
1.4567168e-07
7.5953621e-16
1.4567168e-07
1.512315e-15
1.4567168e-07
2.2442837e-15
1.4567168e-07
2.9410667e-15
1.4567168e-07
3.5915041e-15
1.4567168e-07
4.1902848e-15
1.4567168e-07
4.7359145e-15
1.4567168e-07
5.2277478e-15
1.4567168e-07
5.6644881e-15
1.4567168e-07
6.0442053e-15
1.4567168e-07
6.3650328e-15
1.4567168e-07
6.6256841e-15
1.4567168e-07
6.8256517e-15
1.4567168e-07
6.9653512e-15
1.4567168e-07
7.0462699e-15
1.4567167e-07
7.0708701e-15
1.4567167e-07
7.0425537e-15
1.4567167e-07
6.966167e-15
1.4567167e-07
6.8487547e-15
1.4567167e-07
6.6999927e-15
1.4567167e-07
6.5319012e-15
1.4567167e-07
6.3579005e-15
1.4567167e-07
6.1915915e-15
1.4567167e-07
6.0457628e-15
1.4567167e-07
5.9319753e-15
1.4567167e-07
5.8606095e-15
1.4567167e-07
5.8411035e-15
1.4567167e-07
5.8819103e-15
1.4567166e-07
5.9899612e-15
1.4567166e-07
6.1696399e-15
1.4567166e-07
6.421673e-15
1.4567166e-07
6.7426944e-15
1.4567166e-07
7.1255168e-15
1.4567166e-07
7.55988e-15
1.4567166e-07
8.0334661e-15
1.4567166e-07
8.5328268e-15
1.4567166e-07
9.0440767e-15
1.4567166e-07
9.5534181e-15
1.4567165e-07
1.0047648e-14
1.4567165e-07
1.0514675e-14
1.4567165e-07
1.0943963e-14
1.4567165e-07
1.1326736e-14
1.4567165e-07
1.165576e-14
1.4567165e-07
1.1924872e-14
1.4567164e-07
1.2128574e-14
1.4567164e-07
1.226194e-14
1.4567164e-07
1.2321152e-14
1.4567164e-07
1.2304654e-14
1.4567164e-07
1.2214279e-14
1.4567163e-07
1.2055659e-14
1.4567163e-07
1.1837727e-14
1.4567163e-07
1.1571255e-14
1.4567163e-07
1.126678e-14
1.4567163e-07
1.0932666e-14
1.4567163e-07
1.0574048e-14
1.4567162e-07
1.0192938e-14
1.4567162e-07
9.7893312e-15
1.4567162e-07
9.362882e-15
1.4567162e-07
8.9143555e-15
1.4567162e-07
8.446161e-15
1.4567162e-07
7.9621872e-15
1.4567162e-07
7.4671171e-15
1.4567161e-07
6.9656303e-15
1.4567161e-07
6.4619829e-15
1.4567161e-07
5.9601638e-15
1.4567161e-07
5.4644402e-15
1.4567161e-07
4.9798654e-15
1.4567161e-07
4.5122119e-15
1.4567161e-07
4.067094e-15
1.4567161e-07
3.6486305e-15
1.4567161e-07
3.258298e-15
1.4567161e-07
2.8945432e-15
1.4567161e-07
2.5534383e-15
1.4567161e-07
2.2301206e-15
1.4567161e-07
1.9202729e-15
1.4567161e-07
1.6210928e-15
1.4567161e-07
1.3317513e-15
1.4567161e-07
1.0532889e-15
1.4567161e-07
7.8760037e-16
1.4567161e-07
5.3588352e-16
1.4567161e-07
2.9781243e-16
1.4567161e-07
7.1691663e-17
1.4567161e-07
-1.4525592e-16
1.4567161e-07
-3.5638188e-16
1.4567161e-07
-5.6438221e-16
1.4567161e-07
-7.7082466e-16
1.4567161e-07
-9.7731022e-16
1.4567161e-07
-1.1861592e-15
1.4567161e-07
-1.4012148e-15
1.4567161e-07
-1.6287216e-15
1.4567161e-07
-1.8769637e-15
1.4567161e-07
-2.1549708e-15
1.4567161e-07
-2.4717086e-15
1.4567161e-07
-2.8347123e-15
1.4567161e-07
-3.2488771e-15
1.4567161e-07
-3.7167684e-15
1.4567161e-07
-4.2392084e-15
1.4567161e-07
-4.8161751e-15
1.4567161e-07
-5.4477869e-15
1.4567161e-07
-6.1341809e-15
1.4567161e-07
-6.87438e-15
1.4567162e-07
-7.6647083e-15
1.4567162e-07
-8.4983989e-15
1.4567162e-07
-9.3566553e-15
1.4567162e-07
-1.0212483e-14
1.4567162e-07
-1.1137571e-14
1.4567162e-07
-1.2005448e-14
-1.2494245e-14
1.4762e-07
-2.2859223e-09
1.4725834e-07
-2.0250372e-09
1.4697213e-07
-1.7850755e-09
1.4673776e-07
-1.5557686e-09
1.4653781e-07
-1.3452431e-09
1.4636347e-07
-1.1628056e-09
1.4621203e-07
-1.0110617e-09
1.4608423e-07
-8.8686007e-10
1.4598193e-07
-7.8444979e-10
1.4590563e-07
-6.9705914e-10
1.4585298e-07
-6.1836532e-10
1.4581925e-07
-5.4390633e-10
1.4579852e-07
-4.711104e-10
1.4578498e-07
-3.9929341e-10
1.4577411e-07
-3.2954456e-10
1.4576314e-07
-2.6433493e-10
1.4575116e-07
-2.0671625e-10
1.4573852e-07
-1.5916715e-10
1.4572617e-07
-1.2267867e-10
1.4571505e-07
-9.6499809e-11
1.4570571e-07
-7.8587747e-11
1.4569832e-07
-6.637419e-11
1.4569268e-07
-5.7542787e-11
1.4568848e-07
-5.0462817e-11
1.4568534e-07
-4.4243678e-11
1.4568295e-07
-3.8550918e-11
1.4568107e-07
-3.3349822e-11
1.4567955e-07
-2.8695218e-11
1.4567829e-07
-2.461772e-11
1.4567724e-07
-2.1096137e-11
1.4567637e-07
-1.8074234e-11
1.4567564e-07
-1.5484158e-11
1.4567503e-07
-1.3258653e-11
1.4567451e-07
-1.1341687e-11
1.4567406e-07
-9.6934577e-12
1.4567368e-07
-8.28081e-12
1.4567336e-07
-7.0719303e-12
1.4567308e-07
-6.0383444e-12
1.4567285e-07
-5.1548077e-12
1.4567265e-07
-4.3987526e-12
1.4567248e-07
-3.751239e-12
1.4567233e-07
-3.1978433e-12
1.4567221e-07
-2.7256358e-12
1.4567211e-07
-2.3224048e-12
1.4567202e-07
-1.9780251e-12
1.4567194e-07
-1.6835633e-12
1.4567187e-07
-1.4322089e-12
1.4567182e-07
-1.2180797e-12
1.4567177e-07
-1.0353735e-12
1.4567173e-07
-8.7946056e-13
1.456717e-07
-7.4647768e-13
1.4567167e-07
-6.3310293e-13
1.4567164e-07
-5.3649357e-13
1.4567162e-07
-4.5420649e-13
1.4567161e-07
-3.8412358e-13
1.4567159e-07
-3.2452062e-13
1.4567158e-07
-2.7392572e-13
1.4567157e-07
-2.3097955e-13
1.4567156e-07
-1.9455514e-13
1.4567155e-07
-1.6371579e-13
1.4567154e-07
-1.3764096e-13
1.4567154e-07
-1.1563034e-13
1.4567153e-07
-9.7087245e-14
1.4567153e-07
-8.1494545e-14
1.4567152e-07
-6.840631e-14
1.4567152e-07
-5.7443136e-14
1.4567152e-07
-4.8286342e-14
1.4567152e-07
-4.0671295e-14
1.4567152e-07
-3.4379953e-14
1.4567152e-07
-2.9231694e-14
1.4567152e-07
-2.5070762e-14
1.4567152e-07
-2.1752997e-14
1.4567152e-07
-1.9138344e-14
1.4567152e-07
-1.7089191e-14
1.4567152e-07
-1.547286e-14
1.4567152e-07
-1.4168011e-14
1.4567152e-07
-1.3071809e-14
1.4567152e-07
-1.2104629e-14
1.4567152e-07
-1.1211693e-14
1.4567153e-07
-1.0360713e-14
1.4567153e-07
-9.5350907e-15
1.4567153e-07
-8.7274459e-15
1.4567153e-07
-7.9344249e-15
1.4567153e-07
-7.1525617e-15
1.4567153e-07
-6.376154e-15
1.4567153e-07
-5.5971204e-15
1.4567154e-07
-4.8060942e-15
1.4567154e-07
-3.9940519e-15
1.4567154e-07
-3.1540406e-15
1.4567154e-07
-2.2827107e-15
1.4567154e-07
-1.3814845e-15
1.4567154e-07
-4.5724806e-16
1.4567154e-07
4.7743011e-16
1.4567154e-07
1.4073446e-15
1.4567154e-07
2.3146228e-15
1.4567154e-07
3.1813425e-15
1.4567154e-07
3.9926057e-15
1.4567154e-07
4.7386046e-15
1.4567154e-07
5.4143643e-15
1.4567154e-07
6.0179344e-15
1.4567154e-07
6.5484388e-15
1.4567154e-07
7.0049109e-15
1.4567153e-07
7.3861343e-15
1.4567153e-07
7.6909961e-15
1.4567153e-07
7.9187702e-15
1.4567153e-07
8.0697007e-15
1.4567153e-07
8.1456553e-15
1.4567153e-07
8.1498409e-15
1.4567153e-07
8.0865671e-15
1.4567153e-07
7.9619718e-15
1.4567153e-07
7.7849531e-15
1.4567152e-07
7.5675354e-15
1.4567152e-07
7.3245119e-15
1.4567152e-07
7.0725741e-15
1.4567152e-07
6.8293229e-15
1.4567152e-07
6.6124841e-15
1.4567152e-07
6.4393265e-15
1.4567152e-07
6.3260552e-15
1.4567152e-07
6.2869694e-15
1.4567152e-07
6.3333655e-15
1.4567152e-07
6.4724761e-15
1.4567152e-07
6.7066855e-15
1.4567152e-07
7.0332932e-15
1.4567152e-07
7.4449969e-15
1.4567152e-07
7.9309043e-15
1.4567152e-07
8.4776687e-15
1.4567152e-07
9.0704336e-15
1.4567151e-07
9.6934766e-15
1.4567151e-07
1.033066e-14
1.4567151e-07
1.0965863e-14
1.4567151e-07
1.1583487e-14
1.4567151e-07
1.2168978e-14
1.4567151e-07
1.2709138e-14
1.456715e-07
1.3192121e-14
1.456715e-07
1.3607237e-14
1.456715e-07
1.3944858e-14
1.456715e-07
1.4196732e-14
1.456715e-07
1.4356564e-14
1.4567149e-07
1.4421033e-14
1.4567149e-07
1.4391159e-14
1.4567149e-07
1.4272816e-14
1.4567149e-07
1.407599e-14
1.4567149e-07
1.3813075e-14
1.4567148e-07
1.3496588e-14
1.4567148e-07
1.3136977e-14
1.4567148e-07
1.2741213e-14
1.4567148e-07
1.2312841e-14
1.4567148e-07
1.1853236e-14
1.4567148e-07
1.1363249e-14
1.4567147e-07
1.084468e-14
1.4567147e-07
1.0300985e-14
1.4567147e-07
9.7370662e-15
1.4567147e-07
9.1584558e-15
1.4567147e-07
8.5704161e-15
1.4567147e-07
7.9774667e-15
1.4567147e-07
7.3836019e-15
1.4567147e-07
6.7930417e-15
1.4567147e-07
6.2109945e-15
1.4567147e-07
5.6438889e-15
1.4567146e-07
5.0988124e-15
1.4567146e-07
4.5822751e-15
1.4567146e-07
4.0987101e-15
1.4567146e-07
3.6492803e-15
1.4567146e-07
3.2315833e-15
1.4567146e-07
2.8405522e-15
1.4567146e-07
2.470198e-15
1.4567146e-07
2.1153243e-15
1.4567146e-07
1.7726426e-15
1.4567146e-07
1.4412866e-15
1.4567146e-07
1.122623e-15
1.4567146e-07
8.1906918e-16
1.4567146e-07
5.3249397e-16
1.4567146e-07
2.6347775e-16
1.4567146e-07
1.1463528e-17
1.4567146e-07
-2.2517048e-16
1.4567146e-07
-4.4892579e-16
1.4567146e-07
-6.6243256e-16
1.4567146e-07
-8.6851114e-16
1.4567146e-07
-1.071403e-15
1.4567146e-07
-1.2770837e-15
1.4567146e-07
-1.4933665e-15
1.4567146e-07
-1.7298888e-15
1.4567146e-07
-1.9968401e-15
1.4567146e-07
-2.3037233e-15
1.4567146e-07
-2.6586562e-15
1.4567146e-07
-3.0674122e-15
1.4567146e-07
-3.5334891e-15
1.4567146e-07
-4.0595692e-15
1.4567146e-07
-4.6484919e-15
1.4567146e-07
-5.303677e-15
1.4567147e-07
-6.0296177e-15
1.4567147e-07
-6.831661e-15
1.4567147e-07
-7.7144363e-15
1.4567147e-07
-8.679423e-15
1.4567147e-07
-9.7238473e-15
1.4567147e-07
-1.0837494e-14
1.4567147e-07
-1.2007528e-14
1.4567147e-07
-1.3203657e-14
1.4567148e-07
-1.437579e-14
-1.5224726e-14
1.4823294e-07
-1.7608072e-09
1.4782742e-07
-1.61952e-09
1.4751269e-07
-1.4703457e-09
1.4725438e-07
-1.2974546e-09
1.4703062e-07
-1.1214824e-09
1.4682852e-07
-9.6070879e-10
1.4664025e-07
-8.2279398e-10
1.4646421e-07
-7.108154e-10
1.4630526e-07
-6.2550462e-10
1.4616965e-07
-5.6144373e-10
1.4606169e-07
-5.1041419e-10
1.4598174e-07
-4.639544e-10
1.4592549e-07
-4.1486289e-10
1.4588593e-07
-3.5973323e-10
1.4585583e-07
-2.9944327e-10
1.4582984e-07
-2.383366e-10
1.4580538e-07
-1.8225848e-10
1.4578215e-07
-1.3593966e-10
1.45761e-07
-1.0153352e-10
1.4574292e-07
-7.8411081e-11
1.4572828e-07
-6.3955479e-11
1.4571691e-07
-5.5003995e-11
1.4570831e-07
-4.8934564e-11
1.4570183e-07
-4.3982828e-11
1.4569685e-07
-3.9269615e-11
1.4569288e-07
-3.4582543e-11
1.4568959e-07
-3.0057226e-11
1.4568679e-07
-2.5894309e-11
1.4568438e-07
-2.2210003e-11
1.4568231e-07
-1.9023104e-11
1.4568053e-07
-1.6291951e-11
1.4567899e-07
-1.3950937e-11
1.4567767e-07
-1.1939802e-11
1.4567655e-07
-1.021501e-11
1.4567559e-07
-8.7372156e-12
1.4567478e-07
-7.4688701e-12
1.4567409e-07
-6.3801738e-12
1.456735e-07
-5.4468768e-12
1.4567299e-07
-4.6474686e-12
1.4567255e-07
-3.963109e-12
1.4567218e-07
-3.377483e-12
1.4567186e-07
-2.8776478e-12
1.4567158e-07
-2.4512033e-12
1.4567135e-07
-2.0865625e-12
1.4567115e-07
-1.7751374e-12
1.4567097e-07
-1.5093405e-12
1.4567082e-07
-1.2826647e-12
1.4567069e-07
-1.089565e-12
1.4567058e-07
-9.2507504e-13
1.4567049e-07
-7.8491877e-13
1.4567041e-07
-6.6548638e-13
1.4567034e-07
-5.6372901e-13
1.4567028e-07
-4.7706672e-13
1.4567023e-07
-4.0330588e-13
1.4567018e-07
-3.4057235e-13
1.4567015e-07
-2.8727181e-13
1.4567012e-07
-2.4203893e-13
1.4567009e-07
-2.0369366e-13
1.4567006e-07
-1.7123413e-13
1.4567004e-07
-1.4381227e-13
1.4567003e-07
-1.2069808e-13
1.4567001e-07
-1.0125811e-13
1.4567e-07
-8.4942515e-14
1.4566999e-07
-7.1274683e-14
1.4566998e-07
-5.9845456e-14
1.4566998e-07
-5.0309832e-14
1.4566997e-07
-4.2383021e-14
1.4566996e-07
-3.583421e-14
1.4566996e-07
-3.0477465e-14
1.4566996e-07
-2.6159778e-14
1.4566996e-07
-2.2747177e-14
1.4566995e-07
-2.0111522e-14
1.4566995e-07
-1.8121284e-14
1.4566995e-07
-1.6638892e-14
1.4566995e-07
-1.5525395e-14
1.4566995e-07
-1.4650341e-14
1.4566995e-07
-1.3903486e-14
1.4566995e-07
-1.3201269e-14
1.4566996e-07
-1.2492318e-14
1.4566996e-07
-1.1755208e-14
1.4566996e-07
-1.0985093e-14
1.4566996e-07
-1.0186719e-14
1.4566996e-07
-9.3699518e-15
1.4566996e-07
-8.5426943e-15
1.4566996e-07
-7.7063629e-15
1.4566997e-07
-6.8550762e-15
1.4566997e-07
-5.9775309e-15
1.4566997e-07
-5.0605422e-15
1.4566997e-07
-4.0931774e-15
1.4566997e-07
-3.0704135e-15
1.4566997e-07
-1.9956055e-15
1.4566997e-07
-8.8126896e-16
1.4566997e-07
2.5238744e-16
1.4566997e-07
1.3816155e-15
1.4566997e-07
2.4821828e-15
1.4566997e-07
3.5322801e-15
1.4566997e-07
4.5143232e-15
1.4566997e-07
5.4157112e-15
1.4566997e-07
6.2287812e-15
1.4566997e-07
6.9497461e-15
1.4566997e-07
7.5770951e-15
1.4566997e-07
8.1104071e-15
1.4566996e-07
8.5496906e-15
1.4566996e-07
8.8947427e-15
1.4566996e-07
9.1442886e-15
1.4566996e-07
9.2979377e-15
1.4566996e-07
9.3584991e-15
1.4566996e-07
9.3296738e-15
1.4566996e-07
9.2155931e-15
1.4566996e-07
9.0229099e-15
1.4566996e-07
8.7621689e-15
1.4566995e-07
8.44808e-15
1.4566995e-07
8.0992077e-15
1.4566995e-07
7.7372647e-15
1.4566995e-07
7.3861955e-15
1.4566995e-07
7.0711575e-15
1.4566995e-07
6.817191e-15
1.4566995e-07
6.6474353e-15
1.4566995e-07
6.5810521e-15
1.4566995e-07
6.6315058e-15
1.4566995e-07
6.8057055e-15
1.4566995e-07
7.1037424e-15
1.4566995e-07
7.5193796e-15
1.4566995e-07
8.0412476e-15
1.4566995e-07
8.6543357e-15
1.4566995e-07
9.3413384e-15
1.4566995e-07
1.0083581e-14
1.4566994e-07
1.0861549e-14
1.4566994e-07
1.1655297e-14
1.4566994e-07
1.2444896e-14
1.4566994e-07
1.3210982e-14
1.4566994e-07
1.3935325e-14
1.4566994e-07
1.4601072e-14
1.4566993e-07
1.5192748e-14
1.4566993e-07
1.5696405e-14
1.4566993e-07
1.6100128e-14
1.4566993e-07
1.6395094e-14
1.4566993e-07
1.6575693e-14
1.4566992e-07
1.6640611e-14
1.4566992e-07
1.6594938e-14
1.4566992e-07
1.6448776e-14
1.4566992e-07
1.6215016e-14
1.4566992e-07
1.5907216e-14
1.4566991e-07
1.5537484e-14
1.4566991e-07
1.5115111e-14
1.4566991e-07
1.4645561e-14
1.4566991e-07
1.4132012e-14
1.4566991e-07
1.3577133e-14
1.456699e-07
1.29844e-14
1.456699e-07
1.2358951e-14
1.456699e-07
1.1707399e-14
1.456699e-07
1.1036916e-14
1.456699e-07
1.035415e-14
1.456699e-07
9.6645281e-15
1.456699e-07
8.9723126e-15
1.456699e-07
8.2814188e-15
1.456699e-07
7.5965503e-15
1.4566989e-07
6.9239752e-15
1.4566989e-07
6.2714456e-15
1.4566989e-07
5.6471931e-15
1.4566989e-07
5.0583218e-15
1.4566989e-07
4.50912e-15
1.4566989e-07
3.9999388e-15
1.4566989e-07
3.5272372e-15
1.4566989e-07
3.0849046e-15
1.4566989e-07
2.6662365e-15
1.4566989e-07
2.2656848e-15
1.4566989e-07
1.8799752e-15
1.4566989e-07
1.5085575e-15
1.4566989e-07
1.1531812e-15
1.4566989e-07
8.1658479e-16
1.4566989e-07
5.0116158e-16
1.4566989e-07
2.0843069e-16
1.4566989e-07
-6.1112725e-17
1.4566989e-07
-3.0828969e-16
1.4566989e-07
-5.3518584e-16
1.4566989e-07
-7.4502297e-16
1.4566989e-07
-9.4281731e-16
1.4566989e-07
-1.1358942e-15
1.4566989e-07
-1.3334083e-15
1.4566989e-07
-1.5459557e-15
1.4566989e-07
-1.7849578e-15
1.4566989e-07
-2.0610902e-15
1.4566989e-07
-2.3833099e-15
1.4566989e-07
-2.7587764e-15
1.4566989e-07
-3.1928021e-15
1.4566989e-07
-3.6895218e-15
1.4566989e-07
-4.2534952e-15
1.4566989e-07
-4.891071e-15
1.4566989e-07
-5.6110294e-15
1.4566989e-07
-6.4244222e-15
1.4566989e-07
-7.3437018e-15
1.4566989e-07
-8.3813094e-15
1.456699e-07
-9.5468615e-15
1.456699e-07
-1.0845068e-14
1.456699e-07
-1.2275466e-14
1.456699e-07
-1.3828237e-14
1.456699e-07
-1.5485832e-14
1.456699e-07
-1.7296952e-14
-1.8769775e-14
1.4868106e-07
-1.1611825e-09
1.4825064e-07
-1.1890936e-09
1.4793073e-07
-1.1504418e-09
1.4766718e-07
-1.0339011e-09
1.4743997e-07
-8.9426956e-10
1.4723535e-07
-7.5608813e-10
1.4703668e-07
-6.2413059e-10
1.4683437e-07
-5.0850043e-10
1.4663626e-07
-4.2740111e-10
1.4645022e-07
-3.7539564e-10
1.4628563e-07
-3.4583099e-10
1.4615099e-07
-3.2931525e-10
1.4604849e-07
-3.1235466e-10
1.4597311e-07
-2.8435703e-10
1.4591647e-07
-2.4280848e-10
1.4587127e-07
-1.9313002e-10
1.4583316e-07
-1.4414822e-10
1.4580042e-07
-1.0320015e-10
1.4577258e-07
-7.3692222e-11
1.4574957e-07
-5.540066e-11
1.4573137e-07
-4.5763218e-11
1.4571768e-07
-4.1314107e-11
1.4570758e-07
-3.883268e-11
1.4569996e-07
-3.6362359e-11
1.456939e-07
-3.3208512e-11
1.456888e-07
-2.9486877e-11
1.4568437e-07
-2.5622989e-11
1.4568046e-07
-2.1987444e-11
1.4567702e-07
-1.8767564e-11
1.45674e-07
-1.6006249e-11
1.4567138e-07
-1.3664179e-11
1.456691e-07
-1.1674642e-11
1.4566714e-07
-9.9754075e-12
1.4566544e-07
-8.5198055e-12
1.4566398e-07
-7.2729838e-12
1.4566271e-07
-6.205408e-12
1.4566162e-07
-5.291617e-12
1.4566069e-07
-4.5099086e-12
1.4565988e-07
-3.8415547e-12
1.4565919e-07
-3.270404e-12
1.4565859e-07
-2.7826049e-12
1.4565808e-07
-2.3664073e-12
1.4565764e-07
-2.0115527e-12
1.4565727e-07
-1.7090156e-12
1.4565694e-07
-1.4512262e-12
1.4565666e-07
-1.2317185e-12
1.4565643e-07
-1.0449176e-12
1.4565622e-07
-8.860111e-13
1.4565605e-07
-7.5082389e-13
1.456559e-07
-6.3577416e-13
1.4565577e-07
-5.3783839e-13
1.4565566e-07
-4.5448347e-13
1.4565557e-07
-3.8358265e-13
1.4565549e-07
-3.2333335e-13
1.4565542e-07
-2.7219202e-13
1.4565536e-07
-2.2883183e-13
1.4565531e-07
-1.9211511e-13
1.4565527e-07
-1.6107232e-13
1.4565523e-07
-1.3488194e-13
1.456552e-07
-1.1284564e-13
1.4565518e-07
-9.4361862e-14
1.4565515e-07
-7.8904705e-14
1.4565513e-07
-6.6012265e-14
1.4565512e-07
-5.5282341e-14
1.4565511e-07
-4.6371821e-14
1.4565509e-07
-3.8996578e-14
1.4565508e-07
-3.2929099e-14
1.4565508e-07
-2.7992411e-14
1.4565507e-07
-2.4049294e-14
1.4565507e-07
-2.0987374e-14
1.4565506e-07
-1.8702255e-14
1.4565506e-07
-1.7084071e-14
1.4565506e-07
-1.6009397e-14
1.4565505e-07
-1.53407e-14
1.4565505e-07
-1.4934611e-14
1.4565505e-07
-1.4654477e-14
1.4565505e-07
-1.4389993e-14
1.4565506e-07
-1.4052283e-14
1.4565506e-07
-1.3601604e-14
1.4565506e-07
-1.3037049e-14
1.4565506e-07
-1.2367917e-14
1.4565506e-07
-1.1614408e-14
1.4565506e-07
-1.0803676e-14
1.4565506e-07
-9.9556748e-15
1.4565506e-07
-9.0784622e-15
1.4565507e-07
-8.1668351e-15
1.4565507e-07
-7.2056092e-15
1.4565507e-07
-6.1761153e-15
1.4565507e-07
-5.063636e-15
1.4565507e-07
-3.8633458e-15
1.4565507e-07
-2.5839317e-15
1.4565507e-07
-1.2481739e-15
1.4565507e-07
1.1193478e-16
1.4565507e-07
1.4624756e-15
1.4565507e-07
2.7729843e-15
1.4565507e-07
4.0186442e-15
1.4565507e-07
5.1807329e-15
1.4565507e-07
6.2455148e-15
1.4565507e-07
7.2040277e-15
1.4565507e-07
8.0507504e-15
1.4565507e-07
8.7823484e-15
1.4565506e-07
9.3977597e-15
1.4565506e-07
9.8975101e-15
1.4565506e-07
1.0282169e-14
1.4565506e-07
1.0547991e-14
1.4565506e-07
1.0692543e-14
1.4565506e-07
1.0721349e-14
1.4565506e-07
1.0639298e-14
1.4565506e-07
1.0449523e-14
1.4565505e-07
1.0158069e-14
1.4565505e-07
9.7766773e-15
1.4565505e-07
9.3239007e-15
1.4565505e-07
8.8248641e-15
1.4565505e-07
8.3099313e-15
1.4565505e-07
7.8127658e-15
1.4565505e-07
7.3682513e-15
1.4565505e-07
7.0103363e-15
1.4565505e-07
6.7691233e-15
1.4565505e-07
6.6679452e-15
1.4565505e-07
6.7219248e-15
1.4565505e-07
6.9375024e-15
1.4565505e-07
7.3127429e-15
1.4565505e-07
7.8381242e-15
1.4565505e-07
8.4981161e-15
1.4565505e-07
9.2728044e-15
1.4565505e-07
1.0139353e-14
1.4565505e-07
1.1073007e-14
1.4565504e-07
1.2047723e-14
1.4565504e-07
1.3036985e-14
1.4565504e-07
1.4014582e-14
1.4565504e-07
1.4955627e-14
1.4565504e-07
1.583759e-14
1.4565504e-07
1.6640195e-14
1.4565503e-07
1.7345164e-14
1.4565503e-07
1.7936691e-14
1.4565503e-07
1.8402496e-14
1.4565503e-07
1.8736349e-14
1.4565502e-07
1.8934008e-14
1.4565502e-07
1.8996089e-14
1.4565502e-07
1.8932196e-14
1.4565502e-07
1.8755991e-14
1.4565502e-07
1.848201e-14
1.4565501e-07
1.8123455e-14
1.4565501e-07
1.7690673e-14
1.4565501e-07
1.7193037e-14
1.4565501e-07
1.6633372e-14
1.4565501e-07
1.6017114e-14
1.45655e-07
1.5349686e-14
1.45655e-07
1.4638118e-14
1.45655e-07
1.3891335e-14
1.45655e-07
1.3118964e-14
1.45655e-07
1.2329968e-14
1.45655e-07
1.1531722e-14
1.45655e-07
1.0729835e-14
1.4565499e-07
9.9287901e-15
1.4565499e-07
9.1331181e-15
1.4565499e-07
8.3485236e-15
1.4565499e-07
7.5823677e-15
1.4565499e-07
6.8432308e-15
1.4565499e-07
6.1396617e-15
1.4565499e-07
5.4784724e-15
1.4565499e-07
4.8631044e-15
1.4565499e-07
4.292767e-15
1.4565499e-07
3.7629381e-15
1.4565499e-07
3.267068e-15
1.4565499e-07
2.7985655e-15
1.4565499e-07
2.3522593e-15
1.4565499e-07
1.9252678e-15
1.4565499e-07
1.5173816e-15
1.4565499e-07
1.130627e-15
1.4565499e-07
7.6796938e-16
1.4565499e-07
4.3218166e-16
1.4565499e-07
1.2543763e-16
1.4565499e-07
-1.5114503e-16
1.4565499e-07
-3.9827802e-16
1.4565499e-07
-6.1869707e-16
1.4565499e-07
-8.1703847e-16
1.4565499e-07
-1.0003126e-15
1.4565499e-07
-1.1777482e-15
1.4565499e-07
-1.3602088e-15
1.4565499e-07
-1.5597544e-15
1.4565499e-07
-1.7884644e-15
1.4565499e-07
-2.0568077e-15
1.4565499e-07
-2.3731298e-15
1.4565499e-07
-2.744074e-15
1.4565499e-07
-3.17529e-15
1.4565499e-07
-3.6728503e-15
1.4565499e-07
-4.2449963e-15
1.4565499e-07
-4.9032903e-15
1.4565499e-07
-5.6633409e-15
1.4565499e-07
-6.5447052e-15
1.4565499e-07
-7.5694334e-15
1.4565499e-07
-8.7603867e-15
1.4565499e-07
-1.0139163e-14
1.4565499e-07
-1.1724318e-14
1.4565499e-07
-1.3530659e-14
1.45655e-07
-1.5568219e-14
1.45655e-07
-1.7814338e-14
1.45655e-07
-2.062387e-14
-2.3460888e-14
1.4866758e-07
-5.3169759e-10
1.4826208e-07
-7.8359671e-10
1.4796939e-07
-8.5775046e-10
1.4772804e-07
-7.9255521e-10
1.4752873e-07
-6.9495899e-10
1.4736228e-07
-5.8963764e-10
1.4720186e-07
-4.6371209e-10
1.4702734e-07
-3.3398278e-10
1.4683518e-07
-2.3523688e-10
1.466359e-07
-1.7611108e-10
1.4644407e-07
-1.5400158e-10
1.4627028e-07
-1.5553087e-10
1.4611942e-07
-1.6149484e-10
1.4599315e-07
-1.5808597e-10
1.4589207e-07
-1.4173044e-10
1.458132e-07
-1.1426179e-10
1.4575189e-07
-8.2833634e-11
1.4570425e-07
-5.5559587e-11
1.4566779e-07
-3.7230768e-11
1.4564086e-07
-2.8470415e-11
1.4562165e-07
-2.6550181e-11
1.456079e-07
-2.7565066e-11
1.4559764e-07
-2.8573242e-11
1.4558947e-07
-2.8194424e-11
1.4558252e-07
-2.6262566e-11
1.4557635e-07
-2.3315665e-11
1.4557078e-07
-2.005285e-11
1.4556577e-07
-1.6974888e-11
1.4556131e-07
-1.4307678e-11
1.4555739e-07
-1.2082317e-11
1.4555396e-07
-1.0238903e-11
1.4555098e-07
-8.6990075e-12
1.4554841e-07
-7.3982925e-12
1.4554618e-07
-6.2920365e-12
1.4554426e-07
-5.3493198e-12
1.455426e-07
-4.5462321e-12
1.4554117e-07
-3.8624574e-12
1.4553994e-07
-3.2803825e-12
1.4553888e-07
-2.7848626e-12
1.4553797e-07
-2.3630284e-12
1.455372e-07
-2.0040146e-12
1.4553653e-07
-1.6986499e-12
1.4553595e-07
-1.439118e-12
1.4553546e-07
-1.2186955e-12
1.4553504e-07
-1.0316098e-12
1.4553469e-07
-8.7289445e-13
1.4553438e-07
-7.3826375e-13
1.4553412e-07
-6.2402485e-13
1.4553389e-07
-5.2701953e-13
1.455337e-07
-4.4458442e-13
1.4553354e-07
-3.745068e-13
1.455334e-07
-3.14959e-13
1.4553328e-07
-2.6441849e-13
1.4553318e-07
-2.2159326e-13
1.4553309e-07
-1.8536828e-13
1.4553302e-07
-1.5477657e-13
1.4553295e-07
-1.2898654e-13
1.455329e-07
-1.0729229e-13
1.4553286e-07
-8.9099583e-14
1.4553282e-07
-7.3903161e-14
1.4553278e-07
-6.1265142e-14
1.4553275e-07
-5.0799061e-14
1.4553273e-07
-4.2163843e-14
1.4553271e-07
-3.5064926e-14
1.4553269e-07
-2.9257402e-14
1.4553268e-07
-2.4547597e-14
1.4553267e-07
-2.0789608e-14
1.4553266e-07
-1.7876775e-14
1.4553265e-07
-1.5729242e-14
1.4553264e-07
-1.4278089e-14
1.4553264e-07
-1.3442878e-14
1.4553263e-07
-1.3125306e-14
1.4553263e-07
-1.3204863e-14
1.4553263e-07
-1.3540812e-14
1.4553263e-07
-1.3986558e-14
1.4553263e-07
-1.4402963e-14
1.4553263e-07
-1.4697633e-14
1.4553263e-07
-1.4760078e-14
1.4553263e-07
-1.4593431e-14
1.4553263e-07
-1.4252508e-14
1.4553263e-07
-1.3723957e-14
1.4553263e-07
-1.3033274e-14
1.4553263e-07
-1.2246077e-14
1.4553264e-07
-1.1391849e-14
1.4553264e-07
-1.0479668e-14
1.4553264e-07
-9.5020979e-15
1.4553264e-07
-8.4404725e-15
1.4553264e-07
-7.2736434e-15
1.4553264e-07
-5.9875771e-15
1.4553264e-07
-4.5808886e-15
1.4553264e-07
-3.0679812e-15
1.4553264e-07
-1.4842803e-15
1.4553264e-07
1.2344032e-16
1.4553264e-07
1.7102224e-15
1.4553264e-07
3.2366692e-15
1.4553264e-07
4.679234e-15
1.4553264e-07
6.0206181e-15
1.4553264e-07
7.2482683e-15
1.4553264e-07
8.3545124e-15
1.4553264e-07
9.3322562e-15
1.4553264e-07
1.0174787e-14
1.4553263e-07
1.08793e-14
1.4553263e-07
1.1444878e-14
1.4553263e-07
1.1869e-14
1.4553263e-07
1.2135083e-14
1.4553263e-07
1.2248744e-14
1.4553263e-07
1.222213e-14
1.4553263e-07
1.2055671e-14
1.4553262e-07
1.1750567e-14
1.4553262e-07
1.131351e-14
1.4553262e-07
1.0759456e-14
1.4553262e-07
1.0113586e-14
1.4553262e-07
9.4107548e-15
1.4553262e-07
8.693354e-15
1.4553262e-07
8.0080916e-15
1.4553262e-07
7.4021304e-15
1.4553262e-07
6.9197852e-15
1.4553262e-07
6.5975825e-15
1.4553262e-07
6.4614053e-15
1.4553262e-07
6.5269445e-15
1.4553262e-07
6.7996345e-15
1.4553262e-07
7.2752621e-15
1.4553262e-07
7.9407072e-15
1.4553262e-07
8.7753629e-15
1.4553262e-07
9.7528515e-15
1.4553262e-07
1.0843051e-14
1.4553262e-07
1.2012843e-14
1.4553262e-07
1.3226888e-14
1.4553262e-07
1.4449543e-14
1.4553261e-07
1.5645531e-14
1.4553261e-07
1.6782502e-14
1.4553261e-07
1.7833486e-14
1.4553261e-07
1.8775783e-14
1.4553261e-07
1.9590174e-14
1.455326e-07
2.0261487e-14
1.455326e-07
2.0779485e-14
1.455326e-07
2.1147123e-14
1.455326e-07
2.1349405e-14
1.4553259e-07
2.1398597e-14
1.4553259e-07
2.1308793e-14
1.4553259e-07
2.1093724e-14
1.4553259e-07
2.0768062e-14
1.4553258e-07
2.0344009e-14
1.4553258e-07
1.9829174e-14
1.4553258e-07
1.9243954e-14
1.4553258e-07
1.8575002e-14
1.4553258e-07
1.7840243e-14
1.4553258e-07
1.7047093e-14
1.4553257e-07
1.6205513e-14
1.4553257e-07
1.5327606e-14
1.4553257e-07
1.4425331e-14
1.4553257e-07
1.3509087e-14
1.4553257e-07
1.2587174e-14
1.4553257e-07
1.1666045e-14
1.4553257e-07
1.0751199e-14
1.4553257e-07
9.8483704e-15
1.4553257e-07
8.9644521e-15
1.4553257e-07
8.1076245e-15
1.4553256e-07
7.2865678e-15
1.4553256e-07
6.5090315e-15
1.4553256e-07
5.7802964e-15
1.4553256e-07
5.1020928e-15
1.4553256e-07
4.4724314e-15
1.4553256e-07
3.8865463e-15
1.4553256e-07
3.3384803e-15
1.4553256e-07
2.822568e-15
1.4553256e-07
2.3344931e-15
1.4553256e-07
1.8720665e-15
1.4553256e-07
1.4356201e-15
1.4553256e-07
1.0276232e-15
1.4553256e-07
6.5126468e-16
1.4553256e-07
3.0916464e-16
1.4553256e-07
3.044019e-18
1.4553256e-07
-2.6680751e-16
1.4553256e-07
-5.0248811e-16
1.4553256e-07
-7.07374e-16
1.4553256e-07
-8.8636457e-16
1.4553256e-07
-1.0472548e-15
1.4553256e-07
-1.2003533e-15
1.4553256e-07
-1.357359e-15
1.4553256e-07
-1.5303742e-15
1.4553256e-07
-1.7306684e-15
1.4553256e-07
-1.9676232e-15
1.4553256e-07
-2.2489453e-15
1.4553256e-07
-2.5817991e-15
1.4553256e-07
-2.9738288e-15
1.4553256e-07
-3.4342692e-15
1.4553256e-07
-3.9756228e-15
1.4553256e-07
-4.6152496e-15
1.4553256e-07
-5.3760868e-15
1.4553256e-07
-6.2858544e-15
1.4553256e-07
-7.3759108e-15
1.4553256e-07
-8.6821699e-15
1.4553256e-07
-1.0245e-14
1.4553256e-07
-1.2105751e-14
1.4553256e-07
-1.4302792e-14
1.4553256e-07
-1.6882039e-14
1.4553257e-07
-1.9691058e-14
1.4553257e-07
-2.4020779e-14
-2.9542155e-14
1.4682936e-07
-3.2829e-11
1.4665716e-07
-6.1139989e-10
1.4653648e-07
-7.3707702e-10
1.4640154e-07
-6.5760817e-10
1.4629296e-07
-5.8637652e-10
1.4621031e-07
-5.0698871e-10
1.4613081e-07
-3.8421397e-10
1.4603761e-07
-2.4078785e-10
1.4592138e-07
-1.1900721e-10
1.4578857e-07
-4.3301492e-11
1.4564801e-07
-1.3434473e-11
1.4550413e-07
-1.1650819e-11
1.4536166e-07
-1.9032909e-11
1.45228e-07
-2.4424251e-11
1.4511171e-07
-2.5433863e-11
1.4501488e-07
-1.7439444e-11
1.449376e-07
-5.5506208e-12
1.4487855e-07
3.487905e-12
1.4483613e-07
5.1943877e-12
1.4480641e-07
1.2512989e-12
1.4478613e-07
-6.2735427e-12
1.4477177e-07
-1.3200119e-11
1.4476078e-07
-1.7587114e-11
1.4475157e-07
-1.8990154e-11
1.447433e-07
-1.799086e-11
1.4473571e-07
-1.5726293e-11
1.4472882e-07
-1.3159388e-11
1.4472267e-07
-1.0828523e-11
1.4471728e-07
-8.9173681e-12
1.4471261e-07
-7.4072673e-12
1.4470858e-07
-6.2076075e-12
1.4470511e-07
-5.2310925e-12
1.4470213e-07
-4.4178961e-12
1.4469957e-07
-3.7322574e-12
1.4469737e-07
-3.1521162e-12
1.4469549e-07
-2.6613848e-12
1.4469387e-07
-2.246496e-12
1.4469249e-07
-1.8956424e-12
1.446913e-07
-1.5987707e-12
1.4469028e-07
-1.3475053e-12
1.4468942e-07
-1.1349072e-12
1.4468867e-07
-9.5518056e-13
1.4468804e-07
-8.0341122e-13
1.4468749e-07
-6.7537944e-13
1.4468703e-07
-5.6744062e-13
1.4468663e-07
-4.7644941e-13
1.4468629e-07
-3.9969923e-13
1.4468601e-07
-3.3488306e-13
1.4468576e-07
-2.8006732e-13
1.4468555e-07
-2.3366318e-13
1.4468537e-07
-1.9438393e-13
1.4468521e-07
-1.6118562e-13
1.4468508e-07
-1.3320218e-13
1.4468497e-07
-1.0969387e-13
1.4468487e-07
-9.0012091e-14
1.4468479e-07
-7.3586314e-14
1.4468472e-07
-5.9921048e-14
1.4468467e-07
-4.859243e-14
1.4468462e-07
-3.925112e-14
1.4468457e-07
-3.1593245e-14
1.4468454e-07
-2.5352596e-14
1.4468451e-07
-2.0294821e-14
1.4468448e-07
-1.6228508e-14
1.4468446e-07
-1.300141e-14
1.4468444e-07
-1.0500789e-14
1.4468442e-07
-8.6505874e-15
1.4468441e-07
-7.409307e-15
1.446844e-07
-6.7472825e-15
1.4468439e-07
-6.6318598e-15
1.4468438e-07
-7.0348976e-15
1.4468438e-07
-7.8634598e-15
1.4468437e-07
-9.0103677e-15
1.4468437e-07
-1.0342945e-14
1.4468437e-07
-1.1714488e-14
1.4468437e-07
-1.2989371e-14
1.4468437e-07
-1.4032984e-14
1.4468437e-07
-1.4813138e-14
1.4468437e-07
-1.5183919e-14
1.4468437e-07
-1.5203803e-14
1.4468437e-07
-1.5036565e-14
1.4468437e-07
-1.4667735e-14
1.4468437e-07
-1.4080429e-14
1.4468437e-07
-1.3334217e-14
1.4468437e-07
-1.2480936e-14
1.4468438e-07
-1.1532233e-14
1.4468438e-07
-1.0479689e-14
1.4468438e-07
-9.3023765e-15
1.4468438e-07
-7.9784929e-15
1.4468438e-07
-6.4969694e-15
1.4468438e-07
-4.8630119e-15
1.4468438e-07
-3.1053658e-15
1.4468438e-07
-1.2860344e-15
1.4468438e-07
5.3781389e-16
1.4468438e-07
2.3017879e-15
1.4468438e-07
3.9797543e-15
1.4468438e-07
5.5570983e-15
1.4468437e-07
7.0207373e-15
1.4468437e-07
8.3619098e-15
1.4468437e-07
9.5782751e-15
1.4468437e-07
1.0651466e-14
1.4468437e-07
1.1571604e-14
1.4468437e-07
1.2335374e-14
1.4468437e-07
1.294242e-14
1.4468437e-07
1.3405036e-14
1.4468436e-07
1.3627716e-14
1.4468436e-07
1.3653978e-14
1.4468436e-07
1.3534026e-14
1.4468436e-07
1.3247622e-14
1.4468436e-07
1.2790095e-14
1.4468436e-07
1.2163536e-14
1.4468436e-07
1.1386581e-14
1.4468436e-07
1.0496612e-14
1.4468436e-07
9.5455265e-15
1.4468436e-07
8.5934727e-15
1.4468436e-07
7.7023495e-15
1.4468436e-07
6.9324086e-15
1.4468436e-07
6.3394086e-15
1.4468436e-07
5.9611124e-15
1.4468436e-07
5.8211432e-15
1.4468436e-07
5.93292e-15
1.4468436e-07
6.2993393e-15
1.4468436e-07
6.9123721e-15
1.4468436e-07
7.7531253e-15
1.4468436e-07
8.7932587e-15
1.4468436e-07
9.997243e-15
1.4468436e-07
1.132867e-14
1.4468436e-07
1.2744081e-14
1.4468436e-07
1.4196413e-14
1.4468436e-07
1.5640651e-14
1.4468436e-07
1.7029107e-14
1.4468435e-07
1.8325622e-14
1.4468435e-07
1.9503335e-14
1.4468435e-07
2.0539205e-14
1.4468435e-07
2.1415141e-14
1.4468435e-07
2.2117829e-14
1.4468435e-07
2.2642951e-14
1.4468434e-07
2.3036403e-14
1.4468434e-07
2.3185724e-14
1.4468434e-07
2.317983e-14
1.4468434e-07
2.3036327e-14
1.4468434e-07
2.2766527e-14
1.4468434e-07
2.2381036e-14
1.4468433e-07
2.1885652e-14
1.4468433e-07
2.1282189e-14
1.4468433e-07
2.0590169e-14
1.4468433e-07
1.9807993e-14
1.4468433e-07
1.8958932e-14
1.4468433e-07
1.8048231e-14
1.4468433e-07
1.7088104e-14
1.4468433e-07
1.6093494e-14
1.4468433e-07
1.5078157e-14
1.4468432e-07
1.4053556e-14
1.4468432e-07
1.3028997e-14
1.4468432e-07
1.2012231e-14
1.4468432e-07
1.1010292e-14
1.4468432e-07
1.0030335e-14
1.4468432e-07
9.0801095e-15
1.4468432e-07
8.1674056e-15
1.4468432e-07
7.2992e-15
1.4468432e-07
6.4807328e-15
1.4468432e-07
5.7148285e-15
1.4468432e-07
5.0015447e-15
1.4468432e-07
4.3383201e-15
1.4468432e-07
3.7208852e-15
1.4468432e-07
3.1445654e-15
1.4468432e-07
2.6053665e-15
1.4468432e-07
2.1005451e-15
1.4468432e-07
1.6290231e-15
1.4468432e-07
1.1914062e-15
1.4468432e-07
7.8989584e-16
1.4468433e-07
4.2688269e-16
1.4468433e-07
1.0406482e-16
1.4468433e-07
-1.7788859e-16
1.4468433e-07
-4.197925e-16
1.4468433e-07
-6.2539422e-16
1.4468433e-07
-7.9605306e-16
1.4468433e-07
-9.3842309e-16
1.4468433e-07
-1.0616185e-15
1.4468433e-07
-1.1755425e-15
1.4468433e-07
-1.2903104e-15
1.4468433e-07
-1.4160138e-15
1.4468433e-07
-1.5623601e-15
1.4468433e-07
-1.738263e-15
1.4468433e-07
-1.9518162e-15
1.4468432e-07
-2.2108244e-15
1.4468432e-07
-2.5243441e-15
1.4468432e-07
-2.9049658e-15
1.4468432e-07
-3.3700007e-15
1.4468432e-07
-3.9408235e-15
1.4468432e-07
-4.6432892e-15
1.4468432e-07
-5.5097594e-15
1.4468432e-07
-6.5796103e-15
1.4468432e-07
-7.8995351e-15
1.4468432e-07
-9.5258636e-15
1.4468432e-07
-1.1528475e-14
1.4468432e-07
-1.3982972e-14
1.4468432e-07
-1.7018884e-14
1.4468432e-07
-2.0041612e-14
1.4468432e-07
-2.6351246e-14
-3.5692676e-14
1.392535e-07
3.3325411e-10
1.3930904e-07
-6.6694429e-10
1.3945736e-07
-8.8539547e-10
1.3965855e-07
-8.588028e-10
1.3988936e-07
-8.1718271e-10
1.4010841e-07
-7.2603717e-10
1.4028774e-07
-5.6354836e-10
1.4042991e-07
-3.8295302e-10
1.4053496e-07
-2.2406129e-10
1.4059499e-07
-1.0332688e-10
1.4060289e-07
-2.1338985e-11
1.4055239e-07
3.8852265e-11
1.404586e-07
7.4760725e-11
1.4034333e-07
9.0843468e-11
1.4023469e-07
8.320812e-11
1.4014155e-07
7.5692651e-11
1.4007155e-07
6.4457275e-11
1.400263e-07
4.8729388e-11
1.4000165e-07
2.9844675e-11
1.3999071e-07
1.2197668e-11
1.3998612e-07
-1.6845175e-12
1.3998171e-07
-8.7913719e-12
1.3997591e-07
-1.179185e-11
1.3996914e-07
-1.2216666e-11
1.3996181e-07
-1.0655144e-11
1.3995455e-07
-8.4730095e-12
1.3994786e-07
-6.4634114e-12
1.3994194e-07
-4.9125586e-12
1.3993683e-07
-3.8108854e-12
1.3993246e-07
-3.0360684e-12
1.3992872e-07
-2.4675971e-12
1.3992552e-07
-2.0259629e-12
1.3992277e-07
-1.6686235e-12
1.3992041e-07
-1.3745069e-12
1.3991839e-07
-1.1316906e-12
1.3991666e-07
-9.3157488e-13
1.3991518e-07
-7.6646343e-13
1.3991391e-07
-6.2996367e-13
1.3991283e-07
-5.1691335e-13
1.3991191e-07
-4.2324497e-13
1.3991112e-07
-3.4573736e-13
1.3991045e-07
-2.8174838e-13
1.3990987e-07
-2.2905324e-13
1.3990938e-07
-1.8573817e-13
1.3990896e-07
-1.5015536e-13
1.3990861e-07
-1.2087223e-13
1.3990831e-07
-9.6677063e-14
1.3990805e-07
-7.6591505e-14
1.3990783e-07
-5.9866487e-14
1.3990764e-07
-4.5955021e-14
1.3990748e-07
-3.4462573e-14
1.3990734e-07
-2.5077836e-14
1.3990723e-07
-1.7523688e-14
1.3990713e-07
-1.1544503e-14
1.3990705e-07
-6.8898104e-15
1.3990698e-07
-3.3265839e-15
1.3990692e-07
-6.4316709e-16
1.3990687e-07
1.3738901e-15
1.3990683e-07
2.831463e-15
1.3990679e-07
3.8596033e-15
1.3990676e-07
4.5526194e-15
1.3990673e-07
5.0121459e-15
1.3990671e-07
5.2515908e-15
1.3990669e-07
5.2565812e-15
1.3990668e-07
4.9885334e-15
1.3990667e-07
4.4227203e-15
1.3990666e-07
3.503537e-15
1.3990665e-07
2.2047801e-15
1.3990664e-07
5.7377604e-16
1.3990663e-07
-1.4804124e-15
1.3990663e-07
-3.6817704e-15
1.3990663e-07
-5.956788e-15
1.3990662e-07
-8.1608008e-15
1.3990662e-07
-1.0147569e-14
1.3990662e-07
-1.1860411e-14
1.3990662e-07
-1.3075419e-14
1.3990662e-07
-1.3888346e-14
1.3990662e-07
-1.4244921e-14
1.3990662e-07
-1.4243267e-14
1.3990662e-07
-1.4061766e-14
1.3990662e-07
-1.3720926e-14
1.3990662e-07
-1.3182667e-14
1.3990661e-07
-1.2465344e-14
1.3990661e-07
-1.161628e-14
1.3990661e-07
-1.0645624e-14
1.3990661e-07
-9.5479415e-15
1.3990661e-07
-8.3123581e-15
1.3990661e-07
-6.9335023e-15
1.3990661e-07
-5.4170414e-15
1.3990661e-07
-3.7461339e-15
1.3990661e-07
-1.9059468e-15
1.399066e-07
-7.5013185e-17
1.399066e-07
1.7623505e-15
1.399066e-07
3.4352325e-15
1.399066e-07
4.9854957e-15
1.399066e-07
6.4201073e-15
1.399066e-07
7.7396612e-15
1.399066e-07
8.9580612e-15
1.399066e-07
1.0109407e-14
1.399066e-07
1.1103958e-14
1.399066e-07
1.1939546e-14
1.399066e-07
1.2616955e-14
1.399066e-07
1.3118789e-14
1.399066e-07
1.3473178e-14
1.399066e-07
1.357581e-14
1.399066e-07
1.3463278e-14
1.399066e-07
1.3194189e-14
1.399066e-07
1.2756311e-14
1.399066e-07
1.2148384e-14
1.399066e-07
1.1375074e-14
1.399066e-07
1.0458834e-14
1.399066e-07
9.4398805e-15
1.399066e-07
8.3732079e-15
1.399066e-07
7.3260657e-15
1.3990661e-07
6.3614363e-15
1.3990661e-07
5.5381099e-15
1.3990661e-07
4.949428e-15
1.3990661e-07
4.6271697e-15
1.3990661e-07
4.5806004e-15
1.3990661e-07
4.808959e-15
1.3990661e-07
5.305403e-15
1.3990661e-07
6.0533792e-15
1.3990661e-07
7.0251217e-15
1.3990662e-07
8.1839264e-15
1.3990662e-07
9.4854171e-15
1.3990662e-07
1.0909573e-14
1.3990662e-07
1.2403527e-14
1.3990662e-07
1.3909771e-14
1.3990662e-07
1.5380424e-14
1.3990662e-07
1.6733819e-14
1.3990662e-07
1.7950292e-14
1.3990662e-07
1.9023191e-14
1.3990662e-07
1.9937803e-14
1.3990662e-07
2.0684167e-14
1.3990662e-07
2.1257628e-14
1.3990662e-07
2.1656735e-14
1.3990662e-07
2.1921112e-14
1.3990662e-07
2.1948626e-14
1.3990663e-07
2.1839599e-14
1.3990663e-07
2.1610646e-14
1.3990663e-07
2.1268183e-14
1.3990663e-07
2.0819157e-14
1.3990663e-07
2.0267404e-14
1.3990663e-07
1.9615826e-14
1.3990663e-07
1.8874009e-14
1.3990664e-07
1.8060169e-14
1.3990664e-07
1.7189048e-14
1.3990664e-07
1.6267349e-14
1.3990664e-07
1.53073e-14
1.3990664e-07
1.4322765e-14
1.3990665e-07
1.332634e-14
1.3990665e-07
1.2328919e-14
1.3990665e-07
1.1340058e-14
1.3990665e-07
1.036831e-14
1.3990665e-07
9.4215839e-15
1.3990665e-07
8.5064934e-15
1.3990665e-07
7.6306178e-15
1.3990666e-07
6.7994183e-15
1.3990666e-07
6.0166664e-15
1.3990666e-07
5.2843503e-15
1.3990666e-07
4.602512e-15
1.3990666e-07
3.969171e-15
1.3990666e-07
3.3808678e-15
1.3990666e-07
2.8342258e-15
1.3990666e-07
2.3269968e-15
1.3990666e-07
1.8577196e-15
1.3990667e-07
1.4247237e-15
1.3990667e-07
1.0273028e-15
1.3990667e-07
6.6594668e-16
1.3990667e-07
3.4245825e-16
1.3990667e-07
5.6080713e-17
1.3990667e-07
-1.8690945e-16
1.3990667e-07
-3.8695041e-16
1.3990667e-07
-5.4948191e-16
1.3990667e-07
-6.8780087e-16
1.3990667e-07
-7.8603047e-16
1.3990667e-07
-8.5954582e-16
1.3990667e-07
-9.1610101e-16
1.3990667e-07
-9.625245e-16
1.3990667e-07
-1.0068265e-15
1.3990667e-07
-1.057563e-15
1.3990667e-07
-1.1230659e-15
1.3990667e-07
-1.2105044e-15
1.3990666e-07
-1.3266375e-15
1.3990666e-07
-1.4800461e-15
1.3990666e-07
-1.6820646e-15
1.3990666e-07
-1.9462289e-15
1.3990666e-07
-2.28893e-15
1.3990666e-07
-2.7305215e-15
1.3990666e-07
-3.2958576e-15
1.3990666e-07
-4.0137749e-15
1.3990666e-07
-4.9183401e-15
1.3990665e-07
-6.0506184e-15
1.3990665e-07
-7.4611962e-15
1.3990665e-07
-9.221363e-15
1.3990665e-07
-1.1406283e-14
1.3990664e-07
-1.4288601e-14
1.3990664e-07
-1.66566e-14
1.3990664e-07
-2.4098648e-14
-3.5730898e-14
1.1541672e-07
3.2220641e-10
1.1618548e-07
-1.4357008e-09
1.168216e-07
-1.5215133e-09
1.1743357e-07
-1.4707759e-09
1.1791465e-07
-1.2982569e-09
1.1824485e-07
-1.0562427e-09
1.1848222e-07
-8.0091936e-10
1.1867877e-07
-5.7950031e-10
1.1884906e-07
-3.9434791e-10
1.1898522e-07
-2.3949484e-10
1.1907532e-07
-1.1143624e-10
1.1912716e-07
-1.298896e-11
1.1915281e-07
4.9114599e-11
1.1916387e-07
7.9783831e-11
1.1917191e-07
7.5168266e-11
1.1918455e-07
6.3045954e-11
1.1920363e-07
4.5378295e-11
1.1922574e-07
2.6621387e-11
1.1924522e-07
1.0361545e-11
1.1925892e-07
-1.4924071e-12
1.1926479e-07
-7.5548454e-12
1.1926358e-07
-7.5896643e-12
1.1925813e-07
-6.3408302e-12
1.1925102e-07
-5.1025727e-12
1.192439e-07
-3.5353867e-12
1.192376e-07
-2.1744388e-12
1.1923237e-07
-1.2335573e-12
1.1922813e-07
-6.711194e-13
1.1922468e-07
-3.6334953e-13
1.1922184e-07
-1.9796931e-13
1.1921948e-07
-1.0315004e-13
1.192175e-07
-4.2682333e-14
1.1921583e-07
-1.0100014e-15
1.1921443e-07
2.7900187e-14
1.1921325e-07
4.7953792e-14
1.1921225e-07
6.0485668e-14
1.1921142e-07
6.8118794e-14
1.1921072e-07
7.2169337e-14
1.1921013e-07
7.3683684e-14
1.1920963e-07
7.334936e-14
1.1920921e-07
7.1555265e-14
1.1920886e-07
6.8711971e-14
1.1920857e-07
6.5155076e-14
1.1920832e-07
6.1269606e-14
1.1920811e-07
5.7254116e-14
1.1920794e-07
5.3317679e-14
1.1920779e-07
4.9599446e-14
1.1920767e-07
4.6148156e-14
1.1920757e-07
4.2938953e-14
1.1920748e-07
3.9914439e-14
1.1920741e-07
3.6985985e-14
1.1920735e-07
3.4088549e-14
1.192073e-07
3.1217512e-14
1.1920726e-07
2.8387632e-14
1.1920723e-07
2.5659623e-14
1.192072e-07
2.3079706e-14
1.1920718e-07
2.070318e-14
1.1920716e-07
1.856941e-14
1.1920715e-07
1.6683295e-14
1.1920714e-07
1.5036606e-14
1.1920713e-07
1.3598915e-14
1.1920712e-07
1.2322173e-14
1.1920712e-07
1.1132021e-14
1.1920711e-07
9.9407926e-15
1.1920711e-07
8.6653478e-15
1.1920711e-07
7.246645e-15
1.192071e-07
5.6195201e-15
1.192071e-07
3.8040212e-15
1.192071e-07
1.8831907e-15
1.192071e-07
-1.7749506e-16
1.192071e-07
-2.1579048e-15
1.192071e-07
-3.9234401e-15
1.1920709e-07
-5.4939307e-15
1.1920709e-07
-6.7705126e-15
1.1920709e-07
-7.7599036e-15
1.1920708e-07
-8.3303463e-15
1.1920708e-07
-8.6287795e-15
1.1920707e-07
-8.696184e-15
1.1920707e-07
-8.5834102e-15
1.1920706e-07
-8.3551288e-15
1.1920705e-07
-8.026605e-15
1.1920705e-07
-7.5844428e-15
1.1920704e-07
-7.0303837e-15
1.1920704e-07
-6.3748699e-15
1.1920703e-07
-5.621286e-15
1.1920703e-07
-4.7693148e-15
1.1920702e-07
-3.83066e-15
1.1920702e-07
-2.8418494e-15
1.1920702e-07
-1.8298094e-15
1.1920701e-07
-7.7777162e-16
1.1920701e-07
4.2840199e-16
1.1920701e-07
1.6530102e-15
1.1920701e-07
2.7467326e-15
1.1920701e-07
3.694592e-15
1.1920701e-07
4.529348e-15
1.1920701e-07
5.2930914e-15
1.1920701e-07
5.9991241e-15
1.1920701e-07
6.6592979e-15
1.1920702e-07
7.2956939e-15
1.1920702e-07
7.8184515e-15
1.1920702e-07
8.2300687e-15
1.1920703e-07
8.5293431e-15
1.1920703e-07
8.7012149e-15
1.1920704e-07
8.7604212e-15
1.1920704e-07
8.6802119e-15
1.1920705e-07
8.4694511e-15
1.1920705e-07
8.1503887e-15
1.1920706e-07
7.7261638e-15
1.1920706e-07
7.2016539e-15
1.1920707e-07
6.5913774e-15
1.1920707e-07
5.9224398e-15
1.1920707e-07
5.2276919e-15
1.1920708e-07
4.5413437e-15
1.1920708e-07
3.9070624e-15
1.1920708e-07
3.358265e-15
1.1920709e-07
2.9199935e-15
1.1920709e-07
2.6631955e-15
1.1920709e-07
2.6056249e-15
1.1920709e-07
2.7449984e-15
1.192071e-07
3.0651368e-15
1.192071e-07
3.5535006e-15
1.192071e-07
4.1877689e-15
1.192071e-07
4.9345115e-15
1.192071e-07
5.7599557e-15
1.1920711e-07
6.6324227e-15
1.1920711e-07
7.5472327e-15
1.1920711e-07
8.4684168e-15
1.1920712e-07
9.3549802e-15
1.1920712e-07
1.0177841e-14
1.1920713e-07
1.0885788e-14
1.1920714e-07
1.1488968e-14
1.1920714e-07
1.1996551e-14
1.1920715e-07
1.2402871e-14
1.1920716e-07
1.2705049e-14
1.1920717e-07
1.2903478e-14
1.1920718e-07
1.300173e-14
1.1920718e-07
1.3004945e-14
1.1920719e-07
1.2902917e-14
1.192072e-07
1.2716976e-14
1.1920721e-07
1.2463838e-14
1.1920722e-07
1.214905e-14
1.1920723e-07
1.1775463e-14
1.1920724e-07
1.1346511e-14
1.1920725e-07
1.0866817e-14
1.1920726e-07
1.0343172e-14
1.1920726e-07
9.784262e-15
1.1920727e-07
9.1981283e-15
1.1920728e-07
8.5924431e-15
1.1920729e-07
7.975611e-15
1.1920729e-07
7.3557446e-15
1.192073e-07
6.7401685e-15
1.1920731e-07
6.1355171e-15
1.1920731e-07
5.5477373e-15
1.1920732e-07
4.9819486e-15
1.1920732e-07
4.4422471e-15
1.1920733e-07
3.9308772e-15
1.1920733e-07
3.4515179e-15
1.1920734e-07
3.0060671e-15
1.1920734e-07
2.5949033e-15
1.1920734e-07
2.2170514e-15
1.1920734e-07
1.8713166e-15
1.1920735e-07
1.5552075e-15
1.1920735e-07
1.2664306e-15
1.1920735e-07
1.0030095e-15
1.1920735e-07
7.6470752e-16
1.1920735e-07
5.5217295e-16
1.1920735e-07
3.6540793e-16
1.1920736e-07
1.9633792e-16
1.1920736e-07
3.7410145e-17
1.1920736e-07
-8.9441435e-17
1.1920736e-07
-1.8963112e-16
1.1920736e-07
-2.6491647e-16
1.1920736e-07
-3.1511256e-16
1.1920736e-07
-3.4607175e-16
1.1920736e-07
-3.6696801e-16
1.1920736e-07
-3.612781e-16
1.1920736e-07
-3.4471582e-16
1.1920735e-07
-3.2290232e-16
1.1920735e-07
-2.9848712e-16
1.1920735e-07
-2.7485798e-16
1.1920735e-07
-2.561585e-16
1.1920735e-07
-2.4672668e-16
1.1920735e-07
-2.509102e-16
1.1920735e-07
-2.7340329e-16
1.1920735e-07
-3.1973464e-16
1.1920735e-07
-3.9667238e-16
1.1920735e-07
-5.1201607e-16
1.1920734e-07
-6.7505016e-16
1.1920734e-07
-8.9650498e-16
1.1920734e-07
-1.1897379e-15
1.1920734e-07
-1.5682867e-15
1.1920734e-07
-2.0469783e-15
1.1920733e-07
-2.6403343e-15
1.1920733e-07
-3.3592057e-15
1.1920732e-07
-4.2089539e-15
1.1920732e-07
-5.1727905e-15
1.1920731e-07
-6.2312755e-15
1.192073e-07
-7.8728361e-15
1.1920729e-07
-1.0054771e-14
-1.6087915e-14
6.4877809e-08
6.3442108e-08
6.1920595e-08
6.0449819e-08
5.9151562e-08
5.8095319e-08
5.72944e-08
5.6714899e-08
5.6320551e-08
5.6081056e-08
5.596962e-08
5.5956631e-08
5.6005746e-08
5.608553e-08
5.6160698e-08
5.6223744e-08
5.6269122e-08
5.6295744e-08
5.6306105e-08
5.6304613e-08
5.6297058e-08
5.6289468e-08
5.6283127e-08
5.6278025e-08
5.6274489e-08
5.6272315e-08
5.6271081e-08
5.627041e-08
5.6270047e-08
5.6269849e-08
5.6269746e-08
5.6269703e-08
5.6269702e-08
5.626973e-08
5.6269778e-08
5.6269838e-08
5.6269907e-08
5.6269979e-08
5.6270052e-08
5.6270126e-08
5.6270197e-08
5.6270266e-08
5.6270331e-08
5.6270393e-08
5.627045e-08
5.6270503e-08
5.6270553e-08
5.6270599e-08
5.6270642e-08
5.6270682e-08
5.6270719e-08
5.6270753e-08
5.6270784e-08
5.6270812e-08
5.6270838e-08
5.6270861e-08
5.6270882e-08
5.62709e-08
5.6270917e-08
5.6270932e-08
5.6270946e-08
5.6270958e-08
5.6270969e-08
5.6270979e-08
5.6270988e-08
5.6270995e-08
5.6271001e-08
5.6271004e-08
5.6271006e-08
5.6271006e-08
5.6271004e-08
5.6271e-08
5.6270995e-08
5.6270988e-08
5.627098e-08
5.6270972e-08
5.6270963e-08
5.6270954e-08
5.6270946e-08
5.6270937e-08
5.6270929e-08
5.6270922e-08
5.6270915e-08
5.6270908e-08
5.6270903e-08
5.6270898e-08
5.6270894e-08
5.6270891e-08
5.627089e-08
5.6270889e-08
5.6270889e-08
5.6270891e-08
5.6270894e-08
5.6270897e-08
5.6270902e-08
5.6270907e-08
5.6270913e-08
5.627092e-08
5.6270927e-08
5.6270935e-08
5.6270943e-08
5.6270952e-08
5.627096e-08
5.6270969e-08
5.6270978e-08
5.6270986e-08
5.6270994e-08
5.6271002e-08
5.6271009e-08
5.6271016e-08
5.6271022e-08
5.6271027e-08
5.6271032e-08
5.6271035e-08
5.6271039e-08
5.6271042e-08
5.6271044e-08
5.6271047e-08
5.627105e-08
5.6271053e-08
5.6271056e-08
5.6271061e-08
5.6271066e-08
5.6271071e-08
5.6271078e-08
5.6271085e-08
5.6271094e-08
5.6271103e-08
5.6271113e-08
5.6271124e-08
5.6271136e-08
5.6271148e-08
5.627116e-08
5.6271173e-08
5.6271186e-08
5.6271199e-08
5.6271212e-08
5.6271225e-08
5.6271237e-08
5.627125e-08
5.6271262e-08
5.6271274e-08
5.6271285e-08
5.6271296e-08
5.6271306e-08
5.6271316e-08
5.6271325e-08
5.6271334e-08
5.6271342e-08
5.6271349e-08
5.6271356e-08
5.6271362e-08
5.6271368e-08
5.6271373e-08
5.6271377e-08
5.6271381e-08
5.6271385e-08
5.6271388e-08
5.627139e-08
5.6271392e-08
5.6271394e-08
5.6271396e-08
5.6271397e-08
5.6271398e-08
5.6271399e-08
5.6271399e-08
5.62714e-08
5.62714e-08
5.62714e-08
5.62714e-08
5.62714e-08
5.6271399e-08
5.6271399e-08
5.6271399e-08
5.6271398e-08
5.6271398e-08
5.6271398e-08
5.6271397e-08
5.6271397e-08
5.6271397e-08
5.6271397e-08
5.6271396e-08
5.6271396e-08
5.6271396e-08
5.6271395e-08
5.6271395e-08
5.6271395e-08
5.6271394e-08
5.6271393e-08
5.6271392e-08
5.627139e-08
5.6271388e-08
5.6271386e-08
5.6271382e-08
5.6271378e-08
5.6271373e-08
5.6271367e-08
5.6271359e-08
5.6271349e-08
)
;

boundaryField
{
    inlet
    {
        type            calculated;
        value           nonuniform List<scalar> 
30
(
-1.3748667e-07
-1.3748667e-07
-1.3748667e-07
-1.3748667e-07
-1.3748667e-07
-1.3748667e-07
-1.3748667e-07
-1.3748667e-07
-1.3748667e-07
-1.3748667e-07
-1.3748667e-07
-1.3748667e-07
-1.3748667e-07
-1.3748667e-07
-1.3748667e-07
-1.3748667e-07
-1.3748667e-07
-1.3748667e-07
-1.3748667e-07
-1.3748667e-07
-1.3748667e-07
-1.3748667e-07
-1.3748667e-07
-1.3748667e-07
-1.3748667e-07
-1.3748667e-07
-1.3748667e-07
-1.3748667e-07
-1.3748667e-07
-1.3748667e-07
)
;
    }
    outlet
    {
        type            calculated;
        value           nonuniform List<scalar> 
30
(
5.6271333e-08
1.1920727e-07
1.3990664e-07
1.4468433e-07
1.4553258e-07
1.4565501e-07
1.4566991e-07
1.4567148e-07
1.4567163e-07
1.4567164e-07
1.4567164e-07
1.4567164e-07
1.4567164e-07
1.4567164e-07
1.4567164e-07
1.4567164e-07
1.4567164e-07
1.4567164e-07
1.4567164e-07
1.4567164e-07
1.4567164e-07
1.4567163e-07
1.4567148e-07
1.4566991e-07
1.4565501e-07
1.4553258e-07
1.4468433e-07
1.3990664e-07
1.1920727e-07
5.6271333e-08
)
;
    }
    wall
    {
        type            calculated;
        value           uniform 0;
    }
    cylinder
    {
        type            calculated;
        value           uniform 0;
    }
    frontAndBack
    {
        type            empty;
    }
}


// ************************************************************************* //
