/*--------------------------------*- C++ -*----------------------------------*\
  =========                 |
  \\      /  F ield         | OpenFOAM: The Open Source CFD Toolbox
   \\    /   O peration     | Website:  https://openfoam.org
    \\  /    A nd           | Version:  13
     \\/     M anipulation  |
\*---------------------------------------------------------------------------*/
FoamFile
{
    format      ascii;
    class       surfaceScalarField;
    location    "0.001";
    object      phi;
}
// * * * * * * * * * * * * * * * * * * * * * * * * * * * * * * * * * * * * * //

dimensions      [1 0 -1 0 0 0 0];

internalField   nonuniform List<scalar> 
15760
(
8.67362e-17
5.72459e-17
1.30972e-16
1.21431e-17
1.84748e-16
-1.73472e-18
1.53523e-16
-4.68375e-17
1.7087e-16
-2.60209e-17
2.01228e-16
-5.37764e-17
1.94289e-16
-5.55112e-17
2.15973e-16
-5.0307e-17
1.96891e-16
-2.42861e-17
1.56125e-16
6.93889e-18
1.65666e-16
4.16334e-17
1.56125e-16
3.29597e-17
1.44849e-16
4.85723e-17
1.20563e-16
9.02056e-17
2.04697e-16
5.20417e-17
3.80833e-14
-2.94903e-17
1.97724e-11
-1.17927e-14
4.90007e-09
-2.51469e-12
3.23785e-07
-1.37247e-10
5.2847e-06
-1.57305e-09
2.90154e-05
-3.11087e-09
7.98514e-05
5.54866e-09
0.00014912
2.19441e-08
0.000225337
3.31553e-08
0.00030207
3.71278e-08
0.00037673
3.59995e-08
0.000448439
3.09585e-08
0.000516925
2.24726e-08
0.000582107
1.03119e-08
0.000643967
-5.88757e-09
0.000702532
-2.53285e-08
0.000757874
-4.48421e-08
0.000810105
-5.90004e-08
0.000859365
-6.20166e-08
0.000905805
-5.03552e-08
0.000949573
-2.42704e-08
0.000990805
1.24881e-08
0.00102962
5.39917e-08
0.00106613
9.33792e-08
0.00110042
1.2395e-07
0.00113256
1.40258e-07
0.00116264
1.38969e-07
0.00119072
1.19251e-07
0.00121688
8.27667e-08
0.00124119
3.33262e-08
0.00126372
-2.36825e-08
0.00128456
-8.19927e-08
0.00130379
-1.35171e-07
0.00132151
-1.77286e-07
0.00133779
-2.03463e-07
0.00135272
-2.10322e-07
0.00136639
-1.96282e-07
0.00137886
-1.61693e-07
0.00139022
-1.08812e-07
0.00140052
-4.16687e-08
0.00140982
3.42414e-08
0.00141818
1.12377e-07
0.00142563
1.85687e-07
0.00143221
2.47229e-07
0.00143796
2.90851e-07
0.00144291
3.11807e-07
0.00144708
3.07236e-07
0.00145049
2.76587e-07
0.00145318
2.21446e-07
0.00145517
1.46375e-07
0.00145649
5.5927e-08
0.00145716
-3.93966e-08
0.00145722
-1.38241e-07
0.00145669
-2.21995e-07
0.00145563
-2.99401e-07
0.00145405
-3.51351e-07
0.001452
-3.77161e-07
0.00144951
-3.97667e-07
0.00144661
-3.60951e-07
0.00144334
-3.30055e-07
0.00143975
-2.70307e-07
0.00143586
-1.71083e-07
0.00143174
-6.94078e-08
0.00142744
2.69117e-08
0.00142299
1.73243e-07
0.00141847
2.93093e-07
0.00141395
3.83303e-07
0.00140945
4.70289e-07
0.00140499
5.45952e-07
0.00140063
5.51365e-07
0.00139639
5.01023e-07
0.00139227
4.31735e-07
0.00138824
3.51674e-07
0.00138433
2.01113e-07
0.00138056
2.89754e-08
0.00137691
-1.33786e-07
0.00137333
-2.41912e-07
0.00136987
-3.64791e-07
0.00136653
-4.67732e-07
0.00136333
-5.64946e-07
0.00136023
-5.65592e-07
0.00135723
-5.52614e-07
0.00135431
-4.84729e-07
0.00135154
-4.69324e-07
0.00134888
-3.85491e-07
0.00134634
-3.28191e-07
0.00134384
-1.57089e-07
0.00134144
-5.5222e-08
0.00133907
1.16779e-07
0.00133684
1.6103e-07
0.00133462
3.10018e-07
0.00133253
3.37047e-07
0.0013304
5.18612e-07
0.00132837
5.1637e-07
0.00132626
6.86954e-07
0.00132429
6.03084e-07
0.00132222
7.4425e-07
0.00132033
5.66771e-07
0.00131824
7.74124e-07
0.0013163
5.86759e-07
0.00131392
1.0134e-06
0.00131156
9.64537e-07
0.00130831
1.83576e-06
0.00130454
2.34768e-06
4.06513e-06
0.00129908
6.85216e-17
6.93889e-18
1.30972e-16
1.04083e-17
1.67401e-16
-1.56125e-17
1.55258e-16
-5.20417e-17
1.62197e-16
-3.29597e-17
1.82146e-16
-1.73472e-18
1.98626e-16
1.56125e-17
2.12504e-16
3.98986e-17
2.04697e-16
3.29597e-17
1.58727e-16
-1.9082e-17
1.52656e-16
2.94903e-17
1.63931e-16
9.54098e-17
1.50921e-16
1.02349e-16
1.17961e-16
8.32667e-17
1.85615e-16
9.02056e-17
3.61594e-14
-1.73472e-17
1.87895e-11
-3.46598e-14
4.66815e-09
-7.814e-12
3.09579e-07
-4.79835e-10
5.07023e-06
-6.68207e-09
2.79073e-05
-2.32203e-08
7.69153e-05
-2.2873e-08
0.000143753
2.70038e-09
0.000217322
2.92082e-08
0.000291398
4.42008e-08
0.000363475
4.73828e-08
0.000432702
4.11039e-08
0.000498818
2.69088e-08
0.000561744
4.80164e-09
0.000621464
-2.56992e-08
0.000678005
-6.28752e-08
0.000731436
-1.0032e-07
0.000781866
-1.27251e-07
0.000829429
-1.3237e-07
0.000874269
-1.08944e-07
0.000916528
-5.76321e-08
0.000956338
1.42329e-08
0.000993815
9.51306e-08
0.00102906
1.71705e-07
0.00106216
2.30944e-07
0.0010932
2.62322e-07
0.00112224
2.59441e-07
0.00114935
2.20774e-07
0.00117461
1.49652e-07
0.00119808
5.35651e-08
0.00121984
-5.69312e-08
0.00123997
-1.69614e-07
0.00125854
-2.71969e-07
0.00127565
-3.52492e-07
0.00129138
-4.01772e-07
0.00130581
-4.13328e-07
0.001319
-3.84217e-07
0.00133105
-3.15263e-07
0.00134202
-2.11008e-07
0.00135196
-7.94206e-08
0.00136094
6.87189e-08
0.00136901
2.20654e-07
0.00137619
3.62689e-07
0.00138254
4.81402e-07
0.00138809
5.6494e-07
0.00139286
6.04227e-07
0.00139689
5.93878e-07
0.00140019
5.33016e-07
0.00140279
4.24891e-07
0.00140471
2.78504e-07
0.00140599
1.02763e-07
0.00140664
-8.1919e-08
0.00140671
-2.72986e-07
0.00140621
-4.34419e-07
0.00140519
-5.83212e-07
0.00140368
-6.82509e-07
0.0014017
-7.3067e-07
0.0013993
-7.68439e-07
0.00139649
-6.9469e-07
0.00139334
-6.31869e-07
0.00138986
-5.12415e-07
0.0013861
-3.17716e-07
0.0013821
-1.18982e-07
0.00137795
6.93669e-08
0.00137364
3.53555e-07
0.00136926
5.85475e-07
0.00136488
7.58074e-07
0.00136052
9.22321e-07
0.0013562
1.06781e-06
0.00135199
1.06911e-06
0.0013479
9.67584e-07
0.00134392
8.2929e-07
0.00134004
6.70805e-07
0.00133628
3.77052e-07
0.00133266
4.27017e-08
0.00132915
-2.72493e-07
0.00132571
-4.81008e-07
0.00132238
-7.17098e-07
0.00131917
-9.1436e-07
0.00131609
-1.10055e-06
0.0013131
-1.10006e-06
0.0013102
-1.07254e-06
0.00130738
-9.38568e-07
0.00130471
-9.06299e-07
0.00130213
-7.41278e-07
0.00129967
-6.26134e-07
0.00129725
-2.93668e-07
0.00129492
-9.47702e-08
0.00129262
2.38659e-07
0.00129045
3.25102e-07
0.00128831
6.11277e-07
0.00128628
6.63523e-07
0.00128422
1.00717e-06
0.00128226
1.00147e-06
0.00128023
1.32607e-06
0.00127834
1.16109e-06
0.00127636
1.42743e-06
0.00127456
1.08588e-06
0.00127257
1.48154e-06
0.00127072
1.1295e-06
0.00126844
1.95859e-06
0.00126616
1.89531e-06
0.00126301
3.62108e-06
0.0012593
4.69546e-06
8.19242e-06
0.00125383
6.93889e-17
-2.77556e-17
1.18829e-16
-5.20417e-17
1.51788e-16
-2.25514e-17
1.49186e-16
-2.08167e-17
1.63931e-16
-6.93889e-18
1.70003e-16
1.9082e-17
1.99493e-16
8.67362e-18
2.25514e-16
4.16334e-17
1.67401e-16
-8.67362e-18
1.60462e-16
1.38778e-17
1.84748e-16
9.88792e-17
1.61329e-16
1.04083e-16
1.33574e-16
9.71445e-17
1.249e-16
5.0307e-17
1.7434e-16
3.29597e-17
3.37629e-14
-2.42861e-17
1.75776e-11
-5.13183e-14
4.39027e-09
-1.16717e-11
2.93276e-07
-7.2956e-10
4.83474e-06
-1.03294e-08
2.6734e-05
-3.60015e-08
7.38837e-05
-3.34341e-08
0.000138295
9.60984e-09
0.000209247
5.13231e-08
0.000280711
7.32108e-08
0.000350256
7.64945e-08
0.000417057
6.60377e-08
0.000480857
4.45806e-08
0.000541581
1.20363e-08
0.000599212
-3.26129e-08
0.000653778
-8.71029e-08
0.000705345
-1.42119e-07
0.000754019
-1.81892e-07
0.000799928
-1.90014e-07
0.000843209
-1.56821e-07
0.000883999
-8.32529e-08
0.000922423
2.02403e-08
0.000958593
1.3707e-07
0.000992607
2.47869e-07
0.00102455
3.33747e-07
0.0010545
3.79411e-07
0.00108252
3.75496e-07
0.00110868
3.19701e-07
0.00113305
2.16752e-07
0.0011557
7.74613e-08
0.00117671
-8.29148e-08
0.00119613
-2.46627e-07
0.00121407
-3.95497e-07
0.00123059
-5.12797e-07
0.00124578
-5.84829e-07
0.00125971
-6.02168e-07
0.00127246
-5.60531e-07
0.0012841
-4.61106e-07
0.00129469
-3.10502e-07
0.0013043
-1.20286e-07
0.00131298
9.3925e-08
0.00132077
3.13698e-07
0.00132772
5.19264e-07
0.00133385
6.91248e-07
0.00133921
8.12511e-07
0.00134382
8.69926e-07
0.0013477
8.55674e-07
0.00135088
7.68434e-07
0.00135339
6.12814e-07
0.00135525
4.01712e-07
0.00135649
1.47826e-07
0.00135712
-1.19417e-07
0.00135719
-3.96552e-07
0.00135672
-6.31381e-07
0.00135574
-8.48412e-07
0.00135429
-9.94199e-07
0.00135239
-1.06555e-06
0.00135009
-1.12177e-06
0.00134739
-1.01558e-06
0.00134437
-9.25347e-07
0.00134103
-7.46121e-07
0.00133741
-4.65722e-07
0.00133358
-1.77687e-07
0.00132958
9.60892e-08
0.00132544
5.08028e-07
0.00132123
8.43971e-07
0.00131701
1.09309e-06
0.00131281
1.32947e-06
0.00130865
1.54304e-06
0.00130458
1.54007e-06
0.00130063
1.39674e-06
0.00129679
1.19931e-06
0.00129303
9.72286e-07
0.0012894
5.49502e-07
0.00128589
6.76029e-08
0.00128249
-3.88097e-07
0.00127917
-6.90853e-07
0.00127595
-1.03433e-06
0.00127285
-1.3226e-06
0.00126988
-1.59562e-06
0.00126699
-1.59883e-06
0.0012642
-1.56156e-06
0.00126149
-1.36909e-06
0.00125892
-1.32305e-06
0.00125643
-1.07899e-06
0.00125407
-9.09932e-07
0.00125174
-4.29124e-07
0.0012495
-1.39525e-07
0.00124729
3.45062e-07
0.0012452
4.72736e-07
0.00124314
8.87358e-07
0.00124119
9.65385e-07
0.00123921
1.4554e-06
0.00123732
1.44977e-06
0.00123537
1.91893e-06
0.00123354
1.67965e-06
0.00123164
2.0613e-06
0.0012299
1.57054e-06
0.00122798
2.1393e-06
0.0012262
1.63712e-06
0.00122403
2.83454e-06
0.00122186
2.75634e-06
0.00121889
5.27509e-06
0.00121541
6.86981e-06
1.20416e-05
0.00121027
5.55112e-17
4.51028e-17
1.23165e-16
-4.68375e-17
1.43982e-16
-4.68375e-17
1.43982e-16
-3.29597e-17
1.62197e-16
-2.42861e-17
1.75207e-16
3.29597e-17
1.99493e-16
9.36751e-17
1.8735e-16
2.60209e-17
1.71738e-16
5.89806e-17
1.61329e-16
1.19696e-16
1.63064e-16
1.12757e-16
1.63064e-16
7.80626e-17
1.12757e-16
9.54098e-17
1.12757e-16
6.93889e-17
1.68268e-16
8.67362e-17
3.10663e-14
-5.89806e-17
1.62166e-11
-6.38239e-14
4.0823e-09
-1.4678e-11
2.75635e-07
-9.34873e-10
4.5877e-06
-1.3545e-08
2.55393e-05
-4.83662e-08
7.08649e-05
-4.59767e-08
0.000132937
1.18761e-08
0.000201386
6.56806e-08
0.000270357
9.23535e-08
0.000337486
9.55547e-08
0.00040197
8.17317e-08
0.000463559
5.45234e-08
0.000522178
1.34925e-08
0.000577812
-4.32207e-08
0.00063049
-1.1301e-07
0.000680278
-1.83778e-07
0.000727276
-2.34987e-07
0.000771605
-2.45551e-07
0.000813398
-2.03252e-07
0.000852783
-1.09286e-07
0.000889881
2.31791e-08
0.000924799
1.73001e-07
0.000957633
3.1533e-07
0.000988464
4.25909e-07
0.00101737
4.85072e-07
0.00104441
4.80703e-07
0.00106966
4.09745e-07
0.00109319
2.78166e-07
0.00111505
9.97773e-08
0.00113533
-1.05865e-07
0.00115409
-3.1595e-07
0.00117141
-5.07096e-07
0.00118737
-6.57758e-07
0.00120204
-7.50313e-07
0.00121549
-7.72651e-07
0.00122781
-7.19295e-07
0.00123906
-5.91805e-07
0.00124929
-3.98728e-07
0.00125857
-1.54954e-07
0.00126695
1.19476e-07
0.00127447
4.00952e-07
0.00128117
6.64208e-07
0.00128708
8.84523e-07
0.00129225
1.04005e-06
0.00129669
1.11404e-06
0.00130043
1.09653e-06
0.00130349
9.85774e-07
0.00130591
7.87591e-07
0.0013077
5.18339e-07
0.00130889
1.93983e-07
0.0013095
-1.47957e-07
0.00130957
-5.03404e-07
0.00130912
-8.05449e-07
0.00130818
-1.08533e-06
0.00130679
-1.2745e-06
0.00130496
-1.36757e-06
0.00130274
-1.44102e-06
0.00130015
-1.30506e-06
0.00129723
-1.18956e-06
0.00129401
-9.55655e-07
0.00129052
-5.94782e-07
0.00128682
-2.24846e-07
0.00128296
1.27109e-07
0.00127896
6.55003e-07
0.00127489
1.08489e-06
0.00127081
1.40158e-06
0.00126675
1.70072e-06
0.00126272
1.97505e-06
0.00125879
1.96862e-06
0.00125496
1.78611e-06
0.00125125
1.53599e-06
0.00124762
1.24809e-06
0.00124411
7.09918e-07
0.00124072
9.55026e-08
0.00123744
-4.87413e-07
0.00123424
-8.76123e-07
0.00123114
-1.31778e-06
0.00122814
-1.69037e-06
0.00122528
-2.04456e-06
0.00122249
-2.05379e-06
0.0012198
-2.00876e-06
0.00121718
-1.76319e-06
0.0012147
-1.70438e-06
0.0012123
-1.38913e-06
0.00121001
-1.16651e-06
0.00120776
-5.49823e-07
0.0012056
-1.75954e-07
0.00120346
4.46375e-07
0.00120145
6.12704e-07
0.00119946
1.1412e-06
0.00119757
1.24466e-06
0.00119565
1.8663e-06
0.00119383
1.85802e-06
0.00119196
2.45478e-06
0.0011902
2.14892e-06
0.00118838
2.63122e-06
0.0011867
2.00854e-06
0.00118488
2.72858e-06
0.00118317
2.0975e-06
0.00118113
3.62332e-06
0.00117907
3.54422e-06
0.00117628
6.79321e-06
0.00117299
8.898e-06
1.57017e-05
0.0011681
4.0766e-17
-1.9082e-17
1.19696e-16
-2.25514e-17
1.37043e-16
3.98986e-17
1.38778e-16
-1.04083e-17
1.64799e-16
6.41848e-17
1.97758e-16
1.11022e-16
1.70003e-16
1.12757e-16
1.89085e-16
1.05818e-16
1.77809e-16
1.17961e-16
1.53523e-16
6.76542e-17
1.48319e-16
1.2837e-16
1.68268e-16
1.50921e-16
1.17961e-16
7.63278e-17
1.17094e-16
7.80626e-17
1.59595e-16
7.80626e-17
2.82127e-14
-1.09288e-16
1.47821e-11
-7.29885e-14
3.75846e-09
-1.69937e-11
2.5724e-07
-1.10184e-09
4.33385e-06
-1.62953e-08
2.43319e-05
-5.94432e-08
6.78543e-05
-5.7857e-08
0.000127641
1.45731e-08
0.000193658
8.14632e-08
0.000260212
1.12258e-07
0.000325001
1.14532e-07
0.000387243
9.72259e-08
0.000446692
6.49083e-08
0.000503274
1.6622e-08
0.000556979
-5.06682e-08
0.000607832
-1.34263e-07
0.0006559
-2.19433e-07
0.00070128
-2.81178e-07
0.000744085
-2.94255e-07
0.000784442
-2.44291e-07
0.000822472
-1.32631e-07
0.000858291
2.53126e-08
0.000892001
2.04427e-07
0.000923695
3.74972e-07
0.000953454
5.07881e-07
0.00098135
5.79527e-07
0.00100745
5.75255e-07
0.00103182
4.91225e-07
0.00105453
3.34429e-07
0.00107563
1.21301e-07
0.00109521
-1.24774e-07
0.00111333
-3.7647e-07
0.00113006
-6.05706e-07
0.00114547
-7.86573e-07
0.00115965
-8.97859e-07
0.00117265
-9.25041e-07
0.00118456
-8.61571e-07
0.00119543
-7.09345e-07
0.00120532
-4.78682e-07
0.00121429
-1.87453e-07
0.00122238
1.40366e-07
0.00122964
4.76561e-07
0.00123611
7.91039e-07
0.00124182
1.05438e-06
0.0012468
1.24063e-06
0.00125109
1.32987e-06
0.00125469
1.3102e-06
0.00125765
1.1795e-06
0.00125998
9.44519e-07
0.00126171
6.24553e-07
0.00126286
2.38234e-07
0.00126345
-1.69868e-07
0.00126353
-5.954e-07
0.0012631
-9.58303e-07
0.0012622
-1.29566e-06
0.00126086
-1.52546e-06
0.00125911
-1.63931e-06
0.00125699
-1.72942e-06
0.00125449
-1.56771e-06
0.00125169
-1.42802e-06
0.00124859
-1.14762e-06
0.00124524
-7.11677e-07
0.00124167
-2.67338e-07
0.00123795
1.54569e-07
0.0012341
7.8548e-07
0.00123017
1.2987e-06
0.00122623
1.6741e-06
0.00122231
2.02735e-06
0.00121842
2.35413e-06
0.00121461
2.34665e-06
0.00121091
2.1295e-06
0.00120731
1.83429e-06
0.00120381
1.49522e-06
0.00120042
8.57649e-07
0.00119714
1.27415e-07
0.00119398
-5.68305e-07
0.00119089
-1.03405e-06
0.0011879
-1.56435e-06
0.00118502
-2.01482e-06
0.00118225
-2.44503e-06
0.00117957
-2.46376e-06
0.00117698
-2.41402e-06
0.00117446
-2.12222e-06
0.00117206
-2.05019e-06
0.00116974
-1.67405e-06
0.00116754
-1.40017e-06
0.00116537
-6.59277e-07
0.00116328
-2.07845e-07
0.00116122
5.37743e-07
0.00115928
7.40163e-07
0.00115736
1.36778e-06
0.00115553
1.49594e-06
0.00115369
2.23205e-06
0.00115194
2.22034e-06
0.00115014
2.92782e-06
0.00114845
2.56458e-06
0.0011467
3.13233e-06
0.00114509
2.39618e-06
0.00114336
3.2446e-06
0.00114173
2.50751e-06
0.00113981
4.3189e-06
0.00113787
4.25349e-06
0.00113527
8.16413e-06
0.00113219
1.07718e-05
1.91589e-05
0.00112755
3.90313e-17
-2.77556e-17
1.21431e-16
-2.08167e-17
1.29237e-16
2.94903e-17
1.45717e-16
4.85723e-17
1.67401e-16
1.00614e-16
1.75207e-16
8.67362e-17
1.66533e-16
9.54098e-17
1.85615e-16
1.42247e-16
1.43982e-16
9.02056e-17
1.72605e-16
1.19696e-16
1.51788e-16
1.19696e-16
1.30104e-16
9.88792e-17
1.29237e-16
7.28584e-17
1.1189e-16
4.68375e-17
1.47451e-16
3.98986e-17
2.5333e-14
-9.02056e-17
1.33323e-11
-7.94902e-14
3.42988e-09
-1.87555e-11
2.38556e-07
-1.23893e-09
4.07748e-06
-1.87041e-08
2.31249e-05
-6.96961e-08
6.48746e-05
-6.99936e-08
0.000122439
1.51084e-08
0.000186104
9.51142e-08
0.000250328
1.29765e-07
0.000312865
1.30345e-07
0.000372946
1.09702e-07
0.000430334
7.32943e-08
0.000484956
1.93252e-08
0.000536801
-5.67894e-08
0.000585898
-1.52459e-07
0.000632311
-2.50433e-07
0.000676133
-3.21577e-07
0.000717473
-3.37074e-07
0.000756448
-2.80782e-07
0.000793174
-1.54063e-07
0.000827761
2.58831e-08
0.000860308
2.30551e-07
0.000890905
4.25946e-07
0.000919629
5.78766e-07
0.000946554
6.61863e-07
0.000971745
6.58274e-07
0.000995267
5.63355e-07
0.00101718
3.84907e-07
0.00103756
1.41604e-07
0.00105646
-1.39824e-07
0.00107396
-4.2808e-07
0.00109012
-6.90939e-07
0.00110502
-8.98603e-07
0.00111872
-1.02665e-06
0.00113129
-1.05842e-06
0.0011428
-9.86364e-07
0.00115331
-8.12743e-07
0.00116287
-5.49453e-07
0.00117154
-2.1699e-07
0.00117936
1.57208e-07
0.00118637
5.4095e-07
0.00119262
8.99964e-07
0.00119813
1.20083e-06
0.00120293
1.4141e-06
0.00120706
1.51714e-06
0.00121054
1.49638e-06
0.00121339
1.34935e-06
0.00121563
1.08345e-06
0.0012173
7.20407e-07
0.00121841
2.80913e-07
0.00121899
-1.84483e-07
0.00121907
-6.71491e-07
0.00121866
-1.08851e-06
0.00121781
-1.47757e-06
0.00121653
-1.74488e-06
0.00121485
-1.87835e-06
0.00121281
-1.98435e-06
0.00121042
-1.8009e-06
0.00120772
-1.63962e-06
0.00120474
-1.31897e-06
0.00120152
-8.15135e-07
0.00119808
-3.03233e-07
0.0011945
1.79815e-07
0.00119078
8.99959e-07
0.001187
1.48552e-06
0.00118319
1.91058e-06
0.00117939
2.30898e-06
0.00117563
2.68e-06
0.00117195
2.67339e-06
0.00116837
2.42687e-06
0.00116489
2.09336e-06
0.0011615
1.71309e-06
0.00115822
9.92769e-07
0.00115506
1.63792e-07
0.001152
-6.29826e-07
0.00114902
-1.16321e-06
0.00114614
-1.77197e-06
0.00114336
-2.2934e-06
0.00114069
-2.79403e-06
0.00113811
-2.82556e-06
0.00113561
-2.77408e-06
0.00113318
-2.4431e-06
0.00113087
-2.35784e-06
0.00112863
-1.92859e-06
0.0011265
-1.60917e-06
0.00112441
-7.56862e-07
0.0011224
-2.3411e-07
0.00112041
6.19972e-07
0.00111853
8.55362e-07
0.00111668
1.57053e-06
0.00111492
1.71811e-06
0.00111315
2.55154e-06
0.00111145
2.53631e-06
0.00110973
3.33623e-06
0.0011081
2.92478e-06
0.00110644
3.56241e-06
0.00110489
2.73192e-06
0.00110325
3.68505e-06
0.00110169
2.86513e-06
0.0010999
4.91754e-06
0.00109808
4.8806e-06
0.00109568
9.38072e-06
0.00109281
1.24818e-05
2.24029e-05
0.00108844
4.94396e-17
-3.46945e-18
1.21431e-16
1.38778e-17
1.29237e-16
1.00614e-16
1.60462e-16
9.71445e-17
1.56125e-16
6.59195e-17
1.56125e-16
5.20417e-17
1.84748e-16
8.1532e-17
1.52656e-16
6.41848e-17
1.5439e-16
9.36751e-17
1.71738e-16
1.2837e-16
1.4138e-16
1.02349e-16
1.22298e-16
6.93889e-17
1.21431e-16
8.84709e-17
1.04083e-16
5.72459e-17
1.34441e-16
7.11237e-17
2.25245e-14
-9.71445e-17
1.19126e-11
-8.3546e-14
3.10553e-09
-2.00014e-11
2.19978e-07
-1.34735e-09
3.82228e-06
-2.07687e-08
2.1929e-05
-7.89007e-08
6.19411e-05
-8.11239e-08
0.000117343
1.53831e-08
0.000178731
1.07734e-07
0.000240705
1.46034e-07
0.000301067
1.44174e-07
0.000359065
1.20132e-07
0.000414465
8.05553e-08
0.000467195
2.2363e-08
0.000517246
-6.09413e-08
0.000564649
-1.67042e-07
0.000609467
-2.76245e-07
0.000651787
-3.55661e-07
0.000691715
-3.73546e-07
0.000729358
-3.1233e-07
0.000764828
-1.73241e-07
0.000798228
2.51544e-08
0.000829654
2.5154e-07
0.000859192
4.68325e-07
0.00088692
6.38562e-07
0.000912907
7.32015e-07
0.00093722
7.29654e-07
0.000959924
6.2603e-07
0.00098108
4.29527e-07
0.00100075
1.60659e-07
0.00101901
-1.50982e-07
0.00103591
-4.70681e-07
0.00105152
-7.62607e-07
0.00106592
-9.93587e-07
0.00107916
-1.13641e-06
0.00109132
-1.17251e-06
0.00110245
-1.09348e-06
0.00111261
-9.01882e-07
0.00112185
-6.10989e-07
0.00113023
-2.436e-07
0.00113779
1.69898e-07
0.00114456
5.9394e-07
0.00115059
9.90758e-07
0.00115591
1.32361e-06
0.00116055
1.56013e-06
0.00116453
1.67547e-06
0.00116788
1.65468e-06
0.00117062
1.49487e-06
0.00117279
1.20394e-06
0.0011744
8.05461e-07
0.00117547
3.216e-07
0.00117604
-1.92148e-07
0.00117612
-7.31885e-07
0.00117574
-1.19609e-06
0.00117492
-1.63088e-06
0.0011737
-1.93236e-06
0.0011721
-2.08417e-06
0.00117014
-2.20523e-06
0.00116784
-2.00399e-06
0.00116525
-1.82301e-06
0.00116239
-1.46799e-06
0.00115929
-9.05271e-07
0.00115598
-3.32944e-07
0.00115253
2.02496e-07
0.00114895
9.97798e-07
0.00114529
1.64463e-06
0.00114161
2.11053e-06
0.00113794
2.5452e-06
0.0011343
2.95278e-06
0.00113074
2.94806e-06
0.00112727
2.67789e-06
0.0011239
2.31259e-06
0.00112063
1.90077e-06
0.00111746
1.11417e-06
0.0011144
2.03444e-07
0.00111145
-6.73109e-07
0.00110858
-1.26451e-06
0.0011058
-1.94121e-06
0.00110312
-2.52621e-06
0.00110055
-3.09116e-06
0.00109806
-3.13836e-06
0.00109565
-3.08788e-06
0.00109332
-2.72469e-06
0.00109108
-2.6273e-06
0.00108893
-2.15127e-06
0.00108687
-1.79275e-06
0.00108485
-8.43741e-07
0.00108291
-2.55684e-07
0.001081
6.92544e-07
0.00107918
9.57756e-07
0.0010774
1.74874e-06
0.00107569
1.90961e-06
0.00107399
2.82397e-06
0.00107236
2.80564e-06
0.0010707
3.68001e-06
0.00106914
3.22945e-06
0.00106755
3.9215e-06
0.00106606
3.01525e-06
0.00106451
4.04943e-06
0.00106303
3.16933e-06
0.00106136
5.418e-06
0.00105966
5.42372e-06
0.00105746
1.04388e-05
0.00105481
1.40212e-05
2.54297e-05
0.0010507
6.76542e-17
-6.41848e-17
1.40513e-16
1.38778e-17
1.1189e-16
3.46945e-17
1.39645e-16
1.33574e-16
1.38778e-16
1.05818e-16
1.67401e-16
1.31839e-16
1.71738e-16
1.63064e-16
1.53523e-16
1.19696e-16
1.56992e-16
8.84709e-17
1.50921e-16
9.19403e-17
1.23165e-16
7.97973e-17
1.249e-16
6.41848e-17
1.09288e-16
5.20417e-17
1.00614e-16
3.98986e-17
1.25767e-16
1.04083e-17
1.98543e-14
-1.42247e-16
1.05568e-11
-8.54247e-14
2.79229e-09
-2.07753e-11
2.01819e-07
-1.42879e-09
3.57129e-06
-2.2507e-08
2.07536e-05
-8.71503e-08
5.90684e-05
-9.13778e-08
0.00011237
1.54044e-08
0.000171557
1.18753e-07
0.000231358
1.60217e-07
0.000289623
1.55446e-07
0.000345613
1.28005e-07
0.000399096
8.62493e-08
0.000450002
2.53297e-08
0.000498324
-6.35653e-08
0.000544093
-1.78447e-07
0.000587373
-2.97234e-07
0.000628247
-3.83724e-07
0.000666812
-4.03933e-07
0.000703173
-3.39131e-07
0.000737432
-1.90257e-07
0.000769688
2.31244e-08
0.000800034
2.67457e-07
0.000828551
5.02202e-07
0.000855317
6.87351e-07
0.000880401
7.90035e-07
0.000903868
7.8939e-07
0.000925782
6.79185e-07
0.000946205
4.68174e-07
0.000965199
1.78318e-07
0.000982828
-1.58444e-07
0.000999155
-5.04512e-07
0.00101424
-8.20979e-07
0.00102816
-1.07177e-06
0.00104096
-1.22735e-06
0.00105272
-1.2675e-06
0.00106348
-1.18307e-06
0.0010733
-9.76865e-07
0.00108224
-6.63344e-07
0.00109034
-2.67222e-07
0.00109765
1.78627e-07
0.00110419
6.3586e-07
0.00111002
1.06386e-06
0.00111515
1.42322e-06
0.00111962
1.67928e-06
0.00112346
1.80541e-06
0.00112669
1.78553e-06
0.00112934
1.61636e-06
0.00113142
1.30606e-06
0.00113297
8.79567e-07
0.00113401
3.59949e-07
0.00113456
-1.93373e-07
0.00113465
-7.77142e-07
0.00113429
-1.28155e-06
0.00113352
-1.75592e-06
0.00113235
-2.08803e-06
0.00113082
-2.25678e-06
0.00112894
-2.39202e-06
0.00112674
-2.17692e-06
0.00112425
-1.97901e-06
0.0011215
-1.59422e-06
0.00111852
-9.82082e-07
0.00111534
-3.57167e-07
0.00111201
2.2244e-07
0.00110856
1.0791e-06
0.00110503
1.7763e-06
0.00110147
2.27456e-06
0.00109793
2.73732e-06
0.00109441
3.1739e-06
0.00109096
3.17158e-06
0.0010876
2.88334e-06
0.00108434
2.493e-06
0.00108117
2.05859e-06
0.0010781
1.22141e-06
0.00107515
2.45499e-07
0.0010723
-6.99224e-07
0.00106953
-1.33906e-06
0.00106686
-2.0731e-06
0.00106427
-2.71396e-06
0.0010618
-3.33669e-06
0.0010594
-3.40189e-06
0.00105708
-3.35489e-06
0.00105483
-2.96636e-06
0.00105267
-2.85808e-06
0.00105059
-2.34223e-06
0.0010486
-1.95003e-06
0.00104666
-9.20254e-07
0.00104478
-2.73581e-07
0.00104294
7.55154e-07
0.00104119
1.04734e-06
0.00103947
1.8984e-06
0.00103782
2.07017e-06
0.00103618
3.04948e-06
0.00103461
3.02876e-06
0.00103302
3.96021e-06
0.00103152
3.47913e-06
0.00103
4.21135e-06
0.00102858
3.24774e-06
0.00102711
4.34057e-06
0.0010257
3.42139e-06
0.00102415
5.82192e-06
0.00102257
5.88249e-06
0.00102057
1.13366e-05
0.00101814
1.53861e-05
2.82346e-05
0.00101431
7.11237e-17
2.60209e-17
1.249e-16
2.25514e-17
1.26635e-16
5.20417e-17
1.2837e-16
8.67362e-17
1.34441e-16
1.19696e-16
1.7434e-16
1.16226e-16
1.48319e-16
8.1532e-17
1.45717e-16
8.67362e-17
1.62197e-16
1.00614e-16
1.42247e-16
6.93889e-17
1.25767e-16
5.55112e-17
1.16226e-16
1.73472e-17
1.10155e-16
3.64292e-17
8.97719e-17
1.04083e-17
1.1666e-16
-3.46945e-17
1.73802e-14
-1.50921e-16
9.28809e-12
-8.54351e-14
2.49523e-09
-2.11296e-11
1.84325e-07
-1.4852e-09
3.32697e-06
-2.39325e-08
1.9606e-05
-9.4468e-08
5.62674e-05
-1.00686e-07
0.000107532
1.56947e-08
0.000164589
1.28828e-07
0.000222293
1.72603e-07
0.000278533
1.64517e-07
0.000332586
1.33688e-07
0.00038422
9.06488e-08
0.000433367
2.83749e-08
0.00048002
-6.46568e-08
0.000524214
-1.86764e-07
0.00056601
-3.13489e-07
0.000605489
-4.05874e-07
0.000642741
-4.2835e-07
0.000677864
-3.61229e-07
0.000710956
-2.05043e-07
0.00074211
1.99802e-08
0.000771413
2.78599e-07
0.000798947
5.27944e-07
0.000824786
7.25537e-07
0.000848998
8.36299e-07
0.000871649
8.37763e-07
0.000892801
7.22967e-07
0.000912517
5.00852e-07
0.000930857
1.94479e-07
0.000947883
-1.62424e-07
0.000963656
-5.29918e-07
0.000978238
-8.6653e-07
0.000991689
-1.13373e-06
0.00100407
-1.30007e-06
0.00101544
-1.34396e-06
0.00102584
-1.25562e-06
0.00103535
-1.03809e-06
0.00104399
-7.06748e-07
0.00105183
-2.87894e-07
0.00105889
1.836e-07
0.00106521
6.67176e-07
0.00107083
1.11999e-06
0.00107579
1.50058e-06
0.0010801
1.77256e-06
0.0010838
1.90796e-06
0.00108692
1.88979e-06
0.00108947
1.71446e-06
0.00109148
1.39014e-06
0.00109298
9.42665e-07
0.00109398
3.95506e-07
0.00109452
-1.88928e-07
0.00109461
-8.0823e-07
0.00109427
-1.3459e-06
0.00109354
-1.85364e-06
0.00109243
-2.21268e-06
0.00109096
-2.39685e-06
0.00108916
-2.54526e-06
0.00108706
-2.32013e-06
0.00108467
-2.108e-06
0.00108203
-1.69848e-06
0.00107916
-1.04588e-06
0.0010761
-3.76708e-07
0.00107289
2.39302e-07
0.00106956
1.14423e-06
0.00106616
1.88124e-06
0.00106272
2.40392e-06
0.00105929
2.88762e-06
0.00105589
3.3458e-06
0.00105255
3.34617e-06
0.00104929
3.04475e-06
0.00104614
2.63629e-06
0.00104307
2.18736e-06
0.00104011
1.31409e-06
0.00103726
2.88774e-07
0.0010345
-7.09872e-07
0.00103184
-1.38888e-06
0.00102926
-2.16987e-06
0.00102677
-2.85863e-06
0.00102438
-3.53224e-06
0.00102207
-3.61717e-06
0.00101983
-3.57573e-06
0.00101767
-3.16836e-06
0.00101559
-3.05047e-06
0.00101358
-2.50126e-06
0.00101166
-2.08086e-06
0.00100979
-9.86016e-07
0.00100797
-2.88758e-07
0.0010062
8.07202e-07
0.0010045
1.12369e-06
0.00100285
2.0214e-06
0.00100125
2.2019e-06
0.000999676
3.22936e-06
0.000998157
3.20673e-06
0.000996645
4.1792e-06
0.000995196
3.67554e-06
0.000993755
4.43478e-06
0.000992383
3.43134e-06
0.000991
4.56211e-06
0.000989658
3.62298e-06
0.000988232
6.13274e-06
0.000986764
6.25822e-06
0.000984962
1.2075e-05
0.000982747
1.65751e-05
3.08119e-05
0.00097919
7.1991e-17
3.64292e-17
1.35308e-16
3.81639e-17
1.16226e-16
-2.94903e-17
1.31839e-16
7.45931e-17
1.249e-16
1.23165e-16
1.56125e-16
1.23165e-16
1.45717e-16
8.67362e-17
1.44849e-16
8.84709e-17
1.50921e-16
1.00614e-16
1.37477e-16
7.45931e-17
1.1666e-16
4.51028e-17
1.12323e-16
2.25514e-17
9.62772e-17
2.25514e-17
6.93889e-17
-1.38778e-17
1.05818e-16
-2.08167e-17
1.51238e-14
-1.8735e-16
8.12086e-12
-8.39034e-14
2.21774e-09
-2.11237e-11
1.67673e-07
-1.51901e-09
3.09122e-06
-2.50638e-08
1.84922e-05
-1.009e-07
5.35469e-05
-1.09152e-07
0.000102838
1.61623e-08
0.000157835
1.37955e-07
0.000213514
1.8298e-07
0.000267803
1.71217e-07
0.000319986
1.37185e-07
0.000369837
9.37397e-08
0.000417286
3.13807e-08
0.00046233
-6.44726e-08
0.000505005
-1.92306e-07
0.00054537
-3.25316e-07
0.000583502
-4.2244e-07
0.000619488
-4.47112e-07
0.000653418
-3.78818e-07
0.000685383
-2.17622e-07
0.000715473
1.58904e-08
0.000743772
2.85301e-07
0.000770357
5.46023e-07
0.000795301
7.53654e-07
0.000818673
8.71337e-07
0.000840537
8.75236e-07
0.000860956
7.57681e-07
0.00087999
5.27639e-07
0.000897699
2.0899e-07
0.000914143
-1.63242e-07
0.000929382
-5.47366e-07
0.000943474
-8.99869e-07
0.000956478
-1.18024e-06
0.000968449
-1.35544e-06
0.000979443
-1.40273e-06
0.000989512
-1.31189e-06
0.000998704
-1.08611e-06
0.00100707
-7.4152e-07
0.00101464
-3.05631e-07
0.00102146
1.8515e-07
0.00102758
6.88579e-07
0.00103301
1.16016e-06
0.00103779
1.55698e-06
0.00104195
1.84141e-06
0.00104552
1.98456e-06
0.00104852
1.96879e-06
0.00105098
1.79019e-06
0.00105292
1.45678e-06
0.00105437
9.94873e-07
0.00105534
4.27885e-07
0.00105586
-1.79657e-07
0.00105596
-8.2634e-07
0.00105564
-1.39048e-06
0.00105495
-1.92541e-06
0.00105389
-2.30753e-06
0.00105249
-2.50542e-06
0.00105077
-2.66592e-06
0.00104875
-2.4344e-06
0.00104646
-2.21064e-06
0.00104392
-1.78177e-06
0.00104116
-1.09704e-06
0.00103822
-3.92086e-07
0.00103513
2.52774e-07
0.00103192
1.19378e-06
0.00102863
1.96074e-06
0.00102531
2.50048e-06
0.001022
2.99692e-06
0.0010187
3.47178e-06
0.00101547
3.47496e-06
0.00101232
3.16447e-06
0.00100926
2.74451e-06
0.0010063
2.28824e-06
0.00100343
1.39204e-06
0.00100068
3.32091e-07
0.000998019
-7.06983e-07
0.000995447
-1.41633e-06
0.000992962
-2.23419e-06
0.000990564
-2.96272e-06
0.000988259
-3.67999e-06
0.000986032
-3.78565e-06
0.00098388
-3.75155e-06
0.000981794
-3.33142e-06
0.000979789
-3.20528e-06
0.000977856
-2.63233e-06
0.000975997
-2.18628e-06
0.000974191
-1.04064e-06
0.000972442
-3.01609e-07
0.000970736
8.48183e-07
0.000969095
1.18735e-06
0.000967494
2.12e-06
0.000965952
2.30709e-06
0.000964436
3.36587e-06
0.000962972
3.34104e-06
0.000961525
4.34042e-06
0.000960132
3.82213e-06
0.000958759
4.59646e-06
0.000957443
3.56886e-06
0.000956138
4.71849e-06
0.000954864
3.77617e-06
0.000953551
6.35501e-06
0.000952195
6.55286e-06
0.000950585
1.26577e-05
0.000948587
1.75877e-05
3.31585e-05
0.000945304
8.84709e-17
-2.94903e-17
1.1189e-16
2.60209e-17
1.2837e-16
6.41848e-17
1.19696e-16
6.59195e-17
1.21431e-16
8.32667e-17
1.37477e-16
1.12757e-16
1.46584e-16
1.21431e-16
1.37477e-16
9.54098e-17
1.4138e-16
8.67362e-17
1.26201e-16
4.85723e-17
1.10589e-16
4.16334e-17
1.06252e-16
8.67362e-18
8.93383e-17
-6.93889e-18
7.37257e-17
-8.67362e-18
9.49761e-17
-1.73472e-18
1.30842e-14
-2.06432e-16
7.06219e-12
-8.11226e-14
1.96183e-09
-2.0819e-11
1.51988e-07
-1.53284e-09
2.86546e-06
-2.5921e-08
1.74167e-05
-1.06476e-07
5.09134e-05
-1.16789e-07
9.82936e-05
1.68657e-08
0.0001513
1.46362e-07
0.000205023
1.91548e-07
0.000257428
1.75698e-07
0.000307809
1.38765e-07
0.000355939
9.57343e-08
0.000401751
3.43685e-08
0.000445242
-6.31753e-08
0.00048645
-1.95316e-07
0.000525434
-3.32987e-07
0.000562268
-4.33757e-07
0.000597031
-4.60531e-07
0.000629809
-3.92089e-07
0.000660688
-2.27996e-07
0.000689752
1.10673e-08
0.000717081
2.87996e-07
0.000742751
5.5703e-07
0.000766834
7.72375e-07
0.000789395
8.9583e-07
0.000810501
9.02415e-07
0.000830211
7.83774e-07
0.000848587
5.48728e-07
0.000865688
2.21721e-07
0.000881572
-1.61328e-07
0.000896295
-5.57485e-07
0.000909915
-9.21766e-07
0.000922486
-1.2122e-06
0.000934063
-1.39445e-06
0.000944697
-1.44485e-06
0.000954437
-1.35282e-06
0.000963329
-1.12166e-06
0.000971417
-7.68088e-07
0.000978742
-3.20486e-07
0.00098534
1.83639e-07
0.000991246
7.00859e-07
0.000996493
1.18558e-06
0.00100111
1.59393e-06
0.00100513
1.88755e-06
0.00100857
2.03696e-06
0.00101146
2.02413e-06
0.00101383
1.84482e-06
0.0010157
1.50678e-06
0.0010171
1.03642e-06
0.00101804
4.56729e-07
0.00101855
-1.66487e-07
0.00101865
-8.32848e-07
0.00101836
-1.41698e-06
0.0010177
-1.97305e-06
0.00101669
-2.37433e-06
0.00101535
-2.58409e-06
0.00101371
-2.7554e-06
0.00101177
-2.52081e-06
0.00100957
-2.28802e-06
0.00100714
-1.84503e-06
0.00100449
-1.13616e-06
0.00100166
-4.03731e-07
0.000998679
2.62551e-07
0.000995586
1.22851e-06
0.000992413
2.01633e-06
0.000989205
2.5665e-06
0.000985996
3.06764e-06
0.000982811
3.55528e-06
0.000979681
3.56128e-06
0.00097663
3.2456e-06
0.000973672
2.82001e-06
0.000970804
2.36269e-06
0.000968035
1.45535e-06
0.000965369
3.74302e-07
0.000962803
-6.92568e-07
0.000960324
-1.42395e-06
0.000957929
-2.26904e-06
0.000955619
-3.02919e-06
0.000953396
-3.7827e-06
0.000951251
-3.90946e-06
0.000949178
-3.88408e-06
0.00094717
-3.45681e-06
0.000945236
-3.32391e-06
0.000943371
-2.73596e-06
0.000941575
-2.26763e-06
0.000939833
-1.08483e-06
0.000938146
-3.12281e-07
0.000936502
8.77789e-07
0.000934914
1.23893e-06
0.00093337
2.19291e-06
0.00093188
2.38436e-06
0.000930422
3.46091e-06
0.000929011
3.43487e-06
0.000927625
4.44902e-06
0.000926286
3.92321e-06
0.000924978
4.70149e-06
0.000923715
3.66343e-06
0.000922484
4.81502e-06
0.000921275
3.88398e-06
0.000920068
6.4951e-06
0.00091882
6.76914e-06
0.000917398
1.30872e-05
0.000915614
1.84255e-05
3.5279e-05
0.000912599
9.28077e-17
4.16334e-17
1.13624e-16
3.64292e-17
1.19696e-16
5.72459e-17
1.2013e-16
8.1532e-17
1.24033e-16
8.1532e-17
1.33574e-16
9.88792e-17
1.34875e-16
7.80626e-17
1.2837e-16
5.55112e-17
1.2837e-16
5.89806e-17
1.23165e-16
2.60209e-17
1.01481e-16
6.93889e-18
9.54098e-17
-1.04083e-17
9.36751e-17
-3.46945e-18
7.1991e-17
-4.16334e-17
8.84709e-17
-3.29597e-17
1.1261e-14
-2.08167e-16
6.11346e-12
-7.74849e-14
1.72838e-09
-2.02745e-11
1.37343e-07
-1.52939e-09
2.65069e-06
-2.65258e-08
1.63827e-05
-1.11232e-07
4.83718e-05
-1.23618e-07
9.39033e-05
1.77808e-08
0.000144986
1.54054e-07
0.000196821
1.98312e-07
0.000247409
1.77942e-07
0.000296051
1.38543e-07
0.000342521
9.67542e-08
0.000386752
3.728e-08
0.000428745
-6.09935e-08
0.000468538
-1.9607e-07
0.00050619
-3.36838e-07
0.000541769
-4.40237e-07
0.000575352
-4.68994e-07
0.000607018
-4.01296e-07
0.000636848
-2.3622e-07
0.000664922
5.70904e-09
0.000691316
2.87118e-07
0.000716104
5.61596e-07
0.000739355
7.82437e-07
0.000761136
9.10492e-07
0.000781509
9.19928e-07
0.000800537
8.01716e-07
0.000818279
5.64389e-07
0.000834793
2.32597e-07
0.000850135
-1.57142e-07
0.000864361
-5.61072e-07
0.000877525
-9.33208e-07
0.000889679
-1.23068e-06
0.000900874
-1.41824e-06
0.00091116
-1.47145e-06
0.000920583
-1.37944e-06
0.000929185
-1.14557e-06
0.000937009
-7.8694e-07
0.000944093
-3.3253e-07
0.000950472
1.79464e-07
0.00095618
7.049e-07
0.000961248
1.19757e-06
0.000965706
1.61312e-06
0.000969581
1.91287e-06
0.000972901
2.06711e-06
0.000975692
2.05758e-06
0.000977978
1.8798e-06
0.000979784
1.5411e-06
0.000981131
1.06766e-06
0.000982043
4.81738e-07
0.00098254
-1.50324e-07
0.000982643
-8.29228e-07
0.000982372
-1.42721e-06
0.000981747
-1.99862e-06
0.000980787
-2.41511e-06
0.000979509
-2.63478e-06
0.000977936
-2.81545e-06
0.000976085
-2.58078e-06
0.000973977
-2.34152e-06
0.000971639
-1.88944e-06
0.000969093
-1.16401e-06
0.000966367
-4.12017e-07
0.000963498
2.68481e-07
0.000960515
1.24924e-06
0.000957454
2.04972e-06
0.000954353
2.6045e-06
0.00095125
3.10519e-06
0.000948169
3.59975e-06
0.00094514
3.60847e-06
0.000942186
3.29155e-06
0.000939322
2.86535e-06
0.000936549
2.41241e-06
0.000933872
1.50436e-06
0.000931295
4.14334e-07
0.000928816
-6.6871e-07
0.000926426
-1.41439e-06
0.000924118
-2.27763e-06
0.000921892
-3.06135e-06
0.00091975
-3.8436e-06
0.000917683
-3.99112e-06
0.000915687
-3.97546e-06
0.000913754
-3.54616e-06
0.000911889
-3.40806e-06
0.000910089
-2.80965e-06
0.000908353
-2.3241e-06
0.000906674
-1.1194e-06
0.000905044
-3.20359e-07
0.000903458
9.002e-07
0.000901923
1.27638e-06
0.000900436
2.24028e-06
0.000898997
2.43434e-06
0.000897595
3.51813e-06
0.000896232
3.49239e-06
0.000894905
4.50994e-06
0.000893617
3.98238e-06
0.00089237
4.75482e-06
0.000891159
3.71843e-06
0.000889998
4.85755e-06
0.00088885
3.94984e-06
0.000887744
6.55933e-06
0.000886597
6.91327e-06
0.000885347
1.33783e-05
0.000883778
1.90863e-05
3.71674e-05
0.000881034
9.62772e-17
-1.73472e-17
1.10589e-16
2.08167e-17
1.14492e-16
5.20417e-18
1.14058e-16
2.77556e-17
1.22298e-16
5.20417e-17
1.24033e-16
3.29597e-17
1.32706e-16
1.73472e-17
1.22732e-16
1.21431e-17
1.18395e-16
1.21431e-17
1.15793e-16
-1.9082e-17
9.58435e-17
-2.94903e-17
9.67108e-17
-3.29597e-17
7.80626e-17
-1.56125e-17
7.069e-17
-2.77556e-17
8.0231e-17
-2.60209e-17
9.64853e-15
-2.1684e-16
5.27189e-12
-7.32903e-14
1.51741e-09
-1.95449e-11
1.23775e-07
-1.51129e-09
2.44755e-06
-2.69005e-08
1.53927e-05
-1.152e-07
4.59253e-05
-1.29642e-07
8.96697e-05
1.89325e-08
0.000138895
1.61099e-07
0.000188907
2.03407e-07
0.000237741
1.78099e-07
0.000284705
1.36732e-07
0.000329572
9.69726e-08
0.000372278
4.00541e-08
0.000412825
-5.81672e-08
0.000451253
-1.94848e-07
0.000487618
-3.37242e-07
0.000521986
-4.42327e-07
0.00055443
-4.72895e-07
0.000585022
-4.06703e-07
0.00061384
-2.42337e-07
0.000640958
2.75806e-11
0.00066645
2.83143e-07
0.000690387
5.60408e-07
0.000712836
7.84662e-07
0.000733863
9.16141e-07
0.000753531
9.2846e-07
0.000771901
8.1198e-07
0.000789031
5.74912e-07
0.000804978
2.41657e-07
0.000819798
-1.51018e-07
0.000833544
-5.58866e-07
0.000846267
-9.35262e-07
0.000858018
-1.23695e-06
0.000868846
-1.42808e-06
0.000878795
-1.48375e-06
0.00088791
-1.39284e-06
0.000896233
-1.15869e-06
0.000903801
-7.98605e-07
0.000910652
-3.41846e-07
0.00091682
1.73033e-07
0.000922337
7.01606e-07
0.000927233
1.19748e-06
0.000931537
1.61628e-06
0.000935278
1.91934e-06
0.000938481
2.07704e-06
0.000941173
2.07105e-06
0.000943378
1.89669e-06
0.00094512
1.5608e-06
0.000946422
1.08902e-06
0.000947305
5.02674e-07
0.00094779
-1.32046e-07
0.000947897
-8.16895e-07
0.000947646
-1.423e-06
0.000947053
-2.00423e-06
0.000946139
-2.43207e-06
0.00094492
-2.65962e-06
0.000943415
-2.84811e-06
0.000941644
-2.61595e-06
0.000939622
-2.37271e-06
0.000937377
-1.91527e-06
0.000934931
-1.18144e-06
0.000932308
-4.17303e-07
0.000929543
2.70611e-07
0.000926668
1.25693e-06
0.000923713
2.06276e-06
0.000920717
2.61712e-06
0.000917716
3.11369e-06
0.000914737
3.60894e-06
0.000911805
3.62019e-06
0.000908945
3.30569e-06
0.000906173
2.88316e-06
0.000903491
2.43924e-06
0.000900903
1.53956e-06
0.000898412
4.51259e-07
0.000896019
-6.37442e-07
0.000893714
-1.39034e-06
0.00089149
-2.2632e-06
0.000889345
-3.06269e-06
0.000887279
-3.86617e-06
0.000885289
-4.0335e-06
0.000883365
-4.02816e-06
0.000881505
-3.60136e-06
0.000879706
-3.45968e-06
0.000877969
-2.8566e-06
0.000876293
-2.36071e-06
0.000874671
-1.14095e-06
0.000873097
-3.24985e-07
0.00087157
9.10489e-07
0.00087009
1.29835e-06
0.000868655
2.26635e-06
0.000867261
2.46198e-06
0.000865911
3.54192e-06
0.000864597
3.51597e-06
0.000863326
4.52652e-06
0.000862088
4.003e-06
0.0008609
4.76198e-06
0.000859738
3.73791e-06
0.000858641
4.85234e-06
0.000857552
3.97754e-06
0.000856538
6.55488e-06
0.000855488
6.98924e-06
0.000854406
1.35337e-05
0.000853035
1.95836e-05
3.88223e-05
0.000850562
9.36751e-17
2.77556e-17
9.75782e-17
-3.46945e-17
1.14058e-16
1.73472e-18
1.2013e-16
1.56125e-17
1.13624e-16
1.04083e-17
1.12323e-16
1.9082e-17
1.27936e-16
3.81639e-17
1.17094e-16
-1.73472e-17
1.07119e-16
1.21431e-17
1.15793e-16
1.04083e-17
9.54098e-17
-2.94903e-17
1.01048e-16
-3.1225e-17
7.1991e-17
-3.29597e-17
6.59195e-17
-4.51028e-17
7.11237e-17
-7.97973e-17
8.24427e-15
-1.97758e-16
4.53179e-12
-6.87592e-14
1.32826e-09
-1.86792e-11
1.11289e-07
-1.48104e-09
2.25638e-06
-2.70674e-08
1.44481e-05
-1.18413e-07
4.3576e-05
-1.34864e-07
8.55938e-05
2.03284e-08
0.000133024
1.67506e-07
0.000181277
2.06881e-07
0.000228418
1.76283e-07
0.000273763
1.33526e-07
0.000317084
9.65722e-08
0.000358318
4.26792e-08
0.00039747
-5.48507e-08
0.000434579
-1.91855e-07
0.000469702
-3.34536e-07
0.000502901
-4.40458e-07
0.000534244
-4.72647e-07
0.000563799
-4.086e-07
0.000591639
-2.46444e-07
0.000617835
-5.80705e-09
0.000642457
2.76498e-07
0.000665572
5.54126e-07
0.000687248
7.79879e-07
0.000707549
9.1367e-07
0.000726536
9.28777e-07
0.000744271
8.15081e-07
0.000760811
5.80533e-07
0.000776212
2.48924e-07
0.000790528
-1.43202e-07
0.00080381
-5.51468e-07
0.000816107
-9.28941e-07
0.000827469
-1.23227e-06
0.00083794
-1.42534e-06
0.000847564
-1.48307e-06
0.000856382
-1.39418e-06
0.000864434
-1.16192e-06
0.000871755
-8.03617e-07
0.000878381
-3.48541e-07
0.000884345
1.64741e-07
0.000889677
6.91881e-07
0.000894408
1.18672e-06
0.000898564
1.60518e-06
0.000902175
1.90899e-06
0.000905266
2.06883e-06
0.000907863
2.06649e-06
0.000909991
1.89712e-06
0.000911672
1.567e-06
0.00091293
1.10103e-06
0.000913786
5.19384e-07
0.000914259
-1.12403e-07
0.00091437
-7.97149e-07
0.000914137
-1.40602e-06
0.000913576
-1.9919e-06
0.000912706
-2.42738e-06
0.000911543
-2.6608e-06
0.000910104
-2.85553e-06
0.000908408
-2.62815e-06
0.00090647
-2.38325e-06
0.000904315
-1.92719e-06
0.000901963
-1.18938e-06
0.000899439
-4.19863e-07
0.000896775
2.69218e-07
0.000894003
1.2527e-06
0.000891151
2.05743e-06
0.000888256
2.607e-06
0.000885355
3.09631e-06
0.000882474
3.58689e-06
0.000879637
3.60061e-06
0.000876868
3.29143e-06
0.000874185
2.87606e-06
0.000871592
2.44503e-06
0.000869091
1.5616e-06
0.000866683
4.84342e-07
0.000864371
-6.00651e-07
0.000862149
-1.35433e-06
0.000860006
-2.22895e-06
0.000857939
-3.03676e-06
0.000855947
-3.85411e-06
0.000854029
-4.03973e-06
0.000852177
-4.04494e-06
0.000850386
-3.62461e-06
0.00084865
-3.48089e-06
0.000846975
-2.87912e-06
0.000845355
-2.38131e-06
0.000843791
-1.15381e-06
0.000842272
-3.27177e-07
0.000840803
9.08988e-07
0.000839371
1.30809e-06
0.000837985
2.27255e-06
0.000836637
2.46822e-06
0.000835337
3.5346e-06
0.00083407
3.50872e-06
0.000832852
4.50385e-06
0.000831661
3.98949e-06
0.000830528
4.72861e-06
0.000829413
3.72562e-06
0.000828377
4.80525e-06
0.000827343
3.97075e-06
0.000826414
6.49011e-06
0.000825456
7.00024e-06
0.000824538
1.35548e-05
0.000823358
1.99222e-05
4.02521e-05
0.000821146
7.76289e-17
-1.21431e-17
1.04517e-16
-1.04083e-17
1.12323e-16
1.9082e-17
1.09721e-16
0
1.06685e-16
2.42861e-17
1.15359e-16
4.16334e-17
1.07553e-16
2.42861e-17
1.24033e-16
1.21431e-17
1.04517e-16
-5.20417e-18
9.93129e-17
-1.56125e-17
9.93129e-17
-1.21431e-17
8.63025e-17
-4.85723e-17
7.069e-17
-5.72459e-17
5.9848e-17
-8.67362e-17
6.72205e-17
-6.245e-17
7.0343e-15
-1.68268e-16
3.88568e-12
-6.40078e-14
1.15986e-09
-1.77197e-11
9.98644e-08
-1.44094e-09
2.07727e-06
-2.70486e-08
1.35497e-05
-1.20906e-07
4.13249e-05
-1.39283e-07
8.16757e-05
2.19826e-08
0.000127373
1.73293e-07
0.000173927
2.0881e-07
0.000219436
1.72665e-07
0.000263218
1.29117e-07
0.000305046
9.56306e-08
0.000344859
4.49939e-08
0.000382664
-5.131e-08
0.000418501
-1.87403e-07
0.000452425
-3.29162e-07
0.000484494
-4.35113e-07
0.000514774
-4.68681e-07
0.000543328
-4.0728e-07
0.000570224
-2.48607e-07
0.000595529
-1.16057e-08
0.00061931
2.6766e-07
0.000641633
5.43441e-07
0.000662563
7.68961e-07
0.000682163
9.04068e-07
0.000700494
9.21824e-07
0.000717617
8.11739e-07
0.000733588
5.81555e-07
0.000748462
2.54358e-07
0.00076229
-1.33998e-07
0.000775124
-5.39411e-07
0.000787011
-9.15096e-07
0.000797995
-1.21781e-06
0.000808122
-1.41135e-06
0.000817431
-1.47075e-06
0.000825961
-1.38462e-06
0.000833751
-1.15617e-06
0.000840833
-8.02512e-07
0.000847242
-3.52705e-07
0.000853008
1.54981e-07
0.000858162
6.76628e-07
0.000862733
1.16663e-06
0.000866748
1.58155e-06
0.000870234
1.88379e-06
0.000873217
2.04453e-06
0.000875723
2.04583e-06
0.000877776
1.88272e-06
0.0008794
1.56086e-06
0.000880616
1.10426e-06
0.000881445
5.31813e-07
0.000881907
-9.20357e-08
0.000882021
-7.71196e-07
0.000881805
-1.37788e-06
0.000881274
-1.96362e-06
0.000880447
-2.40319e-06
0.000879337
-2.64053e-06
0.000877961
-2.83994e-06
0.000876338
-2.61926e-06
0.000874479
-2.3749e-06
0.00087241
-1.92551e-06
0.00087015
-1.18894e-06
0.000867721
-4.2013e-07
0.000865154
2.64759e-07
0.000862481
1.23779e-06
0.000859729
2.03574e-06
0.000856931
2.57641e-06
0.000854126
3.05542e-06
0.000851341
3.5372e-06
0.000848596
3.55386e-06
0.000845916
3.25218e-06
0.00084332
2.84674e-06
0.000840813
2.43166e-06
0.000838395
1.57118e-06
0.000836069
5.1304e-07
0.000833835
-5.60004e-07
0.000831692
-1.30869e-06
0.000829627
-2.1779e-06
0.000827636
-2.98703e-06
0.000825715
-3.81115e-06
0.000823867
-4.01315e-06
0.000822082
-4.02879e-06
0.000820358
-3.61833e-06
0.000818684
-3.47401e-06
0.000817068
-2.87881e-06
0.000815502
-2.3827e-06
0.000813994
-1.16286e-06
0.000812528
-3.28433e-07
0.00081111
9.03129e-07
0.000809725
1.30708e-06
0.000808388
2.25909e-06
0.000807086
2.45352e-06
0.000805834
3.49907e-06
0.000804612
3.47402e-06
0.000803445
4.44652e-06
0.0008023
3.9455e-06
0.000801218
4.65969e-06
0.000800149
3.6851e-06
0.000799168
4.72193e-06
0.000798187
3.9331e-06
0.000797335
6.37231e-06
0.000796461
6.9539e-06
0.000795691
1.34577e-05
0.000794706
2.00978e-05
4.14612e-05
0.000792746
7.54605e-17
-5.37764e-17
1.05818e-16
-2.08167e-17
9.97466e-17
-3.1225e-17
1.07553e-16
-2.94903e-17
1.05818e-16
-8.67362e-18
1.07987e-16
3.29597e-17
1.0365e-16
-6.93889e-18
1.21431e-16
5.20417e-18
1.01481e-16
-1.9082e-17
9.41087e-17
-6.93889e-18
9.71445e-17
-1.38778e-17
8.1532e-17
-5.55112e-17
6.1149e-17
-7.63278e-17
6.1149e-17
-5.0307e-17
6.46184e-17
-5.89806e-17
5.98957e-15
-1.82146e-16
3.3251e-12
-5.92304e-14
1.0108e-09
-1.67025e-11
8.94651e-08
-1.39309e-09
1.91013e-06
-2.68652e-08
1.26976e-05
-1.22712e-07
3.91719e-05
-1.42893e-07
7.79142e-05
2.39018e-08
0.000121938
1.78448e-07
0.000166853
2.09233e-07
0.000210785
1.67434e-07
0.000253059
1.238e-07
0.000293447
9.43793e-08
0.000331888
4.70561e-08
0.000368393
-4.75216e-08
0.000403002
-1.81585e-07
0.000435767
-3.214e-07
0.000466745
-4.26675e-07
0.000495997
-4.61387e-07
0.000523583
-4.03053e-07
0.000549567
-2.48958e-07
0.000574012
-1.72514e-08
0.000596982
2.5699e-07
0.000618541
5.2894e-07
0.000638751
7.5258e-07
0.000657675
8.88106e-07
0.000675375
9.08385e-07
0.000691907
8.02622e-07
0.000707329
5.78233e-07
0.000721693
2.57731e-07
0.000735052
-1.23981e-07
0.000747453
-5.23459e-07
0.000758942
-8.94672e-07
0.000769562
-1.19467e-06
0.000779355
-1.3874e-06
0.00078836
-1.44809e-06
0.000796612
-1.36537e-06
0.000804147
-1.14235e-06
0.000810998
-7.9585e-07
0.000817197
-3.54466e-07
0.000822772
1.44109e-07
0.000827755
6.56685e-07
0.000832171
1.13851e-06
0.000836049
1.54707e-06
0.000839415
1.84564e-06
0.000842295
2.00613e-06
0.000844714
2.01096e-06
0.000846696
1.85509e-06
0.000848264
1.54356e-06
0.000849439
1.09934e-06
0.000850243
5.39957e-07
0.000850695
-7.15534e-08
0.000850812
-7.40249e-07
0.000850612
-1.34024e-06
0.000850109
-1.92142e-06
0.000849322
-2.36166e-06
0.000848263
-2.60103e-06
0.000846947
-2.80357e-06
0.000845394
-2.59125e-06
0.000843612
-2.34944e-06
0.000841624
-1.90739e-06
0.000839452
-1.18084e-06
0.000837115
-4.18494e-07
0.000834641
2.57645e-07
0.000832063
1.21336e-06
0.000829407
1.99948e-06
0.000826705
2.52718e-06
0.000823993
2.99294e-06
0.0008213
3.46315e-06
0.000818645
3.48346e-06
0.000816052
3.19116e-06
0.000813539
2.79791e-06
0.000811116
2.40104e-06
0.000808779
1.56909e-06
0.000806531
5.36991e-07
0.000804374
-5.16915e-07
0.000802307
-1.25547e-06
0.000800317
-2.11283e-06
0.000798398
-2.91683e-06
0.000796546
-3.741e-06
0.000794766
-3.95712e-06
0.000793046
-3.98278e-06
0.000791386
-3.58505e-06
0.000789772
-3.44153e-06
0.000788212
-2.85746e-06
0.000786698
-2.36516e-06
0.000785243
-1.16441e-06
0.000783827
-3.2937e-07
0.00078246
8.89986e-07
0.000781122
1.29585e-06
0.000779832
2.22862e-06
0.000778573
2.42058e-06
0.000777368
3.4387e-06
0.000776189
3.41498e-06
0.00077507
4.35886e-06
0.000773969
3.87473e-06
0.000772935
4.56012e-06
0.00077191
3.61982e-06
0.00077098
4.60769e-06
0.000770048
3.86808e-06
0.000769266
6.20881e-06
0.00076847
6.85651e-06
0.000767839
1.32497e-05
0.000767032
2.01258e-05
4.24454e-05
0.000765327
7.89299e-17
-3.46945e-17
9.88792e-17
-1.73472e-17
9.28077e-17
-2.25514e-17
1.0018e-16
-1.73472e-17
1.04951e-16
-5.89806e-17
9.62772e-17
-5.20417e-18
1.03216e-16
-2.60209e-17
1.12757e-16
-1.56125e-17
1.00614e-16
-3.98986e-17
9.19403e-17
-2.42861e-17
8.97719e-17
-5.72459e-17
7.41594e-17
-6.93889e-17
6.46184e-17
-9.88792e-17
5.63785e-17
-7.80626e-17
6.89553e-17
-3.64292e-17
5.08968e-15
-1.82146e-16
2.84126e-12
-5.45224e-14
8.79541e-10
-1.5657e-11
8.00406e-08
-1.33935e-09
1.7547e-06
-2.65372e-08
1.18914e-05
-1.23862e-07
3.71164e-05
-1.45688e-07
7.43074e-05
2.60949e-08
0.000116716
1.82959e-07
0.000160048
2.08191e-07
0.00020246
1.6075e-07
0.000243278
1.17719e-07
0.000282275
9.27142e-08
0.000319393
4.85444e-08
0.000354643
-4.38061e-08
0.000388065
-1.748e-07
0.000419712
-3.11737e-07
0.000449636
-4.15629e-07
0.000477895
-4.51199e-07
0.000504547
-3.96206e-07
0.000529649
-2.47577e-07
0.000553263
-2.25637e-08
0.00057545
2.44939e-07
0.00059627
5.11294e-07
0.000615787
7.31462e-07
0.000634059
8.66486e-07
0.000651148
8.89118e-07
0.000667111
7.8839e-07
0.000682003
5.71006e-07
0.000695876
2.59041e-07
0.000708781
-1.13615e-07
0.000720764
-5.04409e-07
0.000731869
-8.68641e-07
0.000742136
-1.16394e-06
0.000751607
-1.35467e-06
0.000760316
-1.41629e-06
0.000768298
-1.3375e-06
0.000775587
-1.12133e-06
0.000782215
-7.84145e-07
0.000788209
-3.53913e-07
0.000793601
1.3249e-07
0.000798417
6.32867e-07
0.000802685
1.10359e-06
0.000806431
1.50331e-06
0.000809682
1.79636e-06
0.000812462
1.95553e-06
0.000814797
1.96371e-06
0.000816711
1.81581e-06
0.000818226
1.51626e-06
0.000819363
1.08693e-06
0.000820143
5.43888e-07
0.000820584
-5.15359e-08
0.000820703
-7.05531e-07
0.000820518
-1.29476e-06
0.000820043
-1.86732e-06
0.000819294
-2.30499e-06
0.000818284
-2.54453e-06
0.000817025
-2.74866e-06
0.000815538
-2.54605e-06
0.000813829
-2.30867e-06
0.00081192
-1.87651e-06
0.000809833
-1.16294e-06
0.000807584
-4.14315e-07
0.000805199
2.48174e-07
0.000802713
1.18044e-06
0.00080015
1.95022e-06
0.00079754
2.46202e-06
0.000794917
2.91213e-06
0.000792315
3.36845e-06
0.000789748
3.39256e-06
0.000787238
3.11131e-06
0.000784808
2.7321e-06
0.000782466
2.35509e-06
0.000780207
1.55612e-06
0.000778035
5.55967e-07
0.000775951
-4.72586e-07
0.000773958
-1.19648e-06
0.000772039
-2.03628e-06
0.000770191
-2.82927e-06
0.000768405
-3.64724e-06
0.000766689
-3.87499e-06
0.000765032
-3.91002e-06
0.000763433
-3.52736e-06
0.000761876
-3.38592e-06
0.000760371
-2.81695e-06
0.000758908
-2.3314e-06
0.000757503
-1.15775e-06
0.000756136
-3.30146e-07
0.000754818
8.69784e-07
0.000753525
1.27568e-06
0.000752281
2.18336e-06
0.000751063
2.37131e-06
0.000749902
3.35646e-06
0.000748765
3.33463e-06
0.000747691
4.2451e-06
0.000746632
3.78066e-06
0.000745644
4.4344e-06
0.00074466
3.53301e-06
0.000743778
4.46747e-06
0.000742893
3.77911e-06
0.000742174
6.00688e-06
0.000741449
6.71389e-06
0.000740946
1.29408e-05
0.000740304
2.00175e-05
4.32026e-05
0.000738855
7.63278e-17
-3.98986e-17
9.06393e-17
-6.93889e-18
9.62772e-17
-2.42861e-17
8.80372e-17
-5.20417e-18
1.11022e-16
-3.46945e-17
9.1073e-17
5.20417e-18
9.97466e-17
2.25514e-17
1.0842e-16
3.46945e-18
9.49761e-17
-3.98986e-17
8.58688e-17
-4.33681e-17
8.67362e-17
-5.72459e-17
6.93889e-17
-5.72459e-17
6.67869e-17
-5.72459e-17
6.07153e-17
-6.41848e-17
6.33174e-17
-2.77556e-17
4.3199e-15
-1.70003e-16
2.42544e-12
-4.99288e-14
7.64443e-10
-1.46068e-11
7.15323e-08
-1.28131e-09
1.6106e-06
-2.60829e-08
1.11304e-05
-1.24387e-07
3.51569e-05
-1.47656e-07
7.08527e-05
2.8562e-08
0.000111702
1.86785e-07
0.000153508
2.05718e-07
0.000194451
1.52879e-07
0.000233863
1.11308e-07
0.000271518
9.09724e-08
0.000307357
4.97286e-08
0.000341395
-3.99107e-08
0.000373673
-1.67013e-07
0.000404238
-3.0033e-07
0.000433144
-4.02266e-07
0.000460444
-4.38456e-07
0.000486191
-3.87044e-07
0.000510443
-2.4463e-07
0.000533254
-2.75146e-08
0.000554685
2.3176e-07
0.000574793
4.90983e-07
0.00059364
7.06249e-07
0.000611284
8.39781e-07
0.000627784
8.64456e-07
0.000643198
7.69432e-07
0.000657579
5.60297e-07
0.000670978
2.58447e-07
0.000683445
-1.03182e-07
0.000695023
-4.83042e-07
0.000705756
-8.3809e-07
0.000715683
-1.12684e-06
0.000724841
-1.31441e-06
0.000733264
-1.37657e-06
0.000740986
-1.30214e-06
0.000748036
-1.09398e-06
0.000754447
-7.67956e-07
0.000760245
-3.51219e-07
0.000765458
1.20384e-07
0.000770114
6.05891e-07
0.000774238
1.063e-06
0.000777857
1.45171e-06
0.000780997
1.73762e-06
0.000783682
1.89449e-06
0.000785937
1.90576e-06
0.000787785
1.76635e-06
0.000789249
1.48009e-06
0.000790349
1.06767e-06
0.000791106
5.43664e-07
0.000791536
-3.25396e-08
0.000791658
-6.68194e-07
0.000791488
-1.24305e-06
0.000791038
-1.80332e-06
0.000790325
-2.23532e-06
0.000789362
-2.47323e-06
0.000788158
-2.67743e-06
0.000786733
-2.48556e-06
0.000785094
-2.2543e-06
0.000783261
-1.8353e-06
0.000781255
-1.13921e-06
0.00077909
-4.07616e-07
0.000776791
2.36186e-07
0.000774394
1.14004e-06
0.000771921
1.88958e-06
0.000769399
2.38707e-06
0.000766865
2.81654e-06
0.000764349
3.25688e-06
0.000761867
3.28422e-06
0.00075944
3.01531e-06
0.000757089
2.65168e-06
0.000754825
2.29562e-06
0.000752642
1.5331e-06
0.000750544
5.69833e-07
0.000748531
-4.28047e-07
0.000746608
-1.13332e-06
0.000744759
-1.95054e-06
0.000742978
-2.72726e-06
0.000741256
-3.53322e-06
0.000739602
-3.77003e-06
0.000738005
-3.81358e-06
0.000736466
-3.44783e-06
0.000734964
-3.30964e-06
0.000733511
-2.75915e-06
0.000732098
-2.28389e-06
0.000730741
-1.14325e-06
0.000729421
-3.2996e-07
0.00072815
8.42983e-07
0.000726901
1.24679e-06
0.000725699
2.12501e-06
0.000724522
2.30783e-06
0.000723403
3.25542e-06
0.000722306
3.23588e-06
0.000721276
4.10921e-06
0.000720257
3.66671e-06
0.000719311
4.28681e-06
0.000718368
3.42787e-06
0.000717528
4.30597e-06
0.000716688
3.66958e-06
0.000716025
5.77348e-06
0.000715366
6.53049e-06
0.000714975
1.25461e-05
0.000714496
1.97736e-05
4.3746e-05
0.00071329
7.97973e-17
-9.71445e-17
8.10983e-17
-6.59195e-17
9.84456e-17
-3.29597e-17
8.06646e-17
-1.56125e-17
1.08854e-16
-1.73472e-17
9.36751e-17
-6.93889e-18
9.2374e-17
1.21431e-17
1.01915e-16
2.42861e-17
8.41341e-17
-2.42861e-17
8.32667e-17
1.04083e-17
8.63025e-17
-6.41848e-17
6.76542e-17
-8.84709e-17
5.89806e-17
-6.93889e-17
6.07153e-17
-3.1225e-17
5.68122e-17
-1.21431e-17
3.66287e-15
-1.42247e-16
2.06937e-12
-4.55642e-14
6.63887e-10
-1.35704e-11
6.38768e-08
-1.22037e-09
1.47737e-06
-2.55193e-08
1.04134e-05
-1.24315e-07
3.32916e-05
-1.48787e-07
6.75468e-05
3.13074e-08
0.000106892
1.89887e-07
0.000147224
2.01829e-07
0.00018675
1.43924e-07
0.000224805
1.04548e-07
0.000261164
8.87443e-08
0.00029577
5.01138e-08
0.000328639
-3.62943e-08
0.00035981
-1.58751e-07
0.000389332
-2.87719e-07
0.000417254
-3.87084e-07
0.000443627
-4.23573e-07
0.000468501
-3.75832e-07
0.000491929
-2.40178e-07
0.000513966
-3.1925e-08
0.000534666
2.1787e-07
0.000554087
4.68726e-07
0.000572287
6.77987e-07
0.000589324
8.09062e-07
0.000605257
8.35322e-07
0.000620141
7.4644e-07
0.000634028
5.4678e-07
0.00064697
2.5647e-07
0.000659013
-9.24961e-08
0.000670201
-4.59696e-07
0.000680574
-8.03757e-07
0.000690171
-1.08436e-06
0.000699026
-1.26769e-06
0.000707172
-1.32998e-06
0.000714641
-1.26022e-06
0.000721461
-1.06107e-06
0.000727661
-7.47736e-07
0.000733268
-3.46472e-07
0.000738309
1.08108e-07
0.00074281
5.76455e-07
0.000746796
1.0178e-06
0.000750293
1.39367e-06
0.000753326
1.67101e-06
0.000755919
1.82468e-06
0.000758097
1.83874e-06
0.000759883
1.70815e-06
0.000761298
1.43616e-06
0.000762362
1.04226e-06
0.000763096
5.39443e-07
0.000763517
-1.49577e-08
0.000763641
-6.29145e-07
0.000763484
-1.18646e-06
0.000763058
-1.73116e-06
0.00076238
-2.15465e-06
0.00076146
-2.38922e-06
0.000760308
-2.59202e-06
0.000758944
-2.41164e-06
0.000757372
-2.18794e-06
0.000755611
-1.78458e-06
0.000753683
-1.11329e-06
0.000751598
-4.00372e-07
0.000749383
2.2147e-07
0.000747071
1.09385e-06
0.000744684
1.81977e-06
0.000742248
2.30115e-06
0.000739799
2.70809e-06
0.000737368
3.13136e-06
0.000734969
3.16145e-06
0.000732621
2.90573e-06
0.000730347
2.5588e-06
0.00072816
2.22437e-06
0.000726051
1.50085e-06
0.000724024
5.78534e-07
0.00072208
-3.84183e-07
0.000720225
-1.06734e-06
0.000718443
-1.85767e-06
0.000716726
-2.6134e-06
0.000715065
-3.40214e-06
0.000713471
-3.64538e-06
0.000711932
-3.69646e-06
0.00071045
-3.34904e-06
0.000709001
-3.21508e-06
0.000707599
-2.68591e-06
0.000706233
-2.2243e-06
0.000704923
-1.12178e-06
0.000703648
-3.28258e-07
0.000702422
8.10466e-07
0.000701215
1.20982e-06
0.000700056
2.0552e-06
0.000698917
2.23212e-06
0.000697839
3.13849e-06
0.000696781
3.12156e-06
0.000695791
3.95489e-06
0.000694811
3.53604e-06
0.000693905
4.12127e-06
0.000692999
3.30732e-06
0.000692199
4.12735e-06
0.0006914
3.54253e-06
0.000690786
5.51476e-06
0.000690188
6.3119e-06
0.000689898
1.20753e-05
0.000689573
1.9402e-05
4.40858e-05
0.000688598
7.45931e-17
-1.14492e-16
8.19657e-17
-4.33681e-17
9.1073e-17
-1.56125e-17
7.89299e-17
-4.33681e-17
1.0018e-16
-1.9082e-17
8.97719e-17
-2.60209e-17
9.2374e-17
1.73472e-18
8.93383e-17
-1.73472e-18
8.80372e-17
-1.56125e-17
6.85216e-17
-6.93889e-18
7.63278e-17
-5.37764e-17
6.85216e-17
-6.245e-17
6.245e-17
-1.38778e-17
5.9848e-17
1.73472e-18
4.72712e-17
-5.55112e-17
3.11166e-15
-1.05818e-16
1.76532e-12
-4.14061e-14
5.76305e-10
-1.25617e-11
5.70084e-08
-1.15765e-09
1.35449e-06
-2.48616e-08
9.73915e-06
-1.23673e-07
3.1518e-05
-1.49066e-07
6.4386e-05
3.43134e-08
0.000102281
1.92189e-07
0.00014119
1.96572e-07
0.000179348
1.34272e-07
0.000216092
9.80375e-08
0.000251199
8.65667e-08
0.000284614
5.03275e-08
0.000316354
-3.24347e-08
0.000346456
-1.49775e-07
0.000374969
-2.73898e-07
0.00040194
-3.70264e-07
0.000427417
-4.06838e-07
0.000451447
-3.62865e-07
0.000474081
-2.34446e-07
0.000495368
-3.58753e-08
0.000515363
2.03391e-07
0.00053412
4.4483e-07
0.000551697
6.47311e-07
0.000568149
7.75138e-07
0.000583534
8.02523e-07
0.000597907
7.19848e-07
0.000611318
5.30583e-07
0.000623819
2.53065e-07
0.000635453
-8.17036e-08
0.000646263
-4.34812e-07
0.000656289
-7.66421e-07
0.000665566
-1.03757e-06
0.000674129
-1.21572e-06
0.000682007
-1.2777e-06
0.00068923
-1.21279e-06
0.000695827
-1.02341e-06
0.000701824
-7.24044e-07
0.000707246
-3.39885e-07
0.00071212
9.58226e-08
0.000716471
5.45115e-07
0.000720324
9.68906e-07
0.000723703
1.33036e-06
0.000726633
1.59792e-06
0.000729138
1.74758e-06
0.000731242
1.76409e-06
0.000732968
1.64249e-06
0.000734336
1.38548e-06
0.000735366
1.01132e-06
0.000736079
5.31466e-07
0.00073649
1.01146e-09
0.000736615
-5.89059e-07
0.000736471
-1.12612e-06
0.000736068
-1.65244e-06
0.000735422
-2.06486e-06
0.000734545
-2.29452e-06
0.000733443
-2.49451e-06
0.000732136
-2.3261e-06
0.000730628
-2.11115e-06
0.000728936
-1.72527e-06
0.000727081
-1.08215e-06
0.000725075
-3.91051e-07
0.00072294
2.06282e-07
0.000720711
1.04301e-06
0.000718407
1.74289e-06
0.000716054
2.20344e-06
0.000713687
2.58919e-06
0.000711339
2.99414e-06
0.000709019
3.02681e-06
0.000706749
2.78497e-06
0.000704551
2.45552e-06
0.000702437
2.14297e-06
0.000700399
1.46024e-06
0.000698441
5.82061e-07
0.000696564
-3.41725e-07
0.000694774
-9.99735e-07
0.000693056
-1.75953e-06
0.000691402
-2.49013e-06
0.0006898
-3.25696e-06
0.000688264
-3.50403e-06
0.000686781
-3.56158e-06
0.000685352
-3.2335e-06
0.000683955
-3.10461e-06
0.000682602
-2.59905e-06
0.000681282
-2.15388e-06
0.000680017
-1.09429e-06
0.000678785
-3.24723e-07
0.000677602
7.73557e-07
0.000676436
1.16586e-06
0.000675316
1.97569e-06
0.000674216
2.14621e-06
0.000673176
3.00852e-06
0.000672155
2.99427e-06
0.000671203
3.78539e-06
0.00067026
3.39131e-06
0.000669392
3.94089e-06
0.000668523
3.17354e-06
0.00066776
3.93489e-06
0.000667
3.40038e-06
0.00066643
5.23617e-06
0.000665886
6.06373e-06
0.00066569
1.15355e-05
0.000665501
1.89183e-05
4.42163e-05
0.00066476
7.54605e-17
-9.36751e-17
7.89299e-17
-4.85723e-17
8.10983e-17
-5.72459e-17
7.67615e-17
-6.59195e-17
9.19403e-17
1.04083e-17
8.89046e-17
-3.46945e-18
8.89046e-17
-1.9082e-17
8.37004e-17
5.20417e-18
9.02056e-17
-6.93889e-18
6.07153e-17
-1.04083e-17
7.02563e-17
-1.21431e-17
7.45931e-17
-1.21431e-17
6.28837e-17
-4.16334e-17
5.24754e-17
-2.60209e-17
5.50775e-17
-1.9082e-17
2.64936e-15
-5.20417e-17
1.50629e-12
-3.75134e-14
5.00215e-10
-1.15904e-11
5.08615e-08
-1.09412e-09
1.24139e-06
-2.41233e-08
9.10608e-06
-1.22483e-07
2.98336e-05
-1.48477e-07
6.13664e-05
3.75832e-08
9.78615e-05
1.93631e-07
0.000135399
1.89956e-07
0.000172236
1.23922e-07
0.000207716
9.1365e-08
0.000241615
8.35728e-08
0.000273881
4.95701e-08
0.00030453
-2.90596e-08
0.000333601
-1.40756e-07
0.00036114
-2.59461e-07
0.000387192
-3.52306e-07
0.000411803
-3.88622e-07
0.000435017
-3.48357e-07
0.000456882
-2.27441e-07
0.000477446
-3.91347e-08
0.000496759
1.88775e-07
0.000514876
4.19812e-07
0.00053185
6.14854e-07
0.000547738
7.38839e-07
0.000562595
7.67064e-07
0.000576473
6.90293e-07
0.000589426
5.11842e-07
0.000601499
2.48141e-07
0.000612738
-7.09339e-08
0.000623184
-4.08622e-07
0.000632873
-7.26517e-07
0.000641841
-9.87145e-07
0.00065012
-1.15932e-06
0.000657738
-1.2206e-06
0.000664724
-1.16067e-06
0.000671104
-9.81642e-07
0.000676903
-6.97245e-07
0.000682147
-3.31516e-07
0.00068686
8.38091e-08
0.000691066
5.12484e-07
0.00069479
9.17226e-07
0.000698055
1.26297e-06
0.000700886
1.51971e-06
0.000703307
1.66464e-06
0.00070534
1.68324e-06
0.000707007
1.57066e-06
0.00070833
1.32908e-06
0.000709328
9.7554e-07
0.000710019
5.2013e-07
0.000710421
1.53802e-08
0.000710547
-5.48346e-07
0.000710415
-1.06293e-06
0.000710034
-1.56848e-06
0.000709419
-1.96758e-06
0.000708581
-2.19092e-06
0.000707526
-2.38678e-06
0.000706275
-2.23062e-06
0.000704828
-2.02542e-06
0.000703202
-1.6586e-06
0.000701418
-1.04516e-06
0.000699487
-3.79082e-07
0.000697427
1.93194e-07
0.000695278
9.88781e-07
0.000693054
1.65923e-06
0.000690783
2.09784e-06
0.000688496
2.46237e-06
0.000686227
2.84756e-06
0.000683986
2.88252e-06
0.000681791
2.65507e-06
0.000679666
2.34372e-06
0.000677623
2.05304e-06
0.000675655
1.4122e-06
0.000673763
5.80555e-07
0.00067195
-3.01187e-07
0.000670224
-9.31473e-07
0.000668568
-1.65768e-06
0.000666973
-2.35958e-06
0.000665429
-3.10032e-06
0.000663948
-3.34867e-06
0.000662518
-3.41154e-06
0.000661141
-3.10344e-06
0.000659794
-2.98028e-06
0.000658488
-2.50017e-06
0.000657211
-2.07372e-06
0.00065599
-1.06142e-06
0.0006548
-3.19363e-07
0.000653658
7.33455e-07
0.000652531
1.11602e-06
0.00065145
1.88785e-06
0.000650387
2.05154e-06
0.000649384
2.86764e-06
0.000648399
2.85598e-06
0.000647484
3.60323e-06
0.000646577
3.23458e-06
0.000645745
3.7483e-06
0.000644911
3.02858e-06
0.000644183
3.73167e-06
0.000643459
3.2457e-06
0.000642928
4.94324e-06
0.000642432
5.79128e-06
0.000642318
1.09376e-05
0.000642251
1.83351e-05
4.4142e-05
0.000641738
7.41594e-17
-5.89806e-17
6.93889e-17
-7.63278e-17
7.37257e-17
-3.98986e-17
8.67362e-17
-2.42861e-17
8.63025e-17
5.20417e-18
7.93636e-17
-1.56125e-17
9.2374e-17
1.73472e-17
7.58942e-17
5.0307e-17
8.84709e-17
3.29597e-17
6.76542e-17
-2.60209e-17
6.93889e-17
2.08167e-17
6.98226e-17
3.1225e-17
6.28837e-17
8.67362e-18
4.90059e-17
-1.04083e-17
4.85723e-17
-2.08167e-17
2.25991e-15
-2.60209e-17
1.286e-12
-3.39052e-14
4.34245e-10
-1.06632e-11
4.53719e-08
-1.03052e-09
1.13749e-06
-2.3316e-08
8.5125e-06
-1.20766e-07
2.82354e-05
-1.47008e-07
5.84836e-05
4.10643e-08
9.36292e-05
1.94107e-07
0.000129842
1.82106e-07
0.000165404
1.13556e-07
0.000199661
8.54632e-08
0.000232392
8.07663e-08
0.000263548
4.89015e-08
0.000293144
-2.53833e-08
0.000321219
-1.31229e-07
0.000347816
-2.44215e-07
0.00037298
-3.3326e-07
0.000396753
-3.69141e-07
0.00041918
-3.32597e-07
0.000440302
-2.19428e-07
0.000460167
-4.18764e-08
0.000478822
1.73969e-07
0.00049632
3.93532e-07
0.000512713
5.80357e-07
0.000528057
7.00003e-07
0.000542404
7.28997e-07
0.000555807
6.57781e-07
0.000568315
4.90248e-07
0.000579977
2.41175e-07
0.000590835
-6.08668e-08
0.000600928
-3.81862e-07
0.000610292
-6.84862e-07
0.000618961
-9.34058e-07
0.000626965
-1.09956e-06
0.000634332
-1.15975e-06
0.000641087
-1.10481e-06
0.000647257
-9.36543e-07
0.000652866
-6.67875e-07
0.000657937
-3.216e-07
0.000662494
7.21491e-08
0.00066656
4.78964e-07
0.00067016
8.63474e-07
0.000673315
1.19244e-06
0.000676051
1.43749e-06
0.00067839
1.57706e-06
0.000680355
1.59739e-06
0.000681966
1.49374e-06
0.000683246
1.26785e-06
0.000684213
9.35542e-07
0.000684884
5.05791e-07
0.000685276
2.81176e-08
0.000685404
-5.07426e-07
0.000685283
-9.97736e-07
0.000684922
-1.48053e-06
0.000684337
-1.86437e-06
0.000683536
-2.08012e-06
0.000682527
-2.27064e-06
0.000681327
-2.12682e-06
0.000679938
-1.93216e-06
0.000678376
-1.58569e-06
0.00067666
-1.00297e-06
0.000674802
-3.666e-07
0.000672816
1.79305e-07
0.000670742
9.32269e-07
0.000668596
1.57082e-06
0.000666402
1.98685e-06
0.000664193
2.32964e-06
0.000662001
2.69407e-06
0.000659835
2.73077e-06
0.000657714
2.51788e-06
0.00065566
2.22499e-06
0.000653686
1.95587e-06
0.000651786
1.35746e-06
0.000649958
5.74126e-07
0.000648208
-2.62991e-07
0.000646542
-8.63382e-07
0.000644945
-1.55352e-06
0.000643408
-2.22367e-06
0.000641919
-2.93466e-06
0.000640491
-3.18186e-06
0.000639112
-3.2489e-06
0.000637786
-2.96115e-06
0.000636486
-2.84429e-06
0.000635225
-2.39106e-06
0.000633991
-1.98526e-06
0.000632812
-1.02404e-06
0.000631662
-3.12661e-07
0.000630561
6.90752e-07
0.000629473
1.06098e-06
0.00062843
1.79267e-06
0.000627402
1.94917e-06
0.000626435
2.71766e-06
0.000625485
2.70857e-06
0.000624606
3.41103e-06
0.000623733
3.06832e-06
0.000622935
3.54652e-06
0.000622133
2.87504e-06
0.000621437
3.52115e-06
0.000620746
3.08153e-06
0.000620248
4.64127e-06
0.000619795
5.49896e-06
0.000619747
1.02972e-05
0.000619803
1.76505e-05
4.38715e-05
0.000619506
6.63532e-17
-5.72459e-17
6.89553e-17
-6.76542e-17
6.89553e-17
-3.64292e-17
8.41341e-17
-8.67362e-18
8.32667e-17
6.93889e-18
8.2833e-17
1.73472e-18
9.1073e-17
4.85723e-17
7.1991e-17
5.55112e-17
7.80626e-17
7.97973e-17
7.32921e-17
3.29597e-17
6.50521e-17
4.16334e-17
6.67869e-17
8.1532e-17
5.94143e-17
5.20417e-17
4.94396e-17
5.55112e-17
4.72712e-17
1.38778e-17
1.92901e-15
-3.1225e-17
1.0989e-12
-3.05606e-14
3.77143e-10
-9.78427e-12
4.0478e-08
-9.6743e-10
1.04219e-06
-2.24496e-08
7.95666e-06
-1.18537e-07
2.67204e-05
-1.4463e-07
5.57332e-05
4.47647e-08
8.95777e-05
1.93548e-07
0.000124513
1.72954e-07
0.000158845
1.02895e-07
0.000191923
7.92836e-08
0.000223528
7.68369e-08
0.000253612
4.71804e-08
0.000282192
-2.23873e-08
0.000309305
-1.21961e-07
0.000334993
-2.28793e-07
0.000359299
-3.1358e-07
0.000382263
-3.48685e-07
0.000403927
-3.15691e-07
0.000424331
-2.10315e-07
0.00044352
-4.38044e-08
0.00046154
1.59466e-07
0.00047844
3.66666e-07
0.000494272
5.44418e-07
0.000509089
6.59168e-07
0.000522944
6.88898e-07
0.000535887
6.23195e-07
0.000547968
4.66607e-07
0.000559232
2.32659e-07
0.000569721
-5.14922e-08
0.000579473
-3.54762e-07
0.000588522
-6.41842e-07
0.000596901
-8.78807e-07
0.000604639
-1.03701e-06
0.000611762
-1.09578e-06
0.000618294
-1.04578e-06
0.000624261
-8.88537e-07
0.000629685
-6.36156e-07
0.000634588
-3.10111e-07
0.000638994
6.11449e-08
0.000642925
4.45126e-07
0.000646404
8.0845e-07
0.000649454
1.11979e-06
0.000652098
1.35242e-06
0.000654358
1.48606e-06
0.000656257
1.50774e-06
0.000657815
1.41285e-06
0.000659053
1.20273e-06
0.00065999
8.92023e-07
0.000660641
4.88816e-07
0.000661024
3.92079e-08
0.000661153
-4.66691e-07
0.000661042
-9.3126e-07
0.000660701
-1.38964e-06
0.000660143
-1.75655e-06
0.000659379
-1.96364e-06
0.000658412
-2.14771e-06
0.000657262
-2.01615e-06
0.000655929
-1.83266e-06
0.000654428
-1.50746e-06
0.000652777
-9.56989e-07
0.000650987
-3.53717e-07
0.000649075
1.63092e-07
0.000647074
8.7299e-07
0.000645004
1.4788e-06
0.000642885
1.8723e-06
0.00064075
2.19268e-06
0.000638632
2.53579e-06
0.00063654
2.57384e-06
0.00063449
2.37561e-06
0.000632503
2.1014e-06
0.000630597
1.85326e-06
0.000628761
1.29724e-06
0.000626996
5.63248e-07
0.000625306
-2.27306e-07
0.000623699
-7.96107e-07
0.000622159
-1.44827e-06
0.000620678
-2.0842e-06
0.000619242
-2.7624e-06
0.000617865
-3.00624e-06
0.000616536
-3.07637e-06
0.000615257
-2.80919e-06
0.000614004
-2.69909e-06
0.000612787
-2.27381e-06
0.000611596
-1.89019e-06
0.000610457
-9.82971e-07
0.000609346
-3.05023e-07
0.000608284
6.46123e-07
0.000607233
1.00201e-06
0.000606226
1.69191e-06
0.000605233
1.84105e-06
0.0006043
2.56126e-06
0.000603382
2.55481e-06
0.000602536
3.21202e-06
0.000601695
2.89537e-06
0.000600928
3.33856e-06
0.000600157
2.7152e-06
0.00059949
3.3059e-06
0.000598831
2.90992e-06
0.000598361
4.33382e-06
0.000597947
5.19132e-06
0.000597957
9.62145e-06
0.000598121
1.68783e-05
4.34156e-05
0.00059803
6.33174e-17
-1.73472e-18
6.50521e-17
-3.1225e-17
6.76542e-17
-3.81639e-17
7.76289e-17
-1.73472e-18
7.80626e-17
2.42861e-17
8.54351e-17
4.16334e-17
8.19657e-17
4.51028e-17
8.06646e-17
6.76542e-17
6.76542e-17
6.59195e-17
7.02563e-17
7.80626e-17
7.11237e-17
7.63278e-17
6.1149e-17
6.07153e-17
5.9848e-17
4.85723e-17
4.68375e-17
4.51028e-17
4.94396e-17
4.16334e-17
1.64755e-15
-1.56125e-17
9.40116e-13
-2.75075e-14
3.27779e-10
-8.95539e-12
3.61217e-08
-9.05289e-10
9.54905e-07
-2.15322e-08
7.43672e-06
-1.15808e-07
2.52853e-05
-1.41345e-07
5.31104e-05
4.85656e-08
8.57008e-05
1.91774e-07
0.000119403
1.62771e-07
0.000152545
9.29926e-08
0.000184482
7.42544e-08
0.000214998
7.35405e-08
0.000244047
4.60086e-08
0.000271645
-1.89213e-08
0.000297828
-1.12223e-07
0.000322637
-2.12783e-07
0.000346113
-2.93205e-07
0.000368296
-3.27409e-07
0.000389223
-2.97933e-07
0.000408933
-2.00447e-07
0.000427469
-4.52752e-08
0.000444875
1.45035e-07
0.000461199
3.39477e-07
0.00047649
5.07381e-07
0.000490799
6.16533e-07
0.000504179
6.46827e-07
0.00051668
5.87052e-07
0.000528348
4.41437e-07
0.000539228
2.22779e-07
0.00054936
-4.31625e-08
0.000558783
-3.27992e-07
0.000567528
-5.98313e-07
0.000575628
-8.2232e-07
0.000583108
-9.72639e-07
0.000589994
-1.02961e-06
0.000596311
-9.84427e-07
0.000602081
-8.38321e-07
0.000607325
-6.02573e-07
0.000612067
-2.97305e-07
0.000616326
5.08005e-08
0.000620127
4.11229e-07
0.00062349
7.52661e-07
0.000626438
1.0457e-06
0.000628993
1.26533e-06
0.000631178
1.39257e-06
0.000633014
1.4152e-06
0.000634521
1.32883e-06
0.000635719
1.13445e-06
0.000636626
8.45469e-07
0.000637258
4.69356e-07
0.000637633
4.84515e-08
0.000637762
-4.26647e-07
0.000637661
-8.6429e-07
0.000637338
-1.29688e-06
0.000636807
-1.64543e-06
0.000636076
-1.8429e-06
0.00063515
-2.01957e-06
0.000634048
-1.90003e-06
0.000632768
-1.72816e-06
0.000631325
-1.42481e-06
0.000629736
-9.08254e-07
0.000628013
-3.3998e-07
0.000626169
1.46334e-07
0.000624241
8.11902e-07
0.000622243
1.38315e-06
0.000620198
1.75375e-06
0.000618137
2.0523e-06
0.000616091
2.3739e-06
0.000614069
2.41291e-06
0.000612089
2.22938e-06
0.000610169
1.974e-06
0.000608327
1.74616e-06
0.000606554
1.23225e-06
0.00060485
5.48116e-07
0.000603218
-1.94407e-07
0.000601667
-7.30281e-07
0.000600183
-1.34304e-06
0.000598755
-1.94276e-06
0.00059737
-2.58558e-06
0.000596042
-2.82396e-06
0.000594761
-2.89607e-06
0.000593529
-2.64933e-06
0.00059232
-2.54625e-06
0.000591145
-2.14947e-06
0.000589994
-1.78913e-06
0.000588893
-9.37971e-07
0.00058782
-2.95841e-07
0.000586794
6.00828e-07
0.000585779
9.40746e-07
0.000584806
1.58755e-06
0.000583845
1.72893e-06
0.000582945
2.40042e-06
0.000582059
2.39641e-06
0.000581244
3.00806e-06
0.000580434
2.71708e-06
0.000579697
3.12587e-06
0.000578957
2.55003e-06
0.000578317
3.08731e-06
0.000577688
2.73216e-06
0.000577244
4.0241e-06
0.000576864
4.87103e-06
0.000576916
8.925e-06
0.000577191
1.60163e-05
4.27909e-05
0.000577288
5.76796e-17
-5.37764e-17
5.63785e-17
-5.37764e-17
6.80879e-17
-2.94903e-17
7.45931e-17
3.81639e-17
8.0231e-17
4.16334e-17
7.97973e-17
3.64292e-17
8.10983e-17
7.45931e-17
8.1532e-17
6.59195e-17
7.069e-17
7.63278e-17
6.80879e-17
9.71445e-17
6.89553e-17
9.54098e-17
6.07153e-17
1.00614e-16
5.50775e-17
7.63278e-17
4.55365e-17
7.28584e-17
4.64039e-17
4.68375e-17
1.41076e-15
2.08167e-17
8.05433e-13
-2.46782e-14
2.85145e-10
-8.17665e-12
3.22486e-08
-8.44391e-10
8.75053e-07
-2.05699e-08
6.95083e-06
-1.12585e-07
2.39268e-05
-1.37109e-07
5.06106e-05
5.24749e-08
8.19926e-05
1.88728e-07
0.000114506
1.51388e-07
0.000146501
8.29938e-08
0.000177339
6.851e-08
0.000206805
6.8997e-08
0.000234856
4.38748e-08
0.000261506
-1.61491e-08
0.000286791
-1.0293e-07
0.000310751
-1.96892e-07
0.000333426
-2.72608e-07
0.000354853
-3.05611e-07
0.000375067
-2.79409e-07
0.000394107
-1.8973e-07
0.000412012
-4.59631e-08
0.000428824
1.31276e-07
0.00044459
3.13223e-07
0.000459358
4.70733e-07
0.000473178
5.73563e-07
0.000486099
6.03969e-07
0.000498171
5.50661e-07
0.00050944
4.15835e-07
0.000519949
2.12417e-07
0.000529737
-3.53708e-08
0.000538841
-3.01349e-07
0.000547292
-5.54325e-07
0.000555119
-7.64788e-07
0.00056235
-9.06696e-07
0.000569008
-9.61549e-07
0.000575115
-9.21025e-07
0.000580694
-7.8609e-07
0.000585764
-5.67199e-07
0.000590349
-2.83069e-07
0.000594467
4.14128e-08
0.000598141
3.77771e-07
0.000601392
6.96772e-07
0.000604241
9.71008e-07
0.000606711
1.17716e-06
0.000608823
1.29755e-06
0.000610598
1.32076e-06
0.000612055
1.2426e-06
0.000613214
1.06378e-06
0.000614093
7.96456e-07
0.000614708
4.47659e-07
0.000615074
5.57927e-08
0.000615203
-3.87653e-07
0.000615111
-7.97424e-07
0.000614806
-1.20312e-06
0.000614299
-1.53209e-06
0.000613601
-1.71916e-06
0.000612713
-1.88754e-06
0.000611656
-1.77971e-06
0.000610427
-1.61979e-06
0.000609039
-1.33858e-06
0.000607511
-8.57175e-07
0.000605851
-3.25098e-07
0.000604074
1.29724e-07
0.000602213
7.50797e-07
0.000600286
1.28592e-06
0.000598311
1.63306e-06
0.00059632
1.90974e-06
0.000594345
2.2095e-06
0.000592392
2.24899e-06
0.000590479
2.08e-06
0.000588624
1.84343e-06
0.000586846
1.63518e-06
0.000585134
1.16301e-06
0.000583488
5.28934e-07
0.000581912
-1.64412e-07
0.000580416
-6.66286e-07
0.000578985
-1.23854e-06
0.000577608
-1.80046e-06
0.000576273
-2.4057e-06
0.000574992
-2.63662e-06
0.000573756
-2.70959e-06
0.000572568
-2.48298e-06
0.000571401
-2.38705e-06
0.000570267
-2.01912e-06
0.000569154
-1.68293e-06
0.00056809
-8.89365e-07
0.000567054
-2.85258e-07
0.000566063
5.55054e-07
0.000565082
8.77577e-07
0.000564142
1.48031e-06
0.000563214
1.61345e-06
0.000562345
2.23606e-06
0.000561491
2.23429e-06
0.000560706
2.8005e-06
0.000559927
2.53476e-06
0.000559218
2.91006e-06
0.000558506
2.38104e-06
0.000557893
2.86734e-06
0.000557291
2.55029e-06
0.000556869
3.71521e-06
0.000556519
4.54353e-06
0.000556608
8.21249e-06
0.000556974
1.50828e-05
4.19916e-05
0.000557266
5.76796e-17
-5.20417e-18
5.24754e-17
-3.29597e-17
7.15573e-17
5.20417e-18
6.98226e-17
0
7.63278e-17
4.68375e-17
8.1532e-17
8.32667e-17
7.41594e-17
6.41848e-17
7.54605e-17
7.97973e-17
7.45931e-17
1.05818e-16
6.67869e-17
1.19696e-16
6.54858e-17
1.30104e-16
5.94143e-17
1.07553e-16
5.59448e-17
7.97973e-17
4.33681e-17
6.245e-17
4.55365e-17
6.245e-17
1.2104e-15
4.33681e-17
6.91211e-13
-2.20882e-14
2.48345e-10
-7.44687e-12
2.88085e-08
-7.84917e-10
8.02077e-07
-1.9568e-08
6.49715e-06
-1.08878e-07
2.26417e-05
-1.31968e-07
4.82291e-05
5.62606e-08
7.84463e-05
1.8429e-07
0.000109811
1.39683e-07
0.000140696
7.47632e-08
0.000170469
6.44074e-08
0.00019892
6.5632e-08
0.000226005
4.25829e-08
0.000251739
-1.28704e-08
0.000276156
-9.33471e-08
0.000299296
-1.80831e-07
0.000321197
-2.51812e-07
0.000341893
-2.83564e-07
0.000361419
-2.60564e-07
0.000379811
-1.7868e-07
0.000397107
-4.64075e-08
0.000413346
1.17661e-07
0.000428575
2.87524e-07
0.000442838
4.3421e-07
0.000456185
5.30282e-07
0.000468664
5.60184e-07
0.000480323
5.13439e-07
0.000491207
3.89136e-07
0.000501359
2.01101e-07
0.000510815
-2.85188e-08
0.000519611
-2.75334e-07
0.000527777
-5.1054e-07
0.000535343
-7.06968e-07
0.000542332
-8.40014e-07
0.000548768
-8.92416e-07
0.000554673
-8.56354e-07
0.000560067
-7.32533e-07
0.00056497
-5.30572e-07
0.000569402
-2.67761e-07
0.000573384
3.28298e-08
0.000576935
3.448e-07
0.000580078
6.4103e-07
0.000582832
8.96104e-07
0.00058522
1.08842e-06
0.000587261
1.2016e-06
0.000588977
1.22503e-06
0.000590387
1.15474e-06
0.00059151
9.91196e-07
0.000592361
7.45295e-07
0.000592958
4.23798e-07
0.000593316
6.10958e-08
0.000593446
-3.50107e-07
0.000593362
-7.31297e-07
0.000593073
-1.10924e-06
0.000592589
-1.41764e-06
0.000591922
-1.59361e-06
0.000591072
-1.75296e-06
0.000590057
-1.6564e-06
0.000588877
-1.50861e-06
0.000587542
-1.24963e-06
0.000586072
-8.03997e-07
0.000584473
-3.0876e-07
0.000582759
1.13898e-07
0.000580965
6.90047e-07
0.000579105
1.18807e-06
0.000577199
1.51109e-06
0.000575276
1.76615e-06
0.000573368
2.04407e-06
0.000571483
2.0836e-06
0.000569634
1.92896e-06
0.000567842
1.71108e-06
0.000566124
1.52167e-06
0.000564471
1.09056e-06
0.000562882
5.06199e-07
0.000561361
-1.37268e-07
0.000559917
-6.04403e-07
0.000558536
-1.13547e-06
0.000557209
-1.65845e-06
0.000555922
-2.22441e-06
0.000554686
-2.44614e-06
0.000553494
-2.51896e-06
0.000552349
-2.31214e-06
0.000551223
-2.22354e-06
0.000550129
-1.88459e-06
0.000549054
-1.57319e-06
0.000548026
-8.38187e-07
0.000547025
-2.73848e-07
0.000546069
5.08682e-07
0.000545121
8.12742e-07
0.000544214
1.37103e-06
0.000543318
1.49563e-06
0.000542479
2.06966e-06
0.000541655
2.07001e-06
0.000540899
2.59129e-06
0.000540148
2.35017e-06
0.000539466
2.69301e-06
0.000538782
2.20976e-06
0.000538192
2.6476e-06
0.000537616
2.3658e-06
0.000537213
3.40951e-06
0.000536889
4.21136e-06
0.000537002
7.49635e-06
0.000537463
1.40747e-05
4.1023e-05
0.000537939
5.50775e-17
-4.33681e-17
5.33427e-17
-6.76542e-17
6.33174e-17
-6.93889e-18
7.069e-17
2.94903e-17
7.84962e-17
6.59195e-17
7.71952e-17
2.77556e-17
7.24247e-17
4.68375e-17
7.41594e-17
1.00614e-16
7.37257e-17
1.11022e-16
6.50521e-17
1.07553e-16
6.1149e-17
1.16226e-16
5.50775e-17
1.00614e-16
5.1608e-17
9.19403e-17
4.11997e-17
7.11237e-17
4.29344e-17
9.19403e-17
1.04127e-15
4.51028e-17
5.94333e-13
-1.97307e-14
2.16594e-10
-6.76375e-12
2.57553e-08
-7.2693e-10
7.35444e-07
-1.85284e-08
6.07384e-06
-1.04673e-07
2.14265e-05
-1.25812e-07
4.59611e-05
6.00861e-08
7.50566e-05
1.78566e-07
0.000105315
1.27402e-07
0.000135131
6.65055e-08
0.000163878
5.90141e-08
0.000191351
6.06673e-08
0.000217505
3.98856e-08
0.000242356
-1.08575e-08
0.000265936
-8.48632e-08
0.000288285
-1.65658e-07
0.000309437
-2.31618e-07
0.000329428
-2.61744e-07
0.000348289
-2.41611e-07
0.000366054
-1.67204e-07
0.00038276
-4.61446e-08
0.000398446
1.04616e-07
0.000413154
2.62432e-07
0.000426929
3.98103e-07
0.000439819
4.8754e-07
0.000451871
5.16197e-07
0.000463131
4.75395e-07
0.000473643
3.61523e-07
0.000483448
1.89346e-07
0.000492583
-2.19408e-08
0.00050108
-2.49358e-07
0.000508971
-4.66581e-07
0.000516283
-6.4869e-07
0.000523038
-7.72573e-07
0.000529259
-8.22302e-07
0.000534967
-7.90533e-07
0.000540182
-6.77736e-07
0.000544922
-4.92695e-07
0.000549206
-2.51273e-07
0.000553056
2.53079e-08
0.000556489
3.12712e-07
0.000559527
5.85959e-07
0.000562189
8.21629e-07
0.000564497
9.99832e-07
0.000566471
1.10548e-06
0.00056813
1.12878e-06
0.000569494
1.06599e-06
0.00057058
9.17341e-07
0.000571406
6.92455e-07
0.000571985
3.98049e-07
0.000572334
6.44978e-08
0.000572464
-3.14136e-07
0.000572388
-6.66296e-07
0.000572114
-1.01591e-06
0.000571653
-1.30294e-06
0.000571015
-1.46726e-06
0.0005702
-1.61689e-06
0.000569226
-1.5311e-06
0.000568092
-1.39551e-06
0.000566808
-1.15866e-06
0.000565393
-7.48842e-07
0.000563852
-2.90907e-07
0.0005622
9.91495e-08
0.000560469
6.2984e-07
0.000558675
1.09029e-06
0.000556835
1.38877e-06
0.000554979
1.6225e-06
0.000553136
1.87859e-06
0.000551316
1.9177e-06
0.00054953
1.7771e-06
0.000547799
1.5776e-06
0.00054614
1.4062e-06
0.000544544
1.01516e-06
0.000543011
4.79935e-07
0.000541542
-1.13202e-07
0.000540149
-5.45124e-07
0.000538818
-1.03463e-06
0.000537539
-1.51792e-06
0.000536297
-2.04329e-06
0.000535106
-2.25424e-06
0.000533956
-2.32589e-06
0.000532851
-2.1383e-06
0.000531766
-2.05698e-06
0.000530709
-1.74679e-06
0.000529671
-1.46041e-06
0.000528678
-7.84314e-07
0.00052771
-2.60975e-07
0.000526786
4.6277e-07
0.000525871
7.47499e-07
0.000524995
1.26132e-06
0.000524128
1.37715e-06
0.000523318
1.90306e-06
0.000522522
1.90526e-06
0.000521793
2.38214e-06
0.00052107
2.16478e-06
0.000520414
2.47617e-06
0.000519755
2.0374e-06
0.000519188
2.42934e-06
0.000518636
2.18007e-06
0.000518249
3.10937e-06
0.00051795
3.87515e-06
0.000518075
6.78806e-06
0.000518579
1.30426e-05
3.98855e-05
0.000519242
5.29091e-17
-5.37764e-17
5.59448e-17
-2.42861e-17
6.15827e-17
-8.67362e-18
6.89553e-17
4.68375e-17
7.24247e-17
6.07153e-17
7.41594e-17
7.28584e-17
7.67615e-17
8.50015e-17
7.1991e-17
8.1532e-17
6.93889e-17
8.84709e-17
6.20164e-17
8.84709e-17
5.89806e-17
1.05818e-16
5.07407e-17
9.02056e-17
4.64039e-17
1.02349e-16
3.9465e-17
8.67362e-17
3.68629e-17
8.1532e-17
8.97286e-16
6.59195e-17
5.12134e-13
-1.76092e-14
1.89203e-10
-6.12429e-12
2.30471e-08
-6.70438e-10
6.74645e-07
-1.7454e-08
5.67911e-06
-9.99839e-08
2.02781e-05
-1.18754e-07
4.38017e-05
6.35852e-08
7.1816e-05
1.71502e-07
0.000101004
1.15833e-07
0.000129785
6.0548e-08
0.00015754
5.51242e-08
0.000184065
5.63904e-08
0.00020932
3.72199e-08
0.000233317
-9.16949e-09
0.000256089
-7.68556e-08
0.000277672
-1.50955e-07
0.000298101
-2.11803e-07
0.000317409
-2.40173e-07
0.000335628
-2.22756e-07
0.000352788
-1.55662e-07
0.000368925
-4.5684e-08
0.000384077
9.12717e-08
0.000398283
2.36591e-07
0.000411588
3.61243e-07
0.000424037
4.44396e-07
0.000435677
4.7119e-07
0.000446552
4.35409e-07
0.000456706
3.3232e-07
0.000466177
1.76553e-07
0.000475001
-1.61482e-08
0.000483212
-2.24007e-07
0.000490837
-4.2318e-07
0.000497902
-5.90826e-07
0.000504431
-7.05342e-07
0.000510445
-7.52199e-07
0.000515963
-7.24515e-07
0.000521004
-6.22558e-07
0.000525586
-4.54292e-07
0.000529729
-2.34158e-07
0.00053345
1.84555e-08
0.000536769
2.81298e-07
0.000539705
5.31521e-07
0.000542279
7.47686e-07
0.000544511
9.11604e-07
0.000546419
1.00948e-06
0.000548024
1.03234e-06
0.000549343
9.76679e-07
0.000550395
8.42481e-07
0.000551195
6.38117e-07
0.000551758
3.7049e-07
0.000552099
6.59667e-08
0.000552229
-2.80034e-07
0.00055216
-6.02926e-07
0.0005519
-9.2385e-07
0.00055146
-1.18889e-06
0.00055085
-1.34108e-06
0.000550068
-1.48044e-06
0.000549134
-1.40486e-06
0.000548044
-1.28142e-06
0.00054681
-1.06649e-06
0.000545447
-6.92212e-07
0.000543963
-2.72053e-07
0.000542371
8.48893e-08
0.000540702
5.69719e-07
0.000538971
9.92701e-07
0.000537196
1.26662e-06
0.000535403
1.4795e-06
0.000533624
1.71399e-06
0.000531866
1.75231e-06
0.000530142
1.62543e-06
0.00052847
1.44403e-06
0.000526868
1.2899e-06
0.000525327
9.37731e-07
0.000523846
4.50911e-07
0.000522428
-9.17495e-08
0.000521084
-4.88172e-07
0.0005198
-9.35977e-07
0.000518566
-1.37905e-06
0.000517368
-1.86279e-06
0.000516218
-2.06146e-06
0.000515109
-2.13097e-06
0.000514043
-1.96193e-06
0.000512995
-1.88781e-06
0.000511975
-1.60602e-06
0.00051097
-1.34479e-06
0.00051001
-7.2767e-07
0.000509075
-2.46336e-07
0.000508183
4.17836e-07
0.000507298
6.82307e-07
0.000506452
1.15178e-06
0.000505615
1.25861e-06
0.000504833
1.73697e-06
0.000504064
1.74068e-06
0.000503362
2.17392e-06
0.000502665
1.97939e-06
0.000502033
2.26044e-06
0.000501399
1.86478e-06
0.000500853
2.21348e-06
0.000500325
1.99426e-06
0.000499953
2.81604e-06
0.000499675
3.53796e-06
0.000499799
6.09927e-06
0.000500376
1.19558e-05
3.85702e-05
0.000501228
5.1608e-17
-3.98986e-17
4.98733e-17
-6.93889e-18
6.1149e-17
3.29597e-17
5.55112e-17
-5.20417e-18
7.37257e-17
6.41848e-17
6.67869e-17
5.55112e-17
7.45931e-17
7.11237e-17
7.02563e-17
8.50015e-17
6.59195e-17
7.28584e-17
5.94143e-17
6.245e-17
5.87638e-17
8.67362e-17
5.05238e-17
7.45931e-17
4.4886e-17
8.1532e-17
3.81639e-17
6.59195e-17
3.79471e-17
8.67362e-17
7.76722e-16
7.97973e-17
4.42351e-13
-1.56541e-14
1.65571e-10
-5.52451e-12
2.06459e-08
-6.15274e-10
6.19201e-07
-1.63408e-08
5.31119e-06
-9.47443e-08
1.91929e-05
-1.10514e-07
4.17466e-05
6.70802e-08
6.87211e-05
1.62773e-07
9.688e-05
1.03125e-07
0.000124665
5.25072e-08
0.000151465
4.79144e-08
0.00017708
4.9064e-08
0.000201468
3.20312e-08
0.000224642
-9.5443e-09
0.000246634
-7.04912e-08
0.000267478
-1.37494e-07
0.000287209
-1.92786e-07
0.000305858
-2.18947e-07
0.000323455
-2.03737e-07
0.00034003
-1.43494e-07
0.000355616
-4.4274e-08
0.00037025
7.85905e-08
0.00038397
2.11029e-07
0.000396819
3.24822e-07
0.000408842
4.01948e-07
0.000420084
4.26416e-07
0.000430586
3.95307e-07
0.000440392
3.03268e-07
0.00044954
1.63913e-07
0.000458064
-1.02569e-08
0.000465995
-1.98677e-07
0.000473362
-3.79982e-07
0.000480189
-5.33206e-07
0.000486499
-6.38307e-07
0.000492311
-6.82153e-07
0.000497644
-6.58359e-07
0.000502517
-5.67034e-07
0.000506946
-4.15336e-07
0.00051095
-2.16301e-07
0.000514547
1.24995e-08
0.000517755
2.50891e-07
0.000520594
4.78136e-07
0.000523082
6.74781e-07
0.000525238
8.24322e-07
0.000527084
9.14234e-07
0.000528635
9.36351e-07
0.000529912
8.87433e-07
0.00053093
7.6717e-07
0.000531706
5.82827e-07
0.000532253
3.41509e-07
0.000532586
6.57156e-08
0.000532714
-2.47865e-07
0.000532652
-5.41466e-07
0.000532407
-8.33552e-07
0.000531987
-1.07615e-06
0.000531402
-1.21584e-06
0.000530653
-1.34442e-06
0.000529756
-1.27843e-06
0.000528708
-1.16697e-06
0.000527521
-9.73557e-07
0.000526208
-6.34417e-07
0.00052478
-2.52347e-07
0.000523244
7.1182e-08
0.000521634
5.10901e-07
0.000519964
8.96391e-07
0.00051825
1.14607e-06
0.000516519
1.33866e-06
0.000514801
1.5518e-06
0.000513103
1.58894e-06
0.000511438
1.47537e-06
0.000509822
1.31169e-06
0.000508274
1.17399e-06
0.000506786
8.59209e-07
0.000505356
4.19797e-07
0.000503987
-7.2582e-08
0.000502689
-4.33433e-07
0.00050145
-8.39696e-07
0.000500261
-1.24244e-06
0.000499105
-1.68404e-06
0.000497996
-1.86933e-06
0.000496926
-1.93599e-06
0.000495898
-1.78501e-06
0.000494887
-1.71815e-06
0.000493903
-1.4644e-06
0.000492933
-1.22834e-06
0.000492007
-6.69909e-07
0.000491104
-2.31177e-07
0.000490243
3.73126e-07
0.000489389
6.16629e-07
0.000488572
1.04227e-06
0.000487764
1.14012e-06
0.00048701
1.57189e-06
0.000486268
1.57694e-06
0.00048559
1.96758e-06
0.000484919
1.79499e-06
0.00048431
2.04694e-06
0.0004837
1.69298e-06
0.000483174
2.00108e-06
0.000482667
1.80957e-06
0.000482308
2.53034e-06
0.000482045
3.20537e-06
0.000482167
5.43218e-06
0.000482835
1.07942e-05
3.71255e-05
0.000483832
5.24754e-17
-1.21431e-17
5.42101e-17
-2.94903e-17
5.29091e-17
-1.73472e-17
6.54858e-17
3.1225e-17
7.02563e-17
4.16334e-17
6.85216e-17
7.45931e-17
7.24247e-17
6.59195e-17
6.85216e-17
7.11237e-17
6.22332e-17
5.20417e-17
5.91974e-17
7.97973e-17
5.83301e-17
7.28584e-17
4.96565e-17
6.76542e-17
4.22839e-17
6.41848e-17
3.79471e-17
8.67362e-17
3.57787e-17
1.00614e-16
6.75024e-16
7.97973e-17
3.8307e-13
-1.38761e-14
1.4518e-10
-4.96041e-12
1.85173e-08
-5.61325e-10
5.68665e-07
-1.51907e-08
4.96843e-06
-8.90033e-08
1.8168e-05
-1.0151e-07
3.97911e-05
6.94294e-08
6.57634e-05
1.51717e-07
9.29269e-05
9.0425e-08
0.000119747
4.53706e-08
0.000145623
4.1243e-08
0.000170355
4.21242e-08
0.000193904
2.73473e-08
0.00021628
-9.15534e-09
0.000237516
-6.31858e-08
0.000257644
-1.23034e-07
0.000276699
-1.72849e-07
0.000294709
-1.96859e-07
0.000311704
-1.83912e-07
0.000327713
-1.30546e-07
0.000342767
-4.2199e-08
0.000356902
6.65771e-08
0.000370153
1.85966e-07
0.000382564
2.88876e-07
0.000394176
3.59694e-07
0.000405033
3.81899e-07
0.000415177
3.55573e-07
0.000424648
2.74395e-07
0.000433484
1.50661e-07
0.000441719
-5.43549e-09
0.000449381
-1.74717e-07
0.000456499
-3.38394e-07
0.000463097
-4.77228e-07
0.000469195
-5.72829e-07
0.000474812
-6.1346e-07
0.000479967
-5.93262e-07
0.000484677
-5.12231e-07
0.000488959
-3.76742e-07
0.00049283
-1.98464e-07
0.000496307
6.84173e-09
0.000499408
2.21053e-07
0.000502152
4.2553e-07
0.000504558
6.02773e-07
0.000506643
7.37936e-07
0.000508427
8.19752e-07
0.000509929
8.4088e-07
0.000511164
7.98327e-07
0.00051215
6.9147e-07
0.000512903
5.26798e-07
0.000513434
3.11128e-07
0.000513759
6.36433e-08
0.000513887
-2.17891e-07
0.000513832
-4.82222e-07
0.000513599
-7.45375e-07
0.000513198
-9.65113e-07
0.000512639
-1.09192e-06
0.00051192
-1.20923e-06
0.000511057
-1.15211e-06
0.000510051
-1.05238e-06
0.000508908
-8.80022e-07
0.000507644
-5.75691e-07
0.000506267
-2.31824e-07
0.000504787
5.87238e-08
0.000503233
4.53856e-07
0.000501622
8.01705e-07
0.000499968
1.02706e-06
0.000498297
1.19965e-06
0.000496639
1.39152e-06
0.000495001
1.42691e-06
0.000493394
1.32608e-06
0.000491834
1.17957e-06
0.000490341
1.05742e-06
0.000488905
7.78498e-07
0.000487526
3.85471e-07
0.000486205
-5.69749e-08
0.000484954
-3.82224e-07
0.00048376
-7.47132e-07
0.000482614
-1.10948e-06
0.0004815
-1.50841e-06
0.00048043
-1.67905e-06
0.000479398
-1.74185e-06
0.000478406
-1.60795e-06
0.000477431
-1.54795e-06
0.000476479
-1.32134e-06
0.000475542
-1.1099e-06
0.000474645
-6.09265e-07
0.000473771
-2.13201e-07
0.000472937
3.31402e-07
0.000472111
5.53416e-07
0.000471321
9.35812e-07
0.000470539
1.02457e-06
0.000469808
1.41059e-06
0.000469091
1.41637e-06
0.000468436
1.76509e-06
0.000467788
1.61306e-06
0.000467202
1.8367e-06
0.000466614
1.52256e-06
0.000466108
1.79231e-06
0.000465621
1.62599e-06
0.000465275
2.25225e-06
0.000465029
2.87503e-06
0.000465138
4.79671e-06
0.000465861
9.59292e-06
3.54909e-05
0.000467059
4.85723e-17
-2.77556e-17
4.94396e-17
-2.60209e-17
5.46438e-17
-4.51028e-17
6.33174e-17
1.38778e-17
6.76542e-17
4.68375e-17
6.70037e-17
7.11237e-17
6.93889e-17
7.63278e-17
6.41848e-17
5.72459e-17
6.41848e-17
7.11237e-17
5.52943e-17
6.245e-17
5.89806e-17
9.02056e-17
4.66207e-17
6.59195e-17
4.29344e-17
7.80626e-17
3.62124e-17
8.84709e-17
3.55618e-17
1.07553e-16
5.88939e-16
6.245e-17
3.32671e-13
-1.22437e-14
1.27578e-10
-4.4259e-12
1.66308e-08
-5.08068e-10
5.22615e-07
-1.39879e-08
4.64919e-06
-8.26103e-08
1.72004e-05
-9.13899e-08
3.79322e-05
7.05215e-08
6.29429e-05
1.37202e-07
8.91507e-05
7.45652e-08
0.000115044
3.43726e-08
0.000140028
3.19714e-08
0.000163909
3.47616e-08
0.000186646
2.35929e-08
0.000208252
-7.32549e-09
0.000228756
-5.43873e-08
0.000248192
-1.07189e-07
0.000266593
-1.51568e-07
0.000283985
-1.73399e-07
0.000300398
-1.62535e-07
0.000315859
-1.15886e-07
0.000330397
-3.83192e-08
0.000344048
5.75333e-08
0.000356845
1.63902e-07
0.00036883
2.55469e-07
0.000380044
3.19454e-07
0.000390529
3.4031e-07
0.000400325
3.18334e-07
0.000409472
2.46871e-07
0.000418006
1.37314e-07
0.00042596
-1.40076e-09
0.000433362
-1.52058e-07
0.000440238
-2.9837e-07
0.000446613
-4.22912e-07
0.000452505
-5.08877e-07
0.000457934
-5.46086e-07
0.000462916
-5.29184e-07
0.000467468
-4.58098e-07
0.000471607
-3.38448e-07
0.000475348
-1.80534e-07
0.000478709
1.65742e-09
0.000481707
1.92027e-07
0.00048436
3.74009e-07
0.000486686
5.32028e-07
0.000488702
6.52877e-07
0.000490428
7.26528e-07
0.00049188
7.46438e-07
0.000493075
7.09896e-07
0.000494031
6.15911e-07
0.00049476
4.70768e-07
0.000495276
2.79883e-07
0.000495594
6.02342e-08
0.000495721
-1.89717e-07
0.000495671
-4.24979e-07
0.000495451
-6.59395e-07
0.000495068
-8.56213e-07
0.000494532
-9.70113e-07
0.000493843
-1.07603e-06
0.000493016
-1.02733e-06
0.000492048
-9.39269e-07
0.000490949
-7.87627e-07
0.000489733
-5.17583e-07
0.000488408
-2.11136e-07
0.000486981
4.76683e-08
0.000485483
3.98731e-07
0.000483929
7.09298e-07
0.000482332
9.10467e-07
0.000480719
1.0637e-06
0.000479118
1.23472e-06
0.000477536
1.26807e-06
0.000475984
1.17969e-06
0.000474477
1.04993e-06
0.000473034
9.4269e-07
0.000471647
6.9851e-07
0.000470315
3.51221e-07
0.000469038
-4.14427e-08
0.000467828
-3.30902e-07
0.000466673
-6.54652e-07
0.000465565
-9.76674e-07
0.000464488
-1.33276e-06
0.000463453
-1.48794e-06
0.000462453
-1.54638e-06
0.000461494
-1.42914e-06
0.00046055
-1.37612e-06
0.000459629
-1.17625e-06
0.000458722
-9.89388e-07
0.000457853
-5.46008e-07
0.000457008
-1.92977e-07
0.000456202
2.91945e-07
0.000455404
4.91723e-07
0.00045464
8.31295e-07
0.000453884
9.10722e-07
0.000453179
1.25183e-06
0.000452487
1.25774e-06
0.000451856
1.56539e-06
0.000451233
1.43268e-06
0.000450668
1.62904e-06
0.000450104
1.35313e-06
0.000449616
1.58693e-06
0.00044915
1.44385e-06
0.000448816
1.98195e-06
0.000448585
2.54929e-06
0.000448678
4.19359e-06
0.000449418
8.38958e-06
3.36264e-05
0.000450865
4.57533e-17
-1.38778e-17
4.85723e-17
-1.9082e-17
5.52943e-17
-2.25514e-17
6.09322e-17
0
6.26669e-17
1.73472e-17
6.63532e-17
5.0307e-17
6.37511e-17
6.41848e-17
6.50521e-17
6.93889e-17
5.87638e-17
5.89806e-17
5.59448e-17
6.41848e-17
5.26922e-17
6.07153e-17
4.51028e-17
5.20417e-17
4.2067e-17
7.45931e-17
3.62124e-17
9.02056e-17
3.23092e-17
8.50015e-17
5.13044e-16
5.0307e-17
2.89788e-13
-1.06998e-14
1.12378e-10
-3.91751e-12
1.4959e-08
-4.55524e-10
4.8067e-07
-1.27472e-08
4.35204e-06
-7.58496e-08
1.62876e-05
-8.1685e-08
3.61651e-05
6.82042e-08
6.02473e-05
1.20207e-07
8.55258e-05
6.19269e-08
0.000110515
2.96391e-08
0.00013463
2.9819e-08
0.000157682
3.43273e-08
0.00017963
2.61519e-08
0.000200488
-1.10435e-10
0.000220283
-4.12911e-08
0.000239049
-8.81186e-08
0.000256816
-1.28023e-07
0.000273612
-1.48368e-07
0.000289462
-1.40131e-07
0.000304394
-1.00517e-07
0.000318435
-3.39835e-08
0.000331619
5.07674e-08
0.00034398
1.43724e-07
0.000355555
2.23342e-07
0.000366386
2.80106e-07
0.000376513
3.01064e-07
0.000385975
2.81343e-07
0.000394811
2.18076e-07
0.000403055
1.21479e-07
0.000410738
-3.89457e-10
0.00041789
-1.32631e-07
0.000424535
-2.6162e-07
0.000430694
-3.7164e-07
0.000436389
-4.47813e-07
0.000441636
-4.81327e-07
0.000446452
-4.67361e-07
0.000450853
-4.05761e-07
0.000454854
-3.01406e-07
0.000458471
-1.63276e-07
0.000461721
-3.6152e-09
0.000464619
1.63459e-07
0.000467184
3.23403e-07
0.000469433
4.6253e-07
0.000471383
5.69243e-07
0.000473052
6.34728e-07
0.000474457
6.53236e-07
0.000475615
6.22338e-07
0.00047654
5.40637e-07
0.000477247
4.14725e-07
0.000477749
2.47659e-07
0.00047806
5.53401e-08
0.000478187
-1.63666e-07
0.000478143
-3.70187e-07
0.000477934
-5.76053e-07
0.000477569
-7.49674e-07
0.000477056
-8.50176e-07
0.000476394
-9.43974e-07
0.000475597
-9.02471e-07
0.000474665
-8.25175e-07
0.000473605
-6.92924e-07
0.00047243
-4.55403e-07
0.000471148
-1.85364e-07
0.000469768
4.25454e-08
0.000468319
3.50404e-07
0.000466816
6.2375e-07
0.000465272
8.00756e-07
0.000463712
9.3486e-07
0.000462163
1.08495e-06
0.000460633
1.11559e-06
0.000459131
1.03918e-06
0.000457673
9.25537e-07
0.000456276
8.32584e-07
0.000454934
6.21982e-07
0.000453645
3.19174e-07
0.000452409
-2.49214e-08
0.00045124
-2.79546e-07
0.000450124
-5.63443e-07
0.000449054
-8.46224e-07
0.000448014
-1.16017e-06
0.000447015
-1.29963e-06
0.000446051
-1.35352e-06
0.000445125
-1.25254e-06
0.000444215
-1.20657e-06
0.000443327
-1.0328e-06
0.00044245
-8.70038e-07
0.000441612
-4.82793e-07
0.000440795
-1.72556e-07
0.000440018
2.53297e-07
0.000439248
4.30546e-07
0.000438511
7.28174e-07
0.000437781
7.98437e-07
0.000437101
1.096e-06
0.000436433
1.10196e-06
0.000435824
1.36991e-06
0.000435222
1.25569e-06
0.000434678
1.42606e-06
0.000434134
1.18701e-06
0.000433663
1.38739e-06
0.000433213
1.26579e-06
0.000432888
1.72227e-06
0.000432667
2.23143e-06
0.000432742
3.62614e-06
0.00043349
7.19273e-06
3.15187e-05
0.000435199
4.2067e-17
-4.16334e-17
5.1608e-17
-1.38778e-17
5.07407e-17
-2.77556e-17
5.68122e-17
8.67362e-18
6.26669e-17
2.42861e-17
6.41848e-17
4.85723e-17
6.26669e-17
6.59195e-17
6.13658e-17
7.45931e-17
5.85469e-17
7.45931e-17
5.26922e-17
4.85723e-17
4.96565e-17
3.98986e-17
4.29344e-17
3.81639e-17
4.22839e-17
7.63278e-17
3.40439e-17
6.76542e-17
3.05745e-17
7.11237e-17
4.4886e-16
4.68375e-17
2.53277e-13
-9.26169e-15
9.9249e-11
-3.42649e-12
1.34776e-08
-4.02777e-10
4.4248e-07
-1.1442e-08
4.07557e-06
-6.84903e-08
1.54266e-05
-7.15878e-08
3.44859e-05
6.40825e-08
5.76737e-05
1.04181e-07
8.20538e-05
5.44959e-08
0.000106167
3.20014e-08
0.00012944
3.64458e-08
0.00015169
4.22566e-08
0.000172876
3.49161e-08
0.000193012
1.09543e-08
0.000212125
-2.6187e-08
0.000230245
-6.82016e-08
0.000247402
-1.04168e-07
0.000263621
-1.23185e-07
0.000278928
-1.17423e-07
0.000293349
-8.44342e-08
0.00030691
-2.88734e-08
0.000319642
4.61297e-08
0.00033158
1.25106e-07
0.00034276
1.92603e-07
0.00035322
2.41543e-07
0.000363001
2.63292e-07
0.00037214
2.42928e-07
0.000380674
1.86937e-07
0.000388637
1.02897e-07
0.00039606
-2.1918e-09
0.000402969
-1.15985e-07
0.000409389
-2.27674e-07
0.000415341
-3.23102e-07
0.000420845
-3.8927e-07
0.000425916
-4.18729e-07
0.00043057
-4.07217e-07
0.000434824
-3.54519e-07
0.000438691
-2.64855e-07
0.000442187
-1.45882e-07
0.000445328
-8.16325e-09
0.00044813
1.36124e-07
0.00045061
2.74444e-07
0.000452784
3.94964e-07
0.00045467
4.87671e-07
0.000456284
5.44958e-07
0.000457644
5.61908e-07
0.000458764
5.36414e-07
0.00045966
4.66686e-07
0.000460345
3.60026e-07
0.000460831
2.17142e-07
0.000461131
5.28952e-08
0.000461254
-1.34783e-07
0.00046121
-3.12124e-07
0.000461007
-4.89211e-07
0.000460652
-6.39358e-07
0.000460154
-7.26387e-07
0.000459512
-8.0809e-07
0.000458741
-7.73514e-07
0.000457838
-7.0682e-07
0.000456811
-5.93267e-07
0.000455675
-3.88403e-07
0.000454438
-1.56769e-07
0.000453107
3.8822e-08
0.00045171
3.03657e-07
0.000450261
5.40401e-07
0.000448772
6.94103e-07
0.000447266
8.10136e-07
0.000445769
9.405e-07
0.00044429
9.69018e-07
0.000442836
9.05296e-07
0.000441424
8.08375e-07
0.000440069
7.3017e-07
0.000438769
5.51344e-07
0.000437521
2.90212e-07
0.000436327
-7.76232e-09
0.000435197
-2.29274e-07
0.000434121
-4.75207e-07
0.000433089
-7.20334e-07
0.000432087
-9.93195e-07
0.000431124
-1.11683e-06
0.000430195
-1.16593e-06
0.000429304
-1.08063e-06
0.000428427
-1.04155e-06
0.000427571
-8.92887e-07
0.000426726
-7.53334e-07
0.000425916
-4.2051e-07
0.000425128
-1.52268e-07
0.000424377
2.15702e-07
0.000423634
3.70487e-07
0.000422922
6.27307e-07
0.000422217
6.88651e-07
0.00042156
9.44127e-07
0.000420915
9.49925e-07
0.000420327
1.17937e-06
0.000419747
1.08244e-06
0.000419222
1.22768e-06
0.000418698
1.02356e-06
0.000418244
1.19223e-06
0.000417813
1.08991e-06
0.000417501
1.4695e-06
0.000417293
1.91813e-06
0.000417363
3.07952e-06
0.000418057
6.06457e-06
2.93005e-05
0.000419896
4.14165e-17
-1.9082e-17
5.13912e-17
-2.94903e-17
4.94396e-17
-3.98986e-17
5.29091e-17
-2.25514e-17
6.20164e-17
3.29597e-17
6.09322e-17
2.77556e-17
6.28837e-17
6.41848e-17
5.83301e-17
6.07153e-17
5.50775e-17
4.51028e-17
5.07407e-17
3.29597e-17
4.72712e-17
3.29597e-17
4.27176e-17
4.85723e-17
3.92481e-17
5.72459e-17
3.33934e-17
6.245e-17
2.92735e-17
6.41848e-17
3.95083e-16
4.16334e-17
2.22168e-13
-7.88258e-15
8.79052e-11
-2.95711e-12
1.21651e-08
-3.51208e-10
4.07718e-07
-1.01404e-08
3.81831e-06
-6.12086e-08
1.46133e-05
-6.22096e-08
3.28813e-05
6.26e-08
5.51932e-05
1.02041e-07
7.86903e-05
6.91141e-08
0.000101948
5.39875e-08
0.000124405
5.57684e-08
0.000145881
5.65969e-08
0.000166335
4.61355e-08
0.000185777
2.2252e-08
0.000204233
-1.19679e-08
0.000221731
-4.96938e-08
0.0002383
-8.19603e-08
0.000253965
-9.97133e-08
0.00026875
-9.63332e-08
0.000282678
-6.97891e-08
0.000295777
-2.52751e-08
0.000308076
3.96752e-08
0.000319607
1.0456e-07
0.000330406
1.60431e-07
0.000340511
2.00411e-07
0.000349958
2.21013e-07
0.000358787
1.99065e-07
0.000367032
1.51389e-07
0.000374726
8.05591e-08
0.000381898
-7.18653e-09
0.000388574
-1.02236e-07
0.000394777
-1.96199e-07
0.000400529
-2.76662e-07
0.000405847
-3.32575e-07
0.000410747
-3.57659e-07
0.000415246
-3.48184e-07
0.000419356
-3.03818e-07
0.000423094
-2.28128e-07
0.000426473
-1.27471e-07
0.000429509
-1.08606e-08
0.000432216
1.11484e-07
0.000434612
2.28971e-07
0.000436713
3.31618e-07
0.000438534
4.10961e-07
0.000440093
4.60607e-07
0.000441405
4.76465e-07
0.000442485
4.56787e-07
0.000443347
3.99622e-07
0.000444005
3.12714e-07
0.00044447
1.94159e-07
0.000444756
5.71058e-08
0.000444871
-1.01021e-07
0.000444827
-2.51124e-07
0.000444631
-4.01473e-07
0.00044429
-5.29939e-07
0.000443812
-6.05084e-07
0.000443197
-6.76103e-07
0.000442459
-6.49272e-07
0.000441595
-5.94086e-07
0.000440611
-4.99997e-07
0.000439524
-3.29019e-07
0.000438341
-1.36612e-07
0.000437069
2.64971e-08
0.000435731
2.49254e-07
0.000434343
4.50298e-07
0.000432915
5.8131e-07
0.00043147
6.80088e-07
0.000430034
7.91237e-07
0.000428615
8.17161e-07
0.000427221
7.65147e-07
0.000425867
6.83391e-07
0.000424572
6.17744e-07
0.00042333
4.6745e-07
0.00042214
2.46173e-07
0.000421001
-5.98444e-09
0.000419922
-1.9333e-07
0.000418893
-4.00218e-07
0.000417906
-6.06422e-07
0.000416945
-8.36812e-07
0.00041602
-9.42437e-07
0.000415126
-9.84796e-07
0.000414267
-9.13301e-07
0.000413421
-8.80045e-07
0.000412595
-7.55045e-07
0.000411778
-6.37586e-07
0.000410995
-3.57428e-07
0.000410233
-1.30372e-07
0.000409507
1.80786e-07
0.000408788
3.13004e-07
0.0004081
5.29904e-07
0.000407419
5.82445e-07
0.000406783
7.97376e-07
0.000406159
8.03165e-07
0.00040559
9.95933e-07
0.000405027
9.15942e-07
0.000404518
1.03778e-06
0.000404008
8.67922e-07
0.000403565
1.00796e-06
0.000403143
9.24573e-07
0.00040283
1.23632e-06
0.000402619
1.62472e-06
0.00040267
2.56854e-06
0.00040328
5.03586e-06
2.68103e-05
0.000405411
4.18502e-17
-6.93889e-18
4.94396e-17
-3.29597e-17
4.46691e-17
-5.37764e-17
5.5728e-17
-2.08167e-17
5.81132e-17
6.93889e-18
6.04985e-17
4.85723e-17
6.00648e-17
4.51028e-17
5.55112e-17
4.16334e-17
5.33427e-17
2.25514e-17
4.87891e-17
1.9082e-17
4.87891e-17
2.08167e-17
4.0766e-17
3.64292e-17
3.96818e-17
4.85723e-17
3.20924e-17
4.33681e-17
2.81893e-17
4.68375e-17
3.50414e-16
6.07153e-17
1.95654e-13
-6.54164e-15
7.81014e-11
-2.48765e-12
1.1002e-08
-2.97667e-10
3.76029e-07
-8.69858e-09
3.5779e-06
-5.21298e-08
1.3839e-05
-4.53181e-08
3.13381e-05
7.7892e-08
5.27969e-05
1.25465e-07
7.54409e-05
1.04029e-07
9.78784e-05
8.4946e-08
0.000119558
7.5616e-08
0.000140298
6.59784e-08
0.000160055
4.97135e-08
0.000178836
2.52764e-08
0.000196664
-5.53273e-09
0.000213568
-3.79558e-08
0.000229573
-6.52116e-08
0.000244704
-8.03429e-08
0.000258984
-7.80399e-08
0.000272437
-5.68574e-08
0.00028509
-2.32443e-08
0.000296969
2.95476e-08
0.000308108
8.04022e-08
0.000318539
1.25326e-07
0.0003283
1.54897e-07
0.000337424
1.70879e-07
0.000345952
1.51598e-07
0.000353915
1.15266e-07
0.000361346
5.89477e-08
0.000368273
-1.10538e-08
0.000374721
-8.74729e-08
0.000380713
-1.63679e-07
0.000386269
-2.28439e-07
0.000391404
-2.72939e-07
0.000396134
-2.92416e-07
0.000400476
-2.84069e-07
0.000404442
-2.47584e-07
0.000408049
-1.8561e-07
0.000411309
-1.0322e-07
0.000414239
-7.5417e-09
0.000416851
9.31156e-08
0.000419163
1.90174e-07
0.000421189
2.75476e-07
0.000422945
3.42116e-07
0.000424447
3.84904e-07
0.00042571
4.00538e-07
0.000426747
3.87725e-07
0.000427573
3.44774e-07
0.0004282
2.77724e-07
0.000428645
1.80386e-07
0.000428919
6.70592e-08
0.000429031
-6.49663e-08
0.000428991
-1.90947e-07
0.000428806
-3.17218e-07
0.000428483
-4.25788e-07
0.000428029
-4.90288e-07
0.000427443
-5.51416e-07
0.000426738
-5.32432e-07
0.000425913
-4.8974e-07
0.000424975
-4.15874e-07
0.000423933
-2.76185e-07
0.000422794
-1.17057e-07
0.000421564
1.75846e-08
0.00042027
2.00655e-07
0.000418927
3.66489e-07
0.000417547
4.74287e-07
0.00041615
5.55074e-07
0.000414764
6.46167e-07
0.000413395
6.68211e-07
0.000412053
6.25556e-07
0.000410752
5.55644e-07
0.000409509
5.00542e-07
0.000408315
3.78886e-07
0.000407169
1.99251e-07
0.000406068
-6.52069e-09
0.000405027
-1.59878e-07
0.000404034
-3.28854e-07
0.000403081
-4.97336e-07
0.000402154
-6.8599e-07
0.000401262
-7.72997e-07
0.000400398
-8.07761e-07
0.000399569
-7.48885e-07
0.000398751
-7.20857e-07
0.000397952
-6.18187e-07
0.000397161
-5.21672e-07
0.000396403
-2.92203e-07
0.000395664
-1.05422e-07
0.000394961
1.50138e-07
0.000394265
2.59685e-07
0.000393598
4.377e-07
0.000392938
4.81602e-07
0.000392321
6.57702e-07
0.000391715
6.63617e-07
0.000391161
8.21545e-07
0.000390615
7.57932e-07
0.000390118
8.58038e-07
0.000389621
7.21557e-07
0.000389187
8.36003e-07
0.000388772
7.71366e-07
0.000388457
1.02324e-06
0.00038824
1.35425e-06
0.000388269
2.09462e-06
0.000388869
4.03178e-06
2.38658e-05
0.000391474
3.90313e-17
-1.9082e-17
4.57533e-17
-2.42861e-17
4.68375e-17
-3.1225e-17
5.31259e-17
-4.16334e-17
5.76796e-17
1.73472e-18
5.7029e-17
3.81639e-17
5.55112e-17
2.25514e-17
5.29091e-17
3.81639e-17
5.09575e-17
2.08167e-17
4.70544e-17
1.04083e-17
4.57533e-17
6.93889e-18
4.03323e-17
2.77556e-17
3.6646e-17
3.81639e-17
3.1225e-17
3.46945e-17
2.94903e-17
2.25514e-17
3.1225e-16
5.72459e-17
1.72983e-13
-5.23019e-15
6.95987e-11
-2.02122e-12
9.96629e-09
-2.42422e-10
3.46938e-07
-7.07069e-09
3.35104e-06
-3.99269e-08
1.3094e-05
-1.30687e-08
2.98397e-05
1.21571e-07
5.04729e-05
1.76333e-07
7.23033e-05
1.51884e-07
9.39651e-05
1.12193e-07
0.000114909
8.18826e-08
0.000134947
6.04567e-08
0.000154035
4.0866e-08
0.000172179
1.8714e-08
0.000189401
-6.45766e-09
0.000205729
-3.19464e-08
0.000221189
-5.30836e-08
0.000235805
-6.48651e-08
0.000249599
-6.32589e-08
0.000262595
-4.73233e-08
0.000274817
-2.3931e-08
0.000286291
1.62971e-08
0.000297049
5.41806e-08
0.000307123
8.75673e-08
0.000316549
1.04846e-07
0.000325362
1.15893e-07
0.000333598
1.05431e-07
0.000341288
8.24614e-08
0.000348464
4.11446e-08
0.000355153
-1.04416e-08
0.000361375
-6.47492e-08
0.00036715
-1.17738e-07
0.000372501
-1.64548e-07
0.000377448
-2.00255e-07
0.00038201
-2.1918e-07
0.000386201
-2.16746e-07
0.000390034
-1.91696e-07
0.000393522
-1.45871e-07
0.000396678
-8.33251e-08
0.000399516
-9.74049e-09
0.00040205
6.81812e-08
0.000404295
1.43672e-07
0.000406265
2.10206e-07
0.000407978
2.62347e-07
0.000409446
2.95973e-07
0.000410687
3.08607e-07
0.000411713
2.99566e-07
0.000412536
2.68041e-07
0.00041317
2.19354e-07
0.000413626
1.41326e-07
0.000413916
5.25414e-08
0.000414045
-5.08282e-08
0.000414026
-1.49597e-07
0.000413862
-2.48904e-07
0.000413562
-3.34869e-07
0.000413134
-3.86258e-07
0.000412576
-4.35312e-07
0.000411902
-4.21668e-07
0.00041111
-3.89052e-07
0.000410206
-3.32122e-07
0.000409202
-2.23061e-07
0.000408105
-9.80287e-08
0.00040692
7.65245e-09
0.000405674
1.51453e-07
0.00040438
2.82689e-07
0.00040305
3.68157e-07
0.000401703
4.3217e-07
0.000400366
5.04674e-07
0.000399045
5.23621e-07
0.000397748
4.90834e-07
0.00039649
4.34752e-07
0.000395285
3.91704e-07
0.000394128
2.97278e-07
0.000393016
1.5733e-07
0.00039195
-3.78915e-09
0.00039094
-1.24142e-07
0.000389977
-2.56416e-07
0.000389055
-3.88438e-07
0.000388157
-5.36861e-07
0.000387293
-6.06084e-07
0.000386459
-6.34109e-07
0.000385657
-5.88345e-07
0.000384869
-5.66451e-07
0.0003841
-4.86273e-07
0.000383339
-4.10786e-07
0.000382609
-2.30901e-07
0.000381899
-8.36834e-08
0.000381223
1.17682e-07
0.000380554
2.04959e-07
0.000379913
3.45399e-07
0.000379279
3.80918e-07
0.000378685
5.19609e-07
0.000378103
5.25494e-07
0.000377571
6.49781e-07
0.000377046
6.01561e-07
0.00037657
6.80516e-07
0.000376095
5.75533e-07
0.000375679
6.65209e-07
0.000375284
6.17538e-07
0.000374982
8.13859e-07
0.000374783
1.08286e-06
0.000374819
1.62863e-06
0.000375426
3.035e-06
2.05417e-05
0.000378419
3.6646e-17
1.73472e-18
4.33681e-17
-1.04083e-17
4.40186e-17
-4.68375e-17
5.20417e-17
-3.1225e-17
5.63785e-17
3.46945e-18
5.44269e-17
8.67362e-18
5.46438e-17
1.56125e-17
4.94396e-17
1.73472e-17
5.00901e-17
1.9082e-17
4.64039e-17
1.9082e-17
4.22839e-17
1.04083e-17
4.51028e-17
5.55112e-17
3.42608e-17
2.42861e-17
2.94903e-17
2.94903e-17
2.88398e-17
3.46945e-17
2.80375e-16
4.68375e-17
1.53539e-13
-3.62037e-15
6.21905e-11
-1.42081e-12
9.03715e-09
-1.63613e-10
3.19925e-07
-4.40996e-09
3.13392e-06
-1.69225e-08
1.23729e-05
5.02136e-08
2.84032e-05
1.94744e-07
4.82724e-05
2.25659e-07
6.93537e-05
1.71045e-07
9.0291e-05
1.06558e-07
0.000110535
6.31989e-08
0.000129901
3.65529e-08
0.000148347
1.6795e-08
0.000165881
-1.97188e-09
0.000182525
-2.14473e-08
0.000198307
-4.02322e-08
0.000213251
-5.51639e-08
0.000227379
-6.26432e-08
0.000240712
-5.97105e-08
0.000253272
-4.64103e-08
0.000265082
-2.91092e-08
0.000276162
5.92879e-09
0.000286546
3.35682e-08
0.000296269
5.41905e-08
0.000305363
6.06646e-08
0.000313865
7.16338e-08
0.000321808
7.47506e-08
0.000329222
6.6197e-08
0.000336136
4.41404e-08
0.00034257
1.90499e-08
0.000348549
-6.50865e-09
0.000354104
-4.25869e-08
0.000359264
-8.89793e-08
0.000364045
-1.28544e-07
0.000368457
-1.51086e-07
0.00037251
-1.5432e-07
0.000376217
-1.38846e-07
0.000379589
-1.0695e-07
0.000382638
-6.19979e-08
0.000385379
-8.50491e-09
0.000387825
4.8558e-08
0.000389991
1.04022e-07
0.000391891
1.53083e-07
0.000393541
1.91644e-07
0.000394956
2.16721e-07
0.00039615
2.2654e-07
0.000397137
2.20735e-07
0.00039793
1.99738e-07
0.000398537
1.71259e-07
0.000398974
1.08577e-07
0.000399254
3.89384e-08
0.000399382
-4.02571e-08
0.000399368
-1.14766e-07
0.000399217
-1.88958e-07
0.000398934
-2.53146e-07
0.000398527
-2.91631e-07
0.000397995
-3.2844e-07
0.000397349
-3.19153e-07
0.00039659
-2.95632e-07
0.000395721
-2.54343e-07
0.000394756
-1.74794e-07
0.000393701
-8.31672e-08
0.000392562
-5.43411e-09
0.000391362
1.00597e-07
0.000390117
1.97972e-07
0.000388836
2.61518e-07
0.00038754
3.09192e-07
0.000386252
3.63447e-07
0.000384981
3.78531e-07
0.000383731
3.56722e-07
0.000382514
3.19056e-07
0.000381345
2.90327e-07
0.000380223
2.2309e-07
0.000379144
1.2171e-07
0.000378109
4.28129e-09
0.000377128
-8.36482e-08
0.000376194
-1.80732e-07
0.000375299
-2.78402e-07
0.00037443
-3.88774e-07
0.000373594
-4.41343e-07
0.000372787
-4.63489e-07
0.000372013
-4.31275e-07
0.000371252
-4.1626e-07
0.000370509
-3.58198e-07
0.000369775
-3.02886e-07
0.00036907
-1.7034e-07
0.000368382
-6.09727e-08
0.000367727
8.83411e-08
0.000367079
1.54288e-07
0.000366456
2.59021e-07
0.00036584
2.87094e-07
0.000365262
3.90479e-07
0.000364695
3.96765e-07
0.000364175
4.89208e-07
0.000363663
4.55853e-07
0.000363197
5.14908e-07
0.000362732
4.40465e-07
0.000362323
5.07863e-07
0.000361933
4.77617e-07
0.000361629
6.25313e-07
0.000361423
8.33534e-07
0.000361433
1.20252e-06
0.00036191
2.18126e-06
1.6731e-05
0.000365397
3.49113e-17
-2.77556e-17
3.85976e-17
-2.60209e-17
4.57533e-17
-2.94903e-17
5.18249e-17
-6.93889e-18
5.39933e-17
1.04083e-17
5.37764e-17
1.04083e-17
5.24754e-17
1.38778e-17
4.74881e-17
1.21431e-17
4.87891e-17
2.77556e-17
4.51028e-17
3.46945e-18
4.25007e-17
1.73472e-17
4.22839e-17
3.29597e-17
2.9924e-17
2.42861e-17
2.92735e-17
1.56125e-17
2.71051e-17
2.42861e-17
2.51318e-16
2.42861e-17
1.36763e-13
-1.80585e-15
5.56923e-11
-7.15582e-13
8.2009e-09
-6.66621e-11
2.95049e-07
-1.03794e-09
2.93262e-06
1.15119e-08
1.1712e-05
1.17648e-07
2.71039e-05
2.37695e-07
4.62845e-05
2.25842e-07
6.66606e-05
1.56748e-07
8.68907e-05
8.57966e-08
0.000106442
3.9597e-08
0.00012514
1.4594e-08
0.000142945
-1.0135e-09
0.000159868
-1.41388e-08
0.000175931
-2.70833e-08
0.000191161
-3.93821e-08
0.000205583
-4.90831e-08
0.000219219
-5.38956e-08
0.000232091
-5.21895e-08
0.000244218
-4.45858e-08
0.00025561
-2.22844e-08
0.000266293
1.4064e-08
0.000276313
2.41349e-08
0.000285699
2.91276e-08
0.000294481
2.60277e-08
0.0003027
2.96289e-08
0.000310386
3.47196e-08
0.000317566
3.38775e-08
0.00032427
2.10952e-08
0.000330528
3.3773e-09
0.000336365
-1.38572e-08
0.00034179
-3.30435e-08
0.000346814
-5.81256e-08
0.000351454
-8.21044e-08
0.000355729
-9.73593e-08
0.000359652
-1.00499e-07
0.000363237
-9.12046e-08
0.000366497
-7.08957e-08
0.000369444
-4.18226e-08
0.000372092
-6.96393e-09
0.000374455
3.03379e-08
0.000376547
6.66779e-08
0.000378382
9.89591e-08
0.000379975
1.24456e-07
0.00038134
1.41249e-07
0.000382493
1.48249e-07
0.000383446
1.45318e-07
0.000384212
1.33607e-07
0.000384801
1.19822e-07
0.000385227
7.28691e-08
0.000385499
2.45892e-08
0.000385623
-2.8682e-08
0.000385609
-7.81957e-08
0.000385462
-1.27235e-07
0.000385187
-1.69762e-07
0.000384792
-1.95357e-07
0.000384276
-2.19918e-07
0.00038365
-2.14424e-07
0.000382914
-1.99388e-07
0.000382071
-1.72907e-07
0.000381135
-1.2104e-07
0.000380112
-6.10461e-08
0.000379007
-1.00925e-08
0.000377843
5.94509e-08
0.000376635
1.23786e-07
0.000375393
1.65956e-07
0.000374135
1.9763e-07
0.000372886
2.33782e-07
0.000371652
2.445e-07
0.000370441
2.31735e-07
0.000369263
2.08962e-07
0.000368135
1.91382e-07
0.000367052
1.48577e-07
0.000366014
8.30432e-08
0.000365018
6.63379e-09
0.000364076
-5.07865e-08
0.00036318
-1.14276e-07
0.000362322
-1.78508e-07
0.000361488
-2.51353e-07
0.000360686
-2.8673e-07
0.00035991
-3.02104e-07
0.000359167
-2.81843e-07
0.000358436
-2.72526e-07
0.000357721
-2.35073e-07
0.000357014
-1.99078e-07
0.000356336
-1.1247e-07
0.000355675
-4.04125e-08
0.000355046
5.77957e-08
0.000354424
1.01971e-07
0.000353828
1.71112e-07
0.000353238
1.90576e-07
0.000352687
2.58737e-07
0.000352146
2.64076e-07
0.000351654
3.24941e-07
0.000351169
3.04632e-07
0.00035073
3.43677e-07
0.000350292
2.96974e-07
0.000349911
3.41544e-07
0.000349551
3.24991e-07
0.000349276
4.2311e-07
0.000349106
5.63358e-07
0.000349121
7.86009e-07
0.000349549
1.3905e-06
1.22325e-05
0.000353725
3.5345e-17
-1.04083e-17
3.85976e-17
-5.20417e-18
4.66207e-17
-1.04083e-17
4.92228e-17
-1.56125e-17
5.20417e-17
6.93889e-18
5.05238e-17
0
5.00901e-17
1.38778e-17
4.51028e-17
8.67362e-18
4.44523e-17
3.46945e-18
4.53197e-17
1.38778e-17
4.09828e-17
-3.46945e-18
3.83808e-17
1.38778e-17
2.66714e-17
1.56125e-17
2.86229e-17
2.25514e-17
2.60209e-17
5.20417e-18
2.27899e-16
1.9082e-17
1.23013e-13
5.56846e-16
5.02978e-11
2.4079e-13
7.49396e-09
6.22274e-11
2.73833e-07
2.9269e-09
2.76349e-06
3.59522e-08
1.11679e-05
1.38001e-07
2.60118e-05
2.08334e-07
4.45521e-05
1.63347e-07
6.42542e-05
9.93794e-08
8.38021e-05
5.15705e-08
0.000102682
2.36798e-08
0.00012073
9.18604e-09
0.000137914
5.95969e-10
0.000154244
-6.30816e-09
0.000169744
-1.29407e-08
0.00018444
-1.91737e-08
0.000198355
-2.41057e-08
0.000211513
-2.65745e-08
0.000223933
-2.6498e-08
0.000235637
-2.64172e-08
0.000246619
1.1575e-08
0.000256916
4.28286e-08
0.000266587
2.54033e-08
0.000275645
2.16769e-08
0.000284123
1.3357e-08
0.000292053
1.50027e-08
0.000299461
1.77142e-08
0.000306381
1.80524e-08
0.000312841
1.11071e-08
0.000318869
1.30022e-09
0.000324489
-8.35386e-09
0.000329718
-1.81163e-08
0.000334567
-2.96344e-08
0.000339049
-4.07127e-08
0.000343177
-4.81674e-08
0.000346964
-5.00451e-08
0.000350424
-4.58426e-08
0.00035357
-3.62342e-08
0.000356413
-2.22857e-08
0.000358968
-5.50816e-09
0.000361247
1.24561e-08
0.000363265
2.99994e-08
0.000365035
4.55817e-08
0.000366572
5.78378e-08
0.000367891
6.58407e-08
0.000369004
6.90815e-08
0.000369926
6.74469e-08
0.000370668
6.15114e-08
0.000371246
5.44047e-08
0.000371662
3.27424e-08
0.000371926
8.90034e-09
0.000372047
-1.77738e-08
0.000372034
-4.23996e-08
0.000371892
-6.66843e-08
0.000371626
-8.76936e-08
0.000371244
-1.00354e-07
0.000370744
-1.12567e-07
0.000370138
-1.09935e-07
0.000369425
-1.02697e-07
0.000368609
-8.98616e-08
0.000367701
-6.43696e-08
0.000366711
-3.49511e-08
0.00036564
-9.86022e-09
0.000364513
2.47121e-08
0.000363342
5.68971e-08
0.000362139
7.82029e-08
0.00036092
9.46499e-08
0.000359709
1.13486e-07
0.000358514
1.19641e-07
0.000357341
1.14127e-07
0.000356203
1.03868e-07
0.000355112
9.61849e-08
0.000354068
7.57023e-08
0.000353067
4.37207e-08
0.000352107
6.44313e-09
0.0003512
-2.15525e-08
0.000350337
-5.28284e-08
0.000349511
-8.47429e-08
0.000348708
-1.20809e-07
0.000347935
-1.38195e-07
0.000347187
-1.45715e-07
0.000346468
-1.35861e-07
0.000345761
-1.3152e-07
0.00034507
-1.13094e-07
0.000344385
-9.51717e-08
0.000343727
-5.21346e-08
0.000343086
-1.64951e-08
0.000342476
3.19659e-08
0.000341874
5.36333e-08
0.000341298
8.79355e-08
0.000340729
9.77309e-08
0.000340196
1.31803e-07
0.000339676
1.34533e-07
0.000339202
1.65012e-07
0.000338737
1.55029e-07
0.000338316
1.74941e-07
0.000337899
1.52283e-07
0.000337535
1.75846e-07
0.000337195
1.69093e-07
0.000336936
2.21225e-07
0.00033678
2.94474e-07
0.000336767
4.09907e-07
0.000337072
7.34859e-07
6.75694e-06
0.00034223
3.57787e-17
3.70797e-17
4.22839e-17
5.00901e-17
5.00901e-17
4.87891e-17
4.94396e-17
4.16334e-17
4.42354e-17
4.25007e-17
3.96818e-17
3.5345e-17
2.88398e-17
2.75387e-17
2.73219e-17
2.10769e-16
1.12922e-13
4.63331e-11
6.98083e-09
2.58531e-07
2.63988e-06
1.07416e-05
2.50918e-05
4.30085e-05
6.20364e-05
8.09105e-05
9.91358e-05
0.000116557
0.000133143
0.000148905
0.000163865
0.000178049
0.00019148
0.000204179
0.000216165
0.000227454
0.000238101
0.000248123
0.0002575
0.000266278
0.000274487
0.000282153
0.000289313
0.000296002
0.000302245
0.000308069
0.000313495
0.000318545
0.00032323
0.000327561
0.000331551
0.000335212
0.000338555
0.000341595
0.000344342
0.00034681
0.000349011
0.000350959
0.000352667
0.00035415
0.00035542
0.000356493
0.000357379
0.000358092
0.000358645
0.000359045
0.000359298
0.000359411
0.000359394
0.000359252
0.00035899
0.000358616
0.000358129
0.000357539
0.000356846
0.000356053
0.000355172
0.00035421
0.000353171
0.000352078
0.000350944
0.000349778
0.000348599
0.000347428
0.000346274
0.000345143
0.000344046
0.000342997
0.000341993
0.000341031
0.00034011
0.000339239
0.000338412
0.000337619
0.000336849
0.000336107
0.00033539
0.000334702
0.000334024
0.000333361
0.000332706
0.000332077
0.000331466
0.000330884
0.00033031
0.000329762
0.00032922
0.000328715
0.000328223
0.000327775
0.000327337
0.000326943
0.000326553
0.000326218
0.000325908
0.000325684
0.000325567
0.000325601
0.000325998
0.000332449
0.00130642
-7.57344e-06
0.00131383
-7.65788e-06
0.00132131
-7.72448e-06
0.00132885
-7.79228e-06
0.00133643
-7.83587e-06
0.00134404
-7.88134e-06
0.00135167
-7.89464e-06
0.00135931
-7.91219e-06
0.00136692
-7.88701e-06
0.0013745
-7.86595e-06
0.001382
-7.78321e-06
0.00138933
-7.6168e-06
0.00139644
-7.39645e-06
0.00140339
-7.24595e-06
0.00141017
-7.08329e-06
0.00141676
-6.89432e-06
0.00142308
-6.6312e-06
0.00142912
-6.35343e-06
0.00143484
-6.03308e-06
0.00144019
-5.66669e-06
0.00144513
-5.25328e-06
0.0014496
-4.79719e-06
0.00145358
-4.29809e-06
0.00145701
-3.76228e-06
0.00145987
-3.18729e-06
0.00146212
-2.58203e-06
0.00146373
-1.94153e-06
0.00146467
-1.27885e-06
0.00146492
-5.85529e-07
0.00146447
1.19368e-07
0.00146328
8.50163e-07
0.00146136
1.57954e-06
0.00145869
2.33042e-06
0.00145528
3.06565e-06
0.00145112
3.81846e-06
0.00144623
4.54083e-06
0.00144061
5.27918e-06
0.00143429
5.97007e-06
0.00142727
6.68037e-06
0.0014196
7.3242e-06
0.00141125
7.99367e-06
0.00140233
8.57978e-06
0.00139278
9.19913e-06
0.00138272
9.71692e-06
0.00137208
1.02838e-05
0.00136101
1.07234e-05
0.00134943
1.12337e-05
0.00133749
1.15917e-05
0.0013251
1.2042e-05
0.00131243
1.23295e-05
0.00129935
1.27343e-05
0.00128601
1.29914e-05
0.00127223
1.34414e-05
0.00125815
1.37267e-05
0.00124345
1.43485e-05
0.00122835
1.47966e-05
0.00121251
1.54702e-05
0.00119621
1.59609e-05
0.00117955
1.6423e-05
0.00116324
1.58751e-05
0.00114724
1.56877e-05
0.00113256
1.45122e-05
0.00111832
1.36918e-05
0.0011053
1.27093e-05
0.00109385
1.14502e-05
0.00108376
9.47761e-06
0.0010747
8.59384e-06
0.00106851
6.33593e-06
0.00106411
4.03376e-06
0.00106179
1.69186e-06
0.00106224
-7.22427e-07
0.00106516
-3.09616e-06
0.00107226
-7.18286e-06
0.00108357
-1.15918e-05
0.00110012
-1.70461e-05
0.00112113
-2.12864e-05
0.00114859
-2.76177e-05
0.00117831
-3.00391e-05
0.00120809
-2.97042e-05
-0.000203796
0.00126087
-1.4846e-05
0.00126798
-1.4996e-05
0.00127514
-1.51253e-05
0.00128234
-1.52361e-05
0.00128958
-1.53208e-05
0.00129682
-1.53773e-05
0.00130407
-1.54034e-05
0.00131129
-1.53894e-05
0.00131847
-1.53406e-05
0.00132558
-1.5239e-05
0.00133261
-1.50937e-05
0.0013396
-1.48847e-05
0.00134658
-1.46574e-05
0.00135337
-1.43156e-05
0.00135987
-1.38741e-05
0.00136608
-1.33935e-05
0.001372
-1.28442e-05
0.00137759
-1.22432e-05
0.00138282
-1.15638e-05
0.00138765
-1.07995e-05
0.00139204
-9.94747e-06
0.00139595
-9.01641e-06
0.00139935
-8.0045e-06
0.00140219
-6.92423e-06
0.00140446
-5.76984e-06
0.00140612
-4.5595e-06
0.00140714
-3.2829e-06
0.00140751
-1.96675e-06
0.0014072
-5.93838e-07
0.00140619
7.97285e-07
0.00140448
2.23544e-06
0.00140207
3.66625e-06
0.00139894
5.13508e-06
0.0013951
6.56929e-06
0.00139056
8.03357e-06
0.00138534
9.43533e-06
0.00137942
1.0864e-05
0.00137286
1.21983e-05
0.00136564
1.3566e-05
0.00135783
1.48048e-05
0.0013494
1.60874e-05
0.00134044
1.72121e-05
0.00133091
1.83938e-05
0.00132091
1.93844e-05
0.0013104
2.04625e-05
0.00129949
2.13036e-05
0.00128812
2.22712e-05
0.00127641
2.29746e-05
0.00126428
2.38431e-05
0.00125182
2.4447e-05
0.00123893
2.53043e-05
0.0012257
2.58929e-05
0.00121191
2.68935e-05
0.00119775
2.75878e-05
0.00118305
2.87011e-05
0.00116801
2.95118e-05
0.00115293
3.02937e-05
0.00113807
3.04015e-05
0.00112389
3.03472e-05
0.00111085
2.87304e-05
0.00109785
2.81379e-05
0.00108581
2.63938e-05
0.00107497
2.43607e-05
0.00106478
2.21137e-05
0.0010559
2.03879e-05
0.00104967
1.57393e-05
0.00104324
1.38095e-05
0.00103983
9.76781e-06
0.00103905
5.24432e-06
0.00104015
-2.21383e-07
0.00104404
-5.49819e-06
0.00105292
-1.17114e-05
0.00106507
-1.88985e-05
0.00107889
-2.6113e-05
0.0010941
-3.2925e-05
0.00111101
-3.83266e-05
0.00112631
-4.31381e-05
0.00114236
-4.65386e-05
0.00116029
-4.77025e-05
-0.000377747
0.00121709
-2.18901e-05
0.00122398
-2.2109e-05
0.00123093
-2.2298e-05
0.00123792
-2.24582e-05
0.00124494
-2.2579e-05
0.00125198
-2.2659e-05
0.00125902
-2.26889e-05
0.00126604
-2.2665e-05
0.00127303
-2.25793e-05
0.00127996
-2.24241e-05
0.00128679
-2.21934e-05
0.00129351
-2.18693e-05
0.00130005
-2.14596e-05
0.00130643
-2.09655e-05
0.00131265
-2.03707e-05
0.00131862
-1.96459e-05
0.00132431
-1.88125e-05
0.00132966
-1.78809e-05
0.00133465
-1.68389e-05
0.00133924
-1.56817e-05
0.0013434
-1.44013e-05
0.0013471
-1.30079e-05
0.00135029
-1.14964e-05
0.00135296
-9.88532e-06
0.00135505
-8.16562e-06
0.00135655
-6.36555e-06
0.00135743
-4.4695e-06
0.00135768
-2.51838e-06
0.00135726
-4.86014e-07
0.00135618
1.5694e-06
0.00135441
3.69136e-06
0.00135196
5.79916e-06
0.00134882
7.95973e-06
0.00134501
1.00675e-05
0.00134051
1.22157e-05
0.00133536
1.4272e-05
0.00132955
1.63636e-05
0.00132311
1.83191e-05
0.00131604
2.03173e-05
0.00130839
2.21339e-05
0.00130016
2.40042e-05
0.0012914
2.56558e-05
0.0012821
2.73774e-05
0.00127234
2.88355e-05
0.00126208
3.04041e-05
0.00125141
3.16587e-05
0.00124029
3.307e-05
0.00122879
3.4166e-05
0.00121684
3.54801e-05
0.00120449
3.64779e-05
0.0011916
3.78832e-05
0.00117831
3.88931e-05
0.00116444
4.04172e-05
0.00115024
4.1522e-05
0.00113593
4.2733e-05
0.00112173
4.32888e-05
0.00110819
4.36929e-05
0.00109572
4.25239e-05
0.0010836
4.19427e-05
0.00107236
4.00239e-05
0.00106189
3.81416e-05
0.00105119
3.63794e-05
0.00104275
3.33798e-05
0.00103496
2.91901e-05
0.00102764
2.66707e-05
0.00102366
2.09186e-05
0.001021
1.55606e-05
0.0010189
1.03133e-05
0.00102274
3.16205e-06
0.00102755
-5.71397e-06
0.00103425
-1.38267e-05
0.00104509
-2.2263e-05
0.00105645
-2.99999e-05
0.00106741
-3.80738e-05
0.00107732
-4.32565e-05
0.00108869
-4.9875e-05
0.0010976
-5.23453e-05
0.00110787
-5.72441e-05
0.0011186
-5.86538e-05
-0.000478827
0.0011747
-2.87011e-05
0.00118136
-2.89839e-05
0.00118808
-2.92291e-05
0.00119483
-2.94324e-05
0.00120161
-2.95849e-05
0.0012084
-2.96797e-05
0.00121518
-2.9708e-05
0.00122194
-2.96615e-05
0.00122865
-2.95313e-05
0.00123529
-2.93061e-05
0.00124182
-2.89768e-05
0.00124822
-2.85236e-05
0.00125447
-2.79666e-05
0.00126053
-2.72769e-05
0.00126636
-2.64612e-05
0.00127194
-2.54941e-05
0.00127724
-2.43722e-05
0.00128219
-2.31043e-05
0.00128676
-2.1688e-05
0.00129093
-2.01252e-05
0.00129466
-1.84046e-05
0.00129791
-1.65389e-05
0.00130064
-1.4519e-05
0.00130284
-1.23714e-05
0.00130448
-1.00835e-05
0.00130551
-7.69507e-06
0.00130594
-5.18481e-06
0.00130574
-2.60917e-06
0.00130489
6.784e-08
0.00130339
2.76745e-06
0.00130124
5.54847e-06
0.00129844
8.30415e-06
0.00129497
1.11223e-05
0.00129087
1.38668e-05
0.00128613
1.66568e-05
0.00128078
1.93249e-05
0.00127481
2.20312e-05
0.00126826
2.45622e-05
0.00126114
2.71383e-05
0.00125349
2.94869e-05
0.0012453
3.189e-05
0.00123663
3.40255e-05
0.00122747
3.62327e-05
0.00121789
3.81255e-05
0.00120785
4.01367e-05
0.00119741
4.18064e-05
0.00118653
4.36503e-05
0.00117521
4.51814e-05
0.00116341
4.70043e-05
0.00115113
4.84644e-05
0.00113828
5.04091e-05
0.00112511
5.18251e-05
0.00111179
5.34231e-05
0.00109857
5.44056e-05
0.00108616
5.4999e-05
0.00107473
5.42371e-05
0.00106429
5.37794e-05
0.00105509
5.17821e-05
0.00104581
5.04938e-05
0.00103666
4.89171e-05
0.00102983
4.53796e-05
0.00102246
4.23014e-05
0.00101665
3.93175e-05
0.00101365
3.30767e-05
0.00100941
2.83734e-05
0.00100961
2.18384e-05
0.00101228
1.38237e-05
0.00101312
5.60978e-06
0.0010208
-2.89198e-06
0.00102977
-1.33063e-05
0.00103423
-2.08291e-05
0.00104211
-3.02495e-05
0.00104924
-3.65288e-05
0.00105524
-4.48119e-05
0.00105969
-4.84868e-05
0.00106532
-5.58633e-05
0.00107014
-5.75298e-05
0.00107534
-6.29115e-05
0.00108181
-6.53777e-05
-0.000550332
0.00113394
-3.52904e-05
0.00114039
-3.56338e-05
0.00114688
-3.59305e-05
0.00115341
-3.61716e-05
0.00115996
-3.63499e-05
0.00116651
-3.64518e-05
0.00117305
-3.64704e-05
0.00117956
-3.63918e-05
0.001186
-3.62063e-05
0.00119237
-3.59e-05
0.00119861
-3.54618e-05
0.00120473
-3.4876e-05
0.00121065
-3.4136e-05
0.00121639
-3.32597e-05
0.00122188
-3.22032e-05
0.0012271
-3.0962e-05
0.001232
-2.9526e-05
0.00123655
-2.79029e-05
0.00124069
-2.60916e-05
0.0012444
-2.41021e-05
0.00124766
-2.19218e-05
0.00125042
-1.9568e-05
0.00125266
-1.70279e-05
0.00125435
-1.43361e-05
0.00125547
-1.14765e-05
0.00125601
-8.5005e-06
0.00125593
-5.38187e-06
0.00125523
-2.19221e-06
0.00125391
1.11354e-06
0.00125196
4.43692e-06
0.00124938
7.85099e-06
0.00124617
1.12252e-05
0.00124235
1.46659e-05
0.00123792
1.80108e-05
0.00123289
2.14007e-05
0.00122729
2.46399e-05
0.00122112
2.79148e-05
0.00121442
3.09795e-05
0.00120719
3.4085e-05
0.00119947
3.69271e-05
0.00119126
3.98162e-05
0.00118259
4.24056e-05
0.00117349
4.50571e-05
0.00116395
4.73824e-05
0.00115398
4.982e-05
0.00114356
5.19446e-05
0.00113268
5.42649e-05
0.0011213
5.6273e-05
0.00110941
5.86205e-05
0.00109713
6.05112e-05
0.00108467
6.25307e-05
0.00107223
6.40159e-05
0.00106067
6.47954e-05
0.0010498
6.47748e-05
0.00104048
6.41892e-05
0.00103229
6.23055e-05
0.00102406
6.12422e-05
0.00101671
5.93258e-05
0.00101094
5.61008e-05
0.00100448
5.39333e-05
0.00100076
5.01141e-05
0.000998448
4.43686e-05
0.000995488
4.01689e-05
0.000997637
3.30601e-05
0.000999317
2.51824e-05
0.00100226
1.70914e-05
0.00101079
8.41608e-06
0.00101516
-1.61103e-06
0.00102037
-9.38999e-06
0.00102843
-1.90923e-05
0.00103189
-2.50529e-05
0.00103366
-3.38244e-05
0.00103621
-3.89514e-05
0.00103846
-4.70498e-05
0.00103939
-5.00627e-05
0.00104075
-5.78301e-05
0.00104224
-5.95041e-05
0.00104482
-6.59829e-05
0.00104795
-6.87392e-05
-0.000641382
0.00109462
-4.16673e-05
0.00110086
-4.20684e-05
0.00110714
-4.24108e-05
0.00111346
-4.26847e-05
0.00111978
-4.28811e-05
0.0011261
-4.29818e-05
0.00113241
-4.29817e-05
0.00113866
-4.28581e-05
0.00114484
-4.26059e-05
0.00115092
-4.22023e-05
0.00115688
-4.1641e-05
0.00116268
-4.0901e-05
0.00116829
-3.99746e-05
0.00117365
-3.8861e-05
0.00117875
-3.75387e-05
0.00118355
-3.59977e-05
0.00118801
-3.42244e-05
0.00119209
-3.22244e-05
0.00119575
-2.99956e-05
0.00119895
-2.75549e-05
0.00120168
-2.48919e-05
0.00120389
-2.20305e-05
0.00120556
-1.89557e-05
0.00120668
-1.57106e-05
0.00120722
-1.2275e-05
0.00120718
-8.71381e-06
0.00120653
-4.99317e-06
0.00120528
-1.20333e-06
0.00120342
2.71343e-06
0.00120096
6.63556e-06
0.00119789
1.06536e-05
0.00119424
1.4612e-05
0.00119001
1.86363e-05
0.00118521
2.25405e-05
0.00117986
2.64843e-05
0.00117399
3.02499e-05
0.00116759
3.40432e-05
0.00116071
3.7598e-05
0.00115334
4.11821e-05
0.00114552
4.4481e-05
0.00113726
4.78102e-05
0.00112856
5.0836e-05
0.00111945
5.39039e-05
0.00110988
5.66879e-05
0.00109986
5.95776e-05
0.00108933
6.2202e-05
0.00107831
6.50337e-05
0.00106686
6.7483e-05
0.00105512
7.00424e-05
0.00104339
7.20441e-05
0.00103251
7.31439e-05
0.00102229
7.383e-05
0.00101387
7.32075e-05
0.00100654
7.17086e-05
0.000999411
7.07966e-05
0.000993646
6.84295e-05
0.000988214
6.59277e-05
0.000983144
6.37541e-05
0.000981081
5.91296e-05
0.000978638
5.48608e-05
0.000978362
5.01149e-05
0.000981159
4.29934e-05
0.000982008
3.59993e-05
0.000988748
2.78851e-05
0.00099627
1.88447e-05
0.000999089
1.00922e-05
0.00100754
2.19153e-06
0.00101432
-7.14158e-06
0.00101489
-1.31038e-05
0.00101781
-2.20104e-05
0.00102064
-2.72152e-05
0.00102096
-3.50469e-05
0.0010205
-3.93106e-05
0.00102052
-4.73709e-05
0.00102057
-5.04092e-05
0.00102075
-5.84272e-05
0.00102091
-6.01734e-05
0.00102175
-6.73901e-05
0.00102294
-7.01923e-05
-0.000737315
0.0010567
-4.78419e-05
0.00106274
-4.8297e-05
0.00106882
-4.86783e-05
0.00107492
-4.89804e-05
0.00108103
-4.91837e-05
0.00108713
-4.92773e-05
0.00109319
-4.92418e-05
0.00109919
-4.9064e-05
0.00110511
-4.87244e-05
0.00111091
-4.82087e-05
0.00111656
-4.75003e-05
0.001122
-4.65617e-05
0.00112725
-4.54366e-05
0.00113223
-4.40628e-05
0.00113691
-4.24439e-05
0.00114126
-4.05714e-05
0.00114524
-3.84288e-05
0.00114881
-3.60235e-05
0.00115193
-3.33482e-05
0.00115457
-3.043e-05
0.00115671
-2.72568e-05
0.00115831
-2.38668e-05
0.00115935
-2.02395e-05
0.00115984
-1.64316e-05
0.00115974
-1.24159e-05
0.00115905
-8.27244e-06
0.00115778
-3.95985e-06
0.00115592
4.15273e-07
0.00115347
4.91918e-06
0.00115044
9.41452e-06
0.00114685
1.40006e-05
0.00114271
1.85086e-05
0.00113803
2.30713e-05
0.00113283
2.74937e-05
0.00112712
3.1941e-05
0.00112094
3.61892e-05
0.00111428
4.04488e-05
0.00110718
4.4452e-05
0.00109965
4.84686e-05
0.00109169
5.2191e-05
0.00108332
5.59304e-05
0.00107452
5.938e-05
0.0010653
6.28746e-05
0.00105561
6.61193e-05
0.00104549
6.94665e-05
0.00103496
7.24856e-05
0.00102416
7.55452e-05
0.0010134
7.80628e-05
0.00100326
7.9876e-05
0.000993922
8.10869e-05
0.000986178
8.08323e-05
0.0009795
7.99704e-05
0.000973512
7.90326e-05
0.000968908
7.64108e-05
0.000963847
7.48249e-05
0.000960304
7.22407e-05
0.000958861
6.75703e-05
0.0009566
6.42065e-05
0.000958298
5.875e-05
0.00096076
5.20292e-05
0.000963442
4.52185e-05
0.000971346
3.75058e-05
0.000976247
2.8899e-05
0.000982218
2.07235e-05
0.000990842
1.28833e-05
0.000994404
4.78927e-06
0.000996452
-1.75873e-06
0.00100077
-1.01217e-05
0.00100249
-1.51591e-05
0.00100219
-2.2994e-05
0.00100249
-2.78148e-05
0.00100281
-3.54635e-05
0.0010025
-3.92961e-05
0.00100181
-4.71194e-05
0.00100089
-5.00392e-05
0.000999921
-5.79921e-05
0.000998777
-5.95066e-05
0.000997695
-6.67846e-05
0.000996832
-6.94634e-05
-0.000842652
0.00102012
-5.38242e-05
0.00102597
-5.43266e-05
0.00103186
-5.47432e-05
0.00103776
-5.50631e-05
0.00104365
-5.52666e-05
0.00104953
-5.53389e-05
0.00105535
-5.52563e-05
0.00106111
-5.50059e-05
0.00106675
-5.45606e-05
0.00107225
-5.391e-05
0.00107758
-5.30237e-05
0.00108271
-5.18931e-05
0.00108757
-5.05017e-05
0.00109213
-4.88373e-05
0.00109637
-4.6887e-05
0.00110023
-4.46458e-05
0.00110369
-4.20979e-05
0.0011067
-3.92521e-05
0.00110924
-3.61007e-05
0.00111126
-3.26742e-05
0.00111275
-2.89674e-05
0.00111369
-2.50239e-05
0.00111406
-2.08308e-05
0.00111385
-1.64485e-05
0.00111307
-1.18541e-05
0.0011117
-7.13311e-06
0.00110976
-2.244e-06
0.00110726
2.69575e-06
0.00110419
7.76053e-06
0.00110058
1.27943e-05
0.00109644
1.79141e-05
0.00109179
2.29268e-05
0.00108664
2.7988e-05
0.00108103
3.28788e-05
0.00107495
3.77868e-05
0.00106844
4.24688e-05
0.0010615
4.71548e-05
0.00105416
5.15655e-05
0.00104641
5.59851e-05
0.00103826
6.01109e-05
0.0010297
6.42542e-05
0.0010207
6.81472e-05
0.00101126
7.20825e-05
0.00100138
7.57599e-05
0.000991203
7.93973e-05
0.000980979
8.25166e-05
0.000971234
8.49766e-05
0.000962379
8.67259e-05
0.000955271
8.68071e-05
0.000949453
8.63708e-05
0.000944861
8.5456e-05
0.000941249
8.33347e-05
0.000937214
8.22378e-05
0.000935041
7.91693e-05
0.000933777
7.53717e-05
0.000933158
7.20228e-05
0.000935461
6.64381e-05
0.000937062
6.04698e-05
0.000942457
5.35966e-05
0.000950032
4.57344e-05
0.000954201
3.80779e-05
0.000963065
3.03463e-05
0.000969845
2.27773e-05
0.000971679
1.54742e-05
0.000976677
8.72643e-06
0.000980987
1.36221e-06
0.000981535
-3.76441e-06
0.000982141
-1.14821e-05
0.000983458
-1.63749e-05
0.000983994
-2.36996e-05
0.000983825
-2.80902e-05
0.000983426
-3.5582e-05
0.000982895
-3.91855e-05
0.000982117
-4.66793e-05
0.000980877
-4.91917e-05
0.000979202
-5.68107e-05
0.00097717
-5.80229e-05
0.000975042
-6.51853e-05
0.000973198
-6.77769e-05
-0.000917578
0.000984822
-5.9621e-05
0.000990493
-6.01656e-05
0.000996192
-6.06118e-05
0.0010019
-6.0939e-05
0.00100759
-6.11351e-05
0.00101324
-6.11683e-05
0.00101883
-6.10271e-05
0.00102433
-6.06793e-05
0.00102969
-6.01105e-05
0.00103489
-5.92945e-05
0.00103987
-5.81909e-05
0.00104462
-5.68294e-05
0.00104907
-5.51485e-05
0.0010532
-5.3155e-05
0.00105694
-5.08327e-05
0.00106028
-4.81813e-05
0.00106317
-4.51864e-05
0.00106558
-4.18629e-05
0.00106747
-3.82005e-05
0.00106884
-3.42398e-05
0.00106964
-2.99719e-05
0.00106987
-2.546e-05
0.00106951
-2.06833e-05
0.00106858
-1.57276e-05
0.00106707
-1.05516e-05
0.001065
-5.27251e-06
0.00106236
1.79986e-07
0.0010592
5.65068e-06
0.0010555
1.1247e-05
0.0010513
1.67799e-05
0.00104661
2.23883e-05
0.00104145
2.78676e-05
0.00103585
3.33706e-05
0.00102981
3.86961e-05
0.00102338
4.40065e-05
0.00101654
4.90924e-05
0.00100932
5.4155e-05
0.00100171
5.89549e-05
0.000993745
6.37369e-05
0.000985379
6.82589e-05
0.000976665
7.27552e-05
0.000967578
7.70099e-05
0.000958244
8.11981e-05
0.000948992
8.48136e-05
0.000940029
8.80793e-05
0.000932052
9.03276e-05
0.000925332
9.14432e-05
0.000920064
9.16112e-05
0.000916268
9.06689e-05
0.000912995
8.9107e-05
0.000910076
8.80044e-05
0.000908824
8.49481e-05
0.000907637
8.22731e-05
0.000908432
7.861e-05
0.000910629
7.33418e-05
0.000912747
6.7851e-05
0.000919775
6.1404e-05
0.000925557
5.35119e-05
0.000931256
4.63052e-05
0.000939993
3.88489e-05
0.000944218
3.21693e-05
0.000948523
2.47696e-05
0.000954246
1.8543e-05
0.00095713
1.19037e-05
0.000958176
6.38148e-06
0.000960364
-7.69019e-07
0.000962163
-5.5443e-06
0.000962926
-1.25873e-05
0.000963233
-1.72335e-05
0.000963367
-2.43268e-05
0.00096339
-2.83681e-05
0.000962986
-3.54456e-05
0.000961972
-3.86022e-05
0.000960489
-4.5698e-05
0.000958666
-4.78503e-05
0.000956527
-5.51104e-05
0.000954163
-5.60644e-05
0.000951515
-6.29586e-05
0.00094896
-6.53508e-05
-0.000971795
0.000950765
-6.52382e-05
0.000956263
-6.58229e-05
0.000961777
-6.62877e-05
0.000967292
-6.66172e-05
0.00097278
-6.67884e-05
0.000978216
-6.67719e-05
0.000983568
-6.65483e-05
0.000988802
-6.6084e-05
0.00099388
-6.53617e-05
0.000998747
-6.43374e-05
0.0010034
-6.3017e-05
0.00100775
-6.13585e-05
0.00101176
-5.93477e-05
0.00101541
-5.69796e-05
0.00101863
-5.42386e-05
0.00102139
-5.11318e-05
0.00102366
-4.76448e-05
0.00102541
-4.38036e-05
0.00102662
-3.95957e-05
0.00102726
-3.50724e-05
0.00102732
-3.02241e-05
0.0010268
-2.51275e-05
0.00102568
-1.9764e-05
0.00102399
-1.42303e-05
0.00102174
-8.4902e-06
0.00101893
-2.66013e-06
0.00101559
3.31553e-06
0.00101174
9.30118e-06
0.00100742
1.53733e-05
0.00100262
2.13795e-05
0.000997381
2.74195e-05
0.000991718
3.33259e-05
0.000985655
3.92282e-05
0.000979213
4.4933e-05
0.000972388
5.06257e-05
0.000965218
5.60566e-05
0.000957676
6.14935e-05
0.00094979
6.66366e-05
0.000941545
7.17804e-05
0.000932949
7.66504e-05
0.000924036
8.14684e-05
0.000915049
8.57981e-05
0.00090622
8.9792e-05
0.000898394
9.24968e-05
0.000891902
9.42927e-05
0.000887295
9.46527e-05
0.000884627
9.40956e-05
0.000882402
9.33128e-05
0.000880736
9.23451e-05
0.000880141
8.96615e-05
0.000879646
8.75052e-05
0.00088148
8.37197e-05
0.000883752
7.92034e-05
0.000887834
7.39422e-05
0.000894461
6.79275e-05
0.000899159
6.06708e-05
0.000907311
5.40953e-05
0.000915148
4.6766e-05
0.000918072
4.0653e-05
0.000924054
3.35179e-05
0.000928926
2.78186e-05
0.000930837
2.13458e-05
0.000933449
1.56785e-05
0.000936382
9.17091e-06
0.000938136
4.32466e-06
0.000939365
-2.46424e-06
0.000940412
-7.14488e-06
0.000941327
-1.38169e-05
0.000941971
-1.80416e-05
0.000941974
-2.46823e-05
0.000941349
-2.82435e-05
0.000940359
-3.49072e-05
0.000939105
-3.77086e-05
0.000937486
-4.44164e-05
0.000935519
-4.62593e-05
0.000933159
-5.31853e-05
0.000930607
-5.39821e-05
0.000927762
-6.05744e-05
0.000925031
-6.27987e-05
-0.000985459
0.000917897
-7.06856e-05
0.000923226
-7.13031e-05
0.000928564
-7.17785e-05
0.000933892
-7.21001e-05
0.000939177
-7.22301e-05
0.000944395
-7.21489e-05
0.000949503
-7.18163e-05
0.00095447
-7.12132e-05
0.000959247
-7.03022e-05
0.000963783
-6.9039e-05
0.00096804
-6.74414e-05
0.000971966
-6.54528e-05
0.000975513
-6.3064e-05
0.000978634
-6.02717e-05
0.000981285
-5.70619e-05
0.000983429
-5.345e-05
0.000985034
-4.94255e-05
0.000986079
-4.50242e-05
0.000986543
-4.02383e-05
0.000986419
-3.51259e-05
0.000985701
-2.96843e-05
0.000984387
-2.39933e-05
0.000982491
-1.8048e-05
0.000980024
-1.19441e-05
0.00097701
-5.65754e-06
0.000973474
6.93042e-07
0.000969436
7.16996e-06
0.000964937
1.36142e-05
0.000959979
2.01448e-05
0.000954621
2.65485e-05
0.000948842
3.30082e-05
0.000942713
3.92638e-05
0.0009362
4.55473e-05
0.000929358
5.15818e-05
0.000922187
5.7603e-05
0.00091468
6.3369e-05
0.000906906
6.90767e-05
0.000898854
7.44938e-05
0.000890639
7.98044e-05
0.000882441
8.46619e-05
0.000874486
8.92177e-05
0.00086737
9.27514e-05
0.00086154
9.53687e-05
0.000857077
9.67909e-05
0.000854454
9.67942e-05
0.000852302
9.63151e-05
0.000851383
9.50793e-05
0.000851204
9.31513e-05
0.000851587
9.13907e-05
0.000853602
8.801e-05
0.000855662
8.41726e-05
0.000860896
7.91322e-05
0.000866876
7.31685e-05
0.000872685
6.65755e-05
0.000881495
6.07251e-05
0.000887214
5.39179e-05
0.000891506
4.79878e-05
0.000898052
4.15624e-05
0.000901671
3.64184e-05
0.000904088
2.99507e-05
0.000907741
2.45368e-05
0.000910499
1.84354e-05
0.000912293
1.34068e-05
0.000914113
6.90654e-06
0.000915832
2.21113e-06
0.000917358
-4.15868e-06
0.000918422
-8.46131e-06
0.000918849
-1.4717e-05
0.000918842
-1.85065e-05
0.000918565
-2.47367e-05
0.000917949
-2.78926e-05
0.000916826
-3.4104e-05
0.000915288
-3.6577e-05
0.000913384
-4.29497e-05
0.000911318
-4.46032e-05
0.000908942
-5.11821e-05
0.000906412
-5.18135e-05
0.000903463
-5.8022e-05
0.00090052
-6.00596e-05
-0.000975196
0.000886178
-7.59709e-05
0.000891341
-7.66107e-05
0.00089651
-7.70922e-05
0.00090165
-7.73872e-05
0.000906736
-7.74655e-05
0.000911729
-7.72918e-05
0.000916591
-7.68299e-05
0.000921275
-7.60504e-05
0.000925709
-7.4892e-05
0.000929898
-7.33841e-05
0.000933746
-7.14465e-05
0.000937211
-6.90766e-05
0.000940244
-6.62557e-05
0.000942795
-6.2983e-05
0.000944823
-5.92515e-05
0.000946292
-5.50813e-05
0.000947178
-5.0475e-05
0.00094746
-4.54711e-05
0.000947135
-4.00781e-05
0.000946199
-3.43556e-05
0.000944658
-2.831e-05
0.000942531
-2.20325e-05
0.000939823
-1.55072e-05
0.000936577
-8.86515e-06
0.000932796
-2.04498e-06
0.000928538
4.78128e-06
0.000923809
1.17297e-05
0.000918661
1.85902e-05
0.00091311
2.55244e-05
0.000907181
3.23034e-05
0.000900915
3.90984e-05
0.000894286
4.57164e-05
0.000887386
5.22677e-05
0.000880125
5.86633e-05
0.000872638
6.49097e-05
0.000864847
7.09766e-05
0.000856834
7.69119e-05
0.00084879
8.23574e-05
0.000840685
8.77223e-05
0.000833307
9.18741e-05
0.000827066
9.52432e-05
0.000822901
9.67496e-05
0.000820953
9.71293e-05
0.000820149
9.72502e-05
0.000820319
9.66358e-05
0.000820684
9.55251e-05
0.000821777
9.37131e-05
0.000824381
9.05877e-05
0.000827604
8.73078e-05
0.000833187
8.31306e-05
0.000838543
7.76693e-05
0.000845462
7.18471e-05
0.000853271
6.63217e-05
0.000857745
6.0082e-05
0.000864298
5.44448e-05
0.000870404
4.86534e-05
0.000873048
4.37871e-05
0.000876842
3.76169e-05
0.000880818
3.27604e-05
0.00088331
2.69535e-05
0.000885596
2.1856e-05
0.000887931
1.57472e-05
0.000890024
1.10331e-05
0.000891852
4.89513e-06
0.000893177
5.20291e-07
0.000894042
-5.48864e-06
0.000894681
-9.43679e-06
0.000895048
-1.53192e-05
0.000894956
-1.86847e-05
0.000894345
-2.44935e-05
0.000893378
-2.7345e-05
0.000892118
-3.32253e-05
0.000890656
-3.54363e-05
0.000888809
-4.1417e-05
0.000886685
-4.28374e-05
0.000884155
-4.9063e-05
0.000881504
-4.96006e-05
0.000878512
-5.54521e-05
0.00087559
-5.73105e-05
-0.000955808
0.000855552
-8.10962e-05
0.000860558
-8.17535e-05
0.000865557
-8.22302e-05
0.000870514
-8.24836e-05
0.0008754
-8.24932e-05
0.000880164
-8.21981e-05
0.000884771
-8.15805e-05
0.000889157
-8.05823e-05
0.000893281
-7.91625e-05
0.000897068
-7.73179e-05
0.000900471
-7.49972e-05
0.000903433
-7.21882e-05
0.000905903
-6.88745e-05
0.000907834
-6.50643e-05
0.000909184
-6.07516e-05
0.000909929
-5.5977e-05
0.000910038
-5.07365e-05
0.000909518
-4.51045e-05
0.000908353
-3.9067e-05
0.000906578
-3.27349e-05
0.000904187
-2.60747e-05
0.000901228
-1.9229e-05
0.000897713
-1.21482e-05
0.00089368
-4.98834e-06
0.000889167
2.31217e-06
0.000884194
9.59827e-06
0.000878818
1.69487e-05
0.00087304
2.42114e-05
0.000866929
3.14777e-05
0.000860466
3.86077e-05
0.000853718
4.56866e-05
0.000846681
5.25924e-05
0.000839383
5.94033e-05
0.000831939
6.59435e-05
0.000824299
7.23848e-05
0.000816804
7.83035e-05
0.000809484
8.40596e-05
0.000802827
8.88529e-05
0.000797267
9.30904e-05
0.000793167
9.58055e-05
0.00079097
9.72621e-05
0.000789728
9.7736e-05
0.000789667
9.71106e-05
0.000790535
9.59797e-05
0.000792285
9.47724e-05
0.000794825
9.27804e-05
0.00079814
8.98619e-05
0.000803439
8.58395e-05
0.000809056
8.05616e-05
0.000816785
7.56604e-05
0.00082408
7.05895e-05
0.000829087
6.50712e-05
0.000835972
6.02098e-05
0.000841076
5.49452e-05
0.000844229
5.0102e-05
0.000848791
4.45106e-05
0.000852412
3.9965e-05
0.000855086
3.4343e-05
0.000858125
2.94918e-05
0.000860931
2.388e-05
0.000863367
1.92205e-05
0.000865446
1.34127e-05
0.000867032
9.01218e-06
0.000868303
3.23488e-06
0.000869425
-8.29733e-07
0.000870205
-6.47618e-06
0.000870509
-1.00432e-05
0.000870401
-1.55936e-05
0.000870062
-1.87124e-05
0.000869465
-2.42011e-05
0.000868581
-2.67395e-05
0.000867257
-3.22215e-05
0.000865618
-3.4177e-05
0.000863624
-3.98227e-05
0.000861502
-4.1092e-05
0.000859045
-4.69484e-05
0.000856481
-4.73689e-05
0.000853501
-5.28341e-05
0.000850516
-5.45166e-05
-0.000923622
0.000825986
-8.60656e-05
0.00083084
-8.67389e-05
0.000835669
-8.71912e-05
0.000840448
-8.73956e-05
0.000845123
-8.73029e-05
0.000849657
-8.68675e-05
0.000853985
-8.60447e-05
0.000858028
-8.47622e-05
0.000861783
-8.30566e-05
0.000865147
-8.08207e-05
0.000868062
-7.8051e-05
0.000870473
-7.47386e-05
0.000872323
-7.08649e-05
0.000873575
-6.64562e-05
0.000874188
-6.15056e-05
0.000874144
-5.60744e-05
0.000873432
-5.01669e-05
0.00087205
-4.38656e-05
0.000870027
-3.71881e-05
0.000867364
-3.02161e-05
0.000864127
-2.29843e-05
0.000860314
-1.556e-05
0.000856001
-7.9832e-06
0.000851194
-3.27278e-07
0.000845956
7.40532e-06
0.00084031
1.50975e-05
0.00083429
2.28255e-05
0.000827945
3.04108e-05
0.000821278
3.80019e-05
0.000814359
4.5384e-05
0.000807161
5.27398e-05
0.000799805
5.98056e-05
0.000792242
6.68191e-05
0.000784664
7.33734e-05
0.000777158
7.97401e-05
0.000769933
8.53783e-05
0.000763812
9.00078e-05
0.000758949
9.35701e-05
0.000756914
9.49548e-05
0.000756875
9.56176e-05
0.000758078
9.5937e-05
0.000759602
9.59023e-05
0.000761681
9.49098e-05
0.000764556
9.2876e-05
0.000768693
9.04303e-05
0.000774044
8.74096e-05
0.000780043
8.30594e-05
0.000787694
7.87888e-05
0.000793925
7.3896e-05
0.000799553
6.89123e-05
0.000806482
6.45522e-05
0.000810985
5.98028e-05
0.000815069
5.53423e-05
0.000819994
5.04929e-05
0.00082342
4.6259e-05
0.000826593
4.0956e-05
0.000830032
3.63508e-05
0.000833009
3.10552e-05
0.000835743
2.65298e-05
0.000838187
2.11343e-05
0.000840231
1.68253e-05
0.000842003
1.13912e-05
0.00084349
7.31916e-06
0.00084453
1.92401e-06
0.000845156
-1.81018e-06
0.000845509
-7.17339e-06
0.000845715
-1.05139e-05
0.000845631
-1.57473e-05
0.000845183
-1.855e-05
0.000844326
-2.36984e-05
0.000843214
-2.60086e-05
0.000841832
-3.1186e-05
0.000840287
-3.29289e-05
0.00083837
-3.82005e-05
0.000836232
-3.92903e-05
0.000833678
-4.47816e-05
0.000831061
-4.51535e-05
0.000828097
-5.025e-05
0.000825211
-5.17834e-05
-0.000882592
0.000797448
-9.08918e-05
0.000802151
-9.15666e-05
0.000806817
-9.19828e-05
0.000811412
-9.21174e-05
0.000815874
-9.18935e-05
0.000820165
-9.12864e-05
0.000824206
-9.02157e-05
0.000827952
-8.86378e-05
0.000831292
-8.6528e-05
0.000834184
-8.38435e-05
0.000836558
-8.05552e-05
0.000838353
-7.66656e-05
0.000839526
-7.21693e-05
0.000840027
-6.7089e-05
0.000839848
-6.14578e-05
0.000838953
-5.53126e-05
0.000837372
-4.87189e-05
0.000835097
-4.17244e-05
0.000832174
-3.44003e-05
0.000828639
-2.68173e-05
0.000824519
-1.90005e-05
0.000819902
-1.10807e-05
0.00081477
-2.98909e-06
0.00080925
5.05703e-06
0.000803294
1.32238e-05
0.000797017
2.12399e-05
0.000790402
2.93055e-05
0.000783508
3.71725e-05
0.000776386
4.49933e-05
0.000769062
5.2577e-05
0.000761672
6.00003e-05
0.000754315
6.70339e-05
0.000747245
7.37573e-05
0.00074066
7.98264e-05
0.000735054
8.52036e-05
0.00073088
8.94187e-05
0.000728294
9.24244e-05
0.00072748
9.42077e-05
0.000727759
9.45457e-05
0.000729151
9.39518e-05
0.000731499
9.34636e-05
0.000734636
9.25623e-05
0.000738544
9.08052e-05
0.000743512
8.78804e-05
0.000749602
8.37958e-05
0.000756986
8.02076e-05
0.000763453
7.59089e-05
0.00077011
7.17702e-05
0.00077659
6.7992e-05
0.000780616
6.38157e-05
0.00078558
5.96042e-05
0.000790407
5.5215e-05
0.000793701
5.1249e-05
0.000797591
4.64584e-05
0.000801438
4.23218e-05
0.000804664
3.74695e-05
0.000807683
3.31171e-05
0.000810327
2.80526e-05
0.000812685
2.38337e-05
0.000814875
1.87356e-05
0.000816753
1.47589e-05
0.000818203
9.68671e-06
0.000819304
5.90859e-06
0.000820132
8.07658e-07
0.000820742
-2.66581e-06
0.000820994
-7.68441e-06
0.000820898
-1.07269e-05
0.00082049
-1.56726e-05
0.000819901
-1.82754e-05
0.000819058
-2.31375e-05
0.000817983
-2.5208e-05
0.00081654
-3.00472e-05
0.00081487
-3.16064e-05
0.000812882
-3.65732e-05
0.000810807
-3.75556e-05
0.000808384
-4.26724e-05
0.000805872
-4.29488e-05
0.000802936
-4.7649e-05
0.00080001
-4.90222e-05
-0.000847673
0.000769897
-9.55802e-05
0.000774447
-9.62364e-05
0.000778957
-9.66126e-05
0.000783356
-9.66382e-05
0.000787608
-9.62671e-05
0.000791625
-9.54257e-05
0.000795321
-9.40351e-05
0.000798677
-9.21174e-05
0.000801578
-8.95516e-05
0.000803948
-8.63372e-05
0.000805724
-8.24543e-05
0.000806846
-7.79114e-05
0.000807264
-7.27116e-05
0.000806965
-6.6913e-05
0.000805905
-6.05236e-05
0.000804134
-5.36648e-05
0.000801609
-4.63195e-05
0.000798441
-3.86807e-05
0.000794584
-3.06697e-05
0.000790181
-2.25409e-05
0.000785206
-1.41534e-05
0.000779767
-5.76901e-06
0.000773907
2.74326e-06
0.000767629
1.12066e-05
0.000761073
1.96545e-05
0.000754152
2.80334e-05
0.000747044
3.62912e-05
0.000739703
4.43906e-05
0.000732228
5.23471e-05
0.000724742
5.99426e-05
0.000717307
6.73148e-05
0.000710164
7.40583e-05
0.00070371
8.00874e-05
0.000698376
8.5038e-05
0.000695053
8.83895e-05
0.000694599
8.97336e-05
0.000695991
9.08931e-05
0.000698431
9.15579e-05
0.000701269
9.15915e-05
0.000704255
9.07441e-05
0.000708381
8.91567e-05
0.000713784
8.71189e-05
0.00072009
8.40393e-05
0.000727153
8.09899e-05
0.000733092
7.7189e-05
0.00073961
7.344e-05
0.000745862
6.99447e-05
0.000750399
6.6254e-05
0.0007559
6.27358e-05
0.000760561
5.90937e-05
0.000764148
5.54208e-05
0.000768393
5.1038e-05
0.000772152
4.71729e-05
0.00077563
4.26733e-05
0.000779128
3.86835e-05
0.000782195
3.41394e-05
0.000784937
3.01367e-05
0.000787381
2.53911e-05
0.000789452
2.14853e-05
0.000791214
1.66715e-05
0.000792791
1.29246e-05
0.000794154
8.12989e-06
0.000795223
4.64673e-06
0.000795872
-1.02206e-07
0.000796171
-3.28701e-06
0.000796184
-8.01635e-06
0.000796021
-1.08379e-05
0.000795578
-1.54792e-05
0.000794871
-1.78358e-05
0.000793839
-2.24122e-05
0.000792627
-2.43257e-05
0.000791173
-2.89063e-05
0.000789597
-3.03149e-05
0.00078768
-3.49388e-05
0.000785584
-3.57718e-05
0.000783084
-4.05248e-05
0.000780537
-4.07654e-05
0.000777656
-4.51131e-05
0.000774854
-4.63396e-05
-0.000812029
0.000743285
-0.000100124
0.000747694
-0.000100759
0.000752035
-0.000101069
0.000756245
-0.000100963
0.000760264
-0.000100403
0.000764007
-9.92854e-05
0.000767403
-9.75477e-05
0.000770333
-9.51641e-05
0.000772734
-9.20697e-05
0.000774524
-8.82439e-05
0.000775629
-8.36765e-05
0.000776005
-7.84041e-05
0.000775602
-7.24253e-05
0.000774415
-6.58443e-05
0.000772443
-5.86679e-05
0.000769705
-5.10437e-05
0.000766259
-4.29897e-05
0.000762109
-3.4648e-05
0.000757395
-2.60724e-05
0.000752055
-1.73184e-05
0.000746309
-8.5256e-06
0.000740041
3.8212e-07
0.000733478
9.18987e-06
0.000726546
1.80217e-05
0.000719341
2.67439e-05
0.000711984
3.52721e-05
0.000704398
4.37649e-05
0.000696937
5.17321e-05
0.000689551
5.9624e-05
0.000682719
6.66552e-05
0.000676658
7.32643e-05
0.000671709
7.88926e-05
0.000668524
8.31464e-05
0.000667078
8.63679e-05
0.000667181
8.81561e-05
0.000668403
8.83551e-05
0.000671032
8.81474e-05
0.000674521
8.78657e-05
0.000678462
8.75451e-05
0.000683067
8.5844e-05
0.000689023
8.2956e-05
0.000696206
8.01548e-05
0.000702964
7.66703e-05
0.000709843
7.39858e-05
0.000715696
7.13923e-05
0.000720327
6.79943e-05
0.00072565
6.48307e-05
0.000730112
6.14982e-05
0.000734347
5.80692e-05
0.000738967
5.45582e-05
0.000742911
5.12034e-05
0.000746688
4.70888e-05
0.00075027
4.33646e-05
0.000753471
3.91421e-05
0.000756586
3.53793e-05
0.00075947
3.10984e-05
0.000761956
2.74281e-05
0.000764089
2.29863e-05
0.000766
1.93195e-05
0.000767663
1.47894e-05
0.000769053
1.13148e-05
0.000770127
6.81158e-06
0.000770937
3.58273e-06
0.000771467
-8.77113e-07
0.000771733
-3.79452e-06
0.000771644
-8.18999e-06
0.000771273
-1.07586e-05
0.000770626
-1.5132e-05
0.000769839
-1.73311e-05
0.000768824
-2.16571e-05
0.000767644
-2.34e-05
0.000766144
-2.76853e-05
0.000764463
-2.895e-05
0.00076248
-3.3287e-05
0.000760424
-3.40329e-05
0.000758044
-3.84392e-05
0.0007556
-3.86075e-05
0.000752776
-4.25973e-05
0.000749989
-4.36978e-05
-0.000769081
0.000717587
-0.00010453
0.000721858
-0.000105139
0.000726027
-0.000105349
0.000730046
-0.000105093
0.000733807
-0.000104276
0.000737206
-0.000102795
0.000740208
-0.000100661
0.000742677
-9.77455e-05
0.000744519
-9.40213e-05
0.000745652
-8.94901e-05
0.000746019
-8.41534e-05
0.000745551
-7.8049e-05
0.000744262
-7.12473e-05
0.000742109
-6.38008e-05
0.000739175
-5.58444e-05
0.000735435
-4.74121e-05
0.00073103
-3.86943e-05
0.000725946
-2.96713e-05
0.000720314
-2.0549e-05
0.000714182
-1.12939e-05
0.000707567
-2.01739e-06
0.000700675
7.16728e-06
0.000693332
1.64265e-05
0.000685909
2.53371e-05
0.000678184
3.43636e-05
0.000670486
4.28604e-05
0.000662857
5.12883e-05
0.00065535
5.91255e-05
0.000648451
6.64141e-05
0.000642308
7.26815e-05
0.000637782
7.76773e-05
0.000635562
8.09942e-05
0.000636107
8.24767e-05
0.000638602
8.37403e-05
0.000642031
8.45983e-05
0.000645322
8.49129e-05
0.000649008
8.43535e-05
0.000653882
8.27929e-05
0.000660078
8.12184e-05
0.000666545
7.91522e-05
0.000672888
7.62491e-05
0.000679595
7.37969e-05
0.000685104
7.07852e-05
0.000690297
6.80286e-05
0.000696117
6.59117e-05
0.000700771
6.31555e-05
0.000704686
6.02852e-05
0.000709244
5.70345e-05
0.000713305
5.37603e-05
0.000717414
5.02766e-05
0.000721411
4.70559e-05
0.000724982
4.33137e-05
0.00072827
3.98601e-05
0.000731238
3.59228e-05
0.000733965
3.24131e-05
0.000736526
2.83264e-05
0.000738904
2.48758e-05
0.000740976
2.07346e-05
0.000742698
1.73652e-05
0.000744097
1.31291e-05
0.000745287
9.88233e-06
0.000746241
5.647e-06
0.000746932
2.68332e-06
0.000747284
-1.46821e-06
0.000747358
-4.14057e-06
0.000747159
-8.26776e-06
0.00074678
-1.06392e-05
0.000746134
-1.47292e-05
0.000745284
-1.67313e-05
0.000744148
-2.07937e-05
0.000742867
-2.24099e-05
0.000741348
-2.64541e-05
0.000739727
-2.76025e-05
0.0007378
-3.163e-05
0.000735733
-3.22537e-05
0.000733306
-3.63301e-05
0.00073085
-3.64786e-05
0.000728103
-4.01693e-05
0.000725452
-4.11411e-05
-0.000740257
0.000692776
-0.000108813
0.000696902
-0.00010937
0.000700904
-0.000109458
0.000704709
-0.000109005
0.000708209
-0.000107883
0.000711314
-0.000106008
0.000713881
-0.000103334
0.000715813
-9.97847e-05
0.000717019
-9.53349e-05
0.000717412
-8.9989e-05
0.000716934
-8.3783e-05
0.000715558
-7.67786e-05
0.000713274
-6.90685e-05
0.000710126
-6.0757e-05
0.000706134
-5.19547e-05
0.000701427
-4.28075e-05
0.000695983
-3.33513e-05
0.000690033
-2.38221e-05
0.000683454
-1.40706e-05
0.000676559
-4.49583e-06
0.000669189
5.25388e-06
0.000661591
1.46711e-05
0.000653795
2.41246e-05
0.000645796
3.3238e-05
0.000638059
4.20009e-05
0.000630417
5.03993e-05
0.000623608
5.79932e-05
0.000617696
6.4932e-05
0.00061332
7.06796e-05
0.000610727
7.51631e-05
0.000609931
7.83563e-05
0.000611032
7.97716e-05
0.000613021
8.03728e-05
0.00061635
8.02719e-05
0.000620124
8.07067e-05
0.00062459
8.02699e-05
0.000630159
7.87661e-05
0.000636377
7.63194e-05
0.000643253
7.41233e-05
0.000649946
7.2535e-05
0.000655481
7.02119e-05
0.000661156
6.80838e-05
0.000666414
6.58059e-05
0.00067025
6.31654e-05
0.000675339
6.07686e-05
0.000680554
5.84114e-05
0.000684272
5.58997e-05
0.000688379
5.27529e-05
0.000692477
4.96374e-05
0.000696169
4.63201e-05
0.000699843
4.32117e-05
0.00070325
3.97519e-05
0.000706284
3.66045e-05
0.000709023
3.29336e-05
0.000711585
2.96478e-05
0.000713947
2.57893e-05
0.000716073
2.2558e-05
0.000717942
1.86626e-05
0.000719565
1.55424e-05
0.000720875
1.16126e-05
0.000721887
8.64459e-06
0.000722598
4.6954e-06
0.000723094
1.94954e-06
0.000723355
-1.95406e-06
0.000723404
-4.40867e-06
0.00072315
-8.24617e-06
0.000722655
-1.04006e-05
0.000721886
-1.42314e-05
0.000720977
-1.60902e-05
0.000719843
-1.99121e-05
0.000718575
-2.13856e-05
0.000717019
-2.51523e-05
0.000715315
-2.61765e-05
0.000713325
-2.99367e-05
0.000711274
-3.04967e-05
0.000708944
-3.42812e-05
0.000706583
-3.43892e-05
0.000703911
-3.77823e-05
0.000701284
-3.86143e-05
-0.000713069
0.00066882
-0.000112974
0.000672796
-0.000113448
0.00067663
-0.000113393
0.000680197
-0.000112673
0.000683365
-0.000111155
0.000686063
-0.000108808
0.000688135
-0.000105508
0.000689463
-0.000101217
0.000689942
-9.59139e-05
0.000689505
-8.96563e-05
0.000688091
-8.24673e-05
0.000685722
-7.45113e-05
0.000682374
-6.58192e-05
0.000678182
-5.66621e-05
0.00067313
-4.70002e-05
0.000667412
-3.71835e-05
0.000661041
-2.70754e-05
0.000654132
-1.70038e-05
0.00064683
-6.8598e-06
0.000639047
3.19861e-06
0.000631172
1.30416e-05
0.000622919
2.28364e-05
0.000614834
3.21212e-05
0.000606791
4.11918e-05
0.00059906
4.9639e-05
0.000592143
5.72235e-05
0.000585993
6.40398e-05
0.000582019
6.88081e-05
0.000580608
7.19772e-05
0.000581929
7.37333e-05
0.000584894
7.52715e-05
0.000588496
7.60464e-05
0.000592057
7.66884e-05
0.000596157
7.60338e-05
0.000601739
7.50357e-05
0.000608185
7.3578e-05
0.000614634
7.23979e-05
0.000620236
7.02905e-05
0.000626037
6.81406e-05
0.000632093
6.66977e-05
0.000637128
6.48625e-05
0.000641787
6.29334e-05
0.000646943
6.10711e-05
0.000650983
5.86144e-05
0.00065497
5.61766e-05
0.000660033
5.38538e-05
0.000664125
5.14959e-05
0.000667741
4.86718e-05
0.0006716
4.57612e-05
0.000675055
4.26616e-05
0.000678322
3.97239e-05
0.000681485
3.64365e-05
0.000684404
3.35156e-05
0.00068702
3.01203e-05
0.000689371
2.70859e-05
0.000691509
2.34594e-05
0.000693479
2.04246e-05
0.000695197
1.67771e-05
0.000696625
1.39139e-05
0.000697749
1.02627e-05
0.000698634
7.53167e-06
0.000699258
3.85577e-06
0.000699661
1.33853e-06
0.000699793
-2.30214e-06
0.000699712
-4.55804e-06
0.000699382
-8.15551e-06
0.000698884
-1.01401e-05
0.000698132
-1.37164e-05
0.000697205
-1.54057e-05
0.000696004
-1.89656e-05
0.000694663
-2.03092e-05
0.000693085
-2.38356e-05
0.000691421
-2.47639e-05
0.000689488
-2.82536e-05
0.00068746
-2.87305e-05
0.000685128
-3.22342e-05
0.000682777
-3.23358e-05
0.000680176
-3.54784e-05
0.000677689
-3.62209e-05
-0.000684312
0.000645669
-0.000117002
0.000649505
-0.000117381
0.000653147
-0.000117132
0.000656467
-0.00011609
0.000659315
-0.000114099
0.000661571
-0.000111162
0.000663079
-0.000107113
0.000663707
-0.00010194
0.000663365
-9.56702e-05
0.000661981
-8.8364e-05
0.000659546
-8.01291e-05
0.000656061
-7.11181e-05
0.000651638
-6.1489e-05
0.00064628
-5.13953e-05
0.000640237
-4.10461e-05
0.000633423
-3.04589e-05
0.000626185
-1.99216e-05
0.000618359
-9.26152e-06
0.000610294
1.12564e-06
0.000601932
1.14835e-05
0.000593446
2.14512e-05
0.000585171
3.10334e-05
0.000577082
4.01295e-05
0.000570048
4.81457e-05
0.000563954
5.56483e-05
0.00055973
6.13632e-05
0.000557405
6.62682e-05
0.000556941
6.91723e-05
0.000558299
7.05089e-05
0.000560939
7.09864e-05
0.000564501
7.15928e-05
0.000568436
7.19986e-05
0.000573358
7.16012e-05
0.000579113
7.01902e-05
0.000585487
6.85315e-05
0.00059187
6.69239e-05
0.000597958
6.63302e-05
0.000603118
6.49309e-05
0.000607893
6.30788e-05
0.000613129
6.14929e-05
0.000618184
5.99146e-05
0.000622264
5.81414e-05
0.000627142
5.63285e-05
0.000631732
5.41555e-05
0.000635142
5.19724e-05
0.000639711
4.9536e-05
0.000643922
4.72685e-05
0.000647348
4.47644e-05
0.000650849
4.21055e-05
0.000654155
3.9216e-05
0.000657201
3.64873e-05
0.000660109
3.33794e-05
0.000662831
3.06326e-05
0.000665314
2.74548e-05
0.000667562
2.46603e-05
0.000669534
2.1311e-05
0.000671268
1.85078e-05
0.000672782
1.50784e-05
0.000674099
1.24132e-05
0.000675146
9.02554e-06
0.000675918
6.55327e-06
0.000676397
3.15747e-06
0.000676672
8.41988e-07
0.000676726
-2.56825e-06
0.000676607
-4.64465e-06
0.000676236
-7.99558e-06
0.000675668
-9.80143e-06
0.000674843
-1.31361e-05
0.00067387
-1.46828e-05
0.000672661
-1.80001e-05
0.000671328
-1.92086e-05
0.000669733
-2.24726e-05
0.000668017
-2.32923e-05
0.000666039
-2.65378e-05
0.000664015
-2.69747e-05
0.000661752
-3.02368e-05
0.000659478
-3.03207e-05
0.000656944
-3.32103e-05
0.000654497
-3.38699e-05
-0.000648439
0.000623319
-0.000120907
0.000627007
-0.000121162
0.000630448
-0.000120665
0.000633451
-0.000119186
0.000635942
-0.000116683
0.000637685
-0.000112994
0.000638523
-0.000108042
0.000638353
-0.00010186
0.000637064
-9.44675e-05
0.000634619
-8.60118e-05
0.000631056
-7.66512e-05
0.000626407
-6.65592e-05
0.000620813
-5.59794e-05
0.000614383
-4.50497e-05
0.000607221
-3.39683e-05
0.000599539
-2.28524e-05
0.000591277
-1.17374e-05
0.00058282
-8.73128e-07
0.000573978
9.89606e-06
0.000565306
2.0091e-05
0.000556652
3.00338e-05
0.000548529
3.90904e-05
0.000541211
4.73771e-05
0.000534908
5.43792e-05
0.000531019
5.94602e-05
0.000529762
6.25417e-05
0.000531754
6.41899e-05
0.000534934
6.5895e-05
0.000538147
6.71925e-05
0.000541662
6.73698e-05
0.000546267
6.68519e-05
0.000552182
6.60241e-05
0.000558449
6.50927e-05
0.000564373
6.43227e-05
0.000569628
6.2993e-05
0.00057485
6.14999e-05
0.000580366
6.07704e-05
0.00058545
5.98694e-05
0.00058978
5.83299e-05
0.000594363
5.67433e-05
0.00059934
5.52908e-05
0.00060323
5.35583e-05
0.000607563
5.17598e-05
0.000612233
4.98631e-05
0.00061567
4.7958e-05
0.000619552
4.55651e-05
0.0006236
4.33207e-05
0.000627038
4.10184e-05
0.000630273
3.86343e-05
0.000633377
3.59623e-05
0.00063625
3.34502e-05
0.000638948
3.05382e-05
0.000641501
2.7943e-05
0.000643833
2.49624e-05
0.000645907
2.24007e-05
0.000647722
1.93106e-05
0.000649326
1.67302e-05
0.000650692
1.35438e-05
0.000651833
1.10942e-05
0.000652719
7.94728e-06
0.00065339
5.68439e-06
0.000653812
2.53637e-06
0.000654033
4.24297e-07
0.000654
-2.7371e-06
0.000653782
-4.64018e-06
0.00065334
-7.77771e-06
0.000652754
-9.44204e-06
0.00065194
-1.25459e-05
0.000650969
-1.39343e-05
0.000649736
-1.69932e-05
0.000648365
-1.80713e-05
0.000646756
-2.11022e-05
0.000645072
-2.18438e-05
0.000643159
-2.48603e-05
0.000641192
-2.52488e-05
0.000638969
-2.82691e-05
0.000636724
-2.83448e-05
0.000634257
-3.10155e-05
0.000631897
-3.16248e-05
-0.000598079
0.000601717
-0.000124683
0.000605257
-0.000124789
0.000608465
-0.00012396
0.000611174
-0.000121987
0.000613198
-0.000118789
0.000614315
-0.0001142
0.000614395
-0.000108206
0.000613267
-0.000100816
0.000610899
-9.21885e-05
0.00060729
-8.24805e-05
0.000602473
-7.1923e-05
0.000596632
-6.07938e-05
0.000589824
-4.92547e-05
0.00058231
-3.76086e-05
0.000574127
-2.58588e-05
0.000565494
-1.429e-05
0.000556499
-2.81004e-06
0.000547331
8.23788e-06
0.000538324
1.88399e-05
0.000529606
2.87596e-05
0.000521901
3.76623e-05
0.000515427
4.5503e-05
0.00051096
5.17736e-05
0.000508517
5.67542e-05
0.000508256
5.96445e-05
0.000509765
6.09553e-05
0.000512484
6.13907e-05
0.000515965
6.23229e-05
0.000520267
6.28053e-05
0.000525319
6.22198e-05
0.000530935
6.11168e-05
0.000536899
6.00369e-05
0.000542753
5.89761e-05
0.000548167
5.89624e-05
0.000552807
5.80402e-05
0.000557448
5.6721e-05
0.000562416
5.56896e-05
0.000567398
5.49512e-05
0.000571696
5.3667e-05
0.000575894
5.22367e-05
0.000580687
5.0879e-05
0.000584619
4.91652e-05
0.000588424
4.74683e-05
0.000592903
4.57391e-05
0.000596561
4.40478e-05
0.000599934
4.18799e-05
0.000603621
3.9667e-05
0.000607002
3.74618e-05
0.000610102
3.53144e-05
0.000613036
3.28704e-05
0.000615766
3.05703e-05
0.00061829
2.78709e-05
0.000620646
2.54403e-05
0.000622814
2.26354e-05
0.000624774
2.02717e-05
0.00062647
1.74373e-05
0.000627923
1.50981e-05
0.00062914
1.21522e-05
0.000630171
9.8943e-06
0.000630979
6.97086e-06
0.000631579
4.90738e-06
0.000631928
1.99995e-06
0.000632075
7.86751e-08
0.000631989
-2.8523e-06
0.000631747
-4.59924e-06
0.000631284
-7.52166e-06
0.000630661
-9.03369e-06
0.000629798
-1.19047e-05
0.000628788
-1.31477e-05
0.000627549
-1.59741e-05
0.000626197
-1.69334e-05
0.000624606
-1.97256e-05
0.000622916
-2.0377e-05
0.000620993
-2.3173e-05
0.000619029
-2.35292e-05
0.000616846
-2.63336e-05
0.000614652
-2.63958e-05
0.000612237
-2.88489e-05
0.000609911
-2.93912e-05
-0.000560394
0.00058086
-0.00012834
0.000584235
-0.000128246
0.000587196
-0.000127007
0.000589521
-0.000124391
0.000591
-0.00012035
0.000591412
-0.000114691
0.000590545
-0.000107419
0.000588354
-9.87082e-05
0.000584752
-8.86628e-05
0.00057985
-7.76597e-05
0.000573742
-6.58919e-05
0.000566619
-5.37466e-05
0.000558672
-4.13802e-05
0.000550043
-2.90481e-05
0.000540936
-1.68247e-05
0.000531448
-4.85428e-06
0.000521942
6.62616e-06
0.000512547
1.75882e-05
0.000503661
2.76505e-05
0.000495657
3.6709e-05
0.00048884
4.44045e-05
0.000484549
4.97283e-05
0.000483156
5.30955e-05
0.000485144
5.46968e-05
0.000488299
5.64131e-05
0.000491295
5.78839e-05
0.000494735
5.78792e-05
0.000499644
5.73085e-05
0.000505494
5.69052e-05
0.000511299
5.62745e-05
0.000516549
5.58467e-05
0.00052149
5.49963e-05
0.000526435
5.38121e-05
0.000531455
5.39419e-05
0.000536016
5.32877e-05
0.000540398
5.21702e-05
0.000544901
5.10432e-05
0.000549644
5.0298e-05
0.00055386
4.9198e-05
0.00055776
4.79289e-05
0.00056227
4.66523e-05
0.000566223
4.50366e-05
0.000569617
4.34787e-05
0.000573799
4.18014e-05
0.00057753
4.02648e-05
0.000580711
3.83736e-05
0.000584009
3.6292e-05
0.000587192
3.41498e-05
0.000590152
3.21652e-05
0.00059294
2.99265e-05
0.000595533
2.78344e-05
0.000597908
2.53549e-05
0.000600098
2.31064e-05
0.000602079
2.04956e-05
0.000603859
1.8319e-05
0.000605421
1.56993e-05
0.000606779
1.35746e-05
0.00060789
1.08841e-05
0.000608784
8.84217e-06
0.000609452
6.13521e-06
0.000609948
4.23345e-06
0.000610228
1.53604e-06
0.000610326
-2.04253e-07
0.000610185
-2.89988e-06
0.00060988
-4.48867e-06
0.000609357
-7.20302e-06
0.000608691
-8.58073e-06
0.000607807
-1.12339e-05
0.000606791
-1.23373e-05
0.000605545
-1.49324e-05
0.000604179
-1.57752e-05
0.000602585
-1.83486e-05
0.000600922
-1.89371e-05
0.000599056
-2.15298e-05
0.00059715
-2.1847e-05
0.000595015
-2.44298e-05
0.000592853
-2.4478e-05
0.000590492
-2.67397e-05
0.000588231
-2.72241e-05
-0.000526882
0.000560712
-0.000131867
0.0005639
-0.000131515
0.000566519
-0.000129707
0.00056843
-0.000126384
0.00056926
-0.000121252
0.00056877
-0.000114287
0.000566862
-0.00010558
0.000563376
-9.53053e-05
0.000558447
-8.38072e-05
0.000552135
-7.14226e-05
0.000544689
-5.85218e-05
0.000536309
-4.54366e-05
0.000527213
-3.2358e-05
0.000517582
-1.94804e-05
0.000507658
-6.96555e-06
0.00049763
5.11084e-06
0.000487975
1.62161e-05
0.000479339
2.61749e-05
0.000471994
3.49337e-05
0.000466814
4.18137e-05
0.000464001
4.71578e-05
0.000463589
5.00675e-05
0.000464938
5.16692e-05
0.000467445
5.21221e-05
0.000470818
5.29682e-05
0.000475294
5.33311e-05
0.000480292
5.28399e-05
0.000485579
5.18802e-05
0.000490991
5.15141e-05
0.000496258
5.0838e-05
0.000501156
5.09643e-05
0.000505582
5.04231e-05
0.000509959
4.92526e-05
0.000514722
4.91587e-05
0.000519278
4.86376e-05
0.000523505
4.77232e-05
0.000527699
4.67069e-05
0.000532132
4.5935e-05
0.000536259
4.49364e-05
0.000539977
4.37482e-05
0.000544176
4.25604e-05
0.000548103
4.11544e-05
0.000551296
3.97429e-05
0.000555124
3.80755e-05
0.000558787
3.66263e-05
0.000561945
3.49768e-05
0.000564978
3.31157e-05
0.000567926
3.10703e-05
0.00057073
2.91971e-05
0.000573388
2.71206e-05
0.000575869
2.52165e-05
0.00057812
2.29645e-05
0.000580149
2.09281e-05
0.000581973
1.85157e-05
0.000583632
1.65001e-05
0.000585095
1.40776e-05
0.00058635
1.21645e-05
0.00058736
9.72069e-06
0.000588176
7.87217e-06
0.000588788
5.36343e-06
0.000589236
3.61653e-06
0.000589465
1.12863e-06
0.00058952
-4.42881e-07
0.000589361
-2.9262e-06
0.000589059
-4.37167e-06
0.000588545
-6.87407e-06
0.00058788
-8.10947e-06
0.000586987
-1.05434e-05
0.000585965
-1.15213e-05
0.000584742
-1.39124e-05
0.000583427
-1.46606e-05
0.000581903
-1.70271e-05
0.000580304
-1.75493e-05
0.000578491
-1.99344e-05
0.000576635
-2.02147e-05
0.000574572
-2.25945e-05
0.000572495
-2.26339e-05
0.000570229
-2.4715e-05
0.000568056
-2.51554e-05
-0.000484113
0.000541253
-0.000135258
0.000544224
-0.00013456
0.00054657
-0.00013213
0.000547894
-0.000127778
0.000547908
-0.000121346
0.000546386
-0.000112838
0.000543152
-0.00010242
0.000538273
-9.05095e-05
0.000531819
-7.74162e-05
0.000524056
-6.37473e-05
0.000515248
-4.97734e-05
0.000505652
-3.59237e-05
0.000495498
-2.22554e-05
0.000485038
-9.10228e-06
0.000474552
3.46693e-06
0.000464729
1.48633e-05
0.00045558
2.53063e-05
0.000447928
3.37505e-05
0.000442593
4.02037e-05
0.000440592
4.37378e-05
0.000442243
4.54368e-05
0.00044521
4.70215e-05
0.000448046
4.8757e-05
0.000451444
4.86611e-05
0.0004563
4.80289e-05
0.000461825
4.77372e-05
0.000467021
4.7572e-05
0.000471659
4.71333e-05
0.000476302
4.68817e-05
0.000480949
4.60231e-05
0.000485603
4.63235e-05
0.000489865
4.60107e-05
0.000493978
4.49575e-05
0.000498467
4.46712e-05
0.000502878
4.41559e-05
0.000506928
4.34439e-05
0.000510858
4.26275e-05
0.000514967
4.18373e-05
0.000519
4.08888e-05
0.000522541
3.97352e-05
0.000526399
3.86427e-05
0.000530232
3.74714e-05
0.000533402
3.62038e-05
0.000536843
3.45854e-05
0.000540319
3.31688e-05
0.000543434
3.16967e-05
0.00054631
3.0082e-05
0.000549043
2.81995e-05
0.000551662
2.64289e-05
0.000554168
2.44738e-05
0.000556516
2.27375e-05
0.000558632
2.07152e-05
0.000560517
1.88998e-05
0.000562188
1.66921e-05
0.000563697
1.48353e-05
0.000565032
1.25948e-05
0.000566191
1.08676e-05
0.000567126
8.65167e-06
0.000567867
6.98826e-06
0.000568388
4.68301e-06
0.000568737
3.09386e-06
0.000568882
8.04024e-07
0.000568879
-6.16673e-07
0.000568672
-2.89568e-06
0.000568308
-4.18456e-06
0.000567714
-6.46139e-06
0.000566977
-7.56276e-06
0.000566035
-9.79486e-06
0.000564985
-1.06638e-05
0.000563736
-1.28531e-05
0.000562395
-1.35132e-05
0.000560858
-1.56914e-05
0.000559269
-1.61683e-05
0.000557481
-1.83533e-05
0.000555656
-1.85979e-05
0.000553624
-2.07768e-05
0.000551578
-2.08125e-05
0.000549352
-2.27226e-05
0.000547202
-2.31156e-05
-0.000430432
0.000522404
-0.000138496
0.000525136
-0.000137362
0.000527011
-0.000134082
0.000527664
-0.0001285
0.000526695
-0.000120449
0.000523876
-0.000110098
0.000519204
-9.78067e-05
0.000512684
-8.40796e-05
0.000504668
-6.94528e-05
0.00049543
-5.45987e-05
0.000485308
-3.97001e-05
0.0004746
-2.53049e-05
0.000463553
-1.12482e-05
0.000452726
1.62995e-06
0.000442373
1.37851e-05
0.000433943
2.31996e-05
0.000427606
3.16095e-05
0.00042373
3.75212e-05
0.00042288
4.09973e-05
0.000423821
4.27373e-05
0.000426008
4.31818e-05
0.0004291
4.38618e-05
0.000433596
4.41822e-05
0.000438441
4.37775e-05
0.000443339
4.30078e-05
0.000448161
4.28917e-05
0.000452867
4.27338e-05
0.000457162
4.2781e-05
0.000461415
4.25978e-05
0.000465661
4.1624e-05
0.000470128
4.18879e-05
0.000474309
4.168e-05
0.000478283
4.07914e-05
0.000482516
4.04996e-05
0.000486643
3.99194e-05
0.00049056
3.93104e-05
0.000494357
3.86934e-05
0.000498226
3.79195e-05
0.000502158
3.70239e-05
0.000505559
3.59323e-05
0.000509056
3.49355e-05
0.000512758
3.39235e-05
0.000515991
3.27961e-05
0.000519121
3.13111e-05
0.000522336
2.9918e-05
0.000525346
2.85532e-05
0.000528126
2.71491e-05
0.000530727
2.54623e-05
0.0005332
2.38202e-05
0.000535555
2.19887e-05
0.000537764
2.04015e-05
0.000539765
1.85831e-05
0.000541549
1.69746e-05
0.000543121
1.49718e-05
0.000544532
1.32801e-05
0.00054577
1.12231e-05
0.000546846
9.66646e-06
0.000547721
7.65079e-06
0.000548423
6.14567e-06
0.00054891
4.03859e-06
0.000549224
2.61043e-06
0.000549339
5.14279e-07
0.000549322
-7.69256e-07
0.000549123
-2.86049e-06
0.000548775
-4.00033e-06
0.000548198
-6.05156e-06
0.000547477
-7.01757e-06
0.00054654
-9.04579e-06
0.000545497
-9.81303e-06
0.000544271
-1.18133e-05
0.000542974
-1.24011e-05
0.000541489
-1.43915e-05
0.000539942
-1.48173e-05
0.000538182
-1.67946e-05
0.000536378
-1.69992e-05
0.00053437
-1.89758e-05
0.000532339
-1.8998e-05
0.00053012
-2.07276e-05
0.0005279
-2.10108e-05
-0.000369577
0.000504235
-0.000141572
0.000506621
-0.000139817
0.000507978
-0.000135515
0.000507743
-0.000128318
0.000505527
-0.000118322
0.000501213
-0.000105834
0.000494756
-9.14332e-05
0.000486523
-7.59124e-05
0.000476861
-5.98497e-05
0.000466139
-4.39603e-05
0.00045487
-2.84734e-05
0.000443227
-1.37449e-05
0.000431805
1.39622e-07
0.000421383
1.19752e-05
0.000412195
2.29244e-05
0.000405341
2.99725e-05
0.000402004
3.48975e-05
0.000402782
3.66661e-05
0.000405529
3.81897e-05
0.000408313
3.98855e-05
0.00041143
4.00029e-05
0.000415999
3.92297e-05
0.000421192
3.8921e-05
0.000425925
3.90048e-05
0.000430094
3.87109e-05
0.000434278
3.87018e-05
0.000438585
3.82748e-05
0.000442786
3.85535e-05
0.000446868
3.84567e-05
0.000450824
3.7512e-05
0.000455052
3.76999e-05
0.000459095
3.74637e-05
0.000462935
3.6781e-05
0.000466934
3.6598e-05
0.000470727
3.5963e-05
0.000474492
3.53574e-05
0.0004782
3.48912e-05
0.000481871
3.41581e-05
0.000485629
3.33447e-05
0.000488935
3.2349e-05
0.000492141
3.14349e-05
0.000495687
3.04826e-05
0.000498925
2.94954e-05
0.000501866
2.82121e-05
0.000504804
2.68917e-05
0.000507645
2.55829e-05
0.000510325
2.43244e-05
0.000512826
2.28327e-05
0.000515168
2.13584e-05
0.000517362
1.96774e-05
0.000519413
1.82305e-05
0.000521281
1.6585e-05
0.000522954
1.51602e-05
0.000524408
1.33723e-05
0.000525675
1.18738e-05
0.000526759
1.00127e-05
0.000527697
8.6083e-06
0.000528459
6.76929e-06
0.000529047
5.42416e-06
0.000529401
3.53512e-06
0.00052959
2.25835e-06
0.000529602
3.36271e-07
0.000529496
-8.25481e-07
0.000529201
-2.72467e-06
0.000528763
-3.72892e-06
0.000528122
-5.58309e-06
0.000527369
-6.43723e-06
0.000526428
-8.27795e-06
0.000525406
-8.96542e-06
0.000524201
-1.07886e-05
0.000522932
-1.13175e-05
0.000521483
-1.31203e-05
0.000519982
-1.34887e-05
0.000518276
-1.52651e-05
0.000516539
-1.54473e-05
0.000514598
-1.72252e-05
0.000512657
-1.72532e-05
0.000510523
-1.88008e-05
0.000508404
-1.89868e-05
-0.000334747
0.000486641
-0.00014445
0.000488711
-0.000141954
0.000489311
-0.000136189
0.000487959
-0.000127023
0.000484231
-0.000114683
0.000478037
-9.96795e-05
0.000469735
-8.32145e-05
0.000459553
-6.5775e-05
0.000448331
-4.87014e-05
0.000436352
-3.20192e-05
0.000424002
-1.61858e-05
0.000412188
-1.96872e-06
0.000401248
1.10074e-05
0.000393045
2.01483e-05
0.000387936
2.79756e-05
0.000385742
3.21191e-05
0.000386035
3.45528e-05
0.000387788
3.48516e-05
0.000390524
3.5387e-05
0.00039474
3.55897e-05
0.000399414
3.52848e-05
0.000403959
3.45975e-05
0.000408364
3.44841e-05
0.000412627
3.46503e-05
0.000416449
3.48019e-05
0.000420356
3.47823e-05
0.00042437
3.41046e-05
0.000428488
3.44385e-05
0.000432462
3.43797e-05
0.000436185
3.36204e-05
0.000440178
3.37549e-05
0.000444076
3.33853e-05
0.000447794
3.29256e-05
0.00045162
3.28612e-05
0.000455173
3.22156e-05
0.000458801
3.15734e-05
0.000462456
3.11994e-05
0.000465942
3.05491e-05
0.000469483
2.98453e-05
0.000472696
2.89676e-05
0.000475707
2.81097e-05
0.000479065
2.71638e-05
0.000482227
2.63082e-05
0.000485063
2.52406e-05
0.000487803
2.40408e-05
0.000490474
2.27831e-05
0.000493039
2.16239e-05
0.000495458
2.02985e-05
0.000497712
1.90033e-05
0.000499792
1.74959e-05
0.000501728
1.61804e-05
0.000503513
1.46662e-05
0.000505137
1.33857e-05
0.000506561
1.17982e-05
0.000507802
1.04985e-05
0.000508866
8.83589e-06
0.000509797
7.57225e-06
0.000510567
5.88879e-06
0.000511179
4.68696e-06
0.00051155
3.01626e-06
0.000511745
1.90014e-06
0.00051175
1.65848e-07
0.000511637
-8.71075e-07
0.000511348
-2.58451e-06
0.000510914
-3.45269e-06
0.000510262
-5.10505e-06
0.000509496
-5.8455e-06
0.00050857
-7.5069e-06
0.000507598
-8.13823e-06
0.000506427
-9.79211e-06
0.000505185
-1.02754e-05
0.000503797
-1.19202e-05
0.000502407
-1.22403e-05
0.000500848
-1.38267e-05
0.000499272
-1.40085e-05
0.000497484
-1.55926e-05
0.000495739
-1.56619e-05
0.000493802
-1.70341e-05
0.000492118
-1.73974e-05
-0.000309189
0.000469631
-0.000147083
0.000471139
-0.000143534
0.000470825
-0.000135942
0.000468026
-0.000124267
0.000462341
-0.000109099
0.000454126
-9.14614e-05
0.000443557
-7.27609e-05
0.000431777
-5.39846e-05
0.000418868
-3.58942e-05
0.000406055
-1.91868e-05
0.000393329
-3.55184e-06
0.00038215
9.21005e-06
0.000373192
1.9905e-05
0.000367263
2.60518e-05
0.000366755
2.84395e-05
0.00036884
3.00057e-05
0.000371595
3.17486e-05
0.000374357
3.20371e-05
0.000378528
3.11583e-05
0.000383454
3.06e-05
0.000387913
3.07839e-05
0.000391702
3.07129e-05
0.00039544
3.07278e-05
0.00039934
3.06292e-05
0.000403109
3.09885e-05
0.000406901
3.09475e-05
0.000410673
3.01772e-05
0.000414621
3.052e-05
0.000418442
3.04023e-05
0.000421984
2.99479e-05
0.000425735
3.00621e-05
0.000429406
2.95362e-05
0.000432979
2.92442e-05
0.000436644
2.92731e-05
0.000440018
2.86254e-05
0.000443502
2.79727e-05
0.000447066
2.76368e-05
0.000450353
2.70982e-05
0.000453691
2.64911e-05
0.000456833
2.57313e-05
0.000459727
2.49318e-05
0.000462852
2.40163e-05
0.00046587
2.32682e-05
0.000468625
2.23787e-05
0.000471225
2.13303e-05
0.000473718
2.01702e-05
0.000476115
1.9105e-05
0.000478376
1.79325e-05
0.000480455
1.68343e-05
0.000482336
1.55239e-05
0.000484079
1.43324e-05
0.000485685
1.29342e-05
0.000487139
1.17903e-05
0.000488394
1.04007e-05
0.00048948
9.28076e-06
0.000490402
7.79303e-06
0.000491208
6.65314e-06
0.000491857
5.12349e-06
0.000492353
4.07233e-06
0.000492662
2.57395e-06
0.00049283
1.59168e-06
0.000492811
3.87213e-08
0.000492666
-8.78342e-07
0.000492341
-2.42044e-06
0.000491898
-3.16695e-06
0.000491265
-4.62682e-06
0.000490517
-5.25635e-06
0.000489583
-6.739e-06
0.00048857
-7.29516e-06
0.000487388
-8.77559e-06
0.000486153
-9.20105e-06
0.000484736
-1.06679e-05
0.000483259
-1.09311e-05
0.000481609
-1.23482e-05
0.000479953
-1.25329e-05
0.000478102
-1.39254e-05
0.000476251
-1.39942e-05
0.000474204
-1.51788e-05
0.000472353
-1.56267e-05
-0.000277254
0.000453102
-0.000149377
0.000453965
-0.000144471
0.000452366
-0.000134389
0.000447603
-0.000119556
0.000439656
-0.000101239
0.00042898
-8.07699e-05
0.00041638
-6.02771e-05
0.000402836
-4.04071e-05
0.000389116
-2.22842e-05
0.000375839
-5.8822e-06
0.000364266
7.92794e-06
0.000356211
1.72651e-05
0.000352429
2.36294e-05
0.000351578
2.68522e-05
0.000352784
2.71922e-05
0.000355084
2.76631e-05
0.000358977
2.78193e-05
0.00036342
2.75669e-05
0.000367586
2.69267e-05
0.000371609
2.65397e-05
0.000375558
2.67731e-05
0.000379047
2.71524e-05
0.000382529
2.72277e-05
0.000386197
2.684e-05
0.000389976
2.71979e-05
0.000393706
2.71333e-05
0.00039722
2.65183e-05
0.000400954
2.68114e-05
0.000404628
2.65512e-05
0.000408069
2.64293e-05
0.000411611
2.6554e-05
0.000415069
2.59154e-05
0.000418525
2.57143e-05
0.000422066
2.5796e-05
0.000425303
2.51602e-05
0.000428637
2.45724e-05
0.000432028
2.42446e-05
0.000435122
2.38153e-05
0.000438268
2.32795e-05
0.000441307
2.26245e-05
0.000444125
2.18977e-05
0.000447007
2.10587e-05
0.000449867
2.03708e-05
0.000452573
1.95778e-05
0.000455112
1.86712e-05
0.000457494
1.76635e-05
0.000459768
1.67126e-05
0.000461942
1.56674e-05
0.000463978
1.47327e-05
0.000465831
1.36046e-05
0.000467528
1.25463e-05
0.000469066
1.1275e-05
0.000470452
1.02613e-05
0.000471648
9.05723e-06
0.000472679
8.10852e-06
0.000473539
6.80095e-06
0.000474275
5.7935e-06
0.000474854
4.42124e-06
0.000475294
3.51462e-06
0.000475597
2.15394e-06
0.000475789
1.28956e-06
0.000475793
-8.6003e-08
0.000475643
-8.78352e-07
0.000475275
-2.23278e-06
0.000474808
-2.87274e-06
0.00047421
-4.16882e-06
0.000473532
-4.70818e-06
0.000472642
-6.01639e-06
0.000471625
-6.47109e-06
0.000470458
-7.76759e-06
0.000469252
-8.12141e-06
0.000467852
-9.40034e-06
0.000466401
-9.66127e-06
0.000464798
-1.09505e-05
0.000463196
-1.11409e-05
0.000461408
-1.23424e-05
0.000459593
-1.23738e-05
0.000457607
-1.3383e-05
0.000455618
-1.36961e-05
-0.000240828
0.000437069
-0.000151299
0.000436909
-0.000144391
0.00043353
-0.000131033
0.000426386
-0.000112483
0.000415602
-9.05132e-05
0.000402553
-6.77117e-05
0.000387982
-4.57871e-05
0.000373353
-2.57874e-05
0.000359194
-8.16971e-06
0.000347218
6.04961e-06
0.000337914
1.72053e-05
0.000334304
2.08976e-05
0.000335468
2.24433e-05
0.000337919
2.43825e-05
0.000340396
2.46877e-05
0.000344111
2.39104e-05
0.00034864
2.32479e-05
0.000352947
2.32344e-05
0.000356487
2.33175e-05
0.000359816
2.31891e-05
0.000363323
2.31976e-05
0.000366744
2.36929e-05
0.000370157
2.37815e-05
0.000373637
2.32376e-05
0.0003773
2.35396e-05
0.000380896
2.34067e-05
0.000384189
2.31234e-05
0.000387669
2.33397e-05
0.00039112
2.29473e-05
0.000394438
2.30663e-05
0.000397785
2.32094e-05
0.000401051
2.24966e-05
0.000404372
2.23481e-05
0.000407773
2.2431e-05
0.000410898
2.18168e-05
0.000414086
2.13593e-05
0.000417241
2.10584e-05
0.000420188
2.06822e-05
0.000423171
2.0205e-05
0.000426074
1.96507e-05
0.000428814
1.90097e-05
0.000431486
1.82918e-05
0.000434093
1.77003e-05
0.000436599
1.69804e-05
0.000438952
1.62166e-05
0.000441182
1.53327e-05
0.00044333
1.44651e-05
0.000445368
1.35336e-05
0.000447271
1.27369e-05
0.000449004
1.17741e-05
0.000450583
1.08599e-05
0.000452003
9.73774e-06
0.000453292
8.85312e-06
0.000454423
7.80817e-06
0.000455414
7.00504e-06
0.000456234
5.87049e-06
0.000456919
4.99507e-06
0.00045744
3.77787e-06
0.000457842
2.97879e-06
0.00045808
1.7831e-06
0.000458177
1.06497e-06
0.000458082
-1.27749e-07
0.000457859
-8.00425e-07
0.000457464
-1.98064e-06
0.000456973
-2.52132e-06
0.000456312
-3.6499e-06
0.000455557
-4.10741e-06
0.000454644
-5.26396e-06
0.000453666
-5.65119e-06
0.000452524
-6.77446e-06
0.000451313
-7.06103e-06
0.000449936
-8.18564e-06
0.000448537
-8.44857e-06
0.000446974
-9.57752e-06
0.000445375
-9.72177e-06
0.000443592
-1.07248e-05
0.000441803
-1.07548e-05
0.00043985
-1.16098e-05
0.000437936
-1.18494e-05
-0.000204001
0.000421209
-0.000152663
0.000419715
-0.000142979
0.000413991
-0.000125308
0.000403687
-0.000102267
0.00038998
-7.68191e-05
0.000374447
-5.22106e-05
0.000358629
-2.99789e-05
0.000344165
-1.13711e-05
0.000331441
4.53695e-06
0.000324007
1.3367e-05
0.000321704
1.94867e-05
0.000321718
2.08856e-05
0.000323176
2.09624e-05
0.000326444
2.10751e-05
0.000330282
2.0829e-05
0.000334185
1.99737e-05
0.000337988
1.94183e-05
0.000341659
1.95265e-05
0.000344856
2.0066e-05
0.000347909
2.01195e-05
0.000351169
1.98728e-05
0.00035457
2.02759e-05
0.000357979
2.03182e-05
0.000361287
1.98179e-05
0.000364763
2.00644e-05
0.00036817
1.98509e-05
0.000371307
1.993e-05
0.000374563
2.00657e-05
0.000377801
1.95812e-05
0.000381012
1.98276e-05
0.00038423
1.99695e-05
0.000387361
1.92152e-05
0.000390547
1.91397e-05
0.000393789
1.91841e-05
0.000396786
1.86258e-05
0.000399803
1.83265e-05
0.000402757
1.80551e-05
0.000405573
1.77008e-05
0.000408417
1.72667e-05
0.000411217
1.67824e-05
0.000413891
1.62443e-05
0.000416441
1.56684e-05
0.000419051
1.50246e-05
0.000421518
1.44331e-05
0.000423795
1.38689e-05
0.000425952
1.31038e-05
0.000428021
1.23142e-05
0.000429967
1.14932e-05
0.000431789
1.08008e-05
0.000433467
9.96488e-06
0.000434991
9.19317e-06
0.00043634
8.25501e-06
0.00043756
7.52148e-06
0.000438657
6.62429e-06
0.000439649
5.94065e-06
0.000440473
4.97251e-06
0.000441137
4.24004e-06
0.000441603
3.19711e-06
0.000441935
2.49602e-06
0.000442074
1.48606e-06
0.000442099
8.75554e-07
0.000441976
-1.60875e-07
0.000441756
-7.16533e-07
0.000441397
-1.72469e-06
0.000440953
-2.18266e-06
0.000440324
-3.16769e-06
0.000439592
-3.55034e-06
0.000438721
-4.55096e-06
0.000437815
-4.87572e-06
0.000436753
-5.85482e-06
0.000435611
-6.08781e-06
0.000434295
-7.06269e-06
0.000432912
-7.2545e-06
0.000431353
-8.18905e-06
0.00042976
-8.26823e-06
0.000428027
-9.11145e-06
0.000426282
-9.16648e-06
0.000424383
-9.8933e-06
0.000422517
-1.0075e-05
-0.000164316
0.000405841
-0.000153142
0.000402349
-0.000139573
0.000393204
-0.000116122
0.000379318
-8.85257e-05
0.000362396
-5.98499e-05
0.000345331
-3.52044e-05
0.000328651
-1.33047e-05
0.000315636
1.54015e-06
0.000306517
1.36451e-05
0.000304154
1.56908e-05
0.000306086
1.75389e-05
0.000309096
1.78414e-05
0.000312012
1.80012e-05
0.000315885
1.71493e-05
0.000319879
1.68201e-05
0.000323275
1.65401e-05
0.000326406
1.62718e-05
0.00032965
1.62381e-05
0.000332823
1.68578e-05
0.000335839
1.70847e-05
0.00033893
1.67192e-05
0.000342266
1.69367e-05
0.000345661
1.68452e-05
0.000348816
1.65816e-05
0.000352117
1.67429e-05
0.000355365
1.64744e-05
0.000358449
1.68163e-05
0.000361567
1.69009e-05
0.00036465
1.63851e-05
0.000367793
1.6669e-05
0.00037094
1.67747e-05
0.000373948
1.60684e-05
0.000377002
1.60783e-05
0.000380081
1.60666e-05
0.000382954
1.55812e-05
0.000385819
1.54482e-05
0.00038862
1.5192e-05
0.00039131
1.48614e-05
0.000394019
1.44637e-05
0.00039667
1.40679e-05
0.000399173
1.36576e-05
0.000401618
1.31613e-05
0.000404007
1.25847e-05
0.000406292
1.20774e-05
0.000408493
1.15822e-05
0.000410562
1.09455e-05
0.000412471
1.03165e-05
0.000414234
9.64178e-06
0.000415891
9.05424e-06
0.000417421
8.34385e-06
0.000418803
7.7177e-06
0.000420007
6.95332e-06
0.000421084
6.34098e-06
0.000422045
5.55657e-06
0.000422913
4.96366e-06
0.000423624
4.15059e-06
0.000424191
3.55909e-06
0.000424574
2.69264e-06
0.000424837
2.11027e-06
0.000424952
1.25388e-06
0.000424971
7.33148e-07
0.000424829
-1.37667e-07
0.000424571
-5.70196e-07
0.00042414
-1.41345e-06
0.000423619
-1.80172e-06
0.000422952
-2.65408e-06
0.000422226
-2.96976e-06
0.000421347
-3.80531e-06
0.000420386
-4.04986e-06
0.00041926
-4.87432e-06
0.000418085
-5.059e-06
0.000416753
-5.87726e-06
0.000415375
-6.01585e-06
0.000413848
-6.79691e-06
0.000412315
-6.87377e-06
0.000410639
-7.58991e-06
0.00040896
-7.65596e-06
0.000407133
-8.23392e-06
0.00040532
-8.3225e-06
-0.000139287
0.000390261
-0.000151983
0.000383533
-0.000132907
0.000370106
-0.000102691
0.000351765
-7.02921e-05
0.000332422
-4.0493e-05
0.000315414
-1.82335e-05
0.000301361
7.83353e-07
0.000292945
9.82855e-06
0.000291182
1.53357e-05
0.000291314
1.55208e-05
0.000293443
1.53728e-05
0.000296557
1.46871e-05
0.000300796
1.37075e-05
0.000304889
1.30018e-05
0.000308613
1.30716e-05
0.000311728
1.33873e-05
0.000314486
1.34946e-05
0.000317352
1.33289e-05
0.000320439
1.37465e-05
0.000323504
1.39916e-05
0.000326533
1.36306e-05
0.000329798
1.36695e-05
0.000333093
1.34625e-05
0.000336101
1.35269e-05
0.000339167
1.3625e-05
0.000342206
1.33386e-05
0.000345251
1.37525e-05
0.000348261
1.38143e-05
0.000351204
1.33406e-05
0.000354271
1.36004e-05
0.000357356
1.36094e-05
0.000360229
1.3081e-05
0.000363139
1.31761e-05
0.000366006
1.31062e-05
0.000368759
1.26871e-05
0.000371505
1.26717e-05
0.000374158
1.24712e-05
0.000376723
1.21745e-05
0.00037927
1.18095e-05
0.000381811
1.14625e-05
0.000384253
1.11523e-05
0.000386581
1.07745e-05
0.000388772
1.03368e-05
0.000390957
9.82488e-06
0.000393072
9.38472e-06
0.000395003
8.92928e-06
0.000396765
8.47005e-06
0.000398407
7.91397e-06
0.000399962
7.41158e-06
0.000401388
6.82679e-06
0.000402664
6.35106e-06
0.000403766
5.75973e-06
0.000404748
5.26499e-06
0.00040561
4.59588e-06
0.000406372
4.09781e-06
0.000406978
3.43627e-06
0.000407451
2.97361e-06
0.000407755
2.2702e-06
0.000407953
1.79417e-06
0.000408021
1.06966e-06
0.000407992
6.45262e-07
0.000407809
-6.381e-08
0.000407534
-4.00207e-07
0.00040711
-1.10547e-06
0.000406607
-1.4359e-06
0.000405966
-2.16114e-06
0.00040528
-2.42484e-06
0.000404455
-3.1107e-06
0.000403567
-3.29209e-06
0.000402527
-3.97295e-06
0.000401453
-4.12533e-06
0.000400248
-4.80758e-06
0.000399026
-4.91869e-06
0.000397677
-5.57104e-06
0.000396309
-5.64772e-06
0.000394796
-6.24378e-06
0.000393276
-6.3022e-06
0.00039163
-6.74561e-06
0.00039006
-6.80543e-06
-0.000115722
0.000374237
-0.000147849
0.000362559
-0.000121291
0.000342488
-8.26021e-05
0.000320518
-4.84339e-05
0.000298842
-1.87882e-05
0.000283676
-3.13207e-06
0.000274889
9.54156e-06
0.00027296
1.16655e-05
0.000275566
1.26603e-05
0.000278814
1.22323e-05
0.000282757
1.1384e-05
0.000286975
1.04282e-05
0.000290591
1.00374e-05
0.000293611
9.94345e-06
0.000296536
1.01164e-05
0.000299291
1.0605e-05
0.000301835
1.09269e-05
0.000304477
1.06431e-05
0.000307463
1.07411e-05
0.000310615
1.08019e-05
0.000313677
1.05166e-05
0.000316769
1.05559e-05
0.000319737
1.04083e-05
0.000322553
1.06785e-05
0.000325372
1.0737e-05
0.000328188
1.04408e-05
0.000331132
1.0793e-05
0.000334038
1.08216e-05
0.000336836
1.04519e-05
0.000339756
1.06813e-05
0.000342665
1.05935e-05
0.000345402
1.02531e-05
0.000348184
1.04189e-05
0.000350948
1.02316e-05
0.000353652
9.88096e-06
0.000356325
9.9621e-06
0.000358911
9.82304e-06
0.000361429
9.54452e-06
0.000363921
9.21155e-06
0.00036636
8.95108e-06
0.000368687
8.75925e-06
0.000370907
8.49407e-06
0.000373053
8.1355e-06
0.000375105
7.70596e-06
0.00037705
7.36177e-06
0.000378852
7.04583e-06
0.000380518
6.72589e-06
0.000382065
6.29024e-06
0.000383514
5.88493e-06
0.000384824
5.43547e-06
0.000385988
5.10182e-06
0.000387003
4.65471e-06
0.000387923
4.24932e-06
0.000388736
3.68351e-06
0.000389456
3.27563e-06
0.000390036
2.75386e-06
0.000390505
2.40285e-06
0.000390825
1.84696e-06
0.00039105
1.46656e-06
0.000391145
8.67259e-07
0.000391142
5.38422e-07
0.000390988
-1.67822e-08
0.00039075
-2.75011e-07
0.000390365
-8.47632e-07
0.000389906
-1.11293e-06
0.000389314
-1.7056e-06
0.000388675
-1.9159e-06
0.000387889
-2.45421e-06
0.000387041
-2.57982e-06
0.000386054
-3.12184e-06
0.000385041
-3.24457e-06
0.000383898
-3.79085e-06
0.00038273
-3.87675e-06
0.000381425
-4.40693e-06
0.000380094
-4.47396e-06
0.000378634
-4.94613e-06
0.000377167
-4.98649e-06
0.000375587
-5.31334e-06
0.000374084
-5.36158e-06
-8.74404e-05
0.000355632
-0.000138132
0.000335617
-0.000101318
0.000308714
-5.57259e-05
0.000286399
-2.62104e-05
0.000269814
-2.17484e-06
0.000259543
7.11506e-06
0.000258458
1.06431e-05
0.00025959
1.05108e-05
0.000262411
9.81633e-06
0.000266955
7.6559e-06
0.000271612
6.68414e-06
0.000275271
6.70794e-06
0.000278273
6.98302e-06
0.00028076
7.42548e-06
0.000283297
7.55219e-06
0.000286072
7.81395e-06
0.000288844
8.12991e-06
0.000291636
7.81084e-06
0.000294639
7.72132e-06
0.000297668
7.72084e-06
0.000300393
7.75511e-06
0.000303099
7.80364e-06
0.000305839
7.5938e-06
0.000308629
7.86631e-06
0.000311407
7.88326e-06
0.000314175
7.61082e-06
0.000317038
7.91252e-06
0.000319826
7.93741e-06
0.000322504
7.70641e-06
0.000325302
7.87208e-06
0.00032807
7.71386e-06
0.000330702
7.56128e-06
0.000333387
7.73255e-06
0.000336028
7.47723e-06
0.000338583
7.257e-06
0.000341149
7.35753e-06
0.00034364
7.27591e-06
0.000346082
7.00142e-06
0.000348462
6.73391e-06
0.000350781
6.55923e-06
0.000353046
6.42697e-06
0.000355249
6.22751e-06
0.000357346
5.9761e-06
0.00035932
5.66699e-06
0.00036119
5.4187e-06
0.000362926
5.23314e-06
0.000364528
5.04905e-06
0.000366005
4.74078e-06
0.000367373
4.44517e-06
0.000368596
4.13892e-06
0.000369684
3.93525e-06
0.000370648
3.60565e-06
0.000371535
3.27133e-06
0.000372319
2.80232e-06
0.000373032
2.4654e-06
0.00037363
2.06011e-06
0.00037414
1.79897e-06
0.000374512
1.38307e-06
0.000374792
1.09415e-06
0.000374929
6.2809e-07
0.00037497
3.89982e-07
0.000374861
-2.00322e-08
0.000374674
-2.09996e-07
0.000374347
-6.49461e-07
0.000373953
-8.4707e-07
0.000373428
-1.303e-06
0.000372843
-1.45431e-06
0.000372102
-1.84517e-06
0.000371307
-1.92099e-06
0.00037038
-2.32859e-06
0.000369425
-2.41668e-06
0.000368337
-2.82689e-06
0.000367213
-2.88344e-06
0.00036595
-3.2893e-06
0.000364657
-3.33244e-06
0.000363241
-3.67867e-06
0.000361811
-3.69521e-06
0.00036027
-3.91662e-06
0.000358797
-3.95184e-06
-6.08067e-05
0.000332164
-0.000116615
0.000300756
-6.99284e-05
0.00027111
-2.61593e-05
0.000252892
-8.00561e-06
0.000244574
6.10694e-06
0.000244092
7.61498e-06
0.000246061
8.64436e-06
0.000249982
6.57222e-06
0.00025566
4.12612e-06
0.000259372
3.91842e-06
0.000262015
3.9937e-06
0.000264169
4.48689e-06
0.000266306
4.79581e-06
0.000268811
4.89293e-06
0.000271596
4.7436e-06
0.000274478
4.92352e-06
0.000277286
5.28979e-06
0.000279928
5.13257e-06
0.000282618
5.00878e-06
0.000285284
4.99362e-06
0.000287839
5.17856e-06
0.000290422
5.15927e-06
0.000293039
4.91802e-06
0.000295741
5.1445e-06
0.000298376
5.16954e-06
0.000300957
4.99277e-06
0.000303654
5.1904e-06
0.000306293
5.1991e-06
0.000308883
5.08097e-06
0.000311551
5.1648e-06
0.000314147
5.00554e-06
0.000316694
4.98247e-06
0.000319292
5.11465e-06
0.000321819
4.84816e-06
0.000324303
4.72114e-06
0.000326798
4.81627e-06
0.000329239
4.76966e-06
0.0003316
4.54321e-06
0.000333858
4.37994e-06
0.00033608
4.26197e-06
0.000338253
4.18683e-06
0.000340349
4.06865e-06
0.000342352
3.9114e-06
0.00034424
3.71411e-06
0.00034602
3.56873e-06
0.000347702
3.48e-06
0.000349305
3.37687e-06
0.000350803
3.17583e-06
0.000352193
2.98799e-06
0.000353451
2.80763e-06
0.000354618
2.68766e-06
0.000355694
2.44003e-06
0.000356684
2.18861e-06
0.000357542
1.85014e-06
0.000358303
1.61527e-06
0.000358936
1.34195e-06
0.000359479
1.17424e-06
0.000359879
8.99385e-07
0.000360179
7.04952e-07
0.000360319
3.87139e-07
0.000360363
2.35382e-07
0.00036026
-3.5117e-08
0.000360088
-1.61423e-07
0.000359777
-4.61333e-07
0.000359404
-5.90672e-07
0.000358888
-8.99041e-07
0.000358302
-9.88212e-07
0.000357566
-1.23737e-06
0.000356791
-1.27744e-06
0.000355887
-1.55224e-06
0.000354952
-1.60588e-06
0.000353882
-1.87942e-06
0.00035278
-1.91031e-06
0.000351539
-2.18563e-06
0.000350273
-2.20592e-06
0.000348885
-2.4297e-06
0.000347481
-2.43049e-06
0.000345979
-2.55898e-06
0.000344555
-2.59395e-06
-3.72107e-05
0.000310827
-8.52656e-05
0.000278153
-3.72005e-05
0.000254929
-3.02985e-06
0.000240454
6.48295e-06
0.00023624
1.02855e-05
0.000236629
7.21142e-06
0.000240288
4.93637e-06
0.000244103
2.69649e-06
0.000246796
1.40005e-06
0.00024927
1.41483e-06
0.000251433
1.78463e-06
0.000253536
2.32517e-06
0.000255805
2.48552e-06
0.000258309
2.36499e-06
0.000260835
2.20146e-06
0.000263378
2.37486e-06
0.000265991
2.63788e-06
0.000268556
2.54052e-06
0.000271108
2.42403e-06
0.000273668
2.38423e-06
0.000276273
2.55219e-06
0.000278823
2.5442e-06
0.000281318
2.38031e-06
0.0002839
2.52839e-06
0.000286458
2.53916e-06
0.00028899
2.43682e-06
0.000291589
2.54186e-06
0.000294169
2.53735e-06
0.000296736
2.49255e-06
0.000299303
2.53135e-06
0.000301792
2.43791e-06
0.000304321
2.4567e-06
0.000306859
2.52329e-06
0.000309268
2.35424e-06
0.000311663
2.28211e-06
0.000314089
2.36034e-06
0.00031646
2.32958e-06
0.000318738
2.18447e-06
0.000320915
2.11917e-06
0.000323039
2.06396e-06
0.00032512
2.03572e-06
0.000327139
1.98508e-06
0.000329082
1.90618e-06
0.000330932
1.80037e-06
0.00033271
1.7265e-06
0.000334429
1.69469e-06
0.000336086
1.6555e-06
0.000337648
1.5506e-06
0.000339115
1.45666e-06
0.000340478
1.37293e-06
0.000341758
1.32826e-06
0.000342913
1.19693e-06
0.000343962
1.04912e-06
0.000344871
8.51232e-07
0.000345667
7.37018e-07
0.000346327
6.04011e-07
0.000346887
5.38878e-07
0.000347312
3.9501e-07
0.000347624
3.03458e-07
0.000347775
1.33793e-07
0.000347822
7.58414e-08
0.000347733
-6.52098e-08
0.000347568
-1.14651e-07
0.000347276
-2.79575e-07
0.000346909
-3.29546e-07
0.000346399
-4.96497e-07
0.000345805
-5.05402e-07
0.000345085
-6.36334e-07
0.000344319
-6.36009e-07
0.000343437
-7.92403e-07
0.000342511
-8.00925e-07
0.000341465
-9.54272e-07
0.000340376
-9.47673e-07
0.000339163
-1.10056e-06
0.000337916
-1.08646e-06
0.000336565
-1.21355e-06
0.000335189
-1.19283e-06
0.00033376
-1.27729e-06
0.000332406
-1.30495e-06
-1.6123e-05
0.000247139
0.000210002
0.000206871
0.000213349
0.000223645
0.000230822
0.000235682
0.000238289
0.000239636
0.000241008
0.000242748
0.000245016
0.000247472
0.000249815
0.000251996
0.000254366
0.000256951
0.000259483
0.000261869
0.000264207
0.00026675
0.000269211
0.000271563
0.00027406
0.000276516
0.000278952
0.000281437
0.000283889
0.000286387
0.00028883
0.000291184
0.000293642
0.000296094
0.000298364
0.000300623
0.000302928
0.00030517
0.000307283
0.000309329
0.00031132
0.000313284
0.000315203
0.000317048
0.00031879
0.000320459
0.000322097
0.000323696
0.000325189
0.000326584
0.000327888
0.000329138
0.000330251
0.000331214
0.000331983
0.000332644
0.000333176
0.000333644
0.000333962
0.000334177
0.000334209
0.000334174
0.000333992
0.000333764
0.00033338
0.000332951
0.000332352
0.000331733
0.000330977
0.000330219
0.000329307
0.000328389
0.00032732
0.000326254
0.000325032
0.000323817
0.00032247
0.00032114
0.000319726
0.000318363
)
;

boundaryField
{
    inlet
    {
        type            calculated;
        value           nonuniform List<scalar> 
40
(
-3.98986e-17
-4.68375e-17
-5.0307e-17
-4.68375e-17
-4.42354e-17
-4.85723e-17
-5.37764e-17
-5.63785e-17
-6.50521e-17
-7.37257e-17
-8.32667e-17
-8.84709e-17
-8.84709e-17
-8.67362e-17
-8.84709e-17
-8.58688e-17
-8.41341e-17
-7.93636e-17
-7.63278e-17
-7.37257e-17
-7.24247e-17
-7.11237e-17
-6.50521e-17
-6.37511e-17
-6.07153e-17
-5.89806e-17
-5.63785e-17
-5.29091e-17
-4.90059e-17
-4.68375e-17
-4.46691e-17
-4.25007e-17
-4.01155e-17
-3.81639e-17
-3.55618e-17
-3.36103e-17
-3.23092e-17
-3.14419e-17
-3.07913e-17
-2.97071e-17
)
;
    }
    outlet
    {
        type            calculated;
        value           nonuniform List<scalar> 
40
(
0.0011052
0.00106592
0.001033
0.00100247
0.000962654
0.000920566
0.000879725
0.000841975
0.000807146
0.0007759
0.000745042
0.000715735
0.000687977
0.000661325
0.000635919
0.000611567
0.000589041
0.000566674
0.000545834
0.000525669
0.00050587
0.000487985
0.000469802
0.000452512
0.000436315
0.000419962
0.000405363
0.000390336
0.000375919
0.000362729
0.000349243
0.000336534
0.000324138
0.000312143
0.000300588
0.000289612
0.000278455
0.000267776
0.00025803
0.000249176
)
;
    }
    axis
    {
        type            symmetryPlane;
        value           uniform 0;
    }
    wall
    {
        type            calculated;
        value           nonuniform List<scalar> 
200
(
0
0
0
0
0
0
0
0
0
0
0
0
0
0
0
0
0
0
0
0
0
0
0
0
0
0
0
0
0
0
0
0
0
0
0
0
0
0
0
0
0
0
0
0
0
0
0
0
0
0
0
0
0
0
0
0
0
0
0
0
0
0
0
0
0
0
0
0
0
0
0
0
0
0
0
0
0
0
0
0
0
0
0
0
0
0
0
0
0
0
0
0
0
0
0
0
0
0
0
0
0
0
0
0
0
0
0
0
0
0
0
0
0
0
0
0
0
0
0
0
0
0
0
1.35525e-20
0
0
2.71051e-20
0
0
0
0
0
0
0
0
0
0
0
0
0
0
0
0
0
0
2.71051e-20
0
2.71051e-20
0
0
0
0
5.42101e-20
0
0
0
0
0
0
0
0
0
0
0
0
1.0842e-19
0
0
0
0
0
0
0
0
5.42101e-20
-1.0842e-19
0
0
0
0
0
0
0
0
0
0
0
0
0
0
0
0
0
0
0
0
5.42101e-20
0
0
0
)
;
    }
    frontAndBack
    {
        type            empty;
    }
}


// ************************************************************************* //
