/*--------------------------------*- C++ -*----------------------------------*\
  =========                 |
  \\      /  F ield         | OpenFOAM: The Open Source CFD Toolbox
   \\    /   O peration     | Website:  https://openfoam.org
    \\  /    A nd           | Version:  13
     \\/     M anipulation  |
\*---------------------------------------------------------------------------*/
FoamFile
{
    format      ascii;
    class       vectorField;
    location    "constant/polyMesh";
    object      points;
}
// * * * * * * * * * * * * * * * * * * * * * * * * * * * * * * * * * * * * * //


21700
(
(-0.1 -0.05 0.005)
(-0.09833333333 -0.05 0.005)
(-0.09666666667 -0.05 0.005)
(-0.095 -0.05 0.005)
(-0.09333333333 -0.05 0.005)
(-0.09166666667 -0.05 0.005)
(-0.09 -0.05 0.005)
(-0.08833333333 -0.05 0.005)
(-0.08666666667 -0.05 0.005)
(-0.085 -0.05 0.005)
(-0.08333333333 -0.05 0.005)
(-0.08166666667 -0.05 0.005)
(-0.08 -0.05 0.005)
(-0.07833333333 -0.05 0.005)
(-0.07666666667 -0.05 0.005)
(-0.075 -0.05 0.005)
(-0.07333333333 -0.05 0.005)
(-0.07166666667 -0.05 0.005)
(-0.07 -0.05 0.005)
(-0.06833333333 -0.05 0.005)
(-0.06666666667 -0.05 0.005)
(-0.065 -0.05 0.005)
(-0.06333333333 -0.05 0.005)
(-0.06166666667 -0.05 0.005)
(-0.06 -0.05 0.005)
(-0.05833333333 -0.05 0.005)
(-0.05666666667 -0.05 0.005)
(-0.055 -0.05 0.005)
(-0.05333333333 -0.05 0.005)
(-0.05166666667 -0.05 0.005)
(-0.05 -0.05 0.005)
(-0.1 -0.05 -0.005)
(-0.09833333333 -0.05 -0.005)
(-0.09666666667 -0.05 -0.005)
(-0.095 -0.05 -0.005)
(-0.09333333333 -0.05 -0.005)
(-0.09166666667 -0.05 -0.005)
(-0.09 -0.05 -0.005)
(-0.08833333333 -0.05 -0.005)
(-0.08666666667 -0.05 -0.005)
(-0.085 -0.05 -0.005)
(-0.08333333333 -0.05 -0.005)
(-0.08166666667 -0.05 -0.005)
(-0.08 -0.05 -0.005)
(-0.07833333333 -0.05 -0.005)
(-0.07666666667 -0.05 -0.005)
(-0.075 -0.05 -0.005)
(-0.07333333333 -0.05 -0.005)
(-0.07166666667 -0.05 -0.005)
(-0.07 -0.05 -0.005)
(-0.06833333333 -0.05 -0.005)
(-0.06666666667 -0.05 -0.005)
(-0.065 -0.05 -0.005)
(-0.06333333333 -0.05 -0.005)
(-0.06166666667 -0.05 -0.005)
(-0.06 -0.05 -0.005)
(-0.05833333333 -0.05 -0.005)
(-0.05666666667 -0.05 -0.005)
(-0.055 -0.05 -0.005)
(-0.05333333333 -0.05 -0.005)
(-0.05166666667 -0.05 -0.005)
(-0.05 -0.05 -0.005)
(-0.1 -0.04666666667 0.005)
(-0.09833333333 -0.04666666667 0.005)
(-0.09666666667 -0.04666666667 0.005)
(-0.095 -0.04666666667 0.005)
(-0.09333333333 -0.04666666667 0.005)
(-0.09166666667 -0.04666666667 0.005)
(-0.09 -0.04666666667 0.005)
(-0.08833333333 -0.04666666667 0.005)
(-0.08666666667 -0.04666666667 0.005)
(-0.085 -0.04666666667 0.005)
(-0.08333333333 -0.04666666667 0.005)
(-0.08166666667 -0.04666666667 0.005)
(-0.08 -0.04666666667 0.005)
(-0.07833333333 -0.04666666667 0.005)
(-0.07666666667 -0.04666666667 0.005)
(-0.075 -0.04666666667 0.005)
(-0.07333333333 -0.04666666667 0.005)
(-0.07166666667 -0.04666666667 0.005)
(-0.07 -0.04666666667 0.005)
(-0.06833333333 -0.04666666667 0.005)
(-0.06666666667 -0.04666666667 0.005)
(-0.065 -0.04666666667 0.005)
(-0.06333333333 -0.04666666667 0.005)
(-0.06166666667 -0.04666666667 0.005)
(-0.06 -0.04666666667 0.005)
(-0.05833333333 -0.04666666667 0.005)
(-0.05666666667 -0.04666666667 0.005)
(-0.055 -0.04666666667 0.005)
(-0.05333333333 -0.04666666667 0.005)
(-0.05166666667 -0.04666666667 0.005)
(-0.05 -0.04666666667 0.005)
(-0.1 -0.04666666667 -0.005)
(-0.09833333333 -0.04666666667 -0.005)
(-0.09666666667 -0.04666666667 -0.005)
(-0.095 -0.04666666667 -0.005)
(-0.09333333333 -0.04666666667 -0.005)
(-0.09166666667 -0.04666666667 -0.005)
(-0.09 -0.04666666667 -0.005)
(-0.08833333333 -0.04666666667 -0.005)
(-0.08666666667 -0.04666666667 -0.005)
(-0.085 -0.04666666667 -0.005)
(-0.08333333333 -0.04666666667 -0.005)
(-0.08166666667 -0.04666666667 -0.005)
(-0.08 -0.04666666667 -0.005)
(-0.07833333333 -0.04666666667 -0.005)
(-0.07666666667 -0.04666666667 -0.005)
(-0.075 -0.04666666667 -0.005)
(-0.07333333333 -0.04666666667 -0.005)
(-0.07166666667 -0.04666666667 -0.005)
(-0.07 -0.04666666667 -0.005)
(-0.06833333333 -0.04666666667 -0.005)
(-0.06666666667 -0.04666666667 -0.005)
(-0.065 -0.04666666667 -0.005)
(-0.06333333333 -0.04666666667 -0.005)
(-0.06166666667 -0.04666666667 -0.005)
(-0.06 -0.04666666667 -0.005)
(-0.05833333333 -0.04666666667 -0.005)
(-0.05666666667 -0.04666666667 -0.005)
(-0.055 -0.04666666667 -0.005)
(-0.05333333333 -0.04666666667 -0.005)
(-0.05166666667 -0.04666666667 -0.005)
(-0.05 -0.04666666667 -0.005)
(-0.1 -0.04333333333 0.005)
(-0.09833333333 -0.04333333333 0.005)
(-0.09666666667 -0.04333333333 0.005)
(-0.095 -0.04333333333 0.005)
(-0.09333333333 -0.04333333333 0.005)
(-0.09166666667 -0.04333333333 0.005)
(-0.09 -0.04333333333 0.005)
(-0.08833333333 -0.04333333333 0.005)
(-0.08666666667 -0.04333333333 0.005)
(-0.085 -0.04333333333 0.005)
(-0.08333333333 -0.04333333333 0.005)
(-0.08166666667 -0.04333333333 0.005)
(-0.08 -0.04333333333 0.005)
(-0.07833333333 -0.04333333333 0.005)
(-0.07666666667 -0.04333333333 0.005)
(-0.075 -0.04333333333 0.005)
(-0.07333333333 -0.04333333333 0.005)
(-0.07166666667 -0.04333333333 0.005)
(-0.07 -0.04333333333 0.005)
(-0.06833333333 -0.04333333333 0.005)
(-0.06666666667 -0.04333333333 0.005)
(-0.065 -0.04333333333 0.005)
(-0.06333333333 -0.04333333333 0.005)
(-0.06166666667 -0.04333333333 0.005)
(-0.06 -0.04333333333 0.005)
(-0.05833333333 -0.04333333333 0.005)
(-0.05666666667 -0.04333333333 0.005)
(-0.055 -0.04333333333 0.005)
(-0.05333333333 -0.04333333333 0.005)
(-0.05166666667 -0.04333333333 0.005)
(-0.05 -0.04333333333 0.005)
(-0.1 -0.04333333333 -0.005)
(-0.09833333333 -0.04333333333 -0.005)
(-0.09666666667 -0.04333333333 -0.005)
(-0.095 -0.04333333333 -0.005)
(-0.09333333333 -0.04333333333 -0.005)
(-0.09166666667 -0.04333333333 -0.005)
(-0.09 -0.04333333333 -0.005)
(-0.08833333333 -0.04333333333 -0.005)
(-0.08666666667 -0.04333333333 -0.005)
(-0.085 -0.04333333333 -0.005)
(-0.08333333333 -0.04333333333 -0.005)
(-0.08166666667 -0.04333333333 -0.005)
(-0.08 -0.04333333333 -0.005)
(-0.07833333333 -0.04333333333 -0.005)
(-0.07666666667 -0.04333333333 -0.005)
(-0.075 -0.04333333333 -0.005)
(-0.07333333333 -0.04333333333 -0.005)
(-0.07166666667 -0.04333333333 -0.005)
(-0.07 -0.04333333333 -0.005)
(-0.06833333333 -0.04333333333 -0.005)
(-0.06666666667 -0.04333333333 -0.005)
(-0.065 -0.04333333333 -0.005)
(-0.06333333333 -0.04333333333 -0.005)
(-0.06166666667 -0.04333333333 -0.005)
(-0.06 -0.04333333333 -0.005)
(-0.05833333333 -0.04333333333 -0.005)
(-0.05666666667 -0.04333333333 -0.005)
(-0.055 -0.04333333333 -0.005)
(-0.05333333333 -0.04333333333 -0.005)
(-0.05166666667 -0.04333333333 -0.005)
(-0.05 -0.04333333333 -0.005)
(-0.1 -0.04 0.005)
(-0.09833333333 -0.04 0.005)
(-0.09666666667 -0.04 0.005)
(-0.095 -0.04 0.005)
(-0.09333333333 -0.04 0.005)
(-0.09166666667 -0.04 0.005)
(-0.09 -0.04 0.005)
(-0.08833333333 -0.04 0.005)
(-0.08666666667 -0.04 0.005)
(-0.085 -0.04 0.005)
(-0.08333333333 -0.04 0.005)
(-0.08166666667 -0.04 0.005)
(-0.08 -0.04 0.005)
(-0.07833333333 -0.04 0.005)
(-0.07666666667 -0.04 0.005)
(-0.075 -0.04 0.005)
(-0.07333333333 -0.04 0.005)
(-0.07166666667 -0.04 0.005)
(-0.07 -0.04 0.005)
(-0.06833333333 -0.04 0.005)
(-0.06666666667 -0.04 0.005)
(-0.065 -0.04 0.005)
(-0.06333333333 -0.04 0.005)
(-0.06166666667 -0.04 0.005)
(-0.06 -0.04 0.005)
(-0.05833333333 -0.04 0.005)
(-0.05666666667 -0.04 0.005)
(-0.055 -0.04 0.005)
(-0.05333333333 -0.04 0.005)
(-0.05166666667 -0.04 0.005)
(-0.05 -0.04 0.005)
(-0.1 -0.04 -0.005)
(-0.09833333333 -0.04 -0.005)
(-0.09666666667 -0.04 -0.005)
(-0.095 -0.04 -0.005)
(-0.09333333333 -0.04 -0.005)
(-0.09166666667 -0.04 -0.005)
(-0.09 -0.04 -0.005)
(-0.08833333333 -0.04 -0.005)
(-0.08666666667 -0.04 -0.005)
(-0.085 -0.04 -0.005)
(-0.08333333333 -0.04 -0.005)
(-0.08166666667 -0.04 -0.005)
(-0.08 -0.04 -0.005)
(-0.07833333333 -0.04 -0.005)
(-0.07666666667 -0.04 -0.005)
(-0.075 -0.04 -0.005)
(-0.07333333333 -0.04 -0.005)
(-0.07166666667 -0.04 -0.005)
(-0.07 -0.04 -0.005)
(-0.06833333333 -0.04 -0.005)
(-0.06666666667 -0.04 -0.005)
(-0.065 -0.04 -0.005)
(-0.06333333333 -0.04 -0.005)
(-0.06166666667 -0.04 -0.005)
(-0.06 -0.04 -0.005)
(-0.05833333333 -0.04 -0.005)
(-0.05666666667 -0.04 -0.005)
(-0.055 -0.04 -0.005)
(-0.05333333333 -0.04 -0.005)
(-0.05166666667 -0.04 -0.005)
(-0.05 -0.04 -0.005)
(-0.1 -0.03666666667 0.005)
(-0.09833333333 -0.03666666667 0.005)
(-0.09666666667 -0.03666666667 0.005)
(-0.095 -0.03666666667 0.005)
(-0.09333333333 -0.03666666667 0.005)
(-0.09166666667 -0.03666666667 0.005)
(-0.09 -0.03666666667 0.005)
(-0.08833333333 -0.03666666667 0.005)
(-0.08666666667 -0.03666666667 0.005)
(-0.085 -0.03666666667 0.005)
(-0.08333333333 -0.03666666667 0.005)
(-0.08166666667 -0.03666666667 0.005)
(-0.08 -0.03666666667 0.005)
(-0.07833333333 -0.03666666667 0.005)
(-0.07666666667 -0.03666666667 0.005)
(-0.075 -0.03666666667 0.005)
(-0.07333333333 -0.03666666667 0.005)
(-0.07166666667 -0.03666666667 0.005)
(-0.07 -0.03666666667 0.005)
(-0.06833333333 -0.03666666667 0.005)
(-0.06666666667 -0.03666666667 0.005)
(-0.065 -0.03666666667 0.005)
(-0.06333333333 -0.03666666667 0.005)
(-0.06166666667 -0.03666666667 0.005)
(-0.06 -0.03666666667 0.005)
(-0.05833333333 -0.03666666667 0.005)
(-0.05666666667 -0.03666666667 0.005)
(-0.055 -0.03666666667 0.005)
(-0.05333333333 -0.03666666667 0.005)
(-0.05166666667 -0.03666666667 0.005)
(-0.05 -0.03666666667 0.005)
(-0.1 -0.03666666667 -0.005)
(-0.09833333333 -0.03666666667 -0.005)
(-0.09666666667 -0.03666666667 -0.005)
(-0.095 -0.03666666667 -0.005)
(-0.09333333333 -0.03666666667 -0.005)
(-0.09166666667 -0.03666666667 -0.005)
(-0.09 -0.03666666667 -0.005)
(-0.08833333333 -0.03666666667 -0.005)
(-0.08666666667 -0.03666666667 -0.005)
(-0.085 -0.03666666667 -0.005)
(-0.08333333333 -0.03666666667 -0.005)
(-0.08166666667 -0.03666666667 -0.005)
(-0.08 -0.03666666667 -0.005)
(-0.07833333333 -0.03666666667 -0.005)
(-0.07666666667 -0.03666666667 -0.005)
(-0.075 -0.03666666667 -0.005)
(-0.07333333333 -0.03666666667 -0.005)
(-0.07166666667 -0.03666666667 -0.005)
(-0.07 -0.03666666667 -0.005)
(-0.06833333333 -0.03666666667 -0.005)
(-0.06666666667 -0.03666666667 -0.005)
(-0.065 -0.03666666667 -0.005)
(-0.06333333333 -0.03666666667 -0.005)
(-0.06166666667 -0.03666666667 -0.005)
(-0.06 -0.03666666667 -0.005)
(-0.05833333333 -0.03666666667 -0.005)
(-0.05666666667 -0.03666666667 -0.005)
(-0.055 -0.03666666667 -0.005)
(-0.05333333333 -0.03666666667 -0.005)
(-0.05166666667 -0.03666666667 -0.005)
(-0.05 -0.03666666667 -0.005)
(-0.1 -0.03333333333 0.005)
(-0.09833333333 -0.03333333333 0.005)
(-0.09666666667 -0.03333333333 0.005)
(-0.095 -0.03333333333 0.005)
(-0.09333333333 -0.03333333333 0.005)
(-0.09166666667 -0.03333333333 0.005)
(-0.09 -0.03333333333 0.005)
(-0.08833333333 -0.03333333333 0.005)
(-0.08666666667 -0.03333333333 0.005)
(-0.085 -0.03333333333 0.005)
(-0.08333333333 -0.03333333333 0.005)
(-0.08166666667 -0.03333333333 0.005)
(-0.08 -0.03333333333 0.005)
(-0.07833333333 -0.03333333333 0.005)
(-0.07666666667 -0.03333333333 0.005)
(-0.075 -0.03333333333 0.005)
(-0.07333333333 -0.03333333333 0.005)
(-0.07166666667 -0.03333333333 0.005)
(-0.07 -0.03333333333 0.005)
(-0.06833333333 -0.03333333333 0.005)
(-0.06666666667 -0.03333333333 0.005)
(-0.065 -0.03333333333 0.005)
(-0.06333333333 -0.03333333333 0.005)
(-0.06166666667 -0.03333333333 0.005)
(-0.06 -0.03333333333 0.005)
(-0.05833333333 -0.03333333333 0.005)
(-0.05666666667 -0.03333333333 0.005)
(-0.055 -0.03333333333 0.005)
(-0.05333333333 -0.03333333333 0.005)
(-0.05166666667 -0.03333333333 0.005)
(-0.05 -0.03333333333 0.005)
(-0.1 -0.03333333333 -0.005)
(-0.09833333333 -0.03333333333 -0.005)
(-0.09666666667 -0.03333333333 -0.005)
(-0.095 -0.03333333333 -0.005)
(-0.09333333333 -0.03333333333 -0.005)
(-0.09166666667 -0.03333333333 -0.005)
(-0.09 -0.03333333333 -0.005)
(-0.08833333333 -0.03333333333 -0.005)
(-0.08666666667 -0.03333333333 -0.005)
(-0.085 -0.03333333333 -0.005)
(-0.08333333333 -0.03333333333 -0.005)
(-0.08166666667 -0.03333333333 -0.005)
(-0.08 -0.03333333333 -0.005)
(-0.07833333333 -0.03333333333 -0.005)
(-0.07666666667 -0.03333333333 -0.005)
(-0.075 -0.03333333333 -0.005)
(-0.07333333333 -0.03333333333 -0.005)
(-0.07166666667 -0.03333333333 -0.005)
(-0.07 -0.03333333333 -0.005)
(-0.06833333333 -0.03333333333 -0.005)
(-0.06666666667 -0.03333333333 -0.005)
(-0.065 -0.03333333333 -0.005)
(-0.06333333333 -0.03333333333 -0.005)
(-0.06166666667 -0.03333333333 -0.005)
(-0.06 -0.03333333333 -0.005)
(-0.05833333333 -0.03333333333 -0.005)
(-0.05666666667 -0.03333333333 -0.005)
(-0.055 -0.03333333333 -0.005)
(-0.05333333333 -0.03333333333 -0.005)
(-0.05166666667 -0.03333333333 -0.005)
(-0.05 -0.03333333333 -0.005)
(-0.1 -0.03 0.005)
(-0.09833333333 -0.03 0.005)
(-0.09666666667 -0.03 0.005)
(-0.095 -0.03 0.005)
(-0.09333333333 -0.03 0.005)
(-0.09166666667 -0.03 0.005)
(-0.09 -0.03 0.005)
(-0.08833333333 -0.03 0.005)
(-0.08666666667 -0.03 0.005)
(-0.085 -0.03 0.005)
(-0.08333333333 -0.03 0.005)
(-0.08166666667 -0.03 0.005)
(-0.08 -0.03 0.005)
(-0.07833333333 -0.03 0.005)
(-0.07666666667 -0.03 0.005)
(-0.075 -0.03 0.005)
(-0.07333333333 -0.03 0.005)
(-0.07166666667 -0.03 0.005)
(-0.07 -0.03 0.005)
(-0.06833333333 -0.03 0.005)
(-0.06666666667 -0.03 0.005)
(-0.065 -0.03 0.005)
(-0.06333333333 -0.03 0.005)
(-0.06166666667 -0.03 0.005)
(-0.06 -0.03 0.005)
(-0.05833333333 -0.03 0.005)
(-0.05666666667 -0.03 0.005)
(-0.055 -0.03 0.005)
(-0.05333333333 -0.03 0.005)
(-0.05166666667 -0.03 0.005)
(-0.05 -0.03 0.005)
(-0.1 -0.03 -0.005)
(-0.09833333333 -0.03 -0.005)
(-0.09666666667 -0.03 -0.005)
(-0.095 -0.03 -0.005)
(-0.09333333333 -0.03 -0.005)
(-0.09166666667 -0.03 -0.005)
(-0.09 -0.03 -0.005)
(-0.08833333333 -0.03 -0.005)
(-0.08666666667 -0.03 -0.005)
(-0.085 -0.03 -0.005)
(-0.08333333333 -0.03 -0.005)
(-0.08166666667 -0.03 -0.005)
(-0.08 -0.03 -0.005)
(-0.07833333333 -0.03 -0.005)
(-0.07666666667 -0.03 -0.005)
(-0.075 -0.03 -0.005)
(-0.07333333333 -0.03 -0.005)
(-0.07166666667 -0.03 -0.005)
(-0.07 -0.03 -0.005)
(-0.06833333333 -0.03 -0.005)
(-0.06666666667 -0.03 -0.005)
(-0.065 -0.03 -0.005)
(-0.06333333333 -0.03 -0.005)
(-0.06166666667 -0.03 -0.005)
(-0.06 -0.03 -0.005)
(-0.05833333333 -0.03 -0.005)
(-0.05666666667 -0.03 -0.005)
(-0.055 -0.03 -0.005)
(-0.05333333333 -0.03 -0.005)
(-0.05166666667 -0.03 -0.005)
(-0.05 -0.03 -0.005)
(-0.1 -0.02666666667 0.005)
(-0.09833333333 -0.02666666667 0.005)
(-0.09666666667 -0.02666666667 0.005)
(-0.095 -0.02666666667 0.005)
(-0.09333333333 -0.02666666667 0.005)
(-0.09166666667 -0.02666666667 0.005)
(-0.09 -0.02666666667 0.005)
(-0.08833333333 -0.02666666667 0.005)
(-0.08666666667 -0.02666666667 0.005)
(-0.085 -0.02666666667 0.005)
(-0.08333333333 -0.02666666667 0.005)
(-0.08166666667 -0.02666666667 0.005)
(-0.08 -0.02666666667 0.005)
(-0.07833333333 -0.02666666667 0.005)
(-0.07666666667 -0.02666666667 0.005)
(-0.075 -0.02666666667 0.005)
(-0.07333333333 -0.02666666667 0.005)
(-0.07166666667 -0.02666666667 0.005)
(-0.07 -0.02666666667 0.005)
(-0.06833333333 -0.02666666667 0.005)
(-0.06666666667 -0.02666666667 0.005)
(-0.065 -0.02666666667 0.005)
(-0.06333333333 -0.02666666667 0.005)
(-0.06166666667 -0.02666666667 0.005)
(-0.06 -0.02666666667 0.005)
(-0.05833333333 -0.02666666667 0.005)
(-0.05666666667 -0.02666666667 0.005)
(-0.055 -0.02666666667 0.005)
(-0.05333333333 -0.02666666667 0.005)
(-0.05166666667 -0.02666666667 0.005)
(-0.05 -0.02666666667 0.005)
(-0.1 -0.02666666667 -0.005)
(-0.09833333333 -0.02666666667 -0.005)
(-0.09666666667 -0.02666666667 -0.005)
(-0.095 -0.02666666667 -0.005)
(-0.09333333333 -0.02666666667 -0.005)
(-0.09166666667 -0.02666666667 -0.005)
(-0.09 -0.02666666667 -0.005)
(-0.08833333333 -0.02666666667 -0.005)
(-0.08666666667 -0.02666666667 -0.005)
(-0.085 -0.02666666667 -0.005)
(-0.08333333333 -0.02666666667 -0.005)
(-0.08166666667 -0.02666666667 -0.005)
(-0.08 -0.02666666667 -0.005)
(-0.07833333333 -0.02666666667 -0.005)
(-0.07666666667 -0.02666666667 -0.005)
(-0.075 -0.02666666667 -0.005)
(-0.07333333333 -0.02666666667 -0.005)
(-0.07166666667 -0.02666666667 -0.005)
(-0.07 -0.02666666667 -0.005)
(-0.06833333333 -0.02666666667 -0.005)
(-0.06666666667 -0.02666666667 -0.005)
(-0.065 -0.02666666667 -0.005)
(-0.06333333333 -0.02666666667 -0.005)
(-0.06166666667 -0.02666666667 -0.005)
(-0.06 -0.02666666667 -0.005)
(-0.05833333333 -0.02666666667 -0.005)
(-0.05666666667 -0.02666666667 -0.005)
(-0.055 -0.02666666667 -0.005)
(-0.05333333333 -0.02666666667 -0.005)
(-0.05166666667 -0.02666666667 -0.005)
(-0.05 -0.02666666667 -0.005)
(-0.1 -0.02333333333 0.005)
(-0.09833333333 -0.02333333333 0.005)
(-0.09666666667 -0.02333333333 0.005)
(-0.095 -0.02333333333 0.005)
(-0.09333333333 -0.02333333333 0.005)
(-0.09166666667 -0.02333333333 0.005)
(-0.09 -0.02333333333 0.005)
(-0.08833333333 -0.02333333333 0.005)
(-0.08666666667 -0.02333333333 0.005)
(-0.085 -0.02333333333 0.005)
(-0.08333333333 -0.02333333333 0.005)
(-0.08166666667 -0.02333333333 0.005)
(-0.08 -0.02333333333 0.005)
(-0.07833333333 -0.02333333333 0.005)
(-0.07666666667 -0.02333333333 0.005)
(-0.075 -0.02333333333 0.005)
(-0.07333333333 -0.02333333333 0.005)
(-0.07166666667 -0.02333333333 0.005)
(-0.07 -0.02333333333 0.005)
(-0.06833333333 -0.02333333333 0.005)
(-0.06666666667 -0.02333333333 0.005)
(-0.065 -0.02333333333 0.005)
(-0.06333333333 -0.02333333333 0.005)
(-0.06166666667 -0.02333333333 0.005)
(-0.06 -0.02333333333 0.005)
(-0.05833333333 -0.02333333333 0.005)
(-0.05666666667 -0.02333333333 0.005)
(-0.055 -0.02333333333 0.005)
(-0.05333333333 -0.02333333333 0.005)
(-0.05166666667 -0.02333333333 0.005)
(-0.05 -0.02333333333 0.005)
(-0.1 -0.02333333333 -0.005)
(-0.09833333333 -0.02333333333 -0.005)
(-0.09666666667 -0.02333333333 -0.005)
(-0.095 -0.02333333333 -0.005)
(-0.09333333333 -0.02333333333 -0.005)
(-0.09166666667 -0.02333333333 -0.005)
(-0.09 -0.02333333333 -0.005)
(-0.08833333333 -0.02333333333 -0.005)
(-0.08666666667 -0.02333333333 -0.005)
(-0.085 -0.02333333333 -0.005)
(-0.08333333333 -0.02333333333 -0.005)
(-0.08166666667 -0.02333333333 -0.005)
(-0.08 -0.02333333333 -0.005)
(-0.07833333333 -0.02333333333 -0.005)
(-0.07666666667 -0.02333333333 -0.005)
(-0.075 -0.02333333333 -0.005)
(-0.07333333333 -0.02333333333 -0.005)
(-0.07166666667 -0.02333333333 -0.005)
(-0.07 -0.02333333333 -0.005)
(-0.06833333333 -0.02333333333 -0.005)
(-0.06666666667 -0.02333333333 -0.005)
(-0.065 -0.02333333333 -0.005)
(-0.06333333333 -0.02333333333 -0.005)
(-0.06166666667 -0.02333333333 -0.005)
(-0.06 -0.02333333333 -0.005)
(-0.05833333333 -0.02333333333 -0.005)
(-0.05666666667 -0.02333333333 -0.005)
(-0.055 -0.02333333333 -0.005)
(-0.05333333333 -0.02333333333 -0.005)
(-0.05166666667 -0.02333333333 -0.005)
(-0.05 -0.02333333333 -0.005)
(-0.1 -0.02 0.005)
(-0.09833333333 -0.02 0.005)
(-0.09666666667 -0.02 0.005)
(-0.095 -0.02 0.005)
(-0.09333333333 -0.02 0.005)
(-0.09166666667 -0.02 0.005)
(-0.09 -0.02 0.005)
(-0.08833333333 -0.02 0.005)
(-0.08666666667 -0.02 0.005)
(-0.085 -0.02 0.005)
(-0.08333333333 -0.02 0.005)
(-0.08166666667 -0.02 0.005)
(-0.08 -0.02 0.005)
(-0.07833333333 -0.02 0.005)
(-0.07666666667 -0.02 0.005)
(-0.075 -0.02 0.005)
(-0.07333333333 -0.02 0.005)
(-0.07166666667 -0.02 0.005)
(-0.07 -0.02 0.005)
(-0.06833333333 -0.02 0.005)
(-0.06666666667 -0.02 0.005)
(-0.065 -0.02 0.005)
(-0.06333333333 -0.02 0.005)
(-0.06166666667 -0.02 0.005)
(-0.06 -0.02 0.005)
(-0.05833333333 -0.02 0.005)
(-0.05666666667 -0.02 0.005)
(-0.055 -0.02 0.005)
(-0.05333333333 -0.02 0.005)
(-0.05166666667 -0.02 0.005)
(-0.05 -0.02 0.005)
(-0.1 -0.02 -0.005)
(-0.09833333333 -0.02 -0.005)
(-0.09666666667 -0.02 -0.005)
(-0.095 -0.02 -0.005)
(-0.09333333333 -0.02 -0.005)
(-0.09166666667 -0.02 -0.005)
(-0.09 -0.02 -0.005)
(-0.08833333333 -0.02 -0.005)
(-0.08666666667 -0.02 -0.005)
(-0.085 -0.02 -0.005)
(-0.08333333333 -0.02 -0.005)
(-0.08166666667 -0.02 -0.005)
(-0.08 -0.02 -0.005)
(-0.07833333333 -0.02 -0.005)
(-0.07666666667 -0.02 -0.005)
(-0.075 -0.02 -0.005)
(-0.07333333333 -0.02 -0.005)
(-0.07166666667 -0.02 -0.005)
(-0.07 -0.02 -0.005)
(-0.06833333333 -0.02 -0.005)
(-0.06666666667 -0.02 -0.005)
(-0.065 -0.02 -0.005)
(-0.06333333333 -0.02 -0.005)
(-0.06166666667 -0.02 -0.005)
(-0.06 -0.02 -0.005)
(-0.05833333333 -0.02 -0.005)
(-0.05666666667 -0.02 -0.005)
(-0.055 -0.02 -0.005)
(-0.05333333333 -0.02 -0.005)
(-0.05166666667 -0.02 -0.005)
(-0.05 -0.02 -0.005)
(-0.1 -0.01666666667 0.005)
(-0.09833333333 -0.01666666667 0.005)
(-0.09666666667 -0.01666666667 0.005)
(-0.095 -0.01666666667 0.005)
(-0.09333333333 -0.01666666667 0.005)
(-0.09166666667 -0.01666666667 0.005)
(-0.09 -0.01666666667 0.005)
(-0.08833333333 -0.01666666667 0.005)
(-0.08666666667 -0.01666666667 0.005)
(-0.085 -0.01666666667 0.005)
(-0.08333333333 -0.01666666667 0.005)
(-0.08166666667 -0.01666666667 0.005)
(-0.08 -0.01666666667 0.005)
(-0.07833333333 -0.01666666667 0.005)
(-0.07666666667 -0.01666666667 0.005)
(-0.075 -0.01666666667 0.005)
(-0.07333333333 -0.01666666667 0.005)
(-0.07166666667 -0.01666666667 0.005)
(-0.07 -0.01666666667 0.005)
(-0.06833333333 -0.01666666667 0.005)
(-0.06666666667 -0.01666666667 0.005)
(-0.065 -0.01666666667 0.005)
(-0.06333333333 -0.01666666667 0.005)
(-0.06166666667 -0.01666666667 0.005)
(-0.06 -0.01666666667 0.005)
(-0.05833333333 -0.01666666667 0.005)
(-0.05666666667 -0.01666666667 0.005)
(-0.055 -0.01666666667 0.005)
(-0.05333333333 -0.01666666667 0.005)
(-0.05166666667 -0.01666666667 0.005)
(-0.05 -0.01666666667 0.005)
(-0.1 -0.01666666667 -0.005)
(-0.09833333333 -0.01666666667 -0.005)
(-0.09666666667 -0.01666666667 -0.005)
(-0.095 -0.01666666667 -0.005)
(-0.09333333333 -0.01666666667 -0.005)
(-0.09166666667 -0.01666666667 -0.005)
(-0.09 -0.01666666667 -0.005)
(-0.08833333333 -0.01666666667 -0.005)
(-0.08666666667 -0.01666666667 -0.005)
(-0.085 -0.01666666667 -0.005)
(-0.08333333333 -0.01666666667 -0.005)
(-0.08166666667 -0.01666666667 -0.005)
(-0.08 -0.01666666667 -0.005)
(-0.07833333333 -0.01666666667 -0.005)
(-0.07666666667 -0.01666666667 -0.005)
(-0.075 -0.01666666667 -0.005)
(-0.07333333333 -0.01666666667 -0.005)
(-0.07166666667 -0.01666666667 -0.005)
(-0.07 -0.01666666667 -0.005)
(-0.06833333333 -0.01666666667 -0.005)
(-0.06666666667 -0.01666666667 -0.005)
(-0.065 -0.01666666667 -0.005)
(-0.06333333333 -0.01666666667 -0.005)
(-0.06166666667 -0.01666666667 -0.005)
(-0.06 -0.01666666667 -0.005)
(-0.05833333333 -0.01666666667 -0.005)
(-0.05666666667 -0.01666666667 -0.005)
(-0.055 -0.01666666667 -0.005)
(-0.05333333333 -0.01666666667 -0.005)
(-0.05166666667 -0.01666666667 -0.005)
(-0.05 -0.01666666667 -0.005)
(-0.1 -0.01333333333 0.005)
(-0.09833333333 -0.01333333333 0.005)
(-0.09666666667 -0.01333333333 0.005)
(-0.095 -0.01333333333 0.005)
(-0.09333333333 -0.01333333333 0.005)
(-0.09166666667 -0.01333333333 0.005)
(-0.09 -0.01333333333 0.005)
(-0.08833333333 -0.01333333333 0.005)
(-0.08666666667 -0.01333333333 0.005)
(-0.085 -0.01333333333 0.005)
(-0.08333333333 -0.01333333333 0.005)
(-0.08166666667 -0.01333333333 0.005)
(-0.08 -0.01333333333 0.005)
(-0.07833333333 -0.01333333333 0.005)
(-0.07666666667 -0.01333333333 0.005)
(-0.075 -0.01333333333 0.005)
(-0.07333333333 -0.01333333333 0.005)
(-0.07166666667 -0.01333333333 0.005)
(-0.07 -0.01333333333 0.005)
(-0.06833333333 -0.01333333333 0.005)
(-0.06666666667 -0.01333333333 0.005)
(-0.065 -0.01333333333 0.005)
(-0.06333333333 -0.01333333333 0.005)
(-0.06166666667 -0.01333333333 0.005)
(-0.06 -0.01333333333 0.005)
(-0.05833333333 -0.01333333333 0.005)
(-0.05666666667 -0.01333333333 0.005)
(-0.055 -0.01333333333 0.005)
(-0.05333333333 -0.01333333333 0.005)
(-0.05166666667 -0.01333333333 0.005)
(-0.05 -0.01333333333 0.005)
(-0.1 -0.01333333333 -0.005)
(-0.09833333333 -0.01333333333 -0.005)
(-0.09666666667 -0.01333333333 -0.005)
(-0.095 -0.01333333333 -0.005)
(-0.09333333333 -0.01333333333 -0.005)
(-0.09166666667 -0.01333333333 -0.005)
(-0.09 -0.01333333333 -0.005)
(-0.08833333333 -0.01333333333 -0.005)
(-0.08666666667 -0.01333333333 -0.005)
(-0.085 -0.01333333333 -0.005)
(-0.08333333333 -0.01333333333 -0.005)
(-0.08166666667 -0.01333333333 -0.005)
(-0.08 -0.01333333333 -0.005)
(-0.07833333333 -0.01333333333 -0.005)
(-0.07666666667 -0.01333333333 -0.005)
(-0.075 -0.01333333333 -0.005)
(-0.07333333333 -0.01333333333 -0.005)
(-0.07166666667 -0.01333333333 -0.005)
(-0.07 -0.01333333333 -0.005)
(-0.06833333333 -0.01333333333 -0.005)
(-0.06666666667 -0.01333333333 -0.005)
(-0.065 -0.01333333333 -0.005)
(-0.06333333333 -0.01333333333 -0.005)
(-0.06166666667 -0.01333333333 -0.005)
(-0.06 -0.01333333333 -0.005)
(-0.05833333333 -0.01333333333 -0.005)
(-0.05666666667 -0.01333333333 -0.005)
(-0.055 -0.01333333333 -0.005)
(-0.05333333333 -0.01333333333 -0.005)
(-0.05166666667 -0.01333333333 -0.005)
(-0.05 -0.01333333333 -0.005)
(-0.1 -0.01 0.005)
(-0.09833333333 -0.01 0.005)
(-0.09666666667 -0.01 0.005)
(-0.095 -0.01 0.005)
(-0.09333333333 -0.01 0.005)
(-0.09166666667 -0.01 0.005)
(-0.09 -0.01 0.005)
(-0.08833333333 -0.01 0.005)
(-0.08666666667 -0.01 0.005)
(-0.085 -0.01 0.005)
(-0.08333333333 -0.01 0.005)
(-0.08166666667 -0.01 0.005)
(-0.08 -0.01 0.005)
(-0.07833333333 -0.01 0.005)
(-0.07666666667 -0.01 0.005)
(-0.075 -0.01 0.005)
(-0.07333333333 -0.01 0.005)
(-0.07166666667 -0.01 0.005)
(-0.07 -0.01 0.005)
(-0.06833333333 -0.01 0.005)
(-0.06666666667 -0.01 0.005)
(-0.065 -0.01 0.005)
(-0.06333333333 -0.01 0.005)
(-0.06166666667 -0.01 0.005)
(-0.06 -0.01 0.005)
(-0.05833333333 -0.01 0.005)
(-0.05666666667 -0.01 0.005)
(-0.055 -0.01 0.005)
(-0.05333333333 -0.01 0.005)
(-0.05166666667 -0.01 0.005)
(-0.05 -0.01 0.005)
(-0.1 -0.01 -0.005)
(-0.09833333333 -0.01 -0.005)
(-0.09666666667 -0.01 -0.005)
(-0.095 -0.01 -0.005)
(-0.09333333333 -0.01 -0.005)
(-0.09166666667 -0.01 -0.005)
(-0.09 -0.01 -0.005)
(-0.08833333333 -0.01 -0.005)
(-0.08666666667 -0.01 -0.005)
(-0.085 -0.01 -0.005)
(-0.08333333333 -0.01 -0.005)
(-0.08166666667 -0.01 -0.005)
(-0.08 -0.01 -0.005)
(-0.07833333333 -0.01 -0.005)
(-0.07666666667 -0.01 -0.005)
(-0.075 -0.01 -0.005)
(-0.07333333333 -0.01 -0.005)
(-0.07166666667 -0.01 -0.005)
(-0.07 -0.01 -0.005)
(-0.06833333333 -0.01 -0.005)
(-0.06666666667 -0.01 -0.005)
(-0.065 -0.01 -0.005)
(-0.06333333333 -0.01 -0.005)
(-0.06166666667 -0.01 -0.005)
(-0.06 -0.01 -0.005)
(-0.05833333333 -0.01 -0.005)
(-0.05666666667 -0.01 -0.005)
(-0.055 -0.01 -0.005)
(-0.05333333333 -0.01 -0.005)
(-0.05166666667 -0.01 -0.005)
(-0.05 -0.01 -0.005)
(-0.1 -0.006666666667 0.005)
(-0.09833333333 -0.006666666667 0.005)
(-0.09666666667 -0.006666666667 0.005)
(-0.095 -0.006666666667 0.005)
(-0.09333333333 -0.006666666667 0.005)
(-0.09166666667 -0.006666666667 0.005)
(-0.09 -0.006666666667 0.005)
(-0.08833333333 -0.006666666667 0.005)
(-0.08666666667 -0.006666666667 0.005)
(-0.085 -0.006666666667 0.005)
(-0.08333333333 -0.006666666667 0.005)
(-0.08166666667 -0.006666666667 0.005)
(-0.08 -0.006666666667 0.005)
(-0.07833333333 -0.006666666667 0.005)
(-0.07666666667 -0.006666666667 0.005)
(-0.075 -0.006666666667 0.005)
(-0.07333333333 -0.006666666667 0.005)
(-0.07166666667 -0.006666666667 0.005)
(-0.07 -0.006666666667 0.005)
(-0.06833333333 -0.006666666667 0.005)
(-0.06666666667 -0.006666666667 0.005)
(-0.065 -0.006666666667 0.005)
(-0.06333333333 -0.006666666667 0.005)
(-0.06166666667 -0.006666666667 0.005)
(-0.06 -0.006666666667 0.005)
(-0.05833333333 -0.006666666667 0.005)
(-0.05666666667 -0.006666666667 0.005)
(-0.055 -0.006666666667 0.005)
(-0.05333333333 -0.006666666667 0.005)
(-0.05166666667 -0.006666666667 0.005)
(-0.05 -0.006666666667 0.005)
(-0.1 -0.006666666667 -0.005)
(-0.09833333333 -0.006666666667 -0.005)
(-0.09666666667 -0.006666666667 -0.005)
(-0.095 -0.006666666667 -0.005)
(-0.09333333333 -0.006666666667 -0.005)
(-0.09166666667 -0.006666666667 -0.005)
(-0.09 -0.006666666667 -0.005)
(-0.08833333333 -0.006666666667 -0.005)
(-0.08666666667 -0.006666666667 -0.005)
(-0.085 -0.006666666667 -0.005)
(-0.08333333333 -0.006666666667 -0.005)
(-0.08166666667 -0.006666666667 -0.005)
(-0.08 -0.006666666667 -0.005)
(-0.07833333333 -0.006666666667 -0.005)
(-0.07666666667 -0.006666666667 -0.005)
(-0.075 -0.006666666667 -0.005)
(-0.07333333333 -0.006666666667 -0.005)
(-0.07166666667 -0.006666666667 -0.005)
(-0.07 -0.006666666667 -0.005)
(-0.06833333333 -0.006666666667 -0.005)
(-0.06666666667 -0.006666666667 -0.005)
(-0.065 -0.006666666667 -0.005)
(-0.06333333333 -0.006666666667 -0.005)
(-0.06166666667 -0.006666666667 -0.005)
(-0.06 -0.006666666667 -0.005)
(-0.05833333333 -0.006666666667 -0.005)
(-0.05666666667 -0.006666666667 -0.005)
(-0.055 -0.006666666667 -0.005)
(-0.05333333333 -0.006666666667 -0.005)
(-0.05166666667 -0.006666666667 -0.005)
(-0.05 -0.006666666667 -0.005)
(-0.1 -0.003333333333 0.005)
(-0.09833333333 -0.003333333333 0.005)
(-0.09666666667 -0.003333333333 0.005)
(-0.095 -0.003333333333 0.005)
(-0.09333333333 -0.003333333333 0.005)
(-0.09166666667 -0.003333333333 0.005)
(-0.09 -0.003333333333 0.005)
(-0.08833333333 -0.003333333333 0.005)
(-0.08666666667 -0.003333333333 0.005)
(-0.085 -0.003333333333 0.005)
(-0.08333333333 -0.003333333333 0.005)
(-0.08166666667 -0.003333333333 0.005)
(-0.08 -0.003333333333 0.005)
(-0.07833333333 -0.003333333333 0.005)
(-0.07666666667 -0.003333333333 0.005)
(-0.075 -0.003333333333 0.005)
(-0.07333333333 -0.003333333333 0.005)
(-0.07166666667 -0.003333333333 0.005)
(-0.07 -0.003333333333 0.005)
(-0.06833333333 -0.003333333333 0.005)
(-0.06666666667 -0.003333333333 0.005)
(-0.065 -0.003333333333 0.005)
(-0.06333333333 -0.003333333333 0.005)
(-0.06166666667 -0.003333333333 0.005)
(-0.06 -0.003333333333 0.005)
(-0.05833333333 -0.003333333333 0.005)
(-0.05666666667 -0.003333333333 0.005)
(-0.055 -0.003333333333 0.005)
(-0.05333333333 -0.003333333333 0.005)
(-0.05166666667 -0.003333333333 0.005)
(-0.05 -0.003333333333 0.005)
(-0.1 -0.003333333333 -0.005)
(-0.09833333333 -0.003333333333 -0.005)
(-0.09666666667 -0.003333333333 -0.005)
(-0.095 -0.003333333333 -0.005)
(-0.09333333333 -0.003333333333 -0.005)
(-0.09166666667 -0.003333333333 -0.005)
(-0.09 -0.003333333333 -0.005)
(-0.08833333333 -0.003333333333 -0.005)
(-0.08666666667 -0.003333333333 -0.005)
(-0.085 -0.003333333333 -0.005)
(-0.08333333333 -0.003333333333 -0.005)
(-0.08166666667 -0.003333333333 -0.005)
(-0.08 -0.003333333333 -0.005)
(-0.07833333333 -0.003333333333 -0.005)
(-0.07666666667 -0.003333333333 -0.005)
(-0.075 -0.003333333333 -0.005)
(-0.07333333333 -0.003333333333 -0.005)
(-0.07166666667 -0.003333333333 -0.005)
(-0.07 -0.003333333333 -0.005)
(-0.06833333333 -0.003333333333 -0.005)
(-0.06666666667 -0.003333333333 -0.005)
(-0.065 -0.003333333333 -0.005)
(-0.06333333333 -0.003333333333 -0.005)
(-0.06166666667 -0.003333333333 -0.005)
(-0.06 -0.003333333333 -0.005)
(-0.05833333333 -0.003333333333 -0.005)
(-0.05666666667 -0.003333333333 -0.005)
(-0.055 -0.003333333333 -0.005)
(-0.05333333333 -0.003333333333 -0.005)
(-0.05166666667 -0.003333333333 -0.005)
(-0.05 -0.003333333333 -0.005)
(-0.1 0 0.005)
(-0.09833333333 0 0.005)
(-0.09666666667 0 0.005)
(-0.095 0 0.005)
(-0.09333333333 0 0.005)
(-0.09166666667 0 0.005)
(-0.09 0 0.005)
(-0.08833333333 0 0.005)
(-0.08666666667 0 0.005)
(-0.085 0 0.005)
(-0.08333333333 7.401486831e-19 0.005)
(-0.08166666667 -7.401486831e-19 0.005)
(-0.08 0 0.005)
(-0.07833333333 0 0.005)
(-0.07666666667 0 0.005)
(-0.075 0 0.005)
(-0.07333333333 0 0.005)
(-0.07166666667 0 0.005)
(-0.07 0 0.005)
(-0.06833333333 0 0.005)
(-0.06666666667 0 0.005)
(-0.065 3.700743415e-19 0.005)
(-0.06333333333 0 0.005)
(-0.06166666667 0 0.005)
(-0.06 -3.700743415e-19 0.005)
(-0.05833333333 1.850371708e-19 0.005)
(-0.05666666667 7.401486831e-19 0.005)
(-0.055 -1.850371708e-19 0.005)
(-0.05333333333 3.700743415e-19 0.005)
(-0.05166666667 -5.551115123e-19 0.005)
(-0.05 0 0.005)
(-0.1 0 -0.005)
(-0.09833333333 0 -0.005)
(-0.09666666667 0 -0.005)
(-0.095 0 -0.005)
(-0.09333333333 0 -0.005)
(-0.09166666667 0 -0.005)
(-0.09 0 -0.005)
(-0.08833333333 0 -0.005)
(-0.08666666667 0 -0.005)
(-0.085 0 -0.005)
(-0.08333333333 7.401486831e-19 -0.005)
(-0.08166666667 -7.401486831e-19 -0.005)
(-0.08 0 -0.005)
(-0.07833333333 0 -0.005)
(-0.07666666667 0 -0.005)
(-0.075 0 -0.005)
(-0.07333333333 0 -0.005)
(-0.07166666667 0 -0.005)
(-0.07 0 -0.005)
(-0.06833333333 0 -0.005)
(-0.06666666667 0 -0.005)
(-0.065 3.700743415e-19 -0.005)
(-0.06333333333 0 -0.005)
(-0.06166666667 0 -0.005)
(-0.06 -3.700743415e-19 -0.005)
(-0.05833333333 1.850371708e-19 -0.005)
(-0.05666666667 7.401486831e-19 -0.005)
(-0.055 -1.850371708e-19 -0.005)
(-0.05333333333 3.700743415e-19 -0.005)
(-0.05166666667 -5.551115123e-19 -0.005)
(-0.05 0 -0.005)
(-0.1 0.003333333333 0.005)
(-0.09833333333 0.003333333333 0.005)
(-0.09666666667 0.003333333333 0.005)
(-0.095 0.003333333333 0.005)
(-0.09333333333 0.003333333333 0.005)
(-0.09166666667 0.003333333333 0.005)
(-0.09 0.003333333333 0.005)
(-0.08833333333 0.003333333333 0.005)
(-0.08666666667 0.003333333333 0.005)
(-0.085 0.003333333333 0.005)
(-0.08333333333 0.003333333333 0.005)
(-0.08166666667 0.003333333333 0.005)
(-0.08 0.003333333333 0.005)
(-0.07833333333 0.003333333333 0.005)
(-0.07666666667 0.003333333333 0.005)
(-0.075 0.003333333333 0.005)
(-0.07333333333 0.003333333333 0.005)
(-0.07166666667 0.003333333333 0.005)
(-0.07 0.003333333333 0.005)
(-0.06833333333 0.003333333333 0.005)
(-0.06666666667 0.003333333333 0.005)
(-0.065 0.003333333333 0.005)
(-0.06333333333 0.003333333333 0.005)
(-0.06166666667 0.003333333333 0.005)
(-0.06 0.003333333333 0.005)
(-0.05833333333 0.003333333333 0.005)
(-0.05666666667 0.003333333333 0.005)
(-0.055 0.003333333333 0.005)
(-0.05333333333 0.003333333333 0.005)
(-0.05166666667 0.003333333333 0.005)
(-0.05 0.003333333333 0.005)
(-0.1 0.003333333333 -0.005)
(-0.09833333333 0.003333333333 -0.005)
(-0.09666666667 0.003333333333 -0.005)
(-0.095 0.003333333333 -0.005)
(-0.09333333333 0.003333333333 -0.005)
(-0.09166666667 0.003333333333 -0.005)
(-0.09 0.003333333333 -0.005)
(-0.08833333333 0.003333333333 -0.005)
(-0.08666666667 0.003333333333 -0.005)
(-0.085 0.003333333333 -0.005)
(-0.08333333333 0.003333333333 -0.005)
(-0.08166666667 0.003333333333 -0.005)
(-0.08 0.003333333333 -0.005)
(-0.07833333333 0.003333333333 -0.005)
(-0.07666666667 0.003333333333 -0.005)
(-0.075 0.003333333333 -0.005)
(-0.07333333333 0.003333333333 -0.005)
(-0.07166666667 0.003333333333 -0.005)
(-0.07 0.003333333333 -0.005)
(-0.06833333333 0.003333333333 -0.005)
(-0.06666666667 0.003333333333 -0.005)
(-0.065 0.003333333333 -0.005)
(-0.06333333333 0.003333333333 -0.005)
(-0.06166666667 0.003333333333 -0.005)
(-0.06 0.003333333333 -0.005)
(-0.05833333333 0.003333333333 -0.005)
(-0.05666666667 0.003333333333 -0.005)
(-0.055 0.003333333333 -0.005)
(-0.05333333333 0.003333333333 -0.005)
(-0.05166666667 0.003333333333 -0.005)
(-0.05 0.003333333333 -0.005)
(-0.1 0.006666666667 0.005)
(-0.09833333333 0.006666666667 0.005)
(-0.09666666667 0.006666666667 0.005)
(-0.095 0.006666666667 0.005)
(-0.09333333333 0.006666666667 0.005)
(-0.09166666667 0.006666666667 0.005)
(-0.09 0.006666666667 0.005)
(-0.08833333333 0.006666666667 0.005)
(-0.08666666667 0.006666666667 0.005)
(-0.085 0.006666666667 0.005)
(-0.08333333333 0.006666666667 0.005)
(-0.08166666667 0.006666666667 0.005)
(-0.08 0.006666666667 0.005)
(-0.07833333333 0.006666666667 0.005)
(-0.07666666667 0.006666666667 0.005)
(-0.075 0.006666666667 0.005)
(-0.07333333333 0.006666666667 0.005)
(-0.07166666667 0.006666666667 0.005)
(-0.07 0.006666666667 0.005)
(-0.06833333333 0.006666666667 0.005)
(-0.06666666667 0.006666666667 0.005)
(-0.065 0.006666666667 0.005)
(-0.06333333333 0.006666666667 0.005)
(-0.06166666667 0.006666666667 0.005)
(-0.06 0.006666666667 0.005)
(-0.05833333333 0.006666666667 0.005)
(-0.05666666667 0.006666666667 0.005)
(-0.055 0.006666666667 0.005)
(-0.05333333333 0.006666666667 0.005)
(-0.05166666667 0.006666666667 0.005)
(-0.05 0.006666666667 0.005)
(-0.1 0.006666666667 -0.005)
(-0.09833333333 0.006666666667 -0.005)
(-0.09666666667 0.006666666667 -0.005)
(-0.095 0.006666666667 -0.005)
(-0.09333333333 0.006666666667 -0.005)
(-0.09166666667 0.006666666667 -0.005)
(-0.09 0.006666666667 -0.005)
(-0.08833333333 0.006666666667 -0.005)
(-0.08666666667 0.006666666667 -0.005)
(-0.085 0.006666666667 -0.005)
(-0.08333333333 0.006666666667 -0.005)
(-0.08166666667 0.006666666667 -0.005)
(-0.08 0.006666666667 -0.005)
(-0.07833333333 0.006666666667 -0.005)
(-0.07666666667 0.006666666667 -0.005)
(-0.075 0.006666666667 -0.005)
(-0.07333333333 0.006666666667 -0.005)
(-0.07166666667 0.006666666667 -0.005)
(-0.07 0.006666666667 -0.005)
(-0.06833333333 0.006666666667 -0.005)
(-0.06666666667 0.006666666667 -0.005)
(-0.065 0.006666666667 -0.005)
(-0.06333333333 0.006666666667 -0.005)
(-0.06166666667 0.006666666667 -0.005)
(-0.06 0.006666666667 -0.005)
(-0.05833333333 0.006666666667 -0.005)
(-0.05666666667 0.006666666667 -0.005)
(-0.055 0.006666666667 -0.005)
(-0.05333333333 0.006666666667 -0.005)
(-0.05166666667 0.006666666667 -0.005)
(-0.05 0.006666666667 -0.005)
(-0.1 0.01 0.005)
(-0.09833333333 0.01 0.005)
(-0.09666666667 0.01 0.005)
(-0.095 0.01 0.005)
(-0.09333333333 0.01 0.005)
(-0.09166666667 0.01 0.005)
(-0.09 0.01 0.005)
(-0.08833333333 0.01 0.005)
(-0.08666666667 0.01 0.005)
(-0.085 0.01 0.005)
(-0.08333333333 0.01 0.005)
(-0.08166666667 0.01 0.005)
(-0.08 0.01 0.005)
(-0.07833333333 0.01 0.005)
(-0.07666666667 0.01 0.005)
(-0.075 0.01 0.005)
(-0.07333333333 0.01 0.005)
(-0.07166666667 0.01 0.005)
(-0.07 0.01 0.005)
(-0.06833333333 0.01 0.005)
(-0.06666666667 0.01 0.005)
(-0.065 0.01 0.005)
(-0.06333333333 0.01 0.005)
(-0.06166666667 0.01 0.005)
(-0.06 0.01 0.005)
(-0.05833333333 0.01 0.005)
(-0.05666666667 0.01 0.005)
(-0.055 0.01 0.005)
(-0.05333333333 0.01 0.005)
(-0.05166666667 0.01 0.005)
(-0.05 0.01 0.005)
(-0.1 0.01 -0.005)
(-0.09833333333 0.01 -0.005)
(-0.09666666667 0.01 -0.005)
(-0.095 0.01 -0.005)
(-0.09333333333 0.01 -0.005)
(-0.09166666667 0.01 -0.005)
(-0.09 0.01 -0.005)
(-0.08833333333 0.01 -0.005)
(-0.08666666667 0.01 -0.005)
(-0.085 0.01 -0.005)
(-0.08333333333 0.01 -0.005)
(-0.08166666667 0.01 -0.005)
(-0.08 0.01 -0.005)
(-0.07833333333 0.01 -0.005)
(-0.07666666667 0.01 -0.005)
(-0.075 0.01 -0.005)
(-0.07333333333 0.01 -0.005)
(-0.07166666667 0.01 -0.005)
(-0.07 0.01 -0.005)
(-0.06833333333 0.01 -0.005)
(-0.06666666667 0.01 -0.005)
(-0.065 0.01 -0.005)
(-0.06333333333 0.01 -0.005)
(-0.06166666667 0.01 -0.005)
(-0.06 0.01 -0.005)
(-0.05833333333 0.01 -0.005)
(-0.05666666667 0.01 -0.005)
(-0.055 0.01 -0.005)
(-0.05333333333 0.01 -0.005)
(-0.05166666667 0.01 -0.005)
(-0.05 0.01 -0.005)
(-0.1 0.01333333333 0.005)
(-0.09833333333 0.01333333333 0.005)
(-0.09666666667 0.01333333333 0.005)
(-0.095 0.01333333333 0.005)
(-0.09333333333 0.01333333333 0.005)
(-0.09166666667 0.01333333333 0.005)
(-0.09 0.01333333333 0.005)
(-0.08833333333 0.01333333333 0.005)
(-0.08666666667 0.01333333333 0.005)
(-0.085 0.01333333333 0.005)
(-0.08333333333 0.01333333333 0.005)
(-0.08166666667 0.01333333333 0.005)
(-0.08 0.01333333333 0.005)
(-0.07833333333 0.01333333333 0.005)
(-0.07666666667 0.01333333333 0.005)
(-0.075 0.01333333333 0.005)
(-0.07333333333 0.01333333333 0.005)
(-0.07166666667 0.01333333333 0.005)
(-0.07 0.01333333333 0.005)
(-0.06833333333 0.01333333333 0.005)
(-0.06666666667 0.01333333333 0.005)
(-0.065 0.01333333333 0.005)
(-0.06333333333 0.01333333333 0.005)
(-0.06166666667 0.01333333333 0.005)
(-0.06 0.01333333333 0.005)
(-0.05833333333 0.01333333333 0.005)
(-0.05666666667 0.01333333333 0.005)
(-0.055 0.01333333333 0.005)
(-0.05333333333 0.01333333333 0.005)
(-0.05166666667 0.01333333333 0.005)
(-0.05 0.01333333333 0.005)
(-0.1 0.01333333333 -0.005)
(-0.09833333333 0.01333333333 -0.005)
(-0.09666666667 0.01333333333 -0.005)
(-0.095 0.01333333333 -0.005)
(-0.09333333333 0.01333333333 -0.005)
(-0.09166666667 0.01333333333 -0.005)
(-0.09 0.01333333333 -0.005)
(-0.08833333333 0.01333333333 -0.005)
(-0.08666666667 0.01333333333 -0.005)
(-0.085 0.01333333333 -0.005)
(-0.08333333333 0.01333333333 -0.005)
(-0.08166666667 0.01333333333 -0.005)
(-0.08 0.01333333333 -0.005)
(-0.07833333333 0.01333333333 -0.005)
(-0.07666666667 0.01333333333 -0.005)
(-0.075 0.01333333333 -0.005)
(-0.07333333333 0.01333333333 -0.005)
(-0.07166666667 0.01333333333 -0.005)
(-0.07 0.01333333333 -0.005)
(-0.06833333333 0.01333333333 -0.005)
(-0.06666666667 0.01333333333 -0.005)
(-0.065 0.01333333333 -0.005)
(-0.06333333333 0.01333333333 -0.005)
(-0.06166666667 0.01333333333 -0.005)
(-0.06 0.01333333333 -0.005)
(-0.05833333333 0.01333333333 -0.005)
(-0.05666666667 0.01333333333 -0.005)
(-0.055 0.01333333333 -0.005)
(-0.05333333333 0.01333333333 -0.005)
(-0.05166666667 0.01333333333 -0.005)
(-0.05 0.01333333333 -0.005)
(-0.1 0.01666666667 0.005)
(-0.09833333333 0.01666666667 0.005)
(-0.09666666667 0.01666666667 0.005)
(-0.095 0.01666666667 0.005)
(-0.09333333333 0.01666666667 0.005)
(-0.09166666667 0.01666666667 0.005)
(-0.09 0.01666666667 0.005)
(-0.08833333333 0.01666666667 0.005)
(-0.08666666667 0.01666666667 0.005)
(-0.085 0.01666666667 0.005)
(-0.08333333333 0.01666666667 0.005)
(-0.08166666667 0.01666666667 0.005)
(-0.08 0.01666666667 0.005)
(-0.07833333333 0.01666666667 0.005)
(-0.07666666667 0.01666666667 0.005)
(-0.075 0.01666666667 0.005)
(-0.07333333333 0.01666666667 0.005)
(-0.07166666667 0.01666666667 0.005)
(-0.07 0.01666666667 0.005)
(-0.06833333333 0.01666666667 0.005)
(-0.06666666667 0.01666666667 0.005)
(-0.065 0.01666666667 0.005)
(-0.06333333333 0.01666666667 0.005)
(-0.06166666667 0.01666666667 0.005)
(-0.06 0.01666666667 0.005)
(-0.05833333333 0.01666666667 0.005)
(-0.05666666667 0.01666666667 0.005)
(-0.055 0.01666666667 0.005)
(-0.05333333333 0.01666666667 0.005)
(-0.05166666667 0.01666666667 0.005)
(-0.05 0.01666666667 0.005)
(-0.1 0.01666666667 -0.005)
(-0.09833333333 0.01666666667 -0.005)
(-0.09666666667 0.01666666667 -0.005)
(-0.095 0.01666666667 -0.005)
(-0.09333333333 0.01666666667 -0.005)
(-0.09166666667 0.01666666667 -0.005)
(-0.09 0.01666666667 -0.005)
(-0.08833333333 0.01666666667 -0.005)
(-0.08666666667 0.01666666667 -0.005)
(-0.085 0.01666666667 -0.005)
(-0.08333333333 0.01666666667 -0.005)
(-0.08166666667 0.01666666667 -0.005)
(-0.08 0.01666666667 -0.005)
(-0.07833333333 0.01666666667 -0.005)
(-0.07666666667 0.01666666667 -0.005)
(-0.075 0.01666666667 -0.005)
(-0.07333333333 0.01666666667 -0.005)
(-0.07166666667 0.01666666667 -0.005)
(-0.07 0.01666666667 -0.005)
(-0.06833333333 0.01666666667 -0.005)
(-0.06666666667 0.01666666667 -0.005)
(-0.065 0.01666666667 -0.005)
(-0.06333333333 0.01666666667 -0.005)
(-0.06166666667 0.01666666667 -0.005)
(-0.06 0.01666666667 -0.005)
(-0.05833333333 0.01666666667 -0.005)
(-0.05666666667 0.01666666667 -0.005)
(-0.055 0.01666666667 -0.005)
(-0.05333333333 0.01666666667 -0.005)
(-0.05166666667 0.01666666667 -0.005)
(-0.05 0.01666666667 -0.005)
(-0.1 0.02 0.005)
(-0.09833333333 0.02 0.005)
(-0.09666666667 0.02 0.005)
(-0.095 0.02 0.005)
(-0.09333333333 0.02 0.005)
(-0.09166666667 0.02 0.005)
(-0.09 0.02 0.005)
(-0.08833333333 0.02 0.005)
(-0.08666666667 0.02 0.005)
(-0.085 0.02 0.005)
(-0.08333333333 0.02 0.005)
(-0.08166666667 0.02 0.005)
(-0.08 0.02 0.005)
(-0.07833333333 0.02 0.005)
(-0.07666666667 0.02 0.005)
(-0.075 0.02 0.005)
(-0.07333333333 0.02 0.005)
(-0.07166666667 0.02 0.005)
(-0.07 0.02 0.005)
(-0.06833333333 0.02 0.005)
(-0.06666666667 0.02 0.005)
(-0.065 0.02 0.005)
(-0.06333333333 0.02 0.005)
(-0.06166666667 0.02 0.005)
(-0.06 0.02 0.005)
(-0.05833333333 0.02 0.005)
(-0.05666666667 0.02 0.005)
(-0.055 0.02 0.005)
(-0.05333333333 0.02 0.005)
(-0.05166666667 0.02 0.005)
(-0.05 0.02 0.005)
(-0.1 0.02 -0.005)
(-0.09833333333 0.02 -0.005)
(-0.09666666667 0.02 -0.005)
(-0.095 0.02 -0.005)
(-0.09333333333 0.02 -0.005)
(-0.09166666667 0.02 -0.005)
(-0.09 0.02 -0.005)
(-0.08833333333 0.02 -0.005)
(-0.08666666667 0.02 -0.005)
(-0.085 0.02 -0.005)
(-0.08333333333 0.02 -0.005)
(-0.08166666667 0.02 -0.005)
(-0.08 0.02 -0.005)
(-0.07833333333 0.02 -0.005)
(-0.07666666667 0.02 -0.005)
(-0.075 0.02 -0.005)
(-0.07333333333 0.02 -0.005)
(-0.07166666667 0.02 -0.005)
(-0.07 0.02 -0.005)
(-0.06833333333 0.02 -0.005)
(-0.06666666667 0.02 -0.005)
(-0.065 0.02 -0.005)
(-0.06333333333 0.02 -0.005)
(-0.06166666667 0.02 -0.005)
(-0.06 0.02 -0.005)
(-0.05833333333 0.02 -0.005)
(-0.05666666667 0.02 -0.005)
(-0.055 0.02 -0.005)
(-0.05333333333 0.02 -0.005)
(-0.05166666667 0.02 -0.005)
(-0.05 0.02 -0.005)
(-0.1 0.02333333333 0.005)
(-0.09833333333 0.02333333333 0.005)
(-0.09666666667 0.02333333333 0.005)
(-0.095 0.02333333333 0.005)
(-0.09333333333 0.02333333333 0.005)
(-0.09166666667 0.02333333333 0.005)
(-0.09 0.02333333333 0.005)
(-0.08833333333 0.02333333333 0.005)
(-0.08666666667 0.02333333333 0.005)
(-0.085 0.02333333333 0.005)
(-0.08333333333 0.02333333333 0.005)
(-0.08166666667 0.02333333333 0.005)
(-0.08 0.02333333333 0.005)
(-0.07833333333 0.02333333333 0.005)
(-0.07666666667 0.02333333333 0.005)
(-0.075 0.02333333333 0.005)
(-0.07333333333 0.02333333333 0.005)
(-0.07166666667 0.02333333333 0.005)
(-0.07 0.02333333333 0.005)
(-0.06833333333 0.02333333333 0.005)
(-0.06666666667 0.02333333333 0.005)
(-0.065 0.02333333333 0.005)
(-0.06333333333 0.02333333333 0.005)
(-0.06166666667 0.02333333333 0.005)
(-0.06 0.02333333333 0.005)
(-0.05833333333 0.02333333333 0.005)
(-0.05666666667 0.02333333333 0.005)
(-0.055 0.02333333333 0.005)
(-0.05333333333 0.02333333333 0.005)
(-0.05166666667 0.02333333333 0.005)
(-0.05 0.02333333333 0.005)
(-0.1 0.02333333333 -0.005)
(-0.09833333333 0.02333333333 -0.005)
(-0.09666666667 0.02333333333 -0.005)
(-0.095 0.02333333333 -0.005)
(-0.09333333333 0.02333333333 -0.005)
(-0.09166666667 0.02333333333 -0.005)
(-0.09 0.02333333333 -0.005)
(-0.08833333333 0.02333333333 -0.005)
(-0.08666666667 0.02333333333 -0.005)
(-0.085 0.02333333333 -0.005)
(-0.08333333333 0.02333333333 -0.005)
(-0.08166666667 0.02333333333 -0.005)
(-0.08 0.02333333333 -0.005)
(-0.07833333333 0.02333333333 -0.005)
(-0.07666666667 0.02333333333 -0.005)
(-0.075 0.02333333333 -0.005)
(-0.07333333333 0.02333333333 -0.005)
(-0.07166666667 0.02333333333 -0.005)
(-0.07 0.02333333333 -0.005)
(-0.06833333333 0.02333333333 -0.005)
(-0.06666666667 0.02333333333 -0.005)
(-0.065 0.02333333333 -0.005)
(-0.06333333333 0.02333333333 -0.005)
(-0.06166666667 0.02333333333 -0.005)
(-0.06 0.02333333333 -0.005)
(-0.05833333333 0.02333333333 -0.005)
(-0.05666666667 0.02333333333 -0.005)
(-0.055 0.02333333333 -0.005)
(-0.05333333333 0.02333333333 -0.005)
(-0.05166666667 0.02333333333 -0.005)
(-0.05 0.02333333333 -0.005)
(-0.1 0.02666666667 0.005)
(-0.09833333333 0.02666666667 0.005)
(-0.09666666667 0.02666666667 0.005)
(-0.095 0.02666666667 0.005)
(-0.09333333333 0.02666666667 0.005)
(-0.09166666667 0.02666666667 0.005)
(-0.09 0.02666666667 0.005)
(-0.08833333333 0.02666666667 0.005)
(-0.08666666667 0.02666666667 0.005)
(-0.085 0.02666666667 0.005)
(-0.08333333333 0.02666666667 0.005)
(-0.08166666667 0.02666666667 0.005)
(-0.08 0.02666666667 0.005)
(-0.07833333333 0.02666666667 0.005)
(-0.07666666667 0.02666666667 0.005)
(-0.075 0.02666666667 0.005)
(-0.07333333333 0.02666666667 0.005)
(-0.07166666667 0.02666666667 0.005)
(-0.07 0.02666666667 0.005)
(-0.06833333333 0.02666666667 0.005)
(-0.06666666667 0.02666666667 0.005)
(-0.065 0.02666666667 0.005)
(-0.06333333333 0.02666666667 0.005)
(-0.06166666667 0.02666666667 0.005)
(-0.06 0.02666666667 0.005)
(-0.05833333333 0.02666666667 0.005)
(-0.05666666667 0.02666666667 0.005)
(-0.055 0.02666666667 0.005)
(-0.05333333333 0.02666666667 0.005)
(-0.05166666667 0.02666666667 0.005)
(-0.05 0.02666666667 0.005)
(-0.1 0.02666666667 -0.005)
(-0.09833333333 0.02666666667 -0.005)
(-0.09666666667 0.02666666667 -0.005)
(-0.095 0.02666666667 -0.005)
(-0.09333333333 0.02666666667 -0.005)
(-0.09166666667 0.02666666667 -0.005)
(-0.09 0.02666666667 -0.005)
(-0.08833333333 0.02666666667 -0.005)
(-0.08666666667 0.02666666667 -0.005)
(-0.085 0.02666666667 -0.005)
(-0.08333333333 0.02666666667 -0.005)
(-0.08166666667 0.02666666667 -0.005)
(-0.08 0.02666666667 -0.005)
(-0.07833333333 0.02666666667 -0.005)
(-0.07666666667 0.02666666667 -0.005)
(-0.075 0.02666666667 -0.005)
(-0.07333333333 0.02666666667 -0.005)
(-0.07166666667 0.02666666667 -0.005)
(-0.07 0.02666666667 -0.005)
(-0.06833333333 0.02666666667 -0.005)
(-0.06666666667 0.02666666667 -0.005)
(-0.065 0.02666666667 -0.005)
(-0.06333333333 0.02666666667 -0.005)
(-0.06166666667 0.02666666667 -0.005)
(-0.06 0.02666666667 -0.005)
(-0.05833333333 0.02666666667 -0.005)
(-0.05666666667 0.02666666667 -0.005)
(-0.055 0.02666666667 -0.005)
(-0.05333333333 0.02666666667 -0.005)
(-0.05166666667 0.02666666667 -0.005)
(-0.05 0.02666666667 -0.005)
(-0.1 0.03 0.005)
(-0.09833333333 0.03 0.005)
(-0.09666666667 0.03 0.005)
(-0.095 0.03 0.005)
(-0.09333333333 0.03 0.005)
(-0.09166666667 0.03 0.005)
(-0.09 0.03 0.005)
(-0.08833333333 0.03 0.005)
(-0.08666666667 0.03 0.005)
(-0.085 0.03 0.005)
(-0.08333333333 0.03 0.005)
(-0.08166666667 0.03 0.005)
(-0.08 0.03 0.005)
(-0.07833333333 0.03 0.005)
(-0.07666666667 0.03 0.005)
(-0.075 0.03 0.005)
(-0.07333333333 0.03 0.005)
(-0.07166666667 0.03 0.005)
(-0.07 0.03 0.005)
(-0.06833333333 0.03 0.005)
(-0.06666666667 0.03 0.005)
(-0.065 0.03 0.005)
(-0.06333333333 0.03 0.005)
(-0.06166666667 0.03 0.005)
(-0.06 0.03 0.005)
(-0.05833333333 0.03 0.005)
(-0.05666666667 0.03 0.005)
(-0.055 0.03 0.005)
(-0.05333333333 0.03 0.005)
(-0.05166666667 0.03 0.005)
(-0.05 0.03 0.005)
(-0.1 0.03 -0.005)
(-0.09833333333 0.03 -0.005)
(-0.09666666667 0.03 -0.005)
(-0.095 0.03 -0.005)
(-0.09333333333 0.03 -0.005)
(-0.09166666667 0.03 -0.005)
(-0.09 0.03 -0.005)
(-0.08833333333 0.03 -0.005)
(-0.08666666667 0.03 -0.005)
(-0.085 0.03 -0.005)
(-0.08333333333 0.03 -0.005)
(-0.08166666667 0.03 -0.005)
(-0.08 0.03 -0.005)
(-0.07833333333 0.03 -0.005)
(-0.07666666667 0.03 -0.005)
(-0.075 0.03 -0.005)
(-0.07333333333 0.03 -0.005)
(-0.07166666667 0.03 -0.005)
(-0.07 0.03 -0.005)
(-0.06833333333 0.03 -0.005)
(-0.06666666667 0.03 -0.005)
(-0.065 0.03 -0.005)
(-0.06333333333 0.03 -0.005)
(-0.06166666667 0.03 -0.005)
(-0.06 0.03 -0.005)
(-0.05833333333 0.03 -0.005)
(-0.05666666667 0.03 -0.005)
(-0.055 0.03 -0.005)
(-0.05333333333 0.03 -0.005)
(-0.05166666667 0.03 -0.005)
(-0.05 0.03 -0.005)
(-0.1 0.03333333333 0.005)
(-0.09833333333 0.03333333333 0.005)
(-0.09666666667 0.03333333333 0.005)
(-0.095 0.03333333333 0.005)
(-0.09333333333 0.03333333333 0.005)
(-0.09166666667 0.03333333333 0.005)
(-0.09 0.03333333333 0.005)
(-0.08833333333 0.03333333333 0.005)
(-0.08666666667 0.03333333333 0.005)
(-0.085 0.03333333333 0.005)
(-0.08333333333 0.03333333333 0.005)
(-0.08166666667 0.03333333333 0.005)
(-0.08 0.03333333333 0.005)
(-0.07833333333 0.03333333333 0.005)
(-0.07666666667 0.03333333333 0.005)
(-0.075 0.03333333333 0.005)
(-0.07333333333 0.03333333333 0.005)
(-0.07166666667 0.03333333333 0.005)
(-0.07 0.03333333333 0.005)
(-0.06833333333 0.03333333333 0.005)
(-0.06666666667 0.03333333333 0.005)
(-0.065 0.03333333333 0.005)
(-0.06333333333 0.03333333333 0.005)
(-0.06166666667 0.03333333333 0.005)
(-0.06 0.03333333333 0.005)
(-0.05833333333 0.03333333333 0.005)
(-0.05666666667 0.03333333333 0.005)
(-0.055 0.03333333333 0.005)
(-0.05333333333 0.03333333333 0.005)
(-0.05166666667 0.03333333333 0.005)
(-0.05 0.03333333333 0.005)
(-0.1 0.03333333333 -0.005)
(-0.09833333333 0.03333333333 -0.005)
(-0.09666666667 0.03333333333 -0.005)
(-0.095 0.03333333333 -0.005)
(-0.09333333333 0.03333333333 -0.005)
(-0.09166666667 0.03333333333 -0.005)
(-0.09 0.03333333333 -0.005)
(-0.08833333333 0.03333333333 -0.005)
(-0.08666666667 0.03333333333 -0.005)
(-0.085 0.03333333333 -0.005)
(-0.08333333333 0.03333333333 -0.005)
(-0.08166666667 0.03333333333 -0.005)
(-0.08 0.03333333333 -0.005)
(-0.07833333333 0.03333333333 -0.005)
(-0.07666666667 0.03333333333 -0.005)
(-0.075 0.03333333333 -0.005)
(-0.07333333333 0.03333333333 -0.005)
(-0.07166666667 0.03333333333 -0.005)
(-0.07 0.03333333333 -0.005)
(-0.06833333333 0.03333333333 -0.005)
(-0.06666666667 0.03333333333 -0.005)
(-0.065 0.03333333333 -0.005)
(-0.06333333333 0.03333333333 -0.005)
(-0.06166666667 0.03333333333 -0.005)
(-0.06 0.03333333333 -0.005)
(-0.05833333333 0.03333333333 -0.005)
(-0.05666666667 0.03333333333 -0.005)
(-0.055 0.03333333333 -0.005)
(-0.05333333333 0.03333333333 -0.005)
(-0.05166666667 0.03333333333 -0.005)
(-0.05 0.03333333333 -0.005)
(-0.1 0.03666666667 0.005)
(-0.09833333333 0.03666666667 0.005)
(-0.09666666667 0.03666666667 0.005)
(-0.095 0.03666666667 0.005)
(-0.09333333333 0.03666666667 0.005)
(-0.09166666667 0.03666666667 0.005)
(-0.09 0.03666666667 0.005)
(-0.08833333333 0.03666666667 0.005)
(-0.08666666667 0.03666666667 0.005)
(-0.085 0.03666666667 0.005)
(-0.08333333333 0.03666666667 0.005)
(-0.08166666667 0.03666666667 0.005)
(-0.08 0.03666666667 0.005)
(-0.07833333333 0.03666666667 0.005)
(-0.07666666667 0.03666666667 0.005)
(-0.075 0.03666666667 0.005)
(-0.07333333333 0.03666666667 0.005)
(-0.07166666667 0.03666666667 0.005)
(-0.07 0.03666666667 0.005)
(-0.06833333333 0.03666666667 0.005)
(-0.06666666667 0.03666666667 0.005)
(-0.065 0.03666666667 0.005)
(-0.06333333333 0.03666666667 0.005)
(-0.06166666667 0.03666666667 0.005)
(-0.06 0.03666666667 0.005)
(-0.05833333333 0.03666666667 0.005)
(-0.05666666667 0.03666666667 0.005)
(-0.055 0.03666666667 0.005)
(-0.05333333333 0.03666666667 0.005)
(-0.05166666667 0.03666666667 0.005)
(-0.05 0.03666666667 0.005)
(-0.1 0.03666666667 -0.005)
(-0.09833333333 0.03666666667 -0.005)
(-0.09666666667 0.03666666667 -0.005)
(-0.095 0.03666666667 -0.005)
(-0.09333333333 0.03666666667 -0.005)
(-0.09166666667 0.03666666667 -0.005)
(-0.09 0.03666666667 -0.005)
(-0.08833333333 0.03666666667 -0.005)
(-0.08666666667 0.03666666667 -0.005)
(-0.085 0.03666666667 -0.005)
(-0.08333333333 0.03666666667 -0.005)
(-0.08166666667 0.03666666667 -0.005)
(-0.08 0.03666666667 -0.005)
(-0.07833333333 0.03666666667 -0.005)
(-0.07666666667 0.03666666667 -0.005)
(-0.075 0.03666666667 -0.005)
(-0.07333333333 0.03666666667 -0.005)
(-0.07166666667 0.03666666667 -0.005)
(-0.07 0.03666666667 -0.005)
(-0.06833333333 0.03666666667 -0.005)
(-0.06666666667 0.03666666667 -0.005)
(-0.065 0.03666666667 -0.005)
(-0.06333333333 0.03666666667 -0.005)
(-0.06166666667 0.03666666667 -0.005)
(-0.06 0.03666666667 -0.005)
(-0.05833333333 0.03666666667 -0.005)
(-0.05666666667 0.03666666667 -0.005)
(-0.055 0.03666666667 -0.005)
(-0.05333333333 0.03666666667 -0.005)
(-0.05166666667 0.03666666667 -0.005)
(-0.05 0.03666666667 -0.005)
(-0.1 0.04 0.005)
(-0.09833333333 0.04 0.005)
(-0.09666666667 0.04 0.005)
(-0.095 0.04 0.005)
(-0.09333333333 0.04 0.005)
(-0.09166666667 0.04 0.005)
(-0.09 0.04 0.005)
(-0.08833333333 0.04 0.005)
(-0.08666666667 0.04 0.005)
(-0.085 0.04 0.005)
(-0.08333333333 0.04 0.005)
(-0.08166666667 0.04 0.005)
(-0.08 0.04 0.005)
(-0.07833333333 0.04 0.005)
(-0.07666666667 0.04 0.005)
(-0.075 0.04 0.005)
(-0.07333333333 0.04 0.005)
(-0.07166666667 0.04 0.005)
(-0.07 0.04 0.005)
(-0.06833333333 0.04 0.005)
(-0.06666666667 0.04 0.005)
(-0.065 0.04 0.005)
(-0.06333333333 0.04 0.005)
(-0.06166666667 0.04 0.005)
(-0.06 0.04 0.005)
(-0.05833333333 0.04 0.005)
(-0.05666666667 0.04 0.005)
(-0.055 0.04 0.005)
(-0.05333333333 0.04 0.005)
(-0.05166666667 0.04 0.005)
(-0.05 0.04 0.005)
(-0.1 0.04 -0.005)
(-0.09833333333 0.04 -0.005)
(-0.09666666667 0.04 -0.005)
(-0.095 0.04 -0.005)
(-0.09333333333 0.04 -0.005)
(-0.09166666667 0.04 -0.005)
(-0.09 0.04 -0.005)
(-0.08833333333 0.04 -0.005)
(-0.08666666667 0.04 -0.005)
(-0.085 0.04 -0.005)
(-0.08333333333 0.04 -0.005)
(-0.08166666667 0.04 -0.005)
(-0.08 0.04 -0.005)
(-0.07833333333 0.04 -0.005)
(-0.07666666667 0.04 -0.005)
(-0.075 0.04 -0.005)
(-0.07333333333 0.04 -0.005)
(-0.07166666667 0.04 -0.005)
(-0.07 0.04 -0.005)
(-0.06833333333 0.04 -0.005)
(-0.06666666667 0.04 -0.005)
(-0.065 0.04 -0.005)
(-0.06333333333 0.04 -0.005)
(-0.06166666667 0.04 -0.005)
(-0.06 0.04 -0.005)
(-0.05833333333 0.04 -0.005)
(-0.05666666667 0.04 -0.005)
(-0.055 0.04 -0.005)
(-0.05333333333 0.04 -0.005)
(-0.05166666667 0.04 -0.005)
(-0.05 0.04 -0.005)
(-0.1 0.04333333333 0.005)
(-0.09833333333 0.04333333333 0.005)
(-0.09666666667 0.04333333333 0.005)
(-0.095 0.04333333333 0.005)
(-0.09333333333 0.04333333333 0.005)
(-0.09166666667 0.04333333333 0.005)
(-0.09 0.04333333333 0.005)
(-0.08833333333 0.04333333333 0.005)
(-0.08666666667 0.04333333333 0.005)
(-0.085 0.04333333333 0.005)
(-0.08333333333 0.04333333333 0.005)
(-0.08166666667 0.04333333333 0.005)
(-0.08 0.04333333333 0.005)
(-0.07833333333 0.04333333333 0.005)
(-0.07666666667 0.04333333333 0.005)
(-0.075 0.04333333333 0.005)
(-0.07333333333 0.04333333333 0.005)
(-0.07166666667 0.04333333333 0.005)
(-0.07 0.04333333333 0.005)
(-0.06833333333 0.04333333333 0.005)
(-0.06666666667 0.04333333333 0.005)
(-0.065 0.04333333333 0.005)
(-0.06333333333 0.04333333333 0.005)
(-0.06166666667 0.04333333333 0.005)
(-0.06 0.04333333333 0.005)
(-0.05833333333 0.04333333333 0.005)
(-0.05666666667 0.04333333333 0.005)
(-0.055 0.04333333333 0.005)
(-0.05333333333 0.04333333333 0.005)
(-0.05166666667 0.04333333333 0.005)
(-0.05 0.04333333333 0.005)
(-0.1 0.04333333333 -0.005)
(-0.09833333333 0.04333333333 -0.005)
(-0.09666666667 0.04333333333 -0.005)
(-0.095 0.04333333333 -0.005)
(-0.09333333333 0.04333333333 -0.005)
(-0.09166666667 0.04333333333 -0.005)
(-0.09 0.04333333333 -0.005)
(-0.08833333333 0.04333333333 -0.005)
(-0.08666666667 0.04333333333 -0.005)
(-0.085 0.04333333333 -0.005)
(-0.08333333333 0.04333333333 -0.005)
(-0.08166666667 0.04333333333 -0.005)
(-0.08 0.04333333333 -0.005)
(-0.07833333333 0.04333333333 -0.005)
(-0.07666666667 0.04333333333 -0.005)
(-0.075 0.04333333333 -0.005)
(-0.07333333333 0.04333333333 -0.005)
(-0.07166666667 0.04333333333 -0.005)
(-0.07 0.04333333333 -0.005)
(-0.06833333333 0.04333333333 -0.005)
(-0.06666666667 0.04333333333 -0.005)
(-0.065 0.04333333333 -0.005)
(-0.06333333333 0.04333333333 -0.005)
(-0.06166666667 0.04333333333 -0.005)
(-0.06 0.04333333333 -0.005)
(-0.05833333333 0.04333333333 -0.005)
(-0.05666666667 0.04333333333 -0.005)
(-0.055 0.04333333333 -0.005)
(-0.05333333333 0.04333333333 -0.005)
(-0.05166666667 0.04333333333 -0.005)
(-0.05 0.04333333333 -0.005)
(-0.1 0.04666666667 0.005)
(-0.09833333333 0.04666666667 0.005)
(-0.09666666667 0.04666666667 0.005)
(-0.095 0.04666666667 0.005)
(-0.09333333333 0.04666666667 0.005)
(-0.09166666667 0.04666666667 0.005)
(-0.09 0.04666666667 0.005)
(-0.08833333333 0.04666666667 0.005)
(-0.08666666667 0.04666666667 0.005)
(-0.085 0.04666666667 0.005)
(-0.08333333333 0.04666666667 0.005)
(-0.08166666667 0.04666666667 0.005)
(-0.08 0.04666666667 0.005)
(-0.07833333333 0.04666666667 0.005)
(-0.07666666667 0.04666666667 0.005)
(-0.075 0.04666666667 0.005)
(-0.07333333333 0.04666666667 0.005)
(-0.07166666667 0.04666666667 0.005)
(-0.07 0.04666666667 0.005)
(-0.06833333333 0.04666666667 0.005)
(-0.06666666667 0.04666666667 0.005)
(-0.065 0.04666666667 0.005)
(-0.06333333333 0.04666666667 0.005)
(-0.06166666667 0.04666666667 0.005)
(-0.06 0.04666666667 0.005)
(-0.05833333333 0.04666666667 0.005)
(-0.05666666667 0.04666666667 0.005)
(-0.055 0.04666666667 0.005)
(-0.05333333333 0.04666666667 0.005)
(-0.05166666667 0.04666666667 0.005)
(-0.05 0.04666666667 0.005)
(-0.1 0.04666666667 -0.005)
(-0.09833333333 0.04666666667 -0.005)
(-0.09666666667 0.04666666667 -0.005)
(-0.095 0.04666666667 -0.005)
(-0.09333333333 0.04666666667 -0.005)
(-0.09166666667 0.04666666667 -0.005)
(-0.09 0.04666666667 -0.005)
(-0.08833333333 0.04666666667 -0.005)
(-0.08666666667 0.04666666667 -0.005)
(-0.085 0.04666666667 -0.005)
(-0.08333333333 0.04666666667 -0.005)
(-0.08166666667 0.04666666667 -0.005)
(-0.08 0.04666666667 -0.005)
(-0.07833333333 0.04666666667 -0.005)
(-0.07666666667 0.04666666667 -0.005)
(-0.075 0.04666666667 -0.005)
(-0.07333333333 0.04666666667 -0.005)
(-0.07166666667 0.04666666667 -0.005)
(-0.07 0.04666666667 -0.005)
(-0.06833333333 0.04666666667 -0.005)
(-0.06666666667 0.04666666667 -0.005)
(-0.065 0.04666666667 -0.005)
(-0.06333333333 0.04666666667 -0.005)
(-0.06166666667 0.04666666667 -0.005)
(-0.06 0.04666666667 -0.005)
(-0.05833333333 0.04666666667 -0.005)
(-0.05666666667 0.04666666667 -0.005)
(-0.055 0.04666666667 -0.005)
(-0.05333333333 0.04666666667 -0.005)
(-0.05166666667 0.04666666667 -0.005)
(-0.05 0.04666666667 -0.005)
(-0.1 0.05 0.005)
(-0.09833333333 0.05 0.005)
(-0.09666666667 0.05 0.005)
(-0.095 0.05 0.005)
(-0.09333333333 0.05 0.005)
(-0.09166666667 0.05 0.005)
(-0.09 0.05 0.005)
(-0.08833333333 0.05 0.005)
(-0.08666666667 0.05 0.005)
(-0.085 0.05 0.005)
(-0.08333333333 0.05 0.005)
(-0.08166666667 0.05 0.005)
(-0.08 0.05 0.005)
(-0.07833333333 0.05 0.005)
(-0.07666666667 0.05 0.005)
(-0.075 0.05 0.005)
(-0.07333333333 0.05 0.005)
(-0.07166666667 0.05 0.005)
(-0.07 0.05 0.005)
(-0.06833333333 0.05 0.005)
(-0.06666666667 0.05 0.005)
(-0.065 0.05 0.005)
(-0.06333333333 0.05 0.005)
(-0.06166666667 0.05 0.005)
(-0.06 0.05 0.005)
(-0.05833333333 0.05 0.005)
(-0.05666666667 0.05 0.005)
(-0.055 0.05 0.005)
(-0.05333333333 0.05 0.005)
(-0.05166666667 0.05 0.005)
(-0.05 0.05 0.005)
(-0.1 0.05 -0.005)
(-0.09833333333 0.05 -0.005)
(-0.09666666667 0.05 -0.005)
(-0.095 0.05 -0.005)
(-0.09333333333 0.05 -0.005)
(-0.09166666667 0.05 -0.005)
(-0.09 0.05 -0.005)
(-0.08833333333 0.05 -0.005)
(-0.08666666667 0.05 -0.005)
(-0.085 0.05 -0.005)
(-0.08333333333 0.05 -0.005)
(-0.08166666667 0.05 -0.005)
(-0.08 0.05 -0.005)
(-0.07833333333 0.05 -0.005)
(-0.07666666667 0.05 -0.005)
(-0.075 0.05 -0.005)
(-0.07333333333 0.05 -0.005)
(-0.07166666667 0.05 -0.005)
(-0.07 0.05 -0.005)
(-0.06833333333 0.05 -0.005)
(-0.06666666667 0.05 -0.005)
(-0.065 0.05 -0.005)
(-0.06333333333 0.05 -0.005)
(-0.06166666667 0.05 -0.005)
(-0.06 0.05 -0.005)
(-0.05833333333 0.05 -0.005)
(-0.05666666667 0.05 -0.005)
(-0.055 0.05 -0.005)
(-0.05333333333 0.05 -0.005)
(-0.05166666667 0.05 -0.005)
(-0.05 0.05 -0.005)
(-0.04666666667 -0.05 0.005)
(-0.04333333333 -0.05 0.005)
(-0.04 -0.05 0.005)
(-0.03666666667 -0.05 0.005)
(-0.03333333333 -0.05 0.005)
(-0.03 -0.05 0.005)
(-0.02666666667 -0.05 0.005)
(-0.02333333333 -0.05 0.005)
(-0.02 -0.05 0.005)
(-0.01666666667 -0.05 0.005)
(-0.01333333333 -0.05 0.005)
(-0.01 -0.05 0.005)
(-0.006666666667 -0.05 0.005)
(-0.003333333333 -0.05 0.005)
(0 -0.05 0.005)
(0.003333333333 -0.05 0.005)
(0.006666666667 -0.05 0.005)
(0.01 -0.05 0.005)
(0.01333333333 -0.05 0.005)
(0.01666666667 -0.05 0.005)
(0.02 -0.05 0.005)
(0.02333333333 -0.05 0.005)
(0.02666666667 -0.05 0.005)
(0.03 -0.05 0.005)
(0.03333333333 -0.05 0.005)
(0.03666666667 -0.05 0.005)
(0.04 -0.05 0.005)
(0.04333333333 -0.05 0.005)
(0.04666666667 -0.05 0.005)
(0.05 -0.05 0.005)
(-0.04666666667 -0.05 -0.005)
(-0.04333333333 -0.05 -0.005)
(-0.04 -0.05 -0.005)
(-0.03666666667 -0.05 -0.005)
(-0.03333333333 -0.05 -0.005)
(-0.03 -0.05 -0.005)
(-0.02666666667 -0.05 -0.005)
(-0.02333333333 -0.05 -0.005)
(-0.02 -0.05 -0.005)
(-0.01666666667 -0.05 -0.005)
(-0.01333333333 -0.05 -0.005)
(-0.01 -0.05 -0.005)
(-0.006666666667 -0.05 -0.005)
(-0.003333333333 -0.05 -0.005)
(0 -0.05 -0.005)
(0.003333333333 -0.05 -0.005)
(0.006666666667 -0.05 -0.005)
(0.01 -0.05 -0.005)
(0.01333333333 -0.05 -0.005)
(0.01666666667 -0.05 -0.005)
(0.02 -0.05 -0.005)
(0.02333333333 -0.05 -0.005)
(0.02666666667 -0.05 -0.005)
(0.03 -0.05 -0.005)
(0.03333333333 -0.05 -0.005)
(0.03666666667 -0.05 -0.005)
(0.04 -0.05 -0.005)
(0.04333333333 -0.05 -0.005)
(0.04666666667 -0.05 -0.005)
(0.05 -0.05 -0.005)
(-0.04845118446 -0.04845118446 0.005)
(-0.04522263288 -0.0484571908 0.005)
(-0.04199377562 -0.04846285766 0.005)
(-0.03876463088 -0.0484681695 0.005)
(-0.03553521762 -0.04847311176 0.005)
(-0.03230555556 -0.0484776709 0.005)
(-0.02907566508 -0.04848183442 0.005)
(-0.02584556722 -0.04848559091 0.005)
(-0.02261528355 -0.04848893007 0.005)
(-0.01938483617 -0.04849184275 0.005)
(-0.01615424762 -0.04849432097 0.005)
(-0.01292354084 -0.04849635793 0.005)
(-0.009692739078 -0.04849794806 0.005)
(-0.006461865855 -0.04849908698 0.005)
(-0.003230944882 -0.04849977159 0.005)
(1.850371708e-20 -0.0485 0.005)
(0.003230944882 -0.04849977159 0.005)
(0.006461865855 -0.04849908698 0.005)
(0.009692739078 -0.04849794806 0.005)
(0.01292354084 -0.04849635793 0.005)
(0.01615424762 -0.04849432097 0.005)
(0.01938483617 -0.04849184275 0.005)
(0.02261528355 -0.04848893007 0.005)
(0.02584556722 -0.04848559091 0.005)
(0.02907566508 -0.04848183442 0.005)
(0.03230555556 -0.0484776709 0.005)
(0.03553521762 -0.04847311176 0.005)
(0.03876463088 -0.0484681695 0.005)
(0.04199377562 -0.04846285766 0.005)
(0.04522263288 -0.0484571908 0.005)
(0.04845118446 -0.04845118446 0.005)
(-0.04845118446 -0.04845118446 -0.005)
(-0.04522263288 -0.0484571908 -0.005)
(-0.04199377562 -0.04846285766 -0.005)
(-0.03876463088 -0.0484681695 -0.005)
(-0.03553521762 -0.04847311176 -0.005)
(-0.03230555556 -0.0484776709 -0.005)
(-0.02907566508 -0.04848183442 -0.005)
(-0.02584556722 -0.04848559091 -0.005)
(-0.02261528355 -0.04848893007 -0.005)
(-0.01938483617 -0.04849184275 -0.005)
(-0.01615424762 -0.04849432097 -0.005)
(-0.01292354084 -0.04849635793 -0.005)
(-0.009692739078 -0.04849794806 -0.005)
(-0.006461865855 -0.04849908698 -0.005)
(-0.003230944882 -0.04849977159 -0.005)
(-1.850371708e-20 -0.0485 -0.005)
(0.003230944882 -0.04849977159 -0.005)
(0.006461865855 -0.04849908698 -0.005)
(0.009692739078 -0.04849794806 -0.005)
(0.01292354084 -0.04849635793 -0.005)
(0.01615424762 -0.04849432097 -0.005)
(0.01938483617 -0.04849184275 -0.005)
(0.02261528355 -0.04848893007 -0.005)
(0.02584556722 -0.04848559091 -0.005)
(0.02907566508 -0.04848183442 -0.005)
(0.03230555556 -0.0484776709 -0.005)
(0.03553521762 -0.04847311176 -0.005)
(0.03876463088 -0.0484681695 -0.005)
(0.04199377562 -0.04846285766 -0.005)
(0.04522263288 -0.0484571908 -0.005)
(0.04845118446 -0.04845118446 -0.005)
(-0.04690236893 -0.04690236893 0.005)
(-0.04377859909 -0.04691438161 0.005)
(-0.04065421791 -0.04692571532 0.005)
(-0.03752926175 -0.046936339 0.005)
(-0.03440376857 -0.04694622352 0.005)
(-0.03127777778 -0.0469553418 0.005)
(-0.02815133017 -0.04696366884 0.005)
(-0.02502446777 -0.04697118182 0.005)
(-0.02189723376 -0.04697786014 0.005)
(-0.01876967233 -0.04698368551 0.005)
(-0.01564182857 -0.04698864194 0.005)
(-0.01251374834 -0.04699271587 0.005)
(-0.009385478155 -0.04699589611 0.005)
(-0.006257065043 -0.04699817397 0.005)
(-0.00312855643 -0.04699954318 0.005)
(3.700743415e-20 -0.047 0.005)
(0.00312855643 -0.04699954318 0.005)
(0.006257065043 -0.04699817397 0.005)
(0.009385478155 -0.04699589611 0.005)
(0.01251374834 -0.04699271587 0.005)
(0.01564182857 -0.04698864194 0.005)
(0.01876967233 -0.04698368551 0.005)
(0.02189723376 -0.04697786014 0.005)
(0.02502446777 -0.04697118182 0.005)
(0.02815133017 -0.04696366884 0.005)
(0.03127777778 -0.0469553418 0.005)
(0.03440376857 -0.04694622352 0.005)
(0.03752926175 -0.046936339 0.005)
(0.04065421791 -0.04692571532 0.005)
(0.04377859909 -0.04691438161 0.005)
(0.04690236893 -0.04690236893 0.005)
(-0.04690236893 -0.04690236893 -0.005)
(-0.04377859909 -0.04691438161 -0.005)
(-0.04065421791 -0.04692571532 -0.005)
(-0.03752926175 -0.046936339 -0.005)
(-0.03440376857 -0.04694622352 -0.005)
(-0.03127777778 -0.0469553418 -0.005)
(-0.02815133017 -0.04696366884 -0.005)
(-0.02502446777 -0.04697118182 -0.005)
(-0.02189723376 -0.04697786014 -0.005)
(-0.01876967233 -0.04698368551 -0.005)
(-0.01564182857 -0.04698864194 -0.005)
(-0.01251374834 -0.04699271587 -0.005)
(-0.009385478155 -0.04699589611 -0.005)
(-0.006257065043 -0.04699817397 -0.005)
(-0.00312855643 -0.04699954318 -0.005)
(-3.700743415e-20 -0.047 -0.005)
(0.00312855643 -0.04699954318 -0.005)
(0.006257065043 -0.04699817397 -0.005)
(0.009385478155 -0.04699589611 -0.005)
(0.01251374834 -0.04699271587 -0.005)
(0.01564182857 -0.04698864194 -0.005)
(0.01876967233 -0.04698368551 -0.005)
(0.02189723376 -0.04697786014 -0.005)
(0.02502446777 -0.04697118182 -0.005)
(0.02815133017 -0.04696366884 -0.005)
(0.03127777778 -0.0469553418 -0.005)
(0.03440376857 -0.04694622352 -0.005)
(0.03752926175 -0.046936339 -0.005)
(0.04065421791 -0.04692571532 -0.005)
(0.04377859909 -0.04691438161 -0.005)
(0.04690236893 -0.04690236893 -0.005)
(-0.04535355339 -0.04535355339 0.005)
(-0.0423345653 -0.04537157241 0.005)
(-0.0393146602 -0.04538857298 0.005)
(-0.03629389263 -0.0454045085 0.005)
(-0.03327231952 -0.04541933528 0.005)
(-0.03025 -0.0454330127 0.005)
(-0.02722699525 -0.04544550326 0.005)
(-0.02420336832 -0.04545677273 0.005)
(-0.02117918397 -0.04546679021 0.005)
(-0.0181545085 -0.04547552826 0.005)
(-0.01512940952 -0.04548296291 0.005)
(-0.01210395585 -0.0454890738 0.005)
(-0.009078217233 -0.04549384417 0.005)
(-0.006052264232 -0.04549726095 0.005)
(-0.003026167978 -0.04549931477 0.005)
(5.551115123e-20 -0.0455 0.005)
(0.003026167978 -0.04549931477 0.005)
(0.006052264232 -0.04549726095 0.005)
(0.009078217233 -0.04549384417 0.005)
(0.01210395585 -0.0454890738 0.005)
(0.01512940952 -0.04548296291 0.005)
(0.0181545085 -0.04547552826 0.005)
(0.02117918397 -0.04546679021 0.005)
(0.02420336832 -0.04545677273 0.005)
(0.02722699525 -0.04544550326 0.005)
(0.03025 -0.0454330127 0.005)
(0.03327231952 -0.04541933528 0.005)
(0.03629389263 -0.0454045085 0.005)
(0.0393146602 -0.04538857298 0.005)
(0.0423345653 -0.04537157241 0.005)
(0.04535355339 -0.04535355339 0.005)
(-0.04535355339 -0.04535355339 -0.005)
(-0.0423345653 -0.04537157241 -0.005)
(-0.0393146602 -0.04538857298 -0.005)
(-0.03629389263 -0.0454045085 -0.005)
(-0.03327231952 -0.04541933528 -0.005)
(-0.03025 -0.0454330127 -0.005)
(-0.02722699525 -0.04544550326 -0.005)
(-0.02420336832 -0.04545677273 -0.005)
(-0.02117918397 -0.04546679021 -0.005)
(-0.0181545085 -0.04547552826 -0.005)
(-0.01512940952 -0.04548296291 -0.005)
(-0.01210395585 -0.0454890738 -0.005)
(-0.009078217233 -0.04549384417 -0.005)
(-0.006052264232 -0.04549726095 -0.005)
(-0.003026167978 -0.04549931477 -0.005)
(-5.551115123e-20 -0.0455 -0.005)
(0.003026167978 -0.04549931477 -0.005)
(0.006052264232 -0.04549726095 -0.005)
(0.009078217233 -0.04549384417 -0.005)
(0.01210395585 -0.0454890738 -0.005)
(0.01512940952 -0.04548296291 -0.005)
(0.0181545085 -0.04547552826 -0.005)
(0.02117918397 -0.04546679021 -0.005)
(0.02420336832 -0.04545677273 -0.005)
(0.02722699525 -0.04544550326 -0.005)
(0.03025 -0.0454330127 -0.005)
(0.03327231952 -0.04541933528 -0.005)
(0.03629389263 -0.0454045085 -0.005)
(0.0393146602 -0.04538857298 -0.005)
(0.0423345653 -0.04537157241 -0.005)
(0.04535355339 -0.04535355339 -0.005)
(-0.04380473785 -0.04380473785 0.005)
(-0.04089053152 -0.04382876322 0.005)
(-0.03797510248 -0.04385143064 0.005)
(-0.0350585235 -0.043872678 0.005)
(-0.03214087047 -0.04389244705 0.005)
(-0.02922222222 -0.0439106836 0.005)
(-0.02630266033 -0.04392733768 0.005)
(-0.02338226887 -0.04394236364 0.005)
(-0.02046113419 -0.04395572028 0.005)
(-0.01753934466 -0.04396737101 0.005)
(-0.01461699047 -0.04397728388 0.005)
(-0.01169416335 -0.04398543173 0.005)
(-0.00877095631 -0.04399179223 0.005)
(-0.00584746342 -0.04399634793 0.005)
(-0.002923779526 -0.04399908636 0.005)
(7.401486831e-20 -0.044 0.005)
(0.002923779526 -0.04399908636 0.005)
(0.00584746342 -0.04399634793 0.005)
(0.00877095631 -0.04399179223 0.005)
(0.01169416335 -0.04398543173 0.005)
(0.01461699047 -0.04397728388 0.005)
(0.01753934466 -0.04396737101 0.005)
(0.02046113419 -0.04395572028 0.005)
(0.02338226887 -0.04394236364 0.005)
(0.02630266033 -0.04392733768 0.005)
(0.02922222222 -0.0439106836 0.005)
(0.03214087047 -0.04389244705 0.005)
(0.0350585235 -0.043872678 0.005)
(0.03797510248 -0.04385143064 0.005)
(0.04089053152 -0.04382876322 0.005)
(0.04380473785 -0.04380473785 0.005)
(-0.04380473785 -0.04380473785 -0.005)
(-0.04089053152 -0.04382876322 -0.005)
(-0.03797510248 -0.04385143064 -0.005)
(-0.0350585235 -0.043872678 -0.005)
(-0.03214087047 -0.04389244705 -0.005)
(-0.02922222222 -0.0439106836 -0.005)
(-0.02630266033 -0.04392733768 -0.005)
(-0.02338226887 -0.04394236364 -0.005)
(-0.02046113419 -0.04395572028 -0.005)
(-0.01753934466 -0.04396737101 -0.005)
(-0.01461699047 -0.04397728388 -0.005)
(-0.01169416335 -0.04398543173 -0.005)
(-0.00877095631 -0.04399179223 -0.005)
(-0.00584746342 -0.04399634793 -0.005)
(-0.002923779526 -0.04399908636 -0.005)
(-7.401486831e-20 -0.044 -0.005)
(0.002923779526 -0.04399908636 -0.005)
(0.00584746342 -0.04399634793 -0.005)
(0.00877095631 -0.04399179223 -0.005)
(0.01169416335 -0.04398543173 -0.005)
(0.01461699047 -0.04397728388 -0.005)
(0.01753934466 -0.04396737101 -0.005)
(0.02046113419 -0.04395572028 -0.005)
(0.02338226887 -0.04394236364 -0.005)
(0.02630266033 -0.04392733768 -0.005)
(0.02922222222 -0.0439106836 -0.005)
(0.03214087047 -0.04389244705 -0.005)
(0.0350585235 -0.043872678 -0.005)
(0.03797510248 -0.04385143064 -0.005)
(0.04089053152 -0.04382876322 -0.005)
(0.04380473785 -0.04380473785 -0.005)
(-0.04225592232 -0.04225592232 0.005)
(-0.03944649773 -0.04228595402 0.005)
(-0.03663554477 -0.0423142883 0.005)
(-0.03382315438 -0.0423408475 0.005)
(-0.03100942142 -0.04236555881 0.005)
(-0.02819444444 -0.0423883545 0.005)
(-0.02537832542 -0.0424091721 0.005)
(-0.02256116942 -0.04242795455 0.005)
(-0.0197430844 -0.04244465036 0.005)
(-0.01692418083 -0.04245921376 0.005)
(-0.01410457143 -0.04247160486 0.005)
(-0.01128437085 -0.04248178967 0.005)
(-0.008463695388 -0.04248974028 0.005)
(-0.005642662608 -0.04249543491 0.005)
(-0.002821391075 -0.04249885795 0.005)
(9.251858539e-20 -0.0425 0.005)
(0.002821391075 -0.04249885795 0.005)
(0.005642662608 -0.04249543491 0.005)
(0.008463695388 -0.04248974028 0.005)
(0.01128437085 -0.04248178967 0.005)
(0.01410457143 -0.04247160486 0.005)
(0.01692418083 -0.04245921376 0.005)
(0.0197430844 -0.04244465036 0.005)
(0.02256116942 -0.04242795455 0.005)
(0.02537832542 -0.0424091721 0.005)
(0.02819444444 -0.0423883545 0.005)
(0.03100942142 -0.04236555881 0.005)
(0.03382315438 -0.0423408475 0.005)
(0.03663554477 -0.0423142883 0.005)
(0.03944649773 -0.04228595402 0.005)
(0.04225592232 -0.04225592232 0.005)
(-0.04225592232 -0.04225592232 -0.005)
(-0.03944649773 -0.04228595402 -0.005)
(-0.03663554477 -0.0423142883 -0.005)
(-0.03382315438 -0.0423408475 -0.005)
(-0.03100942142 -0.04236555881 -0.005)
(-0.02819444444 -0.0423883545 -0.005)
(-0.02537832542 -0.0424091721 -0.005)
(-0.02256116942 -0.04242795455 -0.005)
(-0.0197430844 -0.04244465036 -0.005)
(-0.01692418083 -0.04245921376 -0.005)
(-0.01410457143 -0.04247160486 -0.005)
(-0.01128437085 -0.04248178967 -0.005)
(-0.008463695388 -0.04248974028 -0.005)
(-0.005642662608 -0.04249543491 -0.005)
(-0.002821391075 -0.04249885795 -0.005)
(-9.251858539e-20 -0.0425 -0.005)
(0.002821391075 -0.04249885795 -0.005)
(0.005642662608 -0.04249543491 -0.005)
(0.008463695388 -0.04248974028 -0.005)
(0.01128437085 -0.04248178967 -0.005)
(0.01410457143 -0.04247160486 -0.005)
(0.01692418083 -0.04245921376 -0.005)
(0.0197430844 -0.04244465036 -0.005)
(0.02256116942 -0.04242795455 -0.005)
(0.02537832542 -0.0424091721 -0.005)
(0.02819444444 -0.0423883545 -0.005)
(0.03100942142 -0.04236555881 -0.005)
(0.03382315438 -0.0423408475 -0.005)
(0.03663554477 -0.0423142883 -0.005)
(0.03944649773 -0.04228595402 -0.005)
(0.04225592232 -0.04225592232 -0.005)
(-0.04070710678 -0.04070710678 0.005)
(-0.03800246394 -0.04074314483 0.005)
(-0.03529598706 -0.04077714596 0.005)
(-0.03258778525 -0.04080901699 0.005)
(-0.02987797237 -0.04083867057 0.005)
(-0.02716666667 -0.0408660254 0.005)
(-0.0244539905 -0.04089100652 0.005)
(-0.02174006998 -0.04091354546 0.005)
(-0.01902503462 -0.04093358043 0.005)
(-0.01630901699 -0.04095105652 0.005)
(-0.01359215238 -0.04096592583 0.005)
(-0.01087457836 -0.0409781476 0.005)
(-0.008156434465 -0.04098768834 0.005)
(-0.005437861797 -0.0409945219 0.005)
(-0.002719002623 -0.04099862953 0.005)
(1.110223025e-19 -0.041 0.005)
(0.002719002623 -0.04099862953 0.005)
(0.005437861797 -0.0409945219 0.005)
(0.008156434465 -0.04098768834 0.005)
(0.01087457836 -0.0409781476 0.005)
(0.01359215238 -0.04096592583 0.005)
(0.01630901699 -0.04095105652 0.005)
(0.01902503462 -0.04093358043 0.005)
(0.02174006998 -0.04091354546 0.005)
(0.0244539905 -0.04089100652 0.005)
(0.02716666667 -0.0408660254 0.005)
(0.02987797237 -0.04083867057 0.005)
(0.03258778525 -0.04080901699 0.005)
(0.03529598706 -0.04077714596 0.005)
(0.03800246394 -0.04074314483 0.005)
(0.04070710678 -0.04070710678 0.005)
(-0.04070710678 -0.04070710678 -0.005)
(-0.03800246394 -0.04074314483 -0.005)
(-0.03529598706 -0.04077714596 -0.005)
(-0.03258778525 -0.04080901699 -0.005)
(-0.02987797237 -0.04083867057 -0.005)
(-0.02716666667 -0.0408660254 -0.005)
(-0.0244539905 -0.04089100652 -0.005)
(-0.02174006998 -0.04091354546 -0.005)
(-0.01902503462 -0.04093358043 -0.005)
(-0.01630901699 -0.04095105652 -0.005)
(-0.01359215238 -0.04096592583 -0.005)
(-0.01087457836 -0.0409781476 -0.005)
(-0.008156434465 -0.04098768834 -0.005)
(-0.005437861797 -0.0409945219 -0.005)
(-0.002719002623 -0.04099862953 -0.005)
(-1.110223025e-19 -0.041 -0.005)
(0.002719002623 -0.04099862953 -0.005)
(0.005437861797 -0.0409945219 -0.005)
(0.008156434465 -0.04098768834 -0.005)
(0.01087457836 -0.0409781476 -0.005)
(0.01359215238 -0.04096592583 -0.005)
(0.01630901699 -0.04095105652 -0.005)
(0.01902503462 -0.04093358043 -0.005)
(0.02174006998 -0.04091354546 -0.005)
(0.0244539905 -0.04089100652 -0.005)
(0.02716666667 -0.0408660254 -0.005)
(0.02987797237 -0.04083867057 -0.005)
(0.03258778525 -0.04080901699 -0.005)
(0.03529598706 -0.04077714596 -0.005)
(0.03800246394 -0.04074314483 -0.005)
(0.04070710678 -0.04070710678 -0.005)
(-0.03915829125 -0.03915829125 0.005)
(-0.03655843015 -0.03920033563 0.005)
(-0.03395642935 -0.03924000362 0.005)
(-0.03135241613 -0.03927718649 0.005)
(-0.02874652332 -0.03931178233 0.005)
(-0.02613888889 -0.0393436963 0.005)
(-0.02352965558 -0.03937284095 0.005)
(-0.02091897053 -0.03939913637 0.005)
(-0.01830698483 -0.0394225105 0.005)
(-0.01569385316 -0.03944289927 0.005)
(-0.01307973333 -0.0394602468 0.005)
(-0.01046478586 -0.03947450553 0.005)
(-0.007849173543 -0.0394856364 0.005)
(-0.005233060985 -0.03949360888 0.005)
(-0.002616614171 -0.03949840112 0.005)
(1.295260195e-19 -0.0395 0.005)
(0.002616614171 -0.03949840112 0.005)
(0.005233060985 -0.03949360888 0.005)
(0.007849173543 -0.0394856364 0.005)
(0.01046478586 -0.03947450553 0.005)
(0.01307973333 -0.0394602468 0.005)
(0.01569385316 -0.03944289927 0.005)
(0.01830698483 -0.0394225105 0.005)
(0.02091897053 -0.03939913637 0.005)
(0.02352965558 -0.03937284095 0.005)
(0.02613888889 -0.0393436963 0.005)
(0.02874652332 -0.03931178233 0.005)
(0.03135241613 -0.03927718649 0.005)
(0.03395642935 -0.03924000362 0.005)
(0.03655843015 -0.03920033563 0.005)
(0.03915829125 -0.03915829125 0.005)
(-0.03915829125 -0.03915829125 -0.005)
(-0.03655843015 -0.03920033563 -0.005)
(-0.03395642935 -0.03924000362 -0.005)
(-0.03135241613 -0.03927718649 -0.005)
(-0.02874652332 -0.03931178233 -0.005)
(-0.02613888889 -0.0393436963 -0.005)
(-0.02352965558 -0.03937284095 -0.005)
(-0.02091897053 -0.03939913637 -0.005)
(-0.01830698483 -0.0394225105 -0.005)
(-0.01569385316 -0.03944289927 -0.005)
(-0.01307973333 -0.0394602468 -0.005)
(-0.01046478586 -0.03947450553 -0.005)
(-0.007849173543 -0.0394856364 -0.005)
(-0.005233060985 -0.03949360888 -0.005)
(-0.002616614171 -0.03949840112 -0.005)
(-1.295260195e-19 -0.0395 -0.005)
(0.002616614171 -0.03949840112 -0.005)
(0.005233060985 -0.03949360888 -0.005)
(0.007849173543 -0.0394856364 -0.005)
(0.01046478586 -0.03947450553 -0.005)
(0.01307973333 -0.0394602468 -0.005)
(0.01569385316 -0.03944289927 -0.005)
(0.01830698483 -0.0394225105 -0.005)
(0.02091897053 -0.03939913637 -0.005)
(0.02352965558 -0.03937284095 -0.005)
(0.02613888889 -0.0393436963 -0.005)
(0.02874652332 -0.03931178233 -0.005)
(0.03135241613 -0.03927718649 -0.005)
(0.03395642935 -0.03924000362 -0.005)
(0.03655843015 -0.03920033563 -0.005)
(0.03915829125 -0.03915829125 -0.005)
(-0.03760947571 -0.03760947571 0.005)
(-0.03511439636 -0.03765752643 0.005)
(-0.03261687163 -0.03770286128 0.005)
(-0.030117047 -0.03774535599 0.005)
(-0.02761507427 -0.03778489409 0.005)
(-0.02511111111 -0.03782136721 0.005)
(-0.02260532067 -0.03785467537 0.005)
(-0.02009787108 -0.03788472728 0.005)
(-0.01758893504 -0.03791144057 0.005)
(-0.01507868933 -0.03793474202 0.005)
(-0.01256731428 -0.03795456777 0.005)
(-0.01005499337 -0.03797086347 0.005)
(-0.00754191262 -0.03798358445 0.005)
(-0.005028260173 -0.03799269586 0.005)
(-0.002514225719 -0.03799817271 0.005)
(1.480297366e-19 -0.038 0.005)
(0.002514225719 -0.03799817271 0.005)
(0.005028260173 -0.03799269586 0.005)
(0.00754191262 -0.03798358445 0.005)
(0.01005499337 -0.03797086347 0.005)
(0.01256731428 -0.03795456777 0.005)
(0.01507868933 -0.03793474202 0.005)
(0.01758893504 -0.03791144057 0.005)
(0.02009787108 -0.03788472728 0.005)
(0.02260532067 -0.03785467537 0.005)
(0.02511111111 -0.03782136721 0.005)
(0.02761507427 -0.03778489409 0.005)
(0.030117047 -0.03774535599 0.005)
(0.03261687163 -0.03770286128 0.005)
(0.03511439636 -0.03765752643 0.005)
(0.03760947571 -0.03760947571 0.005)
(-0.03760947571 -0.03760947571 -0.005)
(-0.03511439636 -0.03765752643 -0.005)
(-0.03261687163 -0.03770286128 -0.005)
(-0.030117047 -0.03774535599 -0.005)
(-0.02761507427 -0.03778489409 -0.005)
(-0.02511111111 -0.03782136721 -0.005)
(-0.02260532067 -0.03785467537 -0.005)
(-0.02009787108 -0.03788472728 -0.005)
(-0.01758893504 -0.03791144057 -0.005)
(-0.01507868933 -0.03793474202 -0.005)
(-0.01256731428 -0.03795456777 -0.005)
(-0.01005499337 -0.03797086347 -0.005)
(-0.00754191262 -0.03798358445 -0.005)
(-0.005028260173 -0.03799269586 -0.005)
(-0.002514225719 -0.03799817271 -0.005)
(-1.480297366e-19 -0.038 -0.005)
(0.002514225719 -0.03799817271 -0.005)
(0.005028260173 -0.03799269586 -0.005)
(0.00754191262 -0.03798358445 -0.005)
(0.01005499337 -0.03797086347 -0.005)
(0.01256731428 -0.03795456777 -0.005)
(0.01507868933 -0.03793474202 -0.005)
(0.01758893504 -0.03791144057 -0.005)
(0.02009787108 -0.03788472728 -0.005)
(0.02260532067 -0.03785467537 -0.005)
(0.02511111111 -0.03782136721 -0.005)
(0.02761507427 -0.03778489409 -0.005)
(0.030117047 -0.03774535599 -0.005)
(0.03261687163 -0.03770286128 -0.005)
(0.03511439636 -0.03765752643 -0.005)
(0.03760947571 -0.03760947571 -0.005)
(-0.03606066017 -0.03606066017 0.005)
(-0.03367036258 -0.03611471724 0.005)
(-0.03127731392 -0.03616571894 0.005)
(-0.02888167788 -0.03621352549 0.005)
(-0.02648362522 -0.03625800585 0.005)
(-0.02408333333 -0.03629903811 0.005)
(-0.02168098575 -0.03633650979 0.005)
(-0.01927677163 -0.03637031819 0.005)
(-0.01687088526 -0.03640037064 0.005)
(-0.01446352549 -0.03642658477 0.005)
(-0.01205489523 -0.03644888874 0.005)
(-0.00964520087 -0.0364672214 0.005)
(-0.007234651698 -0.03648153251 0.005)
(-0.004823459362 -0.03649178284 0.005)
(-0.002411837268 -0.0364979443 0.005)
(1.665334537e-19 -0.0365 0.005)
(0.002411837268 -0.0364979443 0.005)
(0.004823459362 -0.03649178284 0.005)
(0.007234651698 -0.03648153251 0.005)
(0.00964520087 -0.0364672214 0.005)
(0.01205489523 -0.03644888874 0.005)
(0.01446352549 -0.03642658477 0.005)
(0.01687088526 -0.03640037064 0.005)
(0.01927677163 -0.03637031819 0.005)
(0.02168098575 -0.03633650979 0.005)
(0.02408333333 -0.03629903811 0.005)
(0.02648362522 -0.03625800585 0.005)
(0.02888167788 -0.03621352549 0.005)
(0.03127731392 -0.03616571894 0.005)
(0.03367036258 -0.03611471724 0.005)
(0.03606066017 -0.03606066017 0.005)
(-0.03606066017 -0.03606066017 -0.005)
(-0.03367036258 -0.03611471724 -0.005)
(-0.03127731392 -0.03616571894 -0.005)
(-0.02888167788 -0.03621352549 -0.005)
(-0.02648362522 -0.03625800585 -0.005)
(-0.02408333333 -0.03629903811 -0.005)
(-0.02168098575 -0.03633650979 -0.005)
(-0.01927677163 -0.03637031819 -0.005)
(-0.01687088526 -0.03640037064 -0.005)
(-0.01446352549 -0.03642658477 -0.005)
(-0.01205489523 -0.03644888874 -0.005)
(-0.00964520087 -0.0364672214 -0.005)
(-0.007234651698 -0.03648153251 -0.005)
(-0.004823459362 -0.03649178284 -0.005)
(-0.002411837268 -0.0364979443 -0.005)
(-1.665334537e-19 -0.0365 -0.005)
(0.002411837268 -0.0364979443 -0.005)
(0.004823459362 -0.03649178284 -0.005)
(0.007234651698 -0.03648153251 -0.005)
(0.00964520087 -0.0364672214 -0.005)
(0.01205489523 -0.03644888874 -0.005)
(0.01446352549 -0.03642658477 -0.005)
(0.01687088526 -0.03640037064 -0.005)
(0.01927677163 -0.03637031819 -0.005)
(0.02168098575 -0.03633650979 -0.005)
(0.02408333333 -0.03629903811 -0.005)
(0.02648362522 -0.03625800585 -0.005)
(0.02888167788 -0.03621352549 -0.005)
(0.03127731392 -0.03616571894 -0.005)
(0.03367036258 -0.03611471724 -0.005)
(0.03606066017 -0.03606066017 -0.005)
(-0.03451184464 -0.03451184464 0.005)
(-0.03222632879 -0.03457190804 0.005)
(-0.02993775621 -0.0346285766 0.005)
(-0.02764630875 -0.03468169499 0.005)
(-0.02535217617 -0.03473111761 0.005)
(-0.02305555556 -0.03477670901 0.005)
(-0.02075665083 -0.03481834421 0.005)
(-0.01845567218 -0.0348559091 0.005)
(-0.01615283547 -0.03488930071 0.005)
(-0.01384836166 -0.03491842753 0.005)
(-0.01154247619 -0.03494320971 0.005)
(-0.009235408374 -0.03496357933 0.005)
(-0.006927390775 -0.03497948057 0.005)
(-0.00461865855 -0.03499086983 0.005)
(-0.002309448816 -0.03499771589 0.005)
(1.850371708e-19 -0.035 0.005)
(0.002309448816 -0.03499771589 0.005)
(0.00461865855 -0.03499086983 0.005)
(0.006927390775 -0.03497948057 0.005)
(0.009235408374 -0.03496357933 0.005)
(0.01154247619 -0.03494320971 0.005)
(0.01384836166 -0.03491842753 0.005)
(0.01615283547 -0.03488930071 0.005)
(0.01845567218 -0.0348559091 0.005)
(0.02075665083 -0.03481834421 0.005)
(0.02305555556 -0.03477670901 0.005)
(0.02535217617 -0.03473111761 0.005)
(0.02764630875 -0.03468169499 0.005)
(0.02993775621 -0.0346285766 0.005)
(0.03222632879 -0.03457190804 0.005)
(0.03451184464 -0.03451184464 0.005)
(-0.03451184464 -0.03451184464 -0.005)
(-0.03222632879 -0.03457190804 -0.005)
(-0.02993775621 -0.0346285766 -0.005)
(-0.02764630875 -0.03468169499 -0.005)
(-0.02535217617 -0.03473111761 -0.005)
(-0.02305555556 -0.03477670901 -0.005)
(-0.02075665083 -0.03481834421 -0.005)
(-0.01845567218 -0.0348559091 -0.005)
(-0.01615283547 -0.03488930071 -0.005)
(-0.01384836166 -0.03491842753 -0.005)
(-0.01154247619 -0.03494320971 -0.005)
(-0.009235408374 -0.03496357933 -0.005)
(-0.006927390775 -0.03497948057 -0.005)
(-0.00461865855 -0.03499086983 -0.005)
(-0.002309448816 -0.03499771589 -0.005)
(-1.850371708e-19 -0.035 -0.005)
(0.002309448816 -0.03499771589 -0.005)
(0.00461865855 -0.03499086983 -0.005)
(0.006927390775 -0.03497948057 -0.005)
(0.009235408374 -0.03496357933 -0.005)
(0.01154247619 -0.03494320971 -0.005)
(0.01384836166 -0.03491842753 -0.005)
(0.01615283547 -0.03488930071 -0.005)
(0.01845567218 -0.0348559091 -0.005)
(0.02075665083 -0.03481834421 -0.005)
(0.02305555556 -0.03477670901 -0.005)
(0.02535217617 -0.03473111761 -0.005)
(0.02764630875 -0.03468169499 -0.005)
(0.02993775621 -0.0346285766 -0.005)
(0.03222632879 -0.03457190804 -0.005)
(0.03451184464 -0.03451184464 -0.005)
(-0.0329630291 -0.0329630291 0.005)
(-0.030782295 -0.03302909885 0.005)
(-0.0285981985 -0.03309143426 0.005)
(-0.02641093963 -0.03314986449 0.005)
(-0.02422072712 -0.03320422938 0.005)
(-0.02202777778 -0.03325437991 0.005)
(-0.01983231592 -0.03330017863 0.005)
(-0.01763457273 -0.03334150001 0.005)
(-0.01543478569 -0.03337823078 0.005)
(-0.01323319782 -0.03341027028 0.005)
(-0.01103005714 -0.03343753068 0.005)
(-0.008825615878 -0.03345993727 0.005)
(-0.006620129853 -0.03347742862 0.005)
(-0.004413857738 -0.03348995681 0.005)
(-0.002207060364 -0.03349748748 0.005)
(2.035408878e-19 -0.0335 0.005)
(0.002207060364 -0.03349748748 0.005)
(0.004413857738 -0.03348995681 0.005)
(0.006620129853 -0.03347742862 0.005)
(0.008825615878 -0.03345993727 0.005)
(0.01103005714 -0.03343753068 0.005)
(0.01323319782 -0.03341027028 0.005)
(0.01543478569 -0.03337823078 0.005)
(0.01763457273 -0.03334150001 0.005)
(0.01983231592 -0.03330017863 0.005)
(0.02202777778 -0.03325437991 0.005)
(0.02422072712 -0.03320422938 0.005)
(0.02641093963 -0.03314986449 0.005)
(0.0285981985 -0.03309143426 0.005)
(0.030782295 -0.03302909885 0.005)
(0.0329630291 -0.0329630291 0.005)
(-0.0329630291 -0.0329630291 -0.005)
(-0.030782295 -0.03302909885 -0.005)
(-0.0285981985 -0.03309143426 -0.005)
(-0.02641093963 -0.03314986449 -0.005)
(-0.02422072712 -0.03320422938 -0.005)
(-0.02202777778 -0.03325437991 -0.005)
(-0.01983231592 -0.03330017863 -0.005)
(-0.01763457273 -0.03334150001 -0.005)
(-0.01543478569 -0.03337823078 -0.005)
(-0.01323319782 -0.03341027028 -0.005)
(-0.01103005714 -0.03343753068 -0.005)
(-0.008825615878 -0.03345993727 -0.005)
(-0.006620129853 -0.03347742862 -0.005)
(-0.004413857738 -0.03348995681 -0.005)
(-0.002207060364 -0.03349748748 -0.005)
(-2.035408878e-19 -0.0335 -0.005)
(0.002207060364 -0.03349748748 -0.005)
(0.004413857738 -0.03348995681 -0.005)
(0.006620129853 -0.03347742862 -0.005)
(0.008825615878 -0.03345993727 -0.005)
(0.01103005714 -0.03343753068 -0.005)
(0.01323319782 -0.03341027028 -0.005)
(0.01543478569 -0.03337823078 -0.005)
(0.01763457273 -0.03334150001 -0.005)
(0.01983231592 -0.03330017863 -0.005)
(0.02202777778 -0.03325437991 -0.005)
(0.02422072712 -0.03320422938 -0.005)
(0.02641093963 -0.03314986449 -0.005)
(0.0285981985 -0.03309143426 -0.005)
(0.030782295 -0.03302909885 -0.005)
(0.0329630291 -0.0329630291 -0.005)
(-0.03141421356 -0.03141421356 0.005)
(-0.02933826121 -0.03148628965 0.005)
(-0.02725864078 -0.03155429192 0.005)
(-0.02517557051 -0.03161803399 0.005)
(-0.02308927807 -0.03167734114 0.005)
(-0.021 -0.03173205081 0.005)
(-0.018907981 -0.03178201305 0.005)
(-0.01681347329 -0.03182709092 0.005)
(-0.0147167359 -0.03186716085 0.005)
(-0.01261803399 -0.03190211303 0.005)
(-0.01051763809 -0.03193185165 0.005)
(-0.008415823382 -0.0319562952 0.005)
(-0.00631286893 -0.03197537668 0.005)
(-0.004209056927 -0.03198904379 0.005)
(-0.002104671913 -0.03199725907 0.005)
(2.220446049e-19 -0.032 0.005)
(0.002104671913 -0.03199725907 0.005)
(0.004209056927 -0.03198904379 0.005)
(0.00631286893 -0.03197537668 0.005)
(0.008415823382 -0.0319562952 0.005)
(0.01051763809 -0.03193185165 0.005)
(0.01261803399 -0.03190211303 0.005)
(0.0147167359 -0.03186716085 0.005)
(0.01681347329 -0.03182709092 0.005)
(0.018907981 -0.03178201305 0.005)
(0.021 -0.03173205081 0.005)
(0.02308927807 -0.03167734114 0.005)
(0.02517557051 -0.03161803399 0.005)
(0.02725864078 -0.03155429192 0.005)
(0.02933826121 -0.03148628965 0.005)
(0.03141421356 -0.03141421356 0.005)
(-0.03141421356 -0.03141421356 -0.005)
(-0.02933826121 -0.03148628965 -0.005)
(-0.02725864078 -0.03155429192 -0.005)
(-0.02517557051 -0.03161803399 -0.005)
(-0.02308927807 -0.03167734114 -0.005)
(-0.021 -0.03173205081 -0.005)
(-0.018907981 -0.03178201305 -0.005)
(-0.01681347329 -0.03182709092 -0.005)
(-0.0147167359 -0.03186716085 -0.005)
(-0.01261803399 -0.03190211303 -0.005)
(-0.01051763809 -0.03193185165 -0.005)
(-0.008415823382 -0.0319562952 -0.005)
(-0.00631286893 -0.03197537668 -0.005)
(-0.004209056927 -0.03198904379 -0.005)
(-0.002104671913 -0.03199725907 -0.005)
(-2.220446049e-19 -0.032 -0.005)
(0.002104671913 -0.03199725907 -0.005)
(0.004209056927 -0.03198904379 -0.005)
(0.00631286893 -0.03197537668 -0.005)
(0.008415823382 -0.0319562952 -0.005)
(0.01051763809 -0.03193185165 -0.005)
(0.01261803399 -0.03190211303 -0.005)
(0.0147167359 -0.03186716085 -0.005)
(0.01681347329 -0.03182709092 -0.005)
(0.018907981 -0.03178201305 -0.005)
(0.021 -0.03173205081 -0.005)
(0.02308927807 -0.03167734114 -0.005)
(0.02517557051 -0.03161803399 -0.005)
(0.02725864078 -0.03155429192 -0.005)
(0.02933826121 -0.03148628965 -0.005)
(0.03141421356 -0.03141421356 -0.005)
(-0.02986539803 -0.02986539803 0.005)
(-0.02789422743 -0.02994348046 0.005)
(-0.02591908307 -0.03001714958 0.005)
(-0.02394020138 -0.03008620349 0.005)
(-0.02195782902 -0.0301504529 0.005)
(-0.01997222222 -0.03020972171 0.005)
(-0.01798364608 -0.03026384747 0.005)
(-0.01599237384 -0.03031268183 0.005)
(-0.01399868611 -0.03035609092 0.005)
(-0.01200287015 -0.03039395579 0.005)
(-0.01000521904 -0.03042617262 0.005)
(-0.008006030886 -0.03045265314 0.005)
(-0.006005608008 -0.03047332474 0.005)
(-0.004004256115 -0.03048813077 0.005)
(-0.002002283461 -0.03049703066 0.005)
(2.40548322e-19 -0.0305 0.005)
(0.002002283461 -0.03049703066 0.005)
(0.004004256115 -0.03048813077 0.005)
(0.006005608008 -0.03047332474 0.005)
(0.008006030886 -0.03045265314 0.005)
(0.01000521904 -0.03042617262 0.005)
(0.01200287015 -0.03039395579 0.005)
(0.01399868611 -0.03035609092 0.005)
(0.01599237384 -0.03031268183 0.005)
(0.01798364608 -0.03026384747 0.005)
(0.01997222222 -0.03020972171 0.005)
(0.02195782902 -0.0301504529 0.005)
(0.02394020138 -0.03008620349 0.005)
(0.02591908307 -0.03001714958 0.005)
(0.02789422743 -0.02994348046 0.005)
(0.02986539803 -0.02986539803 0.005)
(-0.02986539803 -0.02986539803 -0.005)
(-0.02789422743 -0.02994348046 -0.005)
(-0.02591908307 -0.03001714958 -0.005)
(-0.02394020138 -0.03008620349 -0.005)
(-0.02195782902 -0.0301504529 -0.005)
(-0.01997222222 -0.03020972171 -0.005)
(-0.01798364608 -0.03026384747 -0.005)
(-0.01599237384 -0.03031268183 -0.005)
(-0.01399868611 -0.03035609092 -0.005)
(-0.01200287015 -0.03039395579 -0.005)
(-0.01000521904 -0.03042617262 -0.005)
(-0.008006030886 -0.03045265314 -0.005)
(-0.006005608008 -0.03047332474 -0.005)
(-0.004004256115 -0.03048813077 -0.005)
(-0.002002283461 -0.03049703066 -0.005)
(-2.40548322e-19 -0.0305 -0.005)
(0.002002283461 -0.03049703066 -0.005)
(0.004004256115 -0.03048813077 -0.005)
(0.006005608008 -0.03047332474 -0.005)
(0.008006030886 -0.03045265314 -0.005)
(0.01000521904 -0.03042617262 -0.005)
(0.01200287015 -0.03039395579 -0.005)
(0.01399868611 -0.03035609092 -0.005)
(0.01599237384 -0.03031268183 -0.005)
(0.01798364608 -0.03026384747 -0.005)
(0.01997222222 -0.03020972171 -0.005)
(0.02195782902 -0.0301504529 -0.005)
(0.02394020138 -0.03008620349 -0.005)
(0.02591908307 -0.03001714958 -0.005)
(0.02789422743 -0.02994348046 -0.005)
(0.02986539803 -0.02986539803 -0.005)
(-0.02831658249 -0.02831658249 0.005)
(-0.02645019364 -0.02840067126 0.005)
(-0.02457952536 -0.02848000724 0.005)
(-0.02270483226 -0.02855437299 0.005)
(-0.02082637997 -0.02862356466 0.005)
(-0.01894444445 -0.02868739261 0.005)
(-0.01705931117 -0.02874568189 0.005)
(-0.01517127439 -0.02879827274 0.005)
(-0.01328063633 -0.028845021 0.005)
(-0.01138770632 -0.02888579854 0.005)
(-0.009492799994 -0.02892049359 0.005)
(-0.00759623839 -0.02894901107 0.005)
(-0.005698347085 -0.02897127279 0.005)
(-0.003799455303 -0.02898721776 0.005)
(-0.001899895009 -0.02899680225 0.005)
(2.590520391e-19 -0.029 0.005)
(0.001899895009 -0.02899680225 0.005)
(0.003799455303 -0.02898721776 0.005)
(0.005698347085 -0.02897127279 0.005)
(0.00759623839 -0.02894901107 0.005)
(0.009492799994 -0.02892049359 0.005)
(0.01138770632 -0.02888579854 0.005)
(0.01328063633 -0.028845021 0.005)
(0.01517127439 -0.02879827274 0.005)
(0.01705931117 -0.02874568189 0.005)
(0.01894444445 -0.02868739261 0.005)
(0.02082637997 -0.02862356466 0.005)
(0.02270483226 -0.02855437299 0.005)
(0.02457952536 -0.02848000724 0.005)
(0.02645019364 -0.02840067126 0.005)
(0.02831658249 -0.02831658249 0.005)
(-0.02831658249 -0.02831658249 -0.005)
(-0.02645019364 -0.02840067126 -0.005)
(-0.02457952536 -0.02848000724 -0.005)
(-0.02270483226 -0.02855437299 -0.005)
(-0.02082637997 -0.02862356466 -0.005)
(-0.01894444445 -0.02868739261 -0.005)
(-0.01705931117 -0.02874568189 -0.005)
(-0.01517127439 -0.02879827274 -0.005)
(-0.01328063633 -0.028845021 -0.005)
(-0.01138770632 -0.02888579854 -0.005)
(-0.009492799994 -0.02892049359 -0.005)
(-0.00759623839 -0.02894901107 -0.005)
(-0.005698347085 -0.02897127279 -0.005)
(-0.003799455303 -0.02898721776 -0.005)
(-0.001899895009 -0.02899680225 -0.005)
(-2.590520391e-19 -0.029 -0.005)
(0.001899895009 -0.02899680225 -0.005)
(0.003799455303 -0.02898721776 -0.005)
(0.005698347085 -0.02897127279 -0.005)
(0.00759623839 -0.02894901107 -0.005)
(0.009492799994 -0.02892049359 -0.005)
(0.01138770632 -0.02888579854 -0.005)
(0.01328063633 -0.028845021 -0.005)
(0.01517127439 -0.02879827274 -0.005)
(0.01705931117 -0.02874568189 -0.005)
(0.01894444445 -0.02868739261 -0.005)
(0.02082637997 -0.02862356466 -0.005)
(0.02270483226 -0.02855437299 -0.005)
(0.02457952536 -0.02848000724 -0.005)
(0.02645019364 -0.02840067126 -0.005)
(0.02831658249 -0.02831658249 -0.005)
(-0.02676776695 -0.02676776695 0.005)
(-0.02500615985 -0.02685786207 0.005)
(-0.02323996765 -0.02694286491 0.005)
(-0.02146946313 -0.02702254249 0.005)
(-0.01969493092 -0.02709667642 0.005)
(-0.01791666667 -0.02716506351 0.005)
(-0.01613497625 -0.02722751631 0.005)
(-0.01435017494 -0.02728386364 0.005)
(-0.01256258654 -0.02733395107 0.005)
(-0.01077254249 -0.02737764129 0.005)
(-0.008980380946 -0.02741481457 0.005)
(-0.007186445894 -0.027445369 0.005)
(-0.005391086163 -0.02746922085 0.005)
(-0.003594654492 -0.02748630474 0.005)
(-0.001797506557 -0.02749657384 0.005)
(2.775557562e-19 -0.0275 0.005)
(0.001797506557 -0.02749657384 0.005)
(0.003594654492 -0.02748630474 0.005)
(0.005391086163 -0.02746922085 0.005)
(0.007186445894 -0.027445369 0.005)
(0.008980380946 -0.02741481457 0.005)
(0.01077254249 -0.02737764129 0.005)
(0.01256258654 -0.02733395107 0.005)
(0.01435017494 -0.02728386364 0.005)
(0.01613497625 -0.02722751631 0.005)
(0.01791666667 -0.02716506351 0.005)
(0.01969493092 -0.02709667642 0.005)
(0.02146946313 -0.02702254249 0.005)
(0.02323996765 -0.02694286491 0.005)
(0.02500615985 -0.02685786207 0.005)
(0.02676776696 -0.02676776696 0.005)
(-0.02676776696 -0.02676776696 -0.005)
(-0.02500615985 -0.02685786207 -0.005)
(-0.02323996765 -0.02694286491 -0.005)
(-0.02146946313 -0.02702254249 -0.005)
(-0.01969493092 -0.02709667642 -0.005)
(-0.01791666667 -0.02716506351 -0.005)
(-0.01613497625 -0.02722751631 -0.005)
(-0.01435017494 -0.02728386364 -0.005)
(-0.01256258654 -0.02733395107 -0.005)
(-0.01077254249 -0.02737764129 -0.005)
(-0.008980380946 -0.02741481457 -0.005)
(-0.007186445894 -0.027445369 -0.005)
(-0.005391086163 -0.02746922085 -0.005)
(-0.003594654492 -0.02748630474 -0.005)
(-0.001797506557 -0.02749657384 -0.005)
(-2.775557562e-19 -0.0275 -0.005)
(0.001797506557 -0.02749657384 -0.005)
(0.003594654492 -0.02748630474 -0.005)
(0.005391086163 -0.02746922085 -0.005)
(0.007186445894 -0.027445369 -0.005)
(0.008980380946 -0.02741481457 -0.005)
(0.01077254249 -0.02737764129 -0.005)
(0.01256258654 -0.02733395107 -0.005)
(0.01435017494 -0.02728386364 -0.005)
(0.01613497625 -0.02722751631 -0.005)
(0.01791666667 -0.02716506351 -0.005)
(0.01969493092 -0.02709667642 -0.005)
(0.02146946313 -0.02702254249 -0.005)
(0.02323996765 -0.02694286491 -0.005)
(0.02500615985 -0.02685786207 -0.005)
(0.02676776695 -0.02676776695 -0.005)
(-0.02521895142 -0.02521895142 0.005)
(-0.02356212606 -0.02531505287 0.005)
(-0.02190040993 -0.02540572257 0.005)
(-0.02023409401 -0.02549071199 0.005)
(-0.01856348187 -0.02556978818 0.005)
(-0.01688888889 -0.02564273441 0.005)
(-0.01521064133 -0.02570935073 0.005)
(-0.01352907549 -0.02576945455 0.005)
(-0.01184453675 -0.02582288114 0.005)
(-0.01015737865 -0.02586948404 0.005)
(-0.008467961898 -0.02590913554 0.005)
(-0.006776653398 -0.02594172694 0.005)
(-0.00508382524 -0.02596716891 0.005)
(-0.00338985368 -0.02598539172 0.005)
(-0.001695118106 -0.02599634543 0.005)
(2.960594732e-19 -0.026 0.005)
(0.001695118106 -0.02599634543 0.005)
(0.00338985368 -0.02598539172 0.005)
(0.00508382524 -0.02596716891 0.005)
(0.006776653398 -0.02594172694 0.005)
(0.008467961898 -0.02590913554 0.005)
(0.01015737865 -0.02586948404 0.005)
(0.01184453675 -0.02582288114 0.005)
(0.01352907549 -0.02576945455 0.005)
(0.01521064133 -0.02570935073 0.005)
(0.01688888889 -0.02564273441 0.005)
(0.01856348187 -0.02556978818 0.005)
(0.02023409401 -0.02549071199 0.005)
(0.02190040993 -0.02540572257 0.005)
(0.02356212606 -0.02531505287 0.005)
(0.02521895142 -0.02521895142 0.005)
(-0.02521895142 -0.02521895142 -0.005)
(-0.02356212606 -0.02531505287 -0.005)
(-0.02190040993 -0.02540572257 -0.005)
(-0.02023409401 -0.02549071199 -0.005)
(-0.01856348187 -0.02556978818 -0.005)
(-0.01688888889 -0.02564273441 -0.005)
(-0.01521064133 -0.02570935073 -0.005)
(-0.01352907549 -0.02576945455 -0.005)
(-0.01184453675 -0.02582288114 -0.005)
(-0.01015737865 -0.02586948404 -0.005)
(-0.008467961898 -0.02590913554 -0.005)
(-0.006776653398 -0.02594172694 -0.005)
(-0.00508382524 -0.02596716891 -0.005)
(-0.00338985368 -0.02598539172 -0.005)
(-0.001695118106 -0.02599634543 -0.005)
(-2.960594732e-19 -0.026 -0.005)
(0.001695118106 -0.02599634543 -0.005)
(0.00338985368 -0.02598539172 -0.005)
(0.00508382524 -0.02596716891 -0.005)
(0.006776653398 -0.02594172694 -0.005)
(0.008467961898 -0.02590913554 -0.005)
(0.01015737865 -0.02586948404 -0.005)
(0.01184453675 -0.02582288114 -0.005)
(0.01352907549 -0.02576945455 -0.005)
(0.01521064133 -0.02570935073 -0.005)
(0.01688888889 -0.02564273441 -0.005)
(0.01856348187 -0.02556978818 -0.005)
(0.02023409401 -0.02549071199 -0.005)
(0.02190040993 -0.02540572257 -0.005)
(0.02356212606 -0.02531505287 -0.005)
(0.02521895142 -0.02521895142 -0.005)
(-0.02367013588 -0.02367013588 0.005)
(-0.02211809228 -0.02377224367 0.005)
(-0.02056085222 -0.02386858023 0.005)
(-0.01899872488 -0.02395888149 0.005)
(-0.01743203282 -0.02404289994 0.005)
(-0.01586111111 -0.02412040531 0.005)
(-0.01428630642 -0.02419118515 0.005)
(-0.01270797604 -0.02425504546 0.005)
(-0.01112648697 -0.02431181121 0.005)
(-0.009542214818 -0.0243613268 0.005)
(-0.00795554285 -0.02440345651 0.005)
(-0.006366860902 -0.02443808487 0.005)
(-0.004776564318 -0.02446511697 0.005)
(-0.003185052868 -0.0244844787 0.005)
(-0.001592729654 -0.02449611702 0.005)
(3.145631903e-19 -0.0245 0.005)
(0.001592729654 -0.02449611702 0.005)
(0.003185052868 -0.0244844787 0.005)
(0.004776564318 -0.02446511697 0.005)
(0.006366860902 -0.02443808487 0.005)
(0.00795554285 -0.02440345651 0.005)
(0.009542214818 -0.0243613268 0.005)
(0.01112648697 -0.02431181121 0.005)
(0.01270797604 -0.02425504546 0.005)
(0.01428630642 -0.02419118515 0.005)
(0.01586111111 -0.02412040531 0.005)
(0.01743203282 -0.02404289994 0.005)
(0.01899872488 -0.02395888149 0.005)
(0.02056085222 -0.02386858023 0.005)
(0.02211809228 -0.02377224367 0.005)
(0.02367013588 -0.02367013588 0.005)
(-0.02367013588 -0.02367013588 -0.005)
(-0.02211809228 -0.02377224367 -0.005)
(-0.02056085222 -0.02386858023 -0.005)
(-0.01899872488 -0.02395888149 -0.005)
(-0.01743203282 -0.02404289994 -0.005)
(-0.01586111111 -0.02412040531 -0.005)
(-0.01428630642 -0.02419118515 -0.005)
(-0.01270797604 -0.02425504546 -0.005)
(-0.01112648697 -0.02431181121 -0.005)
(-0.009542214818 -0.0243613268 -0.005)
(-0.00795554285 -0.02440345651 -0.005)
(-0.006366860902 -0.02443808487 -0.005)
(-0.004776564318 -0.02446511697 -0.005)
(-0.003185052868 -0.0244844787 -0.005)
(-0.001592729654 -0.02449611702 -0.005)
(-3.145631903e-19 -0.0245 -0.005)
(0.001592729654 -0.02449611702 -0.005)
(0.003185052868 -0.0244844787 -0.005)
(0.004776564318 -0.02446511697 -0.005)
(0.006366860902 -0.02443808487 -0.005)
(0.00795554285 -0.02440345651 -0.005)
(0.009542214818 -0.0243613268 -0.005)
(0.01112648697 -0.02431181121 -0.005)
(0.01270797604 -0.02425504546 -0.005)
(0.01428630642 -0.02419118515 -0.005)
(0.01586111111 -0.02412040531 -0.005)
(0.01743203282 -0.02404289994 -0.005)
(0.01899872488 -0.02395888149 -0.005)
(0.02056085222 -0.02386858023 -0.005)
(0.02211809228 -0.02377224367 -0.005)
(0.02367013588 -0.02367013588 -0.005)
(-0.02212132035 -0.02212132035 0.005)
(-0.02067405849 -0.02222943448 0.005)
(-0.01922129451 -0.02233143789 0.005)
(-0.01776335576 -0.02242705098 0.005)
(-0.01630058377 -0.02251601171 0.005)
(-0.01483333333 -0.02259807621 0.005)
(-0.0133619715 -0.02267301957 0.005)
(-0.0118868766 -0.02274063637 0.005)
(-0.01040843718 -0.02280074128 0.005)
(-0.008927050984 -0.02285316955 0.005)
(-0.007443123802 -0.02289777748 0.005)
(-0.005957068406 -0.0229344428 0.005)
(-0.004469303395 -0.02296306502 0.005)
(-0.002980252057 -0.02298356569 0.005)
(-0.001490341202 -0.0229958886 0.005)
(3.330669074e-19 -0.023 0.005)
(0.001490341202 -0.0229958886 0.005)
(0.002980252057 -0.02298356569 0.005)
(0.004469303395 -0.02296306502 0.005)
(0.005957068406 -0.0229344428 0.005)
(0.007443123802 -0.02289777748 0.005)
(0.008927050984 -0.02285316955 0.005)
(0.01040843718 -0.02280074128 0.005)
(0.0118868766 -0.02274063637 0.005)
(0.0133619715 -0.02267301957 0.005)
(0.01483333333 -0.02259807621 0.005)
(0.01630058377 -0.02251601171 0.005)
(0.01776335576 -0.02242705098 0.005)
(0.01922129451 -0.02233143789 0.005)
(0.02067405849 -0.02222943448 0.005)
(0.02212132035 -0.02212132035 0.005)
(-0.02212132035 -0.02212132035 -0.005)
(-0.02067405849 -0.02222943448 -0.005)
(-0.01922129451 -0.02233143789 -0.005)
(-0.01776335576 -0.02242705098 -0.005)
(-0.01630058377 -0.02251601171 -0.005)
(-0.01483333333 -0.02259807621 -0.005)
(-0.0133619715 -0.02267301957 -0.005)
(-0.0118868766 -0.02274063637 -0.005)
(-0.01040843718 -0.02280074128 -0.005)
(-0.008927050984 -0.02285316955 -0.005)
(-0.007443123802 -0.02289777748 -0.005)
(-0.005957068406 -0.0229344428 -0.005)
(-0.004469303395 -0.02296306502 -0.005)
(-0.002980252057 -0.02298356569 -0.005)
(-0.001490341202 -0.0229958886 -0.005)
(-3.330669074e-19 -0.023 -0.005)
(0.001490341202 -0.0229958886 -0.005)
(0.002980252057 -0.02298356569 -0.005)
(0.004469303395 -0.02296306502 -0.005)
(0.005957068406 -0.0229344428 -0.005)
(0.007443123802 -0.02289777748 -0.005)
(0.008927050984 -0.02285316955 -0.005)
(0.01040843718 -0.02280074128 -0.005)
(0.0118868766 -0.02274063637 -0.005)
(0.0133619715 -0.02267301957 -0.005)
(0.01483333333 -0.02259807621 -0.005)
(0.01630058377 -0.02251601171 -0.005)
(0.01776335576 -0.02242705098 -0.005)
(0.01922129451 -0.02233143789 -0.005)
(0.02067405849 -0.02222943448 -0.005)
(0.02212132035 -0.02212132035 -0.005)
(-0.02057250481 -0.02057250481 0.005)
(-0.0192300247 -0.02068662528 0.005)
(-0.0178817368 -0.02079429555 0.005)
(-0.01652798663 -0.02089522048 0.005)
(-0.01516913472 -0.02098912347 0.005)
(-0.01380555556 -0.02107574711 0.005)
(-0.01243763658 -0.02115485399 0.005)
(-0.01106577715 -0.02122622728 0.005)
(-0.009690387396 -0.02128967135 0.005)
(-0.008311887149 -0.0213450123 0.005)
(-0.006930704754 -0.02139209845 0.005)
(-0.00554727591 -0.02143080074 0.005)
(-0.004162042473 -0.02146101308 0.005)
(-0.002775451245 -0.02148265267 0.005)
(-0.00138795275 -0.02149566019 0.005)
(3.515706245e-19 -0.0215 0.005)
(0.00138795275 -0.02149566019 0.005)
(0.002775451245 -0.02148265267 0.005)
(0.004162042473 -0.02146101308 0.005)
(0.00554727591 -0.02143080074 0.005)
(0.006930704754 -0.02139209845 0.005)
(0.008311887149 -0.0213450123 0.005)
(0.009690387396 -0.02128967135 0.005)
(0.01106577715 -0.02122622728 0.005)
(0.01243763658 -0.02115485399 0.005)
(0.01380555556 -0.02107574711 0.005)
(0.01516913472 -0.02098912347 0.005)
(0.01652798663 -0.02089522048 0.005)
(0.0178817368 -0.02079429555 0.005)
(0.0192300247 -0.02068662528 0.005)
(0.02057250481 -0.02057250481 0.005)
(-0.02057250481 -0.02057250481 -0.005)
(-0.0192300247 -0.02068662528 -0.005)
(-0.0178817368 -0.02079429555 -0.005)
(-0.01652798663 -0.02089522048 -0.005)
(-0.01516913472 -0.02098912347 -0.005)
(-0.01380555556 -0.02107574711 -0.005)
(-0.01243763658 -0.02115485399 -0.005)
(-0.01106577715 -0.02122622728 -0.005)
(-0.009690387396 -0.02128967135 -0.005)
(-0.008311887149 -0.0213450123 -0.005)
(-0.006930704754 -0.02139209845 -0.005)
(-0.00554727591 -0.02143080074 -0.005)
(-0.004162042473 -0.02146101308 -0.005)
(-0.002775451245 -0.02148265267 -0.005)
(-0.00138795275 -0.02149566019 -0.005)
(-3.515706245e-19 -0.0215 -0.005)
(0.00138795275 -0.02149566019 -0.005)
(0.002775451245 -0.02148265267 -0.005)
(0.004162042473 -0.02146101308 -0.005)
(0.00554727591 -0.02143080074 -0.005)
(0.006930704754 -0.02139209845 -0.005)
(0.008311887149 -0.0213450123 -0.005)
(0.009690387396 -0.02128967135 -0.005)
(0.01106577715 -0.02122622728 -0.005)
(0.01243763658 -0.02115485399 -0.005)
(0.01380555556 -0.02107574711 -0.005)
(0.01516913472 -0.02098912347 -0.005)
(0.01652798663 -0.02089522048 -0.005)
(0.0178817368 -0.02079429555 -0.005)
(0.0192300247 -0.02068662528 -0.005)
(0.02057250481 -0.02057250481 -0.005)
(-0.01902368927 -0.01902368927 0.005)
(-0.01778599091 -0.01914381609 0.005)
(-0.01654217908 -0.01925715321 0.005)
(-0.01529261751 -0.01936338998 0.005)
(-0.01403768567 -0.01946223523 0.005)
(-0.01277777778 -0.01955341801 0.005)
(-0.01151330167 -0.01963668842 0.005)
(-0.0102446777 -0.01971181819 0.005)
(-0.00897233761 -0.01977860142 0.005)
(-0.007696723315 -0.01983685505 0.005)
(-0.006418285706 -0.01988641942 0.005)
(-0.005137483414 -0.01992715867 0.005)
(-0.00385478155 -0.01995896114 0.005)
(-0.002570650433 -0.01998173965 0.005)
(-0.001285564299 -0.01999543178 0.005)
(3.700743415e-19 -0.02 0.005)
(0.001285564299 -0.01999543178 0.005)
(0.002570650433 -0.01998173965 0.005)
(0.00385478155 -0.01995896114 0.005)
(0.005137483414 -0.01992715867 0.005)
(0.006418285706 -0.01988641942 0.005)
(0.007696723315 -0.01983685505 0.005)
(0.00897233761 -0.01977860142 0.005)
(0.0102446777 -0.01971181819 0.005)
(0.01151330167 -0.01963668842 0.005)
(0.01277777778 -0.01955341801 0.005)
(0.01403768567 -0.01946223523 0.005)
(0.01529261751 -0.01936338998 0.005)
(0.01654217908 -0.01925715321 0.005)
(0.01778599091 -0.01914381609 0.005)
(0.01902368927 -0.01902368927 0.005)
(-0.01902368927 -0.01902368927 -0.005)
(-0.01778599091 -0.01914381609 -0.005)
(-0.01654217908 -0.01925715321 -0.005)
(-0.01529261751 -0.01936338998 -0.005)
(-0.01403768567 -0.01946223523 -0.005)
(-0.01277777778 -0.01955341801 -0.005)
(-0.01151330167 -0.01963668842 -0.005)
(-0.0102446777 -0.01971181819 -0.005)
(-0.00897233761 -0.01977860142 -0.005)
(-0.007696723315 -0.01983685505 -0.005)
(-0.006418285706 -0.01988641942 -0.005)
(-0.005137483414 -0.01992715867 -0.005)
(-0.00385478155 -0.01995896114 -0.005)
(-0.002570650433 -0.01998173965 -0.005)
(-0.001285564299 -0.01999543178 -0.005)
(-3.700743415e-19 -0.02 -0.005)
(0.001285564299 -0.01999543178 -0.005)
(0.002570650433 -0.01998173965 -0.005)
(0.00385478155 -0.01995896114 -0.005)
(0.005137483414 -0.01992715867 -0.005)
(0.006418285706 -0.01988641942 -0.005)
(0.007696723315 -0.01983685505 -0.005)
(0.00897233761 -0.01977860142 -0.005)
(0.0102446777 -0.01971181819 -0.005)
(0.01151330167 -0.01963668842 -0.005)
(0.01277777778 -0.01955341801 -0.005)
(0.01403768567 -0.01946223523 -0.005)
(0.01529261751 -0.01936338998 -0.005)
(0.01654217908 -0.01925715321 -0.005)
(0.01778599091 -0.01914381609 -0.005)
(0.01902368927 -0.01902368927 -0.005)
(-0.01747487374 -0.01747487374 0.005)
(-0.01634195712 -0.01760100689 0.005)
(-0.01520262137 -0.01772001087 0.005)
(-0.01405724838 -0.01783155948 0.005)
(-0.01290623662 -0.01793534699 0.005)
(-0.01175 -0.01803108891 0.005)
(-0.01058896675 -0.01811852284 0.005)
(-0.009423578252 -0.0181974091 0.005)
(-0.008254287824 -0.01826753149 0.005)
(-0.007081559481 -0.01832869781 0.005)
(-0.005905866658 -0.01838074039 0.005)
(-0.004727690918 -0.0184235166 0.005)
(-0.003547520628 -0.01845690919 0.005)
(-0.002365849622 -0.01848082663 0.005)
(-0.001183175847 -0.01849520337 0.005)
(3.885780586e-19 -0.0185 0.005)
(0.001183175847 -0.01849520337 0.005)
(0.002365849622 -0.01848082663 0.005)
(0.003547520628 -0.01845690919 0.005)
(0.004727690918 -0.0184235166 0.005)
(0.005905866658 -0.01838074039 0.005)
(0.007081559481 -0.01832869781 0.005)
(0.008254287824 -0.01826753149 0.005)
(0.009423578252 -0.0181974091 0.005)
(0.01058896675 -0.01811852284 0.005)
(0.01175 -0.01803108891 0.005)
(0.01290623662 -0.01793534699 0.005)
(0.01405724838 -0.01783155948 0.005)
(0.01520262137 -0.01772001087 0.005)
(0.01634195712 -0.01760100689 0.005)
(0.01747487374 -0.01747487374 0.005)
(-0.01747487374 -0.01747487374 -0.005)
(-0.01634195712 -0.01760100689 -0.005)
(-0.01520262137 -0.01772001087 -0.005)
(-0.01405724838 -0.01783155948 -0.005)
(-0.01290623662 -0.01793534699 -0.005)
(-0.01175 -0.01803108891 -0.005)
(-0.01058896675 -0.01811852284 -0.005)
(-0.009423578252 -0.0181974091 -0.005)
(-0.008254287824 -0.01826753149 -0.005)
(-0.007081559481 -0.01832869781 -0.005)
(-0.005905866658 -0.01838074039 -0.005)
(-0.004727690918 -0.0184235166 -0.005)
(-0.003547520628 -0.01845690919 -0.005)
(-0.002365849622 -0.01848082663 -0.005)
(-0.001183175847 -0.01849520337 -0.005)
(-3.885780586e-19 -0.0185 -0.005)
(0.001183175847 -0.01849520337 -0.005)
(0.002365849622 -0.01848082663 -0.005)
(0.003547520628 -0.01845690919 -0.005)
(0.004727690918 -0.0184235166 -0.005)
(0.005905866658 -0.01838074039 -0.005)
(0.007081559481 -0.01832869781 -0.005)
(0.008254287824 -0.01826753149 -0.005)
(0.009423578252 -0.0181974091 -0.005)
(0.01058896675 -0.01811852284 -0.005)
(0.01175 -0.01803108891 -0.005)
(0.01290623662 -0.01793534699 -0.005)
(0.01405724838 -0.01783155948 -0.005)
(0.01520262137 -0.01772001087 -0.005)
(0.01634195712 -0.01760100689 -0.005)
(0.01747487374 -0.01747487374 -0.005)
(-0.0159260582 -0.0159260582 0.005)
(-0.01489792334 -0.0160581977 0.005)
(-0.01386306366 -0.01618286853 0.005)
(-0.01282187926 -0.01629972898 0.005)
(-0.01177478757 -0.01640845875 0.005)
(-0.01072222222 -0.01650875982 0.005)
(-0.009664631833 -0.01660035726 0.005)
(-0.008602478803 -0.01668300001 0.005)
(-0.007536238038 -0.01675646156 0.005)
(-0.006466395647 -0.01682054056 0.005)
(-0.00539344761 -0.01687506136 0.005)
(-0.004317898422 -0.01691987454 0.005)
(-0.003240259705 -0.01695485725 0.005)
(-0.00216104881 -0.01697991362 0.005)
(-0.001080787395 -0.01699497496 0.005)
(4.070817757e-19 -0.017 0.005)
(0.001080787395 -0.01699497496 0.005)
(0.00216104881 -0.01697991362 0.005)
(0.003240259705 -0.01695485725 0.005)
(0.004317898422 -0.01691987454 0.005)
(0.00539344761 -0.01687506136 0.005)
(0.006466395647 -0.01682054056 0.005)
(0.007536238038 -0.01675646156 0.005)
(0.008602478803 -0.01668300001 0.005)
(0.009664631833 -0.01660035726 0.005)
(0.01072222222 -0.01650875982 0.005)
(0.01177478757 -0.01640845875 0.005)
(0.01282187926 -0.01629972898 0.005)
(0.01386306366 -0.01618286853 0.005)
(0.01489792334 -0.0160581977 0.005)
(0.0159260582 -0.0159260582 0.005)
(-0.0159260582 -0.0159260582 -0.005)
(-0.01489792334 -0.0160581977 -0.005)
(-0.01386306366 -0.01618286853 -0.005)
(-0.01282187926 -0.01629972898 -0.005)
(-0.01177478757 -0.01640845875 -0.005)
(-0.01072222222 -0.01650875982 -0.005)
(-0.009664631833 -0.01660035726 -0.005)
(-0.008602478803 -0.01668300001 -0.005)
(-0.007536238038 -0.01675646156 -0.005)
(-0.006466395647 -0.01682054056 -0.005)
(-0.00539344761 -0.01687506136 -0.005)
(-0.004317898422 -0.01691987454 -0.005)
(-0.003240259705 -0.01695485725 -0.005)
(-0.00216104881 -0.01697991362 -0.005)
(-0.001080787395 -0.01699497496 -0.005)
(-4.070817757e-19 -0.017 -0.005)
(0.001080787395 -0.01699497496 -0.005)
(0.00216104881 -0.01697991362 -0.005)
(0.003240259705 -0.01695485725 -0.005)
(0.004317898422 -0.01691987454 -0.005)
(0.00539344761 -0.01687506136 -0.005)
(0.006466395647 -0.01682054056 -0.005)
(0.007536238038 -0.01675646156 -0.005)
(0.008602478803 -0.01668300001 -0.005)
(0.009664631833 -0.01660035726 -0.005)
(0.01072222222 -0.01650875982 -0.005)
(0.01177478757 -0.01640845875 -0.005)
(0.01282187926 -0.01629972898 -0.005)
(0.01386306366 -0.01618286853 -0.005)
(0.01489792334 -0.0160581977 -0.005)
(0.0159260582 -0.0159260582 -0.005)
(-0.01437724266 -0.01437724266 0.005)
(-0.01345388955 -0.0145153885 0.005)
(-0.01252350595 -0.01464572619 0.005)
(-0.01158651014 -0.01476789848 0.005)
(-0.01064333852 -0.01488157051 0.005)
(-0.009694444446 -0.01498643072 0.005)
(-0.008740296917 -0.01508219168 0.005)
(-0.007781379355 -0.01516859092 0.005)
(-0.006818188252 -0.01524539164 0.005)
(-0.005851231812 -0.01531238331 0.005)
(-0.004881028562 -0.01536938233 0.005)
(-0.003908105926 -0.01541623247 0.005)
(-0.002932998783 -0.01545280531 0.005)
(-0.001956247998 -0.0154790006 0.005)
(-0.0009783989435 -0.01549474655 0.005)
(4.255854928e-19 -0.0155 0.005)
(0.0009783989435 -0.01549474655 0.005)
(0.001956247998 -0.0154790006 0.005)
(0.002932998783 -0.01545280531 0.005)
(0.003908105926 -0.01541623247 0.005)
(0.004881028562 -0.01536938233 0.005)
(0.005851231812 -0.01531238331 0.005)
(0.006818188252 -0.01524539164 0.005)
(0.007781379355 -0.01516859092 0.005)
(0.008740296917 -0.01508219168 0.005)
(0.009694444446 -0.01498643072 0.005)
(0.01064333852 -0.01488157051 0.005)
(0.01158651014 -0.01476789848 0.005)
(0.01252350595 -0.01464572619 0.005)
(0.01345388955 -0.0145153885 0.005)
(0.01437724266 -0.01437724266 0.005)
(-0.01437724266 -0.01437724266 -0.005)
(-0.01345388955 -0.0145153885 -0.005)
(-0.01252350595 -0.01464572619 -0.005)
(-0.01158651014 -0.01476789848 -0.005)
(-0.01064333852 -0.01488157051 -0.005)
(-0.009694444446 -0.01498643072 -0.005)
(-0.008740296917 -0.01508219168 -0.005)
(-0.007781379355 -0.01516859092 -0.005)
(-0.006818188252 -0.01524539164 -0.005)
(-0.005851231812 -0.01531238331 -0.005)
(-0.004881028562 -0.01536938233 -0.005)
(-0.003908105926 -0.01541623247 -0.005)
(-0.002932998783 -0.01545280531 -0.005)
(-0.001956247998 -0.0154790006 -0.005)
(-0.0009783989435 -0.01549474655 -0.005)
(-4.255854928e-19 -0.0155 -0.005)
(0.0009783989435 -0.01549474655 -0.005)
(0.001956247998 -0.0154790006 -0.005)
(0.002932998783 -0.01545280531 -0.005)
(0.003908105926 -0.01541623247 -0.005)
(0.004881028562 -0.01536938233 -0.005)
(0.005851231812 -0.01531238331 -0.005)
(0.006818188252 -0.01524539164 -0.005)
(0.007781379355 -0.01516859092 -0.005)
(0.008740296917 -0.01508219168 -0.005)
(0.009694444446 -0.01498643072 -0.005)
(0.01064333852 -0.01488157051 -0.005)
(0.01158651014 -0.01476789848 -0.005)
(0.01252350595 -0.01464572619 -0.005)
(0.01345388955 -0.0145153885 -0.005)
(0.01437724266 -0.01437724266 -0.005)
(-0.01282842713 -0.01282842713 0.005)
(-0.01200985576 -0.0129725793 0.005)
(-0.01118394823 -0.01310858385 0.005)
(-0.01035114101 -0.01323606798 0.005)
(-0.009511889475 -0.01335468227 0.005)
(-0.008666666668 -0.01346410162 0.005)
(-0.007815962 -0.0135640261 0.005)
(-0.006960279907 -0.01365418183 0.005)
(-0.006100138466 -0.01373432171 0.005)
(-0.005236067978 -0.01380422607 0.005)
(-0.004368609514 -0.01386370331 0.005)
(-0.00349831343 -0.0139125904 0.005)
(-0.00262573786 -0.01395075336 0.005)
(-0.001751447187 -0.01397808758 0.005)
(-0.0008760104917 -0.01399451814 0.005)
(4.440892099e-19 -0.014 0.005)
(0.0008760104917 -0.01399451814 0.005)
(0.001751447187 -0.01397808758 0.005)
(0.00262573786 -0.01395075336 0.005)
(0.00349831343 -0.0139125904 0.005)
(0.004368609514 -0.01386370331 0.005)
(0.005236067978 -0.01380422607 0.005)
(0.006100138466 -0.01373432171 0.005)
(0.006960279907 -0.01365418183 0.005)
(0.007815962 -0.0135640261 0.005)
(0.008666666668 -0.01346410162 0.005)
(0.009511889475 -0.01335468227 0.005)
(0.01035114101 -0.01323606798 0.005)
(0.01118394823 -0.01310858385 0.005)
(0.01200985576 -0.0129725793 0.005)
(0.01282842713 -0.01282842713 0.005)
(-0.01282842713 -0.01282842713 -0.005)
(-0.01200985576 -0.0129725793 -0.005)
(-0.01118394823 -0.01310858385 -0.005)
(-0.01035114101 -0.01323606798 -0.005)
(-0.009511889475 -0.01335468227 -0.005)
(-0.008666666668 -0.01346410162 -0.005)
(-0.007815962 -0.0135640261 -0.005)
(-0.006960279907 -0.01365418183 -0.005)
(-0.006100138466 -0.01373432171 -0.005)
(-0.005236067978 -0.01380422607 -0.005)
(-0.004368609514 -0.01386370331 -0.005)
(-0.00349831343 -0.0139125904 -0.005)
(-0.00262573786 -0.01395075336 -0.005)
(-0.001751447187 -0.01397808758 -0.005)
(-0.0008760104917 -0.01399451814 -0.005)
(-4.440892099e-19 -0.014 -0.005)
(0.0008760104917 -0.01399451814 -0.005)
(0.001751447187 -0.01397808758 -0.005)
(0.00262573786 -0.01395075336 -0.005)
(0.00349831343 -0.0139125904 -0.005)
(0.004368609514 -0.01386370331 -0.005)
(0.005236067978 -0.01380422607 -0.005)
(0.006100138466 -0.01373432171 -0.005)
(0.006960279907 -0.01365418183 -0.005)
(0.007815962 -0.0135640261 -0.005)
(0.008666666668 -0.01346410162 -0.005)
(0.009511889475 -0.01335468227 -0.005)
(0.01035114101 -0.01323606798 -0.005)
(0.01118394823 -0.01310858385 -0.005)
(0.01200985576 -0.0129725793 -0.005)
(0.01282842713 -0.01282842713 -0.005)
(-0.01127961159 -0.01127961159 0.005)
(-0.01056582197 -0.01142977011 0.005)
(-0.009844390521 -0.01157144151 0.005)
(-0.009115771887 -0.01170423748 0.005)
(-0.008380440425 -0.01182779404 0.005)
(-0.00763888889 -0.01194177252 0.005)
(-0.006891627083 -0.01204586052 0.005)
(-0.006139180458 -0.01213977274 0.005)
(-0.005382088679 -0.01222325178 0.005)
(-0.004620904144 -0.01229606882 0.005)
(-0.003856190466 -0.01235802428 0.005)
(-0.003088520934 -0.01240894834 0.005)
(-0.002318476938 -0.01244870142 0.005)
(-0.001546646375 -0.01247717456 0.005)
(-0.00077362204 -0.01249428973 0.005)
(4.625929269e-19 -0.0125 0.005)
(0.00077362204 -0.01249428973 0.005)
(0.001546646375 -0.01247717456 0.005)
(0.002318476938 -0.01244870142 0.005)
(0.003088520934 -0.01240894834 0.005)
(0.003856190466 -0.01235802428 0.005)
(0.004620904144 -0.01229606882 0.005)
(0.005382088679 -0.01222325178 0.005)
(0.006139180458 -0.01213977274 0.005)
(0.006891627083 -0.01204586052 0.005)
(0.00763888889 -0.01194177252 0.005)
(0.008380440425 -0.01182779404 0.005)
(0.009115771887 -0.01170423748 0.005)
(0.009844390521 -0.01157144151 0.005)
(0.01056582197 -0.01142977011 0.005)
(0.01127961159 -0.01127961159 0.005)
(-0.01127961159 -0.01127961159 -0.005)
(-0.01056582197 -0.01142977011 -0.005)
(-0.009844390521 -0.01157144151 -0.005)
(-0.009115771887 -0.01170423748 -0.005)
(-0.008380440425 -0.01182779404 -0.005)
(-0.00763888889 -0.01194177252 -0.005)
(-0.006891627083 -0.01204586052 -0.005)
(-0.006139180458 -0.01213977274 -0.005)
(-0.005382088679 -0.01222325178 -0.005)
(-0.004620904144 -0.01229606882 -0.005)
(-0.003856190466 -0.01235802428 -0.005)
(-0.003088520934 -0.01240894834 -0.005)
(-0.002318476938 -0.01244870142 -0.005)
(-0.001546646375 -0.01247717456 -0.005)
(-0.00077362204 -0.01249428973 -0.005)
(-4.625929269e-19 -0.0125 -0.005)
(0.00077362204 -0.01249428973 -0.005)
(0.001546646375 -0.01247717456 -0.005)
(0.002318476938 -0.01244870142 -0.005)
(0.003088520934 -0.01240894834 -0.005)
(0.003856190466 -0.01235802428 -0.005)
(0.004620904144 -0.01229606882 -0.005)
(0.005382088679 -0.01222325178 -0.005)
(0.006139180458 -0.01213977274 -0.005)
(0.006891627083 -0.01204586052 -0.005)
(0.00763888889 -0.01194177252 -0.005)
(0.008380440425 -0.01182779404 -0.005)
(0.009115771887 -0.01170423748 -0.005)
(0.009844390521 -0.01157144151 -0.005)
(0.01056582197 -0.01142977011 -0.005)
(0.01127961159 -0.01127961159 -0.005)
(-0.009730796055 -0.009730796055 0.005)
(-0.009121788186 -0.009886960914 0.005)
(-0.008504832808 -0.01003429917 0.005)
(-0.007880402762 -0.01017240698 0.005)
(-0.007248991376 -0.0103009058 0.005)
(-0.006611111113 -0.01041944342 0.005)
(-0.005967292167 -0.01052769494 0.005)
(-0.00531808101 -0.01062536365 0.005)
(-0.004664038893 -0.01071218185 0.005)
(-0.00400574031 -0.01078791157 0.005)
(-0.003343771418 -0.01085234525 0.005)
(-0.002678728438 -0.01090530627 0.005)
(-0.002011216015 -0.01094664948 0.005)
(-0.001341845563 -0.01097626155 0.005)
(-0.0006712335883 -0.01099406132 0.005)
(4.81096644e-19 -0.011 0.005)
(0.0006712335883 -0.01099406132 0.005)
(0.001341845563 -0.01097626155 0.005)
(0.002011216015 -0.01094664948 0.005)
(0.002678728438 -0.01090530627 0.005)
(0.003343771418 -0.01085234525 0.005)
(0.00400574031 -0.01078791157 0.005)
(0.004664038893 -0.01071218185 0.005)
(0.00531808101 -0.01062536365 0.005)
(0.005967292167 -0.01052769494 0.005)
(0.006611111113 -0.01041944342 0.005)
(0.007248991376 -0.0103009058 0.005)
(0.007880402762 -0.01017240698 0.005)
(0.008504832808 -0.01003429917 0.005)
(0.009121788186 -0.009886960914 0.005)
(0.009730796055 -0.009730796055 0.005)
(-0.009730796055 -0.009730796055 -0.005)
(-0.009121788186 -0.009886960914 -0.005)
(-0.008504832808 -0.01003429917 -0.005)
(-0.007880402762 -0.01017240698 -0.005)
(-0.007248991376 -0.0103009058 -0.005)
(-0.006611111113 -0.01041944342 -0.005)
(-0.005967292167 -0.01052769494 -0.005)
(-0.00531808101 -0.01062536365 -0.005)
(-0.004664038893 -0.01071218185 -0.005)
(-0.00400574031 -0.01078791157 -0.005)
(-0.003343771418 -0.01085234525 -0.005)
(-0.002678728438 -0.01090530627 -0.005)
(-0.002011216015 -0.01094664948 -0.005)
(-0.001341845563 -0.01097626155 -0.005)
(-0.0006712335883 -0.01099406132 -0.005)
(-4.81096644e-19 -0.011 -0.005)
(0.0006712335883 -0.01099406132 -0.005)
(0.001341845563 -0.01097626155 -0.005)
(0.002011216015 -0.01094664948 -0.005)
(0.002678728438 -0.01090530627 -0.005)
(0.003343771418 -0.01085234525 -0.005)
(0.00400574031 -0.01078791157 -0.005)
(0.004664038893 -0.01071218185 -0.005)
(0.00531808101 -0.01062536365 -0.005)
(0.005967292167 -0.01052769494 -0.005)
(0.006611111113 -0.01041944342 -0.005)
(0.007248991376 -0.0103009058 -0.005)
(0.007880402762 -0.01017240698 -0.005)
(0.008504832808 -0.01003429917 -0.005)
(0.009121788186 -0.009886960914 -0.005)
(0.009730796055 -0.009730796055 -0.005)
(-0.008181980519 -0.008181980519 0.005)
(-0.007677754398 -0.008344151718 0.005)
(-0.007165275096 -0.008497156829 0.005)
(-0.006645033638 -0.008640576477 0.005)
(-0.006117542326 -0.008774017558 0.005)
(-0.005583333335 -0.008897114319 0.005)
(-0.00504295725 -0.00900952936 0.005)
(-0.004496981562 -0.009110954561 0.005)
(-0.003945989107 -0.00920111192 0.005)
(-0.003390576475 -0.009279754324 0.005)
(-0.00283135237 -0.009346666219 0.005)
(-0.002268935942 -0.009401664204 0.005)
(-0.001703955093 -0.009444597533 0.005)
(-0.001137044752 -0.009475348529 0.005)
(-0.0005688451365 -0.009493832906 0.005)
(4.996003611e-19 -0.0095 0.005)
(0.0005688451365 -0.009493832906 0.005)
(0.001137044752 -0.009475348529 0.005)
(0.001703955093 -0.009444597533 0.005)
(0.002268935942 -0.009401664204 0.005)
(0.00283135237 -0.009346666219 0.005)
(0.003390576475 -0.009279754324 0.005)
(0.003945989107 -0.00920111192 0.005)
(0.004496981562 -0.009110954561 0.005)
(0.00504295725 -0.00900952936 0.005)
(0.005583333335 -0.008897114319 0.005)
(0.006117542326 -0.008774017558 0.005)
(0.006645033638 -0.008640576477 0.005)
(0.007165275096 -0.008497156829 0.005)
(0.007677754398 -0.008344151718 0.005)
(0.008181980519 -0.008181980519 0.005)
(-0.008181980519 -0.008181980519 -0.005)
(-0.007677754398 -0.008344151718 -0.005)
(-0.007165275096 -0.008497156829 -0.005)
(-0.006645033638 -0.008640576477 -0.005)
(-0.006117542326 -0.008774017558 -0.005)
(-0.005583333335 -0.008897114319 -0.005)
(-0.00504295725 -0.00900952936 -0.005)
(-0.004496981562 -0.009110954561 -0.005)
(-0.003945989107 -0.00920111192 -0.005)
(-0.003390576475 -0.009279754324 -0.005)
(-0.00283135237 -0.009346666219 -0.005)
(-0.002268935942 -0.009401664204 -0.005)
(-0.001703955093 -0.009444597533 -0.005)
(-0.001137044752 -0.009475348529 -0.005)
(-0.0005688451365 -0.009493832906 -0.005)
(-4.996003611e-19 -0.0095 -0.005)
(0.0005688451365 -0.009493832906 -0.005)
(0.001137044752 -0.009475348529 -0.005)
(0.001703955093 -0.009444597533 -0.005)
(0.002268935942 -0.009401664204 -0.005)
(0.00283135237 -0.009346666219 -0.005)
(0.003390576475 -0.009279754324 -0.005)
(0.003945989107 -0.00920111192 -0.005)
(0.004496981562 -0.009110954561 -0.005)
(0.00504295725 -0.00900952936 -0.005)
(0.005583333335 -0.008897114319 -0.005)
(0.006117542326 -0.008774017558 -0.005)
(0.006645033638 -0.008640576477 -0.005)
(0.007165275096 -0.008497156829 -0.005)
(0.007677754398 -0.008344151718 -0.005)
(0.008181980519 -0.008181980519 -0.005)
(-0.006633164983 -0.006633164983 0.005)
(-0.006233720611 -0.006801342522 0.005)
(-0.005825717383 -0.00696001449 0.005)
(-0.005409664513 -0.007108745976 0.005)
(-0.004986093277 -0.007247129319 0.005)
(-0.004555555557 -0.00737478522 0.005)
(-0.004118622334 -0.007491363781 0.005)
(-0.003675882113 -0.00759654547 0.005)
(-0.003227939321 -0.007690041991 0.005)
(-0.002775412641 -0.007771597077 0.005)
(-0.002318933322 -0.00784098719 0.005)
(-0.001859143446 -0.007898022137 0.005)
(-0.00139669417 -0.00794254559 0.005)
(-0.0009322439399 -0.007974435512 0.005)
(-0.0004664566848 -0.007993604496 0.005)
(5.181040782e-19 -0.008 0.005)
(0.0004664566848 -0.007993604496 0.005)
(0.0009322439399 -0.007974435512 0.005)
(0.00139669417 -0.00794254559 0.005)
(0.001859143446 -0.007898022137 0.005)
(0.002318933322 -0.00784098719 0.005)
(0.002775412641 -0.007771597077 0.005)
(0.003227939321 -0.007690041991 0.005)
(0.003675882113 -0.00759654547 0.005)
(0.004118622334 -0.007491363781 0.005)
(0.004555555557 -0.00737478522 0.005)
(0.004986093277 -0.007247129319 0.005)
(0.005409664513 -0.007108745976 0.005)
(0.005825717383 -0.00696001449 0.005)
(0.006233720611 -0.006801342522 0.005)
(0.006633164983 -0.006633164983 0.005)
(-0.006633164983 -0.006633164983 -0.005)
(-0.006233720611 -0.006801342522 -0.005)
(-0.005825717383 -0.00696001449 -0.005)
(-0.005409664513 -0.007108745976 -0.005)
(-0.004986093277 -0.007247129319 -0.005)
(-0.004555555557 -0.00737478522 -0.005)
(-0.004118622334 -0.007491363781 -0.005)
(-0.003675882113 -0.00759654547 -0.005)
(-0.003227939321 -0.007690041991 -0.005)
(-0.002775412641 -0.007771597077 -0.005)
(-0.002318933322 -0.00784098719 -0.005)
(-0.001859143446 -0.007898022137 -0.005)
(-0.00139669417 -0.00794254559 -0.005)
(-0.0009322439399 -0.007974435512 -0.005)
(-0.0004664566848 -0.007993604496 -0.005)
(-5.181040782e-19 -0.008 -0.005)
(0.0004664566848 -0.007993604496 -0.005)
(0.0009322439399 -0.007974435512 -0.005)
(0.00139669417 -0.00794254559 -0.005)
(0.001859143446 -0.007898022137 -0.005)
(0.002318933322 -0.00784098719 -0.005)
(0.002775412641 -0.007771597077 -0.005)
(0.003227939321 -0.007690041991 -0.005)
(0.003675882113 -0.00759654547 -0.005)
(0.004118622334 -0.007491363781 -0.005)
(0.004555555557 -0.00737478522 -0.005)
(0.004986093277 -0.007247129319 -0.005)
(0.005409664513 -0.007108745976 -0.005)
(0.005825717383 -0.00696001449 -0.005)
(0.006233720611 -0.006801342522 -0.005)
(0.006633164983 -0.006633164983 -0.005)
(-0.005084349446 -0.005084349446 0.005)
(-0.004789686823 -0.005258533327 0.005)
(-0.004486159671 -0.00542287215 0.005)
(-0.004174295389 -0.005576915475 0.005)
(-0.003854644227 -0.005720241081 0.005)
(-0.00352777778 -0.00585245612 0.005)
(-0.003194287417 -0.005973198202 0.005)
(-0.002854782665 -0.00608213638 0.005)
(-0.002509889535 -0.006178972062 0.005)
(-0.002160248807 -0.006263439829 0.005)
(-0.001806514274 -0.006335308161 0.005)
(-0.001449350951 -0.006394380071 0.005)
(-0.001089433248 -0.006440493646 0.005)
(-0.0007274431282 -0.006473522494 0.005)
(-0.0003640682331 -0.006493376085 0.005)
(5.366077952e-19 -0.0065 0.005)
(0.0003640682331 -0.006493376085 0.005)
(0.0007274431282 -0.006473522494 0.005)
(0.001089433248 -0.006440493646 0.005)
(0.001449350951 -0.006394380071 0.005)
(0.001806514274 -0.006335308161 0.005)
(0.002160248807 -0.006263439829 0.005)
(0.002509889535 -0.006178972062 0.005)
(0.002854782665 -0.00608213638 0.005)
(0.003194287417 -0.005973198202 0.005)
(0.00352777778 -0.00585245612 0.005)
(0.003854644227 -0.005720241081 0.005)
(0.004174295389 -0.005576915475 0.005)
(0.004486159671 -0.00542287215 0.005)
(0.004789686823 -0.005258533327 0.005)
(0.005084349446 -0.005084349446 0.005)
(-0.005084349446 -0.005084349446 -0.005)
(-0.004789686823 -0.005258533327 -0.005)
(-0.004486159671 -0.00542287215 -0.005)
(-0.004174295389 -0.005576915475 -0.005)
(-0.003854644227 -0.005720241081 -0.005)
(-0.00352777778 -0.00585245612 -0.005)
(-0.003194287417 -0.005973198202 -0.005)
(-0.002854782665 -0.00608213638 -0.005)
(-0.002509889535 -0.006178972062 -0.005)
(-0.002160248807 -0.006263439829 -0.005)
(-0.001806514274 -0.006335308161 -0.005)
(-0.001449350951 -0.006394380071 -0.005)
(-0.001089433248 -0.006440493646 -0.005)
(-0.0007274431282 -0.006473522494 -0.005)
(-0.0003640682331 -0.006493376085 -0.005)
(-5.366077952e-19 -0.0065 -0.005)
(0.0003640682331 -0.006493376085 -0.005)
(0.0007274431282 -0.006473522494 -0.005)
(0.001089433248 -0.006440493646 -0.005)
(0.001449350951 -0.006394380071 -0.005)
(0.001806514274 -0.006335308161 -0.005)
(0.002160248807 -0.006263439829 -0.005)
(0.002509889535 -0.006178972062 -0.005)
(0.002854782665 -0.00608213638 -0.005)
(0.003194287417 -0.005973198202 -0.005)
(0.00352777778 -0.00585245612 -0.005)
(0.003854644227 -0.005720241081 -0.005)
(0.004174295389 -0.005576915475 -0.005)
(0.004486159671 -0.00542287215 -0.005)
(0.004789686823 -0.005258533327 -0.005)
(0.005084349446 -0.005084349446 -0.005)
(-0.00353553391 -0.00353553391 0.005)
(-0.003345653035 -0.003715724131 0.005)
(-0.003146601958 -0.00388572981 0.005)
(-0.002938926264 -0.004045084975 0.005)
(-0.002723195177 -0.004193352842 0.005)
(-0.002500000002 -0.004330127021 0.005)
(-0.0022699525 -0.004455032623 0.005)
(-0.002033683217 -0.00456772729 0.005)
(-0.001791839749 -0.004667902134 0.005)
(-0.001545084973 -0.004755282582 0.005)
(-0.001294095226 -0.004829629132 0.005)
(-0.001039558455 -0.004890738004 0.005)
(-0.0007821723255 -0.004938441703 0.005)
(-0.0005226423165 -0.004972609477 0.005)
(-0.0002616797813 -0.004993147674 0.005)
(5.551115123e-19 -0.005 0.005)
(0.0002616797813 -0.004993147674 0.005)
(0.0005226423165 -0.004972609477 0.005)
(0.0007821723255 -0.004938441703 0.005)
(0.001039558455 -0.004890738004 0.005)
(0.001294095226 -0.004829629132 0.005)
(0.001545084973 -0.004755282582 0.005)
(0.001791839749 -0.004667902134 0.005)
(0.002033683217 -0.00456772729 0.005)
(0.0022699525 -0.004455032623 0.005)
(0.002500000002 -0.004330127021 0.005)
(0.002723195177 -0.004193352842 0.005)
(0.002938926264 -0.004045084975 0.005)
(0.003146601958 -0.00388572981 0.005)
(0.003345653035 -0.003715724131 0.005)
(0.00353553391 -0.00353553391 0.005)
(-0.00353553391 -0.00353553391 -0.005)
(-0.003345653035 -0.003715724131 -0.005)
(-0.003146601958 -0.00388572981 -0.005)
(-0.002938926264 -0.004045084975 -0.005)
(-0.002723195177 -0.004193352842 -0.005)
(-0.002500000002 -0.004330127021 -0.005)
(-0.0022699525 -0.004455032623 -0.005)
(-0.002033683217 -0.00456772729 -0.005)
(-0.001791839749 -0.004667902134 -0.005)
(-0.001545084973 -0.004755282582 -0.005)
(-0.001294095226 -0.004829629132 -0.005)
(-0.001039558455 -0.004890738004 -0.005)
(-0.0007821723255 -0.004938441703 -0.005)
(-0.0005226423165 -0.004972609477 -0.005)
(-0.0002616797813 -0.004993147674 -0.005)
(-5.551115123e-19 -0.005 -0.005)
(0.0002616797813 -0.004993147674 -0.005)
(0.0005226423165 -0.004972609477 -0.005)
(0.0007821723255 -0.004938441703 -0.005)
(0.001039558455 -0.004890738004 -0.005)
(0.001294095226 -0.004829629132 -0.005)
(0.001545084973 -0.004755282582 -0.005)
(0.001791839749 -0.004667902134 -0.005)
(0.002033683217 -0.00456772729 -0.005)
(0.0022699525 -0.004455032623 -0.005)
(0.002500000002 -0.004330127021 -0.005)
(0.002723195177 -0.004193352842 -0.005)
(0.002938926264 -0.004045084975 -0.005)
(0.003146601958 -0.00388572981 -0.005)
(0.003345653035 -0.003715724131 -0.005)
(0.00353553391 -0.00353553391 -0.005)
(-0.0484571908 -0.04522263288 0.005)
(-0.04691438161 -0.04377859909 0.005)
(-0.04537157241 -0.0423345653 0.005)
(-0.04382876322 -0.04089053152 0.005)
(-0.04228595402 -0.03944649773 0.005)
(-0.04074314483 -0.03800246394 0.005)
(-0.03920033563 -0.03655843015 0.005)
(-0.03765752643 -0.03511439636 0.005)
(-0.03611471724 -0.03367036258 0.005)
(-0.03457190804 -0.03222632879 0.005)
(-0.03302909885 -0.030782295 0.005)
(-0.03148628965 -0.02933826121 0.005)
(-0.02994348046 -0.02789422743 0.005)
(-0.02840067126 -0.02645019364 0.005)
(-0.02685786207 -0.02500615985 0.005)
(-0.02531505287 -0.02356212606 0.005)
(-0.02377224367 -0.02211809228 0.005)
(-0.02222943448 -0.02067405849 0.005)
(-0.02068662528 -0.0192300247 0.005)
(-0.01914381609 -0.01778599091 0.005)
(-0.01760100689 -0.01634195712 0.005)
(-0.0160581977 -0.01489792334 0.005)
(-0.0145153885 -0.01345388955 0.005)
(-0.0129725793 -0.01200985576 0.005)
(-0.01142977011 -0.01056582197 0.005)
(-0.009886960914 -0.009121788186 0.005)
(-0.008344151718 -0.007677754398 0.005)
(-0.006801342522 -0.006233720611 0.005)
(-0.005258533327 -0.004789686823 0.005)
(-0.003715724131 -0.003345653035 0.005)
(-0.0484571908 -0.04522263288 -0.005)
(-0.04691438161 -0.04377859909 -0.005)
(-0.04537157241 -0.0423345653 -0.005)
(-0.04382876322 -0.04089053152 -0.005)
(-0.04228595402 -0.03944649773 -0.005)
(-0.04074314483 -0.03800246394 -0.005)
(-0.03920033563 -0.03655843015 -0.005)
(-0.03765752643 -0.03511439636 -0.005)
(-0.03611471724 -0.03367036258 -0.005)
(-0.03457190804 -0.03222632879 -0.005)
(-0.03302909885 -0.030782295 -0.005)
(-0.03148628965 -0.02933826121 -0.005)
(-0.02994348046 -0.02789422743 -0.005)
(-0.02840067126 -0.02645019364 -0.005)
(-0.02685786207 -0.02500615985 -0.005)
(-0.02531505287 -0.02356212606 -0.005)
(-0.02377224367 -0.02211809228 -0.005)
(-0.02222943448 -0.02067405849 -0.005)
(-0.02068662528 -0.0192300247 -0.005)
(-0.01914381609 -0.01778599091 -0.005)
(-0.01760100689 -0.01634195712 -0.005)
(-0.0160581977 -0.01489792334 -0.005)
(-0.0145153885 -0.01345388955 -0.005)
(-0.0129725793 -0.01200985576 -0.005)
(-0.01142977011 -0.01056582197 -0.005)
(-0.009886960914 -0.009121788186 -0.005)
(-0.008344151718 -0.007677754398 -0.005)
(-0.006801342522 -0.006233720611 -0.005)
(-0.005258533327 -0.004789686823 -0.005)
(-0.003715724131 -0.003345653035 -0.005)
(-0.04846285766 -0.04199377562 0.005)
(-0.04692571532 -0.04065421791 0.005)
(-0.04538857298 -0.0393146602 0.005)
(-0.04385143064 -0.03797510248 0.005)
(-0.0423142883 -0.03663554477 0.005)
(-0.04077714596 -0.03529598706 0.005)
(-0.03924000362 -0.03395642935 0.005)
(-0.03770286128 -0.03261687163 0.005)
(-0.03616571894 -0.03127731392 0.005)
(-0.0346285766 -0.02993775621 0.005)
(-0.03309143426 -0.0285981985 0.005)
(-0.03155429192 -0.02725864078 0.005)
(-0.03001714958 -0.02591908307 0.005)
(-0.02848000724 -0.02457952536 0.005)
(-0.02694286491 -0.02323996765 0.005)
(-0.02540572257 -0.02190040993 0.005)
(-0.02386858023 -0.02056085222 0.005)
(-0.02233143789 -0.01922129451 0.005)
(-0.02079429555 -0.0178817368 0.005)
(-0.01925715321 -0.01654217908 0.005)
(-0.01772001087 -0.01520262137 0.005)
(-0.01618286853 -0.01386306366 0.005)
(-0.01464572619 -0.01252350595 0.005)
(-0.01310858385 -0.01118394823 0.005)
(-0.01157144151 -0.009844390521 0.005)
(-0.01003429917 -0.008504832808 0.005)
(-0.008497156829 -0.007165275096 0.005)
(-0.00696001449 -0.005825717383 0.005)
(-0.00542287215 -0.004486159671 0.005)
(-0.00388572981 -0.003146601958 0.005)
(-0.04846285766 -0.04199377562 -0.005)
(-0.04692571532 -0.04065421791 -0.005)
(-0.04538857298 -0.0393146602 -0.005)
(-0.04385143064 -0.03797510248 -0.005)
(-0.0423142883 -0.03663554477 -0.005)
(-0.04077714596 -0.03529598706 -0.005)
(-0.03924000362 -0.03395642935 -0.005)
(-0.03770286128 -0.03261687163 -0.005)
(-0.03616571894 -0.03127731392 -0.005)
(-0.0346285766 -0.02993775621 -0.005)
(-0.03309143426 -0.0285981985 -0.005)
(-0.03155429192 -0.02725864078 -0.005)
(-0.03001714958 -0.02591908307 -0.005)
(-0.02848000724 -0.02457952536 -0.005)
(-0.02694286491 -0.02323996765 -0.005)
(-0.02540572257 -0.02190040993 -0.005)
(-0.02386858023 -0.02056085222 -0.005)
(-0.02233143789 -0.01922129451 -0.005)
(-0.02079429555 -0.0178817368 -0.005)
(-0.01925715321 -0.01654217908 -0.005)
(-0.01772001087 -0.01520262137 -0.005)
(-0.01618286853 -0.01386306366 -0.005)
(-0.01464572619 -0.01252350595 -0.005)
(-0.01310858385 -0.01118394823 -0.005)
(-0.01157144151 -0.009844390521 -0.005)
(-0.01003429917 -0.008504832808 -0.005)
(-0.008497156829 -0.007165275096 -0.005)
(-0.00696001449 -0.005825717383 -0.005)
(-0.00542287215 -0.004486159671 -0.005)
(-0.00388572981 -0.003146601958 -0.005)
(-0.0484681695 -0.03876463088 0.005)
(-0.046936339 -0.03752926175 0.005)
(-0.0454045085 -0.03629389263 0.005)
(-0.043872678 -0.0350585235 0.005)
(-0.0423408475 -0.03382315438 0.005)
(-0.04080901699 -0.03258778525 0.005)
(-0.03927718649 -0.03135241613 0.005)
(-0.03774535599 -0.030117047 0.005)
(-0.03621352549 -0.02888167788 0.005)
(-0.03468169499 -0.02764630875 0.005)
(-0.03314986449 -0.02641093963 0.005)
(-0.03161803399 -0.02517557051 0.005)
(-0.03008620349 -0.02394020138 0.005)
(-0.02855437299 -0.02270483226 0.005)
(-0.02702254249 -0.02146946313 0.005)
(-0.02549071199 -0.02023409401 0.005)
(-0.02395888149 -0.01899872488 0.005)
(-0.02242705098 -0.01776335576 0.005)
(-0.02089522048 -0.01652798663 0.005)
(-0.01936338998 -0.01529261751 0.005)
(-0.01783155948 -0.01405724838 0.005)
(-0.01629972898 -0.01282187926 0.005)
(-0.01476789848 -0.01158651014 0.005)
(-0.01323606798 -0.01035114101 0.005)
(-0.01170423748 -0.009115771887 0.005)
(-0.01017240698 -0.007880402762 0.005)
(-0.008640576477 -0.006645033638 0.005)
(-0.007108745976 -0.005409664513 0.005)
(-0.005576915475 -0.004174295389 0.005)
(-0.004045084975 -0.002938926264 0.005)
(-0.0484681695 -0.03876463088 -0.005)
(-0.046936339 -0.03752926175 -0.005)
(-0.0454045085 -0.03629389263 -0.005)
(-0.043872678 -0.0350585235 -0.005)
(-0.0423408475 -0.03382315438 -0.005)
(-0.04080901699 -0.03258778525 -0.005)
(-0.03927718649 -0.03135241613 -0.005)
(-0.03774535599 -0.030117047 -0.005)
(-0.03621352549 -0.02888167788 -0.005)
(-0.03468169499 -0.02764630875 -0.005)
(-0.03314986449 -0.02641093963 -0.005)
(-0.03161803399 -0.02517557051 -0.005)
(-0.03008620349 -0.02394020138 -0.005)
(-0.02855437299 -0.02270483226 -0.005)
(-0.02702254249 -0.02146946313 -0.005)
(-0.02549071199 -0.02023409401 -0.005)
(-0.02395888149 -0.01899872488 -0.005)
(-0.02242705098 -0.01776335576 -0.005)
(-0.02089522048 -0.01652798663 -0.005)
(-0.01936338998 -0.01529261751 -0.005)
(-0.01783155948 -0.01405724838 -0.005)
(-0.01629972898 -0.01282187926 -0.005)
(-0.01476789848 -0.01158651014 -0.005)
(-0.01323606798 -0.01035114101 -0.005)
(-0.01170423748 -0.009115771887 -0.005)
(-0.01017240698 -0.007880402762 -0.005)
(-0.008640576477 -0.006645033638 -0.005)
(-0.007108745976 -0.005409664513 -0.005)
(-0.005576915475 -0.004174295389 -0.005)
(-0.004045084975 -0.002938926264 -0.005)
(-0.04847311176 -0.03553521762 0.005)
(-0.04694622352 -0.03440376857 0.005)
(-0.04541933528 -0.03327231952 0.005)
(-0.04389244705 -0.03214087047 0.005)
(-0.04236555881 -0.03100942142 0.005)
(-0.04083867057 -0.02987797237 0.005)
(-0.03931178233 -0.02874652332 0.005)
(-0.03778489409 -0.02761507427 0.005)
(-0.03625800585 -0.02648362522 0.005)
(-0.03473111761 -0.02535217617 0.005)
(-0.03320422938 -0.02422072712 0.005)
(-0.03167734114 -0.02308927807 0.005)
(-0.0301504529 -0.02195782902 0.005)
(-0.02862356466 -0.02082637997 0.005)
(-0.02709667642 -0.01969493092 0.005)
(-0.02556978818 -0.01856348187 0.005)
(-0.02404289994 -0.01743203282 0.005)
(-0.02251601171 -0.01630058377 0.005)
(-0.02098912347 -0.01516913472 0.005)
(-0.01946223523 -0.01403768567 0.005)
(-0.01793534699 -0.01290623662 0.005)
(-0.01640845875 -0.01177478757 0.005)
(-0.01488157051 -0.01064333852 0.005)
(-0.01335468227 -0.009511889475 0.005)
(-0.01182779404 -0.008380440425 0.005)
(-0.0103009058 -0.007248991376 0.005)
(-0.008774017558 -0.006117542326 0.005)
(-0.007247129319 -0.004986093277 0.005)
(-0.005720241081 -0.003854644227 0.005)
(-0.004193352842 -0.002723195177 0.005)
(-0.04847311176 -0.03553521762 -0.005)
(-0.04694622352 -0.03440376857 -0.005)
(-0.04541933528 -0.03327231952 -0.005)
(-0.04389244705 -0.03214087047 -0.005)
(-0.04236555881 -0.03100942142 -0.005)
(-0.04083867057 -0.02987797237 -0.005)
(-0.03931178233 -0.02874652332 -0.005)
(-0.03778489409 -0.02761507427 -0.005)
(-0.03625800585 -0.02648362522 -0.005)
(-0.03473111761 -0.02535217617 -0.005)
(-0.03320422938 -0.02422072712 -0.005)
(-0.03167734114 -0.02308927807 -0.005)
(-0.0301504529 -0.02195782902 -0.005)
(-0.02862356466 -0.02082637997 -0.005)
(-0.02709667642 -0.01969493092 -0.005)
(-0.02556978818 -0.01856348187 -0.005)
(-0.02404289994 -0.01743203282 -0.005)
(-0.02251601171 -0.01630058377 -0.005)
(-0.02098912347 -0.01516913472 -0.005)
(-0.01946223523 -0.01403768567 -0.005)
(-0.01793534699 -0.01290623662 -0.005)
(-0.01640845875 -0.01177478757 -0.005)
(-0.01488157051 -0.01064333852 -0.005)
(-0.01335468227 -0.009511889475 -0.005)
(-0.01182779404 -0.008380440425 -0.005)
(-0.0103009058 -0.007248991376 -0.005)
(-0.008774017558 -0.006117542326 -0.005)
(-0.007247129319 -0.004986093277 -0.005)
(-0.005720241081 -0.003854644227 -0.005)
(-0.004193352842 -0.002723195177 -0.005)
(-0.0484776709 -0.03230555556 0.005)
(-0.0469553418 -0.03127777778 0.005)
(-0.0454330127 -0.03025 0.005)
(-0.0439106836 -0.02922222222 0.005)
(-0.0423883545 -0.02819444444 0.005)
(-0.0408660254 -0.02716666667 0.005)
(-0.0393436963 -0.02613888889 0.005)
(-0.03782136721 -0.02511111111 0.005)
(-0.03629903811 -0.02408333333 0.005)
(-0.03477670901 -0.02305555556 0.005)
(-0.03325437991 -0.02202777778 0.005)
(-0.03173205081 -0.021 0.005)
(-0.03020972171 -0.01997222222 0.005)
(-0.02868739261 -0.01894444445 0.005)
(-0.02716506351 -0.01791666667 0.005)
(-0.02564273441 -0.01688888889 0.005)
(-0.02412040531 -0.01586111111 0.005)
(-0.02259807621 -0.01483333333 0.005)
(-0.02107574711 -0.01380555556 0.005)
(-0.01955341801 -0.01277777778 0.005)
(-0.01803108891 -0.01175 0.005)
(-0.01650875982 -0.01072222222 0.005)
(-0.01498643072 -0.009694444446 0.005)
(-0.01346410162 -0.008666666668 0.005)
(-0.01194177252 -0.00763888889 0.005)
(-0.01041944342 -0.006611111113 0.005)
(-0.008897114319 -0.005583333335 0.005)
(-0.00737478522 -0.004555555557 0.005)
(-0.00585245612 -0.00352777778 0.005)
(-0.004330127021 -0.002500000002 0.005)
(-0.0484776709 -0.03230555556 -0.005)
(-0.0469553418 -0.03127777778 -0.005)
(-0.0454330127 -0.03025 -0.005)
(-0.0439106836 -0.02922222222 -0.005)
(-0.0423883545 -0.02819444444 -0.005)
(-0.0408660254 -0.02716666667 -0.005)
(-0.0393436963 -0.02613888889 -0.005)
(-0.03782136721 -0.02511111111 -0.005)
(-0.03629903811 -0.02408333333 -0.005)
(-0.03477670901 -0.02305555556 -0.005)
(-0.03325437991 -0.02202777778 -0.005)
(-0.03173205081 -0.021 -0.005)
(-0.03020972171 -0.01997222222 -0.005)
(-0.02868739261 -0.01894444445 -0.005)
(-0.02716506351 -0.01791666667 -0.005)
(-0.02564273441 -0.01688888889 -0.005)
(-0.02412040531 -0.01586111111 -0.005)
(-0.02259807621 -0.01483333333 -0.005)
(-0.02107574711 -0.01380555556 -0.005)
(-0.01955341801 -0.01277777778 -0.005)
(-0.01803108891 -0.01175 -0.005)
(-0.01650875982 -0.01072222222 -0.005)
(-0.01498643072 -0.009694444446 -0.005)
(-0.01346410162 -0.008666666668 -0.005)
(-0.01194177252 -0.00763888889 -0.005)
(-0.01041944342 -0.006611111113 -0.005)
(-0.008897114319 -0.005583333335 -0.005)
(-0.00737478522 -0.004555555557 -0.005)
(-0.00585245612 -0.00352777778 -0.005)
(-0.004330127021 -0.002500000002 -0.005)
(-0.04848183442 -0.02907566508 0.005)
(-0.04696366884 -0.02815133017 0.005)
(-0.04544550326 -0.02722699525 0.005)
(-0.04392733768 -0.02630266033 0.005)
(-0.0424091721 -0.02537832542 0.005)
(-0.04089100652 -0.0244539905 0.005)
(-0.03937284095 -0.02352965558 0.005)
(-0.03785467537 -0.02260532067 0.005)
(-0.03633650979 -0.02168098575 0.005)
(-0.03481834421 -0.02075665083 0.005)
(-0.03330017863 -0.01983231592 0.005)
(-0.03178201305 -0.018907981 0.005)
(-0.03026384747 -0.01798364608 0.005)
(-0.02874568189 -0.01705931117 0.005)
(-0.02722751631 -0.01613497625 0.005)
(-0.02570935073 -0.01521064133 0.005)
(-0.02419118515 -0.01428630642 0.005)
(-0.02267301957 -0.0133619715 0.005)
(-0.02115485399 -0.01243763658 0.005)
(-0.01963668842 -0.01151330167 0.005)
(-0.01811852284 -0.01058896675 0.005)
(-0.01660035726 -0.009664631833 0.005)
(-0.01508219168 -0.008740296917 0.005)
(-0.0135640261 -0.007815962 0.005)
(-0.01204586052 -0.006891627083 0.005)
(-0.01052769494 -0.005967292167 0.005)
(-0.00900952936 -0.00504295725 0.005)
(-0.007491363781 -0.004118622334 0.005)
(-0.005973198202 -0.003194287417 0.005)
(-0.004455032623 -0.0022699525 0.005)
(-0.04848183442 -0.02907566508 -0.005)
(-0.04696366884 -0.02815133017 -0.005)
(-0.04544550326 -0.02722699525 -0.005)
(-0.04392733768 -0.02630266033 -0.005)
(-0.0424091721 -0.02537832542 -0.005)
(-0.04089100652 -0.0244539905 -0.005)
(-0.03937284095 -0.02352965558 -0.005)
(-0.03785467537 -0.02260532067 -0.005)
(-0.03633650979 -0.02168098575 -0.005)
(-0.03481834421 -0.02075665083 -0.005)
(-0.03330017863 -0.01983231592 -0.005)
(-0.03178201305 -0.018907981 -0.005)
(-0.03026384747 -0.01798364608 -0.005)
(-0.02874568189 -0.01705931117 -0.005)
(-0.02722751631 -0.01613497625 -0.005)
(-0.02570935073 -0.01521064133 -0.005)
(-0.02419118515 -0.01428630642 -0.005)
(-0.02267301957 -0.0133619715 -0.005)
(-0.02115485399 -0.01243763658 -0.005)
(-0.01963668842 -0.01151330167 -0.005)
(-0.01811852284 -0.01058896675 -0.005)
(-0.01660035726 -0.009664631833 -0.005)
(-0.01508219168 -0.008740296917 -0.005)
(-0.0135640261 -0.007815962 -0.005)
(-0.01204586052 -0.006891627083 -0.005)
(-0.01052769494 -0.005967292167 -0.005)
(-0.00900952936 -0.00504295725 -0.005)
(-0.007491363781 -0.004118622334 -0.005)
(-0.005973198202 -0.003194287417 -0.005)
(-0.004455032623 -0.0022699525 -0.005)
(-0.04848559091 -0.02584556722 0.005)
(-0.04697118182 -0.02502446777 0.005)
(-0.04545677273 -0.02420336832 0.005)
(-0.04394236364 -0.02338226887 0.005)
(-0.04242795455 -0.02256116942 0.005)
(-0.04091354546 -0.02174006998 0.005)
(-0.03939913637 -0.02091897053 0.005)
(-0.03788472728 -0.02009787108 0.005)
(-0.03637031819 -0.01927677163 0.005)
(-0.0348559091 -0.01845567218 0.005)
(-0.03334150001 -0.01763457273 0.005)
(-0.03182709092 -0.01681347329 0.005)
(-0.03031268183 -0.01599237384 0.005)
(-0.02879827274 -0.01517127439 0.005)
(-0.02728386364 -0.01435017494 0.005)
(-0.02576945455 -0.01352907549 0.005)
(-0.02425504546 -0.01270797604 0.005)
(-0.02274063637 -0.0118868766 0.005)
(-0.02122622728 -0.01106577715 0.005)
(-0.01971181819 -0.0102446777 0.005)
(-0.0181974091 -0.009423578252 0.005)
(-0.01668300001 -0.008602478803 0.005)
(-0.01516859092 -0.007781379355 0.005)
(-0.01365418183 -0.006960279907 0.005)
(-0.01213977274 -0.006139180458 0.005)
(-0.01062536365 -0.00531808101 0.005)
(-0.009110954561 -0.004496981562 0.005)
(-0.00759654547 -0.003675882113 0.005)
(-0.00608213638 -0.002854782665 0.005)
(-0.00456772729 -0.002033683217 0.005)
(-0.04848559091 -0.02584556722 -0.005)
(-0.04697118182 -0.02502446777 -0.005)
(-0.04545677273 -0.02420336832 -0.005)
(-0.04394236364 -0.02338226887 -0.005)
(-0.04242795455 -0.02256116942 -0.005)
(-0.04091354546 -0.02174006998 -0.005)
(-0.03939913637 -0.02091897053 -0.005)
(-0.03788472728 -0.02009787108 -0.005)
(-0.03637031819 -0.01927677163 -0.005)
(-0.0348559091 -0.01845567218 -0.005)
(-0.03334150001 -0.01763457273 -0.005)
(-0.03182709092 -0.01681347329 -0.005)
(-0.03031268183 -0.01599237384 -0.005)
(-0.02879827274 -0.01517127439 -0.005)
(-0.02728386364 -0.01435017494 -0.005)
(-0.02576945455 -0.01352907549 -0.005)
(-0.02425504546 -0.01270797604 -0.005)
(-0.02274063637 -0.0118868766 -0.005)
(-0.02122622728 -0.01106577715 -0.005)
(-0.01971181819 -0.0102446777 -0.005)
(-0.0181974091 -0.009423578252 -0.005)
(-0.01668300001 -0.008602478803 -0.005)
(-0.01516859092 -0.007781379355 -0.005)
(-0.01365418183 -0.006960279907 -0.005)
(-0.01213977274 -0.006139180458 -0.005)
(-0.01062536365 -0.00531808101 -0.005)
(-0.009110954561 -0.004496981562 -0.005)
(-0.00759654547 -0.003675882113 -0.005)
(-0.00608213638 -0.002854782665 -0.005)
(-0.00456772729 -0.002033683217 -0.005)
(-0.04848893007 -0.02261528355 0.005)
(-0.04697786014 -0.02189723376 0.005)
(-0.04546679021 -0.02117918397 0.005)
(-0.04395572028 -0.02046113419 0.005)
(-0.04244465036 -0.0197430844 0.005)
(-0.04093358043 -0.01902503462 0.005)
(-0.0394225105 -0.01830698483 0.005)
(-0.03791144057 -0.01758893504 0.005)
(-0.03640037064 -0.01687088526 0.005)
(-0.03488930071 -0.01615283547 0.005)
(-0.03337823078 -0.01543478569 0.005)
(-0.03186716085 -0.0147167359 0.005)
(-0.03035609092 -0.01399868611 0.005)
(-0.028845021 -0.01328063633 0.005)
(-0.02733395107 -0.01256258654 0.005)
(-0.02582288114 -0.01184453675 0.005)
(-0.02431181121 -0.01112648697 0.005)
(-0.02280074128 -0.01040843718 0.005)
(-0.02128967135 -0.009690387396 0.005)
(-0.01977860142 -0.00897233761 0.005)
(-0.01826753149 -0.008254287824 0.005)
(-0.01675646156 -0.007536238038 0.005)
(-0.01524539164 -0.006818188252 0.005)
(-0.01373432171 -0.006100138466 0.005)
(-0.01222325178 -0.005382088679 0.005)
(-0.01071218185 -0.004664038893 0.005)
(-0.00920111192 -0.003945989107 0.005)
(-0.007690041991 -0.003227939321 0.005)
(-0.006178972062 -0.002509889535 0.005)
(-0.004667902134 -0.001791839749 0.005)
(-0.04848893007 -0.02261528355 -0.005)
(-0.04697786014 -0.02189723376 -0.005)
(-0.04546679021 -0.02117918397 -0.005)
(-0.04395572028 -0.02046113419 -0.005)
(-0.04244465036 -0.0197430844 -0.005)
(-0.04093358043 -0.01902503462 -0.005)
(-0.0394225105 -0.01830698483 -0.005)
(-0.03791144057 -0.01758893504 -0.005)
(-0.03640037064 -0.01687088526 -0.005)
(-0.03488930071 -0.01615283547 -0.005)
(-0.03337823078 -0.01543478569 -0.005)
(-0.03186716085 -0.0147167359 -0.005)
(-0.03035609092 -0.01399868611 -0.005)
(-0.028845021 -0.01328063633 -0.005)
(-0.02733395107 -0.01256258654 -0.005)
(-0.02582288114 -0.01184453675 -0.005)
(-0.02431181121 -0.01112648697 -0.005)
(-0.02280074128 -0.01040843718 -0.005)
(-0.02128967135 -0.009690387396 -0.005)
(-0.01977860142 -0.00897233761 -0.005)
(-0.01826753149 -0.008254287824 -0.005)
(-0.01675646156 -0.007536238038 -0.005)
(-0.01524539164 -0.006818188252 -0.005)
(-0.01373432171 -0.006100138466 -0.005)
(-0.01222325178 -0.005382088679 -0.005)
(-0.01071218185 -0.004664038893 -0.005)
(-0.00920111192 -0.003945989107 -0.005)
(-0.007690041991 -0.003227939321 -0.005)
(-0.006178972062 -0.002509889535 -0.005)
(-0.004667902134 -0.001791839749 -0.005)
(-0.04849184275 -0.01938483617 0.005)
(-0.04698368551 -0.01876967233 0.005)
(-0.04547552826 -0.0181545085 0.005)
(-0.04396737101 -0.01753934466 0.005)
(-0.04245921376 -0.01692418083 0.005)
(-0.04095105652 -0.01630901699 0.005)
(-0.03944289927 -0.01569385316 0.005)
(-0.03793474202 -0.01507868933 0.005)
(-0.03642658477 -0.01446352549 0.005)
(-0.03491842753 -0.01384836166 0.005)
(-0.03341027028 -0.01323319782 0.005)
(-0.03190211303 -0.01261803399 0.005)
(-0.03039395579 -0.01200287015 0.005)
(-0.02888579854 -0.01138770632 0.005)
(-0.02737764129 -0.01077254249 0.005)
(-0.02586948404 -0.01015737865 0.005)
(-0.0243613268 -0.009542214818 0.005)
(-0.02285316955 -0.008927050984 0.005)
(-0.0213450123 -0.008311887149 0.005)
(-0.01983685505 -0.007696723315 0.005)
(-0.01832869781 -0.007081559481 0.005)
(-0.01682054056 -0.006466395647 0.005)
(-0.01531238331 -0.005851231812 0.005)
(-0.01380422607 -0.005236067978 0.005)
(-0.01229606882 -0.004620904144 0.005)
(-0.01078791157 -0.00400574031 0.005)
(-0.009279754324 -0.003390576475 0.005)
(-0.007771597077 -0.002775412641 0.005)
(-0.006263439829 -0.002160248807 0.005)
(-0.004755282582 -0.001545084973 0.005)
(-0.04849184275 -0.01938483617 -0.005)
(-0.04698368551 -0.01876967233 -0.005)
(-0.04547552826 -0.0181545085 -0.005)
(-0.04396737101 -0.01753934466 -0.005)
(-0.04245921376 -0.01692418083 -0.005)
(-0.04095105652 -0.01630901699 -0.005)
(-0.03944289927 -0.01569385316 -0.005)
(-0.03793474202 -0.01507868933 -0.005)
(-0.03642658477 -0.01446352549 -0.005)
(-0.03491842753 -0.01384836166 -0.005)
(-0.03341027028 -0.01323319782 -0.005)
(-0.03190211303 -0.01261803399 -0.005)
(-0.03039395579 -0.01200287015 -0.005)
(-0.02888579854 -0.01138770632 -0.005)
(-0.02737764129 -0.01077254249 -0.005)
(-0.02586948404 -0.01015737865 -0.005)
(-0.0243613268 -0.009542214818 -0.005)
(-0.02285316955 -0.008927050984 -0.005)
(-0.0213450123 -0.008311887149 -0.005)
(-0.01983685505 -0.007696723315 -0.005)
(-0.01832869781 -0.007081559481 -0.005)
(-0.01682054056 -0.006466395647 -0.005)
(-0.01531238331 -0.005851231812 -0.005)
(-0.01380422607 -0.005236067978 -0.005)
(-0.01229606882 -0.004620904144 -0.005)
(-0.01078791157 -0.00400574031 -0.005)
(-0.009279754324 -0.003390576475 -0.005)
(-0.007771597077 -0.002775412641 -0.005)
(-0.006263439829 -0.002160248807 -0.005)
(-0.004755282582 -0.001545084973 -0.005)
(-0.04849432097 -0.01615424762 0.005)
(-0.04698864194 -0.01564182857 0.005)
(-0.04548296291 -0.01512940952 0.005)
(-0.04397728388 -0.01461699047 0.005)
(-0.04247160486 -0.01410457143 0.005)
(-0.04096592583 -0.01359215238 0.005)
(-0.0394602468 -0.01307973333 0.005)
(-0.03795456777 -0.01256731428 0.005)
(-0.03644888874 -0.01205489523 0.005)
(-0.03494320971 -0.01154247619 0.005)
(-0.03343753068 -0.01103005714 0.005)
(-0.03193185165 -0.01051763809 0.005)
(-0.03042617262 -0.01000521904 0.005)
(-0.02892049359 -0.009492799994 0.005)
(-0.02741481457 -0.008980380946 0.005)
(-0.02590913554 -0.008467961898 0.005)
(-0.02440345651 -0.00795554285 0.005)
(-0.02289777748 -0.007443123802 0.005)
(-0.02139209845 -0.006930704754 0.005)
(-0.01988641942 -0.006418285706 0.005)
(-0.01838074039 -0.005905866658 0.005)
(-0.01687506136 -0.00539344761 0.005)
(-0.01536938233 -0.004881028562 0.005)
(-0.01386370331 -0.004368609514 0.005)
(-0.01235802428 -0.003856190466 0.005)
(-0.01085234525 -0.003343771418 0.005)
(-0.009346666219 -0.00283135237 0.005)
(-0.00784098719 -0.002318933322 0.005)
(-0.006335308161 -0.001806514274 0.005)
(-0.004829629132 -0.001294095226 0.005)
(-0.04849432097 -0.01615424762 -0.005)
(-0.04698864194 -0.01564182857 -0.005)
(-0.04548296291 -0.01512940952 -0.005)
(-0.04397728388 -0.01461699047 -0.005)
(-0.04247160486 -0.01410457143 -0.005)
(-0.04096592583 -0.01359215238 -0.005)
(-0.0394602468 -0.01307973333 -0.005)
(-0.03795456777 -0.01256731428 -0.005)
(-0.03644888874 -0.01205489523 -0.005)
(-0.03494320971 -0.01154247619 -0.005)
(-0.03343753068 -0.01103005714 -0.005)
(-0.03193185165 -0.01051763809 -0.005)
(-0.03042617262 -0.01000521904 -0.005)
(-0.02892049359 -0.009492799994 -0.005)
(-0.02741481457 -0.008980380946 -0.005)
(-0.02590913554 -0.008467961898 -0.005)
(-0.02440345651 -0.00795554285 -0.005)
(-0.02289777748 -0.007443123802 -0.005)
(-0.02139209845 -0.006930704754 -0.005)
(-0.01988641942 -0.006418285706 -0.005)
(-0.01838074039 -0.005905866658 -0.005)
(-0.01687506136 -0.00539344761 -0.005)
(-0.01536938233 -0.004881028562 -0.005)
(-0.01386370331 -0.004368609514 -0.005)
(-0.01235802428 -0.003856190466 -0.005)
(-0.01085234525 -0.003343771418 -0.005)
(-0.009346666219 -0.00283135237 -0.005)
(-0.00784098719 -0.002318933322 -0.005)
(-0.006335308161 -0.001806514274 -0.005)
(-0.004829629132 -0.001294095226 -0.005)
(-0.04849635793 -0.01292354084 0.005)
(-0.04699271587 -0.01251374834 0.005)
(-0.0454890738 -0.01210395585 0.005)
(-0.04398543173 -0.01169416335 0.005)
(-0.04248178967 -0.01128437085 0.005)
(-0.0409781476 -0.01087457836 0.005)
(-0.03947450553 -0.01046478586 0.005)
(-0.03797086347 -0.01005499337 0.005)
(-0.0364672214 -0.00964520087 0.005)
(-0.03496357933 -0.009235408374 0.005)
(-0.03345993727 -0.008825615878 0.005)
(-0.0319562952 -0.008415823382 0.005)
(-0.03045265314 -0.008006030886 0.005)
(-0.02894901107 -0.00759623839 0.005)
(-0.027445369 -0.007186445894 0.005)
(-0.02594172694 -0.006776653398 0.005)
(-0.02443808487 -0.006366860902 0.005)
(-0.0229344428 -0.005957068406 0.005)
(-0.02143080074 -0.00554727591 0.005)
(-0.01992715867 -0.005137483414 0.005)
(-0.0184235166 -0.004727690918 0.005)
(-0.01691987454 -0.004317898422 0.005)
(-0.01541623247 -0.003908105926 0.005)
(-0.0139125904 -0.00349831343 0.005)
(-0.01240894834 -0.003088520934 0.005)
(-0.01090530627 -0.002678728438 0.005)
(-0.009401664204 -0.002268935942 0.005)
(-0.007898022137 -0.001859143446 0.005)
(-0.006394380071 -0.001449350951 0.005)
(-0.004890738004 -0.001039558455 0.005)
(-0.04849635793 -0.01292354084 -0.005)
(-0.04699271587 -0.01251374834 -0.005)
(-0.0454890738 -0.01210395585 -0.005)
(-0.04398543173 -0.01169416335 -0.005)
(-0.04248178967 -0.01128437085 -0.005)
(-0.0409781476 -0.01087457836 -0.005)
(-0.03947450553 -0.01046478586 -0.005)
(-0.03797086347 -0.01005499337 -0.005)
(-0.0364672214 -0.00964520087 -0.005)
(-0.03496357933 -0.009235408374 -0.005)
(-0.03345993727 -0.008825615878 -0.005)
(-0.0319562952 -0.008415823382 -0.005)
(-0.03045265314 -0.008006030886 -0.005)
(-0.02894901107 -0.00759623839 -0.005)
(-0.027445369 -0.007186445894 -0.005)
(-0.02594172694 -0.006776653398 -0.005)
(-0.02443808487 -0.006366860902 -0.005)
(-0.0229344428 -0.005957068406 -0.005)
(-0.02143080074 -0.00554727591 -0.005)
(-0.01992715867 -0.005137483414 -0.005)
(-0.0184235166 -0.004727690918 -0.005)
(-0.01691987454 -0.004317898422 -0.005)
(-0.01541623247 -0.003908105926 -0.005)
(-0.0139125904 -0.00349831343 -0.005)
(-0.01240894834 -0.003088520934 -0.005)
(-0.01090530627 -0.002678728438 -0.005)
(-0.009401664204 -0.002268935942 -0.005)
(-0.007898022137 -0.001859143446 -0.005)
(-0.006394380071 -0.001449350951 -0.005)
(-0.004890738004 -0.001039558455 -0.005)
(-0.04849794806 -0.009692739078 0.005)
(-0.04699589611 -0.009385478155 0.005)
(-0.04549384417 -0.009078217233 0.005)
(-0.04399179223 -0.00877095631 0.005)
(-0.04248974028 -0.008463695388 0.005)
(-0.04098768834 -0.008156434465 0.005)
(-0.0394856364 -0.007849173543 0.005)
(-0.03798358445 -0.00754191262 0.005)
(-0.03648153251 -0.007234651698 0.005)
(-0.03497948057 -0.006927390775 0.005)
(-0.03347742862 -0.006620129853 0.005)
(-0.03197537668 -0.00631286893 0.005)
(-0.03047332474 -0.006005608008 0.005)
(-0.02897127279 -0.005698347085 0.005)
(-0.02746922085 -0.005391086163 0.005)
(-0.02596716891 -0.00508382524 0.005)
(-0.02446511697 -0.004776564318 0.005)
(-0.02296306502 -0.004469303395 0.005)
(-0.02146101308 -0.004162042473 0.005)
(-0.01995896114 -0.00385478155 0.005)
(-0.01845690919 -0.003547520628 0.005)
(-0.01695485725 -0.003240259705 0.005)
(-0.01545280531 -0.002932998783 0.005)
(-0.01395075336 -0.00262573786 0.005)
(-0.01244870142 -0.002318476938 0.005)
(-0.01094664948 -0.002011216015 0.005)
(-0.009444597533 -0.001703955093 0.005)
(-0.00794254559 -0.00139669417 0.005)
(-0.006440493646 -0.001089433248 0.005)
(-0.004938441703 -0.0007821723255 0.005)
(-0.04849794806 -0.009692739078 -0.005)
(-0.04699589611 -0.009385478155 -0.005)
(-0.04549384417 -0.009078217233 -0.005)
(-0.04399179223 -0.00877095631 -0.005)
(-0.04248974028 -0.008463695388 -0.005)
(-0.04098768834 -0.008156434465 -0.005)
(-0.0394856364 -0.007849173543 -0.005)
(-0.03798358445 -0.00754191262 -0.005)
(-0.03648153251 -0.007234651698 -0.005)
(-0.03497948057 -0.006927390775 -0.005)
(-0.03347742862 -0.006620129853 -0.005)
(-0.03197537668 -0.00631286893 -0.005)
(-0.03047332474 -0.006005608008 -0.005)
(-0.02897127279 -0.005698347085 -0.005)
(-0.02746922085 -0.005391086163 -0.005)
(-0.02596716891 -0.00508382524 -0.005)
(-0.02446511697 -0.004776564318 -0.005)
(-0.02296306502 -0.004469303395 -0.005)
(-0.02146101308 -0.004162042473 -0.005)
(-0.01995896114 -0.00385478155 -0.005)
(-0.01845690919 -0.003547520628 -0.005)
(-0.01695485725 -0.003240259705 -0.005)
(-0.01545280531 -0.002932998783 -0.005)
(-0.01395075336 -0.00262573786 -0.005)
(-0.01244870142 -0.002318476938 -0.005)
(-0.01094664948 -0.002011216015 -0.005)
(-0.009444597533 -0.001703955093 -0.005)
(-0.00794254559 -0.00139669417 -0.005)
(-0.006440493646 -0.001089433248 -0.005)
(-0.004938441703 -0.0007821723255 -0.005)
(-0.04849908698 -0.006461865855 0.005)
(-0.04699817397 -0.006257065043 0.005)
(-0.04549726095 -0.006052264232 0.005)
(-0.04399634793 -0.00584746342 0.005)
(-0.04249543491 -0.005642662608 0.005)
(-0.0409945219 -0.005437861797 0.005)
(-0.03949360888 -0.005233060985 0.005)
(-0.03799269586 -0.005028260173 0.005)
(-0.03649178284 -0.004823459362 0.005)
(-0.03499086983 -0.00461865855 0.005)
(-0.03348995681 -0.004413857738 0.005)
(-0.03198904379 -0.004209056927 0.005)
(-0.03048813077 -0.004004256115 0.005)
(-0.02898721776 -0.003799455303 0.005)
(-0.02748630474 -0.003594654492 0.005)
(-0.02598539172 -0.00338985368 0.005)
(-0.0244844787 -0.003185052868 0.005)
(-0.02298356569 -0.002980252057 0.005)
(-0.02148265267 -0.002775451245 0.005)
(-0.01998173965 -0.002570650433 0.005)
(-0.01848082663 -0.002365849622 0.005)
(-0.01697991362 -0.00216104881 0.005)
(-0.0154790006 -0.001956247998 0.005)
(-0.01397808758 -0.001751447187 0.005)
(-0.01247717456 -0.001546646375 0.005)
(-0.01097626155 -0.001341845563 0.005)
(-0.009475348529 -0.001137044752 0.005)
(-0.007974435512 -0.0009322439399 0.005)
(-0.006473522494 -0.0007274431282 0.005)
(-0.004972609477 -0.0005226423165 0.005)
(-0.04849908698 -0.006461865855 -0.005)
(-0.04699817397 -0.006257065043 -0.005)
(-0.04549726095 -0.006052264232 -0.005)
(-0.04399634793 -0.00584746342 -0.005)
(-0.04249543491 -0.005642662608 -0.005)
(-0.0409945219 -0.005437861797 -0.005)
(-0.03949360888 -0.005233060985 -0.005)
(-0.03799269586 -0.005028260173 -0.005)
(-0.03649178284 -0.004823459362 -0.005)
(-0.03499086983 -0.00461865855 -0.005)
(-0.03348995681 -0.004413857738 -0.005)
(-0.03198904379 -0.004209056927 -0.005)
(-0.03048813077 -0.004004256115 -0.005)
(-0.02898721776 -0.003799455303 -0.005)
(-0.02748630474 -0.003594654492 -0.005)
(-0.02598539172 -0.00338985368 -0.005)
(-0.0244844787 -0.003185052868 -0.005)
(-0.02298356569 -0.002980252057 -0.005)
(-0.02148265267 -0.002775451245 -0.005)
(-0.01998173965 -0.002570650433 -0.005)
(-0.01848082663 -0.002365849622 -0.005)
(-0.01697991362 -0.00216104881 -0.005)
(-0.0154790006 -0.001956247998 -0.005)
(-0.01397808758 -0.001751447187 -0.005)
(-0.01247717456 -0.001546646375 -0.005)
(-0.01097626155 -0.001341845563 -0.005)
(-0.009475348529 -0.001137044752 -0.005)
(-0.007974435512 -0.0009322439399 -0.005)
(-0.006473522494 -0.0007274431282 -0.005)
(-0.004972609477 -0.0005226423165 -0.005)
(-0.04849977159 -0.003230944882 0.005)
(-0.04699954318 -0.00312855643 0.005)
(-0.04549931477 -0.003026167978 0.005)
(-0.04399908636 -0.002923779526 0.005)
(-0.04249885795 -0.002821391075 0.005)
(-0.04099862953 -0.002719002623 0.005)
(-0.03949840112 -0.002616614171 0.005)
(-0.03799817271 -0.002514225719 0.005)
(-0.0364979443 -0.002411837268 0.005)
(-0.03499771589 -0.002309448816 0.005)
(-0.03349748748 -0.002207060364 0.005)
(-0.03199725907 -0.002104671913 0.005)
(-0.03049703066 -0.002002283461 0.005)
(-0.02899680225 -0.001899895009 0.005)
(-0.02749657384 -0.001797506557 0.005)
(-0.02599634543 -0.001695118106 0.005)
(-0.02449611702 -0.001592729654 0.005)
(-0.0229958886 -0.001490341202 0.005)
(-0.02149566019 -0.00138795275 0.005)
(-0.01999543178 -0.001285564299 0.005)
(-0.01849520337 -0.001183175847 0.005)
(-0.01699497496 -0.001080787395 0.005)
(-0.01549474655 -0.0009783989435 0.005)
(-0.01399451814 -0.0008760104917 0.005)
(-0.01249428973 -0.00077362204 0.005)
(-0.01099406132 -0.0006712335883 0.005)
(-0.009493832906 -0.0005688451365 0.005)
(-0.007993604496 -0.0004664566848 0.005)
(-0.006493376085 -0.0003640682331 0.005)
(-0.004993147674 -0.0002616797813 0.005)
(-0.04849977159 -0.003230944882 -0.005)
(-0.04699954318 -0.00312855643 -0.005)
(-0.04549931477 -0.003026167978 -0.005)
(-0.04399908636 -0.002923779526 -0.005)
(-0.04249885795 -0.002821391075 -0.005)
(-0.04099862953 -0.002719002623 -0.005)
(-0.03949840112 -0.002616614171 -0.005)
(-0.03799817271 -0.002514225719 -0.005)
(-0.0364979443 -0.002411837268 -0.005)
(-0.03499771589 -0.002309448816 -0.005)
(-0.03349748748 -0.002207060364 -0.005)
(-0.03199725907 -0.002104671913 -0.005)
(-0.03049703066 -0.002002283461 -0.005)
(-0.02899680225 -0.001899895009 -0.005)
(-0.02749657384 -0.001797506557 -0.005)
(-0.02599634543 -0.001695118106 -0.005)
(-0.02449611702 -0.001592729654 -0.005)
(-0.0229958886 -0.001490341202 -0.005)
(-0.02149566019 -0.00138795275 -0.005)
(-0.01999543178 -0.001285564299 -0.005)
(-0.01849520337 -0.001183175847 -0.005)
(-0.01699497496 -0.001080787395 -0.005)
(-0.01549474655 -0.0009783989435 -0.005)
(-0.01399451814 -0.0008760104917 -0.005)
(-0.01249428973 -0.00077362204 -0.005)
(-0.01099406132 -0.0006712335883 -0.005)
(-0.009493832906 -0.0005688451365 -0.005)
(-0.007993604496 -0.0004664566848 -0.005)
(-0.006493376085 -0.0003640682331 -0.005)
(-0.004993147674 -0.0002616797813 -0.005)
(-0.0485 -1.850371708e-20 0.005)
(-0.047 -3.700743415e-20 0.005)
(-0.0455 -5.551115123e-20 0.005)
(-0.044 -7.401486831e-20 0.005)
(-0.0425 -9.251858539e-20 0.005)
(-0.041 -1.110223025e-19 0.005)
(-0.0395 -1.295260195e-19 0.005)
(-0.038 -1.480297366e-19 0.005)
(-0.0365 -1.665334537e-19 0.005)
(-0.035 -1.850371708e-19 0.005)
(-0.0335 -2.035408878e-19 0.005)
(-0.032 -2.220446049e-19 0.005)
(-0.0305 -2.40548322e-19 0.005)
(-0.029 -2.590520391e-19 0.005)
(-0.0275 -2.775557562e-19 0.005)
(-0.026 -2.960594732e-19 0.005)
(-0.0245 -3.145631903e-19 0.005)
(-0.023 -3.330669074e-19 0.005)
(-0.0215 -3.515706245e-19 0.005)
(-0.02 -3.700743415e-19 0.005)
(-0.0185 -3.885780586e-19 0.005)
(-0.017 -4.070817757e-19 0.005)
(-0.0155 -4.255854928e-19 0.005)
(-0.014 -4.440892099e-19 0.005)
(-0.0125 -4.625929269e-19 0.005)
(-0.011 -4.81096644e-19 0.005)
(-0.0095 -4.070817757e-19 0.005)
(-0.008 -5.181040782e-19 0.005)
(-0.0065 -5.366077952e-19 0.005)
(-0.005 -5.551115123e-19 0.005)
(-0.0485 -1.850371708e-20 -0.005)
(-0.047 -3.700743415e-20 -0.005)
(-0.0455 -5.551115123e-20 -0.005)
(-0.044 -7.401486831e-20 -0.005)
(-0.0425 -9.251858539e-20 -0.005)
(-0.041 -1.110223025e-19 -0.005)
(-0.0395 -1.295260195e-19 -0.005)
(-0.038 -1.480297366e-19 -0.005)
(-0.0365 -1.665334537e-19 -0.005)
(-0.035 -1.850371708e-19 -0.005)
(-0.0335 -2.035408878e-19 -0.005)
(-0.032 -2.220446049e-19 -0.005)
(-0.0305 -2.40548322e-19 -0.005)
(-0.029 -2.590520391e-19 -0.005)
(-0.0275 -2.775557562e-19 -0.005)
(-0.026 -2.960594732e-19 -0.005)
(-0.0245 -3.145631903e-19 -0.005)
(-0.023 -3.330669074e-19 -0.005)
(-0.0215 -3.515706245e-19 -0.005)
(-0.02 -3.700743415e-19 -0.005)
(-0.0185 -3.885780586e-19 -0.005)
(-0.017 -4.070817757e-19 -0.005)
(-0.0155 -4.255854928e-19 -0.005)
(-0.014 -4.440892099e-19 -0.005)
(-0.0125 -4.625929269e-19 -0.005)
(-0.011 -4.81096644e-19 -0.005)
(-0.0095 -4.070817757e-19 -0.005)
(-0.008 -5.181040782e-19 -0.005)
(-0.0065 -5.366077952e-19 -0.005)
(-0.005 -5.551115123e-19 -0.005)
(-0.04849977159 0.003230944882 0.005)
(-0.04699954318 0.00312855643 0.005)
(-0.04549931477 0.003026167978 0.005)
(-0.04399908636 0.002923779526 0.005)
(-0.04249885795 0.002821391075 0.005)
(-0.04099862953 0.002719002623 0.005)
(-0.03949840112 0.002616614171 0.005)
(-0.03799817271 0.002514225719 0.005)
(-0.0364979443 0.002411837268 0.005)
(-0.03499771589 0.002309448816 0.005)
(-0.03349748748 0.002207060364 0.005)
(-0.03199725907 0.002104671913 0.005)
(-0.03049703066 0.002002283461 0.005)
(-0.02899680225 0.001899895009 0.005)
(-0.02749657384 0.001797506557 0.005)
(-0.02599634543 0.001695118106 0.005)
(-0.02449611702 0.001592729654 0.005)
(-0.0229958886 0.001490341202 0.005)
(-0.02149566019 0.00138795275 0.005)
(-0.01999543178 0.001285564299 0.005)
(-0.01849520337 0.001183175847 0.005)
(-0.01699497496 0.001080787395 0.005)
(-0.01549474655 0.0009783989435 0.005)
(-0.01399451814 0.0008760104917 0.005)
(-0.01249428973 0.00077362204 0.005)
(-0.01099406132 0.0006712335883 0.005)
(-0.009493832906 0.0005688451365 0.005)
(-0.007993604496 0.0004664566848 0.005)
(-0.006493376085 0.0003640682331 0.005)
(-0.004993147674 0.0002616797813 0.005)
(-0.04849977159 0.003230944882 -0.005)
(-0.04699954318 0.00312855643 -0.005)
(-0.04549931477 0.003026167978 -0.005)
(-0.04399908636 0.002923779526 -0.005)
(-0.04249885795 0.002821391075 -0.005)
(-0.04099862953 0.002719002623 -0.005)
(-0.03949840112 0.002616614171 -0.005)
(-0.03799817271 0.002514225719 -0.005)
(-0.0364979443 0.002411837268 -0.005)
(-0.03499771589 0.002309448816 -0.005)
(-0.03349748748 0.002207060364 -0.005)
(-0.03199725907 0.002104671913 -0.005)
(-0.03049703066 0.002002283461 -0.005)
(-0.02899680225 0.001899895009 -0.005)
(-0.02749657384 0.001797506557 -0.005)
(-0.02599634543 0.001695118106 -0.005)
(-0.02449611702 0.001592729654 -0.005)
(-0.0229958886 0.001490341202 -0.005)
(-0.02149566019 0.00138795275 -0.005)
(-0.01999543178 0.001285564299 -0.005)
(-0.01849520337 0.001183175847 -0.005)
(-0.01699497496 0.001080787395 -0.005)
(-0.01549474655 0.0009783989435 -0.005)
(-0.01399451814 0.0008760104917 -0.005)
(-0.01249428973 0.00077362204 -0.005)
(-0.01099406132 0.0006712335883 -0.005)
(-0.009493832906 0.0005688451365 -0.005)
(-0.007993604496 0.0004664566848 -0.005)
(-0.006493376085 0.0003640682331 -0.005)
(-0.004993147674 0.0002616797813 -0.005)
(-0.04849908698 0.006461865855 0.005)
(-0.04699817397 0.006257065043 0.005)
(-0.04549726095 0.006052264232 0.005)
(-0.04399634793 0.00584746342 0.005)
(-0.04249543491 0.005642662608 0.005)
(-0.0409945219 0.005437861797 0.005)
(-0.03949360888 0.005233060985 0.005)
(-0.03799269586 0.005028260173 0.005)
(-0.03649178284 0.004823459362 0.005)
(-0.03499086983 0.00461865855 0.005)
(-0.03348995681 0.004413857738 0.005)
(-0.03198904379 0.004209056927 0.005)
(-0.03048813077 0.004004256115 0.005)
(-0.02898721776 0.003799455303 0.005)
(-0.02748630474 0.003594654492 0.005)
(-0.02598539172 0.00338985368 0.005)
(-0.0244844787 0.003185052868 0.005)
(-0.02298356569 0.002980252057 0.005)
(-0.02148265267 0.002775451245 0.005)
(-0.01998173965 0.002570650433 0.005)
(-0.01848082663 0.002365849622 0.005)
(-0.01697991362 0.00216104881 0.005)
(-0.0154790006 0.001956247998 0.005)
(-0.01397808758 0.001751447187 0.005)
(-0.01247717456 0.001546646375 0.005)
(-0.01097626155 0.001341845563 0.005)
(-0.009475348529 0.001137044752 0.005)
(-0.007974435512 0.0009322439399 0.005)
(-0.006473522494 0.0007274431282 0.005)
(-0.004972609477 0.0005226423165 0.005)
(-0.04849908698 0.006461865855 -0.005)
(-0.04699817397 0.006257065043 -0.005)
(-0.04549726095 0.006052264232 -0.005)
(-0.04399634793 0.00584746342 -0.005)
(-0.04249543491 0.005642662608 -0.005)
(-0.0409945219 0.005437861797 -0.005)
(-0.03949360888 0.005233060985 -0.005)
(-0.03799269586 0.005028260173 -0.005)
(-0.03649178284 0.004823459362 -0.005)
(-0.03499086983 0.00461865855 -0.005)
(-0.03348995681 0.004413857738 -0.005)
(-0.03198904379 0.004209056927 -0.005)
(-0.03048813077 0.004004256115 -0.005)
(-0.02898721776 0.003799455303 -0.005)
(-0.02748630474 0.003594654492 -0.005)
(-0.02598539172 0.00338985368 -0.005)
(-0.0244844787 0.003185052868 -0.005)
(-0.02298356569 0.002980252057 -0.005)
(-0.02148265267 0.002775451245 -0.005)
(-0.01998173965 0.002570650433 -0.005)
(-0.01848082663 0.002365849622 -0.005)
(-0.01697991362 0.00216104881 -0.005)
(-0.0154790006 0.001956247998 -0.005)
(-0.01397808758 0.001751447187 -0.005)
(-0.01247717456 0.001546646375 -0.005)
(-0.01097626155 0.001341845563 -0.005)
(-0.009475348529 0.001137044752 -0.005)
(-0.007974435512 0.0009322439399 -0.005)
(-0.006473522494 0.0007274431282 -0.005)
(-0.004972609477 0.0005226423165 -0.005)
(-0.04849794806 0.009692739078 0.005)
(-0.04699589611 0.009385478155 0.005)
(-0.04549384417 0.009078217233 0.005)
(-0.04399179223 0.00877095631 0.005)
(-0.04248974028 0.008463695388 0.005)
(-0.04098768834 0.008156434465 0.005)
(-0.0394856364 0.007849173543 0.005)
(-0.03798358445 0.00754191262 0.005)
(-0.03648153251 0.007234651698 0.005)
(-0.03497948057 0.006927390775 0.005)
(-0.03347742862 0.006620129853 0.005)
(-0.03197537668 0.00631286893 0.005)
(-0.03047332474 0.006005608008 0.005)
(-0.02897127279 0.005698347085 0.005)
(-0.02746922085 0.005391086163 0.005)
(-0.02596716891 0.00508382524 0.005)
(-0.02446511697 0.004776564318 0.005)
(-0.02296306502 0.004469303395 0.005)
(-0.02146101308 0.004162042473 0.005)
(-0.01995896114 0.00385478155 0.005)
(-0.01845690919 0.003547520628 0.005)
(-0.01695485725 0.003240259705 0.005)
(-0.01545280531 0.002932998783 0.005)
(-0.01395075336 0.00262573786 0.005)
(-0.01244870142 0.002318476938 0.005)
(-0.01094664948 0.002011216015 0.005)
(-0.009444597533 0.001703955093 0.005)
(-0.00794254559 0.00139669417 0.005)
(-0.006440493646 0.001089433248 0.005)
(-0.004938441703 0.0007821723255 0.005)
(-0.04849794806 0.009692739078 -0.005)
(-0.04699589611 0.009385478155 -0.005)
(-0.04549384417 0.009078217233 -0.005)
(-0.04399179223 0.00877095631 -0.005)
(-0.04248974028 0.008463695388 -0.005)
(-0.04098768834 0.008156434465 -0.005)
(-0.0394856364 0.007849173543 -0.005)
(-0.03798358445 0.00754191262 -0.005)
(-0.03648153251 0.007234651698 -0.005)
(-0.03497948057 0.006927390775 -0.005)
(-0.03347742862 0.006620129853 -0.005)
(-0.03197537668 0.00631286893 -0.005)
(-0.03047332474 0.006005608008 -0.005)
(-0.02897127279 0.005698347085 -0.005)
(-0.02746922085 0.005391086163 -0.005)
(-0.02596716891 0.00508382524 -0.005)
(-0.02446511697 0.004776564318 -0.005)
(-0.02296306502 0.004469303395 -0.005)
(-0.02146101308 0.004162042473 -0.005)
(-0.01995896114 0.00385478155 -0.005)
(-0.01845690919 0.003547520628 -0.005)
(-0.01695485725 0.003240259705 -0.005)
(-0.01545280531 0.002932998783 -0.005)
(-0.01395075336 0.00262573786 -0.005)
(-0.01244870142 0.002318476938 -0.005)
(-0.01094664948 0.002011216015 -0.005)
(-0.009444597533 0.001703955093 -0.005)
(-0.00794254559 0.00139669417 -0.005)
(-0.006440493646 0.001089433248 -0.005)
(-0.004938441703 0.0007821723255 -0.005)
(-0.04849635793 0.01292354084 0.005)
(-0.04699271587 0.01251374834 0.005)
(-0.0454890738 0.01210395585 0.005)
(-0.04398543173 0.01169416335 0.005)
(-0.04248178967 0.01128437085 0.005)
(-0.0409781476 0.01087457836 0.005)
(-0.03947450553 0.01046478586 0.005)
(-0.03797086347 0.01005499337 0.005)
(-0.0364672214 0.00964520087 0.005)
(-0.03496357933 0.009235408374 0.005)
(-0.03345993727 0.008825615878 0.005)
(-0.0319562952 0.008415823382 0.005)
(-0.03045265314 0.008006030886 0.005)
(-0.02894901107 0.00759623839 0.005)
(-0.027445369 0.007186445894 0.005)
(-0.02594172694 0.006776653398 0.005)
(-0.02443808487 0.006366860902 0.005)
(-0.0229344428 0.005957068406 0.005)
(-0.02143080074 0.00554727591 0.005)
(-0.01992715867 0.005137483414 0.005)
(-0.0184235166 0.004727690918 0.005)
(-0.01691987454 0.004317898422 0.005)
(-0.01541623247 0.003908105926 0.005)
(-0.0139125904 0.00349831343 0.005)
(-0.01240894834 0.003088520934 0.005)
(-0.01090530627 0.002678728438 0.005)
(-0.009401664204 0.002268935942 0.005)
(-0.007898022137 0.001859143446 0.005)
(-0.006394380071 0.001449350951 0.005)
(-0.004890738004 0.001039558455 0.005)
(-0.04849635793 0.01292354084 -0.005)
(-0.04699271587 0.01251374834 -0.005)
(-0.0454890738 0.01210395585 -0.005)
(-0.04398543173 0.01169416335 -0.005)
(-0.04248178967 0.01128437085 -0.005)
(-0.0409781476 0.01087457836 -0.005)
(-0.03947450553 0.01046478586 -0.005)
(-0.03797086347 0.01005499337 -0.005)
(-0.0364672214 0.00964520087 -0.005)
(-0.03496357933 0.009235408374 -0.005)
(-0.03345993727 0.008825615878 -0.005)
(-0.0319562952 0.008415823382 -0.005)
(-0.03045265314 0.008006030886 -0.005)
(-0.02894901107 0.00759623839 -0.005)
(-0.027445369 0.007186445894 -0.005)
(-0.02594172694 0.006776653398 -0.005)
(-0.02443808487 0.006366860902 -0.005)
(-0.0229344428 0.005957068406 -0.005)
(-0.02143080074 0.00554727591 -0.005)
(-0.01992715867 0.005137483414 -0.005)
(-0.0184235166 0.004727690918 -0.005)
(-0.01691987454 0.004317898422 -0.005)
(-0.01541623247 0.003908105926 -0.005)
(-0.0139125904 0.00349831343 -0.005)
(-0.01240894834 0.003088520934 -0.005)
(-0.01090530627 0.002678728438 -0.005)
(-0.009401664204 0.002268935942 -0.005)
(-0.007898022137 0.001859143446 -0.005)
(-0.006394380071 0.001449350951 -0.005)
(-0.004890738004 0.001039558455 -0.005)
(-0.04849432097 0.01615424762 0.005)
(-0.04698864194 0.01564182857 0.005)
(-0.04548296291 0.01512940952 0.005)
(-0.04397728388 0.01461699047 0.005)
(-0.04247160486 0.01410457143 0.005)
(-0.04096592583 0.01359215238 0.005)
(-0.0394602468 0.01307973333 0.005)
(-0.03795456777 0.01256731428 0.005)
(-0.03644888874 0.01205489523 0.005)
(-0.03494320971 0.01154247619 0.005)
(-0.03343753068 0.01103005714 0.005)
(-0.03193185165 0.01051763809 0.005)
(-0.03042617262 0.01000521904 0.005)
(-0.02892049359 0.009492799994 0.005)
(-0.02741481457 0.008980380946 0.005)
(-0.02590913554 0.008467961898 0.005)
(-0.02440345651 0.00795554285 0.005)
(-0.02289777748 0.007443123802 0.005)
(-0.02139209845 0.006930704754 0.005)
(-0.01988641942 0.006418285706 0.005)
(-0.01838074039 0.005905866658 0.005)
(-0.01687506136 0.00539344761 0.005)
(-0.01536938233 0.004881028562 0.005)
(-0.01386370331 0.004368609514 0.005)
(-0.01235802428 0.003856190466 0.005)
(-0.01085234525 0.003343771418 0.005)
(-0.009346666219 0.00283135237 0.005)
(-0.00784098719 0.002318933322 0.005)
(-0.006335308161 0.001806514274 0.005)
(-0.004829629132 0.001294095226 0.005)
(-0.04849432097 0.01615424762 -0.005)
(-0.04698864194 0.01564182857 -0.005)
(-0.04548296291 0.01512940952 -0.005)
(-0.04397728388 0.01461699047 -0.005)
(-0.04247160486 0.01410457143 -0.005)
(-0.04096592583 0.01359215238 -0.005)
(-0.0394602468 0.01307973333 -0.005)
(-0.03795456777 0.01256731428 -0.005)
(-0.03644888874 0.01205489523 -0.005)
(-0.03494320971 0.01154247619 -0.005)
(-0.03343753068 0.01103005714 -0.005)
(-0.03193185165 0.01051763809 -0.005)
(-0.03042617262 0.01000521904 -0.005)
(-0.02892049359 0.009492799994 -0.005)
(-0.02741481457 0.008980380946 -0.005)
(-0.02590913554 0.008467961898 -0.005)
(-0.02440345651 0.00795554285 -0.005)
(-0.02289777748 0.007443123802 -0.005)
(-0.02139209845 0.006930704754 -0.005)
(-0.01988641942 0.006418285706 -0.005)
(-0.01838074039 0.005905866658 -0.005)
(-0.01687506136 0.00539344761 -0.005)
(-0.01536938233 0.004881028562 -0.005)
(-0.01386370331 0.004368609514 -0.005)
(-0.01235802428 0.003856190466 -0.005)
(-0.01085234525 0.003343771418 -0.005)
(-0.009346666219 0.00283135237 -0.005)
(-0.00784098719 0.002318933322 -0.005)
(-0.006335308161 0.001806514274 -0.005)
(-0.004829629132 0.001294095226 -0.005)
(-0.04849184275 0.01938483617 0.005)
(-0.04698368551 0.01876967233 0.005)
(-0.04547552826 0.0181545085 0.005)
(-0.04396737101 0.01753934466 0.005)
(-0.04245921376 0.01692418083 0.005)
(-0.04095105652 0.01630901699 0.005)
(-0.03944289927 0.01569385316 0.005)
(-0.03793474202 0.01507868933 0.005)
(-0.03642658477 0.01446352549 0.005)
(-0.03491842753 0.01384836166 0.005)
(-0.03341027028 0.01323319782 0.005)
(-0.03190211303 0.01261803399 0.005)
(-0.03039395579 0.01200287015 0.005)
(-0.02888579854 0.01138770632 0.005)
(-0.02737764129 0.01077254249 0.005)
(-0.02586948404 0.01015737865 0.005)
(-0.0243613268 0.009542214818 0.005)
(-0.02285316955 0.008927050984 0.005)
(-0.0213450123 0.008311887149 0.005)
(-0.01983685505 0.007696723315 0.005)
(-0.01832869781 0.007081559481 0.005)
(-0.01682054056 0.006466395647 0.005)
(-0.01531238331 0.005851231812 0.005)
(-0.01380422607 0.005236067978 0.005)
(-0.01229606882 0.004620904144 0.005)
(-0.01078791157 0.00400574031 0.005)
(-0.009279754324 0.003390576475 0.005)
(-0.007771597077 0.002775412641 0.005)
(-0.006263439829 0.002160248807 0.005)
(-0.004755282582 0.001545084973 0.005)
(-0.04849184275 0.01938483617 -0.005)
(-0.04698368551 0.01876967233 -0.005)
(-0.04547552826 0.0181545085 -0.005)
(-0.04396737101 0.01753934466 -0.005)
(-0.04245921376 0.01692418083 -0.005)
(-0.04095105652 0.01630901699 -0.005)
(-0.03944289927 0.01569385316 -0.005)
(-0.03793474202 0.01507868933 -0.005)
(-0.03642658477 0.01446352549 -0.005)
(-0.03491842753 0.01384836166 -0.005)
(-0.03341027028 0.01323319782 -0.005)
(-0.03190211303 0.01261803399 -0.005)
(-0.03039395579 0.01200287015 -0.005)
(-0.02888579854 0.01138770632 -0.005)
(-0.02737764129 0.01077254249 -0.005)
(-0.02586948404 0.01015737865 -0.005)
(-0.0243613268 0.009542214818 -0.005)
(-0.02285316955 0.008927050984 -0.005)
(-0.0213450123 0.008311887149 -0.005)
(-0.01983685505 0.007696723315 -0.005)
(-0.01832869781 0.007081559481 -0.005)
(-0.01682054056 0.006466395647 -0.005)
(-0.01531238331 0.005851231812 -0.005)
(-0.01380422607 0.005236067978 -0.005)
(-0.01229606882 0.004620904144 -0.005)
(-0.01078791157 0.00400574031 -0.005)
(-0.009279754324 0.003390576475 -0.005)
(-0.007771597077 0.002775412641 -0.005)
(-0.006263439829 0.002160248807 -0.005)
(-0.004755282582 0.001545084973 -0.005)
(-0.04848893007 0.02261528355 0.005)
(-0.04697786014 0.02189723376 0.005)
(-0.04546679021 0.02117918397 0.005)
(-0.04395572028 0.02046113419 0.005)
(-0.04244465036 0.0197430844 0.005)
(-0.04093358043 0.01902503462 0.005)
(-0.0394225105 0.01830698483 0.005)
(-0.03791144057 0.01758893504 0.005)
(-0.03640037064 0.01687088526 0.005)
(-0.03488930071 0.01615283547 0.005)
(-0.03337823078 0.01543478569 0.005)
(-0.03186716085 0.0147167359 0.005)
(-0.03035609092 0.01399868611 0.005)
(-0.028845021 0.01328063633 0.005)
(-0.02733395107 0.01256258654 0.005)
(-0.02582288114 0.01184453675 0.005)
(-0.02431181121 0.01112648697 0.005)
(-0.02280074128 0.01040843718 0.005)
(-0.02128967135 0.009690387396 0.005)
(-0.01977860142 0.00897233761 0.005)
(-0.01826753149 0.008254287824 0.005)
(-0.01675646156 0.007536238038 0.005)
(-0.01524539164 0.006818188252 0.005)
(-0.01373432171 0.006100138466 0.005)
(-0.01222325178 0.005382088679 0.005)
(-0.01071218185 0.004664038893 0.005)
(-0.00920111192 0.003945989107 0.005)
(-0.007690041991 0.003227939321 0.005)
(-0.006178972062 0.002509889535 0.005)
(-0.004667902134 0.001791839749 0.005)
(-0.04848893007 0.02261528355 -0.005)
(-0.04697786014 0.02189723376 -0.005)
(-0.04546679021 0.02117918397 -0.005)
(-0.04395572028 0.02046113419 -0.005)
(-0.04244465036 0.0197430844 -0.005)
(-0.04093358043 0.01902503462 -0.005)
(-0.0394225105 0.01830698483 -0.005)
(-0.03791144057 0.01758893504 -0.005)
(-0.03640037064 0.01687088526 -0.005)
(-0.03488930071 0.01615283547 -0.005)
(-0.03337823078 0.01543478569 -0.005)
(-0.03186716085 0.0147167359 -0.005)
(-0.03035609092 0.01399868611 -0.005)
(-0.028845021 0.01328063633 -0.005)
(-0.02733395107 0.01256258654 -0.005)
(-0.02582288114 0.01184453675 -0.005)
(-0.02431181121 0.01112648697 -0.005)
(-0.02280074128 0.01040843718 -0.005)
(-0.02128967135 0.009690387396 -0.005)
(-0.01977860142 0.00897233761 -0.005)
(-0.01826753149 0.008254287824 -0.005)
(-0.01675646156 0.007536238038 -0.005)
(-0.01524539164 0.006818188252 -0.005)
(-0.01373432171 0.006100138466 -0.005)
(-0.01222325178 0.005382088679 -0.005)
(-0.01071218185 0.004664038893 -0.005)
(-0.00920111192 0.003945989107 -0.005)
(-0.007690041991 0.003227939321 -0.005)
(-0.006178972062 0.002509889535 -0.005)
(-0.004667902134 0.001791839749 -0.005)
(-0.04848559091 0.02584556722 0.005)
(-0.04697118182 0.02502446777 0.005)
(-0.04545677273 0.02420336832 0.005)
(-0.04394236364 0.02338226887 0.005)
(-0.04242795455 0.02256116942 0.005)
(-0.04091354546 0.02174006998 0.005)
(-0.03939913637 0.02091897053 0.005)
(-0.03788472728 0.02009787108 0.005)
(-0.03637031819 0.01927677163 0.005)
(-0.0348559091 0.01845567218 0.005)
(-0.03334150001 0.01763457273 0.005)
(-0.03182709092 0.01681347329 0.005)
(-0.03031268183 0.01599237384 0.005)
(-0.02879827274 0.01517127439 0.005)
(-0.02728386364 0.01435017494 0.005)
(-0.02576945455 0.01352907549 0.005)
(-0.02425504546 0.01270797604 0.005)
(-0.02274063637 0.0118868766 0.005)
(-0.02122622728 0.01106577715 0.005)
(-0.01971181819 0.0102446777 0.005)
(-0.0181974091 0.009423578252 0.005)
(-0.01668300001 0.008602478803 0.005)
(-0.01516859092 0.007781379355 0.005)
(-0.01365418183 0.006960279907 0.005)
(-0.01213977274 0.006139180458 0.005)
(-0.01062536365 0.00531808101 0.005)
(-0.009110954561 0.004496981562 0.005)
(-0.00759654547 0.003675882113 0.005)
(-0.00608213638 0.002854782665 0.005)
(-0.00456772729 0.002033683217 0.005)
(-0.04848559091 0.02584556722 -0.005)
(-0.04697118182 0.02502446777 -0.005)
(-0.04545677273 0.02420336832 -0.005)
(-0.04394236364 0.02338226887 -0.005)
(-0.04242795455 0.02256116942 -0.005)
(-0.04091354546 0.02174006998 -0.005)
(-0.03939913637 0.02091897053 -0.005)
(-0.03788472728 0.02009787108 -0.005)
(-0.03637031819 0.01927677163 -0.005)
(-0.0348559091 0.01845567218 -0.005)
(-0.03334150001 0.01763457273 -0.005)
(-0.03182709092 0.01681347329 -0.005)
(-0.03031268183 0.01599237384 -0.005)
(-0.02879827274 0.01517127439 -0.005)
(-0.02728386364 0.01435017494 -0.005)
(-0.02576945455 0.01352907549 -0.005)
(-0.02425504546 0.01270797604 -0.005)
(-0.02274063637 0.0118868766 -0.005)
(-0.02122622728 0.01106577715 -0.005)
(-0.01971181819 0.0102446777 -0.005)
(-0.0181974091 0.009423578252 -0.005)
(-0.01668300001 0.008602478803 -0.005)
(-0.01516859092 0.007781379355 -0.005)
(-0.01365418183 0.006960279907 -0.005)
(-0.01213977274 0.006139180458 -0.005)
(-0.01062536365 0.00531808101 -0.005)
(-0.009110954561 0.004496981562 -0.005)
(-0.00759654547 0.003675882113 -0.005)
(-0.00608213638 0.002854782665 -0.005)
(-0.00456772729 0.002033683217 -0.005)
(-0.04848183442 0.02907566508 0.005)
(-0.04696366884 0.02815133017 0.005)
(-0.04544550326 0.02722699525 0.005)
(-0.04392733768 0.02630266033 0.005)
(-0.0424091721 0.02537832542 0.005)
(-0.04089100652 0.0244539905 0.005)
(-0.03937284095 0.02352965558 0.005)
(-0.03785467537 0.02260532067 0.005)
(-0.03633650979 0.02168098575 0.005)
(-0.03481834421 0.02075665083 0.005)
(-0.03330017863 0.01983231592 0.005)
(-0.03178201305 0.018907981 0.005)
(-0.03026384747 0.01798364608 0.005)
(-0.02874568189 0.01705931117 0.005)
(-0.02722751631 0.01613497625 0.005)
(-0.02570935073 0.01521064133 0.005)
(-0.02419118515 0.01428630642 0.005)
(-0.02267301957 0.0133619715 0.005)
(-0.02115485399 0.01243763658 0.005)
(-0.01963668842 0.01151330167 0.005)
(-0.01811852284 0.01058896675 0.005)
(-0.01660035726 0.009664631833 0.005)
(-0.01508219168 0.008740296917 0.005)
(-0.0135640261 0.007815962 0.005)
(-0.01204586052 0.006891627083 0.005)
(-0.01052769494 0.005967292167 0.005)
(-0.00900952936 0.00504295725 0.005)
(-0.007491363781 0.004118622334 0.005)
(-0.005973198202 0.003194287417 0.005)
(-0.004455032623 0.0022699525 0.005)
(-0.04848183442 0.02907566508 -0.005)
(-0.04696366884 0.02815133017 -0.005)
(-0.04544550326 0.02722699525 -0.005)
(-0.04392733768 0.02630266033 -0.005)
(-0.0424091721 0.02537832542 -0.005)
(-0.04089100652 0.0244539905 -0.005)
(-0.03937284095 0.02352965558 -0.005)
(-0.03785467537 0.02260532067 -0.005)
(-0.03633650979 0.02168098575 -0.005)
(-0.03481834421 0.02075665083 -0.005)
(-0.03330017863 0.01983231592 -0.005)
(-0.03178201305 0.018907981 -0.005)
(-0.03026384747 0.01798364608 -0.005)
(-0.02874568189 0.01705931117 -0.005)
(-0.02722751631 0.01613497625 -0.005)
(-0.02570935073 0.01521064133 -0.005)
(-0.02419118515 0.01428630642 -0.005)
(-0.02267301957 0.0133619715 -0.005)
(-0.02115485399 0.01243763658 -0.005)
(-0.01963668842 0.01151330167 -0.005)
(-0.01811852284 0.01058896675 -0.005)
(-0.01660035726 0.009664631833 -0.005)
(-0.01508219168 0.008740296917 -0.005)
(-0.0135640261 0.007815962 -0.005)
(-0.01204586052 0.006891627083 -0.005)
(-0.01052769494 0.005967292167 -0.005)
(-0.00900952936 0.00504295725 -0.005)
(-0.007491363781 0.004118622334 -0.005)
(-0.005973198202 0.003194287417 -0.005)
(-0.004455032623 0.0022699525 -0.005)
(-0.0484776709 0.03230555556 0.005)
(-0.0469553418 0.03127777778 0.005)
(-0.0454330127 0.03025 0.005)
(-0.0439106836 0.02922222222 0.005)
(-0.0423883545 0.02819444444 0.005)
(-0.0408660254 0.02716666667 0.005)
(-0.0393436963 0.02613888889 0.005)
(-0.03782136721 0.02511111111 0.005)
(-0.03629903811 0.02408333333 0.005)
(-0.03477670901 0.02305555556 0.005)
(-0.03325437991 0.02202777778 0.005)
(-0.03173205081 0.021 0.005)
(-0.03020972171 0.01997222222 0.005)
(-0.02868739261 0.01894444445 0.005)
(-0.02716506351 0.01791666667 0.005)
(-0.02564273441 0.01688888889 0.005)
(-0.02412040531 0.01586111111 0.005)
(-0.02259807621 0.01483333333 0.005)
(-0.02107574711 0.01380555556 0.005)
(-0.01955341801 0.01277777778 0.005)
(-0.01803108891 0.01175 0.005)
(-0.01650875982 0.01072222222 0.005)
(-0.01498643072 0.009694444446 0.005)
(-0.01346410162 0.008666666668 0.005)
(-0.01194177252 0.00763888889 0.005)
(-0.01041944342 0.006611111113 0.005)
(-0.008897114319 0.005583333335 0.005)
(-0.00737478522 0.004555555557 0.005)
(-0.00585245612 0.00352777778 0.005)
(-0.004330127021 0.002500000002 0.005)
(-0.0484776709 0.03230555556 -0.005)
(-0.0469553418 0.03127777778 -0.005)
(-0.0454330127 0.03025 -0.005)
(-0.0439106836 0.02922222222 -0.005)
(-0.0423883545 0.02819444444 -0.005)
(-0.0408660254 0.02716666667 -0.005)
(-0.0393436963 0.02613888889 -0.005)
(-0.03782136721 0.02511111111 -0.005)
(-0.03629903811 0.02408333333 -0.005)
(-0.03477670901 0.02305555556 -0.005)
(-0.03325437991 0.02202777778 -0.005)
(-0.03173205081 0.021 -0.005)
(-0.03020972171 0.01997222222 -0.005)
(-0.02868739261 0.01894444445 -0.005)
(-0.02716506351 0.01791666667 -0.005)
(-0.02564273441 0.01688888889 -0.005)
(-0.02412040531 0.01586111111 -0.005)
(-0.02259807621 0.01483333333 -0.005)
(-0.02107574711 0.01380555556 -0.005)
(-0.01955341801 0.01277777778 -0.005)
(-0.01803108891 0.01175 -0.005)
(-0.01650875982 0.01072222222 -0.005)
(-0.01498643072 0.009694444446 -0.005)
(-0.01346410162 0.008666666668 -0.005)
(-0.01194177252 0.00763888889 -0.005)
(-0.01041944342 0.006611111113 -0.005)
(-0.008897114319 0.005583333335 -0.005)
(-0.00737478522 0.004555555557 -0.005)
(-0.00585245612 0.00352777778 -0.005)
(-0.004330127021 0.002500000002 -0.005)
(-0.04847311176 0.03553521762 0.005)
(-0.04694622352 0.03440376857 0.005)
(-0.04541933528 0.03327231952 0.005)
(-0.04389244705 0.03214087047 0.005)
(-0.04236555881 0.03100942142 0.005)
(-0.04083867057 0.02987797237 0.005)
(-0.03931178233 0.02874652332 0.005)
(-0.03778489409 0.02761507427 0.005)
(-0.03625800585 0.02648362522 0.005)
(-0.03473111761 0.02535217617 0.005)
(-0.03320422938 0.02422072712 0.005)
(-0.03167734114 0.02308927807 0.005)
(-0.0301504529 0.02195782902 0.005)
(-0.02862356466 0.02082637997 0.005)
(-0.02709667642 0.01969493092 0.005)
(-0.02556978818 0.01856348187 0.005)
(-0.02404289994 0.01743203282 0.005)
(-0.02251601171 0.01630058377 0.005)
(-0.02098912347 0.01516913472 0.005)
(-0.01946223523 0.01403768567 0.005)
(-0.01793534699 0.01290623662 0.005)
(-0.01640845875 0.01177478757 0.005)
(-0.01488157051 0.01064333852 0.005)
(-0.01335468227 0.009511889475 0.005)
(-0.01182779404 0.008380440425 0.005)
(-0.0103009058 0.007248991376 0.005)
(-0.008774017558 0.006117542326 0.005)
(-0.007247129319 0.004986093277 0.005)
(-0.005720241081 0.003854644227 0.005)
(-0.004193352842 0.002723195177 0.005)
(-0.04847311176 0.03553521762 -0.005)
(-0.04694622352 0.03440376857 -0.005)
(-0.04541933528 0.03327231952 -0.005)
(-0.04389244705 0.03214087047 -0.005)
(-0.04236555881 0.03100942142 -0.005)
(-0.04083867057 0.02987797237 -0.005)
(-0.03931178233 0.02874652332 -0.005)
(-0.03778489409 0.02761507427 -0.005)
(-0.03625800585 0.02648362522 -0.005)
(-0.03473111761 0.02535217617 -0.005)
(-0.03320422938 0.02422072712 -0.005)
(-0.03167734114 0.02308927807 -0.005)
(-0.0301504529 0.02195782902 -0.005)
(-0.02862356466 0.02082637997 -0.005)
(-0.02709667642 0.01969493092 -0.005)
(-0.02556978818 0.01856348187 -0.005)
(-0.02404289994 0.01743203282 -0.005)
(-0.02251601171 0.01630058377 -0.005)
(-0.02098912347 0.01516913472 -0.005)
(-0.01946223523 0.01403768567 -0.005)
(-0.01793534699 0.01290623662 -0.005)
(-0.01640845875 0.01177478757 -0.005)
(-0.01488157051 0.01064333852 -0.005)
(-0.01335468227 0.009511889475 -0.005)
(-0.01182779404 0.008380440425 -0.005)
(-0.0103009058 0.007248991376 -0.005)
(-0.008774017558 0.006117542326 -0.005)
(-0.007247129319 0.004986093277 -0.005)
(-0.005720241081 0.003854644227 -0.005)
(-0.004193352842 0.002723195177 -0.005)
(-0.0484681695 0.03876463088 0.005)
(-0.046936339 0.03752926175 0.005)
(-0.0454045085 0.03629389263 0.005)
(-0.043872678 0.0350585235 0.005)
(-0.0423408475 0.03382315438 0.005)
(-0.04080901699 0.03258778525 0.005)
(-0.03927718649 0.03135241613 0.005)
(-0.03774535599 0.030117047 0.005)
(-0.03621352549 0.02888167788 0.005)
(-0.03468169499 0.02764630875 0.005)
(-0.03314986449 0.02641093963 0.005)
(-0.03161803399 0.02517557051 0.005)
(-0.03008620349 0.02394020138 0.005)
(-0.02855437299 0.02270483226 0.005)
(-0.02702254249 0.02146946313 0.005)
(-0.02549071199 0.02023409401 0.005)
(-0.02395888149 0.01899872488 0.005)
(-0.02242705098 0.01776335576 0.005)
(-0.02089522048 0.01652798663 0.005)
(-0.01936338998 0.01529261751 0.005)
(-0.01783155948 0.01405724838 0.005)
(-0.01629972898 0.01282187926 0.005)
(-0.01476789848 0.01158651014 0.005)
(-0.01323606798 0.01035114101 0.005)
(-0.01170423748 0.009115771887 0.005)
(-0.01017240698 0.007880402762 0.005)
(-0.008640576477 0.006645033638 0.005)
(-0.007108745976 0.005409664513 0.005)
(-0.005576915475 0.004174295389 0.005)
(-0.004045084975 0.002938926264 0.005)
(-0.0484681695 0.03876463088 -0.005)
(-0.046936339 0.03752926175 -0.005)
(-0.0454045085 0.03629389263 -0.005)
(-0.043872678 0.0350585235 -0.005)
(-0.0423408475 0.03382315438 -0.005)
(-0.04080901699 0.03258778525 -0.005)
(-0.03927718649 0.03135241613 -0.005)
(-0.03774535599 0.030117047 -0.005)
(-0.03621352549 0.02888167788 -0.005)
(-0.03468169499 0.02764630875 -0.005)
(-0.03314986449 0.02641093963 -0.005)
(-0.03161803399 0.02517557051 -0.005)
(-0.03008620349 0.02394020138 -0.005)
(-0.02855437299 0.02270483226 -0.005)
(-0.02702254249 0.02146946313 -0.005)
(-0.02549071199 0.02023409401 -0.005)
(-0.02395888149 0.01899872488 -0.005)
(-0.02242705098 0.01776335576 -0.005)
(-0.02089522048 0.01652798663 -0.005)
(-0.01936338998 0.01529261751 -0.005)
(-0.01783155948 0.01405724838 -0.005)
(-0.01629972898 0.01282187926 -0.005)
(-0.01476789848 0.01158651014 -0.005)
(-0.01323606798 0.01035114101 -0.005)
(-0.01170423748 0.009115771887 -0.005)
(-0.01017240698 0.007880402762 -0.005)
(-0.008640576477 0.006645033638 -0.005)
(-0.007108745976 0.005409664513 -0.005)
(-0.005576915475 0.004174295389 -0.005)
(-0.004045084975 0.002938926264 -0.005)
(-0.04846285766 0.04199377562 0.005)
(-0.04692571532 0.04065421791 0.005)
(-0.04538857298 0.0393146602 0.005)
(-0.04385143064 0.03797510248 0.005)
(-0.0423142883 0.03663554477 0.005)
(-0.04077714596 0.03529598706 0.005)
(-0.03924000362 0.03395642935 0.005)
(-0.03770286128 0.03261687163 0.005)
(-0.03616571894 0.03127731392 0.005)
(-0.0346285766 0.02993775621 0.005)
(-0.03309143426 0.0285981985 0.005)
(-0.03155429192 0.02725864078 0.005)
(-0.03001714958 0.02591908307 0.005)
(-0.02848000724 0.02457952536 0.005)
(-0.02694286491 0.02323996765 0.005)
(-0.02540572257 0.02190040993 0.005)
(-0.02386858023 0.02056085222 0.005)
(-0.02233143789 0.01922129451 0.005)
(-0.02079429555 0.0178817368 0.005)
(-0.01925715321 0.01654217908 0.005)
(-0.01772001087 0.01520262137 0.005)
(-0.01618286853 0.01386306366 0.005)
(-0.01464572619 0.01252350595 0.005)
(-0.01310858385 0.01118394823 0.005)
(-0.01157144151 0.009844390521 0.005)
(-0.01003429917 0.008504832808 0.005)
(-0.008497156829 0.007165275096 0.005)
(-0.00696001449 0.005825717383 0.005)
(-0.00542287215 0.004486159671 0.005)
(-0.00388572981 0.003146601958 0.005)
(-0.04846285766 0.04199377562 -0.005)
(-0.04692571532 0.04065421791 -0.005)
(-0.04538857298 0.0393146602 -0.005)
(-0.04385143064 0.03797510248 -0.005)
(-0.0423142883 0.03663554477 -0.005)
(-0.04077714596 0.03529598706 -0.005)
(-0.03924000362 0.03395642935 -0.005)
(-0.03770286128 0.03261687163 -0.005)
(-0.03616571894 0.03127731392 -0.005)
(-0.0346285766 0.02993775621 -0.005)
(-0.03309143426 0.0285981985 -0.005)
(-0.03155429192 0.02725864078 -0.005)
(-0.03001714958 0.02591908307 -0.005)
(-0.02848000724 0.02457952536 -0.005)
(-0.02694286491 0.02323996765 -0.005)
(-0.02540572257 0.02190040993 -0.005)
(-0.02386858023 0.02056085222 -0.005)
(-0.02233143789 0.01922129451 -0.005)
(-0.02079429555 0.0178817368 -0.005)
(-0.01925715321 0.01654217908 -0.005)
(-0.01772001087 0.01520262137 -0.005)
(-0.01618286853 0.01386306366 -0.005)
(-0.01464572619 0.01252350595 -0.005)
(-0.01310858385 0.01118394823 -0.005)
(-0.01157144151 0.009844390521 -0.005)
(-0.01003429917 0.008504832808 -0.005)
(-0.008497156829 0.007165275096 -0.005)
(-0.00696001449 0.005825717383 -0.005)
(-0.00542287215 0.004486159671 -0.005)
(-0.00388572981 0.003146601958 -0.005)
(-0.0484571908 0.04522263288 0.005)
(-0.04691438161 0.04377859909 0.005)
(-0.04537157241 0.0423345653 0.005)
(-0.04382876322 0.04089053152 0.005)
(-0.04228595402 0.03944649773 0.005)
(-0.04074314483 0.03800246394 0.005)
(-0.03920033563 0.03655843015 0.005)
(-0.03765752643 0.03511439636 0.005)
(-0.03611471724 0.03367036258 0.005)
(-0.03457190804 0.03222632879 0.005)
(-0.03302909885 0.030782295 0.005)
(-0.03148628965 0.02933826121 0.005)
(-0.02994348046 0.02789422743 0.005)
(-0.02840067126 0.02645019364 0.005)
(-0.02685786207 0.02500615985 0.005)
(-0.02531505287 0.02356212606 0.005)
(-0.02377224367 0.02211809228 0.005)
(-0.02222943448 0.02067405849 0.005)
(-0.02068662528 0.0192300247 0.005)
(-0.01914381609 0.01778599091 0.005)
(-0.01760100689 0.01634195712 0.005)
(-0.0160581977 0.01489792334 0.005)
(-0.0145153885 0.01345388955 0.005)
(-0.0129725793 0.01200985576 0.005)
(-0.01142977011 0.01056582197 0.005)
(-0.009886960914 0.009121788186 0.005)
(-0.008344151718 0.007677754398 0.005)
(-0.006801342522 0.006233720611 0.005)
(-0.005258533327 0.004789686823 0.005)
(-0.003715724131 0.003345653035 0.005)
(-0.0484571908 0.04522263288 -0.005)
(-0.04691438161 0.04377859909 -0.005)
(-0.04537157241 0.0423345653 -0.005)
(-0.04382876322 0.04089053152 -0.005)
(-0.04228595402 0.03944649773 -0.005)
(-0.04074314483 0.03800246394 -0.005)
(-0.03920033563 0.03655843015 -0.005)
(-0.03765752643 0.03511439636 -0.005)
(-0.03611471724 0.03367036258 -0.005)
(-0.03457190804 0.03222632879 -0.005)
(-0.03302909885 0.030782295 -0.005)
(-0.03148628965 0.02933826121 -0.005)
(-0.02994348046 0.02789422743 -0.005)
(-0.02840067126 0.02645019364 -0.005)
(-0.02685786207 0.02500615985 -0.005)
(-0.02531505287 0.02356212606 -0.005)
(-0.02377224367 0.02211809228 -0.005)
(-0.02222943448 0.02067405849 -0.005)
(-0.02068662528 0.0192300247 -0.005)
(-0.01914381609 0.01778599091 -0.005)
(-0.01760100689 0.01634195712 -0.005)
(-0.0160581977 0.01489792334 -0.005)
(-0.0145153885 0.01345388955 -0.005)
(-0.0129725793 0.01200985576 -0.005)
(-0.01142977011 0.01056582197 -0.005)
(-0.009886960914 0.009121788186 -0.005)
(-0.008344151718 0.007677754398 -0.005)
(-0.006801342522 0.006233720611 -0.005)
(-0.005258533327 0.004789686823 -0.005)
(-0.003715724131 0.003345653035 -0.005)
(-0.04845118446 0.04845118446 0.005)
(-0.04690236893 0.04690236893 0.005)
(-0.04535355339 0.04535355339 0.005)
(-0.04380473785 0.04380473785 0.005)
(-0.04225592232 0.04225592232 0.005)
(-0.04070710678 0.04070710678 0.005)
(-0.03915829125 0.03915829125 0.005)
(-0.03760947571 0.03760947571 0.005)
(-0.03606066017 0.03606066017 0.005)
(-0.03451184464 0.03451184464 0.005)
(-0.0329630291 0.0329630291 0.005)
(-0.03141421356 0.03141421356 0.005)
(-0.02986539803 0.02986539803 0.005)
(-0.02831658249 0.02831658249 0.005)
(-0.02676776696 0.02676776696 0.005)
(-0.02521895142 0.02521895142 0.005)
(-0.02367013588 0.02367013588 0.005)
(-0.02212132035 0.02212132035 0.005)
(-0.02057250481 0.02057250481 0.005)
(-0.01902368927 0.01902368927 0.005)
(-0.01747487374 0.01747487374 0.005)
(-0.0159260582 0.0159260582 0.005)
(-0.01437724266 0.01437724266 0.005)
(-0.01282842713 0.01282842713 0.005)
(-0.01127961159 0.01127961159 0.005)
(-0.009730796055 0.009730796055 0.005)
(-0.008181980519 0.008181980519 0.005)
(-0.006633164983 0.006633164983 0.005)
(-0.005084349446 0.005084349446 0.005)
(-0.00353553391 0.00353553391 0.005)
(-0.04845118446 0.04845118446 -0.005)
(-0.04690236893 0.04690236893 -0.005)
(-0.04535355339 0.04535355339 -0.005)
(-0.04380473785 0.04380473785 -0.005)
(-0.04225592232 0.04225592232 -0.005)
(-0.04070710678 0.04070710678 -0.005)
(-0.03915829125 0.03915829125 -0.005)
(-0.03760947571 0.03760947571 -0.005)
(-0.03606066017 0.03606066017 -0.005)
(-0.03451184464 0.03451184464 -0.005)
(-0.0329630291 0.0329630291 -0.005)
(-0.03141421356 0.03141421356 -0.005)
(-0.02986539803 0.02986539803 -0.005)
(-0.02831658249 0.02831658249 -0.005)
(-0.02676776696 0.02676776696 -0.005)
(-0.02521895142 0.02521895142 -0.005)
(-0.02367013588 0.02367013588 -0.005)
(-0.02212132035 0.02212132035 -0.005)
(-0.02057250481 0.02057250481 -0.005)
(-0.01902368927 0.01902368927 -0.005)
(-0.01747487374 0.01747487374 -0.005)
(-0.0159260582 0.0159260582 -0.005)
(-0.01437724266 0.01437724266 -0.005)
(-0.01282842713 0.01282842713 -0.005)
(-0.01127961159 0.01127961159 -0.005)
(-0.009730796055 0.009730796055 -0.005)
(-0.008181980519 0.008181980519 -0.005)
(-0.006633164983 0.006633164983 -0.005)
(-0.005084349446 0.005084349446 -0.005)
(-0.00353553391 0.00353553391 -0.005)
(-0.003345653035 0.003715724131 0.005)
(-0.003146601958 0.00388572981 0.005)
(-0.002938926264 0.004045084975 0.005)
(-0.002723195177 0.004193352842 0.005)
(-0.002500000002 0.004330127021 0.005)
(-0.0022699525 0.004455032623 0.005)
(-0.002033683217 0.00456772729 0.005)
(-0.001791839749 0.004667902134 0.005)
(-0.001545084973 0.004755282582 0.005)
(-0.001294095226 0.004829629132 0.005)
(-0.001039558455 0.004890738004 0.005)
(-0.0007821723255 0.004938441703 0.005)
(-0.0005226423165 0.004972609477 0.005)
(-0.0002616797813 0.004993147674 0.005)
(5.551115123e-19 0.005 0.005)
(0.0002616797813 0.004993147674 0.005)
(0.0005226423165 0.004972609477 0.005)
(0.0007821723255 0.004938441703 0.005)
(0.001039558455 0.004890738004 0.005)
(0.001294095226 0.004829629132 0.005)
(0.001545084973 0.004755282582 0.005)
(0.001791839749 0.004667902134 0.005)
(0.002033683217 0.00456772729 0.005)
(0.0022699525 0.004455032623 0.005)
(0.002500000002 0.004330127021 0.005)
(0.002723195177 0.004193352842 0.005)
(0.002938926264 0.004045084975 0.005)
(0.003146601958 0.00388572981 0.005)
(0.003345653035 0.003715724131 0.005)
(0.00353553391 0.00353553391 0.005)
(-0.003345653035 0.003715724131 -0.005)
(-0.003146601958 0.00388572981 -0.005)
(-0.002938926264 0.004045084975 -0.005)
(-0.002723195177 0.004193352842 -0.005)
(-0.002500000002 0.004330127021 -0.005)
(-0.0022699525 0.004455032623 -0.005)
(-0.002033683217 0.00456772729 -0.005)
(-0.001791839749 0.004667902134 -0.005)
(-0.001545084973 0.004755282582 -0.005)
(-0.001294095226 0.004829629132 -0.005)
(-0.001039558455 0.004890738004 -0.005)
(-0.0007821723255 0.004938441703 -0.005)
(-0.0005226423165 0.004972609477 -0.005)
(-0.0002616797813 0.004993147674 -0.005)
(5.551115123e-19 0.005 -0.005)
(0.0002616797813 0.004993147674 -0.005)
(0.0005226423165 0.004972609477 -0.005)
(0.0007821723255 0.004938441703 -0.005)
(0.001039558455 0.004890738004 -0.005)
(0.001294095226 0.004829629132 -0.005)
(0.001545084973 0.004755282582 -0.005)
(0.001791839749 0.004667902134 -0.005)
(0.002033683217 0.00456772729 -0.005)
(0.0022699525 0.004455032623 -0.005)
(0.002500000002 0.004330127021 -0.005)
(0.002723195177 0.004193352842 -0.005)
(0.002938926264 0.004045084975 -0.005)
(0.003146601958 0.00388572981 -0.005)
(0.003345653035 0.003715724131 -0.005)
(0.00353553391 0.00353553391 -0.005)
(-0.004789686823 0.005258533327 0.005)
(-0.004486159671 0.00542287215 0.005)
(-0.004174295389 0.005576915475 0.005)
(-0.003854644227 0.005720241081 0.005)
(-0.00352777778 0.00585245612 0.005)
(-0.003194287417 0.005973198202 0.005)
(-0.002854782665 0.00608213638 0.005)
(-0.002509889535 0.006178972062 0.005)
(-0.002160248807 0.006263439829 0.005)
(-0.001806514274 0.006335308161 0.005)
(-0.001449350951 0.006394380071 0.005)
(-0.001089433248 0.006440493646 0.005)
(-0.0007274431282 0.006473522494 0.005)
(-0.0003640682331 0.006493376085 0.005)
(5.366077952e-19 0.0065 0.005)
(0.0003640682331 0.006493376085 0.005)
(0.0007274431282 0.006473522494 0.005)
(0.001089433248 0.006440493646 0.005)
(0.001449350951 0.006394380071 0.005)
(0.001806514274 0.006335308161 0.005)
(0.002160248807 0.006263439829 0.005)
(0.002509889535 0.006178972062 0.005)
(0.002854782665 0.00608213638 0.005)
(0.003194287417 0.005973198202 0.005)
(0.00352777778 0.00585245612 0.005)
(0.003854644227 0.005720241081 0.005)
(0.004174295389 0.005576915475 0.005)
(0.004486159671 0.00542287215 0.005)
(0.004789686823 0.005258533327 0.005)
(0.005084349446 0.005084349446 0.005)
(-0.004789686823 0.005258533327 -0.005)
(-0.004486159671 0.00542287215 -0.005)
(-0.004174295389 0.005576915475 -0.005)
(-0.003854644227 0.005720241081 -0.005)
(-0.00352777778 0.00585245612 -0.005)
(-0.003194287417 0.005973198202 -0.005)
(-0.002854782665 0.00608213638 -0.005)
(-0.002509889535 0.006178972062 -0.005)
(-0.002160248807 0.006263439829 -0.005)
(-0.001806514274 0.006335308161 -0.005)
(-0.001449350951 0.006394380071 -0.005)
(-0.001089433248 0.006440493646 -0.005)
(-0.0007274431282 0.006473522494 -0.005)
(-0.0003640682331 0.006493376085 -0.005)
(5.366077952e-19 0.0065 -0.005)
(0.0003640682331 0.006493376085 -0.005)
(0.0007274431282 0.006473522494 -0.005)
(0.001089433248 0.006440493646 -0.005)
(0.001449350951 0.006394380071 -0.005)
(0.001806514274 0.006335308161 -0.005)
(0.002160248807 0.006263439829 -0.005)
(0.002509889535 0.006178972062 -0.005)
(0.002854782665 0.00608213638 -0.005)
(0.003194287417 0.005973198202 -0.005)
(0.00352777778 0.00585245612 -0.005)
(0.003854644227 0.005720241081 -0.005)
(0.004174295389 0.005576915475 -0.005)
(0.004486159671 0.00542287215 -0.005)
(0.004789686823 0.005258533327 -0.005)
(0.005084349446 0.005084349446 -0.005)
(-0.006233720611 0.006801342522 0.005)
(-0.005825717383 0.00696001449 0.005)
(-0.005409664513 0.007108745976 0.005)
(-0.004986093277 0.007247129319 0.005)
(-0.004555555557 0.00737478522 0.005)
(-0.004118622334 0.007491363781 0.005)
(-0.003675882113 0.00759654547 0.005)
(-0.003227939321 0.007690041991 0.005)
(-0.002775412641 0.007771597077 0.005)
(-0.002318933322 0.00784098719 0.005)
(-0.001859143446 0.007898022137 0.005)
(-0.00139669417 0.00794254559 0.005)
(-0.0009322439399 0.007974435512 0.005)
(-0.0004664566848 0.007993604496 0.005)
(5.181040782e-19 0.008 0.005)
(0.0004664566848 0.007993604496 0.005)
(0.0009322439399 0.007974435512 0.005)
(0.00139669417 0.00794254559 0.005)
(0.001859143446 0.007898022137 0.005)
(0.002318933322 0.00784098719 0.005)
(0.002775412641 0.007771597077 0.005)
(0.003227939321 0.007690041991 0.005)
(0.003675882113 0.00759654547 0.005)
(0.004118622334 0.007491363781 0.005)
(0.004555555557 0.00737478522 0.005)
(0.004986093277 0.007247129319 0.005)
(0.005409664513 0.007108745976 0.005)
(0.005825717383 0.00696001449 0.005)
(0.006233720611 0.006801342522 0.005)
(0.006633164983 0.006633164983 0.005)
(-0.006233720611 0.006801342522 -0.005)
(-0.005825717383 0.00696001449 -0.005)
(-0.005409664513 0.007108745976 -0.005)
(-0.004986093277 0.007247129319 -0.005)
(-0.004555555557 0.00737478522 -0.005)
(-0.004118622334 0.007491363781 -0.005)
(-0.003675882113 0.00759654547 -0.005)
(-0.003227939321 0.007690041991 -0.005)
(-0.002775412641 0.007771597077 -0.005)
(-0.002318933322 0.00784098719 -0.005)
(-0.001859143446 0.007898022137 -0.005)
(-0.00139669417 0.00794254559 -0.005)
(-0.0009322439399 0.007974435512 -0.005)
(-0.0004664566848 0.007993604496 -0.005)
(5.181040782e-19 0.008 -0.005)
(0.0004664566848 0.007993604496 -0.005)
(0.0009322439399 0.007974435512 -0.005)
(0.00139669417 0.00794254559 -0.005)
(0.001859143446 0.007898022137 -0.005)
(0.002318933322 0.00784098719 -0.005)
(0.002775412641 0.007771597077 -0.005)
(0.003227939321 0.007690041991 -0.005)
(0.003675882113 0.00759654547 -0.005)
(0.004118622334 0.007491363781 -0.005)
(0.004555555557 0.00737478522 -0.005)
(0.004986093277 0.007247129319 -0.005)
(0.005409664513 0.007108745976 -0.005)
(0.005825717383 0.00696001449 -0.005)
(0.006233720611 0.006801342522 -0.005)
(0.006633164983 0.006633164983 -0.005)
(-0.007677754398 0.008344151718 0.005)
(-0.007165275096 0.008497156829 0.005)
(-0.006645033638 0.008640576477 0.005)
(-0.006117542326 0.008774017558 0.005)
(-0.005583333335 0.008897114319 0.005)
(-0.00504295725 0.00900952936 0.005)
(-0.004496981562 0.009110954561 0.005)
(-0.003945989107 0.00920111192 0.005)
(-0.003390576475 0.009279754324 0.005)
(-0.00283135237 0.009346666219 0.005)
(-0.002268935942 0.009401664204 0.005)
(-0.001703955093 0.009444597533 0.005)
(-0.001137044752 0.009475348529 0.005)
(-0.0005688451365 0.009493832906 0.005)
(4.996003611e-19 0.0095 0.005)
(0.0005688451365 0.009493832906 0.005)
(0.001137044752 0.009475348529 0.005)
(0.001703955093 0.009444597533 0.005)
(0.002268935942 0.009401664204 0.005)
(0.00283135237 0.009346666219 0.005)
(0.003390576475 0.009279754324 0.005)
(0.003945989107 0.00920111192 0.005)
(0.004496981562 0.009110954561 0.005)
(0.00504295725 0.00900952936 0.005)
(0.005583333335 0.008897114319 0.005)
(0.006117542326 0.008774017558 0.005)
(0.006645033638 0.008640576477 0.005)
(0.007165275096 0.008497156829 0.005)
(0.007677754398 0.008344151718 0.005)
(0.008181980519 0.008181980519 0.005)
(-0.007677754398 0.008344151718 -0.005)
(-0.007165275096 0.008497156829 -0.005)
(-0.006645033638 0.008640576477 -0.005)
(-0.006117542326 0.008774017558 -0.005)
(-0.005583333335 0.008897114319 -0.005)
(-0.00504295725 0.00900952936 -0.005)
(-0.004496981562 0.009110954561 -0.005)
(-0.003945989107 0.00920111192 -0.005)
(-0.003390576475 0.009279754324 -0.005)
(-0.00283135237 0.009346666219 -0.005)
(-0.002268935942 0.009401664204 -0.005)
(-0.001703955093 0.009444597533 -0.005)
(-0.001137044752 0.009475348529 -0.005)
(-0.0005688451365 0.009493832906 -0.005)
(4.996003611e-19 0.0095 -0.005)
(0.0005688451365 0.009493832906 -0.005)
(0.001137044752 0.009475348529 -0.005)
(0.001703955093 0.009444597533 -0.005)
(0.002268935942 0.009401664204 -0.005)
(0.00283135237 0.009346666219 -0.005)
(0.003390576475 0.009279754324 -0.005)
(0.003945989107 0.00920111192 -0.005)
(0.004496981562 0.009110954561 -0.005)
(0.00504295725 0.00900952936 -0.005)
(0.005583333335 0.008897114319 -0.005)
(0.006117542326 0.008774017558 -0.005)
(0.006645033638 0.008640576477 -0.005)
(0.007165275096 0.008497156829 -0.005)
(0.007677754398 0.008344151718 -0.005)
(0.008181980519 0.008181980519 -0.005)
(-0.009121788186 0.009886960914 0.005)
(-0.008504832808 0.01003429917 0.005)
(-0.007880402762 0.01017240698 0.005)
(-0.007248991376 0.0103009058 0.005)
(-0.006611111113 0.01041944342 0.005)
(-0.005967292167 0.01052769494 0.005)
(-0.00531808101 0.01062536365 0.005)
(-0.004664038893 0.01071218185 0.005)
(-0.00400574031 0.01078791157 0.005)
(-0.003343771418 0.01085234525 0.005)
(-0.002678728438 0.01090530627 0.005)
(-0.002011216015 0.01094664948 0.005)
(-0.001341845563 0.01097626155 0.005)
(-0.0006712335883 0.01099406132 0.005)
(4.81096644e-19 0.011 0.005)
(0.0006712335883 0.01099406132 0.005)
(0.001341845563 0.01097626155 0.005)
(0.002011216015 0.01094664948 0.005)
(0.002678728438 0.01090530627 0.005)
(0.003343771418 0.01085234525 0.005)
(0.00400574031 0.01078791157 0.005)
(0.004664038893 0.01071218185 0.005)
(0.00531808101 0.01062536365 0.005)
(0.005967292167 0.01052769494 0.005)
(0.006611111113 0.01041944342 0.005)
(0.007248991376 0.0103009058 0.005)
(0.007880402762 0.01017240698 0.005)
(0.008504832808 0.01003429917 0.005)
(0.009121788186 0.009886960914 0.005)
(0.009730796055 0.009730796055 0.005)
(-0.009121788186 0.009886960914 -0.005)
(-0.008504832808 0.01003429917 -0.005)
(-0.007880402762 0.01017240698 -0.005)
(-0.007248991376 0.0103009058 -0.005)
(-0.006611111113 0.01041944342 -0.005)
(-0.005967292167 0.01052769494 -0.005)
(-0.00531808101 0.01062536365 -0.005)
(-0.004664038893 0.01071218185 -0.005)
(-0.00400574031 0.01078791157 -0.005)
(-0.003343771418 0.01085234525 -0.005)
(-0.002678728438 0.01090530627 -0.005)
(-0.002011216015 0.01094664948 -0.005)
(-0.001341845563 0.01097626155 -0.005)
(-0.0006712335883 0.01099406132 -0.005)
(4.81096644e-19 0.011 -0.005)
(0.0006712335883 0.01099406132 -0.005)
(0.001341845563 0.01097626155 -0.005)
(0.002011216015 0.01094664948 -0.005)
(0.002678728438 0.01090530627 -0.005)
(0.003343771418 0.01085234525 -0.005)
(0.00400574031 0.01078791157 -0.005)
(0.004664038893 0.01071218185 -0.005)
(0.00531808101 0.01062536365 -0.005)
(0.005967292167 0.01052769494 -0.005)
(0.006611111113 0.01041944342 -0.005)
(0.007248991376 0.0103009058 -0.005)
(0.007880402762 0.01017240698 -0.005)
(0.008504832808 0.01003429917 -0.005)
(0.009121788186 0.009886960914 -0.005)
(0.009730796055 0.009730796055 -0.005)
(-0.01056582197 0.01142977011 0.005)
(-0.009844390521 0.01157144151 0.005)
(-0.009115771887 0.01170423748 0.005)
(-0.008380440425 0.01182779404 0.005)
(-0.00763888889 0.01194177252 0.005)
(-0.006891627083 0.01204586052 0.005)
(-0.006139180458 0.01213977274 0.005)
(-0.005382088679 0.01222325178 0.005)
(-0.004620904144 0.01229606882 0.005)
(-0.003856190466 0.01235802428 0.005)
(-0.003088520934 0.01240894834 0.005)
(-0.002318476938 0.01244870142 0.005)
(-0.001546646375 0.01247717456 0.005)
(-0.00077362204 0.01249428973 0.005)
(4.625929269e-19 0.0125 0.005)
(0.00077362204 0.01249428973 0.005)
(0.001546646375 0.01247717456 0.005)
(0.002318476938 0.01244870142 0.005)
(0.003088520934 0.01240894834 0.005)
(0.003856190466 0.01235802428 0.005)
(0.004620904144 0.01229606882 0.005)
(0.005382088679 0.01222325178 0.005)
(0.006139180458 0.01213977274 0.005)
(0.006891627083 0.01204586052 0.005)
(0.00763888889 0.01194177252 0.005)
(0.008380440425 0.01182779404 0.005)
(0.009115771887 0.01170423748 0.005)
(0.009844390521 0.01157144151 0.005)
(0.01056582197 0.01142977011 0.005)
(0.01127961159 0.01127961159 0.005)
(-0.01056582197 0.01142977011 -0.005)
(-0.009844390521 0.01157144151 -0.005)
(-0.009115771887 0.01170423748 -0.005)
(-0.008380440425 0.01182779404 -0.005)
(-0.00763888889 0.01194177252 -0.005)
(-0.006891627083 0.01204586052 -0.005)
(-0.006139180458 0.01213977274 -0.005)
(-0.005382088679 0.01222325178 -0.005)
(-0.004620904144 0.01229606882 -0.005)
(-0.003856190466 0.01235802428 -0.005)
(-0.003088520934 0.01240894834 -0.005)
(-0.002318476938 0.01244870142 -0.005)
(-0.001546646375 0.01247717456 -0.005)
(-0.00077362204 0.01249428973 -0.005)
(4.625929269e-19 0.0125 -0.005)
(0.00077362204 0.01249428973 -0.005)
(0.001546646375 0.01247717456 -0.005)
(0.002318476938 0.01244870142 -0.005)
(0.003088520934 0.01240894834 -0.005)
(0.003856190466 0.01235802428 -0.005)
(0.004620904144 0.01229606882 -0.005)
(0.005382088679 0.01222325178 -0.005)
(0.006139180458 0.01213977274 -0.005)
(0.006891627083 0.01204586052 -0.005)
(0.00763888889 0.01194177252 -0.005)
(0.008380440425 0.01182779404 -0.005)
(0.009115771887 0.01170423748 -0.005)
(0.009844390521 0.01157144151 -0.005)
(0.01056582197 0.01142977011 -0.005)
(0.01127961159 0.01127961159 -0.005)
(-0.01200985576 0.0129725793 0.005)
(-0.01118394823 0.01310858385 0.005)
(-0.01035114101 0.01323606798 0.005)
(-0.009511889475 0.01335468227 0.005)
(-0.008666666668 0.01346410162 0.005)
(-0.007815962 0.0135640261 0.005)
(-0.006960279907 0.01365418183 0.005)
(-0.006100138466 0.01373432171 0.005)
(-0.005236067978 0.01380422607 0.005)
(-0.004368609514 0.01386370331 0.005)
(-0.00349831343 0.0139125904 0.005)
(-0.00262573786 0.01395075336 0.005)
(-0.001751447187 0.01397808758 0.005)
(-0.0008760104917 0.01399451814 0.005)
(4.440892099e-19 0.014 0.005)
(0.0008760104917 0.01399451814 0.005)
(0.001751447187 0.01397808758 0.005)
(0.00262573786 0.01395075336 0.005)
(0.00349831343 0.0139125904 0.005)
(0.004368609514 0.01386370331 0.005)
(0.005236067978 0.01380422607 0.005)
(0.006100138466 0.01373432171 0.005)
(0.006960279907 0.01365418183 0.005)
(0.007815962 0.0135640261 0.005)
(0.008666666668 0.01346410162 0.005)
(0.009511889475 0.01335468227 0.005)
(0.01035114101 0.01323606798 0.005)
(0.01118394823 0.01310858385 0.005)
(0.01200985576 0.0129725793 0.005)
(0.01282842713 0.01282842713 0.005)
(-0.01200985576 0.0129725793 -0.005)
(-0.01118394823 0.01310858385 -0.005)
(-0.01035114101 0.01323606798 -0.005)
(-0.009511889475 0.01335468227 -0.005)
(-0.008666666668 0.01346410162 -0.005)
(-0.007815962 0.0135640261 -0.005)
(-0.006960279907 0.01365418183 -0.005)
(-0.006100138466 0.01373432171 -0.005)
(-0.005236067978 0.01380422607 -0.005)
(-0.004368609514 0.01386370331 -0.005)
(-0.00349831343 0.0139125904 -0.005)
(-0.00262573786 0.01395075336 -0.005)
(-0.001751447187 0.01397808758 -0.005)
(-0.0008760104917 0.01399451814 -0.005)
(4.440892099e-19 0.014 -0.005)
(0.0008760104917 0.01399451814 -0.005)
(0.001751447187 0.01397808758 -0.005)
(0.00262573786 0.01395075336 -0.005)
(0.00349831343 0.0139125904 -0.005)
(0.004368609514 0.01386370331 -0.005)
(0.005236067978 0.01380422607 -0.005)
(0.006100138466 0.01373432171 -0.005)
(0.006960279907 0.01365418183 -0.005)
(0.007815962 0.0135640261 -0.005)
(0.008666666668 0.01346410162 -0.005)
(0.009511889475 0.01335468227 -0.005)
(0.01035114101 0.01323606798 -0.005)
(0.01118394823 0.01310858385 -0.005)
(0.01200985576 0.0129725793 -0.005)
(0.01282842713 0.01282842713 -0.005)
(-0.01345388955 0.0145153885 0.005)
(-0.01252350595 0.01464572619 0.005)
(-0.01158651014 0.01476789848 0.005)
(-0.01064333852 0.01488157051 0.005)
(-0.009694444446 0.01498643072 0.005)
(-0.008740296917 0.01508219168 0.005)
(-0.007781379355 0.01516859092 0.005)
(-0.006818188252 0.01524539164 0.005)
(-0.005851231812 0.01531238331 0.005)
(-0.004881028562 0.01536938233 0.005)
(-0.003908105926 0.01541623247 0.005)
(-0.002932998783 0.01545280531 0.005)
(-0.001956247998 0.0154790006 0.005)
(-0.0009783989435 0.01549474655 0.005)
(4.255854928e-19 0.0155 0.005)
(0.0009783989435 0.01549474655 0.005)
(0.001956247998 0.0154790006 0.005)
(0.002932998783 0.01545280531 0.005)
(0.003908105926 0.01541623247 0.005)
(0.004881028562 0.01536938233 0.005)
(0.005851231812 0.01531238331 0.005)
(0.006818188252 0.01524539164 0.005)
(0.007781379355 0.01516859092 0.005)
(0.008740296917 0.01508219168 0.005)
(0.009694444446 0.01498643072 0.005)
(0.01064333852 0.01488157051 0.005)
(0.01158651014 0.01476789848 0.005)
(0.01252350595 0.01464572619 0.005)
(0.01345388955 0.0145153885 0.005)
(0.01437724266 0.01437724266 0.005)
(-0.01345388955 0.0145153885 -0.005)
(-0.01252350595 0.01464572619 -0.005)
(-0.01158651014 0.01476789848 -0.005)
(-0.01064333852 0.01488157051 -0.005)
(-0.009694444446 0.01498643072 -0.005)
(-0.008740296917 0.01508219168 -0.005)
(-0.007781379355 0.01516859092 -0.005)
(-0.006818188252 0.01524539164 -0.005)
(-0.005851231812 0.01531238331 -0.005)
(-0.004881028562 0.01536938233 -0.005)
(-0.003908105926 0.01541623247 -0.005)
(-0.002932998783 0.01545280531 -0.005)
(-0.001956247998 0.0154790006 -0.005)
(-0.0009783989435 0.01549474655 -0.005)
(4.255854928e-19 0.0155 -0.005)
(0.0009783989435 0.01549474655 -0.005)
(0.001956247998 0.0154790006 -0.005)
(0.002932998783 0.01545280531 -0.005)
(0.003908105926 0.01541623247 -0.005)
(0.004881028562 0.01536938233 -0.005)
(0.005851231812 0.01531238331 -0.005)
(0.006818188252 0.01524539164 -0.005)
(0.007781379355 0.01516859092 -0.005)
(0.008740296917 0.01508219168 -0.005)
(0.009694444446 0.01498643072 -0.005)
(0.01064333852 0.01488157051 -0.005)
(0.01158651014 0.01476789848 -0.005)
(0.01252350595 0.01464572619 -0.005)
(0.01345388955 0.0145153885 -0.005)
(0.01437724266 0.01437724266 -0.005)
(-0.01489792334 0.0160581977 0.005)
(-0.01386306366 0.01618286853 0.005)
(-0.01282187926 0.01629972898 0.005)
(-0.01177478757 0.01640845875 0.005)
(-0.01072222222 0.01650875982 0.005)
(-0.009664631833 0.01660035726 0.005)
(-0.008602478803 0.01668300001 0.005)
(-0.007536238038 0.01675646156 0.005)
(-0.006466395647 0.01682054056 0.005)
(-0.00539344761 0.01687506136 0.005)
(-0.004317898422 0.01691987454 0.005)
(-0.003240259705 0.01695485725 0.005)
(-0.00216104881 0.01697991362 0.005)
(-0.001080787395 0.01699497496 0.005)
(4.070817757e-19 0.017 0.005)
(0.001080787395 0.01699497496 0.005)
(0.00216104881 0.01697991362 0.005)
(0.003240259705 0.01695485725 0.005)
(0.004317898422 0.01691987454 0.005)
(0.00539344761 0.01687506136 0.005)
(0.006466395647 0.01682054056 0.005)
(0.007536238038 0.01675646156 0.005)
(0.008602478803 0.01668300001 0.005)
(0.009664631833 0.01660035726 0.005)
(0.01072222222 0.01650875982 0.005)
(0.01177478757 0.01640845875 0.005)
(0.01282187926 0.01629972898 0.005)
(0.01386306366 0.01618286853 0.005)
(0.01489792334 0.0160581977 0.005)
(0.0159260582 0.0159260582 0.005)
(-0.01489792334 0.0160581977 -0.005)
(-0.01386306366 0.01618286853 -0.005)
(-0.01282187926 0.01629972898 -0.005)
(-0.01177478757 0.01640845875 -0.005)
(-0.01072222222 0.01650875982 -0.005)
(-0.009664631833 0.01660035726 -0.005)
(-0.008602478803 0.01668300001 -0.005)
(-0.007536238038 0.01675646156 -0.005)
(-0.006466395647 0.01682054056 -0.005)
(-0.00539344761 0.01687506136 -0.005)
(-0.004317898422 0.01691987454 -0.005)
(-0.003240259705 0.01695485725 -0.005)
(-0.00216104881 0.01697991362 -0.005)
(-0.001080787395 0.01699497496 -0.005)
(4.070817757e-19 0.017 -0.005)
(0.001080787395 0.01699497496 -0.005)
(0.00216104881 0.01697991362 -0.005)
(0.003240259705 0.01695485725 -0.005)
(0.004317898422 0.01691987454 -0.005)
(0.00539344761 0.01687506136 -0.005)
(0.006466395647 0.01682054056 -0.005)
(0.007536238038 0.01675646156 -0.005)
(0.008602478803 0.01668300001 -0.005)
(0.009664631833 0.01660035726 -0.005)
(0.01072222222 0.01650875982 -0.005)
(0.01177478757 0.01640845875 -0.005)
(0.01282187926 0.01629972898 -0.005)
(0.01386306366 0.01618286853 -0.005)
(0.01489792334 0.0160581977 -0.005)
(0.0159260582 0.0159260582 -0.005)
(-0.01634195712 0.01760100689 0.005)
(-0.01520262137 0.01772001087 0.005)
(-0.01405724838 0.01783155948 0.005)
(-0.01290623662 0.01793534699 0.005)
(-0.01175 0.01803108891 0.005)
(-0.01058896675 0.01811852284 0.005)
(-0.009423578252 0.0181974091 0.005)
(-0.008254287824 0.01826753149 0.005)
(-0.007081559481 0.01832869781 0.005)
(-0.005905866658 0.01838074039 0.005)
(-0.004727690918 0.0184235166 0.005)
(-0.003547520628 0.01845690919 0.005)
(-0.002365849622 0.01848082663 0.005)
(-0.001183175847 0.01849520337 0.005)
(3.885780586e-19 0.0185 0.005)
(0.001183175847 0.01849520337 0.005)
(0.002365849622 0.01848082663 0.005)
(0.003547520628 0.01845690919 0.005)
(0.004727690918 0.0184235166 0.005)
(0.005905866658 0.01838074039 0.005)
(0.007081559481 0.01832869781 0.005)
(0.008254287824 0.01826753149 0.005)
(0.009423578252 0.0181974091 0.005)
(0.01058896675 0.01811852284 0.005)
(0.01175 0.01803108891 0.005)
(0.01290623662 0.01793534699 0.005)
(0.01405724838 0.01783155948 0.005)
(0.01520262137 0.01772001087 0.005)
(0.01634195712 0.01760100689 0.005)
(0.01747487374 0.01747487374 0.005)
(-0.01634195712 0.01760100689 -0.005)
(-0.01520262137 0.01772001087 -0.005)
(-0.01405724838 0.01783155948 -0.005)
(-0.01290623662 0.01793534699 -0.005)
(-0.01175 0.01803108891 -0.005)
(-0.01058896675 0.01811852284 -0.005)
(-0.009423578252 0.0181974091 -0.005)
(-0.008254287824 0.01826753149 -0.005)
(-0.007081559481 0.01832869781 -0.005)
(-0.005905866658 0.01838074039 -0.005)
(-0.004727690918 0.0184235166 -0.005)
(-0.003547520628 0.01845690919 -0.005)
(-0.002365849622 0.01848082663 -0.005)
(-0.001183175847 0.01849520337 -0.005)
(3.885780586e-19 0.0185 -0.005)
(0.001183175847 0.01849520337 -0.005)
(0.002365849622 0.01848082663 -0.005)
(0.003547520628 0.01845690919 -0.005)
(0.004727690918 0.0184235166 -0.005)
(0.005905866658 0.01838074039 -0.005)
(0.007081559481 0.01832869781 -0.005)
(0.008254287824 0.01826753149 -0.005)
(0.009423578252 0.0181974091 -0.005)
(0.01058896675 0.01811852284 -0.005)
(0.01175 0.01803108891 -0.005)
(0.01290623662 0.01793534699 -0.005)
(0.01405724838 0.01783155948 -0.005)
(0.01520262137 0.01772001087 -0.005)
(0.01634195712 0.01760100689 -0.005)
(0.01747487374 0.01747487374 -0.005)
(-0.01778599091 0.01914381609 0.005)
(-0.01654217908 0.01925715321 0.005)
(-0.01529261751 0.01936338998 0.005)
(-0.01403768567 0.01946223523 0.005)
(-0.01277777778 0.01955341801 0.005)
(-0.01151330167 0.01963668842 0.005)
(-0.0102446777 0.01971181819 0.005)
(-0.00897233761 0.01977860142 0.005)
(-0.007696723315 0.01983685505 0.005)
(-0.006418285706 0.01988641942 0.005)
(-0.005137483414 0.01992715867 0.005)
(-0.00385478155 0.01995896114 0.005)
(-0.002570650433 0.01998173965 0.005)
(-0.001285564299 0.01999543178 0.005)
(3.700743415e-19 0.02 0.005)
(0.001285564299 0.01999543178 0.005)
(0.002570650433 0.01998173965 0.005)
(0.00385478155 0.01995896114 0.005)
(0.005137483414 0.01992715867 0.005)
(0.006418285706 0.01988641942 0.005)
(0.007696723315 0.01983685505 0.005)
(0.00897233761 0.01977860142 0.005)
(0.0102446777 0.01971181819 0.005)
(0.01151330167 0.01963668842 0.005)
(0.01277777778 0.01955341801 0.005)
(0.01403768567 0.01946223523 0.005)
(0.01529261751 0.01936338998 0.005)
(0.01654217908 0.01925715321 0.005)
(0.01778599091 0.01914381609 0.005)
(0.01902368927 0.01902368927 0.005)
(-0.01778599091 0.01914381609 -0.005)
(-0.01654217908 0.01925715321 -0.005)
(-0.01529261751 0.01936338998 -0.005)
(-0.01403768567 0.01946223523 -0.005)
(-0.01277777778 0.01955341801 -0.005)
(-0.01151330167 0.01963668842 -0.005)
(-0.0102446777 0.01971181819 -0.005)
(-0.00897233761 0.01977860142 -0.005)
(-0.007696723315 0.01983685505 -0.005)
(-0.006418285706 0.01988641942 -0.005)
(-0.005137483414 0.01992715867 -0.005)
(-0.00385478155 0.01995896114 -0.005)
(-0.002570650433 0.01998173965 -0.005)
(-0.001285564299 0.01999543178 -0.005)
(3.700743415e-19 0.02 -0.005)
(0.001285564299 0.01999543178 -0.005)
(0.002570650433 0.01998173965 -0.005)
(0.00385478155 0.01995896114 -0.005)
(0.005137483414 0.01992715867 -0.005)
(0.006418285706 0.01988641942 -0.005)
(0.007696723315 0.01983685505 -0.005)
(0.00897233761 0.01977860142 -0.005)
(0.0102446777 0.01971181819 -0.005)
(0.01151330167 0.01963668842 -0.005)
(0.01277777778 0.01955341801 -0.005)
(0.01403768567 0.01946223523 -0.005)
(0.01529261751 0.01936338998 -0.005)
(0.01654217908 0.01925715321 -0.005)
(0.01778599091 0.01914381609 -0.005)
(0.01902368927 0.01902368927 -0.005)
(-0.0192300247 0.02068662528 0.005)
(-0.0178817368 0.02079429555 0.005)
(-0.01652798663 0.02089522048 0.005)
(-0.01516913472 0.02098912347 0.005)
(-0.01380555556 0.02107574711 0.005)
(-0.01243763658 0.02115485399 0.005)
(-0.01106577715 0.02122622728 0.005)
(-0.009690387396 0.02128967135 0.005)
(-0.008311887149 0.0213450123 0.005)
(-0.006930704754 0.02139209845 0.005)
(-0.00554727591 0.02143080074 0.005)
(-0.004162042473 0.02146101308 0.005)
(-0.002775451245 0.02148265267 0.005)
(-0.00138795275 0.02149566019 0.005)
(3.515706245e-19 0.0215 0.005)
(0.00138795275 0.02149566019 0.005)
(0.002775451245 0.02148265267 0.005)
(0.004162042473 0.02146101308 0.005)
(0.00554727591 0.02143080074 0.005)
(0.006930704754 0.02139209845 0.005)
(0.008311887149 0.0213450123 0.005)
(0.009690387396 0.02128967135 0.005)
(0.01106577715 0.02122622728 0.005)
(0.01243763658 0.02115485399 0.005)
(0.01380555556 0.02107574711 0.005)
(0.01516913472 0.02098912347 0.005)
(0.01652798663 0.02089522048 0.005)
(0.0178817368 0.02079429555 0.005)
(0.0192300247 0.02068662528 0.005)
(0.02057250481 0.02057250481 0.005)
(-0.0192300247 0.02068662528 -0.005)
(-0.0178817368 0.02079429555 -0.005)
(-0.01652798663 0.02089522048 -0.005)
(-0.01516913472 0.02098912347 -0.005)
(-0.01380555556 0.02107574711 -0.005)
(-0.01243763658 0.02115485399 -0.005)
(-0.01106577715 0.02122622728 -0.005)
(-0.009690387396 0.02128967135 -0.005)
(-0.008311887149 0.0213450123 -0.005)
(-0.006930704754 0.02139209845 -0.005)
(-0.00554727591 0.02143080074 -0.005)
(-0.004162042473 0.02146101308 -0.005)
(-0.002775451245 0.02148265267 -0.005)
(-0.00138795275 0.02149566019 -0.005)
(3.515706245e-19 0.0215 -0.005)
(0.00138795275 0.02149566019 -0.005)
(0.002775451245 0.02148265267 -0.005)
(0.004162042473 0.02146101308 -0.005)
(0.00554727591 0.02143080074 -0.005)
(0.006930704754 0.02139209845 -0.005)
(0.008311887149 0.0213450123 -0.005)
(0.009690387396 0.02128967135 -0.005)
(0.01106577715 0.02122622728 -0.005)
(0.01243763658 0.02115485399 -0.005)
(0.01380555556 0.02107574711 -0.005)
(0.01516913472 0.02098912347 -0.005)
(0.01652798663 0.02089522048 -0.005)
(0.0178817368 0.02079429555 -0.005)
(0.0192300247 0.02068662528 -0.005)
(0.02057250481 0.02057250481 -0.005)
(-0.02067405849 0.02222943448 0.005)
(-0.01922129451 0.02233143789 0.005)
(-0.01776335576 0.02242705098 0.005)
(-0.01630058377 0.02251601171 0.005)
(-0.01483333333 0.02259807621 0.005)
(-0.0133619715 0.02267301957 0.005)
(-0.0118868766 0.02274063637 0.005)
(-0.01040843718 0.02280074128 0.005)
(-0.008927050984 0.02285316955 0.005)
(-0.007443123802 0.02289777748 0.005)
(-0.005957068406 0.0229344428 0.005)
(-0.004469303395 0.02296306502 0.005)
(-0.002980252057 0.02298356569 0.005)
(-0.001490341202 0.0229958886 0.005)
(3.330669074e-19 0.023 0.005)
(0.001490341202 0.0229958886 0.005)
(0.002980252057 0.02298356569 0.005)
(0.004469303395 0.02296306502 0.005)
(0.005957068406 0.0229344428 0.005)
(0.007443123802 0.02289777748 0.005)
(0.008927050984 0.02285316955 0.005)
(0.01040843718 0.02280074128 0.005)
(0.0118868766 0.02274063637 0.005)
(0.0133619715 0.02267301957 0.005)
(0.01483333333 0.02259807621 0.005)
(0.01630058377 0.02251601171 0.005)
(0.01776335576 0.02242705098 0.005)
(0.01922129451 0.02233143789 0.005)
(0.02067405849 0.02222943448 0.005)
(0.02212132035 0.02212132035 0.005)
(-0.02067405849 0.02222943448 -0.005)
(-0.01922129451 0.02233143789 -0.005)
(-0.01776335576 0.02242705098 -0.005)
(-0.01630058377 0.02251601171 -0.005)
(-0.01483333333 0.02259807621 -0.005)
(-0.0133619715 0.02267301957 -0.005)
(-0.0118868766 0.02274063637 -0.005)
(-0.01040843718 0.02280074128 -0.005)
(-0.008927050984 0.02285316955 -0.005)
(-0.007443123802 0.02289777748 -0.005)
(-0.005957068406 0.0229344428 -0.005)
(-0.004469303395 0.02296306502 -0.005)
(-0.002980252057 0.02298356569 -0.005)
(-0.001490341202 0.0229958886 -0.005)
(3.330669074e-19 0.023 -0.005)
(0.001490341202 0.0229958886 -0.005)
(0.002980252057 0.02298356569 -0.005)
(0.004469303395 0.02296306502 -0.005)
(0.005957068406 0.0229344428 -0.005)
(0.007443123802 0.02289777748 -0.005)
(0.008927050984 0.02285316955 -0.005)
(0.01040843718 0.02280074128 -0.005)
(0.0118868766 0.02274063637 -0.005)
(0.0133619715 0.02267301957 -0.005)
(0.01483333333 0.02259807621 -0.005)
(0.01630058377 0.02251601171 -0.005)
(0.01776335576 0.02242705098 -0.005)
(0.01922129451 0.02233143789 -0.005)
(0.02067405849 0.02222943448 -0.005)
(0.02212132035 0.02212132035 -0.005)
(-0.02211809228 0.02377224367 0.005)
(-0.02056085222 0.02386858023 0.005)
(-0.01899872488 0.02395888149 0.005)
(-0.01743203282 0.02404289994 0.005)
(-0.01586111111 0.02412040531 0.005)
(-0.01428630642 0.02419118515 0.005)
(-0.01270797604 0.02425504546 0.005)
(-0.01112648697 0.02431181121 0.005)
(-0.009542214818 0.0243613268 0.005)
(-0.00795554285 0.02440345651 0.005)
(-0.006366860902 0.02443808487 0.005)
(-0.004776564318 0.02446511697 0.005)
(-0.003185052868 0.0244844787 0.005)
(-0.001592729654 0.02449611702 0.005)
(3.145631903e-19 0.0245 0.005)
(0.001592729654 0.02449611702 0.005)
(0.003185052868 0.0244844787 0.005)
(0.004776564318 0.02446511697 0.005)
(0.006366860902 0.02443808487 0.005)
(0.00795554285 0.02440345651 0.005)
(0.009542214818 0.0243613268 0.005)
(0.01112648697 0.02431181121 0.005)
(0.01270797604 0.02425504546 0.005)
(0.01428630642 0.02419118515 0.005)
(0.01586111111 0.02412040531 0.005)
(0.01743203282 0.02404289994 0.005)
(0.01899872488 0.02395888149 0.005)
(0.02056085222 0.02386858023 0.005)
(0.02211809228 0.02377224367 0.005)
(0.02367013588 0.02367013588 0.005)
(-0.02211809228 0.02377224367 -0.005)
(-0.02056085222 0.02386858023 -0.005)
(-0.01899872488 0.02395888149 -0.005)
(-0.01743203282 0.02404289994 -0.005)
(-0.01586111111 0.02412040531 -0.005)
(-0.01428630642 0.02419118515 -0.005)
(-0.01270797604 0.02425504546 -0.005)
(-0.01112648697 0.02431181121 -0.005)
(-0.009542214818 0.0243613268 -0.005)
(-0.00795554285 0.02440345651 -0.005)
(-0.006366860902 0.02443808487 -0.005)
(-0.004776564318 0.02446511697 -0.005)
(-0.003185052868 0.0244844787 -0.005)
(-0.001592729654 0.02449611702 -0.005)
(3.145631903e-19 0.0245 -0.005)
(0.001592729654 0.02449611702 -0.005)
(0.003185052868 0.0244844787 -0.005)
(0.004776564318 0.02446511697 -0.005)
(0.006366860902 0.02443808487 -0.005)
(0.00795554285 0.02440345651 -0.005)
(0.009542214818 0.0243613268 -0.005)
(0.01112648697 0.02431181121 -0.005)
(0.01270797604 0.02425504546 -0.005)
(0.01428630642 0.02419118515 -0.005)
(0.01586111111 0.02412040531 -0.005)
(0.01743203282 0.02404289994 -0.005)
(0.01899872488 0.02395888149 -0.005)
(0.02056085222 0.02386858023 -0.005)
(0.02211809228 0.02377224367 -0.005)
(0.02367013588 0.02367013588 -0.005)
(-0.02356212606 0.02531505287 0.005)
(-0.02190040993 0.02540572257 0.005)
(-0.02023409401 0.02549071199 0.005)
(-0.01856348187 0.02556978818 0.005)
(-0.01688888889 0.02564273441 0.005)
(-0.01521064133 0.02570935073 0.005)
(-0.01352907549 0.02576945455 0.005)
(-0.01184453675 0.02582288114 0.005)
(-0.01015737865 0.02586948404 0.005)
(-0.008467961898 0.02590913554 0.005)
(-0.006776653398 0.02594172694 0.005)
(-0.00508382524 0.02596716891 0.005)
(-0.00338985368 0.02598539172 0.005)
(-0.001695118106 0.02599634543 0.005)
(2.960594732e-19 0.026 0.005)
(0.001695118106 0.02599634543 0.005)
(0.00338985368 0.02598539172 0.005)
(0.00508382524 0.02596716891 0.005)
(0.006776653398 0.02594172694 0.005)
(0.008467961898 0.02590913554 0.005)
(0.01015737865 0.02586948404 0.005)
(0.01184453675 0.02582288114 0.005)
(0.01352907549 0.02576945455 0.005)
(0.01521064133 0.02570935073 0.005)
(0.01688888889 0.02564273441 0.005)
(0.01856348187 0.02556978818 0.005)
(0.02023409401 0.02549071199 0.005)
(0.02190040993 0.02540572257 0.005)
(0.02356212606 0.02531505287 0.005)
(0.02521895142 0.02521895142 0.005)
(-0.02356212606 0.02531505287 -0.005)
(-0.02190040993 0.02540572257 -0.005)
(-0.02023409401 0.02549071199 -0.005)
(-0.01856348187 0.02556978818 -0.005)
(-0.01688888889 0.02564273441 -0.005)
(-0.01521064133 0.02570935073 -0.005)
(-0.01352907549 0.02576945455 -0.005)
(-0.01184453675 0.02582288114 -0.005)
(-0.01015737865 0.02586948404 -0.005)
(-0.008467961898 0.02590913554 -0.005)
(-0.006776653398 0.02594172694 -0.005)
(-0.00508382524 0.02596716891 -0.005)
(-0.00338985368 0.02598539172 -0.005)
(-0.001695118106 0.02599634543 -0.005)
(2.960594732e-19 0.026 -0.005)
(0.001695118106 0.02599634543 -0.005)
(0.00338985368 0.02598539172 -0.005)
(0.00508382524 0.02596716891 -0.005)
(0.006776653398 0.02594172694 -0.005)
(0.008467961898 0.02590913554 -0.005)
(0.01015737865 0.02586948404 -0.005)
(0.01184453675 0.02582288114 -0.005)
(0.01352907549 0.02576945455 -0.005)
(0.01521064133 0.02570935073 -0.005)
(0.01688888889 0.02564273441 -0.005)
(0.01856348187 0.02556978818 -0.005)
(0.02023409401 0.02549071199 -0.005)
(0.02190040993 0.02540572257 -0.005)
(0.02356212606 0.02531505287 -0.005)
(0.02521895142 0.02521895142 -0.005)
(-0.02500615985 0.02685786207 0.005)
(-0.02323996765 0.02694286491 0.005)
(-0.02146946313 0.02702254249 0.005)
(-0.01969493092 0.02709667642 0.005)
(-0.01791666667 0.02716506351 0.005)
(-0.01613497625 0.02722751631 0.005)
(-0.01435017494 0.02728386364 0.005)
(-0.01256258654 0.02733395107 0.005)
(-0.01077254249 0.02737764129 0.005)
(-0.008980380946 0.02741481457 0.005)
(-0.007186445894 0.027445369 0.005)
(-0.005391086163 0.02746922085 0.005)
(-0.003594654492 0.02748630474 0.005)
(-0.001797506557 0.02749657384 0.005)
(2.775557562e-19 0.0275 0.005)
(0.001797506557 0.02749657384 0.005)
(0.003594654492 0.02748630474 0.005)
(0.005391086163 0.02746922085 0.005)
(0.007186445894 0.027445369 0.005)
(0.008980380946 0.02741481457 0.005)
(0.01077254249 0.02737764129 0.005)
(0.01256258654 0.02733395107 0.005)
(0.01435017494 0.02728386364 0.005)
(0.01613497625 0.02722751631 0.005)
(0.01791666667 0.02716506351 0.005)
(0.01969493092 0.02709667642 0.005)
(0.02146946313 0.02702254249 0.005)
(0.02323996765 0.02694286491 0.005)
(0.02500615985 0.02685786207 0.005)
(0.02676776696 0.02676776696 0.005)
(-0.02500615985 0.02685786207 -0.005)
(-0.02323996765 0.02694286491 -0.005)
(-0.02146946313 0.02702254249 -0.005)
(-0.01969493092 0.02709667642 -0.005)
(-0.01791666667 0.02716506351 -0.005)
(-0.01613497625 0.02722751631 -0.005)
(-0.01435017494 0.02728386364 -0.005)
(-0.01256258654 0.02733395107 -0.005)
(-0.01077254249 0.02737764129 -0.005)
(-0.008980380946 0.02741481457 -0.005)
(-0.007186445894 0.027445369 -0.005)
(-0.005391086163 0.02746922085 -0.005)
(-0.003594654492 0.02748630474 -0.005)
(-0.001797506557 0.02749657384 -0.005)
(2.775557562e-19 0.0275 -0.005)
(0.001797506557 0.02749657384 -0.005)
(0.003594654492 0.02748630474 -0.005)
(0.005391086163 0.02746922085 -0.005)
(0.007186445894 0.027445369 -0.005)
(0.008980380946 0.02741481457 -0.005)
(0.01077254249 0.02737764129 -0.005)
(0.01256258654 0.02733395107 -0.005)
(0.01435017494 0.02728386364 -0.005)
(0.01613497625 0.02722751631 -0.005)
(0.01791666667 0.02716506351 -0.005)
(0.01969493092 0.02709667642 -0.005)
(0.02146946313 0.02702254249 -0.005)
(0.02323996765 0.02694286491 -0.005)
(0.02500615985 0.02685786207 -0.005)
(0.02676776695 0.02676776695 -0.005)
(-0.02645019364 0.02840067126 0.005)
(-0.02457952536 0.02848000724 0.005)
(-0.02270483226 0.02855437299 0.005)
(-0.02082637997 0.02862356466 0.005)
(-0.01894444445 0.02868739261 0.005)
(-0.01705931117 0.02874568189 0.005)
(-0.01517127439 0.02879827274 0.005)
(-0.01328063633 0.028845021 0.005)
(-0.01138770632 0.02888579854 0.005)
(-0.009492799994 0.02892049359 0.005)
(-0.00759623839 0.02894901107 0.005)
(-0.005698347085 0.02897127279 0.005)
(-0.003799455303 0.02898721776 0.005)
(-0.001899895009 0.02899680225 0.005)
(2.590520391e-19 0.029 0.005)
(0.001899895009 0.02899680225 0.005)
(0.003799455303 0.02898721776 0.005)
(0.005698347085 0.02897127279 0.005)
(0.00759623839 0.02894901107 0.005)
(0.009492799994 0.02892049359 0.005)
(0.01138770632 0.02888579854 0.005)
(0.01328063633 0.028845021 0.005)
(0.01517127439 0.02879827274 0.005)
(0.01705931117 0.02874568189 0.005)
(0.01894444445 0.02868739261 0.005)
(0.02082637997 0.02862356466 0.005)
(0.02270483226 0.02855437299 0.005)
(0.02457952536 0.02848000724 0.005)
(0.02645019364 0.02840067126 0.005)
(0.02831658249 0.02831658249 0.005)
(-0.02645019364 0.02840067126 -0.005)
(-0.02457952536 0.02848000724 -0.005)
(-0.02270483226 0.02855437299 -0.005)
(-0.02082637997 0.02862356466 -0.005)
(-0.01894444445 0.02868739261 -0.005)
(-0.01705931117 0.02874568189 -0.005)
(-0.01517127439 0.02879827274 -0.005)
(-0.01328063633 0.028845021 -0.005)
(-0.01138770632 0.02888579854 -0.005)
(-0.009492799994 0.02892049359 -0.005)
(-0.00759623839 0.02894901107 -0.005)
(-0.005698347085 0.02897127279 -0.005)
(-0.003799455303 0.02898721776 -0.005)
(-0.001899895009 0.02899680225 -0.005)
(2.590520391e-19 0.029 -0.005)
(0.001899895009 0.02899680225 -0.005)
(0.003799455303 0.02898721776 -0.005)
(0.005698347085 0.02897127279 -0.005)
(0.00759623839 0.02894901107 -0.005)
(0.009492799994 0.02892049359 -0.005)
(0.01138770632 0.02888579854 -0.005)
(0.01328063633 0.028845021 -0.005)
(0.01517127439 0.02879827274 -0.005)
(0.01705931117 0.02874568189 -0.005)
(0.01894444445 0.02868739261 -0.005)
(0.02082637997 0.02862356466 -0.005)
(0.02270483226 0.02855437299 -0.005)
(0.02457952536 0.02848000724 -0.005)
(0.02645019364 0.02840067126 -0.005)
(0.02831658249 0.02831658249 -0.005)
(-0.02789422743 0.02994348046 0.005)
(-0.02591908307 0.03001714958 0.005)
(-0.02394020138 0.03008620349 0.005)
(-0.02195782902 0.0301504529 0.005)
(-0.01997222222 0.03020972171 0.005)
(-0.01798364608 0.03026384747 0.005)
(-0.01599237384 0.03031268183 0.005)
(-0.01399868611 0.03035609092 0.005)
(-0.01200287015 0.03039395579 0.005)
(-0.01000521904 0.03042617262 0.005)
(-0.008006030886 0.03045265314 0.005)
(-0.006005608008 0.03047332474 0.005)
(-0.004004256115 0.03048813077 0.005)
(-0.002002283461 0.03049703066 0.005)
(2.40548322e-19 0.0305 0.005)
(0.002002283461 0.03049703066 0.005)
(0.004004256115 0.03048813077 0.005)
(0.006005608008 0.03047332474 0.005)
(0.008006030886 0.03045265314 0.005)
(0.01000521904 0.03042617262 0.005)
(0.01200287015 0.03039395579 0.005)
(0.01399868611 0.03035609092 0.005)
(0.01599237384 0.03031268183 0.005)
(0.01798364608 0.03026384747 0.005)
(0.01997222222 0.03020972171 0.005)
(0.02195782902 0.0301504529 0.005)
(0.02394020138 0.03008620349 0.005)
(0.02591908307 0.03001714958 0.005)
(0.02789422743 0.02994348046 0.005)
(0.02986539803 0.02986539803 0.005)
(-0.02789422743 0.02994348046 -0.005)
(-0.02591908307 0.03001714958 -0.005)
(-0.02394020138 0.03008620349 -0.005)
(-0.02195782902 0.0301504529 -0.005)
(-0.01997222222 0.03020972171 -0.005)
(-0.01798364608 0.03026384747 -0.005)
(-0.01599237384 0.03031268183 -0.005)
(-0.01399868611 0.03035609092 -0.005)
(-0.01200287015 0.03039395579 -0.005)
(-0.01000521904 0.03042617262 -0.005)
(-0.008006030886 0.03045265314 -0.005)
(-0.006005608008 0.03047332474 -0.005)
(-0.004004256115 0.03048813077 -0.005)
(-0.002002283461 0.03049703066 -0.005)
(2.40548322e-19 0.0305 -0.005)
(0.002002283461 0.03049703066 -0.005)
(0.004004256115 0.03048813077 -0.005)
(0.006005608008 0.03047332474 -0.005)
(0.008006030886 0.03045265314 -0.005)
(0.01000521904 0.03042617262 -0.005)
(0.01200287015 0.03039395579 -0.005)
(0.01399868611 0.03035609092 -0.005)
(0.01599237384 0.03031268183 -0.005)
(0.01798364608 0.03026384747 -0.005)
(0.01997222222 0.03020972171 -0.005)
(0.02195782902 0.0301504529 -0.005)
(0.02394020138 0.03008620349 -0.005)
(0.02591908307 0.03001714958 -0.005)
(0.02789422743 0.02994348046 -0.005)
(0.02986539803 0.02986539803 -0.005)
(-0.02933826121 0.03148628965 0.005)
(-0.02725864078 0.03155429192 0.005)
(-0.02517557051 0.03161803399 0.005)
(-0.02308927807 0.03167734114 0.005)
(-0.021 0.03173205081 0.005)
(-0.018907981 0.03178201305 0.005)
(-0.01681347329 0.03182709092 0.005)
(-0.0147167359 0.03186716085 0.005)
(-0.01261803399 0.03190211303 0.005)
(-0.01051763809 0.03193185165 0.005)
(-0.008415823382 0.0319562952 0.005)
(-0.00631286893 0.03197537668 0.005)
(-0.004209056927 0.03198904379 0.005)
(-0.002104671913 0.03199725907 0.005)
(2.220446049e-19 0.032 0.005)
(0.002104671913 0.03199725907 0.005)
(0.004209056927 0.03198904379 0.005)
(0.00631286893 0.03197537668 0.005)
(0.008415823382 0.0319562952 0.005)
(0.01051763809 0.03193185165 0.005)
(0.01261803399 0.03190211303 0.005)
(0.0147167359 0.03186716085 0.005)
(0.01681347329 0.03182709092 0.005)
(0.018907981 0.03178201305 0.005)
(0.021 0.03173205081 0.005)
(0.02308927807 0.03167734114 0.005)
(0.02517557051 0.03161803399 0.005)
(0.02725864078 0.03155429192 0.005)
(0.02933826121 0.03148628965 0.005)
(0.03141421356 0.03141421356 0.005)
(-0.02933826121 0.03148628965 -0.005)
(-0.02725864078 0.03155429192 -0.005)
(-0.02517557051 0.03161803399 -0.005)
(-0.02308927807 0.03167734114 -0.005)
(-0.021 0.03173205081 -0.005)
(-0.018907981 0.03178201305 -0.005)
(-0.01681347329 0.03182709092 -0.005)
(-0.0147167359 0.03186716085 -0.005)
(-0.01261803399 0.03190211303 -0.005)
(-0.01051763809 0.03193185165 -0.005)
(-0.008415823382 0.0319562952 -0.005)
(-0.00631286893 0.03197537668 -0.005)
(-0.004209056927 0.03198904379 -0.005)
(-0.002104671913 0.03199725907 -0.005)
(2.220446049e-19 0.032 -0.005)
(0.002104671913 0.03199725907 -0.005)
(0.004209056927 0.03198904379 -0.005)
(0.00631286893 0.03197537668 -0.005)
(0.008415823382 0.0319562952 -0.005)
(0.01051763809 0.03193185165 -0.005)
(0.01261803399 0.03190211303 -0.005)
(0.0147167359 0.03186716085 -0.005)
(0.01681347329 0.03182709092 -0.005)
(0.018907981 0.03178201305 -0.005)
(0.021 0.03173205081 -0.005)
(0.02308927807 0.03167734114 -0.005)
(0.02517557051 0.03161803399 -0.005)
(0.02725864078 0.03155429192 -0.005)
(0.02933826121 0.03148628965 -0.005)
(0.03141421356 0.03141421356 -0.005)
(-0.030782295 0.03302909885 0.005)
(-0.0285981985 0.03309143426 0.005)
(-0.02641093963 0.03314986449 0.005)
(-0.02422072712 0.03320422938 0.005)
(-0.02202777778 0.03325437991 0.005)
(-0.01983231592 0.03330017863 0.005)
(-0.01763457273 0.03334150001 0.005)
(-0.01543478569 0.03337823078 0.005)
(-0.01323319782 0.03341027028 0.005)
(-0.01103005714 0.03343753068 0.005)
(-0.008825615878 0.03345993727 0.005)
(-0.006620129853 0.03347742862 0.005)
(-0.004413857738 0.03348995681 0.005)
(-0.002207060364 0.03349748748 0.005)
(2.035408878e-19 0.0335 0.005)
(0.002207060364 0.03349748748 0.005)
(0.004413857738 0.03348995681 0.005)
(0.006620129853 0.03347742862 0.005)
(0.008825615878 0.03345993727 0.005)
(0.01103005714 0.03343753068 0.005)
(0.01323319782 0.03341027028 0.005)
(0.01543478569 0.03337823078 0.005)
(0.01763457273 0.03334150001 0.005)
(0.01983231592 0.03330017863 0.005)
(0.02202777778 0.03325437991 0.005)
(0.02422072712 0.03320422938 0.005)
(0.02641093963 0.03314986449 0.005)
(0.0285981985 0.03309143426 0.005)
(0.030782295 0.03302909885 0.005)
(0.0329630291 0.0329630291 0.005)
(-0.030782295 0.03302909885 -0.005)
(-0.0285981985 0.03309143426 -0.005)
(-0.02641093963 0.03314986449 -0.005)
(-0.02422072712 0.03320422938 -0.005)
(-0.02202777778 0.03325437991 -0.005)
(-0.01983231592 0.03330017863 -0.005)
(-0.01763457273 0.03334150001 -0.005)
(-0.01543478569 0.03337823078 -0.005)
(-0.01323319782 0.03341027028 -0.005)
(-0.01103005714 0.03343753068 -0.005)
(-0.008825615878 0.03345993727 -0.005)
(-0.006620129853 0.03347742862 -0.005)
(-0.004413857738 0.03348995681 -0.005)
(-0.002207060364 0.03349748748 -0.005)
(2.035408878e-19 0.0335 -0.005)
(0.002207060364 0.03349748748 -0.005)
(0.004413857738 0.03348995681 -0.005)
(0.006620129853 0.03347742862 -0.005)
(0.008825615878 0.03345993727 -0.005)
(0.01103005714 0.03343753068 -0.005)
(0.01323319782 0.03341027028 -0.005)
(0.01543478569 0.03337823078 -0.005)
(0.01763457273 0.03334150001 -0.005)
(0.01983231592 0.03330017863 -0.005)
(0.02202777778 0.03325437991 -0.005)
(0.02422072712 0.03320422938 -0.005)
(0.02641093963 0.03314986449 -0.005)
(0.0285981985 0.03309143426 -0.005)
(0.030782295 0.03302909885 -0.005)
(0.0329630291 0.0329630291 -0.005)
(-0.03222632879 0.03457190804 0.005)
(-0.02993775621 0.0346285766 0.005)
(-0.02764630875 0.03468169499 0.005)
(-0.02535217617 0.03473111761 0.005)
(-0.02305555556 0.03477670901 0.005)
(-0.02075665083 0.03481834421 0.005)
(-0.01845567218 0.0348559091 0.005)
(-0.01615283547 0.03488930071 0.005)
(-0.01384836166 0.03491842753 0.005)
(-0.01154247619 0.03494320971 0.005)
(-0.009235408374 0.03496357933 0.005)
(-0.006927390775 0.03497948057 0.005)
(-0.00461865855 0.03499086983 0.005)
(-0.002309448816 0.03499771589 0.005)
(1.850371708e-19 0.035 0.005)
(0.002309448816 0.03499771589 0.005)
(0.00461865855 0.03499086983 0.005)
(0.006927390775 0.03497948057 0.005)
(0.009235408374 0.03496357933 0.005)
(0.01154247619 0.03494320971 0.005)
(0.01384836166 0.03491842753 0.005)
(0.01615283547 0.03488930071 0.005)
(0.01845567218 0.0348559091 0.005)
(0.02075665083 0.03481834421 0.005)
(0.02305555556 0.03477670901 0.005)
(0.02535217617 0.03473111761 0.005)
(0.02764630875 0.03468169499 0.005)
(0.02993775621 0.0346285766 0.005)
(0.03222632879 0.03457190804 0.005)
(0.03451184464 0.03451184464 0.005)
(-0.03222632879 0.03457190804 -0.005)
(-0.02993775621 0.0346285766 -0.005)
(-0.02764630875 0.03468169499 -0.005)
(-0.02535217617 0.03473111761 -0.005)
(-0.02305555556 0.03477670901 -0.005)
(-0.02075665083 0.03481834421 -0.005)
(-0.01845567218 0.0348559091 -0.005)
(-0.01615283547 0.03488930071 -0.005)
(-0.01384836166 0.03491842753 -0.005)
(-0.01154247619 0.03494320971 -0.005)
(-0.009235408374 0.03496357933 -0.005)
(-0.006927390775 0.03497948057 -0.005)
(-0.00461865855 0.03499086983 -0.005)
(-0.002309448816 0.03499771589 -0.005)
(1.850371708e-19 0.035 -0.005)
(0.002309448816 0.03499771589 -0.005)
(0.00461865855 0.03499086983 -0.005)
(0.006927390775 0.03497948057 -0.005)
(0.009235408374 0.03496357933 -0.005)
(0.01154247619 0.03494320971 -0.005)
(0.01384836166 0.03491842753 -0.005)
(0.01615283547 0.03488930071 -0.005)
(0.01845567218 0.0348559091 -0.005)
(0.02075665083 0.03481834421 -0.005)
(0.02305555556 0.03477670901 -0.005)
(0.02535217617 0.03473111761 -0.005)
(0.02764630875 0.03468169499 -0.005)
(0.02993775621 0.0346285766 -0.005)
(0.03222632879 0.03457190804 -0.005)
(0.03451184464 0.03451184464 -0.005)
(-0.03367036258 0.03611471724 0.005)
(-0.03127731392 0.03616571894 0.005)
(-0.02888167788 0.03621352549 0.005)
(-0.02648362522 0.03625800585 0.005)
(-0.02408333333 0.03629903811 0.005)
(-0.02168098575 0.03633650979 0.005)
(-0.01927677163 0.03637031819 0.005)
(-0.01687088526 0.03640037064 0.005)
(-0.01446352549 0.03642658477 0.005)
(-0.01205489523 0.03644888874 0.005)
(-0.00964520087 0.0364672214 0.005)
(-0.007234651698 0.03648153251 0.005)
(-0.004823459362 0.03649178284 0.005)
(-0.002411837268 0.0364979443 0.005)
(1.665334537e-19 0.0365 0.005)
(0.002411837268 0.0364979443 0.005)
(0.004823459362 0.03649178284 0.005)
(0.007234651698 0.03648153251 0.005)
(0.00964520087 0.0364672214 0.005)
(0.01205489523 0.03644888874 0.005)
(0.01446352549 0.03642658477 0.005)
(0.01687088526 0.03640037064 0.005)
(0.01927677163 0.03637031819 0.005)
(0.02168098575 0.03633650979 0.005)
(0.02408333333 0.03629903811 0.005)
(0.02648362522 0.03625800585 0.005)
(0.02888167788 0.03621352549 0.005)
(0.03127731392 0.03616571894 0.005)
(0.03367036258 0.03611471724 0.005)
(0.03606066017 0.03606066017 0.005)
(-0.03367036258 0.03611471724 -0.005)
(-0.03127731392 0.03616571894 -0.005)
(-0.02888167788 0.03621352549 -0.005)
(-0.02648362522 0.03625800585 -0.005)
(-0.02408333333 0.03629903811 -0.005)
(-0.02168098575 0.03633650979 -0.005)
(-0.01927677163 0.03637031819 -0.005)
(-0.01687088526 0.03640037064 -0.005)
(-0.01446352549 0.03642658477 -0.005)
(-0.01205489523 0.03644888874 -0.005)
(-0.00964520087 0.0364672214 -0.005)
(-0.007234651698 0.03648153251 -0.005)
(-0.004823459362 0.03649178284 -0.005)
(-0.002411837268 0.0364979443 -0.005)
(1.665334537e-19 0.0365 -0.005)
(0.002411837268 0.0364979443 -0.005)
(0.004823459362 0.03649178284 -0.005)
(0.007234651698 0.03648153251 -0.005)
(0.00964520087 0.0364672214 -0.005)
(0.01205489523 0.03644888874 -0.005)
(0.01446352549 0.03642658477 -0.005)
(0.01687088526 0.03640037064 -0.005)
(0.01927677163 0.03637031819 -0.005)
(0.02168098575 0.03633650979 -0.005)
(0.02408333333 0.03629903811 -0.005)
(0.02648362522 0.03625800585 -0.005)
(0.02888167788 0.03621352549 -0.005)
(0.03127731392 0.03616571894 -0.005)
(0.03367036258 0.03611471724 -0.005)
(0.03606066017 0.03606066017 -0.005)
(-0.03511439636 0.03765752643 0.005)
(-0.03261687163 0.03770286128 0.005)
(-0.030117047 0.03774535599 0.005)
(-0.02761507427 0.03778489409 0.005)
(-0.02511111111 0.03782136721 0.005)
(-0.02260532067 0.03785467537 0.005)
(-0.02009787108 0.03788472728 0.005)
(-0.01758893504 0.03791144057 0.005)
(-0.01507868933 0.03793474202 0.005)
(-0.01256731428 0.03795456777 0.005)
(-0.01005499337 0.03797086347 0.005)
(-0.00754191262 0.03798358445 0.005)
(-0.005028260173 0.03799269586 0.005)
(-0.002514225719 0.03799817271 0.005)
(1.480297366e-19 0.038 0.005)
(0.002514225719 0.03799817271 0.005)
(0.005028260173 0.03799269586 0.005)
(0.00754191262 0.03798358445 0.005)
(0.01005499337 0.03797086347 0.005)
(0.01256731428 0.03795456777 0.005)
(0.01507868933 0.03793474202 0.005)
(0.01758893504 0.03791144057 0.005)
(0.02009787108 0.03788472728 0.005)
(0.02260532067 0.03785467537 0.005)
(0.02511111111 0.03782136721 0.005)
(0.02761507427 0.03778489409 0.005)
(0.030117047 0.03774535599 0.005)
(0.03261687163 0.03770286128 0.005)
(0.03511439636 0.03765752643 0.005)
(0.03760947571 0.03760947571 0.005)
(-0.03511439636 0.03765752643 -0.005)
(-0.03261687163 0.03770286128 -0.005)
(-0.030117047 0.03774535599 -0.005)
(-0.02761507427 0.03778489409 -0.005)
(-0.02511111111 0.03782136721 -0.005)
(-0.02260532067 0.03785467537 -0.005)
(-0.02009787108 0.03788472728 -0.005)
(-0.01758893504 0.03791144057 -0.005)
(-0.01507868933 0.03793474202 -0.005)
(-0.01256731428 0.03795456777 -0.005)
(-0.01005499337 0.03797086347 -0.005)
(-0.00754191262 0.03798358445 -0.005)
(-0.005028260173 0.03799269586 -0.005)
(-0.002514225719 0.03799817271 -0.005)
(1.480297366e-19 0.038 -0.005)
(0.002514225719 0.03799817271 -0.005)
(0.005028260173 0.03799269586 -0.005)
(0.00754191262 0.03798358445 -0.005)
(0.01005499337 0.03797086347 -0.005)
(0.01256731428 0.03795456777 -0.005)
(0.01507868933 0.03793474202 -0.005)
(0.01758893504 0.03791144057 -0.005)
(0.02009787108 0.03788472728 -0.005)
(0.02260532067 0.03785467537 -0.005)
(0.02511111111 0.03782136721 -0.005)
(0.02761507427 0.03778489409 -0.005)
(0.030117047 0.03774535599 -0.005)
(0.03261687163 0.03770286128 -0.005)
(0.03511439636 0.03765752643 -0.005)
(0.03760947571 0.03760947571 -0.005)
(-0.03655843015 0.03920033563 0.005)
(-0.03395642935 0.03924000362 0.005)
(-0.03135241613 0.03927718649 0.005)
(-0.02874652332 0.03931178233 0.005)
(-0.02613888889 0.0393436963 0.005)
(-0.02352965558 0.03937284095 0.005)
(-0.02091897053 0.03939913637 0.005)
(-0.01830698483 0.0394225105 0.005)
(-0.01569385316 0.03944289927 0.005)
(-0.01307973333 0.0394602468 0.005)
(-0.01046478586 0.03947450553 0.005)
(-0.007849173543 0.0394856364 0.005)
(-0.005233060985 0.03949360888 0.005)
(-0.002616614171 0.03949840112 0.005)
(1.295260195e-19 0.0395 0.005)
(0.002616614171 0.03949840112 0.005)
(0.005233060985 0.03949360888 0.005)
(0.007849173543 0.0394856364 0.005)
(0.01046478586 0.03947450553 0.005)
(0.01307973333 0.0394602468 0.005)
(0.01569385316 0.03944289927 0.005)
(0.01830698483 0.0394225105 0.005)
(0.02091897053 0.03939913637 0.005)
(0.02352965558 0.03937284095 0.005)
(0.02613888889 0.0393436963 0.005)
(0.02874652332 0.03931178233 0.005)
(0.03135241613 0.03927718649 0.005)
(0.03395642935 0.03924000362 0.005)
(0.03655843015 0.03920033563 0.005)
(0.03915829125 0.03915829125 0.005)
(-0.03655843015 0.03920033563 -0.005)
(-0.03395642935 0.03924000362 -0.005)
(-0.03135241613 0.03927718649 -0.005)
(-0.02874652332 0.03931178233 -0.005)
(-0.02613888889 0.0393436963 -0.005)
(-0.02352965558 0.03937284095 -0.005)
(-0.02091897053 0.03939913637 -0.005)
(-0.01830698483 0.0394225105 -0.005)
(-0.01569385316 0.03944289927 -0.005)
(-0.01307973333 0.0394602468 -0.005)
(-0.01046478586 0.03947450553 -0.005)
(-0.007849173543 0.0394856364 -0.005)
(-0.005233060985 0.03949360888 -0.005)
(-0.002616614171 0.03949840112 -0.005)
(1.295260195e-19 0.0395 -0.005)
(0.002616614171 0.03949840112 -0.005)
(0.005233060985 0.03949360888 -0.005)
(0.007849173543 0.0394856364 -0.005)
(0.01046478586 0.03947450553 -0.005)
(0.01307973333 0.0394602468 -0.005)
(0.01569385316 0.03944289927 -0.005)
(0.01830698483 0.0394225105 -0.005)
(0.02091897053 0.03939913637 -0.005)
(0.02352965558 0.03937284095 -0.005)
(0.02613888889 0.0393436963 -0.005)
(0.02874652332 0.03931178233 -0.005)
(0.03135241613 0.03927718649 -0.005)
(0.03395642935 0.03924000362 -0.005)
(0.03655843015 0.03920033563 -0.005)
(0.03915829125 0.03915829125 -0.005)
(-0.03800246394 0.04074314483 0.005)
(-0.03529598706 0.04077714596 0.005)
(-0.03258778525 0.04080901699 0.005)
(-0.02987797237 0.04083867057 0.005)
(-0.02716666667 0.0408660254 0.005)
(-0.0244539905 0.04089100652 0.005)
(-0.02174006998 0.04091354546 0.005)
(-0.01902503462 0.04093358043 0.005)
(-0.01630901699 0.04095105652 0.005)
(-0.01359215238 0.04096592583 0.005)
(-0.01087457836 0.0409781476 0.005)
(-0.008156434465 0.04098768834 0.005)
(-0.005437861797 0.0409945219 0.005)
(-0.002719002623 0.04099862953 0.005)
(1.110223025e-19 0.041 0.005)
(0.002719002623 0.04099862953 0.005)
(0.005437861797 0.0409945219 0.005)
(0.008156434465 0.04098768834 0.005)
(0.01087457836 0.0409781476 0.005)
(0.01359215238 0.04096592583 0.005)
(0.01630901699 0.04095105652 0.005)
(0.01902503462 0.04093358043 0.005)
(0.02174006998 0.04091354546 0.005)
(0.0244539905 0.04089100652 0.005)
(0.02716666667 0.0408660254 0.005)
(0.02987797237 0.04083867057 0.005)
(0.03258778525 0.04080901699 0.005)
(0.03529598706 0.04077714596 0.005)
(0.03800246394 0.04074314483 0.005)
(0.04070710678 0.04070710678 0.005)
(-0.03800246394 0.04074314483 -0.005)
(-0.03529598706 0.04077714596 -0.005)
(-0.03258778525 0.04080901699 -0.005)
(-0.02987797237 0.04083867057 -0.005)
(-0.02716666667 0.0408660254 -0.005)
(-0.0244539905 0.04089100652 -0.005)
(-0.02174006998 0.04091354546 -0.005)
(-0.01902503462 0.04093358043 -0.005)
(-0.01630901699 0.04095105652 -0.005)
(-0.01359215238 0.04096592583 -0.005)
(-0.01087457836 0.0409781476 -0.005)
(-0.008156434465 0.04098768834 -0.005)
(-0.005437861797 0.0409945219 -0.005)
(-0.002719002623 0.04099862953 -0.005)
(1.110223025e-19 0.041 -0.005)
(0.002719002623 0.04099862953 -0.005)
(0.005437861797 0.0409945219 -0.005)
(0.008156434465 0.04098768834 -0.005)
(0.01087457836 0.0409781476 -0.005)
(0.01359215238 0.04096592583 -0.005)
(0.01630901699 0.04095105652 -0.005)
(0.01902503462 0.04093358043 -0.005)
(0.02174006998 0.04091354546 -0.005)
(0.0244539905 0.04089100652 -0.005)
(0.02716666667 0.0408660254 -0.005)
(0.02987797237 0.04083867057 -0.005)
(0.03258778525 0.04080901699 -0.005)
(0.03529598706 0.04077714596 -0.005)
(0.03800246394 0.04074314483 -0.005)
(0.04070710678 0.04070710678 -0.005)
(-0.03944649773 0.04228595402 0.005)
(-0.03663554477 0.0423142883 0.005)
(-0.03382315438 0.0423408475 0.005)
(-0.03100942142 0.04236555881 0.005)
(-0.02819444444 0.0423883545 0.005)
(-0.02537832542 0.0424091721 0.005)
(-0.02256116942 0.04242795455 0.005)
(-0.0197430844 0.04244465036 0.005)
(-0.01692418083 0.04245921376 0.005)
(-0.01410457143 0.04247160486 0.005)
(-0.01128437085 0.04248178967 0.005)
(-0.008463695388 0.04248974028 0.005)
(-0.005642662608 0.04249543491 0.005)
(-0.002821391075 0.04249885795 0.005)
(9.251858539e-20 0.0425 0.005)
(0.002821391075 0.04249885795 0.005)
(0.005642662608 0.04249543491 0.005)
(0.008463695388 0.04248974028 0.005)
(0.01128437085 0.04248178967 0.005)
(0.01410457143 0.04247160486 0.005)
(0.01692418083 0.04245921376 0.005)
(0.0197430844 0.04244465036 0.005)
(0.02256116942 0.04242795455 0.005)
(0.02537832542 0.0424091721 0.005)
(0.02819444444 0.0423883545 0.005)
(0.03100942142 0.04236555881 0.005)
(0.03382315438 0.0423408475 0.005)
(0.03663554477 0.0423142883 0.005)
(0.03944649773 0.04228595402 0.005)
(0.04225592232 0.04225592232 0.005)
(-0.03944649773 0.04228595402 -0.005)
(-0.03663554477 0.0423142883 -0.005)
(-0.03382315438 0.0423408475 -0.005)
(-0.03100942142 0.04236555881 -0.005)
(-0.02819444444 0.0423883545 -0.005)
(-0.02537832542 0.0424091721 -0.005)
(-0.02256116942 0.04242795455 -0.005)
(-0.0197430844 0.04244465036 -0.005)
(-0.01692418083 0.04245921376 -0.005)
(-0.01410457143 0.04247160486 -0.005)
(-0.01128437085 0.04248178967 -0.005)
(-0.008463695388 0.04248974028 -0.005)
(-0.005642662608 0.04249543491 -0.005)
(-0.002821391075 0.04249885795 -0.005)
(9.251858539e-20 0.0425 -0.005)
(0.002821391075 0.04249885795 -0.005)
(0.005642662608 0.04249543491 -0.005)
(0.008463695388 0.04248974028 -0.005)
(0.01128437085 0.04248178967 -0.005)
(0.01410457143 0.04247160486 -0.005)
(0.01692418083 0.04245921376 -0.005)
(0.0197430844 0.04244465036 -0.005)
(0.02256116942 0.04242795455 -0.005)
(0.02537832542 0.0424091721 -0.005)
(0.02819444444 0.0423883545 -0.005)
(0.03100942142 0.04236555881 -0.005)
(0.03382315438 0.0423408475 -0.005)
(0.03663554477 0.0423142883 -0.005)
(0.03944649773 0.04228595402 -0.005)
(0.04225592232 0.04225592232 -0.005)
(-0.04089053152 0.04382876322 0.005)
(-0.03797510248 0.04385143064 0.005)
(-0.0350585235 0.043872678 0.005)
(-0.03214087047 0.04389244705 0.005)
(-0.02922222222 0.0439106836 0.005)
(-0.02630266033 0.04392733768 0.005)
(-0.02338226887 0.04394236364 0.005)
(-0.02046113419 0.04395572028 0.005)
(-0.01753934466 0.04396737101 0.005)
(-0.01461699047 0.04397728388 0.005)
(-0.01169416335 0.04398543173 0.005)
(-0.00877095631 0.04399179223 0.005)
(-0.00584746342 0.04399634793 0.005)
(-0.002923779526 0.04399908636 0.005)
(7.401486831e-20 0.044 0.005)
(0.002923779526 0.04399908636 0.005)
(0.00584746342 0.04399634793 0.005)
(0.00877095631 0.04399179223 0.005)
(0.01169416335 0.04398543173 0.005)
(0.01461699047 0.04397728388 0.005)
(0.01753934466 0.04396737101 0.005)
(0.02046113419 0.04395572028 0.005)
(0.02338226887 0.04394236364 0.005)
(0.02630266033 0.04392733768 0.005)
(0.02922222222 0.0439106836 0.005)
(0.03214087047 0.04389244705 0.005)
(0.0350585235 0.043872678 0.005)
(0.03797510248 0.04385143064 0.005)
(0.04089053152 0.04382876322 0.005)
(0.04380473785 0.04380473785 0.005)
(-0.04089053152 0.04382876322 -0.005)
(-0.03797510248 0.04385143064 -0.005)
(-0.0350585235 0.043872678 -0.005)
(-0.03214087047 0.04389244705 -0.005)
(-0.02922222222 0.0439106836 -0.005)
(-0.02630266033 0.04392733768 -0.005)
(-0.02338226887 0.04394236364 -0.005)
(-0.02046113419 0.04395572028 -0.005)
(-0.01753934466 0.04396737101 -0.005)
(-0.01461699047 0.04397728388 -0.005)
(-0.01169416335 0.04398543173 -0.005)
(-0.00877095631 0.04399179223 -0.005)
(-0.00584746342 0.04399634793 -0.005)
(-0.002923779526 0.04399908636 -0.005)
(7.401486831e-20 0.044 -0.005)
(0.002923779526 0.04399908636 -0.005)
(0.00584746342 0.04399634793 -0.005)
(0.00877095631 0.04399179223 -0.005)
(0.01169416335 0.04398543173 -0.005)
(0.01461699047 0.04397728388 -0.005)
(0.01753934466 0.04396737101 -0.005)
(0.02046113419 0.04395572028 -0.005)
(0.02338226887 0.04394236364 -0.005)
(0.02630266033 0.04392733768 -0.005)
(0.02922222222 0.0439106836 -0.005)
(0.03214087047 0.04389244705 -0.005)
(0.0350585235 0.043872678 -0.005)
(0.03797510248 0.04385143064 -0.005)
(0.04089053152 0.04382876322 -0.005)
(0.04380473785 0.04380473785 -0.005)
(-0.0423345653 0.04537157241 0.005)
(-0.0393146602 0.04538857298 0.005)
(-0.03629389263 0.0454045085 0.005)
(-0.03327231952 0.04541933528 0.005)
(-0.03025 0.0454330127 0.005)
(-0.02722699525 0.04544550326 0.005)
(-0.02420336832 0.04545677273 0.005)
(-0.02117918397 0.04546679021 0.005)
(-0.0181545085 0.04547552826 0.005)
(-0.01512940952 0.04548296291 0.005)
(-0.01210395585 0.0454890738 0.005)
(-0.009078217233 0.04549384417 0.005)
(-0.006052264232 0.04549726095 0.005)
(-0.003026167978 0.04549931477 0.005)
(5.551115123e-20 0.0455 0.005)
(0.003026167978 0.04549931477 0.005)
(0.006052264232 0.04549726095 0.005)
(0.009078217233 0.04549384417 0.005)
(0.01210395585 0.0454890738 0.005)
(0.01512940952 0.04548296291 0.005)
(0.0181545085 0.04547552826 0.005)
(0.02117918397 0.04546679021 0.005)
(0.02420336832 0.04545677273 0.005)
(0.02722699525 0.04544550326 0.005)
(0.03025 0.0454330127 0.005)
(0.03327231952 0.04541933528 0.005)
(0.03629389263 0.0454045085 0.005)
(0.0393146602 0.04538857298 0.005)
(0.0423345653 0.04537157241 0.005)
(0.04535355339 0.04535355339 0.005)
(-0.0423345653 0.04537157241 -0.005)
(-0.0393146602 0.04538857298 -0.005)
(-0.03629389263 0.0454045085 -0.005)
(-0.03327231952 0.04541933528 -0.005)
(-0.03025 0.0454330127 -0.005)
(-0.02722699525 0.04544550326 -0.005)
(-0.02420336832 0.04545677273 -0.005)
(-0.02117918397 0.04546679021 -0.005)
(-0.0181545085 0.04547552826 -0.005)
(-0.01512940952 0.04548296291 -0.005)
(-0.01210395585 0.0454890738 -0.005)
(-0.009078217233 0.04549384417 -0.005)
(-0.006052264232 0.04549726095 -0.005)
(-0.003026167978 0.04549931477 -0.005)
(5.551115123e-20 0.0455 -0.005)
(0.003026167978 0.04549931477 -0.005)
(0.006052264232 0.04549726095 -0.005)
(0.009078217233 0.04549384417 -0.005)
(0.01210395585 0.0454890738 -0.005)
(0.01512940952 0.04548296291 -0.005)
(0.0181545085 0.04547552826 -0.005)
(0.02117918397 0.04546679021 -0.005)
(0.02420336832 0.04545677273 -0.005)
(0.02722699525 0.04544550326 -0.005)
(0.03025 0.0454330127 -0.005)
(0.03327231952 0.04541933528 -0.005)
(0.03629389263 0.0454045085 -0.005)
(0.0393146602 0.04538857298 -0.005)
(0.0423345653 0.04537157241 -0.005)
(0.04535355339 0.04535355339 -0.005)
(-0.04377859909 0.04691438161 0.005)
(-0.04065421791 0.04692571532 0.005)
(-0.03752926175 0.046936339 0.005)
(-0.03440376857 0.04694622352 0.005)
(-0.03127777778 0.0469553418 0.005)
(-0.02815133017 0.04696366884 0.005)
(-0.02502446777 0.04697118182 0.005)
(-0.02189723376 0.04697786014 0.005)
(-0.01876967233 0.04698368551 0.005)
(-0.01564182857 0.04698864194 0.005)
(-0.01251374834 0.04699271587 0.005)
(-0.009385478155 0.04699589611 0.005)
(-0.006257065043 0.04699817397 0.005)
(-0.00312855643 0.04699954318 0.005)
(3.700743415e-20 0.047 0.005)
(0.00312855643 0.04699954318 0.005)
(0.006257065043 0.04699817397 0.005)
(0.009385478155 0.04699589611 0.005)
(0.01251374834 0.04699271587 0.005)
(0.01564182857 0.04698864194 0.005)
(0.01876967233 0.04698368551 0.005)
(0.02189723376 0.04697786014 0.005)
(0.02502446777 0.04697118182 0.005)
(0.02815133017 0.04696366884 0.005)
(0.03127777778 0.0469553418 0.005)
(0.03440376857 0.04694622352 0.005)
(0.03752926175 0.046936339 0.005)
(0.04065421791 0.04692571532 0.005)
(0.04377859909 0.04691438161 0.005)
(0.04690236893 0.04690236893 0.005)
(-0.04377859909 0.04691438161 -0.005)
(-0.04065421791 0.04692571532 -0.005)
(-0.03752926175 0.046936339 -0.005)
(-0.03440376857 0.04694622352 -0.005)
(-0.03127777778 0.0469553418 -0.005)
(-0.02815133017 0.04696366884 -0.005)
(-0.02502446777 0.04697118182 -0.005)
(-0.02189723376 0.04697786014 -0.005)
(-0.01876967233 0.04698368551 -0.005)
(-0.01564182857 0.04698864194 -0.005)
(-0.01251374834 0.04699271587 -0.005)
(-0.009385478155 0.04699589611 -0.005)
(-0.006257065043 0.04699817397 -0.005)
(-0.00312855643 0.04699954318 -0.005)
(3.700743415e-20 0.047 -0.005)
(0.00312855643 0.04699954318 -0.005)
(0.006257065043 0.04699817397 -0.005)
(0.009385478155 0.04699589611 -0.005)
(0.01251374834 0.04699271587 -0.005)
(0.01564182857 0.04698864194 -0.005)
(0.01876967233 0.04698368551 -0.005)
(0.02189723376 0.04697786014 -0.005)
(0.02502446777 0.04697118182 -0.005)
(0.02815133017 0.04696366884 -0.005)
(0.03127777778 0.0469553418 -0.005)
(0.03440376857 0.04694622352 -0.005)
(0.03752926175 0.046936339 -0.005)
(0.04065421791 0.04692571532 -0.005)
(0.04377859909 0.04691438161 -0.005)
(0.04690236893 0.04690236893 -0.005)
(-0.04522263288 0.0484571908 0.005)
(-0.04199377562 0.04846285766 0.005)
(-0.03876463088 0.0484681695 0.005)
(-0.03553521762 0.04847311176 0.005)
(-0.03230555556 0.0484776709 0.005)
(-0.02907566508 0.04848183442 0.005)
(-0.02584556722 0.04848559091 0.005)
(-0.02261528355 0.04848893007 0.005)
(-0.01938483617 0.04849184275 0.005)
(-0.01615424762 0.04849432097 0.005)
(-0.01292354084 0.04849635793 0.005)
(-0.009692739078 0.04849794806 0.005)
(-0.006461865855 0.04849908698 0.005)
(-0.003230944882 0.04849977159 0.005)
(1.850371708e-20 0.0485 0.005)
(0.003230944882 0.04849977159 0.005)
(0.006461865855 0.04849908698 0.005)
(0.009692739078 0.04849794806 0.005)
(0.01292354084 0.04849635793 0.005)
(0.01615424762 0.04849432097 0.005)
(0.01938483617 0.04849184275 0.005)
(0.02261528355 0.04848893007 0.005)
(0.02584556722 0.04848559091 0.005)
(0.02907566508 0.04848183442 0.005)
(0.03230555556 0.0484776709 0.005)
(0.03553521762 0.04847311176 0.005)
(0.03876463088 0.0484681695 0.005)
(0.04199377562 0.04846285766 0.005)
(0.04522263288 0.0484571908 0.005)
(0.04845118446 0.04845118446 0.005)
(-0.04522263288 0.0484571908 -0.005)
(-0.04199377562 0.04846285766 -0.005)
(-0.03876463088 0.0484681695 -0.005)
(-0.03553521762 0.04847311176 -0.005)
(-0.03230555556 0.0484776709 -0.005)
(-0.02907566508 0.04848183442 -0.005)
(-0.02584556722 0.04848559091 -0.005)
(-0.02261528355 0.04848893007 -0.005)
(-0.01938483617 0.04849184275 -0.005)
(-0.01615424762 0.04849432097 -0.005)
(-0.01292354084 0.04849635793 -0.005)
(-0.009692739078 0.04849794806 -0.005)
(-0.006461865855 0.04849908698 -0.005)
(-0.003230944882 0.04849977159 -0.005)
(1.850371708e-20 0.0485 -0.005)
(0.003230944882 0.04849977159 -0.005)
(0.006461865855 0.04849908698 -0.005)
(0.009692739078 0.04849794806 -0.005)
(0.01292354084 0.04849635793 -0.005)
(0.01615424762 0.04849432097 -0.005)
(0.01938483617 0.04849184275 -0.005)
(0.02261528355 0.04848893007 -0.005)
(0.02584556722 0.04848559091 -0.005)
(0.02907566508 0.04848183442 -0.005)
(0.03230555556 0.0484776709 -0.005)
(0.03553521762 0.04847311176 -0.005)
(0.03876463088 0.0484681695 -0.005)
(0.04199377562 0.04846285766 -0.005)
(0.04522263288 0.0484571908 -0.005)
(0.04845118446 0.04845118446 -0.005)
(-0.04666666667 0.05 0.005)
(-0.04333333333 0.05 0.005)
(-0.04 0.05 0.005)
(-0.03666666667 0.05 0.005)
(-0.03333333333 0.05 0.005)
(-0.03 0.05 0.005)
(-0.02666666667 0.05 0.005)
(-0.02333333333 0.05 0.005)
(-0.02 0.05 0.005)
(-0.01666666667 0.05 0.005)
(-0.01333333333 0.05 0.005)
(-0.01 0.05 0.005)
(-0.006666666667 0.05 0.005)
(-0.003333333333 0.05 0.005)
(0 0.05 0.005)
(0.003333333333 0.05 0.005)
(0.006666666667 0.05 0.005)
(0.01 0.05 0.005)
(0.01333333333 0.05 0.005)
(0.01666666667 0.05 0.005)
(0.02 0.05 0.005)
(0.02333333333 0.05 0.005)
(0.02666666667 0.05 0.005)
(0.03 0.05 0.005)
(0.03333333333 0.05 0.005)
(0.03666666667 0.05 0.005)
(0.04 0.05 0.005)
(0.04333333333 0.05 0.005)
(0.04666666667 0.05 0.005)
(0.05 0.05 0.005)
(-0.04666666667 0.05 -0.005)
(-0.04333333333 0.05 -0.005)
(-0.04 0.05 -0.005)
(-0.03666666667 0.05 -0.005)
(-0.03333333333 0.05 -0.005)
(-0.03 0.05 -0.005)
(-0.02666666667 0.05 -0.005)
(-0.02333333333 0.05 -0.005)
(-0.02 0.05 -0.005)
(-0.01666666667 0.05 -0.005)
(-0.01333333333 0.05 -0.005)
(-0.01 0.05 -0.005)
(-0.006666666667 0.05 -0.005)
(-0.003333333333 0.05 -0.005)
(0 0.05 -0.005)
(0.003333333333 0.05 -0.005)
(0.006666666667 0.05 -0.005)
(0.01 0.05 -0.005)
(0.01333333333 0.05 -0.005)
(0.01666666667 0.05 -0.005)
(0.02 0.05 -0.005)
(0.02333333333 0.05 -0.005)
(0.02666666667 0.05 -0.005)
(0.03 0.05 -0.005)
(0.03333333333 0.05 -0.005)
(0.03666666667 0.05 -0.005)
(0.04 0.05 -0.005)
(0.04333333333 0.05 -0.005)
(0.04666666667 0.05 -0.005)
(0.05 0.05 -0.005)
(0.003715724131 -0.003345653035 0.005)
(0.005258533327 -0.004789686823 0.005)
(0.006801342522 -0.006233720611 0.005)
(0.008344151718 -0.007677754398 0.005)
(0.009886960914 -0.009121788186 0.005)
(0.01142977011 -0.01056582197 0.005)
(0.0129725793 -0.01200985576 0.005)
(0.0145153885 -0.01345388955 0.005)
(0.0160581977 -0.01489792334 0.005)
(0.01760100689 -0.01634195712 0.005)
(0.01914381609 -0.01778599091 0.005)
(0.02068662528 -0.0192300247 0.005)
(0.02222943448 -0.02067405849 0.005)
(0.02377224367 -0.02211809228 0.005)
(0.02531505287 -0.02356212606 0.005)
(0.02685786207 -0.02500615985 0.005)
(0.02840067126 -0.02645019364 0.005)
(0.02994348046 -0.02789422743 0.005)
(0.03148628965 -0.02933826121 0.005)
(0.03302909885 -0.030782295 0.005)
(0.03457190804 -0.03222632879 0.005)
(0.03611471724 -0.03367036258 0.005)
(0.03765752643 -0.03511439636 0.005)
(0.03920033563 -0.03655843015 0.005)
(0.04074314483 -0.03800246394 0.005)
(0.04228595402 -0.03944649773 0.005)
(0.04382876322 -0.04089053152 0.005)
(0.04537157241 -0.0423345653 0.005)
(0.04691438161 -0.04377859909 0.005)
(0.0484571908 -0.04522263288 0.005)
(0.05 -0.04666666667 0.005)
(0.003715724131 -0.003345653035 -0.005)
(0.005258533327 -0.004789686823 -0.005)
(0.006801342522 -0.006233720611 -0.005)
(0.008344151718 -0.007677754398 -0.005)
(0.009886960914 -0.009121788186 -0.005)
(0.01142977011 -0.01056582197 -0.005)
(0.0129725793 -0.01200985576 -0.005)
(0.0145153885 -0.01345388955 -0.005)
(0.0160581977 -0.01489792334 -0.005)
(0.01760100689 -0.01634195712 -0.005)
(0.01914381609 -0.01778599091 -0.005)
(0.02068662528 -0.0192300247 -0.005)
(0.02222943448 -0.02067405849 -0.005)
(0.02377224367 -0.02211809228 -0.005)
(0.02531505287 -0.02356212606 -0.005)
(0.02685786207 -0.02500615985 -0.005)
(0.02840067126 -0.02645019364 -0.005)
(0.02994348046 -0.02789422743 -0.005)
(0.03148628965 -0.02933826121 -0.005)
(0.03302909885 -0.030782295 -0.005)
(0.03457190804 -0.03222632879 -0.005)
(0.03611471724 -0.03367036258 -0.005)
(0.03765752643 -0.03511439636 -0.005)
(0.03920033563 -0.03655843015 -0.005)
(0.04074314483 -0.03800246394 -0.005)
(0.04228595402 -0.03944649773 -0.005)
(0.04382876322 -0.04089053152 -0.005)
(0.04537157241 -0.0423345653 -0.005)
(0.04691438161 -0.04377859909 -0.005)
(0.0484571908 -0.04522263288 -0.005)
(0.05 -0.04666666667 -0.005)
(0.00388572981 -0.003146601958 0.005)
(0.00542287215 -0.004486159671 0.005)
(0.00696001449 -0.005825717383 0.005)
(0.008497156829 -0.007165275096 0.005)
(0.01003429917 -0.008504832808 0.005)
(0.01157144151 -0.009844390521 0.005)
(0.01310858385 -0.01118394823 0.005)
(0.01464572619 -0.01252350595 0.005)
(0.01618286853 -0.01386306366 0.005)
(0.01772001087 -0.01520262137 0.005)
(0.01925715321 -0.01654217908 0.005)
(0.02079429555 -0.0178817368 0.005)
(0.02233143789 -0.01922129451 0.005)
(0.02386858023 -0.02056085222 0.005)
(0.02540572257 -0.02190040993 0.005)
(0.02694286491 -0.02323996765 0.005)
(0.02848000724 -0.02457952536 0.005)
(0.03001714958 -0.02591908307 0.005)
(0.03155429192 -0.02725864078 0.005)
(0.03309143426 -0.0285981985 0.005)
(0.0346285766 -0.02993775621 0.005)
(0.03616571894 -0.03127731392 0.005)
(0.03770286128 -0.03261687163 0.005)
(0.03924000362 -0.03395642935 0.005)
(0.04077714596 -0.03529598706 0.005)
(0.0423142883 -0.03663554477 0.005)
(0.04385143064 -0.03797510248 0.005)
(0.04538857298 -0.0393146602 0.005)
(0.04692571532 -0.04065421791 0.005)
(0.04846285766 -0.04199377562 0.005)
(0.05 -0.04333333333 0.005)
(0.00388572981 -0.003146601958 -0.005)
(0.00542287215 -0.004486159671 -0.005)
(0.00696001449 -0.005825717383 -0.005)
(0.008497156829 -0.007165275096 -0.005)
(0.01003429917 -0.008504832808 -0.005)
(0.01157144151 -0.009844390521 -0.005)
(0.01310858385 -0.01118394823 -0.005)
(0.01464572619 -0.01252350595 -0.005)
(0.01618286853 -0.01386306366 -0.005)
(0.01772001087 -0.01520262137 -0.005)
(0.01925715321 -0.01654217908 -0.005)
(0.02079429555 -0.0178817368 -0.005)
(0.02233143789 -0.01922129451 -0.005)
(0.02386858023 -0.02056085222 -0.005)
(0.02540572257 -0.02190040993 -0.005)
(0.02694286491 -0.02323996765 -0.005)
(0.02848000724 -0.02457952536 -0.005)
(0.03001714958 -0.02591908307 -0.005)
(0.03155429192 -0.02725864078 -0.005)
(0.03309143426 -0.0285981985 -0.005)
(0.0346285766 -0.02993775621 -0.005)
(0.03616571894 -0.03127731392 -0.005)
(0.03770286128 -0.03261687163 -0.005)
(0.03924000362 -0.03395642935 -0.005)
(0.04077714596 -0.03529598706 -0.005)
(0.0423142883 -0.03663554477 -0.005)
(0.04385143064 -0.03797510248 -0.005)
(0.04538857298 -0.0393146602 -0.005)
(0.04692571532 -0.04065421791 -0.005)
(0.04846285766 -0.04199377562 -0.005)
(0.05 -0.04333333333 -0.005)
(0.004045084975 -0.002938926264 0.005)
(0.005576915475 -0.004174295389 0.005)
(0.007108745976 -0.005409664513 0.005)
(0.008640576477 -0.006645033638 0.005)
(0.01017240698 -0.007880402762 0.005)
(0.01170423748 -0.009115771887 0.005)
(0.01323606798 -0.01035114101 0.005)
(0.01476789848 -0.01158651014 0.005)
(0.01629972898 -0.01282187926 0.005)
(0.01783155948 -0.01405724838 0.005)
(0.01936338998 -0.01529261751 0.005)
(0.02089522048 -0.01652798663 0.005)
(0.02242705098 -0.01776335576 0.005)
(0.02395888149 -0.01899872488 0.005)
(0.02549071199 -0.02023409401 0.005)
(0.02702254249 -0.02146946313 0.005)
(0.02855437299 -0.02270483226 0.005)
(0.03008620349 -0.02394020138 0.005)
(0.03161803399 -0.02517557051 0.005)
(0.03314986449 -0.02641093963 0.005)
(0.03468169499 -0.02764630875 0.005)
(0.03621352549 -0.02888167788 0.005)
(0.03774535599 -0.030117047 0.005)
(0.03927718649 -0.03135241613 0.005)
(0.04080901699 -0.03258778525 0.005)
(0.0423408475 -0.03382315438 0.005)
(0.043872678 -0.0350585235 0.005)
(0.0454045085 -0.03629389263 0.005)
(0.046936339 -0.03752926175 0.005)
(0.0484681695 -0.03876463088 0.005)
(0.05 -0.04 0.005)
(0.004045084975 -0.002938926264 -0.005)
(0.005576915475 -0.004174295389 -0.005)
(0.007108745976 -0.005409664513 -0.005)
(0.008640576477 -0.006645033638 -0.005)
(0.01017240698 -0.007880402762 -0.005)
(0.01170423748 -0.009115771887 -0.005)
(0.01323606798 -0.01035114101 -0.005)
(0.01476789848 -0.01158651014 -0.005)
(0.01629972898 -0.01282187926 -0.005)
(0.01783155948 -0.01405724838 -0.005)
(0.01936338998 -0.01529261751 -0.005)
(0.02089522048 -0.01652798663 -0.005)
(0.02242705098 -0.01776335576 -0.005)
(0.02395888149 -0.01899872488 -0.005)
(0.02549071199 -0.02023409401 -0.005)
(0.02702254249 -0.02146946313 -0.005)
(0.02855437299 -0.02270483226 -0.005)
(0.03008620349 -0.02394020138 -0.005)
(0.03161803399 -0.02517557051 -0.005)
(0.03314986449 -0.02641093963 -0.005)
(0.03468169499 -0.02764630875 -0.005)
(0.03621352549 -0.02888167788 -0.005)
(0.03774535599 -0.030117047 -0.005)
(0.03927718649 -0.03135241613 -0.005)
(0.04080901699 -0.03258778525 -0.005)
(0.0423408475 -0.03382315438 -0.005)
(0.043872678 -0.0350585235 -0.005)
(0.0454045085 -0.03629389263 -0.005)
(0.046936339 -0.03752926175 -0.005)
(0.0484681695 -0.03876463088 -0.005)
(0.05 -0.04 -0.005)
(0.004193352842 -0.002723195177 0.005)
(0.005720241081 -0.003854644227 0.005)
(0.007247129319 -0.004986093277 0.005)
(0.008774017558 -0.006117542326 0.005)
(0.0103009058 -0.007248991376 0.005)
(0.01182779404 -0.008380440425 0.005)
(0.01335468227 -0.009511889475 0.005)
(0.01488157051 -0.01064333852 0.005)
(0.01640845875 -0.01177478757 0.005)
(0.01793534699 -0.01290623662 0.005)
(0.01946223523 -0.01403768567 0.005)
(0.02098912347 -0.01516913472 0.005)
(0.02251601171 -0.01630058377 0.005)
(0.02404289994 -0.01743203282 0.005)
(0.02556978818 -0.01856348187 0.005)
(0.02709667642 -0.01969493092 0.005)
(0.02862356466 -0.02082637997 0.005)
(0.0301504529 -0.02195782902 0.005)
(0.03167734114 -0.02308927807 0.005)
(0.03320422938 -0.02422072712 0.005)
(0.03473111761 -0.02535217617 0.005)
(0.03625800585 -0.02648362522 0.005)
(0.03778489409 -0.02761507427 0.005)
(0.03931178233 -0.02874652332 0.005)
(0.04083867057 -0.02987797237 0.005)
(0.04236555881 -0.03100942142 0.005)
(0.04389244705 -0.03214087047 0.005)
(0.04541933528 -0.03327231952 0.005)
(0.04694622352 -0.03440376857 0.005)
(0.04847311176 -0.03553521762 0.005)
(0.05 -0.03666666667 0.005)
(0.004193352842 -0.002723195177 -0.005)
(0.005720241081 -0.003854644227 -0.005)
(0.007247129319 -0.004986093277 -0.005)
(0.008774017558 -0.006117542326 -0.005)
(0.0103009058 -0.007248991376 -0.005)
(0.01182779404 -0.008380440425 -0.005)
(0.01335468227 -0.009511889475 -0.005)
(0.01488157051 -0.01064333852 -0.005)
(0.01640845875 -0.01177478757 -0.005)
(0.01793534699 -0.01290623662 -0.005)
(0.01946223523 -0.01403768567 -0.005)
(0.02098912347 -0.01516913472 -0.005)
(0.02251601171 -0.01630058377 -0.005)
(0.02404289994 -0.01743203282 -0.005)
(0.02556978818 -0.01856348187 -0.005)
(0.02709667642 -0.01969493092 -0.005)
(0.02862356466 -0.02082637997 -0.005)
(0.0301504529 -0.02195782902 -0.005)
(0.03167734114 -0.02308927807 -0.005)
(0.03320422938 -0.02422072712 -0.005)
(0.03473111761 -0.02535217617 -0.005)
(0.03625800585 -0.02648362522 -0.005)
(0.03778489409 -0.02761507427 -0.005)
(0.03931178233 -0.02874652332 -0.005)
(0.04083867057 -0.02987797237 -0.005)
(0.04236555881 -0.03100942142 -0.005)
(0.04389244705 -0.03214087047 -0.005)
(0.04541933528 -0.03327231952 -0.005)
(0.04694622352 -0.03440376857 -0.005)
(0.04847311176 -0.03553521762 -0.005)
(0.05 -0.03666666667 -0.005)
(0.004330127021 -0.002500000002 0.005)
(0.00585245612 -0.00352777778 0.005)
(0.00737478522 -0.004555555557 0.005)
(0.008897114319 -0.005583333335 0.005)
(0.01041944342 -0.006611111113 0.005)
(0.01194177252 -0.00763888889 0.005)
(0.01346410162 -0.008666666668 0.005)
(0.01498643072 -0.009694444446 0.005)
(0.01650875982 -0.01072222222 0.005)
(0.01803108891 -0.01175 0.005)
(0.01955341801 -0.01277777778 0.005)
(0.02107574711 -0.01380555556 0.005)
(0.02259807621 -0.01483333333 0.005)
(0.02412040531 -0.01586111111 0.005)
(0.02564273441 -0.01688888889 0.005)
(0.02716506351 -0.01791666667 0.005)
(0.02868739261 -0.01894444445 0.005)
(0.03020972171 -0.01997222222 0.005)
(0.03173205081 -0.021 0.005)
(0.03325437991 -0.02202777778 0.005)
(0.03477670901 -0.02305555556 0.005)
(0.03629903811 -0.02408333333 0.005)
(0.03782136721 -0.02511111111 0.005)
(0.0393436963 -0.02613888889 0.005)
(0.0408660254 -0.02716666667 0.005)
(0.0423883545 -0.02819444444 0.005)
(0.0439106836 -0.02922222222 0.005)
(0.0454330127 -0.03025 0.005)
(0.0469553418 -0.03127777778 0.005)
(0.0484776709 -0.03230555556 0.005)
(0.05 -0.03333333333 0.005)
(0.004330127021 -0.002500000002 -0.005)
(0.00585245612 -0.00352777778 -0.005)
(0.00737478522 -0.004555555557 -0.005)
(0.008897114319 -0.005583333335 -0.005)
(0.01041944342 -0.006611111113 -0.005)
(0.01194177252 -0.00763888889 -0.005)
(0.01346410162 -0.008666666668 -0.005)
(0.01498643072 -0.009694444446 -0.005)
(0.01650875982 -0.01072222222 -0.005)
(0.01803108891 -0.01175 -0.005)
(0.01955341801 -0.01277777778 -0.005)
(0.02107574711 -0.01380555556 -0.005)
(0.02259807621 -0.01483333333 -0.005)
(0.02412040531 -0.01586111111 -0.005)
(0.02564273441 -0.01688888889 -0.005)
(0.02716506351 -0.01791666667 -0.005)
(0.02868739261 -0.01894444445 -0.005)
(0.03020972171 -0.01997222222 -0.005)
(0.03173205081 -0.021 -0.005)
(0.03325437991 -0.02202777778 -0.005)
(0.03477670901 -0.02305555556 -0.005)
(0.03629903811 -0.02408333333 -0.005)
(0.03782136721 -0.02511111111 -0.005)
(0.0393436963 -0.02613888889 -0.005)
(0.0408660254 -0.02716666667 -0.005)
(0.0423883545 -0.02819444444 -0.005)
(0.0439106836 -0.02922222222 -0.005)
(0.0454330127 -0.03025 -0.005)
(0.0469553418 -0.03127777778 -0.005)
(0.0484776709 -0.03230555556 -0.005)
(0.05 -0.03333333333 -0.005)
(0.004455032623 -0.0022699525 0.005)
(0.005973198202 -0.003194287417 0.005)
(0.007491363781 -0.004118622334 0.005)
(0.00900952936 -0.00504295725 0.005)
(0.01052769494 -0.005967292167 0.005)
(0.01204586052 -0.006891627083 0.005)
(0.0135640261 -0.007815962 0.005)
(0.01508219168 -0.008740296917 0.005)
(0.01660035726 -0.009664631833 0.005)
(0.01811852284 -0.01058896675 0.005)
(0.01963668842 -0.01151330167 0.005)
(0.02115485399 -0.01243763658 0.005)
(0.02267301957 -0.0133619715 0.005)
(0.02419118515 -0.01428630642 0.005)
(0.02570935073 -0.01521064133 0.005)
(0.02722751631 -0.01613497625 0.005)
(0.02874568189 -0.01705931117 0.005)
(0.03026384747 -0.01798364608 0.005)
(0.03178201305 -0.018907981 0.005)
(0.03330017863 -0.01983231592 0.005)
(0.03481834421 -0.02075665083 0.005)
(0.03633650979 -0.02168098575 0.005)
(0.03785467537 -0.02260532067 0.005)
(0.03937284095 -0.02352965558 0.005)
(0.04089100652 -0.0244539905 0.005)
(0.0424091721 -0.02537832542 0.005)
(0.04392733768 -0.02630266033 0.005)
(0.04544550326 -0.02722699525 0.005)
(0.04696366884 -0.02815133017 0.005)
(0.04848183442 -0.02907566508 0.005)
(0.05 -0.03 0.005)
(0.004455032623 -0.0022699525 -0.005)
(0.005973198202 -0.003194287417 -0.005)
(0.007491363781 -0.004118622334 -0.005)
(0.00900952936 -0.00504295725 -0.005)
(0.01052769494 -0.005967292167 -0.005)
(0.01204586052 -0.006891627083 -0.005)
(0.0135640261 -0.007815962 -0.005)
(0.01508219168 -0.008740296917 -0.005)
(0.01660035726 -0.009664631833 -0.005)
(0.01811852284 -0.01058896675 -0.005)
(0.01963668842 -0.01151330167 -0.005)
(0.02115485399 -0.01243763658 -0.005)
(0.02267301957 -0.0133619715 -0.005)
(0.02419118515 -0.01428630642 -0.005)
(0.02570935073 -0.01521064133 -0.005)
(0.02722751631 -0.01613497625 -0.005)
(0.02874568189 -0.01705931117 -0.005)
(0.03026384747 -0.01798364608 -0.005)
(0.03178201305 -0.018907981 -0.005)
(0.03330017863 -0.01983231592 -0.005)
(0.03481834421 -0.02075665083 -0.005)
(0.03633650979 -0.02168098575 -0.005)
(0.03785467537 -0.02260532067 -0.005)
(0.03937284095 -0.02352965558 -0.005)
(0.04089100652 -0.0244539905 -0.005)
(0.0424091721 -0.02537832542 -0.005)
(0.04392733768 -0.02630266033 -0.005)
(0.04544550326 -0.02722699525 -0.005)
(0.04696366884 -0.02815133017 -0.005)
(0.04848183442 -0.02907566508 -0.005)
(0.05 -0.03 -0.005)
(0.00456772729 -0.002033683217 0.005)
(0.00608213638 -0.002854782665 0.005)
(0.00759654547 -0.003675882113 0.005)
(0.009110954561 -0.004496981562 0.005)
(0.01062536365 -0.00531808101 0.005)
(0.01213977274 -0.006139180458 0.005)
(0.01365418183 -0.006960279907 0.005)
(0.01516859092 -0.007781379355 0.005)
(0.01668300001 -0.008602478803 0.005)
(0.0181974091 -0.009423578252 0.005)
(0.01971181819 -0.0102446777 0.005)
(0.02122622728 -0.01106577715 0.005)
(0.02274063637 -0.0118868766 0.005)
(0.02425504546 -0.01270797604 0.005)
(0.02576945455 -0.01352907549 0.005)
(0.02728386364 -0.01435017494 0.005)
(0.02879827274 -0.01517127439 0.005)
(0.03031268183 -0.01599237384 0.005)
(0.03182709092 -0.01681347329 0.005)
(0.03334150001 -0.01763457273 0.005)
(0.0348559091 -0.01845567218 0.005)
(0.03637031819 -0.01927677163 0.005)
(0.03788472728 -0.02009787108 0.005)
(0.03939913637 -0.02091897053 0.005)
(0.04091354546 -0.02174006998 0.005)
(0.04242795455 -0.02256116942 0.005)
(0.04394236364 -0.02338226887 0.005)
(0.04545677273 -0.02420336832 0.005)
(0.04697118182 -0.02502446777 0.005)
(0.04848559091 -0.02584556722 0.005)
(0.05 -0.02666666667 0.005)
(0.00456772729 -0.002033683217 -0.005)
(0.00608213638 -0.002854782665 -0.005)
(0.00759654547 -0.003675882113 -0.005)
(0.009110954561 -0.004496981562 -0.005)
(0.01062536365 -0.00531808101 -0.005)
(0.01213977274 -0.006139180458 -0.005)
(0.01365418183 -0.006960279907 -0.005)
(0.01516859092 -0.007781379355 -0.005)
(0.01668300001 -0.008602478803 -0.005)
(0.0181974091 -0.009423578252 -0.005)
(0.01971181819 -0.0102446777 -0.005)
(0.02122622728 -0.01106577715 -0.005)
(0.02274063637 -0.0118868766 -0.005)
(0.02425504546 -0.01270797604 -0.005)
(0.02576945455 -0.01352907549 -0.005)
(0.02728386364 -0.01435017494 -0.005)
(0.02879827274 -0.01517127439 -0.005)
(0.03031268183 -0.01599237384 -0.005)
(0.03182709092 -0.01681347329 -0.005)
(0.03334150001 -0.01763457273 -0.005)
(0.0348559091 -0.01845567218 -0.005)
(0.03637031819 -0.01927677163 -0.005)
(0.03788472728 -0.02009787108 -0.005)
(0.03939913637 -0.02091897053 -0.005)
(0.04091354546 -0.02174006998 -0.005)
(0.04242795455 -0.02256116942 -0.005)
(0.04394236364 -0.02338226887 -0.005)
(0.04545677273 -0.02420336832 -0.005)
(0.04697118182 -0.02502446777 -0.005)
(0.04848559091 -0.02584556722 -0.005)
(0.05 -0.02666666667 -0.005)
(0.004667902134 -0.001791839749 0.005)
(0.006178972062 -0.002509889535 0.005)
(0.007690041991 -0.003227939321 0.005)
(0.00920111192 -0.003945989107 0.005)
(0.01071218185 -0.004664038893 0.005)
(0.01222325178 -0.005382088679 0.005)
(0.01373432171 -0.006100138466 0.005)
(0.01524539164 -0.006818188252 0.005)
(0.01675646156 -0.007536238038 0.005)
(0.01826753149 -0.008254287824 0.005)
(0.01977860142 -0.00897233761 0.005)
(0.02128967135 -0.009690387396 0.005)
(0.02280074128 -0.01040843718 0.005)
(0.02431181121 -0.01112648697 0.005)
(0.02582288114 -0.01184453675 0.005)
(0.02733395107 -0.01256258654 0.005)
(0.028845021 -0.01328063633 0.005)
(0.03035609092 -0.01399868611 0.005)
(0.03186716085 -0.0147167359 0.005)
(0.03337823078 -0.01543478569 0.005)
(0.03488930071 -0.01615283547 0.005)
(0.03640037064 -0.01687088526 0.005)
(0.03791144057 -0.01758893504 0.005)
(0.0394225105 -0.01830698483 0.005)
(0.04093358043 -0.01902503462 0.005)
(0.04244465036 -0.0197430844 0.005)
(0.04395572028 -0.02046113419 0.005)
(0.04546679021 -0.02117918397 0.005)
(0.04697786014 -0.02189723376 0.005)
(0.04848893007 -0.02261528355 0.005)
(0.05 -0.02333333333 0.005)
(0.004667902134 -0.001791839749 -0.005)
(0.006178972062 -0.002509889535 -0.005)
(0.007690041991 -0.003227939321 -0.005)
(0.00920111192 -0.003945989107 -0.005)
(0.01071218185 -0.004664038893 -0.005)
(0.01222325178 -0.005382088679 -0.005)
(0.01373432171 -0.006100138466 -0.005)
(0.01524539164 -0.006818188252 -0.005)
(0.01675646156 -0.007536238038 -0.005)
(0.01826753149 -0.008254287824 -0.005)
(0.01977860142 -0.00897233761 -0.005)
(0.02128967135 -0.009690387396 -0.005)
(0.02280074128 -0.01040843718 -0.005)
(0.02431181121 -0.01112648697 -0.005)
(0.02582288114 -0.01184453675 -0.005)
(0.02733395107 -0.01256258654 -0.005)
(0.028845021 -0.01328063633 -0.005)
(0.03035609092 -0.01399868611 -0.005)
(0.03186716085 -0.0147167359 -0.005)
(0.03337823078 -0.01543478569 -0.005)
(0.03488930071 -0.01615283547 -0.005)
(0.03640037064 -0.01687088526 -0.005)
(0.03791144057 -0.01758893504 -0.005)
(0.0394225105 -0.01830698483 -0.005)
(0.04093358043 -0.01902503462 -0.005)
(0.04244465036 -0.0197430844 -0.005)
(0.04395572028 -0.02046113419 -0.005)
(0.04546679021 -0.02117918397 -0.005)
(0.04697786014 -0.02189723376 -0.005)
(0.04848893007 -0.02261528355 -0.005)
(0.05 -0.02333333333 -0.005)
(0.004755282582 -0.001545084973 0.005)
(0.006263439829 -0.002160248807 0.005)
(0.007771597077 -0.002775412641 0.005)
(0.009279754324 -0.003390576475 0.005)
(0.01078791157 -0.00400574031 0.005)
(0.01229606882 -0.004620904144 0.005)
(0.01380422607 -0.005236067978 0.005)
(0.01531238331 -0.005851231812 0.005)
(0.01682054056 -0.006466395647 0.005)
(0.01832869781 -0.007081559481 0.005)
(0.01983685505 -0.007696723315 0.005)
(0.0213450123 -0.008311887149 0.005)
(0.02285316955 -0.008927050984 0.005)
(0.0243613268 -0.009542214818 0.005)
(0.02586948404 -0.01015737865 0.005)
(0.02737764129 -0.01077254249 0.005)
(0.02888579854 -0.01138770632 0.005)
(0.03039395579 -0.01200287015 0.005)
(0.03190211303 -0.01261803399 0.005)
(0.03341027028 -0.01323319782 0.005)
(0.03491842753 -0.01384836166 0.005)
(0.03642658477 -0.01446352549 0.005)
(0.03793474202 -0.01507868933 0.005)
(0.03944289927 -0.01569385316 0.005)
(0.04095105652 -0.01630901699 0.005)
(0.04245921376 -0.01692418083 0.005)
(0.04396737101 -0.01753934466 0.005)
(0.04547552826 -0.0181545085 0.005)
(0.04698368551 -0.01876967233 0.005)
(0.04849184275 -0.01938483617 0.005)
(0.05 -0.02 0.005)
(0.004755282582 -0.001545084973 -0.005)
(0.006263439829 -0.002160248807 -0.005)
(0.007771597077 -0.002775412641 -0.005)
(0.009279754324 -0.003390576475 -0.005)
(0.01078791157 -0.00400574031 -0.005)
(0.01229606882 -0.004620904144 -0.005)
(0.01380422607 -0.005236067978 -0.005)
(0.01531238331 -0.005851231812 -0.005)
(0.01682054056 -0.006466395647 -0.005)
(0.01832869781 -0.007081559481 -0.005)
(0.01983685505 -0.007696723315 -0.005)
(0.0213450123 -0.008311887149 -0.005)
(0.02285316955 -0.008927050984 -0.005)
(0.0243613268 -0.009542214818 -0.005)
(0.02586948404 -0.01015737865 -0.005)
(0.02737764129 -0.01077254249 -0.005)
(0.02888579854 -0.01138770632 -0.005)
(0.03039395579 -0.01200287015 -0.005)
(0.03190211303 -0.01261803399 -0.005)
(0.03341027028 -0.01323319782 -0.005)
(0.03491842753 -0.01384836166 -0.005)
(0.03642658477 -0.01446352549 -0.005)
(0.03793474202 -0.01507868933 -0.005)
(0.03944289927 -0.01569385316 -0.005)
(0.04095105652 -0.01630901699 -0.005)
(0.04245921376 -0.01692418083 -0.005)
(0.04396737101 -0.01753934466 -0.005)
(0.04547552826 -0.0181545085 -0.005)
(0.04698368551 -0.01876967233 -0.005)
(0.04849184275 -0.01938483617 -0.005)
(0.05 -0.02 -0.005)
(0.004829629132 -0.001294095226 0.005)
(0.006335308161 -0.001806514274 0.005)
(0.00784098719 -0.002318933322 0.005)
(0.009346666219 -0.00283135237 0.005)
(0.01085234525 -0.003343771418 0.005)
(0.01235802428 -0.003856190466 0.005)
(0.01386370331 -0.004368609514 0.005)
(0.01536938233 -0.004881028562 0.005)
(0.01687506136 -0.00539344761 0.005)
(0.01838074039 -0.005905866658 0.005)
(0.01988641942 -0.006418285706 0.005)
(0.02139209845 -0.006930704754 0.005)
(0.02289777748 -0.007443123802 0.005)
(0.02440345651 -0.00795554285 0.005)
(0.02590913554 -0.008467961898 0.005)
(0.02741481457 -0.008980380946 0.005)
(0.02892049359 -0.009492799994 0.005)
(0.03042617262 -0.01000521904 0.005)
(0.03193185165 -0.01051763809 0.005)
(0.03343753068 -0.01103005714 0.005)
(0.03494320971 -0.01154247619 0.005)
(0.03644888874 -0.01205489523 0.005)
(0.03795456777 -0.01256731428 0.005)
(0.0394602468 -0.01307973333 0.005)
(0.04096592583 -0.01359215238 0.005)
(0.04247160486 -0.01410457143 0.005)
(0.04397728388 -0.01461699047 0.005)
(0.04548296291 -0.01512940952 0.005)
(0.04698864194 -0.01564182857 0.005)
(0.04849432097 -0.01615424762 0.005)
(0.05 -0.01666666667 0.005)
(0.004829629132 -0.001294095226 -0.005)
(0.006335308161 -0.001806514274 -0.005)
(0.00784098719 -0.002318933322 -0.005)
(0.009346666219 -0.00283135237 -0.005)
(0.01085234525 -0.003343771418 -0.005)
(0.01235802428 -0.003856190466 -0.005)
(0.01386370331 -0.004368609514 -0.005)
(0.01536938233 -0.004881028562 -0.005)
(0.01687506136 -0.00539344761 -0.005)
(0.01838074039 -0.005905866658 -0.005)
(0.01988641942 -0.006418285706 -0.005)
(0.02139209845 -0.006930704754 -0.005)
(0.02289777748 -0.007443123802 -0.005)
(0.02440345651 -0.00795554285 -0.005)
(0.02590913554 -0.008467961898 -0.005)
(0.02741481457 -0.008980380946 -0.005)
(0.02892049359 -0.009492799994 -0.005)
(0.03042617262 -0.01000521904 -0.005)
(0.03193185165 -0.01051763809 -0.005)
(0.03343753068 -0.01103005714 -0.005)
(0.03494320971 -0.01154247619 -0.005)
(0.03644888874 -0.01205489523 -0.005)
(0.03795456777 -0.01256731428 -0.005)
(0.0394602468 -0.01307973333 -0.005)
(0.04096592583 -0.01359215238 -0.005)
(0.04247160486 -0.01410457143 -0.005)
(0.04397728388 -0.01461699047 -0.005)
(0.04548296291 -0.01512940952 -0.005)
(0.04698864194 -0.01564182857 -0.005)
(0.04849432097 -0.01615424762 -0.005)
(0.05 -0.01666666667 -0.005)
(0.004890738004 -0.001039558455 0.005)
(0.006394380071 -0.001449350951 0.005)
(0.007898022137 -0.001859143446 0.005)
(0.009401664204 -0.002268935942 0.005)
(0.01090530627 -0.002678728438 0.005)
(0.01240894834 -0.003088520934 0.005)
(0.0139125904 -0.00349831343 0.005)
(0.01541623247 -0.003908105926 0.005)
(0.01691987454 -0.004317898422 0.005)
(0.0184235166 -0.004727690918 0.005)
(0.01992715867 -0.005137483414 0.005)
(0.02143080074 -0.00554727591 0.005)
(0.0229344428 -0.005957068406 0.005)
(0.02443808487 -0.006366860902 0.005)
(0.02594172694 -0.006776653398 0.005)
(0.027445369 -0.007186445894 0.005)
(0.02894901107 -0.00759623839 0.005)
(0.03045265314 -0.008006030886 0.005)
(0.0319562952 -0.008415823382 0.005)
(0.03345993727 -0.008825615878 0.005)
(0.03496357933 -0.009235408374 0.005)
(0.0364672214 -0.00964520087 0.005)
(0.03797086347 -0.01005499337 0.005)
(0.03947450553 -0.01046478586 0.005)
(0.0409781476 -0.01087457836 0.005)
(0.04248178967 -0.01128437085 0.005)
(0.04398543173 -0.01169416335 0.005)
(0.0454890738 -0.01210395585 0.005)
(0.04699271587 -0.01251374834 0.005)
(0.04849635793 -0.01292354084 0.005)
(0.05 -0.01333333333 0.005)
(0.004890738004 -0.001039558455 -0.005)
(0.006394380071 -0.001449350951 -0.005)
(0.007898022137 -0.001859143446 -0.005)
(0.009401664204 -0.002268935942 -0.005)
(0.01090530627 -0.002678728438 -0.005)
(0.01240894834 -0.003088520934 -0.005)
(0.0139125904 -0.00349831343 -0.005)
(0.01541623247 -0.003908105926 -0.005)
(0.01691987454 -0.004317898422 -0.005)
(0.0184235166 -0.004727690918 -0.005)
(0.01992715867 -0.005137483414 -0.005)
(0.02143080074 -0.00554727591 -0.005)
(0.0229344428 -0.005957068406 -0.005)
(0.02443808487 -0.006366860902 -0.005)
(0.02594172694 -0.006776653398 -0.005)
(0.027445369 -0.007186445894 -0.005)
(0.02894901107 -0.00759623839 -0.005)
(0.03045265314 -0.008006030886 -0.005)
(0.0319562952 -0.008415823382 -0.005)
(0.03345993727 -0.008825615878 -0.005)
(0.03496357933 -0.009235408374 -0.005)
(0.0364672214 -0.00964520087 -0.005)
(0.03797086347 -0.01005499337 -0.005)
(0.03947450553 -0.01046478586 -0.005)
(0.0409781476 -0.01087457836 -0.005)
(0.04248178967 -0.01128437085 -0.005)
(0.04398543173 -0.01169416335 -0.005)
(0.0454890738 -0.01210395585 -0.005)
(0.04699271587 -0.01251374834 -0.005)
(0.04849635793 -0.01292354084 -0.005)
(0.05 -0.01333333333 -0.005)
(0.004938441703 -0.0007821723255 0.005)
(0.006440493646 -0.001089433248 0.005)
(0.00794254559 -0.00139669417 0.005)
(0.009444597533 -0.001703955093 0.005)
(0.01094664948 -0.002011216015 0.005)
(0.01244870142 -0.002318476938 0.005)
(0.01395075336 -0.00262573786 0.005)
(0.01545280531 -0.002932998783 0.005)
(0.01695485725 -0.003240259705 0.005)
(0.01845690919 -0.003547520628 0.005)
(0.01995896114 -0.00385478155 0.005)
(0.02146101308 -0.004162042473 0.005)
(0.02296306502 -0.004469303395 0.005)
(0.02446511697 -0.004776564318 0.005)
(0.02596716891 -0.00508382524 0.005)
(0.02746922085 -0.005391086163 0.005)
(0.02897127279 -0.005698347085 0.005)
(0.03047332474 -0.006005608008 0.005)
(0.03197537668 -0.00631286893 0.005)
(0.03347742862 -0.006620129853 0.005)
(0.03497948057 -0.006927390775 0.005)
(0.03648153251 -0.007234651698 0.005)
(0.03798358445 -0.00754191262 0.005)
(0.0394856364 -0.007849173543 0.005)
(0.04098768834 -0.008156434465 0.005)
(0.04248974028 -0.008463695388 0.005)
(0.04399179223 -0.00877095631 0.005)
(0.04549384417 -0.009078217233 0.005)
(0.04699589611 -0.009385478155 0.005)
(0.04849794806 -0.009692739078 0.005)
(0.05 -0.01 0.005)
(0.004938441703 -0.0007821723255 -0.005)
(0.006440493646 -0.001089433248 -0.005)
(0.00794254559 -0.00139669417 -0.005)
(0.009444597533 -0.001703955093 -0.005)
(0.01094664948 -0.002011216015 -0.005)
(0.01244870142 -0.002318476938 -0.005)
(0.01395075336 -0.00262573786 -0.005)
(0.01545280531 -0.002932998783 -0.005)
(0.01695485725 -0.003240259705 -0.005)
(0.01845690919 -0.003547520628 -0.005)
(0.01995896114 -0.00385478155 -0.005)
(0.02146101308 -0.004162042473 -0.005)
(0.02296306502 -0.004469303395 -0.005)
(0.02446511697 -0.004776564318 -0.005)
(0.02596716891 -0.00508382524 -0.005)
(0.02746922085 -0.005391086163 -0.005)
(0.02897127279 -0.005698347085 -0.005)
(0.03047332474 -0.006005608008 -0.005)
(0.03197537668 -0.00631286893 -0.005)
(0.03347742862 -0.006620129853 -0.005)
(0.03497948057 -0.006927390775 -0.005)
(0.03648153251 -0.007234651698 -0.005)
(0.03798358445 -0.00754191262 -0.005)
(0.0394856364 -0.007849173543 -0.005)
(0.04098768834 -0.008156434465 -0.005)
(0.04248974028 -0.008463695388 -0.005)
(0.04399179223 -0.00877095631 -0.005)
(0.04549384417 -0.009078217233 -0.005)
(0.04699589611 -0.009385478155 -0.005)
(0.04849794806 -0.009692739078 -0.005)
(0.05 -0.01 -0.005)
(0.004972609477 -0.0005226423165 0.005)
(0.006473522494 -0.0007274431282 0.005)
(0.007974435512 -0.0009322439399 0.005)
(0.009475348529 -0.001137044752 0.005)
(0.01097626155 -0.001341845563 0.005)
(0.01247717456 -0.001546646375 0.005)
(0.01397808758 -0.001751447187 0.005)
(0.0154790006 -0.001956247998 0.005)
(0.01697991362 -0.00216104881 0.005)
(0.01848082663 -0.002365849622 0.005)
(0.01998173965 -0.002570650433 0.005)
(0.02148265267 -0.002775451245 0.005)
(0.02298356569 -0.002980252057 0.005)
(0.0244844787 -0.003185052868 0.005)
(0.02598539172 -0.00338985368 0.005)
(0.02748630474 -0.003594654492 0.005)
(0.02898721776 -0.003799455303 0.005)
(0.03048813077 -0.004004256115 0.005)
(0.03198904379 -0.004209056927 0.005)
(0.03348995681 -0.004413857738 0.005)
(0.03499086983 -0.00461865855 0.005)
(0.03649178284 -0.004823459362 0.005)
(0.03799269586 -0.005028260173 0.005)
(0.03949360888 -0.005233060985 0.005)
(0.0409945219 -0.005437861797 0.005)
(0.04249543491 -0.005642662608 0.005)
(0.04399634793 -0.00584746342 0.005)
(0.04549726095 -0.006052264232 0.005)
(0.04699817397 -0.006257065043 0.005)
(0.04849908698 -0.006461865855 0.005)
(0.05 -0.006666666667 0.005)
(0.004972609477 -0.0005226423165 -0.005)
(0.006473522494 -0.0007274431282 -0.005)
(0.007974435512 -0.0009322439399 -0.005)
(0.009475348529 -0.001137044752 -0.005)
(0.01097626155 -0.001341845563 -0.005)
(0.01247717456 -0.001546646375 -0.005)
(0.01397808758 -0.001751447187 -0.005)
(0.0154790006 -0.001956247998 -0.005)
(0.01697991362 -0.00216104881 -0.005)
(0.01848082663 -0.002365849622 -0.005)
(0.01998173965 -0.002570650433 -0.005)
(0.02148265267 -0.002775451245 -0.005)
(0.02298356569 -0.002980252057 -0.005)
(0.0244844787 -0.003185052868 -0.005)
(0.02598539172 -0.00338985368 -0.005)
(0.02748630474 -0.003594654492 -0.005)
(0.02898721776 -0.003799455303 -0.005)
(0.03048813077 -0.004004256115 -0.005)
(0.03198904379 -0.004209056927 -0.005)
(0.03348995681 -0.004413857738 -0.005)
(0.03499086983 -0.00461865855 -0.005)
(0.03649178284 -0.004823459362 -0.005)
(0.03799269586 -0.005028260173 -0.005)
(0.03949360888 -0.005233060985 -0.005)
(0.0409945219 -0.005437861797 -0.005)
(0.04249543491 -0.005642662608 -0.005)
(0.04399634793 -0.00584746342 -0.005)
(0.04549726095 -0.006052264232 -0.005)
(0.04699817397 -0.006257065043 -0.005)
(0.04849908698 -0.006461865855 -0.005)
(0.05 -0.006666666667 -0.005)
(0.004993147674 -0.0002616797813 0.005)
(0.006493376085 -0.0003640682331 0.005)
(0.007993604496 -0.0004664566848 0.005)
(0.009493832906 -0.0005688451365 0.005)
(0.01099406132 -0.0006712335883 0.005)
(0.01249428973 -0.00077362204 0.005)
(0.01399451814 -0.0008760104917 0.005)
(0.01549474655 -0.0009783989435 0.005)
(0.01699497496 -0.001080787395 0.005)
(0.01849520337 -0.001183175847 0.005)
(0.01999543178 -0.001285564299 0.005)
(0.02149566019 -0.00138795275 0.005)
(0.0229958886 -0.001490341202 0.005)
(0.02449611702 -0.001592729654 0.005)
(0.02599634543 -0.001695118106 0.005)
(0.02749657384 -0.001797506557 0.005)
(0.02899680225 -0.001899895009 0.005)
(0.03049703066 -0.002002283461 0.005)
(0.03199725907 -0.002104671913 0.005)
(0.03349748748 -0.002207060364 0.005)
(0.03499771589 -0.002309448816 0.005)
(0.0364979443 -0.002411837268 0.005)
(0.03799817271 -0.002514225719 0.005)
(0.03949840112 -0.002616614171 0.005)
(0.04099862953 -0.002719002623 0.005)
(0.04249885795 -0.002821391075 0.005)
(0.04399908636 -0.002923779526 0.005)
(0.04549931477 -0.003026167978 0.005)
(0.04699954318 -0.00312855643 0.005)
(0.04849977159 -0.003230944882 0.005)
(0.05 -0.003333333333 0.005)
(0.004993147674 -0.0002616797813 -0.005)
(0.006493376085 -0.0003640682331 -0.005)
(0.007993604496 -0.0004664566848 -0.005)
(0.009493832906 -0.0005688451365 -0.005)
(0.01099406132 -0.0006712335883 -0.005)
(0.01249428973 -0.00077362204 -0.005)
(0.01399451814 -0.0008760104917 -0.005)
(0.01549474655 -0.0009783989435 -0.005)
(0.01699497496 -0.001080787395 -0.005)
(0.01849520337 -0.001183175847 -0.005)
(0.01999543178 -0.001285564299 -0.005)
(0.02149566019 -0.00138795275 -0.005)
(0.0229958886 -0.001490341202 -0.005)
(0.02449611702 -0.001592729654 -0.005)
(0.02599634543 -0.001695118106 -0.005)
(0.02749657384 -0.001797506557 -0.005)
(0.02899680225 -0.001899895009 -0.005)
(0.03049703066 -0.002002283461 -0.005)
(0.03199725907 -0.002104671913 -0.005)
(0.03349748748 -0.002207060364 -0.005)
(0.03499771589 -0.002309448816 -0.005)
(0.0364979443 -0.002411837268 -0.005)
(0.03799817271 -0.002514225719 -0.005)
(0.03949840112 -0.002616614171 -0.005)
(0.04099862953 -0.002719002623 -0.005)
(0.04249885795 -0.002821391075 -0.005)
(0.04399908636 -0.002923779526 -0.005)
(0.04549931477 -0.003026167978 -0.005)
(0.04699954318 -0.00312855643 -0.005)
(0.04849977159 -0.003230944882 -0.005)
(0.05 -0.003333333333 -0.005)
(0.005 -5.551115123e-19 0.005)
(0.0065 -5.366077952e-19 0.005)
(0.008 -4.255854928e-19 0.005)
(0.0095 -5.921189465e-19 0.005)
(0.011 -4.81096644e-19 0.005)
(0.0125 -2.775557562e-19 0.005)
(0.014 -3.515706245e-19 0.005)
(0.0155 -4.255854928e-19 0.005)
(0.017 -4.070817757e-19 0.005)
(0.0185 -5.273559367e-19 0.005)
(0.02 -5.088522196e-19 0.005)
(0.0215 -6.291263806e-19 0.005)
(0.023 -6.568819562e-19 0.005)
(0.0245 -3.145631903e-19 0.005)
(0.026 -1.850371708e-20 0.005)
(0.0275 -4.163336342e-19 0.005)
(0.029 -7.401486831e-20 0.005)
(0.0305 -5.181040782e-19 0.005)
(0.032 -1.757853122e-19 0.005)
(0.0335 1.665334537e-19 0.005)
(0.035 -2.544261098e-19 0.005)
(0.0365 6.476300977e-20 0.005)
(0.038 -3.330669074e-19 0.005)
(0.0395 -8.326672685e-20 0.005)
(0.041 -4.81096644e-19 0.005)
(0.0425 -1.619075244e-19 0.005)
(0.044 1.688464183e-19 0.005)
(0.0455 4.996003611e-19 0.005)
(0.047 -6.557254739e-19 0.005)
(0.0485 -3.27862737e-19 0.005)
(0.05 0 0.005)
(0.005 -5.551115123e-19 -0.005)
(0.0065 -5.366077952e-19 -0.005)
(0.008 -4.255854928e-19 -0.005)
(0.0095 -5.921189465e-19 -0.005)
(0.011 -4.81096644e-19 -0.005)
(0.0125 -2.775557562e-19 -0.005)
(0.014 -3.515706245e-19 -0.005)
(0.0155 -4.255854928e-19 -0.005)
(0.017 -4.070817757e-19 -0.005)
(0.0185 -5.273559367e-19 -0.005)
(0.02 -5.088522196e-19 -0.005)
(0.0215 -6.291263806e-19 -0.005)
(0.023 -6.568819562e-19 -0.005)
(0.0245 -3.145631903e-19 -0.005)
(0.026 -1.850371708e-20 -0.005)
(0.0275 -4.163336342e-19 -0.005)
(0.029 -7.401486831e-20 -0.005)
(0.0305 -5.181040782e-19 -0.005)
(0.032 -1.757853122e-19 -0.005)
(0.0335 1.665334537e-19 -0.005)
(0.035 -2.544261098e-19 -0.005)
(0.0365 6.476300977e-20 -0.005)
(0.038 -3.330669074e-19 -0.005)
(0.0395 -8.326672685e-20 -0.005)
(0.041 -4.81096644e-19 -0.005)
(0.0425 -1.619075244e-19 -0.005)
(0.044 1.688464183e-19 -0.005)
(0.0455 4.996003611e-19 -0.005)
(0.047 -6.557254739e-19 -0.005)
(0.0485 -3.27862737e-19 -0.005)
(0.05 0 -0.005)
(0.004993147674 0.0002616797813 0.005)
(0.006493376085 0.0003640682331 0.005)
(0.007993604496 0.0004664566848 0.005)
(0.009493832906 0.0005688451365 0.005)
(0.01099406132 0.0006712335883 0.005)
(0.01249428973 0.00077362204 0.005)
(0.01399451814 0.0008760104917 0.005)
(0.01549474655 0.0009783989435 0.005)
(0.01699497496 0.001080787395 0.005)
(0.01849520337 0.001183175847 0.005)
(0.01999543178 0.001285564299 0.005)
(0.02149566019 0.00138795275 0.005)
(0.0229958886 0.001490341202 0.005)
(0.02449611702 0.001592729654 0.005)
(0.02599634543 0.001695118106 0.005)
(0.02749657384 0.001797506557 0.005)
(0.02899680225 0.001899895009 0.005)
(0.03049703066 0.002002283461 0.005)
(0.03199725907 0.002104671913 0.005)
(0.03349748748 0.002207060364 0.005)
(0.03499771589 0.002309448816 0.005)
(0.0364979443 0.002411837268 0.005)
(0.03799817271 0.002514225719 0.005)
(0.03949840112 0.002616614171 0.005)
(0.04099862953 0.002719002623 0.005)
(0.04249885795 0.002821391075 0.005)
(0.04399908636 0.002923779526 0.005)
(0.04549931477 0.003026167978 0.005)
(0.04699954318 0.00312855643 0.005)
(0.04849977159 0.003230944882 0.005)
(0.05 0.003333333333 0.005)
(0.004993147674 0.0002616797813 -0.005)
(0.006493376085 0.0003640682331 -0.005)
(0.007993604496 0.0004664566848 -0.005)
(0.009493832906 0.0005688451365 -0.005)
(0.01099406132 0.0006712335883 -0.005)
(0.01249428973 0.00077362204 -0.005)
(0.01399451814 0.0008760104917 -0.005)
(0.01549474655 0.0009783989435 -0.005)
(0.01699497496 0.001080787395 -0.005)
(0.01849520337 0.001183175847 -0.005)
(0.01999543178 0.001285564299 -0.005)
(0.02149566019 0.00138795275 -0.005)
(0.0229958886 0.001490341202 -0.005)
(0.02449611702 0.001592729654 -0.005)
(0.02599634543 0.001695118106 -0.005)
(0.02749657384 0.001797506557 -0.005)
(0.02899680225 0.001899895009 -0.005)
(0.03049703066 0.002002283461 -0.005)
(0.03199725907 0.002104671913 -0.005)
(0.03349748748 0.002207060364 -0.005)
(0.03499771589 0.002309448816 -0.005)
(0.0364979443 0.002411837268 -0.005)
(0.03799817271 0.002514225719 -0.005)
(0.03949840112 0.002616614171 -0.005)
(0.04099862953 0.002719002623 -0.005)
(0.04249885795 0.002821391075 -0.005)
(0.04399908636 0.002923779526 -0.005)
(0.04549931477 0.003026167978 -0.005)
(0.04699954318 0.00312855643 -0.005)
(0.04849977159 0.003230944882 -0.005)
(0.05 0.003333333333 -0.005)
(0.004972609477 0.0005226423165 0.005)
(0.006473522494 0.0007274431282 0.005)
(0.007974435512 0.0009322439399 0.005)
(0.009475348529 0.001137044752 0.005)
(0.01097626155 0.001341845563 0.005)
(0.01247717456 0.001546646375 0.005)
(0.01397808758 0.001751447187 0.005)
(0.0154790006 0.001956247998 0.005)
(0.01697991362 0.00216104881 0.005)
(0.01848082663 0.002365849622 0.005)
(0.01998173965 0.002570650433 0.005)
(0.02148265267 0.002775451245 0.005)
(0.02298356569 0.002980252057 0.005)
(0.0244844787 0.003185052868 0.005)
(0.02598539172 0.00338985368 0.005)
(0.02748630474 0.003594654492 0.005)
(0.02898721776 0.003799455303 0.005)
(0.03048813077 0.004004256115 0.005)
(0.03198904379 0.004209056927 0.005)
(0.03348995681 0.004413857738 0.005)
(0.03499086983 0.00461865855 0.005)
(0.03649178284 0.004823459362 0.005)
(0.03799269586 0.005028260173 0.005)
(0.03949360888 0.005233060985 0.005)
(0.0409945219 0.005437861797 0.005)
(0.04249543491 0.005642662608 0.005)
(0.04399634793 0.00584746342 0.005)
(0.04549726095 0.006052264232 0.005)
(0.04699817397 0.006257065043 0.005)
(0.04849908698 0.006461865855 0.005)
(0.05 0.006666666667 0.005)
(0.004972609477 0.0005226423165 -0.005)
(0.006473522494 0.0007274431282 -0.005)
(0.007974435512 0.0009322439399 -0.005)
(0.009475348529 0.001137044752 -0.005)
(0.01097626155 0.001341845563 -0.005)
(0.01247717456 0.001546646375 -0.005)
(0.01397808758 0.001751447187 -0.005)
(0.0154790006 0.001956247998 -0.005)
(0.01697991362 0.00216104881 -0.005)
(0.01848082663 0.002365849622 -0.005)
(0.01998173965 0.002570650433 -0.005)
(0.02148265267 0.002775451245 -0.005)
(0.02298356569 0.002980252057 -0.005)
(0.0244844787 0.003185052868 -0.005)
(0.02598539172 0.00338985368 -0.005)
(0.02748630474 0.003594654492 -0.005)
(0.02898721776 0.003799455303 -0.005)
(0.03048813077 0.004004256115 -0.005)
(0.03198904379 0.004209056927 -0.005)
(0.03348995681 0.004413857738 -0.005)
(0.03499086983 0.00461865855 -0.005)
(0.03649178284 0.004823459362 -0.005)
(0.03799269586 0.005028260173 -0.005)
(0.03949360888 0.005233060985 -0.005)
(0.0409945219 0.005437861797 -0.005)
(0.04249543491 0.005642662608 -0.005)
(0.04399634793 0.00584746342 -0.005)
(0.04549726095 0.006052264232 -0.005)
(0.04699817397 0.006257065043 -0.005)
(0.04849908698 0.006461865855 -0.005)
(0.05 0.006666666667 -0.005)
(0.004938441703 0.0007821723255 0.005)
(0.006440493646 0.001089433248 0.005)
(0.00794254559 0.00139669417 0.005)
(0.009444597533 0.001703955093 0.005)
(0.01094664948 0.002011216015 0.005)
(0.01244870142 0.002318476938 0.005)
(0.01395075336 0.00262573786 0.005)
(0.01545280531 0.002932998783 0.005)
(0.01695485725 0.003240259705 0.005)
(0.01845690919 0.003547520628 0.005)
(0.01995896114 0.00385478155 0.005)
(0.02146101308 0.004162042473 0.005)
(0.02296306502 0.004469303395 0.005)
(0.02446511697 0.004776564318 0.005)
(0.02596716891 0.00508382524 0.005)
(0.02746922085 0.005391086163 0.005)
(0.02897127279 0.005698347085 0.005)
(0.03047332474 0.006005608008 0.005)
(0.03197537668 0.00631286893 0.005)
(0.03347742862 0.006620129853 0.005)
(0.03497948057 0.006927390775 0.005)
(0.03648153251 0.007234651698 0.005)
(0.03798358445 0.00754191262 0.005)
(0.0394856364 0.007849173543 0.005)
(0.04098768834 0.008156434465 0.005)
(0.04248974028 0.008463695388 0.005)
(0.04399179223 0.00877095631 0.005)
(0.04549384417 0.009078217233 0.005)
(0.04699589611 0.009385478155 0.005)
(0.04849794806 0.009692739078 0.005)
(0.05 0.01 0.005)
(0.004938441703 0.0007821723255 -0.005)
(0.006440493646 0.001089433248 -0.005)
(0.00794254559 0.00139669417 -0.005)
(0.009444597533 0.001703955093 -0.005)
(0.01094664948 0.002011216015 -0.005)
(0.01244870142 0.002318476938 -0.005)
(0.01395075336 0.00262573786 -0.005)
(0.01545280531 0.002932998783 -0.005)
(0.01695485725 0.003240259705 -0.005)
(0.01845690919 0.003547520628 -0.005)
(0.01995896114 0.00385478155 -0.005)
(0.02146101308 0.004162042473 -0.005)
(0.02296306502 0.004469303395 -0.005)
(0.02446511697 0.004776564318 -0.005)
(0.02596716891 0.00508382524 -0.005)
(0.02746922085 0.005391086163 -0.005)
(0.02897127279 0.005698347085 -0.005)
(0.03047332474 0.006005608008 -0.005)
(0.03197537668 0.00631286893 -0.005)
(0.03347742862 0.006620129853 -0.005)
(0.03497948057 0.006927390775 -0.005)
(0.03648153251 0.007234651698 -0.005)
(0.03798358445 0.00754191262 -0.005)
(0.0394856364 0.007849173543 -0.005)
(0.04098768834 0.008156434465 -0.005)
(0.04248974028 0.008463695388 -0.005)
(0.04399179223 0.00877095631 -0.005)
(0.04549384417 0.009078217233 -0.005)
(0.04699589611 0.009385478155 -0.005)
(0.04849794806 0.009692739078 -0.005)
(0.05 0.01 -0.005)
(0.004890738004 0.001039558455 0.005)
(0.006394380071 0.001449350951 0.005)
(0.007898022137 0.001859143446 0.005)
(0.009401664204 0.002268935942 0.005)
(0.01090530627 0.002678728438 0.005)
(0.01240894834 0.003088520934 0.005)
(0.0139125904 0.00349831343 0.005)
(0.01541623247 0.003908105926 0.005)
(0.01691987454 0.004317898422 0.005)
(0.0184235166 0.004727690918 0.005)
(0.01992715867 0.005137483414 0.005)
(0.02143080074 0.00554727591 0.005)
(0.0229344428 0.005957068406 0.005)
(0.02443808487 0.006366860902 0.005)
(0.02594172694 0.006776653398 0.005)
(0.027445369 0.007186445894 0.005)
(0.02894901107 0.00759623839 0.005)
(0.03045265314 0.008006030886 0.005)
(0.0319562952 0.008415823382 0.005)
(0.03345993727 0.008825615878 0.005)
(0.03496357933 0.009235408374 0.005)
(0.0364672214 0.00964520087 0.005)
(0.03797086347 0.01005499337 0.005)
(0.03947450553 0.01046478586 0.005)
(0.0409781476 0.01087457836 0.005)
(0.04248178967 0.01128437085 0.005)
(0.04398543173 0.01169416335 0.005)
(0.0454890738 0.01210395585 0.005)
(0.04699271587 0.01251374834 0.005)
(0.04849635793 0.01292354084 0.005)
(0.05 0.01333333333 0.005)
(0.004890738004 0.001039558455 -0.005)
(0.006394380071 0.001449350951 -0.005)
(0.007898022137 0.001859143446 -0.005)
(0.009401664204 0.002268935942 -0.005)
(0.01090530627 0.002678728438 -0.005)
(0.01240894834 0.003088520934 -0.005)
(0.0139125904 0.00349831343 -0.005)
(0.01541623247 0.003908105926 -0.005)
(0.01691987454 0.004317898422 -0.005)
(0.0184235166 0.004727690918 -0.005)
(0.01992715867 0.005137483414 -0.005)
(0.02143080074 0.00554727591 -0.005)
(0.0229344428 0.005957068406 -0.005)
(0.02443808487 0.006366860902 -0.005)
(0.02594172694 0.006776653398 -0.005)
(0.027445369 0.007186445894 -0.005)
(0.02894901107 0.00759623839 -0.005)
(0.03045265314 0.008006030886 -0.005)
(0.0319562952 0.008415823382 -0.005)
(0.03345993727 0.008825615878 -0.005)
(0.03496357933 0.009235408374 -0.005)
(0.0364672214 0.00964520087 -0.005)
(0.03797086347 0.01005499337 -0.005)
(0.03947450553 0.01046478586 -0.005)
(0.0409781476 0.01087457836 -0.005)
(0.04248178967 0.01128437085 -0.005)
(0.04398543173 0.01169416335 -0.005)
(0.0454890738 0.01210395585 -0.005)
(0.04699271587 0.01251374834 -0.005)
(0.04849635793 0.01292354084 -0.005)
(0.05 0.01333333333 -0.005)
(0.004829629132 0.001294095226 0.005)
(0.006335308161 0.001806514274 0.005)
(0.00784098719 0.002318933322 0.005)
(0.009346666219 0.00283135237 0.005)
(0.01085234525 0.003343771418 0.005)
(0.01235802428 0.003856190466 0.005)
(0.01386370331 0.004368609514 0.005)
(0.01536938233 0.004881028562 0.005)
(0.01687506136 0.00539344761 0.005)
(0.01838074039 0.005905866658 0.005)
(0.01988641942 0.006418285706 0.005)
(0.02139209845 0.006930704754 0.005)
(0.02289777748 0.007443123802 0.005)
(0.02440345651 0.00795554285 0.005)
(0.02590913554 0.008467961898 0.005)
(0.02741481457 0.008980380946 0.005)
(0.02892049359 0.009492799994 0.005)
(0.03042617262 0.01000521904 0.005)
(0.03193185165 0.01051763809 0.005)
(0.03343753068 0.01103005714 0.005)
(0.03494320971 0.01154247619 0.005)
(0.03644888874 0.01205489523 0.005)
(0.03795456777 0.01256731428 0.005)
(0.0394602468 0.01307973333 0.005)
(0.04096592583 0.01359215238 0.005)
(0.04247160486 0.01410457143 0.005)
(0.04397728388 0.01461699047 0.005)
(0.04548296291 0.01512940952 0.005)
(0.04698864194 0.01564182857 0.005)
(0.04849432097 0.01615424762 0.005)
(0.05 0.01666666667 0.005)
(0.004829629132 0.001294095226 -0.005)
(0.006335308161 0.001806514274 -0.005)
(0.00784098719 0.002318933322 -0.005)
(0.009346666219 0.00283135237 -0.005)
(0.01085234525 0.003343771418 -0.005)
(0.01235802428 0.003856190466 -0.005)
(0.01386370331 0.004368609514 -0.005)
(0.01536938233 0.004881028562 -0.005)
(0.01687506136 0.00539344761 -0.005)
(0.01838074039 0.005905866658 -0.005)
(0.01988641942 0.006418285706 -0.005)
(0.02139209845 0.006930704754 -0.005)
(0.02289777748 0.007443123802 -0.005)
(0.02440345651 0.00795554285 -0.005)
(0.02590913554 0.008467961898 -0.005)
(0.02741481457 0.008980380946 -0.005)
(0.02892049359 0.009492799994 -0.005)
(0.03042617262 0.01000521904 -0.005)
(0.03193185165 0.01051763809 -0.005)
(0.03343753068 0.01103005714 -0.005)
(0.03494320971 0.01154247619 -0.005)
(0.03644888874 0.01205489523 -0.005)
(0.03795456777 0.01256731428 -0.005)
(0.0394602468 0.01307973333 -0.005)
(0.04096592583 0.01359215238 -0.005)
(0.04247160486 0.01410457143 -0.005)
(0.04397728388 0.01461699047 -0.005)
(0.04548296291 0.01512940952 -0.005)
(0.04698864194 0.01564182857 -0.005)
(0.04849432097 0.01615424762 -0.005)
(0.05 0.01666666667 -0.005)
(0.004755282582 0.001545084973 0.005)
(0.006263439829 0.002160248807 0.005)
(0.007771597077 0.002775412641 0.005)
(0.009279754324 0.003390576475 0.005)
(0.01078791157 0.00400574031 0.005)
(0.01229606882 0.004620904144 0.005)
(0.01380422607 0.005236067978 0.005)
(0.01531238331 0.005851231812 0.005)
(0.01682054056 0.006466395647 0.005)
(0.01832869781 0.007081559481 0.005)
(0.01983685505 0.007696723315 0.005)
(0.0213450123 0.008311887149 0.005)
(0.02285316955 0.008927050984 0.005)
(0.0243613268 0.009542214818 0.005)
(0.02586948404 0.01015737865 0.005)
(0.02737764129 0.01077254249 0.005)
(0.02888579854 0.01138770632 0.005)
(0.03039395579 0.01200287015 0.005)
(0.03190211303 0.01261803399 0.005)
(0.03341027028 0.01323319782 0.005)
(0.03491842753 0.01384836166 0.005)
(0.03642658477 0.01446352549 0.005)
(0.03793474202 0.01507868933 0.005)
(0.03944289927 0.01569385316 0.005)
(0.04095105652 0.01630901699 0.005)
(0.04245921376 0.01692418083 0.005)
(0.04396737101 0.01753934466 0.005)
(0.04547552826 0.0181545085 0.005)
(0.04698368551 0.01876967233 0.005)
(0.04849184275 0.01938483617 0.005)
(0.05 0.02 0.005)
(0.004755282582 0.001545084973 -0.005)
(0.006263439829 0.002160248807 -0.005)
(0.007771597077 0.002775412641 -0.005)
(0.009279754324 0.003390576475 -0.005)
(0.01078791157 0.00400574031 -0.005)
(0.01229606882 0.004620904144 -0.005)
(0.01380422607 0.005236067978 -0.005)
(0.01531238331 0.005851231812 -0.005)
(0.01682054056 0.006466395647 -0.005)
(0.01832869781 0.007081559481 -0.005)
(0.01983685505 0.007696723315 -0.005)
(0.0213450123 0.008311887149 -0.005)
(0.02285316955 0.008927050984 -0.005)
(0.0243613268 0.009542214818 -0.005)
(0.02586948404 0.01015737865 -0.005)
(0.02737764129 0.01077254249 -0.005)
(0.02888579854 0.01138770632 -0.005)
(0.03039395579 0.01200287015 -0.005)
(0.03190211303 0.01261803399 -0.005)
(0.03341027028 0.01323319782 -0.005)
(0.03491842753 0.01384836166 -0.005)
(0.03642658477 0.01446352549 -0.005)
(0.03793474202 0.01507868933 -0.005)
(0.03944289927 0.01569385316 -0.005)
(0.04095105652 0.01630901699 -0.005)
(0.04245921376 0.01692418083 -0.005)
(0.04396737101 0.01753934466 -0.005)
(0.04547552826 0.0181545085 -0.005)
(0.04698368551 0.01876967233 -0.005)
(0.04849184275 0.01938483617 -0.005)
(0.05 0.02 -0.005)
(0.004667902134 0.001791839749 0.005)
(0.006178972062 0.002509889535 0.005)
(0.007690041991 0.003227939321 0.005)
(0.00920111192 0.003945989107 0.005)
(0.01071218185 0.004664038893 0.005)
(0.01222325178 0.005382088679 0.005)
(0.01373432171 0.006100138466 0.005)
(0.01524539164 0.006818188252 0.005)
(0.01675646156 0.007536238038 0.005)
(0.01826753149 0.008254287824 0.005)
(0.01977860142 0.00897233761 0.005)
(0.02128967135 0.009690387396 0.005)
(0.02280074128 0.01040843718 0.005)
(0.02431181121 0.01112648697 0.005)
(0.02582288114 0.01184453675 0.005)
(0.02733395107 0.01256258654 0.005)
(0.028845021 0.01328063633 0.005)
(0.03035609092 0.01399868611 0.005)
(0.03186716085 0.0147167359 0.005)
(0.03337823078 0.01543478569 0.005)
(0.03488930071 0.01615283547 0.005)
(0.03640037064 0.01687088526 0.005)
(0.03791144057 0.01758893504 0.005)
(0.0394225105 0.01830698483 0.005)
(0.04093358043 0.01902503462 0.005)
(0.04244465036 0.0197430844 0.005)
(0.04395572028 0.02046113419 0.005)
(0.04546679021 0.02117918397 0.005)
(0.04697786014 0.02189723376 0.005)
(0.04848893007 0.02261528355 0.005)
(0.05 0.02333333333 0.005)
(0.004667902134 0.001791839749 -0.005)
(0.006178972062 0.002509889535 -0.005)
(0.007690041991 0.003227939321 -0.005)
(0.00920111192 0.003945989107 -0.005)
(0.01071218185 0.004664038893 -0.005)
(0.01222325178 0.005382088679 -0.005)
(0.01373432171 0.006100138466 -0.005)
(0.01524539164 0.006818188252 -0.005)
(0.01675646156 0.007536238038 -0.005)
(0.01826753149 0.008254287824 -0.005)
(0.01977860142 0.00897233761 -0.005)
(0.02128967135 0.009690387396 -0.005)
(0.02280074128 0.01040843718 -0.005)
(0.02431181121 0.01112648697 -0.005)
(0.02582288114 0.01184453675 -0.005)
(0.02733395107 0.01256258654 -0.005)
(0.028845021 0.01328063633 -0.005)
(0.03035609092 0.01399868611 -0.005)
(0.03186716085 0.0147167359 -0.005)
(0.03337823078 0.01543478569 -0.005)
(0.03488930071 0.01615283547 -0.005)
(0.03640037064 0.01687088526 -0.005)
(0.03791144057 0.01758893504 -0.005)
(0.0394225105 0.01830698483 -0.005)
(0.04093358043 0.01902503462 -0.005)
(0.04244465036 0.0197430844 -0.005)
(0.04395572028 0.02046113419 -0.005)
(0.04546679021 0.02117918397 -0.005)
(0.04697786014 0.02189723376 -0.005)
(0.04848893007 0.02261528355 -0.005)
(0.05 0.02333333333 -0.005)
(0.00456772729 0.002033683217 0.005)
(0.00608213638 0.002854782665 0.005)
(0.00759654547 0.003675882113 0.005)
(0.009110954561 0.004496981562 0.005)
(0.01062536365 0.00531808101 0.005)
(0.01213977274 0.006139180458 0.005)
(0.01365418183 0.006960279907 0.005)
(0.01516859092 0.007781379355 0.005)
(0.01668300001 0.008602478803 0.005)
(0.0181974091 0.009423578252 0.005)
(0.01971181819 0.0102446777 0.005)
(0.02122622728 0.01106577715 0.005)
(0.02274063637 0.0118868766 0.005)
(0.02425504546 0.01270797604 0.005)
(0.02576945455 0.01352907549 0.005)
(0.02728386364 0.01435017494 0.005)
(0.02879827274 0.01517127439 0.005)
(0.03031268183 0.01599237384 0.005)
(0.03182709092 0.01681347329 0.005)
(0.03334150001 0.01763457273 0.005)
(0.0348559091 0.01845567218 0.005)
(0.03637031819 0.01927677163 0.005)
(0.03788472728 0.02009787108 0.005)
(0.03939913637 0.02091897053 0.005)
(0.04091354546 0.02174006998 0.005)
(0.04242795455 0.02256116942 0.005)
(0.04394236364 0.02338226887 0.005)
(0.04545677273 0.02420336832 0.005)
(0.04697118182 0.02502446777 0.005)
(0.04848559091 0.02584556722 0.005)
(0.05 0.02666666667 0.005)
(0.00456772729 0.002033683217 -0.005)
(0.00608213638 0.002854782665 -0.005)
(0.00759654547 0.003675882113 -0.005)
(0.009110954561 0.004496981562 -0.005)
(0.01062536365 0.00531808101 -0.005)
(0.01213977274 0.006139180458 -0.005)
(0.01365418183 0.006960279907 -0.005)
(0.01516859092 0.007781379355 -0.005)
(0.01668300001 0.008602478803 -0.005)
(0.0181974091 0.009423578252 -0.005)
(0.01971181819 0.0102446777 -0.005)
(0.02122622728 0.01106577715 -0.005)
(0.02274063637 0.0118868766 -0.005)
(0.02425504546 0.01270797604 -0.005)
(0.02576945455 0.01352907549 -0.005)
(0.02728386364 0.01435017494 -0.005)
(0.02879827274 0.01517127439 -0.005)
(0.03031268183 0.01599237384 -0.005)
(0.03182709092 0.01681347329 -0.005)
(0.03334150001 0.01763457273 -0.005)
(0.0348559091 0.01845567218 -0.005)
(0.03637031819 0.01927677163 -0.005)
(0.03788472728 0.02009787108 -0.005)
(0.03939913637 0.02091897053 -0.005)
(0.04091354546 0.02174006998 -0.005)
(0.04242795455 0.02256116942 -0.005)
(0.04394236364 0.02338226887 -0.005)
(0.04545677273 0.02420336832 -0.005)
(0.04697118182 0.02502446777 -0.005)
(0.04848559091 0.02584556722 -0.005)
(0.05 0.02666666667 -0.005)
(0.004455032623 0.0022699525 0.005)
(0.005973198202 0.003194287417 0.005)
(0.007491363781 0.004118622334 0.005)
(0.00900952936 0.00504295725 0.005)
(0.01052769494 0.005967292167 0.005)
(0.01204586052 0.006891627083 0.005)
(0.0135640261 0.007815962 0.005)
(0.01508219168 0.008740296917 0.005)
(0.01660035726 0.009664631833 0.005)
(0.01811852284 0.01058896675 0.005)
(0.01963668842 0.01151330167 0.005)
(0.02115485399 0.01243763658 0.005)
(0.02267301957 0.0133619715 0.005)
(0.02419118515 0.01428630642 0.005)
(0.02570935073 0.01521064133 0.005)
(0.02722751631 0.01613497625 0.005)
(0.02874568189 0.01705931117 0.005)
(0.03026384747 0.01798364608 0.005)
(0.03178201305 0.018907981 0.005)
(0.03330017863 0.01983231592 0.005)
(0.03481834421 0.02075665083 0.005)
(0.03633650979 0.02168098575 0.005)
(0.03785467537 0.02260532067 0.005)
(0.03937284095 0.02352965558 0.005)
(0.04089100652 0.0244539905 0.005)
(0.0424091721 0.02537832542 0.005)
(0.04392733768 0.02630266033 0.005)
(0.04544550326 0.02722699525 0.005)
(0.04696366884 0.02815133017 0.005)
(0.04848183442 0.02907566508 0.005)
(0.05 0.03 0.005)
(0.004455032623 0.0022699525 -0.005)
(0.005973198202 0.003194287417 -0.005)
(0.007491363781 0.004118622334 -0.005)
(0.00900952936 0.00504295725 -0.005)
(0.01052769494 0.005967292167 -0.005)
(0.01204586052 0.006891627083 -0.005)
(0.0135640261 0.007815962 -0.005)
(0.01508219168 0.008740296917 -0.005)
(0.01660035726 0.009664631833 -0.005)
(0.01811852284 0.01058896675 -0.005)
(0.01963668842 0.01151330167 -0.005)
(0.02115485399 0.01243763658 -0.005)
(0.02267301957 0.0133619715 -0.005)
(0.02419118515 0.01428630642 -0.005)
(0.02570935073 0.01521064133 -0.005)
(0.02722751631 0.01613497625 -0.005)
(0.02874568189 0.01705931117 -0.005)
(0.03026384747 0.01798364608 -0.005)
(0.03178201305 0.018907981 -0.005)
(0.03330017863 0.01983231592 -0.005)
(0.03481834421 0.02075665083 -0.005)
(0.03633650979 0.02168098575 -0.005)
(0.03785467537 0.02260532067 -0.005)
(0.03937284095 0.02352965558 -0.005)
(0.04089100652 0.0244539905 -0.005)
(0.0424091721 0.02537832542 -0.005)
(0.04392733768 0.02630266033 -0.005)
(0.04544550326 0.02722699525 -0.005)
(0.04696366884 0.02815133017 -0.005)
(0.04848183442 0.02907566508 -0.005)
(0.05 0.03 -0.005)
(0.004330127021 0.002500000002 0.005)
(0.00585245612 0.00352777778 0.005)
(0.00737478522 0.004555555557 0.005)
(0.008897114319 0.005583333335 0.005)
(0.01041944342 0.006611111113 0.005)
(0.01194177252 0.00763888889 0.005)
(0.01346410162 0.008666666668 0.005)
(0.01498643072 0.009694444446 0.005)
(0.01650875982 0.01072222222 0.005)
(0.01803108891 0.01175 0.005)
(0.01955341801 0.01277777778 0.005)
(0.02107574711 0.01380555556 0.005)
(0.02259807621 0.01483333333 0.005)
(0.02412040531 0.01586111111 0.005)
(0.02564273441 0.01688888889 0.005)
(0.02716506351 0.01791666667 0.005)
(0.02868739261 0.01894444445 0.005)
(0.03020972171 0.01997222222 0.005)
(0.03173205081 0.021 0.005)
(0.03325437991 0.02202777778 0.005)
(0.03477670901 0.02305555556 0.005)
(0.03629903811 0.02408333333 0.005)
(0.03782136721 0.02511111111 0.005)
(0.0393436963 0.02613888889 0.005)
(0.0408660254 0.02716666667 0.005)
(0.0423883545 0.02819444444 0.005)
(0.0439106836 0.02922222222 0.005)
(0.0454330127 0.03025 0.005)
(0.0469553418 0.03127777778 0.005)
(0.0484776709 0.03230555556 0.005)
(0.05 0.03333333333 0.005)
(0.004330127021 0.002500000002 -0.005)
(0.00585245612 0.00352777778 -0.005)
(0.00737478522 0.004555555557 -0.005)
(0.008897114319 0.005583333335 -0.005)
(0.01041944342 0.006611111113 -0.005)
(0.01194177252 0.00763888889 -0.005)
(0.01346410162 0.008666666668 -0.005)
(0.01498643072 0.009694444446 -0.005)
(0.01650875982 0.01072222222 -0.005)
(0.01803108891 0.01175 -0.005)
(0.01955341801 0.01277777778 -0.005)
(0.02107574711 0.01380555556 -0.005)
(0.02259807621 0.01483333333 -0.005)
(0.02412040531 0.01586111111 -0.005)
(0.02564273441 0.01688888889 -0.005)
(0.02716506351 0.01791666667 -0.005)
(0.02868739261 0.01894444445 -0.005)
(0.03020972171 0.01997222222 -0.005)
(0.03173205081 0.021 -0.005)
(0.03325437991 0.02202777778 -0.005)
(0.03477670901 0.02305555556 -0.005)
(0.03629903811 0.02408333333 -0.005)
(0.03782136721 0.02511111111 -0.005)
(0.0393436963 0.02613888889 -0.005)
(0.0408660254 0.02716666667 -0.005)
(0.0423883545 0.02819444444 -0.005)
(0.0439106836 0.02922222222 -0.005)
(0.0454330127 0.03025 -0.005)
(0.0469553418 0.03127777778 -0.005)
(0.0484776709 0.03230555556 -0.005)
(0.05 0.03333333333 -0.005)
(0.004193352842 0.002723195177 0.005)
(0.005720241081 0.003854644227 0.005)
(0.007247129319 0.004986093277 0.005)
(0.008774017558 0.006117542326 0.005)
(0.0103009058 0.007248991376 0.005)
(0.01182779404 0.008380440425 0.005)
(0.01335468227 0.009511889475 0.005)
(0.01488157051 0.01064333852 0.005)
(0.01640845875 0.01177478757 0.005)
(0.01793534699 0.01290623662 0.005)
(0.01946223523 0.01403768567 0.005)
(0.02098912347 0.01516913472 0.005)
(0.02251601171 0.01630058377 0.005)
(0.02404289994 0.01743203282 0.005)
(0.02556978818 0.01856348187 0.005)
(0.02709667642 0.01969493092 0.005)
(0.02862356466 0.02082637997 0.005)
(0.0301504529 0.02195782902 0.005)
(0.03167734114 0.02308927807 0.005)
(0.03320422938 0.02422072712 0.005)
(0.03473111761 0.02535217617 0.005)
(0.03625800585 0.02648362522 0.005)
(0.03778489409 0.02761507427 0.005)
(0.03931178233 0.02874652332 0.005)
(0.04083867057 0.02987797237 0.005)
(0.04236555881 0.03100942142 0.005)
(0.04389244705 0.03214087047 0.005)
(0.04541933528 0.03327231952 0.005)
(0.04694622352 0.03440376857 0.005)
(0.04847311176 0.03553521762 0.005)
(0.05 0.03666666667 0.005)
(0.004193352842 0.002723195177 -0.005)
(0.005720241081 0.003854644227 -0.005)
(0.007247129319 0.004986093277 -0.005)
(0.008774017558 0.006117542326 -0.005)
(0.0103009058 0.007248991376 -0.005)
(0.01182779404 0.008380440425 -0.005)
(0.01335468227 0.009511889475 -0.005)
(0.01488157051 0.01064333852 -0.005)
(0.01640845875 0.01177478757 -0.005)
(0.01793534699 0.01290623662 -0.005)
(0.01946223523 0.01403768567 -0.005)
(0.02098912347 0.01516913472 -0.005)
(0.02251601171 0.01630058377 -0.005)
(0.02404289994 0.01743203282 -0.005)
(0.02556978818 0.01856348187 -0.005)
(0.02709667642 0.01969493092 -0.005)
(0.02862356466 0.02082637997 -0.005)
(0.0301504529 0.02195782902 -0.005)
(0.03167734114 0.02308927807 -0.005)
(0.03320422938 0.02422072712 -0.005)
(0.03473111761 0.02535217617 -0.005)
(0.03625800585 0.02648362522 -0.005)
(0.03778489409 0.02761507427 -0.005)
(0.03931178233 0.02874652332 -0.005)
(0.04083867057 0.02987797237 -0.005)
(0.04236555881 0.03100942142 -0.005)
(0.04389244705 0.03214087047 -0.005)
(0.04541933528 0.03327231952 -0.005)
(0.04694622352 0.03440376857 -0.005)
(0.04847311176 0.03553521762 -0.005)
(0.05 0.03666666667 -0.005)
(0.004045084975 0.002938926264 0.005)
(0.005576915475 0.004174295389 0.005)
(0.007108745976 0.005409664513 0.005)
(0.008640576477 0.006645033638 0.005)
(0.01017240698 0.007880402762 0.005)
(0.01170423748 0.009115771887 0.005)
(0.01323606798 0.01035114101 0.005)
(0.01476789848 0.01158651014 0.005)
(0.01629972898 0.01282187926 0.005)
(0.01783155948 0.01405724838 0.005)
(0.01936338998 0.01529261751 0.005)
(0.02089522048 0.01652798663 0.005)
(0.02242705098 0.01776335576 0.005)
(0.02395888149 0.01899872488 0.005)
(0.02549071199 0.02023409401 0.005)
(0.02702254249 0.02146946313 0.005)
(0.02855437299 0.02270483226 0.005)
(0.03008620349 0.02394020138 0.005)
(0.03161803399 0.02517557051 0.005)
(0.03314986449 0.02641093963 0.005)
(0.03468169499 0.02764630875 0.005)
(0.03621352549 0.02888167788 0.005)
(0.03774535599 0.030117047 0.005)
(0.03927718649 0.03135241613 0.005)
(0.04080901699 0.03258778525 0.005)
(0.0423408475 0.03382315438 0.005)
(0.043872678 0.0350585235 0.005)
(0.0454045085 0.03629389263 0.005)
(0.046936339 0.03752926175 0.005)
(0.0484681695 0.03876463088 0.005)
(0.05 0.04 0.005)
(0.004045084975 0.002938926264 -0.005)
(0.005576915475 0.004174295389 -0.005)
(0.007108745976 0.005409664513 -0.005)
(0.008640576477 0.006645033638 -0.005)
(0.01017240698 0.007880402762 -0.005)
(0.01170423748 0.009115771887 -0.005)
(0.01323606798 0.01035114101 -0.005)
(0.01476789848 0.01158651014 -0.005)
(0.01629972898 0.01282187926 -0.005)
(0.01783155948 0.01405724838 -0.005)
(0.01936338998 0.01529261751 -0.005)
(0.02089522048 0.01652798663 -0.005)
(0.02242705098 0.01776335576 -0.005)
(0.02395888149 0.01899872488 -0.005)
(0.02549071199 0.02023409401 -0.005)
(0.02702254249 0.02146946313 -0.005)
(0.02855437299 0.02270483226 -0.005)
(0.03008620349 0.02394020138 -0.005)
(0.03161803399 0.02517557051 -0.005)
(0.03314986449 0.02641093963 -0.005)
(0.03468169499 0.02764630875 -0.005)
(0.03621352549 0.02888167788 -0.005)
(0.03774535599 0.030117047 -0.005)
(0.03927718649 0.03135241613 -0.005)
(0.04080901699 0.03258778525 -0.005)
(0.0423408475 0.03382315438 -0.005)
(0.043872678 0.0350585235 -0.005)
(0.0454045085 0.03629389263 -0.005)
(0.046936339 0.03752926175 -0.005)
(0.0484681695 0.03876463088 -0.005)
(0.05 0.04 -0.005)
(0.00388572981 0.003146601958 0.005)
(0.00542287215 0.004486159671 0.005)
(0.00696001449 0.005825717383 0.005)
(0.008497156829 0.007165275096 0.005)
(0.01003429917 0.008504832808 0.005)
(0.01157144151 0.009844390521 0.005)
(0.01310858385 0.01118394823 0.005)
(0.01464572619 0.01252350595 0.005)
(0.01618286853 0.01386306366 0.005)
(0.01772001087 0.01520262137 0.005)
(0.01925715321 0.01654217908 0.005)
(0.02079429555 0.0178817368 0.005)
(0.02233143789 0.01922129451 0.005)
(0.02386858023 0.02056085222 0.005)
(0.02540572257 0.02190040993 0.005)
(0.02694286491 0.02323996765 0.005)
(0.02848000724 0.02457952536 0.005)
(0.03001714958 0.02591908307 0.005)
(0.03155429192 0.02725864078 0.005)
(0.03309143426 0.0285981985 0.005)
(0.0346285766 0.02993775621 0.005)
(0.03616571894 0.03127731392 0.005)
(0.03770286128 0.03261687163 0.005)
(0.03924000362 0.03395642935 0.005)
(0.04077714596 0.03529598706 0.005)
(0.0423142883 0.03663554477 0.005)
(0.04385143064 0.03797510248 0.005)
(0.04538857298 0.0393146602 0.005)
(0.04692571532 0.04065421791 0.005)
(0.04846285766 0.04199377562 0.005)
(0.05 0.04333333333 0.005)
(0.00388572981 0.003146601958 -0.005)
(0.00542287215 0.004486159671 -0.005)
(0.00696001449 0.005825717383 -0.005)
(0.008497156829 0.007165275096 -0.005)
(0.01003429917 0.008504832808 -0.005)
(0.01157144151 0.009844390521 -0.005)
(0.01310858385 0.01118394823 -0.005)
(0.01464572619 0.01252350595 -0.005)
(0.01618286853 0.01386306366 -0.005)
(0.01772001087 0.01520262137 -0.005)
(0.01925715321 0.01654217908 -0.005)
(0.02079429555 0.0178817368 -0.005)
(0.02233143789 0.01922129451 -0.005)
(0.02386858023 0.02056085222 -0.005)
(0.02540572257 0.02190040993 -0.005)
(0.02694286491 0.02323996765 -0.005)
(0.02848000724 0.02457952536 -0.005)
(0.03001714958 0.02591908307 -0.005)
(0.03155429192 0.02725864078 -0.005)
(0.03309143426 0.0285981985 -0.005)
(0.0346285766 0.02993775621 -0.005)
(0.03616571894 0.03127731392 -0.005)
(0.03770286128 0.03261687163 -0.005)
(0.03924000362 0.03395642935 -0.005)
(0.04077714596 0.03529598706 -0.005)
(0.0423142883 0.03663554477 -0.005)
(0.04385143064 0.03797510248 -0.005)
(0.04538857298 0.0393146602 -0.005)
(0.04692571532 0.04065421791 -0.005)
(0.04846285766 0.04199377562 -0.005)
(0.05 0.04333333333 -0.005)
(0.003715724131 0.003345653035 0.005)
(0.005258533327 0.004789686823 0.005)
(0.006801342522 0.006233720611 0.005)
(0.008344151718 0.007677754398 0.005)
(0.009886960914 0.009121788186 0.005)
(0.01142977011 0.01056582197 0.005)
(0.0129725793 0.01200985576 0.005)
(0.0145153885 0.01345388955 0.005)
(0.0160581977 0.01489792334 0.005)
(0.01760100689 0.01634195712 0.005)
(0.01914381609 0.01778599091 0.005)
(0.02068662528 0.0192300247 0.005)
(0.02222943448 0.02067405849 0.005)
(0.02377224367 0.02211809228 0.005)
(0.02531505287 0.02356212606 0.005)
(0.02685786207 0.02500615985 0.005)
(0.02840067126 0.02645019364 0.005)
(0.02994348046 0.02789422743 0.005)
(0.03148628965 0.02933826121 0.005)
(0.03302909885 0.030782295 0.005)
(0.03457190804 0.03222632879 0.005)
(0.03611471724 0.03367036258 0.005)
(0.03765752643 0.03511439636 0.005)
(0.03920033563 0.03655843015 0.005)
(0.04074314483 0.03800246394 0.005)
(0.04228595402 0.03944649773 0.005)
(0.04382876322 0.04089053152 0.005)
(0.04537157241 0.0423345653 0.005)
(0.04691438161 0.04377859909 0.005)
(0.0484571908 0.04522263288 0.005)
(0.05 0.04666666667 0.005)
(0.003715724131 0.003345653035 -0.005)
(0.005258533327 0.004789686823 -0.005)
(0.006801342522 0.006233720611 -0.005)
(0.008344151718 0.007677754398 -0.005)
(0.009886960914 0.009121788186 -0.005)
(0.01142977011 0.01056582197 -0.005)
(0.0129725793 0.01200985576 -0.005)
(0.0145153885 0.01345388955 -0.005)
(0.0160581977 0.01489792334 -0.005)
(0.01760100689 0.01634195712 -0.005)
(0.01914381609 0.01778599091 -0.005)
(0.02068662528 0.0192300247 -0.005)
(0.02222943448 0.02067405849 -0.005)
(0.02377224367 0.02211809228 -0.005)
(0.02531505287 0.02356212606 -0.005)
(0.02685786207 0.02500615985 -0.005)
(0.02840067126 0.02645019364 -0.005)
(0.02994348046 0.02789422743 -0.005)
(0.03148628965 0.02933826121 -0.005)
(0.03302909885 0.030782295 -0.005)
(0.03457190804 0.03222632879 -0.005)
(0.03611471724 0.03367036258 -0.005)
(0.03765752643 0.03511439636 -0.005)
(0.03920033563 0.03655843015 -0.005)
(0.04074314483 0.03800246394 -0.005)
(0.04228595402 0.03944649773 -0.005)
(0.04382876322 0.04089053152 -0.005)
(0.04537157241 0.0423345653 -0.005)
(0.04691438161 0.04377859909 -0.005)
(0.0484571908 0.04522263288 -0.005)
(0.05 0.04666666667 -0.005)
(0.05225 -0.05 0.005)
(0.0545 -0.05 0.005)
(0.05675 -0.05 0.005)
(0.059 -0.05 0.005)
(0.06125 -0.05 0.005)
(0.0635 -0.05 0.005)
(0.06575 -0.05 0.005)
(0.068 -0.05 0.005)
(0.07025 -0.05 0.005)
(0.0725 -0.05 0.005)
(0.07475 -0.05 0.005)
(0.077 -0.05 0.005)
(0.07925 -0.05 0.005)
(0.0815 -0.05 0.005)
(0.08375 -0.05 0.005)
(0.086 -0.05 0.005)
(0.08825 -0.05 0.005)
(0.0905 -0.05 0.005)
(0.09275 -0.05 0.005)
(0.095 -0.05 0.005)
(0.09725 -0.05 0.005)
(0.0995 -0.05 0.005)
(0.10175 -0.05 0.005)
(0.104 -0.05 0.005)
(0.10625 -0.05 0.005)
(0.1085 -0.05 0.005)
(0.11075 -0.05 0.005)
(0.113 -0.05 0.005)
(0.11525 -0.05 0.005)
(0.1175 -0.05 0.005)
(0.11975 -0.05 0.005)
(0.122 -0.05 0.005)
(0.12425 -0.05 0.005)
(0.1265 -0.05 0.005)
(0.12875 -0.05 0.005)
(0.131 -0.05 0.005)
(0.13325 -0.05 0.005)
(0.1355 -0.05 0.005)
(0.13775 -0.05 0.005)
(0.14 -0.05 0.005)
(0.14225 -0.05 0.005)
(0.1445 -0.05 0.005)
(0.14675 -0.05 0.005)
(0.149 -0.05 0.005)
(0.15125 -0.05 0.005)
(0.1535 -0.05 0.005)
(0.15575 -0.05 0.005)
(0.158 -0.05 0.005)
(0.16025 -0.05 0.005)
(0.1625 -0.05 0.005)
(0.16475 -0.05 0.005)
(0.167 -0.05 0.005)
(0.16925 -0.05 0.005)
(0.1715 -0.05 0.005)
(0.17375 -0.05 0.005)
(0.176 -0.05 0.005)
(0.17825 -0.05 0.005)
(0.1805 -0.05 0.005)
(0.18275 -0.05 0.005)
(0.185 -0.05 0.005)
(0.18725 -0.05 0.005)
(0.1895 -0.05 0.005)
(0.19175 -0.05 0.005)
(0.194 -0.05 0.005)
(0.19625 -0.05 0.005)
(0.1985 -0.05 0.005)
(0.20075 -0.05 0.005)
(0.203 -0.05 0.005)
(0.20525 -0.05 0.005)
(0.2075 -0.05 0.005)
(0.20975 -0.05 0.005)
(0.212 -0.05 0.005)
(0.21425 -0.05 0.005)
(0.2165 -0.05 0.005)
(0.21875 -0.05 0.005)
(0.221 -0.05 0.005)
(0.22325 -0.05 0.005)
(0.2255 -0.05 0.005)
(0.22775 -0.05 0.005)
(0.23 -0.05 0.005)
(0.23225 -0.05 0.005)
(0.2345 -0.05 0.005)
(0.23675 -0.05 0.005)
(0.239 -0.05 0.005)
(0.24125 -0.05 0.005)
(0.2435 -0.05 0.005)
(0.24575 -0.05 0.005)
(0.248 -0.05 0.005)
(0.25025 -0.05 0.005)
(0.2525 -0.05 0.005)
(0.25475 -0.05 0.005)
(0.257 -0.05 0.005)
(0.25925 -0.05 0.005)
(0.2615 -0.05 0.005)
(0.26375 -0.05 0.005)
(0.266 -0.05 0.005)
(0.26825 -0.05 0.005)
(0.2705 -0.05 0.005)
(0.27275 -0.05 0.005)
(0.275 -0.05 0.005)
(0.27725 -0.05 0.005)
(0.2795 -0.05 0.005)
(0.28175 -0.05 0.005)
(0.284 -0.05 0.005)
(0.28625 -0.05 0.005)
(0.2885 -0.05 0.005)
(0.29075 -0.05 0.005)
(0.293 -0.05 0.005)
(0.29525 -0.05 0.005)
(0.2975 -0.05 0.005)
(0.29975 -0.05 0.005)
(0.302 -0.05 0.005)
(0.30425 -0.05 0.005)
(0.3065 -0.05 0.005)
(0.30875 -0.05 0.005)
(0.311 -0.05 0.005)
(0.31325 -0.05 0.005)
(0.3155 -0.05 0.005)
(0.31775 -0.05 0.005)
(0.32 -0.05 0.005)
(0.32225 -0.05 0.005)
(0.3245 -0.05 0.005)
(0.32675 -0.05 0.005)
(0.329 -0.05 0.005)
(0.33125 -0.05 0.005)
(0.3335 -0.05 0.005)
(0.33575 -0.05 0.005)
(0.338 -0.05 0.005)
(0.34025 -0.05 0.005)
(0.3425 -0.05 0.005)
(0.34475 -0.05 0.005)
(0.347 -0.05 0.005)
(0.34925 -0.05 0.005)
(0.3515 -0.05 0.005)
(0.35375 -0.05 0.005)
(0.356 -0.05 0.005)
(0.35825 -0.05 0.005)
(0.3605 -0.05 0.005)
(0.36275 -0.05 0.005)
(0.365 -0.05 0.005)
(0.36725 -0.05 0.005)
(0.3695 -0.05 0.005)
(0.37175 -0.05 0.005)
(0.374 -0.05 0.005)
(0.37625 -0.05 0.005)
(0.3785 -0.05 0.005)
(0.38075 -0.05 0.005)
(0.383 -0.05 0.005)
(0.38525 -0.05 0.005)
(0.3875 -0.05 0.005)
(0.38975 -0.05 0.005)
(0.392 -0.05 0.005)
(0.39425 -0.05 0.005)
(0.3965 -0.05 0.005)
(0.39875 -0.05 0.005)
(0.401 -0.05 0.005)
(0.40325 -0.05 0.005)
(0.4055 -0.05 0.005)
(0.40775 -0.05 0.005)
(0.41 -0.05 0.005)
(0.41225 -0.05 0.005)
(0.4145 -0.05 0.005)
(0.41675 -0.05 0.005)
(0.419 -0.05 0.005)
(0.42125 -0.05 0.005)
(0.4235 -0.05 0.005)
(0.42575 -0.05 0.005)
(0.428 -0.05 0.005)
(0.43025 -0.05 0.005)
(0.4325 -0.05 0.005)
(0.43475 -0.05 0.005)
(0.437 -0.05 0.005)
(0.43925 -0.05 0.005)
(0.4415 -0.05 0.005)
(0.44375 -0.05 0.005)
(0.446 -0.05 0.005)
(0.44825 -0.05 0.005)
(0.4505 -0.05 0.005)
(0.45275 -0.05 0.005)
(0.455 -0.05 0.005)
(0.45725 -0.05 0.005)
(0.4595 -0.05 0.005)
(0.46175 -0.05 0.005)
(0.464 -0.05 0.005)
(0.46625 -0.05 0.005)
(0.4685 -0.05 0.005)
(0.47075 -0.05 0.005)
(0.473 -0.05 0.005)
(0.47525 -0.05 0.005)
(0.4775 -0.05 0.005)
(0.47975 -0.05 0.005)
(0.482 -0.05 0.005)
(0.48425 -0.05 0.005)
(0.4865 -0.05 0.005)
(0.48875 -0.05 0.005)
(0.491 -0.05 0.005)
(0.49325 -0.05 0.005)
(0.4955 -0.05 0.005)
(0.49775 -0.05 0.005)
(0.5 -0.05 0.005)
(0.05225 -0.05 -0.005)
(0.0545 -0.05 -0.005)
(0.05675 -0.05 -0.005)
(0.059 -0.05 -0.005)
(0.06125 -0.05 -0.005)
(0.0635 -0.05 -0.005)
(0.06575 -0.05 -0.005)
(0.068 -0.05 -0.005)
(0.07025 -0.05 -0.005)
(0.0725 -0.05 -0.005)
(0.07475 -0.05 -0.005)
(0.077 -0.05 -0.005)
(0.07925 -0.05 -0.005)
(0.0815 -0.05 -0.005)
(0.08375 -0.05 -0.005)
(0.086 -0.05 -0.005)
(0.08825 -0.05 -0.005)
(0.0905 -0.05 -0.005)
(0.09275 -0.05 -0.005)
(0.095 -0.05 -0.005)
(0.09725 -0.05 -0.005)
(0.0995 -0.05 -0.005)
(0.10175 -0.05 -0.005)
(0.104 -0.05 -0.005)
(0.10625 -0.05 -0.005)
(0.1085 -0.05 -0.005)
(0.11075 -0.05 -0.005)
(0.113 -0.05 -0.005)
(0.11525 -0.05 -0.005)
(0.1175 -0.05 -0.005)
(0.11975 -0.05 -0.005)
(0.122 -0.05 -0.005)
(0.12425 -0.05 -0.005)
(0.1265 -0.05 -0.005)
(0.12875 -0.05 -0.005)
(0.131 -0.05 -0.005)
(0.13325 -0.05 -0.005)
(0.1355 -0.05 -0.005)
(0.13775 -0.05 -0.005)
(0.14 -0.05 -0.005)
(0.14225 -0.05 -0.005)
(0.1445 -0.05 -0.005)
(0.14675 -0.05 -0.005)
(0.149 -0.05 -0.005)
(0.15125 -0.05 -0.005)
(0.1535 -0.05 -0.005)
(0.15575 -0.05 -0.005)
(0.158 -0.05 -0.005)
(0.16025 -0.05 -0.005)
(0.1625 -0.05 -0.005)
(0.16475 -0.05 -0.005)
(0.167 -0.05 -0.005)
(0.16925 -0.05 -0.005)
(0.1715 -0.05 -0.005)
(0.17375 -0.05 -0.005)
(0.176 -0.05 -0.005)
(0.17825 -0.05 -0.005)
(0.1805 -0.05 -0.005)
(0.18275 -0.05 -0.005)
(0.185 -0.05 -0.005)
(0.18725 -0.05 -0.005)
(0.1895 -0.05 -0.005)
(0.19175 -0.05 -0.005)
(0.194 -0.05 -0.005)
(0.19625 -0.05 -0.005)
(0.1985 -0.05 -0.005)
(0.20075 -0.05 -0.005)
(0.203 -0.05 -0.005)
(0.20525 -0.05 -0.005)
(0.2075 -0.05 -0.005)
(0.20975 -0.05 -0.005)
(0.212 -0.05 -0.005)
(0.21425 -0.05 -0.005)
(0.2165 -0.05 -0.005)
(0.21875 -0.05 -0.005)
(0.221 -0.05 -0.005)
(0.22325 -0.05 -0.005)
(0.2255 -0.05 -0.005)
(0.22775 -0.05 -0.005)
(0.23 -0.05 -0.005)
(0.23225 -0.05 -0.005)
(0.2345 -0.05 -0.005)
(0.23675 -0.05 -0.005)
(0.239 -0.05 -0.005)
(0.24125 -0.05 -0.005)
(0.2435 -0.05 -0.005)
(0.24575 -0.05 -0.005)
(0.248 -0.05 -0.005)
(0.25025 -0.05 -0.005)
(0.2525 -0.05 -0.005)
(0.25475 -0.05 -0.005)
(0.257 -0.05 -0.005)
(0.25925 -0.05 -0.005)
(0.2615 -0.05 -0.005)
(0.26375 -0.05 -0.005)
(0.266 -0.05 -0.005)
(0.26825 -0.05 -0.005)
(0.2705 -0.05 -0.005)
(0.27275 -0.05 -0.005)
(0.275 -0.05 -0.005)
(0.27725 -0.05 -0.005)
(0.2795 -0.05 -0.005)
(0.28175 -0.05 -0.005)
(0.284 -0.05 -0.005)
(0.28625 -0.05 -0.005)
(0.2885 -0.05 -0.005)
(0.29075 -0.05 -0.005)
(0.293 -0.05 -0.005)
(0.29525 -0.05 -0.005)
(0.2975 -0.05 -0.005)
(0.29975 -0.05 -0.005)
(0.302 -0.05 -0.005)
(0.30425 -0.05 -0.005)
(0.3065 -0.05 -0.005)
(0.30875 -0.05 -0.005)
(0.311 -0.05 -0.005)
(0.31325 -0.05 -0.005)
(0.3155 -0.05 -0.005)
(0.31775 -0.05 -0.005)
(0.32 -0.05 -0.005)
(0.32225 -0.05 -0.005)
(0.3245 -0.05 -0.005)
(0.32675 -0.05 -0.005)
(0.329 -0.05 -0.005)
(0.33125 -0.05 -0.005)
(0.3335 -0.05 -0.005)
(0.33575 -0.05 -0.005)
(0.338 -0.05 -0.005)
(0.34025 -0.05 -0.005)
(0.3425 -0.05 -0.005)
(0.34475 -0.05 -0.005)
(0.347 -0.05 -0.005)
(0.34925 -0.05 -0.005)
(0.3515 -0.05 -0.005)
(0.35375 -0.05 -0.005)
(0.356 -0.05 -0.005)
(0.35825 -0.05 -0.005)
(0.3605 -0.05 -0.005)
(0.36275 -0.05 -0.005)
(0.365 -0.05 -0.005)
(0.36725 -0.05 -0.005)
(0.3695 -0.05 -0.005)
(0.37175 -0.05 -0.005)
(0.374 -0.05 -0.005)
(0.37625 -0.05 -0.005)
(0.3785 -0.05 -0.005)
(0.38075 -0.05 -0.005)
(0.383 -0.05 -0.005)
(0.38525 -0.05 -0.005)
(0.3875 -0.05 -0.005)
(0.38975 -0.05 -0.005)
(0.392 -0.05 -0.005)
(0.39425 -0.05 -0.005)
(0.3965 -0.05 -0.005)
(0.39875 -0.05 -0.005)
(0.401 -0.05 -0.005)
(0.40325 -0.05 -0.005)
(0.4055 -0.05 -0.005)
(0.40775 -0.05 -0.005)
(0.41 -0.05 -0.005)
(0.41225 -0.05 -0.005)
(0.4145 -0.05 -0.005)
(0.41675 -0.05 -0.005)
(0.419 -0.05 -0.005)
(0.42125 -0.05 -0.005)
(0.4235 -0.05 -0.005)
(0.42575 -0.05 -0.005)
(0.428 -0.05 -0.005)
(0.43025 -0.05 -0.005)
(0.4325 -0.05 -0.005)
(0.43475 -0.05 -0.005)
(0.437 -0.05 -0.005)
(0.43925 -0.05 -0.005)
(0.4415 -0.05 -0.005)
(0.44375 -0.05 -0.005)
(0.446 -0.05 -0.005)
(0.44825 -0.05 -0.005)
(0.4505 -0.05 -0.005)
(0.45275 -0.05 -0.005)
(0.455 -0.05 -0.005)
(0.45725 -0.05 -0.005)
(0.4595 -0.05 -0.005)
(0.46175 -0.05 -0.005)
(0.464 -0.05 -0.005)
(0.46625 -0.05 -0.005)
(0.4685 -0.05 -0.005)
(0.47075 -0.05 -0.005)
(0.473 -0.05 -0.005)
(0.47525 -0.05 -0.005)
(0.4775 -0.05 -0.005)
(0.47975 -0.05 -0.005)
(0.482 -0.05 -0.005)
(0.48425 -0.05 -0.005)
(0.4865 -0.05 -0.005)
(0.48875 -0.05 -0.005)
(0.491 -0.05 -0.005)
(0.49325 -0.05 -0.005)
(0.4955 -0.05 -0.005)
(0.49775 -0.05 -0.005)
(0.5 -0.05 -0.005)
(0.05225 -0.04666666667 0.005)
(0.0545 -0.04666666667 0.005)
(0.05675 -0.04666666667 0.005)
(0.059 -0.04666666667 0.005)
(0.06125 -0.04666666667 0.005)
(0.0635 -0.04666666667 0.005)
(0.06575 -0.04666666667 0.005)
(0.068 -0.04666666667 0.005)
(0.07025 -0.04666666667 0.005)
(0.0725 -0.04666666667 0.005)
(0.07475 -0.04666666667 0.005)
(0.077 -0.04666666667 0.005)
(0.07925 -0.04666666667 0.005)
(0.0815 -0.04666666667 0.005)
(0.08375 -0.04666666667 0.005)
(0.086 -0.04666666667 0.005)
(0.08825 -0.04666666667 0.005)
(0.0905 -0.04666666667 0.005)
(0.09275 -0.04666666667 0.005)
(0.095 -0.04666666667 0.005)
(0.09725 -0.04666666667 0.005)
(0.0995 -0.04666666667 0.005)
(0.10175 -0.04666666667 0.005)
(0.104 -0.04666666667 0.005)
(0.10625 -0.04666666667 0.005)
(0.1085 -0.04666666667 0.005)
(0.11075 -0.04666666667 0.005)
(0.113 -0.04666666667 0.005)
(0.11525 -0.04666666667 0.005)
(0.1175 -0.04666666667 0.005)
(0.11975 -0.04666666667 0.005)
(0.122 -0.04666666667 0.005)
(0.12425 -0.04666666667 0.005)
(0.1265 -0.04666666667 0.005)
(0.12875 -0.04666666667 0.005)
(0.131 -0.04666666667 0.005)
(0.13325 -0.04666666667 0.005)
(0.1355 -0.04666666667 0.005)
(0.13775 -0.04666666667 0.005)
(0.14 -0.04666666667 0.005)
(0.14225 -0.04666666667 0.005)
(0.1445 -0.04666666667 0.005)
(0.14675 -0.04666666667 0.005)
(0.149 -0.04666666667 0.005)
(0.15125 -0.04666666667 0.005)
(0.1535 -0.04666666667 0.005)
(0.15575 -0.04666666667 0.005)
(0.158 -0.04666666667 0.005)
(0.16025 -0.04666666667 0.005)
(0.1625 -0.04666666667 0.005)
(0.16475 -0.04666666667 0.005)
(0.167 -0.04666666667 0.005)
(0.16925 -0.04666666667 0.005)
(0.1715 -0.04666666667 0.005)
(0.17375 -0.04666666667 0.005)
(0.176 -0.04666666667 0.005)
(0.17825 -0.04666666667 0.005)
(0.1805 -0.04666666667 0.005)
(0.18275 -0.04666666667 0.005)
(0.185 -0.04666666667 0.005)
(0.18725 -0.04666666667 0.005)
(0.1895 -0.04666666667 0.005)
(0.19175 -0.04666666667 0.005)
(0.194 -0.04666666667 0.005)
(0.19625 -0.04666666667 0.005)
(0.1985 -0.04666666667 0.005)
(0.20075 -0.04666666667 0.005)
(0.203 -0.04666666667 0.005)
(0.20525 -0.04666666667 0.005)
(0.2075 -0.04666666667 0.005)
(0.20975 -0.04666666667 0.005)
(0.212 -0.04666666667 0.005)
(0.21425 -0.04666666667 0.005)
(0.2165 -0.04666666667 0.005)
(0.21875 -0.04666666667 0.005)
(0.221 -0.04666666667 0.005)
(0.22325 -0.04666666667 0.005)
(0.2255 -0.04666666667 0.005)
(0.22775 -0.04666666667 0.005)
(0.23 -0.04666666667 0.005)
(0.23225 -0.04666666667 0.005)
(0.2345 -0.04666666667 0.005)
(0.23675 -0.04666666667 0.005)
(0.239 -0.04666666667 0.005)
(0.24125 -0.04666666667 0.005)
(0.2435 -0.04666666667 0.005)
(0.24575 -0.04666666667 0.005)
(0.248 -0.04666666667 0.005)
(0.25025 -0.04666666667 0.005)
(0.2525 -0.04666666667 0.005)
(0.25475 -0.04666666667 0.005)
(0.257 -0.04666666667 0.005)
(0.25925 -0.04666666667 0.005)
(0.2615 -0.04666666667 0.005)
(0.26375 -0.04666666667 0.005)
(0.266 -0.04666666667 0.005)
(0.26825 -0.04666666667 0.005)
(0.2705 -0.04666666667 0.005)
(0.27275 -0.04666666667 0.005)
(0.275 -0.04666666667 0.005)
(0.27725 -0.04666666667 0.005)
(0.2795 -0.04666666667 0.005)
(0.28175 -0.04666666667 0.005)
(0.284 -0.04666666667 0.005)
(0.28625 -0.04666666667 0.005)
(0.2885 -0.04666666667 0.005)
(0.29075 -0.04666666667 0.005)
(0.293 -0.04666666667 0.005)
(0.29525 -0.04666666667 0.005)
(0.2975 -0.04666666667 0.005)
(0.29975 -0.04666666667 0.005)
(0.302 -0.04666666667 0.005)
(0.30425 -0.04666666667 0.005)
(0.3065 -0.04666666667 0.005)
(0.30875 -0.04666666667 0.005)
(0.311 -0.04666666667 0.005)
(0.31325 -0.04666666667 0.005)
(0.3155 -0.04666666667 0.005)
(0.31775 -0.04666666667 0.005)
(0.32 -0.04666666667 0.005)
(0.32225 -0.04666666667 0.005)
(0.3245 -0.04666666667 0.005)
(0.32675 -0.04666666667 0.005)
(0.329 -0.04666666667 0.005)
(0.33125 -0.04666666667 0.005)
(0.3335 -0.04666666667 0.005)
(0.33575 -0.04666666667 0.005)
(0.338 -0.04666666667 0.005)
(0.34025 -0.04666666667 0.005)
(0.3425 -0.04666666667 0.005)
(0.34475 -0.04666666667 0.005)
(0.347 -0.04666666667 0.005)
(0.34925 -0.04666666667 0.005)
(0.3515 -0.04666666667 0.005)
(0.35375 -0.04666666667 0.005)
(0.356 -0.04666666667 0.005)
(0.35825 -0.04666666667 0.005)
(0.3605 -0.04666666667 0.005)
(0.36275 -0.04666666667 0.005)
(0.365 -0.04666666667 0.005)
(0.36725 -0.04666666667 0.005)
(0.3695 -0.04666666667 0.005)
(0.37175 -0.04666666667 0.005)
(0.374 -0.04666666667 0.005)
(0.37625 -0.04666666667 0.005)
(0.3785 -0.04666666667 0.005)
(0.38075 -0.04666666667 0.005)
(0.383 -0.04666666667 0.005)
(0.38525 -0.04666666667 0.005)
(0.3875 -0.04666666667 0.005)
(0.38975 -0.04666666667 0.005)
(0.392 -0.04666666667 0.005)
(0.39425 -0.04666666667 0.005)
(0.3965 -0.04666666667 0.005)
(0.39875 -0.04666666667 0.005)
(0.401 -0.04666666667 0.005)
(0.40325 -0.04666666667 0.005)
(0.4055 -0.04666666667 0.005)
(0.40775 -0.04666666667 0.005)
(0.41 -0.04666666667 0.005)
(0.41225 -0.04666666667 0.005)
(0.4145 -0.04666666667 0.005)
(0.41675 -0.04666666667 0.005)
(0.419 -0.04666666667 0.005)
(0.42125 -0.04666666667 0.005)
(0.4235 -0.04666666667 0.005)
(0.42575 -0.04666666667 0.005)
(0.428 -0.04666666667 0.005)
(0.43025 -0.04666666667 0.005)
(0.4325 -0.04666666667 0.005)
(0.43475 -0.04666666667 0.005)
(0.437 -0.04666666667 0.005)
(0.43925 -0.04666666667 0.005)
(0.4415 -0.04666666667 0.005)
(0.44375 -0.04666666667 0.005)
(0.446 -0.04666666667 0.005)
(0.44825 -0.04666666667 0.005)
(0.4505 -0.04666666667 0.005)
(0.45275 -0.04666666667 0.005)
(0.455 -0.04666666667 0.005)
(0.45725 -0.04666666667 0.005)
(0.4595 -0.04666666667 0.005)
(0.46175 -0.04666666667 0.005)
(0.464 -0.04666666667 0.005)
(0.46625 -0.04666666667 0.005)
(0.4685 -0.04666666667 0.005)
(0.47075 -0.04666666667 0.005)
(0.473 -0.04666666667 0.005)
(0.47525 -0.04666666667 0.005)
(0.4775 -0.04666666667 0.005)
(0.47975 -0.04666666667 0.005)
(0.482 -0.04666666667 0.005)
(0.48425 -0.04666666667 0.005)
(0.4865 -0.04666666667 0.005)
(0.48875 -0.04666666667 0.005)
(0.491 -0.04666666667 0.005)
(0.49325 -0.04666666667 0.005)
(0.4955 -0.04666666667 0.005)
(0.49775 -0.04666666667 0.005)
(0.5 -0.04666666667 0.005)
(0.05225 -0.04666666667 -0.005)
(0.0545 -0.04666666667 -0.005)
(0.05675 -0.04666666667 -0.005)
(0.059 -0.04666666667 -0.005)
(0.06125 -0.04666666667 -0.005)
(0.0635 -0.04666666667 -0.005)
(0.06575 -0.04666666667 -0.005)
(0.068 -0.04666666667 -0.005)
(0.07025 -0.04666666667 -0.005)
(0.0725 -0.04666666667 -0.005)
(0.07475 -0.04666666667 -0.005)
(0.077 -0.04666666667 -0.005)
(0.07925 -0.04666666667 -0.005)
(0.0815 -0.04666666667 -0.005)
(0.08375 -0.04666666667 -0.005)
(0.086 -0.04666666667 -0.005)
(0.08825 -0.04666666667 -0.005)
(0.0905 -0.04666666667 -0.005)
(0.09275 -0.04666666667 -0.005)
(0.095 -0.04666666667 -0.005)
(0.09725 -0.04666666667 -0.005)
(0.0995 -0.04666666667 -0.005)
(0.10175 -0.04666666667 -0.005)
(0.104 -0.04666666667 -0.005)
(0.10625 -0.04666666667 -0.005)
(0.1085 -0.04666666667 -0.005)
(0.11075 -0.04666666667 -0.005)
(0.113 -0.04666666667 -0.005)
(0.11525 -0.04666666667 -0.005)
(0.1175 -0.04666666667 -0.005)
(0.11975 -0.04666666667 -0.005)
(0.122 -0.04666666667 -0.005)
(0.12425 -0.04666666667 -0.005)
(0.1265 -0.04666666667 -0.005)
(0.12875 -0.04666666667 -0.005)
(0.131 -0.04666666667 -0.005)
(0.13325 -0.04666666667 -0.005)
(0.1355 -0.04666666667 -0.005)
(0.13775 -0.04666666667 -0.005)
(0.14 -0.04666666667 -0.005)
(0.14225 -0.04666666667 -0.005)
(0.1445 -0.04666666667 -0.005)
(0.14675 -0.04666666667 -0.005)
(0.149 -0.04666666667 -0.005)
(0.15125 -0.04666666667 -0.005)
(0.1535 -0.04666666667 -0.005)
(0.15575 -0.04666666667 -0.005)
(0.158 -0.04666666667 -0.005)
(0.16025 -0.04666666667 -0.005)
(0.1625 -0.04666666667 -0.005)
(0.16475 -0.04666666667 -0.005)
(0.167 -0.04666666667 -0.005)
(0.16925 -0.04666666667 -0.005)
(0.1715 -0.04666666667 -0.005)
(0.17375 -0.04666666667 -0.005)
(0.176 -0.04666666667 -0.005)
(0.17825 -0.04666666667 -0.005)
(0.1805 -0.04666666667 -0.005)
(0.18275 -0.04666666667 -0.005)
(0.185 -0.04666666667 -0.005)
(0.18725 -0.04666666667 -0.005)
(0.1895 -0.04666666667 -0.005)
(0.19175 -0.04666666667 -0.005)
(0.194 -0.04666666667 -0.005)
(0.19625 -0.04666666667 -0.005)
(0.1985 -0.04666666667 -0.005)
(0.20075 -0.04666666667 -0.005)
(0.203 -0.04666666667 -0.005)
(0.20525 -0.04666666667 -0.005)
(0.2075 -0.04666666667 -0.005)
(0.20975 -0.04666666667 -0.005)
(0.212 -0.04666666667 -0.005)
(0.21425 -0.04666666667 -0.005)
(0.2165 -0.04666666667 -0.005)
(0.21875 -0.04666666667 -0.005)
(0.221 -0.04666666667 -0.005)
(0.22325 -0.04666666667 -0.005)
(0.2255 -0.04666666667 -0.005)
(0.22775 -0.04666666667 -0.005)
(0.23 -0.04666666667 -0.005)
(0.23225 -0.04666666667 -0.005)
(0.2345 -0.04666666667 -0.005)
(0.23675 -0.04666666667 -0.005)
(0.239 -0.04666666667 -0.005)
(0.24125 -0.04666666667 -0.005)
(0.2435 -0.04666666667 -0.005)
(0.24575 -0.04666666667 -0.005)
(0.248 -0.04666666667 -0.005)
(0.25025 -0.04666666667 -0.005)
(0.2525 -0.04666666667 -0.005)
(0.25475 -0.04666666667 -0.005)
(0.257 -0.04666666667 -0.005)
(0.25925 -0.04666666667 -0.005)
(0.2615 -0.04666666667 -0.005)
(0.26375 -0.04666666667 -0.005)
(0.266 -0.04666666667 -0.005)
(0.26825 -0.04666666667 -0.005)
(0.2705 -0.04666666667 -0.005)
(0.27275 -0.04666666667 -0.005)
(0.275 -0.04666666667 -0.005)
(0.27725 -0.04666666667 -0.005)
(0.2795 -0.04666666667 -0.005)
(0.28175 -0.04666666667 -0.005)
(0.284 -0.04666666667 -0.005)
(0.28625 -0.04666666667 -0.005)
(0.2885 -0.04666666667 -0.005)
(0.29075 -0.04666666667 -0.005)
(0.293 -0.04666666667 -0.005)
(0.29525 -0.04666666667 -0.005)
(0.2975 -0.04666666667 -0.005)
(0.29975 -0.04666666667 -0.005)
(0.302 -0.04666666667 -0.005)
(0.30425 -0.04666666667 -0.005)
(0.3065 -0.04666666667 -0.005)
(0.30875 -0.04666666667 -0.005)
(0.311 -0.04666666667 -0.005)
(0.31325 -0.04666666667 -0.005)
(0.3155 -0.04666666667 -0.005)
(0.31775 -0.04666666667 -0.005)
(0.32 -0.04666666667 -0.005)
(0.32225 -0.04666666667 -0.005)
(0.3245 -0.04666666667 -0.005)
(0.32675 -0.04666666667 -0.005)
(0.329 -0.04666666667 -0.005)
(0.33125 -0.04666666667 -0.005)
(0.3335 -0.04666666667 -0.005)
(0.33575 -0.04666666667 -0.005)
(0.338 -0.04666666667 -0.005)
(0.34025 -0.04666666667 -0.005)
(0.3425 -0.04666666667 -0.005)
(0.34475 -0.04666666667 -0.005)
(0.347 -0.04666666667 -0.005)
(0.34925 -0.04666666667 -0.005)
(0.3515 -0.04666666667 -0.005)
(0.35375 -0.04666666667 -0.005)
(0.356 -0.04666666667 -0.005)
(0.35825 -0.04666666667 -0.005)
(0.3605 -0.04666666667 -0.005)
(0.36275 -0.04666666667 -0.005)
(0.365 -0.04666666667 -0.005)
(0.36725 -0.04666666667 -0.005)
(0.3695 -0.04666666667 -0.005)
(0.37175 -0.04666666667 -0.005)
(0.374 -0.04666666667 -0.005)
(0.37625 -0.04666666667 -0.005)
(0.3785 -0.04666666667 -0.005)
(0.38075 -0.04666666667 -0.005)
(0.383 -0.04666666667 -0.005)
(0.38525 -0.04666666667 -0.005)
(0.3875 -0.04666666667 -0.005)
(0.38975 -0.04666666667 -0.005)
(0.392 -0.04666666667 -0.005)
(0.39425 -0.04666666667 -0.005)
(0.3965 -0.04666666667 -0.005)
(0.39875 -0.04666666667 -0.005)
(0.401 -0.04666666667 -0.005)
(0.40325 -0.04666666667 -0.005)
(0.4055 -0.04666666667 -0.005)
(0.40775 -0.04666666667 -0.005)
(0.41 -0.04666666667 -0.005)
(0.41225 -0.04666666667 -0.005)
(0.4145 -0.04666666667 -0.005)
(0.41675 -0.04666666667 -0.005)
(0.419 -0.04666666667 -0.005)
(0.42125 -0.04666666667 -0.005)
(0.4235 -0.04666666667 -0.005)
(0.42575 -0.04666666667 -0.005)
(0.428 -0.04666666667 -0.005)
(0.43025 -0.04666666667 -0.005)
(0.4325 -0.04666666667 -0.005)
(0.43475 -0.04666666667 -0.005)
(0.437 -0.04666666667 -0.005)
(0.43925 -0.04666666667 -0.005)
(0.4415 -0.04666666667 -0.005)
(0.44375 -0.04666666667 -0.005)
(0.446 -0.04666666667 -0.005)
(0.44825 -0.04666666667 -0.005)
(0.4505 -0.04666666667 -0.005)
(0.45275 -0.04666666667 -0.005)
(0.455 -0.04666666667 -0.005)
(0.45725 -0.04666666667 -0.005)
(0.4595 -0.04666666667 -0.005)
(0.46175 -0.04666666667 -0.005)
(0.464 -0.04666666667 -0.005)
(0.46625 -0.04666666667 -0.005)
(0.4685 -0.04666666667 -0.005)
(0.47075 -0.04666666667 -0.005)
(0.473 -0.04666666667 -0.005)
(0.47525 -0.04666666667 -0.005)
(0.4775 -0.04666666667 -0.005)
(0.47975 -0.04666666667 -0.005)
(0.482 -0.04666666667 -0.005)
(0.48425 -0.04666666667 -0.005)
(0.4865 -0.04666666667 -0.005)
(0.48875 -0.04666666667 -0.005)
(0.491 -0.04666666667 -0.005)
(0.49325 -0.04666666667 -0.005)
(0.4955 -0.04666666667 -0.005)
(0.49775 -0.04666666667 -0.005)
(0.5 -0.04666666667 -0.005)
(0.05225 -0.04333333333 0.005)
(0.0545 -0.04333333333 0.005)
(0.05675 -0.04333333333 0.005)
(0.059 -0.04333333333 0.005)
(0.06125 -0.04333333333 0.005)
(0.0635 -0.04333333333 0.005)
(0.06575 -0.04333333333 0.005)
(0.068 -0.04333333333 0.005)
(0.07025 -0.04333333333 0.005)
(0.0725 -0.04333333333 0.005)
(0.07475 -0.04333333333 0.005)
(0.077 -0.04333333333 0.005)
(0.07925 -0.04333333333 0.005)
(0.0815 -0.04333333333 0.005)
(0.08375 -0.04333333333 0.005)
(0.086 -0.04333333333 0.005)
(0.08825 -0.04333333333 0.005)
(0.0905 -0.04333333333 0.005)
(0.09275 -0.04333333333 0.005)
(0.095 -0.04333333333 0.005)
(0.09725 -0.04333333333 0.005)
(0.0995 -0.04333333333 0.005)
(0.10175 -0.04333333333 0.005)
(0.104 -0.04333333333 0.005)
(0.10625 -0.04333333333 0.005)
(0.1085 -0.04333333333 0.005)
(0.11075 -0.04333333333 0.005)
(0.113 -0.04333333333 0.005)
(0.11525 -0.04333333333 0.005)
(0.1175 -0.04333333333 0.005)
(0.11975 -0.04333333333 0.005)
(0.122 -0.04333333333 0.005)
(0.12425 -0.04333333333 0.005)
(0.1265 -0.04333333333 0.005)
(0.12875 -0.04333333333 0.005)
(0.131 -0.04333333333 0.005)
(0.13325 -0.04333333333 0.005)
(0.1355 -0.04333333333 0.005)
(0.13775 -0.04333333333 0.005)
(0.14 -0.04333333333 0.005)
(0.14225 -0.04333333333 0.005)
(0.1445 -0.04333333333 0.005)
(0.14675 -0.04333333333 0.005)
(0.149 -0.04333333333 0.005)
(0.15125 -0.04333333333 0.005)
(0.1535 -0.04333333333 0.005)
(0.15575 -0.04333333333 0.005)
(0.158 -0.04333333333 0.005)
(0.16025 -0.04333333333 0.005)
(0.1625 -0.04333333333 0.005)
(0.16475 -0.04333333333 0.005)
(0.167 -0.04333333333 0.005)
(0.16925 -0.04333333333 0.005)
(0.1715 -0.04333333333 0.005)
(0.17375 -0.04333333333 0.005)
(0.176 -0.04333333333 0.005)
(0.17825 -0.04333333333 0.005)
(0.1805 -0.04333333333 0.005)
(0.18275 -0.04333333333 0.005)
(0.185 -0.04333333333 0.005)
(0.18725 -0.04333333333 0.005)
(0.1895 -0.04333333333 0.005)
(0.19175 -0.04333333333 0.005)
(0.194 -0.04333333333 0.005)
(0.19625 -0.04333333333 0.005)
(0.1985 -0.04333333333 0.005)
(0.20075 -0.04333333333 0.005)
(0.203 -0.04333333333 0.005)
(0.20525 -0.04333333333 0.005)
(0.2075 -0.04333333333 0.005)
(0.20975 -0.04333333333 0.005)
(0.212 -0.04333333333 0.005)
(0.21425 -0.04333333333 0.005)
(0.2165 -0.04333333333 0.005)
(0.21875 -0.04333333333 0.005)
(0.221 -0.04333333333 0.005)
(0.22325 -0.04333333333 0.005)
(0.2255 -0.04333333333 0.005)
(0.22775 -0.04333333333 0.005)
(0.23 -0.04333333333 0.005)
(0.23225 -0.04333333333 0.005)
(0.2345 -0.04333333333 0.005)
(0.23675 -0.04333333333 0.005)
(0.239 -0.04333333333 0.005)
(0.24125 -0.04333333333 0.005)
(0.2435 -0.04333333333 0.005)
(0.24575 -0.04333333333 0.005)
(0.248 -0.04333333333 0.005)
(0.25025 -0.04333333333 0.005)
(0.2525 -0.04333333333 0.005)
(0.25475 -0.04333333333 0.005)
(0.257 -0.04333333333 0.005)
(0.25925 -0.04333333333 0.005)
(0.2615 -0.04333333333 0.005)
(0.26375 -0.04333333333 0.005)
(0.266 -0.04333333333 0.005)
(0.26825 -0.04333333333 0.005)
(0.2705 -0.04333333333 0.005)
(0.27275 -0.04333333333 0.005)
(0.275 -0.04333333333 0.005)
(0.27725 -0.04333333333 0.005)
(0.2795 -0.04333333333 0.005)
(0.28175 -0.04333333333 0.005)
(0.284 -0.04333333333 0.005)
(0.28625 -0.04333333333 0.005)
(0.2885 -0.04333333333 0.005)
(0.29075 -0.04333333333 0.005)
(0.293 -0.04333333333 0.005)
(0.29525 -0.04333333333 0.005)
(0.2975 -0.04333333333 0.005)
(0.29975 -0.04333333333 0.005)
(0.302 -0.04333333333 0.005)
(0.30425 -0.04333333333 0.005)
(0.3065 -0.04333333333 0.005)
(0.30875 -0.04333333333 0.005)
(0.311 -0.04333333333 0.005)
(0.31325 -0.04333333333 0.005)
(0.3155 -0.04333333333 0.005)
(0.31775 -0.04333333333 0.005)
(0.32 -0.04333333333 0.005)
(0.32225 -0.04333333333 0.005)
(0.3245 -0.04333333333 0.005)
(0.32675 -0.04333333333 0.005)
(0.329 -0.04333333333 0.005)
(0.33125 -0.04333333333 0.005)
(0.3335 -0.04333333333 0.005)
(0.33575 -0.04333333333 0.005)
(0.338 -0.04333333333 0.005)
(0.34025 -0.04333333333 0.005)
(0.3425 -0.04333333333 0.005)
(0.34475 -0.04333333333 0.005)
(0.347 -0.04333333333 0.005)
(0.34925 -0.04333333333 0.005)
(0.3515 -0.04333333333 0.005)
(0.35375 -0.04333333333 0.005)
(0.356 -0.04333333333 0.005)
(0.35825 -0.04333333333 0.005)
(0.3605 -0.04333333333 0.005)
(0.36275 -0.04333333333 0.005)
(0.365 -0.04333333333 0.005)
(0.36725 -0.04333333333 0.005)
(0.3695 -0.04333333333 0.005)
(0.37175 -0.04333333333 0.005)
(0.374 -0.04333333333 0.005)
(0.37625 -0.04333333333 0.005)
(0.3785 -0.04333333333 0.005)
(0.38075 -0.04333333333 0.005)
(0.383 -0.04333333333 0.005)
(0.38525 -0.04333333333 0.005)
(0.3875 -0.04333333333 0.005)
(0.38975 -0.04333333333 0.005)
(0.392 -0.04333333333 0.005)
(0.39425 -0.04333333333 0.005)
(0.3965 -0.04333333333 0.005)
(0.39875 -0.04333333333 0.005)
(0.401 -0.04333333333 0.005)
(0.40325 -0.04333333333 0.005)
(0.4055 -0.04333333333 0.005)
(0.40775 -0.04333333333 0.005)
(0.41 -0.04333333333 0.005)
(0.41225 -0.04333333333 0.005)
(0.4145 -0.04333333333 0.005)
(0.41675 -0.04333333333 0.005)
(0.419 -0.04333333333 0.005)
(0.42125 -0.04333333333 0.005)
(0.4235 -0.04333333333 0.005)
(0.42575 -0.04333333333 0.005)
(0.428 -0.04333333333 0.005)
(0.43025 -0.04333333333 0.005)
(0.4325 -0.04333333333 0.005)
(0.43475 -0.04333333333 0.005)
(0.437 -0.04333333333 0.005)
(0.43925 -0.04333333333 0.005)
(0.4415 -0.04333333333 0.005)
(0.44375 -0.04333333333 0.005)
(0.446 -0.04333333333 0.005)
(0.44825 -0.04333333333 0.005)
(0.4505 -0.04333333333 0.005)
(0.45275 -0.04333333333 0.005)
(0.455 -0.04333333333 0.005)
(0.45725 -0.04333333333 0.005)
(0.4595 -0.04333333333 0.005)
(0.46175 -0.04333333333 0.005)
(0.464 -0.04333333333 0.005)
(0.46625 -0.04333333333 0.005)
(0.4685 -0.04333333333 0.005)
(0.47075 -0.04333333333 0.005)
(0.473 -0.04333333333 0.005)
(0.47525 -0.04333333333 0.005)
(0.4775 -0.04333333333 0.005)
(0.47975 -0.04333333333 0.005)
(0.482 -0.04333333333 0.005)
(0.48425 -0.04333333333 0.005)
(0.4865 -0.04333333333 0.005)
(0.48875 -0.04333333333 0.005)
(0.491 -0.04333333333 0.005)
(0.49325 -0.04333333333 0.005)
(0.4955 -0.04333333333 0.005)
(0.49775 -0.04333333333 0.005)
(0.5 -0.04333333333 0.005)
(0.05225 -0.04333333333 -0.005)
(0.0545 -0.04333333333 -0.005)
(0.05675 -0.04333333333 -0.005)
(0.059 -0.04333333333 -0.005)
(0.06125 -0.04333333333 -0.005)
(0.0635 -0.04333333333 -0.005)
(0.06575 -0.04333333333 -0.005)
(0.068 -0.04333333333 -0.005)
(0.07025 -0.04333333333 -0.005)
(0.0725 -0.04333333333 -0.005)
(0.07475 -0.04333333333 -0.005)
(0.077 -0.04333333333 -0.005)
(0.07925 -0.04333333333 -0.005)
(0.0815 -0.04333333333 -0.005)
(0.08375 -0.04333333333 -0.005)
(0.086 -0.04333333333 -0.005)
(0.08825 -0.04333333333 -0.005)
(0.0905 -0.04333333333 -0.005)
(0.09275 -0.04333333333 -0.005)
(0.095 -0.04333333333 -0.005)
(0.09725 -0.04333333333 -0.005)
(0.0995 -0.04333333333 -0.005)
(0.10175 -0.04333333333 -0.005)
(0.104 -0.04333333333 -0.005)
(0.10625 -0.04333333333 -0.005)
(0.1085 -0.04333333333 -0.005)
(0.11075 -0.04333333333 -0.005)
(0.113 -0.04333333333 -0.005)
(0.11525 -0.04333333333 -0.005)
(0.1175 -0.04333333333 -0.005)
(0.11975 -0.04333333333 -0.005)
(0.122 -0.04333333333 -0.005)
(0.12425 -0.04333333333 -0.005)
(0.1265 -0.04333333333 -0.005)
(0.12875 -0.04333333333 -0.005)
(0.131 -0.04333333333 -0.005)
(0.13325 -0.04333333333 -0.005)
(0.1355 -0.04333333333 -0.005)
(0.13775 -0.04333333333 -0.005)
(0.14 -0.04333333333 -0.005)
(0.14225 -0.04333333333 -0.005)
(0.1445 -0.04333333333 -0.005)
(0.14675 -0.04333333333 -0.005)
(0.149 -0.04333333333 -0.005)
(0.15125 -0.04333333333 -0.005)
(0.1535 -0.04333333333 -0.005)
(0.15575 -0.04333333333 -0.005)
(0.158 -0.04333333333 -0.005)
(0.16025 -0.04333333333 -0.005)
(0.1625 -0.04333333333 -0.005)
(0.16475 -0.04333333333 -0.005)
(0.167 -0.04333333333 -0.005)
(0.16925 -0.04333333333 -0.005)
(0.1715 -0.04333333333 -0.005)
(0.17375 -0.04333333333 -0.005)
(0.176 -0.04333333333 -0.005)
(0.17825 -0.04333333333 -0.005)
(0.1805 -0.04333333333 -0.005)
(0.18275 -0.04333333333 -0.005)
(0.185 -0.04333333333 -0.005)
(0.18725 -0.04333333333 -0.005)
(0.1895 -0.04333333333 -0.005)
(0.19175 -0.04333333333 -0.005)
(0.194 -0.04333333333 -0.005)
(0.19625 -0.04333333333 -0.005)
(0.1985 -0.04333333333 -0.005)
(0.20075 -0.04333333333 -0.005)
(0.203 -0.04333333333 -0.005)
(0.20525 -0.04333333333 -0.005)
(0.2075 -0.04333333333 -0.005)
(0.20975 -0.04333333333 -0.005)
(0.212 -0.04333333333 -0.005)
(0.21425 -0.04333333333 -0.005)
(0.2165 -0.04333333333 -0.005)
(0.21875 -0.04333333333 -0.005)
(0.221 -0.04333333333 -0.005)
(0.22325 -0.04333333333 -0.005)
(0.2255 -0.04333333333 -0.005)
(0.22775 -0.04333333333 -0.005)
(0.23 -0.04333333333 -0.005)
(0.23225 -0.04333333333 -0.005)
(0.2345 -0.04333333333 -0.005)
(0.23675 -0.04333333333 -0.005)
(0.239 -0.04333333333 -0.005)
(0.24125 -0.04333333333 -0.005)
(0.2435 -0.04333333333 -0.005)
(0.24575 -0.04333333333 -0.005)
(0.248 -0.04333333333 -0.005)
(0.25025 -0.04333333333 -0.005)
(0.2525 -0.04333333333 -0.005)
(0.25475 -0.04333333333 -0.005)
(0.257 -0.04333333333 -0.005)
(0.25925 -0.04333333333 -0.005)
(0.2615 -0.04333333333 -0.005)
(0.26375 -0.04333333333 -0.005)
(0.266 -0.04333333333 -0.005)
(0.26825 -0.04333333333 -0.005)
(0.2705 -0.04333333333 -0.005)
(0.27275 -0.04333333333 -0.005)
(0.275 -0.04333333333 -0.005)
(0.27725 -0.04333333333 -0.005)
(0.2795 -0.04333333333 -0.005)
(0.28175 -0.04333333333 -0.005)
(0.284 -0.04333333333 -0.005)
(0.28625 -0.04333333333 -0.005)
(0.2885 -0.04333333333 -0.005)
(0.29075 -0.04333333333 -0.005)
(0.293 -0.04333333333 -0.005)
(0.29525 -0.04333333333 -0.005)
(0.2975 -0.04333333333 -0.005)
(0.29975 -0.04333333333 -0.005)
(0.302 -0.04333333333 -0.005)
(0.30425 -0.04333333333 -0.005)
(0.3065 -0.04333333333 -0.005)
(0.30875 -0.04333333333 -0.005)
(0.311 -0.04333333333 -0.005)
(0.31325 -0.04333333333 -0.005)
(0.3155 -0.04333333333 -0.005)
(0.31775 -0.04333333333 -0.005)
(0.32 -0.04333333333 -0.005)
(0.32225 -0.04333333333 -0.005)
(0.3245 -0.04333333333 -0.005)
(0.32675 -0.04333333333 -0.005)
(0.329 -0.04333333333 -0.005)
(0.33125 -0.04333333333 -0.005)
(0.3335 -0.04333333333 -0.005)
(0.33575 -0.04333333333 -0.005)
(0.338 -0.04333333333 -0.005)
(0.34025 -0.04333333333 -0.005)
(0.3425 -0.04333333333 -0.005)
(0.34475 -0.04333333333 -0.005)
(0.347 -0.04333333333 -0.005)
(0.34925 -0.04333333333 -0.005)
(0.3515 -0.04333333333 -0.005)
(0.35375 -0.04333333333 -0.005)
(0.356 -0.04333333333 -0.005)
(0.35825 -0.04333333333 -0.005)
(0.3605 -0.04333333333 -0.005)
(0.36275 -0.04333333333 -0.005)
(0.365 -0.04333333333 -0.005)
(0.36725 -0.04333333333 -0.005)
(0.3695 -0.04333333333 -0.005)
(0.37175 -0.04333333333 -0.005)
(0.374 -0.04333333333 -0.005)
(0.37625 -0.04333333333 -0.005)
(0.3785 -0.04333333333 -0.005)
(0.38075 -0.04333333333 -0.005)
(0.383 -0.04333333333 -0.005)
(0.38525 -0.04333333333 -0.005)
(0.3875 -0.04333333333 -0.005)
(0.38975 -0.04333333333 -0.005)
(0.392 -0.04333333333 -0.005)
(0.39425 -0.04333333333 -0.005)
(0.3965 -0.04333333333 -0.005)
(0.39875 -0.04333333333 -0.005)
(0.401 -0.04333333333 -0.005)
(0.40325 -0.04333333333 -0.005)
(0.4055 -0.04333333333 -0.005)
(0.40775 -0.04333333333 -0.005)
(0.41 -0.04333333333 -0.005)
(0.41225 -0.04333333333 -0.005)
(0.4145 -0.04333333333 -0.005)
(0.41675 -0.04333333333 -0.005)
(0.419 -0.04333333333 -0.005)
(0.42125 -0.04333333333 -0.005)
(0.4235 -0.04333333333 -0.005)
(0.42575 -0.04333333333 -0.005)
(0.428 -0.04333333333 -0.005)
(0.43025 -0.04333333333 -0.005)
(0.4325 -0.04333333333 -0.005)
(0.43475 -0.04333333333 -0.005)
(0.437 -0.04333333333 -0.005)
(0.43925 -0.04333333333 -0.005)
(0.4415 -0.04333333333 -0.005)
(0.44375 -0.04333333333 -0.005)
(0.446 -0.04333333333 -0.005)
(0.44825 -0.04333333333 -0.005)
(0.4505 -0.04333333333 -0.005)
(0.45275 -0.04333333333 -0.005)
(0.455 -0.04333333333 -0.005)
(0.45725 -0.04333333333 -0.005)
(0.4595 -0.04333333333 -0.005)
(0.46175 -0.04333333333 -0.005)
(0.464 -0.04333333333 -0.005)
(0.46625 -0.04333333333 -0.005)
(0.4685 -0.04333333333 -0.005)
(0.47075 -0.04333333333 -0.005)
(0.473 -0.04333333333 -0.005)
(0.47525 -0.04333333333 -0.005)
(0.4775 -0.04333333333 -0.005)
(0.47975 -0.04333333333 -0.005)
(0.482 -0.04333333333 -0.005)
(0.48425 -0.04333333333 -0.005)
(0.4865 -0.04333333333 -0.005)
(0.48875 -0.04333333333 -0.005)
(0.491 -0.04333333333 -0.005)
(0.49325 -0.04333333333 -0.005)
(0.4955 -0.04333333333 -0.005)
(0.49775 -0.04333333333 -0.005)
(0.5 -0.04333333333 -0.005)
(0.05225 -0.04 0.005)
(0.0545 -0.04 0.005)
(0.05675 -0.04 0.005)
(0.059 -0.04 0.005)
(0.06125 -0.04 0.005)
(0.0635 -0.04 0.005)
(0.06575 -0.04 0.005)
(0.068 -0.04 0.005)
(0.07025 -0.04 0.005)
(0.0725 -0.04 0.005)
(0.07475 -0.04 0.005)
(0.077 -0.04 0.005)
(0.07925 -0.04 0.005)
(0.0815 -0.04 0.005)
(0.08375 -0.04 0.005)
(0.086 -0.04 0.005)
(0.08825 -0.04 0.005)
(0.0905 -0.04 0.005)
(0.09275 -0.04 0.005)
(0.095 -0.04 0.005)
(0.09725 -0.04 0.005)
(0.0995 -0.04 0.005)
(0.10175 -0.04 0.005)
(0.104 -0.04 0.005)
(0.10625 -0.04 0.005)
(0.1085 -0.04 0.005)
(0.11075 -0.04 0.005)
(0.113 -0.04 0.005)
(0.11525 -0.04 0.005)
(0.1175 -0.04 0.005)
(0.11975 -0.04 0.005)
(0.122 -0.04 0.005)
(0.12425 -0.04 0.005)
(0.1265 -0.04 0.005)
(0.12875 -0.04 0.005)
(0.131 -0.04 0.005)
(0.13325 -0.04 0.005)
(0.1355 -0.04 0.005)
(0.13775 -0.04 0.005)
(0.14 -0.04 0.005)
(0.14225 -0.04 0.005)
(0.1445 -0.04 0.005)
(0.14675 -0.04 0.005)
(0.149 -0.04 0.005)
(0.15125 -0.04 0.005)
(0.1535 -0.04 0.005)
(0.15575 -0.04 0.005)
(0.158 -0.04 0.005)
(0.16025 -0.04 0.005)
(0.1625 -0.04 0.005)
(0.16475 -0.04 0.005)
(0.167 -0.04 0.005)
(0.16925 -0.04 0.005)
(0.1715 -0.04 0.005)
(0.17375 -0.04 0.005)
(0.176 -0.04 0.005)
(0.17825 -0.04 0.005)
(0.1805 -0.04 0.005)
(0.18275 -0.04 0.005)
(0.185 -0.04 0.005)
(0.18725 -0.04 0.005)
(0.1895 -0.04 0.005)
(0.19175 -0.04 0.005)
(0.194 -0.04 0.005)
(0.19625 -0.04 0.005)
(0.1985 -0.04 0.005)
(0.20075 -0.04 0.005)
(0.203 -0.04 0.005)
(0.20525 -0.04 0.005)
(0.2075 -0.04 0.005)
(0.20975 -0.04 0.005)
(0.212 -0.04 0.005)
(0.21425 -0.04 0.005)
(0.2165 -0.04 0.005)
(0.21875 -0.04 0.005)
(0.221 -0.04 0.005)
(0.22325 -0.04 0.005)
(0.2255 -0.04 0.005)
(0.22775 -0.04 0.005)
(0.23 -0.04 0.005)
(0.23225 -0.04 0.005)
(0.2345 -0.04 0.005)
(0.23675 -0.04 0.005)
(0.239 -0.04 0.005)
(0.24125 -0.04 0.005)
(0.2435 -0.04 0.005)
(0.24575 -0.04 0.005)
(0.248 -0.04 0.005)
(0.25025 -0.04 0.005)
(0.2525 -0.04 0.005)
(0.25475 -0.04 0.005)
(0.257 -0.04 0.005)
(0.25925 -0.04 0.005)
(0.2615 -0.04 0.005)
(0.26375 -0.04 0.005)
(0.266 -0.04 0.005)
(0.26825 -0.04 0.005)
(0.2705 -0.04 0.005)
(0.27275 -0.04 0.005)
(0.275 -0.04 0.005)
(0.27725 -0.04 0.005)
(0.2795 -0.04 0.005)
(0.28175 -0.04 0.005)
(0.284 -0.04 0.005)
(0.28625 -0.04 0.005)
(0.2885 -0.04 0.005)
(0.29075 -0.04 0.005)
(0.293 -0.04 0.005)
(0.29525 -0.04 0.005)
(0.2975 -0.04 0.005)
(0.29975 -0.04 0.005)
(0.302 -0.04 0.005)
(0.30425 -0.04 0.005)
(0.3065 -0.04 0.005)
(0.30875 -0.04 0.005)
(0.311 -0.04 0.005)
(0.31325 -0.04 0.005)
(0.3155 -0.04 0.005)
(0.31775 -0.04 0.005)
(0.32 -0.04 0.005)
(0.32225 -0.04 0.005)
(0.3245 -0.04 0.005)
(0.32675 -0.04 0.005)
(0.329 -0.04 0.005)
(0.33125 -0.04 0.005)
(0.3335 -0.04 0.005)
(0.33575 -0.04 0.005)
(0.338 -0.04 0.005)
(0.34025 -0.04 0.005)
(0.3425 -0.04 0.005)
(0.34475 -0.04 0.005)
(0.347 -0.04 0.005)
(0.34925 -0.04 0.005)
(0.3515 -0.04 0.005)
(0.35375 -0.04 0.005)
(0.356 -0.04 0.005)
(0.35825 -0.04 0.005)
(0.3605 -0.04 0.005)
(0.36275 -0.04 0.005)
(0.365 -0.04 0.005)
(0.36725 -0.04 0.005)
(0.3695 -0.04 0.005)
(0.37175 -0.04 0.005)
(0.374 -0.04 0.005)
(0.37625 -0.04 0.005)
(0.3785 -0.04 0.005)
(0.38075 -0.04 0.005)
(0.383 -0.04 0.005)
(0.38525 -0.04 0.005)
(0.3875 -0.04 0.005)
(0.38975 -0.04 0.005)
(0.392 -0.04 0.005)
(0.39425 -0.04 0.005)
(0.3965 -0.04 0.005)
(0.39875 -0.04 0.005)
(0.401 -0.04 0.005)
(0.40325 -0.04 0.005)
(0.4055 -0.04 0.005)
(0.40775 -0.04 0.005)
(0.41 -0.04 0.005)
(0.41225 -0.04 0.005)
(0.4145 -0.04 0.005)
(0.41675 -0.04 0.005)
(0.419 -0.04 0.005)
(0.42125 -0.04 0.005)
(0.4235 -0.04 0.005)
(0.42575 -0.04 0.005)
(0.428 -0.04 0.005)
(0.43025 -0.04 0.005)
(0.4325 -0.04 0.005)
(0.43475 -0.04 0.005)
(0.437 -0.04 0.005)
(0.43925 -0.04 0.005)
(0.4415 -0.04 0.005)
(0.44375 -0.04 0.005)
(0.446 -0.04 0.005)
(0.44825 -0.04 0.005)
(0.4505 -0.04 0.005)
(0.45275 -0.04 0.005)
(0.455 -0.04 0.005)
(0.45725 -0.04 0.005)
(0.4595 -0.04 0.005)
(0.46175 -0.04 0.005)
(0.464 -0.04 0.005)
(0.46625 -0.04 0.005)
(0.4685 -0.04 0.005)
(0.47075 -0.04 0.005)
(0.473 -0.04 0.005)
(0.47525 -0.04 0.005)
(0.4775 -0.04 0.005)
(0.47975 -0.04 0.005)
(0.482 -0.04 0.005)
(0.48425 -0.04 0.005)
(0.4865 -0.04 0.005)
(0.48875 -0.04 0.005)
(0.491 -0.04 0.005)
(0.49325 -0.04 0.005)
(0.4955 -0.04 0.005)
(0.49775 -0.04 0.005)
(0.5 -0.04 0.005)
(0.05225 -0.04 -0.005)
(0.0545 -0.04 -0.005)
(0.05675 -0.04 -0.005)
(0.059 -0.04 -0.005)
(0.06125 -0.04 -0.005)
(0.0635 -0.04 -0.005)
(0.06575 -0.04 -0.005)
(0.068 -0.04 -0.005)
(0.07025 -0.04 -0.005)
(0.0725 -0.04 -0.005)
(0.07475 -0.04 -0.005)
(0.077 -0.04 -0.005)
(0.07925 -0.04 -0.005)
(0.0815 -0.04 -0.005)
(0.08375 -0.04 -0.005)
(0.086 -0.04 -0.005)
(0.08825 -0.04 -0.005)
(0.0905 -0.04 -0.005)
(0.09275 -0.04 -0.005)
(0.095 -0.04 -0.005)
(0.09725 -0.04 -0.005)
(0.0995 -0.04 -0.005)
(0.10175 -0.04 -0.005)
(0.104 -0.04 -0.005)
(0.10625 -0.04 -0.005)
(0.1085 -0.04 -0.005)
(0.11075 -0.04 -0.005)
(0.113 -0.04 -0.005)
(0.11525 -0.04 -0.005)
(0.1175 -0.04 -0.005)
(0.11975 -0.04 -0.005)
(0.122 -0.04 -0.005)
(0.12425 -0.04 -0.005)
(0.1265 -0.04 -0.005)
(0.12875 -0.04 -0.005)
(0.131 -0.04 -0.005)
(0.13325 -0.04 -0.005)
(0.1355 -0.04 -0.005)
(0.13775 -0.04 -0.005)
(0.14 -0.04 -0.005)
(0.14225 -0.04 -0.005)
(0.1445 -0.04 -0.005)
(0.14675 -0.04 -0.005)
(0.149 -0.04 -0.005)
(0.15125 -0.04 -0.005)
(0.1535 -0.04 -0.005)
(0.15575 -0.04 -0.005)
(0.158 -0.04 -0.005)
(0.16025 -0.04 -0.005)
(0.1625 -0.04 -0.005)
(0.16475 -0.04 -0.005)
(0.167 -0.04 -0.005)
(0.16925 -0.04 -0.005)
(0.1715 -0.04 -0.005)
(0.17375 -0.04 -0.005)
(0.176 -0.04 -0.005)
(0.17825 -0.04 -0.005)
(0.1805 -0.04 -0.005)
(0.18275 -0.04 -0.005)
(0.185 -0.04 -0.005)
(0.18725 -0.04 -0.005)
(0.1895 -0.04 -0.005)
(0.19175 -0.04 -0.005)
(0.194 -0.04 -0.005)
(0.19625 -0.04 -0.005)
(0.1985 -0.04 -0.005)
(0.20075 -0.04 -0.005)
(0.203 -0.04 -0.005)
(0.20525 -0.04 -0.005)
(0.2075 -0.04 -0.005)
(0.20975 -0.04 -0.005)
(0.212 -0.04 -0.005)
(0.21425 -0.04 -0.005)
(0.2165 -0.04 -0.005)
(0.21875 -0.04 -0.005)
(0.221 -0.04 -0.005)
(0.22325 -0.04 -0.005)
(0.2255 -0.04 -0.005)
(0.22775 -0.04 -0.005)
(0.23 -0.04 -0.005)
(0.23225 -0.04 -0.005)
(0.2345 -0.04 -0.005)
(0.23675 -0.04 -0.005)
(0.239 -0.04 -0.005)
(0.24125 -0.04 -0.005)
(0.2435 -0.04 -0.005)
(0.24575 -0.04 -0.005)
(0.248 -0.04 -0.005)
(0.25025 -0.04 -0.005)
(0.2525 -0.04 -0.005)
(0.25475 -0.04 -0.005)
(0.257 -0.04 -0.005)
(0.25925 -0.04 -0.005)
(0.2615 -0.04 -0.005)
(0.26375 -0.04 -0.005)
(0.266 -0.04 -0.005)
(0.26825 -0.04 -0.005)
(0.2705 -0.04 -0.005)
(0.27275 -0.04 -0.005)
(0.275 -0.04 -0.005)
(0.27725 -0.04 -0.005)
(0.2795 -0.04 -0.005)
(0.28175 -0.04 -0.005)
(0.284 -0.04 -0.005)
(0.28625 -0.04 -0.005)
(0.2885 -0.04 -0.005)
(0.29075 -0.04 -0.005)
(0.293 -0.04 -0.005)
(0.29525 -0.04 -0.005)
(0.2975 -0.04 -0.005)
(0.29975 -0.04 -0.005)
(0.302 -0.04 -0.005)
(0.30425 -0.04 -0.005)
(0.3065 -0.04 -0.005)
(0.30875 -0.04 -0.005)
(0.311 -0.04 -0.005)
(0.31325 -0.04 -0.005)
(0.3155 -0.04 -0.005)
(0.31775 -0.04 -0.005)
(0.32 -0.04 -0.005)
(0.32225 -0.04 -0.005)
(0.3245 -0.04 -0.005)
(0.32675 -0.04 -0.005)
(0.329 -0.04 -0.005)
(0.33125 -0.04 -0.005)
(0.3335 -0.04 -0.005)
(0.33575 -0.04 -0.005)
(0.338 -0.04 -0.005)
(0.34025 -0.04 -0.005)
(0.3425 -0.04 -0.005)
(0.34475 -0.04 -0.005)
(0.347 -0.04 -0.005)
(0.34925 -0.04 -0.005)
(0.3515 -0.04 -0.005)
(0.35375 -0.04 -0.005)
(0.356 -0.04 -0.005)
(0.35825 -0.04 -0.005)
(0.3605 -0.04 -0.005)
(0.36275 -0.04 -0.005)
(0.365 -0.04 -0.005)
(0.36725 -0.04 -0.005)
(0.3695 -0.04 -0.005)
(0.37175 -0.04 -0.005)
(0.374 -0.04 -0.005)
(0.37625 -0.04 -0.005)
(0.3785 -0.04 -0.005)
(0.38075 -0.04 -0.005)
(0.383 -0.04 -0.005)
(0.38525 -0.04 -0.005)
(0.3875 -0.04 -0.005)
(0.38975 -0.04 -0.005)
(0.392 -0.04 -0.005)
(0.39425 -0.04 -0.005)
(0.3965 -0.04 -0.005)
(0.39875 -0.04 -0.005)
(0.401 -0.04 -0.005)
(0.40325 -0.04 -0.005)
(0.4055 -0.04 -0.005)
(0.40775 -0.04 -0.005)
(0.41 -0.04 -0.005)
(0.41225 -0.04 -0.005)
(0.4145 -0.04 -0.005)
(0.41675 -0.04 -0.005)
(0.419 -0.04 -0.005)
(0.42125 -0.04 -0.005)
(0.4235 -0.04 -0.005)
(0.42575 -0.04 -0.005)
(0.428 -0.04 -0.005)
(0.43025 -0.04 -0.005)
(0.4325 -0.04 -0.005)
(0.43475 -0.04 -0.005)
(0.437 -0.04 -0.005)
(0.43925 -0.04 -0.005)
(0.4415 -0.04 -0.005)
(0.44375 -0.04 -0.005)
(0.446 -0.04 -0.005)
(0.44825 -0.04 -0.005)
(0.4505 -0.04 -0.005)
(0.45275 -0.04 -0.005)
(0.455 -0.04 -0.005)
(0.45725 -0.04 -0.005)
(0.4595 -0.04 -0.005)
(0.46175 -0.04 -0.005)
(0.464 -0.04 -0.005)
(0.46625 -0.04 -0.005)
(0.4685 -0.04 -0.005)
(0.47075 -0.04 -0.005)
(0.473 -0.04 -0.005)
(0.47525 -0.04 -0.005)
(0.4775 -0.04 -0.005)
(0.47975 -0.04 -0.005)
(0.482 -0.04 -0.005)
(0.48425 -0.04 -0.005)
(0.4865 -0.04 -0.005)
(0.48875 -0.04 -0.005)
(0.491 -0.04 -0.005)
(0.49325 -0.04 -0.005)
(0.4955 -0.04 -0.005)
(0.49775 -0.04 -0.005)
(0.5 -0.04 -0.005)
(0.05225 -0.03666666667 0.005)
(0.0545 -0.03666666667 0.005)
(0.05675 -0.03666666667 0.005)
(0.059 -0.03666666667 0.005)
(0.06125 -0.03666666667 0.005)
(0.0635 -0.03666666667 0.005)
(0.06575 -0.03666666667 0.005)
(0.068 -0.03666666667 0.005)
(0.07025 -0.03666666667 0.005)
(0.0725 -0.03666666667 0.005)
(0.07475 -0.03666666667 0.005)
(0.077 -0.03666666667 0.005)
(0.07925 -0.03666666667 0.005)
(0.0815 -0.03666666667 0.005)
(0.08375 -0.03666666667 0.005)
(0.086 -0.03666666667 0.005)
(0.08825 -0.03666666667 0.005)
(0.0905 -0.03666666667 0.005)
(0.09275 -0.03666666667 0.005)
(0.095 -0.03666666667 0.005)
(0.09725 -0.03666666667 0.005)
(0.0995 -0.03666666667 0.005)
(0.10175 -0.03666666667 0.005)
(0.104 -0.03666666667 0.005)
(0.10625 -0.03666666667 0.005)
(0.1085 -0.03666666667 0.005)
(0.11075 -0.03666666667 0.005)
(0.113 -0.03666666667 0.005)
(0.11525 -0.03666666667 0.005)
(0.1175 -0.03666666667 0.005)
(0.11975 -0.03666666667 0.005)
(0.122 -0.03666666667 0.005)
(0.12425 -0.03666666667 0.005)
(0.1265 -0.03666666667 0.005)
(0.12875 -0.03666666667 0.005)
(0.131 -0.03666666667 0.005)
(0.13325 -0.03666666667 0.005)
(0.1355 -0.03666666667 0.005)
(0.13775 -0.03666666667 0.005)
(0.14 -0.03666666667 0.005)
(0.14225 -0.03666666667 0.005)
(0.1445 -0.03666666667 0.005)
(0.14675 -0.03666666667 0.005)
(0.149 -0.03666666667 0.005)
(0.15125 -0.03666666667 0.005)
(0.1535 -0.03666666667 0.005)
(0.15575 -0.03666666667 0.005)
(0.158 -0.03666666667 0.005)
(0.16025 -0.03666666667 0.005)
(0.1625 -0.03666666667 0.005)
(0.16475 -0.03666666667 0.005)
(0.167 -0.03666666667 0.005)
(0.16925 -0.03666666667 0.005)
(0.1715 -0.03666666667 0.005)
(0.17375 -0.03666666667 0.005)
(0.176 -0.03666666667 0.005)
(0.17825 -0.03666666667 0.005)
(0.1805 -0.03666666667 0.005)
(0.18275 -0.03666666667 0.005)
(0.185 -0.03666666667 0.005)
(0.18725 -0.03666666667 0.005)
(0.1895 -0.03666666667 0.005)
(0.19175 -0.03666666667 0.005)
(0.194 -0.03666666667 0.005)
(0.19625 -0.03666666667 0.005)
(0.1985 -0.03666666667 0.005)
(0.20075 -0.03666666667 0.005)
(0.203 -0.03666666667 0.005)
(0.20525 -0.03666666667 0.005)
(0.2075 -0.03666666667 0.005)
(0.20975 -0.03666666667 0.005)
(0.212 -0.03666666667 0.005)
(0.21425 -0.03666666667 0.005)
(0.2165 -0.03666666667 0.005)
(0.21875 -0.03666666667 0.005)
(0.221 -0.03666666667 0.005)
(0.22325 -0.03666666667 0.005)
(0.2255 -0.03666666667 0.005)
(0.22775 -0.03666666667 0.005)
(0.23 -0.03666666667 0.005)
(0.23225 -0.03666666667 0.005)
(0.2345 -0.03666666667 0.005)
(0.23675 -0.03666666667 0.005)
(0.239 -0.03666666667 0.005)
(0.24125 -0.03666666667 0.005)
(0.2435 -0.03666666667 0.005)
(0.24575 -0.03666666667 0.005)
(0.248 -0.03666666667 0.005)
(0.25025 -0.03666666667 0.005)
(0.2525 -0.03666666667 0.005)
(0.25475 -0.03666666667 0.005)
(0.257 -0.03666666667 0.005)
(0.25925 -0.03666666667 0.005)
(0.2615 -0.03666666667 0.005)
(0.26375 -0.03666666667 0.005)
(0.266 -0.03666666667 0.005)
(0.26825 -0.03666666667 0.005)
(0.2705 -0.03666666667 0.005)
(0.27275 -0.03666666667 0.005)
(0.275 -0.03666666667 0.005)
(0.27725 -0.03666666667 0.005)
(0.2795 -0.03666666667 0.005)
(0.28175 -0.03666666667 0.005)
(0.284 -0.03666666667 0.005)
(0.28625 -0.03666666667 0.005)
(0.2885 -0.03666666667 0.005)
(0.29075 -0.03666666667 0.005)
(0.293 -0.03666666667 0.005)
(0.29525 -0.03666666667 0.005)
(0.2975 -0.03666666667 0.005)
(0.29975 -0.03666666667 0.005)
(0.302 -0.03666666667 0.005)
(0.30425 -0.03666666667 0.005)
(0.3065 -0.03666666667 0.005)
(0.30875 -0.03666666667 0.005)
(0.311 -0.03666666667 0.005)
(0.31325 -0.03666666667 0.005)
(0.3155 -0.03666666667 0.005)
(0.31775 -0.03666666667 0.005)
(0.32 -0.03666666667 0.005)
(0.32225 -0.03666666667 0.005)
(0.3245 -0.03666666667 0.005)
(0.32675 -0.03666666667 0.005)
(0.329 -0.03666666667 0.005)
(0.33125 -0.03666666667 0.005)
(0.3335 -0.03666666667 0.005)
(0.33575 -0.03666666667 0.005)
(0.338 -0.03666666667 0.005)
(0.34025 -0.03666666667 0.005)
(0.3425 -0.03666666667 0.005)
(0.34475 -0.03666666667 0.005)
(0.347 -0.03666666667 0.005)
(0.34925 -0.03666666667 0.005)
(0.3515 -0.03666666667 0.005)
(0.35375 -0.03666666667 0.005)
(0.356 -0.03666666667 0.005)
(0.35825 -0.03666666667 0.005)
(0.3605 -0.03666666667 0.005)
(0.36275 -0.03666666667 0.005)
(0.365 -0.03666666667 0.005)
(0.36725 -0.03666666667 0.005)
(0.3695 -0.03666666667 0.005)
(0.37175 -0.03666666667 0.005)
(0.374 -0.03666666667 0.005)
(0.37625 -0.03666666667 0.005)
(0.3785 -0.03666666667 0.005)
(0.38075 -0.03666666667 0.005)
(0.383 -0.03666666667 0.005)
(0.38525 -0.03666666667 0.005)
(0.3875 -0.03666666667 0.005)
(0.38975 -0.03666666667 0.005)
(0.392 -0.03666666667 0.005)
(0.39425 -0.03666666667 0.005)
(0.3965 -0.03666666667 0.005)
(0.39875 -0.03666666667 0.005)
(0.401 -0.03666666667 0.005)
(0.40325 -0.03666666667 0.005)
(0.4055 -0.03666666667 0.005)
(0.40775 -0.03666666667 0.005)
(0.41 -0.03666666667 0.005)
(0.41225 -0.03666666667 0.005)
(0.4145 -0.03666666667 0.005)
(0.41675 -0.03666666667 0.005)
(0.419 -0.03666666667 0.005)
(0.42125 -0.03666666667 0.005)
(0.4235 -0.03666666667 0.005)
(0.42575 -0.03666666667 0.005)
(0.428 -0.03666666667 0.005)
(0.43025 -0.03666666667 0.005)
(0.4325 -0.03666666667 0.005)
(0.43475 -0.03666666667 0.005)
(0.437 -0.03666666667 0.005)
(0.43925 -0.03666666667 0.005)
(0.4415 -0.03666666667 0.005)
(0.44375 -0.03666666667 0.005)
(0.446 -0.03666666667 0.005)
(0.44825 -0.03666666667 0.005)
(0.4505 -0.03666666667 0.005)
(0.45275 -0.03666666667 0.005)
(0.455 -0.03666666667 0.005)
(0.45725 -0.03666666667 0.005)
(0.4595 -0.03666666667 0.005)
(0.46175 -0.03666666667 0.005)
(0.464 -0.03666666667 0.005)
(0.46625 -0.03666666667 0.005)
(0.4685 -0.03666666667 0.005)
(0.47075 -0.03666666667 0.005)
(0.473 -0.03666666667 0.005)
(0.47525 -0.03666666667 0.005)
(0.4775 -0.03666666667 0.005)
(0.47975 -0.03666666667 0.005)
(0.482 -0.03666666667 0.005)
(0.48425 -0.03666666667 0.005)
(0.4865 -0.03666666667 0.005)
(0.48875 -0.03666666667 0.005)
(0.491 -0.03666666667 0.005)
(0.49325 -0.03666666667 0.005)
(0.4955 -0.03666666667 0.005)
(0.49775 -0.03666666667 0.005)
(0.5 -0.03666666667 0.005)
(0.05225 -0.03666666667 -0.005)
(0.0545 -0.03666666667 -0.005)
(0.05675 -0.03666666667 -0.005)
(0.059 -0.03666666667 -0.005)
(0.06125 -0.03666666667 -0.005)
(0.0635 -0.03666666667 -0.005)
(0.06575 -0.03666666667 -0.005)
(0.068 -0.03666666667 -0.005)
(0.07025 -0.03666666667 -0.005)
(0.0725 -0.03666666667 -0.005)
(0.07475 -0.03666666667 -0.005)
(0.077 -0.03666666667 -0.005)
(0.07925 -0.03666666667 -0.005)
(0.0815 -0.03666666667 -0.005)
(0.08375 -0.03666666667 -0.005)
(0.086 -0.03666666667 -0.005)
(0.08825 -0.03666666667 -0.005)
(0.0905 -0.03666666667 -0.005)
(0.09275 -0.03666666667 -0.005)
(0.095 -0.03666666667 -0.005)
(0.09725 -0.03666666667 -0.005)
(0.0995 -0.03666666667 -0.005)
(0.10175 -0.03666666667 -0.005)
(0.104 -0.03666666667 -0.005)
(0.10625 -0.03666666667 -0.005)
(0.1085 -0.03666666667 -0.005)
(0.11075 -0.03666666667 -0.005)
(0.113 -0.03666666667 -0.005)
(0.11525 -0.03666666667 -0.005)
(0.1175 -0.03666666667 -0.005)
(0.11975 -0.03666666667 -0.005)
(0.122 -0.03666666667 -0.005)
(0.12425 -0.03666666667 -0.005)
(0.1265 -0.03666666667 -0.005)
(0.12875 -0.03666666667 -0.005)
(0.131 -0.03666666667 -0.005)
(0.13325 -0.03666666667 -0.005)
(0.1355 -0.03666666667 -0.005)
(0.13775 -0.03666666667 -0.005)
(0.14 -0.03666666667 -0.005)
(0.14225 -0.03666666667 -0.005)
(0.1445 -0.03666666667 -0.005)
(0.14675 -0.03666666667 -0.005)
(0.149 -0.03666666667 -0.005)
(0.15125 -0.03666666667 -0.005)
(0.1535 -0.03666666667 -0.005)
(0.15575 -0.03666666667 -0.005)
(0.158 -0.03666666667 -0.005)
(0.16025 -0.03666666667 -0.005)
(0.1625 -0.03666666667 -0.005)
(0.16475 -0.03666666667 -0.005)
(0.167 -0.03666666667 -0.005)
(0.16925 -0.03666666667 -0.005)
(0.1715 -0.03666666667 -0.005)
(0.17375 -0.03666666667 -0.005)
(0.176 -0.03666666667 -0.005)
(0.17825 -0.03666666667 -0.005)
(0.1805 -0.03666666667 -0.005)
(0.18275 -0.03666666667 -0.005)
(0.185 -0.03666666667 -0.005)
(0.18725 -0.03666666667 -0.005)
(0.1895 -0.03666666667 -0.005)
(0.19175 -0.03666666667 -0.005)
(0.194 -0.03666666667 -0.005)
(0.19625 -0.03666666667 -0.005)
(0.1985 -0.03666666667 -0.005)
(0.20075 -0.03666666667 -0.005)
(0.203 -0.03666666667 -0.005)
(0.20525 -0.03666666667 -0.005)
(0.2075 -0.03666666667 -0.005)
(0.20975 -0.03666666667 -0.005)
(0.212 -0.03666666667 -0.005)
(0.21425 -0.03666666667 -0.005)
(0.2165 -0.03666666667 -0.005)
(0.21875 -0.03666666667 -0.005)
(0.221 -0.03666666667 -0.005)
(0.22325 -0.03666666667 -0.005)
(0.2255 -0.03666666667 -0.005)
(0.22775 -0.03666666667 -0.005)
(0.23 -0.03666666667 -0.005)
(0.23225 -0.03666666667 -0.005)
(0.2345 -0.03666666667 -0.005)
(0.23675 -0.03666666667 -0.005)
(0.239 -0.03666666667 -0.005)
(0.24125 -0.03666666667 -0.005)
(0.2435 -0.03666666667 -0.005)
(0.24575 -0.03666666667 -0.005)
(0.248 -0.03666666667 -0.005)
(0.25025 -0.03666666667 -0.005)
(0.2525 -0.03666666667 -0.005)
(0.25475 -0.03666666667 -0.005)
(0.257 -0.03666666667 -0.005)
(0.25925 -0.03666666667 -0.005)
(0.2615 -0.03666666667 -0.005)
(0.26375 -0.03666666667 -0.005)
(0.266 -0.03666666667 -0.005)
(0.26825 -0.03666666667 -0.005)
(0.2705 -0.03666666667 -0.005)
(0.27275 -0.03666666667 -0.005)
(0.275 -0.03666666667 -0.005)
(0.27725 -0.03666666667 -0.005)
(0.2795 -0.03666666667 -0.005)
(0.28175 -0.03666666667 -0.005)
(0.284 -0.03666666667 -0.005)
(0.28625 -0.03666666667 -0.005)
(0.2885 -0.03666666667 -0.005)
(0.29075 -0.03666666667 -0.005)
(0.293 -0.03666666667 -0.005)
(0.29525 -0.03666666667 -0.005)
(0.2975 -0.03666666667 -0.005)
(0.29975 -0.03666666667 -0.005)
(0.302 -0.03666666667 -0.005)
(0.30425 -0.03666666667 -0.005)
(0.3065 -0.03666666667 -0.005)
(0.30875 -0.03666666667 -0.005)
(0.311 -0.03666666667 -0.005)
(0.31325 -0.03666666667 -0.005)
(0.3155 -0.03666666667 -0.005)
(0.31775 -0.03666666667 -0.005)
(0.32 -0.03666666667 -0.005)
(0.32225 -0.03666666667 -0.005)
(0.3245 -0.03666666667 -0.005)
(0.32675 -0.03666666667 -0.005)
(0.329 -0.03666666667 -0.005)
(0.33125 -0.03666666667 -0.005)
(0.3335 -0.03666666667 -0.005)
(0.33575 -0.03666666667 -0.005)
(0.338 -0.03666666667 -0.005)
(0.34025 -0.03666666667 -0.005)
(0.3425 -0.03666666667 -0.005)
(0.34475 -0.03666666667 -0.005)
(0.347 -0.03666666667 -0.005)
(0.34925 -0.03666666667 -0.005)
(0.3515 -0.03666666667 -0.005)
(0.35375 -0.03666666667 -0.005)
(0.356 -0.03666666667 -0.005)
(0.35825 -0.03666666667 -0.005)
(0.3605 -0.03666666667 -0.005)
(0.36275 -0.03666666667 -0.005)
(0.365 -0.03666666667 -0.005)
(0.36725 -0.03666666667 -0.005)
(0.3695 -0.03666666667 -0.005)
(0.37175 -0.03666666667 -0.005)
(0.374 -0.03666666667 -0.005)
(0.37625 -0.03666666667 -0.005)
(0.3785 -0.03666666667 -0.005)
(0.38075 -0.03666666667 -0.005)
(0.383 -0.03666666667 -0.005)
(0.38525 -0.03666666667 -0.005)
(0.3875 -0.03666666667 -0.005)
(0.38975 -0.03666666667 -0.005)
(0.392 -0.03666666667 -0.005)
(0.39425 -0.03666666667 -0.005)
(0.3965 -0.03666666667 -0.005)
(0.39875 -0.03666666667 -0.005)
(0.401 -0.03666666667 -0.005)
(0.40325 -0.03666666667 -0.005)
(0.4055 -0.03666666667 -0.005)
(0.40775 -0.03666666667 -0.005)
(0.41 -0.03666666667 -0.005)
(0.41225 -0.03666666667 -0.005)
(0.4145 -0.03666666667 -0.005)
(0.41675 -0.03666666667 -0.005)
(0.419 -0.03666666667 -0.005)
(0.42125 -0.03666666667 -0.005)
(0.4235 -0.03666666667 -0.005)
(0.42575 -0.03666666667 -0.005)
(0.428 -0.03666666667 -0.005)
(0.43025 -0.03666666667 -0.005)
(0.4325 -0.03666666667 -0.005)
(0.43475 -0.03666666667 -0.005)
(0.437 -0.03666666667 -0.005)
(0.43925 -0.03666666667 -0.005)
(0.4415 -0.03666666667 -0.005)
(0.44375 -0.03666666667 -0.005)
(0.446 -0.03666666667 -0.005)
(0.44825 -0.03666666667 -0.005)
(0.4505 -0.03666666667 -0.005)
(0.45275 -0.03666666667 -0.005)
(0.455 -0.03666666667 -0.005)
(0.45725 -0.03666666667 -0.005)
(0.4595 -0.03666666667 -0.005)
(0.46175 -0.03666666667 -0.005)
(0.464 -0.03666666667 -0.005)
(0.46625 -0.03666666667 -0.005)
(0.4685 -0.03666666667 -0.005)
(0.47075 -0.03666666667 -0.005)
(0.473 -0.03666666667 -0.005)
(0.47525 -0.03666666667 -0.005)
(0.4775 -0.03666666667 -0.005)
(0.47975 -0.03666666667 -0.005)
(0.482 -0.03666666667 -0.005)
(0.48425 -0.03666666667 -0.005)
(0.4865 -0.03666666667 -0.005)
(0.48875 -0.03666666667 -0.005)
(0.491 -0.03666666667 -0.005)
(0.49325 -0.03666666667 -0.005)
(0.4955 -0.03666666667 -0.005)
(0.49775 -0.03666666667 -0.005)
(0.5 -0.03666666667 -0.005)
(0.05225 -0.03333333333 0.005)
(0.0545 -0.03333333333 0.005)
(0.05675 -0.03333333333 0.005)
(0.059 -0.03333333333 0.005)
(0.06125 -0.03333333333 0.005)
(0.0635 -0.03333333333 0.005)
(0.06575 -0.03333333333 0.005)
(0.068 -0.03333333333 0.005)
(0.07025 -0.03333333333 0.005)
(0.0725 -0.03333333333 0.005)
(0.07475 -0.03333333333 0.005)
(0.077 -0.03333333333 0.005)
(0.07925 -0.03333333333 0.005)
(0.0815 -0.03333333333 0.005)
(0.08375 -0.03333333333 0.005)
(0.086 -0.03333333333 0.005)
(0.08825 -0.03333333333 0.005)
(0.0905 -0.03333333333 0.005)
(0.09275 -0.03333333333 0.005)
(0.095 -0.03333333333 0.005)
(0.09725 -0.03333333333 0.005)
(0.0995 -0.03333333333 0.005)
(0.10175 -0.03333333333 0.005)
(0.104 -0.03333333333 0.005)
(0.10625 -0.03333333333 0.005)
(0.1085 -0.03333333333 0.005)
(0.11075 -0.03333333333 0.005)
(0.113 -0.03333333333 0.005)
(0.11525 -0.03333333333 0.005)
(0.1175 -0.03333333333 0.005)
(0.11975 -0.03333333333 0.005)
(0.122 -0.03333333333 0.005)
(0.12425 -0.03333333333 0.005)
(0.1265 -0.03333333333 0.005)
(0.12875 -0.03333333333 0.005)
(0.131 -0.03333333333 0.005)
(0.13325 -0.03333333333 0.005)
(0.1355 -0.03333333333 0.005)
(0.13775 -0.03333333333 0.005)
(0.14 -0.03333333333 0.005)
(0.14225 -0.03333333333 0.005)
(0.1445 -0.03333333333 0.005)
(0.14675 -0.03333333333 0.005)
(0.149 -0.03333333333 0.005)
(0.15125 -0.03333333333 0.005)
(0.1535 -0.03333333333 0.005)
(0.15575 -0.03333333333 0.005)
(0.158 -0.03333333333 0.005)
(0.16025 -0.03333333333 0.005)
(0.1625 -0.03333333333 0.005)
(0.16475 -0.03333333333 0.005)
(0.167 -0.03333333333 0.005)
(0.16925 -0.03333333333 0.005)
(0.1715 -0.03333333333 0.005)
(0.17375 -0.03333333333 0.005)
(0.176 -0.03333333333 0.005)
(0.17825 -0.03333333333 0.005)
(0.1805 -0.03333333333 0.005)
(0.18275 -0.03333333333 0.005)
(0.185 -0.03333333333 0.005)
(0.18725 -0.03333333333 0.005)
(0.1895 -0.03333333333 0.005)
(0.19175 -0.03333333333 0.005)
(0.194 -0.03333333333 0.005)
(0.19625 -0.03333333333 0.005)
(0.1985 -0.03333333333 0.005)
(0.20075 -0.03333333333 0.005)
(0.203 -0.03333333333 0.005)
(0.20525 -0.03333333333 0.005)
(0.2075 -0.03333333333 0.005)
(0.20975 -0.03333333333 0.005)
(0.212 -0.03333333333 0.005)
(0.21425 -0.03333333333 0.005)
(0.2165 -0.03333333333 0.005)
(0.21875 -0.03333333333 0.005)
(0.221 -0.03333333333 0.005)
(0.22325 -0.03333333333 0.005)
(0.2255 -0.03333333333 0.005)
(0.22775 -0.03333333333 0.005)
(0.23 -0.03333333333 0.005)
(0.23225 -0.03333333333 0.005)
(0.2345 -0.03333333333 0.005)
(0.23675 -0.03333333333 0.005)
(0.239 -0.03333333333 0.005)
(0.24125 -0.03333333333 0.005)
(0.2435 -0.03333333333 0.005)
(0.24575 -0.03333333333 0.005)
(0.248 -0.03333333333 0.005)
(0.25025 -0.03333333333 0.005)
(0.2525 -0.03333333333 0.005)
(0.25475 -0.03333333333 0.005)
(0.257 -0.03333333333 0.005)
(0.25925 -0.03333333333 0.005)
(0.2615 -0.03333333333 0.005)
(0.26375 -0.03333333333 0.005)
(0.266 -0.03333333333 0.005)
(0.26825 -0.03333333333 0.005)
(0.2705 -0.03333333333 0.005)
(0.27275 -0.03333333333 0.005)
(0.275 -0.03333333333 0.005)
(0.27725 -0.03333333333 0.005)
(0.2795 -0.03333333333 0.005)
(0.28175 -0.03333333333 0.005)
(0.284 -0.03333333333 0.005)
(0.28625 -0.03333333333 0.005)
(0.2885 -0.03333333333 0.005)
(0.29075 -0.03333333333 0.005)
(0.293 -0.03333333333 0.005)
(0.29525 -0.03333333333 0.005)
(0.2975 -0.03333333333 0.005)
(0.29975 -0.03333333333 0.005)
(0.302 -0.03333333333 0.005)
(0.30425 -0.03333333333 0.005)
(0.3065 -0.03333333333 0.005)
(0.30875 -0.03333333333 0.005)
(0.311 -0.03333333333 0.005)
(0.31325 -0.03333333333 0.005)
(0.3155 -0.03333333333 0.005)
(0.31775 -0.03333333333 0.005)
(0.32 -0.03333333333 0.005)
(0.32225 -0.03333333333 0.005)
(0.3245 -0.03333333333 0.005)
(0.32675 -0.03333333333 0.005)
(0.329 -0.03333333333 0.005)
(0.33125 -0.03333333333 0.005)
(0.3335 -0.03333333333 0.005)
(0.33575 -0.03333333333 0.005)
(0.338 -0.03333333333 0.005)
(0.34025 -0.03333333333 0.005)
(0.3425 -0.03333333333 0.005)
(0.34475 -0.03333333333 0.005)
(0.347 -0.03333333333 0.005)
(0.34925 -0.03333333333 0.005)
(0.3515 -0.03333333333 0.005)
(0.35375 -0.03333333333 0.005)
(0.356 -0.03333333333 0.005)
(0.35825 -0.03333333333 0.005)
(0.3605 -0.03333333333 0.005)
(0.36275 -0.03333333333 0.005)
(0.365 -0.03333333333 0.005)
(0.36725 -0.03333333333 0.005)
(0.3695 -0.03333333333 0.005)
(0.37175 -0.03333333333 0.005)
(0.374 -0.03333333333 0.005)
(0.37625 -0.03333333333 0.005)
(0.3785 -0.03333333333 0.005)
(0.38075 -0.03333333333 0.005)
(0.383 -0.03333333333 0.005)
(0.38525 -0.03333333333 0.005)
(0.3875 -0.03333333333 0.005)
(0.38975 -0.03333333333 0.005)
(0.392 -0.03333333333 0.005)
(0.39425 -0.03333333333 0.005)
(0.3965 -0.03333333333 0.005)
(0.39875 -0.03333333333 0.005)
(0.401 -0.03333333333 0.005)
(0.40325 -0.03333333333 0.005)
(0.4055 -0.03333333333 0.005)
(0.40775 -0.03333333333 0.005)
(0.41 -0.03333333333 0.005)
(0.41225 -0.03333333333 0.005)
(0.4145 -0.03333333333 0.005)
(0.41675 -0.03333333333 0.005)
(0.419 -0.03333333333 0.005)
(0.42125 -0.03333333333 0.005)
(0.4235 -0.03333333333 0.005)
(0.42575 -0.03333333333 0.005)
(0.428 -0.03333333333 0.005)
(0.43025 -0.03333333333 0.005)
(0.4325 -0.03333333333 0.005)
(0.43475 -0.03333333333 0.005)
(0.437 -0.03333333333 0.005)
(0.43925 -0.03333333333 0.005)
(0.4415 -0.03333333333 0.005)
(0.44375 -0.03333333333 0.005)
(0.446 -0.03333333333 0.005)
(0.44825 -0.03333333333 0.005)
(0.4505 -0.03333333333 0.005)
(0.45275 -0.03333333333 0.005)
(0.455 -0.03333333333 0.005)
(0.45725 -0.03333333333 0.005)
(0.4595 -0.03333333333 0.005)
(0.46175 -0.03333333333 0.005)
(0.464 -0.03333333333 0.005)
(0.46625 -0.03333333333 0.005)
(0.4685 -0.03333333333 0.005)
(0.47075 -0.03333333333 0.005)
(0.473 -0.03333333333 0.005)
(0.47525 -0.03333333333 0.005)
(0.4775 -0.03333333333 0.005)
(0.47975 -0.03333333333 0.005)
(0.482 -0.03333333333 0.005)
(0.48425 -0.03333333333 0.005)
(0.4865 -0.03333333333 0.005)
(0.48875 -0.03333333333 0.005)
(0.491 -0.03333333333 0.005)
(0.49325 -0.03333333333 0.005)
(0.4955 -0.03333333333 0.005)
(0.49775 -0.03333333333 0.005)
(0.5 -0.03333333333 0.005)
(0.05225 -0.03333333333 -0.005)
(0.0545 -0.03333333333 -0.005)
(0.05675 -0.03333333333 -0.005)
(0.059 -0.03333333333 -0.005)
(0.06125 -0.03333333333 -0.005)
(0.0635 -0.03333333333 -0.005)
(0.06575 -0.03333333333 -0.005)
(0.068 -0.03333333333 -0.005)
(0.07025 -0.03333333333 -0.005)
(0.0725 -0.03333333333 -0.005)
(0.07475 -0.03333333333 -0.005)
(0.077 -0.03333333333 -0.005)
(0.07925 -0.03333333333 -0.005)
(0.0815 -0.03333333333 -0.005)
(0.08375 -0.03333333333 -0.005)
(0.086 -0.03333333333 -0.005)
(0.08825 -0.03333333333 -0.005)
(0.0905 -0.03333333333 -0.005)
(0.09275 -0.03333333333 -0.005)
(0.095 -0.03333333333 -0.005)
(0.09725 -0.03333333333 -0.005)
(0.0995 -0.03333333333 -0.005)
(0.10175 -0.03333333333 -0.005)
(0.104 -0.03333333333 -0.005)
(0.10625 -0.03333333333 -0.005)
(0.1085 -0.03333333333 -0.005)
(0.11075 -0.03333333333 -0.005)
(0.113 -0.03333333333 -0.005)
(0.11525 -0.03333333333 -0.005)
(0.1175 -0.03333333333 -0.005)
(0.11975 -0.03333333333 -0.005)
(0.122 -0.03333333333 -0.005)
(0.12425 -0.03333333333 -0.005)
(0.1265 -0.03333333333 -0.005)
(0.12875 -0.03333333333 -0.005)
(0.131 -0.03333333333 -0.005)
(0.13325 -0.03333333333 -0.005)
(0.1355 -0.03333333333 -0.005)
(0.13775 -0.03333333333 -0.005)
(0.14 -0.03333333333 -0.005)
(0.14225 -0.03333333333 -0.005)
(0.1445 -0.03333333333 -0.005)
(0.14675 -0.03333333333 -0.005)
(0.149 -0.03333333333 -0.005)
(0.15125 -0.03333333333 -0.005)
(0.1535 -0.03333333333 -0.005)
(0.15575 -0.03333333333 -0.005)
(0.158 -0.03333333333 -0.005)
(0.16025 -0.03333333333 -0.005)
(0.1625 -0.03333333333 -0.005)
(0.16475 -0.03333333333 -0.005)
(0.167 -0.03333333333 -0.005)
(0.16925 -0.03333333333 -0.005)
(0.1715 -0.03333333333 -0.005)
(0.17375 -0.03333333333 -0.005)
(0.176 -0.03333333333 -0.005)
(0.17825 -0.03333333333 -0.005)
(0.1805 -0.03333333333 -0.005)
(0.18275 -0.03333333333 -0.005)
(0.185 -0.03333333333 -0.005)
(0.18725 -0.03333333333 -0.005)
(0.1895 -0.03333333333 -0.005)
(0.19175 -0.03333333333 -0.005)
(0.194 -0.03333333333 -0.005)
(0.19625 -0.03333333333 -0.005)
(0.1985 -0.03333333333 -0.005)
(0.20075 -0.03333333333 -0.005)
(0.203 -0.03333333333 -0.005)
(0.20525 -0.03333333333 -0.005)
(0.2075 -0.03333333333 -0.005)
(0.20975 -0.03333333333 -0.005)
(0.212 -0.03333333333 -0.005)
(0.21425 -0.03333333333 -0.005)
(0.2165 -0.03333333333 -0.005)
(0.21875 -0.03333333333 -0.005)
(0.221 -0.03333333333 -0.005)
(0.22325 -0.03333333333 -0.005)
(0.2255 -0.03333333333 -0.005)
(0.22775 -0.03333333333 -0.005)
(0.23 -0.03333333333 -0.005)
(0.23225 -0.03333333333 -0.005)
(0.2345 -0.03333333333 -0.005)
(0.23675 -0.03333333333 -0.005)
(0.239 -0.03333333333 -0.005)
(0.24125 -0.03333333333 -0.005)
(0.2435 -0.03333333333 -0.005)
(0.24575 -0.03333333333 -0.005)
(0.248 -0.03333333333 -0.005)
(0.25025 -0.03333333333 -0.005)
(0.2525 -0.03333333333 -0.005)
(0.25475 -0.03333333333 -0.005)
(0.257 -0.03333333333 -0.005)
(0.25925 -0.03333333333 -0.005)
(0.2615 -0.03333333333 -0.005)
(0.26375 -0.03333333333 -0.005)
(0.266 -0.03333333333 -0.005)
(0.26825 -0.03333333333 -0.005)
(0.2705 -0.03333333333 -0.005)
(0.27275 -0.03333333333 -0.005)
(0.275 -0.03333333333 -0.005)
(0.27725 -0.03333333333 -0.005)
(0.2795 -0.03333333333 -0.005)
(0.28175 -0.03333333333 -0.005)
(0.284 -0.03333333333 -0.005)
(0.28625 -0.03333333333 -0.005)
(0.2885 -0.03333333333 -0.005)
(0.29075 -0.03333333333 -0.005)
(0.293 -0.03333333333 -0.005)
(0.29525 -0.03333333333 -0.005)
(0.2975 -0.03333333333 -0.005)
(0.29975 -0.03333333333 -0.005)
(0.302 -0.03333333333 -0.005)
(0.30425 -0.03333333333 -0.005)
(0.3065 -0.03333333333 -0.005)
(0.30875 -0.03333333333 -0.005)
(0.311 -0.03333333333 -0.005)
(0.31325 -0.03333333333 -0.005)
(0.3155 -0.03333333333 -0.005)
(0.31775 -0.03333333333 -0.005)
(0.32 -0.03333333333 -0.005)
(0.32225 -0.03333333333 -0.005)
(0.3245 -0.03333333333 -0.005)
(0.32675 -0.03333333333 -0.005)
(0.329 -0.03333333333 -0.005)
(0.33125 -0.03333333333 -0.005)
(0.3335 -0.03333333333 -0.005)
(0.33575 -0.03333333333 -0.005)
(0.338 -0.03333333333 -0.005)
(0.34025 -0.03333333333 -0.005)
(0.3425 -0.03333333333 -0.005)
(0.34475 -0.03333333333 -0.005)
(0.347 -0.03333333333 -0.005)
(0.34925 -0.03333333333 -0.005)
(0.3515 -0.03333333333 -0.005)
(0.35375 -0.03333333333 -0.005)
(0.356 -0.03333333333 -0.005)
(0.35825 -0.03333333333 -0.005)
(0.3605 -0.03333333333 -0.005)
(0.36275 -0.03333333333 -0.005)
(0.365 -0.03333333333 -0.005)
(0.36725 -0.03333333333 -0.005)
(0.3695 -0.03333333333 -0.005)
(0.37175 -0.03333333333 -0.005)
(0.374 -0.03333333333 -0.005)
(0.37625 -0.03333333333 -0.005)
(0.3785 -0.03333333333 -0.005)
(0.38075 -0.03333333333 -0.005)
(0.383 -0.03333333333 -0.005)
(0.38525 -0.03333333333 -0.005)
(0.3875 -0.03333333333 -0.005)
(0.38975 -0.03333333333 -0.005)
(0.392 -0.03333333333 -0.005)
(0.39425 -0.03333333333 -0.005)
(0.3965 -0.03333333333 -0.005)
(0.39875 -0.03333333333 -0.005)
(0.401 -0.03333333333 -0.005)
(0.40325 -0.03333333333 -0.005)
(0.4055 -0.03333333333 -0.005)
(0.40775 -0.03333333333 -0.005)
(0.41 -0.03333333333 -0.005)
(0.41225 -0.03333333333 -0.005)
(0.4145 -0.03333333333 -0.005)
(0.41675 -0.03333333333 -0.005)
(0.419 -0.03333333333 -0.005)
(0.42125 -0.03333333333 -0.005)
(0.4235 -0.03333333333 -0.005)
(0.42575 -0.03333333333 -0.005)
(0.428 -0.03333333333 -0.005)
(0.43025 -0.03333333333 -0.005)
(0.4325 -0.03333333333 -0.005)
(0.43475 -0.03333333333 -0.005)
(0.437 -0.03333333333 -0.005)
(0.43925 -0.03333333333 -0.005)
(0.4415 -0.03333333333 -0.005)
(0.44375 -0.03333333333 -0.005)
(0.446 -0.03333333333 -0.005)
(0.44825 -0.03333333333 -0.005)
(0.4505 -0.03333333333 -0.005)
(0.45275 -0.03333333333 -0.005)
(0.455 -0.03333333333 -0.005)
(0.45725 -0.03333333333 -0.005)
(0.4595 -0.03333333333 -0.005)
(0.46175 -0.03333333333 -0.005)
(0.464 -0.03333333333 -0.005)
(0.46625 -0.03333333333 -0.005)
(0.4685 -0.03333333333 -0.005)
(0.47075 -0.03333333333 -0.005)
(0.473 -0.03333333333 -0.005)
(0.47525 -0.03333333333 -0.005)
(0.4775 -0.03333333333 -0.005)
(0.47975 -0.03333333333 -0.005)
(0.482 -0.03333333333 -0.005)
(0.48425 -0.03333333333 -0.005)
(0.4865 -0.03333333333 -0.005)
(0.48875 -0.03333333333 -0.005)
(0.491 -0.03333333333 -0.005)
(0.49325 -0.03333333333 -0.005)
(0.4955 -0.03333333333 -0.005)
(0.49775 -0.03333333333 -0.005)
(0.5 -0.03333333333 -0.005)
(0.05225 -0.03 0.005)
(0.0545 -0.03 0.005)
(0.05675 -0.03 0.005)
(0.059 -0.03 0.005)
(0.06125 -0.03 0.005)
(0.0635 -0.03 0.005)
(0.06575 -0.03 0.005)
(0.068 -0.03 0.005)
(0.07025 -0.03 0.005)
(0.0725 -0.03 0.005)
(0.07475 -0.03 0.005)
(0.077 -0.03 0.005)
(0.07925 -0.03 0.005)
(0.0815 -0.03 0.005)
(0.08375 -0.03 0.005)
(0.086 -0.03 0.005)
(0.08825 -0.03 0.005)
(0.0905 -0.03 0.005)
(0.09275 -0.03 0.005)
(0.095 -0.03 0.005)
(0.09725 -0.03 0.005)
(0.0995 -0.03 0.005)
(0.10175 -0.03 0.005)
(0.104 -0.03 0.005)
(0.10625 -0.03 0.005)
(0.1085 -0.03 0.005)
(0.11075 -0.03 0.005)
(0.113 -0.03 0.005)
(0.11525 -0.03 0.005)
(0.1175 -0.03 0.005)
(0.11975 -0.03 0.005)
(0.122 -0.03 0.005)
(0.12425 -0.03 0.005)
(0.1265 -0.03 0.005)
(0.12875 -0.03 0.005)
(0.131 -0.03 0.005)
(0.13325 -0.03 0.005)
(0.1355 -0.03 0.005)
(0.13775 -0.03 0.005)
(0.14 -0.03 0.005)
(0.14225 -0.03 0.005)
(0.1445 -0.03 0.005)
(0.14675 -0.03 0.005)
(0.149 -0.03 0.005)
(0.15125 -0.03 0.005)
(0.1535 -0.03 0.005)
(0.15575 -0.03 0.005)
(0.158 -0.03 0.005)
(0.16025 -0.03 0.005)
(0.1625 -0.03 0.005)
(0.16475 -0.03 0.005)
(0.167 -0.03 0.005)
(0.16925 -0.03 0.005)
(0.1715 -0.03 0.005)
(0.17375 -0.03 0.005)
(0.176 -0.03 0.005)
(0.17825 -0.03 0.005)
(0.1805 -0.03 0.005)
(0.18275 -0.03 0.005)
(0.185 -0.03 0.005)
(0.18725 -0.03 0.005)
(0.1895 -0.03 0.005)
(0.19175 -0.03 0.005)
(0.194 -0.03 0.005)
(0.19625 -0.03 0.005)
(0.1985 -0.03 0.005)
(0.20075 -0.03 0.005)
(0.203 -0.03 0.005)
(0.20525 -0.03 0.005)
(0.2075 -0.03 0.005)
(0.20975 -0.03 0.005)
(0.212 -0.03 0.005)
(0.21425 -0.03 0.005)
(0.2165 -0.03 0.005)
(0.21875 -0.03 0.005)
(0.221 -0.03 0.005)
(0.22325 -0.03 0.005)
(0.2255 -0.03 0.005)
(0.22775 -0.03 0.005)
(0.23 -0.03 0.005)
(0.23225 -0.03 0.005)
(0.2345 -0.03 0.005)
(0.23675 -0.03 0.005)
(0.239 -0.03 0.005)
(0.24125 -0.03 0.005)
(0.2435 -0.03 0.005)
(0.24575 -0.03 0.005)
(0.248 -0.03 0.005)
(0.25025 -0.03 0.005)
(0.2525 -0.03 0.005)
(0.25475 -0.03 0.005)
(0.257 -0.03 0.005)
(0.25925 -0.03 0.005)
(0.2615 -0.03 0.005)
(0.26375 -0.03 0.005)
(0.266 -0.03 0.005)
(0.26825 -0.03 0.005)
(0.2705 -0.03 0.005)
(0.27275 -0.03 0.005)
(0.275 -0.03 0.005)
(0.27725 -0.03 0.005)
(0.2795 -0.03 0.005)
(0.28175 -0.03 0.005)
(0.284 -0.03 0.005)
(0.28625 -0.03 0.005)
(0.2885 -0.03 0.005)
(0.29075 -0.03 0.005)
(0.293 -0.03 0.005)
(0.29525 -0.03 0.005)
(0.2975 -0.03 0.005)
(0.29975 -0.03 0.005)
(0.302 -0.03 0.005)
(0.30425 -0.03 0.005)
(0.3065 -0.03 0.005)
(0.30875 -0.03 0.005)
(0.311 -0.03 0.005)
(0.31325 -0.03 0.005)
(0.3155 -0.03 0.005)
(0.31775 -0.03 0.005)
(0.32 -0.03 0.005)
(0.32225 -0.03 0.005)
(0.3245 -0.03 0.005)
(0.32675 -0.03 0.005)
(0.329 -0.03 0.005)
(0.33125 -0.03 0.005)
(0.3335 -0.03 0.005)
(0.33575 -0.03 0.005)
(0.338 -0.03 0.005)
(0.34025 -0.03 0.005)
(0.3425 -0.03 0.005)
(0.34475 -0.03 0.005)
(0.347 -0.03 0.005)
(0.34925 -0.03 0.005)
(0.3515 -0.03 0.005)
(0.35375 -0.03 0.005)
(0.356 -0.03 0.005)
(0.35825 -0.03 0.005)
(0.3605 -0.03 0.005)
(0.36275 -0.03 0.005)
(0.365 -0.03 0.005)
(0.36725 -0.03 0.005)
(0.3695 -0.03 0.005)
(0.37175 -0.03 0.005)
(0.374 -0.03 0.005)
(0.37625 -0.03 0.005)
(0.3785 -0.03 0.005)
(0.38075 -0.03 0.005)
(0.383 -0.03 0.005)
(0.38525 -0.03 0.005)
(0.3875 -0.03 0.005)
(0.38975 -0.03 0.005)
(0.392 -0.03 0.005)
(0.39425 -0.03 0.005)
(0.3965 -0.03 0.005)
(0.39875 -0.03 0.005)
(0.401 -0.03 0.005)
(0.40325 -0.03 0.005)
(0.4055 -0.03 0.005)
(0.40775 -0.03 0.005)
(0.41 -0.03 0.005)
(0.41225 -0.03 0.005)
(0.4145 -0.03 0.005)
(0.41675 -0.03 0.005)
(0.419 -0.03 0.005)
(0.42125 -0.03 0.005)
(0.4235 -0.03 0.005)
(0.42575 -0.03 0.005)
(0.428 -0.03 0.005)
(0.43025 -0.03 0.005)
(0.4325 -0.03 0.005)
(0.43475 -0.03 0.005)
(0.437 -0.03 0.005)
(0.43925 -0.03 0.005)
(0.4415 -0.03 0.005)
(0.44375 -0.03 0.005)
(0.446 -0.03 0.005)
(0.44825 -0.03 0.005)
(0.4505 -0.03 0.005)
(0.45275 -0.03 0.005)
(0.455 -0.03 0.005)
(0.45725 -0.03 0.005)
(0.4595 -0.03 0.005)
(0.46175 -0.03 0.005)
(0.464 -0.03 0.005)
(0.46625 -0.03 0.005)
(0.4685 -0.03 0.005)
(0.47075 -0.03 0.005)
(0.473 -0.03 0.005)
(0.47525 -0.03 0.005)
(0.4775 -0.03 0.005)
(0.47975 -0.03 0.005)
(0.482 -0.03 0.005)
(0.48425 -0.03 0.005)
(0.4865 -0.03 0.005)
(0.48875 -0.03 0.005)
(0.491 -0.03 0.005)
(0.49325 -0.03 0.005)
(0.4955 -0.03 0.005)
(0.49775 -0.03 0.005)
(0.5 -0.03 0.005)
(0.05225 -0.03 -0.005)
(0.0545 -0.03 -0.005)
(0.05675 -0.03 -0.005)
(0.059 -0.03 -0.005)
(0.06125 -0.03 -0.005)
(0.0635 -0.03 -0.005)
(0.06575 -0.03 -0.005)
(0.068 -0.03 -0.005)
(0.07025 -0.03 -0.005)
(0.0725 -0.03 -0.005)
(0.07475 -0.03 -0.005)
(0.077 -0.03 -0.005)
(0.07925 -0.03 -0.005)
(0.0815 -0.03 -0.005)
(0.08375 -0.03 -0.005)
(0.086 -0.03 -0.005)
(0.08825 -0.03 -0.005)
(0.0905 -0.03 -0.005)
(0.09275 -0.03 -0.005)
(0.095 -0.03 -0.005)
(0.09725 -0.03 -0.005)
(0.0995 -0.03 -0.005)
(0.10175 -0.03 -0.005)
(0.104 -0.03 -0.005)
(0.10625 -0.03 -0.005)
(0.1085 -0.03 -0.005)
(0.11075 -0.03 -0.005)
(0.113 -0.03 -0.005)
(0.11525 -0.03 -0.005)
(0.1175 -0.03 -0.005)
(0.11975 -0.03 -0.005)
(0.122 -0.03 -0.005)
(0.12425 -0.03 -0.005)
(0.1265 -0.03 -0.005)
(0.12875 -0.03 -0.005)
(0.131 -0.03 -0.005)
(0.13325 -0.03 -0.005)
(0.1355 -0.03 -0.005)
(0.13775 -0.03 -0.005)
(0.14 -0.03 -0.005)
(0.14225 -0.03 -0.005)
(0.1445 -0.03 -0.005)
(0.14675 -0.03 -0.005)
(0.149 -0.03 -0.005)
(0.15125 -0.03 -0.005)
(0.1535 -0.03 -0.005)
(0.15575 -0.03 -0.005)
(0.158 -0.03 -0.005)
(0.16025 -0.03 -0.005)
(0.1625 -0.03 -0.005)
(0.16475 -0.03 -0.005)
(0.167 -0.03 -0.005)
(0.16925 -0.03 -0.005)
(0.1715 -0.03 -0.005)
(0.17375 -0.03 -0.005)
(0.176 -0.03 -0.005)
(0.17825 -0.03 -0.005)
(0.1805 -0.03 -0.005)
(0.18275 -0.03 -0.005)
(0.185 -0.03 -0.005)
(0.18725 -0.03 -0.005)
(0.1895 -0.03 -0.005)
(0.19175 -0.03 -0.005)
(0.194 -0.03 -0.005)
(0.19625 -0.03 -0.005)
(0.1985 -0.03 -0.005)
(0.20075 -0.03 -0.005)
(0.203 -0.03 -0.005)
(0.20525 -0.03 -0.005)
(0.2075 -0.03 -0.005)
(0.20975 -0.03 -0.005)
(0.212 -0.03 -0.005)
(0.21425 -0.03 -0.005)
(0.2165 -0.03 -0.005)
(0.21875 -0.03 -0.005)
(0.221 -0.03 -0.005)
(0.22325 -0.03 -0.005)
(0.2255 -0.03 -0.005)
(0.22775 -0.03 -0.005)
(0.23 -0.03 -0.005)
(0.23225 -0.03 -0.005)
(0.2345 -0.03 -0.005)
(0.23675 -0.03 -0.005)
(0.239 -0.03 -0.005)
(0.24125 -0.03 -0.005)
(0.2435 -0.03 -0.005)
(0.24575 -0.03 -0.005)
(0.248 -0.03 -0.005)
(0.25025 -0.03 -0.005)
(0.2525 -0.03 -0.005)
(0.25475 -0.03 -0.005)
(0.257 -0.03 -0.005)
(0.25925 -0.03 -0.005)
(0.2615 -0.03 -0.005)
(0.26375 -0.03 -0.005)
(0.266 -0.03 -0.005)
(0.26825 -0.03 -0.005)
(0.2705 -0.03 -0.005)
(0.27275 -0.03 -0.005)
(0.275 -0.03 -0.005)
(0.27725 -0.03 -0.005)
(0.2795 -0.03 -0.005)
(0.28175 -0.03 -0.005)
(0.284 -0.03 -0.005)
(0.28625 -0.03 -0.005)
(0.2885 -0.03 -0.005)
(0.29075 -0.03 -0.005)
(0.293 -0.03 -0.005)
(0.29525 -0.03 -0.005)
(0.2975 -0.03 -0.005)
(0.29975 -0.03 -0.005)
(0.302 -0.03 -0.005)
(0.30425 -0.03 -0.005)
(0.3065 -0.03 -0.005)
(0.30875 -0.03 -0.005)
(0.311 -0.03 -0.005)
(0.31325 -0.03 -0.005)
(0.3155 -0.03 -0.005)
(0.31775 -0.03 -0.005)
(0.32 -0.03 -0.005)
(0.32225 -0.03 -0.005)
(0.3245 -0.03 -0.005)
(0.32675 -0.03 -0.005)
(0.329 -0.03 -0.005)
(0.33125 -0.03 -0.005)
(0.3335 -0.03 -0.005)
(0.33575 -0.03 -0.005)
(0.338 -0.03 -0.005)
(0.34025 -0.03 -0.005)
(0.3425 -0.03 -0.005)
(0.34475 -0.03 -0.005)
(0.347 -0.03 -0.005)
(0.34925 -0.03 -0.005)
(0.3515 -0.03 -0.005)
(0.35375 -0.03 -0.005)
(0.356 -0.03 -0.005)
(0.35825 -0.03 -0.005)
(0.3605 -0.03 -0.005)
(0.36275 -0.03 -0.005)
(0.365 -0.03 -0.005)
(0.36725 -0.03 -0.005)
(0.3695 -0.03 -0.005)
(0.37175 -0.03 -0.005)
(0.374 -0.03 -0.005)
(0.37625 -0.03 -0.005)
(0.3785 -0.03 -0.005)
(0.38075 -0.03 -0.005)
(0.383 -0.03 -0.005)
(0.38525 -0.03 -0.005)
(0.3875 -0.03 -0.005)
(0.38975 -0.03 -0.005)
(0.392 -0.03 -0.005)
(0.39425 -0.03 -0.005)
(0.3965 -0.03 -0.005)
(0.39875 -0.03 -0.005)
(0.401 -0.03 -0.005)
(0.40325 -0.03 -0.005)
(0.4055 -0.03 -0.005)
(0.40775 -0.03 -0.005)
(0.41 -0.03 -0.005)
(0.41225 -0.03 -0.005)
(0.4145 -0.03 -0.005)
(0.41675 -0.03 -0.005)
(0.419 -0.03 -0.005)
(0.42125 -0.03 -0.005)
(0.4235 -0.03 -0.005)
(0.42575 -0.03 -0.005)
(0.428 -0.03 -0.005)
(0.43025 -0.03 -0.005)
(0.4325 -0.03 -0.005)
(0.43475 -0.03 -0.005)
(0.437 -0.03 -0.005)
(0.43925 -0.03 -0.005)
(0.4415 -0.03 -0.005)
(0.44375 -0.03 -0.005)
(0.446 -0.03 -0.005)
(0.44825 -0.03 -0.005)
(0.4505 -0.03 -0.005)
(0.45275 -0.03 -0.005)
(0.455 -0.03 -0.005)
(0.45725 -0.03 -0.005)
(0.4595 -0.03 -0.005)
(0.46175 -0.03 -0.005)
(0.464 -0.03 -0.005)
(0.46625 -0.03 -0.005)
(0.4685 -0.03 -0.005)
(0.47075 -0.03 -0.005)
(0.473 -0.03 -0.005)
(0.47525 -0.03 -0.005)
(0.4775 -0.03 -0.005)
(0.47975 -0.03 -0.005)
(0.482 -0.03 -0.005)
(0.48425 -0.03 -0.005)
(0.4865 -0.03 -0.005)
(0.48875 -0.03 -0.005)
(0.491 -0.03 -0.005)
(0.49325 -0.03 -0.005)
(0.4955 -0.03 -0.005)
(0.49775 -0.03 -0.005)
(0.5 -0.03 -0.005)
(0.05225 -0.02666666667 0.005)
(0.0545 -0.02666666667 0.005)
(0.05675 -0.02666666667 0.005)
(0.059 -0.02666666667 0.005)
(0.06125 -0.02666666667 0.005)
(0.0635 -0.02666666667 0.005)
(0.06575 -0.02666666667 0.005)
(0.068 -0.02666666667 0.005)
(0.07025 -0.02666666667 0.005)
(0.0725 -0.02666666667 0.005)
(0.07475 -0.02666666667 0.005)
(0.077 -0.02666666667 0.005)
(0.07925 -0.02666666667 0.005)
(0.0815 -0.02666666667 0.005)
(0.08375 -0.02666666667 0.005)
(0.086 -0.02666666667 0.005)
(0.08825 -0.02666666667 0.005)
(0.0905 -0.02666666667 0.005)
(0.09275 -0.02666666667 0.005)
(0.095 -0.02666666667 0.005)
(0.09725 -0.02666666667 0.005)
(0.0995 -0.02666666667 0.005)
(0.10175 -0.02666666667 0.005)
(0.104 -0.02666666667 0.005)
(0.10625 -0.02666666667 0.005)
(0.1085 -0.02666666667 0.005)
(0.11075 -0.02666666667 0.005)
(0.113 -0.02666666667 0.005)
(0.11525 -0.02666666667 0.005)
(0.1175 -0.02666666667 0.005)
(0.11975 -0.02666666667 0.005)
(0.122 -0.02666666667 0.005)
(0.12425 -0.02666666667 0.005)
(0.1265 -0.02666666667 0.005)
(0.12875 -0.02666666667 0.005)
(0.131 -0.02666666667 0.005)
(0.13325 -0.02666666667 0.005)
(0.1355 -0.02666666667 0.005)
(0.13775 -0.02666666667 0.005)
(0.14 -0.02666666667 0.005)
(0.14225 -0.02666666667 0.005)
(0.1445 -0.02666666667 0.005)
(0.14675 -0.02666666667 0.005)
(0.149 -0.02666666667 0.005)
(0.15125 -0.02666666667 0.005)
(0.1535 -0.02666666667 0.005)
(0.15575 -0.02666666667 0.005)
(0.158 -0.02666666667 0.005)
(0.16025 -0.02666666667 0.005)
(0.1625 -0.02666666667 0.005)
(0.16475 -0.02666666667 0.005)
(0.167 -0.02666666667 0.005)
(0.16925 -0.02666666667 0.005)
(0.1715 -0.02666666667 0.005)
(0.17375 -0.02666666667 0.005)
(0.176 -0.02666666667 0.005)
(0.17825 -0.02666666667 0.005)
(0.1805 -0.02666666667 0.005)
(0.18275 -0.02666666667 0.005)
(0.185 -0.02666666667 0.005)
(0.18725 -0.02666666667 0.005)
(0.1895 -0.02666666667 0.005)
(0.19175 -0.02666666667 0.005)
(0.194 -0.02666666667 0.005)
(0.19625 -0.02666666667 0.005)
(0.1985 -0.02666666667 0.005)
(0.20075 -0.02666666667 0.005)
(0.203 -0.02666666667 0.005)
(0.20525 -0.02666666667 0.005)
(0.2075 -0.02666666667 0.005)
(0.20975 -0.02666666667 0.005)
(0.212 -0.02666666667 0.005)
(0.21425 -0.02666666667 0.005)
(0.2165 -0.02666666667 0.005)
(0.21875 -0.02666666667 0.005)
(0.221 -0.02666666667 0.005)
(0.22325 -0.02666666667 0.005)
(0.2255 -0.02666666667 0.005)
(0.22775 -0.02666666667 0.005)
(0.23 -0.02666666667 0.005)
(0.23225 -0.02666666667 0.005)
(0.2345 -0.02666666667 0.005)
(0.23675 -0.02666666667 0.005)
(0.239 -0.02666666667 0.005)
(0.24125 -0.02666666667 0.005)
(0.2435 -0.02666666667 0.005)
(0.24575 -0.02666666667 0.005)
(0.248 -0.02666666667 0.005)
(0.25025 -0.02666666667 0.005)
(0.2525 -0.02666666667 0.005)
(0.25475 -0.02666666667 0.005)
(0.257 -0.02666666667 0.005)
(0.25925 -0.02666666667 0.005)
(0.2615 -0.02666666667 0.005)
(0.26375 -0.02666666667 0.005)
(0.266 -0.02666666667 0.005)
(0.26825 -0.02666666667 0.005)
(0.2705 -0.02666666667 0.005)
(0.27275 -0.02666666667 0.005)
(0.275 -0.02666666667 0.005)
(0.27725 -0.02666666667 0.005)
(0.2795 -0.02666666667 0.005)
(0.28175 -0.02666666667 0.005)
(0.284 -0.02666666667 0.005)
(0.28625 -0.02666666667 0.005)
(0.2885 -0.02666666667 0.005)
(0.29075 -0.02666666667 0.005)
(0.293 -0.02666666667 0.005)
(0.29525 -0.02666666667 0.005)
(0.2975 -0.02666666667 0.005)
(0.29975 -0.02666666667 0.005)
(0.302 -0.02666666667 0.005)
(0.30425 -0.02666666667 0.005)
(0.3065 -0.02666666667 0.005)
(0.30875 -0.02666666667 0.005)
(0.311 -0.02666666667 0.005)
(0.31325 -0.02666666667 0.005)
(0.3155 -0.02666666667 0.005)
(0.31775 -0.02666666667 0.005)
(0.32 -0.02666666667 0.005)
(0.32225 -0.02666666667 0.005)
(0.3245 -0.02666666667 0.005)
(0.32675 -0.02666666667 0.005)
(0.329 -0.02666666667 0.005)
(0.33125 -0.02666666667 0.005)
(0.3335 -0.02666666667 0.005)
(0.33575 -0.02666666667 0.005)
(0.338 -0.02666666667 0.005)
(0.34025 -0.02666666667 0.005)
(0.3425 -0.02666666667 0.005)
(0.34475 -0.02666666667 0.005)
(0.347 -0.02666666667 0.005)
(0.34925 -0.02666666667 0.005)
(0.3515 -0.02666666667 0.005)
(0.35375 -0.02666666667 0.005)
(0.356 -0.02666666667 0.005)
(0.35825 -0.02666666667 0.005)
(0.3605 -0.02666666667 0.005)
(0.36275 -0.02666666667 0.005)
(0.365 -0.02666666667 0.005)
(0.36725 -0.02666666667 0.005)
(0.3695 -0.02666666667 0.005)
(0.37175 -0.02666666667 0.005)
(0.374 -0.02666666667 0.005)
(0.37625 -0.02666666667 0.005)
(0.3785 -0.02666666667 0.005)
(0.38075 -0.02666666667 0.005)
(0.383 -0.02666666667 0.005)
(0.38525 -0.02666666667 0.005)
(0.3875 -0.02666666667 0.005)
(0.38975 -0.02666666667 0.005)
(0.392 -0.02666666667 0.005)
(0.39425 -0.02666666667 0.005)
(0.3965 -0.02666666667 0.005)
(0.39875 -0.02666666667 0.005)
(0.401 -0.02666666667 0.005)
(0.40325 -0.02666666667 0.005)
(0.4055 -0.02666666667 0.005)
(0.40775 -0.02666666667 0.005)
(0.41 -0.02666666667 0.005)
(0.41225 -0.02666666667 0.005)
(0.4145 -0.02666666667 0.005)
(0.41675 -0.02666666667 0.005)
(0.419 -0.02666666667 0.005)
(0.42125 -0.02666666667 0.005)
(0.4235 -0.02666666667 0.005)
(0.42575 -0.02666666667 0.005)
(0.428 -0.02666666667 0.005)
(0.43025 -0.02666666667 0.005)
(0.4325 -0.02666666667 0.005)
(0.43475 -0.02666666667 0.005)
(0.437 -0.02666666667 0.005)
(0.43925 -0.02666666667 0.005)
(0.4415 -0.02666666667 0.005)
(0.44375 -0.02666666667 0.005)
(0.446 -0.02666666667 0.005)
(0.44825 -0.02666666667 0.005)
(0.4505 -0.02666666667 0.005)
(0.45275 -0.02666666667 0.005)
(0.455 -0.02666666667 0.005)
(0.45725 -0.02666666667 0.005)
(0.4595 -0.02666666667 0.005)
(0.46175 -0.02666666667 0.005)
(0.464 -0.02666666667 0.005)
(0.46625 -0.02666666667 0.005)
(0.4685 -0.02666666667 0.005)
(0.47075 -0.02666666667 0.005)
(0.473 -0.02666666667 0.005)
(0.47525 -0.02666666667 0.005)
(0.4775 -0.02666666667 0.005)
(0.47975 -0.02666666667 0.005)
(0.482 -0.02666666667 0.005)
(0.48425 -0.02666666667 0.005)
(0.4865 -0.02666666667 0.005)
(0.48875 -0.02666666667 0.005)
(0.491 -0.02666666667 0.005)
(0.49325 -0.02666666667 0.005)
(0.4955 -0.02666666667 0.005)
(0.49775 -0.02666666667 0.005)
(0.5 -0.02666666667 0.005)
(0.05225 -0.02666666667 -0.005)
(0.0545 -0.02666666667 -0.005)
(0.05675 -0.02666666667 -0.005)
(0.059 -0.02666666667 -0.005)
(0.06125 -0.02666666667 -0.005)
(0.0635 -0.02666666667 -0.005)
(0.06575 -0.02666666667 -0.005)
(0.068 -0.02666666667 -0.005)
(0.07025 -0.02666666667 -0.005)
(0.0725 -0.02666666667 -0.005)
(0.07475 -0.02666666667 -0.005)
(0.077 -0.02666666667 -0.005)
(0.07925 -0.02666666667 -0.005)
(0.0815 -0.02666666667 -0.005)
(0.08375 -0.02666666667 -0.005)
(0.086 -0.02666666667 -0.005)
(0.08825 -0.02666666667 -0.005)
(0.0905 -0.02666666667 -0.005)
(0.09275 -0.02666666667 -0.005)
(0.095 -0.02666666667 -0.005)
(0.09725 -0.02666666667 -0.005)
(0.0995 -0.02666666667 -0.005)
(0.10175 -0.02666666667 -0.005)
(0.104 -0.02666666667 -0.005)
(0.10625 -0.02666666667 -0.005)
(0.1085 -0.02666666667 -0.005)
(0.11075 -0.02666666667 -0.005)
(0.113 -0.02666666667 -0.005)
(0.11525 -0.02666666667 -0.005)
(0.1175 -0.02666666667 -0.005)
(0.11975 -0.02666666667 -0.005)
(0.122 -0.02666666667 -0.005)
(0.12425 -0.02666666667 -0.005)
(0.1265 -0.02666666667 -0.005)
(0.12875 -0.02666666667 -0.005)
(0.131 -0.02666666667 -0.005)
(0.13325 -0.02666666667 -0.005)
(0.1355 -0.02666666667 -0.005)
(0.13775 -0.02666666667 -0.005)
(0.14 -0.02666666667 -0.005)
(0.14225 -0.02666666667 -0.005)
(0.1445 -0.02666666667 -0.005)
(0.14675 -0.02666666667 -0.005)
(0.149 -0.02666666667 -0.005)
(0.15125 -0.02666666667 -0.005)
(0.1535 -0.02666666667 -0.005)
(0.15575 -0.02666666667 -0.005)
(0.158 -0.02666666667 -0.005)
(0.16025 -0.02666666667 -0.005)
(0.1625 -0.02666666667 -0.005)
(0.16475 -0.02666666667 -0.005)
(0.167 -0.02666666667 -0.005)
(0.16925 -0.02666666667 -0.005)
(0.1715 -0.02666666667 -0.005)
(0.17375 -0.02666666667 -0.005)
(0.176 -0.02666666667 -0.005)
(0.17825 -0.02666666667 -0.005)
(0.1805 -0.02666666667 -0.005)
(0.18275 -0.02666666667 -0.005)
(0.185 -0.02666666667 -0.005)
(0.18725 -0.02666666667 -0.005)
(0.1895 -0.02666666667 -0.005)
(0.19175 -0.02666666667 -0.005)
(0.194 -0.02666666667 -0.005)
(0.19625 -0.02666666667 -0.005)
(0.1985 -0.02666666667 -0.005)
(0.20075 -0.02666666667 -0.005)
(0.203 -0.02666666667 -0.005)
(0.20525 -0.02666666667 -0.005)
(0.2075 -0.02666666667 -0.005)
(0.20975 -0.02666666667 -0.005)
(0.212 -0.02666666667 -0.005)
(0.21425 -0.02666666667 -0.005)
(0.2165 -0.02666666667 -0.005)
(0.21875 -0.02666666667 -0.005)
(0.221 -0.02666666667 -0.005)
(0.22325 -0.02666666667 -0.005)
(0.2255 -0.02666666667 -0.005)
(0.22775 -0.02666666667 -0.005)
(0.23 -0.02666666667 -0.005)
(0.23225 -0.02666666667 -0.005)
(0.2345 -0.02666666667 -0.005)
(0.23675 -0.02666666667 -0.005)
(0.239 -0.02666666667 -0.005)
(0.24125 -0.02666666667 -0.005)
(0.2435 -0.02666666667 -0.005)
(0.24575 -0.02666666667 -0.005)
(0.248 -0.02666666667 -0.005)
(0.25025 -0.02666666667 -0.005)
(0.2525 -0.02666666667 -0.005)
(0.25475 -0.02666666667 -0.005)
(0.257 -0.02666666667 -0.005)
(0.25925 -0.02666666667 -0.005)
(0.2615 -0.02666666667 -0.005)
(0.26375 -0.02666666667 -0.005)
(0.266 -0.02666666667 -0.005)
(0.26825 -0.02666666667 -0.005)
(0.2705 -0.02666666667 -0.005)
(0.27275 -0.02666666667 -0.005)
(0.275 -0.02666666667 -0.005)
(0.27725 -0.02666666667 -0.005)
(0.2795 -0.02666666667 -0.005)
(0.28175 -0.02666666667 -0.005)
(0.284 -0.02666666667 -0.005)
(0.28625 -0.02666666667 -0.005)
(0.2885 -0.02666666667 -0.005)
(0.29075 -0.02666666667 -0.005)
(0.293 -0.02666666667 -0.005)
(0.29525 -0.02666666667 -0.005)
(0.2975 -0.02666666667 -0.005)
(0.29975 -0.02666666667 -0.005)
(0.302 -0.02666666667 -0.005)
(0.30425 -0.02666666667 -0.005)
(0.3065 -0.02666666667 -0.005)
(0.30875 -0.02666666667 -0.005)
(0.311 -0.02666666667 -0.005)
(0.31325 -0.02666666667 -0.005)
(0.3155 -0.02666666667 -0.005)
(0.31775 -0.02666666667 -0.005)
(0.32 -0.02666666667 -0.005)
(0.32225 -0.02666666667 -0.005)
(0.3245 -0.02666666667 -0.005)
(0.32675 -0.02666666667 -0.005)
(0.329 -0.02666666667 -0.005)
(0.33125 -0.02666666667 -0.005)
(0.3335 -0.02666666667 -0.005)
(0.33575 -0.02666666667 -0.005)
(0.338 -0.02666666667 -0.005)
(0.34025 -0.02666666667 -0.005)
(0.3425 -0.02666666667 -0.005)
(0.34475 -0.02666666667 -0.005)
(0.347 -0.02666666667 -0.005)
(0.34925 -0.02666666667 -0.005)
(0.3515 -0.02666666667 -0.005)
(0.35375 -0.02666666667 -0.005)
(0.356 -0.02666666667 -0.005)
(0.35825 -0.02666666667 -0.005)
(0.3605 -0.02666666667 -0.005)
(0.36275 -0.02666666667 -0.005)
(0.365 -0.02666666667 -0.005)
(0.36725 -0.02666666667 -0.005)
(0.3695 -0.02666666667 -0.005)
(0.37175 -0.02666666667 -0.005)
(0.374 -0.02666666667 -0.005)
(0.37625 -0.02666666667 -0.005)
(0.3785 -0.02666666667 -0.005)
(0.38075 -0.02666666667 -0.005)
(0.383 -0.02666666667 -0.005)
(0.38525 -0.02666666667 -0.005)
(0.3875 -0.02666666667 -0.005)
(0.38975 -0.02666666667 -0.005)
(0.392 -0.02666666667 -0.005)
(0.39425 -0.02666666667 -0.005)
(0.3965 -0.02666666667 -0.005)
(0.39875 -0.02666666667 -0.005)
(0.401 -0.02666666667 -0.005)
(0.40325 -0.02666666667 -0.005)
(0.4055 -0.02666666667 -0.005)
(0.40775 -0.02666666667 -0.005)
(0.41 -0.02666666667 -0.005)
(0.41225 -0.02666666667 -0.005)
(0.4145 -0.02666666667 -0.005)
(0.41675 -0.02666666667 -0.005)
(0.419 -0.02666666667 -0.005)
(0.42125 -0.02666666667 -0.005)
(0.4235 -0.02666666667 -0.005)
(0.42575 -0.02666666667 -0.005)
(0.428 -0.02666666667 -0.005)
(0.43025 -0.02666666667 -0.005)
(0.4325 -0.02666666667 -0.005)
(0.43475 -0.02666666667 -0.005)
(0.437 -0.02666666667 -0.005)
(0.43925 -0.02666666667 -0.005)
(0.4415 -0.02666666667 -0.005)
(0.44375 -0.02666666667 -0.005)
(0.446 -0.02666666667 -0.005)
(0.44825 -0.02666666667 -0.005)
(0.4505 -0.02666666667 -0.005)
(0.45275 -0.02666666667 -0.005)
(0.455 -0.02666666667 -0.005)
(0.45725 -0.02666666667 -0.005)
(0.4595 -0.02666666667 -0.005)
(0.46175 -0.02666666667 -0.005)
(0.464 -0.02666666667 -0.005)
(0.46625 -0.02666666667 -0.005)
(0.4685 -0.02666666667 -0.005)
(0.47075 -0.02666666667 -0.005)
(0.473 -0.02666666667 -0.005)
(0.47525 -0.02666666667 -0.005)
(0.4775 -0.02666666667 -0.005)
(0.47975 -0.02666666667 -0.005)
(0.482 -0.02666666667 -0.005)
(0.48425 -0.02666666667 -0.005)
(0.4865 -0.02666666667 -0.005)
(0.48875 -0.02666666667 -0.005)
(0.491 -0.02666666667 -0.005)
(0.49325 -0.02666666667 -0.005)
(0.4955 -0.02666666667 -0.005)
(0.49775 -0.02666666667 -0.005)
(0.5 -0.02666666667 -0.005)
(0.05225 -0.02333333333 0.005)
(0.0545 -0.02333333333 0.005)
(0.05675 -0.02333333333 0.005)
(0.059 -0.02333333333 0.005)
(0.06125 -0.02333333333 0.005)
(0.0635 -0.02333333333 0.005)
(0.06575 -0.02333333333 0.005)
(0.068 -0.02333333333 0.005)
(0.07025 -0.02333333333 0.005)
(0.0725 -0.02333333333 0.005)
(0.07475 -0.02333333333 0.005)
(0.077 -0.02333333333 0.005)
(0.07925 -0.02333333333 0.005)
(0.0815 -0.02333333333 0.005)
(0.08375 -0.02333333333 0.005)
(0.086 -0.02333333333 0.005)
(0.08825 -0.02333333333 0.005)
(0.0905 -0.02333333333 0.005)
(0.09275 -0.02333333333 0.005)
(0.095 -0.02333333333 0.005)
(0.09725 -0.02333333333 0.005)
(0.0995 -0.02333333333 0.005)
(0.10175 -0.02333333333 0.005)
(0.104 -0.02333333333 0.005)
(0.10625 -0.02333333333 0.005)
(0.1085 -0.02333333333 0.005)
(0.11075 -0.02333333333 0.005)
(0.113 -0.02333333333 0.005)
(0.11525 -0.02333333333 0.005)
(0.1175 -0.02333333333 0.005)
(0.11975 -0.02333333333 0.005)
(0.122 -0.02333333333 0.005)
(0.12425 -0.02333333333 0.005)
(0.1265 -0.02333333333 0.005)
(0.12875 -0.02333333333 0.005)
(0.131 -0.02333333333 0.005)
(0.13325 -0.02333333333 0.005)
(0.1355 -0.02333333333 0.005)
(0.13775 -0.02333333333 0.005)
(0.14 -0.02333333333 0.005)
(0.14225 -0.02333333333 0.005)
(0.1445 -0.02333333333 0.005)
(0.14675 -0.02333333333 0.005)
(0.149 -0.02333333333 0.005)
(0.15125 -0.02333333333 0.005)
(0.1535 -0.02333333333 0.005)
(0.15575 -0.02333333333 0.005)
(0.158 -0.02333333333 0.005)
(0.16025 -0.02333333333 0.005)
(0.1625 -0.02333333333 0.005)
(0.16475 -0.02333333333 0.005)
(0.167 -0.02333333333 0.005)
(0.16925 -0.02333333333 0.005)
(0.1715 -0.02333333333 0.005)
(0.17375 -0.02333333333 0.005)
(0.176 -0.02333333333 0.005)
(0.17825 -0.02333333333 0.005)
(0.1805 -0.02333333333 0.005)
(0.18275 -0.02333333333 0.005)
(0.185 -0.02333333333 0.005)
(0.18725 -0.02333333333 0.005)
(0.1895 -0.02333333333 0.005)
(0.19175 -0.02333333333 0.005)
(0.194 -0.02333333333 0.005)
(0.19625 -0.02333333333 0.005)
(0.1985 -0.02333333333 0.005)
(0.20075 -0.02333333333 0.005)
(0.203 -0.02333333333 0.005)
(0.20525 -0.02333333333 0.005)
(0.2075 -0.02333333333 0.005)
(0.20975 -0.02333333333 0.005)
(0.212 -0.02333333333 0.005)
(0.21425 -0.02333333333 0.005)
(0.2165 -0.02333333333 0.005)
(0.21875 -0.02333333333 0.005)
(0.221 -0.02333333333 0.005)
(0.22325 -0.02333333333 0.005)
(0.2255 -0.02333333333 0.005)
(0.22775 -0.02333333333 0.005)
(0.23 -0.02333333333 0.005)
(0.23225 -0.02333333333 0.005)
(0.2345 -0.02333333333 0.005)
(0.23675 -0.02333333333 0.005)
(0.239 -0.02333333333 0.005)
(0.24125 -0.02333333333 0.005)
(0.2435 -0.02333333333 0.005)
(0.24575 -0.02333333333 0.005)
(0.248 -0.02333333333 0.005)
(0.25025 -0.02333333333 0.005)
(0.2525 -0.02333333333 0.005)
(0.25475 -0.02333333333 0.005)
(0.257 -0.02333333333 0.005)
(0.25925 -0.02333333333 0.005)
(0.2615 -0.02333333333 0.005)
(0.26375 -0.02333333333 0.005)
(0.266 -0.02333333333 0.005)
(0.26825 -0.02333333333 0.005)
(0.2705 -0.02333333333 0.005)
(0.27275 -0.02333333333 0.005)
(0.275 -0.02333333333 0.005)
(0.27725 -0.02333333333 0.005)
(0.2795 -0.02333333333 0.005)
(0.28175 -0.02333333333 0.005)
(0.284 -0.02333333333 0.005)
(0.28625 -0.02333333333 0.005)
(0.2885 -0.02333333333 0.005)
(0.29075 -0.02333333333 0.005)
(0.293 -0.02333333333 0.005)
(0.29525 -0.02333333333 0.005)
(0.2975 -0.02333333333 0.005)
(0.29975 -0.02333333333 0.005)
(0.302 -0.02333333333 0.005)
(0.30425 -0.02333333333 0.005)
(0.3065 -0.02333333333 0.005)
(0.30875 -0.02333333333 0.005)
(0.311 -0.02333333333 0.005)
(0.31325 -0.02333333333 0.005)
(0.3155 -0.02333333333 0.005)
(0.31775 -0.02333333333 0.005)
(0.32 -0.02333333333 0.005)
(0.32225 -0.02333333333 0.005)
(0.3245 -0.02333333333 0.005)
(0.32675 -0.02333333333 0.005)
(0.329 -0.02333333333 0.005)
(0.33125 -0.02333333333 0.005)
(0.3335 -0.02333333333 0.005)
(0.33575 -0.02333333333 0.005)
(0.338 -0.02333333333 0.005)
(0.34025 -0.02333333333 0.005)
(0.3425 -0.02333333333 0.005)
(0.34475 -0.02333333333 0.005)
(0.347 -0.02333333333 0.005)
(0.34925 -0.02333333333 0.005)
(0.3515 -0.02333333333 0.005)
(0.35375 -0.02333333333 0.005)
(0.356 -0.02333333333 0.005)
(0.35825 -0.02333333333 0.005)
(0.3605 -0.02333333333 0.005)
(0.36275 -0.02333333333 0.005)
(0.365 -0.02333333333 0.005)
(0.36725 -0.02333333333 0.005)
(0.3695 -0.02333333333 0.005)
(0.37175 -0.02333333333 0.005)
(0.374 -0.02333333333 0.005)
(0.37625 -0.02333333333 0.005)
(0.3785 -0.02333333333 0.005)
(0.38075 -0.02333333333 0.005)
(0.383 -0.02333333333 0.005)
(0.38525 -0.02333333333 0.005)
(0.3875 -0.02333333333 0.005)
(0.38975 -0.02333333333 0.005)
(0.392 -0.02333333333 0.005)
(0.39425 -0.02333333333 0.005)
(0.3965 -0.02333333333 0.005)
(0.39875 -0.02333333333 0.005)
(0.401 -0.02333333333 0.005)
(0.40325 -0.02333333333 0.005)
(0.4055 -0.02333333333 0.005)
(0.40775 -0.02333333333 0.005)
(0.41 -0.02333333333 0.005)
(0.41225 -0.02333333333 0.005)
(0.4145 -0.02333333333 0.005)
(0.41675 -0.02333333333 0.005)
(0.419 -0.02333333333 0.005)
(0.42125 -0.02333333333 0.005)
(0.4235 -0.02333333333 0.005)
(0.42575 -0.02333333333 0.005)
(0.428 -0.02333333333 0.005)
(0.43025 -0.02333333333 0.005)
(0.4325 -0.02333333333 0.005)
(0.43475 -0.02333333333 0.005)
(0.437 -0.02333333333 0.005)
(0.43925 -0.02333333333 0.005)
(0.4415 -0.02333333333 0.005)
(0.44375 -0.02333333333 0.005)
(0.446 -0.02333333333 0.005)
(0.44825 -0.02333333333 0.005)
(0.4505 -0.02333333333 0.005)
(0.45275 -0.02333333333 0.005)
(0.455 -0.02333333333 0.005)
(0.45725 -0.02333333333 0.005)
(0.4595 -0.02333333333 0.005)
(0.46175 -0.02333333333 0.005)
(0.464 -0.02333333333 0.005)
(0.46625 -0.02333333333 0.005)
(0.4685 -0.02333333333 0.005)
(0.47075 -0.02333333333 0.005)
(0.473 -0.02333333333 0.005)
(0.47525 -0.02333333333 0.005)
(0.4775 -0.02333333333 0.005)
(0.47975 -0.02333333333 0.005)
(0.482 -0.02333333333 0.005)
(0.48425 -0.02333333333 0.005)
(0.4865 -0.02333333333 0.005)
(0.48875 -0.02333333333 0.005)
(0.491 -0.02333333333 0.005)
(0.49325 -0.02333333333 0.005)
(0.4955 -0.02333333333 0.005)
(0.49775 -0.02333333333 0.005)
(0.5 -0.02333333333 0.005)
(0.05225 -0.02333333333 -0.005)
(0.0545 -0.02333333333 -0.005)
(0.05675 -0.02333333333 -0.005)
(0.059 -0.02333333333 -0.005)
(0.06125 -0.02333333333 -0.005)
(0.0635 -0.02333333333 -0.005)
(0.06575 -0.02333333333 -0.005)
(0.068 -0.02333333333 -0.005)
(0.07025 -0.02333333333 -0.005)
(0.0725 -0.02333333333 -0.005)
(0.07475 -0.02333333333 -0.005)
(0.077 -0.02333333333 -0.005)
(0.07925 -0.02333333333 -0.005)
(0.0815 -0.02333333333 -0.005)
(0.08375 -0.02333333333 -0.005)
(0.086 -0.02333333333 -0.005)
(0.08825 -0.02333333333 -0.005)
(0.0905 -0.02333333333 -0.005)
(0.09275 -0.02333333333 -0.005)
(0.095 -0.02333333333 -0.005)
(0.09725 -0.02333333333 -0.005)
(0.0995 -0.02333333333 -0.005)
(0.10175 -0.02333333333 -0.005)
(0.104 -0.02333333333 -0.005)
(0.10625 -0.02333333333 -0.005)
(0.1085 -0.02333333333 -0.005)
(0.11075 -0.02333333333 -0.005)
(0.113 -0.02333333333 -0.005)
(0.11525 -0.02333333333 -0.005)
(0.1175 -0.02333333333 -0.005)
(0.11975 -0.02333333333 -0.005)
(0.122 -0.02333333333 -0.005)
(0.12425 -0.02333333333 -0.005)
(0.1265 -0.02333333333 -0.005)
(0.12875 -0.02333333333 -0.005)
(0.131 -0.02333333333 -0.005)
(0.13325 -0.02333333333 -0.005)
(0.1355 -0.02333333333 -0.005)
(0.13775 -0.02333333333 -0.005)
(0.14 -0.02333333333 -0.005)
(0.14225 -0.02333333333 -0.005)
(0.1445 -0.02333333333 -0.005)
(0.14675 -0.02333333333 -0.005)
(0.149 -0.02333333333 -0.005)
(0.15125 -0.02333333333 -0.005)
(0.1535 -0.02333333333 -0.005)
(0.15575 -0.02333333333 -0.005)
(0.158 -0.02333333333 -0.005)
(0.16025 -0.02333333333 -0.005)
(0.1625 -0.02333333333 -0.005)
(0.16475 -0.02333333333 -0.005)
(0.167 -0.02333333333 -0.005)
(0.16925 -0.02333333333 -0.005)
(0.1715 -0.02333333333 -0.005)
(0.17375 -0.02333333333 -0.005)
(0.176 -0.02333333333 -0.005)
(0.17825 -0.02333333333 -0.005)
(0.1805 -0.02333333333 -0.005)
(0.18275 -0.02333333333 -0.005)
(0.185 -0.02333333333 -0.005)
(0.18725 -0.02333333333 -0.005)
(0.1895 -0.02333333333 -0.005)
(0.19175 -0.02333333333 -0.005)
(0.194 -0.02333333333 -0.005)
(0.19625 -0.02333333333 -0.005)
(0.1985 -0.02333333333 -0.005)
(0.20075 -0.02333333333 -0.005)
(0.203 -0.02333333333 -0.005)
(0.20525 -0.02333333333 -0.005)
(0.2075 -0.02333333333 -0.005)
(0.20975 -0.02333333333 -0.005)
(0.212 -0.02333333333 -0.005)
(0.21425 -0.02333333333 -0.005)
(0.2165 -0.02333333333 -0.005)
(0.21875 -0.02333333333 -0.005)
(0.221 -0.02333333333 -0.005)
(0.22325 -0.02333333333 -0.005)
(0.2255 -0.02333333333 -0.005)
(0.22775 -0.02333333333 -0.005)
(0.23 -0.02333333333 -0.005)
(0.23225 -0.02333333333 -0.005)
(0.2345 -0.02333333333 -0.005)
(0.23675 -0.02333333333 -0.005)
(0.239 -0.02333333333 -0.005)
(0.24125 -0.02333333333 -0.005)
(0.2435 -0.02333333333 -0.005)
(0.24575 -0.02333333333 -0.005)
(0.248 -0.02333333333 -0.005)
(0.25025 -0.02333333333 -0.005)
(0.2525 -0.02333333333 -0.005)
(0.25475 -0.02333333333 -0.005)
(0.257 -0.02333333333 -0.005)
(0.25925 -0.02333333333 -0.005)
(0.2615 -0.02333333333 -0.005)
(0.26375 -0.02333333333 -0.005)
(0.266 -0.02333333333 -0.005)
(0.26825 -0.02333333333 -0.005)
(0.2705 -0.02333333333 -0.005)
(0.27275 -0.02333333333 -0.005)
(0.275 -0.02333333333 -0.005)
(0.27725 -0.02333333333 -0.005)
(0.2795 -0.02333333333 -0.005)
(0.28175 -0.02333333333 -0.005)
(0.284 -0.02333333333 -0.005)
(0.28625 -0.02333333333 -0.005)
(0.2885 -0.02333333333 -0.005)
(0.29075 -0.02333333333 -0.005)
(0.293 -0.02333333333 -0.005)
(0.29525 -0.02333333333 -0.005)
(0.2975 -0.02333333333 -0.005)
(0.29975 -0.02333333333 -0.005)
(0.302 -0.02333333333 -0.005)
(0.30425 -0.02333333333 -0.005)
(0.3065 -0.02333333333 -0.005)
(0.30875 -0.02333333333 -0.005)
(0.311 -0.02333333333 -0.005)
(0.31325 -0.02333333333 -0.005)
(0.3155 -0.02333333333 -0.005)
(0.31775 -0.02333333333 -0.005)
(0.32 -0.02333333333 -0.005)
(0.32225 -0.02333333333 -0.005)
(0.3245 -0.02333333333 -0.005)
(0.32675 -0.02333333333 -0.005)
(0.329 -0.02333333333 -0.005)
(0.33125 -0.02333333333 -0.005)
(0.3335 -0.02333333333 -0.005)
(0.33575 -0.02333333333 -0.005)
(0.338 -0.02333333333 -0.005)
(0.34025 -0.02333333333 -0.005)
(0.3425 -0.02333333333 -0.005)
(0.34475 -0.02333333333 -0.005)
(0.347 -0.02333333333 -0.005)
(0.34925 -0.02333333333 -0.005)
(0.3515 -0.02333333333 -0.005)
(0.35375 -0.02333333333 -0.005)
(0.356 -0.02333333333 -0.005)
(0.35825 -0.02333333333 -0.005)
(0.3605 -0.02333333333 -0.005)
(0.36275 -0.02333333333 -0.005)
(0.365 -0.02333333333 -0.005)
(0.36725 -0.02333333333 -0.005)
(0.3695 -0.02333333333 -0.005)
(0.37175 -0.02333333333 -0.005)
(0.374 -0.02333333333 -0.005)
(0.37625 -0.02333333333 -0.005)
(0.3785 -0.02333333333 -0.005)
(0.38075 -0.02333333333 -0.005)
(0.383 -0.02333333333 -0.005)
(0.38525 -0.02333333333 -0.005)
(0.3875 -0.02333333333 -0.005)
(0.38975 -0.02333333333 -0.005)
(0.392 -0.02333333333 -0.005)
(0.39425 -0.02333333333 -0.005)
(0.3965 -0.02333333333 -0.005)
(0.39875 -0.02333333333 -0.005)
(0.401 -0.02333333333 -0.005)
(0.40325 -0.02333333333 -0.005)
(0.4055 -0.02333333333 -0.005)
(0.40775 -0.02333333333 -0.005)
(0.41 -0.02333333333 -0.005)
(0.41225 -0.02333333333 -0.005)
(0.4145 -0.02333333333 -0.005)
(0.41675 -0.02333333333 -0.005)
(0.419 -0.02333333333 -0.005)
(0.42125 -0.02333333333 -0.005)
(0.4235 -0.02333333333 -0.005)
(0.42575 -0.02333333333 -0.005)
(0.428 -0.02333333333 -0.005)
(0.43025 -0.02333333333 -0.005)
(0.4325 -0.02333333333 -0.005)
(0.43475 -0.02333333333 -0.005)
(0.437 -0.02333333333 -0.005)
(0.43925 -0.02333333333 -0.005)
(0.4415 -0.02333333333 -0.005)
(0.44375 -0.02333333333 -0.005)
(0.446 -0.02333333333 -0.005)
(0.44825 -0.02333333333 -0.005)
(0.4505 -0.02333333333 -0.005)
(0.45275 -0.02333333333 -0.005)
(0.455 -0.02333333333 -0.005)
(0.45725 -0.02333333333 -0.005)
(0.4595 -0.02333333333 -0.005)
(0.46175 -0.02333333333 -0.005)
(0.464 -0.02333333333 -0.005)
(0.46625 -0.02333333333 -0.005)
(0.4685 -0.02333333333 -0.005)
(0.47075 -0.02333333333 -0.005)
(0.473 -0.02333333333 -0.005)
(0.47525 -0.02333333333 -0.005)
(0.4775 -0.02333333333 -0.005)
(0.47975 -0.02333333333 -0.005)
(0.482 -0.02333333333 -0.005)
(0.48425 -0.02333333333 -0.005)
(0.4865 -0.02333333333 -0.005)
(0.48875 -0.02333333333 -0.005)
(0.491 -0.02333333333 -0.005)
(0.49325 -0.02333333333 -0.005)
(0.4955 -0.02333333333 -0.005)
(0.49775 -0.02333333333 -0.005)
(0.5 -0.02333333333 -0.005)
(0.05225 -0.02 0.005)
(0.0545 -0.02 0.005)
(0.05675 -0.02 0.005)
(0.059 -0.02 0.005)
(0.06125 -0.02 0.005)
(0.0635 -0.02 0.005)
(0.06575 -0.02 0.005)
(0.068 -0.02 0.005)
(0.07025 -0.02 0.005)
(0.0725 -0.02 0.005)
(0.07475 -0.02 0.005)
(0.077 -0.02 0.005)
(0.07925 -0.02 0.005)
(0.0815 -0.02 0.005)
(0.08375 -0.02 0.005)
(0.086 -0.02 0.005)
(0.08825 -0.02 0.005)
(0.0905 -0.02 0.005)
(0.09275 -0.02 0.005)
(0.095 -0.02 0.005)
(0.09725 -0.02 0.005)
(0.0995 -0.02 0.005)
(0.10175 -0.02 0.005)
(0.104 -0.02 0.005)
(0.10625 -0.02 0.005)
(0.1085 -0.02 0.005)
(0.11075 -0.02 0.005)
(0.113 -0.02 0.005)
(0.11525 -0.02 0.005)
(0.1175 -0.02 0.005)
(0.11975 -0.02 0.005)
(0.122 -0.02 0.005)
(0.12425 -0.02 0.005)
(0.1265 -0.02 0.005)
(0.12875 -0.02 0.005)
(0.131 -0.02 0.005)
(0.13325 -0.02 0.005)
(0.1355 -0.02 0.005)
(0.13775 -0.02 0.005)
(0.14 -0.02 0.005)
(0.14225 -0.02 0.005)
(0.1445 -0.02 0.005)
(0.14675 -0.02 0.005)
(0.149 -0.02 0.005)
(0.15125 -0.02 0.005)
(0.1535 -0.02 0.005)
(0.15575 -0.02 0.005)
(0.158 -0.02 0.005)
(0.16025 -0.02 0.005)
(0.1625 -0.02 0.005)
(0.16475 -0.02 0.005)
(0.167 -0.02 0.005)
(0.16925 -0.02 0.005)
(0.1715 -0.02 0.005)
(0.17375 -0.02 0.005)
(0.176 -0.02 0.005)
(0.17825 -0.02 0.005)
(0.1805 -0.02 0.005)
(0.18275 -0.02 0.005)
(0.185 -0.02 0.005)
(0.18725 -0.02 0.005)
(0.1895 -0.02 0.005)
(0.19175 -0.02 0.005)
(0.194 -0.02 0.005)
(0.19625 -0.02 0.005)
(0.1985 -0.02 0.005)
(0.20075 -0.02 0.005)
(0.203 -0.02 0.005)
(0.20525 -0.02 0.005)
(0.2075 -0.02 0.005)
(0.20975 -0.02 0.005)
(0.212 -0.02 0.005)
(0.21425 -0.02 0.005)
(0.2165 -0.02 0.005)
(0.21875 -0.02 0.005)
(0.221 -0.02 0.005)
(0.22325 -0.02 0.005)
(0.2255 -0.02 0.005)
(0.22775 -0.02 0.005)
(0.23 -0.02 0.005)
(0.23225 -0.02 0.005)
(0.2345 -0.02 0.005)
(0.23675 -0.02 0.005)
(0.239 -0.02 0.005)
(0.24125 -0.02 0.005)
(0.2435 -0.02 0.005)
(0.24575 -0.02 0.005)
(0.248 -0.02 0.005)
(0.25025 -0.02 0.005)
(0.2525 -0.02 0.005)
(0.25475 -0.02 0.005)
(0.257 -0.02 0.005)
(0.25925 -0.02 0.005)
(0.2615 -0.02 0.005)
(0.26375 -0.02 0.005)
(0.266 -0.02 0.005)
(0.26825 -0.02 0.005)
(0.2705 -0.02 0.005)
(0.27275 -0.02 0.005)
(0.275 -0.02 0.005)
(0.27725 -0.02 0.005)
(0.2795 -0.02 0.005)
(0.28175 -0.02 0.005)
(0.284 -0.02 0.005)
(0.28625 -0.02 0.005)
(0.2885 -0.02 0.005)
(0.29075 -0.02 0.005)
(0.293 -0.02 0.005)
(0.29525 -0.02 0.005)
(0.2975 -0.02 0.005)
(0.29975 -0.02 0.005)
(0.302 -0.02 0.005)
(0.30425 -0.02 0.005)
(0.3065 -0.02 0.005)
(0.30875 -0.02 0.005)
(0.311 -0.02 0.005)
(0.31325 -0.02 0.005)
(0.3155 -0.02 0.005)
(0.31775 -0.02 0.005)
(0.32 -0.02 0.005)
(0.32225 -0.02 0.005)
(0.3245 -0.02 0.005)
(0.32675 -0.02 0.005)
(0.329 -0.02 0.005)
(0.33125 -0.02 0.005)
(0.3335 -0.02 0.005)
(0.33575 -0.02 0.005)
(0.338 -0.02 0.005)
(0.34025 -0.02 0.005)
(0.3425 -0.02 0.005)
(0.34475 -0.02 0.005)
(0.347 -0.02 0.005)
(0.34925 -0.02 0.005)
(0.3515 -0.02 0.005)
(0.35375 -0.02 0.005)
(0.356 -0.02 0.005)
(0.35825 -0.02 0.005)
(0.3605 -0.02 0.005)
(0.36275 -0.02 0.005)
(0.365 -0.02 0.005)
(0.36725 -0.02 0.005)
(0.3695 -0.02 0.005)
(0.37175 -0.02 0.005)
(0.374 -0.02 0.005)
(0.37625 -0.02 0.005)
(0.3785 -0.02 0.005)
(0.38075 -0.02 0.005)
(0.383 -0.02 0.005)
(0.38525 -0.02 0.005)
(0.3875 -0.02 0.005)
(0.38975 -0.02 0.005)
(0.392 -0.02 0.005)
(0.39425 -0.02 0.005)
(0.3965 -0.02 0.005)
(0.39875 -0.02 0.005)
(0.401 -0.02 0.005)
(0.40325 -0.02 0.005)
(0.4055 -0.02 0.005)
(0.40775 -0.02 0.005)
(0.41 -0.02 0.005)
(0.41225 -0.02 0.005)
(0.4145 -0.02 0.005)
(0.41675 -0.02 0.005)
(0.419 -0.02 0.005)
(0.42125 -0.02 0.005)
(0.4235 -0.02 0.005)
(0.42575 -0.02 0.005)
(0.428 -0.02 0.005)
(0.43025 -0.02 0.005)
(0.4325 -0.02 0.005)
(0.43475 -0.02 0.005)
(0.437 -0.02 0.005)
(0.43925 -0.02 0.005)
(0.4415 -0.02 0.005)
(0.44375 -0.02 0.005)
(0.446 -0.02 0.005)
(0.44825 -0.02 0.005)
(0.4505 -0.02 0.005)
(0.45275 -0.02 0.005)
(0.455 -0.02 0.005)
(0.45725 -0.02 0.005)
(0.4595 -0.02 0.005)
(0.46175 -0.02 0.005)
(0.464 -0.02 0.005)
(0.46625 -0.02 0.005)
(0.4685 -0.02 0.005)
(0.47075 -0.02 0.005)
(0.473 -0.02 0.005)
(0.47525 -0.02 0.005)
(0.4775 -0.02 0.005)
(0.47975 -0.02 0.005)
(0.482 -0.02 0.005)
(0.48425 -0.02 0.005)
(0.4865 -0.02 0.005)
(0.48875 -0.02 0.005)
(0.491 -0.02 0.005)
(0.49325 -0.02 0.005)
(0.4955 -0.02 0.005)
(0.49775 -0.02 0.005)
(0.5 -0.02 0.005)
(0.05225 -0.02 -0.005)
(0.0545 -0.02 -0.005)
(0.05675 -0.02 -0.005)
(0.059 -0.02 -0.005)
(0.06125 -0.02 -0.005)
(0.0635 -0.02 -0.005)
(0.06575 -0.02 -0.005)
(0.068 -0.02 -0.005)
(0.07025 -0.02 -0.005)
(0.0725 -0.02 -0.005)
(0.07475 -0.02 -0.005)
(0.077 -0.02 -0.005)
(0.07925 -0.02 -0.005)
(0.0815 -0.02 -0.005)
(0.08375 -0.02 -0.005)
(0.086 -0.02 -0.005)
(0.08825 -0.02 -0.005)
(0.0905 -0.02 -0.005)
(0.09275 -0.02 -0.005)
(0.095 -0.02 -0.005)
(0.09725 -0.02 -0.005)
(0.0995 -0.02 -0.005)
(0.10175 -0.02 -0.005)
(0.104 -0.02 -0.005)
(0.10625 -0.02 -0.005)
(0.1085 -0.02 -0.005)
(0.11075 -0.02 -0.005)
(0.113 -0.02 -0.005)
(0.11525 -0.02 -0.005)
(0.1175 -0.02 -0.005)
(0.11975 -0.02 -0.005)
(0.122 -0.02 -0.005)
(0.12425 -0.02 -0.005)
(0.1265 -0.02 -0.005)
(0.12875 -0.02 -0.005)
(0.131 -0.02 -0.005)
(0.13325 -0.02 -0.005)
(0.1355 -0.02 -0.005)
(0.13775 -0.02 -0.005)
(0.14 -0.02 -0.005)
(0.14225 -0.02 -0.005)
(0.1445 -0.02 -0.005)
(0.14675 -0.02 -0.005)
(0.149 -0.02 -0.005)
(0.15125 -0.02 -0.005)
(0.1535 -0.02 -0.005)
(0.15575 -0.02 -0.005)
(0.158 -0.02 -0.005)
(0.16025 -0.02 -0.005)
(0.1625 -0.02 -0.005)
(0.16475 -0.02 -0.005)
(0.167 -0.02 -0.005)
(0.16925 -0.02 -0.005)
(0.1715 -0.02 -0.005)
(0.17375 -0.02 -0.005)
(0.176 -0.02 -0.005)
(0.17825 -0.02 -0.005)
(0.1805 -0.02 -0.005)
(0.18275 -0.02 -0.005)
(0.185 -0.02 -0.005)
(0.18725 -0.02 -0.005)
(0.1895 -0.02 -0.005)
(0.19175 -0.02 -0.005)
(0.194 -0.02 -0.005)
(0.19625 -0.02 -0.005)
(0.1985 -0.02 -0.005)
(0.20075 -0.02 -0.005)
(0.203 -0.02 -0.005)
(0.20525 -0.02 -0.005)
(0.2075 -0.02 -0.005)
(0.20975 -0.02 -0.005)
(0.212 -0.02 -0.005)
(0.21425 -0.02 -0.005)
(0.2165 -0.02 -0.005)
(0.21875 -0.02 -0.005)
(0.221 -0.02 -0.005)
(0.22325 -0.02 -0.005)
(0.2255 -0.02 -0.005)
(0.22775 -0.02 -0.005)
(0.23 -0.02 -0.005)
(0.23225 -0.02 -0.005)
(0.2345 -0.02 -0.005)
(0.23675 -0.02 -0.005)
(0.239 -0.02 -0.005)
(0.24125 -0.02 -0.005)
(0.2435 -0.02 -0.005)
(0.24575 -0.02 -0.005)
(0.248 -0.02 -0.005)
(0.25025 -0.02 -0.005)
(0.2525 -0.02 -0.005)
(0.25475 -0.02 -0.005)
(0.257 -0.02 -0.005)
(0.25925 -0.02 -0.005)
(0.2615 -0.02 -0.005)
(0.26375 -0.02 -0.005)
(0.266 -0.02 -0.005)
(0.26825 -0.02 -0.005)
(0.2705 -0.02 -0.005)
(0.27275 -0.02 -0.005)
(0.275 -0.02 -0.005)
(0.27725 -0.02 -0.005)
(0.2795 -0.02 -0.005)
(0.28175 -0.02 -0.005)
(0.284 -0.02 -0.005)
(0.28625 -0.02 -0.005)
(0.2885 -0.02 -0.005)
(0.29075 -0.02 -0.005)
(0.293 -0.02 -0.005)
(0.29525 -0.02 -0.005)
(0.2975 -0.02 -0.005)
(0.29975 -0.02 -0.005)
(0.302 -0.02 -0.005)
(0.30425 -0.02 -0.005)
(0.3065 -0.02 -0.005)
(0.30875 -0.02 -0.005)
(0.311 -0.02 -0.005)
(0.31325 -0.02 -0.005)
(0.3155 -0.02 -0.005)
(0.31775 -0.02 -0.005)
(0.32 -0.02 -0.005)
(0.32225 -0.02 -0.005)
(0.3245 -0.02 -0.005)
(0.32675 -0.02 -0.005)
(0.329 -0.02 -0.005)
(0.33125 -0.02 -0.005)
(0.3335 -0.02 -0.005)
(0.33575 -0.02 -0.005)
(0.338 -0.02 -0.005)
(0.34025 -0.02 -0.005)
(0.3425 -0.02 -0.005)
(0.34475 -0.02 -0.005)
(0.347 -0.02 -0.005)
(0.34925 -0.02 -0.005)
(0.3515 -0.02 -0.005)
(0.35375 -0.02 -0.005)
(0.356 -0.02 -0.005)
(0.35825 -0.02 -0.005)
(0.3605 -0.02 -0.005)
(0.36275 -0.02 -0.005)
(0.365 -0.02 -0.005)
(0.36725 -0.02 -0.005)
(0.3695 -0.02 -0.005)
(0.37175 -0.02 -0.005)
(0.374 -0.02 -0.005)
(0.37625 -0.02 -0.005)
(0.3785 -0.02 -0.005)
(0.38075 -0.02 -0.005)
(0.383 -0.02 -0.005)
(0.38525 -0.02 -0.005)
(0.3875 -0.02 -0.005)
(0.38975 -0.02 -0.005)
(0.392 -0.02 -0.005)
(0.39425 -0.02 -0.005)
(0.3965 -0.02 -0.005)
(0.39875 -0.02 -0.005)
(0.401 -0.02 -0.005)
(0.40325 -0.02 -0.005)
(0.4055 -0.02 -0.005)
(0.40775 -0.02 -0.005)
(0.41 -0.02 -0.005)
(0.41225 -0.02 -0.005)
(0.4145 -0.02 -0.005)
(0.41675 -0.02 -0.005)
(0.419 -0.02 -0.005)
(0.42125 -0.02 -0.005)
(0.4235 -0.02 -0.005)
(0.42575 -0.02 -0.005)
(0.428 -0.02 -0.005)
(0.43025 -0.02 -0.005)
(0.4325 -0.02 -0.005)
(0.43475 -0.02 -0.005)
(0.437 -0.02 -0.005)
(0.43925 -0.02 -0.005)
(0.4415 -0.02 -0.005)
(0.44375 -0.02 -0.005)
(0.446 -0.02 -0.005)
(0.44825 -0.02 -0.005)
(0.4505 -0.02 -0.005)
(0.45275 -0.02 -0.005)
(0.455 -0.02 -0.005)
(0.45725 -0.02 -0.005)
(0.4595 -0.02 -0.005)
(0.46175 -0.02 -0.005)
(0.464 -0.02 -0.005)
(0.46625 -0.02 -0.005)
(0.4685 -0.02 -0.005)
(0.47075 -0.02 -0.005)
(0.473 -0.02 -0.005)
(0.47525 -0.02 -0.005)
(0.4775 -0.02 -0.005)
(0.47975 -0.02 -0.005)
(0.482 -0.02 -0.005)
(0.48425 -0.02 -0.005)
(0.4865 -0.02 -0.005)
(0.48875 -0.02 -0.005)
(0.491 -0.02 -0.005)
(0.49325 -0.02 -0.005)
(0.4955 -0.02 -0.005)
(0.49775 -0.02 -0.005)
(0.5 -0.02 -0.005)
(0.05225 -0.01666666667 0.005)
(0.0545 -0.01666666667 0.005)
(0.05675 -0.01666666667 0.005)
(0.059 -0.01666666667 0.005)
(0.06125 -0.01666666667 0.005)
(0.0635 -0.01666666667 0.005)
(0.06575 -0.01666666667 0.005)
(0.068 -0.01666666667 0.005)
(0.07025 -0.01666666667 0.005)
(0.0725 -0.01666666667 0.005)
(0.07475 -0.01666666667 0.005)
(0.077 -0.01666666667 0.005)
(0.07925 -0.01666666667 0.005)
(0.0815 -0.01666666667 0.005)
(0.08375 -0.01666666667 0.005)
(0.086 -0.01666666667 0.005)
(0.08825 -0.01666666667 0.005)
(0.0905 -0.01666666667 0.005)
(0.09275 -0.01666666667 0.005)
(0.095 -0.01666666667 0.005)
(0.09725 -0.01666666667 0.005)
(0.0995 -0.01666666667 0.005)
(0.10175 -0.01666666667 0.005)
(0.104 -0.01666666667 0.005)
(0.10625 -0.01666666667 0.005)
(0.1085 -0.01666666667 0.005)
(0.11075 -0.01666666667 0.005)
(0.113 -0.01666666667 0.005)
(0.11525 -0.01666666667 0.005)
(0.1175 -0.01666666667 0.005)
(0.11975 -0.01666666667 0.005)
(0.122 -0.01666666667 0.005)
(0.12425 -0.01666666667 0.005)
(0.1265 -0.01666666667 0.005)
(0.12875 -0.01666666667 0.005)
(0.131 -0.01666666667 0.005)
(0.13325 -0.01666666667 0.005)
(0.1355 -0.01666666667 0.005)
(0.13775 -0.01666666667 0.005)
(0.14 -0.01666666667 0.005)
(0.14225 -0.01666666667 0.005)
(0.1445 -0.01666666667 0.005)
(0.14675 -0.01666666667 0.005)
(0.149 -0.01666666667 0.005)
(0.15125 -0.01666666667 0.005)
(0.1535 -0.01666666667 0.005)
(0.15575 -0.01666666667 0.005)
(0.158 -0.01666666667 0.005)
(0.16025 -0.01666666667 0.005)
(0.1625 -0.01666666667 0.005)
(0.16475 -0.01666666667 0.005)
(0.167 -0.01666666667 0.005)
(0.16925 -0.01666666667 0.005)
(0.1715 -0.01666666667 0.005)
(0.17375 -0.01666666667 0.005)
(0.176 -0.01666666667 0.005)
(0.17825 -0.01666666667 0.005)
(0.1805 -0.01666666667 0.005)
(0.18275 -0.01666666667 0.005)
(0.185 -0.01666666667 0.005)
(0.18725 -0.01666666667 0.005)
(0.1895 -0.01666666667 0.005)
(0.19175 -0.01666666667 0.005)
(0.194 -0.01666666667 0.005)
(0.19625 -0.01666666667 0.005)
(0.1985 -0.01666666667 0.005)
(0.20075 -0.01666666667 0.005)
(0.203 -0.01666666667 0.005)
(0.20525 -0.01666666667 0.005)
(0.2075 -0.01666666667 0.005)
(0.20975 -0.01666666667 0.005)
(0.212 -0.01666666667 0.005)
(0.21425 -0.01666666667 0.005)
(0.2165 -0.01666666667 0.005)
(0.21875 -0.01666666667 0.005)
(0.221 -0.01666666667 0.005)
(0.22325 -0.01666666667 0.005)
(0.2255 -0.01666666667 0.005)
(0.22775 -0.01666666667 0.005)
(0.23 -0.01666666667 0.005)
(0.23225 -0.01666666667 0.005)
(0.2345 -0.01666666667 0.005)
(0.23675 -0.01666666667 0.005)
(0.239 -0.01666666667 0.005)
(0.24125 -0.01666666667 0.005)
(0.2435 -0.01666666667 0.005)
(0.24575 -0.01666666667 0.005)
(0.248 -0.01666666667 0.005)
(0.25025 -0.01666666667 0.005)
(0.2525 -0.01666666667 0.005)
(0.25475 -0.01666666667 0.005)
(0.257 -0.01666666667 0.005)
(0.25925 -0.01666666667 0.005)
(0.2615 -0.01666666667 0.005)
(0.26375 -0.01666666667 0.005)
(0.266 -0.01666666667 0.005)
(0.26825 -0.01666666667 0.005)
(0.2705 -0.01666666667 0.005)
(0.27275 -0.01666666667 0.005)
(0.275 -0.01666666667 0.005)
(0.27725 -0.01666666667 0.005)
(0.2795 -0.01666666667 0.005)
(0.28175 -0.01666666667 0.005)
(0.284 -0.01666666667 0.005)
(0.28625 -0.01666666667 0.005)
(0.2885 -0.01666666667 0.005)
(0.29075 -0.01666666667 0.005)
(0.293 -0.01666666667 0.005)
(0.29525 -0.01666666667 0.005)
(0.2975 -0.01666666667 0.005)
(0.29975 -0.01666666667 0.005)
(0.302 -0.01666666667 0.005)
(0.30425 -0.01666666667 0.005)
(0.3065 -0.01666666667 0.005)
(0.30875 -0.01666666667 0.005)
(0.311 -0.01666666667 0.005)
(0.31325 -0.01666666667 0.005)
(0.3155 -0.01666666667 0.005)
(0.31775 -0.01666666667 0.005)
(0.32 -0.01666666667 0.005)
(0.32225 -0.01666666667 0.005)
(0.3245 -0.01666666667 0.005)
(0.32675 -0.01666666667 0.005)
(0.329 -0.01666666667 0.005)
(0.33125 -0.01666666667 0.005)
(0.3335 -0.01666666667 0.005)
(0.33575 -0.01666666667 0.005)
(0.338 -0.01666666667 0.005)
(0.34025 -0.01666666667 0.005)
(0.3425 -0.01666666667 0.005)
(0.34475 -0.01666666667 0.005)
(0.347 -0.01666666667 0.005)
(0.34925 -0.01666666667 0.005)
(0.3515 -0.01666666667 0.005)
(0.35375 -0.01666666667 0.005)
(0.356 -0.01666666667 0.005)
(0.35825 -0.01666666667 0.005)
(0.3605 -0.01666666667 0.005)
(0.36275 -0.01666666667 0.005)
(0.365 -0.01666666667 0.005)
(0.36725 -0.01666666667 0.005)
(0.3695 -0.01666666667 0.005)
(0.37175 -0.01666666667 0.005)
(0.374 -0.01666666667 0.005)
(0.37625 -0.01666666667 0.005)
(0.3785 -0.01666666667 0.005)
(0.38075 -0.01666666667 0.005)
(0.383 -0.01666666667 0.005)
(0.38525 -0.01666666667 0.005)
(0.3875 -0.01666666667 0.005)
(0.38975 -0.01666666667 0.005)
(0.392 -0.01666666667 0.005)
(0.39425 -0.01666666667 0.005)
(0.3965 -0.01666666667 0.005)
(0.39875 -0.01666666667 0.005)
(0.401 -0.01666666667 0.005)
(0.40325 -0.01666666667 0.005)
(0.4055 -0.01666666667 0.005)
(0.40775 -0.01666666667 0.005)
(0.41 -0.01666666667 0.005)
(0.41225 -0.01666666667 0.005)
(0.4145 -0.01666666667 0.005)
(0.41675 -0.01666666667 0.005)
(0.419 -0.01666666667 0.005)
(0.42125 -0.01666666667 0.005)
(0.4235 -0.01666666667 0.005)
(0.42575 -0.01666666667 0.005)
(0.428 -0.01666666667 0.005)
(0.43025 -0.01666666667 0.005)
(0.4325 -0.01666666667 0.005)
(0.43475 -0.01666666667 0.005)
(0.437 -0.01666666667 0.005)
(0.43925 -0.01666666667 0.005)
(0.4415 -0.01666666667 0.005)
(0.44375 -0.01666666667 0.005)
(0.446 -0.01666666667 0.005)
(0.44825 -0.01666666667 0.005)
(0.4505 -0.01666666667 0.005)
(0.45275 -0.01666666667 0.005)
(0.455 -0.01666666667 0.005)
(0.45725 -0.01666666667 0.005)
(0.4595 -0.01666666667 0.005)
(0.46175 -0.01666666667 0.005)
(0.464 -0.01666666667 0.005)
(0.46625 -0.01666666667 0.005)
(0.4685 -0.01666666667 0.005)
(0.47075 -0.01666666667 0.005)
(0.473 -0.01666666667 0.005)
(0.47525 -0.01666666667 0.005)
(0.4775 -0.01666666667 0.005)
(0.47975 -0.01666666667 0.005)
(0.482 -0.01666666667 0.005)
(0.48425 -0.01666666667 0.005)
(0.4865 -0.01666666667 0.005)
(0.48875 -0.01666666667 0.005)
(0.491 -0.01666666667 0.005)
(0.49325 -0.01666666667 0.005)
(0.4955 -0.01666666667 0.005)
(0.49775 -0.01666666667 0.005)
(0.5 -0.01666666667 0.005)
(0.05225 -0.01666666667 -0.005)
(0.0545 -0.01666666667 -0.005)
(0.05675 -0.01666666667 -0.005)
(0.059 -0.01666666667 -0.005)
(0.06125 -0.01666666667 -0.005)
(0.0635 -0.01666666667 -0.005)
(0.06575 -0.01666666667 -0.005)
(0.068 -0.01666666667 -0.005)
(0.07025 -0.01666666667 -0.005)
(0.0725 -0.01666666667 -0.005)
(0.07475 -0.01666666667 -0.005)
(0.077 -0.01666666667 -0.005)
(0.07925 -0.01666666667 -0.005)
(0.0815 -0.01666666667 -0.005)
(0.08375 -0.01666666667 -0.005)
(0.086 -0.01666666667 -0.005)
(0.08825 -0.01666666667 -0.005)
(0.0905 -0.01666666667 -0.005)
(0.09275 -0.01666666667 -0.005)
(0.095 -0.01666666667 -0.005)
(0.09725 -0.01666666667 -0.005)
(0.0995 -0.01666666667 -0.005)
(0.10175 -0.01666666667 -0.005)
(0.104 -0.01666666667 -0.005)
(0.10625 -0.01666666667 -0.005)
(0.1085 -0.01666666667 -0.005)
(0.11075 -0.01666666667 -0.005)
(0.113 -0.01666666667 -0.005)
(0.11525 -0.01666666667 -0.005)
(0.1175 -0.01666666667 -0.005)
(0.11975 -0.01666666667 -0.005)
(0.122 -0.01666666667 -0.005)
(0.12425 -0.01666666667 -0.005)
(0.1265 -0.01666666667 -0.005)
(0.12875 -0.01666666667 -0.005)
(0.131 -0.01666666667 -0.005)
(0.13325 -0.01666666667 -0.005)
(0.1355 -0.01666666667 -0.005)
(0.13775 -0.01666666667 -0.005)
(0.14 -0.01666666667 -0.005)
(0.14225 -0.01666666667 -0.005)
(0.1445 -0.01666666667 -0.005)
(0.14675 -0.01666666667 -0.005)
(0.149 -0.01666666667 -0.005)
(0.15125 -0.01666666667 -0.005)
(0.1535 -0.01666666667 -0.005)
(0.15575 -0.01666666667 -0.005)
(0.158 -0.01666666667 -0.005)
(0.16025 -0.01666666667 -0.005)
(0.1625 -0.01666666667 -0.005)
(0.16475 -0.01666666667 -0.005)
(0.167 -0.01666666667 -0.005)
(0.16925 -0.01666666667 -0.005)
(0.1715 -0.01666666667 -0.005)
(0.17375 -0.01666666667 -0.005)
(0.176 -0.01666666667 -0.005)
(0.17825 -0.01666666667 -0.005)
(0.1805 -0.01666666667 -0.005)
(0.18275 -0.01666666667 -0.005)
(0.185 -0.01666666667 -0.005)
(0.18725 -0.01666666667 -0.005)
(0.1895 -0.01666666667 -0.005)
(0.19175 -0.01666666667 -0.005)
(0.194 -0.01666666667 -0.005)
(0.19625 -0.01666666667 -0.005)
(0.1985 -0.01666666667 -0.005)
(0.20075 -0.01666666667 -0.005)
(0.203 -0.01666666667 -0.005)
(0.20525 -0.01666666667 -0.005)
(0.2075 -0.01666666667 -0.005)
(0.20975 -0.01666666667 -0.005)
(0.212 -0.01666666667 -0.005)
(0.21425 -0.01666666667 -0.005)
(0.2165 -0.01666666667 -0.005)
(0.21875 -0.01666666667 -0.005)
(0.221 -0.01666666667 -0.005)
(0.22325 -0.01666666667 -0.005)
(0.2255 -0.01666666667 -0.005)
(0.22775 -0.01666666667 -0.005)
(0.23 -0.01666666667 -0.005)
(0.23225 -0.01666666667 -0.005)
(0.2345 -0.01666666667 -0.005)
(0.23675 -0.01666666667 -0.005)
(0.239 -0.01666666667 -0.005)
(0.24125 -0.01666666667 -0.005)
(0.2435 -0.01666666667 -0.005)
(0.24575 -0.01666666667 -0.005)
(0.248 -0.01666666667 -0.005)
(0.25025 -0.01666666667 -0.005)
(0.2525 -0.01666666667 -0.005)
(0.25475 -0.01666666667 -0.005)
(0.257 -0.01666666667 -0.005)
(0.25925 -0.01666666667 -0.005)
(0.2615 -0.01666666667 -0.005)
(0.26375 -0.01666666667 -0.005)
(0.266 -0.01666666667 -0.005)
(0.26825 -0.01666666667 -0.005)
(0.2705 -0.01666666667 -0.005)
(0.27275 -0.01666666667 -0.005)
(0.275 -0.01666666667 -0.005)
(0.27725 -0.01666666667 -0.005)
(0.2795 -0.01666666667 -0.005)
(0.28175 -0.01666666667 -0.005)
(0.284 -0.01666666667 -0.005)
(0.28625 -0.01666666667 -0.005)
(0.2885 -0.01666666667 -0.005)
(0.29075 -0.01666666667 -0.005)
(0.293 -0.01666666667 -0.005)
(0.29525 -0.01666666667 -0.005)
(0.2975 -0.01666666667 -0.005)
(0.29975 -0.01666666667 -0.005)
(0.302 -0.01666666667 -0.005)
(0.30425 -0.01666666667 -0.005)
(0.3065 -0.01666666667 -0.005)
(0.30875 -0.01666666667 -0.005)
(0.311 -0.01666666667 -0.005)
(0.31325 -0.01666666667 -0.005)
(0.3155 -0.01666666667 -0.005)
(0.31775 -0.01666666667 -0.005)
(0.32 -0.01666666667 -0.005)
(0.32225 -0.01666666667 -0.005)
(0.3245 -0.01666666667 -0.005)
(0.32675 -0.01666666667 -0.005)
(0.329 -0.01666666667 -0.005)
(0.33125 -0.01666666667 -0.005)
(0.3335 -0.01666666667 -0.005)
(0.33575 -0.01666666667 -0.005)
(0.338 -0.01666666667 -0.005)
(0.34025 -0.01666666667 -0.005)
(0.3425 -0.01666666667 -0.005)
(0.34475 -0.01666666667 -0.005)
(0.347 -0.01666666667 -0.005)
(0.34925 -0.01666666667 -0.005)
(0.3515 -0.01666666667 -0.005)
(0.35375 -0.01666666667 -0.005)
(0.356 -0.01666666667 -0.005)
(0.35825 -0.01666666667 -0.005)
(0.3605 -0.01666666667 -0.005)
(0.36275 -0.01666666667 -0.005)
(0.365 -0.01666666667 -0.005)
(0.36725 -0.01666666667 -0.005)
(0.3695 -0.01666666667 -0.005)
(0.37175 -0.01666666667 -0.005)
(0.374 -0.01666666667 -0.005)
(0.37625 -0.01666666667 -0.005)
(0.3785 -0.01666666667 -0.005)
(0.38075 -0.01666666667 -0.005)
(0.383 -0.01666666667 -0.005)
(0.38525 -0.01666666667 -0.005)
(0.3875 -0.01666666667 -0.005)
(0.38975 -0.01666666667 -0.005)
(0.392 -0.01666666667 -0.005)
(0.39425 -0.01666666667 -0.005)
(0.3965 -0.01666666667 -0.005)
(0.39875 -0.01666666667 -0.005)
(0.401 -0.01666666667 -0.005)
(0.40325 -0.01666666667 -0.005)
(0.4055 -0.01666666667 -0.005)
(0.40775 -0.01666666667 -0.005)
(0.41 -0.01666666667 -0.005)
(0.41225 -0.01666666667 -0.005)
(0.4145 -0.01666666667 -0.005)
(0.41675 -0.01666666667 -0.005)
(0.419 -0.01666666667 -0.005)
(0.42125 -0.01666666667 -0.005)
(0.4235 -0.01666666667 -0.005)
(0.42575 -0.01666666667 -0.005)
(0.428 -0.01666666667 -0.005)
(0.43025 -0.01666666667 -0.005)
(0.4325 -0.01666666667 -0.005)
(0.43475 -0.01666666667 -0.005)
(0.437 -0.01666666667 -0.005)
(0.43925 -0.01666666667 -0.005)
(0.4415 -0.01666666667 -0.005)
(0.44375 -0.01666666667 -0.005)
(0.446 -0.01666666667 -0.005)
(0.44825 -0.01666666667 -0.005)
(0.4505 -0.01666666667 -0.005)
(0.45275 -0.01666666667 -0.005)
(0.455 -0.01666666667 -0.005)
(0.45725 -0.01666666667 -0.005)
(0.4595 -0.01666666667 -0.005)
(0.46175 -0.01666666667 -0.005)
(0.464 -0.01666666667 -0.005)
(0.46625 -0.01666666667 -0.005)
(0.4685 -0.01666666667 -0.005)
(0.47075 -0.01666666667 -0.005)
(0.473 -0.01666666667 -0.005)
(0.47525 -0.01666666667 -0.005)
(0.4775 -0.01666666667 -0.005)
(0.47975 -0.01666666667 -0.005)
(0.482 -0.01666666667 -0.005)
(0.48425 -0.01666666667 -0.005)
(0.4865 -0.01666666667 -0.005)
(0.48875 -0.01666666667 -0.005)
(0.491 -0.01666666667 -0.005)
(0.49325 -0.01666666667 -0.005)
(0.4955 -0.01666666667 -0.005)
(0.49775 -0.01666666667 -0.005)
(0.5 -0.01666666667 -0.005)
(0.05225 -0.01333333333 0.005)
(0.0545 -0.01333333333 0.005)
(0.05675 -0.01333333333 0.005)
(0.059 -0.01333333333 0.005)
(0.06125 -0.01333333333 0.005)
(0.0635 -0.01333333333 0.005)
(0.06575 -0.01333333333 0.005)
(0.068 -0.01333333333 0.005)
(0.07025 -0.01333333333 0.005)
(0.0725 -0.01333333333 0.005)
(0.07475 -0.01333333333 0.005)
(0.077 -0.01333333333 0.005)
(0.07925 -0.01333333333 0.005)
(0.0815 -0.01333333333 0.005)
(0.08375 -0.01333333333 0.005)
(0.086 -0.01333333333 0.005)
(0.08825 -0.01333333333 0.005)
(0.0905 -0.01333333333 0.005)
(0.09275 -0.01333333333 0.005)
(0.095 -0.01333333333 0.005)
(0.09725 -0.01333333333 0.005)
(0.0995 -0.01333333333 0.005)
(0.10175 -0.01333333333 0.005)
(0.104 -0.01333333333 0.005)
(0.10625 -0.01333333333 0.005)
(0.1085 -0.01333333333 0.005)
(0.11075 -0.01333333333 0.005)
(0.113 -0.01333333333 0.005)
(0.11525 -0.01333333333 0.005)
(0.1175 -0.01333333333 0.005)
(0.11975 -0.01333333333 0.005)
(0.122 -0.01333333333 0.005)
(0.12425 -0.01333333333 0.005)
(0.1265 -0.01333333333 0.005)
(0.12875 -0.01333333333 0.005)
(0.131 -0.01333333333 0.005)
(0.13325 -0.01333333333 0.005)
(0.1355 -0.01333333333 0.005)
(0.13775 -0.01333333333 0.005)
(0.14 -0.01333333333 0.005)
(0.14225 -0.01333333333 0.005)
(0.1445 -0.01333333333 0.005)
(0.14675 -0.01333333333 0.005)
(0.149 -0.01333333333 0.005)
(0.15125 -0.01333333333 0.005)
(0.1535 -0.01333333333 0.005)
(0.15575 -0.01333333333 0.005)
(0.158 -0.01333333333 0.005)
(0.16025 -0.01333333333 0.005)
(0.1625 -0.01333333333 0.005)
(0.16475 -0.01333333333 0.005)
(0.167 -0.01333333333 0.005)
(0.16925 -0.01333333333 0.005)
(0.1715 -0.01333333333 0.005)
(0.17375 -0.01333333333 0.005)
(0.176 -0.01333333333 0.005)
(0.17825 -0.01333333333 0.005)
(0.1805 -0.01333333333 0.005)
(0.18275 -0.01333333333 0.005)
(0.185 -0.01333333333 0.005)
(0.18725 -0.01333333333 0.005)
(0.1895 -0.01333333333 0.005)
(0.19175 -0.01333333333 0.005)
(0.194 -0.01333333333 0.005)
(0.19625 -0.01333333333 0.005)
(0.1985 -0.01333333333 0.005)
(0.20075 -0.01333333333 0.005)
(0.203 -0.01333333333 0.005)
(0.20525 -0.01333333333 0.005)
(0.2075 -0.01333333333 0.005)
(0.20975 -0.01333333333 0.005)
(0.212 -0.01333333333 0.005)
(0.21425 -0.01333333333 0.005)
(0.2165 -0.01333333333 0.005)
(0.21875 -0.01333333333 0.005)
(0.221 -0.01333333333 0.005)
(0.22325 -0.01333333333 0.005)
(0.2255 -0.01333333333 0.005)
(0.22775 -0.01333333333 0.005)
(0.23 -0.01333333333 0.005)
(0.23225 -0.01333333333 0.005)
(0.2345 -0.01333333333 0.005)
(0.23675 -0.01333333333 0.005)
(0.239 -0.01333333333 0.005)
(0.24125 -0.01333333333 0.005)
(0.2435 -0.01333333333 0.005)
(0.24575 -0.01333333333 0.005)
(0.248 -0.01333333333 0.005)
(0.25025 -0.01333333333 0.005)
(0.2525 -0.01333333333 0.005)
(0.25475 -0.01333333333 0.005)
(0.257 -0.01333333333 0.005)
(0.25925 -0.01333333333 0.005)
(0.2615 -0.01333333333 0.005)
(0.26375 -0.01333333333 0.005)
(0.266 -0.01333333333 0.005)
(0.26825 -0.01333333333 0.005)
(0.2705 -0.01333333333 0.005)
(0.27275 -0.01333333333 0.005)
(0.275 -0.01333333333 0.005)
(0.27725 -0.01333333333 0.005)
(0.2795 -0.01333333333 0.005)
(0.28175 -0.01333333333 0.005)
(0.284 -0.01333333333 0.005)
(0.28625 -0.01333333333 0.005)
(0.2885 -0.01333333333 0.005)
(0.29075 -0.01333333333 0.005)
(0.293 -0.01333333333 0.005)
(0.29525 -0.01333333333 0.005)
(0.2975 -0.01333333333 0.005)
(0.29975 -0.01333333333 0.005)
(0.302 -0.01333333333 0.005)
(0.30425 -0.01333333333 0.005)
(0.3065 -0.01333333333 0.005)
(0.30875 -0.01333333333 0.005)
(0.311 -0.01333333333 0.005)
(0.31325 -0.01333333333 0.005)
(0.3155 -0.01333333333 0.005)
(0.31775 -0.01333333333 0.005)
(0.32 -0.01333333333 0.005)
(0.32225 -0.01333333333 0.005)
(0.3245 -0.01333333333 0.005)
(0.32675 -0.01333333333 0.005)
(0.329 -0.01333333333 0.005)
(0.33125 -0.01333333333 0.005)
(0.3335 -0.01333333333 0.005)
(0.33575 -0.01333333333 0.005)
(0.338 -0.01333333333 0.005)
(0.34025 -0.01333333333 0.005)
(0.3425 -0.01333333333 0.005)
(0.34475 -0.01333333333 0.005)
(0.347 -0.01333333333 0.005)
(0.34925 -0.01333333333 0.005)
(0.3515 -0.01333333333 0.005)
(0.35375 -0.01333333333 0.005)
(0.356 -0.01333333333 0.005)
(0.35825 -0.01333333333 0.005)
(0.3605 -0.01333333333 0.005)
(0.36275 -0.01333333333 0.005)
(0.365 -0.01333333333 0.005)
(0.36725 -0.01333333333 0.005)
(0.3695 -0.01333333333 0.005)
(0.37175 -0.01333333333 0.005)
(0.374 -0.01333333333 0.005)
(0.37625 -0.01333333333 0.005)
(0.3785 -0.01333333333 0.005)
(0.38075 -0.01333333333 0.005)
(0.383 -0.01333333333 0.005)
(0.38525 -0.01333333333 0.005)
(0.3875 -0.01333333333 0.005)
(0.38975 -0.01333333333 0.005)
(0.392 -0.01333333333 0.005)
(0.39425 -0.01333333333 0.005)
(0.3965 -0.01333333333 0.005)
(0.39875 -0.01333333333 0.005)
(0.401 -0.01333333333 0.005)
(0.40325 -0.01333333333 0.005)
(0.4055 -0.01333333333 0.005)
(0.40775 -0.01333333333 0.005)
(0.41 -0.01333333333 0.005)
(0.41225 -0.01333333333 0.005)
(0.4145 -0.01333333333 0.005)
(0.41675 -0.01333333333 0.005)
(0.419 -0.01333333333 0.005)
(0.42125 -0.01333333333 0.005)
(0.4235 -0.01333333333 0.005)
(0.42575 -0.01333333333 0.005)
(0.428 -0.01333333333 0.005)
(0.43025 -0.01333333333 0.005)
(0.4325 -0.01333333333 0.005)
(0.43475 -0.01333333333 0.005)
(0.437 -0.01333333333 0.005)
(0.43925 -0.01333333333 0.005)
(0.4415 -0.01333333333 0.005)
(0.44375 -0.01333333333 0.005)
(0.446 -0.01333333333 0.005)
(0.44825 -0.01333333333 0.005)
(0.4505 -0.01333333333 0.005)
(0.45275 -0.01333333333 0.005)
(0.455 -0.01333333333 0.005)
(0.45725 -0.01333333333 0.005)
(0.4595 -0.01333333333 0.005)
(0.46175 -0.01333333333 0.005)
(0.464 -0.01333333333 0.005)
(0.46625 -0.01333333333 0.005)
(0.4685 -0.01333333333 0.005)
(0.47075 -0.01333333333 0.005)
(0.473 -0.01333333333 0.005)
(0.47525 -0.01333333333 0.005)
(0.4775 -0.01333333333 0.005)
(0.47975 -0.01333333333 0.005)
(0.482 -0.01333333333 0.005)
(0.48425 -0.01333333333 0.005)
(0.4865 -0.01333333333 0.005)
(0.48875 -0.01333333333 0.005)
(0.491 -0.01333333333 0.005)
(0.49325 -0.01333333333 0.005)
(0.4955 -0.01333333333 0.005)
(0.49775 -0.01333333333 0.005)
(0.5 -0.01333333333 0.005)
(0.05225 -0.01333333333 -0.005)
(0.0545 -0.01333333333 -0.005)
(0.05675 -0.01333333333 -0.005)
(0.059 -0.01333333333 -0.005)
(0.06125 -0.01333333333 -0.005)
(0.0635 -0.01333333333 -0.005)
(0.06575 -0.01333333333 -0.005)
(0.068 -0.01333333333 -0.005)
(0.07025 -0.01333333333 -0.005)
(0.0725 -0.01333333333 -0.005)
(0.07475 -0.01333333333 -0.005)
(0.077 -0.01333333333 -0.005)
(0.07925 -0.01333333333 -0.005)
(0.0815 -0.01333333333 -0.005)
(0.08375 -0.01333333333 -0.005)
(0.086 -0.01333333333 -0.005)
(0.08825 -0.01333333333 -0.005)
(0.0905 -0.01333333333 -0.005)
(0.09275 -0.01333333333 -0.005)
(0.095 -0.01333333333 -0.005)
(0.09725 -0.01333333333 -0.005)
(0.0995 -0.01333333333 -0.005)
(0.10175 -0.01333333333 -0.005)
(0.104 -0.01333333333 -0.005)
(0.10625 -0.01333333333 -0.005)
(0.1085 -0.01333333333 -0.005)
(0.11075 -0.01333333333 -0.005)
(0.113 -0.01333333333 -0.005)
(0.11525 -0.01333333333 -0.005)
(0.1175 -0.01333333333 -0.005)
(0.11975 -0.01333333333 -0.005)
(0.122 -0.01333333333 -0.005)
(0.12425 -0.01333333333 -0.005)
(0.1265 -0.01333333333 -0.005)
(0.12875 -0.01333333333 -0.005)
(0.131 -0.01333333333 -0.005)
(0.13325 -0.01333333333 -0.005)
(0.1355 -0.01333333333 -0.005)
(0.13775 -0.01333333333 -0.005)
(0.14 -0.01333333333 -0.005)
(0.14225 -0.01333333333 -0.005)
(0.1445 -0.01333333333 -0.005)
(0.14675 -0.01333333333 -0.005)
(0.149 -0.01333333333 -0.005)
(0.15125 -0.01333333333 -0.005)
(0.1535 -0.01333333333 -0.005)
(0.15575 -0.01333333333 -0.005)
(0.158 -0.01333333333 -0.005)
(0.16025 -0.01333333333 -0.005)
(0.1625 -0.01333333333 -0.005)
(0.16475 -0.01333333333 -0.005)
(0.167 -0.01333333333 -0.005)
(0.16925 -0.01333333333 -0.005)
(0.1715 -0.01333333333 -0.005)
(0.17375 -0.01333333333 -0.005)
(0.176 -0.01333333333 -0.005)
(0.17825 -0.01333333333 -0.005)
(0.1805 -0.01333333333 -0.005)
(0.18275 -0.01333333333 -0.005)
(0.185 -0.01333333333 -0.005)
(0.18725 -0.01333333333 -0.005)
(0.1895 -0.01333333333 -0.005)
(0.19175 -0.01333333333 -0.005)
(0.194 -0.01333333333 -0.005)
(0.19625 -0.01333333333 -0.005)
(0.1985 -0.01333333333 -0.005)
(0.20075 -0.01333333333 -0.005)
(0.203 -0.01333333333 -0.005)
(0.20525 -0.01333333333 -0.005)
(0.2075 -0.01333333333 -0.005)
(0.20975 -0.01333333333 -0.005)
(0.212 -0.01333333333 -0.005)
(0.21425 -0.01333333333 -0.005)
(0.2165 -0.01333333333 -0.005)
(0.21875 -0.01333333333 -0.005)
(0.221 -0.01333333333 -0.005)
(0.22325 -0.01333333333 -0.005)
(0.2255 -0.01333333333 -0.005)
(0.22775 -0.01333333333 -0.005)
(0.23 -0.01333333333 -0.005)
(0.23225 -0.01333333333 -0.005)
(0.2345 -0.01333333333 -0.005)
(0.23675 -0.01333333333 -0.005)
(0.239 -0.01333333333 -0.005)
(0.24125 -0.01333333333 -0.005)
(0.2435 -0.01333333333 -0.005)
(0.24575 -0.01333333333 -0.005)
(0.248 -0.01333333333 -0.005)
(0.25025 -0.01333333333 -0.005)
(0.2525 -0.01333333333 -0.005)
(0.25475 -0.01333333333 -0.005)
(0.257 -0.01333333333 -0.005)
(0.25925 -0.01333333333 -0.005)
(0.2615 -0.01333333333 -0.005)
(0.26375 -0.01333333333 -0.005)
(0.266 -0.01333333333 -0.005)
(0.26825 -0.01333333333 -0.005)
(0.2705 -0.01333333333 -0.005)
(0.27275 -0.01333333333 -0.005)
(0.275 -0.01333333333 -0.005)
(0.27725 -0.01333333333 -0.005)
(0.2795 -0.01333333333 -0.005)
(0.28175 -0.01333333333 -0.005)
(0.284 -0.01333333333 -0.005)
(0.28625 -0.01333333333 -0.005)
(0.2885 -0.01333333333 -0.005)
(0.29075 -0.01333333333 -0.005)
(0.293 -0.01333333333 -0.005)
(0.29525 -0.01333333333 -0.005)
(0.2975 -0.01333333333 -0.005)
(0.29975 -0.01333333333 -0.005)
(0.302 -0.01333333333 -0.005)
(0.30425 -0.01333333333 -0.005)
(0.3065 -0.01333333333 -0.005)
(0.30875 -0.01333333333 -0.005)
(0.311 -0.01333333333 -0.005)
(0.31325 -0.01333333333 -0.005)
(0.3155 -0.01333333333 -0.005)
(0.31775 -0.01333333333 -0.005)
(0.32 -0.01333333333 -0.005)
(0.32225 -0.01333333333 -0.005)
(0.3245 -0.01333333333 -0.005)
(0.32675 -0.01333333333 -0.005)
(0.329 -0.01333333333 -0.005)
(0.33125 -0.01333333333 -0.005)
(0.3335 -0.01333333333 -0.005)
(0.33575 -0.01333333333 -0.005)
(0.338 -0.01333333333 -0.005)
(0.34025 -0.01333333333 -0.005)
(0.3425 -0.01333333333 -0.005)
(0.34475 -0.01333333333 -0.005)
(0.347 -0.01333333333 -0.005)
(0.34925 -0.01333333333 -0.005)
(0.3515 -0.01333333333 -0.005)
(0.35375 -0.01333333333 -0.005)
(0.356 -0.01333333333 -0.005)
(0.35825 -0.01333333333 -0.005)
(0.3605 -0.01333333333 -0.005)
(0.36275 -0.01333333333 -0.005)
(0.365 -0.01333333333 -0.005)
(0.36725 -0.01333333333 -0.005)
(0.3695 -0.01333333333 -0.005)
(0.37175 -0.01333333333 -0.005)
(0.374 -0.01333333333 -0.005)
(0.37625 -0.01333333333 -0.005)
(0.3785 -0.01333333333 -0.005)
(0.38075 -0.01333333333 -0.005)
(0.383 -0.01333333333 -0.005)
(0.38525 -0.01333333333 -0.005)
(0.3875 -0.01333333333 -0.005)
(0.38975 -0.01333333333 -0.005)
(0.392 -0.01333333333 -0.005)
(0.39425 -0.01333333333 -0.005)
(0.3965 -0.01333333333 -0.005)
(0.39875 -0.01333333333 -0.005)
(0.401 -0.01333333333 -0.005)
(0.40325 -0.01333333333 -0.005)
(0.4055 -0.01333333333 -0.005)
(0.40775 -0.01333333333 -0.005)
(0.41 -0.01333333333 -0.005)
(0.41225 -0.01333333333 -0.005)
(0.4145 -0.01333333333 -0.005)
(0.41675 -0.01333333333 -0.005)
(0.419 -0.01333333333 -0.005)
(0.42125 -0.01333333333 -0.005)
(0.4235 -0.01333333333 -0.005)
(0.42575 -0.01333333333 -0.005)
(0.428 -0.01333333333 -0.005)
(0.43025 -0.01333333333 -0.005)
(0.4325 -0.01333333333 -0.005)
(0.43475 -0.01333333333 -0.005)
(0.437 -0.01333333333 -0.005)
(0.43925 -0.01333333333 -0.005)
(0.4415 -0.01333333333 -0.005)
(0.44375 -0.01333333333 -0.005)
(0.446 -0.01333333333 -0.005)
(0.44825 -0.01333333333 -0.005)
(0.4505 -0.01333333333 -0.005)
(0.45275 -0.01333333333 -0.005)
(0.455 -0.01333333333 -0.005)
(0.45725 -0.01333333333 -0.005)
(0.4595 -0.01333333333 -0.005)
(0.46175 -0.01333333333 -0.005)
(0.464 -0.01333333333 -0.005)
(0.46625 -0.01333333333 -0.005)
(0.4685 -0.01333333333 -0.005)
(0.47075 -0.01333333333 -0.005)
(0.473 -0.01333333333 -0.005)
(0.47525 -0.01333333333 -0.005)
(0.4775 -0.01333333333 -0.005)
(0.47975 -0.01333333333 -0.005)
(0.482 -0.01333333333 -0.005)
(0.48425 -0.01333333333 -0.005)
(0.4865 -0.01333333333 -0.005)
(0.48875 -0.01333333333 -0.005)
(0.491 -0.01333333333 -0.005)
(0.49325 -0.01333333333 -0.005)
(0.4955 -0.01333333333 -0.005)
(0.49775 -0.01333333333 -0.005)
(0.5 -0.01333333333 -0.005)
(0.05225 -0.01 0.005)
(0.0545 -0.01 0.005)
(0.05675 -0.01 0.005)
(0.059 -0.01 0.005)
(0.06125 -0.01 0.005)
(0.0635 -0.01 0.005)
(0.06575 -0.01 0.005)
(0.068 -0.01 0.005)
(0.07025 -0.01 0.005)
(0.0725 -0.01 0.005)
(0.07475 -0.01 0.005)
(0.077 -0.01 0.005)
(0.07925 -0.01 0.005)
(0.0815 -0.01 0.005)
(0.08375 -0.01 0.005)
(0.086 -0.01 0.005)
(0.08825 -0.01 0.005)
(0.0905 -0.01 0.005)
(0.09275 -0.01 0.005)
(0.095 -0.01 0.005)
(0.09725 -0.01 0.005)
(0.0995 -0.01 0.005)
(0.10175 -0.01 0.005)
(0.104 -0.01 0.005)
(0.10625 -0.01 0.005)
(0.1085 -0.01 0.005)
(0.11075 -0.01 0.005)
(0.113 -0.01 0.005)
(0.11525 -0.01 0.005)
(0.1175 -0.01 0.005)
(0.11975 -0.01 0.005)
(0.122 -0.01 0.005)
(0.12425 -0.01 0.005)
(0.1265 -0.01 0.005)
(0.12875 -0.01 0.005)
(0.131 -0.01 0.005)
(0.13325 -0.01 0.005)
(0.1355 -0.01 0.005)
(0.13775 -0.01 0.005)
(0.14 -0.01 0.005)
(0.14225 -0.01 0.005)
(0.1445 -0.01 0.005)
(0.14675 -0.01 0.005)
(0.149 -0.01 0.005)
(0.15125 -0.01 0.005)
(0.1535 -0.01 0.005)
(0.15575 -0.01 0.005)
(0.158 -0.01 0.005)
(0.16025 -0.01 0.005)
(0.1625 -0.01 0.005)
(0.16475 -0.01 0.005)
(0.167 -0.01 0.005)
(0.16925 -0.01 0.005)
(0.1715 -0.01 0.005)
(0.17375 -0.01 0.005)
(0.176 -0.01 0.005)
(0.17825 -0.01 0.005)
(0.1805 -0.01 0.005)
(0.18275 -0.01 0.005)
(0.185 -0.01 0.005)
(0.18725 -0.01 0.005)
(0.1895 -0.01 0.005)
(0.19175 -0.01 0.005)
(0.194 -0.01 0.005)
(0.19625 -0.01 0.005)
(0.1985 -0.01 0.005)
(0.20075 -0.01 0.005)
(0.203 -0.01 0.005)
(0.20525 -0.01 0.005)
(0.2075 -0.01 0.005)
(0.20975 -0.01 0.005)
(0.212 -0.01 0.005)
(0.21425 -0.01 0.005)
(0.2165 -0.01 0.005)
(0.21875 -0.01 0.005)
(0.221 -0.01 0.005)
(0.22325 -0.01 0.005)
(0.2255 -0.01 0.005)
(0.22775 -0.01 0.005)
(0.23 -0.01 0.005)
(0.23225 -0.01 0.005)
(0.2345 -0.01 0.005)
(0.23675 -0.01 0.005)
(0.239 -0.01 0.005)
(0.24125 -0.01 0.005)
(0.2435 -0.01 0.005)
(0.24575 -0.01 0.005)
(0.248 -0.01 0.005)
(0.25025 -0.01 0.005)
(0.2525 -0.01 0.005)
(0.25475 -0.01 0.005)
(0.257 -0.01 0.005)
(0.25925 -0.01 0.005)
(0.2615 -0.01 0.005)
(0.26375 -0.01 0.005)
(0.266 -0.01 0.005)
(0.26825 -0.01 0.005)
(0.2705 -0.01 0.005)
(0.27275 -0.01 0.005)
(0.275 -0.01 0.005)
(0.27725 -0.01 0.005)
(0.2795 -0.01 0.005)
(0.28175 -0.01 0.005)
(0.284 -0.01 0.005)
(0.28625 -0.01 0.005)
(0.2885 -0.01 0.005)
(0.29075 -0.01 0.005)
(0.293 -0.01 0.005)
(0.29525 -0.01 0.005)
(0.2975 -0.01 0.005)
(0.29975 -0.01 0.005)
(0.302 -0.01 0.005)
(0.30425 -0.01 0.005)
(0.3065 -0.01 0.005)
(0.30875 -0.01 0.005)
(0.311 -0.01 0.005)
(0.31325 -0.01 0.005)
(0.3155 -0.01 0.005)
(0.31775 -0.01 0.005)
(0.32 -0.01 0.005)
(0.32225 -0.01 0.005)
(0.3245 -0.01 0.005)
(0.32675 -0.01 0.005)
(0.329 -0.01 0.005)
(0.33125 -0.01 0.005)
(0.3335 -0.01 0.005)
(0.33575 -0.01 0.005)
(0.338 -0.01 0.005)
(0.34025 -0.01 0.005)
(0.3425 -0.01 0.005)
(0.34475 -0.01 0.005)
(0.347 -0.01 0.005)
(0.34925 -0.01 0.005)
(0.3515 -0.01 0.005)
(0.35375 -0.01 0.005)
(0.356 -0.01 0.005)
(0.35825 -0.01 0.005)
(0.3605 -0.01 0.005)
(0.36275 -0.01 0.005)
(0.365 -0.01 0.005)
(0.36725 -0.01 0.005)
(0.3695 -0.01 0.005)
(0.37175 -0.01 0.005)
(0.374 -0.01 0.005)
(0.37625 -0.01 0.005)
(0.3785 -0.01 0.005)
(0.38075 -0.01 0.005)
(0.383 -0.01 0.005)
(0.38525 -0.01 0.005)
(0.3875 -0.01 0.005)
(0.38975 -0.01 0.005)
(0.392 -0.01 0.005)
(0.39425 -0.01 0.005)
(0.3965 -0.01 0.005)
(0.39875 -0.01 0.005)
(0.401 -0.01 0.005)
(0.40325 -0.01 0.005)
(0.4055 -0.01 0.005)
(0.40775 -0.01 0.005)
(0.41 -0.01 0.005)
(0.41225 -0.01 0.005)
(0.4145 -0.01 0.005)
(0.41675 -0.01 0.005)
(0.419 -0.01 0.005)
(0.42125 -0.01 0.005)
(0.4235 -0.01 0.005)
(0.42575 -0.01 0.005)
(0.428 -0.01 0.005)
(0.43025 -0.01 0.005)
(0.4325 -0.01 0.005)
(0.43475 -0.01 0.005)
(0.437 -0.01 0.005)
(0.43925 -0.01 0.005)
(0.4415 -0.01 0.005)
(0.44375 -0.01 0.005)
(0.446 -0.01 0.005)
(0.44825 -0.01 0.005)
(0.4505 -0.01 0.005)
(0.45275 -0.01 0.005)
(0.455 -0.01 0.005)
(0.45725 -0.01 0.005)
(0.4595 -0.01 0.005)
(0.46175 -0.01 0.005)
(0.464 -0.01 0.005)
(0.46625 -0.01 0.005)
(0.4685 -0.01 0.005)
(0.47075 -0.01 0.005)
(0.473 -0.01 0.005)
(0.47525 -0.01 0.005)
(0.4775 -0.01 0.005)
(0.47975 -0.01 0.005)
(0.482 -0.01 0.005)
(0.48425 -0.01 0.005)
(0.4865 -0.01 0.005)
(0.48875 -0.01 0.005)
(0.491 -0.01 0.005)
(0.49325 -0.01 0.005)
(0.4955 -0.01 0.005)
(0.49775 -0.01 0.005)
(0.5 -0.01 0.005)
(0.05225 -0.01 -0.005)
(0.0545 -0.01 -0.005)
(0.05675 -0.01 -0.005)
(0.059 -0.01 -0.005)
(0.06125 -0.01 -0.005)
(0.0635 -0.01 -0.005)
(0.06575 -0.01 -0.005)
(0.068 -0.01 -0.005)
(0.07025 -0.01 -0.005)
(0.0725 -0.01 -0.005)
(0.07475 -0.01 -0.005)
(0.077 -0.01 -0.005)
(0.07925 -0.01 -0.005)
(0.0815 -0.01 -0.005)
(0.08375 -0.01 -0.005)
(0.086 -0.01 -0.005)
(0.08825 -0.01 -0.005)
(0.0905 -0.01 -0.005)
(0.09275 -0.01 -0.005)
(0.095 -0.01 -0.005)
(0.09725 -0.01 -0.005)
(0.0995 -0.01 -0.005)
(0.10175 -0.01 -0.005)
(0.104 -0.01 -0.005)
(0.10625 -0.01 -0.005)
(0.1085 -0.01 -0.005)
(0.11075 -0.01 -0.005)
(0.113 -0.01 -0.005)
(0.11525 -0.01 -0.005)
(0.1175 -0.01 -0.005)
(0.11975 -0.01 -0.005)
(0.122 -0.01 -0.005)
(0.12425 -0.01 -0.005)
(0.1265 -0.01 -0.005)
(0.12875 -0.01 -0.005)
(0.131 -0.01 -0.005)
(0.13325 -0.01 -0.005)
(0.1355 -0.01 -0.005)
(0.13775 -0.01 -0.005)
(0.14 -0.01 -0.005)
(0.14225 -0.01 -0.005)
(0.1445 -0.01 -0.005)
(0.14675 -0.01 -0.005)
(0.149 -0.01 -0.005)
(0.15125 -0.01 -0.005)
(0.1535 -0.01 -0.005)
(0.15575 -0.01 -0.005)
(0.158 -0.01 -0.005)
(0.16025 -0.01 -0.005)
(0.1625 -0.01 -0.005)
(0.16475 -0.01 -0.005)
(0.167 -0.01 -0.005)
(0.16925 -0.01 -0.005)
(0.1715 -0.01 -0.005)
(0.17375 -0.01 -0.005)
(0.176 -0.01 -0.005)
(0.17825 -0.01 -0.005)
(0.1805 -0.01 -0.005)
(0.18275 -0.01 -0.005)
(0.185 -0.01 -0.005)
(0.18725 -0.01 -0.005)
(0.1895 -0.01 -0.005)
(0.19175 -0.01 -0.005)
(0.194 -0.01 -0.005)
(0.19625 -0.01 -0.005)
(0.1985 -0.01 -0.005)
(0.20075 -0.01 -0.005)
(0.203 -0.01 -0.005)
(0.20525 -0.01 -0.005)
(0.2075 -0.01 -0.005)
(0.20975 -0.01 -0.005)
(0.212 -0.01 -0.005)
(0.21425 -0.01 -0.005)
(0.2165 -0.01 -0.005)
(0.21875 -0.01 -0.005)
(0.221 -0.01 -0.005)
(0.22325 -0.01 -0.005)
(0.2255 -0.01 -0.005)
(0.22775 -0.01 -0.005)
(0.23 -0.01 -0.005)
(0.23225 -0.01 -0.005)
(0.2345 -0.01 -0.005)
(0.23675 -0.01 -0.005)
(0.239 -0.01 -0.005)
(0.24125 -0.01 -0.005)
(0.2435 -0.01 -0.005)
(0.24575 -0.01 -0.005)
(0.248 -0.01 -0.005)
(0.25025 -0.01 -0.005)
(0.2525 -0.01 -0.005)
(0.25475 -0.01 -0.005)
(0.257 -0.01 -0.005)
(0.25925 -0.01 -0.005)
(0.2615 -0.01 -0.005)
(0.26375 -0.01 -0.005)
(0.266 -0.01 -0.005)
(0.26825 -0.01 -0.005)
(0.2705 -0.01 -0.005)
(0.27275 -0.01 -0.005)
(0.275 -0.01 -0.005)
(0.27725 -0.01 -0.005)
(0.2795 -0.01 -0.005)
(0.28175 -0.01 -0.005)
(0.284 -0.01 -0.005)
(0.28625 -0.01 -0.005)
(0.2885 -0.01 -0.005)
(0.29075 -0.01 -0.005)
(0.293 -0.01 -0.005)
(0.29525 -0.01 -0.005)
(0.2975 -0.01 -0.005)
(0.29975 -0.01 -0.005)
(0.302 -0.01 -0.005)
(0.30425 -0.01 -0.005)
(0.3065 -0.01 -0.005)
(0.30875 -0.01 -0.005)
(0.311 -0.01 -0.005)
(0.31325 -0.01 -0.005)
(0.3155 -0.01 -0.005)
(0.31775 -0.01 -0.005)
(0.32 -0.01 -0.005)
(0.32225 -0.01 -0.005)
(0.3245 -0.01 -0.005)
(0.32675 -0.01 -0.005)
(0.329 -0.01 -0.005)
(0.33125 -0.01 -0.005)
(0.3335 -0.01 -0.005)
(0.33575 -0.01 -0.005)
(0.338 -0.01 -0.005)
(0.34025 -0.01 -0.005)
(0.3425 -0.01 -0.005)
(0.34475 -0.01 -0.005)
(0.347 -0.01 -0.005)
(0.34925 -0.01 -0.005)
(0.3515 -0.01 -0.005)
(0.35375 -0.01 -0.005)
(0.356 -0.01 -0.005)
(0.35825 -0.01 -0.005)
(0.3605 -0.01 -0.005)
(0.36275 -0.01 -0.005)
(0.365 -0.01 -0.005)
(0.36725 -0.01 -0.005)
(0.3695 -0.01 -0.005)
(0.37175 -0.01 -0.005)
(0.374 -0.01 -0.005)
(0.37625 -0.01 -0.005)
(0.3785 -0.01 -0.005)
(0.38075 -0.01 -0.005)
(0.383 -0.01 -0.005)
(0.38525 -0.01 -0.005)
(0.3875 -0.01 -0.005)
(0.38975 -0.01 -0.005)
(0.392 -0.01 -0.005)
(0.39425 -0.01 -0.005)
(0.3965 -0.01 -0.005)
(0.39875 -0.01 -0.005)
(0.401 -0.01 -0.005)
(0.40325 -0.01 -0.005)
(0.4055 -0.01 -0.005)
(0.40775 -0.01 -0.005)
(0.41 -0.01 -0.005)
(0.41225 -0.01 -0.005)
(0.4145 -0.01 -0.005)
(0.41675 -0.01 -0.005)
(0.419 -0.01 -0.005)
(0.42125 -0.01 -0.005)
(0.4235 -0.01 -0.005)
(0.42575 -0.01 -0.005)
(0.428 -0.01 -0.005)
(0.43025 -0.01 -0.005)
(0.4325 -0.01 -0.005)
(0.43475 -0.01 -0.005)
(0.437 -0.01 -0.005)
(0.43925 -0.01 -0.005)
(0.4415 -0.01 -0.005)
(0.44375 -0.01 -0.005)
(0.446 -0.01 -0.005)
(0.44825 -0.01 -0.005)
(0.4505 -0.01 -0.005)
(0.45275 -0.01 -0.005)
(0.455 -0.01 -0.005)
(0.45725 -0.01 -0.005)
(0.4595 -0.01 -0.005)
(0.46175 -0.01 -0.005)
(0.464 -0.01 -0.005)
(0.46625 -0.01 -0.005)
(0.4685 -0.01 -0.005)
(0.47075 -0.01 -0.005)
(0.473 -0.01 -0.005)
(0.47525 -0.01 -0.005)
(0.4775 -0.01 -0.005)
(0.47975 -0.01 -0.005)
(0.482 -0.01 -0.005)
(0.48425 -0.01 -0.005)
(0.4865 -0.01 -0.005)
(0.48875 -0.01 -0.005)
(0.491 -0.01 -0.005)
(0.49325 -0.01 -0.005)
(0.4955 -0.01 -0.005)
(0.49775 -0.01 -0.005)
(0.5 -0.01 -0.005)
(0.05225 -0.006666666667 0.005)
(0.0545 -0.006666666667 0.005)
(0.05675 -0.006666666667 0.005)
(0.059 -0.006666666667 0.005)
(0.06125 -0.006666666667 0.005)
(0.0635 -0.006666666667 0.005)
(0.06575 -0.006666666667 0.005)
(0.068 -0.006666666667 0.005)
(0.07025 -0.006666666667 0.005)
(0.0725 -0.006666666667 0.005)
(0.07475 -0.006666666667 0.005)
(0.077 -0.006666666667 0.005)
(0.07925 -0.006666666667 0.005)
(0.0815 -0.006666666667 0.005)
(0.08375 -0.006666666667 0.005)
(0.086 -0.006666666667 0.005)
(0.08825 -0.006666666667 0.005)
(0.0905 -0.006666666667 0.005)
(0.09275 -0.006666666667 0.005)
(0.095 -0.006666666667 0.005)
(0.09725 -0.006666666667 0.005)
(0.0995 -0.006666666667 0.005)
(0.10175 -0.006666666667 0.005)
(0.104 -0.006666666667 0.005)
(0.10625 -0.006666666667 0.005)
(0.1085 -0.006666666667 0.005)
(0.11075 -0.006666666667 0.005)
(0.113 -0.006666666667 0.005)
(0.11525 -0.006666666667 0.005)
(0.1175 -0.006666666667 0.005)
(0.11975 -0.006666666667 0.005)
(0.122 -0.006666666667 0.005)
(0.12425 -0.006666666667 0.005)
(0.1265 -0.006666666667 0.005)
(0.12875 -0.006666666667 0.005)
(0.131 -0.006666666667 0.005)
(0.13325 -0.006666666667 0.005)
(0.1355 -0.006666666667 0.005)
(0.13775 -0.006666666667 0.005)
(0.14 -0.006666666667 0.005)
(0.14225 -0.006666666667 0.005)
(0.1445 -0.006666666667 0.005)
(0.14675 -0.006666666667 0.005)
(0.149 -0.006666666667 0.005)
(0.15125 -0.006666666667 0.005)
(0.1535 -0.006666666667 0.005)
(0.15575 -0.006666666667 0.005)
(0.158 -0.006666666667 0.005)
(0.16025 -0.006666666667 0.005)
(0.1625 -0.006666666667 0.005)
(0.16475 -0.006666666667 0.005)
(0.167 -0.006666666667 0.005)
(0.16925 -0.006666666667 0.005)
(0.1715 -0.006666666667 0.005)
(0.17375 -0.006666666667 0.005)
(0.176 -0.006666666667 0.005)
(0.17825 -0.006666666667 0.005)
(0.1805 -0.006666666667 0.005)
(0.18275 -0.006666666667 0.005)
(0.185 -0.006666666667 0.005)
(0.18725 -0.006666666667 0.005)
(0.1895 -0.006666666667 0.005)
(0.19175 -0.006666666667 0.005)
(0.194 -0.006666666667 0.005)
(0.19625 -0.006666666667 0.005)
(0.1985 -0.006666666667 0.005)
(0.20075 -0.006666666667 0.005)
(0.203 -0.006666666667 0.005)
(0.20525 -0.006666666667 0.005)
(0.2075 -0.006666666667 0.005)
(0.20975 -0.006666666667 0.005)
(0.212 -0.006666666667 0.005)
(0.21425 -0.006666666667 0.005)
(0.2165 -0.006666666667 0.005)
(0.21875 -0.006666666667 0.005)
(0.221 -0.006666666667 0.005)
(0.22325 -0.006666666667 0.005)
(0.2255 -0.006666666667 0.005)
(0.22775 -0.006666666667 0.005)
(0.23 -0.006666666667 0.005)
(0.23225 -0.006666666667 0.005)
(0.2345 -0.006666666667 0.005)
(0.23675 -0.006666666667 0.005)
(0.239 -0.006666666667 0.005)
(0.24125 -0.006666666667 0.005)
(0.2435 -0.006666666667 0.005)
(0.24575 -0.006666666667 0.005)
(0.248 -0.006666666667 0.005)
(0.25025 -0.006666666667 0.005)
(0.2525 -0.006666666667 0.005)
(0.25475 -0.006666666667 0.005)
(0.257 -0.006666666667 0.005)
(0.25925 -0.006666666667 0.005)
(0.2615 -0.006666666667 0.005)
(0.26375 -0.006666666667 0.005)
(0.266 -0.006666666667 0.005)
(0.26825 -0.006666666667 0.005)
(0.2705 -0.006666666667 0.005)
(0.27275 -0.006666666667 0.005)
(0.275 -0.006666666667 0.005)
(0.27725 -0.006666666667 0.005)
(0.2795 -0.006666666667 0.005)
(0.28175 -0.006666666667 0.005)
(0.284 -0.006666666667 0.005)
(0.28625 -0.006666666667 0.005)
(0.2885 -0.006666666667 0.005)
(0.29075 -0.006666666667 0.005)
(0.293 -0.006666666667 0.005)
(0.29525 -0.006666666667 0.005)
(0.2975 -0.006666666667 0.005)
(0.29975 -0.006666666667 0.005)
(0.302 -0.006666666667 0.005)
(0.30425 -0.006666666667 0.005)
(0.3065 -0.006666666667 0.005)
(0.30875 -0.006666666667 0.005)
(0.311 -0.006666666667 0.005)
(0.31325 -0.006666666667 0.005)
(0.3155 -0.006666666667 0.005)
(0.31775 -0.006666666667 0.005)
(0.32 -0.006666666667 0.005)
(0.32225 -0.006666666667 0.005)
(0.3245 -0.006666666667 0.005)
(0.32675 -0.006666666667 0.005)
(0.329 -0.006666666667 0.005)
(0.33125 -0.006666666667 0.005)
(0.3335 -0.006666666667 0.005)
(0.33575 -0.006666666667 0.005)
(0.338 -0.006666666667 0.005)
(0.34025 -0.006666666667 0.005)
(0.3425 -0.006666666667 0.005)
(0.34475 -0.006666666667 0.005)
(0.347 -0.006666666667 0.005)
(0.34925 -0.006666666667 0.005)
(0.3515 -0.006666666667 0.005)
(0.35375 -0.006666666667 0.005)
(0.356 -0.006666666667 0.005)
(0.35825 -0.006666666667 0.005)
(0.3605 -0.006666666667 0.005)
(0.36275 -0.006666666667 0.005)
(0.365 -0.006666666667 0.005)
(0.36725 -0.006666666667 0.005)
(0.3695 -0.006666666667 0.005)
(0.37175 -0.006666666667 0.005)
(0.374 -0.006666666667 0.005)
(0.37625 -0.006666666667 0.005)
(0.3785 -0.006666666667 0.005)
(0.38075 -0.006666666667 0.005)
(0.383 -0.006666666667 0.005)
(0.38525 -0.006666666667 0.005)
(0.3875 -0.006666666667 0.005)
(0.38975 -0.006666666667 0.005)
(0.392 -0.006666666667 0.005)
(0.39425 -0.006666666667 0.005)
(0.3965 -0.006666666667 0.005)
(0.39875 -0.006666666667 0.005)
(0.401 -0.006666666667 0.005)
(0.40325 -0.006666666667 0.005)
(0.4055 -0.006666666667 0.005)
(0.40775 -0.006666666667 0.005)
(0.41 -0.006666666667 0.005)
(0.41225 -0.006666666667 0.005)
(0.4145 -0.006666666667 0.005)
(0.41675 -0.006666666667 0.005)
(0.419 -0.006666666667 0.005)
(0.42125 -0.006666666667 0.005)
(0.4235 -0.006666666667 0.005)
(0.42575 -0.006666666667 0.005)
(0.428 -0.006666666667 0.005)
(0.43025 -0.006666666667 0.005)
(0.4325 -0.006666666667 0.005)
(0.43475 -0.006666666667 0.005)
(0.437 -0.006666666667 0.005)
(0.43925 -0.006666666667 0.005)
(0.4415 -0.006666666667 0.005)
(0.44375 -0.006666666667 0.005)
(0.446 -0.006666666667 0.005)
(0.44825 -0.006666666667 0.005)
(0.4505 -0.006666666667 0.005)
(0.45275 -0.006666666667 0.005)
(0.455 -0.006666666667 0.005)
(0.45725 -0.006666666667 0.005)
(0.4595 -0.006666666667 0.005)
(0.46175 -0.006666666667 0.005)
(0.464 -0.006666666667 0.005)
(0.46625 -0.006666666667 0.005)
(0.4685 -0.006666666667 0.005)
(0.47075 -0.006666666667 0.005)
(0.473 -0.006666666667 0.005)
(0.47525 -0.006666666667 0.005)
(0.4775 -0.006666666667 0.005)
(0.47975 -0.006666666667 0.005)
(0.482 -0.006666666667 0.005)
(0.48425 -0.006666666667 0.005)
(0.4865 -0.006666666667 0.005)
(0.48875 -0.006666666667 0.005)
(0.491 -0.006666666667 0.005)
(0.49325 -0.006666666667 0.005)
(0.4955 -0.006666666667 0.005)
(0.49775 -0.006666666667 0.005)
(0.5 -0.006666666667 0.005)
(0.05225 -0.006666666667 -0.005)
(0.0545 -0.006666666667 -0.005)
(0.05675 -0.006666666667 -0.005)
(0.059 -0.006666666667 -0.005)
(0.06125 -0.006666666667 -0.005)
(0.0635 -0.006666666667 -0.005)
(0.06575 -0.006666666667 -0.005)
(0.068 -0.006666666667 -0.005)
(0.07025 -0.006666666667 -0.005)
(0.0725 -0.006666666667 -0.005)
(0.07475 -0.006666666667 -0.005)
(0.077 -0.006666666667 -0.005)
(0.07925 -0.006666666667 -0.005)
(0.0815 -0.006666666667 -0.005)
(0.08375 -0.006666666667 -0.005)
(0.086 -0.006666666667 -0.005)
(0.08825 -0.006666666667 -0.005)
(0.0905 -0.006666666667 -0.005)
(0.09275 -0.006666666667 -0.005)
(0.095 -0.006666666667 -0.005)
(0.09725 -0.006666666667 -0.005)
(0.0995 -0.006666666667 -0.005)
(0.10175 -0.006666666667 -0.005)
(0.104 -0.006666666667 -0.005)
(0.10625 -0.006666666667 -0.005)
(0.1085 -0.006666666667 -0.005)
(0.11075 -0.006666666667 -0.005)
(0.113 -0.006666666667 -0.005)
(0.11525 -0.006666666667 -0.005)
(0.1175 -0.006666666667 -0.005)
(0.11975 -0.006666666667 -0.005)
(0.122 -0.006666666667 -0.005)
(0.12425 -0.006666666667 -0.005)
(0.1265 -0.006666666667 -0.005)
(0.12875 -0.006666666667 -0.005)
(0.131 -0.006666666667 -0.005)
(0.13325 -0.006666666667 -0.005)
(0.1355 -0.006666666667 -0.005)
(0.13775 -0.006666666667 -0.005)
(0.14 -0.006666666667 -0.005)
(0.14225 -0.006666666667 -0.005)
(0.1445 -0.006666666667 -0.005)
(0.14675 -0.006666666667 -0.005)
(0.149 -0.006666666667 -0.005)
(0.15125 -0.006666666667 -0.005)
(0.1535 -0.006666666667 -0.005)
(0.15575 -0.006666666667 -0.005)
(0.158 -0.006666666667 -0.005)
(0.16025 -0.006666666667 -0.005)
(0.1625 -0.006666666667 -0.005)
(0.16475 -0.006666666667 -0.005)
(0.167 -0.006666666667 -0.005)
(0.16925 -0.006666666667 -0.005)
(0.1715 -0.006666666667 -0.005)
(0.17375 -0.006666666667 -0.005)
(0.176 -0.006666666667 -0.005)
(0.17825 -0.006666666667 -0.005)
(0.1805 -0.006666666667 -0.005)
(0.18275 -0.006666666667 -0.005)
(0.185 -0.006666666667 -0.005)
(0.18725 -0.006666666667 -0.005)
(0.1895 -0.006666666667 -0.005)
(0.19175 -0.006666666667 -0.005)
(0.194 -0.006666666667 -0.005)
(0.19625 -0.006666666667 -0.005)
(0.1985 -0.006666666667 -0.005)
(0.20075 -0.006666666667 -0.005)
(0.203 -0.006666666667 -0.005)
(0.20525 -0.006666666667 -0.005)
(0.2075 -0.006666666667 -0.005)
(0.20975 -0.006666666667 -0.005)
(0.212 -0.006666666667 -0.005)
(0.21425 -0.006666666667 -0.005)
(0.2165 -0.006666666667 -0.005)
(0.21875 -0.006666666667 -0.005)
(0.221 -0.006666666667 -0.005)
(0.22325 -0.006666666667 -0.005)
(0.2255 -0.006666666667 -0.005)
(0.22775 -0.006666666667 -0.005)
(0.23 -0.006666666667 -0.005)
(0.23225 -0.006666666667 -0.005)
(0.2345 -0.006666666667 -0.005)
(0.23675 -0.006666666667 -0.005)
(0.239 -0.006666666667 -0.005)
(0.24125 -0.006666666667 -0.005)
(0.2435 -0.006666666667 -0.005)
(0.24575 -0.006666666667 -0.005)
(0.248 -0.006666666667 -0.005)
(0.25025 -0.006666666667 -0.005)
(0.2525 -0.006666666667 -0.005)
(0.25475 -0.006666666667 -0.005)
(0.257 -0.006666666667 -0.005)
(0.25925 -0.006666666667 -0.005)
(0.2615 -0.006666666667 -0.005)
(0.26375 -0.006666666667 -0.005)
(0.266 -0.006666666667 -0.005)
(0.26825 -0.006666666667 -0.005)
(0.2705 -0.006666666667 -0.005)
(0.27275 -0.006666666667 -0.005)
(0.275 -0.006666666667 -0.005)
(0.27725 -0.006666666667 -0.005)
(0.2795 -0.006666666667 -0.005)
(0.28175 -0.006666666667 -0.005)
(0.284 -0.006666666667 -0.005)
(0.28625 -0.006666666667 -0.005)
(0.2885 -0.006666666667 -0.005)
(0.29075 -0.006666666667 -0.005)
(0.293 -0.006666666667 -0.005)
(0.29525 -0.006666666667 -0.005)
(0.2975 -0.006666666667 -0.005)
(0.29975 -0.006666666667 -0.005)
(0.302 -0.006666666667 -0.005)
(0.30425 -0.006666666667 -0.005)
(0.3065 -0.006666666667 -0.005)
(0.30875 -0.006666666667 -0.005)
(0.311 -0.006666666667 -0.005)
(0.31325 -0.006666666667 -0.005)
(0.3155 -0.006666666667 -0.005)
(0.31775 -0.006666666667 -0.005)
(0.32 -0.006666666667 -0.005)
(0.32225 -0.006666666667 -0.005)
(0.3245 -0.006666666667 -0.005)
(0.32675 -0.006666666667 -0.005)
(0.329 -0.006666666667 -0.005)
(0.33125 -0.006666666667 -0.005)
(0.3335 -0.006666666667 -0.005)
(0.33575 -0.006666666667 -0.005)
(0.338 -0.006666666667 -0.005)
(0.34025 -0.006666666667 -0.005)
(0.3425 -0.006666666667 -0.005)
(0.34475 -0.006666666667 -0.005)
(0.347 -0.006666666667 -0.005)
(0.34925 -0.006666666667 -0.005)
(0.3515 -0.006666666667 -0.005)
(0.35375 -0.006666666667 -0.005)
(0.356 -0.006666666667 -0.005)
(0.35825 -0.006666666667 -0.005)
(0.3605 -0.006666666667 -0.005)
(0.36275 -0.006666666667 -0.005)
(0.365 -0.006666666667 -0.005)
(0.36725 -0.006666666667 -0.005)
(0.3695 -0.006666666667 -0.005)
(0.37175 -0.006666666667 -0.005)
(0.374 -0.006666666667 -0.005)
(0.37625 -0.006666666667 -0.005)
(0.3785 -0.006666666667 -0.005)
(0.38075 -0.006666666667 -0.005)
(0.383 -0.006666666667 -0.005)
(0.38525 -0.006666666667 -0.005)
(0.3875 -0.006666666667 -0.005)
(0.38975 -0.006666666667 -0.005)
(0.392 -0.006666666667 -0.005)
(0.39425 -0.006666666667 -0.005)
(0.3965 -0.006666666667 -0.005)
(0.39875 -0.006666666667 -0.005)
(0.401 -0.006666666667 -0.005)
(0.40325 -0.006666666667 -0.005)
(0.4055 -0.006666666667 -0.005)
(0.40775 -0.006666666667 -0.005)
(0.41 -0.006666666667 -0.005)
(0.41225 -0.006666666667 -0.005)
(0.4145 -0.006666666667 -0.005)
(0.41675 -0.006666666667 -0.005)
(0.419 -0.006666666667 -0.005)
(0.42125 -0.006666666667 -0.005)
(0.4235 -0.006666666667 -0.005)
(0.42575 -0.006666666667 -0.005)
(0.428 -0.006666666667 -0.005)
(0.43025 -0.006666666667 -0.005)
(0.4325 -0.006666666667 -0.005)
(0.43475 -0.006666666667 -0.005)
(0.437 -0.006666666667 -0.005)
(0.43925 -0.006666666667 -0.005)
(0.4415 -0.006666666667 -0.005)
(0.44375 -0.006666666667 -0.005)
(0.446 -0.006666666667 -0.005)
(0.44825 -0.006666666667 -0.005)
(0.4505 -0.006666666667 -0.005)
(0.45275 -0.006666666667 -0.005)
(0.455 -0.006666666667 -0.005)
(0.45725 -0.006666666667 -0.005)
(0.4595 -0.006666666667 -0.005)
(0.46175 -0.006666666667 -0.005)
(0.464 -0.006666666667 -0.005)
(0.46625 -0.006666666667 -0.005)
(0.4685 -0.006666666667 -0.005)
(0.47075 -0.006666666667 -0.005)
(0.473 -0.006666666667 -0.005)
(0.47525 -0.006666666667 -0.005)
(0.4775 -0.006666666667 -0.005)
(0.47975 -0.006666666667 -0.005)
(0.482 -0.006666666667 -0.005)
(0.48425 -0.006666666667 -0.005)
(0.4865 -0.006666666667 -0.005)
(0.48875 -0.006666666667 -0.005)
(0.491 -0.006666666667 -0.005)
(0.49325 -0.006666666667 -0.005)
(0.4955 -0.006666666667 -0.005)
(0.49775 -0.006666666667 -0.005)
(0.5 -0.006666666667 -0.005)
(0.05225 -0.003333333333 0.005)
(0.0545 -0.003333333333 0.005)
(0.05675 -0.003333333333 0.005)
(0.059 -0.003333333333 0.005)
(0.06125 -0.003333333333 0.005)
(0.0635 -0.003333333333 0.005)
(0.06575 -0.003333333333 0.005)
(0.068 -0.003333333333 0.005)
(0.07025 -0.003333333333 0.005)
(0.0725 -0.003333333333 0.005)
(0.07475 -0.003333333333 0.005)
(0.077 -0.003333333333 0.005)
(0.07925 -0.003333333333 0.005)
(0.0815 -0.003333333333 0.005)
(0.08375 -0.003333333333 0.005)
(0.086 -0.003333333333 0.005)
(0.08825 -0.003333333333 0.005)
(0.0905 -0.003333333333 0.005)
(0.09275 -0.003333333333 0.005)
(0.095 -0.003333333333 0.005)
(0.09725 -0.003333333333 0.005)
(0.0995 -0.003333333333 0.005)
(0.10175 -0.003333333333 0.005)
(0.104 -0.003333333333 0.005)
(0.10625 -0.003333333333 0.005)
(0.1085 -0.003333333333 0.005)
(0.11075 -0.003333333333 0.005)
(0.113 -0.003333333333 0.005)
(0.11525 -0.003333333333 0.005)
(0.1175 -0.003333333333 0.005)
(0.11975 -0.003333333333 0.005)
(0.122 -0.003333333333 0.005)
(0.12425 -0.003333333333 0.005)
(0.1265 -0.003333333333 0.005)
(0.12875 -0.003333333333 0.005)
(0.131 -0.003333333333 0.005)
(0.13325 -0.003333333333 0.005)
(0.1355 -0.003333333333 0.005)
(0.13775 -0.003333333333 0.005)
(0.14 -0.003333333333 0.005)
(0.14225 -0.003333333333 0.005)
(0.1445 -0.003333333333 0.005)
(0.14675 -0.003333333333 0.005)
(0.149 -0.003333333333 0.005)
(0.15125 -0.003333333333 0.005)
(0.1535 -0.003333333333 0.005)
(0.15575 -0.003333333333 0.005)
(0.158 -0.003333333333 0.005)
(0.16025 -0.003333333333 0.005)
(0.1625 -0.003333333333 0.005)
(0.16475 -0.003333333333 0.005)
(0.167 -0.003333333333 0.005)
(0.16925 -0.003333333333 0.005)
(0.1715 -0.003333333333 0.005)
(0.17375 -0.003333333333 0.005)
(0.176 -0.003333333333 0.005)
(0.17825 -0.003333333333 0.005)
(0.1805 -0.003333333333 0.005)
(0.18275 -0.003333333333 0.005)
(0.185 -0.003333333333 0.005)
(0.18725 -0.003333333333 0.005)
(0.1895 -0.003333333333 0.005)
(0.19175 -0.003333333333 0.005)
(0.194 -0.003333333333 0.005)
(0.19625 -0.003333333333 0.005)
(0.1985 -0.003333333333 0.005)
(0.20075 -0.003333333333 0.005)
(0.203 -0.003333333333 0.005)
(0.20525 -0.003333333333 0.005)
(0.2075 -0.003333333333 0.005)
(0.20975 -0.003333333333 0.005)
(0.212 -0.003333333333 0.005)
(0.21425 -0.003333333333 0.005)
(0.2165 -0.003333333333 0.005)
(0.21875 -0.003333333333 0.005)
(0.221 -0.003333333333 0.005)
(0.22325 -0.003333333333 0.005)
(0.2255 -0.003333333333 0.005)
(0.22775 -0.003333333333 0.005)
(0.23 -0.003333333333 0.005)
(0.23225 -0.003333333333 0.005)
(0.2345 -0.003333333333 0.005)
(0.23675 -0.003333333333 0.005)
(0.239 -0.003333333333 0.005)
(0.24125 -0.003333333333 0.005)
(0.2435 -0.003333333333 0.005)
(0.24575 -0.003333333333 0.005)
(0.248 -0.003333333333 0.005)
(0.25025 -0.003333333333 0.005)
(0.2525 -0.003333333333 0.005)
(0.25475 -0.003333333333 0.005)
(0.257 -0.003333333333 0.005)
(0.25925 -0.003333333333 0.005)
(0.2615 -0.003333333333 0.005)
(0.26375 -0.003333333333 0.005)
(0.266 -0.003333333333 0.005)
(0.26825 -0.003333333333 0.005)
(0.2705 -0.003333333333 0.005)
(0.27275 -0.003333333333 0.005)
(0.275 -0.003333333333 0.005)
(0.27725 -0.003333333333 0.005)
(0.2795 -0.003333333333 0.005)
(0.28175 -0.003333333333 0.005)
(0.284 -0.003333333333 0.005)
(0.28625 -0.003333333333 0.005)
(0.2885 -0.003333333333 0.005)
(0.29075 -0.003333333333 0.005)
(0.293 -0.003333333333 0.005)
(0.29525 -0.003333333333 0.005)
(0.2975 -0.003333333333 0.005)
(0.29975 -0.003333333333 0.005)
(0.302 -0.003333333333 0.005)
(0.30425 -0.003333333333 0.005)
(0.3065 -0.003333333333 0.005)
(0.30875 -0.003333333333 0.005)
(0.311 -0.003333333333 0.005)
(0.31325 -0.003333333333 0.005)
(0.3155 -0.003333333333 0.005)
(0.31775 -0.003333333333 0.005)
(0.32 -0.003333333333 0.005)
(0.32225 -0.003333333333 0.005)
(0.3245 -0.003333333333 0.005)
(0.32675 -0.003333333333 0.005)
(0.329 -0.003333333333 0.005)
(0.33125 -0.003333333333 0.005)
(0.3335 -0.003333333333 0.005)
(0.33575 -0.003333333333 0.005)
(0.338 -0.003333333333 0.005)
(0.34025 -0.003333333333 0.005)
(0.3425 -0.003333333333 0.005)
(0.34475 -0.003333333333 0.005)
(0.347 -0.003333333333 0.005)
(0.34925 -0.003333333333 0.005)
(0.3515 -0.003333333333 0.005)
(0.35375 -0.003333333333 0.005)
(0.356 -0.003333333333 0.005)
(0.35825 -0.003333333333 0.005)
(0.3605 -0.003333333333 0.005)
(0.36275 -0.003333333333 0.005)
(0.365 -0.003333333333 0.005)
(0.36725 -0.003333333333 0.005)
(0.3695 -0.003333333333 0.005)
(0.37175 -0.003333333333 0.005)
(0.374 -0.003333333333 0.005)
(0.37625 -0.003333333333 0.005)
(0.3785 -0.003333333333 0.005)
(0.38075 -0.003333333333 0.005)
(0.383 -0.003333333333 0.005)
(0.38525 -0.003333333333 0.005)
(0.3875 -0.003333333333 0.005)
(0.38975 -0.003333333333 0.005)
(0.392 -0.003333333333 0.005)
(0.39425 -0.003333333333 0.005)
(0.3965 -0.003333333333 0.005)
(0.39875 -0.003333333333 0.005)
(0.401 -0.003333333333 0.005)
(0.40325 -0.003333333333 0.005)
(0.4055 -0.003333333333 0.005)
(0.40775 -0.003333333333 0.005)
(0.41 -0.003333333333 0.005)
(0.41225 -0.003333333333 0.005)
(0.4145 -0.003333333333 0.005)
(0.41675 -0.003333333333 0.005)
(0.419 -0.003333333333 0.005)
(0.42125 -0.003333333333 0.005)
(0.4235 -0.003333333333 0.005)
(0.42575 -0.003333333333 0.005)
(0.428 -0.003333333333 0.005)
(0.43025 -0.003333333333 0.005)
(0.4325 -0.003333333333 0.005)
(0.43475 -0.003333333333 0.005)
(0.437 -0.003333333333 0.005)
(0.43925 -0.003333333333 0.005)
(0.4415 -0.003333333333 0.005)
(0.44375 -0.003333333333 0.005)
(0.446 -0.003333333333 0.005)
(0.44825 -0.003333333333 0.005)
(0.4505 -0.003333333333 0.005)
(0.45275 -0.003333333333 0.005)
(0.455 -0.003333333333 0.005)
(0.45725 -0.003333333333 0.005)
(0.4595 -0.003333333333 0.005)
(0.46175 -0.003333333333 0.005)
(0.464 -0.003333333333 0.005)
(0.46625 -0.003333333333 0.005)
(0.4685 -0.003333333333 0.005)
(0.47075 -0.003333333333 0.005)
(0.473 -0.003333333333 0.005)
(0.47525 -0.003333333333 0.005)
(0.4775 -0.003333333333 0.005)
(0.47975 -0.003333333333 0.005)
(0.482 -0.003333333333 0.005)
(0.48425 -0.003333333333 0.005)
(0.4865 -0.003333333333 0.005)
(0.48875 -0.003333333333 0.005)
(0.491 -0.003333333333 0.005)
(0.49325 -0.003333333333 0.005)
(0.4955 -0.003333333333 0.005)
(0.49775 -0.003333333333 0.005)
(0.5 -0.003333333333 0.005)
(0.05225 -0.003333333333 -0.005)
(0.0545 -0.003333333333 -0.005)
(0.05675 -0.003333333333 -0.005)
(0.059 -0.003333333333 -0.005)
(0.06125 -0.003333333333 -0.005)
(0.0635 -0.003333333333 -0.005)
(0.06575 -0.003333333333 -0.005)
(0.068 -0.003333333333 -0.005)
(0.07025 -0.003333333333 -0.005)
(0.0725 -0.003333333333 -0.005)
(0.07475 -0.003333333333 -0.005)
(0.077 -0.003333333333 -0.005)
(0.07925 -0.003333333333 -0.005)
(0.0815 -0.003333333333 -0.005)
(0.08375 -0.003333333333 -0.005)
(0.086 -0.003333333333 -0.005)
(0.08825 -0.003333333333 -0.005)
(0.0905 -0.003333333333 -0.005)
(0.09275 -0.003333333333 -0.005)
(0.095 -0.003333333333 -0.005)
(0.09725 -0.003333333333 -0.005)
(0.0995 -0.003333333333 -0.005)
(0.10175 -0.003333333333 -0.005)
(0.104 -0.003333333333 -0.005)
(0.10625 -0.003333333333 -0.005)
(0.1085 -0.003333333333 -0.005)
(0.11075 -0.003333333333 -0.005)
(0.113 -0.003333333333 -0.005)
(0.11525 -0.003333333333 -0.005)
(0.1175 -0.003333333333 -0.005)
(0.11975 -0.003333333333 -0.005)
(0.122 -0.003333333333 -0.005)
(0.12425 -0.003333333333 -0.005)
(0.1265 -0.003333333333 -0.005)
(0.12875 -0.003333333333 -0.005)
(0.131 -0.003333333333 -0.005)
(0.13325 -0.003333333333 -0.005)
(0.1355 -0.003333333333 -0.005)
(0.13775 -0.003333333333 -0.005)
(0.14 -0.003333333333 -0.005)
(0.14225 -0.003333333333 -0.005)
(0.1445 -0.003333333333 -0.005)
(0.14675 -0.003333333333 -0.005)
(0.149 -0.003333333333 -0.005)
(0.15125 -0.003333333333 -0.005)
(0.1535 -0.003333333333 -0.005)
(0.15575 -0.003333333333 -0.005)
(0.158 -0.003333333333 -0.005)
(0.16025 -0.003333333333 -0.005)
(0.1625 -0.003333333333 -0.005)
(0.16475 -0.003333333333 -0.005)
(0.167 -0.003333333333 -0.005)
(0.16925 -0.003333333333 -0.005)
(0.1715 -0.003333333333 -0.005)
(0.17375 -0.003333333333 -0.005)
(0.176 -0.003333333333 -0.005)
(0.17825 -0.003333333333 -0.005)
(0.1805 -0.003333333333 -0.005)
(0.18275 -0.003333333333 -0.005)
(0.185 -0.003333333333 -0.005)
(0.18725 -0.003333333333 -0.005)
(0.1895 -0.003333333333 -0.005)
(0.19175 -0.003333333333 -0.005)
(0.194 -0.003333333333 -0.005)
(0.19625 -0.003333333333 -0.005)
(0.1985 -0.003333333333 -0.005)
(0.20075 -0.003333333333 -0.005)
(0.203 -0.003333333333 -0.005)
(0.20525 -0.003333333333 -0.005)
(0.2075 -0.003333333333 -0.005)
(0.20975 -0.003333333333 -0.005)
(0.212 -0.003333333333 -0.005)
(0.21425 -0.003333333333 -0.005)
(0.2165 -0.003333333333 -0.005)
(0.21875 -0.003333333333 -0.005)
(0.221 -0.003333333333 -0.005)
(0.22325 -0.003333333333 -0.005)
(0.2255 -0.003333333333 -0.005)
(0.22775 -0.003333333333 -0.005)
(0.23 -0.003333333333 -0.005)
(0.23225 -0.003333333333 -0.005)
(0.2345 -0.003333333333 -0.005)
(0.23675 -0.003333333333 -0.005)
(0.239 -0.003333333333 -0.005)
(0.24125 -0.003333333333 -0.005)
(0.2435 -0.003333333333 -0.005)
(0.24575 -0.003333333333 -0.005)
(0.248 -0.003333333333 -0.005)
(0.25025 -0.003333333333 -0.005)
(0.2525 -0.003333333333 -0.005)
(0.25475 -0.003333333333 -0.005)
(0.257 -0.003333333333 -0.005)
(0.25925 -0.003333333333 -0.005)
(0.2615 -0.003333333333 -0.005)
(0.26375 -0.003333333333 -0.005)
(0.266 -0.003333333333 -0.005)
(0.26825 -0.003333333333 -0.005)
(0.2705 -0.003333333333 -0.005)
(0.27275 -0.003333333333 -0.005)
(0.275 -0.003333333333 -0.005)
(0.27725 -0.003333333333 -0.005)
(0.2795 -0.003333333333 -0.005)
(0.28175 -0.003333333333 -0.005)
(0.284 -0.003333333333 -0.005)
(0.28625 -0.003333333333 -0.005)
(0.2885 -0.003333333333 -0.005)
(0.29075 -0.003333333333 -0.005)
(0.293 -0.003333333333 -0.005)
(0.29525 -0.003333333333 -0.005)
(0.2975 -0.003333333333 -0.005)
(0.29975 -0.003333333333 -0.005)
(0.302 -0.003333333333 -0.005)
(0.30425 -0.003333333333 -0.005)
(0.3065 -0.003333333333 -0.005)
(0.30875 -0.003333333333 -0.005)
(0.311 -0.003333333333 -0.005)
(0.31325 -0.003333333333 -0.005)
(0.3155 -0.003333333333 -0.005)
(0.31775 -0.003333333333 -0.005)
(0.32 -0.003333333333 -0.005)
(0.32225 -0.003333333333 -0.005)
(0.3245 -0.003333333333 -0.005)
(0.32675 -0.003333333333 -0.005)
(0.329 -0.003333333333 -0.005)
(0.33125 -0.003333333333 -0.005)
(0.3335 -0.003333333333 -0.005)
(0.33575 -0.003333333333 -0.005)
(0.338 -0.003333333333 -0.005)
(0.34025 -0.003333333333 -0.005)
(0.3425 -0.003333333333 -0.005)
(0.34475 -0.003333333333 -0.005)
(0.347 -0.003333333333 -0.005)
(0.34925 -0.003333333333 -0.005)
(0.3515 -0.003333333333 -0.005)
(0.35375 -0.003333333333 -0.005)
(0.356 -0.003333333333 -0.005)
(0.35825 -0.003333333333 -0.005)
(0.3605 -0.003333333333 -0.005)
(0.36275 -0.003333333333 -0.005)
(0.365 -0.003333333333 -0.005)
(0.36725 -0.003333333333 -0.005)
(0.3695 -0.003333333333 -0.005)
(0.37175 -0.003333333333 -0.005)
(0.374 -0.003333333333 -0.005)
(0.37625 -0.003333333333 -0.005)
(0.3785 -0.003333333333 -0.005)
(0.38075 -0.003333333333 -0.005)
(0.383 -0.003333333333 -0.005)
(0.38525 -0.003333333333 -0.005)
(0.3875 -0.003333333333 -0.005)
(0.38975 -0.003333333333 -0.005)
(0.392 -0.003333333333 -0.005)
(0.39425 -0.003333333333 -0.005)
(0.3965 -0.003333333333 -0.005)
(0.39875 -0.003333333333 -0.005)
(0.401 -0.003333333333 -0.005)
(0.40325 -0.003333333333 -0.005)
(0.4055 -0.003333333333 -0.005)
(0.40775 -0.003333333333 -0.005)
(0.41 -0.003333333333 -0.005)
(0.41225 -0.003333333333 -0.005)
(0.4145 -0.003333333333 -0.005)
(0.41675 -0.003333333333 -0.005)
(0.419 -0.003333333333 -0.005)
(0.42125 -0.003333333333 -0.005)
(0.4235 -0.003333333333 -0.005)
(0.42575 -0.003333333333 -0.005)
(0.428 -0.003333333333 -0.005)
(0.43025 -0.003333333333 -0.005)
(0.4325 -0.003333333333 -0.005)
(0.43475 -0.003333333333 -0.005)
(0.437 -0.003333333333 -0.005)
(0.43925 -0.003333333333 -0.005)
(0.4415 -0.003333333333 -0.005)
(0.44375 -0.003333333333 -0.005)
(0.446 -0.003333333333 -0.005)
(0.44825 -0.003333333333 -0.005)
(0.4505 -0.003333333333 -0.005)
(0.45275 -0.003333333333 -0.005)
(0.455 -0.003333333333 -0.005)
(0.45725 -0.003333333333 -0.005)
(0.4595 -0.003333333333 -0.005)
(0.46175 -0.003333333333 -0.005)
(0.464 -0.003333333333 -0.005)
(0.46625 -0.003333333333 -0.005)
(0.4685 -0.003333333333 -0.005)
(0.47075 -0.003333333333 -0.005)
(0.473 -0.003333333333 -0.005)
(0.47525 -0.003333333333 -0.005)
(0.4775 -0.003333333333 -0.005)
(0.47975 -0.003333333333 -0.005)
(0.482 -0.003333333333 -0.005)
(0.48425 -0.003333333333 -0.005)
(0.4865 -0.003333333333 -0.005)
(0.48875 -0.003333333333 -0.005)
(0.491 -0.003333333333 -0.005)
(0.49325 -0.003333333333 -0.005)
(0.4955 -0.003333333333 -0.005)
(0.49775 -0.003333333333 -0.005)
(0.5 -0.003333333333 -0.005)
(0.05225 0 0.005)
(0.0545 0 0.005)
(0.05675 0 0.005)
(0.059 0 0.005)
(0.06125 0 0.005)
(0.0635 0 0.005)
(0.06575 0 0.005)
(0.068 0 0.005)
(0.07025 0 0.005)
(0.0725 0 0.005)
(0.07475 0 0.005)
(0.077 0 0.005)
(0.07925 0 0.005)
(0.0815 0 0.005)
(0.08375 0 0.005)
(0.086 0 0.005)
(0.08825 0 0.005)
(0.0905 0 0.005)
(0.09275 0 0.005)
(0.095 0 0.005)
(0.09725 0 0.005)
(0.0995 0 0.005)
(0.10175 0 0.005)
(0.104 0 0.005)
(0.10625 0 0.005)
(0.1085 0 0.005)
(0.11075 0 0.005)
(0.113 0 0.005)
(0.11525 0 0.005)
(0.1175 0 0.005)
(0.11975 0 0.005)
(0.122 0 0.005)
(0.12425 0 0.005)
(0.1265 -1.480297366e-18 0.005)
(0.12875 0 0.005)
(0.131 1.480297366e-18 0.005)
(0.13325 0 0.005)
(0.1355 0 0.005)
(0.13775 -1.480297366e-18 0.005)
(0.14 0 0.005)
(0.14225 0 0.005)
(0.1445 0 0.005)
(0.14675 7.401486831e-19 0.005)
(0.149 7.401486831e-19 0.005)
(0.15125 0 0.005)
(0.1535 7.401486831e-19 0.005)
(0.15575 0 0.005)
(0.158 0 0.005)
(0.16025 0 0.005)
(0.1625 0 0.005)
(0.16475 0 0.005)
(0.167 0 0.005)
(0.16925 0 0.005)
(0.1715 0 0.005)
(0.17375 0 0.005)
(0.176 0 0.005)
(0.17825 0 0.005)
(0.1805 0 0.005)
(0.18275 0 0.005)
(0.185 0 0.005)
(0.18725 7.401486831e-19 0.005)
(0.1895 -7.401486831e-19 0.005)
(0.19175 7.401486831e-19 0.005)
(0.194 -7.401486831e-19 0.005)
(0.19625 0 0.005)
(0.1985 0 0.005)
(0.20075 0 0.005)
(0.203 0 0.005)
(0.20525 0 0.005)
(0.2075 0 0.005)
(0.20975 0 0.005)
(0.212 0 0.005)
(0.21425 0 0.005)
(0.2165 0 0.005)
(0.21875 0 0.005)
(0.221 0 0.005)
(0.22325 0 0.005)
(0.2255 0 0.005)
(0.22775 0 0.005)
(0.23 0 0.005)
(0.23225 0 0.005)
(0.2345 0 0.005)
(0.23675 -7.401486831e-19 0.005)
(0.239 7.401486831e-19 0.005)
(0.24125 0 0.005)
(0.2435 7.401486831e-19 0.005)
(0.24575 -7.401486831e-19 0.005)
(0.248 7.401486831e-19 0.005)
(0.25025 -7.401486831e-19 0.005)
(0.2525 0 0.005)
(0.25475 -7.401486831e-19 0.005)
(0.257 7.401486831e-19 0.005)
(0.25925 0 0.005)
(0.2615 0 0.005)
(0.26375 0 0.005)
(0.266 0 0.005)
(0.26825 0 0.005)
(0.2705 0 0.005)
(0.27275 0 0.005)
(0.275 0 0.005)
(0.27725 0 0.005)
(0.2795 0 0.005)
(0.28175 0 0.005)
(0.284 0 0.005)
(0.28625 0 0.005)
(0.2885 0 0.005)
(0.29075 0 0.005)
(0.293 0 0.005)
(0.29525 0 0.005)
(0.2975 0 0.005)
(0.29975 0 0.005)
(0.302 0 0.005)
(0.30425 0 0.005)
(0.3065 0 0.005)
(0.30875 0 0.005)
(0.311 0 0.005)
(0.31325 0 0.005)
(0.3155 0 0.005)
(0.31775 0 0.005)
(0.32 0 0.005)
(0.32225 0 0.005)
(0.3245 0 0.005)
(0.32675 3.700743415e-19 0.005)
(0.329 0 0.005)
(0.33125 0 0.005)
(0.3335 0 0.005)
(0.33575 -3.700743415e-19 0.005)
(0.338 0 0.005)
(0.34025 0 0.005)
(0.3425 0 0.005)
(0.34475 3.700743415e-19 0.005)
(0.347 0 0.005)
(0.34925 0 0.005)
(0.3515 0 0.005)
(0.35375 -3.700743415e-19 0.005)
(0.356 0 0.005)
(0.35825 0 0.005)
(0.3605 0 0.005)
(0.36275 0 0.005)
(0.365 3.700743415e-19 0.005)
(0.36725 0 0.005)
(0.3695 0 0.005)
(0.37175 0 0.005)
(0.374 -3.700743415e-19 0.005)
(0.37625 0 0.005)
(0.3785 0 0.005)
(0.38075 0 0.005)
(0.383 3.700743415e-19 0.005)
(0.38525 0 0.005)
(0.3875 0 0.005)
(0.38975 0 0.005)
(0.392 -3.700743415e-19 0.005)
(0.39425 0 0.005)
(0.3965 0 0.005)
(0.39875 0 0.005)
(0.401 3.700743415e-19 0.005)
(0.40325 0 0.005)
(0.4055 0 0.005)
(0.40775 0 0.005)
(0.41 -3.700743415e-19 0.005)
(0.41225 1.850371708e-19 0.005)
(0.4145 7.401486831e-19 0.005)
(0.41675 -7.401486831e-19 0.005)
(0.419 -1.850371708e-19 0.005)
(0.42125 3.700743415e-19 0.005)
(0.4235 -5.551115123e-19 0.005)
(0.42575 0 0.005)
(0.428 5.551115123e-19 0.005)
(0.43025 -3.700743415e-19 0.005)
(0.4325 1.850371708e-19 0.005)
(0.43475 7.401486831e-19 0.005)
(0.437 -1.850371708e-19 0.005)
(0.43925 3.700743415e-19 0.005)
(0.4415 -5.551115123e-19 0.005)
(0.44375 0 0.005)
(0.446 5.551115123e-19 0.005)
(0.44825 -3.700743415e-19 0.005)
(0.4505 1.850371708e-19 0.005)
(0.45275 -7.401486831e-19 0.005)
(0.455 -1.850371708e-19 0.005)
(0.45725 3.700743415e-19 0.005)
(0.4595 -5.551115123e-19 0.005)
(0.46175 0 0.005)
(0.464 5.551115123e-19 0.005)
(0.46625 -3.700743415e-19 0.005)
(0.4685 1.850371708e-19 0.005)
(0.47075 7.401486831e-19 0.005)
(0.473 -7.401486831e-19 0.005)
(0.47525 -1.850371708e-19 0.005)
(0.4775 3.700743415e-19 0.005)
(0.47975 -5.551115123e-19 0.005)
(0.482 0 0.005)
(0.48425 5.551115123e-19 0.005)
(0.4865 -3.700743415e-19 0.005)
(0.48875 1.850371708e-19 0.005)
(0.491 7.401486831e-19 0.005)
(0.49325 -1.850371708e-19 0.005)
(0.4955 3.700743415e-19 0.005)
(0.49775 -5.551115123e-19 0.005)
(0.5 0 0.005)
(0.05225 0 -0.005)
(0.0545 0 -0.005)
(0.05675 0 -0.005)
(0.059 0 -0.005)
(0.06125 0 -0.005)
(0.0635 0 -0.005)
(0.06575 0 -0.005)
(0.068 0 -0.005)
(0.07025 0 -0.005)
(0.0725 0 -0.005)
(0.07475 0 -0.005)
(0.077 0 -0.005)
(0.07925 0 -0.005)
(0.0815 0 -0.005)
(0.08375 0 -0.005)
(0.086 0 -0.005)
(0.08825 0 -0.005)
(0.0905 0 -0.005)
(0.09275 0 -0.005)
(0.095 0 -0.005)
(0.09725 0 -0.005)
(0.0995 0 -0.005)
(0.10175 0 -0.005)
(0.104 0 -0.005)
(0.10625 0 -0.005)
(0.1085 0 -0.005)
(0.11075 0 -0.005)
(0.113 0 -0.005)
(0.11525 0 -0.005)
(0.1175 0 -0.005)
(0.11975 0 -0.005)
(0.122 0 -0.005)
(0.12425 0 -0.005)
(0.1265 -1.480297366e-18 -0.005)
(0.12875 0 -0.005)
(0.131 1.480297366e-18 -0.005)
(0.13325 0 -0.005)
(0.1355 0 -0.005)
(0.13775 -1.480297366e-18 -0.005)
(0.14 0 -0.005)
(0.14225 0 -0.005)
(0.1445 0 -0.005)
(0.14675 7.401486831e-19 -0.005)
(0.149 7.401486831e-19 -0.005)
(0.15125 0 -0.005)
(0.1535 7.401486831e-19 -0.005)
(0.15575 0 -0.005)
(0.158 0 -0.005)
(0.16025 0 -0.005)
(0.1625 0 -0.005)
(0.16475 0 -0.005)
(0.167 0 -0.005)
(0.16925 0 -0.005)
(0.1715 0 -0.005)
(0.17375 0 -0.005)
(0.176 0 -0.005)
(0.17825 0 -0.005)
(0.1805 0 -0.005)
(0.18275 0 -0.005)
(0.185 0 -0.005)
(0.18725 7.401486831e-19 -0.005)
(0.1895 -7.401486831e-19 -0.005)
(0.19175 7.401486831e-19 -0.005)
(0.194 -7.401486831e-19 -0.005)
(0.19625 0 -0.005)
(0.1985 0 -0.005)
(0.20075 0 -0.005)
(0.203 0 -0.005)
(0.20525 0 -0.005)
(0.2075 0 -0.005)
(0.20975 0 -0.005)
(0.212 0 -0.005)
(0.21425 0 -0.005)
(0.2165 0 -0.005)
(0.21875 0 -0.005)
(0.221 0 -0.005)
(0.22325 0 -0.005)
(0.2255 0 -0.005)
(0.22775 0 -0.005)
(0.23 0 -0.005)
(0.23225 0 -0.005)
(0.2345 0 -0.005)
(0.23675 -7.401486831e-19 -0.005)
(0.239 7.401486831e-19 -0.005)
(0.24125 0 -0.005)
(0.2435 7.401486831e-19 -0.005)
(0.24575 -7.401486831e-19 -0.005)
(0.248 7.401486831e-19 -0.005)
(0.25025 -7.401486831e-19 -0.005)
(0.2525 0 -0.005)
(0.25475 -7.401486831e-19 -0.005)
(0.257 7.401486831e-19 -0.005)
(0.25925 0 -0.005)
(0.2615 0 -0.005)
(0.26375 0 -0.005)
(0.266 0 -0.005)
(0.26825 0 -0.005)
(0.2705 0 -0.005)
(0.27275 0 -0.005)
(0.275 0 -0.005)
(0.27725 0 -0.005)
(0.2795 0 -0.005)
(0.28175 0 -0.005)
(0.284 0 -0.005)
(0.28625 0 -0.005)
(0.2885 0 -0.005)
(0.29075 0 -0.005)
(0.293 0 -0.005)
(0.29525 0 -0.005)
(0.2975 0 -0.005)
(0.29975 0 -0.005)
(0.302 0 -0.005)
(0.30425 0 -0.005)
(0.3065 0 -0.005)
(0.30875 0 -0.005)
(0.311 0 -0.005)
(0.31325 0 -0.005)
(0.3155 0 -0.005)
(0.31775 0 -0.005)
(0.32 0 -0.005)
(0.32225 0 -0.005)
(0.3245 0 -0.005)
(0.32675 3.700743415e-19 -0.005)
(0.329 0 -0.005)
(0.33125 0 -0.005)
(0.3335 0 -0.005)
(0.33575 -3.700743415e-19 -0.005)
(0.338 0 -0.005)
(0.34025 0 -0.005)
(0.3425 0 -0.005)
(0.34475 3.700743415e-19 -0.005)
(0.347 0 -0.005)
(0.34925 0 -0.005)
(0.3515 0 -0.005)
(0.35375 -3.700743415e-19 -0.005)
(0.356 0 -0.005)
(0.35825 0 -0.005)
(0.3605 0 -0.005)
(0.36275 0 -0.005)
(0.365 3.700743415e-19 -0.005)
(0.36725 0 -0.005)
(0.3695 0 -0.005)
(0.37175 0 -0.005)
(0.374 -3.700743415e-19 -0.005)
(0.37625 0 -0.005)
(0.3785 0 -0.005)
(0.38075 0 -0.005)
(0.383 3.700743415e-19 -0.005)
(0.38525 0 -0.005)
(0.3875 0 -0.005)
(0.38975 0 -0.005)
(0.392 -3.700743415e-19 -0.005)
(0.39425 0 -0.005)
(0.3965 0 -0.005)
(0.39875 0 -0.005)
(0.401 3.700743415e-19 -0.005)
(0.40325 0 -0.005)
(0.4055 0 -0.005)
(0.40775 0 -0.005)
(0.41 -3.700743415e-19 -0.005)
(0.41225 1.850371708e-19 -0.005)
(0.4145 7.401486831e-19 -0.005)
(0.41675 -7.401486831e-19 -0.005)
(0.419 -1.850371708e-19 -0.005)
(0.42125 3.700743415e-19 -0.005)
(0.4235 -5.551115123e-19 -0.005)
(0.42575 0 -0.005)
(0.428 5.551115123e-19 -0.005)
(0.43025 -3.700743415e-19 -0.005)
(0.4325 1.850371708e-19 -0.005)
(0.43475 7.401486831e-19 -0.005)
(0.437 -1.850371708e-19 -0.005)
(0.43925 3.700743415e-19 -0.005)
(0.4415 -5.551115123e-19 -0.005)
(0.44375 0 -0.005)
(0.446 5.551115123e-19 -0.005)
(0.44825 -3.700743415e-19 -0.005)
(0.4505 1.850371708e-19 -0.005)
(0.45275 -7.401486831e-19 -0.005)
(0.455 -1.850371708e-19 -0.005)
(0.45725 3.700743415e-19 -0.005)
(0.4595 -5.551115123e-19 -0.005)
(0.46175 0 -0.005)
(0.464 5.551115123e-19 -0.005)
(0.46625 -3.700743415e-19 -0.005)
(0.4685 1.850371708e-19 -0.005)
(0.47075 7.401486831e-19 -0.005)
(0.473 -7.401486831e-19 -0.005)
(0.47525 -1.850371708e-19 -0.005)
(0.4775 3.700743415e-19 -0.005)
(0.47975 -5.551115123e-19 -0.005)
(0.482 0 -0.005)
(0.48425 5.551115123e-19 -0.005)
(0.4865 -3.700743415e-19 -0.005)
(0.48875 1.850371708e-19 -0.005)
(0.491 7.401486831e-19 -0.005)
(0.49325 -1.850371708e-19 -0.005)
(0.4955 3.700743415e-19 -0.005)
(0.49775 -5.551115123e-19 -0.005)
(0.5 0 -0.005)
(0.05225 0.003333333333 0.005)
(0.0545 0.003333333333 0.005)
(0.05675 0.003333333333 0.005)
(0.059 0.003333333333 0.005)
(0.06125 0.003333333333 0.005)
(0.0635 0.003333333333 0.005)
(0.06575 0.003333333333 0.005)
(0.068 0.003333333333 0.005)
(0.07025 0.003333333333 0.005)
(0.0725 0.003333333333 0.005)
(0.07475 0.003333333333 0.005)
(0.077 0.003333333333 0.005)
(0.07925 0.003333333333 0.005)
(0.0815 0.003333333333 0.005)
(0.08375 0.003333333333 0.005)
(0.086 0.003333333333 0.005)
(0.08825 0.003333333333 0.005)
(0.0905 0.003333333333 0.005)
(0.09275 0.003333333333 0.005)
(0.095 0.003333333333 0.005)
(0.09725 0.003333333333 0.005)
(0.0995 0.003333333333 0.005)
(0.10175 0.003333333333 0.005)
(0.104 0.003333333333 0.005)
(0.10625 0.003333333333 0.005)
(0.1085 0.003333333333 0.005)
(0.11075 0.003333333333 0.005)
(0.113 0.003333333333 0.005)
(0.11525 0.003333333333 0.005)
(0.1175 0.003333333333 0.005)
(0.11975 0.003333333333 0.005)
(0.122 0.003333333333 0.005)
(0.12425 0.003333333333 0.005)
(0.1265 0.003333333333 0.005)
(0.12875 0.003333333333 0.005)
(0.131 0.003333333333 0.005)
(0.13325 0.003333333333 0.005)
(0.1355 0.003333333333 0.005)
(0.13775 0.003333333333 0.005)
(0.14 0.003333333333 0.005)
(0.14225 0.003333333333 0.005)
(0.1445 0.003333333333 0.005)
(0.14675 0.003333333333 0.005)
(0.149 0.003333333333 0.005)
(0.15125 0.003333333333 0.005)
(0.1535 0.003333333333 0.005)
(0.15575 0.003333333333 0.005)
(0.158 0.003333333333 0.005)
(0.16025 0.003333333333 0.005)
(0.1625 0.003333333333 0.005)
(0.16475 0.003333333333 0.005)
(0.167 0.003333333333 0.005)
(0.16925 0.003333333333 0.005)
(0.1715 0.003333333333 0.005)
(0.17375 0.003333333333 0.005)
(0.176 0.003333333333 0.005)
(0.17825 0.003333333333 0.005)
(0.1805 0.003333333333 0.005)
(0.18275 0.003333333333 0.005)
(0.185 0.003333333333 0.005)
(0.18725 0.003333333333 0.005)
(0.1895 0.003333333333 0.005)
(0.19175 0.003333333333 0.005)
(0.194 0.003333333333 0.005)
(0.19625 0.003333333333 0.005)
(0.1985 0.003333333333 0.005)
(0.20075 0.003333333333 0.005)
(0.203 0.003333333333 0.005)
(0.20525 0.003333333333 0.005)
(0.2075 0.003333333333 0.005)
(0.20975 0.003333333333 0.005)
(0.212 0.003333333333 0.005)
(0.21425 0.003333333333 0.005)
(0.2165 0.003333333333 0.005)
(0.21875 0.003333333333 0.005)
(0.221 0.003333333333 0.005)
(0.22325 0.003333333333 0.005)
(0.2255 0.003333333333 0.005)
(0.22775 0.003333333333 0.005)
(0.23 0.003333333333 0.005)
(0.23225 0.003333333333 0.005)
(0.2345 0.003333333333 0.005)
(0.23675 0.003333333333 0.005)
(0.239 0.003333333333 0.005)
(0.24125 0.003333333333 0.005)
(0.2435 0.003333333333 0.005)
(0.24575 0.003333333333 0.005)
(0.248 0.003333333333 0.005)
(0.25025 0.003333333333 0.005)
(0.2525 0.003333333333 0.005)
(0.25475 0.003333333333 0.005)
(0.257 0.003333333333 0.005)
(0.25925 0.003333333333 0.005)
(0.2615 0.003333333333 0.005)
(0.26375 0.003333333333 0.005)
(0.266 0.003333333333 0.005)
(0.26825 0.003333333333 0.005)
(0.2705 0.003333333333 0.005)
(0.27275 0.003333333333 0.005)
(0.275 0.003333333333 0.005)
(0.27725 0.003333333333 0.005)
(0.2795 0.003333333333 0.005)
(0.28175 0.003333333333 0.005)
(0.284 0.003333333333 0.005)
(0.28625 0.003333333333 0.005)
(0.2885 0.003333333333 0.005)
(0.29075 0.003333333333 0.005)
(0.293 0.003333333333 0.005)
(0.29525 0.003333333333 0.005)
(0.2975 0.003333333333 0.005)
(0.29975 0.003333333333 0.005)
(0.302 0.003333333333 0.005)
(0.30425 0.003333333333 0.005)
(0.3065 0.003333333333 0.005)
(0.30875 0.003333333333 0.005)
(0.311 0.003333333333 0.005)
(0.31325 0.003333333333 0.005)
(0.3155 0.003333333333 0.005)
(0.31775 0.003333333333 0.005)
(0.32 0.003333333333 0.005)
(0.32225 0.003333333333 0.005)
(0.3245 0.003333333333 0.005)
(0.32675 0.003333333333 0.005)
(0.329 0.003333333333 0.005)
(0.33125 0.003333333333 0.005)
(0.3335 0.003333333333 0.005)
(0.33575 0.003333333333 0.005)
(0.338 0.003333333333 0.005)
(0.34025 0.003333333333 0.005)
(0.3425 0.003333333333 0.005)
(0.34475 0.003333333333 0.005)
(0.347 0.003333333333 0.005)
(0.34925 0.003333333333 0.005)
(0.3515 0.003333333333 0.005)
(0.35375 0.003333333333 0.005)
(0.356 0.003333333333 0.005)
(0.35825 0.003333333333 0.005)
(0.3605 0.003333333333 0.005)
(0.36275 0.003333333333 0.005)
(0.365 0.003333333333 0.005)
(0.36725 0.003333333333 0.005)
(0.3695 0.003333333333 0.005)
(0.37175 0.003333333333 0.005)
(0.374 0.003333333333 0.005)
(0.37625 0.003333333333 0.005)
(0.3785 0.003333333333 0.005)
(0.38075 0.003333333333 0.005)
(0.383 0.003333333333 0.005)
(0.38525 0.003333333333 0.005)
(0.3875 0.003333333333 0.005)
(0.38975 0.003333333333 0.005)
(0.392 0.003333333333 0.005)
(0.39425 0.003333333333 0.005)
(0.3965 0.003333333333 0.005)
(0.39875 0.003333333333 0.005)
(0.401 0.003333333333 0.005)
(0.40325 0.003333333333 0.005)
(0.4055 0.003333333333 0.005)
(0.40775 0.003333333333 0.005)
(0.41 0.003333333333 0.005)
(0.41225 0.003333333333 0.005)
(0.4145 0.003333333333 0.005)
(0.41675 0.003333333333 0.005)
(0.419 0.003333333333 0.005)
(0.42125 0.003333333333 0.005)
(0.4235 0.003333333333 0.005)
(0.42575 0.003333333333 0.005)
(0.428 0.003333333333 0.005)
(0.43025 0.003333333333 0.005)
(0.4325 0.003333333333 0.005)
(0.43475 0.003333333333 0.005)
(0.437 0.003333333333 0.005)
(0.43925 0.003333333333 0.005)
(0.4415 0.003333333333 0.005)
(0.44375 0.003333333333 0.005)
(0.446 0.003333333333 0.005)
(0.44825 0.003333333333 0.005)
(0.4505 0.003333333333 0.005)
(0.45275 0.003333333333 0.005)
(0.455 0.003333333333 0.005)
(0.45725 0.003333333333 0.005)
(0.4595 0.003333333333 0.005)
(0.46175 0.003333333333 0.005)
(0.464 0.003333333333 0.005)
(0.46625 0.003333333333 0.005)
(0.4685 0.003333333333 0.005)
(0.47075 0.003333333333 0.005)
(0.473 0.003333333333 0.005)
(0.47525 0.003333333333 0.005)
(0.4775 0.003333333333 0.005)
(0.47975 0.003333333333 0.005)
(0.482 0.003333333333 0.005)
(0.48425 0.003333333333 0.005)
(0.4865 0.003333333333 0.005)
(0.48875 0.003333333333 0.005)
(0.491 0.003333333333 0.005)
(0.49325 0.003333333333 0.005)
(0.4955 0.003333333333 0.005)
(0.49775 0.003333333333 0.005)
(0.5 0.003333333333 0.005)
(0.05225 0.003333333333 -0.005)
(0.0545 0.003333333333 -0.005)
(0.05675 0.003333333333 -0.005)
(0.059 0.003333333333 -0.005)
(0.06125 0.003333333333 -0.005)
(0.0635 0.003333333333 -0.005)
(0.06575 0.003333333333 -0.005)
(0.068 0.003333333333 -0.005)
(0.07025 0.003333333333 -0.005)
(0.0725 0.003333333333 -0.005)
(0.07475 0.003333333333 -0.005)
(0.077 0.003333333333 -0.005)
(0.07925 0.003333333333 -0.005)
(0.0815 0.003333333333 -0.005)
(0.08375 0.003333333333 -0.005)
(0.086 0.003333333333 -0.005)
(0.08825 0.003333333333 -0.005)
(0.0905 0.003333333333 -0.005)
(0.09275 0.003333333333 -0.005)
(0.095 0.003333333333 -0.005)
(0.09725 0.003333333333 -0.005)
(0.0995 0.003333333333 -0.005)
(0.10175 0.003333333333 -0.005)
(0.104 0.003333333333 -0.005)
(0.10625 0.003333333333 -0.005)
(0.1085 0.003333333333 -0.005)
(0.11075 0.003333333333 -0.005)
(0.113 0.003333333333 -0.005)
(0.11525 0.003333333333 -0.005)
(0.1175 0.003333333333 -0.005)
(0.11975 0.003333333333 -0.005)
(0.122 0.003333333333 -0.005)
(0.12425 0.003333333333 -0.005)
(0.1265 0.003333333333 -0.005)
(0.12875 0.003333333333 -0.005)
(0.131 0.003333333333 -0.005)
(0.13325 0.003333333333 -0.005)
(0.1355 0.003333333333 -0.005)
(0.13775 0.003333333333 -0.005)
(0.14 0.003333333333 -0.005)
(0.14225 0.003333333333 -0.005)
(0.1445 0.003333333333 -0.005)
(0.14675 0.003333333333 -0.005)
(0.149 0.003333333333 -0.005)
(0.15125 0.003333333333 -0.005)
(0.1535 0.003333333333 -0.005)
(0.15575 0.003333333333 -0.005)
(0.158 0.003333333333 -0.005)
(0.16025 0.003333333333 -0.005)
(0.1625 0.003333333333 -0.005)
(0.16475 0.003333333333 -0.005)
(0.167 0.003333333333 -0.005)
(0.16925 0.003333333333 -0.005)
(0.1715 0.003333333333 -0.005)
(0.17375 0.003333333333 -0.005)
(0.176 0.003333333333 -0.005)
(0.17825 0.003333333333 -0.005)
(0.1805 0.003333333333 -0.005)
(0.18275 0.003333333333 -0.005)
(0.185 0.003333333333 -0.005)
(0.18725 0.003333333333 -0.005)
(0.1895 0.003333333333 -0.005)
(0.19175 0.003333333333 -0.005)
(0.194 0.003333333333 -0.005)
(0.19625 0.003333333333 -0.005)
(0.1985 0.003333333333 -0.005)
(0.20075 0.003333333333 -0.005)
(0.203 0.003333333333 -0.005)
(0.20525 0.003333333333 -0.005)
(0.2075 0.003333333333 -0.005)
(0.20975 0.003333333333 -0.005)
(0.212 0.003333333333 -0.005)
(0.21425 0.003333333333 -0.005)
(0.2165 0.003333333333 -0.005)
(0.21875 0.003333333333 -0.005)
(0.221 0.003333333333 -0.005)
(0.22325 0.003333333333 -0.005)
(0.2255 0.003333333333 -0.005)
(0.22775 0.003333333333 -0.005)
(0.23 0.003333333333 -0.005)
(0.23225 0.003333333333 -0.005)
(0.2345 0.003333333333 -0.005)
(0.23675 0.003333333333 -0.005)
(0.239 0.003333333333 -0.005)
(0.24125 0.003333333333 -0.005)
(0.2435 0.003333333333 -0.005)
(0.24575 0.003333333333 -0.005)
(0.248 0.003333333333 -0.005)
(0.25025 0.003333333333 -0.005)
(0.2525 0.003333333333 -0.005)
(0.25475 0.003333333333 -0.005)
(0.257 0.003333333333 -0.005)
(0.25925 0.003333333333 -0.005)
(0.2615 0.003333333333 -0.005)
(0.26375 0.003333333333 -0.005)
(0.266 0.003333333333 -0.005)
(0.26825 0.003333333333 -0.005)
(0.2705 0.003333333333 -0.005)
(0.27275 0.003333333333 -0.005)
(0.275 0.003333333333 -0.005)
(0.27725 0.003333333333 -0.005)
(0.2795 0.003333333333 -0.005)
(0.28175 0.003333333333 -0.005)
(0.284 0.003333333333 -0.005)
(0.28625 0.003333333333 -0.005)
(0.2885 0.003333333333 -0.005)
(0.29075 0.003333333333 -0.005)
(0.293 0.003333333333 -0.005)
(0.29525 0.003333333333 -0.005)
(0.2975 0.003333333333 -0.005)
(0.29975 0.003333333333 -0.005)
(0.302 0.003333333333 -0.005)
(0.30425 0.003333333333 -0.005)
(0.3065 0.003333333333 -0.005)
(0.30875 0.003333333333 -0.005)
(0.311 0.003333333333 -0.005)
(0.31325 0.003333333333 -0.005)
(0.3155 0.003333333333 -0.005)
(0.31775 0.003333333333 -0.005)
(0.32 0.003333333333 -0.005)
(0.32225 0.003333333333 -0.005)
(0.3245 0.003333333333 -0.005)
(0.32675 0.003333333333 -0.005)
(0.329 0.003333333333 -0.005)
(0.33125 0.003333333333 -0.005)
(0.3335 0.003333333333 -0.005)
(0.33575 0.003333333333 -0.005)
(0.338 0.003333333333 -0.005)
(0.34025 0.003333333333 -0.005)
(0.3425 0.003333333333 -0.005)
(0.34475 0.003333333333 -0.005)
(0.347 0.003333333333 -0.005)
(0.34925 0.003333333333 -0.005)
(0.3515 0.003333333333 -0.005)
(0.35375 0.003333333333 -0.005)
(0.356 0.003333333333 -0.005)
(0.35825 0.003333333333 -0.005)
(0.3605 0.003333333333 -0.005)
(0.36275 0.003333333333 -0.005)
(0.365 0.003333333333 -0.005)
(0.36725 0.003333333333 -0.005)
(0.3695 0.003333333333 -0.005)
(0.37175 0.003333333333 -0.005)
(0.374 0.003333333333 -0.005)
(0.37625 0.003333333333 -0.005)
(0.3785 0.003333333333 -0.005)
(0.38075 0.003333333333 -0.005)
(0.383 0.003333333333 -0.005)
(0.38525 0.003333333333 -0.005)
(0.3875 0.003333333333 -0.005)
(0.38975 0.003333333333 -0.005)
(0.392 0.003333333333 -0.005)
(0.39425 0.003333333333 -0.005)
(0.3965 0.003333333333 -0.005)
(0.39875 0.003333333333 -0.005)
(0.401 0.003333333333 -0.005)
(0.40325 0.003333333333 -0.005)
(0.4055 0.003333333333 -0.005)
(0.40775 0.003333333333 -0.005)
(0.41 0.003333333333 -0.005)
(0.41225 0.003333333333 -0.005)
(0.4145 0.003333333333 -0.005)
(0.41675 0.003333333333 -0.005)
(0.419 0.003333333333 -0.005)
(0.42125 0.003333333333 -0.005)
(0.4235 0.003333333333 -0.005)
(0.42575 0.003333333333 -0.005)
(0.428 0.003333333333 -0.005)
(0.43025 0.003333333333 -0.005)
(0.4325 0.003333333333 -0.005)
(0.43475 0.003333333333 -0.005)
(0.437 0.003333333333 -0.005)
(0.43925 0.003333333333 -0.005)
(0.4415 0.003333333333 -0.005)
(0.44375 0.003333333333 -0.005)
(0.446 0.003333333333 -0.005)
(0.44825 0.003333333333 -0.005)
(0.4505 0.003333333333 -0.005)
(0.45275 0.003333333333 -0.005)
(0.455 0.003333333333 -0.005)
(0.45725 0.003333333333 -0.005)
(0.4595 0.003333333333 -0.005)
(0.46175 0.003333333333 -0.005)
(0.464 0.003333333333 -0.005)
(0.46625 0.003333333333 -0.005)
(0.4685 0.003333333333 -0.005)
(0.47075 0.003333333333 -0.005)
(0.473 0.003333333333 -0.005)
(0.47525 0.003333333333 -0.005)
(0.4775 0.003333333333 -0.005)
(0.47975 0.003333333333 -0.005)
(0.482 0.003333333333 -0.005)
(0.48425 0.003333333333 -0.005)
(0.4865 0.003333333333 -0.005)
(0.48875 0.003333333333 -0.005)
(0.491 0.003333333333 -0.005)
(0.49325 0.003333333333 -0.005)
(0.4955 0.003333333333 -0.005)
(0.49775 0.003333333333 -0.005)
(0.5 0.003333333333 -0.005)
(0.05225 0.006666666667 0.005)
(0.0545 0.006666666667 0.005)
(0.05675 0.006666666667 0.005)
(0.059 0.006666666667 0.005)
(0.06125 0.006666666667 0.005)
(0.0635 0.006666666667 0.005)
(0.06575 0.006666666667 0.005)
(0.068 0.006666666667 0.005)
(0.07025 0.006666666667 0.005)
(0.0725 0.006666666667 0.005)
(0.07475 0.006666666667 0.005)
(0.077 0.006666666667 0.005)
(0.07925 0.006666666667 0.005)
(0.0815 0.006666666667 0.005)
(0.08375 0.006666666667 0.005)
(0.086 0.006666666667 0.005)
(0.08825 0.006666666667 0.005)
(0.0905 0.006666666667 0.005)
(0.09275 0.006666666667 0.005)
(0.095 0.006666666667 0.005)
(0.09725 0.006666666667 0.005)
(0.0995 0.006666666667 0.005)
(0.10175 0.006666666667 0.005)
(0.104 0.006666666667 0.005)
(0.10625 0.006666666667 0.005)
(0.1085 0.006666666667 0.005)
(0.11075 0.006666666667 0.005)
(0.113 0.006666666667 0.005)
(0.11525 0.006666666667 0.005)
(0.1175 0.006666666667 0.005)
(0.11975 0.006666666667 0.005)
(0.122 0.006666666667 0.005)
(0.12425 0.006666666667 0.005)
(0.1265 0.006666666667 0.005)
(0.12875 0.006666666667 0.005)
(0.131 0.006666666667 0.005)
(0.13325 0.006666666667 0.005)
(0.1355 0.006666666667 0.005)
(0.13775 0.006666666667 0.005)
(0.14 0.006666666667 0.005)
(0.14225 0.006666666667 0.005)
(0.1445 0.006666666667 0.005)
(0.14675 0.006666666667 0.005)
(0.149 0.006666666667 0.005)
(0.15125 0.006666666667 0.005)
(0.1535 0.006666666667 0.005)
(0.15575 0.006666666667 0.005)
(0.158 0.006666666667 0.005)
(0.16025 0.006666666667 0.005)
(0.1625 0.006666666667 0.005)
(0.16475 0.006666666667 0.005)
(0.167 0.006666666667 0.005)
(0.16925 0.006666666667 0.005)
(0.1715 0.006666666667 0.005)
(0.17375 0.006666666667 0.005)
(0.176 0.006666666667 0.005)
(0.17825 0.006666666667 0.005)
(0.1805 0.006666666667 0.005)
(0.18275 0.006666666667 0.005)
(0.185 0.006666666667 0.005)
(0.18725 0.006666666667 0.005)
(0.1895 0.006666666667 0.005)
(0.19175 0.006666666667 0.005)
(0.194 0.006666666667 0.005)
(0.19625 0.006666666667 0.005)
(0.1985 0.006666666667 0.005)
(0.20075 0.006666666667 0.005)
(0.203 0.006666666667 0.005)
(0.20525 0.006666666667 0.005)
(0.2075 0.006666666667 0.005)
(0.20975 0.006666666667 0.005)
(0.212 0.006666666667 0.005)
(0.21425 0.006666666667 0.005)
(0.2165 0.006666666667 0.005)
(0.21875 0.006666666667 0.005)
(0.221 0.006666666667 0.005)
(0.22325 0.006666666667 0.005)
(0.2255 0.006666666667 0.005)
(0.22775 0.006666666667 0.005)
(0.23 0.006666666667 0.005)
(0.23225 0.006666666667 0.005)
(0.2345 0.006666666667 0.005)
(0.23675 0.006666666667 0.005)
(0.239 0.006666666667 0.005)
(0.24125 0.006666666667 0.005)
(0.2435 0.006666666667 0.005)
(0.24575 0.006666666667 0.005)
(0.248 0.006666666667 0.005)
(0.25025 0.006666666667 0.005)
(0.2525 0.006666666667 0.005)
(0.25475 0.006666666667 0.005)
(0.257 0.006666666667 0.005)
(0.25925 0.006666666667 0.005)
(0.2615 0.006666666667 0.005)
(0.26375 0.006666666667 0.005)
(0.266 0.006666666667 0.005)
(0.26825 0.006666666667 0.005)
(0.2705 0.006666666667 0.005)
(0.27275 0.006666666667 0.005)
(0.275 0.006666666667 0.005)
(0.27725 0.006666666667 0.005)
(0.2795 0.006666666667 0.005)
(0.28175 0.006666666667 0.005)
(0.284 0.006666666667 0.005)
(0.28625 0.006666666667 0.005)
(0.2885 0.006666666667 0.005)
(0.29075 0.006666666667 0.005)
(0.293 0.006666666667 0.005)
(0.29525 0.006666666667 0.005)
(0.2975 0.006666666667 0.005)
(0.29975 0.006666666667 0.005)
(0.302 0.006666666667 0.005)
(0.30425 0.006666666667 0.005)
(0.3065 0.006666666667 0.005)
(0.30875 0.006666666667 0.005)
(0.311 0.006666666667 0.005)
(0.31325 0.006666666667 0.005)
(0.3155 0.006666666667 0.005)
(0.31775 0.006666666667 0.005)
(0.32 0.006666666667 0.005)
(0.32225 0.006666666667 0.005)
(0.3245 0.006666666667 0.005)
(0.32675 0.006666666667 0.005)
(0.329 0.006666666667 0.005)
(0.33125 0.006666666667 0.005)
(0.3335 0.006666666667 0.005)
(0.33575 0.006666666667 0.005)
(0.338 0.006666666667 0.005)
(0.34025 0.006666666667 0.005)
(0.3425 0.006666666667 0.005)
(0.34475 0.006666666667 0.005)
(0.347 0.006666666667 0.005)
(0.34925 0.006666666667 0.005)
(0.3515 0.006666666667 0.005)
(0.35375 0.006666666667 0.005)
(0.356 0.006666666667 0.005)
(0.35825 0.006666666667 0.005)
(0.3605 0.006666666667 0.005)
(0.36275 0.006666666667 0.005)
(0.365 0.006666666667 0.005)
(0.36725 0.006666666667 0.005)
(0.3695 0.006666666667 0.005)
(0.37175 0.006666666667 0.005)
(0.374 0.006666666667 0.005)
(0.37625 0.006666666667 0.005)
(0.3785 0.006666666667 0.005)
(0.38075 0.006666666667 0.005)
(0.383 0.006666666667 0.005)
(0.38525 0.006666666667 0.005)
(0.3875 0.006666666667 0.005)
(0.38975 0.006666666667 0.005)
(0.392 0.006666666667 0.005)
(0.39425 0.006666666667 0.005)
(0.3965 0.006666666667 0.005)
(0.39875 0.006666666667 0.005)
(0.401 0.006666666667 0.005)
(0.40325 0.006666666667 0.005)
(0.4055 0.006666666667 0.005)
(0.40775 0.006666666667 0.005)
(0.41 0.006666666667 0.005)
(0.41225 0.006666666667 0.005)
(0.4145 0.006666666667 0.005)
(0.41675 0.006666666667 0.005)
(0.419 0.006666666667 0.005)
(0.42125 0.006666666667 0.005)
(0.4235 0.006666666667 0.005)
(0.42575 0.006666666667 0.005)
(0.428 0.006666666667 0.005)
(0.43025 0.006666666667 0.005)
(0.4325 0.006666666667 0.005)
(0.43475 0.006666666667 0.005)
(0.437 0.006666666667 0.005)
(0.43925 0.006666666667 0.005)
(0.4415 0.006666666667 0.005)
(0.44375 0.006666666667 0.005)
(0.446 0.006666666667 0.005)
(0.44825 0.006666666667 0.005)
(0.4505 0.006666666667 0.005)
(0.45275 0.006666666667 0.005)
(0.455 0.006666666667 0.005)
(0.45725 0.006666666667 0.005)
(0.4595 0.006666666667 0.005)
(0.46175 0.006666666667 0.005)
(0.464 0.006666666667 0.005)
(0.46625 0.006666666667 0.005)
(0.4685 0.006666666667 0.005)
(0.47075 0.006666666667 0.005)
(0.473 0.006666666667 0.005)
(0.47525 0.006666666667 0.005)
(0.4775 0.006666666667 0.005)
(0.47975 0.006666666667 0.005)
(0.482 0.006666666667 0.005)
(0.48425 0.006666666667 0.005)
(0.4865 0.006666666667 0.005)
(0.48875 0.006666666667 0.005)
(0.491 0.006666666667 0.005)
(0.49325 0.006666666667 0.005)
(0.4955 0.006666666667 0.005)
(0.49775 0.006666666667 0.005)
(0.5 0.006666666667 0.005)
(0.05225 0.006666666667 -0.005)
(0.0545 0.006666666667 -0.005)
(0.05675 0.006666666667 -0.005)
(0.059 0.006666666667 -0.005)
(0.06125 0.006666666667 -0.005)
(0.0635 0.006666666667 -0.005)
(0.06575 0.006666666667 -0.005)
(0.068 0.006666666667 -0.005)
(0.07025 0.006666666667 -0.005)
(0.0725 0.006666666667 -0.005)
(0.07475 0.006666666667 -0.005)
(0.077 0.006666666667 -0.005)
(0.07925 0.006666666667 -0.005)
(0.0815 0.006666666667 -0.005)
(0.08375 0.006666666667 -0.005)
(0.086 0.006666666667 -0.005)
(0.08825 0.006666666667 -0.005)
(0.0905 0.006666666667 -0.005)
(0.09275 0.006666666667 -0.005)
(0.095 0.006666666667 -0.005)
(0.09725 0.006666666667 -0.005)
(0.0995 0.006666666667 -0.005)
(0.10175 0.006666666667 -0.005)
(0.104 0.006666666667 -0.005)
(0.10625 0.006666666667 -0.005)
(0.1085 0.006666666667 -0.005)
(0.11075 0.006666666667 -0.005)
(0.113 0.006666666667 -0.005)
(0.11525 0.006666666667 -0.005)
(0.1175 0.006666666667 -0.005)
(0.11975 0.006666666667 -0.005)
(0.122 0.006666666667 -0.005)
(0.12425 0.006666666667 -0.005)
(0.1265 0.006666666667 -0.005)
(0.12875 0.006666666667 -0.005)
(0.131 0.006666666667 -0.005)
(0.13325 0.006666666667 -0.005)
(0.1355 0.006666666667 -0.005)
(0.13775 0.006666666667 -0.005)
(0.14 0.006666666667 -0.005)
(0.14225 0.006666666667 -0.005)
(0.1445 0.006666666667 -0.005)
(0.14675 0.006666666667 -0.005)
(0.149 0.006666666667 -0.005)
(0.15125 0.006666666667 -0.005)
(0.1535 0.006666666667 -0.005)
(0.15575 0.006666666667 -0.005)
(0.158 0.006666666667 -0.005)
(0.16025 0.006666666667 -0.005)
(0.1625 0.006666666667 -0.005)
(0.16475 0.006666666667 -0.005)
(0.167 0.006666666667 -0.005)
(0.16925 0.006666666667 -0.005)
(0.1715 0.006666666667 -0.005)
(0.17375 0.006666666667 -0.005)
(0.176 0.006666666667 -0.005)
(0.17825 0.006666666667 -0.005)
(0.1805 0.006666666667 -0.005)
(0.18275 0.006666666667 -0.005)
(0.185 0.006666666667 -0.005)
(0.18725 0.006666666667 -0.005)
(0.1895 0.006666666667 -0.005)
(0.19175 0.006666666667 -0.005)
(0.194 0.006666666667 -0.005)
(0.19625 0.006666666667 -0.005)
(0.1985 0.006666666667 -0.005)
(0.20075 0.006666666667 -0.005)
(0.203 0.006666666667 -0.005)
(0.20525 0.006666666667 -0.005)
(0.2075 0.006666666667 -0.005)
(0.20975 0.006666666667 -0.005)
(0.212 0.006666666667 -0.005)
(0.21425 0.006666666667 -0.005)
(0.2165 0.006666666667 -0.005)
(0.21875 0.006666666667 -0.005)
(0.221 0.006666666667 -0.005)
(0.22325 0.006666666667 -0.005)
(0.2255 0.006666666667 -0.005)
(0.22775 0.006666666667 -0.005)
(0.23 0.006666666667 -0.005)
(0.23225 0.006666666667 -0.005)
(0.2345 0.006666666667 -0.005)
(0.23675 0.006666666667 -0.005)
(0.239 0.006666666667 -0.005)
(0.24125 0.006666666667 -0.005)
(0.2435 0.006666666667 -0.005)
(0.24575 0.006666666667 -0.005)
(0.248 0.006666666667 -0.005)
(0.25025 0.006666666667 -0.005)
(0.2525 0.006666666667 -0.005)
(0.25475 0.006666666667 -0.005)
(0.257 0.006666666667 -0.005)
(0.25925 0.006666666667 -0.005)
(0.2615 0.006666666667 -0.005)
(0.26375 0.006666666667 -0.005)
(0.266 0.006666666667 -0.005)
(0.26825 0.006666666667 -0.005)
(0.2705 0.006666666667 -0.005)
(0.27275 0.006666666667 -0.005)
(0.275 0.006666666667 -0.005)
(0.27725 0.006666666667 -0.005)
(0.2795 0.006666666667 -0.005)
(0.28175 0.006666666667 -0.005)
(0.284 0.006666666667 -0.005)
(0.28625 0.006666666667 -0.005)
(0.2885 0.006666666667 -0.005)
(0.29075 0.006666666667 -0.005)
(0.293 0.006666666667 -0.005)
(0.29525 0.006666666667 -0.005)
(0.2975 0.006666666667 -0.005)
(0.29975 0.006666666667 -0.005)
(0.302 0.006666666667 -0.005)
(0.30425 0.006666666667 -0.005)
(0.3065 0.006666666667 -0.005)
(0.30875 0.006666666667 -0.005)
(0.311 0.006666666667 -0.005)
(0.31325 0.006666666667 -0.005)
(0.3155 0.006666666667 -0.005)
(0.31775 0.006666666667 -0.005)
(0.32 0.006666666667 -0.005)
(0.32225 0.006666666667 -0.005)
(0.3245 0.006666666667 -0.005)
(0.32675 0.006666666667 -0.005)
(0.329 0.006666666667 -0.005)
(0.33125 0.006666666667 -0.005)
(0.3335 0.006666666667 -0.005)
(0.33575 0.006666666667 -0.005)
(0.338 0.006666666667 -0.005)
(0.34025 0.006666666667 -0.005)
(0.3425 0.006666666667 -0.005)
(0.34475 0.006666666667 -0.005)
(0.347 0.006666666667 -0.005)
(0.34925 0.006666666667 -0.005)
(0.3515 0.006666666667 -0.005)
(0.35375 0.006666666667 -0.005)
(0.356 0.006666666667 -0.005)
(0.35825 0.006666666667 -0.005)
(0.3605 0.006666666667 -0.005)
(0.36275 0.006666666667 -0.005)
(0.365 0.006666666667 -0.005)
(0.36725 0.006666666667 -0.005)
(0.3695 0.006666666667 -0.005)
(0.37175 0.006666666667 -0.005)
(0.374 0.006666666667 -0.005)
(0.37625 0.006666666667 -0.005)
(0.3785 0.006666666667 -0.005)
(0.38075 0.006666666667 -0.005)
(0.383 0.006666666667 -0.005)
(0.38525 0.006666666667 -0.005)
(0.3875 0.006666666667 -0.005)
(0.38975 0.006666666667 -0.005)
(0.392 0.006666666667 -0.005)
(0.39425 0.006666666667 -0.005)
(0.3965 0.006666666667 -0.005)
(0.39875 0.006666666667 -0.005)
(0.401 0.006666666667 -0.005)
(0.40325 0.006666666667 -0.005)
(0.4055 0.006666666667 -0.005)
(0.40775 0.006666666667 -0.005)
(0.41 0.006666666667 -0.005)
(0.41225 0.006666666667 -0.005)
(0.4145 0.006666666667 -0.005)
(0.41675 0.006666666667 -0.005)
(0.419 0.006666666667 -0.005)
(0.42125 0.006666666667 -0.005)
(0.4235 0.006666666667 -0.005)
(0.42575 0.006666666667 -0.005)
(0.428 0.006666666667 -0.005)
(0.43025 0.006666666667 -0.005)
(0.4325 0.006666666667 -0.005)
(0.43475 0.006666666667 -0.005)
(0.437 0.006666666667 -0.005)
(0.43925 0.006666666667 -0.005)
(0.4415 0.006666666667 -0.005)
(0.44375 0.006666666667 -0.005)
(0.446 0.006666666667 -0.005)
(0.44825 0.006666666667 -0.005)
(0.4505 0.006666666667 -0.005)
(0.45275 0.006666666667 -0.005)
(0.455 0.006666666667 -0.005)
(0.45725 0.006666666667 -0.005)
(0.4595 0.006666666667 -0.005)
(0.46175 0.006666666667 -0.005)
(0.464 0.006666666667 -0.005)
(0.46625 0.006666666667 -0.005)
(0.4685 0.006666666667 -0.005)
(0.47075 0.006666666667 -0.005)
(0.473 0.006666666667 -0.005)
(0.47525 0.006666666667 -0.005)
(0.4775 0.006666666667 -0.005)
(0.47975 0.006666666667 -0.005)
(0.482 0.006666666667 -0.005)
(0.48425 0.006666666667 -0.005)
(0.4865 0.006666666667 -0.005)
(0.48875 0.006666666667 -0.005)
(0.491 0.006666666667 -0.005)
(0.49325 0.006666666667 -0.005)
(0.4955 0.006666666667 -0.005)
(0.49775 0.006666666667 -0.005)
(0.5 0.006666666667 -0.005)
(0.05225 0.01 0.005)
(0.0545 0.01 0.005)
(0.05675 0.01 0.005)
(0.059 0.01 0.005)
(0.06125 0.01 0.005)
(0.0635 0.01 0.005)
(0.06575 0.01 0.005)
(0.068 0.01 0.005)
(0.07025 0.01 0.005)
(0.0725 0.01 0.005)
(0.07475 0.01 0.005)
(0.077 0.01 0.005)
(0.07925 0.01 0.005)
(0.0815 0.01 0.005)
(0.08375 0.01 0.005)
(0.086 0.01 0.005)
(0.08825 0.01 0.005)
(0.0905 0.01 0.005)
(0.09275 0.01 0.005)
(0.095 0.01 0.005)
(0.09725 0.01 0.005)
(0.0995 0.01 0.005)
(0.10175 0.01 0.005)
(0.104 0.01 0.005)
(0.10625 0.01 0.005)
(0.1085 0.01 0.005)
(0.11075 0.01 0.005)
(0.113 0.01 0.005)
(0.11525 0.01 0.005)
(0.1175 0.01 0.005)
(0.11975 0.01 0.005)
(0.122 0.01 0.005)
(0.12425 0.01 0.005)
(0.1265 0.01 0.005)
(0.12875 0.01 0.005)
(0.131 0.01 0.005)
(0.13325 0.01 0.005)
(0.1355 0.01 0.005)
(0.13775 0.01 0.005)
(0.14 0.01 0.005)
(0.14225 0.01 0.005)
(0.1445 0.01 0.005)
(0.14675 0.01 0.005)
(0.149 0.01 0.005)
(0.15125 0.01 0.005)
(0.1535 0.01 0.005)
(0.15575 0.01 0.005)
(0.158 0.01 0.005)
(0.16025 0.01 0.005)
(0.1625 0.01 0.005)
(0.16475 0.01 0.005)
(0.167 0.01 0.005)
(0.16925 0.01 0.005)
(0.1715 0.01 0.005)
(0.17375 0.01 0.005)
(0.176 0.01 0.005)
(0.17825 0.01 0.005)
(0.1805 0.01 0.005)
(0.18275 0.01 0.005)
(0.185 0.01 0.005)
(0.18725 0.01 0.005)
(0.1895 0.01 0.005)
(0.19175 0.01 0.005)
(0.194 0.01 0.005)
(0.19625 0.01 0.005)
(0.1985 0.01 0.005)
(0.20075 0.01 0.005)
(0.203 0.01 0.005)
(0.20525 0.01 0.005)
(0.2075 0.01 0.005)
(0.20975 0.01 0.005)
(0.212 0.01 0.005)
(0.21425 0.01 0.005)
(0.2165 0.01 0.005)
(0.21875 0.01 0.005)
(0.221 0.01 0.005)
(0.22325 0.01 0.005)
(0.2255 0.01 0.005)
(0.22775 0.01 0.005)
(0.23 0.01 0.005)
(0.23225 0.01 0.005)
(0.2345 0.01 0.005)
(0.23675 0.01 0.005)
(0.239 0.01 0.005)
(0.24125 0.01 0.005)
(0.2435 0.01 0.005)
(0.24575 0.01 0.005)
(0.248 0.01 0.005)
(0.25025 0.01 0.005)
(0.2525 0.01 0.005)
(0.25475 0.01 0.005)
(0.257 0.01 0.005)
(0.25925 0.01 0.005)
(0.2615 0.01 0.005)
(0.26375 0.01 0.005)
(0.266 0.01 0.005)
(0.26825 0.01 0.005)
(0.2705 0.01 0.005)
(0.27275 0.01 0.005)
(0.275 0.01 0.005)
(0.27725 0.01 0.005)
(0.2795 0.01 0.005)
(0.28175 0.01 0.005)
(0.284 0.01 0.005)
(0.28625 0.01 0.005)
(0.2885 0.01 0.005)
(0.29075 0.01 0.005)
(0.293 0.01 0.005)
(0.29525 0.01 0.005)
(0.2975 0.01 0.005)
(0.29975 0.01 0.005)
(0.302 0.01 0.005)
(0.30425 0.01 0.005)
(0.3065 0.01 0.005)
(0.30875 0.01 0.005)
(0.311 0.01 0.005)
(0.31325 0.01 0.005)
(0.3155 0.01 0.005)
(0.31775 0.01 0.005)
(0.32 0.01 0.005)
(0.32225 0.01 0.005)
(0.3245 0.01 0.005)
(0.32675 0.01 0.005)
(0.329 0.01 0.005)
(0.33125 0.01 0.005)
(0.3335 0.01 0.005)
(0.33575 0.01 0.005)
(0.338 0.01 0.005)
(0.34025 0.01 0.005)
(0.3425 0.01 0.005)
(0.34475 0.01 0.005)
(0.347 0.01 0.005)
(0.34925 0.01 0.005)
(0.3515 0.01 0.005)
(0.35375 0.01 0.005)
(0.356 0.01 0.005)
(0.35825 0.01 0.005)
(0.3605 0.01 0.005)
(0.36275 0.01 0.005)
(0.365 0.01 0.005)
(0.36725 0.01 0.005)
(0.3695 0.01 0.005)
(0.37175 0.01 0.005)
(0.374 0.01 0.005)
(0.37625 0.01 0.005)
(0.3785 0.01 0.005)
(0.38075 0.01 0.005)
(0.383 0.01 0.005)
(0.38525 0.01 0.005)
(0.3875 0.01 0.005)
(0.38975 0.01 0.005)
(0.392 0.01 0.005)
(0.39425 0.01 0.005)
(0.3965 0.01 0.005)
(0.39875 0.01 0.005)
(0.401 0.01 0.005)
(0.40325 0.01 0.005)
(0.4055 0.01 0.005)
(0.40775 0.01 0.005)
(0.41 0.01 0.005)
(0.41225 0.01 0.005)
(0.4145 0.01 0.005)
(0.41675 0.01 0.005)
(0.419 0.01 0.005)
(0.42125 0.01 0.005)
(0.4235 0.01 0.005)
(0.42575 0.01 0.005)
(0.428 0.01 0.005)
(0.43025 0.01 0.005)
(0.4325 0.01 0.005)
(0.43475 0.01 0.005)
(0.437 0.01 0.005)
(0.43925 0.01 0.005)
(0.4415 0.01 0.005)
(0.44375 0.01 0.005)
(0.446 0.01 0.005)
(0.44825 0.01 0.005)
(0.4505 0.01 0.005)
(0.45275 0.01 0.005)
(0.455 0.01 0.005)
(0.45725 0.01 0.005)
(0.4595 0.01 0.005)
(0.46175 0.01 0.005)
(0.464 0.01 0.005)
(0.46625 0.01 0.005)
(0.4685 0.01 0.005)
(0.47075 0.01 0.005)
(0.473 0.01 0.005)
(0.47525 0.01 0.005)
(0.4775 0.01 0.005)
(0.47975 0.01 0.005)
(0.482 0.01 0.005)
(0.48425 0.01 0.005)
(0.4865 0.01 0.005)
(0.48875 0.01 0.005)
(0.491 0.01 0.005)
(0.49325 0.01 0.005)
(0.4955 0.01 0.005)
(0.49775 0.01 0.005)
(0.5 0.01 0.005)
(0.05225 0.01 -0.005)
(0.0545 0.01 -0.005)
(0.05675 0.01 -0.005)
(0.059 0.01 -0.005)
(0.06125 0.01 -0.005)
(0.0635 0.01 -0.005)
(0.06575 0.01 -0.005)
(0.068 0.01 -0.005)
(0.07025 0.01 -0.005)
(0.0725 0.01 -0.005)
(0.07475 0.01 -0.005)
(0.077 0.01 -0.005)
(0.07925 0.01 -0.005)
(0.0815 0.01 -0.005)
(0.08375 0.01 -0.005)
(0.086 0.01 -0.005)
(0.08825 0.01 -0.005)
(0.0905 0.01 -0.005)
(0.09275 0.01 -0.005)
(0.095 0.01 -0.005)
(0.09725 0.01 -0.005)
(0.0995 0.01 -0.005)
(0.10175 0.01 -0.005)
(0.104 0.01 -0.005)
(0.10625 0.01 -0.005)
(0.1085 0.01 -0.005)
(0.11075 0.01 -0.005)
(0.113 0.01 -0.005)
(0.11525 0.01 -0.005)
(0.1175 0.01 -0.005)
(0.11975 0.01 -0.005)
(0.122 0.01 -0.005)
(0.12425 0.01 -0.005)
(0.1265 0.01 -0.005)
(0.12875 0.01 -0.005)
(0.131 0.01 -0.005)
(0.13325 0.01 -0.005)
(0.1355 0.01 -0.005)
(0.13775 0.01 -0.005)
(0.14 0.01 -0.005)
(0.14225 0.01 -0.005)
(0.1445 0.01 -0.005)
(0.14675 0.01 -0.005)
(0.149 0.01 -0.005)
(0.15125 0.01 -0.005)
(0.1535 0.01 -0.005)
(0.15575 0.01 -0.005)
(0.158 0.01 -0.005)
(0.16025 0.01 -0.005)
(0.1625 0.01 -0.005)
(0.16475 0.01 -0.005)
(0.167 0.01 -0.005)
(0.16925 0.01 -0.005)
(0.1715 0.01 -0.005)
(0.17375 0.01 -0.005)
(0.176 0.01 -0.005)
(0.17825 0.01 -0.005)
(0.1805 0.01 -0.005)
(0.18275 0.01 -0.005)
(0.185 0.01 -0.005)
(0.18725 0.01 -0.005)
(0.1895 0.01 -0.005)
(0.19175 0.01 -0.005)
(0.194 0.01 -0.005)
(0.19625 0.01 -0.005)
(0.1985 0.01 -0.005)
(0.20075 0.01 -0.005)
(0.203 0.01 -0.005)
(0.20525 0.01 -0.005)
(0.2075 0.01 -0.005)
(0.20975 0.01 -0.005)
(0.212 0.01 -0.005)
(0.21425 0.01 -0.005)
(0.2165 0.01 -0.005)
(0.21875 0.01 -0.005)
(0.221 0.01 -0.005)
(0.22325 0.01 -0.005)
(0.2255 0.01 -0.005)
(0.22775 0.01 -0.005)
(0.23 0.01 -0.005)
(0.23225 0.01 -0.005)
(0.2345 0.01 -0.005)
(0.23675 0.01 -0.005)
(0.239 0.01 -0.005)
(0.24125 0.01 -0.005)
(0.2435 0.01 -0.005)
(0.24575 0.01 -0.005)
(0.248 0.01 -0.005)
(0.25025 0.01 -0.005)
(0.2525 0.01 -0.005)
(0.25475 0.01 -0.005)
(0.257 0.01 -0.005)
(0.25925 0.01 -0.005)
(0.2615 0.01 -0.005)
(0.26375 0.01 -0.005)
(0.266 0.01 -0.005)
(0.26825 0.01 -0.005)
(0.2705 0.01 -0.005)
(0.27275 0.01 -0.005)
(0.275 0.01 -0.005)
(0.27725 0.01 -0.005)
(0.2795 0.01 -0.005)
(0.28175 0.01 -0.005)
(0.284 0.01 -0.005)
(0.28625 0.01 -0.005)
(0.2885 0.01 -0.005)
(0.29075 0.01 -0.005)
(0.293 0.01 -0.005)
(0.29525 0.01 -0.005)
(0.2975 0.01 -0.005)
(0.29975 0.01 -0.005)
(0.302 0.01 -0.005)
(0.30425 0.01 -0.005)
(0.3065 0.01 -0.005)
(0.30875 0.01 -0.005)
(0.311 0.01 -0.005)
(0.31325 0.01 -0.005)
(0.3155 0.01 -0.005)
(0.31775 0.01 -0.005)
(0.32 0.01 -0.005)
(0.32225 0.01 -0.005)
(0.3245 0.01 -0.005)
(0.32675 0.01 -0.005)
(0.329 0.01 -0.005)
(0.33125 0.01 -0.005)
(0.3335 0.01 -0.005)
(0.33575 0.01 -0.005)
(0.338 0.01 -0.005)
(0.34025 0.01 -0.005)
(0.3425 0.01 -0.005)
(0.34475 0.01 -0.005)
(0.347 0.01 -0.005)
(0.34925 0.01 -0.005)
(0.3515 0.01 -0.005)
(0.35375 0.01 -0.005)
(0.356 0.01 -0.005)
(0.35825 0.01 -0.005)
(0.3605 0.01 -0.005)
(0.36275 0.01 -0.005)
(0.365 0.01 -0.005)
(0.36725 0.01 -0.005)
(0.3695 0.01 -0.005)
(0.37175 0.01 -0.005)
(0.374 0.01 -0.005)
(0.37625 0.01 -0.005)
(0.3785 0.01 -0.005)
(0.38075 0.01 -0.005)
(0.383 0.01 -0.005)
(0.38525 0.01 -0.005)
(0.3875 0.01 -0.005)
(0.38975 0.01 -0.005)
(0.392 0.01 -0.005)
(0.39425 0.01 -0.005)
(0.3965 0.01 -0.005)
(0.39875 0.01 -0.005)
(0.401 0.01 -0.005)
(0.40325 0.01 -0.005)
(0.4055 0.01 -0.005)
(0.40775 0.01 -0.005)
(0.41 0.01 -0.005)
(0.41225 0.01 -0.005)
(0.4145 0.01 -0.005)
(0.41675 0.01 -0.005)
(0.419 0.01 -0.005)
(0.42125 0.01 -0.005)
(0.4235 0.01 -0.005)
(0.42575 0.01 -0.005)
(0.428 0.01 -0.005)
(0.43025 0.01 -0.005)
(0.4325 0.01 -0.005)
(0.43475 0.01 -0.005)
(0.437 0.01 -0.005)
(0.43925 0.01 -0.005)
(0.4415 0.01 -0.005)
(0.44375 0.01 -0.005)
(0.446 0.01 -0.005)
(0.44825 0.01 -0.005)
(0.4505 0.01 -0.005)
(0.45275 0.01 -0.005)
(0.455 0.01 -0.005)
(0.45725 0.01 -0.005)
(0.4595 0.01 -0.005)
(0.46175 0.01 -0.005)
(0.464 0.01 -0.005)
(0.46625 0.01 -0.005)
(0.4685 0.01 -0.005)
(0.47075 0.01 -0.005)
(0.473 0.01 -0.005)
(0.47525 0.01 -0.005)
(0.4775 0.01 -0.005)
(0.47975 0.01 -0.005)
(0.482 0.01 -0.005)
(0.48425 0.01 -0.005)
(0.4865 0.01 -0.005)
(0.48875 0.01 -0.005)
(0.491 0.01 -0.005)
(0.49325 0.01 -0.005)
(0.4955 0.01 -0.005)
(0.49775 0.01 -0.005)
(0.5 0.01 -0.005)
(0.05225 0.01333333333 0.005)
(0.0545 0.01333333333 0.005)
(0.05675 0.01333333333 0.005)
(0.059 0.01333333333 0.005)
(0.06125 0.01333333333 0.005)
(0.0635 0.01333333333 0.005)
(0.06575 0.01333333333 0.005)
(0.068 0.01333333333 0.005)
(0.07025 0.01333333333 0.005)
(0.0725 0.01333333333 0.005)
(0.07475 0.01333333333 0.005)
(0.077 0.01333333333 0.005)
(0.07925 0.01333333333 0.005)
(0.0815 0.01333333333 0.005)
(0.08375 0.01333333333 0.005)
(0.086 0.01333333333 0.005)
(0.08825 0.01333333333 0.005)
(0.0905 0.01333333333 0.005)
(0.09275 0.01333333333 0.005)
(0.095 0.01333333333 0.005)
(0.09725 0.01333333333 0.005)
(0.0995 0.01333333333 0.005)
(0.10175 0.01333333333 0.005)
(0.104 0.01333333333 0.005)
(0.10625 0.01333333333 0.005)
(0.1085 0.01333333333 0.005)
(0.11075 0.01333333333 0.005)
(0.113 0.01333333333 0.005)
(0.11525 0.01333333333 0.005)
(0.1175 0.01333333333 0.005)
(0.11975 0.01333333333 0.005)
(0.122 0.01333333333 0.005)
(0.12425 0.01333333333 0.005)
(0.1265 0.01333333333 0.005)
(0.12875 0.01333333333 0.005)
(0.131 0.01333333333 0.005)
(0.13325 0.01333333333 0.005)
(0.1355 0.01333333333 0.005)
(0.13775 0.01333333333 0.005)
(0.14 0.01333333333 0.005)
(0.14225 0.01333333333 0.005)
(0.1445 0.01333333333 0.005)
(0.14675 0.01333333333 0.005)
(0.149 0.01333333333 0.005)
(0.15125 0.01333333333 0.005)
(0.1535 0.01333333333 0.005)
(0.15575 0.01333333333 0.005)
(0.158 0.01333333333 0.005)
(0.16025 0.01333333333 0.005)
(0.1625 0.01333333333 0.005)
(0.16475 0.01333333333 0.005)
(0.167 0.01333333333 0.005)
(0.16925 0.01333333333 0.005)
(0.1715 0.01333333333 0.005)
(0.17375 0.01333333333 0.005)
(0.176 0.01333333333 0.005)
(0.17825 0.01333333333 0.005)
(0.1805 0.01333333333 0.005)
(0.18275 0.01333333333 0.005)
(0.185 0.01333333333 0.005)
(0.18725 0.01333333333 0.005)
(0.1895 0.01333333333 0.005)
(0.19175 0.01333333333 0.005)
(0.194 0.01333333333 0.005)
(0.19625 0.01333333333 0.005)
(0.1985 0.01333333333 0.005)
(0.20075 0.01333333333 0.005)
(0.203 0.01333333333 0.005)
(0.20525 0.01333333333 0.005)
(0.2075 0.01333333333 0.005)
(0.20975 0.01333333333 0.005)
(0.212 0.01333333333 0.005)
(0.21425 0.01333333333 0.005)
(0.2165 0.01333333333 0.005)
(0.21875 0.01333333333 0.005)
(0.221 0.01333333333 0.005)
(0.22325 0.01333333333 0.005)
(0.2255 0.01333333333 0.005)
(0.22775 0.01333333333 0.005)
(0.23 0.01333333333 0.005)
(0.23225 0.01333333333 0.005)
(0.2345 0.01333333333 0.005)
(0.23675 0.01333333333 0.005)
(0.239 0.01333333333 0.005)
(0.24125 0.01333333333 0.005)
(0.2435 0.01333333333 0.005)
(0.24575 0.01333333333 0.005)
(0.248 0.01333333333 0.005)
(0.25025 0.01333333333 0.005)
(0.2525 0.01333333333 0.005)
(0.25475 0.01333333333 0.005)
(0.257 0.01333333333 0.005)
(0.25925 0.01333333333 0.005)
(0.2615 0.01333333333 0.005)
(0.26375 0.01333333333 0.005)
(0.266 0.01333333333 0.005)
(0.26825 0.01333333333 0.005)
(0.2705 0.01333333333 0.005)
(0.27275 0.01333333333 0.005)
(0.275 0.01333333333 0.005)
(0.27725 0.01333333333 0.005)
(0.2795 0.01333333333 0.005)
(0.28175 0.01333333333 0.005)
(0.284 0.01333333333 0.005)
(0.28625 0.01333333333 0.005)
(0.2885 0.01333333333 0.005)
(0.29075 0.01333333333 0.005)
(0.293 0.01333333333 0.005)
(0.29525 0.01333333333 0.005)
(0.2975 0.01333333333 0.005)
(0.29975 0.01333333333 0.005)
(0.302 0.01333333333 0.005)
(0.30425 0.01333333333 0.005)
(0.3065 0.01333333333 0.005)
(0.30875 0.01333333333 0.005)
(0.311 0.01333333333 0.005)
(0.31325 0.01333333333 0.005)
(0.3155 0.01333333333 0.005)
(0.31775 0.01333333333 0.005)
(0.32 0.01333333333 0.005)
(0.32225 0.01333333333 0.005)
(0.3245 0.01333333333 0.005)
(0.32675 0.01333333333 0.005)
(0.329 0.01333333333 0.005)
(0.33125 0.01333333333 0.005)
(0.3335 0.01333333333 0.005)
(0.33575 0.01333333333 0.005)
(0.338 0.01333333333 0.005)
(0.34025 0.01333333333 0.005)
(0.3425 0.01333333333 0.005)
(0.34475 0.01333333333 0.005)
(0.347 0.01333333333 0.005)
(0.34925 0.01333333333 0.005)
(0.3515 0.01333333333 0.005)
(0.35375 0.01333333333 0.005)
(0.356 0.01333333333 0.005)
(0.35825 0.01333333333 0.005)
(0.3605 0.01333333333 0.005)
(0.36275 0.01333333333 0.005)
(0.365 0.01333333333 0.005)
(0.36725 0.01333333333 0.005)
(0.3695 0.01333333333 0.005)
(0.37175 0.01333333333 0.005)
(0.374 0.01333333333 0.005)
(0.37625 0.01333333333 0.005)
(0.3785 0.01333333333 0.005)
(0.38075 0.01333333333 0.005)
(0.383 0.01333333333 0.005)
(0.38525 0.01333333333 0.005)
(0.3875 0.01333333333 0.005)
(0.38975 0.01333333333 0.005)
(0.392 0.01333333333 0.005)
(0.39425 0.01333333333 0.005)
(0.3965 0.01333333333 0.005)
(0.39875 0.01333333333 0.005)
(0.401 0.01333333333 0.005)
(0.40325 0.01333333333 0.005)
(0.4055 0.01333333333 0.005)
(0.40775 0.01333333333 0.005)
(0.41 0.01333333333 0.005)
(0.41225 0.01333333333 0.005)
(0.4145 0.01333333333 0.005)
(0.41675 0.01333333333 0.005)
(0.419 0.01333333333 0.005)
(0.42125 0.01333333333 0.005)
(0.4235 0.01333333333 0.005)
(0.42575 0.01333333333 0.005)
(0.428 0.01333333333 0.005)
(0.43025 0.01333333333 0.005)
(0.4325 0.01333333333 0.005)
(0.43475 0.01333333333 0.005)
(0.437 0.01333333333 0.005)
(0.43925 0.01333333333 0.005)
(0.4415 0.01333333333 0.005)
(0.44375 0.01333333333 0.005)
(0.446 0.01333333333 0.005)
(0.44825 0.01333333333 0.005)
(0.4505 0.01333333333 0.005)
(0.45275 0.01333333333 0.005)
(0.455 0.01333333333 0.005)
(0.45725 0.01333333333 0.005)
(0.4595 0.01333333333 0.005)
(0.46175 0.01333333333 0.005)
(0.464 0.01333333333 0.005)
(0.46625 0.01333333333 0.005)
(0.4685 0.01333333333 0.005)
(0.47075 0.01333333333 0.005)
(0.473 0.01333333333 0.005)
(0.47525 0.01333333333 0.005)
(0.4775 0.01333333333 0.005)
(0.47975 0.01333333333 0.005)
(0.482 0.01333333333 0.005)
(0.48425 0.01333333333 0.005)
(0.4865 0.01333333333 0.005)
(0.48875 0.01333333333 0.005)
(0.491 0.01333333333 0.005)
(0.49325 0.01333333333 0.005)
(0.4955 0.01333333333 0.005)
(0.49775 0.01333333333 0.005)
(0.5 0.01333333333 0.005)
(0.05225 0.01333333333 -0.005)
(0.0545 0.01333333333 -0.005)
(0.05675 0.01333333333 -0.005)
(0.059 0.01333333333 -0.005)
(0.06125 0.01333333333 -0.005)
(0.0635 0.01333333333 -0.005)
(0.06575 0.01333333333 -0.005)
(0.068 0.01333333333 -0.005)
(0.07025 0.01333333333 -0.005)
(0.0725 0.01333333333 -0.005)
(0.07475 0.01333333333 -0.005)
(0.077 0.01333333333 -0.005)
(0.07925 0.01333333333 -0.005)
(0.0815 0.01333333333 -0.005)
(0.08375 0.01333333333 -0.005)
(0.086 0.01333333333 -0.005)
(0.08825 0.01333333333 -0.005)
(0.0905 0.01333333333 -0.005)
(0.09275 0.01333333333 -0.005)
(0.095 0.01333333333 -0.005)
(0.09725 0.01333333333 -0.005)
(0.0995 0.01333333333 -0.005)
(0.10175 0.01333333333 -0.005)
(0.104 0.01333333333 -0.005)
(0.10625 0.01333333333 -0.005)
(0.1085 0.01333333333 -0.005)
(0.11075 0.01333333333 -0.005)
(0.113 0.01333333333 -0.005)
(0.11525 0.01333333333 -0.005)
(0.1175 0.01333333333 -0.005)
(0.11975 0.01333333333 -0.005)
(0.122 0.01333333333 -0.005)
(0.12425 0.01333333333 -0.005)
(0.1265 0.01333333333 -0.005)
(0.12875 0.01333333333 -0.005)
(0.131 0.01333333333 -0.005)
(0.13325 0.01333333333 -0.005)
(0.1355 0.01333333333 -0.005)
(0.13775 0.01333333333 -0.005)
(0.14 0.01333333333 -0.005)
(0.14225 0.01333333333 -0.005)
(0.1445 0.01333333333 -0.005)
(0.14675 0.01333333333 -0.005)
(0.149 0.01333333333 -0.005)
(0.15125 0.01333333333 -0.005)
(0.1535 0.01333333333 -0.005)
(0.15575 0.01333333333 -0.005)
(0.158 0.01333333333 -0.005)
(0.16025 0.01333333333 -0.005)
(0.1625 0.01333333333 -0.005)
(0.16475 0.01333333333 -0.005)
(0.167 0.01333333333 -0.005)
(0.16925 0.01333333333 -0.005)
(0.1715 0.01333333333 -0.005)
(0.17375 0.01333333333 -0.005)
(0.176 0.01333333333 -0.005)
(0.17825 0.01333333333 -0.005)
(0.1805 0.01333333333 -0.005)
(0.18275 0.01333333333 -0.005)
(0.185 0.01333333333 -0.005)
(0.18725 0.01333333333 -0.005)
(0.1895 0.01333333333 -0.005)
(0.19175 0.01333333333 -0.005)
(0.194 0.01333333333 -0.005)
(0.19625 0.01333333333 -0.005)
(0.1985 0.01333333333 -0.005)
(0.20075 0.01333333333 -0.005)
(0.203 0.01333333333 -0.005)
(0.20525 0.01333333333 -0.005)
(0.2075 0.01333333333 -0.005)
(0.20975 0.01333333333 -0.005)
(0.212 0.01333333333 -0.005)
(0.21425 0.01333333333 -0.005)
(0.2165 0.01333333333 -0.005)
(0.21875 0.01333333333 -0.005)
(0.221 0.01333333333 -0.005)
(0.22325 0.01333333333 -0.005)
(0.2255 0.01333333333 -0.005)
(0.22775 0.01333333333 -0.005)
(0.23 0.01333333333 -0.005)
(0.23225 0.01333333333 -0.005)
(0.2345 0.01333333333 -0.005)
(0.23675 0.01333333333 -0.005)
(0.239 0.01333333333 -0.005)
(0.24125 0.01333333333 -0.005)
(0.2435 0.01333333333 -0.005)
(0.24575 0.01333333333 -0.005)
(0.248 0.01333333333 -0.005)
(0.25025 0.01333333333 -0.005)
(0.2525 0.01333333333 -0.005)
(0.25475 0.01333333333 -0.005)
(0.257 0.01333333333 -0.005)
(0.25925 0.01333333333 -0.005)
(0.2615 0.01333333333 -0.005)
(0.26375 0.01333333333 -0.005)
(0.266 0.01333333333 -0.005)
(0.26825 0.01333333333 -0.005)
(0.2705 0.01333333333 -0.005)
(0.27275 0.01333333333 -0.005)
(0.275 0.01333333333 -0.005)
(0.27725 0.01333333333 -0.005)
(0.2795 0.01333333333 -0.005)
(0.28175 0.01333333333 -0.005)
(0.284 0.01333333333 -0.005)
(0.28625 0.01333333333 -0.005)
(0.2885 0.01333333333 -0.005)
(0.29075 0.01333333333 -0.005)
(0.293 0.01333333333 -0.005)
(0.29525 0.01333333333 -0.005)
(0.2975 0.01333333333 -0.005)
(0.29975 0.01333333333 -0.005)
(0.302 0.01333333333 -0.005)
(0.30425 0.01333333333 -0.005)
(0.3065 0.01333333333 -0.005)
(0.30875 0.01333333333 -0.005)
(0.311 0.01333333333 -0.005)
(0.31325 0.01333333333 -0.005)
(0.3155 0.01333333333 -0.005)
(0.31775 0.01333333333 -0.005)
(0.32 0.01333333333 -0.005)
(0.32225 0.01333333333 -0.005)
(0.3245 0.01333333333 -0.005)
(0.32675 0.01333333333 -0.005)
(0.329 0.01333333333 -0.005)
(0.33125 0.01333333333 -0.005)
(0.3335 0.01333333333 -0.005)
(0.33575 0.01333333333 -0.005)
(0.338 0.01333333333 -0.005)
(0.34025 0.01333333333 -0.005)
(0.3425 0.01333333333 -0.005)
(0.34475 0.01333333333 -0.005)
(0.347 0.01333333333 -0.005)
(0.34925 0.01333333333 -0.005)
(0.3515 0.01333333333 -0.005)
(0.35375 0.01333333333 -0.005)
(0.356 0.01333333333 -0.005)
(0.35825 0.01333333333 -0.005)
(0.3605 0.01333333333 -0.005)
(0.36275 0.01333333333 -0.005)
(0.365 0.01333333333 -0.005)
(0.36725 0.01333333333 -0.005)
(0.3695 0.01333333333 -0.005)
(0.37175 0.01333333333 -0.005)
(0.374 0.01333333333 -0.005)
(0.37625 0.01333333333 -0.005)
(0.3785 0.01333333333 -0.005)
(0.38075 0.01333333333 -0.005)
(0.383 0.01333333333 -0.005)
(0.38525 0.01333333333 -0.005)
(0.3875 0.01333333333 -0.005)
(0.38975 0.01333333333 -0.005)
(0.392 0.01333333333 -0.005)
(0.39425 0.01333333333 -0.005)
(0.3965 0.01333333333 -0.005)
(0.39875 0.01333333333 -0.005)
(0.401 0.01333333333 -0.005)
(0.40325 0.01333333333 -0.005)
(0.4055 0.01333333333 -0.005)
(0.40775 0.01333333333 -0.005)
(0.41 0.01333333333 -0.005)
(0.41225 0.01333333333 -0.005)
(0.4145 0.01333333333 -0.005)
(0.41675 0.01333333333 -0.005)
(0.419 0.01333333333 -0.005)
(0.42125 0.01333333333 -0.005)
(0.4235 0.01333333333 -0.005)
(0.42575 0.01333333333 -0.005)
(0.428 0.01333333333 -0.005)
(0.43025 0.01333333333 -0.005)
(0.4325 0.01333333333 -0.005)
(0.43475 0.01333333333 -0.005)
(0.437 0.01333333333 -0.005)
(0.43925 0.01333333333 -0.005)
(0.4415 0.01333333333 -0.005)
(0.44375 0.01333333333 -0.005)
(0.446 0.01333333333 -0.005)
(0.44825 0.01333333333 -0.005)
(0.4505 0.01333333333 -0.005)
(0.45275 0.01333333333 -0.005)
(0.455 0.01333333333 -0.005)
(0.45725 0.01333333333 -0.005)
(0.4595 0.01333333333 -0.005)
(0.46175 0.01333333333 -0.005)
(0.464 0.01333333333 -0.005)
(0.46625 0.01333333333 -0.005)
(0.4685 0.01333333333 -0.005)
(0.47075 0.01333333333 -0.005)
(0.473 0.01333333333 -0.005)
(0.47525 0.01333333333 -0.005)
(0.4775 0.01333333333 -0.005)
(0.47975 0.01333333333 -0.005)
(0.482 0.01333333333 -0.005)
(0.48425 0.01333333333 -0.005)
(0.4865 0.01333333333 -0.005)
(0.48875 0.01333333333 -0.005)
(0.491 0.01333333333 -0.005)
(0.49325 0.01333333333 -0.005)
(0.4955 0.01333333333 -0.005)
(0.49775 0.01333333333 -0.005)
(0.5 0.01333333333 -0.005)
(0.05225 0.01666666667 0.005)
(0.0545 0.01666666667 0.005)
(0.05675 0.01666666667 0.005)
(0.059 0.01666666667 0.005)
(0.06125 0.01666666667 0.005)
(0.0635 0.01666666667 0.005)
(0.06575 0.01666666667 0.005)
(0.068 0.01666666667 0.005)
(0.07025 0.01666666667 0.005)
(0.0725 0.01666666667 0.005)
(0.07475 0.01666666667 0.005)
(0.077 0.01666666667 0.005)
(0.07925 0.01666666667 0.005)
(0.0815 0.01666666667 0.005)
(0.08375 0.01666666667 0.005)
(0.086 0.01666666667 0.005)
(0.08825 0.01666666667 0.005)
(0.0905 0.01666666667 0.005)
(0.09275 0.01666666667 0.005)
(0.095 0.01666666667 0.005)
(0.09725 0.01666666667 0.005)
(0.0995 0.01666666667 0.005)
(0.10175 0.01666666667 0.005)
(0.104 0.01666666667 0.005)
(0.10625 0.01666666667 0.005)
(0.1085 0.01666666667 0.005)
(0.11075 0.01666666667 0.005)
(0.113 0.01666666667 0.005)
(0.11525 0.01666666667 0.005)
(0.1175 0.01666666667 0.005)
(0.11975 0.01666666667 0.005)
(0.122 0.01666666667 0.005)
(0.12425 0.01666666667 0.005)
(0.1265 0.01666666667 0.005)
(0.12875 0.01666666667 0.005)
(0.131 0.01666666667 0.005)
(0.13325 0.01666666667 0.005)
(0.1355 0.01666666667 0.005)
(0.13775 0.01666666667 0.005)
(0.14 0.01666666667 0.005)
(0.14225 0.01666666667 0.005)
(0.1445 0.01666666667 0.005)
(0.14675 0.01666666667 0.005)
(0.149 0.01666666667 0.005)
(0.15125 0.01666666667 0.005)
(0.1535 0.01666666667 0.005)
(0.15575 0.01666666667 0.005)
(0.158 0.01666666667 0.005)
(0.16025 0.01666666667 0.005)
(0.1625 0.01666666667 0.005)
(0.16475 0.01666666667 0.005)
(0.167 0.01666666667 0.005)
(0.16925 0.01666666667 0.005)
(0.1715 0.01666666667 0.005)
(0.17375 0.01666666667 0.005)
(0.176 0.01666666667 0.005)
(0.17825 0.01666666667 0.005)
(0.1805 0.01666666667 0.005)
(0.18275 0.01666666667 0.005)
(0.185 0.01666666667 0.005)
(0.18725 0.01666666667 0.005)
(0.1895 0.01666666667 0.005)
(0.19175 0.01666666667 0.005)
(0.194 0.01666666667 0.005)
(0.19625 0.01666666667 0.005)
(0.1985 0.01666666667 0.005)
(0.20075 0.01666666667 0.005)
(0.203 0.01666666667 0.005)
(0.20525 0.01666666667 0.005)
(0.2075 0.01666666667 0.005)
(0.20975 0.01666666667 0.005)
(0.212 0.01666666667 0.005)
(0.21425 0.01666666667 0.005)
(0.2165 0.01666666667 0.005)
(0.21875 0.01666666667 0.005)
(0.221 0.01666666667 0.005)
(0.22325 0.01666666667 0.005)
(0.2255 0.01666666667 0.005)
(0.22775 0.01666666667 0.005)
(0.23 0.01666666667 0.005)
(0.23225 0.01666666667 0.005)
(0.2345 0.01666666667 0.005)
(0.23675 0.01666666667 0.005)
(0.239 0.01666666667 0.005)
(0.24125 0.01666666667 0.005)
(0.2435 0.01666666667 0.005)
(0.24575 0.01666666667 0.005)
(0.248 0.01666666667 0.005)
(0.25025 0.01666666667 0.005)
(0.2525 0.01666666667 0.005)
(0.25475 0.01666666667 0.005)
(0.257 0.01666666667 0.005)
(0.25925 0.01666666667 0.005)
(0.2615 0.01666666667 0.005)
(0.26375 0.01666666667 0.005)
(0.266 0.01666666667 0.005)
(0.26825 0.01666666667 0.005)
(0.2705 0.01666666667 0.005)
(0.27275 0.01666666667 0.005)
(0.275 0.01666666667 0.005)
(0.27725 0.01666666667 0.005)
(0.2795 0.01666666667 0.005)
(0.28175 0.01666666667 0.005)
(0.284 0.01666666667 0.005)
(0.28625 0.01666666667 0.005)
(0.2885 0.01666666667 0.005)
(0.29075 0.01666666667 0.005)
(0.293 0.01666666667 0.005)
(0.29525 0.01666666667 0.005)
(0.2975 0.01666666667 0.005)
(0.29975 0.01666666667 0.005)
(0.302 0.01666666667 0.005)
(0.30425 0.01666666667 0.005)
(0.3065 0.01666666667 0.005)
(0.30875 0.01666666667 0.005)
(0.311 0.01666666667 0.005)
(0.31325 0.01666666667 0.005)
(0.3155 0.01666666667 0.005)
(0.31775 0.01666666667 0.005)
(0.32 0.01666666667 0.005)
(0.32225 0.01666666667 0.005)
(0.3245 0.01666666667 0.005)
(0.32675 0.01666666667 0.005)
(0.329 0.01666666667 0.005)
(0.33125 0.01666666667 0.005)
(0.3335 0.01666666667 0.005)
(0.33575 0.01666666667 0.005)
(0.338 0.01666666667 0.005)
(0.34025 0.01666666667 0.005)
(0.3425 0.01666666667 0.005)
(0.34475 0.01666666667 0.005)
(0.347 0.01666666667 0.005)
(0.34925 0.01666666667 0.005)
(0.3515 0.01666666667 0.005)
(0.35375 0.01666666667 0.005)
(0.356 0.01666666667 0.005)
(0.35825 0.01666666667 0.005)
(0.3605 0.01666666667 0.005)
(0.36275 0.01666666667 0.005)
(0.365 0.01666666667 0.005)
(0.36725 0.01666666667 0.005)
(0.3695 0.01666666667 0.005)
(0.37175 0.01666666667 0.005)
(0.374 0.01666666667 0.005)
(0.37625 0.01666666667 0.005)
(0.3785 0.01666666667 0.005)
(0.38075 0.01666666667 0.005)
(0.383 0.01666666667 0.005)
(0.38525 0.01666666667 0.005)
(0.3875 0.01666666667 0.005)
(0.38975 0.01666666667 0.005)
(0.392 0.01666666667 0.005)
(0.39425 0.01666666667 0.005)
(0.3965 0.01666666667 0.005)
(0.39875 0.01666666667 0.005)
(0.401 0.01666666667 0.005)
(0.40325 0.01666666667 0.005)
(0.4055 0.01666666667 0.005)
(0.40775 0.01666666667 0.005)
(0.41 0.01666666667 0.005)
(0.41225 0.01666666667 0.005)
(0.4145 0.01666666667 0.005)
(0.41675 0.01666666667 0.005)
(0.419 0.01666666667 0.005)
(0.42125 0.01666666667 0.005)
(0.4235 0.01666666667 0.005)
(0.42575 0.01666666667 0.005)
(0.428 0.01666666667 0.005)
(0.43025 0.01666666667 0.005)
(0.4325 0.01666666667 0.005)
(0.43475 0.01666666667 0.005)
(0.437 0.01666666667 0.005)
(0.43925 0.01666666667 0.005)
(0.4415 0.01666666667 0.005)
(0.44375 0.01666666667 0.005)
(0.446 0.01666666667 0.005)
(0.44825 0.01666666667 0.005)
(0.4505 0.01666666667 0.005)
(0.45275 0.01666666667 0.005)
(0.455 0.01666666667 0.005)
(0.45725 0.01666666667 0.005)
(0.4595 0.01666666667 0.005)
(0.46175 0.01666666667 0.005)
(0.464 0.01666666667 0.005)
(0.46625 0.01666666667 0.005)
(0.4685 0.01666666667 0.005)
(0.47075 0.01666666667 0.005)
(0.473 0.01666666667 0.005)
(0.47525 0.01666666667 0.005)
(0.4775 0.01666666667 0.005)
(0.47975 0.01666666667 0.005)
(0.482 0.01666666667 0.005)
(0.48425 0.01666666667 0.005)
(0.4865 0.01666666667 0.005)
(0.48875 0.01666666667 0.005)
(0.491 0.01666666667 0.005)
(0.49325 0.01666666667 0.005)
(0.4955 0.01666666667 0.005)
(0.49775 0.01666666667 0.005)
(0.5 0.01666666667 0.005)
(0.05225 0.01666666667 -0.005)
(0.0545 0.01666666667 -0.005)
(0.05675 0.01666666667 -0.005)
(0.059 0.01666666667 -0.005)
(0.06125 0.01666666667 -0.005)
(0.0635 0.01666666667 -0.005)
(0.06575 0.01666666667 -0.005)
(0.068 0.01666666667 -0.005)
(0.07025 0.01666666667 -0.005)
(0.0725 0.01666666667 -0.005)
(0.07475 0.01666666667 -0.005)
(0.077 0.01666666667 -0.005)
(0.07925 0.01666666667 -0.005)
(0.0815 0.01666666667 -0.005)
(0.08375 0.01666666667 -0.005)
(0.086 0.01666666667 -0.005)
(0.08825 0.01666666667 -0.005)
(0.0905 0.01666666667 -0.005)
(0.09275 0.01666666667 -0.005)
(0.095 0.01666666667 -0.005)
(0.09725 0.01666666667 -0.005)
(0.0995 0.01666666667 -0.005)
(0.10175 0.01666666667 -0.005)
(0.104 0.01666666667 -0.005)
(0.10625 0.01666666667 -0.005)
(0.1085 0.01666666667 -0.005)
(0.11075 0.01666666667 -0.005)
(0.113 0.01666666667 -0.005)
(0.11525 0.01666666667 -0.005)
(0.1175 0.01666666667 -0.005)
(0.11975 0.01666666667 -0.005)
(0.122 0.01666666667 -0.005)
(0.12425 0.01666666667 -0.005)
(0.1265 0.01666666667 -0.005)
(0.12875 0.01666666667 -0.005)
(0.131 0.01666666667 -0.005)
(0.13325 0.01666666667 -0.005)
(0.1355 0.01666666667 -0.005)
(0.13775 0.01666666667 -0.005)
(0.14 0.01666666667 -0.005)
(0.14225 0.01666666667 -0.005)
(0.1445 0.01666666667 -0.005)
(0.14675 0.01666666667 -0.005)
(0.149 0.01666666667 -0.005)
(0.15125 0.01666666667 -0.005)
(0.1535 0.01666666667 -0.005)
(0.15575 0.01666666667 -0.005)
(0.158 0.01666666667 -0.005)
(0.16025 0.01666666667 -0.005)
(0.1625 0.01666666667 -0.005)
(0.16475 0.01666666667 -0.005)
(0.167 0.01666666667 -0.005)
(0.16925 0.01666666667 -0.005)
(0.1715 0.01666666667 -0.005)
(0.17375 0.01666666667 -0.005)
(0.176 0.01666666667 -0.005)
(0.17825 0.01666666667 -0.005)
(0.1805 0.01666666667 -0.005)
(0.18275 0.01666666667 -0.005)
(0.185 0.01666666667 -0.005)
(0.18725 0.01666666667 -0.005)
(0.1895 0.01666666667 -0.005)
(0.19175 0.01666666667 -0.005)
(0.194 0.01666666667 -0.005)
(0.19625 0.01666666667 -0.005)
(0.1985 0.01666666667 -0.005)
(0.20075 0.01666666667 -0.005)
(0.203 0.01666666667 -0.005)
(0.20525 0.01666666667 -0.005)
(0.2075 0.01666666667 -0.005)
(0.20975 0.01666666667 -0.005)
(0.212 0.01666666667 -0.005)
(0.21425 0.01666666667 -0.005)
(0.2165 0.01666666667 -0.005)
(0.21875 0.01666666667 -0.005)
(0.221 0.01666666667 -0.005)
(0.22325 0.01666666667 -0.005)
(0.2255 0.01666666667 -0.005)
(0.22775 0.01666666667 -0.005)
(0.23 0.01666666667 -0.005)
(0.23225 0.01666666667 -0.005)
(0.2345 0.01666666667 -0.005)
(0.23675 0.01666666667 -0.005)
(0.239 0.01666666667 -0.005)
(0.24125 0.01666666667 -0.005)
(0.2435 0.01666666667 -0.005)
(0.24575 0.01666666667 -0.005)
(0.248 0.01666666667 -0.005)
(0.25025 0.01666666667 -0.005)
(0.2525 0.01666666667 -0.005)
(0.25475 0.01666666667 -0.005)
(0.257 0.01666666667 -0.005)
(0.25925 0.01666666667 -0.005)
(0.2615 0.01666666667 -0.005)
(0.26375 0.01666666667 -0.005)
(0.266 0.01666666667 -0.005)
(0.26825 0.01666666667 -0.005)
(0.2705 0.01666666667 -0.005)
(0.27275 0.01666666667 -0.005)
(0.275 0.01666666667 -0.005)
(0.27725 0.01666666667 -0.005)
(0.2795 0.01666666667 -0.005)
(0.28175 0.01666666667 -0.005)
(0.284 0.01666666667 -0.005)
(0.28625 0.01666666667 -0.005)
(0.2885 0.01666666667 -0.005)
(0.29075 0.01666666667 -0.005)
(0.293 0.01666666667 -0.005)
(0.29525 0.01666666667 -0.005)
(0.2975 0.01666666667 -0.005)
(0.29975 0.01666666667 -0.005)
(0.302 0.01666666667 -0.005)
(0.30425 0.01666666667 -0.005)
(0.3065 0.01666666667 -0.005)
(0.30875 0.01666666667 -0.005)
(0.311 0.01666666667 -0.005)
(0.31325 0.01666666667 -0.005)
(0.3155 0.01666666667 -0.005)
(0.31775 0.01666666667 -0.005)
(0.32 0.01666666667 -0.005)
(0.32225 0.01666666667 -0.005)
(0.3245 0.01666666667 -0.005)
(0.32675 0.01666666667 -0.005)
(0.329 0.01666666667 -0.005)
(0.33125 0.01666666667 -0.005)
(0.3335 0.01666666667 -0.005)
(0.33575 0.01666666667 -0.005)
(0.338 0.01666666667 -0.005)
(0.34025 0.01666666667 -0.005)
(0.3425 0.01666666667 -0.005)
(0.34475 0.01666666667 -0.005)
(0.347 0.01666666667 -0.005)
(0.34925 0.01666666667 -0.005)
(0.3515 0.01666666667 -0.005)
(0.35375 0.01666666667 -0.005)
(0.356 0.01666666667 -0.005)
(0.35825 0.01666666667 -0.005)
(0.3605 0.01666666667 -0.005)
(0.36275 0.01666666667 -0.005)
(0.365 0.01666666667 -0.005)
(0.36725 0.01666666667 -0.005)
(0.3695 0.01666666667 -0.005)
(0.37175 0.01666666667 -0.005)
(0.374 0.01666666667 -0.005)
(0.37625 0.01666666667 -0.005)
(0.3785 0.01666666667 -0.005)
(0.38075 0.01666666667 -0.005)
(0.383 0.01666666667 -0.005)
(0.38525 0.01666666667 -0.005)
(0.3875 0.01666666667 -0.005)
(0.38975 0.01666666667 -0.005)
(0.392 0.01666666667 -0.005)
(0.39425 0.01666666667 -0.005)
(0.3965 0.01666666667 -0.005)
(0.39875 0.01666666667 -0.005)
(0.401 0.01666666667 -0.005)
(0.40325 0.01666666667 -0.005)
(0.4055 0.01666666667 -0.005)
(0.40775 0.01666666667 -0.005)
(0.41 0.01666666667 -0.005)
(0.41225 0.01666666667 -0.005)
(0.4145 0.01666666667 -0.005)
(0.41675 0.01666666667 -0.005)
(0.419 0.01666666667 -0.005)
(0.42125 0.01666666667 -0.005)
(0.4235 0.01666666667 -0.005)
(0.42575 0.01666666667 -0.005)
(0.428 0.01666666667 -0.005)
(0.43025 0.01666666667 -0.005)
(0.4325 0.01666666667 -0.005)
(0.43475 0.01666666667 -0.005)
(0.437 0.01666666667 -0.005)
(0.43925 0.01666666667 -0.005)
(0.4415 0.01666666667 -0.005)
(0.44375 0.01666666667 -0.005)
(0.446 0.01666666667 -0.005)
(0.44825 0.01666666667 -0.005)
(0.4505 0.01666666667 -0.005)
(0.45275 0.01666666667 -0.005)
(0.455 0.01666666667 -0.005)
(0.45725 0.01666666667 -0.005)
(0.4595 0.01666666667 -0.005)
(0.46175 0.01666666667 -0.005)
(0.464 0.01666666667 -0.005)
(0.46625 0.01666666667 -0.005)
(0.4685 0.01666666667 -0.005)
(0.47075 0.01666666667 -0.005)
(0.473 0.01666666667 -0.005)
(0.47525 0.01666666667 -0.005)
(0.4775 0.01666666667 -0.005)
(0.47975 0.01666666667 -0.005)
(0.482 0.01666666667 -0.005)
(0.48425 0.01666666667 -0.005)
(0.4865 0.01666666667 -0.005)
(0.48875 0.01666666667 -0.005)
(0.491 0.01666666667 -0.005)
(0.49325 0.01666666667 -0.005)
(0.4955 0.01666666667 -0.005)
(0.49775 0.01666666667 -0.005)
(0.5 0.01666666667 -0.005)
(0.05225 0.02 0.005)
(0.0545 0.02 0.005)
(0.05675 0.02 0.005)
(0.059 0.02 0.005)
(0.06125 0.02 0.005)
(0.0635 0.02 0.005)
(0.06575 0.02 0.005)
(0.068 0.02 0.005)
(0.07025 0.02 0.005)
(0.0725 0.02 0.005)
(0.07475 0.02 0.005)
(0.077 0.02 0.005)
(0.07925 0.02 0.005)
(0.0815 0.02 0.005)
(0.08375 0.02 0.005)
(0.086 0.02 0.005)
(0.08825 0.02 0.005)
(0.0905 0.02 0.005)
(0.09275 0.02 0.005)
(0.095 0.02 0.005)
(0.09725 0.02 0.005)
(0.0995 0.02 0.005)
(0.10175 0.02 0.005)
(0.104 0.02 0.005)
(0.10625 0.02 0.005)
(0.1085 0.02 0.005)
(0.11075 0.02 0.005)
(0.113 0.02 0.005)
(0.11525 0.02 0.005)
(0.1175 0.02 0.005)
(0.11975 0.02 0.005)
(0.122 0.02 0.005)
(0.12425 0.02 0.005)
(0.1265 0.02 0.005)
(0.12875 0.02 0.005)
(0.131 0.02 0.005)
(0.13325 0.02 0.005)
(0.1355 0.02 0.005)
(0.13775 0.02 0.005)
(0.14 0.02 0.005)
(0.14225 0.02 0.005)
(0.1445 0.02 0.005)
(0.14675 0.02 0.005)
(0.149 0.02 0.005)
(0.15125 0.02 0.005)
(0.1535 0.02 0.005)
(0.15575 0.02 0.005)
(0.158 0.02 0.005)
(0.16025 0.02 0.005)
(0.1625 0.02 0.005)
(0.16475 0.02 0.005)
(0.167 0.02 0.005)
(0.16925 0.02 0.005)
(0.1715 0.02 0.005)
(0.17375 0.02 0.005)
(0.176 0.02 0.005)
(0.17825 0.02 0.005)
(0.1805 0.02 0.005)
(0.18275 0.02 0.005)
(0.185 0.02 0.005)
(0.18725 0.02 0.005)
(0.1895 0.02 0.005)
(0.19175 0.02 0.005)
(0.194 0.02 0.005)
(0.19625 0.02 0.005)
(0.1985 0.02 0.005)
(0.20075 0.02 0.005)
(0.203 0.02 0.005)
(0.20525 0.02 0.005)
(0.2075 0.02 0.005)
(0.20975 0.02 0.005)
(0.212 0.02 0.005)
(0.21425 0.02 0.005)
(0.2165 0.02 0.005)
(0.21875 0.02 0.005)
(0.221 0.02 0.005)
(0.22325 0.02 0.005)
(0.2255 0.02 0.005)
(0.22775 0.02 0.005)
(0.23 0.02 0.005)
(0.23225 0.02 0.005)
(0.2345 0.02 0.005)
(0.23675 0.02 0.005)
(0.239 0.02 0.005)
(0.24125 0.02 0.005)
(0.2435 0.02 0.005)
(0.24575 0.02 0.005)
(0.248 0.02 0.005)
(0.25025 0.02 0.005)
(0.2525 0.02 0.005)
(0.25475 0.02 0.005)
(0.257 0.02 0.005)
(0.25925 0.02 0.005)
(0.2615 0.02 0.005)
(0.26375 0.02 0.005)
(0.266 0.02 0.005)
(0.26825 0.02 0.005)
(0.2705 0.02 0.005)
(0.27275 0.02 0.005)
(0.275 0.02 0.005)
(0.27725 0.02 0.005)
(0.2795 0.02 0.005)
(0.28175 0.02 0.005)
(0.284 0.02 0.005)
(0.28625 0.02 0.005)
(0.2885 0.02 0.005)
(0.29075 0.02 0.005)
(0.293 0.02 0.005)
(0.29525 0.02 0.005)
(0.2975 0.02 0.005)
(0.29975 0.02 0.005)
(0.302 0.02 0.005)
(0.30425 0.02 0.005)
(0.3065 0.02 0.005)
(0.30875 0.02 0.005)
(0.311 0.02 0.005)
(0.31325 0.02 0.005)
(0.3155 0.02 0.005)
(0.31775 0.02 0.005)
(0.32 0.02 0.005)
(0.32225 0.02 0.005)
(0.3245 0.02 0.005)
(0.32675 0.02 0.005)
(0.329 0.02 0.005)
(0.33125 0.02 0.005)
(0.3335 0.02 0.005)
(0.33575 0.02 0.005)
(0.338 0.02 0.005)
(0.34025 0.02 0.005)
(0.3425 0.02 0.005)
(0.34475 0.02 0.005)
(0.347 0.02 0.005)
(0.34925 0.02 0.005)
(0.3515 0.02 0.005)
(0.35375 0.02 0.005)
(0.356 0.02 0.005)
(0.35825 0.02 0.005)
(0.3605 0.02 0.005)
(0.36275 0.02 0.005)
(0.365 0.02 0.005)
(0.36725 0.02 0.005)
(0.3695 0.02 0.005)
(0.37175 0.02 0.005)
(0.374 0.02 0.005)
(0.37625 0.02 0.005)
(0.3785 0.02 0.005)
(0.38075 0.02 0.005)
(0.383 0.02 0.005)
(0.38525 0.02 0.005)
(0.3875 0.02 0.005)
(0.38975 0.02 0.005)
(0.392 0.02 0.005)
(0.39425 0.02 0.005)
(0.3965 0.02 0.005)
(0.39875 0.02 0.005)
(0.401 0.02 0.005)
(0.40325 0.02 0.005)
(0.4055 0.02 0.005)
(0.40775 0.02 0.005)
(0.41 0.02 0.005)
(0.41225 0.02 0.005)
(0.4145 0.02 0.005)
(0.41675 0.02 0.005)
(0.419 0.02 0.005)
(0.42125 0.02 0.005)
(0.4235 0.02 0.005)
(0.42575 0.02 0.005)
(0.428 0.02 0.005)
(0.43025 0.02 0.005)
(0.4325 0.02 0.005)
(0.43475 0.02 0.005)
(0.437 0.02 0.005)
(0.43925 0.02 0.005)
(0.4415 0.02 0.005)
(0.44375 0.02 0.005)
(0.446 0.02 0.005)
(0.44825 0.02 0.005)
(0.4505 0.02 0.005)
(0.45275 0.02 0.005)
(0.455 0.02 0.005)
(0.45725 0.02 0.005)
(0.4595 0.02 0.005)
(0.46175 0.02 0.005)
(0.464 0.02 0.005)
(0.46625 0.02 0.005)
(0.4685 0.02 0.005)
(0.47075 0.02 0.005)
(0.473 0.02 0.005)
(0.47525 0.02 0.005)
(0.4775 0.02 0.005)
(0.47975 0.02 0.005)
(0.482 0.02 0.005)
(0.48425 0.02 0.005)
(0.4865 0.02 0.005)
(0.48875 0.02 0.005)
(0.491 0.02 0.005)
(0.49325 0.02 0.005)
(0.4955 0.02 0.005)
(0.49775 0.02 0.005)
(0.5 0.02 0.005)
(0.05225 0.02 -0.005)
(0.0545 0.02 -0.005)
(0.05675 0.02 -0.005)
(0.059 0.02 -0.005)
(0.06125 0.02 -0.005)
(0.0635 0.02 -0.005)
(0.06575 0.02 -0.005)
(0.068 0.02 -0.005)
(0.07025 0.02 -0.005)
(0.0725 0.02 -0.005)
(0.07475 0.02 -0.005)
(0.077 0.02 -0.005)
(0.07925 0.02 -0.005)
(0.0815 0.02 -0.005)
(0.08375 0.02 -0.005)
(0.086 0.02 -0.005)
(0.08825 0.02 -0.005)
(0.0905 0.02 -0.005)
(0.09275 0.02 -0.005)
(0.095 0.02 -0.005)
(0.09725 0.02 -0.005)
(0.0995 0.02 -0.005)
(0.10175 0.02 -0.005)
(0.104 0.02 -0.005)
(0.10625 0.02 -0.005)
(0.1085 0.02 -0.005)
(0.11075 0.02 -0.005)
(0.113 0.02 -0.005)
(0.11525 0.02 -0.005)
(0.1175 0.02 -0.005)
(0.11975 0.02 -0.005)
(0.122 0.02 -0.005)
(0.12425 0.02 -0.005)
(0.1265 0.02 -0.005)
(0.12875 0.02 -0.005)
(0.131 0.02 -0.005)
(0.13325 0.02 -0.005)
(0.1355 0.02 -0.005)
(0.13775 0.02 -0.005)
(0.14 0.02 -0.005)
(0.14225 0.02 -0.005)
(0.1445 0.02 -0.005)
(0.14675 0.02 -0.005)
(0.149 0.02 -0.005)
(0.15125 0.02 -0.005)
(0.1535 0.02 -0.005)
(0.15575 0.02 -0.005)
(0.158 0.02 -0.005)
(0.16025 0.02 -0.005)
(0.1625 0.02 -0.005)
(0.16475 0.02 -0.005)
(0.167 0.02 -0.005)
(0.16925 0.02 -0.005)
(0.1715 0.02 -0.005)
(0.17375 0.02 -0.005)
(0.176 0.02 -0.005)
(0.17825 0.02 -0.005)
(0.1805 0.02 -0.005)
(0.18275 0.02 -0.005)
(0.185 0.02 -0.005)
(0.18725 0.02 -0.005)
(0.1895 0.02 -0.005)
(0.19175 0.02 -0.005)
(0.194 0.02 -0.005)
(0.19625 0.02 -0.005)
(0.1985 0.02 -0.005)
(0.20075 0.02 -0.005)
(0.203 0.02 -0.005)
(0.20525 0.02 -0.005)
(0.2075 0.02 -0.005)
(0.20975 0.02 -0.005)
(0.212 0.02 -0.005)
(0.21425 0.02 -0.005)
(0.2165 0.02 -0.005)
(0.21875 0.02 -0.005)
(0.221 0.02 -0.005)
(0.22325 0.02 -0.005)
(0.2255 0.02 -0.005)
(0.22775 0.02 -0.005)
(0.23 0.02 -0.005)
(0.23225 0.02 -0.005)
(0.2345 0.02 -0.005)
(0.23675 0.02 -0.005)
(0.239 0.02 -0.005)
(0.24125 0.02 -0.005)
(0.2435 0.02 -0.005)
(0.24575 0.02 -0.005)
(0.248 0.02 -0.005)
(0.25025 0.02 -0.005)
(0.2525 0.02 -0.005)
(0.25475 0.02 -0.005)
(0.257 0.02 -0.005)
(0.25925 0.02 -0.005)
(0.2615 0.02 -0.005)
(0.26375 0.02 -0.005)
(0.266 0.02 -0.005)
(0.26825 0.02 -0.005)
(0.2705 0.02 -0.005)
(0.27275 0.02 -0.005)
(0.275 0.02 -0.005)
(0.27725 0.02 -0.005)
(0.2795 0.02 -0.005)
(0.28175 0.02 -0.005)
(0.284 0.02 -0.005)
(0.28625 0.02 -0.005)
(0.2885 0.02 -0.005)
(0.29075 0.02 -0.005)
(0.293 0.02 -0.005)
(0.29525 0.02 -0.005)
(0.2975 0.02 -0.005)
(0.29975 0.02 -0.005)
(0.302 0.02 -0.005)
(0.30425 0.02 -0.005)
(0.3065 0.02 -0.005)
(0.30875 0.02 -0.005)
(0.311 0.02 -0.005)
(0.31325 0.02 -0.005)
(0.3155 0.02 -0.005)
(0.31775 0.02 -0.005)
(0.32 0.02 -0.005)
(0.32225 0.02 -0.005)
(0.3245 0.02 -0.005)
(0.32675 0.02 -0.005)
(0.329 0.02 -0.005)
(0.33125 0.02 -0.005)
(0.3335 0.02 -0.005)
(0.33575 0.02 -0.005)
(0.338 0.02 -0.005)
(0.34025 0.02 -0.005)
(0.3425 0.02 -0.005)
(0.34475 0.02 -0.005)
(0.347 0.02 -0.005)
(0.34925 0.02 -0.005)
(0.3515 0.02 -0.005)
(0.35375 0.02 -0.005)
(0.356 0.02 -0.005)
(0.35825 0.02 -0.005)
(0.3605 0.02 -0.005)
(0.36275 0.02 -0.005)
(0.365 0.02 -0.005)
(0.36725 0.02 -0.005)
(0.3695 0.02 -0.005)
(0.37175 0.02 -0.005)
(0.374 0.02 -0.005)
(0.37625 0.02 -0.005)
(0.3785 0.02 -0.005)
(0.38075 0.02 -0.005)
(0.383 0.02 -0.005)
(0.38525 0.02 -0.005)
(0.3875 0.02 -0.005)
(0.38975 0.02 -0.005)
(0.392 0.02 -0.005)
(0.39425 0.02 -0.005)
(0.3965 0.02 -0.005)
(0.39875 0.02 -0.005)
(0.401 0.02 -0.005)
(0.40325 0.02 -0.005)
(0.4055 0.02 -0.005)
(0.40775 0.02 -0.005)
(0.41 0.02 -0.005)
(0.41225 0.02 -0.005)
(0.4145 0.02 -0.005)
(0.41675 0.02 -0.005)
(0.419 0.02 -0.005)
(0.42125 0.02 -0.005)
(0.4235 0.02 -0.005)
(0.42575 0.02 -0.005)
(0.428 0.02 -0.005)
(0.43025 0.02 -0.005)
(0.4325 0.02 -0.005)
(0.43475 0.02 -0.005)
(0.437 0.02 -0.005)
(0.43925 0.02 -0.005)
(0.4415 0.02 -0.005)
(0.44375 0.02 -0.005)
(0.446 0.02 -0.005)
(0.44825 0.02 -0.005)
(0.4505 0.02 -0.005)
(0.45275 0.02 -0.005)
(0.455 0.02 -0.005)
(0.45725 0.02 -0.005)
(0.4595 0.02 -0.005)
(0.46175 0.02 -0.005)
(0.464 0.02 -0.005)
(0.46625 0.02 -0.005)
(0.4685 0.02 -0.005)
(0.47075 0.02 -0.005)
(0.473 0.02 -0.005)
(0.47525 0.02 -0.005)
(0.4775 0.02 -0.005)
(0.47975 0.02 -0.005)
(0.482 0.02 -0.005)
(0.48425 0.02 -0.005)
(0.4865 0.02 -0.005)
(0.48875 0.02 -0.005)
(0.491 0.02 -0.005)
(0.49325 0.02 -0.005)
(0.4955 0.02 -0.005)
(0.49775 0.02 -0.005)
(0.5 0.02 -0.005)
(0.05225 0.02333333333 0.005)
(0.0545 0.02333333333 0.005)
(0.05675 0.02333333333 0.005)
(0.059 0.02333333333 0.005)
(0.06125 0.02333333333 0.005)
(0.0635 0.02333333333 0.005)
(0.06575 0.02333333333 0.005)
(0.068 0.02333333333 0.005)
(0.07025 0.02333333333 0.005)
(0.0725 0.02333333333 0.005)
(0.07475 0.02333333333 0.005)
(0.077 0.02333333333 0.005)
(0.07925 0.02333333333 0.005)
(0.0815 0.02333333333 0.005)
(0.08375 0.02333333333 0.005)
(0.086 0.02333333333 0.005)
(0.08825 0.02333333333 0.005)
(0.0905 0.02333333333 0.005)
(0.09275 0.02333333333 0.005)
(0.095 0.02333333333 0.005)
(0.09725 0.02333333333 0.005)
(0.0995 0.02333333333 0.005)
(0.10175 0.02333333333 0.005)
(0.104 0.02333333333 0.005)
(0.10625 0.02333333333 0.005)
(0.1085 0.02333333333 0.005)
(0.11075 0.02333333333 0.005)
(0.113 0.02333333333 0.005)
(0.11525 0.02333333333 0.005)
(0.1175 0.02333333333 0.005)
(0.11975 0.02333333333 0.005)
(0.122 0.02333333333 0.005)
(0.12425 0.02333333333 0.005)
(0.1265 0.02333333333 0.005)
(0.12875 0.02333333333 0.005)
(0.131 0.02333333333 0.005)
(0.13325 0.02333333333 0.005)
(0.1355 0.02333333333 0.005)
(0.13775 0.02333333333 0.005)
(0.14 0.02333333333 0.005)
(0.14225 0.02333333333 0.005)
(0.1445 0.02333333333 0.005)
(0.14675 0.02333333333 0.005)
(0.149 0.02333333333 0.005)
(0.15125 0.02333333333 0.005)
(0.1535 0.02333333333 0.005)
(0.15575 0.02333333333 0.005)
(0.158 0.02333333333 0.005)
(0.16025 0.02333333333 0.005)
(0.1625 0.02333333333 0.005)
(0.16475 0.02333333333 0.005)
(0.167 0.02333333333 0.005)
(0.16925 0.02333333333 0.005)
(0.1715 0.02333333333 0.005)
(0.17375 0.02333333333 0.005)
(0.176 0.02333333333 0.005)
(0.17825 0.02333333333 0.005)
(0.1805 0.02333333333 0.005)
(0.18275 0.02333333333 0.005)
(0.185 0.02333333333 0.005)
(0.18725 0.02333333333 0.005)
(0.1895 0.02333333333 0.005)
(0.19175 0.02333333333 0.005)
(0.194 0.02333333333 0.005)
(0.19625 0.02333333333 0.005)
(0.1985 0.02333333333 0.005)
(0.20075 0.02333333333 0.005)
(0.203 0.02333333333 0.005)
(0.20525 0.02333333333 0.005)
(0.2075 0.02333333333 0.005)
(0.20975 0.02333333333 0.005)
(0.212 0.02333333333 0.005)
(0.21425 0.02333333333 0.005)
(0.2165 0.02333333333 0.005)
(0.21875 0.02333333333 0.005)
(0.221 0.02333333333 0.005)
(0.22325 0.02333333333 0.005)
(0.2255 0.02333333333 0.005)
(0.22775 0.02333333333 0.005)
(0.23 0.02333333333 0.005)
(0.23225 0.02333333333 0.005)
(0.2345 0.02333333333 0.005)
(0.23675 0.02333333333 0.005)
(0.239 0.02333333333 0.005)
(0.24125 0.02333333333 0.005)
(0.2435 0.02333333333 0.005)
(0.24575 0.02333333333 0.005)
(0.248 0.02333333333 0.005)
(0.25025 0.02333333333 0.005)
(0.2525 0.02333333333 0.005)
(0.25475 0.02333333333 0.005)
(0.257 0.02333333333 0.005)
(0.25925 0.02333333333 0.005)
(0.2615 0.02333333333 0.005)
(0.26375 0.02333333333 0.005)
(0.266 0.02333333333 0.005)
(0.26825 0.02333333333 0.005)
(0.2705 0.02333333333 0.005)
(0.27275 0.02333333333 0.005)
(0.275 0.02333333333 0.005)
(0.27725 0.02333333333 0.005)
(0.2795 0.02333333333 0.005)
(0.28175 0.02333333333 0.005)
(0.284 0.02333333333 0.005)
(0.28625 0.02333333333 0.005)
(0.2885 0.02333333333 0.005)
(0.29075 0.02333333333 0.005)
(0.293 0.02333333333 0.005)
(0.29525 0.02333333333 0.005)
(0.2975 0.02333333333 0.005)
(0.29975 0.02333333333 0.005)
(0.302 0.02333333333 0.005)
(0.30425 0.02333333333 0.005)
(0.3065 0.02333333333 0.005)
(0.30875 0.02333333333 0.005)
(0.311 0.02333333333 0.005)
(0.31325 0.02333333333 0.005)
(0.3155 0.02333333333 0.005)
(0.31775 0.02333333333 0.005)
(0.32 0.02333333333 0.005)
(0.32225 0.02333333333 0.005)
(0.3245 0.02333333333 0.005)
(0.32675 0.02333333333 0.005)
(0.329 0.02333333333 0.005)
(0.33125 0.02333333333 0.005)
(0.3335 0.02333333333 0.005)
(0.33575 0.02333333333 0.005)
(0.338 0.02333333333 0.005)
(0.34025 0.02333333333 0.005)
(0.3425 0.02333333333 0.005)
(0.34475 0.02333333333 0.005)
(0.347 0.02333333333 0.005)
(0.34925 0.02333333333 0.005)
(0.3515 0.02333333333 0.005)
(0.35375 0.02333333333 0.005)
(0.356 0.02333333333 0.005)
(0.35825 0.02333333333 0.005)
(0.3605 0.02333333333 0.005)
(0.36275 0.02333333333 0.005)
(0.365 0.02333333333 0.005)
(0.36725 0.02333333333 0.005)
(0.3695 0.02333333333 0.005)
(0.37175 0.02333333333 0.005)
(0.374 0.02333333333 0.005)
(0.37625 0.02333333333 0.005)
(0.3785 0.02333333333 0.005)
(0.38075 0.02333333333 0.005)
(0.383 0.02333333333 0.005)
(0.38525 0.02333333333 0.005)
(0.3875 0.02333333333 0.005)
(0.38975 0.02333333333 0.005)
(0.392 0.02333333333 0.005)
(0.39425 0.02333333333 0.005)
(0.3965 0.02333333333 0.005)
(0.39875 0.02333333333 0.005)
(0.401 0.02333333333 0.005)
(0.40325 0.02333333333 0.005)
(0.4055 0.02333333333 0.005)
(0.40775 0.02333333333 0.005)
(0.41 0.02333333333 0.005)
(0.41225 0.02333333333 0.005)
(0.4145 0.02333333333 0.005)
(0.41675 0.02333333333 0.005)
(0.419 0.02333333333 0.005)
(0.42125 0.02333333333 0.005)
(0.4235 0.02333333333 0.005)
(0.42575 0.02333333333 0.005)
(0.428 0.02333333333 0.005)
(0.43025 0.02333333333 0.005)
(0.4325 0.02333333333 0.005)
(0.43475 0.02333333333 0.005)
(0.437 0.02333333333 0.005)
(0.43925 0.02333333333 0.005)
(0.4415 0.02333333333 0.005)
(0.44375 0.02333333333 0.005)
(0.446 0.02333333333 0.005)
(0.44825 0.02333333333 0.005)
(0.4505 0.02333333333 0.005)
(0.45275 0.02333333333 0.005)
(0.455 0.02333333333 0.005)
(0.45725 0.02333333333 0.005)
(0.4595 0.02333333333 0.005)
(0.46175 0.02333333333 0.005)
(0.464 0.02333333333 0.005)
(0.46625 0.02333333333 0.005)
(0.4685 0.02333333333 0.005)
(0.47075 0.02333333333 0.005)
(0.473 0.02333333333 0.005)
(0.47525 0.02333333333 0.005)
(0.4775 0.02333333333 0.005)
(0.47975 0.02333333333 0.005)
(0.482 0.02333333333 0.005)
(0.48425 0.02333333333 0.005)
(0.4865 0.02333333333 0.005)
(0.48875 0.02333333333 0.005)
(0.491 0.02333333333 0.005)
(0.49325 0.02333333333 0.005)
(0.4955 0.02333333333 0.005)
(0.49775 0.02333333333 0.005)
(0.5 0.02333333333 0.005)
(0.05225 0.02333333333 -0.005)
(0.0545 0.02333333333 -0.005)
(0.05675 0.02333333333 -0.005)
(0.059 0.02333333333 -0.005)
(0.06125 0.02333333333 -0.005)
(0.0635 0.02333333333 -0.005)
(0.06575 0.02333333333 -0.005)
(0.068 0.02333333333 -0.005)
(0.07025 0.02333333333 -0.005)
(0.0725 0.02333333333 -0.005)
(0.07475 0.02333333333 -0.005)
(0.077 0.02333333333 -0.005)
(0.07925 0.02333333333 -0.005)
(0.0815 0.02333333333 -0.005)
(0.08375 0.02333333333 -0.005)
(0.086 0.02333333333 -0.005)
(0.08825 0.02333333333 -0.005)
(0.0905 0.02333333333 -0.005)
(0.09275 0.02333333333 -0.005)
(0.095 0.02333333333 -0.005)
(0.09725 0.02333333333 -0.005)
(0.0995 0.02333333333 -0.005)
(0.10175 0.02333333333 -0.005)
(0.104 0.02333333333 -0.005)
(0.10625 0.02333333333 -0.005)
(0.1085 0.02333333333 -0.005)
(0.11075 0.02333333333 -0.005)
(0.113 0.02333333333 -0.005)
(0.11525 0.02333333333 -0.005)
(0.1175 0.02333333333 -0.005)
(0.11975 0.02333333333 -0.005)
(0.122 0.02333333333 -0.005)
(0.12425 0.02333333333 -0.005)
(0.1265 0.02333333333 -0.005)
(0.12875 0.02333333333 -0.005)
(0.131 0.02333333333 -0.005)
(0.13325 0.02333333333 -0.005)
(0.1355 0.02333333333 -0.005)
(0.13775 0.02333333333 -0.005)
(0.14 0.02333333333 -0.005)
(0.14225 0.02333333333 -0.005)
(0.1445 0.02333333333 -0.005)
(0.14675 0.02333333333 -0.005)
(0.149 0.02333333333 -0.005)
(0.15125 0.02333333333 -0.005)
(0.1535 0.02333333333 -0.005)
(0.15575 0.02333333333 -0.005)
(0.158 0.02333333333 -0.005)
(0.16025 0.02333333333 -0.005)
(0.1625 0.02333333333 -0.005)
(0.16475 0.02333333333 -0.005)
(0.167 0.02333333333 -0.005)
(0.16925 0.02333333333 -0.005)
(0.1715 0.02333333333 -0.005)
(0.17375 0.02333333333 -0.005)
(0.176 0.02333333333 -0.005)
(0.17825 0.02333333333 -0.005)
(0.1805 0.02333333333 -0.005)
(0.18275 0.02333333333 -0.005)
(0.185 0.02333333333 -0.005)
(0.18725 0.02333333333 -0.005)
(0.1895 0.02333333333 -0.005)
(0.19175 0.02333333333 -0.005)
(0.194 0.02333333333 -0.005)
(0.19625 0.02333333333 -0.005)
(0.1985 0.02333333333 -0.005)
(0.20075 0.02333333333 -0.005)
(0.203 0.02333333333 -0.005)
(0.20525 0.02333333333 -0.005)
(0.2075 0.02333333333 -0.005)
(0.20975 0.02333333333 -0.005)
(0.212 0.02333333333 -0.005)
(0.21425 0.02333333333 -0.005)
(0.2165 0.02333333333 -0.005)
(0.21875 0.02333333333 -0.005)
(0.221 0.02333333333 -0.005)
(0.22325 0.02333333333 -0.005)
(0.2255 0.02333333333 -0.005)
(0.22775 0.02333333333 -0.005)
(0.23 0.02333333333 -0.005)
(0.23225 0.02333333333 -0.005)
(0.2345 0.02333333333 -0.005)
(0.23675 0.02333333333 -0.005)
(0.239 0.02333333333 -0.005)
(0.24125 0.02333333333 -0.005)
(0.2435 0.02333333333 -0.005)
(0.24575 0.02333333333 -0.005)
(0.248 0.02333333333 -0.005)
(0.25025 0.02333333333 -0.005)
(0.2525 0.02333333333 -0.005)
(0.25475 0.02333333333 -0.005)
(0.257 0.02333333333 -0.005)
(0.25925 0.02333333333 -0.005)
(0.2615 0.02333333333 -0.005)
(0.26375 0.02333333333 -0.005)
(0.266 0.02333333333 -0.005)
(0.26825 0.02333333333 -0.005)
(0.2705 0.02333333333 -0.005)
(0.27275 0.02333333333 -0.005)
(0.275 0.02333333333 -0.005)
(0.27725 0.02333333333 -0.005)
(0.2795 0.02333333333 -0.005)
(0.28175 0.02333333333 -0.005)
(0.284 0.02333333333 -0.005)
(0.28625 0.02333333333 -0.005)
(0.2885 0.02333333333 -0.005)
(0.29075 0.02333333333 -0.005)
(0.293 0.02333333333 -0.005)
(0.29525 0.02333333333 -0.005)
(0.2975 0.02333333333 -0.005)
(0.29975 0.02333333333 -0.005)
(0.302 0.02333333333 -0.005)
(0.30425 0.02333333333 -0.005)
(0.3065 0.02333333333 -0.005)
(0.30875 0.02333333333 -0.005)
(0.311 0.02333333333 -0.005)
(0.31325 0.02333333333 -0.005)
(0.3155 0.02333333333 -0.005)
(0.31775 0.02333333333 -0.005)
(0.32 0.02333333333 -0.005)
(0.32225 0.02333333333 -0.005)
(0.3245 0.02333333333 -0.005)
(0.32675 0.02333333333 -0.005)
(0.329 0.02333333333 -0.005)
(0.33125 0.02333333333 -0.005)
(0.3335 0.02333333333 -0.005)
(0.33575 0.02333333333 -0.005)
(0.338 0.02333333333 -0.005)
(0.34025 0.02333333333 -0.005)
(0.3425 0.02333333333 -0.005)
(0.34475 0.02333333333 -0.005)
(0.347 0.02333333333 -0.005)
(0.34925 0.02333333333 -0.005)
(0.3515 0.02333333333 -0.005)
(0.35375 0.02333333333 -0.005)
(0.356 0.02333333333 -0.005)
(0.35825 0.02333333333 -0.005)
(0.3605 0.02333333333 -0.005)
(0.36275 0.02333333333 -0.005)
(0.365 0.02333333333 -0.005)
(0.36725 0.02333333333 -0.005)
(0.3695 0.02333333333 -0.005)
(0.37175 0.02333333333 -0.005)
(0.374 0.02333333333 -0.005)
(0.37625 0.02333333333 -0.005)
(0.3785 0.02333333333 -0.005)
(0.38075 0.02333333333 -0.005)
(0.383 0.02333333333 -0.005)
(0.38525 0.02333333333 -0.005)
(0.3875 0.02333333333 -0.005)
(0.38975 0.02333333333 -0.005)
(0.392 0.02333333333 -0.005)
(0.39425 0.02333333333 -0.005)
(0.3965 0.02333333333 -0.005)
(0.39875 0.02333333333 -0.005)
(0.401 0.02333333333 -0.005)
(0.40325 0.02333333333 -0.005)
(0.4055 0.02333333333 -0.005)
(0.40775 0.02333333333 -0.005)
(0.41 0.02333333333 -0.005)
(0.41225 0.02333333333 -0.005)
(0.4145 0.02333333333 -0.005)
(0.41675 0.02333333333 -0.005)
(0.419 0.02333333333 -0.005)
(0.42125 0.02333333333 -0.005)
(0.4235 0.02333333333 -0.005)
(0.42575 0.02333333333 -0.005)
(0.428 0.02333333333 -0.005)
(0.43025 0.02333333333 -0.005)
(0.4325 0.02333333333 -0.005)
(0.43475 0.02333333333 -0.005)
(0.437 0.02333333333 -0.005)
(0.43925 0.02333333333 -0.005)
(0.4415 0.02333333333 -0.005)
(0.44375 0.02333333333 -0.005)
(0.446 0.02333333333 -0.005)
(0.44825 0.02333333333 -0.005)
(0.4505 0.02333333333 -0.005)
(0.45275 0.02333333333 -0.005)
(0.455 0.02333333333 -0.005)
(0.45725 0.02333333333 -0.005)
(0.4595 0.02333333333 -0.005)
(0.46175 0.02333333333 -0.005)
(0.464 0.02333333333 -0.005)
(0.46625 0.02333333333 -0.005)
(0.4685 0.02333333333 -0.005)
(0.47075 0.02333333333 -0.005)
(0.473 0.02333333333 -0.005)
(0.47525 0.02333333333 -0.005)
(0.4775 0.02333333333 -0.005)
(0.47975 0.02333333333 -0.005)
(0.482 0.02333333333 -0.005)
(0.48425 0.02333333333 -0.005)
(0.4865 0.02333333333 -0.005)
(0.48875 0.02333333333 -0.005)
(0.491 0.02333333333 -0.005)
(0.49325 0.02333333333 -0.005)
(0.4955 0.02333333333 -0.005)
(0.49775 0.02333333333 -0.005)
(0.5 0.02333333333 -0.005)
(0.05225 0.02666666667 0.005)
(0.0545 0.02666666667 0.005)
(0.05675 0.02666666667 0.005)
(0.059 0.02666666667 0.005)
(0.06125 0.02666666667 0.005)
(0.0635 0.02666666667 0.005)
(0.06575 0.02666666667 0.005)
(0.068 0.02666666667 0.005)
(0.07025 0.02666666667 0.005)
(0.0725 0.02666666667 0.005)
(0.07475 0.02666666667 0.005)
(0.077 0.02666666667 0.005)
(0.07925 0.02666666667 0.005)
(0.0815 0.02666666667 0.005)
(0.08375 0.02666666667 0.005)
(0.086 0.02666666667 0.005)
(0.08825 0.02666666667 0.005)
(0.0905 0.02666666667 0.005)
(0.09275 0.02666666667 0.005)
(0.095 0.02666666667 0.005)
(0.09725 0.02666666667 0.005)
(0.0995 0.02666666667 0.005)
(0.10175 0.02666666667 0.005)
(0.104 0.02666666667 0.005)
(0.10625 0.02666666667 0.005)
(0.1085 0.02666666667 0.005)
(0.11075 0.02666666667 0.005)
(0.113 0.02666666667 0.005)
(0.11525 0.02666666667 0.005)
(0.1175 0.02666666667 0.005)
(0.11975 0.02666666667 0.005)
(0.122 0.02666666667 0.005)
(0.12425 0.02666666667 0.005)
(0.1265 0.02666666667 0.005)
(0.12875 0.02666666667 0.005)
(0.131 0.02666666667 0.005)
(0.13325 0.02666666667 0.005)
(0.1355 0.02666666667 0.005)
(0.13775 0.02666666667 0.005)
(0.14 0.02666666667 0.005)
(0.14225 0.02666666667 0.005)
(0.1445 0.02666666667 0.005)
(0.14675 0.02666666667 0.005)
(0.149 0.02666666667 0.005)
(0.15125 0.02666666667 0.005)
(0.1535 0.02666666667 0.005)
(0.15575 0.02666666667 0.005)
(0.158 0.02666666667 0.005)
(0.16025 0.02666666667 0.005)
(0.1625 0.02666666667 0.005)
(0.16475 0.02666666667 0.005)
(0.167 0.02666666667 0.005)
(0.16925 0.02666666667 0.005)
(0.1715 0.02666666667 0.005)
(0.17375 0.02666666667 0.005)
(0.176 0.02666666667 0.005)
(0.17825 0.02666666667 0.005)
(0.1805 0.02666666667 0.005)
(0.18275 0.02666666667 0.005)
(0.185 0.02666666667 0.005)
(0.18725 0.02666666667 0.005)
(0.1895 0.02666666667 0.005)
(0.19175 0.02666666667 0.005)
(0.194 0.02666666667 0.005)
(0.19625 0.02666666667 0.005)
(0.1985 0.02666666667 0.005)
(0.20075 0.02666666667 0.005)
(0.203 0.02666666667 0.005)
(0.20525 0.02666666667 0.005)
(0.2075 0.02666666667 0.005)
(0.20975 0.02666666667 0.005)
(0.212 0.02666666667 0.005)
(0.21425 0.02666666667 0.005)
(0.2165 0.02666666667 0.005)
(0.21875 0.02666666667 0.005)
(0.221 0.02666666667 0.005)
(0.22325 0.02666666667 0.005)
(0.2255 0.02666666667 0.005)
(0.22775 0.02666666667 0.005)
(0.23 0.02666666667 0.005)
(0.23225 0.02666666667 0.005)
(0.2345 0.02666666667 0.005)
(0.23675 0.02666666667 0.005)
(0.239 0.02666666667 0.005)
(0.24125 0.02666666667 0.005)
(0.2435 0.02666666667 0.005)
(0.24575 0.02666666667 0.005)
(0.248 0.02666666667 0.005)
(0.25025 0.02666666667 0.005)
(0.2525 0.02666666667 0.005)
(0.25475 0.02666666667 0.005)
(0.257 0.02666666667 0.005)
(0.25925 0.02666666667 0.005)
(0.2615 0.02666666667 0.005)
(0.26375 0.02666666667 0.005)
(0.266 0.02666666667 0.005)
(0.26825 0.02666666667 0.005)
(0.2705 0.02666666667 0.005)
(0.27275 0.02666666667 0.005)
(0.275 0.02666666667 0.005)
(0.27725 0.02666666667 0.005)
(0.2795 0.02666666667 0.005)
(0.28175 0.02666666667 0.005)
(0.284 0.02666666667 0.005)
(0.28625 0.02666666667 0.005)
(0.2885 0.02666666667 0.005)
(0.29075 0.02666666667 0.005)
(0.293 0.02666666667 0.005)
(0.29525 0.02666666667 0.005)
(0.2975 0.02666666667 0.005)
(0.29975 0.02666666667 0.005)
(0.302 0.02666666667 0.005)
(0.30425 0.02666666667 0.005)
(0.3065 0.02666666667 0.005)
(0.30875 0.02666666667 0.005)
(0.311 0.02666666667 0.005)
(0.31325 0.02666666667 0.005)
(0.3155 0.02666666667 0.005)
(0.31775 0.02666666667 0.005)
(0.32 0.02666666667 0.005)
(0.32225 0.02666666667 0.005)
(0.3245 0.02666666667 0.005)
(0.32675 0.02666666667 0.005)
(0.329 0.02666666667 0.005)
(0.33125 0.02666666667 0.005)
(0.3335 0.02666666667 0.005)
(0.33575 0.02666666667 0.005)
(0.338 0.02666666667 0.005)
(0.34025 0.02666666667 0.005)
(0.3425 0.02666666667 0.005)
(0.34475 0.02666666667 0.005)
(0.347 0.02666666667 0.005)
(0.34925 0.02666666667 0.005)
(0.3515 0.02666666667 0.005)
(0.35375 0.02666666667 0.005)
(0.356 0.02666666667 0.005)
(0.35825 0.02666666667 0.005)
(0.3605 0.02666666667 0.005)
(0.36275 0.02666666667 0.005)
(0.365 0.02666666667 0.005)
(0.36725 0.02666666667 0.005)
(0.3695 0.02666666667 0.005)
(0.37175 0.02666666667 0.005)
(0.374 0.02666666667 0.005)
(0.37625 0.02666666667 0.005)
(0.3785 0.02666666667 0.005)
(0.38075 0.02666666667 0.005)
(0.383 0.02666666667 0.005)
(0.38525 0.02666666667 0.005)
(0.3875 0.02666666667 0.005)
(0.38975 0.02666666667 0.005)
(0.392 0.02666666667 0.005)
(0.39425 0.02666666667 0.005)
(0.3965 0.02666666667 0.005)
(0.39875 0.02666666667 0.005)
(0.401 0.02666666667 0.005)
(0.40325 0.02666666667 0.005)
(0.4055 0.02666666667 0.005)
(0.40775 0.02666666667 0.005)
(0.41 0.02666666667 0.005)
(0.41225 0.02666666667 0.005)
(0.4145 0.02666666667 0.005)
(0.41675 0.02666666667 0.005)
(0.419 0.02666666667 0.005)
(0.42125 0.02666666667 0.005)
(0.4235 0.02666666667 0.005)
(0.42575 0.02666666667 0.005)
(0.428 0.02666666667 0.005)
(0.43025 0.02666666667 0.005)
(0.4325 0.02666666667 0.005)
(0.43475 0.02666666667 0.005)
(0.437 0.02666666667 0.005)
(0.43925 0.02666666667 0.005)
(0.4415 0.02666666667 0.005)
(0.44375 0.02666666667 0.005)
(0.446 0.02666666667 0.005)
(0.44825 0.02666666667 0.005)
(0.4505 0.02666666667 0.005)
(0.45275 0.02666666667 0.005)
(0.455 0.02666666667 0.005)
(0.45725 0.02666666667 0.005)
(0.4595 0.02666666667 0.005)
(0.46175 0.02666666667 0.005)
(0.464 0.02666666667 0.005)
(0.46625 0.02666666667 0.005)
(0.4685 0.02666666667 0.005)
(0.47075 0.02666666667 0.005)
(0.473 0.02666666667 0.005)
(0.47525 0.02666666667 0.005)
(0.4775 0.02666666667 0.005)
(0.47975 0.02666666667 0.005)
(0.482 0.02666666667 0.005)
(0.48425 0.02666666667 0.005)
(0.4865 0.02666666667 0.005)
(0.48875 0.02666666667 0.005)
(0.491 0.02666666667 0.005)
(0.49325 0.02666666667 0.005)
(0.4955 0.02666666667 0.005)
(0.49775 0.02666666667 0.005)
(0.5 0.02666666667 0.005)
(0.05225 0.02666666667 -0.005)
(0.0545 0.02666666667 -0.005)
(0.05675 0.02666666667 -0.005)
(0.059 0.02666666667 -0.005)
(0.06125 0.02666666667 -0.005)
(0.0635 0.02666666667 -0.005)
(0.06575 0.02666666667 -0.005)
(0.068 0.02666666667 -0.005)
(0.07025 0.02666666667 -0.005)
(0.0725 0.02666666667 -0.005)
(0.07475 0.02666666667 -0.005)
(0.077 0.02666666667 -0.005)
(0.07925 0.02666666667 -0.005)
(0.0815 0.02666666667 -0.005)
(0.08375 0.02666666667 -0.005)
(0.086 0.02666666667 -0.005)
(0.08825 0.02666666667 -0.005)
(0.0905 0.02666666667 -0.005)
(0.09275 0.02666666667 -0.005)
(0.095 0.02666666667 -0.005)
(0.09725 0.02666666667 -0.005)
(0.0995 0.02666666667 -0.005)
(0.10175 0.02666666667 -0.005)
(0.104 0.02666666667 -0.005)
(0.10625 0.02666666667 -0.005)
(0.1085 0.02666666667 -0.005)
(0.11075 0.02666666667 -0.005)
(0.113 0.02666666667 -0.005)
(0.11525 0.02666666667 -0.005)
(0.1175 0.02666666667 -0.005)
(0.11975 0.02666666667 -0.005)
(0.122 0.02666666667 -0.005)
(0.12425 0.02666666667 -0.005)
(0.1265 0.02666666667 -0.005)
(0.12875 0.02666666667 -0.005)
(0.131 0.02666666667 -0.005)
(0.13325 0.02666666667 -0.005)
(0.1355 0.02666666667 -0.005)
(0.13775 0.02666666667 -0.005)
(0.14 0.02666666667 -0.005)
(0.14225 0.02666666667 -0.005)
(0.1445 0.02666666667 -0.005)
(0.14675 0.02666666667 -0.005)
(0.149 0.02666666667 -0.005)
(0.15125 0.02666666667 -0.005)
(0.1535 0.02666666667 -0.005)
(0.15575 0.02666666667 -0.005)
(0.158 0.02666666667 -0.005)
(0.16025 0.02666666667 -0.005)
(0.1625 0.02666666667 -0.005)
(0.16475 0.02666666667 -0.005)
(0.167 0.02666666667 -0.005)
(0.16925 0.02666666667 -0.005)
(0.1715 0.02666666667 -0.005)
(0.17375 0.02666666667 -0.005)
(0.176 0.02666666667 -0.005)
(0.17825 0.02666666667 -0.005)
(0.1805 0.02666666667 -0.005)
(0.18275 0.02666666667 -0.005)
(0.185 0.02666666667 -0.005)
(0.18725 0.02666666667 -0.005)
(0.1895 0.02666666667 -0.005)
(0.19175 0.02666666667 -0.005)
(0.194 0.02666666667 -0.005)
(0.19625 0.02666666667 -0.005)
(0.1985 0.02666666667 -0.005)
(0.20075 0.02666666667 -0.005)
(0.203 0.02666666667 -0.005)
(0.20525 0.02666666667 -0.005)
(0.2075 0.02666666667 -0.005)
(0.20975 0.02666666667 -0.005)
(0.212 0.02666666667 -0.005)
(0.21425 0.02666666667 -0.005)
(0.2165 0.02666666667 -0.005)
(0.21875 0.02666666667 -0.005)
(0.221 0.02666666667 -0.005)
(0.22325 0.02666666667 -0.005)
(0.2255 0.02666666667 -0.005)
(0.22775 0.02666666667 -0.005)
(0.23 0.02666666667 -0.005)
(0.23225 0.02666666667 -0.005)
(0.2345 0.02666666667 -0.005)
(0.23675 0.02666666667 -0.005)
(0.239 0.02666666667 -0.005)
(0.24125 0.02666666667 -0.005)
(0.2435 0.02666666667 -0.005)
(0.24575 0.02666666667 -0.005)
(0.248 0.02666666667 -0.005)
(0.25025 0.02666666667 -0.005)
(0.2525 0.02666666667 -0.005)
(0.25475 0.02666666667 -0.005)
(0.257 0.02666666667 -0.005)
(0.25925 0.02666666667 -0.005)
(0.2615 0.02666666667 -0.005)
(0.26375 0.02666666667 -0.005)
(0.266 0.02666666667 -0.005)
(0.26825 0.02666666667 -0.005)
(0.2705 0.02666666667 -0.005)
(0.27275 0.02666666667 -0.005)
(0.275 0.02666666667 -0.005)
(0.27725 0.02666666667 -0.005)
(0.2795 0.02666666667 -0.005)
(0.28175 0.02666666667 -0.005)
(0.284 0.02666666667 -0.005)
(0.28625 0.02666666667 -0.005)
(0.2885 0.02666666667 -0.005)
(0.29075 0.02666666667 -0.005)
(0.293 0.02666666667 -0.005)
(0.29525 0.02666666667 -0.005)
(0.2975 0.02666666667 -0.005)
(0.29975 0.02666666667 -0.005)
(0.302 0.02666666667 -0.005)
(0.30425 0.02666666667 -0.005)
(0.3065 0.02666666667 -0.005)
(0.30875 0.02666666667 -0.005)
(0.311 0.02666666667 -0.005)
(0.31325 0.02666666667 -0.005)
(0.3155 0.02666666667 -0.005)
(0.31775 0.02666666667 -0.005)
(0.32 0.02666666667 -0.005)
(0.32225 0.02666666667 -0.005)
(0.3245 0.02666666667 -0.005)
(0.32675 0.02666666667 -0.005)
(0.329 0.02666666667 -0.005)
(0.33125 0.02666666667 -0.005)
(0.3335 0.02666666667 -0.005)
(0.33575 0.02666666667 -0.005)
(0.338 0.02666666667 -0.005)
(0.34025 0.02666666667 -0.005)
(0.3425 0.02666666667 -0.005)
(0.34475 0.02666666667 -0.005)
(0.347 0.02666666667 -0.005)
(0.34925 0.02666666667 -0.005)
(0.3515 0.02666666667 -0.005)
(0.35375 0.02666666667 -0.005)
(0.356 0.02666666667 -0.005)
(0.35825 0.02666666667 -0.005)
(0.3605 0.02666666667 -0.005)
(0.36275 0.02666666667 -0.005)
(0.365 0.02666666667 -0.005)
(0.36725 0.02666666667 -0.005)
(0.3695 0.02666666667 -0.005)
(0.37175 0.02666666667 -0.005)
(0.374 0.02666666667 -0.005)
(0.37625 0.02666666667 -0.005)
(0.3785 0.02666666667 -0.005)
(0.38075 0.02666666667 -0.005)
(0.383 0.02666666667 -0.005)
(0.38525 0.02666666667 -0.005)
(0.3875 0.02666666667 -0.005)
(0.38975 0.02666666667 -0.005)
(0.392 0.02666666667 -0.005)
(0.39425 0.02666666667 -0.005)
(0.3965 0.02666666667 -0.005)
(0.39875 0.02666666667 -0.005)
(0.401 0.02666666667 -0.005)
(0.40325 0.02666666667 -0.005)
(0.4055 0.02666666667 -0.005)
(0.40775 0.02666666667 -0.005)
(0.41 0.02666666667 -0.005)
(0.41225 0.02666666667 -0.005)
(0.4145 0.02666666667 -0.005)
(0.41675 0.02666666667 -0.005)
(0.419 0.02666666667 -0.005)
(0.42125 0.02666666667 -0.005)
(0.4235 0.02666666667 -0.005)
(0.42575 0.02666666667 -0.005)
(0.428 0.02666666667 -0.005)
(0.43025 0.02666666667 -0.005)
(0.4325 0.02666666667 -0.005)
(0.43475 0.02666666667 -0.005)
(0.437 0.02666666667 -0.005)
(0.43925 0.02666666667 -0.005)
(0.4415 0.02666666667 -0.005)
(0.44375 0.02666666667 -0.005)
(0.446 0.02666666667 -0.005)
(0.44825 0.02666666667 -0.005)
(0.4505 0.02666666667 -0.005)
(0.45275 0.02666666667 -0.005)
(0.455 0.02666666667 -0.005)
(0.45725 0.02666666667 -0.005)
(0.4595 0.02666666667 -0.005)
(0.46175 0.02666666667 -0.005)
(0.464 0.02666666667 -0.005)
(0.46625 0.02666666667 -0.005)
(0.4685 0.02666666667 -0.005)
(0.47075 0.02666666667 -0.005)
(0.473 0.02666666667 -0.005)
(0.47525 0.02666666667 -0.005)
(0.4775 0.02666666667 -0.005)
(0.47975 0.02666666667 -0.005)
(0.482 0.02666666667 -0.005)
(0.48425 0.02666666667 -0.005)
(0.4865 0.02666666667 -0.005)
(0.48875 0.02666666667 -0.005)
(0.491 0.02666666667 -0.005)
(0.49325 0.02666666667 -0.005)
(0.4955 0.02666666667 -0.005)
(0.49775 0.02666666667 -0.005)
(0.5 0.02666666667 -0.005)
(0.05225 0.03 0.005)
(0.0545 0.03 0.005)
(0.05675 0.03 0.005)
(0.059 0.03 0.005)
(0.06125 0.03 0.005)
(0.0635 0.03 0.005)
(0.06575 0.03 0.005)
(0.068 0.03 0.005)
(0.07025 0.03 0.005)
(0.0725 0.03 0.005)
(0.07475 0.03 0.005)
(0.077 0.03 0.005)
(0.07925 0.03 0.005)
(0.0815 0.03 0.005)
(0.08375 0.03 0.005)
(0.086 0.03 0.005)
(0.08825 0.03 0.005)
(0.0905 0.03 0.005)
(0.09275 0.03 0.005)
(0.095 0.03 0.005)
(0.09725 0.03 0.005)
(0.0995 0.03 0.005)
(0.10175 0.03 0.005)
(0.104 0.03 0.005)
(0.10625 0.03 0.005)
(0.1085 0.03 0.005)
(0.11075 0.03 0.005)
(0.113 0.03 0.005)
(0.11525 0.03 0.005)
(0.1175 0.03 0.005)
(0.11975 0.03 0.005)
(0.122 0.03 0.005)
(0.12425 0.03 0.005)
(0.1265 0.03 0.005)
(0.12875 0.03 0.005)
(0.131 0.03 0.005)
(0.13325 0.03 0.005)
(0.1355 0.03 0.005)
(0.13775 0.03 0.005)
(0.14 0.03 0.005)
(0.14225 0.03 0.005)
(0.1445 0.03 0.005)
(0.14675 0.03 0.005)
(0.149 0.03 0.005)
(0.15125 0.03 0.005)
(0.1535 0.03 0.005)
(0.15575 0.03 0.005)
(0.158 0.03 0.005)
(0.16025 0.03 0.005)
(0.1625 0.03 0.005)
(0.16475 0.03 0.005)
(0.167 0.03 0.005)
(0.16925 0.03 0.005)
(0.1715 0.03 0.005)
(0.17375 0.03 0.005)
(0.176 0.03 0.005)
(0.17825 0.03 0.005)
(0.1805 0.03 0.005)
(0.18275 0.03 0.005)
(0.185 0.03 0.005)
(0.18725 0.03 0.005)
(0.1895 0.03 0.005)
(0.19175 0.03 0.005)
(0.194 0.03 0.005)
(0.19625 0.03 0.005)
(0.1985 0.03 0.005)
(0.20075 0.03 0.005)
(0.203 0.03 0.005)
(0.20525 0.03 0.005)
(0.2075 0.03 0.005)
(0.20975 0.03 0.005)
(0.212 0.03 0.005)
(0.21425 0.03 0.005)
(0.2165 0.03 0.005)
(0.21875 0.03 0.005)
(0.221 0.03 0.005)
(0.22325 0.03 0.005)
(0.2255 0.03 0.005)
(0.22775 0.03 0.005)
(0.23 0.03 0.005)
(0.23225 0.03 0.005)
(0.2345 0.03 0.005)
(0.23675 0.03 0.005)
(0.239 0.03 0.005)
(0.24125 0.03 0.005)
(0.2435 0.03 0.005)
(0.24575 0.03 0.005)
(0.248 0.03 0.005)
(0.25025 0.03 0.005)
(0.2525 0.03 0.005)
(0.25475 0.03 0.005)
(0.257 0.03 0.005)
(0.25925 0.03 0.005)
(0.2615 0.03 0.005)
(0.26375 0.03 0.005)
(0.266 0.03 0.005)
(0.26825 0.03 0.005)
(0.2705 0.03 0.005)
(0.27275 0.03 0.005)
(0.275 0.03 0.005)
(0.27725 0.03 0.005)
(0.2795 0.03 0.005)
(0.28175 0.03 0.005)
(0.284 0.03 0.005)
(0.28625 0.03 0.005)
(0.2885 0.03 0.005)
(0.29075 0.03 0.005)
(0.293 0.03 0.005)
(0.29525 0.03 0.005)
(0.2975 0.03 0.005)
(0.29975 0.03 0.005)
(0.302 0.03 0.005)
(0.30425 0.03 0.005)
(0.3065 0.03 0.005)
(0.30875 0.03 0.005)
(0.311 0.03 0.005)
(0.31325 0.03 0.005)
(0.3155 0.03 0.005)
(0.31775 0.03 0.005)
(0.32 0.03 0.005)
(0.32225 0.03 0.005)
(0.3245 0.03 0.005)
(0.32675 0.03 0.005)
(0.329 0.03 0.005)
(0.33125 0.03 0.005)
(0.3335 0.03 0.005)
(0.33575 0.03 0.005)
(0.338 0.03 0.005)
(0.34025 0.03 0.005)
(0.3425 0.03 0.005)
(0.34475 0.03 0.005)
(0.347 0.03 0.005)
(0.34925 0.03 0.005)
(0.3515 0.03 0.005)
(0.35375 0.03 0.005)
(0.356 0.03 0.005)
(0.35825 0.03 0.005)
(0.3605 0.03 0.005)
(0.36275 0.03 0.005)
(0.365 0.03 0.005)
(0.36725 0.03 0.005)
(0.3695 0.03 0.005)
(0.37175 0.03 0.005)
(0.374 0.03 0.005)
(0.37625 0.03 0.005)
(0.3785 0.03 0.005)
(0.38075 0.03 0.005)
(0.383 0.03 0.005)
(0.38525 0.03 0.005)
(0.3875 0.03 0.005)
(0.38975 0.03 0.005)
(0.392 0.03 0.005)
(0.39425 0.03 0.005)
(0.3965 0.03 0.005)
(0.39875 0.03 0.005)
(0.401 0.03 0.005)
(0.40325 0.03 0.005)
(0.4055 0.03 0.005)
(0.40775 0.03 0.005)
(0.41 0.03 0.005)
(0.41225 0.03 0.005)
(0.4145 0.03 0.005)
(0.41675 0.03 0.005)
(0.419 0.03 0.005)
(0.42125 0.03 0.005)
(0.4235 0.03 0.005)
(0.42575 0.03 0.005)
(0.428 0.03 0.005)
(0.43025 0.03 0.005)
(0.4325 0.03 0.005)
(0.43475 0.03 0.005)
(0.437 0.03 0.005)
(0.43925 0.03 0.005)
(0.4415 0.03 0.005)
(0.44375 0.03 0.005)
(0.446 0.03 0.005)
(0.44825 0.03 0.005)
(0.4505 0.03 0.005)
(0.45275 0.03 0.005)
(0.455 0.03 0.005)
(0.45725 0.03 0.005)
(0.4595 0.03 0.005)
(0.46175 0.03 0.005)
(0.464 0.03 0.005)
(0.46625 0.03 0.005)
(0.4685 0.03 0.005)
(0.47075 0.03 0.005)
(0.473 0.03 0.005)
(0.47525 0.03 0.005)
(0.4775 0.03 0.005)
(0.47975 0.03 0.005)
(0.482 0.03 0.005)
(0.48425 0.03 0.005)
(0.4865 0.03 0.005)
(0.48875 0.03 0.005)
(0.491 0.03 0.005)
(0.49325 0.03 0.005)
(0.4955 0.03 0.005)
(0.49775 0.03 0.005)
(0.5 0.03 0.005)
(0.05225 0.03 -0.005)
(0.0545 0.03 -0.005)
(0.05675 0.03 -0.005)
(0.059 0.03 -0.005)
(0.06125 0.03 -0.005)
(0.0635 0.03 -0.005)
(0.06575 0.03 -0.005)
(0.068 0.03 -0.005)
(0.07025 0.03 -0.005)
(0.0725 0.03 -0.005)
(0.07475 0.03 -0.005)
(0.077 0.03 -0.005)
(0.07925 0.03 -0.005)
(0.0815 0.03 -0.005)
(0.08375 0.03 -0.005)
(0.086 0.03 -0.005)
(0.08825 0.03 -0.005)
(0.0905 0.03 -0.005)
(0.09275 0.03 -0.005)
(0.095 0.03 -0.005)
(0.09725 0.03 -0.005)
(0.0995 0.03 -0.005)
(0.10175 0.03 -0.005)
(0.104 0.03 -0.005)
(0.10625 0.03 -0.005)
(0.1085 0.03 -0.005)
(0.11075 0.03 -0.005)
(0.113 0.03 -0.005)
(0.11525 0.03 -0.005)
(0.1175 0.03 -0.005)
(0.11975 0.03 -0.005)
(0.122 0.03 -0.005)
(0.12425 0.03 -0.005)
(0.1265 0.03 -0.005)
(0.12875 0.03 -0.005)
(0.131 0.03 -0.005)
(0.13325 0.03 -0.005)
(0.1355 0.03 -0.005)
(0.13775 0.03 -0.005)
(0.14 0.03 -0.005)
(0.14225 0.03 -0.005)
(0.1445 0.03 -0.005)
(0.14675 0.03 -0.005)
(0.149 0.03 -0.005)
(0.15125 0.03 -0.005)
(0.1535 0.03 -0.005)
(0.15575 0.03 -0.005)
(0.158 0.03 -0.005)
(0.16025 0.03 -0.005)
(0.1625 0.03 -0.005)
(0.16475 0.03 -0.005)
(0.167 0.03 -0.005)
(0.16925 0.03 -0.005)
(0.1715 0.03 -0.005)
(0.17375 0.03 -0.005)
(0.176 0.03 -0.005)
(0.17825 0.03 -0.005)
(0.1805 0.03 -0.005)
(0.18275 0.03 -0.005)
(0.185 0.03 -0.005)
(0.18725 0.03 -0.005)
(0.1895 0.03 -0.005)
(0.19175 0.03 -0.005)
(0.194 0.03 -0.005)
(0.19625 0.03 -0.005)
(0.1985 0.03 -0.005)
(0.20075 0.03 -0.005)
(0.203 0.03 -0.005)
(0.20525 0.03 -0.005)
(0.2075 0.03 -0.005)
(0.20975 0.03 -0.005)
(0.212 0.03 -0.005)
(0.21425 0.03 -0.005)
(0.2165 0.03 -0.005)
(0.21875 0.03 -0.005)
(0.221 0.03 -0.005)
(0.22325 0.03 -0.005)
(0.2255 0.03 -0.005)
(0.22775 0.03 -0.005)
(0.23 0.03 -0.005)
(0.23225 0.03 -0.005)
(0.2345 0.03 -0.005)
(0.23675 0.03 -0.005)
(0.239 0.03 -0.005)
(0.24125 0.03 -0.005)
(0.2435 0.03 -0.005)
(0.24575 0.03 -0.005)
(0.248 0.03 -0.005)
(0.25025 0.03 -0.005)
(0.2525 0.03 -0.005)
(0.25475 0.03 -0.005)
(0.257 0.03 -0.005)
(0.25925 0.03 -0.005)
(0.2615 0.03 -0.005)
(0.26375 0.03 -0.005)
(0.266 0.03 -0.005)
(0.26825 0.03 -0.005)
(0.2705 0.03 -0.005)
(0.27275 0.03 -0.005)
(0.275 0.03 -0.005)
(0.27725 0.03 -0.005)
(0.2795 0.03 -0.005)
(0.28175 0.03 -0.005)
(0.284 0.03 -0.005)
(0.28625 0.03 -0.005)
(0.2885 0.03 -0.005)
(0.29075 0.03 -0.005)
(0.293 0.03 -0.005)
(0.29525 0.03 -0.005)
(0.2975 0.03 -0.005)
(0.29975 0.03 -0.005)
(0.302 0.03 -0.005)
(0.30425 0.03 -0.005)
(0.3065 0.03 -0.005)
(0.30875 0.03 -0.005)
(0.311 0.03 -0.005)
(0.31325 0.03 -0.005)
(0.3155 0.03 -0.005)
(0.31775 0.03 -0.005)
(0.32 0.03 -0.005)
(0.32225 0.03 -0.005)
(0.3245 0.03 -0.005)
(0.32675 0.03 -0.005)
(0.329 0.03 -0.005)
(0.33125 0.03 -0.005)
(0.3335 0.03 -0.005)
(0.33575 0.03 -0.005)
(0.338 0.03 -0.005)
(0.34025 0.03 -0.005)
(0.3425 0.03 -0.005)
(0.34475 0.03 -0.005)
(0.347 0.03 -0.005)
(0.34925 0.03 -0.005)
(0.3515 0.03 -0.005)
(0.35375 0.03 -0.005)
(0.356 0.03 -0.005)
(0.35825 0.03 -0.005)
(0.3605 0.03 -0.005)
(0.36275 0.03 -0.005)
(0.365 0.03 -0.005)
(0.36725 0.03 -0.005)
(0.3695 0.03 -0.005)
(0.37175 0.03 -0.005)
(0.374 0.03 -0.005)
(0.37625 0.03 -0.005)
(0.3785 0.03 -0.005)
(0.38075 0.03 -0.005)
(0.383 0.03 -0.005)
(0.38525 0.03 -0.005)
(0.3875 0.03 -0.005)
(0.38975 0.03 -0.005)
(0.392 0.03 -0.005)
(0.39425 0.03 -0.005)
(0.3965 0.03 -0.005)
(0.39875 0.03 -0.005)
(0.401 0.03 -0.005)
(0.40325 0.03 -0.005)
(0.4055 0.03 -0.005)
(0.40775 0.03 -0.005)
(0.41 0.03 -0.005)
(0.41225 0.03 -0.005)
(0.4145 0.03 -0.005)
(0.41675 0.03 -0.005)
(0.419 0.03 -0.005)
(0.42125 0.03 -0.005)
(0.4235 0.03 -0.005)
(0.42575 0.03 -0.005)
(0.428 0.03 -0.005)
(0.43025 0.03 -0.005)
(0.4325 0.03 -0.005)
(0.43475 0.03 -0.005)
(0.437 0.03 -0.005)
(0.43925 0.03 -0.005)
(0.4415 0.03 -0.005)
(0.44375 0.03 -0.005)
(0.446 0.03 -0.005)
(0.44825 0.03 -0.005)
(0.4505 0.03 -0.005)
(0.45275 0.03 -0.005)
(0.455 0.03 -0.005)
(0.45725 0.03 -0.005)
(0.4595 0.03 -0.005)
(0.46175 0.03 -0.005)
(0.464 0.03 -0.005)
(0.46625 0.03 -0.005)
(0.4685 0.03 -0.005)
(0.47075 0.03 -0.005)
(0.473 0.03 -0.005)
(0.47525 0.03 -0.005)
(0.4775 0.03 -0.005)
(0.47975 0.03 -0.005)
(0.482 0.03 -0.005)
(0.48425 0.03 -0.005)
(0.4865 0.03 -0.005)
(0.48875 0.03 -0.005)
(0.491 0.03 -0.005)
(0.49325 0.03 -0.005)
(0.4955 0.03 -0.005)
(0.49775 0.03 -0.005)
(0.5 0.03 -0.005)
(0.05225 0.03333333333 0.005)
(0.0545 0.03333333333 0.005)
(0.05675 0.03333333333 0.005)
(0.059 0.03333333333 0.005)
(0.06125 0.03333333333 0.005)
(0.0635 0.03333333333 0.005)
(0.06575 0.03333333333 0.005)
(0.068 0.03333333333 0.005)
(0.07025 0.03333333333 0.005)
(0.0725 0.03333333333 0.005)
(0.07475 0.03333333333 0.005)
(0.077 0.03333333333 0.005)
(0.07925 0.03333333333 0.005)
(0.0815 0.03333333333 0.005)
(0.08375 0.03333333333 0.005)
(0.086 0.03333333333 0.005)
(0.08825 0.03333333333 0.005)
(0.0905 0.03333333333 0.005)
(0.09275 0.03333333333 0.005)
(0.095 0.03333333333 0.005)
(0.09725 0.03333333333 0.005)
(0.0995 0.03333333333 0.005)
(0.10175 0.03333333333 0.005)
(0.104 0.03333333333 0.005)
(0.10625 0.03333333333 0.005)
(0.1085 0.03333333333 0.005)
(0.11075 0.03333333333 0.005)
(0.113 0.03333333333 0.005)
(0.11525 0.03333333333 0.005)
(0.1175 0.03333333333 0.005)
(0.11975 0.03333333333 0.005)
(0.122 0.03333333333 0.005)
(0.12425 0.03333333333 0.005)
(0.1265 0.03333333333 0.005)
(0.12875 0.03333333333 0.005)
(0.131 0.03333333333 0.005)
(0.13325 0.03333333333 0.005)
(0.1355 0.03333333333 0.005)
(0.13775 0.03333333333 0.005)
(0.14 0.03333333333 0.005)
(0.14225 0.03333333333 0.005)
(0.1445 0.03333333333 0.005)
(0.14675 0.03333333333 0.005)
(0.149 0.03333333333 0.005)
(0.15125 0.03333333333 0.005)
(0.1535 0.03333333333 0.005)
(0.15575 0.03333333333 0.005)
(0.158 0.03333333333 0.005)
(0.16025 0.03333333333 0.005)
(0.1625 0.03333333333 0.005)
(0.16475 0.03333333333 0.005)
(0.167 0.03333333333 0.005)
(0.16925 0.03333333333 0.005)
(0.1715 0.03333333333 0.005)
(0.17375 0.03333333333 0.005)
(0.176 0.03333333333 0.005)
(0.17825 0.03333333333 0.005)
(0.1805 0.03333333333 0.005)
(0.18275 0.03333333333 0.005)
(0.185 0.03333333333 0.005)
(0.18725 0.03333333333 0.005)
(0.1895 0.03333333333 0.005)
(0.19175 0.03333333333 0.005)
(0.194 0.03333333333 0.005)
(0.19625 0.03333333333 0.005)
(0.1985 0.03333333333 0.005)
(0.20075 0.03333333333 0.005)
(0.203 0.03333333333 0.005)
(0.20525 0.03333333333 0.005)
(0.2075 0.03333333333 0.005)
(0.20975 0.03333333333 0.005)
(0.212 0.03333333333 0.005)
(0.21425 0.03333333333 0.005)
(0.2165 0.03333333333 0.005)
(0.21875 0.03333333333 0.005)
(0.221 0.03333333333 0.005)
(0.22325 0.03333333333 0.005)
(0.2255 0.03333333333 0.005)
(0.22775 0.03333333333 0.005)
(0.23 0.03333333333 0.005)
(0.23225 0.03333333333 0.005)
(0.2345 0.03333333333 0.005)
(0.23675 0.03333333333 0.005)
(0.239 0.03333333333 0.005)
(0.24125 0.03333333333 0.005)
(0.2435 0.03333333333 0.005)
(0.24575 0.03333333333 0.005)
(0.248 0.03333333333 0.005)
(0.25025 0.03333333333 0.005)
(0.2525 0.03333333333 0.005)
(0.25475 0.03333333333 0.005)
(0.257 0.03333333333 0.005)
(0.25925 0.03333333333 0.005)
(0.2615 0.03333333333 0.005)
(0.26375 0.03333333333 0.005)
(0.266 0.03333333333 0.005)
(0.26825 0.03333333333 0.005)
(0.2705 0.03333333333 0.005)
(0.27275 0.03333333333 0.005)
(0.275 0.03333333333 0.005)
(0.27725 0.03333333333 0.005)
(0.2795 0.03333333333 0.005)
(0.28175 0.03333333333 0.005)
(0.284 0.03333333333 0.005)
(0.28625 0.03333333333 0.005)
(0.2885 0.03333333333 0.005)
(0.29075 0.03333333333 0.005)
(0.293 0.03333333333 0.005)
(0.29525 0.03333333333 0.005)
(0.2975 0.03333333333 0.005)
(0.29975 0.03333333333 0.005)
(0.302 0.03333333333 0.005)
(0.30425 0.03333333333 0.005)
(0.3065 0.03333333333 0.005)
(0.30875 0.03333333333 0.005)
(0.311 0.03333333333 0.005)
(0.31325 0.03333333333 0.005)
(0.3155 0.03333333333 0.005)
(0.31775 0.03333333333 0.005)
(0.32 0.03333333333 0.005)
(0.32225 0.03333333333 0.005)
(0.3245 0.03333333333 0.005)
(0.32675 0.03333333333 0.005)
(0.329 0.03333333333 0.005)
(0.33125 0.03333333333 0.005)
(0.3335 0.03333333333 0.005)
(0.33575 0.03333333333 0.005)
(0.338 0.03333333333 0.005)
(0.34025 0.03333333333 0.005)
(0.3425 0.03333333333 0.005)
(0.34475 0.03333333333 0.005)
(0.347 0.03333333333 0.005)
(0.34925 0.03333333333 0.005)
(0.3515 0.03333333333 0.005)
(0.35375 0.03333333333 0.005)
(0.356 0.03333333333 0.005)
(0.35825 0.03333333333 0.005)
(0.3605 0.03333333333 0.005)
(0.36275 0.03333333333 0.005)
(0.365 0.03333333333 0.005)
(0.36725 0.03333333333 0.005)
(0.3695 0.03333333333 0.005)
(0.37175 0.03333333333 0.005)
(0.374 0.03333333333 0.005)
(0.37625 0.03333333333 0.005)
(0.3785 0.03333333333 0.005)
(0.38075 0.03333333333 0.005)
(0.383 0.03333333333 0.005)
(0.38525 0.03333333333 0.005)
(0.3875 0.03333333333 0.005)
(0.38975 0.03333333333 0.005)
(0.392 0.03333333333 0.005)
(0.39425 0.03333333333 0.005)
(0.3965 0.03333333333 0.005)
(0.39875 0.03333333333 0.005)
(0.401 0.03333333333 0.005)
(0.40325 0.03333333333 0.005)
(0.4055 0.03333333333 0.005)
(0.40775 0.03333333333 0.005)
(0.41 0.03333333333 0.005)
(0.41225 0.03333333333 0.005)
(0.4145 0.03333333333 0.005)
(0.41675 0.03333333333 0.005)
(0.419 0.03333333333 0.005)
(0.42125 0.03333333333 0.005)
(0.4235 0.03333333333 0.005)
(0.42575 0.03333333333 0.005)
(0.428 0.03333333333 0.005)
(0.43025 0.03333333333 0.005)
(0.4325 0.03333333333 0.005)
(0.43475 0.03333333333 0.005)
(0.437 0.03333333333 0.005)
(0.43925 0.03333333333 0.005)
(0.4415 0.03333333333 0.005)
(0.44375 0.03333333333 0.005)
(0.446 0.03333333333 0.005)
(0.44825 0.03333333333 0.005)
(0.4505 0.03333333333 0.005)
(0.45275 0.03333333333 0.005)
(0.455 0.03333333333 0.005)
(0.45725 0.03333333333 0.005)
(0.4595 0.03333333333 0.005)
(0.46175 0.03333333333 0.005)
(0.464 0.03333333333 0.005)
(0.46625 0.03333333333 0.005)
(0.4685 0.03333333333 0.005)
(0.47075 0.03333333333 0.005)
(0.473 0.03333333333 0.005)
(0.47525 0.03333333333 0.005)
(0.4775 0.03333333333 0.005)
(0.47975 0.03333333333 0.005)
(0.482 0.03333333333 0.005)
(0.48425 0.03333333333 0.005)
(0.4865 0.03333333333 0.005)
(0.48875 0.03333333333 0.005)
(0.491 0.03333333333 0.005)
(0.49325 0.03333333333 0.005)
(0.4955 0.03333333333 0.005)
(0.49775 0.03333333333 0.005)
(0.5 0.03333333333 0.005)
(0.05225 0.03333333333 -0.005)
(0.0545 0.03333333333 -0.005)
(0.05675 0.03333333333 -0.005)
(0.059 0.03333333333 -0.005)
(0.06125 0.03333333333 -0.005)
(0.0635 0.03333333333 -0.005)
(0.06575 0.03333333333 -0.005)
(0.068 0.03333333333 -0.005)
(0.07025 0.03333333333 -0.005)
(0.0725 0.03333333333 -0.005)
(0.07475 0.03333333333 -0.005)
(0.077 0.03333333333 -0.005)
(0.07925 0.03333333333 -0.005)
(0.0815 0.03333333333 -0.005)
(0.08375 0.03333333333 -0.005)
(0.086 0.03333333333 -0.005)
(0.08825 0.03333333333 -0.005)
(0.0905 0.03333333333 -0.005)
(0.09275 0.03333333333 -0.005)
(0.095 0.03333333333 -0.005)
(0.09725 0.03333333333 -0.005)
(0.0995 0.03333333333 -0.005)
(0.10175 0.03333333333 -0.005)
(0.104 0.03333333333 -0.005)
(0.10625 0.03333333333 -0.005)
(0.1085 0.03333333333 -0.005)
(0.11075 0.03333333333 -0.005)
(0.113 0.03333333333 -0.005)
(0.11525 0.03333333333 -0.005)
(0.1175 0.03333333333 -0.005)
(0.11975 0.03333333333 -0.005)
(0.122 0.03333333333 -0.005)
(0.12425 0.03333333333 -0.005)
(0.1265 0.03333333333 -0.005)
(0.12875 0.03333333333 -0.005)
(0.131 0.03333333333 -0.005)
(0.13325 0.03333333333 -0.005)
(0.1355 0.03333333333 -0.005)
(0.13775 0.03333333333 -0.005)
(0.14 0.03333333333 -0.005)
(0.14225 0.03333333333 -0.005)
(0.1445 0.03333333333 -0.005)
(0.14675 0.03333333333 -0.005)
(0.149 0.03333333333 -0.005)
(0.15125 0.03333333333 -0.005)
(0.1535 0.03333333333 -0.005)
(0.15575 0.03333333333 -0.005)
(0.158 0.03333333333 -0.005)
(0.16025 0.03333333333 -0.005)
(0.1625 0.03333333333 -0.005)
(0.16475 0.03333333333 -0.005)
(0.167 0.03333333333 -0.005)
(0.16925 0.03333333333 -0.005)
(0.1715 0.03333333333 -0.005)
(0.17375 0.03333333333 -0.005)
(0.176 0.03333333333 -0.005)
(0.17825 0.03333333333 -0.005)
(0.1805 0.03333333333 -0.005)
(0.18275 0.03333333333 -0.005)
(0.185 0.03333333333 -0.005)
(0.18725 0.03333333333 -0.005)
(0.1895 0.03333333333 -0.005)
(0.19175 0.03333333333 -0.005)
(0.194 0.03333333333 -0.005)
(0.19625 0.03333333333 -0.005)
(0.1985 0.03333333333 -0.005)
(0.20075 0.03333333333 -0.005)
(0.203 0.03333333333 -0.005)
(0.20525 0.03333333333 -0.005)
(0.2075 0.03333333333 -0.005)
(0.20975 0.03333333333 -0.005)
(0.212 0.03333333333 -0.005)
(0.21425 0.03333333333 -0.005)
(0.2165 0.03333333333 -0.005)
(0.21875 0.03333333333 -0.005)
(0.221 0.03333333333 -0.005)
(0.22325 0.03333333333 -0.005)
(0.2255 0.03333333333 -0.005)
(0.22775 0.03333333333 -0.005)
(0.23 0.03333333333 -0.005)
(0.23225 0.03333333333 -0.005)
(0.2345 0.03333333333 -0.005)
(0.23675 0.03333333333 -0.005)
(0.239 0.03333333333 -0.005)
(0.24125 0.03333333333 -0.005)
(0.2435 0.03333333333 -0.005)
(0.24575 0.03333333333 -0.005)
(0.248 0.03333333333 -0.005)
(0.25025 0.03333333333 -0.005)
(0.2525 0.03333333333 -0.005)
(0.25475 0.03333333333 -0.005)
(0.257 0.03333333333 -0.005)
(0.25925 0.03333333333 -0.005)
(0.2615 0.03333333333 -0.005)
(0.26375 0.03333333333 -0.005)
(0.266 0.03333333333 -0.005)
(0.26825 0.03333333333 -0.005)
(0.2705 0.03333333333 -0.005)
(0.27275 0.03333333333 -0.005)
(0.275 0.03333333333 -0.005)
(0.27725 0.03333333333 -0.005)
(0.2795 0.03333333333 -0.005)
(0.28175 0.03333333333 -0.005)
(0.284 0.03333333333 -0.005)
(0.28625 0.03333333333 -0.005)
(0.2885 0.03333333333 -0.005)
(0.29075 0.03333333333 -0.005)
(0.293 0.03333333333 -0.005)
(0.29525 0.03333333333 -0.005)
(0.2975 0.03333333333 -0.005)
(0.29975 0.03333333333 -0.005)
(0.302 0.03333333333 -0.005)
(0.30425 0.03333333333 -0.005)
(0.3065 0.03333333333 -0.005)
(0.30875 0.03333333333 -0.005)
(0.311 0.03333333333 -0.005)
(0.31325 0.03333333333 -0.005)
(0.3155 0.03333333333 -0.005)
(0.31775 0.03333333333 -0.005)
(0.32 0.03333333333 -0.005)
(0.32225 0.03333333333 -0.005)
(0.3245 0.03333333333 -0.005)
(0.32675 0.03333333333 -0.005)
(0.329 0.03333333333 -0.005)
(0.33125 0.03333333333 -0.005)
(0.3335 0.03333333333 -0.005)
(0.33575 0.03333333333 -0.005)
(0.338 0.03333333333 -0.005)
(0.34025 0.03333333333 -0.005)
(0.3425 0.03333333333 -0.005)
(0.34475 0.03333333333 -0.005)
(0.347 0.03333333333 -0.005)
(0.34925 0.03333333333 -0.005)
(0.3515 0.03333333333 -0.005)
(0.35375 0.03333333333 -0.005)
(0.356 0.03333333333 -0.005)
(0.35825 0.03333333333 -0.005)
(0.3605 0.03333333333 -0.005)
(0.36275 0.03333333333 -0.005)
(0.365 0.03333333333 -0.005)
(0.36725 0.03333333333 -0.005)
(0.3695 0.03333333333 -0.005)
(0.37175 0.03333333333 -0.005)
(0.374 0.03333333333 -0.005)
(0.37625 0.03333333333 -0.005)
(0.3785 0.03333333333 -0.005)
(0.38075 0.03333333333 -0.005)
(0.383 0.03333333333 -0.005)
(0.38525 0.03333333333 -0.005)
(0.3875 0.03333333333 -0.005)
(0.38975 0.03333333333 -0.005)
(0.392 0.03333333333 -0.005)
(0.39425 0.03333333333 -0.005)
(0.3965 0.03333333333 -0.005)
(0.39875 0.03333333333 -0.005)
(0.401 0.03333333333 -0.005)
(0.40325 0.03333333333 -0.005)
(0.4055 0.03333333333 -0.005)
(0.40775 0.03333333333 -0.005)
(0.41 0.03333333333 -0.005)
(0.41225 0.03333333333 -0.005)
(0.4145 0.03333333333 -0.005)
(0.41675 0.03333333333 -0.005)
(0.419 0.03333333333 -0.005)
(0.42125 0.03333333333 -0.005)
(0.4235 0.03333333333 -0.005)
(0.42575 0.03333333333 -0.005)
(0.428 0.03333333333 -0.005)
(0.43025 0.03333333333 -0.005)
(0.4325 0.03333333333 -0.005)
(0.43475 0.03333333333 -0.005)
(0.437 0.03333333333 -0.005)
(0.43925 0.03333333333 -0.005)
(0.4415 0.03333333333 -0.005)
(0.44375 0.03333333333 -0.005)
(0.446 0.03333333333 -0.005)
(0.44825 0.03333333333 -0.005)
(0.4505 0.03333333333 -0.005)
(0.45275 0.03333333333 -0.005)
(0.455 0.03333333333 -0.005)
(0.45725 0.03333333333 -0.005)
(0.4595 0.03333333333 -0.005)
(0.46175 0.03333333333 -0.005)
(0.464 0.03333333333 -0.005)
(0.46625 0.03333333333 -0.005)
(0.4685 0.03333333333 -0.005)
(0.47075 0.03333333333 -0.005)
(0.473 0.03333333333 -0.005)
(0.47525 0.03333333333 -0.005)
(0.4775 0.03333333333 -0.005)
(0.47975 0.03333333333 -0.005)
(0.482 0.03333333333 -0.005)
(0.48425 0.03333333333 -0.005)
(0.4865 0.03333333333 -0.005)
(0.48875 0.03333333333 -0.005)
(0.491 0.03333333333 -0.005)
(0.49325 0.03333333333 -0.005)
(0.4955 0.03333333333 -0.005)
(0.49775 0.03333333333 -0.005)
(0.5 0.03333333333 -0.005)
(0.05225 0.03666666667 0.005)
(0.0545 0.03666666667 0.005)
(0.05675 0.03666666667 0.005)
(0.059 0.03666666667 0.005)
(0.06125 0.03666666667 0.005)
(0.0635 0.03666666667 0.005)
(0.06575 0.03666666667 0.005)
(0.068 0.03666666667 0.005)
(0.07025 0.03666666667 0.005)
(0.0725 0.03666666667 0.005)
(0.07475 0.03666666667 0.005)
(0.077 0.03666666667 0.005)
(0.07925 0.03666666667 0.005)
(0.0815 0.03666666667 0.005)
(0.08375 0.03666666667 0.005)
(0.086 0.03666666667 0.005)
(0.08825 0.03666666667 0.005)
(0.0905 0.03666666667 0.005)
(0.09275 0.03666666667 0.005)
(0.095 0.03666666667 0.005)
(0.09725 0.03666666667 0.005)
(0.0995 0.03666666667 0.005)
(0.10175 0.03666666667 0.005)
(0.104 0.03666666667 0.005)
(0.10625 0.03666666667 0.005)
(0.1085 0.03666666667 0.005)
(0.11075 0.03666666667 0.005)
(0.113 0.03666666667 0.005)
(0.11525 0.03666666667 0.005)
(0.1175 0.03666666667 0.005)
(0.11975 0.03666666667 0.005)
(0.122 0.03666666667 0.005)
(0.12425 0.03666666667 0.005)
(0.1265 0.03666666667 0.005)
(0.12875 0.03666666667 0.005)
(0.131 0.03666666667 0.005)
(0.13325 0.03666666667 0.005)
(0.1355 0.03666666667 0.005)
(0.13775 0.03666666667 0.005)
(0.14 0.03666666667 0.005)
(0.14225 0.03666666667 0.005)
(0.1445 0.03666666667 0.005)
(0.14675 0.03666666667 0.005)
(0.149 0.03666666667 0.005)
(0.15125 0.03666666667 0.005)
(0.1535 0.03666666667 0.005)
(0.15575 0.03666666667 0.005)
(0.158 0.03666666667 0.005)
(0.16025 0.03666666667 0.005)
(0.1625 0.03666666667 0.005)
(0.16475 0.03666666667 0.005)
(0.167 0.03666666667 0.005)
(0.16925 0.03666666667 0.005)
(0.1715 0.03666666667 0.005)
(0.17375 0.03666666667 0.005)
(0.176 0.03666666667 0.005)
(0.17825 0.03666666667 0.005)
(0.1805 0.03666666667 0.005)
(0.18275 0.03666666667 0.005)
(0.185 0.03666666667 0.005)
(0.18725 0.03666666667 0.005)
(0.1895 0.03666666667 0.005)
(0.19175 0.03666666667 0.005)
(0.194 0.03666666667 0.005)
(0.19625 0.03666666667 0.005)
(0.1985 0.03666666667 0.005)
(0.20075 0.03666666667 0.005)
(0.203 0.03666666667 0.005)
(0.20525 0.03666666667 0.005)
(0.2075 0.03666666667 0.005)
(0.20975 0.03666666667 0.005)
(0.212 0.03666666667 0.005)
(0.21425 0.03666666667 0.005)
(0.2165 0.03666666667 0.005)
(0.21875 0.03666666667 0.005)
(0.221 0.03666666667 0.005)
(0.22325 0.03666666667 0.005)
(0.2255 0.03666666667 0.005)
(0.22775 0.03666666667 0.005)
(0.23 0.03666666667 0.005)
(0.23225 0.03666666667 0.005)
(0.2345 0.03666666667 0.005)
(0.23675 0.03666666667 0.005)
(0.239 0.03666666667 0.005)
(0.24125 0.03666666667 0.005)
(0.2435 0.03666666667 0.005)
(0.24575 0.03666666667 0.005)
(0.248 0.03666666667 0.005)
(0.25025 0.03666666667 0.005)
(0.2525 0.03666666667 0.005)
(0.25475 0.03666666667 0.005)
(0.257 0.03666666667 0.005)
(0.25925 0.03666666667 0.005)
(0.2615 0.03666666667 0.005)
(0.26375 0.03666666667 0.005)
(0.266 0.03666666667 0.005)
(0.26825 0.03666666667 0.005)
(0.2705 0.03666666667 0.005)
(0.27275 0.03666666667 0.005)
(0.275 0.03666666667 0.005)
(0.27725 0.03666666667 0.005)
(0.2795 0.03666666667 0.005)
(0.28175 0.03666666667 0.005)
(0.284 0.03666666667 0.005)
(0.28625 0.03666666667 0.005)
(0.2885 0.03666666667 0.005)
(0.29075 0.03666666667 0.005)
(0.293 0.03666666667 0.005)
(0.29525 0.03666666667 0.005)
(0.2975 0.03666666667 0.005)
(0.29975 0.03666666667 0.005)
(0.302 0.03666666667 0.005)
(0.30425 0.03666666667 0.005)
(0.3065 0.03666666667 0.005)
(0.30875 0.03666666667 0.005)
(0.311 0.03666666667 0.005)
(0.31325 0.03666666667 0.005)
(0.3155 0.03666666667 0.005)
(0.31775 0.03666666667 0.005)
(0.32 0.03666666667 0.005)
(0.32225 0.03666666667 0.005)
(0.3245 0.03666666667 0.005)
(0.32675 0.03666666667 0.005)
(0.329 0.03666666667 0.005)
(0.33125 0.03666666667 0.005)
(0.3335 0.03666666667 0.005)
(0.33575 0.03666666667 0.005)
(0.338 0.03666666667 0.005)
(0.34025 0.03666666667 0.005)
(0.3425 0.03666666667 0.005)
(0.34475 0.03666666667 0.005)
(0.347 0.03666666667 0.005)
(0.34925 0.03666666667 0.005)
(0.3515 0.03666666667 0.005)
(0.35375 0.03666666667 0.005)
(0.356 0.03666666667 0.005)
(0.35825 0.03666666667 0.005)
(0.3605 0.03666666667 0.005)
(0.36275 0.03666666667 0.005)
(0.365 0.03666666667 0.005)
(0.36725 0.03666666667 0.005)
(0.3695 0.03666666667 0.005)
(0.37175 0.03666666667 0.005)
(0.374 0.03666666667 0.005)
(0.37625 0.03666666667 0.005)
(0.3785 0.03666666667 0.005)
(0.38075 0.03666666667 0.005)
(0.383 0.03666666667 0.005)
(0.38525 0.03666666667 0.005)
(0.3875 0.03666666667 0.005)
(0.38975 0.03666666667 0.005)
(0.392 0.03666666667 0.005)
(0.39425 0.03666666667 0.005)
(0.3965 0.03666666667 0.005)
(0.39875 0.03666666667 0.005)
(0.401 0.03666666667 0.005)
(0.40325 0.03666666667 0.005)
(0.4055 0.03666666667 0.005)
(0.40775 0.03666666667 0.005)
(0.41 0.03666666667 0.005)
(0.41225 0.03666666667 0.005)
(0.4145 0.03666666667 0.005)
(0.41675 0.03666666667 0.005)
(0.419 0.03666666667 0.005)
(0.42125 0.03666666667 0.005)
(0.4235 0.03666666667 0.005)
(0.42575 0.03666666667 0.005)
(0.428 0.03666666667 0.005)
(0.43025 0.03666666667 0.005)
(0.4325 0.03666666667 0.005)
(0.43475 0.03666666667 0.005)
(0.437 0.03666666667 0.005)
(0.43925 0.03666666667 0.005)
(0.4415 0.03666666667 0.005)
(0.44375 0.03666666667 0.005)
(0.446 0.03666666667 0.005)
(0.44825 0.03666666667 0.005)
(0.4505 0.03666666667 0.005)
(0.45275 0.03666666667 0.005)
(0.455 0.03666666667 0.005)
(0.45725 0.03666666667 0.005)
(0.4595 0.03666666667 0.005)
(0.46175 0.03666666667 0.005)
(0.464 0.03666666667 0.005)
(0.46625 0.03666666667 0.005)
(0.4685 0.03666666667 0.005)
(0.47075 0.03666666667 0.005)
(0.473 0.03666666667 0.005)
(0.47525 0.03666666667 0.005)
(0.4775 0.03666666667 0.005)
(0.47975 0.03666666667 0.005)
(0.482 0.03666666667 0.005)
(0.48425 0.03666666667 0.005)
(0.4865 0.03666666667 0.005)
(0.48875 0.03666666667 0.005)
(0.491 0.03666666667 0.005)
(0.49325 0.03666666667 0.005)
(0.4955 0.03666666667 0.005)
(0.49775 0.03666666667 0.005)
(0.5 0.03666666667 0.005)
(0.05225 0.03666666667 -0.005)
(0.0545 0.03666666667 -0.005)
(0.05675 0.03666666667 -0.005)
(0.059 0.03666666667 -0.005)
(0.06125 0.03666666667 -0.005)
(0.0635 0.03666666667 -0.005)
(0.06575 0.03666666667 -0.005)
(0.068 0.03666666667 -0.005)
(0.07025 0.03666666667 -0.005)
(0.0725 0.03666666667 -0.005)
(0.07475 0.03666666667 -0.005)
(0.077 0.03666666667 -0.005)
(0.07925 0.03666666667 -0.005)
(0.0815 0.03666666667 -0.005)
(0.08375 0.03666666667 -0.005)
(0.086 0.03666666667 -0.005)
(0.08825 0.03666666667 -0.005)
(0.0905 0.03666666667 -0.005)
(0.09275 0.03666666667 -0.005)
(0.095 0.03666666667 -0.005)
(0.09725 0.03666666667 -0.005)
(0.0995 0.03666666667 -0.005)
(0.10175 0.03666666667 -0.005)
(0.104 0.03666666667 -0.005)
(0.10625 0.03666666667 -0.005)
(0.1085 0.03666666667 -0.005)
(0.11075 0.03666666667 -0.005)
(0.113 0.03666666667 -0.005)
(0.11525 0.03666666667 -0.005)
(0.1175 0.03666666667 -0.005)
(0.11975 0.03666666667 -0.005)
(0.122 0.03666666667 -0.005)
(0.12425 0.03666666667 -0.005)
(0.1265 0.03666666667 -0.005)
(0.12875 0.03666666667 -0.005)
(0.131 0.03666666667 -0.005)
(0.13325 0.03666666667 -0.005)
(0.1355 0.03666666667 -0.005)
(0.13775 0.03666666667 -0.005)
(0.14 0.03666666667 -0.005)
(0.14225 0.03666666667 -0.005)
(0.1445 0.03666666667 -0.005)
(0.14675 0.03666666667 -0.005)
(0.149 0.03666666667 -0.005)
(0.15125 0.03666666667 -0.005)
(0.1535 0.03666666667 -0.005)
(0.15575 0.03666666667 -0.005)
(0.158 0.03666666667 -0.005)
(0.16025 0.03666666667 -0.005)
(0.1625 0.03666666667 -0.005)
(0.16475 0.03666666667 -0.005)
(0.167 0.03666666667 -0.005)
(0.16925 0.03666666667 -0.005)
(0.1715 0.03666666667 -0.005)
(0.17375 0.03666666667 -0.005)
(0.176 0.03666666667 -0.005)
(0.17825 0.03666666667 -0.005)
(0.1805 0.03666666667 -0.005)
(0.18275 0.03666666667 -0.005)
(0.185 0.03666666667 -0.005)
(0.18725 0.03666666667 -0.005)
(0.1895 0.03666666667 -0.005)
(0.19175 0.03666666667 -0.005)
(0.194 0.03666666667 -0.005)
(0.19625 0.03666666667 -0.005)
(0.1985 0.03666666667 -0.005)
(0.20075 0.03666666667 -0.005)
(0.203 0.03666666667 -0.005)
(0.20525 0.03666666667 -0.005)
(0.2075 0.03666666667 -0.005)
(0.20975 0.03666666667 -0.005)
(0.212 0.03666666667 -0.005)
(0.21425 0.03666666667 -0.005)
(0.2165 0.03666666667 -0.005)
(0.21875 0.03666666667 -0.005)
(0.221 0.03666666667 -0.005)
(0.22325 0.03666666667 -0.005)
(0.2255 0.03666666667 -0.005)
(0.22775 0.03666666667 -0.005)
(0.23 0.03666666667 -0.005)
(0.23225 0.03666666667 -0.005)
(0.2345 0.03666666667 -0.005)
(0.23675 0.03666666667 -0.005)
(0.239 0.03666666667 -0.005)
(0.24125 0.03666666667 -0.005)
(0.2435 0.03666666667 -0.005)
(0.24575 0.03666666667 -0.005)
(0.248 0.03666666667 -0.005)
(0.25025 0.03666666667 -0.005)
(0.2525 0.03666666667 -0.005)
(0.25475 0.03666666667 -0.005)
(0.257 0.03666666667 -0.005)
(0.25925 0.03666666667 -0.005)
(0.2615 0.03666666667 -0.005)
(0.26375 0.03666666667 -0.005)
(0.266 0.03666666667 -0.005)
(0.26825 0.03666666667 -0.005)
(0.2705 0.03666666667 -0.005)
(0.27275 0.03666666667 -0.005)
(0.275 0.03666666667 -0.005)
(0.27725 0.03666666667 -0.005)
(0.2795 0.03666666667 -0.005)
(0.28175 0.03666666667 -0.005)
(0.284 0.03666666667 -0.005)
(0.28625 0.03666666667 -0.005)
(0.2885 0.03666666667 -0.005)
(0.29075 0.03666666667 -0.005)
(0.293 0.03666666667 -0.005)
(0.29525 0.03666666667 -0.005)
(0.2975 0.03666666667 -0.005)
(0.29975 0.03666666667 -0.005)
(0.302 0.03666666667 -0.005)
(0.30425 0.03666666667 -0.005)
(0.3065 0.03666666667 -0.005)
(0.30875 0.03666666667 -0.005)
(0.311 0.03666666667 -0.005)
(0.31325 0.03666666667 -0.005)
(0.3155 0.03666666667 -0.005)
(0.31775 0.03666666667 -0.005)
(0.32 0.03666666667 -0.005)
(0.32225 0.03666666667 -0.005)
(0.3245 0.03666666667 -0.005)
(0.32675 0.03666666667 -0.005)
(0.329 0.03666666667 -0.005)
(0.33125 0.03666666667 -0.005)
(0.3335 0.03666666667 -0.005)
(0.33575 0.03666666667 -0.005)
(0.338 0.03666666667 -0.005)
(0.34025 0.03666666667 -0.005)
(0.3425 0.03666666667 -0.005)
(0.34475 0.03666666667 -0.005)
(0.347 0.03666666667 -0.005)
(0.34925 0.03666666667 -0.005)
(0.3515 0.03666666667 -0.005)
(0.35375 0.03666666667 -0.005)
(0.356 0.03666666667 -0.005)
(0.35825 0.03666666667 -0.005)
(0.3605 0.03666666667 -0.005)
(0.36275 0.03666666667 -0.005)
(0.365 0.03666666667 -0.005)
(0.36725 0.03666666667 -0.005)
(0.3695 0.03666666667 -0.005)
(0.37175 0.03666666667 -0.005)
(0.374 0.03666666667 -0.005)
(0.37625 0.03666666667 -0.005)
(0.3785 0.03666666667 -0.005)
(0.38075 0.03666666667 -0.005)
(0.383 0.03666666667 -0.005)
(0.38525 0.03666666667 -0.005)
(0.3875 0.03666666667 -0.005)
(0.38975 0.03666666667 -0.005)
(0.392 0.03666666667 -0.005)
(0.39425 0.03666666667 -0.005)
(0.3965 0.03666666667 -0.005)
(0.39875 0.03666666667 -0.005)
(0.401 0.03666666667 -0.005)
(0.40325 0.03666666667 -0.005)
(0.4055 0.03666666667 -0.005)
(0.40775 0.03666666667 -0.005)
(0.41 0.03666666667 -0.005)
(0.41225 0.03666666667 -0.005)
(0.4145 0.03666666667 -0.005)
(0.41675 0.03666666667 -0.005)
(0.419 0.03666666667 -0.005)
(0.42125 0.03666666667 -0.005)
(0.4235 0.03666666667 -0.005)
(0.42575 0.03666666667 -0.005)
(0.428 0.03666666667 -0.005)
(0.43025 0.03666666667 -0.005)
(0.4325 0.03666666667 -0.005)
(0.43475 0.03666666667 -0.005)
(0.437 0.03666666667 -0.005)
(0.43925 0.03666666667 -0.005)
(0.4415 0.03666666667 -0.005)
(0.44375 0.03666666667 -0.005)
(0.446 0.03666666667 -0.005)
(0.44825 0.03666666667 -0.005)
(0.4505 0.03666666667 -0.005)
(0.45275 0.03666666667 -0.005)
(0.455 0.03666666667 -0.005)
(0.45725 0.03666666667 -0.005)
(0.4595 0.03666666667 -0.005)
(0.46175 0.03666666667 -0.005)
(0.464 0.03666666667 -0.005)
(0.46625 0.03666666667 -0.005)
(0.4685 0.03666666667 -0.005)
(0.47075 0.03666666667 -0.005)
(0.473 0.03666666667 -0.005)
(0.47525 0.03666666667 -0.005)
(0.4775 0.03666666667 -0.005)
(0.47975 0.03666666667 -0.005)
(0.482 0.03666666667 -0.005)
(0.48425 0.03666666667 -0.005)
(0.4865 0.03666666667 -0.005)
(0.48875 0.03666666667 -0.005)
(0.491 0.03666666667 -0.005)
(0.49325 0.03666666667 -0.005)
(0.4955 0.03666666667 -0.005)
(0.49775 0.03666666667 -0.005)
(0.5 0.03666666667 -0.005)
(0.05225 0.04 0.005)
(0.0545 0.04 0.005)
(0.05675 0.04 0.005)
(0.059 0.04 0.005)
(0.06125 0.04 0.005)
(0.0635 0.04 0.005)
(0.06575 0.04 0.005)
(0.068 0.04 0.005)
(0.07025 0.04 0.005)
(0.0725 0.04 0.005)
(0.07475 0.04 0.005)
(0.077 0.04 0.005)
(0.07925 0.04 0.005)
(0.0815 0.04 0.005)
(0.08375 0.04 0.005)
(0.086 0.04 0.005)
(0.08825 0.04 0.005)
(0.0905 0.04 0.005)
(0.09275 0.04 0.005)
(0.095 0.04 0.005)
(0.09725 0.04 0.005)
(0.0995 0.04 0.005)
(0.10175 0.04 0.005)
(0.104 0.04 0.005)
(0.10625 0.04 0.005)
(0.1085 0.04 0.005)
(0.11075 0.04 0.005)
(0.113 0.04 0.005)
(0.11525 0.04 0.005)
(0.1175 0.04 0.005)
(0.11975 0.04 0.005)
(0.122 0.04 0.005)
(0.12425 0.04 0.005)
(0.1265 0.04 0.005)
(0.12875 0.04 0.005)
(0.131 0.04 0.005)
(0.13325 0.04 0.005)
(0.1355 0.04 0.005)
(0.13775 0.04 0.005)
(0.14 0.04 0.005)
(0.14225 0.04 0.005)
(0.1445 0.04 0.005)
(0.14675 0.04 0.005)
(0.149 0.04 0.005)
(0.15125 0.04 0.005)
(0.1535 0.04 0.005)
(0.15575 0.04 0.005)
(0.158 0.04 0.005)
(0.16025 0.04 0.005)
(0.1625 0.04 0.005)
(0.16475 0.04 0.005)
(0.167 0.04 0.005)
(0.16925 0.04 0.005)
(0.1715 0.04 0.005)
(0.17375 0.04 0.005)
(0.176 0.04 0.005)
(0.17825 0.04 0.005)
(0.1805 0.04 0.005)
(0.18275 0.04 0.005)
(0.185 0.04 0.005)
(0.18725 0.04 0.005)
(0.1895 0.04 0.005)
(0.19175 0.04 0.005)
(0.194 0.04 0.005)
(0.19625 0.04 0.005)
(0.1985 0.04 0.005)
(0.20075 0.04 0.005)
(0.203 0.04 0.005)
(0.20525 0.04 0.005)
(0.2075 0.04 0.005)
(0.20975 0.04 0.005)
(0.212 0.04 0.005)
(0.21425 0.04 0.005)
(0.2165 0.04 0.005)
(0.21875 0.04 0.005)
(0.221 0.04 0.005)
(0.22325 0.04 0.005)
(0.2255 0.04 0.005)
(0.22775 0.04 0.005)
(0.23 0.04 0.005)
(0.23225 0.04 0.005)
(0.2345 0.04 0.005)
(0.23675 0.04 0.005)
(0.239 0.04 0.005)
(0.24125 0.04 0.005)
(0.2435 0.04 0.005)
(0.24575 0.04 0.005)
(0.248 0.04 0.005)
(0.25025 0.04 0.005)
(0.2525 0.04 0.005)
(0.25475 0.04 0.005)
(0.257 0.04 0.005)
(0.25925 0.04 0.005)
(0.2615 0.04 0.005)
(0.26375 0.04 0.005)
(0.266 0.04 0.005)
(0.26825 0.04 0.005)
(0.2705 0.04 0.005)
(0.27275 0.04 0.005)
(0.275 0.04 0.005)
(0.27725 0.04 0.005)
(0.2795 0.04 0.005)
(0.28175 0.04 0.005)
(0.284 0.04 0.005)
(0.28625 0.04 0.005)
(0.2885 0.04 0.005)
(0.29075 0.04 0.005)
(0.293 0.04 0.005)
(0.29525 0.04 0.005)
(0.2975 0.04 0.005)
(0.29975 0.04 0.005)
(0.302 0.04 0.005)
(0.30425 0.04 0.005)
(0.3065 0.04 0.005)
(0.30875 0.04 0.005)
(0.311 0.04 0.005)
(0.31325 0.04 0.005)
(0.3155 0.04 0.005)
(0.31775 0.04 0.005)
(0.32 0.04 0.005)
(0.32225 0.04 0.005)
(0.3245 0.04 0.005)
(0.32675 0.04 0.005)
(0.329 0.04 0.005)
(0.33125 0.04 0.005)
(0.3335 0.04 0.005)
(0.33575 0.04 0.005)
(0.338 0.04 0.005)
(0.34025 0.04 0.005)
(0.3425 0.04 0.005)
(0.34475 0.04 0.005)
(0.347 0.04 0.005)
(0.34925 0.04 0.005)
(0.3515 0.04 0.005)
(0.35375 0.04 0.005)
(0.356 0.04 0.005)
(0.35825 0.04 0.005)
(0.3605 0.04 0.005)
(0.36275 0.04 0.005)
(0.365 0.04 0.005)
(0.36725 0.04 0.005)
(0.3695 0.04 0.005)
(0.37175 0.04 0.005)
(0.374 0.04 0.005)
(0.37625 0.04 0.005)
(0.3785 0.04 0.005)
(0.38075 0.04 0.005)
(0.383 0.04 0.005)
(0.38525 0.04 0.005)
(0.3875 0.04 0.005)
(0.38975 0.04 0.005)
(0.392 0.04 0.005)
(0.39425 0.04 0.005)
(0.3965 0.04 0.005)
(0.39875 0.04 0.005)
(0.401 0.04 0.005)
(0.40325 0.04 0.005)
(0.4055 0.04 0.005)
(0.40775 0.04 0.005)
(0.41 0.04 0.005)
(0.41225 0.04 0.005)
(0.4145 0.04 0.005)
(0.41675 0.04 0.005)
(0.419 0.04 0.005)
(0.42125 0.04 0.005)
(0.4235 0.04 0.005)
(0.42575 0.04 0.005)
(0.428 0.04 0.005)
(0.43025 0.04 0.005)
(0.4325 0.04 0.005)
(0.43475 0.04 0.005)
(0.437 0.04 0.005)
(0.43925 0.04 0.005)
(0.4415 0.04 0.005)
(0.44375 0.04 0.005)
(0.446 0.04 0.005)
(0.44825 0.04 0.005)
(0.4505 0.04 0.005)
(0.45275 0.04 0.005)
(0.455 0.04 0.005)
(0.45725 0.04 0.005)
(0.4595 0.04 0.005)
(0.46175 0.04 0.005)
(0.464 0.04 0.005)
(0.46625 0.04 0.005)
(0.4685 0.04 0.005)
(0.47075 0.04 0.005)
(0.473 0.04 0.005)
(0.47525 0.04 0.005)
(0.4775 0.04 0.005)
(0.47975 0.04 0.005)
(0.482 0.04 0.005)
(0.48425 0.04 0.005)
(0.4865 0.04 0.005)
(0.48875 0.04 0.005)
(0.491 0.04 0.005)
(0.49325 0.04 0.005)
(0.4955 0.04 0.005)
(0.49775 0.04 0.005)
(0.5 0.04 0.005)
(0.05225 0.04 -0.005)
(0.0545 0.04 -0.005)
(0.05675 0.04 -0.005)
(0.059 0.04 -0.005)
(0.06125 0.04 -0.005)
(0.0635 0.04 -0.005)
(0.06575 0.04 -0.005)
(0.068 0.04 -0.005)
(0.07025 0.04 -0.005)
(0.0725 0.04 -0.005)
(0.07475 0.04 -0.005)
(0.077 0.04 -0.005)
(0.07925 0.04 -0.005)
(0.0815 0.04 -0.005)
(0.08375 0.04 -0.005)
(0.086 0.04 -0.005)
(0.08825 0.04 -0.005)
(0.0905 0.04 -0.005)
(0.09275 0.04 -0.005)
(0.095 0.04 -0.005)
(0.09725 0.04 -0.005)
(0.0995 0.04 -0.005)
(0.10175 0.04 -0.005)
(0.104 0.04 -0.005)
(0.10625 0.04 -0.005)
(0.1085 0.04 -0.005)
(0.11075 0.04 -0.005)
(0.113 0.04 -0.005)
(0.11525 0.04 -0.005)
(0.1175 0.04 -0.005)
(0.11975 0.04 -0.005)
(0.122 0.04 -0.005)
(0.12425 0.04 -0.005)
(0.1265 0.04 -0.005)
(0.12875 0.04 -0.005)
(0.131 0.04 -0.005)
(0.13325 0.04 -0.005)
(0.1355 0.04 -0.005)
(0.13775 0.04 -0.005)
(0.14 0.04 -0.005)
(0.14225 0.04 -0.005)
(0.1445 0.04 -0.005)
(0.14675 0.04 -0.005)
(0.149 0.04 -0.005)
(0.15125 0.04 -0.005)
(0.1535 0.04 -0.005)
(0.15575 0.04 -0.005)
(0.158 0.04 -0.005)
(0.16025 0.04 -0.005)
(0.1625 0.04 -0.005)
(0.16475 0.04 -0.005)
(0.167 0.04 -0.005)
(0.16925 0.04 -0.005)
(0.1715 0.04 -0.005)
(0.17375 0.04 -0.005)
(0.176 0.04 -0.005)
(0.17825 0.04 -0.005)
(0.1805 0.04 -0.005)
(0.18275 0.04 -0.005)
(0.185 0.04 -0.005)
(0.18725 0.04 -0.005)
(0.1895 0.04 -0.005)
(0.19175 0.04 -0.005)
(0.194 0.04 -0.005)
(0.19625 0.04 -0.005)
(0.1985 0.04 -0.005)
(0.20075 0.04 -0.005)
(0.203 0.04 -0.005)
(0.20525 0.04 -0.005)
(0.2075 0.04 -0.005)
(0.20975 0.04 -0.005)
(0.212 0.04 -0.005)
(0.21425 0.04 -0.005)
(0.2165 0.04 -0.005)
(0.21875 0.04 -0.005)
(0.221 0.04 -0.005)
(0.22325 0.04 -0.005)
(0.2255 0.04 -0.005)
(0.22775 0.04 -0.005)
(0.23 0.04 -0.005)
(0.23225 0.04 -0.005)
(0.2345 0.04 -0.005)
(0.23675 0.04 -0.005)
(0.239 0.04 -0.005)
(0.24125 0.04 -0.005)
(0.2435 0.04 -0.005)
(0.24575 0.04 -0.005)
(0.248 0.04 -0.005)
(0.25025 0.04 -0.005)
(0.2525 0.04 -0.005)
(0.25475 0.04 -0.005)
(0.257 0.04 -0.005)
(0.25925 0.04 -0.005)
(0.2615 0.04 -0.005)
(0.26375 0.04 -0.005)
(0.266 0.04 -0.005)
(0.26825 0.04 -0.005)
(0.2705 0.04 -0.005)
(0.27275 0.04 -0.005)
(0.275 0.04 -0.005)
(0.27725 0.04 -0.005)
(0.2795 0.04 -0.005)
(0.28175 0.04 -0.005)
(0.284 0.04 -0.005)
(0.28625 0.04 -0.005)
(0.2885 0.04 -0.005)
(0.29075 0.04 -0.005)
(0.293 0.04 -0.005)
(0.29525 0.04 -0.005)
(0.2975 0.04 -0.005)
(0.29975 0.04 -0.005)
(0.302 0.04 -0.005)
(0.30425 0.04 -0.005)
(0.3065 0.04 -0.005)
(0.30875 0.04 -0.005)
(0.311 0.04 -0.005)
(0.31325 0.04 -0.005)
(0.3155 0.04 -0.005)
(0.31775 0.04 -0.005)
(0.32 0.04 -0.005)
(0.32225 0.04 -0.005)
(0.3245 0.04 -0.005)
(0.32675 0.04 -0.005)
(0.329 0.04 -0.005)
(0.33125 0.04 -0.005)
(0.3335 0.04 -0.005)
(0.33575 0.04 -0.005)
(0.338 0.04 -0.005)
(0.34025 0.04 -0.005)
(0.3425 0.04 -0.005)
(0.34475 0.04 -0.005)
(0.347 0.04 -0.005)
(0.34925 0.04 -0.005)
(0.3515 0.04 -0.005)
(0.35375 0.04 -0.005)
(0.356 0.04 -0.005)
(0.35825 0.04 -0.005)
(0.3605 0.04 -0.005)
(0.36275 0.04 -0.005)
(0.365 0.04 -0.005)
(0.36725 0.04 -0.005)
(0.3695 0.04 -0.005)
(0.37175 0.04 -0.005)
(0.374 0.04 -0.005)
(0.37625 0.04 -0.005)
(0.3785 0.04 -0.005)
(0.38075 0.04 -0.005)
(0.383 0.04 -0.005)
(0.38525 0.04 -0.005)
(0.3875 0.04 -0.005)
(0.38975 0.04 -0.005)
(0.392 0.04 -0.005)
(0.39425 0.04 -0.005)
(0.3965 0.04 -0.005)
(0.39875 0.04 -0.005)
(0.401 0.04 -0.005)
(0.40325 0.04 -0.005)
(0.4055 0.04 -0.005)
(0.40775 0.04 -0.005)
(0.41 0.04 -0.005)
(0.41225 0.04 -0.005)
(0.4145 0.04 -0.005)
(0.41675 0.04 -0.005)
(0.419 0.04 -0.005)
(0.42125 0.04 -0.005)
(0.4235 0.04 -0.005)
(0.42575 0.04 -0.005)
(0.428 0.04 -0.005)
(0.43025 0.04 -0.005)
(0.4325 0.04 -0.005)
(0.43475 0.04 -0.005)
(0.437 0.04 -0.005)
(0.43925 0.04 -0.005)
(0.4415 0.04 -0.005)
(0.44375 0.04 -0.005)
(0.446 0.04 -0.005)
(0.44825 0.04 -0.005)
(0.4505 0.04 -0.005)
(0.45275 0.04 -0.005)
(0.455 0.04 -0.005)
(0.45725 0.04 -0.005)
(0.4595 0.04 -0.005)
(0.46175 0.04 -0.005)
(0.464 0.04 -0.005)
(0.46625 0.04 -0.005)
(0.4685 0.04 -0.005)
(0.47075 0.04 -0.005)
(0.473 0.04 -0.005)
(0.47525 0.04 -0.005)
(0.4775 0.04 -0.005)
(0.47975 0.04 -0.005)
(0.482 0.04 -0.005)
(0.48425 0.04 -0.005)
(0.4865 0.04 -0.005)
(0.48875 0.04 -0.005)
(0.491 0.04 -0.005)
(0.49325 0.04 -0.005)
(0.4955 0.04 -0.005)
(0.49775 0.04 -0.005)
(0.5 0.04 -0.005)
(0.05225 0.04333333333 0.005)
(0.0545 0.04333333333 0.005)
(0.05675 0.04333333333 0.005)
(0.059 0.04333333333 0.005)
(0.06125 0.04333333333 0.005)
(0.0635 0.04333333333 0.005)
(0.06575 0.04333333333 0.005)
(0.068 0.04333333333 0.005)
(0.07025 0.04333333333 0.005)
(0.0725 0.04333333333 0.005)
(0.07475 0.04333333333 0.005)
(0.077 0.04333333333 0.005)
(0.07925 0.04333333333 0.005)
(0.0815 0.04333333333 0.005)
(0.08375 0.04333333333 0.005)
(0.086 0.04333333333 0.005)
(0.08825 0.04333333333 0.005)
(0.0905 0.04333333333 0.005)
(0.09275 0.04333333333 0.005)
(0.095 0.04333333333 0.005)
(0.09725 0.04333333333 0.005)
(0.0995 0.04333333333 0.005)
(0.10175 0.04333333333 0.005)
(0.104 0.04333333333 0.005)
(0.10625 0.04333333333 0.005)
(0.1085 0.04333333333 0.005)
(0.11075 0.04333333333 0.005)
(0.113 0.04333333333 0.005)
(0.11525 0.04333333333 0.005)
(0.1175 0.04333333333 0.005)
(0.11975 0.04333333333 0.005)
(0.122 0.04333333333 0.005)
(0.12425 0.04333333333 0.005)
(0.1265 0.04333333333 0.005)
(0.12875 0.04333333333 0.005)
(0.131 0.04333333333 0.005)
(0.13325 0.04333333333 0.005)
(0.1355 0.04333333333 0.005)
(0.13775 0.04333333333 0.005)
(0.14 0.04333333333 0.005)
(0.14225 0.04333333333 0.005)
(0.1445 0.04333333333 0.005)
(0.14675 0.04333333333 0.005)
(0.149 0.04333333333 0.005)
(0.15125 0.04333333333 0.005)
(0.1535 0.04333333333 0.005)
(0.15575 0.04333333333 0.005)
(0.158 0.04333333333 0.005)
(0.16025 0.04333333333 0.005)
(0.1625 0.04333333333 0.005)
(0.16475 0.04333333333 0.005)
(0.167 0.04333333333 0.005)
(0.16925 0.04333333333 0.005)
(0.1715 0.04333333333 0.005)
(0.17375 0.04333333333 0.005)
(0.176 0.04333333333 0.005)
(0.17825 0.04333333333 0.005)
(0.1805 0.04333333333 0.005)
(0.18275 0.04333333333 0.005)
(0.185 0.04333333333 0.005)
(0.18725 0.04333333333 0.005)
(0.1895 0.04333333333 0.005)
(0.19175 0.04333333333 0.005)
(0.194 0.04333333333 0.005)
(0.19625 0.04333333333 0.005)
(0.1985 0.04333333333 0.005)
(0.20075 0.04333333333 0.005)
(0.203 0.04333333333 0.005)
(0.20525 0.04333333333 0.005)
(0.2075 0.04333333333 0.005)
(0.20975 0.04333333333 0.005)
(0.212 0.04333333333 0.005)
(0.21425 0.04333333333 0.005)
(0.2165 0.04333333333 0.005)
(0.21875 0.04333333333 0.005)
(0.221 0.04333333333 0.005)
(0.22325 0.04333333333 0.005)
(0.2255 0.04333333333 0.005)
(0.22775 0.04333333333 0.005)
(0.23 0.04333333333 0.005)
(0.23225 0.04333333333 0.005)
(0.2345 0.04333333333 0.005)
(0.23675 0.04333333333 0.005)
(0.239 0.04333333333 0.005)
(0.24125 0.04333333333 0.005)
(0.2435 0.04333333333 0.005)
(0.24575 0.04333333333 0.005)
(0.248 0.04333333333 0.005)
(0.25025 0.04333333333 0.005)
(0.2525 0.04333333333 0.005)
(0.25475 0.04333333333 0.005)
(0.257 0.04333333333 0.005)
(0.25925 0.04333333333 0.005)
(0.2615 0.04333333333 0.005)
(0.26375 0.04333333333 0.005)
(0.266 0.04333333333 0.005)
(0.26825 0.04333333333 0.005)
(0.2705 0.04333333333 0.005)
(0.27275 0.04333333333 0.005)
(0.275 0.04333333333 0.005)
(0.27725 0.04333333333 0.005)
(0.2795 0.04333333333 0.005)
(0.28175 0.04333333333 0.005)
(0.284 0.04333333333 0.005)
(0.28625 0.04333333333 0.005)
(0.2885 0.04333333333 0.005)
(0.29075 0.04333333333 0.005)
(0.293 0.04333333333 0.005)
(0.29525 0.04333333333 0.005)
(0.2975 0.04333333333 0.005)
(0.29975 0.04333333333 0.005)
(0.302 0.04333333333 0.005)
(0.30425 0.04333333333 0.005)
(0.3065 0.04333333333 0.005)
(0.30875 0.04333333333 0.005)
(0.311 0.04333333333 0.005)
(0.31325 0.04333333333 0.005)
(0.3155 0.04333333333 0.005)
(0.31775 0.04333333333 0.005)
(0.32 0.04333333333 0.005)
(0.32225 0.04333333333 0.005)
(0.3245 0.04333333333 0.005)
(0.32675 0.04333333333 0.005)
(0.329 0.04333333333 0.005)
(0.33125 0.04333333333 0.005)
(0.3335 0.04333333333 0.005)
(0.33575 0.04333333333 0.005)
(0.338 0.04333333333 0.005)
(0.34025 0.04333333333 0.005)
(0.3425 0.04333333333 0.005)
(0.34475 0.04333333333 0.005)
(0.347 0.04333333333 0.005)
(0.34925 0.04333333333 0.005)
(0.3515 0.04333333333 0.005)
(0.35375 0.04333333333 0.005)
(0.356 0.04333333333 0.005)
(0.35825 0.04333333333 0.005)
(0.3605 0.04333333333 0.005)
(0.36275 0.04333333333 0.005)
(0.365 0.04333333333 0.005)
(0.36725 0.04333333333 0.005)
(0.3695 0.04333333333 0.005)
(0.37175 0.04333333333 0.005)
(0.374 0.04333333333 0.005)
(0.37625 0.04333333333 0.005)
(0.3785 0.04333333333 0.005)
(0.38075 0.04333333333 0.005)
(0.383 0.04333333333 0.005)
(0.38525 0.04333333333 0.005)
(0.3875 0.04333333333 0.005)
(0.38975 0.04333333333 0.005)
(0.392 0.04333333333 0.005)
(0.39425 0.04333333333 0.005)
(0.3965 0.04333333333 0.005)
(0.39875 0.04333333333 0.005)
(0.401 0.04333333333 0.005)
(0.40325 0.04333333333 0.005)
(0.4055 0.04333333333 0.005)
(0.40775 0.04333333333 0.005)
(0.41 0.04333333333 0.005)
(0.41225 0.04333333333 0.005)
(0.4145 0.04333333333 0.005)
(0.41675 0.04333333333 0.005)
(0.419 0.04333333333 0.005)
(0.42125 0.04333333333 0.005)
(0.4235 0.04333333333 0.005)
(0.42575 0.04333333333 0.005)
(0.428 0.04333333333 0.005)
(0.43025 0.04333333333 0.005)
(0.4325 0.04333333333 0.005)
(0.43475 0.04333333333 0.005)
(0.437 0.04333333333 0.005)
(0.43925 0.04333333333 0.005)
(0.4415 0.04333333333 0.005)
(0.44375 0.04333333333 0.005)
(0.446 0.04333333333 0.005)
(0.44825 0.04333333333 0.005)
(0.4505 0.04333333333 0.005)
(0.45275 0.04333333333 0.005)
(0.455 0.04333333333 0.005)
(0.45725 0.04333333333 0.005)
(0.4595 0.04333333333 0.005)
(0.46175 0.04333333333 0.005)
(0.464 0.04333333333 0.005)
(0.46625 0.04333333333 0.005)
(0.4685 0.04333333333 0.005)
(0.47075 0.04333333333 0.005)
(0.473 0.04333333333 0.005)
(0.47525 0.04333333333 0.005)
(0.4775 0.04333333333 0.005)
(0.47975 0.04333333333 0.005)
(0.482 0.04333333333 0.005)
(0.48425 0.04333333333 0.005)
(0.4865 0.04333333333 0.005)
(0.48875 0.04333333333 0.005)
(0.491 0.04333333333 0.005)
(0.49325 0.04333333333 0.005)
(0.4955 0.04333333333 0.005)
(0.49775 0.04333333333 0.005)
(0.5 0.04333333333 0.005)
(0.05225 0.04333333333 -0.005)
(0.0545 0.04333333333 -0.005)
(0.05675 0.04333333333 -0.005)
(0.059 0.04333333333 -0.005)
(0.06125 0.04333333333 -0.005)
(0.0635 0.04333333333 -0.005)
(0.06575 0.04333333333 -0.005)
(0.068 0.04333333333 -0.005)
(0.07025 0.04333333333 -0.005)
(0.0725 0.04333333333 -0.005)
(0.07475 0.04333333333 -0.005)
(0.077 0.04333333333 -0.005)
(0.07925 0.04333333333 -0.005)
(0.0815 0.04333333333 -0.005)
(0.08375 0.04333333333 -0.005)
(0.086 0.04333333333 -0.005)
(0.08825 0.04333333333 -0.005)
(0.0905 0.04333333333 -0.005)
(0.09275 0.04333333333 -0.005)
(0.095 0.04333333333 -0.005)
(0.09725 0.04333333333 -0.005)
(0.0995 0.04333333333 -0.005)
(0.10175 0.04333333333 -0.005)
(0.104 0.04333333333 -0.005)
(0.10625 0.04333333333 -0.005)
(0.1085 0.04333333333 -0.005)
(0.11075 0.04333333333 -0.005)
(0.113 0.04333333333 -0.005)
(0.11525 0.04333333333 -0.005)
(0.1175 0.04333333333 -0.005)
(0.11975 0.04333333333 -0.005)
(0.122 0.04333333333 -0.005)
(0.12425 0.04333333333 -0.005)
(0.1265 0.04333333333 -0.005)
(0.12875 0.04333333333 -0.005)
(0.131 0.04333333333 -0.005)
(0.13325 0.04333333333 -0.005)
(0.1355 0.04333333333 -0.005)
(0.13775 0.04333333333 -0.005)
(0.14 0.04333333333 -0.005)
(0.14225 0.04333333333 -0.005)
(0.1445 0.04333333333 -0.005)
(0.14675 0.04333333333 -0.005)
(0.149 0.04333333333 -0.005)
(0.15125 0.04333333333 -0.005)
(0.1535 0.04333333333 -0.005)
(0.15575 0.04333333333 -0.005)
(0.158 0.04333333333 -0.005)
(0.16025 0.04333333333 -0.005)
(0.1625 0.04333333333 -0.005)
(0.16475 0.04333333333 -0.005)
(0.167 0.04333333333 -0.005)
(0.16925 0.04333333333 -0.005)
(0.1715 0.04333333333 -0.005)
(0.17375 0.04333333333 -0.005)
(0.176 0.04333333333 -0.005)
(0.17825 0.04333333333 -0.005)
(0.1805 0.04333333333 -0.005)
(0.18275 0.04333333333 -0.005)
(0.185 0.04333333333 -0.005)
(0.18725 0.04333333333 -0.005)
(0.1895 0.04333333333 -0.005)
(0.19175 0.04333333333 -0.005)
(0.194 0.04333333333 -0.005)
(0.19625 0.04333333333 -0.005)
(0.1985 0.04333333333 -0.005)
(0.20075 0.04333333333 -0.005)
(0.203 0.04333333333 -0.005)
(0.20525 0.04333333333 -0.005)
(0.2075 0.04333333333 -0.005)
(0.20975 0.04333333333 -0.005)
(0.212 0.04333333333 -0.005)
(0.21425 0.04333333333 -0.005)
(0.2165 0.04333333333 -0.005)
(0.21875 0.04333333333 -0.005)
(0.221 0.04333333333 -0.005)
(0.22325 0.04333333333 -0.005)
(0.2255 0.04333333333 -0.005)
(0.22775 0.04333333333 -0.005)
(0.23 0.04333333333 -0.005)
(0.23225 0.04333333333 -0.005)
(0.2345 0.04333333333 -0.005)
(0.23675 0.04333333333 -0.005)
(0.239 0.04333333333 -0.005)
(0.24125 0.04333333333 -0.005)
(0.2435 0.04333333333 -0.005)
(0.24575 0.04333333333 -0.005)
(0.248 0.04333333333 -0.005)
(0.25025 0.04333333333 -0.005)
(0.2525 0.04333333333 -0.005)
(0.25475 0.04333333333 -0.005)
(0.257 0.04333333333 -0.005)
(0.25925 0.04333333333 -0.005)
(0.2615 0.04333333333 -0.005)
(0.26375 0.04333333333 -0.005)
(0.266 0.04333333333 -0.005)
(0.26825 0.04333333333 -0.005)
(0.2705 0.04333333333 -0.005)
(0.27275 0.04333333333 -0.005)
(0.275 0.04333333333 -0.005)
(0.27725 0.04333333333 -0.005)
(0.2795 0.04333333333 -0.005)
(0.28175 0.04333333333 -0.005)
(0.284 0.04333333333 -0.005)
(0.28625 0.04333333333 -0.005)
(0.2885 0.04333333333 -0.005)
(0.29075 0.04333333333 -0.005)
(0.293 0.04333333333 -0.005)
(0.29525 0.04333333333 -0.005)
(0.2975 0.04333333333 -0.005)
(0.29975 0.04333333333 -0.005)
(0.302 0.04333333333 -0.005)
(0.30425 0.04333333333 -0.005)
(0.3065 0.04333333333 -0.005)
(0.30875 0.04333333333 -0.005)
(0.311 0.04333333333 -0.005)
(0.31325 0.04333333333 -0.005)
(0.3155 0.04333333333 -0.005)
(0.31775 0.04333333333 -0.005)
(0.32 0.04333333333 -0.005)
(0.32225 0.04333333333 -0.005)
(0.3245 0.04333333333 -0.005)
(0.32675 0.04333333333 -0.005)
(0.329 0.04333333333 -0.005)
(0.33125 0.04333333333 -0.005)
(0.3335 0.04333333333 -0.005)
(0.33575 0.04333333333 -0.005)
(0.338 0.04333333333 -0.005)
(0.34025 0.04333333333 -0.005)
(0.3425 0.04333333333 -0.005)
(0.34475 0.04333333333 -0.005)
(0.347 0.04333333333 -0.005)
(0.34925 0.04333333333 -0.005)
(0.3515 0.04333333333 -0.005)
(0.35375 0.04333333333 -0.005)
(0.356 0.04333333333 -0.005)
(0.35825 0.04333333333 -0.005)
(0.3605 0.04333333333 -0.005)
(0.36275 0.04333333333 -0.005)
(0.365 0.04333333333 -0.005)
(0.36725 0.04333333333 -0.005)
(0.3695 0.04333333333 -0.005)
(0.37175 0.04333333333 -0.005)
(0.374 0.04333333333 -0.005)
(0.37625 0.04333333333 -0.005)
(0.3785 0.04333333333 -0.005)
(0.38075 0.04333333333 -0.005)
(0.383 0.04333333333 -0.005)
(0.38525 0.04333333333 -0.005)
(0.3875 0.04333333333 -0.005)
(0.38975 0.04333333333 -0.005)
(0.392 0.04333333333 -0.005)
(0.39425 0.04333333333 -0.005)
(0.3965 0.04333333333 -0.005)
(0.39875 0.04333333333 -0.005)
(0.401 0.04333333333 -0.005)
(0.40325 0.04333333333 -0.005)
(0.4055 0.04333333333 -0.005)
(0.40775 0.04333333333 -0.005)
(0.41 0.04333333333 -0.005)
(0.41225 0.04333333333 -0.005)
(0.4145 0.04333333333 -0.005)
(0.41675 0.04333333333 -0.005)
(0.419 0.04333333333 -0.005)
(0.42125 0.04333333333 -0.005)
(0.4235 0.04333333333 -0.005)
(0.42575 0.04333333333 -0.005)
(0.428 0.04333333333 -0.005)
(0.43025 0.04333333333 -0.005)
(0.4325 0.04333333333 -0.005)
(0.43475 0.04333333333 -0.005)
(0.437 0.04333333333 -0.005)
(0.43925 0.04333333333 -0.005)
(0.4415 0.04333333333 -0.005)
(0.44375 0.04333333333 -0.005)
(0.446 0.04333333333 -0.005)
(0.44825 0.04333333333 -0.005)
(0.4505 0.04333333333 -0.005)
(0.45275 0.04333333333 -0.005)
(0.455 0.04333333333 -0.005)
(0.45725 0.04333333333 -0.005)
(0.4595 0.04333333333 -0.005)
(0.46175 0.04333333333 -0.005)
(0.464 0.04333333333 -0.005)
(0.46625 0.04333333333 -0.005)
(0.4685 0.04333333333 -0.005)
(0.47075 0.04333333333 -0.005)
(0.473 0.04333333333 -0.005)
(0.47525 0.04333333333 -0.005)
(0.4775 0.04333333333 -0.005)
(0.47975 0.04333333333 -0.005)
(0.482 0.04333333333 -0.005)
(0.48425 0.04333333333 -0.005)
(0.4865 0.04333333333 -0.005)
(0.48875 0.04333333333 -0.005)
(0.491 0.04333333333 -0.005)
(0.49325 0.04333333333 -0.005)
(0.4955 0.04333333333 -0.005)
(0.49775 0.04333333333 -0.005)
(0.5 0.04333333333 -0.005)
(0.05225 0.04666666667 0.005)
(0.0545 0.04666666667 0.005)
(0.05675 0.04666666667 0.005)
(0.059 0.04666666667 0.005)
(0.06125 0.04666666667 0.005)
(0.0635 0.04666666667 0.005)
(0.06575 0.04666666667 0.005)
(0.068 0.04666666667 0.005)
(0.07025 0.04666666667 0.005)
(0.0725 0.04666666667 0.005)
(0.07475 0.04666666667 0.005)
(0.077 0.04666666667 0.005)
(0.07925 0.04666666667 0.005)
(0.0815 0.04666666667 0.005)
(0.08375 0.04666666667 0.005)
(0.086 0.04666666667 0.005)
(0.08825 0.04666666667 0.005)
(0.0905 0.04666666667 0.005)
(0.09275 0.04666666667 0.005)
(0.095 0.04666666667 0.005)
(0.09725 0.04666666667 0.005)
(0.0995 0.04666666667 0.005)
(0.10175 0.04666666667 0.005)
(0.104 0.04666666667 0.005)
(0.10625 0.04666666667 0.005)
(0.1085 0.04666666667 0.005)
(0.11075 0.04666666667 0.005)
(0.113 0.04666666667 0.005)
(0.11525 0.04666666667 0.005)
(0.1175 0.04666666667 0.005)
(0.11975 0.04666666667 0.005)
(0.122 0.04666666667 0.005)
(0.12425 0.04666666667 0.005)
(0.1265 0.04666666667 0.005)
(0.12875 0.04666666667 0.005)
(0.131 0.04666666667 0.005)
(0.13325 0.04666666667 0.005)
(0.1355 0.04666666667 0.005)
(0.13775 0.04666666667 0.005)
(0.14 0.04666666667 0.005)
(0.14225 0.04666666667 0.005)
(0.1445 0.04666666667 0.005)
(0.14675 0.04666666667 0.005)
(0.149 0.04666666667 0.005)
(0.15125 0.04666666667 0.005)
(0.1535 0.04666666667 0.005)
(0.15575 0.04666666667 0.005)
(0.158 0.04666666667 0.005)
(0.16025 0.04666666667 0.005)
(0.1625 0.04666666667 0.005)
(0.16475 0.04666666667 0.005)
(0.167 0.04666666667 0.005)
(0.16925 0.04666666667 0.005)
(0.1715 0.04666666667 0.005)
(0.17375 0.04666666667 0.005)
(0.176 0.04666666667 0.005)
(0.17825 0.04666666667 0.005)
(0.1805 0.04666666667 0.005)
(0.18275 0.04666666667 0.005)
(0.185 0.04666666667 0.005)
(0.18725 0.04666666667 0.005)
(0.1895 0.04666666667 0.005)
(0.19175 0.04666666667 0.005)
(0.194 0.04666666667 0.005)
(0.19625 0.04666666667 0.005)
(0.1985 0.04666666667 0.005)
(0.20075 0.04666666667 0.005)
(0.203 0.04666666667 0.005)
(0.20525 0.04666666667 0.005)
(0.2075 0.04666666667 0.005)
(0.20975 0.04666666667 0.005)
(0.212 0.04666666667 0.005)
(0.21425 0.04666666667 0.005)
(0.2165 0.04666666667 0.005)
(0.21875 0.04666666667 0.005)
(0.221 0.04666666667 0.005)
(0.22325 0.04666666667 0.005)
(0.2255 0.04666666667 0.005)
(0.22775 0.04666666667 0.005)
(0.23 0.04666666667 0.005)
(0.23225 0.04666666667 0.005)
(0.2345 0.04666666667 0.005)
(0.23675 0.04666666667 0.005)
(0.239 0.04666666667 0.005)
(0.24125 0.04666666667 0.005)
(0.2435 0.04666666667 0.005)
(0.24575 0.04666666667 0.005)
(0.248 0.04666666667 0.005)
(0.25025 0.04666666667 0.005)
(0.2525 0.04666666667 0.005)
(0.25475 0.04666666667 0.005)
(0.257 0.04666666667 0.005)
(0.25925 0.04666666667 0.005)
(0.2615 0.04666666667 0.005)
(0.26375 0.04666666667 0.005)
(0.266 0.04666666667 0.005)
(0.26825 0.04666666667 0.005)
(0.2705 0.04666666667 0.005)
(0.27275 0.04666666667 0.005)
(0.275 0.04666666667 0.005)
(0.27725 0.04666666667 0.005)
(0.2795 0.04666666667 0.005)
(0.28175 0.04666666667 0.005)
(0.284 0.04666666667 0.005)
(0.28625 0.04666666667 0.005)
(0.2885 0.04666666667 0.005)
(0.29075 0.04666666667 0.005)
(0.293 0.04666666667 0.005)
(0.29525 0.04666666667 0.005)
(0.2975 0.04666666667 0.005)
(0.29975 0.04666666667 0.005)
(0.302 0.04666666667 0.005)
(0.30425 0.04666666667 0.005)
(0.3065 0.04666666667 0.005)
(0.30875 0.04666666667 0.005)
(0.311 0.04666666667 0.005)
(0.31325 0.04666666667 0.005)
(0.3155 0.04666666667 0.005)
(0.31775 0.04666666667 0.005)
(0.32 0.04666666667 0.005)
(0.32225 0.04666666667 0.005)
(0.3245 0.04666666667 0.005)
(0.32675 0.04666666667 0.005)
(0.329 0.04666666667 0.005)
(0.33125 0.04666666667 0.005)
(0.3335 0.04666666667 0.005)
(0.33575 0.04666666667 0.005)
(0.338 0.04666666667 0.005)
(0.34025 0.04666666667 0.005)
(0.3425 0.04666666667 0.005)
(0.34475 0.04666666667 0.005)
(0.347 0.04666666667 0.005)
(0.34925 0.04666666667 0.005)
(0.3515 0.04666666667 0.005)
(0.35375 0.04666666667 0.005)
(0.356 0.04666666667 0.005)
(0.35825 0.04666666667 0.005)
(0.3605 0.04666666667 0.005)
(0.36275 0.04666666667 0.005)
(0.365 0.04666666667 0.005)
(0.36725 0.04666666667 0.005)
(0.3695 0.04666666667 0.005)
(0.37175 0.04666666667 0.005)
(0.374 0.04666666667 0.005)
(0.37625 0.04666666667 0.005)
(0.3785 0.04666666667 0.005)
(0.38075 0.04666666667 0.005)
(0.383 0.04666666667 0.005)
(0.38525 0.04666666667 0.005)
(0.3875 0.04666666667 0.005)
(0.38975 0.04666666667 0.005)
(0.392 0.04666666667 0.005)
(0.39425 0.04666666667 0.005)
(0.3965 0.04666666667 0.005)
(0.39875 0.04666666667 0.005)
(0.401 0.04666666667 0.005)
(0.40325 0.04666666667 0.005)
(0.4055 0.04666666667 0.005)
(0.40775 0.04666666667 0.005)
(0.41 0.04666666667 0.005)
(0.41225 0.04666666667 0.005)
(0.4145 0.04666666667 0.005)
(0.41675 0.04666666667 0.005)
(0.419 0.04666666667 0.005)
(0.42125 0.04666666667 0.005)
(0.4235 0.04666666667 0.005)
(0.42575 0.04666666667 0.005)
(0.428 0.04666666667 0.005)
(0.43025 0.04666666667 0.005)
(0.4325 0.04666666667 0.005)
(0.43475 0.04666666667 0.005)
(0.437 0.04666666667 0.005)
(0.43925 0.04666666667 0.005)
(0.4415 0.04666666667 0.005)
(0.44375 0.04666666667 0.005)
(0.446 0.04666666667 0.005)
(0.44825 0.04666666667 0.005)
(0.4505 0.04666666667 0.005)
(0.45275 0.04666666667 0.005)
(0.455 0.04666666667 0.005)
(0.45725 0.04666666667 0.005)
(0.4595 0.04666666667 0.005)
(0.46175 0.04666666667 0.005)
(0.464 0.04666666667 0.005)
(0.46625 0.04666666667 0.005)
(0.4685 0.04666666667 0.005)
(0.47075 0.04666666667 0.005)
(0.473 0.04666666667 0.005)
(0.47525 0.04666666667 0.005)
(0.4775 0.04666666667 0.005)
(0.47975 0.04666666667 0.005)
(0.482 0.04666666667 0.005)
(0.48425 0.04666666667 0.005)
(0.4865 0.04666666667 0.005)
(0.48875 0.04666666667 0.005)
(0.491 0.04666666667 0.005)
(0.49325 0.04666666667 0.005)
(0.4955 0.04666666667 0.005)
(0.49775 0.04666666667 0.005)
(0.5 0.04666666667 0.005)
(0.05225 0.04666666667 -0.005)
(0.0545 0.04666666667 -0.005)
(0.05675 0.04666666667 -0.005)
(0.059 0.04666666667 -0.005)
(0.06125 0.04666666667 -0.005)
(0.0635 0.04666666667 -0.005)
(0.06575 0.04666666667 -0.005)
(0.068 0.04666666667 -0.005)
(0.07025 0.04666666667 -0.005)
(0.0725 0.04666666667 -0.005)
(0.07475 0.04666666667 -0.005)
(0.077 0.04666666667 -0.005)
(0.07925 0.04666666667 -0.005)
(0.0815 0.04666666667 -0.005)
(0.08375 0.04666666667 -0.005)
(0.086 0.04666666667 -0.005)
(0.08825 0.04666666667 -0.005)
(0.0905 0.04666666667 -0.005)
(0.09275 0.04666666667 -0.005)
(0.095 0.04666666667 -0.005)
(0.09725 0.04666666667 -0.005)
(0.0995 0.04666666667 -0.005)
(0.10175 0.04666666667 -0.005)
(0.104 0.04666666667 -0.005)
(0.10625 0.04666666667 -0.005)
(0.1085 0.04666666667 -0.005)
(0.11075 0.04666666667 -0.005)
(0.113 0.04666666667 -0.005)
(0.11525 0.04666666667 -0.005)
(0.1175 0.04666666667 -0.005)
(0.11975 0.04666666667 -0.005)
(0.122 0.04666666667 -0.005)
(0.12425 0.04666666667 -0.005)
(0.1265 0.04666666667 -0.005)
(0.12875 0.04666666667 -0.005)
(0.131 0.04666666667 -0.005)
(0.13325 0.04666666667 -0.005)
(0.1355 0.04666666667 -0.005)
(0.13775 0.04666666667 -0.005)
(0.14 0.04666666667 -0.005)
(0.14225 0.04666666667 -0.005)
(0.1445 0.04666666667 -0.005)
(0.14675 0.04666666667 -0.005)
(0.149 0.04666666667 -0.005)
(0.15125 0.04666666667 -0.005)
(0.1535 0.04666666667 -0.005)
(0.15575 0.04666666667 -0.005)
(0.158 0.04666666667 -0.005)
(0.16025 0.04666666667 -0.005)
(0.1625 0.04666666667 -0.005)
(0.16475 0.04666666667 -0.005)
(0.167 0.04666666667 -0.005)
(0.16925 0.04666666667 -0.005)
(0.1715 0.04666666667 -0.005)
(0.17375 0.04666666667 -0.005)
(0.176 0.04666666667 -0.005)
(0.17825 0.04666666667 -0.005)
(0.1805 0.04666666667 -0.005)
(0.18275 0.04666666667 -0.005)
(0.185 0.04666666667 -0.005)
(0.18725 0.04666666667 -0.005)
(0.1895 0.04666666667 -0.005)
(0.19175 0.04666666667 -0.005)
(0.194 0.04666666667 -0.005)
(0.19625 0.04666666667 -0.005)
(0.1985 0.04666666667 -0.005)
(0.20075 0.04666666667 -0.005)
(0.203 0.04666666667 -0.005)
(0.20525 0.04666666667 -0.005)
(0.2075 0.04666666667 -0.005)
(0.20975 0.04666666667 -0.005)
(0.212 0.04666666667 -0.005)
(0.21425 0.04666666667 -0.005)
(0.2165 0.04666666667 -0.005)
(0.21875 0.04666666667 -0.005)
(0.221 0.04666666667 -0.005)
(0.22325 0.04666666667 -0.005)
(0.2255 0.04666666667 -0.005)
(0.22775 0.04666666667 -0.005)
(0.23 0.04666666667 -0.005)
(0.23225 0.04666666667 -0.005)
(0.2345 0.04666666667 -0.005)
(0.23675 0.04666666667 -0.005)
(0.239 0.04666666667 -0.005)
(0.24125 0.04666666667 -0.005)
(0.2435 0.04666666667 -0.005)
(0.24575 0.04666666667 -0.005)
(0.248 0.04666666667 -0.005)
(0.25025 0.04666666667 -0.005)
(0.2525 0.04666666667 -0.005)
(0.25475 0.04666666667 -0.005)
(0.257 0.04666666667 -0.005)
(0.25925 0.04666666667 -0.005)
(0.2615 0.04666666667 -0.005)
(0.26375 0.04666666667 -0.005)
(0.266 0.04666666667 -0.005)
(0.26825 0.04666666667 -0.005)
(0.2705 0.04666666667 -0.005)
(0.27275 0.04666666667 -0.005)
(0.275 0.04666666667 -0.005)
(0.27725 0.04666666667 -0.005)
(0.2795 0.04666666667 -0.005)
(0.28175 0.04666666667 -0.005)
(0.284 0.04666666667 -0.005)
(0.28625 0.04666666667 -0.005)
(0.2885 0.04666666667 -0.005)
(0.29075 0.04666666667 -0.005)
(0.293 0.04666666667 -0.005)
(0.29525 0.04666666667 -0.005)
(0.2975 0.04666666667 -0.005)
(0.29975 0.04666666667 -0.005)
(0.302 0.04666666667 -0.005)
(0.30425 0.04666666667 -0.005)
(0.3065 0.04666666667 -0.005)
(0.30875 0.04666666667 -0.005)
(0.311 0.04666666667 -0.005)
(0.31325 0.04666666667 -0.005)
(0.3155 0.04666666667 -0.005)
(0.31775 0.04666666667 -0.005)
(0.32 0.04666666667 -0.005)
(0.32225 0.04666666667 -0.005)
(0.3245 0.04666666667 -0.005)
(0.32675 0.04666666667 -0.005)
(0.329 0.04666666667 -0.005)
(0.33125 0.04666666667 -0.005)
(0.3335 0.04666666667 -0.005)
(0.33575 0.04666666667 -0.005)
(0.338 0.04666666667 -0.005)
(0.34025 0.04666666667 -0.005)
(0.3425 0.04666666667 -0.005)
(0.34475 0.04666666667 -0.005)
(0.347 0.04666666667 -0.005)
(0.34925 0.04666666667 -0.005)
(0.3515 0.04666666667 -0.005)
(0.35375 0.04666666667 -0.005)
(0.356 0.04666666667 -0.005)
(0.35825 0.04666666667 -0.005)
(0.3605 0.04666666667 -0.005)
(0.36275 0.04666666667 -0.005)
(0.365 0.04666666667 -0.005)
(0.36725 0.04666666667 -0.005)
(0.3695 0.04666666667 -0.005)
(0.37175 0.04666666667 -0.005)
(0.374 0.04666666667 -0.005)
(0.37625 0.04666666667 -0.005)
(0.3785 0.04666666667 -0.005)
(0.38075 0.04666666667 -0.005)
(0.383 0.04666666667 -0.005)
(0.38525 0.04666666667 -0.005)
(0.3875 0.04666666667 -0.005)
(0.38975 0.04666666667 -0.005)
(0.392 0.04666666667 -0.005)
(0.39425 0.04666666667 -0.005)
(0.3965 0.04666666667 -0.005)
(0.39875 0.04666666667 -0.005)
(0.401 0.04666666667 -0.005)
(0.40325 0.04666666667 -0.005)
(0.4055 0.04666666667 -0.005)
(0.40775 0.04666666667 -0.005)
(0.41 0.04666666667 -0.005)
(0.41225 0.04666666667 -0.005)
(0.4145 0.04666666667 -0.005)
(0.41675 0.04666666667 -0.005)
(0.419 0.04666666667 -0.005)
(0.42125 0.04666666667 -0.005)
(0.4235 0.04666666667 -0.005)
(0.42575 0.04666666667 -0.005)
(0.428 0.04666666667 -0.005)
(0.43025 0.04666666667 -0.005)
(0.4325 0.04666666667 -0.005)
(0.43475 0.04666666667 -0.005)
(0.437 0.04666666667 -0.005)
(0.43925 0.04666666667 -0.005)
(0.4415 0.04666666667 -0.005)
(0.44375 0.04666666667 -0.005)
(0.446 0.04666666667 -0.005)
(0.44825 0.04666666667 -0.005)
(0.4505 0.04666666667 -0.005)
(0.45275 0.04666666667 -0.005)
(0.455 0.04666666667 -0.005)
(0.45725 0.04666666667 -0.005)
(0.4595 0.04666666667 -0.005)
(0.46175 0.04666666667 -0.005)
(0.464 0.04666666667 -0.005)
(0.46625 0.04666666667 -0.005)
(0.4685 0.04666666667 -0.005)
(0.47075 0.04666666667 -0.005)
(0.473 0.04666666667 -0.005)
(0.47525 0.04666666667 -0.005)
(0.4775 0.04666666667 -0.005)
(0.47975 0.04666666667 -0.005)
(0.482 0.04666666667 -0.005)
(0.48425 0.04666666667 -0.005)
(0.4865 0.04666666667 -0.005)
(0.48875 0.04666666667 -0.005)
(0.491 0.04666666667 -0.005)
(0.49325 0.04666666667 -0.005)
(0.4955 0.04666666667 -0.005)
(0.49775 0.04666666667 -0.005)
(0.5 0.04666666667 -0.005)
(0.05225 0.05 0.005)
(0.0545 0.05 0.005)
(0.05675 0.05 0.005)
(0.059 0.05 0.005)
(0.06125 0.05 0.005)
(0.0635 0.05 0.005)
(0.06575 0.05 0.005)
(0.068 0.05 0.005)
(0.07025 0.05 0.005)
(0.0725 0.05 0.005)
(0.07475 0.05 0.005)
(0.077 0.05 0.005)
(0.07925 0.05 0.005)
(0.0815 0.05 0.005)
(0.08375 0.05 0.005)
(0.086 0.05 0.005)
(0.08825 0.05 0.005)
(0.0905 0.05 0.005)
(0.09275 0.05 0.005)
(0.095 0.05 0.005)
(0.09725 0.05 0.005)
(0.0995 0.05 0.005)
(0.10175 0.05 0.005)
(0.104 0.05 0.005)
(0.10625 0.05 0.005)
(0.1085 0.05 0.005)
(0.11075 0.05 0.005)
(0.113 0.05 0.005)
(0.11525 0.05 0.005)
(0.1175 0.05 0.005)
(0.11975 0.05 0.005)
(0.122 0.05 0.005)
(0.12425 0.05 0.005)
(0.1265 0.05 0.005)
(0.12875 0.05 0.005)
(0.131 0.05 0.005)
(0.13325 0.05 0.005)
(0.1355 0.05 0.005)
(0.13775 0.05 0.005)
(0.14 0.05 0.005)
(0.14225 0.05 0.005)
(0.1445 0.05 0.005)
(0.14675 0.05 0.005)
(0.149 0.05 0.005)
(0.15125 0.05 0.005)
(0.1535 0.05 0.005)
(0.15575 0.05 0.005)
(0.158 0.05 0.005)
(0.16025 0.05 0.005)
(0.1625 0.05 0.005)
(0.16475 0.05 0.005)
(0.167 0.05 0.005)
(0.16925 0.05 0.005)
(0.1715 0.05 0.005)
(0.17375 0.05 0.005)
(0.176 0.05 0.005)
(0.17825 0.05 0.005)
(0.1805 0.05 0.005)
(0.18275 0.05 0.005)
(0.185 0.05 0.005)
(0.18725 0.05 0.005)
(0.1895 0.05 0.005)
(0.19175 0.05 0.005)
(0.194 0.05 0.005)
(0.19625 0.05 0.005)
(0.1985 0.05 0.005)
(0.20075 0.05 0.005)
(0.203 0.05 0.005)
(0.20525 0.05 0.005)
(0.2075 0.05 0.005)
(0.20975 0.05 0.005)
(0.212 0.05 0.005)
(0.21425 0.05 0.005)
(0.2165 0.05 0.005)
(0.21875 0.05 0.005)
(0.221 0.05 0.005)
(0.22325 0.05 0.005)
(0.2255 0.05 0.005)
(0.22775 0.05 0.005)
(0.23 0.05 0.005)
(0.23225 0.05 0.005)
(0.2345 0.05 0.005)
(0.23675 0.05 0.005)
(0.239 0.05 0.005)
(0.24125 0.05 0.005)
(0.2435 0.05 0.005)
(0.24575 0.05 0.005)
(0.248 0.05 0.005)
(0.25025 0.05 0.005)
(0.2525 0.05 0.005)
(0.25475 0.05 0.005)
(0.257 0.05 0.005)
(0.25925 0.05 0.005)
(0.2615 0.05 0.005)
(0.26375 0.05 0.005)
(0.266 0.05 0.005)
(0.26825 0.05 0.005)
(0.2705 0.05 0.005)
(0.27275 0.05 0.005)
(0.275 0.05 0.005)
(0.27725 0.05 0.005)
(0.2795 0.05 0.005)
(0.28175 0.05 0.005)
(0.284 0.05 0.005)
(0.28625 0.05 0.005)
(0.2885 0.05 0.005)
(0.29075 0.05 0.005)
(0.293 0.05 0.005)
(0.29525 0.05 0.005)
(0.2975 0.05 0.005)
(0.29975 0.05 0.005)
(0.302 0.05 0.005)
(0.30425 0.05 0.005)
(0.3065 0.05 0.005)
(0.30875 0.05 0.005)
(0.311 0.05 0.005)
(0.31325 0.05 0.005)
(0.3155 0.05 0.005)
(0.31775 0.05 0.005)
(0.32 0.05 0.005)
(0.32225 0.05 0.005)
(0.3245 0.05 0.005)
(0.32675 0.05 0.005)
(0.329 0.05 0.005)
(0.33125 0.05 0.005)
(0.3335 0.05 0.005)
(0.33575 0.05 0.005)
(0.338 0.05 0.005)
(0.34025 0.05 0.005)
(0.3425 0.05 0.005)
(0.34475 0.05 0.005)
(0.347 0.05 0.005)
(0.34925 0.05 0.005)
(0.3515 0.05 0.005)
(0.35375 0.05 0.005)
(0.356 0.05 0.005)
(0.35825 0.05 0.005)
(0.3605 0.05 0.005)
(0.36275 0.05 0.005)
(0.365 0.05 0.005)
(0.36725 0.05 0.005)
(0.3695 0.05 0.005)
(0.37175 0.05 0.005)
(0.374 0.05 0.005)
(0.37625 0.05 0.005)
(0.3785 0.05 0.005)
(0.38075 0.05 0.005)
(0.383 0.05 0.005)
(0.38525 0.05 0.005)
(0.3875 0.05 0.005)
(0.38975 0.05 0.005)
(0.392 0.05 0.005)
(0.39425 0.05 0.005)
(0.3965 0.05 0.005)
(0.39875 0.05 0.005)
(0.401 0.05 0.005)
(0.40325 0.05 0.005)
(0.4055 0.05 0.005)
(0.40775 0.05 0.005)
(0.41 0.05 0.005)
(0.41225 0.05 0.005)
(0.4145 0.05 0.005)
(0.41675 0.05 0.005)
(0.419 0.05 0.005)
(0.42125 0.05 0.005)
(0.4235 0.05 0.005)
(0.42575 0.05 0.005)
(0.428 0.05 0.005)
(0.43025 0.05 0.005)
(0.4325 0.05 0.005)
(0.43475 0.05 0.005)
(0.437 0.05 0.005)
(0.43925 0.05 0.005)
(0.4415 0.05 0.005)
(0.44375 0.05 0.005)
(0.446 0.05 0.005)
(0.44825 0.05 0.005)
(0.4505 0.05 0.005)
(0.45275 0.05 0.005)
(0.455 0.05 0.005)
(0.45725 0.05 0.005)
(0.4595 0.05 0.005)
(0.46175 0.05 0.005)
(0.464 0.05 0.005)
(0.46625 0.05 0.005)
(0.4685 0.05 0.005)
(0.47075 0.05 0.005)
(0.473 0.05 0.005)
(0.47525 0.05 0.005)
(0.4775 0.05 0.005)
(0.47975 0.05 0.005)
(0.482 0.05 0.005)
(0.48425 0.05 0.005)
(0.4865 0.05 0.005)
(0.48875 0.05 0.005)
(0.491 0.05 0.005)
(0.49325 0.05 0.005)
(0.4955 0.05 0.005)
(0.49775 0.05 0.005)
(0.5 0.05 0.005)
(0.05225 0.05 -0.005)
(0.0545 0.05 -0.005)
(0.05675 0.05 -0.005)
(0.059 0.05 -0.005)
(0.06125 0.05 -0.005)
(0.0635 0.05 -0.005)
(0.06575 0.05 -0.005)
(0.068 0.05 -0.005)
(0.07025 0.05 -0.005)
(0.0725 0.05 -0.005)
(0.07475 0.05 -0.005)
(0.077 0.05 -0.005)
(0.07925 0.05 -0.005)
(0.0815 0.05 -0.005)
(0.08375 0.05 -0.005)
(0.086 0.05 -0.005)
(0.08825 0.05 -0.005)
(0.0905 0.05 -0.005)
(0.09275 0.05 -0.005)
(0.095 0.05 -0.005)
(0.09725 0.05 -0.005)
(0.0995 0.05 -0.005)
(0.10175 0.05 -0.005)
(0.104 0.05 -0.005)
(0.10625 0.05 -0.005)
(0.1085 0.05 -0.005)
(0.11075 0.05 -0.005)
(0.113 0.05 -0.005)
(0.11525 0.05 -0.005)
(0.1175 0.05 -0.005)
(0.11975 0.05 -0.005)
(0.122 0.05 -0.005)
(0.12425 0.05 -0.005)
(0.1265 0.05 -0.005)
(0.12875 0.05 -0.005)
(0.131 0.05 -0.005)
(0.13325 0.05 -0.005)
(0.1355 0.05 -0.005)
(0.13775 0.05 -0.005)
(0.14 0.05 -0.005)
(0.14225 0.05 -0.005)
(0.1445 0.05 -0.005)
(0.14675 0.05 -0.005)
(0.149 0.05 -0.005)
(0.15125 0.05 -0.005)
(0.1535 0.05 -0.005)
(0.15575 0.05 -0.005)
(0.158 0.05 -0.005)
(0.16025 0.05 -0.005)
(0.1625 0.05 -0.005)
(0.16475 0.05 -0.005)
(0.167 0.05 -0.005)
(0.16925 0.05 -0.005)
(0.1715 0.05 -0.005)
(0.17375 0.05 -0.005)
(0.176 0.05 -0.005)
(0.17825 0.05 -0.005)
(0.1805 0.05 -0.005)
(0.18275 0.05 -0.005)
(0.185 0.05 -0.005)
(0.18725 0.05 -0.005)
(0.1895 0.05 -0.005)
(0.19175 0.05 -0.005)
(0.194 0.05 -0.005)
(0.19625 0.05 -0.005)
(0.1985 0.05 -0.005)
(0.20075 0.05 -0.005)
(0.203 0.05 -0.005)
(0.20525 0.05 -0.005)
(0.2075 0.05 -0.005)
(0.20975 0.05 -0.005)
(0.212 0.05 -0.005)
(0.21425 0.05 -0.005)
(0.2165 0.05 -0.005)
(0.21875 0.05 -0.005)
(0.221 0.05 -0.005)
(0.22325 0.05 -0.005)
(0.2255 0.05 -0.005)
(0.22775 0.05 -0.005)
(0.23 0.05 -0.005)
(0.23225 0.05 -0.005)
(0.2345 0.05 -0.005)
(0.23675 0.05 -0.005)
(0.239 0.05 -0.005)
(0.24125 0.05 -0.005)
(0.2435 0.05 -0.005)
(0.24575 0.05 -0.005)
(0.248 0.05 -0.005)
(0.25025 0.05 -0.005)
(0.2525 0.05 -0.005)
(0.25475 0.05 -0.005)
(0.257 0.05 -0.005)
(0.25925 0.05 -0.005)
(0.2615 0.05 -0.005)
(0.26375 0.05 -0.005)
(0.266 0.05 -0.005)
(0.26825 0.05 -0.005)
(0.2705 0.05 -0.005)
(0.27275 0.05 -0.005)
(0.275 0.05 -0.005)
(0.27725 0.05 -0.005)
(0.2795 0.05 -0.005)
(0.28175 0.05 -0.005)
(0.284 0.05 -0.005)
(0.28625 0.05 -0.005)
(0.2885 0.05 -0.005)
(0.29075 0.05 -0.005)
(0.293 0.05 -0.005)
(0.29525 0.05 -0.005)
(0.2975 0.05 -0.005)
(0.29975 0.05 -0.005)
(0.302 0.05 -0.005)
(0.30425 0.05 -0.005)
(0.3065 0.05 -0.005)
(0.30875 0.05 -0.005)
(0.311 0.05 -0.005)
(0.31325 0.05 -0.005)
(0.3155 0.05 -0.005)
(0.31775 0.05 -0.005)
(0.32 0.05 -0.005)
(0.32225 0.05 -0.005)
(0.3245 0.05 -0.005)
(0.32675 0.05 -0.005)
(0.329 0.05 -0.005)
(0.33125 0.05 -0.005)
(0.3335 0.05 -0.005)
(0.33575 0.05 -0.005)
(0.338 0.05 -0.005)
(0.34025 0.05 -0.005)
(0.3425 0.05 -0.005)
(0.34475 0.05 -0.005)
(0.347 0.05 -0.005)
(0.34925 0.05 -0.005)
(0.3515 0.05 -0.005)
(0.35375 0.05 -0.005)
(0.356 0.05 -0.005)
(0.35825 0.05 -0.005)
(0.3605 0.05 -0.005)
(0.36275 0.05 -0.005)
(0.365 0.05 -0.005)
(0.36725 0.05 -0.005)
(0.3695 0.05 -0.005)
(0.37175 0.05 -0.005)
(0.374 0.05 -0.005)
(0.37625 0.05 -0.005)
(0.3785 0.05 -0.005)
(0.38075 0.05 -0.005)
(0.383 0.05 -0.005)
(0.38525 0.05 -0.005)
(0.3875 0.05 -0.005)
(0.38975 0.05 -0.005)
(0.392 0.05 -0.005)
(0.39425 0.05 -0.005)
(0.3965 0.05 -0.005)
(0.39875 0.05 -0.005)
(0.401 0.05 -0.005)
(0.40325 0.05 -0.005)
(0.4055 0.05 -0.005)
(0.40775 0.05 -0.005)
(0.41 0.05 -0.005)
(0.41225 0.05 -0.005)
(0.4145 0.05 -0.005)
(0.41675 0.05 -0.005)
(0.419 0.05 -0.005)
(0.42125 0.05 -0.005)
(0.4235 0.05 -0.005)
(0.42575 0.05 -0.005)
(0.428 0.05 -0.005)
(0.43025 0.05 -0.005)
(0.4325 0.05 -0.005)
(0.43475 0.05 -0.005)
(0.437 0.05 -0.005)
(0.43925 0.05 -0.005)
(0.4415 0.05 -0.005)
(0.44375 0.05 -0.005)
(0.446 0.05 -0.005)
(0.44825 0.05 -0.005)
(0.4505 0.05 -0.005)
(0.45275 0.05 -0.005)
(0.455 0.05 -0.005)
(0.45725 0.05 -0.005)
(0.4595 0.05 -0.005)
(0.46175 0.05 -0.005)
(0.464 0.05 -0.005)
(0.46625 0.05 -0.005)
(0.4685 0.05 -0.005)
(0.47075 0.05 -0.005)
(0.473 0.05 -0.005)
(0.47525 0.05 -0.005)
(0.4775 0.05 -0.005)
(0.47975 0.05 -0.005)
(0.482 0.05 -0.005)
(0.48425 0.05 -0.005)
(0.4865 0.05 -0.005)
(0.48875 0.05 -0.005)
(0.491 0.05 -0.005)
(0.49325 0.05 -0.005)
(0.4955 0.05 -0.005)
(0.49775 0.05 -0.005)
(0.5 0.05 -0.005)
)


// ************************************************************************* //
