/*--------------------------------*- C++ -*----------------------------------*\
  =========                 |
  \\      /  F ield         | OpenFOAM: The Open Source CFD Toolbox
   \\    /   O peration     | Website:  https://openfoam.org
    \\  /    A nd           | Version:  13
     \\/     M anipulation  |
\*---------------------------------------------------------------------------*/
FoamFile
{
    format      ascii;
    class       volVectorField;
    location    "60";
    object      U;
}
// * * * * * * * * * * * * * * * * * * * * * * * * * * * * * * * * * * * * * //

dimensions      [0 1 -1 0 0 0 0];

internalField   nonuniform List<vector> 
10500
(
(0.004020947 7.8868272e-05 0)
(0.0039853834 0.00020047654 0)
(0.0038754218 0.00027438507 0)
(0.0037025994 0.0003129141 0)
(0.0035090081 0.00033897462 0)
(0.0033104784 0.00035523383 0)
(0.0031085552 0.00036266001 0)
(0.0029030021 0.00036136326 0)
(0.002697723 0.00034212889 0)
(0.0025008085 0.00029914138 0)
(0.0023223472 0.00024407048 0)
(0.0021633256 0.00018880738 0)
(0.0020215415 0.00014041593 0)
(0.0018969399 9.8937483e-05 0)
(0.0017877652 6.6134224e-05 0)
(0.0016925049 4.1102909e-05 0)
(0.0016092927 2.2319399e-05 0)
(0.001536166 8.8407721e-06 0)
(0.0014724083 -2.7778564e-07 0)
(0.0014174186 -6.3009366e-06 0)
(0.0013701449 -1.0327697e-05 0)
(0.0013301918 -1.341479e-05 0)
(0.0012972151 -1.6102078e-05 0)
(0.0012709286 -1.8790692e-05 0)
(0.0012510893 -2.1913222e-05 0)
(0.0012379046 -2.5831476e-05 0)
(0.0012323536 -3.1485748e-05 0)
(0.0012355642 -4.0671411e-05 0)
(0.0012755067 -7.0764133e-05 0)
(0.0011294275 -0.00013916155 0)
(0.0041333839 9.9421724e-05 0)
(0.0041754693 0.0002371556 0)
(0.0042305148 0.00031779238 0)
(0.0042697824 0.00036764765 0)
(0.0042965975 0.00040176102 0)
(0.0043175764 0.00042541274 0)
(0.0043315041 0.00044169219 0)
(0.0043377502 0.00045350018 0)
(0.0043359457 0.00045471341 0)
(0.004321208 0.00044936113 0)
(0.0042907199 0.00043792509 0)
(0.0042460093 0.00042044708 0)
(0.0041896059 0.00039859943 0)
(0.0041243447 0.0003743244 0)
(0.0040526699 0.0003491111 0)
(0.0039769539 0.00032380703 0)
(0.0038990043 0.0002990938 0)
(0.003820764 0.00027300414 0)
(0.003743428 0.00024459061 0)
(0.0036692547 0.00021666023 0)
(0.0035988685 0.00018941393 0)
(0.0035324881 0.00016251982 0)
(0.0034703534 0.00013697201 0)
(0.0034128515 0.00011259181 0)
(0.0033601328 8.8775451e-05 0)
(0.0033118564 6.4688249e-05 0)
(0.0032687609 3.931428e-05 0)
(0.0032247673 1.1272593e-05 0)
(0.0032090232 -2.1525487e-05 0)
(0.003032241 -7.8971945e-05 0)
(0.004127405 3.8257405e-05 0)
(0.0041445082 0.00010898134 0)
(0.0041802343 0.00017000325 0)
(0.0042241752 0.00022296391 0)
(0.0042693497 0.00026890642 0)
(0.0043134267 0.00030749332 0)
(0.0043559599 0.00033868275 0)
(0.0043971055 0.00036295888 0)
(0.0044359509 0.00038022883 0)
(0.0044707403 0.00039060534 0)
(0.0045020482 0.00039339862 0)
(0.004529414 0.00038961582 0)
(0.0045483603 0.00038121754 0)
(0.0045622623 0.00036954517 0)
(0.0045712661 0.00035616419 0)
(0.0045756543 0.0003414114 0)
(0.0045758032 0.00032672312 0)
(0.0045722515 0.00031185658 0)
(0.0045640354 0.0002963635 0)
(0.0045512898 0.00027998389 0)
(0.0045344868 0.00026264657 0)
(0.0045141929 0.00024388365 0)
(0.0044909535 0.00022424588 0)
(0.0044652467 0.000204066 0)
(0.0044372084 0.00018336629 0)
(0.0044066361 0.00016254314 0)
(0.0043736726 0.0001416849 0)
(0.0043352231 0.00011889687 0)
(0.0043040963 9.7163995e-05 0)
(0.0041985523 5.7819143e-05 0)
(0.0041265801 2.754728e-05 0)
(0.0041361249 8.1165883e-05 0)
(0.0041557796 0.00013005156 0)
(0.0041822098 0.00017271002 0)
(0.0042126069 0.00020933698 0)
(0.0042458128 0.00024042722 0)
(0.0042812633 0.00026626529 0)
(0.0043182543 0.00028707975 0)
(0.0043558944 0.0003030474 0)
(0.0043932665 0.00031440121 0)
(0.0044295063 0.00032138881 0)
(0.0044635506 0.00032474716 0)
(0.0044951175 0.00032525097 0)
(0.0045230862 0.00032353251 0)
(0.0045499487 0.00031941243 0)
(0.0045709828 0.00031268437 0)
(0.0045895105 0.00030430756 0)
(0.0046060004 0.00029489898 0)
(0.0046207531 0.00028421814 0)
(0.0046328539 0.00027303158 0)
(0.0046429076 0.00026017385 0)
(0.0046510339 0.00024596902 0)
(0.0046554208 0.00023116487 0)
(0.0046574638 0.00021608212 0)
(0.0046568622 0.00020102346 0)
(0.0046533678 0.0001861278 0)
(0.0046467692 0.00017157162 0)
(0.0046367359 0.00015791856 0)
(0.0046235955 0.00014696794 0)
(0.0045978647 0.00013502447 0)
(0.0041255293 1.8978845e-05 0)
(0.0041305389 5.6310596e-05 0)
(0.0041420133 9.153645e-05 0)
(0.0041587787 0.0001236692 0)
(0.0041793504 0.00015243974 0)
(0.0042027817 0.00017782276 0)
(0.0042284872 0.00019976613 0)
(0.0042559098 0.00021823456 0)
(0.0042844632 0.00023326743 0)
(0.0043136002 0.00024500446 0)
(0.0043428202 0.00025367046 0)
(0.0043716295 0.00025955452 0)
(0.0043996778 0.00026292774 0)
(0.0044266045 0.00026397711 0)
(0.0044525982 0.00026303304 0)
(0.0044772612 0.00026061187 0)
(0.0045004466 0.0002566845 0)
(0.0045220134 0.00025125452 0)
(0.0045418876 0.00024452855 0)
(0.0045601158 0.00023681931 0)
(0.0045767332 0.00022830422 0)
(0.0045915559 0.00021923254 0)
(0.0046045251 0.00020987085 0)
(0.0046156236 0.00020025532 0)
(0.0046247238 0.00019074167 0)
(0.0046320448 0.00018190143 0)
(0.0046374998 0.00017378434 0)
(0.0046406691 0.00016616168 0)
(0.004642235 0.00016006126 0)
(0.0046440086 0.00015559165 0)
(0.0041252434 1.4121613e-05 0)
(0.0041286207 4.2151723e-05 0)
(0.0041363851 6.920094e-05 0)
(0.0041479701 9.4548335e-05 0)
(0.0041625317 0.00011776057 0)
(0.0041794439 0.00013860726 0)
(0.0041982718 0.0001569485 0)
(0.0042186169 0.00017270876 0)
(0.0042400687 0.00018588418 0)
(0.0042622329 0.00019653826 0)
(0.0042847559 0.00020478865 0)
(0.0043073348 0.00021079871 0)
(0.0043297302 0.0002147725 0)
(0.0043517618 0.00021691469 0)
(0.0043732718 0.00021744143 0)
(0.0043941377 0.00021655464 0)
(0.0044142719 0.00021438252 0)
(0.0044335983 0.00021105271 0)
(0.0044520234 0.00020672529 0)
(0.004469469 0.00020157988 0)
(0.0044858811 0.00019576012 0)
(0.0045012043 0.00018940633 0)
(0.0045154117 0.00018266221 0)
(0.0045285075 0.00017567003 0)
(0.0045405041 0.00016861041 0)
(0.0045515445 0.00016172772 0)
(0.0045618149 0.0001553462 0)
(0.0045716702 0.00014974195 0)
(0.0045801921 0.00014510577 0)
(0.0045931406 0.00014235798 0)
(0.004125056 1.0752239e-05 0)
(0.0041274454 3.2124934e-05 0)
(0.0041329588 5.2909431e-05 0)
(0.0041412851 7.2639189e-05 0)
(0.0041519386 9.0982964e-05 0)
(0.0041645442 0.00010773097 0)
(0.0041788088 0.00012274459 0)
(0.0041944398 0.00013593397 0)
(0.0042111305 0.00014725738 0)
(0.0042285835 0.00015672088 0)
(0.0042465284 0.00016437274 0)
(0.0042647277 0.00017029584 0)
(0.0042829769 0.00017459816 0)
(0.0043011042 0.00017739882 0)
(0.0043189642 0.00017881992 0)
(0.0043364434 0.00017899342 0)
(0.0043534605 0.00017804995 0)
(0.004369949 0.00017610957 0)
(0.0043858432 0.00017328827 0)
(0.0044010867 0.00016970716 0)
(0.0044156444 0.00016548826 0)
(0.0044295037 0.00016075563 0)
(0.0044426714 0.00015563893 0)
(0.004455175 0.00015026788 0)
(0.0044670593 0.00014477015 0)
(0.0044784069 0.00013927444 0)
(0.0044892877 0.00013390007 0)
(0.0045000797 0.00012875731 0)
(0.0045100136 0.00012378015 0)
(0.0045242254 0.00012010363 0)
(0.0041249418 8.3042708e-06 0)
(0.0041267266 2.4829226e-05 0)
(0.004130848 4.0982938e-05 0)
(0.0041371104 5.6461269e-05 0)
(0.0041452048 7.1026068e-05 0)
(0.0041548947 8.4502624e-05 0)
(0.0041659851 9.6760562e-05 0)
(0.0041782692 0.00010770613 0)
(0.0041915254 0.00011728229 0)
(0.0042055354 0.00012546775 0)
(0.0042200954 0.00013227284 0)
(0.0042350195 0.00013773379 0)
(0.0042501405 0.0001419071 0)
(0.0042653118 0.0001448642 0)
(0.0042804077 0.00014668691 0)
(0.0042953224 0.0001474645 0)
(0.0043099681 0.00014728817 0)
(0.0043242729 0.00014624715 0)
(0.0043381778 0.0001444309 0)
(0.004351638 0.00014193156 0)
(0.0043646239 0.00013884212 0)
(0.0043771222 0.00013525303 0)
(0.0043891347 0.00013125063 0)
(0.0044006808 0.00012691533 0)
(0.0044117967 0.00012231975 0)
(0.0044225487 0.00011752787 0)
(0.0044329889 0.00011258663 0)
(0.0044433813 0.00010754404 0)
(0.004453152 0.00010226772 0)
(0.0044658291 9.7683298e-05 0)
(0.0041248658 6.4427896e-06 0)
(0.0041262509 1.9271629e-05 0)
(0.0041294491 3.1851257e-05 0)
(0.0041343246 4.3974782e-05 0)
(0.0041406648 5.5471737e-05 0)
(0.0041483144 6.6207442e-05 0)
(0.0041571445 7.6074792e-05 0)
(0.0041670113 8.4992203e-05 0)
(0.0041777549 9.2904169e-05 0)
(0.0041892138 9.9780391e-05 0)
(0.0042012341 0.00010561318 0)
(0.0042136709 0.00011041421 0)
(0.0042263902 0.00011421122 0)
(0.00423927 0.00011704467 0)
(0.0042522015 0.00011896445 0)
(0.0042650892 0.00012002696 0)
(0.0042778509 0.00012029269 0)
(0.0042904175 0.0001198243 0)
(0.0043027318 0.00011868562 0)
(0.0043147485 0.00011694069 0)
(0.0043264343 0.00011465239 0)
(0.0043377689 0.00011188069 0)
(0.0043487446 0.00010868106 0)
(0.0043593678 0.00010510291 0)
(0.004369657 0.00010118719 0)
(0.0043796504 9.6964146e-05 0)
(0.0043893725 9.2445792e-05 0)
(0.0043989829 8.7640472e-05 0)
(0.0044080609 8.241913e-05 0)
(0.004418938 7.7453535e-05 0)
(0.0041248136 4.9753673e-06 0)
(0.0041259252 1.4886593e-05 0)
(0.0041284913 2.46258e-05 0)
(0.0041324119 3.4049537e-05 0)
(0.0041375315 4.3036454e-05 0)
(0.0041437431 5.1486425e-05 0)
(0.0041509593 5.9315965e-05 0)
(0.0041590779 6.645811e-05 0)
(0.0041679809 7.2863556e-05 0)
(0.0041775472 7.850046e-05 0)
(0.0041876584 8.3353027e-05 0)
(0.0041982007 8.7419643e-05 0)
(0.004209066 9.071089e-05 0)
(0.0042201532 9.3247456e-05 0)
(0.0042313695 9.5058032e-05 0)
(0.004242631 9.6177337e-05 0)
(0.0042538635 9.6644321e-05 0)
(0.0042650019 9.6500484e-05 0)
(0.0042759904 9.5788401e-05 0)
(0.0042867827 9.4550482e-05 0)
(0.0042973415 9.282774e-05 0)
(0.0043076391 9.0658352e-05 0)
(0.0043176573 8.8076052e-05 0)
(0.0043273869 8.510839e-05 0)
(0.004336827 8.1774659e-05 0)
(0.0043459882 7.8084178e-05 0)
(0.0043548705 7.4031343e-05 0)
(0.0043635606 6.9607229e-05 0)
(0.0043717545 6.4706839e-05 0)
(0.0043809673 5.9802804e-05 0)
(0.0041247772 3.7800148e-06 0)
(0.0041256984 1.1312349e-05 0)
(0.0041278247 1.8724855e-05 0)
(0.0041310781 2.5917353e-05 0)
(0.0041353391 3.2803686e-05 0)
(0.0041405298 3.9310723e-05 0)
(0.0041465886 4.537546e-05 0)
(0.0041534406 5.0945472e-05 0)
(0.0041609971 5.5980155e-05 0)
(0.0041691644 6.0450868e-05 0)
(0.0041778499 6.434016e-05 0)
(0.0041869624 6.7640691e-05 0)
(0.0041964134 7.0354036e-05 0)
(0.0042061181 7.2489381e-05 0)
(0.0042159965 7.406214e-05 0)
(0.0042259747 7.509255e-05 0)
(0.004235985 7.5604303e-05 0)
(0.0042459659 7.5623245e-05 0)
(0.0042558631 7.5176152e-05 0)
(0.0042656285 7.4289578e-05 0)
(0.0042752211 7.2988691e-05 0)
(0.0042846062 7.129603e-05 0)
(0.0042937556 6.9230178e-05 0)
(0.004302647 6.6804397e-05 0)
(0.0043112629 6.4025125e-05 0)
(0.0043195926 6.0890821e-05 0)
(0.0043276177 5.7388654e-05 0)
(0.0043353731 5.3502917e-05 0)
(0.0043426417 4.9151276e-05 0)
(0.0043503612 4.4650014e-05 0)
(0.0041247519 2.7740422e-06 0)
(0.0041255408 8.3030018e-06 0)
(0.0041273617 1.3749599e-05 0)
(0.0041301507 1.9044892e-05 0)
(0.0041338112 2.4128955e-05 0)
(0.0041382834 2.8949998e-05 0)
(0.0041435222 3.3462418e-05 0)
(0.0041494703 3.7627284e-05 0)
(0.0041560581 4.1413366e-05 0)
(0.004163211 4.4797377e-05 0)
(0.0041708539 4.7763579e-05 0)
(0.0041789116 5.0303156e-05 0)
(0.0041873097 5.2413518e-05 0)
(0.0041959752 5.4097491e-05 0)
(0.0042048381 5.5362415e-05 0)
(0.0042138316 5.6219189e-05 0)
(0.0042228933 5.6681306e-05 0)
(0.0042319647 5.6763895e-05 0)
(0.0042409922 5.6482777e-05 0)
(0.0042499265 5.5853531e-05 0)
(0.0042587228 5.4890542e-05 0)
(0.0042673408 5.3606039e-05 0)
(0.0042757441 5.2009088e-05 0)
(0.0042838997 5.0104578e-05 0)
(0.0042917772 4.7892119e-05 0)
(0.0042993498 4.5365214e-05 0)
(0.0043065846 4.2508991e-05 0)
(0.0043134792 3.9305965e-05 0)
(0.0043198797 3.569348e-05 0)
(0.0043263096 3.1869548e-05 0)
(0.0041247348 1.8981103e-06 0)
(0.0041254346 5.681805e-06 0)
(0.0041270495 9.4117359e-06 0)
(0.0041295249 1.3042867e-05 0)
(0.0041327787 1.6535785e-05 0)
(0.0041367624 1.9856019e-05 0)
(0.0041414406 2.2972769e-05 0)
(0.0041467674 2.585927e-05 0)
(0.0041526855 2.8493536e-05 0)
(0.0041591327 3.0858576e-05 0)
(0.0041660455 3.2942211e-05 0)
(0.0041733596 3.4736725e-05 0)
(0.00418101 3.6238463e-05 0)
(0.004188932 3.7447353e-05 0)
(0.0041970624 3.8366336e-05 0)
(0.0042053398 3.9000758e-05 0)
(0.0042137053 3.9357724e-05 0)
(0.0042221025 3.9445446e-05 0)
(0.0042304782 3.9272576e-05 0)
(0.004238782 3.8847543e-05 0)
(0.0042469663 3.8177873e-05 0)
(0.0042549863 3.7269503e-05 0)
(0.0042627991 3.6126073e-05 0)
(0.0042703641 3.474822e-05 0)
(0.0042776411 3.3132816e-05 0)
(0.0042845913 3.1272404e-05 0)
(0.0042911713 2.9153687e-05 0)
(0.0042973521 2.6761194e-05 0)
(0.004303024 2.4050496e-05 0)
(0.00430842 2.1135074e-05 0)
(0.0041247242 1.1069886e-06 0)
(0.0041253688 3.3138637e-06 0)
(0.0041268563 5.4903217e-06 0)
(0.0041291375 7.6108749e-06 0)
(0.0041321388 9.6531248e-06 0)
(0.0041358184 1.159734e-05 0)
(0.0041401465 1.342573e-05 0)
(0.0041450838 1.5122666e-05 0)
(0.0041505805 1.6675116e-05 0)
(0.0041565816 1.8072798e-05 0)
(0.0041630309 1.9308087e-05 0)
(0.0041698704 2.0375851e-05 0)
(0.0041770412 2.1273239e-05 0)
(0.0041844837 2.1999425e-05 0)
(0.004192139 2.2555299e-05 0)
(0.004199949 2.2943127e-05 0)
(0.0042078569 2.3166181e-05 0)
(0.0042158079 2.3228362e-05 0)
(0.0042237488 2.3133809e-05 0)
(0.0042316283 2.2886507e-05 0)
(0.004239397 2.2489874e-05 0)
(0.0042470068 2.1946362e-05 0)
(0.004254411 2.125703e-05 0)
(0.0042615632 2.0421127e-05 0)
(0.0042684172 1.9435643e-05 0)
(0.0042749259 1.8294977e-05 0)
(0.0042810392 1.699005e-05 0)
(0.0042867103 1.5510322e-05 0)
(0.0042918576 1.3829152e-05 0)
(0.0042965282 1.200279e-05 0)
(0.0041247192 3.6381334e-07 0)
(0.0041253374 1.0891339e-06 0)
(0.0041267639 1.8046001e-06 0)
(0.0041289521 2.5019578e-06 0)
(0.0041318324 3.1739395e-06 0)
(0.004135366 3.8141214e-06 0)
(0.0041395258 4.4166867e-06 0)
(0.0041442754 4.9764987e-06 0)
(0.0041495684 5.4892442e-06 0)
(0.0041553535 5.9514854e-06 0)
(0.0041615775 6.3606348e-06 6.7012462e-37)
(0.0041681859 6.7149034e-06 0)
(0.0041751223 7.0132371e-06 0)
(0.0041823297 7.2552356e-06 0)
(0.0041897512 7.4410549e-06 0)
(0.0041973303 7.571297e-06 0)
(0.0042050113 7.6468906e-06 0)
(0.00421274 7.6689674e-06 0)
(0.0042204633 7.6387338e-06 0)
(0.0042281293 7.5573395e-06 0)
(0.0042356878 7.4257438e-06 1.6126876e-37)
(0.0042430891 7.2445787e-06 -1.6063986e-37)
(0.0042502843 7.0140107e-06 0)
(0.0042572244 6.7336009e-06 1.5943772e-37)
(0.00426386 6.4021578e-06 0)
(0.00427014 6.0176245e-06 3.1667755e-37)
(0.0042760107 5.5767895e-06 0)
(0.0042814168 5.0759277e-06 3.1476002e-37)
(0.0042862899 4.5061532e-06 0)
(0.0042905871 3.8843088e-06 0)
(0.0041247192 -3.6384302e-07 0)
(0.0041253374 -1.0892349e-06 0)
(0.0041267639 -1.8047845e-06 0)
(0.0041289521 -2.5022356e-06 0)
(0.0041318324 -3.1743193e-06 0)
(0.004135366 -3.8146097e-06 0)
(0.0041395258 -4.4172871e-06 0)
(0.0041442754 -4.9772121e-06 0)
(0.0041495684 -5.4900688e-06 0)
(0.0041553534 -5.952417e-06 0)
(0.0041615775 -6.3616669e-06 -6.7012461e-37)
(0.0041681858 -6.7160274e-06 0)
(0.0041751222 -7.0144427e-06 0)
(0.0041823297 -7.2565109e-06 0)
(0.0041897512 -7.4423872e-06 0)
(0.0041973302 -7.5726729e-06 0)
(0.0042050113 -7.6482965e-06 0)
(0.00421274 -7.6703901e-06 0)
(0.0042204632 -7.6401607e-06 0)
(0.0042281293 -7.5587592e-06 0)
(0.0042356877 -7.4271462e-06 -1.6126876e-37)
(0.004243089 -7.2459558e-06 1.6063985e-37)
(0.0042502842 -7.0153564e-06 0)
(0.0042572243 -6.7349118e-06 -1.5943772e-37)
(0.0042638599 -6.4034333e-06 0)
(0.0042701399 -6.0188666e-06 -3.1667754e-37)
(0.0042760106 -5.5780033e-06 0)
(0.0042814167 -5.0771214e-06 -3.1476002e-37)
(0.0042862898 -4.507338e-06 0)
(0.004290587 -3.8854989e-06 0)
(0.0041247242 -1.1070179e-06 0)
(0.0041253688 -3.3139637e-06 0)
(0.0041268563 -5.490504e-06 0)
(0.0041291375 -7.6111496e-06 0)
(0.0041321388 -9.6535002e-06 0)
(0.0041358184 -1.1597823e-05 0)
(0.0041401465 -1.3426323e-05 0)
(0.0041450838 -1.5123371e-05 0)
(0.0041505804 -1.6675931e-05 0)
(0.0041565816 -1.8073718e-05 0)
(0.0041630308 -1.9309106e-05 0)
(0.0041698703 -2.0376961e-05 0)
(0.0041770411 -2.127443e-05 0)
(0.0041844837 -2.2000684e-05 0)
(0.0041921389 -2.2556614e-05 0)
(0.0041999489 -2.2944485e-05 0)
(0.0042078568 -2.3167568e-05 0)
(0.0042158078 -2.3229765e-05 0)
(0.0042237487 -2.3135217e-05 0)
(0.0042316282 -2.2887906e-05 0)
(0.0042393968 -2.2491257e-05 0)
(0.0042470066 -2.1947719e-05 0)
(0.0042544108 -2.1258356e-05 0)
(0.004261563 -2.0422417e-05 0)
(0.004268417 -1.9436898e-05 0)
(0.0042749257 -1.8296197e-05 0)
(0.004281039 -1.6991241e-05 0)
(0.0042867101 -1.5511492e-05 0)
(0.0042918573 -1.3830311e-05 0)
(0.0042965279 -1.2003952e-05 0)
(0.0041247348 -1.898139e-06 0)
(0.0041254346 -5.6819027e-06 0)
(0.0041270495 -9.4119141e-06 0)
(0.0041295249 -1.3043136e-05 0)
(0.0041327787 -1.6536152e-05 0)
(0.0041367624 -1.9856491e-05 0)
(0.0041414405 -2.2973348e-05 0)
(0.0041467673 -2.5859958e-05 0)
(0.0041526854 -2.8494331e-05 0)
(0.0041591326 -3.0859474e-05 0)
(0.0041660455 -3.2943205e-05 0)
(0.0041733595 -3.4737807e-05 0)
(0.0041810099 -3.6239624e-05 0)
(0.0041889319 -3.7448579e-05 0)
(0.0041970623 -3.8367617e-05 0)
(0.0042053397 -3.900208e-05 0)
(0.0042137051 -3.9359075e-05 0)
(0.0042221023 -3.9446811e-05 0)
(0.004230478 -3.9273945e-05 0)
(0.0042387817 -3.8848904e-05 0)
(0.004246966 -3.8179216e-05 0)
(0.0042549859 -3.727082e-05 0)
(0.0042627988 -3.6127359e-05 0)
(0.0042703637 -3.474947e-05 0)
(0.0042776407 -3.3134029e-05 0)
(0.0042845909 -3.1273582e-05 0)
(0.0042911709 -2.9154834e-05 0)
(0.0042973516 -2.6762318e-05 0)
(0.0043030235 -2.4051606e-05 0)
(0.0043084195 -2.1136183e-05 0)
(0.0041247519 -2.77407e-06 0)
(0.0041255408 -8.3030963e-06 0)
(0.0041273617 -1.3749771e-05 0)
(0.0041301507 -1.9045151e-05 0)
(0.0041338111 -2.4129309e-05 0)
(0.0041382834 -2.8950453e-05 0)
(0.0041435221 -3.3462976e-05 0)
(0.0041494702 -3.7627947e-05 0)
(0.004156058 -4.1414132e-05 0)
(0.0041632109 -4.4798242e-05 0)
(0.0041708538 -4.7764536e-05 0)
(0.0041789115 -5.0304197e-05 0)
(0.0041873096 -5.2414634e-05 0)
(0.0041959751 -5.4098671e-05 0)
(0.0042048379 -5.5363647e-05 0)
(0.0042138314 -5.622046e-05 0)
(0.004222893 -5.6682602e-05 0)
(0.0042319644 -5.6765205e-05 0)
(0.0042409919 -5.648409e-05 0)
(0.0042499261 -5.5854834e-05 0)
(0.0042587224 -5.4891827e-05 0)
(0.0042673404 -5.3607298e-05 0)
(0.0042757436 -5.2010315e-05 0)
(0.0042838992 -5.0105769e-05 0)
(0.0042917767 -4.7893272e-05 0)
(0.0042993492 -4.5366331e-05 0)
(0.004306584 -4.2510075e-05 0)
(0.0043134785 -3.9307023e-05 0)
(0.004319879 -3.569452e-05 0)
(0.0043263089 -3.1870581e-05 0)
(0.0041247772 -3.7800413e-06 0)
(0.0041256984 -1.131244e-05 0)
(0.0041278247 -1.8725019e-05 0)
(0.0041310781 -2.59176e-05 0)
(0.0041353391 -3.2804023e-05 0)
(0.0041405297 -3.9311156e-05 0)
(0.0041465885 -4.5375991e-05 0)
(0.0041534406 -5.0946103e-05 0)
(0.004160997 -5.5980884e-05 0)
(0.0041691643 -6.0451689e-05 0)
(0.0041778498 -6.4341069e-05 0)
(0.0041869622 -6.7641679e-05 0)
(0.0041964132 -7.0355094e-05 0)
(0.0042061178 -7.2490498e-05 0)
(0.0042159963 -7.4063306e-05 0)
(0.0042259745 -7.5093752e-05 0)
(0.0042359846 -7.5605529e-05 0)
(0.0042459656 -7.5624483e-05 0)
(0.0042558626 -7.5177391e-05 0)
(0.0042656281 -7.4290807e-05 0)
(0.0042752206 -7.2989901e-05 0)
(0.0042846057 -7.1297214e-05 0)
(0.0042937551 -6.9231329e-05 0)
(0.0043026464 -6.6805512e-05 0)
(0.0043112622 -6.4026201e-05 0)
(0.0043195919 -6.089186e-05 0)
(0.004327617 -5.7389659e-05 0)
(0.0043353723 -5.3503892e-05 0)
(0.0043426409 -4.9152229e-05 0)
(0.0043503603 -4.4650954e-05 0)
(0.0041248136 -4.9753925e-06 0)
(0.0041259252 -1.4886678e-05 0)
(0.0041284913 -2.4625955e-05 0)
(0.0041324119 -3.404977e-05 0)
(0.0041375315 -4.3036771e-05 0)
(0.0041437431 -5.1486832e-05 0)
(0.0041509593 -5.9316464e-05 0)
(0.0041590778 -6.6458702e-05 0)
(0.0041679808 -7.2864239e-05 0)
(0.0041775471 -7.850123e-05 0)
(0.0041876582 -8.3353877e-05 0)
(0.0041982005 -8.7420567e-05 0)
(0.0042090658 -9.0711879e-05 0)
(0.004220153 -9.3248499e-05 0)
(0.0042313692 -9.5059119e-05 0)
(0.0042426307 -9.6178456e-05 0)
(0.0042538631 -9.6645461e-05 0)
(0.0042650014 -9.6501634e-05 0)
(0.00427599 -9.578955e-05 0)
(0.0042867822 -9.4551622e-05 0)
(0.0042973409 -9.282886e-05 0)
(0.0043076385 -9.0659445e-05 0)
(0.0043176566 -8.8077113e-05 0)
(0.0043273862 -8.5109415e-05 0)
(0.0043368262 -8.1775645e-05 0)
(0.0043459874 -7.8085126e-05 0)
(0.0043548696 -7.4032255e-05 0)
(0.0043635596 -6.9608108e-05 0)
(0.0043717536 -6.4707692e-05 0)
(0.0043809663 -5.9803637e-05 0)
(0.0041248658 -6.4428132e-06 0)
(0.0041262509 -1.9271708e-05 0)
(0.0041294491 -3.1851401e-05 0)
(0.0041343246 -4.3974998e-05 0)
(0.0041406648 -5.5472032e-05 0)
(0.0041483143 -6.6207819e-05 0)
(0.0041571445 -7.6075253e-05 0)
(0.0041670113 -8.499275e-05 0)
(0.0041777548 -9.2904798e-05 0)
(0.0041892137 -9.97811e-05 0)
(0.0042012339 -0.00010561396 0)
(0.0042136707 -0.00011041506 0)
(0.00422639 -0.00011421213 0)
(0.0042392697 -0.00011704562 0)
(0.0042522012 -0.00011896545 0)
(0.0042650888 -0.00012002799 0)
(0.0042778505 -0.00012029373 0)
(0.004290417 -0.00011982535 0)
(0.0043027312 -0.00011868666 0)
(0.0043147479 -0.00011694172 0)
(0.0043264337 -0.00011465341 0)
(0.0043377682 -0.00011188168 0)
(0.0043487439 -0.00010868202 0)
(0.004359367 -0.00010510383 0)
(0.0043696562 -0.00010118807 0)
(0.0043796495 -9.6964991e-05 0)
(0.0043893715 -9.24466e-05 0)
(0.0043989819 -8.7641246e-05 0)
(0.0044080599 -8.2419874e-05 0)
(0.0044189368 -7.7454253e-05 0)
(0.0041249418 -8.3042927e-06 0)
(0.0041267266 -2.48293e-05 0)
(0.004130848 -4.098307e-05 0)
(0.0041371104 -5.6461466e-05 0)
(0.0041452048 -7.1026336e-05 0)
(0.0041548946 -8.4502967e-05 0)
(0.004165985 -9.6760982e-05 0)
(0.0041782691 -0.00010770663 0)
(0.0041915253 -0.00011728286 0)
(0.0042055353 -0.0001254684 0)
(0.0042200953 -0.00013227355 0)
(0.0042350193 -0.00013773456 0)
(0.0042501402 -0.00014190792 0)
(0.0042653115 -0.00014486506 0)
(0.0042804074 -0.0001466878 0)
(0.004295322 -0.00014746542 0)
(0.0043099677 -0.0001472891 0)
(0.0043242723 -0.00014624808 0)
(0.0043381772 -0.00014443183 0)
(0.0043516374 -0.00014193248 0)
(0.0043646232 -0.00013884302 0)
(0.0043771214 -0.0001352539 0)
(0.0043891339 -0.00013125148 0)
(0.0044006799 -0.00012691614 0)
(0.0044117958 -0.00012232052 0)
(0.0044225477 -0.00011752861 0)
(0.0044329879 -0.00011258733 0)
(0.0044433802 -0.0001075447 0)
(0.0044531509 -0.00010226835 0)
(0.0044658279 -9.7683897e-05 0)
(0.004125056 -1.0752259e-05 0)
(0.0041274454 -3.2125e-05 0)
(0.0041329588 -5.290955e-05 0)
(0.0041412851 -7.2639366e-05 0)
(0.0041519386 -9.0983205e-05 0)
(0.0041645442 -0.00010773128 0)
(0.0041788088 -0.00012274497 0)
(0.0041944397 -0.00013593441 0)
(0.0042111304 -0.00014725789 0)
(0.0042285833 -0.00015672145 0)
(0.0042465282 -0.00016437337 0)
(0.0042647274 -0.00017029651 0)
(0.0042829766 -0.00017459888 0)
(0.0043011039 -0.00017739958 0)
(0.0043189638 -0.0001788207 0)
(0.0043364429 -0.00017899423 0)
(0.00435346 -0.00017805076 0)
(0.0043699484 -0.00017611039 0)
(0.0043858426 -0.00017328908 0)
(0.004401086 -0.00016970795 0)
(0.0044156437 -0.00016548903 0)
(0.0044295028 -0.00016075637 0)
(0.0044426705 -0.00015563965 0)
(0.0044551741 -0.00015026857 0)
(0.0044670582 -0.0001447708 0)
(0.0044784058 -0.00013927505 0)
(0.0044892865 -0.00013390064 0)
(0.0045000785 -0.00012875785 0)
(0.0045100123 -0.00012378066 0)
(0.004524224 -0.00012010411 0)
(0.0041252434 -1.4121631e-05 0)
(0.0041286207 -4.2151782e-05 0)
(0.004136385 -6.9201046e-05 0)
(0.0041479701 -9.4548492e-05 0)
(0.0041625317 -0.00011776078 0)
(0.0041794438 -0.00013860753 0)
(0.0041982718 -0.00015694882 0)
(0.0042186168 -0.00017270914 0)
(0.0042400686 -0.00018588462 0)
(0.0042622328 -0.00019653875 0)
(0.0042847557 -0.00020478919 0)
(0.0043073346 -0.00021079929 0)
(0.0043297299 -0.00021477312 0)
(0.0043517615 -0.00021691534 0)
(0.0043732714 -0.0002174421 0)
(0.0043941372 -0.00021655532 0)
(0.0044142713 -0.00021438321 0)
(0.0044335978 -0.00021105339 0)
(0.0044520227 -0.00020672597 0)
(0.0044694682 -0.00020158054 0)
(0.0044858803 -0.00019576076 0)
(0.0045012034 -0.00018940695 0)
(0.0045154107 -0.0001826628 0)
(0.0045285065 -0.00017567058 0)
(0.004540503 -0.00016861093 0)
(0.0045515433 -0.0001617282 0)
(0.0045618137 -0.00015534665 0)
(0.0045716689 -0.00014974237 0)
(0.0045801908 -0.00014510616 0)
(0.0045931393 -0.00014235834 0)
(0.0041255293 -1.8978861e-05 0)
(0.0041305389 -5.6310647e-05 0)
(0.0041420133 -9.1536541e-05 0)
(0.0041587787 -0.00012366933 0)
(0.0041793503 -0.00015243992 0)
(0.0042027817 -0.00017782299 0)
(0.0042284871 -0.00019976641 0)
(0.0042559097 -0.00021823488 0)
(0.004284463 -0.0002332678 0)
(0.0043136 -0.00024500488 0)
(0.00434282 -0.00025367092 0)
(0.0043716293 -0.00025955501 0)
(0.0043996775 -0.00026292826 0)
(0.0044266041 -0.00026397765 0)
(0.0044525978 -0.00026303359 0)
(0.0044772607 -0.00026061243 0)
(0.0045004461 -0.00025668506 0)
(0.0045220128 -0.00025125508 0)
(0.0045418869 -0.00024452909 0)
(0.0045601151 -0.00023681983 0)
(0.0045767324 -0.00022830471 0)
(0.004591555 -0.00021923302 0)
(0.0046045241 -0.0002098713 0)
(0.0046156225 -0.00020025573 0)
(0.0046247226 -0.00019074205 0)
(0.0046320437 -0.00018190178 0)
(0.0046374985 -0.00017378466 0)
(0.0046406678 -0.00016616198 0)
(0.0046422336 -0.00016006152 0)
(0.0046440072 -0.00015559189 0)
(0.0041265801 -2.7547294e-05 0)
(0.0041361249 -8.1165926e-05 0)
(0.0041557796 -0.00013005164 0)
(0.0041822098 -0.00017271013 0)
(0.0042126069 -0.00020933713 0)
(0.0042458127 -0.00024042741 0)
(0.0042812633 -0.00026626552 0)
(0.0043182542 -0.00028708002 0)
(0.0043558943 -0.00030304771 0)
(0.0043932663 -0.00031440155 0)
(0.0044295061 -0.00032138917 0)
(0.0044635503 -0.00032474755 0)
(0.0044951172 -0.00032525138 0)
(0.0045230858 -0.00032353293 0)
(0.0045499483 -0.00031941286 0)
(0.0045709823 -0.00031268481 0)
(0.00458951 -0.00030430798 0)
(0.0046059998 -0.00029489938 0)
(0.0046207524 -0.00028421852 0)
(0.0046328531 -0.00027303195 0)
(0.0046429068 -0.00026017419 0)
(0.004651033 -0.00024596933 0)
(0.0046554198 -0.00023116516 0)
(0.0046574627 -0.00021608239 0)
(0.004656861 -0.00020102371 0)
(0.0046533666 -0.00018612803 0)
(0.004646768 -0.00017157182 0)
(0.0046367346 -0.00015791874 0)
(0.0046235942 -0.00014696812 0)
(0.0045978633 -0.00013502461 0)
(0.004127405 -3.8257416e-05 0)
(0.0041445082 -0.00010898137 0)
(0.0041802343 -0.00017000331 0)
(0.0042241751 -0.00022296401 0)
(0.0042693496 -0.00026890654 0)
(0.0043134267 -0.00030749348 0)
(0.0043559599 -0.00033868294 0)
(0.0043971054 -0.00036295909 0)
(0.0044359507 -0.00038022906 0)
(0.0044707401 -0.00039060559 0)
(0.004502048 -0.00039339889 0)
(0.0045294137 -0.0003896161 0)
(0.00454836 -0.00038121782 0)
(0.0045622619 -0.00036954548 0)
(0.0045712656 -0.00035616449 0)
(0.0045756538 -0.00034141169 0)
(0.0045758026 -0.00032672341 0)
(0.0045722508 -0.00031185685 0)
(0.0045640347 -0.00029636375 0)
(0.004551289 -0.00027998412 0)
(0.0045344859 -0.00026264676 0)
(0.004514192 -0.00024388381 0)
(0.0044909525 -0.00022424602 0)
(0.0044652457 -0.00020406613 0)
(0.0044372072 -0.0001833664 0)
(0.0044066349 -0.00016254326 0)
(0.0043736714 -0.00014168501 0)
(0.0043352219 -0.00011889695 0)
(0.004304095 -9.7164063e-05 0)
(0.004198551 -5.781921e-05 0)
(0.0041333839 -9.9421733e-05 0)
(0.0041754693 -0.00023715562 0)
(0.0042305148 -0.00031779243 0)
(0.0042697824 -0.00036764771 0)
(0.0042965975 -0.0004017611 0)
(0.0043175764 -0.00042541285 0)
(0.004331504 -0.00044169232 0)
(0.0043377501 -0.0004535003 0)
(0.0043359455 -0.00045471359 0)
(0.0043212077 -0.00044936131 0)
(0.0042907196 -0.00043792528 0)
(0.0042460089 -0.00042044726 0)
(0.0041896054 -0.0003985996 0)
(0.0041243442 -0.00037432457 0)
(0.0040526693 -0.00034911125 0)
(0.0039769533 -0.00032380718 0)
(0.0038990036 -0.00029909394 0)
(0.0038207632 -0.00027300426 0)
(0.0037434271 -0.00024459069 0)
(0.0036692538 -0.00021666031 0)
(0.0035988676 -0.00018941398 0)
(0.0035324871 -0.00016251986 0)
(0.0034703524 -0.00013697205 0)
(0.0034128505 -0.00011259186 0)
(0.0033601318 -8.8775506e-05 0)
(0.0033118554 -6.468831e-05 0)
(0.0032687599 -3.9314345e-05 0)
(0.0032247663 -1.1272656e-05 0)
(0.0032090221 2.1525429e-05 0)
(0.0030322399 7.8971896e-05 0)
(0.004020947 -7.8868276e-05 0)
(0.0039853834 -0.00020047655 0)
(0.0038754218 -0.00027438509 0)
(0.0037025993 -0.00031291413 0)
(0.003509008 -0.00033897466 0)
(0.0033104783 -0.00035523388 0)
(0.0031085551 -0.00036266006 0)
(0.0029030019 -0.00036136332 0)
(0.0026977227 -0.00034212892 0)
(0.0025008082 -0.0002991414 0)
(0.0023223468 -0.00024407047 0)
(0.0021633252 -0.00018880737 0)
(0.002021541 -0.00014041593 0)
(0.0018969394 -9.893748e-05 0)
(0.0017877647 -6.613423e-05 0)
(0.0016925043 -4.1102923e-05 0)
(0.0016092921 -2.2319424e-05 0)
(0.0015361654 -8.840805e-06 0)
(0.0014724076 2.7774496e-07 0)
(0.0014174179 6.300891e-06 0)
(0.0013701441 1.0327652e-05 0)
(0.0013301911 1.3414746e-05 0)
(0.0012972143 1.6102034e-05 0)
(0.0012709279 1.8790649e-05 0)
(0.0012510885 2.1913181e-05 0)
(0.0012379038 2.5831439e-05 0)
(0.0012323528 3.1485716e-05 0)
(0.0012355633 4.0671393e-05 0)
(0.0012755058 7.0764134e-05 0)
(0.0011294266 0.00013916153 0)
(0.0006401526 8.4957032e-05 6.8709146e-24)
(0.00068345186 -2.2768894e-05 0)
(0.00065468912 -1.3803478e-05 -3.5631097e-22)
(0.00059770695 -6.6805856e-06 3.5813343e-22)
(0.00055882177 -5.2499494e-06 0)
(0.00053972572 -5.0681061e-06 0)
(0.00053101467 -4.4833951e-06 3.3018084e-22)
(0.00052729445 -3.8716758e-06 -6.5100854e-22)
(0.00052716642 -3.4637778e-06 3.2569998e-22)
(0.00053002428 -3.5799409e-06 -1.5015354e-22)
(0.00053503693 -3.4311769e-06 3.0055666e-22)
(0.00054109552 -3.0549717e-06 -1.4906181e-22)
(0.00054734034 -2.4852548e-06 -6.858348e-23)
(0.00055309748 -1.6794386e-06 3.5741337e-23)
(0.00055758882 -6.7355761e-07 1.6482188e-22)
(0.00056018118 4.5254011e-07 -1.0190873e-22)
(0.00056028561 1.3545483e-06 2.720364e-23)
(0.00055763147 2.3469471e-06 -5.7167957e-23)
(0.00055215085 3.2490906e-06 -1.0303632e-22)
(0.00054411452 3.9703892e-06 2.036553e-22)
(0.00053389247 4.4518575e-06 -1.0048649e-22)
(0.00052192972 4.717155e-06 1.8040083e-22)
(0.00050885251 4.7714279e-06 -3.5781878e-22)
(0.00049532726 4.6387834e-06 1.7452316e-22)
(0.00048212469 4.3442496e-06 0)
(0.00047010542 3.8596499e-06 0)
(0.00045983875 3.4941209e-06 1.5679897e-22)
(0.00045457727 5.2975334e-06 -1.561481e-22)
(0.00045949 2.2762831e-06 0)
(0.00036437418 -0.00010551784 -2.0272242e-24)
(0.0016167196 0.00017602723 -2.0926938e-23)
(0.0016758323 5.4160446e-05 0)
(0.0016642318 4.1444179e-05 -5.8758202e-24)
(0.0015882204 3.7374084e-05 3.6621969e-22)
(0.0015307317 2.3020826e-05 -7.1650812e-22)
(0.0014993754 1.2487329e-05 3.5581653e-22)
(0.0014815928 6.8607154e-06 0)
(0.0014720735 3.1290113e-06 -2.6405973e-24)
(0.0014694065 4.5946101e-08 1.5928719e-22)
(0.0014730093 -2.2396129e-06 -3.1712189e-22)
(0.0014817462 -3.8703494e-06 5.1004307e-24)
(0.0014937656 -4.5898993e-06 1.5393518e-22)
(0.0015072369 -4.6402721e-06 7.0992512e-23)
(0.0015204314 -4.1454007e-06 -7.1034116e-23)
(0.0015318256 -3.0487656e-06 4.1104221e-22)
(0.0015400014 -1.4054284e-06 -4.1101309e-22)
(0.0015438308 4.8270188e-07 -5.9667968e-23)
(0.0015425548 2.689408e-06 5.9619997e-23)
(0.0015355804 4.9312403e-06 1.0789247e-22)
(0.0015229365 7.0117788e-06 -5.4652499e-24)
(0.0015050373 8.8474354e-06 -2.0496562e-22)
(0.0014825876 1.0319055e-05 1.0088675e-22)
(0.001456574 1.1313924e-05 1.4533071e-24)
(0.0014281855 1.1747152e-05 0)
(0.0013988372 1.1483226e-05 1.7213811e-22)
(0.0013702749 1.0218427e-05 -3.3870269e-22)
(0.0013436382 7.7568209e-06 1.6397764e-22)
(0.0013230845 8.8076876e-06 2.4839122e-24)
(0.0013373048 3.3428447e-05 0)
(0.0011086116 -0.00012074911 6.2376963e-24)
(0.0024444465 0.00021206149 1.4049941e-23)
(0.0024747985 7.2517089e-05 0)
(0.0024754665 3.9811859e-05 -3.5690067e-22)
(0.0024146683 4.42374e-05 3.8163095e-22)
(0.0023635661 3.1817087e-05 -1.1315072e-23)
(0.0023313214 1.7836359e-05 0)
(0.00230984 8.2912905e-06 3.3310351e-22)
(0.0022965801 1.0160113e-06 -3.4515531e-22)
(0.0022918632 -5.182938e-06 1.6406012e-22)
(0.0022949886 -9.591858e-06 -1.6949166e-22)
(0.0023040651 -1.2387769e-05 1.5464407e-22)
(0.00231754 -1.3796864e-05 -2.2959337e-22)
(0.0023337137 -1.3739201e-05 7.4816964e-23)
(0.0023506712 -1.2217665e-05 1.1029392e-24)
(0.0023665089 -9.3582678e-06 6.9665004e-22)
(0.0023794764 -5.3492544e-06 -6.9658216e-22)
(0.0023880522 -3.6025462e-07 -9.7145845e-25)
(0.0023910336 5.14943e-06 5.8139858e-23)
(0.0023876302 1.0861058e-05 -1.6922614e-22)
(0.0023774851 1.6420067e-05 1.1098378e-22)
(0.002360663 2.1485629e-05 -9.8753085e-23)
(0.0023376565 2.5795659e-05 1.0177286e-22)
(0.0023093231 2.9131031e-05 -1.8884471e-22)
(0.0022768131 3.1314424e-05 1.941521e-22)
(0.0022415163 3.2175606e-05 0)
(0.0022050988 3.1520772e-05 5.4572195e-24)
(0.0021694016 2.8515976e-05 1.6186549e-22)
(0.0021334919 2.1690145e-05 -1.7173404e-22)
(0.0021528045 5.5466054e-05 0)
(0.0018943238 -0.00011799229 -4.2067805e-24)
(0.0031336613 0.0002028044 2.7150351e-23)
(0.0031432042 9.6342566e-05 -2.4632335e-23)
(0.0031452422 5.123999e-05 -1.1743689e-23)
(0.0030966743 5.1635904e-05 -2.326025e-23)
(0.0030543866 4.1564749e-05 -3.521772e-22)
(0.0030273242 2.5497304e-05 3.6543239e-22)
(0.0030081327 1.2325017e-05 4.8785742e-26)
(0.0029954981 1.8280701e-06 -3.4146102e-22)
(0.0029906123 -6.9803092e-06 5.1968749e-22)
(0.0029932452 -1.4284289e-05 -1.7211287e-22)
(0.0030021493 -1.9521644e-05 1.621338e-22)
(0.0030158746 -2.2458054e-05 -1.5735305e-22)
(0.0030328697 -2.306803e-05 -7.5612089e-23)
(0.0030514117 -2.1385818e-05 7.2198039e-23)
(0.003069689 -1.7528512e-05 9.9342405e-22)
(0.0030859471 -1.1735763e-05 -9.933082e-22)
(0.0030985947 -4.3722837e-06 6.3070512e-23)
(0.0031063106 4.1117352e-06 -6.0134078e-23)
(0.0031081206 1.3220686e-05 -1.1371005e-22)
(0.0031034029 2.2398713e-05 1.1002373e-22)
(0.0030919399 3.1135493e-05 -1.0118677e-22)
(0.0030739028 3.898872e-05 2.9888317e-22)
(0.003049822 4.5579972e-05 -2.0048179e-22)
(0.0030205365 5.0591603e-05 3.8548872e-26)
(0.0029871649 5.3725808e-05 1.758842e-22)
(0.002950897 5.4691468e-05 -1.8659826e-22)
(0.0029144945 5.365532e-05 1.0867694e-23)
(0.0028711046 4.3119362e-05 5.2676429e-24)
(0.0028845113 7.9769677e-05 1.0552549e-23)
(0.0026377616 -7.407752e-05 0)
(0.0036769898 0.00018702653 -2.77639e-23)
(0.0036816285 0.00011145488 2.4365977e-25)
(0.003683646 5.9604325e-05 -3.7736097e-22)
(0.003643191 5.7346751e-05 -7.7519114e-24)
(0.0036083269 4.7398703e-05 6.8828301e-24)
(0.0035879967 2.9620292e-05 3.721022e-22)
(0.0035743934 1.3522437e-05 1.1268956e-23)
(0.0035656773 2.5790606e-07 0)
(0.003563308 -1.1234668e-05 1.4824746e-22)
(0.0035675404 -2.0775923e-05 -1.6492574e-22)
(0.0035774875 -2.7790995e-05 -1.6017216e-22)
(0.0035919774 -3.198843e-05 8.2915729e-23)
(0.0036097511 -3.3265178e-05 4.4815786e-25)
(0.0036293788 -3.1595792e-05 7.2455862e-23)
(0.0036492947 -2.7070724e-05 1.3029199e-21)
(0.0036679246 -1.9942966e-05 -1.3027367e-21)
(0.0036838004 -1.0624824e-05 6.5424863e-23)
(0.0036956533 3.6584083e-07 -6.9437787e-25)
(0.0037024909 1.2411203e-05 5.5711828e-23)
(0.0037036044 2.4856838e-05 -1.1611375e-22)
(0.0036986153 3.7075403e-05 -1.1052824e-22)
(0.0036874686 4.8489661e-05 1.1992527e-22)
(0.0036704134 5.8590353e-05 0)
(0.0036479557 6.6936794e-05 -6.0835473e-24)
(0.0036209087 7.3153996e-05 1.9266248e-22)
(0.0035898381 7.6682151e-05 -4.290664e-24)
(0.0035580847 7.8791286e-05 1.717915e-24)
(0.0035158798 6.8309163e-05 -1.7645024e-22)
(0.0035224499 0.00010089702 -1.076205e-23)
(0.003307394 -2.5630922e-05 0)
(0.0040742128 0.00016912127 0)
(0.0040830015 0.00011777162 2.5537481e-23)
(0.0040865922 6.7684599e-05 0)
(0.0040564995 6.0258058e-05 2.414331e-23)
(0.0040313964 4.8208289e-05 2.391568e-23)
(0.0040195442 2.9014578e-05 0)
(0.0040134257 1.0802199e-05 0)
(0.0040107785 -4.5365422e-06 -3.5574089e-22)
(0.0040131012 -1.785063e-05 5.4160883e-22)
(0.004020941 -2.9014826e-05 -1.7402041e-22)
(0.0040336411 -3.7409338e-05 1.5848336e-22)
(0.004050265 -4.2635442e-05 -1.6892686e-22)
(0.0040698286 -4.4495647e-05 4.869539e-24)
(0.0040911818 -4.2904475e-05 2.3448017e-24)
(0.0041130147 -3.7923028e-05 1.627887e-21)
(0.0041339764 -2.9799226e-05 -1.6275478e-21)
(0.0041527846 -1.8960313e-05 -2.0709209e-24)
(0.0041683084 -5.9720181e-06 -3.966546e-24)
(0.0041796235 8.494093e-06 -1.1525816e-22)
(0.0041860636 2.3721225e-05 1.2244658e-22)
(0.0041872073 3.8993559e-05 -1.097615e-22)
(0.0041828939 5.3649028e-05 3.1412869e-22)
(0.0041732108 6.7095428e-05 -2.1070667e-22)
(0.0041584307 7.880054e-05 0)
(0.0041391425 8.836565e-05 0)
(0.0041154142 9.4966898e-05 -1.1820046e-23)
(0.0040905944 0.00010053606 -2.3041283e-23)
(0.0040544882 9.2978045e-05 0)
(0.0040571139 0.00012106701 0)
(0.0038788783 2.2532272e-05 0)
(0.0043437024 0.00015043495 0)
(0.0043587924 0.00011437987 2.5760858e-23)
(0.0043675377 7.1560492e-05 -4.1988975e-22)
(0.0043503244 5.5947676e-05 3.9725553e-22)
(0.004336817 4.2164293e-05 -4.1296914e-22)
(0.0043343858 2.2796637e-05 7.7119796e-22)
(0.0043365573 3.565291e-06 1.4035506e-23)
(0.0043410851 -1.3110275e-05 -3.74567e-22)
(0.0043494091 -2.7638923e-05 0)
(0.004362234 -3.9878086e-05 -1.7314553e-22)
(0.0043790729 -4.9210982e-05 1.7342252e-22)
(0.0043991514 -5.5142933e-05 -7.590211e-23)
(0.004421684 -5.7391028e-05 8.1139231e-23)
(0.0044457362 -5.5819947e-05 0)
(0.0044702094 -5.0461917e-05 1.9655604e-21)
(0.0044939492 -4.1549897e-05 -1.9651376e-21)
(0.0045158498 -2.9511354e-05 0)
(0.0045349263 -1.4931341e-05 6.3482855e-23)
(0.0045503663 1.4908669e-06 -6.7285013e-23)
(0.004561563 1.900603e-05 1.1689799e-22)
(0.0045681404 3.6853284e-05 -1.1658939e-22)
(0.0045699158 5.4310557e-05 0)
(0.0045669074 7.0740875e-05 -2.0934764e-22)
(0.0045592614 8.5555238e-05 -7.2056939e-24)
(0.0045474325 9.835934e-05 3.9928739e-22)
(0.0045312227 0.00010818416 -1.8424058e-22)
(0.004513598 0.00011712076 1.9989846e-22)
(0.004485446 0.00011404213 -1.7557781e-22)
(0.0044865185 0.00013829907 -1.1563387e-23)
(0.0043467 6.7077433e-05 0)
(0.0045177131 0.00012950495 0)
(0.0045370005 0.0001023983 -2.6541885e-23)
(0.0045514477 6.4757553e-05 2.5579183e-23)
(0.0045468488 4.6177951e-05 0)
(0.0045446032 3.1001844e-05 3.9968474e-22)
(0.0045509857 1.1586648e-05 -9.4827837e-24)
(0.0045610582 -8.2143916e-06 -3.9399922e-22)
(0.0045728339 -2.5774585e-05 0)
(0.0045875565 -4.1071495e-05 0)
(0.0046059548 -5.3959683e-05 0)
(0.004627631 -6.3841342e-05 0)
(0.0046519379 -7.0165713e-05 -7.2660239e-23)
(0.0046782217 -7.2585662e-05 3.1389065e-24)
(0.0047056934 -7.0925785e-05 8.0208653e-23)
(0.0047334064 -6.5191935e-05 2.3257523e-21)
(0.0047603543 -5.5598778e-05 -2.3249772e-21)
(0.0047855696 -4.2565451e-05 6.7785786e-23)
(0.0048081902 -2.6680034e-05 -2.78605e-24)
(0.004827506 -8.6513769e-06 -7.2725719e-23)
(0.0048429871 1.0749566e-05 0)
(0.0048542948 3.0746222e-05 0)
(0.0048612888 5.059582e-05 0)
(0.0048639696 6.9616526e-05 0)
(0.0048624299 8.7197626e-05 -2.0795458e-22)
(0.0048570465 0.00010295385 4.6426825e-24)
(0.0048475559 0.00011590292 2.0143293e-22)
(0.0048363709 0.00012793397 0)
(0.0048161588 0.00012988713 -1.1917982e-23)
(0.0048165703 0.00015138412 1.1878803e-23)
(0.0047129635 0.00010396983 0)
(0.004625136 0.0001075895 5.5546769e-23)
(0.0046467929 8.4366871e-05 0)
(0.0046649277 5.1640833e-05 -3.945166e-22)
(0.0046703043 3.148439e-05 4.2350657e-22)
(0.0046774188 1.4824431e-05 -4.3856419e-22)
(0.004691112 -4.6883956e-06 4.4022539e-22)
(0.004707888 -2.4657316e-05 3.7163404e-22)
(0.0047261294 -4.2655088e-05 -7.8647357e-22)
(0.0047467874 -5.8326974e-05 3.8921998e-22)
(0.0047705065 -7.1520123e-05 -1.8352427e-22)
(0.0047969744 -8.1645828e-05 1.838119e-22)
(0.0048256196 -8.8110336e-05 -2.1821839e-23)
(0.0048558555 -9.0516356e-05 0)
(0.0048869759 -8.8655566e-05 0)
(0.0049181299 -8.2511457e-05 2.7020983e-21)
(0.0049484094 -7.2281405e-05 -2.7010388e-21)
(0.0049769424 -5.8373161e-05 0)
(0.0050029565 -4.1370475e-05 -4.2156386e-24)
(0.005025821 -2.1982713e-05 1.6219227e-23)
(0.0050450726 -9.8690706e-07 1.2217555e-22)
(0.0050604235 2.082915e-05 -1.218637e-22)
(0.0050717425 4.2713999e-05 2.2686721e-22)
(0.0050790693 6.3976352e-05 -4.4549187e-22)
(0.0050824964 8.3994481e-05 2.3203905e-22)
(0.0050823434 0.00010237595 1.9442671e-22)
(0.0050784048 0.00011821357 -1.9364334e-22)
(0.005072525 0.0001330073 1.9869995e-22)
(0.0050593493 0.00013986029 -2.0978678e-22)
(0.0050594471 0.00015976588 0)
(0.0049870033 0.00013227105 -2.3458987e-23)
(0.0046869387 8.2327279e-05 -5.7447917e-23)
(0.0047099635 6.1246492e-05 0)
(0.004730478 3.2766703e-05 -4.6377899e-22)
(0.0047429705 1.211502e-05 6.5823816e-24)
(0.0047570197 -5.7198237e-06 4.3481138e-22)
(0.004776139 -2.5314631e-05 -2.6527363e-23)
(0.0047979997 -4.5207806e-05 -2.601012e-23)
(0.0048213715 -6.3357879e-05 0)
(0.0048469314 -7.9207436e-05 2.2024402e-22)
(0.0048751792 -9.2503882e-05 -1.9583458e-22)
(0.0049058506 -0.00010267344 0)
(0.0049384161 -0.00010910394 1.1272818e-23)
(0.0049723088 -0.0001113608 9.0235467e-23)
(0.0050068548 -0.00010920846 -7.9691291e-23)
(0.0050412515 -0.00010261275 3.1008849e-21)
(0.0050746459 -9.1757359e-05 -3.0994255e-21)
(0.005106223 -7.7039688e-05 -7.5588168e-23)
(0.0051352678 -5.9037147e-05 7.1027211e-23)
(0.0051612044 -3.8455651e-05 -8.34416e-24)
(0.0051836187 -1.6071423e-05 0)
(0.0052022634 7.3255157e-06 -1.2004275e-22)
(0.0052170403 3.0974015e-05 1.0506951e-22)
(0.0052279934 5.419684e-05 0)
(0.0052352414 7.636208e-05 1.3658623e-23)
(0.0052390865 9.7059389e-05 1.346305e-23)
(0.0052394397 0.00011550597 2.0743686e-22)
(0.0052376272 0.00013270078 -2.7360698e-24)
(0.0052301857 0.00014398504 -1.8974443e-22)
(0.0052300304 0.00016326207 0)
(0.0051824982 0.00015124954 2.419728e-23)
(0.0047199274 5.579928e-05 -5.8732824e-23)
(0.0047433703 3.5711613e-05 9.7493526e-22)
(0.0047651899 1.0099251e-05 -1.3761461e-21)
(0.0047823464 -1.0775365e-05 7.2967835e-24)
(0.0048010791 -2.959758e-05 3.6485615e-23)
(0.0048238477 -4.9372196e-05 4.4506018e-22)
(0.0048491986 -6.9174689e-05 2.6979148e-23)
(0.0048762709 -8.737987e-05 0)
(0.0049055228 -0.00010332545 -2.5711894e-23)
(0.0049372954 -0.00011664366 2.4921863e-23)
(0.0049713395 -0.00012676157 0)
(0.005007144 -0.00013306395 9.113526e-23)
(0.0050441316 -0.0001350917 -1.8425773e-22)
(0.0050816238 -0.00013258829 4.0262072e-23)
(0.0051188294 -0.00012550711 3.565439e-21)
(0.0051549161 -0.00011402324 -3.4834551e-21)
(0.005189095 -9.8527387e-05 3.9379893e-23)
(0.0052206811 -7.959214e-05 -1.3777536e-22)
(0.0052491314 -5.7919784e-05 6.9392438e-23)
(0.0052740644 -3.428363e-05 0)
(0.0052952626 -9.4713299e-06 -1.5435643e-23)
(0.0053126553 1.5758911e-05 1.5106059e-23)
(0.0053263037 4.0724474e-05 0)
(0.0053363402 6.4802202e-05 -1.4142438e-23)
(0.005343048 8.7561286e-05 2.1656232e-22)
(0.0053464545 0.00010832635 -1.6804876e-23)
(0.0053476046 0.00012772994 -2.5859228e-24)
(0.0053439764 0.00014223537 -6.1767484e-22)
(0.0053443939 0.00016442996 3.827821e-22)
(0.0053159161 0.00016211722 2.4798142e-23)
(0.0047363762 2.7851532e-05 6.0922085e-23)
(0.0047590987 8.2964021e-06 -6.0115125e-23)
(0.0047809894 -1.551815e-05 0)
(0.0048006549 -3.6553622e-05 -4.0735223e-22)
(0.0048221115 -5.6170824e-05 9.1111701e-24)
(0.004847029 -7.6199108e-05 4.6260081e-22)
(0.0048745475 -9.5988541e-05 0)
(0.0049041088 -0.00011425846 4.3195955e-22)
(0.0049359898 -0.00013030053 -4.0644904e-22)
(0.0049703839 -0.00014364142 -2.2909806e-22)
(0.005007029 -0.00015369169 2.0356006e-22)
(0.0050454132 -0.00015983663 9.4193976e-23)
(0.0050849296 -0.00016160229 -9.4269255e-23)
(0.0051248699 -0.00015871717 0)
(0.0051644284 -0.00015112721 3.9662351e-21)
(0.0052027687 -0.00013900442 -3.9638823e-21)
(0.0052391051 -0.00012273791 0)
(0.005272762 -0.0001028993 -7.1137011e-23)
(0.0053032121 -8.0189705e-05 7.0986976e-23)
(0.0053300927 -5.5380552e-05 1.3000584e-22)
(0.0053532065 -2.9257074e-05 -1.1357189e-22)
(0.0053725027 -2.574014e-06 -2.5561538e-22)
(0.005388059 2.3985556e-05 2.3949626e-22)
(0.0054000285 4.9807165e-05 0)
(0.0054086858 7.4441193e-05 2.2033608e-22)
(0.0054141391 9.7297251e-05 -3.3242942e-24)
(0.0054171443 0.00011870401 -2.4072471e-22)
(0.0054163235 0.0001361717 0)
(0.0054172594 0.00015627758 2.6183029e-23)
(0.0054016747 0.00016685956 -2.5680067e-23)
(0.0047377375 -1.5908541e-06 0)
(0.0047603417 -2.0637322e-05 9.9105899e-22)
(0.0047822942 -4.3267471e-05 -9.983392e-22)
(0.0048035439 -6.4512092e-05 9.9842973e-26)
(0.0048267547 -8.4863151e-05 0)
(0.0048530879 -0.00010528599 0)
(0.004882101 -0.00012523866 4.6070673e-22)
(0.0049134738 -0.00014368648 -4.622257e-22)
(0.0049473625 -0.00015990324 1.902736e-22)
(0.0049838366 -0.00017332973 -2.1850904e-22)
(0.0050226085 -0.00018335124 0)
(0.005063154 -0.00018935301 0)
(0.0051048288 -0.00019085349 0)
(0.0051468832 -0.00018757243 0)
(0.0051884815 -0.00017945355 4.4388619e-21)
(0.0052287685 -0.00016667148 -4.4358268e-21)
(0.0052669471 -0.00014961968 0)
(0.0053023389 -0.00012887394 0)
(0.0053344203 -0.0001051383 0)
(0.0053628387 -7.9185131e-05 0)
(0.0053874092 -5.1798984e-05 -1.270332e-22)
(0.0054080957 -2.3732308e-05 1.4222789e-22)
(0.0054249889 4.3323623e-06 -2.3629158e-22)
(0.0054382617 3.1787288e-05 2.3509319e-22)
(0.0054481871 5.8167178e-05 0)
(0.0054549584 8.2957442e-05 0)
(0.0054591236 0.00010624205 6.9384102e-25)
(0.0054601818 0.00012666583 -4.245712e-22)
(0.0054606867 0.00014707997 4.2142498e-22)
(0.0054533501 0.00016407501 0)
(0.0047265959 -3.2244292e-05 -1.1072414e-21)
(0.0047494055 -5.1102779e-05 1.0499586e-21)
(0.0047716826 -7.3127373e-05 0)
(0.0047942647 -9.4720529e-05 -5.0619786e-22)
(0.0048189533 -0.00011581046 5.0982333e-22)
(0.0048465674 -0.00013675374 0)
(0.0048769475 -0.0001570339 3.0421349e-23)
(0.0049099481 -0.00017577742 0)
(0.0049456538 -0.00019225271 -2.8811182e-23)
(0.0049840399 -0.00020583228 2.7862323e-23)
(0.0050247895 -0.00021587118 0)
(0.0050673603 -0.00022175035 0)
(0.0051110687 -0.00022298384 0)
(0.005155119 -0.00021928748 0)
(0.0051986386 -0.00021060737 4.9326968e-21)
(0.0052407453 -0.00019712616 -4.9291092e-21)
(0.0052806238 -0.00017924753 0)
(0.0053175859 -0.0001575571 0)
(0.0053511065 -0.00013276653 0)
(0.0053808378 -0.00010565284 0)
(0.0054066034 -7.700238e-05 0)
(0.0054283783 -4.7566965e-05 0)
(0.0054462636 -1.8029261e-05 0)
(0.0054604484 1.100717e-05 0)
(0.0054712062 3.9061596e-05 0)
(0.0054787944 6.5671048e-05 2.2127322e-22)
(0.0054836342 9.0721937e-05 -2.1887117e-22)
(0.0054857619 0.0001135234 0)
(0.0054861862 0.00013496548 4.2452104e-22)
(0.0054836021 0.00015672982 -3.9516059e-22)
(0.0047070744 -6.4450565e-05 9.5792089e-14)
(0.0047300129 -8.3570911e-05 0)
(0.0047527151 -0.00010552131 -6.7513881e-23)
(0.0047764744 -0.00012761287 -5.2897347e-22)
(0.0048025217 -0.00014946038 1.1169214e-23)
(0.004831439 -0.00017102027 5.2507531e-22)
(0.0048632421 -0.00019176411 -3.1750949e-23)
(0.0048978992 -0.00021091046 4.8730286e-22)
(0.0049354462 -0.00022772083 -4.5878576e-22)
(0.0049757838 -0.00024151131 -2.9098941e-23)
(0.0050185604 -0.00025160369 0)
(0.0050632063 -0.00025736949 1.3332677e-23)
(0.005108995 -0.00025831933 0)
(0.005155082 -0.00025416918 4.7315962e-23)
(0.0052005528 -0.00024487228 5.4057154e-21)
(0.0052444939 -0.00023062473 -5.4911512e-21)
(0.005286068 -0.00021184648 4.2354606e-23)
(0.0053245745 -0.00018913881 0)
(0.0053594848 -0.00016322615 -9.0980063e-24)
(0.0053904545 -0.0001348941 0)
(0.0054173146 -0.00010493343 0)
(0.0054400497 -7.4096986e-05 -2.5095665e-22)
(0.0054587697 -4.3068066e-05 2.496625e-22)
(0.0054736761 -1.244776e-05 0)
(0.005485045 1.7270965e-05 2.2782604e-22)
(0.0054931737 4.565536e-05 -3.4923384e-24)
(0.0054984187 7.246682e-05 -2.2006302e-22)
(0.0055010922 9.7362095e-05 2.64638e-23)
(0.0055014389 0.0001201865 0)
(0.0055013518 0.0001455061 -3.6297372e-14)
(0.0046831209 -9.8753949e-05 -9.9959411e-14)
(0.004706074 -0.00011850879 -1.1289878e-21)
(0.0047292041 -0.00014083222 1.2094138e-21)
(0.0047539613 -0.00016359936 -6.2382708e-22)
(0.0047812303 -0.00018628132 4.8918871e-22)
(0.0048114518 -0.00020858074 0)
(0.0048447383 -0.0002299357 0)
(0.0048811214 -0.00024960428 3.2309817e-23)
(0.0049205946 -0.0002668324 -2.1484925e-22)
(0.0049629934 -0.00028088774 9.764352e-24)
(0.0050079222 -0.00029105872 4.6492066e-22)
(0.005054772 -0.00029670456 -2.4161853e-22)
(0.0051027664 -0.00029733368 0)
(0.0051510079 -0.00029266668 0)
(0.0051985356 -0.00028266954 5.9987832e-21)
(0.0052444008 -0.000267558 -5.993629e-21)
(0.0052877425 -0.00024777488 0)
(0.0053278469 -0.00022394348 0)
(0.0053641825 -0.00019680648 -1.3693939e-22)
(0.005396409 -0.00016716214 2.9358271e-22)
(0.0054243661 -0.00013580821 -6.0671705e-24)
(0.0054480479 -0.00010349977 -1.4738939e-22)
(0.005467573 -7.092056e-05 -1.5100669e-23)
(0.0054831524 -3.8669867e-05 -1.4534989e-23)
(0.005495065 -7.2486846e-06 0)
(0.0055036303 2.2924367e-05 2.5044571e-22)
(0.0055091772 5.1540174e-05 -1.9323978e-22)
(0.0055121478 7.8420591e-05 4.0391991e-22)
(0.0055124435 0.00010290149 -4.2766721e-22)
(0.0055134025 0.00013106495 3.7799583e-14)
(0.0046575709 -0.00013569915 7.4831934e-23)
(0.0046805184 -0.00015638723 -7.472321e-23)
(0.0047040752 -0.00017948524 -7.4205714e-23)
(0.0047296913 -0.00020316131 -5.8107713e-22)
(0.0047580815 -0.00022682959 8.5472927e-23)
(0.0047896211 -0.00025003754 6.1150083e-22)
(0.0048244666 -0.00027217355 -3.4750173e-23)
(0.0048626721 -0.00029249803 5.3164795e-22)
(0.004904189 -0.00031023315 -2.7691055e-22)
(0.0049487913 -0.0003246038 -2.8917984e-22)
(0.0049960308 -0.00033486687 0)
(0.0050452472 -0.00034036859 -1.4348069e-23)
(0.0050956062 -0.00034061739 -9.3018397e-23)
(0.005146152 -0.00033534382 1.0666935e-22)
(0.0051958736 -0.00032453336 6.5627216e-21)
(0.005243784 -0.00030842881 -6.5553568e-21)
(0.0052889974 -0.00028750344 7.8456938e-23)
(0.0053307881 -0.00026240976 -9.353846e-23)
(0.0053686236 -0.00023391471 0)
(0.0054021709 -0.00020283357 -9.1497748e-24)
(0.0054312809 -0.00016997348 -1.1650107e-22)
(0.0054559596 -0.00013609236 -1.0493079e-22)
(0.0054763355 -0.00010187325 2.6818829e-22)
(0.0054926271 -6.791265e-05 2.9661761e-23)
(0.0055051159 -3.4714845e-05 2.1354375e-22)
(0.0055141312 -2.6932604e-06 -3.2512422e-23)
(0.0055199913 2.7806205e-05 -2.1993649e-22)
(0.0055231875 5.6666606e-05 0)
(0.005523516 8.3022279e-05 0)
(0.0055247236 0.00011368331 -2.6932423e-23)
(0.0046318624 -0.00017595608 1.171554e-21)
(0.0046548944 -0.0001978622 1.3742601e-22)
(0.0046789372 -0.00022211496 -1.2569792e-21)
(0.0047053962 -0.00024698155 -6.107603e-22)
(0.0047349288 -0.00027184645 -6.1875211e-23)
(0.0047678868 -0.00029616197 1.156287e-21)
(0.0048044393 -0.00031926212 -5.1899821e-22)
(0.0048446332 -0.00034038342 4.8559209e-22)
(0.004888375 -0.0003587158 -5.930454e-22)
(0.0049353786 -0.00037344446 3.3054096e-23)
(0.0049851355 -0.000383797 0)
(0.0050369228 -0.00038910791 -1.0157089e-22)
(0.0050898413 -0.00038888919 -7.7204807e-24)
(0.0051428715 -0.00038288787 1.1027839e-22)
(0.0051949487 -0.00037111716 7.1438922e-21)
(0.005245046 -0.00035385585 -7.1384697e-21)
(0.005292253 -0.00033161659 9.0867315e-23)
(0.0053358345 -0.00030508945 -4.8304988e-24)
(0.0053752613 -0.00027507249 -7.9595514e-23)
(0.0054102125 -0.00024240286 0)
(0.0054405556 -0.00020789953 -1.7460144e-23)
(0.005466313 -0.00017232326 -2.531401e-22)
(0.005487626 -0.00013635405 2.6642037e-22)
(0.0055047209 -0.00010058259 -2.6172981e-22)
(0.0055178813 -6.5510684e-05 4.6978237e-22)
(0.0055274373 -3.1549021e-05 -4.2035692e-24)
(0.0055337031 9.3984244e-07 -2.1655334e-22)
(0.0055371735 3.1845284e-05 -3.9536027e-22)
(0.0055376623 6.0270889e-05 -2.4724052e-23)
(0.0055387894 9.3319338e-05 4.1182104e-22)
(0.0046062011 -0.00022044902 8.2718718e-23)
(0.0046295215 -0.00024387794 -8.2431155e-23)
(0.0046542155 -0.00026965034 8.1941926e-23)
(0.0046816639 -0.00029601766 -8.1481574e-23)
(0.0047125216 -0.00032233064 -5.1227434e-22)
(0.0047471333 -0.00034797438 1.2551861e-21)
(0.0047856586 -0.00037222688 -1.2627155e-21)
(0.0048281181 -0.0003942838 6.0538304e-22)
(0.0048743698 -0.00041329468 0)
(0.0049240651 -0.0004284059 -3.4237529e-23)
(0.0049766266 -0.00043881845 2.7181842e-22)
(0.0050312597 -0.00044385817 -1.3518799e-22)
(0.0050869916 -0.00044304604 -1.3557232e-22)
(0.0051427348 -0.00043615375 4.6534861e-23)
(0.0051973676 -0.0004232322 7.6795895e-21)
(0.0052498223 -0.0004046069 -7.771277e-21)
(0.0052991656 -0.00038084058 5.1814173e-23)
(0.0053446568 -0.0003526706 -5.9782517e-23)
(0.0053857762 -0.00032093426 -7.0096256e-23)
(0.0054222228 -0.00028649637 1.4091587e-22)
(0.0054538888 -0.0002501906 1.6421245e-23)
(0.0054808208 -0.00021278036 0)
(0.005503179 -0.00017493923 2.3674621e-22)
(0.0055212009 -0.0001372465 -4.4860325e-22)
(0.0055351724 -0.0001001934 4.4484891e-22)
(0.0055454186 -6.4183875e-05 -2.3000174e-22)
(0.005552247 -2.9583485e-05 2.4858611e-23)
(0.0055561293 3.4779845e-06 -2.6552593e-23)
(0.0055569466 3.4160112e-05 2.6147503e-23)
(0.0055579642 6.9621288e-05 0)
(0.0045799422 -0.00027044912 0)
(0.0046038707 -0.0002957441 -1.3841125e-21)
(0.0046295123 -0.00032340099 1.3134046e-21)
(0.0046582693 -0.00035159965 -5.9304719e-22)
(0.0046908081 -0.00037964193 -6.6758378e-23)
(0.0047274635 -0.00040684972 1.3222755e-21)
(0.0047683717 -0.00043244107 -2.2625224e-23)
(0.0048135156 -0.00045555926 -1.1694128e-21)
(0.0048626976 -0.00047530681 5.7677794e-22)
(0.0049154991 -0.00049079151 -2.4385676e-22)
(0.0049712641 -0.00050119117 2.4675399e-22)
(0.0050291151 -0.00050582815 1.410487e-22)
(0.005087998 -0.00050424013 -1.0996139e-22)
(0.0051467515 -0.00049623372 7.176209e-24)
(0.0052041939 -0.0004819097 8.3089958e-21)
(0.0052592164 -0.00046165333 -8.2999474e-21)
(0.0053108657 -0.00043609038 -5.7745793e-24)
(0.0053584017 -0.00040601747 -9.1379843e-23)
(0.0054013228 -0.00037232102 7.1008001e-23)
(0.0054393588 -0.00033590057 1.5705354e-22)
(0.0054724388 -0.00029760831 -1.5566361e-22)
(0.0055006461 -0.0002582107 2.590762e-22)
(0.0055241708 -0.00021837141 -5.0233707e-22)
(0.0055432692 -0.00017865072 9.2826141e-24)
(0.0055582325 -0.00013951755 4.2777668e-22)
(0.0055693764 -0.00010135703 2.0345073e-23)
(0.0055769931 -6.4521873e-05 -2.270094e-22)
(0.0055815065 -2.9166025e-05 4.0960597e-22)
(0.0055828667 3.9699282e-06 -3.8232084e-22)
(0.0055839083 4.1951517e-05 0)
(0.0045519438 -0.00032766538 0)
(0.0045769267 -0.00035521892 -1.4656964e-21)
(0.0046039686 -0.000385155 1.5760521e-21)
(0.004634529 -0.00041554831 0)
(0.0046692823 -0.00044563119 -7.0360277e-22)
(0.0047085444 -0.00047465327 1.3951544e-21)
(0.0047524173 -0.00050176359 -6.9097294e-22)
(0.0048008338 -0.00052604412 -2.7097706e-25)
(0.0048535292 -0.0005465461 3.9519745e-23)
(0.0049100025 -0.00056234028 0)
(0.004969506 -0.00057258666 3.5633056e-25)
(0.0050310674 -0.00057661218 -1.6883979e-23)
(0.0050935416 -0.0005739818 0)
(0.0051556866 -0.00056455019 0)
(0.0052162575 -0.00054848297 8.8537545e-21)
(0.0052741048 -0.00052624124 -8.8433436e-21)
(0.0053282599 -0.00049853027 5.4673509e-24)
(0.0053779925 -0.00046622159 0)
(0.0054228326 -0.0004302641 9.883637e-24)
(0.0054625563 -0.00039160128 -7.7900916e-25)
(0.0054971456 -0.00035110818 0)
(0.0055267355 -0.00030955439 -1.5786303e-23)
(0.005551561 -0.00026759019 1.6319942e-24)
(0.0055719087 -0.00022574933 -2.0689213e-22)
(0.0055880816 -0.00018446537 4.0166006e-22)
(0.0056003826 -0.00014408512 -1.9639228e-22)
(0.0056090752 -0.00010492135 0)
(0.0056145069 -6.7137191e-05 3.3233174e-22)
(0.0056166646 -3.1339727e-05 -3.5171064e-22)
(0.0056179704 9.3727755e-06 0)
(0.0045207479 -0.00039457085 -9.9217767e-23)
(0.0045473864 -0.00042487921 0)
(0.0045764656 -0.0004575543 -9.7994381e-23)
(0.0046095249 -0.00049053562 -7.597659e-22)
(0.0046472372 -0.00052297336 8.1417387e-22)
(0.0046898853 -0.00055403695 0)
(0.0047375215 -0.0005828003 6.9959113e-22)
(0.0047900119 -0.00060827944 -7.4766216e-22)
(0.0048470057 -0.00062947308 4.0813981e-23)
(0.0049079019 -0.00064541804 -2.8358637e-22)
(0.0049718443 -0.00065526356 3.2274212e-22)
(0.005037752 -0.00065835154 0)
(0.0051043783 -0.00065428784 0)
(0.0051703941 -0.00064299172 -7.1483018e-24)
(0.0052344895 -0.00062471236 9.3082278e-21)
(0.0052954776 -0.00060000661 -9.2973811e-21)
(0.005352383 -0.00056967941 -4.5553576e-25)
(0.0054044991 -0.00053469711 0)
(0.0054514052 -0.0004960898 0)
(0.0054929436 -0.0004548599 1.2030127e-22)
(0.0055291659 -0.000411912 -1.3539189e-22)
(0.0055602673 -0.00036801681 0)
(0.0055865315 -0.00032380087 -1.8777288e-22)
(0.0056082741 -0.00027976204 1.9968053e-22)
(0.0056258123 -0.00023628938 0)
(0.0056394317 -0.00019367439 1.566071e-22)
(0.005649342 -0.00015215674 -1.6614089e-22)
(0.0056558244 -0.00011186611 1.7337392e-23)
(0.0056587952 -7.3280509e-05 0)
(0.0056607874 -2.9442684e-05 0)
(0.0044845729 -0.00047436075 2.1047978e-22)
(0.0045137332 -0.00050795069 -1.6568721e-21)
(0.0045457899 -0.00054389689 1.7852753e-21)
(0.0045823418 -0.00057993927 -8.0564974e-22)
(0.0046240465 -0.00061511502 1.6006323e-21)
(0.0046711416 -0.00064848852 -7.9762254e-23)
(0.0047236126 -0.00067904034 -7.2276826e-22)
(0.0047812359 -0.0007057116 0)
(0.0048435527 -0.0007274489 -3.3387826e-22)
(0.0049098405 -0.00074326332 2.944558e-22)
(0.0049791177 -0.00075230751 0)
(0.0050501811 -0.00075395723 1.1780184e-22)
(0.0051216744 -0.0007478819 -1.352429e-22)
(0.0051921796 -0.00073409111 6.3932585e-23)
(0.0052603262 -0.00071294548 9.5644897e-21)
(0.0053248991 -0.00068512617 -9.6546389e-21)
(0.0053849257 -0.00065156192 4.0090751e-23)
(0.0054397276 -0.00061333151 -7.377516e-23)
(0.005488934 -0.00057155944 8.1377611e-23)
(0.0055324553 -0.0005273224 0)
(0.005570412 -0.00048156657 1.2065109e-22)
(0.0056030489 -0.00043507664 -1.1705541e-22)
(0.0056306645 -0.00038844072 0)
(0.0056535869 -0.00034209106 -1.7034314e-22)
(0.0056720894 -0.00029635408 1.8347517e-23)
(0.0056863815 -0.00025144278 2.8669495e-22)
(0.0056965675 -0.0002075631 -1.4441896e-22)
(0.0057031638 -0.00016472091 2.3297362e-22)
(0.005705378 -0.00012336926 -2.4748124e-22)
(0.005707491 -7.5993141e-05 -1.2032213e-23)
(0.0044410288 -0.0005731158 -5.49198e-23)
(0.0044739057 -0.00061090057 0)
(0.0045102373 -0.00065080236 0)
(0.0045516707 -0.00069032321 5.4446899e-23)
(0.0045988342 -0.00072842415 -8.3081296e-22)
(0.0046518901 -0.00076409181 8.8828505e-23)
(0.0047107148 -0.00079623246 7.6053126e-22)
(0.0047749559 -0.00082373074 0)
(0.0048440146 -0.00084550044 -4.5082997e-23)
(0.0049170258 -0.00086054753 3.6212463e-22)
(0.0049928701 -0.0008680502 -3.2230792e-22)
(0.0050702186 -0.00086744164 1.3651581e-22)
(0.0051476047 -0.00085847899 -1.357212e-22)
(0.0052235235 -0.00084128733 -5.4998235e-23)
(0.0052965448 -0.00081636459 9.7054074e-21)
(0.0053654208 -0.00078454852 -9.5948498e-21)
(0.005429162 -0.00074691909 -4.3170074e-23)
(0.0054870855 -0.00070468089 -6.6693429e-23)
(0.0055387922 -0.00065904684 6.461036e-23)
(0.0055841658 -0.00061112996 -1.0202291e-22)
(0.0056233054 -0.00056187737 8.9554725e-23)
(0.0056565117 -0.00051211553 1.1868545e-23)
(0.0056839233 -0.00046252931 7.2615912e-24)
(0.0057062452 -0.00041337148 1.3268114e-22)
(0.0057232462 -0.00036486257 -1.995516e-23)
(0.0057349056 -0.00031710394 -1.0868895e-22)
(0.0057413311 -0.00027068178 3.2937318e-24)
(0.0057426092 -0.00022504917 0)
(0.0057390826 -0.00018025679 -3.2400839e-24)
(0.0057359576 -0.00012855931 9.6083666e-24)
(0.0043873218 -0.00069623391 -1.2066745e-22)
(0.0044261081 -0.00073861111 -1.9470419e-21)
(0.0044689958 -0.0007830946 1.9177539e-21)
(0.0045175131 -0.00082667296 -3.3398634e-26)
(0.0045722724 -0.00086814759 -5.5615437e-23)
(0.0046333725 -0.00090639165 8.3916363e-22)
(0.0047005696 -0.00094019875 -8.9897472e-22)
(0.0047733723 -0.00096837452 4.7543261e-23)
(0.0048510428 -0.00098980568 0)
(0.0049325806 -0.0010035202 -3.4431118e-22)
(0.0050167322 -0.0010087553 3.0855339e-23)
(0.0051020316 -0.0010050327 3.1340317e-22)
(0.0051868746 -0.0009922233 1.1738562e-22)
(0.0052696276 -0.00097058682 -1.1447554e-22)
(0.0053486871 -0.00094075149 9.1800718e-21)
(0.0054226075 -0.00090366927 -9.168193e-21)
(0.0054902359 -0.0008605499 -6.6968977e-23)
(0.005550825 -0.00081275552 6.4823392e-23)
(0.0056037528 -0.0007617005 8.4316546e-23)
(0.0056487366 -0.00070857891 -1.4919986e-23)
(0.0056858305 -0.00065420705 -6.9970085e-23)
(0.0057154474 -0.00059922232 0)
(0.0057366811 -0.00054500092 -1.0908304e-23)
(0.0057519456 -0.00049201588 -6.6812792e-23)
(0.0057597993 -0.00043927092 6.8066614e-23)
(0.0057617719 -0.00038737039 7.5239968e-25)
(0.005757931 -0.00033710228 4.0795842e-24)
(0.0057478146 -0.0002884892 5.6177526e-23)
(0.0057310645 -0.00024095312 -5.2333671e-23)
(0.0057119343 -0.00018332299 2.6437334e-24)
(0.0043177606 -0.00086556969 6.3989476e-23)
(0.0043649472 -0.00091476252 6.340497e-23)
(0.0044171715 -0.000964731 0)
(0.0044759998 -0.0010124293 -6.0739122e-23)
(0.0045417873 -0.0010566674 -8.4847894e-22)
(0.0046144288 -0.0010963002 1.7821554e-21)
(0.0046935158 -0.0011301639 -7.6842011e-22)
(0.0047783738 -0.001157157 -8.0498777e-22)
(0.0048680621 -0.0011762701 7.4044735e-22)
(0.0049613617 -0.0011866133 -3.1335067e-22)
(0.0050567643 -0.0011874822 2.9848382e-22)
(0.0051525267 -0.0011784574 0)
(0.0052467708 -0.0011595077 0)
(0.0053375675 -0.0011309728 -3.342814e-24)
(0.0054226711 -0.0010935068 7.8190987e-21)
(0.0055000693 -0.0010481016 -7.8106256e-21)
(0.0055684642 -0.00099595284 1.9828632e-24)
(0.0056268132 -0.00093835656 0)
(0.0056739302 -0.00087692215 0)
(0.0057092652 -0.00081451727 3.6740159e-23)
(0.0057350661 -0.00075229569 -3.5638099e-23)
(0.0057513082 -0.00068961271 2.06612e-23)
(0.0057596392 -0.00062752018 -1.7783765e-23)
(0.0057553883 -0.00056798589 1.029893e-23)
(0.0057421245 -0.00051073815 -2.9488925e-23)
(0.0057168987 -0.00045535838 1.920928e-23)
(0.005677655 -0.00040122729 -4.6282192e-24)
(0.0056238858 -0.00034825739 0)
(0.0055549048 -0.00029731541 5.784034e-25)
(0.0054935753 -0.00022900804 6.2307581e-25)
(0.0042297819 -0.0010847618 0)
(0.0042936998 -0.0011393683 2.1188891e-21)
(0.0043632226 -0.0011942335 -1.1346146e-21)
(0.0044386975 -0.001245108 -6.1053919e-23)
(0.0045209931 -0.0012913251 -1.9794263e-21)
(0.0046102443 -0.0013319845 9.4191984e-22)
(0.0047057678 -0.0013657807 -7.8382599e-23)
(0.0048064675 -0.0013913738 7.3181206e-22)
(0.0049109763 -0.0014075137 -7.1743856e-22)
(0.0050176108 -0.0014130921 2.8731544e-22)
(0.0051244357 -0.0014073103 -2.8509532e-22)
(0.0052292858 -0.0013898078 0)
(0.0053298146 -0.001360613 0)
(0.005423042 -0.0013193045 -3.1799817e-23)
(0.0055054381 -0.0012661883 5.1475468e-21)
(0.0055745624 -0.0012053836 -5.09938e-21)
(0.005631897 -0.00113907 -1.4970354e-23)
(0.0056741806 -0.0010667822 0)
(0.005705973 -0.00098941276 0)
(0.0057165429 -0.00091213944 2.0361898e-23)
(0.0057113357 -0.00083747643 -2.5276047e-23)
(0.0056884463 -0.00076442878 9.3001329e-23)
(0.0056447986 -0.00069259733 -9.1080984e-23)
(0.0055796341 -0.00062171327 -9.4157474e-24)
(0.0054935776 -0.00055051095 -1.2304137e-22)
(0.0053862193 -0.00047849174 2.3829905e-22)
(0.00525963 -0.00040822406 1.0740594e-23)
(0.0051167017 -0.00034201182 1.3665902e-22)
(0.0049586656 -0.00028322011 -2.6282492e-22)
(0.0048189105 -0.00020766487 0)
(0.0041111905 -0.0014558753 0)
(0.0041986245 -0.0015196895 0)
(0.0042908852 -0.0015811791 0)
(0.0043885713 -0.0016360329 -2.9452405e-23)
(0.0044924588 -0.0016832641 5.9464422e-23)
(0.0046020629 -0.001721493 -7.7872527e-22)
(0.0047158398 -0.0017490378 8.1716914e-22)
(0.0048317708 -0.0017643884 1.8128221e-23)
(0.0049475614 -0.0017665566 0)
(0.005060709 -0.0017551143 0)
(0.0051697863 -0.0017299437 -1.3990305e-22)
(0.0052719767 -0.0016913217 1.5395256e-22)
(0.005364662 -0.0016379268 0)
(0.0054422326 -0.0015655727 0)
(0.0055107565 -0.0014813923 -1.6930234e-21)
(0.0055523967 -0.0013896533 1.697053e-21)
(0.0055692102 -0.0012941323 -2.1286411e-24)
(0.0055607632 -0.0011926342 0)
(0.0055208646 -0.0010879625 -1.1573294e-22)
(0.0054479725 -0.00098034628 1.1960115e-22)
(0.005343005 -0.00087026394 0)
(0.0052062907 -0.00075857448 0)
(0.0050418856 -0.00065035852 1.1374998e-23)
(0.0048553923 -0.00055016188 -2.7554284e-22)
(0.004651265 -0.00045932279 2.7889421e-22)
(0.0044339177 -0.00037865927 1.2976497e-23)
(0.0042072528 -0.00030688155 -9.6467553e-24)
(0.0039744377 -0.00024395527 0)
(0.0037381838 -0.00019046145 0)
(0.0035280881 -0.00012359868 0)
(0.0039285947 -0.0019610697 0)
(0.0040479893 -0.0020045829 -2.0529436e-21)
(0.0041679695 -0.0020433811 2.129657e-21)
(0.0042874023 -0.0020735065 9.362734e-22)
(0.0044082229 -0.002091825 -9.2227336e-22)
(0.0045292256 -0.0020966169 0)
(0.004647938 -0.0020867808 5.9611792e-22)
(0.0047615207 -0.0020617063 -6.2310055e-22)
(0.0048671418 -0.0020227739 0)
(0.004960956 -0.0019694927 0)
(0.0050393886 -0.001907599 4.217867e-24)
(0.005099048 -0.0018286179 -2.4383837e-24)
(0.0051319124 -0.0017324259 0)
(0.0051335294 -0.001621307 0)
(0.0050993732 -0.0014965166 -9.501509e-21)
(0.0050251239 -0.0013573332 9.5921891e-21)
(0.0049075795 -0.0012033851 2.343696e-24)
(0.0047474069 -0.0010359828 0)
(0.0045475235 -0.00086772669 -6.0708778e-24)
(0.0043165857 -0.00070347512 6.4459601e-24)
(0.0040611197 -0.00055404039 0)
(0.0037876232 -0.00042358988 0)
(0.0035044785 -0.00031396226 4.7712569e-22)
(0.0032200486 -0.00022489059 -4.6688279e-22)
(0.0029404941 -0.00015483412 0)
(0.0026695007 -0.00010200079 3.9488945e-22)
(0.0024108519 -6.4099854e-05 -3.7925682e-22)
(0.0021668476 -3.949511e-05 -7.3410163e-22)
(0.001937982 -2.3663162e-05 7.3522417e-22)
(0.0017382696 5.036746e-07 0)
(0.0031414526 -0.0024560219 -2.7467535e-23)
(0.0032522497 -0.0024804312 1.3541516e-21)
(0.0033566529 -0.0024914856 -1.4432308e-21)
(0.003447731 -0.002483762 -4.3271105e-22)
(0.003521443 -0.0024554221 4.3102128e-22)
(0.0035751139 -0.0024065918 1.1390837e-22)
(0.0036055802 -0.0023386271 -1.3167534e-22)
(0.003609716 -0.0022531398 6.9124567e-24)
(0.0035850031 -0.0021514655 0)
(0.0035304223 -0.0020336083 0)
(0.0034460997 -0.0018954798 0)
(0.0033350167 -0.0017236475 0)
(0.0031955375 -0.0015194503 2.2351235e-22)
(0.0030299336 -0.0012991218 -2.2655759e-22)
(0.0028404493 -0.0010634798 -3.4540791e-20)
(0.0026293189 -0.00082128455 3.5179885e-20)
(0.002397819 -0.00059194598 -2.9546176e-22)
(0.0021559628 -0.00039681234 2.9349673e-22)
(0.001913548 -0.0002359051 0)
(0.0016734297 -0.0001067801 0)
(0.0014435389 -4.7819291e-06 0)
(0.0012294217 7.3835262e-05 -1.612629e-23)
(0.0010337917 0.00012084558 0)
(0.00085944911 0.00013875613 8.3654138e-22)
(0.00070636905 0.0001349734 -8.5513918e-22)
(0.00057361061 0.00011571223 -7.3307935e-22)
(0.00045897383 8.5350957e-05 6.936888e-22)
(0.00035933066 4.9383926e-05 1.2168481e-21)
(0.00027417801 1.1923501e-05 -1.2190769e-21)
(0.00020112199 -2.5547818e-05 -1.6977941e-23)
(0.0016415238 -6.7998689e-05 -5.6558781e-24)
(0.0023878773 -1.2411592e-05 1.6533513e-23)
(0.0030423467 3.0532698e-05 -1.0923912e-23)
(0.0035756646 5.6517182e-05 0)
(0.0039811484 7.0631574e-05 0)
(0.0042676816 8.0161212e-05 0)
(0.0044581859 8.7159657e-05 0)
(0.0045794773 8.876919e-05 0)
(0.0046524857 8.3139904e-05 -4.8868514e-23)
(0.0046926292 7.0451021e-05 5.055851e-23)
(0.004712782 5.1806989e-05 5.2441755e-23)
(0.0047213788 2.8696484e-05 -9.3395609e-22)
(0.0047162748 2.4931659e-06 0)
(0.0047009269 -2.5877124e-05 5.9295425e-23)
(0.0046794692 -5.637472e-05 8.6798911e-14)
(0.0046551628 -8.9342492e-05 -9.0797523e-14)
(0.0046300554 -0.00012517088 -6.8177296e-23)
(0.004604937 -0.00016434892 0)
(0.0045795781 -0.00020763802 0)
(0.0045530995 -0.00025620103 0)
(0.0045242485 -0.00031170487 0)
(0.0044914745 -0.00037653258 0)
(0.0044528566 -0.00045401308 -9.9502414e-23)
(0.0044056925 -0.00054963629 5.180333e-23)
(0.0043466489 -0.0006702266 1.1546184e-22)
(0.0042691246 -0.00083393802 -6.1904552e-23)
(0.0041675656 -0.0010525323 0)
(0.0040252516 -0.0014151336 0)
(0.0037978294 -0.001929745 0)
(0.0030029769 -0.0024225272 3.1422716e-23)
(0.0033373729 -6.6918067e-05 0)
(0.0038149086 -3.6017494e-05 0)
(0.0041967993 1.6179042e-06 0)
(0.0044371085 3.1968267e-05 2.2555514e-23)
(0.0045671268 5.760968e-05 -2.3130706e-23)
(0.0046395355 7.6718366e-05 0)
(0.0046833832 8.7323739e-05 -2.3782999e-23)
(0.0047070261 8.5874971e-05 2.4576418e-23)
(0.004716343 7.4708147e-05 0)
(0.0047174593 5.703552e-05 0)
(0.004712325 3.4423582e-05 -9.2358915e-22)
(0.0046987585 9.0642678e-06 9.467011e-22)
(0.0046773327 -1.7459837e-05 -9.4240909e-22)
(0.0046537224 -4.5662614e-05 0)
(0.0046299767 -7.5964617e-05 0)
(0.0046068824 -0.00010865799 1.0815959e-21)
(0.0045843889 -0.00014403287 0)
(0.0045618052 -0.00018260426 -1.2774996e-21)
(0.0045381043 -0.00022522993 7.8693522e-23)
(0.0045121285 -0.00027314514 1.3565861e-21)
(0.0044825951 -0.00032803743 1.4499275e-21)
(0.0044479531 -0.00039225297 0)
(0.0044061516 -0.00046913044 1.6812625e-21)
(0.0043542586 -0.00056390718 1.7683458e-21)
(0.0042882018 -0.00068393251 2.1158212e-21)
(0.004200698 -0.00084552981 -6.6136785e-23)
(0.0040833043 -0.0010642359 -2.4064354e-21)
(0.0039145682 -0.0014191251 0)
(0.0036370731 -0.0019213784 2.7608876e-21)
(0.0028285424 -0.0023806593 -2.503358e-21)
(0.0043031812 8.3147212e-05 3.5089253e-22)
(0.0044804509 0.00011320349 5.633073e-24)
(0.0045964011 0.00013023301 3.3933967e-22)
(0.0046410346 0.00013489112 1.118964e-23)
(0.004660351 0.00013354824 3.6870104e-22)
(0.0046732198 0.0001282038 0)
(0.0046885324 0.00011425392 4.1294072e-22)
(0.0046897824 9.2555479e-05 -2.4898523e-23)
(0.0046847559 6.8787085e-05 3.894802e-22)
(0.0046742284 4.477089e-05 4.5667457e-22)
(0.0046589591 2.0381472e-05 1.3268971e-21)
(0.0046401105 -5.0795461e-06 0)
(0.0046200365 -3.1732516e-05 9.5566692e-22)
(0.0046003499 -5.9928288e-05 0)
(0.0045811148 -8.9836927e-05 6.5954102e-23)
(0.0045618299 -0.00012167629 -1.1676546e-21)
(0.0045418638 -0.00015591063 0)
(0.004520477 -0.00019327349 1.3009798e-21)
(0.0044968286 -0.00023473867 -8.1590506e-23)
(0.0044699467 -0.00028155031 -1.2952646e-21)
(0.0044386163 -0.00033535199 -1.5732441e-21)
(0.0044012113 -0.00039842468 1.0160189e-22)
(0.004355469 -0.00047406242 -1.830413e-21)
(0.0042980932 -0.00056731249 -1.8738939e-21)
(0.004224353 -0.00068574725 -2.05131e-21)
(0.0041259325 -0.00084424328 0)
(0.0039921104 -0.0010607913 2.4924317e-21)
(0.0037962608 -0.0014049401 0)
(0.0034754866 -0.0018954884 -2.9246884e-21)
(0.0026473442 -0.0023259519 2.7073744e-21)
(0.0046068253 0.00015369038 -3.4944636e-22)
(0.004644515 0.00015751884 -3.5570096e-22)
(0.0046730856 0.00015202946 -3.6276377e-22)
(0.0046763855 0.00014060608 2.2647501e-23)
(0.0046741024 0.00012626743 1.5413027e-23)
(0.0046727558 0.00010783393 -4.8043538e-23)
(0.004666306 8.667884e-05 -3.6786596e-22)
(0.0046536745 6.631155e-05 0)
(0.0046385632 4.5971786e-05 -4.1995394e-22)
(0.0046221106 2.4652429e-05 5.7574208e-24)
(0.0046049927 1.7885245e-06 6.2494662e-24)
(0.0045878364 -2.2498096e-05 4.1791738e-22)
(0.004571048 -4.793561e-05 -9.0456934e-26)
(0.0045545748 -7.4629919e-05 5.2131463e-22)
(0.0045378351 -0.0001028759 5.4702526e-22)
(0.0045201641 -0.0001330961 6.4735379e-22)
(0.004500974 -0.00016586312 6.084796e-22)
(0.0044796308 -0.00020189491 0)
(0.0044553495 -0.00024208154 8.5460379e-23)
(0.00442713 -0.00028757903 6.4425602e-22)
(0.0043936582 -0.00033996197 0)
(0.0043531448 -0.00040144859 8.5429181e-22)
(0.0043030787 -0.00047526023 8.7189349e-22)
(0.004239789 -0.00056628234 -1.7319114e-24)
(0.0041578575 -0.00068205202 -2.3057537e-24)
(0.0040479968 -0.00083632562 1.5410526e-22)
(0.0038971062 -0.0010483608 -1.486754e-21)
(0.003674411 -0.0013791675 -1.5108282e-21)
(0.003311414 -0.0018539179 -1.8315105e-21)
(0.0024562781 -0.002252362 1.7969314e-21)
(0.0046409708 0.00015851084 0)
(0.0046464356 0.00015265933 7.0593172e-22)
(0.004644069 0.00013781018 1.1234727e-23)
(0.0046348236 0.0001204991 3.6041646e-22)
(0.0046239358 0.00010345626 3.8159044e-24)
(0.0046130249 8.6416868e-05 -2.4475088e-23)
(0.0046011773 6.8599916e-05 4.3198585e-22)
(0.0045884346 4.988513e-05 -4.2038148e-22)
(0.0045757013 2.9873374e-05 4.6244767e-22)
(0.0045632244 8.5430804e-06 -4.4622401e-22)
(0.0045507952 -1.3806371e-05 -2.2894302e-23)
(0.0045381481 -3.6920159e-05 6.8090742e-24)
(0.0045250229 -6.0852668e-05 0)
(0.0045110966 -8.5961409e-05 -5.285463e-22)
(0.0044959442 -0.00011268718 8.890983e-24)
(0.0044791148 -0.0001414791 -5.1074366e-22)
(0.0044601294 -0.00017285358 -6.6654612e-23)
(0.0044383842 -0.00020745739 0)
(0.004413075 -0.00024612794 6.687545e-22)
(0.0043831396 -0.00028998181 1.1090145e-22)
(0.0043471576 -0.0003405479 8.257408e-22)
(0.0043031753 -0.00039997449 -9.2792943e-22)
(0.0042484255 -0.00047137432 -1.9309876e-21)
(0.0041788462 -0.00055944319 1.0781628e-21)
(0.0040883253 -0.0006714996 7.516552e-23)
(0.0039666253 -0.00082033661 1.2612642e-21)
(0.0037982515 -0.0010254943 3.063913e-21)
(0.0035490847 -0.0013404255 1.5215523e-21)
(0.0031447813 -0.0017955123 1.8658735e-21)
(0.0022582131 -0.0021589584 -1.8287339e-21)
(0.0045914249 0.00013591189 0)
(0.0045842161 0.00012491775 -3.5645901e-22)
(0.004576073 0.00011068867 0)
(0.004567596 9.5789457e-05 -3.8742039e-22)
(0.0045591539 8.0683599e-05 1.5669768e-23)
(0.0045508694 6.4698316e-05 0)
(0.0045424876 4.758867e-05 -8.2643273e-22)
(0.0045338834 2.9599584e-05 -5.0636183e-24)
(0.0045251029 1.0900982e-05 -4.6788211e-22)
(0.0045159803 -8.4515856e-06 2.8759473e-23)
(0.0045062044 -2.8487396e-05 -4.7550398e-22)
(0.0044955231 -4.9354573e-05 -4.9594146e-22)
(0.0044837476 -7.1314052e-05 0)
(0.0044706526 -9.4682646e-05 -5.5199644e-22)
(0.0044559156 -0.00011978375 -5.7166853e-22)
(0.0044391195 -0.00014697207 0)
(0.0044197463 -0.00017670096 -6.7918301e-22)
(0.0043971299 -0.00020957428 -6.4954004e-22)
(0.004370398 -0.00024639125 -7.2553407e-22)
(0.0043384006 -0.00028822 -1.57522e-21)
(0.0042995927 -0.00033652052 -1.7027487e-21)
(0.0042518405 -0.00039334247 0)
(0.0041921101 -0.00046165349 3.6659936e-23)
(0.0041159385 -0.00054591698 -3.5570207e-23)
(0.0040165365 -0.00065310342 -1.2736427e-21)
(0.0038827288 -0.00079508478 -2.8219466e-21)
(0.0036967449 -0.00099093342 -1.5699122e-21)
(0.0034216742 -0.0012874333 1.8651315e-21)
(0.002977262 -0.001718248 -2.1186257e-21)
(0.0020566859 -0.0020449079 -2.2672436e-21)
(0.004525658 0.00011119244 -3.5507177e-22)
(0.004520121 9.9904275e-05 0)
(0.0045141429 8.7188275e-05 -3.634875e-22)
(0.0045090879 7.3749692e-05 -3.7383368e-26)
(0.00450421 5.9723174e-05 -4.0627458e-22)
(0.0044990352 4.4996457e-05 0)
(0.004493455 2.9584627e-05 -3.0980084e-23)
(0.0044873859 1.3579676e-05 4.343111e-22)
(0.0044807009 -3.0391484e-06 -4.274461e-22)
(0.0044732269 -2.0392495e-05 2.9445329e-23)
(0.0044647718 -3.8616677e-05 -3.0644961e-23)
(0.0044551532 -5.7849589e-05 0)
(0.0044441716 -7.8255985e-05 -5.402241e-22)
(0.0044315596 -0.00010004512 5.5899754e-22)
(0.0044169575 -0.00012348079 0)
(0.0043999119 -0.0001489011 -3.9368855e-23)
(0.004379861 -0.00017674855 8.3274687e-23)
(0.0043560908 -0.00020760167 6.1438404e-22)
(0.00432767 -0.00024221726 8.1546309e-22)
(0.0042933636 -0.00028160268 -1.7635144e-23)
(0.0042515014 -0.00032713321 8.7821996e-22)
(0.0041997683 -0.00038073776 -9.8233884e-22)
(0.0041348634 -0.00044520455 9.8582897e-22)
(0.0040519258 -0.00052471396 -1.0961254e-21)
(0.0039435189 -0.00062578544 1.3951657e-21)
(0.0037975523 -0.00075934117 1.2931316e-21)
(0.0035941775 -0.00094343195 1.6098523e-22)
(0.0032940914 -0.0012189114 -2.0009393e-21)
(0.0028115047 -0.0016201353 2.142422e-21)
(0.0018561941 -0.0019103114 2.490402e-21)
(0.0044693039 8.8413436e-05 7.158581e-22)
(0.0044666396 7.7778474e-05 2.8862682e-24)
(0.0044633479 6.6426582e-05 3.782966e-22)
(0.0044608097 5.4506605e-05 0)
(0.004458222 4.2031282e-05 0)
(0.0044550043 2.898941e-05 4.1821373e-22)
(0.0044510922 1.5359505e-05 4.2814237e-22)
(0.004446469 1.1081617e-06 0)
(0.0044410122 -1.3825498e-05 9.2590271e-22)
(0.0044345519 -2.9521876e-05 0)
(0.0044269074 -4.6067252e-05 0)
(0.0044178784 -6.3566793e-05 -5.2850831e-22)
(0.0044072237 -8.2168426e-05 5.4650612e-22)
(0.0043946409 -0.00010207426 0)
(0.0043797505 -0.00012354312 -6.1522385e-22)
(0.00436208 -0.00014689947 -4.0594521e-23)
(0.0043410347 -0.0001725552 -6.5058074e-22)
(0.0043158512 -0.0002010419 -6.9486656e-22)
(0.0042855299 -0.00023305614 -7.8010991e-22)
(0.004248742 -0.00026952857 1.597066e-21)
(0.0042036869 -0.00031173103 -1.2688882e-24)
(0.0041478673 -0.00036144596 1.0654878e-21)
(0.0040777204 -0.00042124529 0)
(0.0039879998 -0.0004949735 7.9973284e-23)
(0.0038706615 -0.00058861157 1.2570257e-21)
(0.0037127442 -0.0007120688 1.7373192e-21)
(0.0034925504 -0.00088198019 -1.8946428e-21)
(0.0031687338 -0.0011338566 -7.0436225e-23)
(0.0026507035 -0.0014998554 7.5215498e-23)
(0.0016651009 -0.001752733 0)
(0.0044232659 6.880963e-05 -3.6624542e-22)
(0.0044226827 5.9277458e-05 -1.8519901e-22)
(0.0044213115 4.9298763e-05 -1.9375278e-22)
(0.004420292 3.8860493e-05 -2.1207183e-22)
(0.0044190094 2.7902797e-05 -1.8034729e-22)
(0.0044169549 1.6421754e-05 -6.4788622e-22)
(0.0044140562 4.402727e-06 0)
(0.0044102968 -8.1935464e-06 0)
(0.0044055508 -2.1420061e-05 -4.6999278e-22)
(0.0043996361 -3.5342851e-05 -2.7825241e-22)
(0.0043923584 -5.0046853e-05 3.2073962e-23)
(0.004383501 -6.5643739e-05 5.0045065e-22)
(0.0043728029 -8.2279367e-05 3.5191776e-23)
(0.0043599413 -0.00010013894 0)
(0.0043445148 -0.00011945329 6.2281893e-22)
(0.0043260206 -0.00014051187 2.934937e-22)
(0.0043038217 -0.00016368441 3.8975053e-22)
(0.0042770992 -0.0001894508 7.5206194e-22)
(0.0042447832 -0.0002184422 0)
(0.0042054527 -0.00025150241 -8.1958644e-22)
(0.0041571816 -0.00028978311 -5.965889e-23)
(0.0040972987 -0.00033489533 0)
(0.004021993 -0.0003891588 -7.4931114e-23)
(0.003925656 -0.00045603105 8.0948001e-23)
(0.0037996858 -0.00054087764 -1.4731828e-21)
(0.0036303128 -0.00065251985 -1.6335918e-21)
(0.0033942169 -0.00080590802 1.8996932e-21)
(0.0030483182 -0.001031661 0)
(0.0024978441 -0.0013579173 0)
(0.001489677 -0.0015693378 4.8926653e-23)
(0.0043855177 5.2144388e-05 1.8278828e-22)
(0.0043862732 4.3869034e-05 3.7733691e-22)
(0.0043861818 3.5262021e-05 2.0128518e-22)
(0.0043860938 2.6280541e-05 2.0745371e-22)
(0.0043855701 1.685009e-05 -8.2456191e-24)
(0.0043842015 6.96428e-06 4.310239e-22)
(0.0043818941 -3.3876929e-06 0)
(0.0043786041 -1.4246437e-05 0)
(0.0043742001 -2.5668507e-05 2.4211174e-22)
(0.0043684958 -3.7720013e-05 2.4974423e-22)
(0.0043612869 -5.0481633e-05 -3.2855915e-23)
(0.0043523423 -6.4054903e-05 3.4294949e-23)
(0.0043413825 -7.85676e-05 0)
(0.0043280622 -9.4180013e-05 0)
(0.0043119531 -0.00011109363 0)
(0.0042925201 -0.00012956372 4.8841721e-24)
(0.0042690854 -0.00014991722 4.0799409e-22)
(0.0042407788 -0.00017257774 -4.8602976e-23)
(0.0042064646 -0.00019810145 5.3270125e-23)
(0.0041646348 -0.00022723091 4.0541251e-22)
(0.0041132462 -0.00026097842 0)
(0.0040494652 -0.00030075803 5.2288124e-22)
(0.0039692527 -0.00034860237 7.706128e-23)
(0.0038666692 -0.00040753395 -8.6787038e-23)
(0.0037326116 -0.00048223411 8.4686553e-22)
(0.0035525766 -0.00058036031 9.2317276e-22)
(0.0033018252 -0.00071499339 -1.0815456e-21)
(0.002935768 -0.00091217786 0)
(0.0023555895 -0.0011956782 0)
(0.0013307357 -0.0013637286 0)
(0.0043547953 3.8167582e-05 -3.7344621e-22)
(0.0043563771 3.126258e-05 -2.6654497e-25)
(0.0043571133 2.4101888e-05 -1.992399e-22)
(0.0043575821 1.6640412e-05 -2.1194626e-22)
(0.0043574748 8.8060828e-06 4.2315191e-22)
(0.004356474 5.8667327e-07 -4.3095618e-22)
(0.0043544699 -8.0293901e-06 0)
(0.0043513894 -1.7079441e-05 0)
(0.004347094 -2.6615299e-05 -2.4413142e-22)
(0.0043413951 -3.6695378e-05 0)
(0.0043340785 -4.7388853e-05 0)
(0.0043248979 -5.8782295e-05 0)
(0.0043135555 -7.0984655e-05 0)
(0.0042996855 -8.4132492e-05 0)
(0.0042828353 -9.8397344e-05 0)
(0.0042624401 -0.00011399623 -6.7927511e-22)
(0.0042377852 -0.00013120645 -2.3295543e-23)
(0.0042079536 -0.00015038669 0)
(0.0041717492 -0.00017200759 -4.6567962e-22)
(0.0041275852 -0.00019669734 -4.1013926e-22)
(0.0040733127 -0.0002253117 8.4783201e-25)
(0.0040059538 -0.00025904464 -6.0371049e-22)
(0.003921267 -0.00029960984 0)
(0.0038130215 -0.00034955093 0)
(0.0036716763 -0.00041280304 -8.1879792e-22)
(0.0034820756 -0.00049578536 -8.870354e-22)
(0.0032182382 -0.00060956028 1.1219566e-21)
(0.0028341701 -0.00077575709 1.3298982e-21)
(0.0022267875 -0.0010141638 -4.7981462e-23)
(0.0011876875 -0.0011408062 0)
(0.0043304596 2.6689155e-05 1.9063303e-22)
(0.0043325271 2.1233317e-05 -1.9602594e-22)
(0.0043337794 1.5585262e-05 3.0127226e-22)
(0.0043345613 9.7031602e-06 2.0687166e-22)
(0.0043346572 3.5248524e-06 -1.0623408e-22)
(0.0043338253 -2.963047e-06 2.2820096e-22)
(0.0043319457 -9.7704612e-06 1.0829147e-22)
(0.0043289191 -1.6927834e-05 1.0505799e-22)
(0.0043245984 -2.4478146e-05 3.1160193e-23)
(0.0043187924 -3.2469677e-05 -1.6238528e-23)
(0.0043112786 -4.0958953e-05 -1.3661578e-22)
(0.0043017973 -5.0016287e-05 -1.4340176e-22)
(0.0042900355 -5.9729759e-05 0)
(0.0042756095 -7.0209195e-05 0)
(0.004258046 -8.15921e-05 -2.1172009e-23)
(0.004236754 -9.4052248e-05 3.7912818e-22)
(0.0042109868 -0.00010781163 0)
(0.0041797867 -0.00012315731 2.0765833e-22)
(0.0041419061 -0.00014046585 2.1934795e-22)
(0.0040956907 -0.00016023956 -2.7603793e-22)
(0.0040389021 -0.00018316218 3.3073326e-23)
(0.0039684405 -0.00021018659 0)
(0.0038798939 -0.00024267893 4.2477976e-23)
(0.0037667862 -0.0002826646 -3.7773361e-22)
(0.0036192085 -0.00033327611 -5.2855432e-23)
(0.0034214413 -0.00039961882 0)
(0.0031464281 -0.00049057976 0)
(0.0027467549 -0.00062332492 -1.4619788e-21)
(0.0021146752 -0.0008142501 5.1338704e-23)
(0.0010597272 -0.0009030847 -1.0198208e-21)
(0.0043122449 1.7357543e-05 9.5955071e-23)
(0.0043145801 1.3413795e-05 -9.8708421e-23)
(0.0043161393 9.336196e-06 -1.0136763e-22)
(0.0043170806 5.0898529e-06 1.0837416e-22)
(0.0043172522 6.2756976e-07 3.8805373e-24)
(0.0043164726 -4.0605458e-06 -7.0218969e-24)
(0.0043146166 -8.9836719e-06 -1.1625457e-22)
(0.0043115639 -1.4165101e-05 6.3144658e-25)
(0.004307159 -1.9636416e-05 -7.9073263e-24)
(0.0043012077 -2.5433175e-05 -1.3229189e-22)
(0.0042934809 -3.1597174e-05 2.8484983e-22)
(0.004283708 -3.8180176e-05 1.4459726e-22)
(0.0042715635 -4.5246719e-05 0)
(0.0042566497 -5.287712e-05 0)
(0.0042384762 -6.1171906e-05 0)
(0.0042164315 -7.0258114e-05 0)
(0.0041897432 -8.0297982e-05 -2.4697417e-23)
(0.0041574217 -9.150119e-05 -2.1057581e-22)
(0.0041181789 -0.0001041426 2.8504035e-22)
(0.0040703073 -0.00011858868 2.1765048e-22)
(0.0040114983 -0.00013533785 0)
(0.0039385563 -0.00015508428 0)
(0.0038469359 -0.00017882249 0)
(0.0037299687 -0.00020802601 3.8752491e-22)
(0.0035774565 -0.00024497458 -4.5265613e-22)
(0.0033732223 -0.00029338404 0)
(0.003089333 -0.00035978354 0)
(0.0026769269 -0.00045662156 0)
(0.002023847 -0.00059681534 0)
(0.00094693685 -0.00065369069 2.1741375e-21)
(0.0043000811 9.7039692e-06 -4.8095991e-23)
(0.0043025504 7.3177548e-06 9.9206954e-23)
(0.0043042761 4.8547084e-06 -1.6009055e-24)
(0.0043052858 2.2915132e-06 -1.0401184e-22)
(0.0043054562 -4.1003882e-07 -1.0587092e-22)
(0.0043046824 -3.2429464e-06 -3.5449639e-24)
(0.0043028163 -6.221966e-06 0)
(0.0042997204 -9.3625378e-06 -1.22266e-22)
(0.0042952333 -1.2681123e-05 0)
(0.0042891571 -1.6198105e-05 1.2482387e-22)
(0.0042812576 -1.9939348e-05 -6.0785979e-23)
(0.0042712573 -2.3936954e-05 0)
(0.0042588225 -2.8230498e-05 0)
(0.0042435461 -3.2869044e-05 0)
(0.0042249261 -3.7913968e-05 -8.7250148e-23)
(0.0042023371 -4.3442774e-05 0)
(0.004174989 -4.9554346e-05 -1.2562262e-23)
(0.0041418705 -5.637639e-05 1.3337276e-23)
(0.004101665 -6.4076228e-05 -1.0219009e-22)
(0.0040526288 -7.2876838e-05 1.1210129e-22)
(0.0039924046 -8.3081385e-05 1.7867419e-23)
(0.0039177308 -9.5111905e-05 6.6190039e-25)
(0.0038239701 -0.00010957283 -1.9836025e-22)
(0.003704321 -0.00012735953 2.0144287e-22)
(0.0035483853 -0.00014985814 4.4704743e-22)
(0.003339661 -0.00017932837 1.6556224e-23)
(0.0030496094 -0.00021976651 3.2713075e-22)
(0.0026281632 -0.00027867655 2.6055573e-23)
(0.0019619754 -0.00036436804 -2.8632969e-23)
(0.00086540039 -0.00039837625 -1.1367025e-21)
(0.0042939872 3.1115771e-06 -4.8541442e-23)
(0.0042965129 2.3103679e-06 -1.1101175e-38)
(0.0042982928 1.5037404e-06 0)
(0.0042994024 6.9321315e-07 0)
(0.0042995285 -2.3267032e-07 0)
(0.0042987971 -1.2346076e-06 -1.7866958e-24)
(0.004296908 -2.239776e-06 1.8534827e-24)
(0.0042937646 -3.2908175e-06 -1.9321442e-24)
(0.004289215 -4.400394e-06 -5.7751379e-27)
(0.0042830578 -5.5766024e-06 -7.9127458e-27)
(0.004275054 -6.8286438e-06 -7.2719371e-23)
(0.0042649227 -8.1675395e-06 9.2800703e-24)
(0.0042523263 -9.6065971e-06 -2.4209181e-24)
(0.0042368529 -1.1162238e-05 -2.580031e-24)
(0.0042179943 -1.2855018e-05 8.520345e-23)
(0.0041951178 -1.4710915e-05 -3.6578238e-26)
(0.0041674242 -1.6763083e-05 3.1347465e-24)
(0.0041338907 -1.9054353e-05 3.4391739e-24)
(0.0040931864 -2.1640858e-05 1.1828578e-22)
(0.0040435488 -2.4597416e-05 -1.2927894e-22)
(0.0039825955 -2.8025753e-05 -4.4151942e-24)
(0.0039070316 -3.2067482e-05 0)
(0.0038121724 -3.6925414e-05 1.7940927e-22)
(0.0036911486 -4.2899999e-05 -2.0484776e-22)
(0.0035334592 -5.045661e-05 0)
(0.0033224337 -6.0353987e-05 -9.1130779e-24)
(0.0030292261 -7.393843e-05 -3.2494613e-22)
(0.0026031296 -9.3713635e-05 0)
(0.0019306272 -0.0001225038 1.1093927e-37)
(0.00082603039 -0.00013349839 4.5820423e-24)
(0.0042939871 -3.1127894e-06 -4.8541451e-23)
(0.0042965128 -2.3116191e-06 1.1101175e-38)
(0.0042982927 -1.5050421e-06 0)
(0.0042994023 -6.9458145e-07 0)
(0.0042995284 2.3120007e-07 0)
(0.004298797 1.2330052e-06 -1.786696e-24)
(0.0042969079 2.2380231e-06 -2.5745225e-27)
(0.0042937645 3.2888881e-06 -4.02526e-27)
(0.0042892148 4.398259e-06 -5.7751439e-27)
(0.0042830576 5.5742304e-06 -7.9127521e-27)
(0.0042750538 6.8260015e-06 -7.0507671e-23)
(0.0042649225 8.1645913e-06 4.6400358e-24)
(0.0042523261 9.603305e-06 2.4740022e-24)
(0.0042368527 1.1158561e-05 -5.1600628e-24)
(0.0042179941 1.2850911e-05 8.5203475e-23)
(0.0041951175 1.4706329e-05 -3.6578252e-26)
(0.004167424 1.6757963e-05 -4.6535278e-26)
(0.0041338905 1.9048635e-05 6.8189517e-24)
(0.0040931862 2.163447e-05 1.2202907e-22)
(0.0040435484 2.4590273e-05 -1.2918043e-22)
(0.0039825952 2.8017754e-05 -8.8303909e-24)
(0.0039070312 3.2058502e-05 0)
(0.003812172 3.6915299e-05 1.7940935e-22)
(0.0036911482 4.2888553e-05 -2.0484787e-22)
(0.0035334588 5.0443577e-05 -7.6838035e-24)
(0.0033224332 6.033902e-05 -6.0876435e-25)
(0.0030292255 7.3921029e-05 -3.2494641e-22)
(0.002603129 9.3693056e-05 0)
(0.0019306265 0.00012247906 -1.1093937e-37)
(0.00082602952 0.00013347415 -4.5820478e-24)
(0.0043000807 -9.7051513e-06 -4.8096016e-23)
(0.0043025501 -7.3189732e-06 9.920699e-23)
(0.0043042757 -4.8559797e-06 1.6009059e-24)
(0.0043052855 -2.2928568e-06 -1.0732071e-22)
(0.0043054558 4.08598e-07 -1.1271573e-22)
(0.0043046821 3.241384e-06 3.544965e-24)
(0.0043028159 6.2202562e-06 0)
(0.00429972 9.3606533e-06 -1.2226605e-22)
(0.0042952328 1.2679035e-05 0)
(0.0042891567 1.6195782e-05 1.4154574e-22)
(0.0042812571 1.9936757e-05 -7.8236145e-23)
(0.0042712568 2.3934061e-05 0)
(0.0042588219 2.8227264e-05 0)
(0.0042435455 3.2865428e-05 0)
(0.0042249255 3.7909925e-05 -8.7250178e-23)
(0.0042023364 4.3438255e-05 0)
(0.0041749883 4.9549296e-05 0)
(0.0041418697 5.6370746e-05 0)
(0.0041016642 6.4069917e-05 -1.3169839e-22)
(0.0040526279 7.2869775e-05 1.4366412e-22)
(0.0039924035 8.3073468e-05 0)
(0.0039177297 9.5103009e-05 -1.9948396e-23)
(0.0038239689 0.0001095628 -1.5506793e-22)
(0.0037043197 0.00012734818 2.0144303e-22)
(0.0035483839 0.0001498452 4.7703699e-22)
(0.0033396595 0.0001793135 -1.6556245e-23)
(0.0030496077 0.00021974921 3.271312e-22)
(0.0026281613 0.00027865609 0)
(0.0019619732 0.00036434345 0)
(0.0008653976 0.00039835206 -1.1014226e-21)
(0.0043122443 -1.7358669e-05 9.5955105e-23)
(0.0043145795 -1.3414955e-05 -9.8708457e-23)
(0.0043161387 -9.3374074e-06 -1.0136768e-22)
(0.00431708 -5.0911351e-06 1.0181837e-22)
(0.0043172515 -6.2894474e-07 -2.8995429e-24)
(0.0043164719 4.0590544e-06 7.0219004e-24)
(0.0043146159 8.9820388e-06 -1.1625464e-22)
(0.0043115632 1.4163299e-05 6.3142374e-25)
(0.0043071582 1.9634416e-05 0)
(0.004301207 2.5430947e-05 -1.2400051e-22)
(0.0042934801 3.1594684e-05 2.6760963e-22)
(0.0042837072 3.8177389e-05 1.4459737e-22)
(0.0042715626 4.5243597e-05 0)
(0.0042566487 5.2873623e-05 0)
(0.0042384751 6.1167989e-05 0)
(0.0042164303 7.0253727e-05 0)
(0.0041897419 8.029307e-05 2.4697436e-23)
(0.0041574204 9.1495689e-05 -2.3633422e-22)
(0.0041181775 0.00010413644 1.9879943e-22)
(0.0040703058 0.00011858177 2.7949615e-22)
(0.0040114966 0.00013533009 0)
(0.0039385545 0.00015507555 0)
(0.003846934 0.00017881263 0)
(0.0037299666 0.00020801483 3.8752543e-22)
(0.0035774542 0.00024496182 -4.5265668e-22)
(0.0033732198 0.00029336937 0)
(0.0030893302 0.00035976646 0)
(0.0026769237 0.00045660134 0)
(0.0020238434 0.00059679113 0)
(0.00094693166 0.00065366682 2.1071187e-21)
(0.0043304589 -2.6690202e-05 1.876714e-22)
(0.0043325264 -2.1234395e-05 -1.9297559e-22)
(0.0043337786 -1.5586387e-05 3.0127246e-22)
(0.0043345605 -9.7043514e-06 2.0687181e-22)
(0.0043346563 -3.5261307e-06 -1.0623418e-22)
(0.0043338245 2.9616585e-06 2.1431986e-22)
(0.0043319448 9.768938e-06 1.2268129e-22)
(0.0043289182 1.6926149e-05 1.3500077e-22)
(0.0043245974 2.4476271e-05 -3.1160217e-23)
(0.0043187914 3.2467583e-05 1.623854e-23)
(0.0043112775 4.0956606e-05 -1.3661588e-22)
(0.0043017961 5.0013653e-05 -1.4340186e-22)
(0.0042900342 5.97268e-05 0)
(0.0042756082 7.020587e-05 0)
(0.0042580445 8.1588364e-05 2.1172029e-23)
(0.0042367524 9.4048052e-05 3.344979e-22)
(0.0042109851 0.00010780692 -2.4183054e-23)
(0.0041797849 0.00012315202 2.3329515e-22)
(0.0041419041 0.00014045991 2.1934828e-22)
(0.0040956886 0.00016023289 -2.1432479e-22)
(0.0040388998 0.00018315466 -3.3073366e-23)
(0.0039684381 0.0002101781 0)
(0.0038798912 0.00024266932 -4.2478035e-23)
(0.0037667833 0.00028265368 -3.8209077e-22)
(0.0036192053 0.00033326362 5.2855517e-23)
(0.0034214378 0.00039960442 0)
(0.0031464242 0.00049056298 0)
(0.0027467505 0.00062330504 -1.3677133e-21)
(0.0021146701 0.00081422644 -5.1338864e-23)
(0.0010597204 0.00090306063 -1.0198242e-21)
(0.0043547944 -3.8168532e-05 -3.7491006e-22)
(0.0043563761 -3.1263557e-05 1.2406136e-24)
(0.0043571123 -2.4102907e-05 -1.9924005e-22)
(0.0043575811 -1.6641491e-05 -1.9914705e-22)
(0.0043574737 -8.8072419e-06 4.2314292e-22)
(0.0043564729 -5.8793448e-07 -4.4464459e-22)
(0.0043544687 8.0280031e-06 0)
(0.0043513882 1.7077902e-05 0)
(0.0043470928 2.6613582e-05 -2.4413168e-22)
(0.0043413938 3.6693452e-05 0)
(0.0043340772 4.7386686e-05 0)
(0.0043248964 5.8779852e-05 0)
(0.004313554 7.09819e-05 0)
(0.0042996838 8.4129383e-05 0)
(0.0042828335 9.8393837e-05 0)
(0.0042624382 0.00011399227 -7.0133318e-22)
(0.0042377832 0.00013120199 0)
(0.0042079513 0.00015038166 0)
(0.0041717468 0.00017200192 -4.1072759e-22)
(0.0041275826 0.00019669095 -5.2863915e-22)
(0.0040733098 0.00022530448 -8.478338e-25)
(0.0040059507 0.00025903647 -5.3295813e-22)
(0.0039212636 0.00029960056 0)
(0.0038130179 0.00034954035 0)
(0.0036716724 0.0004127909 -8.187996e-22)
(0.0034820713 0.00049577132 -1.0117594e-21)
(0.0032182334 0.00060954389 1.110988e-21)
(0.0028341646 0.00077573763 1.4034174e-21)
(0.0022267812 0.0010141407 4.7981626e-23)
(0.0011876803 0.0011407822 0)
(0.0043855166 -5.2145227e-05 1.8856579e-22)
(0.0043862721 -4.3869896e-05 3.8326673e-22)
(0.0043861807 -3.526292e-05 1.890323e-22)
(0.0043860927 -2.6281494e-05 1.9483973e-22)
(0.0043855689 -1.6851115e-05 4.7933232e-24)
(0.0043842003 -6.9653969e-06 4.3102435e-22)
(0.0043818928 3.3864608e-06 0)
(0.0043786028 1.4245065e-05 0)
(0.0043741986 2.5666968e-05 2.4211199e-22)
(0.0043684943 3.771828e-05 2.4974455e-22)
(0.0043612853 5.0479673e-05 3.2855955e-23)
(0.0043523406 6.4052682e-05 -3.4294992e-23)
(0.0043413807 7.8565082e-05 0)
(0.0043280602 9.4177157e-05 3.8191873e-23)
(0.004311951 0.00011109039 -4.0106035e-23)
(0.0042925178 0.00012956005 4.8841026e-24)
(0.0042690829 0.00014991306 3.1614557e-22)
(0.0042407761 0.00017257303 4.8603051e-23)
(0.0042064617 0.00019809611 -5.3270212e-23)
(0.0041646317 0.00022722487 5.1889776e-22)
(0.0041132428 0.00026097156 0)
(0.0040494616 0.00030075024 5.9309642e-22)
(0.0039692487 0.00034859348 -7.7061429e-23)
(0.0038666648 0.00040752377 8.6787216e-23)
(0.0037326068 0.00048222238 7.5046765e-22)
(0.0035525714 0.0005803467 9.2317486e-22)
(0.0033018195 0.00071497744 -1.0815484e-21)
(0.0029357616 0.00091215886 0)
(0.0023555822 0.0011956556 0)
(0.0013307279 0.0013637046 0)
(0.0044232647 -6.881035e-05 -3.6055129e-22)
(0.0044226814 -5.9278197e-05 -1.910617e-22)
(0.0044213102 -4.9299534e-05 -1.9375298e-22)
(0.0044202907 -3.8861311e-05 -1.8724136e-22)
(0.004419008 -2.7903678e-05 -2.3162796e-22)
(0.0044169535 -1.6422718e-05 -6.2138174e-22)
(0.0044140548 -4.4037933e-06 0)
(0.0044102953 8.1923535e-06 0)
(0.0044055492 2.1418716e-05 -4.6999344e-22)
(0.0043996344 3.5341327e-05 -2.1666611e-22)
(0.0043923566 5.0045118e-05 -3.2074007e-23)
(0.0043834991 6.5641761e-05 5.6779053e-22)
(0.0043728009 8.227711e-05 -3.5191829e-23)
(0.0043599391 0.00010013636 -3.7250022e-23)
(0.0043445124 0.00011945035 6.619127e-22)
(0.004326018 0.00014050851 3.771152e-22)
(0.0043038189 0.00016368059 3.4615683e-22)
(0.0042770962 0.00018944645 7.0492057e-22)
(0.00424478 0.00021843724 0)
(0.0042054491 0.00025149676 -9.3134595e-22)
(0.0041571778 0.00028977666 5.9659009e-23)
(0.0040972945 0.00033488797 6.732141e-23)
(0.0040219884 0.00038915035 2.4991488e-24)
(0.003925651 0.00045602133 -8.0948188e-23)
(0.0037996804 0.00054086639 -1.4731866e-21)
(0.0036303068 0.00065250672 -1.7445821e-21)
(0.0033942103 0.00080589258 2.0206035e-21)
(0.0030483108 0.0010316425 0)
(0.0024978357 0.0013578953 0)
(0.0014896684 0.001569314 0)
(0.0044693026 -8.8414035e-05 7.2146667e-22)
(0.0044666383 -7.7779088e-05 -2.8862716e-24)
(0.0044633465 -6.6427223e-05 3.7829707e-22)
(0.0044608083 -5.4507287e-05 0)
(0.0044582205 -4.2032018e-05 0)
(0.0044550028 -2.8990217e-05 4.1821426e-22)
(0.0044510906 -1.5360402e-05 4.2814298e-22)
(0.0044464674 -1.1091715e-06 0)
(0.0044410104 1.3824353e-05 9.2590407e-22)
(0.0044345501 2.9520568e-05 0)
(0.0044269055 4.6065753e-05 0)
(0.0044178763 6.356507e-05 -5.2850912e-22)
(0.0044072215 8.2166444e-05 5.465071e-22)
(0.0043946385 0.00010207198 0)
(0.004379748 0.0001235405 -6.1522491e-22)
(0.0043620772 0.00014689645 4.0594599e-23)
(0.0043410317 0.00017255174 -6.9291776e-22)
(0.0043158479 0.00020103793 -8.3294776e-22)
(0.0042855263 0.00023305159 -7.8159295e-22)
(0.0042487381 0.00026952334 1.8102683e-21)
(0.0042036827 0.00031172503 1.2688931e-24)
(0.0041478626 0.00036143906 9.4007341e-22)
(0.0040777153 0.00042123732 0)
(0.0039879942 0.00049496427 0)
(0.0038706554 0.00058860083 1.524815e-21)
(0.0037127374 0.0007120562 1.5407273e-21)
(0.0034925429 0.00088196529 -1.8946488e-21)
(0.0031687255 0.0011338386 7.0436516e-23)
(0.0026506941 0.0014998339 -1.5636719e-22)
(0.0016650912 0.0017527097 8.5256167e-23)
(0.0045256566 -0.00011119292 -3.5507219e-22)
(0.0045201195 -9.9904766e-05 0)
(0.0045141415 -8.7188788e-05 -3.8679784e-22)
(0.0045090864 -7.3750239e-05 3.7382854e-26)
(0.0045042085 -5.9723768e-05 -3.8150258e-22)
(0.0044990336 -4.4997112e-05 0)
(0.0044934534 -2.9585359e-05 2.1731915e-23)
(0.0044873841 -1.3580505e-05 4.3426517e-22)
(0.004480699 3.0382004e-06 -4.8409785e-22)
(0.004473225 2.0391403e-05 -2.9445379e-23)
(0.0044647698 3.8615415e-05 3.0645014e-23)
(0.004455151 5.7848125e-05 0)
(0.0044441693 7.8254285e-05 -5.4022506e-22)
(0.0044315571 0.00010004315 5.9429164e-22)
(0.0044169548 0.0001234785 -3.6991611e-23)
(0.0043999089 0.00014889844 0)
(0.0043798578 0.00017674547 -4.1827435e-23)
(0.0043560873 0.00020759811 7.9196519e-22)
(0.0043276661 0.00024221314 7.2097339e-22)
(0.0042933594 0.00028159791 -1.7634991e-23)
(0.0042514968 0.00032712768 8.7822228e-22)
(0.0041997632 0.00038073135 -9.8234129e-22)
(0.0041348579 0.0004451971 1.1215803e-21)
(0.0040519197 0.00052470527 -1.2421125e-21)
(0.0039435122 0.00062577525 1.2246064e-21)
(0.0037975449 0.00075932913 1.6719164e-21)
(0.0035941692 0.00094341765 -1.6098582e-22)
(0.0032940822 0.001218894 -1.8806522e-21)
(0.0028114942 0.0016201146 2.2885787e-21)
(0.0018561833 0.0019102886 2.3372869e-21)
(0.0045914235 -0.00013591224 0)
(0.0045842146 -0.00012491813 -3.5645951e-22)
(0.0045760714 -0.00011068906 0)
(0.0045675944 -9.5789882e-05 -3.756494e-22)
(0.0045591523 -8.0684061e-05 3.5116437e-24)
(0.0045508678 -6.4698829e-05 0)
(0.0045424859 -4.7589247e-05 -8.2643408e-22)
(0.0045338816 -2.9600243e-05 -5.0635755e-24)
(0.004525101 -1.0901742e-05 -4.1251505e-22)
(0.0045159783 8.4507027e-06 -2.8759525e-23)
(0.0045062023 2.8486364e-05 -4.7550491e-22)
(0.0044955208 4.9353362e-05 -4.9594247e-22)
(0.0044837451 7.131263e-05 0)
(0.0044706499 9.4680974e-05 -5.5199757e-22)
(0.0044559127 0.00011978179 -5.7166983e-22)
(0.0044391164 0.00014696976 0)
(0.0044197429 0.00017669827 -5.9826559e-22)
(0.0043971262 0.00020957113 -7.3486574e-22)
(0.0043703939 0.00024638757 -7.25536e-22)
(0.0043383962 0.0002882157 -1.5752242e-21)
(0.0042995878 0.00033651549 -1.7027534e-21)
(0.0042518351 0.00039333659 0)
(0.0041921041 0.00046164659 -9.2254388e-23)
(0.004115932 0.00054590886 1.0274719e-22)
(0.0040165292 0.00065309381 -1.2736467e-21)
(0.0038827208 0.00079507333 -2.8219567e-21)
(0.003696736 0.00099091974 -1.5699186e-21)
(0.0034216642 0.0012874165 1.8651398e-21)
(0.0029772505 0.0017182279 -2.1186368e-21)
(0.0020566742 0.0020448855 -2.3362628e-21)
(0.0046409693 -0.00015851108 0)
(0.0046464341 -0.00015265959 7.0593273e-22)
(0.0046440674 -0.00013781046 -1.1234744e-23)
(0.004634822 -0.00012049941 3.8359553e-22)
(0.0046239342 -0.0001034566 3.8158785e-24)
(0.0046130232 -8.6417252e-05 2.4475129e-23)
(0.0046011756 -6.8600351e-05 3.8133398e-22)
(0.0045884327 -4.9885633e-05 -4.2038222e-22)
(0.0045756993 -2.987396e-05 4.0839704e-22)
(0.0045632224 -8.5437677e-06 -4.4619646e-22)
(0.0045507931 1.3805558e-05 3.5453703e-23)
(0.0045381458 3.691919e-05 6.8090231e-24)
(0.0045250204 6.0851513e-05 0)
(0.0045110939 8.5960032e-05 -5.2854754e-22)
(0.0044959413 0.00011268554 8.8909125e-24)
(0.0044791117 0.00014147715 -6.5858302e-22)
(0.004460126 0.00017285126 8.8732721e-23)
(0.0044383804 0.00020745465 -8.3157321e-23)
(0.0044130708 0.0002461247 8.4535817e-22)
(0.004383135 0.00028997798 -7.8389299e-23)
(0.0043471525 0.00034054338 8.2404045e-22)
(0.0043031696 0.00039996914 -8.1842096e-22)
(0.0042484192 0.00047136798 -1.9309939e-21)
(0.0041788392 0.00055943566 1.0781663e-21)
(0.0040883175 0.0006714906 -7.5165797e-23)
(0.0039666168 0.00082032578 1.4227235e-21)
(0.0037982419 0.0010254813 2.8734501e-21)
(0.003549074 0.0013404094 1.7245943e-21)
(0.0031447688 0.001795493 1.7501142e-21)
(0.0022582007 0.0021589364 -1.8281921e-21)
(0.0046068239 -0.00015369054 -3.6026478e-22)
(0.0046445134 -0.00015751903 -3.4459097e-22)
(0.0046730841 -0.00015202965 -3.4076355e-22)
(0.0046763838 -0.0001406063 -2.2647538e-23)
(0.0046741008 -0.00012626767 -7.8277311e-24)
(0.0046727541 -0.0001078342 2.405951e-23)
(0.0046663043 -8.6679153e-05 -3.9267149e-22)
(0.0046536726 -6.6311924e-05 0)
(0.0046385613 -4.5972226e-05 -4.1995479e-22)
(0.0046221086 -2.4652948e-05 5.7573888e-24)
(0.0046049905 -1.7891426e-06 6.2494299e-24)
(0.0045878341 2.249735e-05 5.3645899e-22)
(0.0045710456 4.7934705e-05 9.0462209e-26)
(0.0045545721 7.462882e-05 5.216131e-22)
(0.0045378322 0.00010287457 5.4747976e-22)
(0.0045201609 0.00013309449 5.048061e-22)
(0.0045009705 0.00016586118 6.0848121e-22)
(0.0044796269 0.00020189257 0)
(0.0044553452 0.00024207874 -8.5460638e-23)
(0.0044271252 0.00028757568 8.2499792e-22)
(0.0043936529 0.00033995795 0)
(0.0043531389 0.00040144378 8.5429459e-22)
(0.0043030721 0.00047525446 9.2995813e-22)
(0.0042397817 0.0005662754 6.3747835e-23)
(0.0041578494 0.00068204364 2.3057713e-24)
(0.0040479877 0.0008363154 -7.5497931e-23)
(0.003897096 0.0010483484 -1.4027463e-21)
(0.0036743996 0.0013791519 -1.6084495e-21)
(0.0033114007 0.0018538994 -1.6271845e-21)
(0.002456265 0.0022523405 1.6908865e-21)
(0.0043031798 -8.3147284e-05 3.6191998e-22)
(0.0044804495 -0.0001132036 -5.6330811e-24)
(0.0045963996 -0.00013023316 3.6109736e-22)
(0.0046410331 -0.00013489129 -1.1189659e-23)
(0.0046603493 -0.00013354842 3.6870167e-22)
(0.0046732181 -0.00012820399 0)
(0.0046885308 -0.00011425415 3.6481169e-22)
(0.0046897806 -9.2555739e-05 2.4898573e-23)
(0.004684754 -6.8787395e-05 4.4094592e-22)
(0.0046742264 -4.4771264e-05 4.0327771e-22)
(0.004658957 -2.0381922e-05 1.3269001e-21)
(0.0046401083 5.0789958e-06 0)
(0.004620034 3.1731837e-05 9.556693e-22)
(0.0046003472 5.9927446e-05 0)
(0.0045811119 8.9835885e-05 -6.5954281e-23)
(0.0045618267 0.00012167501 -1.0294943e-21)
(0.0045418602 0.00015590905 -7.314891e-23)
(0.0045204731 0.00019327155 1.2230487e-21)
(0.0044968243 0.00023473631 8.159076e-23)
(0.0044699419 0.00028154743 -1.4709089e-21)
(0.0044386109 0.00033534848 -1.3873086e-21)
(0.0044012053 0.00039842042 -1.0160226e-22)
(0.0043554622 0.00047405723 -1.6142918e-21)
(0.0042980856 0.00056730615 -1.8739016e-21)
(0.0042243445 0.00068573951 -2.0513189e-21)
(0.0041259229 0.00084423369 0)
(0.0039920997 0.0010607796 2.492444e-21)
(0.0037962487 0.0014049252 0)
(0.0034754725 0.0018954706 -2.9247087e-21)
(0.0026473304 0.002325931 2.6191535e-21)
(0.0033373717 6.6918022e-05 0)
(0.0038149073 3.6017443e-05 0)
(0.0041967979 -1.6179786e-06 0)
(0.0044371071 -3.1968366e-05 -2.2555553e-23)
(0.0045671253 -5.7609813e-05 8.2296856e-26)
(0.0046395339 -7.6718525e-05 2.3717071e-23)
(0.0046833815 -8.7323911e-05 2.3783046e-23)
(0.0047070243 -8.5875144e-05 -2.4576467e-23)
(0.0047163411 -7.4708348e-05 0)
(0.0047174574 -5.7035765e-05 0)
(0.004712323 -3.4423881e-05 -8.1556513e-22)
(0.0046987563 -9.0646477e-06 8.3436965e-22)
(0.0046773303 1.7459356e-05 -9.4241144e-22)
(0.0046537198 4.5662001e-05 0)
(0.0046299739 7.5963836e-05 0)
(0.0046068792 0.000108657 1.081599e-21)
(0.0045843854 0.00014403162 -7.0758004e-23)
(0.0045618013 0.00018260269 -1.0536578e-21)
(0.0045380999 0.00022522797 -7.8693781e-23)
(0.0045121236 0.0002731427 1.3565908e-21)
(0.0044825896 0.0003280344 1.4499327e-21)
(0.004447947 0.00039224922 0)
(0.0044061446 0.0004691258 1.681269e-21)
(0.0043542507 0.00056390143 1.8252712e-21)
(0.0042881929 0.00068392541 1.9309452e-21)
(0.004200688 0.00084552083 6.6137097e-23)
(0.0040832931 0.0010642249 -2.4064472e-21)
(0.0039145555 0.0014191109 0)
(0.0036370581 0.0019213615 2.8391224e-21)
(0.002828528 0.0023806391 -2.5842379e-21)
(0.0016415228 6.799864e-05 5.6558868e-24)
(0.0023878761 1.2411521e-05 -1.6533541e-23)
(0.0030423454 -3.0532781e-05 1.0923931e-23)
(0.0035756633 -5.6517279e-05 2.1468664e-23)
(0.003981147 -7.0631687e-05 -2.1781887e-23)
(0.0042676802 -8.0161341e-05 0)
(0.0044581844 -8.7159795e-05 0)
(0.0045794757 -8.8769335e-05 0)
(0.0046524839 -8.3140062e-05 4.8868624e-23)
(0.0046926273 -7.0451201e-05 -5.0558624e-23)
(0.00471278 -5.1807202e-05 -5.2441884e-23)
(0.0047213767 -2.8696744e-05 -8.2503462e-22)
(0.0047162725 -2.4934921e-06 0)
(0.0047009244 2.5876705e-05 -5.9295592e-23)
(0.0046794665 5.6374176e-05 6.191935e-23)
(0.0046551598 8.9341782e-05 -6.5061779e-23)
(0.0046300521 0.00012516996 6.8177509e-23)
(0.0046049332 0.00016434772 -7.2136523e-23)
(0.0045795739 0.00020763648 7.5866339e-23)
(0.0045530947 0.00025619907 0)
(0.004524243 0.00031170238 0)
(0.0044914683 0.00037652942 -9.2496245e-23)
(0.0044528496 0.00045400908 1.9752278e-22)
(0.0044056846 0.00054963123 -5.1803555e-23)
(0.0043466399 0.00067022024 -1.1546239e-22)
(0.0042691143 0.00083392976 6.1904867e-23)
(0.0041675541 0.0010525221 0)
(0.0040252384 0.0014151201 0)
(0.0037978134 0.001929729 0)
(0.0030029619 0.0024225076 -3.1423238e-23)
(0.0031414372 0.0024560029 2.746806e-23)
(0.003252234 0.0024804127 -1.4124673e-21)
(0.0033566368 0.0024914676 1.4432677e-21)
(0.0034477147 0.0024837447 3.8774778e-22)
(0.0035214265 0.0024554056 -3.933931e-22)
(0.0035750974 0.0024065761 -1.1392797e-22)
(0.0036055638 0.0023386122 1.0969892e-22)
(0.0036097 0.0022531258 6.9129968e-24)
(0.0035849875 0.0021514523 -3.8392741e-24)
(0.0035304074 0.0020335959 0)
(0.0034460855 0.0018954682 0)
(0.0033350035 0.0017236368 1.803543e-22)
(0.0031955254 0.0015194405 -4.0899827e-22)
(0.0030299228 0.0012991128 2.2655259e-22)
(0.0028404401 0.0010634716 -1.0584853e-24)
(0.0026293113 0.00082127724 1.1415118e-24)
(0.0023978131 0.00059193972 2.9545785e-22)
(0.0021559588 0.00039680704 -5.9121146e-22)
(0.001913546 0.00023590053 2.9897234e-22)
(0.0016734296 0.00010677619 0)
(0.0014435408 4.7790175e-06 0)
(0.0012294254 -7.3837984e-05 0)
(0.0010337969 -0.00012084897 0)
(0.00085945561 -0.0001387602 -8.819719e-22)
(0.00070637691 -0.00013497827 8.5513502e-22)
(0.00057361934 -0.00011571854 7.7188891e-22)
(0.00045898269 -8.5359644e-05 -7.2957505e-22)
(0.00035933929 -4.9395649e-05 -1.2168442e-21)
(0.00027418612 -1.1939244e-05 1.1883489e-21)
(0.00020112903 2.5526966e-05 1.6977851e-23)
(0.0039285781 0.0019610543 0)
(0.0040479718 0.0020045678 2.110117e-21)
(0.0041679511 0.0020433662 -2.1296782e-21)
(0.0042873836 0.0020734918 -8.3233039e-22)
(0.0044082035 0.0020918107 8.861255e-22)
(0.0045292054 0.002096603 -6.9330346e-22)
(0.0046479171 0.0020867675 7.1845389e-22)
(0.0047614993 0.0020616934 -2.5340188e-23)
(0.0048671198 0.0020227616 0)
(0.0049609335 0.0019694809 0)
(0.0050393658 0.0019075876 4.2180759e-24)
(0.005099025 0.0018286068 -2.4385929e-24)
(0.0051318893 0.0017324151 0)
(0.0051335065 0.0016212962 0)
(0.0050993506 0.0014965058 8.7943639e-39)
(0.0050251019 0.0013573223 -8.8784266e-39)
(0.0049075583 0.0012033744 2.343606e-24)
(0.0047473868 0.0010359719 0)
(0.0045475048 0.00086771505 -6.0707228e-24)
(0.0043165689 0.00070346303 6.445819e-24)
(0.0040611051 0.0005540277 0)
(0.0037876113 0.00042357621 0)
(0.0035044693 0.00031394721 -1.295415e-23)
(0.0032200423 0.00022487366 -4.4429617e-22)
(0.0029404907 0.00015481493 4.5925415e-22)
(0.0026695003 0.00010197842 -4.2890675e-22)
(0.002410854 6.4073494e-05 4.3303839e-22)
(0.0021668515 3.9463977e-05 7.3411538e-22)
(0.0019379854 2.3623797e-05 -7.0750805e-22)
(0.0017382716 -5.5049954e-07 0)
(0.0041111767 0.0014558623 0)
(0.0041986097 0.0015196767 0)
(0.0042908695 0.0015811665 0)
(0.0043885548 0.0016360203 -9.5911047e-22)
(0.0044924415 0.0016832518 1.0063902e-21)
(0.0046020447 0.0017214809 7.7873634e-22)
(0.0047158207 0.001749026 -7.6651852e-22)
(0.0048317508 0.0017643768 1.8128597e-23)
(0.0049475406 0.0017665453 0)
(0.0050606873 0.0017551032 0)
(0.0051697638 0.0017299329 1.6046832e-22)
(0.0052719535 0.0016913111 -1.4937606e-22)
(0.005364638 0.0016379164 0)
(0.0054422079 0.0015655624 0)
(0.005510731 0.0014813817 -3.8929221e-25)
(0.0055523704 0.0013896423 -6.1692894e-26)
(0.0055691831 0.0012941209 -2.1285598e-24)
(0.0055607354 0.0011926221 0)
(0.0055208361 0.0010879492 1.2659558e-22)
(0.0054479433 0.00098033166 -1.2166239e-22)
(0.0053429751 0.00087024792 0)
(0.0052062602 0.00075855671 0)
(0.0050418544 0.00065033834 1.1374841e-23)
(0.0048553603 0.00055013851 2.8826576e-22)
(0.0046512323 0.00045929728 -2.7888333e-22)
(0.004433884 0.00037862878 -2.5868164e-22)
(0.0042072173 0.00030684683 2.5852831e-22)
(0.0039744002 0.00024391555 0)
(0.0037381434 0.00019041565 0)
(0.0035280438 0.00012354744 0)
(0.0042297698 0.001084752 0)
(0.0042936868 0.0011393585 -2.1189027e-21)
(0.0043632085 0.0011942237 2.1568009e-21)
(0.0044386825 0.0012450983 -9.7864045e-22)
(0.0045209773 0.0012913158 1.8651533e-21)
(0.0046102276 0.0013319754 -9.419285e-22)
(0.0047057502 0.0013657718 -7.838348e-23)
(0.004806449 0.0013913651 -7.3182194e-22)
(0.0049109567 0.0014075053 7.6331327e-22)
(0.0050175903 0.001413084 -2.8732081e-22)
(0.0051244141 0.0014073024 2.9454603e-22)
(0.0052292633 0.0013898002 0)
(0.005329791 0.0013606055 0)
(0.0054230173 0.0013192972 3.1801345e-23)
(0.0055054122 0.001266181 -3.0400466e-23)
(0.0055745353 0.0012053762 -1.4110771e-23)
(0.0056318684 0.0011390623 1.4971973e-23)
(0.0056741502 0.001066774 0)
(0.0057059409 0.00098940383 0)
(0.005716508 0.00091212959 -3.065324e-23)
(0.0057112984 0.00083746523 2.5268488e-23)
(0.0056884061 0.00076441603 -9.1298342e-23)
(0.0056447548 0.00069258276 9.106364e-23)
(0.0055795862 0.00062169697 -9.4137826e-24)
(0.0054935251 0.00055049313 1.230171e-22)
(0.0053861613 0.00047847171 -2.6175296e-22)
(0.0052595653 0.00040820161 1.3205396e-22)
(0.0051166295 0.000341987 -2.6693853e-22)
(0.0049585853 0.00028319265 2.6275721e-22)
(0.0048188197 0.00020763555 0)
(0.0043177499 0.00086556168 6.3989803e-23)
(0.0043649357 0.00091475461 6.340533e-23)
(0.0044171593 0.00096472327 0)
(0.0044759868 0.0010124217 -6.073954e-23)
(0.0045417734 0.00105666 9.660739e-22)
(0.004614414 0.001096293 -1.7821709e-21)
(0.0046935 0.001130157 9.7830699e-22)
(0.004778357 0.0011571503 7.0402794e-22)
(0.0048680442 0.0011762638 -7.8374561e-22)
(0.0049613428 0.0011866073 3.133556e-22)
(0.0050567442 0.0011874766 -3.3275976e-22)
(0.0051525055 0.0011784522 0)
(0.0052467483 0.0011595029 0)
(0.0053375437 0.0011309683 -3.342907e-24)
(0.0054226458 0.0010935026 4.0393879e-25)
(0.0055000424 0.0010480976 -7.8206133e-25)
(0.0055684355 0.00099594914 1.9829763e-24)
(0.0056267824 0.00093835303 0)
(0.0056738968 0.00087691876 0)
(0.0057092291 0.00081451405 -3.5233484e-23)
(0.0057350264 0.00075229257 3.5647318e-23)
(0.0057512647 0.00068960956 -2.2257193e-23)
(0.0057595896 0.00062751729 2.4601053e-23)
(0.0057553334 0.00056798364 -8.2770781e-24)
(0.0057420632 0.00051073663 2.9429735e-23)
(0.00571683 0.00045535783 -2.0781372e-23)
(0.005677578 0.00040122831 -4.6237564e-24)
(0.0056237989 0.00034826026 0)
(0.0055548067 0.00029731935 5.753237e-25)
(0.005493463 0.00022901559 6.1967605e-25)
(0.0043873123 0.00069622791 -1.2066804e-22)
(0.0044260979 0.00073860521 1.8266633e-21)
(0.0044689848 0.00078308875 -1.9177648e-21)
(0.0045175013 0.00082666723 -3.3380651e-26)
(0.0045722598 0.00086814205 -5.5615849e-23)
(0.004633359 0.00090638633 -8.3917064e-22)
(0.0047005551 0.00094019371 7.9778824e-22)
(0.004773357 0.00096836981 7.9913455e-22)
(0.0048510264 0.00098980135 -7.5815127e-22)
(0.0049325631 0.0010035163 3.0101118e-22)
(0.0050167136 0.0010087519 -3.2465936e-22)
(0.0051020117 0.0010050298 1.8190663e-23)
(0.0051868534 0.00099222095 -1.1738833e-22)
(0.005269605 0.00097058508 1.2073889e-22)
(0.0053486629 0.00094075041 -1.335556e-24)
(0.0054225816 0.0009036689 0)
(0.0054902081 0.00086055032 6.3261165e-23)
(0.005550795 0.00081275683 -6.4827038e-23)
(0.0056037202 0.00076170283 -7.2314258e-24)
(0.0056487011 0.00070858244 -7.5943287e-23)
(0.0056857917 0.00065421206 8.0529918e-23)
(0.0057154048 0.00059922917 -1.0334888e-22)
(0.0057366341 0.00054501032 9.1220135e-23)
(0.0057518937 0.00049202849 7.1298914e-23)
(0.0057597423 0.0004392863 -6.8096545e-23)
(0.0057617064 0.00038738937 7.5449336e-25)
(0.0057578599 0.00033712704 4.0797041e-24)
(0.0057477362 0.00028852064 -5.6271689e-23)
(0.0057309777 0.00024099351 5.8191483e-23)
(0.0057118412 0.00018337613 2.6501254e-24)
(0.0044410205 0.00057311105 -5.4920037e-23)
(0.0044738966 0.00061089588 1.7667201e-21)
(0.0045102275 0.00065079776 -1.7946921e-21)
(0.0045516602 0.00069031877 5.4447241e-23)
(0.004598823 0.00072841993 8.3081883e-22)
(0.004651878 0.00076408787 1.41758e-23)
(0.0047107018 0.00079622885 -8.5986795e-22)
(0.004774942 0.00082372752 0)
(0.0048439997 0.00084549769 -4.5083458e-23)
(0.0049170098 0.0008605453 4.1528464e-23)
(0.004992853 0.00086804858 0)
(0.0050702002 0.00086744071 -1.3416211e-22)
(0.0051475851 0.00085847884 1.3572357e-22)
(0.0052235024 0.00084128806 5.4999603e-23)
(0.0052965221 0.00081636631 -5.5007734e-23)
(0.0053653964 0.00078455137 -4.3287501e-23)
(0.0054291358 0.00074692324 4.3171688e-23)
(0.0054870571 0.00070468658 6.6697332e-23)
(0.0055387615 0.00065905434 -6.804102e-23)
(0.0055841325 0.00061113963 0)
(0.0056232692 0.00056188968 -1.1620231e-23)
(0.0056564723 0.00051213102 1.186994e-23)
(0.0056838804 0.00046254866 7.2631123e-24)
(0.0057061986 0.00041339546 -1.136026e-22)
(0.0057231959 0.00036489205 2.6154366e-24)
(0.0057348511 0.00031714011 1.08721e-22)
(0.0057412725 0.00027072602 3.2936207e-24)
(0.0057425462 0.000225102 -1.6874104e-22)
(0.0057390185 0.00018032016 1.6277402e-22)
(0.0057358914 0.00012863752 9.6106355e-24)
(0.0044845656 0.00047435707 2.1048068e-22)
(0.0045137252 0.00050794709 1.6568804e-21)
(0.0045457813 0.00054389338 -1.5782691e-21)
(0.0045823325 0.00057993594 8.0565465e-22)
(0.0046240364 0.00061511194 -1.6006425e-21)
(0.0046711308 0.00064848574 -1.7418614e-23)
(0.0047236009 0.00067903792 8.1639196e-22)
(0.0047812233 0.00070570963 0)
(0.0048435392 0.00072744746 -9.0060091e-25)
(0.004909826 0.00074326249 -4.0426949e-23)
(0.004979102 0.00075230741 0)
(0.0050501644 0.00075395797 -1.7117293e-23)
(0.0051216564 0.0007478836 0)
(0.0051921603 0.00073409392 -4.8728235e-23)
(0.0052603054 0.00071294957 5.6332093e-23)
(0.0053248768 0.00068513176 4.5889716e-23)
(0.0053849017 0.00065156925 -5.1459377e-23)
(0.0054397017 0.00061334091 0)
(0.0054889062 0.00057157129 7.9749496e-24)
(0.0055324253 0.00052733718 0)
(0.0055703797 0.00048158487 1.383275e-23)
(0.0056030144 0.00043509913 -1.1172212e-23)
(0.0056306277 0.0003884682 0)
(0.005653548 0.00034212445 1.5234779e-22)
(0.0056720486 0.00029639439 -1.9756265e-24)
(0.0056863393 0.00025149111 -2.867543e-22)
(0.0056965244 0.00020762056 1.3054627e-22)
(0.0057031211 0.00016478857 -2.6958114e-22)
(0.0057053356 0.00012344853 2.4754984e-22)
(0.0057074528 7.6085489e-05 -1.2037228e-23)
(0.0045207415 0.00039456799 -9.921818e-23)
(0.0045473794 0.00042487643 0)
(0.004576458 0.00045755163 -9.7994879e-23)
(0.0046095166 0.00049053315 7.597703e-22)
(0.0046472283 0.00052297115 -7.1977745e-22)
(0.0046898756 0.00055403506 0)
(0.0047375111 0.00058279882 -6.9959659e-22)
(0.0047900006 0.00060827844 6.6123788e-22)
(0.0048469936 0.00062947267 4.0814368e-23)
(0.0049078888 0.00064541832 3.2220242e-22)
(0.0049718302 0.00065526466 -2.8552494e-22)
(0.0050377369 0.00065835359 0)
(0.0051043621 0.00065429101 0)
(0.0051703767 0.00064299619 -7.1484428e-24)
(0.0052344708 0.00062471835 0)
(0.0052954576 0.00060001437 0)
(0.0053523616 0.00056968927 -4.5553136e-25)
(0.0054044763 0.00053470945 0)
(0.0054513809 0.00049610506 0)
(0.0054929177 0.00045487863 -1.3801346e-22)
(0.0055291387 0.00041193483 1.211492e-22)
(0.0055602389 0.00036804447 0)
(0.0055865021 0.00032383416 2.1563722e-22)
(0.0056082444 0.00027980184 -1.9970151e-22)
(0.0056257829 0.0002363366 0)
(0.0056394035 0.00019372993 -1.7991026e-22)
(0.0056493161 0.00015222147 1.661659e-22)
(0.0056558023 0.0001119407 1.734103e-23)
(0.0056587783 7.3365921e-05 0)
(0.0056607795 2.9538735e-05 0)
(0.0045519381 0.00032766317 0)
(0.0045769206 0.0003552168 1.465703e-21)
(0.0046039618 0.000385153 -1.3927832e-21)
(0.0046345216 0.00041554651 0)
(0.0046692744 0.00044562967 7.0339766e-22)
(0.0047085358 0.00047465209 -1.3951633e-21)
(0.0047524079 0.00050176283 6.9097754e-22)
(0.0048008237 0.00052604388 -2.7096573e-25)
(0.0048535183 0.00054654649 3.9520084e-23)
(0.0049099908 0.00056234141 0)
(0.0049694934 0.00057258867 3.5632424e-25)
(0.0050310539 0.00057661524 -1.6884193e-23)
(0.0050935272 0.00057398609 0)
(0.0051556712 0.00056455591 0)
(0.0052162411 0.00054849038 -3.4156004e-24)
(0.0052740873 0.00052625063 -1.5778774e-24)
(0.0053282413 0.00049854199 5.4675189e-24)
(0.0053779729 0.00046623605 0)
(0.0054228122 0.00043028179 9.8840198e-24)
(0.0054625351 0.00039162273 -7.7898135e-25)
(0.0054971239 0.00035113403 0)
(0.0055267138 0.00030958531 -1.5787261e-23)
(0.0055515398 0.00026762691 1.6318707e-24)
(0.0055718888 0.00022579256 2.0691084e-22)
(0.005588064 0.00018451579 -4.0169789e-22)
(0.0056003686 0.00014414334 1.9305362e-22)
(0.0056090662 0.00010498783 0)
(0.0056145046 6.7212092e-05 -3.8016895e-22)
(0.0056166705 3.1423482e-05 3.5174713e-22)
(0.0056179884 -9.2817065e-06 0)
(0.0045799372 0.00027044743 0)
(0.0046038652 0.0002957425 1.3841185e-21)
(0.0046295063 0.00032339951 -1.4873961e-21)
(0.0046582628 0.00035159838 7.6450129e-22)
(0.0046908011 0.00037964094 -1.0221534e-22)
(0.0047274558 0.00040684908 -1.3222835e-21)
(0.0047683634 0.00043244087 2.2624925e-23)
(0.0048135067 0.00045555959 1.3254323e-21)
(0.004862688 0.00047530779 -6.5157338e-22)
(0.0049154888 0.00049079327 3.1609673e-22)
(0.004971253 0.00050119385 -3.1502386e-22)
(0.0050291032 0.00050583193 -1.0913344e-22)
(0.0050879853 0.00050424521 1.4061405e-22)
(0.0051467379 0.00049624032 6.1847057e-23)
(0.0052041796 0.00048191809 -5.4780205e-23)
(0.0052592014 0.00046166382 -4.7136633e-23)
(0.00531085 0.00043610333 4.1203269e-23)
(0.0053583855 0.00040603329 6.9953569e-23)
(0.0054013063 0.00037234019 -8.9702356e-23)
(0.0054393423 0.00033592359 -1.2125334e-22)
(0.0054724228 0.00029763574 1.2104726e-22)
(0.0055006311 0.00025824313 -2.2918802e-22)
(0.0055241576 0.00021840938 4.4362218e-22)
(0.0055432589 0.00017869473 -9.2822317e-24)
(0.0055582263 0.00013956799 -4.2780598e-22)
(0.0055693756 0.00010141411 3.0714674e-23)
(0.0055769994 6.4585599e-05 1.7482447e-22)
(0.0055815217 2.9236014e-05 -3.6413132e-22)
(0.0055828923 -3.8938161e-06 3.8234323e-22)
(0.0055839481 -4.1872279e-05 0)
(0.0046061967 0.00022044774 8.2719005e-23)
(0.0046295167 0.00024387675 -8.243147e-23)
(0.0046542102 0.00026964927 8.1942274e-23)
(0.0046816581 0.00029601679 -8.148197e-23)
(0.0047125153 0.00032233006 7.5251436e-22)
(0.0047471265 0.00034797415 -6.3657357e-22)
(0.0047856513 0.00037222709 5.6381904e-22)
(0.0048281102 0.00039428454 -6.0512894e-22)
(0.0048743612 0.00041329608 0)
(0.0049240559 0.00042840809 -3.423784e-23)
(0.0049766168 0.0004388216 -2.3922404e-22)
(0.0050312493 0.00044386244 1.3518926e-22)
(0.0050869806 0.00044305164 1.065404e-22)
(0.0051427231 0.00043616091 -6.0129427e-23)
(0.0051973554 0.0004232412 5.4859389e-23)
(0.0052498097 0.00040461805 4.6379571e-23)
(0.0052991527 0.00038085422 -4.0874555e-23)
(0.0053446439 0.00035268711 1.0132864e-22)
(0.0053857636 0.00032095408 7.0098942e-23)
(0.0054222109 0.00028651995 -1.5848734e-22)
(0.0054538781 0.00025021839 1.6421965e-23)
(0.0054808123 0.00021281277 0)
(0.0055031734 0.00017497663 -2.3892468e-22)
(0.0055211995 0.00013728911 2.5096718e-22)
(0.0055351764 0.00010024127 -2.19217e-22)
(0.0055454294 6.4236813e-05 2.0441558e-22)
(0.0055522664 2.9641005e-05 2.4859956e-23)
(0.0055561589 -3.416803e-06 -2.6553145e-23)
(0.0055569877 -3.4096032e-05 2.6147697e-23)
(0.0055580201 -6.9558527e-05 0)
(0.0046318585 0.00017595512 -7.8915833e-23)
(0.0046548901 0.00019786133 -1.0873215e-21)
(0.0046789325 0.00022211421 1.2564344e-21)
(0.0047053911 0.000246981 0)
(0.0047349233 0.00027184618 -7.6181195e-23)
(0.0047678808 0.00029616204 -6.2602793e-22)
(0.0048044328 0.00031926262 6.648169e-22)
(0.0048446262 0.00034038446 -6.2730493e-22)
(0.0048883675 0.0003587175 5.2438447e-22)
(0.0049353706 0.00037344695 3.3054366e-23)
(0.0049851269 0.00038380044 0)
(0.0050369138 0.00038911247 1.3172871e-22)
(0.0050898317 0.00038889509 -1.3109144e-22)
(0.0051428615 0.00038289533 0)
(0.0051949384 0.00037112644 3.1359744e-24)
(0.0052450356 0.00035386725 1.447656e-24)
(0.0052922427 0.00033163043 5.583649e-24)
(0.0053358246 0.00030510608 -7.9478151e-23)
(0.0053752522 0.00027509226 7.959755e-23)
(0.0054102048 0.00024242615 0)
(0.0054405499 0.00020792664 -1.7460672e-23)
(0.0054663102 0.00017235443 2.5314918e-22)
(0.005487627 0.00013638942 -2.3662788e-22)
(0.005504727 0.0001006221 2.0295056e-22)
(0.0055178938 6.5554035e-05 -2.1590871e-22)
(0.0055274577 3.1595621e-05 0)
(0.0055337328 -8.9092572e-07 0)
(0.0055372138 -3.179544e-05 4.4606473e-22)
(0.0055377144 -6.0221425e-05 -4.4142752e-22)
(0.0055388551 -9.3275158e-05 0)
(0.0046575674 0.00013569845 7.483217e-23)
(0.0046805146 0.00015638662 -7.4723481e-23)
(0.004704071 0.00017948474 -7.4206013e-23)
(0.0047296868 0.00020316101 5.8107976e-22)
(0.0047580766 0.00022682955 5.932319e-23)
(0.0047896158 0.00025003784 -5.4035736e-22)
(0.0048244609 0.00027217427 -3.4750378e-23)
(0.0048626659 0.00029249927 -5.3178284e-22)
(0.0049041824 0.00031023503 2.7666888e-22)
(0.0049487842 0.00032460647 2.2624922e-22)
(0.0049960234 0.00033487047 0)
(0.0050452393 0.0003403733 -1.4348218e-23)
(0.0050955981 0.0003406234 1.3601397e-23)
(0.0051461436 0.00033535136 0)
(0.0051958651 0.00032454266 3.0866292e-26)
(0.0052437757 0.00030844016 1.4511265e-24)
(0.0052889895 0.0002875171 -5.3133152e-24)
(0.005330781 0.00026242605 -9.9626012e-24)
(0.0053686178 0.00023393389 0)
(0.005402167 0.00020285589 -9.1499916e-24)
(0.0054312795 0.00016999911 1.4977138e-22)
(0.0054559618 0.00013612136 1.3797268e-22)
(0.0054763422 0.00010190551 -2.3657939e-22)
(0.0054926396 6.794784e-05 2.9662519e-23)
(0.0055051354 3.4752346e-05 -2.4145359e-22)
(0.0055141588 2.732132e-06 -2.4738174e-23)
(0.0055200283 -2.7767264e-05 2.1993863e-22)
(0.0055232349 -5.6629315e-05 0)
(0.0055235743 -8.2988338e-05 0)
(0.0055247936 -0.00011365778 -2.693136e-23)
(0.0046831178 9.8753443e-05 -7.1605768e-23)
(0.0047060706 0.00011850837 1.1289919e-21)
(0.0047292004 0.0001408319 -1.0683595e-21)
(0.0047539573 0.00016359923 4.8407291e-22)
(0.004781226 0.00018628145 -6.2746593e-22)
(0.0048114472 0.0002085812 0)
(0.0048447333 0.00022993656 0)
(0.004881116 0.00024960564 3.2310018e-23)
(0.0049205888 0.0002668344 2.7746581e-22)
(0.0049629872 0.00028089049 -9.7642177e-24)
(0.0050079157 0.00029106237 -4.6492459e-22)
(0.0050547653 0.00029670928 2.1371122e-22)
(0.0051027596 0.00029733965 0)
(0.0051510009 0.00029267412 0)
(0.0051985288 0.00028267866 2.5480614e-26)
(0.0052443944 0.00026756905 2.8324399e-26)
(0.0052877367 0.00024778808 0)
(0.0053278423 0.00022395906 0)
(0.0053641795 0.00019682464 1.5597947e-22)
(0.0053964084 0.00016718299 -2.7612697e-22)
(0.0054243685 0.00013583178 6.0672744e-24)
(0.0054480542 0.00010352593 1.1584468e-22)
(0.0054675844 7.0948984e-05 -1.5101028e-23)
(0.0054831698 3.8699965e-05 -1.4535293e-23)
(0.0054950895 7.2795715e-06 0)
(0.005503663 -2.2893903e-05 -1.9567389e-22)
(0.0055092187 -5.1511694e-05 2.493452e-22)
(0.0055121988 -7.8395984e-05 -4.5908616e-22)
(0.005512504 -0.00010288269 4.2765697e-22)
(0.005513472 -0.00013105674 3.7797841e-14)
(0.0047070716 6.4450206e-05 6.8384705e-23)
(0.0047300099 8.357063e-05 0)
(0.0047527118 0.00010552114 -6.7514128e-23)
(0.0047764709 0.00012761287 5.2922961e-22)
(0.0048025179 0.00014946063 -1.1169051e-23)
(0.0048314348 0.00017102083 -5.2507768e-22)
(0.0048632377 0.00019176505 -3.1751111e-23)
(0.0048978945 0.00021091189 -4.8730583e-22)
(0.0049354412 0.00022772286 5.1895789e-22)
(0.0049757785 0.00024151407 -2.9099143e-23)
(0.0050185549 0.00025160731 0)
(0.0050632006 0.00025737413 1.3332799e-23)
(0.0051089893 0.00025832516 0)
(0.0051550764 0.00025417639 -4.7316522e-23)
(0.0052005475 0.00024488107 4.5879836e-23)
(0.0052444892 0.00023063529 4.1064838e-23)
(0.0052860642 0.00021185899 -4.2355222e-23)
(0.0053245721 0.00018915342 0)
(0.0053594843 0.00016324297 -9.0981794e-24)
(0.0053904566 0.00013491313 0)
(0.0054173201 0.00010495454 0)
(0.0054400595 7.4119884e-05 2.509606e-22)
(0.0054587846 4.3092219e-05 -2.496664e-22)
(0.0054736971 1.2472374e-05 0)
(0.0054850729 -1.7246981e-05 -2.2782615e-22)
(0.0054932093 -4.5633398e-05 3.4942415e-24)
(0.0054984624 -7.2448585e-05 2.2214071e-22)
(0.0055011439 -9.7349483e-05 2.6463254e-23)
(0.0055014983 -0.00012018154 0)
(0.0055014171 -0.00014551286 -3.6295707e-14)
(0.0047265934 3.2244041e-05 -6.5631844e-23)
(0.0047494028 5.1102602e-05 0)
(0.0047716796 7.3127293e-05 0)
(0.0047942616 9.4720615e-05 5.0642223e-22)
(0.0048189499 0.00011581077 -5.0982534e-22)
(0.0048465638 0.00013675435 -4.9080746e-22)
(0.0048769437 0.00015703488 5.2336757e-22)
(0.0049099439 0.00017577886 0)
(0.0049456495 0.00019225472 -2.8811361e-23)
(0.0049840354 0.00020583498 2.7862516e-23)
(0.0050247848 0.0002158747 0)
(0.0050673556 0.00022175484 0)
(0.005111064 0.00022298944 0)
(0.0051551145 0.00021929436 0)
(0.0051986346 0.0002106157 -2.8095638e-24)
(0.005240742 0.00019713608 -1.3341252e-24)
(0.0052806217 0.00017925919 0)
(0.0053175854 0.00015757056 0)
(0.0053511082 0.0001327818 0)
(0.0053808422 0.00010566982 0)
(0.0054066114 7.7020798e-05 0)
(0.0054283907 4.7586371e-05 0)
(0.0054462811 1.8048966e-05 0)
(0.0054604718 -1.0988119e-05 2.3213515e-22)
(0.0054712362 -3.9044423e-05 -2.3075133e-22)
(0.0054788312 -6.565723e-05 -2.2127032e-22)
(0.0054836778 -9.0713207e-05 2.2057777e-22)
(0.0054858119 -0.0001135215 0)
(0.0054862419 -0.00013497244 0)
(0.0054836604 -0.0001567486 2.5870745e-23)
(0.0047377352 1.5906796e-06 0)
(0.0047603392 2.0637214e-05 -9.9106207e-22)
(0.0047822916 4.3267454e-05 9.983423e-22)
(0.0048035411 6.451223e-05 9.9852505e-26)
(0.0048267517 8.4863506e-05 0)
(0.0048530847 0.00010528662 0)
(0.0048820976 0.00012523965 -4.6070902e-22)
(0.0049134702 0.0001436879 4.62228e-22)
(0.0049473588 0.0001599052 -2.7730857e-23)
(0.0049838328 0.00017333234 0)
(0.0050226046 0.00018335462 0)
(0.0050631501 0.00018935729 0)
(0.0051048251 0.0001908588 0)
(0.0051468798 0.00018757892 0)
(0.0051884787 0.00017946134 1.3320166e-24)
(0.0052287666 0.00016668068 -1.3137543e-24)
(0.0052669465 0.00014963036 0)
(0.00530234 0.00012888613 0)
(0.0053344238 0.00010515189 0)
(0.0053628451 7.9199923e-05 0)
(0.0053874192 5.1814597e-05 0)
(0.0054081101 2.3748162e-05 1.5697917e-23)
(0.0054250082 -4.3170782e-06 2.3629254e-22)
(0.0054382865 -3.1773627e-05 -2.3509412e-22)
(0.0054482177 -5.8156427e-05 0)
(0.0054549948 -8.2951066e-05 0)
(0.0054591655 -0.0001062417 6.937766e-25)
(0.0054602281 -0.00012667291 4.2455706e-22)
(0.0054607364 -0.00014709654 -4.2141094e-22)
(0.0054533993 -0.00016410249 0)
(0.0047363741 -2.7851657e-05 -9.0308321e-22)
(0.0047590965 -8.2964667e-06 9.1079997e-22)
(0.004780987 1.5518169e-05 0)
(0.0048006524 3.6553785e-05 5.2502493e-22)
(0.0048221089 5.617119e-05 -9.1110451e-24)
(0.0048470262 7.6199734e-05 -4.6260264e-22)
(0.0048745446 9.5989495e-05 0)
(0.0049041057 0.00011425983 -4.3196182e-22)
(0.0049359866 0.00013030239 4.5975656e-22)
(0.0049703806 0.0001436439 -2.5887185e-23)
(0.0050070258 0.00015369488 0)
(0.0050454101 0.00015984065 -9.4194713e-23)
(0.0050849267 0.00016160725 9.4269989e-23)
(0.0051248675 0.00015872319 0)
(0.0051644267 0.0001511344 2.6309058e-24)
(0.005202768 0.00013901283 5.0128198e-24)
(0.0052391058 0.00012274756 0)
(0.0052727646 0.00010291013 7.1137842e-23)
(0.0053032171 8.0201558e-05 -7.0987801e-23)
(0.0053301007 5.5393122e-05 0)
(0.005353218 2.9269886e-05 1.6021932e-23)
(0.0053725184 2.5863947e-06 2.2541804e-22)
(0.0053880793 -2.3974497e-05 -2.3949758e-22)
(0.0054000538 -4.9798524e-05 0)
(0.005408716 -7.4436239e-05 -2.2033384e-22)
(0.0054141739 -9.7297349e-05 3.3258021e-24)
(0.0054171831 -0.00011871059 1.8807934e-22)
(0.0054163646 -0.00013618557 0)
(0.005417302 -0.00015630103 4.3952523e-22)
(0.005401714 -0.00016689185 -4.3596244e-22)
(0.0047199254 -5.5799376e-05 -5.873297e-23)
(0.0047433682 -3.5711655e-05 -8.5906861e-22)
(0.0047651878 -1.0099218e-05 1.3761502e-21)
(0.0047823441 1.0775531e-05 -7.2966757e-24)
(0.0048010767 2.9597934e-05 1.9435714e-23)
(0.0048238452 4.9372792e-05 -4.4506186e-22)
(0.004849196 6.9175591e-05 2.6979264e-23)
(0.0048762682 8.7381153e-05 0)
(0.00490552 0.0001033272 -2.5712026e-23)
(0.0049372927 0.00011664597 2.492201e-23)
(0.0049713368 0.00012676455 0)
(0.0050071415 0.00013306768 -9.1135932e-23)
(0.0050441295 0.00013509629 1.7306242e-22)
(0.0050816223 0.00013259382 -5.0996798e-23)
(0.0051188286 0.00012551365 -4.1839702e-23)
(0.0051549165 0.00011403082 -3.9362813e-23)
(0.0051890969 9.8535961e-05 -3.0018638e-23)
(0.0052206849 7.9601597e-05 1.4671398e-22)
(0.0052491377 5.7929891e-05 -6.9393156e-23)
(0.0052740736 3.429401e-05 0)
(0.0052952752 9.4814366e-06 -1.5435779e-23)
(0.0053126718 -1.5749812e-05 1.5106131e-23)
(0.0053263243 -4.0717308e-05 0)
(0.0053363651 -6.4798049e-05 -1.4142395e-23)
(0.0053430768 -8.7561335e-05 -2.1655989e-22)
(0.0053464866 -0.0001083318 -1.0058509e-23)
(0.0053476391 -0.00012774193 2.5873374e-24)
(0.0053440113 -0.00014225445 6.1765669e-22)
(0.0053444282 -0.00016445984 -4.3330333e-22)
(0.0053159446 -0.00016215135 2.4797049e-23)
(0.0046869369 -8.2327356e-05 -5.7448046e-23)
(0.0047099616 -6.1246525e-05 0)
(0.004730476 -3.2766672e-05 4.0890087e-22)
(0.0047429684 -1.2114869e-05 -6.5822824e-24)
(0.0047570176 5.7201461e-06 -4.3480903e-22)
(0.0047761368 2.5315177e-05 -2.6527462e-23)
(0.0047979974 4.5208635e-05 -2.6010231e-23)
(0.0048213692 6.3359059e-05 0)
(0.0048469291 7.9209043e-05 -1.7064423e-22)
(0.0048751769 9.2506007e-05 1.958356e-22)
(0.0049058486 0.00010267617 0)
(0.0049384143 0.00010910736 1.1272891e-23)
(0.0049723074 0.00011136498 -7.9438027e-23)
(0.0050068541 0.00010921346 9.0044396e-23)
(0.0050412517 0.00010261861 9.4537462e-27)
(0.0050746473 9.1764072e-05 1.0673446e-26)
(0.0051062259 7.7047174e-05 6.6558333e-23)
(0.0051352727 5.9045236e-05 -7.092836e-23)
(0.0051612118 3.8464055e-05 -8.3442328e-24)
(0.0051836289 1.607971e-05 0)
(0.0052022768 -7.3179388e-06 1.2004341e-22)
(0.0052170571 -3.0967903e-05 -1.3423985e-22)
(0.0052280137 -5.4193115e-05 0)
(0.0052352651 -7.6361755e-05 1.3658582e-23)
(0.005239113 -9.7063512e-05 1.3462929e-23)
(0.0052394682 -0.00011551551 -2.0775145e-22)
(0.0052376562 -0.00013271655 2.737296e-24)
(0.0052302133 -0.00014400751 2.1496679e-22)
(0.0052300548 -0.00016329217 0)
(0.0051825135 -0.00015128223 2.419637e-23)
(0.0046251343 -0.00010758957 5.5546894e-23)
(0.0046467912 -8.4366905e-05 0)
(0.0046649259 -5.1640814e-05 4.4756745e-22)
(0.0046703024 -3.1484267e-05 -4.2350781e-22)
(0.0046774169 -1.4824153e-05 3.8644528e-22)
(0.0046911101 4.6888758e-06 -3.8896992e-22)
(0.004707886 2.4658055e-05 -4.2186332e-22)
(0.0047261275 4.2656149e-05 7.8647706e-22)
(0.0047467855 5.8328417e-05 -3.8922175e-22)
(0.0047705047 7.1522034e-05 1.8352528e-22)
(0.0047969729 8.1648281e-05 -1.8381291e-22)
(0.0048256185 8.8113401e-05 -2.1821977e-23)
(0.0048558549 9.0520093e-05 0)
(0.004886976 8.8660015e-05 0)
(0.004918131 8.2516626e-05 8.0486364e-27)
(0.0049484117 7.228725e-05 9.0009555e-27)
(0.0049769464 5.8379569e-05 0)
(0.0050029624 4.1377237e-05 -4.215677e-24)
(0.0050258293 2.19895e-05 1.6219362e-23)
(0.0050450834 9.932551e-07 -1.2217635e-22)
(0.0050604372 -2.0823855e-05 1.2186449e-22)
(0.0050717591 -4.2710516e-05 -2.2686761e-22)
(0.0050790888 -6.3975516e-05 4.4549182e-22)
(0.0050825183 -8.3997199e-05 -2.0498779e-22)
(0.0050823668 -0.00010238309 -2.204663e-22)
(0.0050784285 -0.00011822582 2.190499e-22)
(0.0050725475 -0.00013302518 -1.9869531e-22)
(0.0050593684 -0.00013988355 1.8535437e-22)
(0.0050594611 -0.00015979473 0)
(0.0049870064 -0.00013230069 -2.3458114e-23)
(0.0045177115 -0.00012950502 0)
(0.0045369989 -0.00010239835 -2.6541946e-23)
(0.0045514461 -6.4757556e-05 2.5579251e-23)
(0.0045468471 -4.6177865e-05 0)
(0.0045446015 -3.1001622e-05 -3.9968607e-22)
(0.004550984 -1.1586246e-05 9.482685e-24)
(0.0045610565 8.2150265e-06 3.939826e-22)
(0.0045728323 2.577551e-05 0)
(0.004587555 4.1072788e-05 0)
(0.0046059535 5.3961385e-05 0)
(0.00462763 6.3843511e-05 0)
(0.0046519373 7.0168412e-05 9.3826928e-23)
(0.0046782217 7.258894e-05 -3.1388817e-24)
(0.0047056942 7.0929663e-05 -8.0209199e-23)
(0.0047334083 6.51964e-05 6.7891572e-27)
(0.0047603575 5.5603762e-05 -1.1256903e-24)
(0.0047855744 4.2570814e-05 -6.7786337e-23)
(0.0048081969 2.668554e-05 2.7860874e-24)
(0.0048275149 8.6566766e-06 5.6929478e-23)
(0.0048429984 -1.0744944e-05 0)
(0.0048543086 -3.0742883e-05 0)
(0.0048613048 -5.0594476e-05 0)
(0.0048639875 -6.961792e-05 0)
(0.0048624491 -8.720251e-05 2.0811891e-22)
(0.0048570658 -0.00010296287 -4.6436263e-24)
(0.004847574 -0.00011591647 -2.0143051e-22)
(0.0048363861 -0.00012795217 0)
(0.0048161687 -0.00012990919 -1.1917688e-23)
(0.004816574 -0.0001514102 1.1878477e-23)
(0.0047129554 -0.00010399407 0)
(0.0043437009 -0.00015043503 0)
(0.0043587909 -0.00011437994 2.5760917e-23)
(0.0043675361 -7.1560524e-05 3.7022902e-22)
(0.0043503228 -5.5947634e-05 -3.9725661e-22)
(0.0043368155 -4.2164134e-05 3.6381051e-22)
(0.0043343843 -2.279632e-05 -7.7120056e-22)
(0.0043365558 -3.5647708e-06 3.3163638e-23)
(0.0043410837 1.3111053e-05 3.7456846e-22)
(0.004349408 2.7640026e-05 0)
(0.0043622331 3.9879538e-05 0)
(0.0043790724 4.9212838e-05 0)
(0.0043991514 5.5145245e-05 8.6237561e-23)
(0.0044216847 5.7393827e-05 -8.113972e-23)
(0.0044457377 5.5823241e-05 0)
(0.0044702121 5.0465677e-05 5.6319955e-27)
(0.0044939533 4.155404e-05 1.1059659e-24)
(0.0045158554 2.9515723e-05 0)
(0.0045349338 1.4935692e-05 -6.3483324e-23)
(0.0045503758 -1.4868856e-06 5.9506497e-23)
(0.0045615745 -1.9002877e-05 0)
(0.0045681538 -3.6851515e-05 0)
(0.0045699307 -5.4310791e-05 0)
(0.0045669233 -7.0743763e-05 2.0934705e-22)
(0.0045592773 -8.5561352e-05 -1.8423541e-23)
(0.0045474472 -9.836908e-05 -3.992836e-22)
(0.0045312346 -0.00010819764 2.0848784e-22)
(0.0045136054 -0.00011713772 -1.7620633e-22)
(0.0044854469 -0.00011406139 1.9877038e-22)
(0.0044865125 -0.00013832109 -1.1563074e-23)
(0.0043466823 -6.7096609e-05 0)
(0.0040742114 -0.00016912136 0)
(0.0040830001 -0.0001177717 2.5537534e-23)
(0.0040865908 -6.7684648e-05 0)
(0.0040564981 -6.025807e-05 2.4143375e-23)
(0.0040313951 -4.8208201e-05 2.3915752e-23)
(0.0040195428 -2.9014353e-05 0)
(0.0040134244 -1.0801802e-05 0)
(0.0040107774 4.5371543e-06 3.5574236e-22)
(0.0040131003 1.7851495e-05 -5.1956548e-22)
(0.0040209404 2.9015999e-05 3.4286656e-22)
(0.004033641 3.7410862e-05 -3.3802483e-22)
(0.0040502654 4.2637346e-05 1.5887265e-22)
(0.0040698298 4.4497952e-05 4.8695682e-24)
(0.0040911839 4.2907177e-05 2.3448168e-24)
(0.004113018 3.792609e-05 -1.1220397e-24)
(0.0041339811 2.9802558e-05 -1.0762069e-24)
(0.0041527909 1.8963757e-05 -2.0709359e-24)
(0.0041683164 5.9753396e-06 -3.9665741e-24)
(0.0041796331 -8.4912184e-06 1.2283075e-22)
(0.0041860749 -2.371923e-05 -2.2939308e-22)
(0.0041872199 -3.8992925e-05 2.2367885e-22)
(0.0041829073 -5.3650275e-05 -3.2756008e-22)
(0.0041732242 -6.7099061e-05 2.1070671e-22)
(0.0041584429 -7.8806946e-05 0)
(0.0041391521 -8.8375012e-05 0)
(0.0041154196 -9.4979099e-05 -1.1819876e-23)
(0.0040905943 -0.00010055057 -2.3040835e-23)
(0.0040544807 -9.2993678e-05 0)
(0.0040570987 -0.00012108538 0)
(0.0038788531 -2.2545323e-05 0)
(0.0036769885 -0.0001870266 -2.7763945e-23)
(0.0036816272 -0.00011145498 2.4365792e-25)
(0.0036836447 -5.960439e-05 3.7736191e-22)
(0.0036431896 -5.7346777e-05 -1.5672527e-23)
(0.0036083256 -4.7398671e-05 -6.8827527e-24)
(0.0035879954 -2.9620155e-05 -9.1301917e-24)
(0.0035743922 -1.3522163e-05 -3.532837e-22)
(0.0035656763 -2.5745828e-07 0)
(0.0035633073 1.1235327e-05 -1.9131476e-22)
(0.00356754 2.0776833e-05 1.0277826e-23)
(0.0035774876 2.7792183e-05 3.2556442e-22)
(0.0035919781 3.1989917e-05 -8.2916125e-23)
(0.0036097526 3.3266978e-05 -5.1813741e-24)
(0.0036293814 3.15979e-05 -7.7030499e-23)
(0.0036492985 2.7073101e-05 0)
(0.0036679298 1.9945528e-05 0)
(0.0036838071 1.0627423e-05 -6.1384907e-23)
(0.0036956615 -3.6340977e-07 4.5568002e-24)
(0.0037025005 -1.2409224e-05 -5.5712111e-23)
(0.0037036152 -2.4855679e-05 2.2766879e-22)
(0.003698627 -3.7075461e-05 -7.5621549e-24)
(0.0036874803 -4.8491337e-05 -9.3730695e-23)
(0.0036704241 -5.8593999e-05 0)
(0.0036479641 -6.6942635e-05 -1.9857151e-22)
(0.0036209134 -7.3162057e-05 1.0935114e-23)
(0.0035898377 -7.6692174e-05 4.2914816e-24)
(0.003558078 -7.8802635e-05 9.6107017e-24)
(0.0035158658 -6.8320998e-05 1.7644636e-22)
(0.0035224278 -0.00010091025 -1.0761758e-23)
(0.0033073644 2.5623645e-05 0)
(0.0031336601 -0.00020280446 2.7150395e-23)
(0.0031432029 -9.6342659e-05 -2.4632384e-23)
(0.0031452409 -5.1240095e-05 -1.1743715e-23)
(0.003096673 -5.1635956e-05 -2.3260308e-23)
(0.0030543853 -4.1564743e-05 3.7524838e-22)
(0.003027323 -2.5497229e-05 -3.6543345e-22)
(0.0030081315 -1.2324847e-05 4.8784861e-26)
(0.0029954971 -1.8277765e-06 0)
(0.0029906116 6.980737e-06 -1.5605768e-22)
(0.0029932449 1.4284916e-05 1.6184596e-22)
(0.0030021495 1.9522485e-05 -1.5216565e-22)
(0.0030158755 2.2459117e-05 1.5735386e-22)
(0.0030328715 2.3069325e-05 7.0952542e-23)
(0.0030514145 2.1387338e-05 -7.4449058e-23)
(0.0030696929 1.7530224e-05 0)
(0.0030859524 1.1737599e-05 0)
(0.0030986015 4.3741132e-06 -6.108877e-23)
(0.0031063188 -4.1100471e-06 6.3925718e-23)
(0.0031081301 -1.3219396e-05 1.1371069e-22)
(0.0031034132 -2.2398097e-05 -1.1697283e-22)
(0.0030919504 -3.1135837e-05 1.0785043e-22)
(0.0030739126 -3.8990301e-05 -1.1066738e-22)
(0.0030498301 -4.5583012e-05 0)
(0.0030205416 -5.0596207e-05 3.8554713e-26)
(0.0029871656 -5.373192e-05 -1.8742252e-22)
(0.0029508922 -5.4698801e-05 1.7548204e-22)
(0.0029144833 -5.3663336e-05 1.086747e-23)
(0.0028710868 -4.3127487e-05 5.2675105e-24)
(0.0028844856 -7.9777709e-05 1.0552266e-23)
(0.002637732 7.4073708e-05 0)
(0.0024444453 -0.0002120615 1.404996e-23)
(0.0024747973 -7.2517162e-05 0)
(0.0024754652 -3.9811965e-05 3.7994321e-22)
(0.0024146669 -4.4237468e-05 -3.5873203e-22)
(0.0023635647 -3.1817114e-05 -1.1315102e-23)
(0.0023313201 -1.7836341e-05 0)
(0.0023098387 -8.2912141e-06 -3.54817e-22)
(0.002296579 -1.0158542e-06 3.451565e-22)
(0.0022918623 5.1831993e-06 -1.6406081e-22)
(0.0022949881 9.592216e-06 1.5934397e-22)
(0.0023040651 1.2388257e-05 -1.5464485e-22)
(0.0023175407 1.3797495e-05 2.2959457e-22)
(0.0023337153 1.3739982e-05 -7.4817376e-23)
(0.0023506738 1.2218591e-05 1.1029461e-24)
(0.0023665127 9.3593326e-06 0)
(0.0023794815 5.3504095e-06 0)
(0.0023880587 3.6141341e-07 -9.7146518e-25)
(0.0023910414 -5.1484012e-06 -5.8140224e-23)
(0.0023876389 -1.0860301e-05 1.692271e-22)
(0.0023774945 -1.6419767e-05 -1.1098437e-22)
(0.0023606723 -2.1485938e-05 1.052314e-22)
(0.0023376648 -2.5796746e-05 -1.01773e-22)
(0.0023093293 -2.9133023e-05 1.8884366e-22)
(0.002276816 -3.1317355e-05 -1.8253124e-22)
(0.0022415147 -3.2179407e-05 0)
(0.0022050919 -3.1525214e-05 5.4571298e-24)
(0.0021693888 -2.8520754e-05 -1.7248206e-22)
(0.0021334732 -2.1694764e-05 1.6138252e-22)
(0.002152779 -5.546991e-05 0)
(0.0018942981 0.00011798959 -4.2066704e-24)
(0.0016167186 -0.00017602721 -2.0926967e-23)
(0.0016758312 -5.4160451e-05 0)
(0.0016642305 -4.1444189e-05 -5.875832e-24)
(0.0015882192 -3.7374083e-05 -3.5475093e-22)
(0.0015307304 -2.3020813e-05 7.1650998e-22)
(0.0014993741 -1.24873e-05 -3.558175e-22)
(0.0014815915 -6.8606626e-06 0)
(0.0014720724 -3.1289234e-06 -2.6406065e-24)
(0.0014694055 -4.5792869e-08 -1.6444119e-22)
(0.0014730086 2.2398038e-06 3.2207805e-22)
(0.0014817459 3.8705803e-06 -5.1003832e-24)
(0.001493766 4.590178e-06 -1.5158328e-22)
(0.001507238 4.6406405e-06 -7.0992936e-23)
(0.0015204334 4.1458465e-06 7.103454e-23)
(0.0015318285 3.0492643e-06 7.2529495e-39)
(0.0015400055 1.4059596e-06 -7.2524591e-39)
(0.0015438361 -4.8208012e-07 5.9668368e-23)
(0.0015425612 -2.6888223e-06 -5.9620398e-23)
(0.0015355877 -4.9307818e-06 -1.0962411e-22)
(0.0015229444 -7.0114976e-06 3.8137288e-24)
(0.0015050451 -8.8473828e-06 2.0175446e-22)
(0.0014825945 -1.0319343e-05 -9.7861747e-23)
(0.0014565791 -1.1314624e-05 1.4532994e-24)
(0.0014281878 -1.1748308e-05 0)
(0.0013988356 -1.1484903e-05 -1.7213531e-22)
(0.0013702688 -1.0220586e-05 3.3869643e-22)
(0.0013436273 -7.7592072e-06 -1.6907619e-22)
(0.0013230692 -8.8097846e-06 2.483848e-24)
(0.0013372843 -3.3430146e-05 0)
(0.0011085935 0.00012074703 6.2375405e-24)
(0.00064015204 -8.4957035e-05 6.8709233e-24)
(0.00068345126 2.2768834e-05 0)
(0.00065468842 1.3803412e-05 3.6764804e-22)
(0.00059770621 6.6805123e-06 -3.691968e-22)
(0.00055882101 5.2498847e-06 0)
(0.00053972494 5.0680468e-06 0)
(0.0005310139 4.4833362e-06 -3.3018191e-22)
(0.00052729371 3.8716178e-06 6.5609509e-22)
(0.00052716575 3.4637323e-06 -3.2074137e-22)
(0.00053002375 3.579934e-06 1.5498059e-22)
(0.00053503659 3.4311899e-06 -3.0055808e-22)
(0.00054109543 3.0550144e-06 1.4679851e-22)
(0.0005473406 2.4853099e-06 6.858389e-23)
(0.00055309821 1.6795097e-06 -3.5741536e-23)
(0.00055759009 6.7362667e-07 -3.2895563e-23)
(0.0005601831 -4.5248549e-07 -3.0014437e-23)
(0.00056028818 -1.3544377e-06 -2.7203815e-23)
(0.0005576347 -2.3468558e-06 5.7168338e-23)
(0.0005521547 -3.2490517e-06 1.0470343e-22)
(0.00054411872 -3.9704408e-06 -2.0206568e-22)
(0.00053389681 -4.4520357e-06 9.7446359e-23)
(0.00052193377 -4.7174775e-06 -1.8331323e-22)
(0.00050885578 -4.7718992e-06 3.5501746e-22)
(0.00049532921 -4.6393855e-06 -1.7452169e-22)
(0.00048212475 -4.3449334e-06 0)
(0.00047010306 -3.8603363e-06 0)
(0.00045983368 -3.4947161e-06 -1.5188198e-22)
(0.00045457006 -5.2979036e-06 1.5136e-22)
(0.00045948035 -2.2755034e-06 0)
(0.00036436685 0.0001055173 -2.0271784e-24)
(0.00012113416 -7.4794205e-05 1.7001679e-23)
(0.0014436364 6.5047368e-06 0)
(0.0031310709 -6.3260942e-05 0)
(0.0044746289 -0.00013314098 0)
(0.005283466 -0.0001662652 2.5104669e-24)
(0.0056343628 -0.00015001588 -4.964598e-25)
(0.0057138276 -0.00010785256 8.4902325e-24)
(0.0057067758 -6.0357221e-05 -9.5872706e-24)
(0.0056705773 -1.7796283e-05 0)
(0.005628058 1.8960205e-05 0)
(0.0055914744 5.0362833e-05 0)
(0.0055627525 7.717327e-05 0)
(0.0055412028 0.00010015711 3.4788603e-22)
(0.0055253897 0.00011994381 -2.3415388e-23)
(0.0055133686 0.00013697716 3.2838352e-14)
(0.0055024436 0.00015143409 -3.1427255e-14)
(0.0054888417 0.00016318406 -3.3502161e-22)
(0.0054674041 0.00017172594 0)
(0.0054314037 0.00017643486 -2.3018994e-23)
(0.0053716835 0.00017497085 2.2213661e-23)
(0.0052772675 0.0001672421 2.2999932e-23)
(0.0051367252 0.00015180916 -2.2326608e-23)
(0.0049374198 0.00012714054 0)
(0.0046670958 9.2388154e-05 0)
(0.0043157494 4.7279842e-05 0)
(0.0038774208 -7.355225e-06 0)
(0.0033513377 -7.0027059e-05 0)
(0.0027492384 -0.00013350689 -5.8004094e-24)
(0.0020917554 -0.00018451249 8.6322616e-24)
(0.0013328848 -0.00016720379 -2.8495638e-24)
(4.3898551e-05 -0.00013148692 -1.0990941e-21)
(0.0011011009 -1.3122792e-05 7.636646e-22)
(0.0026094709 -3.5538502e-05 0)
(0.0039656885 -7.969818e-05 -3.7565745e-22)
(0.0049162157 -0.00011097764 3.9429495e-24)
(0.0054495756 -0.00011201145 6.8013353e-23)
(0.0056530698 -8.1405245e-05 -3.8322145e-25)
(0.0056990259 -4.104246e-05 -1.3593552e-22)
(0.0056837219 -1.9845913e-06 0)
(0.0056498069 3.2533578e-05 -2.5452265e-22)
(0.0056130856 6.2135952e-05 -2.8922909e-22)
(0.0055806593 8.7469565e-05 2.1489656e-23)
(0.0055547327 0.00010925412 -4.4290075e-23)
(0.005535135 0.00012804373 0)
(0.0055208085 0.00014440447 -3.4527369e-22)
(0.0055101363 0.00015881664 0)
(0.0055009215 0.00017160508 3.6203903e-22)
(0.0054901547 0.00018288738 3.4207559e-22)
(0.0054739957 0.00019248911 2.1647112e-23)
(0.0054470708 0.00020094821 3.0874085e-22)
(0.0054023438 0.00020662198 0)
(0.0053315603 0.00020854974 0)
(0.0052252471 0.00020500424 9.7427137e-24)
(0.0050738129 0.00019496855 -9.4785283e-24)
(0.0048673399 0.00017679815 0)
(0.0045966527 0.00014935073 -9.0622825e-24)
(0.0042544045 0.00011245417 8.9113007e-24)
(0.0038362766 6.9036364e-05 0)
(0.0033640817 1.0440922e-05 0)
(0.0027144507 -2.3717321e-05 0)
(-1.7073263e-05 -0.00017946618 1.1336396e-21)
(0.00080915882 -3.6482662e-05 -7.9128101e-22)
(0.002103921 -1.6376443e-05 0)
(0.0034006529 -3.0035355e-05 1.8636575e-22)
(0.0044373956 -5.1889197e-05 0)
(0.0051293185 -5.9654633e-05 -7.4191332e-23)
(0.0054946608 -4.3331508e-05 0)
(0.0056472339 -1.3622526e-05 1.2971324e-22)
(0.0056776257 1.9664593e-05 9.1532866e-24)
(0.0056629958 5.0463392e-05 2.4284514e-22)
(0.0056340384 7.7864194e-05 3.1007423e-22)
(0.0056019626 0.00010135055 -2.0060637e-23)
(0.0055728244 0.00012156099 -3.1566352e-22)
(0.0055488634 0.00013890463 0)
(0.0055305647 0.00015390978 3.2831723e-22)
(0.0055173197 0.00016703477 2.0873948e-23)
(0.0055079609 0.00017867256 0)
(0.0055008213 0.00018912698 -3.4620688e-22)
(0.0054937125 0.00019849384 0)
(0.0054837161 0.00020648055 -4.9501965e-22)
(0.0054671411 0.00021287796 -1.4866072e-22)
(0.0054393997 0.00021759141 -1.6420913e-22)
(0.0053928265 0.00022180338 -9.3027595e-24)
(0.005319019 0.0002212398 -1.3789737e-22)
(0.0052116074 0.000217373 0)
(0.0050620833 0.00020806393 -1.4020609e-22)
(0.0048627854 0.00019138531 4.191832e-24)
(0.004601662 0.00016865339 -1.4075991e-22)
(0.0043027629 0.00013610284 2.0883107e-24)
(0.003829645 9.3250709e-05 -1.3624511e-22)
(-6.7232472e-05 -0.00021526581 5.2380476e-22)
(0.0005639116 -6.5315796e-05 -3.9098735e-22)
(0.0016385283 -1.0170391e-05 -1.105956e-23)
(0.0028171172 8.7598564e-06 -1.3494409e-24)
(0.0038705463 4.4894185e-06 -1.8627888e-23)
(0.0046765259 -1.3716208e-07 3.6829572e-24)
(0.0051990144 6.626785e-06 3.3676631e-24)
(0.005487849 2.4689599e-05 -2.2658186e-23)
(0.0056186841 4.9263744e-05 -6.1876198e-23)
(0.0056488985 7.4386547e-05 0)
(0.0056397694 9.7242899e-05 -1.3253551e-22)
(0.0056171603 0.00011832025 1.6065621e-23)
(0.0055902361 0.00013675595 -1.4406936e-22)
(0.0055641676 0.00015237015 -1.5270933e-22)
(0.005541911 0.0001656509 -1.3731465e-22)
(0.0055243273 0.00017697272 -1.6060896e-22)
(0.005511296 0.0001866856 -1.6245189e-22)
(0.0055020499 0.00019504156 7.6415773e-25)
(0.005495372 0.00020218064 -1.8313129e-22)
(0.0054895864 0.00020796098 2.7386976e-24)
(0.0054820285 0.00021230953 1.3306698e-24)
(0.0054709232 0.00021511163 1.5598738e-22)
(0.0054535368 0.00021660835 0)
(0.0054244795 0.00021611857 1.5710716e-22)
(0.0053768938 0.00021363071 -1.8414427e-23)
(0.0053057201 0.00020892996 4.6934124e-26)
(0.0052060069 0.00020115632 8.866138e-24)
(0.00506529 0.0001894931 1.3085949e-22)
(0.0049053403 0.0001767602 1.375899e-22)
(0.00461622 0.00015113053 1.331713e-22)
(-0.00011066097 -0.00023960441 -5.2335722e-22)
(0.00035736516 -9.5824854e-05 4.2336857e-22)
(0.0012219815 -2.0731531e-05 2.047973e-23)
(0.0022427729 2.7361845e-05 4.9995312e-22)
(0.0032455494 4.6425354e-05 1.9356364e-22)
(0.0041040184 5.4421885e-05 -8.271705e-24)
(0.0047501476 6.2064204e-05 5.3183589e-23)
(0.0051813706 7.42106e-05 2.1108418e-23)
(0.0054373941 9.0602604e-05 5.9202091e-23)
(0.0055667562 0.00010912893 -7.5638588e-23)
(0.0056094056 0.00012705395 3.1904024e-23)
(0.005608169 0.00014279039 -1.2572182e-22)
(0.0055951639 0.00015705899 1.3531279e-23)
(0.0055749985 0.00017046903 -7.663799e-24)
(0.0055534078 0.00018205928 1.7909533e-22)
(0.0055333845 0.00019159348 8.6386961e-24)
(0.0055166155 0.00019943341 1.6541092e-22)
(0.0055035751 0.00020594282 0)
(0.0054940029 0.00021135679 5.1749406e-24)
(0.0054872844 0.00021571283 -5.9108417e-24)
(0.0054820815 0.0002189213 1.6026188e-22)
(0.0054770768 0.00022085522 -1.452507e-22)
(0.0054703693 0.00022169298 1.5242723e-22)
(0.0054611336 0.00022131338 -1.4024252e-22)
(0.0054454915 0.00021997921 -9.1817715e-24)
(0.0054204284 0.00021809866 8.5712975e-25)
(0.0053819909 0.0002150499 -1.4625409e-22)
(0.0053185317 0.00020954997 4.3594931e-24)
(0.0052466999 0.00020417521 -2.7735445e-22)
(0.0050976751 0.00018892659 0)
(-0.00014594267 -0.00025143741 -5.2183142e-22)
(0.00018623607 -0.00012346975 0)
(0.0008599122 -4.2169052e-05 3.7721007e-22)
(0.0017044341 2.6294867e-05 -2.7956403e-22)
(0.0026019355 6.8019271e-05 -4.0150268e-22)
(0.0034452036 9.379939e-05 -1.3667055e-22)
(0.0041582193 0.00011174611 2.3000476e-23)
(0.0047059927 0.00012691842 -2.514635e-23)
(0.0050915741 0.0001412825 0)
(0.00534 0.00015524493 1.2933989e-22)
(0.0054834388 0.00016855709 1.833795e-22)
(0.0055491168 0.00018006986 2.2444161e-22)
(0.0055668461 0.0001892 2.6395649e-22)
(0.0055623063 0.00019720233 1.3701984e-22)
(0.0055517732 0.00020467474 0)
(0.0055366149 0.00021180771 1.5718178e-22)
(0.0055207762 0.0002178121 0)
(0.0055063663 0.00022262676 0)
(0.0054942221 0.0002263934 1.6127282e-22)
(0.0054846964 0.00022917901 1.6036587e-22)
(0.005477712 0.00023105783 9.915202e-24)
(0.0054727471 0.00023208329 1.469183e-22)
(0.0054687262 0.00023230652 -2.4639092e-24)
(0.0054649322 0.00023173941 3.002024e-22)
(0.005459481 0.00023051483 0)
(0.0054516417 0.00022863999 1.4970413e-22)
(0.0054408606 0.00022637947 1.3817291e-22)
(0.0054212376 0.00022326411 0)
(0.0053976168 0.00022172501 1.3863886e-22)
(0.0053408832 0.00021430962 0)
(-0.0001707799 -0.00025498587 5.3110142e-22)
(4.6455547e-05 -0.00014568413 -4.4067109e-22)
(0.00055290628 -6.7126233e-05 -3.8367273e-22)
(0.0012214017 1.1779143e-05 -2.7641416e-23)
(0.0019793372 7.0067625e-05 2.4578984e-22)
(0.0027476279 0.00011280331 1.3348511e-22)
(0.0034602618 0.00014513201 -8.4352338e-23)
(0.0040712253 0.00017033322 2.9452748e-23)
(0.004559329 0.00019025767 -1.1742023e-24)
(0.0049247528 0.00020589574 -5.5621377e-23)
(0.0051817312 0.00021814694 -1.9444562e-23)
(0.0053496388 0.00022722254 -1.8772782e-22)
(0.0054477763 0.00023377239 -1.3705017e-22)
(0.0054959004 0.00023798098 1.5981472e-23)
(0.0055119885 0.00024037032 -8.1394627e-24)
(0.0055127291 0.00024227455 0)
(0.0055060497 0.00024400861 0)
(0.0054962869 0.00024531733 1.4991091e-22)
(0.0054868251 0.00024628723 0)
(0.005477655 0.00024697919 -9.8702984e-24)
(0.0054695055 0.00024712451 9.490445e-24)
(0.0054629885 0.00024661263 1.6187696e-22)
(0.0054579847 0.00024549298 -1.5260205e-22)
(0.0054541798 0.00024390174 -1.0721069e-23)
(0.0054510882 0.00024195835 0)
(0.0054474258 0.00023949308 -4.5722261e-24)
(0.0054434334 0.0002368248 -6.7523734e-26)
(0.005436621 0.00023393266 1.4455132e-22)
(0.0054289151 0.00023232755 0)
(0.0054132983 0.00022819461 1.360735e-22)
(-0.00018634011 -0.00025117846 0)
(-6.5139849e-05 -0.00016153371 4.5282091e-22)
(0.00029701106 -9.0181541e-05 1.3195339e-23)
(0.00080242532 -9.066027e-06 -3.201572e-22)
(0.0014081699 5.7514179e-05 2.2817969e-22)
(0.0020607849 0.00011182277 2.1108775e-23)
(0.0027121245 0.00015683225 -8.1433547e-24)
(0.0033209346 0.00019406664 0)
(0.0038577285 0.00022425417 1.7820055e-24)
(0.0043068102 0.0002477392 2.2498923e-24)
(0.0046651389 0.00026512324 -1.2375789e-22)
(0.004938683 0.00027701902 8.9456437e-23)
(0.005137207 0.00028443352 1.0057083e-22)
(0.005274548 0.0002879367 1.1902158e-22)
(0.0053623652 0.00028840002 -7.5085787e-24)
(0.0054142835 0.00028715003 1.3321739e-22)
(0.0054410955 0.00028475964 0)
(0.0054514843 0.00028108745 -1.5177166e-22)
(0.00545335 0.00027695021 1.4875624e-22)
(0.0054512893 0.00027308041 0)
(0.0054474987 0.00026955113 0)
(0.0054433026 0.00026625516 -3.0495617e-22)
(0.0054391869 0.0002630532 0)
(0.0054356059 0.00025981748 -1.5038698e-22)
(0.0054327481 0.00025656427 -1.4737469e-22)
(0.0054305773 0.00025327607 0)
(0.0054286197 0.00025008037 -1.4315551e-22)
(0.0054267111 0.0002470833 -1.4125813e-22)
(0.005424103 0.000244714 1.0892259e-24)
(0.0054209476 0.00024143385 -2.7454296e-22)
(-0.00019572578 -0.00023643477 0)
(-0.00015159879 -0.0001701056 0)
(8.6676021e-05 -0.00010697819 0)
(0.00044816235 -2.993592e-05 3.4299685e-22)
(0.00090603443 3.719863e-05 -2.6149764e-22)
(0.0014248355 9.591166e-05 0)
(0.0019732856 0.00014806455 -6.2800901e-24)
(0.0025216425 0.00019424111 4.2324923e-23)
(0.0030438861 0.0002343037 0)
(0.0035200742 0.00026778831 -1.8553156e-24)
(0.003937688 0.00029445163 5.3527112e-23)
(0.0042915584 0.00031437069 0)
(0.0045816441 0.00032798519 -9.8204196e-23)
(0.0048125378 0.00033594293 -5.5767271e-23)
(0.0049902173 0.00033894301 -6.5060613e-23)
(0.0051222858 0.00033817128 -1.3610762e-22)
(0.0052189053 0.00033483476 0)
(0.0052861502 0.00032942624 8.0094728e-23)
(0.0053306917 0.00032247443 -1.5980756e-22)
(0.0053590291 0.00031480837 9.652652e-24)
(0.0053760027 0.00030683628 6.595323e-23)
(0.0053858033 0.00029890014 1.5292126e-22)
(0.0053915504 0.00029135503 0)
(0.0053948778 0.00028431492 0)
(0.0053968885 0.00027783728 2.1821272e-22)
(0.005398183 0.00027192586 8.2462683e-23)
(0.0053991446 0.000266559 2.1214636e-22)
(0.0054000572 0.00026179399 7.1090296e-23)
(0.0054009175 0.00025789369 7.0903282e-23)
(0.0054027425 0.00025392581 1.3644039e-22)
(-0.00019793141 -0.00021268966 0)
(-0.00021742421 -0.00016883892 0)
(-8.3676206e-05 -0.0001143745 0)
(0.00015513876 -4.6094867e-05 -1.6970365e-22)
(0.0004794719 1.5810866e-05 1.3182913e-22)
(0.00086500137 7.240837e-05 9.184385e-23)
(0.0012922382 0.00012509786 -5.8634434e-23)
(0.0017423378 0.00017422986 -4.350169e-23)
(0.0021972704 0.00021945846 2.0502528e-23)
(0.0026406652 0.00026001474 0)
(0.003058968 0.0002951094 -1.8762724e-23)
(0.0034423994 0.00032418255 2.8888895e-24)
(0.0037847732 0.00034694415 -5.9533542e-24)
(0.0040836147 0.00036332024 -4.7621491e-23)
(0.00433897 0.00037532181 4.1619667e-24)
(0.0045522026 0.00038086604 0)
(0.0047277898 0.00038097428 0)
(0.0048700322 0.00037798572 -7.2430169e-23)
(0.0049831856 0.00037226509 -6.2901092e-23)
(0.005072412 0.00036438672 -9.0507399e-24)
(0.005141961 0.00035493253 -7.6455331e-23)
(0.0051951499 0.00034444473 -7.5975736e-23)
(0.0052354849 0.00033347926 0)
(0.0052658986 0.00032255743 -7.583825e-23)
(0.0052888982 0.00031213035 -7.5011112e-23)
(0.0053066125 0.00030232617 -7.6409069e-23)
(0.005320491 0.00029308589 -7.0699825e-23)
(0.0053318871 0.00028449803 -6.9466307e-23)
(0.005341013 0.00027703093 -1.4254195e-22)
(0.0053520468 0.00026962157 -7.1125139e-23)
(-0.00019147527 -0.00018411394 0)
(-0.00026512846 -0.00015780077 7.1062378e-24)
(-0.00021842744 -0.00011239087 2.0994764e-22)
(-8.143536e-05 -5.4743756e-05 1.7117962e-22)
(0.00012838551 -1.6380801e-06 -1.4498179e-22)
(0.00039306331 4.8151268e-05 -4.4140043e-25)
(0.00070000776 9.5863885e-05 6.9611444e-23)
(0.0010376399 0.00014188791 0)
(0.0013950487 0.00018603126 -1.8959821e-23)
(0.0017616271 0.00022769359 -1.0964155e-24)
(0.0021273745 0.0002660998 1.822916e-23)
(0.0024834672 0.00030050149 2.6366121e-23)
(0.0028226117 0.0003302386 0)
(0.0031392605 0.00035484099 -3.4142856e-24)
(0.0034303064 0.00037414424 1.1731099e-22)
(0.0036934242 0.00038779354 0)
(0.0039278824 0.00039720357 0)
(0.0041344297 0.00040324344 0)
(0.004314226 0.00040333774 7.4649753e-23)
(0.0044694828 0.0004008102 0)
(0.0046029285 0.00039575755 0)
(0.0047170143 0.0003883786 7.7766477e-23)
(0.004813941 0.00037910164 0)
(0.0048959306 0.00036890432 7.7302436e-23)
(0.0049650227 0.00035718497 7.9712643e-23)
(0.0050234472 0.00034481115 -7.653667e-23)
(0.0050728723 0.0003323985 7.3382584e-23)
(0.0051153614 0.00032007789 7.4642238e-23)
(0.005150356 0.00030841825 -1.9674149e-24)
(0.0051891933 0.00029561872 1.4393204e-22)
(-0.00017847082 -0.00015147104 0)
(-0.0002979598 -0.00013652332 -7.0917456e-24)
(-0.0003212554 -0.00010081524 -1.9997939e-22)
(-0.0002659367 -5.4694042e-05 0)
(-0.0001496648 -1.2359615e-05 0)
(1.2948558e-05 2.7746275e-05 -9.7039871e-23)
(0.00021301009 6.6867048e-05 -3.7025606e-23)
(0.00044279212 0.00010539579 -2.5847571e-23)
(0.00069588293 0.0001432451 0)
(0.00096615611 0.00018009754 3.9772266e-25)
(0.0012476602 0.00021548234 6.7778127e-24)
(0.0015346177 0.0002488696 -1.4838122e-23)
(0.0018216082 0.00027968329 -1.9944135e-23)
(0.0021037246 0.00030737189 0)
(0.0023771356 0.00033156466 -5.447845e-23)
(0.002638538 0.00035174227 -3.6828207e-24)
(0.0028853074 0.00036797017 0)
(0.0031162314 0.000380786 0)
(0.0033301369 0.00038885267 3.7933482e-23)
(0.0035267584 0.00039266401 3.9004124e-23)
(0.0037064533 0.00039299832 -5.096451e-24)
(0.0038699683 0.00039099062 9.9996684e-24)
(0.0040180123 0.00038752889 -4.5322068e-23)
(0.0041516508 0.00038321948 -4.2979179e-23)
(0.0042718833 0.00037739893 -7.7072078e-23)
(0.0043798219 0.00036938303 3.8737504e-23)
(0.0044764741 0.00035989751 -7.7619418e-23)
(0.004563917 0.00034921265 -1.154158e-22)
(0.0046392155 0.00033780595 7.4351279e-23)
(0.0047239179 0.00032396141 -7.3452634e-23)
(-0.00016292992 -0.00011303072 1.2058017e-22)
(-0.00031948171 -0.00010536639 0)
(-0.00039492234 -7.9466749e-05 0)
(-0.00040168162 -4.6240325e-05 0)
(-0.00035676181 -1.5686247e-05 0)
(-0.00027393498 1.336147e-05 -5.0230288e-23)
(-0.0001599947 4.1886441e-05 3.61162e-23)
(-2.1018645e-05 7.0456584e-05 2.2901525e-23)
(0.00013886364 9.8811565e-05 0)
(0.00031598303 0.00012681862 0)
(0.0005071162 0.00015427936 -8.8515262e-24)
(0.00070903359 0.00018097394 -1.1027808e-23)
(0.00091848402 0.00020660476 7.0514352e-25)
(0.0011323693 0.00023074668 -2.8830529e-23)
(0.0013479293 0.00025304993 0)
(0.0015626216 0.00027312873 0)
(0.0017742125 0.00029080216 0)
(0.0019811014 0.00030630405 0)
(0.0021816061 0.00031954313 -3.9723814e-23)
(0.0023741914 0.00033007114 -7.9393014e-23)
(0.0025578509 0.00033787946 4.2169115e-23)
(0.0027321117 0.00034282975 -2.5596885e-24)
(0.0028968853 0.00034522245 -5.3061426e-25)
(0.0030523078 0.00034570275 4.2153366e-23)
(0.0031985678 0.00034459415 -2.6785043e-24)
(0.0033358017 0.00034187347 5.7439274e-25)
(0.0034638839 0.00033758486 -4.0485771e-23)
(0.003584034 0.00033181666 4.0464384e-23)
(0.0036913246 0.00032451364 4.0640204e-23)
(0.0038123841 0.00031517107 -4.0419176e-23)
(-0.00014960429 -6.9858887e-05 -1.2029811e-22)
(-0.00033192426 -6.696372e-05 3.5265943e-24)
(-0.00044264578 -5.1031433e-05 -3.2566735e-24)
(-0.00049096041 -3.0839707e-05 4.168544e-23)
(-0.00049400852 -1.2770174e-05 -1.8898279e-24)
(-0.00046631888 5.5270711e-06 5.1852111e-23)
(-0.00041268111 2.282868e-05 1.7532652e-23)
(-0.00033923185 3.9998955e-05 -9.9759133e-24)
(-0.0002492558 5.7090325e-05 -6.1726164e-25)
(-0.00014508486 7.4141845e-05 -3.390219e-25)
(-2.8719273e-05 9.0965307e-05 -7.6408535e-25)
(9.7967275e-05 0.00010757889 8.553181e-24)
(0.00023288705 0.00012407187 2.3174945e-23)
(0.00037441624 0.00014006482 2.5401435e-23)
(0.00052102228 0.00015521124 0)
(0.00067107961 0.00016929442 1.7707538e-23)
(0.00082321732 0.00018217963 0)
(0.00097622717 0.00019385596 0)
(0.0011289763 0.00020422253 0)
(0.0012803735 0.00021320559 2.3946109e-23)
(0.001429464 0.00022082809 -4.6571043e-23)
(0.0015754518 0.0002271194 0)
(0.0017177097 0.00023216012 4.4683177e-23)
(0.001855808 0.00023608822 0)
(0.0019894383 0.00023912871 -1.425065e-24)
(0.0021183166 0.00024140489 4.5529577e-23)
(0.002241998 0.00024297931 4.4376432e-23)
(0.0023607407 0.00024407305 -6.7176789e-25)
(0.0024709536 0.00024446288 -4.2476349e-23)
(0.0025912083 0.00024570118 2.0829629e-23)
(-0.00014253889 -2.369923e-05 4.5601138e-25)
(-0.00033779317 -2.2987204e-05 5.1407408e-38)
(-0.00046629112 -1.7602304e-05 -1.5109932e-24)
(-0.0005354568 -9.3911265e-06 -4.1736034e-23)
(-0.00056103704 -3.0211442e-06 2.0462217e-24)
(-0.00056170464 1.7076752e-07 -8.5548229e-25)
(-0.00054015963 4.1124672e-06 -1.7500894e-23)
(-0.00050180267 1.1175319e-05 1.1006747e-23)
(-0.00044930952 1.8061974e-05 -1.7215061e-25)
(-0.00038521119 2.4260913e-05 2.2532812e-25)
(-0.00031152063 3.0157225e-05 -6.0994024e-26)
(-0.0002296794 3.6662362e-05 -7.8420883e-24)
(-0.00014083658 4.3430473e-05 -3.9880538e-38)
(-4.5976205e-05 4.962383e-05 0)
(5.4300832e-05 5.5588349e-05 0)
(0.0001580943 6.1184223e-05 -1.7498022e-23)
(0.00026479072 6.6181836e-05 7.6363132e-26)
(0.00037347916 7.0746898e-05 6.7777713e-26)
(0.00048338068 7.483395e-05 -1.3735174e-24)
(0.00059378003 7.8417777e-05 2.2467521e-23)
(0.00070401112 8.1500007e-05 7.0217876e-25)
(0.00081346546 8.4088821e-05 8.3717023e-38)
(0.00092161536 8.6214227e-05 -7.5789931e-25)
(0.001028046 8.7931182e-05 7.2709763e-25)
(0.0011324822 8.932062e-05 7.5233773e-25)
(0.0012347718 9.0495046e-05 -1.0963982e-24)
(0.0013348215 9.1614067e-05 3.5893405e-25)
(0.0014326883 9.2891575e-05 -1.8117831e-25)
(0.001528367 9.4415861e-05 1.7491938e-25)
(0.0016248249 9.6199988e-05 2.2187212e-23)
(-0.00014253155 2.3590293e-05 -4.5601281e-25)
(-0.00033779412 2.2782607e-05 -5.1407803e-38)
(-0.00046629887 1.7350666e-05 -7.5549394e-25)
(-0.00053547097 9.1249857e-06 -4.2422114e-23)
(-0.00056105986 2.7533995e-06 2.046163e-24)
(-0.0005617365 -4.0382582e-07 -8.5544569e-25)
(-0.00054019719 -4.2734045e-06 -1.7496557e-23)
(-0.0005018477 -1.1255629e-05 1.1001714e-23)
(-0.00044936783 -1.801636e-05 -8.5975716e-26)
(-0.00038527763 -2.4057209e-05 1.4532816e-25)
(-0.00031159039 -2.9784108e-05 -6.1092082e-26)
(-0.00022974558 -3.6138733e-05 -7.8475329e-24)
(-0.00014089899 -4.2777194e-05 4.0679847e-25)
(-4.6027692e-05 -4.8850176e-05 -3.8447074e-25)
(5.4269754e-05 -5.4725202e-05 0)
(0.00015809423 -6.0270701e-05 -1.7497393e-23)
(0.0002648316 -6.5263322e-05 -5.798944e-25)
(0.00037356913 -6.9868569e-05 1.3810895e-24)
(0.00048352422 -7.4041949e-05 -2.7466415e-24)
(0.00059398018 -7.7760838e-05 2.3143097e-23)
(0.00070426923 -8.1021723e-05 7.0204628e-25)
(0.00081377922 -8.3822902e-05 -8.371631e-38)
(0.00092197594 -8.6181991e-05 7.5773357e-25)
(0.0010284438 -8.8143686e-05 2.962406e-26)
(0.0011329079 -8.9777335e-05 -3.5075367e-25)
(0.0012352111 -9.1185011e-05 -7.3437801e-25)
(0.0013352587 -9.2516879e-05 3.5887008e-25)
(0.0014331071 -9.3978341e-05 -1.8115596e-25)
(0.0015287512 -9.5650524e-05 1.748979e-25)
(0.001625159 -9.7543224e-05 2.2184739e-23)
(-0.00014958139 6.9753593e-05 -1.1663961e-22)
(-0.00033192676 6.6763856e-05 0)
(-0.00044266829 5.0783788e-05 0)
(-0.00049100138 3.0575446e-05 4.1684682e-23)
(-0.00049406954 1.2507852e-05 1.8895897e-24)
(-0.0004664047 -5.7552759e-06 4.838986e-23)
(-0.0004127902 -2.2986638e-05 1.7528326e-23)
(-0.00033936745 -4.0065218e-05 -1.209118e-23)
(-0.00024942294 -5.7034531e-05 9.8069812e-25)
(-0.00014527545 -7.3939388e-05 0)
(-2.8920632e-05 -9.0608764e-05 7.6519594e-25)
(9.776919e-05 -0.00010707361 7.1303902e-24)
(0.00023270269 -0.00012343964 2.1609353e-23)
(0.00037426275 -0.00013933022 2.6893332e-23)
(0.00052092217 -0.00015440768 0)
(0.00067105381 -0.00016846135 1.7707086e-23)
(0.00082328944 -0.00018136255 0)
(0.00097641176 -0.00019309463 0)
(0.0011292814 -0.00020356269 0)
(0.0012808078 -0.00021269179 1.8321996e-23)
(0.001430032 -0.00022049321 -4.1197449e-23)
(0.0015761474 -0.00022698559 0)
(0.0017185161 -0.00023223643 4.4654441e-23)
(0.0018566995 -0.00023637166 0)
(0.0019903859 -0.00023961262 1.4243559e-24)
(0.0021192887 -0.00024207119 4.2768107e-23)
(0.0022429609 -0.00024380117 4.2964283e-23)
(0.0023616593 -0.00024501635 6.7151506e-25)
(0.0024717916 -0.00024548858 -4.246577e-23)
(0.0025919388 -0.00024676119 2.0826018e-23)
(-0.00016290079 0.0001129257 1.1318683e-22)
(-0.0003194852 0.00010517601 0)
(-0.0003949584 7.9227032e-05 0)
(-0.00040174754 4.5983658e-05 0)
(-0.00035686079 1.5432965e-05 0)
(-0.00027407263 -1.3578862e-05 -5.0218023e-23)
(-0.0001601724 -4.2035013e-05 3.6092299e-23)
(-2.1238882e-05 -7.0512695e-05 2.2873306e-23)
(0.00013860028 -9.8747286e-05 0)
(0.00031568561 -0.00012661596 0)
(0.00050680095 -0.00015393566 -5.9835514e-24)
(0.00070872068 -0.000180501 -1.6046652e-23)
(0.00091819536 -0.00020602549 -3.1827853e-24)
(0.0011321325 -0.00023009181 -2.3192305e-23)
(0.001347772 -0.00025235461 0)
(0.0015625676 -0.00027243457 0)
(0.0017742938 -0.00029015424 0)
(0.001981303 -0.00030573238 0)
(0.0021819381 -0.00031907412 -3.9699486e-23)
(0.0023746748 -0.00032976433 -8.4628911e-23)
(0.0025584844 -0.00033775785 4.4499018e-23)
(0.0027328659 -0.00034290452 0)
(0.002897721 -0.00034547427 -5.3244083e-25)
(0.0030531813 -0.00034611099 4.2126459e-23)
(0.0031994482 -0.00034513755 2.6769919e-24)
(0.0033366615 -0.00034253197 -1.9229345e-24)
(0.0034646926 -0.00033832811 -4.302024e-23)
(0.003584761 -0.00033260839 4.0452808e-23)
(0.0036919494 -0.00032531564 4.0630511e-23)
(0.0038128802 -0.00031598854 -4.0413517e-23)
(-0.00017844843 0.00015136811 0)
(-0.00029797034 0.00013634253 7.0916705e-24)
(-0.00032130334 0.00010058524 -2.1317358e-22)
(-0.00026602391 5.4448603e-05 0)
(-0.00014979524 1.2120274e-05 0)
(1.276783e-05 -2.7948156e-05 -1.0834988e-22)
(0.00021277616 -6.7000183e-05 -3.4284961e-23)
(0.0004425038 -0.00010543445 -1.8892028e-23)
(0.00069554356 -0.00014316743 0)
(0.00096577871 -0.0001798923 -4.0182288e-25)
(0.0012472664 -0.00021515257 7.5430673e-24)
(0.0015342346 -0.00024843175 -1.4863182e-23)
(0.0018212657 -0.00027916478 -1.705607e-23)
(0.0021034584 -0.00030680718 -2.7115815e-24)
(0.0023769631 -0.00033099196 -6.2309319e-23)
(0.0026384861 -0.00035120123 3.682369e-24)
(0.0028854077 -0.00036751307 0)
(0.003116415 -0.00038037787 0)
(0.0033304567 -0.00038859942 3.7910096e-23)
(0.0035272099 -0.00039259211 3.897791e-23)
(0.0037070101 -0.00039308497 5.0928022e-24)
(0.0038705901 -0.00039118544 -9.9926328e-24)
(0.004018663 -0.00038782295 -3.547355e-23)
(0.0041522948 -0.00038360472 -3.7841787e-23)
(0.004272491 -0.0003779124 -8.1950241e-23)
(0.0043803638 -0.00036998254 3.8727369e-23)
(0.0044769263 -0.00036054687 -7.7597852e-23)
(0.004564261 -0.00034987962 -1.153905e-22)
(0.0046394437 -0.00033846206 7.5540299e-23)
(0.0047240167 -0.000324577 -7.4613138e-23)
(-0.00019145947 0.0001840152 0)
(-0.00026514493 0.00015763035 -7.1061695e-24)
(-0.0002184857 0.00011217437 1.9874572e-22)
(-8.1538368e-05 5.4512786e-05 1.738072e-22)
(0.00012823222 1.4167584e-06 -1.2667601e-22)
(0.00039285195 -4.8332279e-05 -4.3395027e-25)
(0.00069973455 -9.5974209e-05 6.9547091e-23)
(0.001037306 -0.00014190363 0)
(0.001394663 -0.0001859361 -2.0297957e-23)
(0.0017612092 -0.00022748336 1.0963671e-24)
(0.0021269533 -0.00026578418 1.462595e-23)
(0.0024830762 -0.00030010257 2.9030905e-23)
(0.0028222874 -0.00032978739 0)
(0.0031390376 -0.0003543772 0)
(0.0034301796 -0.00037370723 1.1409666e-22)
(0.0036934301 -0.00038739698 0)
(0.0039280107 -0.0003969153 0)
(0.0041346829 -0.00040276318 0)
(0.0043146137 -0.00040332235 7.4602995e-23)
(0.004469951 -0.00040087294 0)
(0.0046034266 -0.00039592246 0)
(0.0047175082 -0.00038865077 7.7727526e-23)
(0.0048144063 -0.00037947017 0)
(0.0048963481 -0.00036934718 7.7272287e-23)
(0.0049653726 -0.00035768533 7.4816573e-23)
(0.0050237115 -0.00034533161 -7.6620563e-23)
(0.0050730354 -0.00033291856 7.7999879e-23)
(0.0051154184 -0.00032058073 7.4628714e-23)
(0.0051503095 -0.00030888916 -1.3953246e-24)
(0.0051890469 -0.00029604335 1.4337546e-22)
(-0.00019792267 0.00021259379 0)
(-0.00021744563 0.00016867943 0)
(-8.3740962e-05 0.00011417225 0)
(0.00015502672 4.5881278e-05 -1.6968561e-22)
(0.00047930572 -1.6010173e-05 1.3179483e-22)
(0.0008647726 -7.2563e-05 1.0251663e-22)
(0.0012919439 -0.00012517962 -7.5180127e-23)
(0.0017419836 -0.00017421832 -3.3390431e-23)
(0.0021968727 -0.00021934341 1.7025428e-23)
(0.002640252 -0.0002597992 0)
(0.0030585748 -0.00029480944 -1.2564601e-23)
(0.0034420627 -0.00032382457 -2.8942444e-24)
(0.003784529 -0.00034655951 5.9548696e-24)
(0.0040834717 -0.00036295663 -5.8754445e-23)
(0.0043389556 -0.00037489028 4.1622539e-24)
(0.0045523224 -0.00038060825 -8.4162602e-24)
(0.0047279984 -0.00038078379 7.9693233e-24)
(0.0048703647 -0.00037789038 -7.2400931e-23)
(0.0049835945 -0.00037226593 -8.1792613e-23)
(0.0050728384 -0.00036447971 9.0454505e-24)
(0.0051423661 -0.00035510963 -7.6422104e-23)
(0.0051955167 -0.0003446907 -7.5938e-23)
(0.0052357999 -0.00033377776 0)
(0.0052661488 -0.00032289452 -7.5809153e-23)
(0.0052890726 -0.00031249482 -7.4992344e-23)
(0.005306705 -0.00030270395 -7.1713128e-23)
(0.0053205039 -0.00029346139 -7.5218292e-23)
(0.0053318281 -0.00028485767 -7.3983854e-23)
(0.005340889 -0.00027736315 -1.4036855e-22)
(0.0053518687 -0.00026991379 -6.8965057e-23)
(-0.00019572192 0.00023634587 -8.1676033e-24)
(-0.00015162229 0.00016995891 0)
(8.6609436e-05 0.00010679144 0)
(0.0004480481 2.9742532e-05 3.2360658e-22)
(0.0009058642 -3.7372299e-05 -2.4413741e-22)
(0.001424601 -9.6035964e-05 0)
(0.0019729867 -0.00014811434 6.2711939e-24)
(0.0025212917 -0.00019420076 3.4007865e-23)
(0.0030435088 -0.00023416957 -2.7899857e-24)
(0.0035197057 -0.0002675703 1.8617553e-24)
(0.0039373673 -0.00029417078 5.0180196e-23)
(0.0042913195 -0.000314055 0)
(0.0045815108 -0.00032766461 -1.0464542e-22)
(0.0048125148 -0.00033564662 -6.4481433e-23)
(0.0049903176 -0.00033869967 -5.1149894e-23)
(0.0051224849 -0.00033798685 -1.2740928e-22)
(0.0052191784 -0.0003347197 -8.2256587e-24)
(0.0052864675 -0.00032937492 6.1342735e-23)
(0.0053310259 -0.00032250567 -1.4185454e-22)
(0.0053593464 -0.00031491772 -9.6488597e-24)
(0.005376282 -0.00030700612 8.444861e-23)
(0.0053860386 -0.00029911689 1.5287648e-22)
(0.0053917378 -0.00029160828 0)
(0.0053950123 -0.00028459392 0)
(0.005396968 -0.0002781305 2.275337e-22)
(0.0053982069 -0.00027222071 6.4167074e-23)
(0.0053991158 -0.00026684353 2.2105539e-22)
(0.0053999812 -0.00026205829 7.1084501e-23)
(0.0054007985 -0.00025813005 6.871149e-23)
(0.0054025902 -0.00025412474 1.3857439e-22)
(-0.00018633874 0.00025109837 -1.5586545e-23)
(-6.5161931e-05 0.00016139986 4.9636202e-22)
(0.00029694689 9.0013372e-05 -1.3195237e-23)
(0.00080231411 8.8950574e-06 -3.2011367e-22)
(0.0014080019 -5.7659886e-05 2.5508432e-22)
(0.0020605529 -0.00011191493 -1.200361e-23)
(0.0027118337 -0.00015684974 0)
(0.0033206066 -0.0001939995 0)
(0.0038573964 -0.00022410533 5.6273708e-25)
(0.0043065136 -0.00024752428 -2.2488117e-24)
(0.0046649142 -0.00026486594 -1.0969221e-22)
(0.004938555 -0.00027674641 9.2956319e-23)
(0.0051371852 -0.0002841716 8.2319522e-23)
(0.0052746295 -0.00028770731 1.0982204e-22)
(0.0053625296 -0.00028821233 7.5075402e-24)
(0.0054145083 -0.00028702105 1.331769e-22)
(0.0054413509 -0.00028469343 0)
(0.0054517438 -0.00028107965 -1.5172741e-22)
(0.005453602 -0.00027700111 1.4869891e-22)
(0.0054515239 -0.00027318615 0)
(0.0054477039 -0.00026969989 0)
(0.0054434751 -0.00026643626 -3.0487882e-22)
(0.0054393202 -0.00026325749 0)
(0.0054356964 -0.00026003495 -1.503638e-22)
(0.0054327962 -0.00025678512 -1.4734969e-22)
(0.0054305842 -0.00025349112 0)
(0.0054285897 -0.00025028203 -1.4314304e-22)
(0.0054266497 -0.00024726573 -1.4125303e-22)
(0.0054240135 -0.00024487298 -1.0892187e-24)
(0.0054208402 -0.00024156274 -2.7242238e-22)
(-0.00017078082 0.00025491439 5.6229186e-22)
(4.6435718e-05 0.00014556121 -4.7188281e-22)
(0.00055284785 6.6976285e-05 -4.066918e-22)
(0.0012212965 -1.1926544e-05 2.7636259e-23)
(0.0019791745 -7.0184633e-05 1.9028602e-22)
(0.0027474033 -0.00011286391 1.5526417e-22)
(0.0034599887 -0.00014511996 -7.6066444e-23)
(0.0040709342 -0.00017024442 2.1956593e-23)
(0.0045590573 -0.00019010106 -1.0714106e-24)
(0.00492454 -0.00020569046 -5.5686743e-23)
(0.0051816048 -0.00021791679 -1.9430989e-23)
(0.0053496086 -0.00022699155 -2.0146067e-22)
(0.0054478373 -0.00023356116 -1.0850301e-22)
(0.0054960316 -0.00023780331 -7.4102781e-24)
(0.0055121639 -0.00024023469 0)
(0.0055129319 -0.00024218769 -9.4486411e-24)
(0.0055062645 -0.00024397234 9.021164e-24)
(0.0054964989 -0.00024532862 1.4986736e-22)
(0.0054870404 -0.00024634347 0)
(0.0054778465 -0.00024707561 9.8681547e-24)
(0.0054696687 -0.00024725117 -9.4883894e-24)
(0.0054631193 -0.0002467604 1.4241326e-22)
(0.0054580805 -0.0002456536 -1.5302716e-22)
(0.0054542415 -0.00024406798 7.7874968e-24)
(0.0054511192 -0.0002421238 0)
(0.005447425 -0.00023965185 4.571917e-24)
(0.0054434107 -0.00023697156 6.7625098e-26)
(0.0054365745 -0.00023406173 1.3582874e-22)
(0.0054288428 -0.00023243414 0)
(0.0054132028 -0.00022827201 1.3607457e-22)
(-0.00014594445 0.00025137473 -5.38749e-22)
(0.00018622072 0.00012335943 0)
(0.00085986074 4.2037776e-05 3.7719535e-22)
(0.0017043349 -2.6418654e-05 -2.7951624e-22)
(0.0026017785 -6.8108561e-05 -4.0134615e-22)
(0.0034449893 -9.3831204e-05 -1.3657091e-22)
(0.0041579709 -0.00011170952 1.7762922e-23)
(0.0047057471 -0.00012681476 -2.0379529e-23)
(0.0050913686 -0.00014112549 0)
(0.0053398705 -0.00015505445 1.2945282e-22)
(0.0054833957 -0.00016835525 1.8344996e-22)
(0.0055491551 -0.00017987611 2.2447434e-22)
(0.0055669428 -0.00018902926 2.4681304e-22)
(0.0055624423 -0.00019706326 1.5327461e-22)
(0.0055519363 -0.00020457413 0)
(0.0055367964 -0.00021174968 1.5715632e-22)
(0.0055209635 -0.00021779641 0)
(0.0055065493 -0.00022265098 0)
(0.0054943901 -0.00022645236 1.6124564e-22)
(0.0054848418 -0.00022926479 1.6034102e-22)
(0.0054778317 -0.00023116343 -9.9137217e-24)
(0.0054728397 -0.00023220287 1.6599812e-22)
(0.0054687927 -0.00023243478 -2.4690724e-24)
(0.005464976 -0.00023187085 3.001733e-22)
(0.0054595006 -0.00023064288 0)
(0.0054516351 -0.00022875881 1.4515949e-22)
(0.0054408287 -0.00022648369 1.4256704e-22)
(0.0054211735 -0.0002233475 0)
(0.0053975288 -0.00022178421 1.3863683e-22)
(0.0053407819 -0.00021434476 0)
(-0.00011066166 0.00023955027 -5.8846884e-22)
(0.00035735496 9.5727629e-05 4.5416465e-22)
(0.0012219364 2.0618338e-05 -2.0477619e-23)
(0.0022426782 -2.7463278e-05 5.3590821e-22)
(0.0032453974 -4.6489377e-05 1.7492899e-22)
(0.0041038167 -5.4429296e-05 8.2667822e-24)
(0.0047499289 -6.2009041e-05 5.3088058e-23)
(0.0051811739 -7.4098521e-05 2.1267739e-23)
(0.005437254 -9.0450051e-05 6.8126253e-23)
(0.0055666994 -0.00010895551 -7.1466373e-23)
(0.0056094177 -0.00012687939 4.9559097e-24)
(0.0056082336 -0.00014262844 -9.4281074e-23)
(0.0055952629 -0.00015692068 -2.6855419e-24)
(0.0055751279 -0.00017036212 3.1387682e-23)
(0.0055535569 -0.00018198787 1.4187764e-22)
(0.0055335421 -0.00019155865 8.642306e-24)
(0.0055167714 -0.00019943323 1.6538806e-22)
(0.0055037212 -0.00020597327 0)
(0.0054941326 -0.00021141295 5.1798635e-24)
(0.005487394 -0.00021578849 1.4489175e-23)
(0.0054821697 -0.00021901116 1.6072095e-22)
(0.0054771432 -0.00022095532 -1.6460155e-22)
(0.0054704166 -0.00022179751 1.5241178e-22)
(0.005461155 -0.00022141606 -1.5921016e-22)
(0.0054454816 -0.00022007318 9.1813126e-24)
(0.0054203917 -0.00021817952 8.5831466e-25)
(0.0053819334 -0.00021511402 -1.3728114e-22)
(0.0053184581 -0.00020959595 -4.3593937e-24)
(0.0052466215 -0.00020420555 -2.7734932e-22)
(0.0050975977 -0.00018894196 0)
(-6.7231851e-05 0.00021521887 5.5449509e-22)
(0.00056390663 6.5230572e-05 -4.4583153e-22)
(0.0016384877 1.0073895e-05 1.1059452e-23)
(0.0028170247 -8.8411334e-06 -1.4012629e-23)
(0.0038703991 -4.5315242e-06 7.439715e-24)
(0.0046763391 1.4903154e-07 -3.6836552e-24)
(0.0051988291 -6.5584225e-06 -2.7205822e-24)
(0.0054877025 -2.4573593e-05 -2.2136413e-23)
(0.0056186116 -4.9117614e-05 -6.1930868e-23)
(0.0056488901 -7.4231478e-05 0)
(0.0056398001 -9.7092289e-05 -9.8613594e-23)
(0.0056172286 -0.00011818596 -1.6067064e-23)
(0.0055903346 -0.00013664599 -1.4406577e-22)
(0.0055642873 -0.00015228991 -1.5269707e-22)
(0.0055420416 -0.00016560218 -1.793813e-22)
(0.0055244597 -0.00017695479 -1.6290518e-22)
(0.0055114228 -0.00018669575 -1.643173e-22)
(0.0055021654 -0.00019507585 -7.6412856e-25)
(0.0054954718 -0.00020223454 -1.4248558e-22)
(0.0054896703 -0.00020802842 2.7429229e-24)
(0.0054820942 -0.00021238715 1.3342753e-24)
(0.0054709703 -0.000215195 1.5597678e-22)
(0.0054535583 -0.00021668786 0)
(0.0054244728 -0.00021619051 1.476479e-22)
(0.00537687 -0.00021369375 9.2543295e-24)
(0.0053056842 -0.00020898307 -8.8533392e-24)
(0.005205962 -0.00020119728 -8.8658634e-24)
(0.0050652399 -0.00018952061 1.3954037e-22)
(0.0049052878 -0.00017677734 1.4188443e-22)
(0.0046161691 -0.00015113409 1.289381e-22)
(-1.7072728e-05 0.0001794264 1.0992578e-21)
(0.00080915664 3.6407909e-05 -7.9129802e-22)
(0.0021038834 1.6297265e-05 0)
(0.0034005604 2.9971761e-05 1.863164e-22)
(0.0044372534 5.1865672e-05 0)
(0.0051291489 5.9681384e-05 -7.4053089e-23)
(0.0054945128 4.3409172e-05 0)
(0.005647144 1.3738527e-05 1.4934057e-22)
(0.0056775944 -1.9529753e-05 -9.1589385e-24)
(0.0056629978 -5.0326391e-05 2.761381e-22)
(0.0056340772 -7.7736056e-05 2.7865715e-22)
(0.005602033 -0.0001012407 2.0060457e-23)
(0.0055729172 -0.00012147519 -3.3278569e-22)
(0.0055489696 -0.00013884592 -1.9989189e-23)
(0.0055306762 -0.00015387848 3.719703e-22)
(0.0055174294 -0.00016702923 -2.0872042e-23)
(0.0055080634 -0.00017868967 0)
(0.005500912 -0.00018916294 -3.4617727e-22)
(0.0054937887 -0.00019854356 0)
(0.0054837771 -0.00020653961 -4.9498225e-22)
(0.0054671832 -0.00021294471 -1.6850789e-22)
(0.0054394215 -0.00021765827 -1.4502682e-22)
(0.0053928273 -0.00022186724 9.3022362e-24)
(0.0053190082 -0.00022129818 -1.5592636e-22)
(0.0052115873 -0.0002174241 0)
(0.0050620544 -0.00020809909 -1.4020047e-22)
(0.0048627494 -0.00019140534 -4.1916894e-24)
(0.0046016222 -0.00016866168 -1.3253796e-22)
(0.0043027221 -0.00013610242 -2.0882596e-24)
(0.0038296075 -9.3241422e-05 -1.3210269e-22)
(4.3900716e-05 0.00013145372 -1.0691957e-21)
(0.0011011016 1.3058848e-05 7.3577088e-22)
(0.0026094316 3.5470419e-05 0)
(0.0039655933 7.9649781e-05 -3.7556944e-22)
(0.0049160793 0.00011097014 -3.9388127e-24)
(0.0054494266 0.00011205077 7.4665065e-23)
(0.0056529669 8.1488546e-05 0)
(0.0056989714 4.1152617e-05 -1.3603128e-22)
(0.0056837009 2.1045772e-06 0)
(0.0056498212 -3.2415803e-05 -2.545669e-22)
(0.0056131313 -6.2029747e-05 -2.8925013e-22)
(0.0055807291 -8.7381983e-05 -2.1489188e-23)
(0.0055548183 -0.00010918911 1.8791387e-23)
(0.0055352287 -0.0001280027 -2.1154627e-23)
(0.0055209036 -0.00014438672 -3.4524616e-22)
(0.0055102273 -0.00015881991 0)
(0.0055010043 -0.00017162608 3.6201368e-22)
(0.0054902259 -0.00018292235 3.4204658e-22)
(0.0054740543 -0.0001925321 -2.1645759e-23)
(0.0054471142 -0.00020100666 3.5041664e-22)
(0.0054023717 -0.00020667103 0)
(0.0053315743 -0.00020859262 0)
(0.0052252498 -0.00020503964 -9.7422771e-24)
(0.0050738054 -0.00019499538 9.4781084e-24)
(0.004867323 -0.00017681429 9.2307622e-24)
(0.0045966274 -0.00014935866 1.9786431e-26)
(0.0042543731 -0.00011245938 -8.911053e-24)
(0.0038362431 -6.9038747e-05 0)
(0.0033640491 -1.0440583e-05 0)
(0.0027144228 2.3719337e-05 0)
(0.00012113979 7.4767154e-05 -1.7001583e-23)
(0.0014436382 -6.5597405e-06 0)
(0.003131026 6.3203519e-05 0)
(0.0044745321 0.00013310584 0)
(0.0052833388 0.00016627008 -2.5067657e-24)
(0.0056342484 0.00015006642 4.8969235e-25)
(0.0057137573 0.00010793646 -8.4923571e-24)
(0.0057067311 6.0457641e-05 2.4427884e-23)
(0.0056705698 1.790167e-05 -1.4006771e-23)
(0.0056280805 -1.8859839e-05 0)
(0.0055915223 -5.0275271e-05 0)
(0.0055628192 -7.7103812e-05 2.2629077e-23)
(0.0055412809 -0.00010010824 3.2632954e-22)
(0.0055254725 -0.00011991577 2.3413962e-23)
(0.0055134505 -0.00013696857 3.2836227e-14)
(0.0055025201 -0.00015144239 -3.1425218e-14)
(0.0054889096 -0.000163206 -3.7987006e-22)
(0.005467461 -0.00017175783 0)
(0.0054314488 -0.00017647285 2.3017954e-23)
(0.0053717151 -0.00017500974 -2.2212668e-23)
(0.0052772853 -0.00016728018 -2.299926e-23)
(0.0051367305 -0.0001518448 2.2325969e-23)
(0.0049374139 -0.00012717154 0)
(0.0046670797 -9.2413564e-05 0)
(0.0043157248 -4.7298908e-05 0)
(0.0038773906 7.3429161e-06 -1.171735e-23)
(0.0033513055 7.0020715e-05 1.1618908e-23)
(0.0027492073 0.00013350471 5.8003059e-24)
(0.0020917281 0.00018451308 -8.6321106e-24)
(0.001332864 0.00016720507 2.849516e-24)
(0.00099629822 -1.9517347e-05 0)
(0.0010923523 3.1334836e-05 0)
(0.0010942131 4.5985722e-05 0)
(0.0010249971 4.617515e-05 0)
(0.000964335 3.7521486e-05 0)
(0.00092028033 2.7040441e-05 0)
(0.00088259342 1.9125365e-05 0)
(0.00084829673 1.3731396e-05 0)
(0.00081819574 9.7053436e-06 0)
(0.00079242736 6.6467513e-06 0)
(0.00077038835 4.4435324e-06 0)
(0.00075142755 2.9102194e-06 0)
(0.00073504411 1.8437115e-06 0)
(0.00072084265 1.101929e-06 0)
(0.00070848934 5.9402704e-07 0)
(0.00069768994 2.5322452e-07 0)
(0.00068820889 3.0166958e-08 0)
(0.00067985785 -1.1517881e-07 0)
(0.00067246929 -2.0778217e-07 0)
(0.00066590927 -2.6414464e-07 0)
(0.00066006851 -2.9610368e-07 0)
(0.00065485477 -3.1192624e-07 0)
(0.00065019004 -3.1706057e-07 0)
(0.00064600906 -3.1502198e-07 0)
(0.00064225646 -3.0810304e-07 0)
(0.00063888431 -2.9766488e-07 0)
(0.0006358513 -2.8444887e-07 0)
(0.00063312185 -2.6889208e-07 0)
(0.00063066511 -2.5123863e-07 0)
(0.00062845442 -2.3168071e-07 0)
(0.0006264668 -2.1051923e-07 0)
(0.00062468249 -1.8819173e-07 0)
(0.0006230849 -1.6535539e-07 0)
(0.00062166079 -1.4305449e-07 0)
(0.00062040096 -1.2321763e-07 0)
(0.00061930047 -1.0801792e-07 0)
(0.00061835421 -9.4260857e-08 0)
(0.00061755325 -7.7355882e-08 0)
(0.00061688551 -5.640944e-08 0)
(0.00061633996 -3.2619817e-08 0)
(0.00061590918 -7.2087369e-09 0)
(0.00061559007 1.9860346e-08 0)
(0.00061538436 4.6522187e-08 0)
(0.00061531129 5.5031774e-08 0)
(0.00061540425 3.7673767e-08 0)
(0.00061566518 3.2894248e-08 0)
(0.00061606315 4.5761487e-08 0)
(0.0006165621 6.1645274e-08 0)
(0.00061714769 5.4510497e-08 0)
(0.00061785349 2.5663363e-08 0)
(0.00061871978 -8.699092e-09 0)
(0.00061975605 -4.6898212e-08 0)
(0.00062094949 -8.5912429e-08 0)
(0.00062227784 -1.2193995e-07 0)
(0.00062371447 -1.5131378e-07 0)
(0.00062523734 -1.6940261e-07 0)
(0.00062684026 -1.8492105e-07 0)
(0.00062853063 -2.0577937e-07 0)
(0.00063031339 -2.3493489e-07 0)
(0.00063218337 -2.6988487e-07 0)
(0.00063412908 -3.0638881e-07 0)
(0.00063613694 -3.4160697e-07 0)
(0.0006381917 -3.7341151e-07 0)
(0.00064027509 -3.9975662e-07 0)
(0.00064236662 -4.1981862e-07 0)
(0.00064444803 -4.3546579e-07 0)
(0.00064650585 -4.4784656e-07 0)
(0.00064852945 -4.5724013e-07 0)
(0.00065050885 -4.6378468e-07 0)
(0.00065243436 -4.6749227e-07 0)
(0.00065429676 -4.6829601e-07 0)
(0.00065608745 -4.6614704e-07 0)
(0.0006577986 -4.6101854e-07 0)
(0.00065942327 -4.5286416e-07 0)
(0.00066095521 -4.4153833e-07 0)
(0.00066238842 -4.2669281e-07 0)
(0.00066371666 -4.0787947e-07 0)
(0.00066493414 -3.8546564e-07 0)
(0.00066603737 -3.6042689e-07 0)
(0.00066702597 -3.3360882e-07 0)
(0.00066790212 -3.0582879e-07 0)
(0.00066866976 -2.7783253e-07 0)
(0.00066933401 -2.5014794e-07 0)
(0.00066990076 -2.231468e-07 0)
(0.0006703765 -1.9714455e-07 0)
(0.00067076814 -1.7243272e-07 0)
(0.00067108275 -1.4917628e-07 0)
(0.00067132707 -1.2731991e-07 0)
(0.00067150751 -1.0661053e-07 0)
(0.00067163111 -8.6930168e-08 0)
(0.00067170323 -6.9165075e-08 0)
(0.00067172741 -5.2185968e-08 0)
(0.00067171148 -3.3489809e-08 0)
(0.00067166131 -1.7679724e-08 0)
(0.00067158129 -3.6977499e-09 0)
(0.00067147668 8.6977704e-09 0)
(0.00067135278 1.9471003e-08 0)
(0.00067121446 2.8659795e-08 0)
(0.00067106578 3.6244331e-08 0)
(0.00067091075 4.2241918e-08 0)
(0.00067075299 4.6696208e-08 0)
(0.00067059573 4.9681431e-08 0)
(0.00067044185 5.1297852e-08 0)
(0.00067029384 5.1671264e-08 0)
(0.00067015377 5.0949286e-08 0)
(0.0006700233 4.9289554e-08 0)
(0.00066990367 4.6846035e-08 0)
(0.00066979573 4.3767649e-08 0)
(0.00066969998 4.0196907e-08 0)
(0.00066961659 3.626994e-08 0)
(0.00066954546 3.2116995e-08 0)
(0.00066948626 2.7860149e-08 0)
(0.00066943844 2.3608754e-08 0)
(0.0006694013 1.9457775e-08 0)
(0.00066937398 1.5494375e-08 0)
(0.00066935545 1.1803385e-08 0)
(0.00066934464 8.4758773e-09 0)
(0.00066934063 5.5670967e-09 0)
(0.00066934226 2.6715766e-09 0)
(0.0006693486 2.3556509e-10 0)
(0.00066935888 -1.7797844e-09 0)
(0.00066937214 -3.4488197e-09 0)
(0.00066938756 -4.7754559e-09 0)
(0.00066940445 -5.7742571e-09 0)
(0.00066942216 -6.459585e-09 0)
(0.00066944013 -6.851876e-09 0)
(0.00066945785 -6.9925256e-09 0)
(0.00066947493 -6.9206221e-09 0)
(0.00066949105 -6.6728427e-09 0)
(0.00066950597 -6.2877959e-09 0)
(0.00066951952 -5.8026579e-09 0)
(0.00066953163 -5.2519953e-09 0)
(0.00066954226 -4.6668229e-09 0)
(0.00066955146 -4.0736233e-09 0)
(0.00066955928 -3.4942374e-09 0)
(0.00066956583 -2.9459335e-09 0)
(0.00066957122 -2.4413242e-09 0)
(0.00066957559 -1.9885212e-09 0)
(0.00066957907 -1.5916077e-09 0)
(0.0006695818 -1.2512675e-09 0)
(0.0006695839 -9.6549698e-10 0)
(0.00066958548 -7.3031689e-10 0)
(0.00066958665 -5.4050789e-10 0)
(0.0006695875 -3.9022418e-10 0)
(0.00066958809 -2.7347619e-10 0)
(0.00066958848 -1.8449558e-10 0)
(0.00066958874 -1.1797704e-10 0)
(0.00066958888 -6.9199816e-11 0)
(0.00066958896 -3.4035403e-11 0)
(0.00066958898 -9.6314291e-12 0)
(0.00066958896 7.4202492e-12 0)
(0.00066958893 1.7878325e-11 0)
(0.00066958888 2.4061389e-11 0)
(0.00066958882 2.7062252e-11 0)
(0.00066958877 2.7816889e-11 0)
(0.00066958871 2.7110646e-11 0)
(0.00066958866 2.5491294e-11 0)
(0.00066958861 2.3341047e-11 0)
(0.00066958857 2.0935513e-11 0)
(0.00066958854 1.8469086e-11 0)
(0.0006695885 1.6066242e-11 0)
(0.00066958848 1.3797625e-11 0)
(0.00066958846 1.1700991e-11 0)
(0.00066958844 9.7976075e-12 0)
(0.00066958842 8.0989753e-12 0)
(0.00066958841 6.60446e-12 0)
(0.00066958841 5.3133597e-12 0)
(0.0006695884 4.2011068e-12 0)
(0.0006695884 3.2850933e-12 0)
(0.0006695884 2.4652837e-12 0)
(0.0006695884 1.7964193e-12 0)
(0.0006695884 1.2704851e-12 0)
(0.0006695884 8.3519039e-13 0)
(0.00066958841 4.7901308e-13 0)
(0.00066958841 1.9238262e-13 0)
(0.00066958842 -3.740678e-14 0)
(0.00066958842 -2.179924e-13 0)
(0.00066958843 -3.5842262e-13 0)
(0.00066958844 -4.6921282e-13 0)
(0.00066958844 -5.5891595e-13 0)
(0.00066958845 -6.3533402e-13 0)
(0.00066958846 -7.0667953e-13 0)
(0.00066958846 -7.795919e-13 0)
(0.00066958847 -8.6020601e-13 0)
(0.00066958848 -9.5808763e-13 0)
(0.00066958848 -1.0822616e-12 0)
(0.00066958849 -1.2391836e-12 0)
(0.0006695885 -1.4336466e-12 0)
(0.0006695885 -1.6696416e-12 0)
(0.00066958851 -1.9546711e-12 0)
(0.00066958852 -2.3030671e-12 0)
(0.00066958853 -2.7341134e-12 0)
(0.00066958853 -3.2663686e-12 0)
(0.00066958854 -3.9161781e-12 0)
(0.00066958855 -4.6914317e-12 0)
(0.00066958856 -5.6160638e-12 0)
(0.00066958858 -6.0791015e-12 0)
(0.00066958859 -7.5410501e-13 0)
(0.00066958862 -1.0046557e-11 0)
(0.00066958867 -2.9313934e-11 0)
(0.0024164206 2.5981855e-05 0)
(0.0024192278 5.6909382e-05 0)
(0.002452418 7.9887903e-05 0)
(0.0024317824 9.6794523e-05 0)
(0.0023924445 0.00010120183 0)
(0.0023571813 9.6671375e-05 0)
(0.0023239488 8.9100165e-05 0)
(0.0022887375 8.0963232e-05 0)
(0.0022522245 7.2674442e-05 0)
(0.0022162666 6.4524219e-05 0)
(0.0021817669 5.6918084e-05 0)
(0.0021489498 5.0089093e-05 0)
(0.0021179191 4.4066782e-05 0)
(0.0020887789 3.8795609e-05 0)
(0.0020615758 3.4205714e-05 0)
(0.0020362836 3.0223092e-05 0)
(0.0020128319 2.6766918e-05 0)
(0.0019911299 2.3762355e-05 0)
(0.001971077 2.1144625e-05 0)
(0.0019525686 1.8857724e-05 0)
(0.0019354995 1.685332e-05 0)
(0.0019197664 1.5090228e-05 0)
(0.00190527 1.3533518e-05 0)
(0.0018919165 1.2153573e-05 0)
(0.0018796186 1.0925563e-05 0)
(0.0018682956 9.828706e-06 0)
(0.0018578739 8.8452901e-06 0)
(0.0018482865 7.9600191e-06 0)
(0.0018394731 7.1596441e-06 0)
(0.0018313794 6.4326273e-06 0)
(0.0018239569 5.7686823e-06 0)
(0.0018171627 5.1583287e-06 0)
(0.0018109593 4.5924534e-06 0)
(0.0018053139 4.0619442e-06 0)
(0.0018002013 3.5577021e-06 0)
(0.0017955962 3.0715316e-06 0)
(0.0017914678 2.6079372e-06 0)
(0.0017877947 2.1763126e-06 0)
(0.0017845631 1.7760771e-06 0)
(0.0017817567 1.4014166e-06 0)
(0.0017793611 1.0426367e-06 0)
(0.0017773573 6.8779134e-07 0)
(0.0017757541 3.2828161e-07 0)
(0.0017746023 -9.0628346e-08 0)
(0.0017739209 -6.2655356e-07 0)
(0.0017736627 -1.1240958e-06 0)
(0.0017737553 -1.5001428e-06 0)
(0.0017741452 -1.7993023e-06 0)
(0.0017748414 -2.0915811e-06 0)
(0.0017758852 -2.4895437e-06 0)
(0.0017773174 -2.9700389e-06 0)
(0.0017791484 -3.4366496e-06 0)
(0.0017813547 -3.8424334e-06 0)
(0.0017839037 -4.1634528e-06 0)
(0.00178675 -4.4065077e-06 0)
(0.0017898109 -4.61926e-06 0)
(0.001793035 -4.8574833e-06 0)
(0.0017964267 -5.1240088e-06 0)
(0.0018000155 -5.3730368e-06 0)
(0.001803806 -5.5778167e-06 0)
(0.0018077689 -5.7386483e-06 0)
(0.0018118645 -5.8574776e-06 0)
(0.0018160544 -5.9311224e-06 0)
(0.0018202975 -5.9529953e-06 0)
(0.0018245462 -5.9171497e-06 0)
(0.0018287595 -5.8386826e-06 0)
(0.0018329103 -5.7302236e-06 0)
(0.0018369775 -5.5944891e-06 0)
(0.0018409401 -5.4318797e-06 0)
(0.0018447779 -5.2434993e-06 0)
(0.0018484714 -5.0309375e-06 0)
(0.0018520024 -4.7962611e-06 0)
(0.0018553547 -4.5420989e-06 0)
(0.0018585142 -4.2711527e-06 0)
(0.0018614691 -3.9854811e-06 0)
(0.0018642089 -3.6859435e-06 0)
(0.0018667223 -3.3721599e-06 0)
(0.0018689987 -3.0485104e-06 0)
(0.0018710328 -2.7248121e-06 0)
(0.0018728265 -2.408706e-06 0)
(0.0018743865 -2.104888e-06 0)
(0.0018757228 -1.8164649e-06 0)
(0.0018768481 -1.5453462e-06 0)
(0.0018777759 -1.2928847e-06 0)
(0.0018785206 -1.0600025e-06 0)
(0.0018790976 -8.4712137e-07 0)
(0.0018795228 -6.5381786e-07 0)
(0.0018798118 -4.792325e-07 0)
(0.001879979 -3.2295654e-07 0)
(0.0018800373 -1.8435631e-07 0)
(0.0018800004 -6.1094494e-08 0)
(0.0018798831 4.8503534e-08 0)
(0.0018796969 1.4412763e-07 0)
(0.0018794506 2.267735e-07 0)
(0.0018791576 2.9388269e-07 0)
(0.0018788297 3.4586212e-07 0)
(0.0018784771 3.8400006e-07 0)
(0.0018781092 4.0997984e-07 0)
(0.0018777346 4.2520173e-07 0)
(0.0018773609 4.3074902e-07 0)
(0.0018769948 4.2763412e-07 0)
(0.0018766419 4.1691063e-07 0)
(0.0018763072 3.9968189e-07 0)
(0.0018759943 3.7708697e-07 0)
(0.0018757063 3.5027812e-07 0)
(0.001875445 3.2038176e-07 0)
(0.0018752117 2.8844705e-07 0)
(0.0018750067 2.5541107e-07 0)
(0.0018748298 2.2208976e-07 0)
(0.0018746802 1.8919177e-07 0)
(0.0018745567 1.5733616e-07 0)
(0.0018744579 1.2705308e-07 0)
(0.0018743817 9.8772628e-08 0)
(0.0018743263 7.2829859e-08 0)
(0.0018742895 4.950488e-08 0)
(0.0018742687 2.9023334e-08 0)
(0.0018742619 1.1600526e-08 0)
(0.001874266 -3.1527549e-09 0)
(0.0018742792 -1.6084076e-08 0)
(0.0018743003 -2.687301e-08 0)
(0.0018743272 -3.5098851e-08 0)
(0.0018743582 -4.096488e-08 0)
(0.0018743916 -4.4760366e-08 0)
(0.0018744262 -4.6848725e-08 0)
(0.001874461 -4.7502503e-08 0)
(0.001874495 -4.6875592e-08 0)
(0.0018745275 -4.5202688e-08 0)
(0.0018745579 -4.2681089e-08 0)
(0.0018745857 -3.952182e-08 0)
(0.0018746109 -3.594747e-08 0)
(0.0018746331 -3.2150476e-08 0)
(0.0018746525 -2.8290522e-08 0)
(0.0018746692 -2.4500134e-08 0)
(0.0018746833 -2.0885123e-08 0)
(0.001874695 -1.7524629e-08 0)
(0.0018747046 -1.4472956e-08 0)
(0.0018747124 -1.1761752e-08 0)
(0.0018747185 -9.4025672e-09 0)
(0.0018747233 -7.3901785e-09 0)
(0.0018747269 -5.7062883e-09 0)
(0.0018747297 -4.3233924e-09 0)
(0.0018747317 -3.2082967e-09 0)
(0.0018747332 -2.3252365e-09 0)
(0.0018747342 -1.638448e-09 0)
(0.0018747348 -1.1140231e-09 0)
(0.0018747353 -7.2119496e-10 0)
(0.0018747355 -4.3304321e-10 0)
(0.0018747356 -2.2667583e-10 0)
(0.0018747357 -8.2886517e-11 0)
(0.0018747357 1.4590329e-11 0)
(0.0018747356 7.8467839e-11 0)
(0.0018747355 1.1688593e-10 0)
(0.0018747354 1.3643557e-10 0)
(0.0018747353 1.4280431e-10 0)
(0.0018747352 1.4042965e-10 0)
(0.0018747352 1.3249508e-10 0)
(0.0018747351 1.2124396e-10 0)
(0.001874735 1.0822892e-10 0)
(0.001874735 9.4532536e-11 0)
(0.0018747349 8.0926241e-11 0)
(0.0018747349 6.7930027e-11 0)
(0.0018747348 5.5845897e-11 0)
(0.0018747348 4.4819124e-11 0)
(0.0018747348 3.4904625e-11 0)
(0.0018747348 2.6109687e-11 0)
(0.0018747348 1.8406123e-11 0)
(0.0018747348 1.1723862e-11 0)
(0.0018747348 5.9677385e-12 0)
(0.0018747348 1.0298908e-12 0)
(0.0018747348 -3.1501809e-12 0)
(0.0018747348 -6.6641125e-12 0)
(0.0018747348 -9.5863088e-12 0)
(0.0018747348 -1.1982062e-11 0)
(0.0018747348 -1.392018e-11 0)
(0.0018747348 -1.5451985e-11 0)
(0.0018747348 -1.6670904e-11 0)
(0.0018747348 -1.7626557e-11 0)
(0.0018747349 -1.8351546e-11 0)
(0.0018747349 -1.888645e-11 0)
(0.0018747349 -1.9262789e-11 0)
(0.0018747349 -1.9512869e-11 0)
(0.0018747349 -1.9669118e-11 0)
(0.0018747349 -1.9748659e-11 0)
(0.001874735 -1.9773785e-11 0)
(0.001874735 -1.9785425e-11 0)
(0.001874735 -1.9828053e-11 0)
(0.001874735 -1.9930389e-11 0)
(0.001874735 -2.0104329e-11 0)
(0.001874735 -2.0358428e-11 0)
(0.0018747351 -2.0720496e-11 0)
(0.0018747351 -2.12618e-11 0)
(0.0018747351 -2.210197e-11 0)
(0.0018747351 -2.3416522e-11 0)
(0.0018747351 -2.5429723e-11 0)
(0.0018747351 -2.8467376e-11 0)
(0.0018747352 -3.2929637e-11 0)
(0.0018747352 -3.9704602e-11 0)
(0.0018747352 -4.4345535e-11 0)
(0.0018747352 -6.7779969e-11 0)
(0.0018747353 -9.8942723e-11 0)
(0.0036017558 0.00010323245 0)
(0.0035693051 0.00011672434 0)
(0.003576624 0.00012428877 0)
(0.0035538346 0.000129686 0)
(0.0035186221 0.00013226426 0)
(0.0034886567 0.00013126869 0)
(0.0034625812 0.0001277468 0)
(0.003435374 0.00012282372 0)
(0.0034061448 0.00011698531 0)
(0.0033760789 0.00011050624 0)
(0.0033459659 0.00010370064 0)
(0.0033160204 9.6848071e-05 0)
(0.0032863857 9.0127647e-05 0)
(0.0032572838 8.364256e-05 0)
(0.0032289296 7.7458157e-05 0)
(0.0032014757 7.1615952e-05 0)
(0.0031750208 6.6136208e-05 0)
(0.0031496305 6.1022646e-05 0)
(0.0031253457 5.6268556e-05 0)
(0.0031021863 5.1860953e-05 0)
(0.0030801545 4.7783066e-05 0)
(0.0030592382 4.4015786e-05 0)
(0.0030394151 4.0538537e-05 0)
(0.0030206551 3.7330093e-05 0)
(0.0030029234 3.4369322e-05 0)
(0.0029861821 3.1635561e-05 0)
(0.002970392 2.9108689e-05 0)
(0.0029555138 2.6769234e-05 0)
(0.0029415088 2.4598543e-05 0)
(0.0029283397 2.2578893e-05 0)
(0.002915971 2.0693503e-05 0)
(0.0029043691 1.892643e-05 0)
(0.0028935029 1.7262391e-05 0)
(0.0028833428 1.5686558e-05 0)
(0.0028738616 1.4185822e-05 0)
(0.0028650333 1.2752896e-05 0)
(0.0028568348 1.1384397e-05 0)
(0.0028492492 1.0074813e-05 0)
(0.0028422641 8.8174567e-06 0)
(0.0028358692 7.6056858e-06 0)
(0.0028300553 6.4300074e-06 0)
(0.002824811 5.2670979e-06 0)
(0.0028201336 4.0662798e-06 0)
(0.0028160183 2.7652315e-06 0)
(0.0028123993 1.4318005e-06 0)
(0.0028092305 2.5678866e-07 0)
(0.0028065396 -7.0372867e-07 0)
(0.0028043822 -1.5196007e-06 0)
(0.0028027798 -2.469814e-06 0)
(0.0028016675 -3.6071445e-06 0)
(0.0028010078 -4.7770345e-06 0)
(0.0028008427 -5.9385171e-06 0)
(0.0028011718 -7.0356408e-06 0)
(0.0028019233 -8.0421436e-06 0)
(0.0028030498 -8.9117165e-06 0)
(0.0028045324 -9.475079e-06 0)
(0.0028063466 -9.9391774e-06 0)
(0.0028084685 -1.044343e-05 0)
(0.0028108914 -1.1041675e-05 0)
(0.0028136132 -1.1633618e-05 0)
(0.0028166037 -1.2123332e-05 0)
(0.0028198279 -1.2496312e-05 0)
(0.0028232647 -1.2747552e-05 0)
(0.0028268913 -1.2858745e-05 0)
(0.0028306321 -1.283463e-05 0)
(0.0028344205 -1.2707119e-05 0)
(0.0028382259 -1.2502741e-05 0)
(0.0028420278 -1.223284e-05 0)
(0.0028458003 -1.1900428e-05 0)
(0.0028495154 -1.1507474e-05 0)
(0.0028531472 -1.1057878e-05 0)
(0.0028566704 -1.0556403e-05 0)
(0.0028600613 -1.0008423e-05 0)
(0.0028632985 -9.4200652e-06 0)
(0.0028663647 -8.796811e-06 0)
(0.0028692459 -8.1407256e-06 0)
(0.0028719204 -7.4498631e-06 0)
(0.0028743606 -6.7309014e-06 0)
(0.0028765502 -6.0009016e-06 0)
(0.0028784864 -5.2775736e-06 0)
(0.0028801716 -4.5757131e-06 0)
(0.0028816111 -3.9064663e-06 0)
(0.002882813 -3.2753482e-06 0)
(0.0028837875 -2.6857542e-06 0)
(0.0028845472 -2.1408413e-06 0)
(0.0028851074 -1.6445067e-06 0)
(0.0028854852 -1.1985324e-06 0)
(0.0028856964 -7.9894854e-07 0)
(0.0028857544 -4.4105166e-07 0)
(0.002885674 -1.2189627e-07 0)
(0.0028854711 1.593499e-07 0)
(0.0028851611 4.0291145e-07 0)
(0.0028847595 6.0783625e-07 0)
(0.0028842826 7.7589964e-07 0)
(0.0028837457 9.0880085e-07 0)
(0.0028831631 1.008497e-06 0)
(0.0028825479 1.0774823e-06 0)
(0.002881913 1.1185312e-06 0)
(0.0028812706 1.1344645e-06 0)
(0.0028806316 1.1280725e-06 0)
(0.0028800061 1.1021222e-06 0)
(0.0028794027 1.0593891e-06 0)
(0.0028788289 1.0026762e-06 0)
(0.0028782907 9.3480786e-07 0)
(0.002877793 8.5859406e-07 0)
(0.0028773389 7.7675031e-07 0)
(0.0028769303 6.917776e-07 0)
(0.0028765678 6.0585469e-07 0)
(0.002876251 5.2081159e-07 0)
(0.0028759786 4.3818926e-07 0)
(0.002875749 3.59314e-07 0)
(0.0028755597 2.8530493e-07 0)
(0.0028754079 2.1703014e-07 0)
(0.0028752905 1.5509473e-07 0)
(0.0028752044 1.0003997e-07 0)
(0.0028751467 5.2773382e-08 0)
(0.0028751129 1.2330349e-08 0)
(0.0028750975 -2.1021322e-08 0)
(0.0028750984 -4.8744747e-08 0)
(0.0028751142 -7.0906924e-08 0)
(0.0028751418 -8.7023156e-08 0)
(0.0028751779 -9.7914034e-08 0)
(0.0028752196 -1.0467204e-07 0)
(0.0028752645 -1.0781563e-07 0)
(0.0028753109 -1.0761551e-07 0)
(0.0028753573 -1.0441639e-07 0)
(0.0028754022 -9.9161576e-08 0)
(0.0028754445 -9.238674e-08 0)
(0.0028754834 -8.4512482e-08 0)
(0.0028755184 -7.5955724e-08 0)
(0.0028755492 -6.712171e-08 0)
(0.0028755759 -5.836565e-08 0)
(0.0028755986 -4.9956991e-08 0)
(0.0028756175 -4.208944e-08 0)
(0.002875633 -3.4901607e-08 0)
(0.0028756455 -2.8481457e-08 0)
(0.0028756554 -2.2867312e-08 0)
(0.002875663 -1.8055729e-08 0)
(0.0028756689 -1.4011467e-08 0)
(0.0028756732 -1.0676015e-08 0)
(0.0028756764 -7.9755392e-09 0)
(0.0028756787 -5.828488e-09 0)
(0.0028756803 -4.1519313e-09 0)
(0.0028756814 -2.8662883e-09 0)
(0.002875682 -1.8985111e-09 0)
(0.0028756824 -1.1840164e-09 0)
(0.0028756827 -6.6761736e-10 0)
(0.0028756827 -3.0354146e-10 0)
(0.0028756827 -5.4531442e-11 0)
(0.0028756827 1.095315e-10 0)
(0.0028756826 2.1110565e-10 0)
(0.0028756825 2.6814955e-10 0)
(0.0028756823 2.9302492e-10 0)
(0.0028756822 2.9537853e-10 0)
(0.0028756821 2.8368474e-10 0)
(0.002875682 2.6343985e-10 0)
(0.0028756819 2.3809826e-10 0)
(0.0028756818 2.1023178e-10 0)
(0.0028756818 1.8176099e-10 0)
(0.0028756817 1.5397958e-10 0)
(0.0028756816 1.2770891e-10 0)
(0.0028756816 1.0343529e-10 0)
(0.0028756816 8.1394402e-11 0)
(0.0028756815 6.1643791e-11 0)
(0.0028756815 4.4135419e-11 0)
(0.0028756815 2.876534e-11 0)
(0.0028756815 1.5394545e-11 0)
(0.0028756815 3.8588529e-12 0)
(0.0028756815 -6.0114954e-12 0)
(0.0028756815 -1.4379518e-11 0)
(0.0028756815 -2.1407501e-11 0)
(0.0028756815 -2.7260443e-11 0)
(0.0028756815 -3.2095207e-11 0)
(0.0028756815 -3.6062642e-11 0)
(0.0028756816 -3.9331607e-11 0)
(0.0028756816 -4.2004776e-11 0)
(0.0028756816 -4.4140539e-11 0)
(0.0028756816 -4.581361e-11 0)
(0.0028756816 -4.7110406e-11 0)
(0.0028756816 -4.806208e-11 0)
(0.0028756817 -4.8688181e-11 0)
(0.0028756817 -4.9069689e-11 0)
(0.0028756817 -4.9261252e-11 0)
(0.0028756817 -4.9297847e-11 0)
(0.0028756817 -4.9229664e-11 0)
(0.0028756818 -4.9107573e-11 0)
(0.0028756818 -4.896939e-11 0)
(0.0028756818 -4.8848749e-11 0)
(0.0028756818 -4.8763469e-11 0)
(0.0028756818 -4.8726714e-11 0)
(0.0028756819 -4.8800452e-11 0)
(0.0028756819 -4.9116443e-11 0)
(0.0028756819 -4.9879919e-11 0)
(0.0028756819 -5.135023e-11 0)
(0.0028756819 -5.3903718e-11 0)
(0.0028756819 -5.7816035e-11 0)
(0.002875682 -6.4383718e-11 0)
(0.0028756819 -6.9425788e-11 0)
(0.002875682 -8.9657136e-11 0)
(0.0028756819 -1.079763e-10 0)
(0.0044765086 0.00016024877 0)
(0.0044478056 0.00017282947 0)
(0.0044442117 0.00017592862 0)
(0.0044216771 0.00017559468 0)
(0.0043901975 0.0001750659 0)
(0.0043623752 0.00017340881 0)
(0.0043383502 0.00016990086 0)
(0.0043145364 0.00016493122 0)
(0.004289776 0.00015904749 0)
(0.0042646392 0.00015255588 0)
(0.0042396011 0.00014565273 0)
(0.0042147111 0.00013852593 0)
(0.0041899499 0.00013134 0)
(0.0041653937 0.00012421582 0)
(0.0041411583 0.00011723781 0)
(0.0041173385 0.00011046622 0)
(0.0040940033 0.00010394287 0)
(0.0040712087 9.769439e-05 0)
(0.0040490018 9.17355e-05 0)
(0.004027421 8.6073183e-05 0)
(0.0040064941 8.0709724e-05 0)
(0.0039862393 7.564243e-05 0)
(0.0039666667 7.0863528e-05 0)
(0.0039477798 6.6361643e-05 0)
(0.0039295776 6.2123388e-05 0)
(0.0039120546 5.8134074e-05 0)
(0.0038952018 5.4377956e-05 0)
(0.0038790084 5.083859e-05 0)
(0.0038634619 4.7499255e-05 0)
(0.0038485489 4.4343251e-05 0)
(0.0038342553 4.1354046e-05 0)
(0.0038205665 3.8515401e-05 0)
(0.0038074678 3.581151e-05 0)
(0.0037949447 3.3227206e-05 0)
(0.0037829822 3.0748477e-05 0)
(0.0037715662 2.8363204e-05 0)
(0.0037606843 2.6061228e-05 0)
(0.0037503271 2.3833374e-05 0)
(0.0037404872 2.1670337e-05 0)
(0.0037311584 1.9562326e-05 0)
(0.0037223351 1.7498189e-05 0)
(0.0037140107 1.5462785e-05 0)
(0.0037061738 1.3439318e-05 0)
(0.0036987959 1.1426452e-05 0)
(0.0036918337 9.4491957e-06 0)
(0.0036852844 7.5378102e-06 0)
(0.0036791951 5.688741e-06 0)
(0.0036736233 3.8615433e-06 0)
(0.0036685644 2.0377731e-06 0)
(0.0036639511 2.1744906e-07 0)
(0.0036597487 -1.6551827e-06 0)
(0.0036559323 -3.6451459e-06 0)
(0.0036524688 -5.4309413e-06 0)
(0.0036493723 -6.8988055e-06 0)
(0.0036466455 -8.1875081e-06 0)
(0.0036443248 -9.3486296e-06 0)
(0.003642463 -1.0533748e-05 0)
(0.0036410419 -1.1783117e-05 0)
(0.0036399992 -1.2944919e-05 0)
(0.0036392807 -1.3982974e-05 0)
(0.0036388574 -1.4884313e-05 0)
(0.0036387261 -1.5656584e-05 0)
(0.0036388823 -1.6327731e-05 0)
(0.0036393263 -1.6861159e-05 0)
(0.0036400505 -1.7041176e-05 0)
(0.003641011 -1.7068855e-05 0)
(0.0036421469 -1.6996008e-05 0)
(0.0036434088 -1.6819525e-05 0)
(0.0036447607 -1.6537219e-05 0)
(0.0036461726 -1.6149485e-05 0)
(0.0036476217 -1.5657345e-05 0)
(0.0036490887 -1.5066784e-05 0)
(0.0036505529 -1.4388909e-05 0)
(0.0036519918 -1.3636404e-05 0)
(0.0036533841 -1.2821417e-05 0)
(0.0036547067 -1.1949345e-05 0)
(0.0036559402 -1.0981309e-05 0)
(0.0036570761 -9.9276122e-06 0)
(0.003658103 -8.8571978e-06 0)
(0.0036589998 -7.7957834e-06 0)
(0.0036597466 -6.7587286e-06 0)
(0.0036603342 -5.7574918e-06 0)
(0.0036607593 -4.8011462e-06 0)
(0.0036610208 -3.8972072e-06 0)
(0.0036611185 -3.0520537e-06 0)
(0.0036610596 -2.2691661e-06 0)
(0.0036608619 -1.5493947e-06 0)
(0.0036605399 -8.9279763e-07 0)
(0.003660099 -2.9985864e-07 0)
(0.0036595411 2.2960966e-07 0)
(0.0036588724 6.9439875e-07 0)
(0.0036581049 1.0962542e-06 0)
(0.0036572523 1.4375446e-06 0)
(0.0036563279 1.7195575e-06 0)
(0.0036553447 1.9437447e-06 0)
(0.0036543159 2.1124803e-06 0)
(0.0036532545 2.2287629e-06 0)
(0.0036521736 2.296026e-06 0)
(0.0036510863 2.3181308e-06 0)
(0.0036500054 2.2993002e-06 0)
(0.0036489437 2.2440418e-06 0)
(0.003647913 2.1571213e-06 0)
(0.0036469243 2.0435538e-06 0)
(0.0036459872 1.9085775e-06 0)
(0.0036451098 1.7575923e-06 0)
(0.0036442982 1.5959716e-06 0)
(0.0036435563 1.4287083e-06 0)
(0.0036428859 1.2600671e-06 0)
(0.0036422872 1.0934694e-06 0)
(0.003641759 9.3167947e-07 0)
(0.0036412992 7.7707105e-07 0)
(0.0036409048 6.3166295e-07 0)
(0.0036405717 4.9695003e-07 0)
(0.0036402955 3.737655e-07 0)
(0.0036400714 2.6223637e-07 0)
(0.0036398944 1.6269323e-07 0)
(0.0036397585 8.2667961e-08 0)
(0.0036396604 1.9723208e-08 0)
(0.0036395961 -4.0665092e-08 0)
(0.0036395609 -9.1433475e-08 0)
(0.0036395488 -1.2999117e-07 0)
(0.0036395555 -1.5760811e-07 0)
(0.0036395782 -1.7359408e-07 0)
(0.003639614 -1.8235361e-07 0)
(0.0036396596 -1.8529064e-07 0)
(0.0036397103 -1.8262272e-07 0)
(0.0036397632 -1.7511974e-07 0)
(0.0036398162 -1.6350466e-07 0)
(0.0036398677 -1.4929535e-07 0)
(0.0036399159 -1.3370632e-07 0)
(0.0036399596 -1.1757408e-07 0)
(0.0036399982 -1.0156489e-07 0)
(0.0036400315 -8.6238274e-08 0)
(0.0036400596 -7.1992429e-08 0)
(0.0036400828 -5.9083098e-08 0)
(0.0036401015 -4.7663917e-08 0)
(0.0036401162 -3.7794278e-08 0)
(0.0036401276 -2.9448011e-08 0)
(0.0036401361 -2.2534428e-08 0)
(0.0036401425 -1.6920288e-08 0)
(0.003640147 -1.2448041e-08 0)
(0.0036401503 -8.9511222e-09 0)
(0.0036401525 -6.266177e-09 0)
(0.003640154 -4.241597e-09 0)
(0.0036401549 -2.7427044e-09 0)
(0.0036401555 -1.6541239e-09 0)
(0.0036401559 -8.8006217e-10 0)
(0.003640156 -3.4313801e-10 0)
(0.0036401561 1.7758568e-11 0)
(0.003640156 2.4995109e-10 0)
(0.0036401559 3.894031e-10 0)
(0.0036401558 4.6345565e-10 0)
(0.0036401557 4.9175535e-10 0)
(0.0036401556 4.8759992e-10 0)
(0.0036401555 4.6252699e-10 0)
(0.0036401553 4.2603524e-10 0)
(0.0036401552 3.8359457e-10 0)
(0.0036401551 3.3822635e-10 0)
(0.003640155 2.9228189e-10 0)
(0.003640155 2.4772416e-10 0)
(0.0036401549 2.0585608e-10 0)
(0.0036401549 1.6736903e-10 0)
(0.0036401548 1.3256312e-10 0)
(0.0036401548 1.0148316e-10 0)
(0.0036401547 7.4005065e-11 0)
(0.0036401547 4.9911111e-11 0)
(0.0036401547 2.8939292e-11 0)
(0.0036401547 1.0807401e-11 0)
(0.0036401547 -4.7763074e-12 0)
(0.0036401547 -1.810541e-11 0)
(0.0036401547 -2.9458068e-11 0)
(0.0036401547 -3.9080228e-11 0)
(0.0036401547 -4.7178473e-11 0)
(0.0036401547 -5.3878779e-11 0)
(0.0036401547 -5.881469e-11 0)
(0.0036401547 -6.324354e-11 0)
(0.0036401547 -6.7060061e-11 0)
(0.0036401547 -7.0167089e-11 0)
(0.0036401547 -7.2603731e-11 0)
(0.0036401548 -7.4413592e-11 0)
(0.0036401548 -7.573554e-11 0)
(0.0036401548 -7.6675888e-11 0)
(0.0036401548 -7.7247899e-11 0)
(0.0036401548 -7.7494768e-11 0)
(0.0036401548 -7.7486239e-11 0)
(0.0036401548 -7.725936e-11 0)
(0.0036401549 -7.6832744e-11 0)
(0.0036401549 -7.6253207e-11 0)
(0.0036401549 -7.5542286e-11 0)
(0.0036401549 -7.468396e-11 0)
(0.0036401549 -7.3687332e-11 0)
(0.0036401549 -7.2591832e-11 0)
(0.0036401549 -7.1537678e-11 0)
(0.0036401549 -7.0601814e-11 0)
(0.003640155 -6.9985599e-11 0)
(0.003640155 -6.9729325e-11 0)
(0.003640155 -7.0447059e-11 0)
(0.0036401549 -7.0712466e-11 0)
(0.003640155 -6.8469595e-11 0)
(0.0036401549 -6.0920175e-11 0)
(0.0050212995 0.00019855825 0)
(0.0050021735 0.00020975313 0)
(0.0049975543 0.00021153183 0)
(0.0049822727 0.00020950319 0)
(0.0049609461 0.00020762363 0)
(0.0049411805 0.00020542196 0)
(0.0049237324 0.00020184176 0)
(0.0049065933 0.00019690379 0)
(0.0048888768 0.00019107694 0)
(0.0048708287 0.00018467285 0)
(0.0048527556 0.00017784296 0)
(0.0048347023 0.00017071849 0)
(0.0048166391 0.00016343902 0)
(0.0047985924 0.00015612459 0)
(0.0047806262 0.00014886463 0)
(0.0047627992 0.00014172507 0)
(0.0047451551 0.00013475541 0)
(0.0047277304 0.00012799177 0)
(0.00471056 0.00012145562 0)
(0.004693677 0.00011516061 0)
(0.0046771078 0.00010912026 0)
(0.0046608689 0.0001033434 0)
(0.0046449711 9.7832016e-05 0)
(0.0046294229 9.2583184e-05 0)
(0.0046142308 8.7590522e-05 0)
(0.0045993983 8.2844301e-05 0)
(0.0045849265 7.8332202e-05 0)
(0.0045708149 7.404066e-05 0)
(0.0045570616 6.995559e-05 0)
(0.0045436636 6.6062517e-05 0)
(0.004530617 6.2346656e-05 0)
(0.0045179167 5.8793115e-05 0)
(0.0045055573 5.5387156e-05 0)
(0.0044935327 5.211445e-05 0)
(0.0044818365 4.8961382e-05 0)
(0.0044704623 4.5915399e-05 0)
(0.0044594041 4.296504e-05 0)
(0.0044486564 4.0099434e-05 0)
(0.0044382144 3.7307842e-05 0)
(0.0044280733 3.4579579e-05 0)
(0.0044182277 3.1903921e-05 0)
(0.0044086713 2.9269826e-05 0)
(0.0043993941 2.6667337e-05 0)
(0.0043903826 2.4091874e-05 0)
(0.0043816261 2.1549786e-05 0)
(0.0043731274 1.9056852e-05 0)
(0.0043649016 1.6619013e-05 0)
(0.0043569572 1.4226459e-05 0)
(0.0043492836 1.1859579e-05 0)
(0.0043418618 9.5056612e-06 0)
(0.0043346759 7.17264e-06 0)
(0.0043276812 4.8928489e-06 0)
(0.0043208585 2.7004943e-06 0)
(0.0043142663 6.0855536e-07 0)
(0.0043079677 -1.3855494e-06 0)
(0.004301995 -3.2848876e-06 0)
(0.0042963445 -5.0962649e-06 0)
(0.0042909787 -6.8163139e-06 0)
(0.0042858754 -8.4407089e-06 0)
(0.0042810375 -9.9523831e-06 0)
(0.0042764815 -1.1332642e-05 0)
(0.0042722203 -1.2591782e-05 0)
(0.0042682422 -1.3717734e-05 0)
(0.0042645196 -1.4654847e-05 0)
(0.0042610697 -1.5373235e-05 0)
(0.0042579163 -1.5841627e-05 0)
(0.0042550459 -1.6086055e-05 0)
(0.0042524208 -1.6141035e-05 0)
(0.0042500066 -1.6032374e-05 0)
(0.0042477696 -1.5783793e-05 0)
(0.0042456841 -1.5425511e-05 0)
(0.0042437319 -1.4958534e-05 0)
(0.0042418898 -1.4378523e-05 0)
(0.0042401337 -1.3690197e-05 0)
(0.0042384417 -1.2899733e-05 0)
(0.0042367917 -1.201515e-05 0)
(0.0042351718 -1.1049922e-05 0)
(0.0042335861 -1.0018604e-05 0)
(0.0042320334 -8.9300193e-06 0)
(0.0042305 -7.7849761e-06 0)
(0.0042289689 -6.6119237e-06 0)
(0.0042274283 -5.460119e-06 0)
(0.0042258688 -4.3330387e-06 0)
(0.004224282 -3.2472338e-06 0)
(0.004222661 -2.2139056e-06 0)
(0.0042209967 -1.2773837e-06 0)
(0.0042192896 -4.5233319e-07 0)
(0.0042175454 3.0902065e-07 0)
(0.0042157695 1.0152686e-06 0)
(0.0042139649 1.6781529e-06 0)
(0.004212132 2.2723664e-06 0)
(0.0042102738 2.790976e-06 0)
(0.004208394 3.2326538e-06 0)
(0.0042064977 3.5977324e-06 0)
(0.0042045908 3.8880829e-06 0)
(0.0042026793 4.1063313e-06 0)
(0.0042007698 4.2550237e-06 0)
(0.0041988704 4.3367402e-06 0)
(0.0041969904 4.3544744e-06 0)
(0.0041951404 4.3117939e-06 0)
(0.004193332 4.2129556e-06 0)
(0.0041915777 4.0630731e-06 0)
(0.0041898904 3.8682365e-06 0)
(0.0041882829 3.6355737e-06 0)
(0.0041867672 3.3732831e-06 0)
(0.0041853529 3.0903083e-06 0)
(0.0041840472 2.7954763e-06 0)
(0.0041828539 2.4965448e-06 0)
(0.0041817743 2.1997001e-06 0)
(0.0041808081 1.9098836e-06 0)
(0.0041799529 1.6314769e-06 0)
(0.0041792046 1.368392e-06 0)
(0.004178557 1.1236507e-06 0)
(0.0041780029 8.9924184e-07 0)
(0.0041775342 6.9649067e-07 0)
(0.0041771423 5.1629675e-07 0)
(0.00417682 3.5817764e-07 0)
(0.004176562 2.2017823e-07 0)
(0.0041763607 1.0002398e-07 0)
(0.0041762068 -2.7381243e-09 0)
(0.0041760945 -7.8250076e-08 0)
(0.0041760194 -1.4083224e-07 0)
(0.0041759765 -1.9193536e-07 0)
(0.0041759612 -2.291649e-07 0)
(0.0041759693 -2.5247272e-07 0)
(0.0041759957 -2.5769369e-07 0)
(0.0041760356 -2.56647e-07 0)
(0.0041760841 -2.4822571e-07 0)
(0.004176137 -2.3315364e-07 0)
(0.0041761912 -2.1288715e-07 0)
(0.0041762444 -1.897918e-07 0)
(0.0041762945 -1.6560107e-07 0)
(0.0041763401 -1.4150682e-07 0)
(0.0041763803 -1.1845863e-07 0)
(0.0041764148 -9.7193579e-08 0)
(0.0041764434 -7.8185794e-08 0)
(0.0041764666 -6.1671759e-08 0)
(0.0041764849 -4.7701505e-08 0)
(0.004176499 -3.6177528e-08 0)
(0.0041765096 -2.689427e-08 0)
(0.0041765174 -1.9581197e-08 0)
(0.004176523 -1.3940536e-08 0)
(0.0041765269 -9.6758402e-09 0)
(0.0041765296 -6.5118517e-09 0)
(0.0041765315 -4.2065458e-09 0)
(0.0041765327 -2.556435e-09 0)
(0.0041765335 -1.3967885e-09 0)
(0.004176534 -5.984379e-10 0)
(0.0041765343 -6.2804183e-11 0)
(0.0041765345 2.8353473e-10 0)
(0.0041765345 4.9634215e-10 0)
(0.0041765345 6.2183086e-10 0)
(0.0041765345 6.6922313e-10 0)
(0.0041765344 6.6787967e-10 0)
(0.0041765343 6.4212537e-10 0)
(0.0041765342 5.9765384e-10 0)
(0.0041765341 5.4246399e-10 0)
(0.004176534 4.8277503e-10 0)
(0.0041765339 4.2170691e-10 0)
(0.0041765338 3.6166352e-10 0)
(0.0041765338 3.0458016e-10 0)
(0.0041765337 2.5170867e-10 0)
(0.0041765336 2.036718e-10 0)
(0.0041765336 1.6062985e-10 0)
(0.0041765336 1.2246571e-10 0)
(0.0041765335 8.8915696e-11 0)
(0.0041765335 5.9641438e-11 0)
(0.0041765335 3.4269222e-11 0)
(0.0041765334 1.2410358e-11 0)
(0.0041765334 -6.3315432e-12 0)
(0.0041765334 -2.2345714e-11 0)
(0.0041765334 -3.5986199e-11 0)
(0.0041765334 -4.7546595e-11 0)
(0.0041765334 -5.7253178e-11 0)
(0.0041765334 -6.5297379e-11 0)
(0.0041765334 -7.1949424e-11 0)
(0.0041765334 -7.7435329e-11 0)
(0.0041765334 -8.202186e-11 0)
(0.0041765334 -8.6223474e-11 0)
(0.0041765334 -8.9460606e-11 0)
(0.0041765334 -9.1331535e-11 0)
(0.0041765334 -9.2770126e-11 0)
(0.0041765334 -9.3853536e-11 0)
(0.0041765334 -9.4506819e-11 0)
(0.0041765334 -9.4758605e-11 0)
(0.0041765335 -9.4594773e-11 0)
(0.0041765335 -9.4029436e-11 0)
(0.0041765335 -9.3302598e-11 0)
(0.0041765335 -9.2260862e-11 0)
(0.0041765335 -9.0539932e-11 0)
(0.0041765335 -8.8270024e-11 0)
(0.0041765335 -8.5440801e-11 0)
(0.0041765335 -8.2009554e-11 0)
(0.0041765335 -7.7865573e-11 0)
(0.0041765335 -7.284611e-11 0)
(0.0041765335 -6.668221e-11 0)
(0.0041765335 -5.8863317e-11 0)
(0.0041765335 -5.0610572e-11 0)
(0.0041765335 -2.7648226e-11 0)
(0.0041765334 8.5330355e-12 0)
(0.0053046721 0.00022280994 0)
(0.0052924718 0.00023198469 0)
(0.0052885839 0.00023360773 0)
(0.0052801856 0.000231527 0)
(0.0052684873 0.00022912416 0)
(0.0052572794 0.00022645236 0)
(0.0052473343 0.00022270901 0)
(0.0052377294 0.00021778649 0)
(0.0052278674 0.00021202236 0)
(0.0052177556 0.00020569531 0)
(0.0052075247 0.00019894656 0)
(0.0051971956 0.00019188427 0)
(0.0051867386 0.00018462727 0)
(0.005176151 0.0001772875 0)
(0.0051654587 0.00016995446 0)
(0.0051546924 0.00016269694 0)
(0.0051438775 0.00015556925 0)
(0.0051330321 0.00014861559 0)
(0.0051221773 0.00014186757 0)
(0.0051113474 0.00013534633 0)
(0.0051005741 0.00012906966 0)
(0.0050898729 0.00012304449 0)
(0.005079253 0.00011727093 0)
(0.0050687233 0.00011174837 0)
(0.0050582905 0.00010647564 0)
(0.0050479588 0.00010144643 0)
(0.005037732 9.6649311e-05 0)
(0.0050276138 9.2071014e-05 0)
(0.0050176073 8.7698062e-05 0)
(0.0050077135 8.3516882e-05 0)
(0.004997932 7.9513578e-05 0)
(0.0049882616 7.5674009e-05 0)
(0.0049787001 7.1984145e-05 0)
(0.0049692446 6.8430377e-05 0)
(0.0049598917 6.4999703e-05 0)
(0.0049506375 6.1679867e-05 0)
(0.004941478 5.8459381e-05 0)
(0.0049324089 5.5327434e-05 0)
(0.004923426 5.2273798e-05 0)
(0.0049145247 4.928884e-05 0)
(0.0049056997 4.6363617e-05 0)
(0.0048969449 4.3490036e-05 0)
(0.0048882532 4.0661652e-05 0)
(0.0048796171 3.787488e-05 0)
(0.0048710312 3.5129151e-05 0)
(0.004862495 3.2425822e-05 0)
(0.0048540102 2.9764979e-05 0)
(0.0048455743 2.714267e-05 0)
(0.0048371788 2.4553953e-05 0)
(0.0048288121 2.1998586e-05 0)
(0.0048204625 1.9481338e-05 0)
(0.0048121195 1.7010496e-05 0)
(0.004803786 1.4610251e-05 0)
(0.0047954826 1.2300508e-05 0)
(0.0047872302 1.0079044e-05 0)
(0.0047790406 7.9352896e-06 0)
(0.0047709251 5.855344e-06 0)
(0.0047628895 3.8352618e-06 0)
(0.0047549418 1.8873156e-06 0)
(0.0047471038 3.1474445e-08 0)
(0.0047393965 -1.7149794e-06 0)
(0.0047318355 -3.3346556e-06 0)
(0.0047244301 -4.8070585e-06 0)
(0.0047171947 -6.1101863e-06 0)
(0.0047101548 -7.2146339e-06 0)
(0.0047033415 -8.1126597e-06 0)
(0.0046967739 -8.8082776e-06 0)
(0.0046904552 -9.3033486e-06 0)
(0.0046843784 -9.599168e-06 0)
(0.0046785298 -9.7024322e-06 0)
(0.0046728863 -9.628138e-06 0)
(0.0046674192 -9.3905776e-06 0)
(0.0046621036 -9.000833e-06 0)
(0.0046569201 -8.4704873e-06 0)
(0.0046518532 -7.8134639e-06 0)
(0.0046468901 -7.045842e-06 0)
(0.0046420225 -6.1843288e-06 0)
(0.004637246 -5.2475487e-06 0)
(0.0046325571 -4.2567424e-06 0)
(0.0046279574 -3.230722e-06 0)
(0.0046234547 -2.1883775e-06 0)
(0.0046190502 -1.1494799e-06 0)
(0.0046147404 -1.2966652e-07 0)
(0.0046105237 8.5982132e-07 0)
(0.0046063999 1.8104486e-06 0)
(0.0046023674 2.7087107e-06 0)
(0.0045984134 3.541333e-06 0)
(0.0045945258 4.3012052e-06 0)
(0.0045907044 4.9869955e-06 0)
(0.0045869572 5.6011276e-06 0)
(0.0045832899 6.1443516e-06 0)
(0.0045797014 6.6159571e-06 0)
(0.0045761887 7.0136648e-06 0)
(0.004572751 7.33577e-06 0)
(0.0045693892 7.582916e-06 0)
(0.0045661027 7.7558358e-06 0)
(0.0045628905 7.8541194e-06 0)
(0.0045597532 7.8774183e-06 0)
(0.0045566935 7.8261092e-06 0)
(0.0045537163 7.7011348e-06 0)
(0.0045508288 7.5041356e-06 0)
(0.0045480407 7.2379799e-06 0)
(0.0045453641 6.9072368e-06 0)
(0.0045428127 6.5186873e-06 0)
(0.0045404009 6.0822224e-06 0)
(0.0045381415 5.6107152e-06 0)
(0.004536044 5.117969e-06 0)
(0.0045341141 4.6163135e-06 0)
(0.0045323546 4.1154015e-06 0)
(0.0045307669 3.6232944e-06 0)
(0.0045293506 3.148068e-06 0)
(0.0045281017 2.6973855e-06 0)
(0.0045270124 2.2770158e-06 0)
(0.004526072 1.8904164e-06 0)
(0.0045252682 1.5393162e-06 0)
(0.004524588 1.2242745e-06 0)
(0.0045240182 9.4501483e-07 0)
(0.0045235459 7.0005191e-07 0)
(0.0045231585 4.8686493e-07 0)
(0.0045228439 3.0370835e-07 0)
(0.0045225941 1.4839592e-07 0)
(0.0045224022 1.8576799e-08 0)
(0.0045222598 -8.7465029e-08 0)
(0.0045221593 -1.7153598e-07 0)
(0.0045220948 -2.3538306e-07 0)
(0.0045220622 -2.8043613e-07 0)
(0.0045220573 -3.0786862e-07 0)
(0.0045220745 -3.127209e-07 0)
(0.0045221072 -3.0792906e-07 0)
(0.0045221489 -2.9347608e-07 0)
(0.0045221958 -2.7097656e-07 0)
(0.0045222451 -2.4356501e-07 0)
(0.0045222942 -2.136885e-07 0)
(0.0045223409 -1.8290383e-07 0)
(0.0045223832 -1.527699e-07 0)
(0.0045224203 -1.2464613e-07 0)
(0.0045224518 -9.9419637e-08 0)
(0.0045224778 -7.7553947e-08 0)
(0.0045224986 -5.9188964e-08 0)
(0.0045225148 -4.4210054e-08 0)
(0.0045225272 -3.2321635e-08 0)
(0.0045225364 -2.3123238e-08 0)
(0.0045225431 -1.6173021e-08 0)
(0.0045225479 -1.1035111e-08 0)
(0.0045225513 -7.3116205e-09 0)
(0.0045225537 -4.660762e-09 0)
(0.0045225554 -2.8034227e-09 0)
(0.0045225566 -1.5213198e-09 0)
(0.0045225574 -6.4988666e-10 0)
(0.0045225579 -6.9064655e-11 0)
(0.0045225583 3.066717e-10 0)
(0.0045225585 5.4569148e-10 0)
(0.0045225586 6.9335904e-10 0)
(0.0045225587 7.3325363e-10 0)
(0.0045225587 7.3098273e-10 0)
(0.0045225587 7.1164765e-10 0)
(0.0045225586 6.7126045e-10 0)
(0.0045225586 6.1312861e-10 0)
(0.0045225585 5.4690545e-10 0)
(0.0045225585 4.7864397e-10 0)
(0.0045225584 4.1161351e-10 0)
(0.0045225583 3.4799526e-10 0)
(0.0045225583 2.8917329e-10 0)
(0.0045225582 2.3573779e-10 0)
(0.0045225582 1.8778884e-10 0)
(0.0045225581 1.4518882e-10 0)
(0.0045225581 1.0766704e-10 0)
(0.0045225581 7.4867151e-11 0)
(0.004522558 4.6383679e-11 0)
(0.004522558 2.1791531e-11 0)
(0.004522558 6.6493938e-13 0)
(0.004522558 -1.7405031e-11 0)
(0.0045225579 -3.2791084e-11 0)
(0.0045225579 -4.5816294e-11 0)
(0.0045225579 -5.6750886e-11 0)
(0.0045225579 -6.589789e-11 0)
(0.0045225579 -7.3513124e-11 0)
(0.0045225579 -7.9814786e-11 0)
(0.0045225579 -8.5041651e-11 0)
(0.0045225579 -8.9438766e-11 0)
(0.0045225579 -9.3121235e-11 0)
(0.0045225579 -9.570354e-11 0)
(0.0045225579 -9.7184505e-11 0)
(0.0045225579 -9.8246269e-11 0)
(0.0045225579 -9.9022577e-11 0)
(0.0045225579 -9.9252405e-11 0)
(0.0045225579 -9.8773702e-11 0)
(0.0045225579 -9.7714438e-11 0)
(0.0045225579 -9.6019938e-11 0)
(0.0045225579 -9.3601676e-11 0)
(0.0045225579 -9.0348468e-11 0)
(0.0045225579 -8.611372e-11 0)
(0.0045225579 -8.071032e-11 0)
(0.0045225579 -7.388313e-11 0)
(0.0045225579 -6.5214624e-11 0)
(0.0045225579 -5.4240342e-11 0)
(0.0045225578 -3.9753522e-11 0)
(0.0045225578 -2.445138e-11 0)
(0.0045225578 1.1300569e-11 0)
(0.0045225578 6.3231441e-11 0)
(0.0053985006 0.0002333859 0)
(0.0053933099 0.00023969604 0)
(0.0053913898 0.0002412392 0)
(0.0053881497 0.00023976833 0)
(0.0053840073 0.00023742162 0)
(0.0053802069 0.00023454107 0)
(0.005377009 0.00023077709 0)
(0.0053740457 0.0002260767 0)
(0.0053710147 0.00022065927 0)
(0.0053678407 0.00021472393 0)
(0.0053645339 0.00020839555 0)
(0.0053610785 0.00020177091 0)
(0.0053574389 0.00019494846 0)
(0.0053535932 0.00018802267 0)
(0.005349539 0.00018107313 0)
(0.0053452839 0.00017416366 0)
(0.005340839 0.00016734468 0)
(0.0053362158 0.00016067159 0)
(0.0053314388 0.00015409143 0)
(0.0053264961 0.00014760486 0)
(0.0053214437 0.00014132397 0)
(0.0053162898 0.00013527856 0)
(0.0053110435 0.00012947231 0)
(0.0053057188 0.0001239026 0)
(0.0053003215 0.0001185677 0)
(0.005294848 0.00011346434 0)
(0.0052892966 0.0001085865 0)
(0.0052836708 0.0001039259 0)
(0.005277975 9.9472241e-05 0)
(0.0052722115 9.5214322e-05 0)
(0.0052663807 9.1140458e-05 0)
(0.0052604819 8.7238252e-05 0)
(0.005254514 8.3494793e-05 0)
(0.0052484754 7.9897082e-05 0)
(0.0052423639 7.643237e-05 0)
(0.0052361768 7.3088376e-05 0)
(0.0052299108 6.9853422e-05 0)
(0.0052235624 6.6716493e-05 0)
(0.0052171276 6.3667269e-05 0)
(0.0052106021 6.0696161e-05 0)
(0.0052039807 5.7794372e-05 0)
(0.0051972577 5.4953881e-05 0)
(0.0051904267 5.2168017e-05 0)
(0.0051834801 4.9431929e-05 0)
(0.0051764123 4.6743839e-05 0)
(0.0051692243 4.4109356e-05 0)
(0.0051619179 4.1534848e-05 0)
(0.0051544885 3.9017128e-05 0)
(0.0051469264 3.6549122e-05 0)
(0.0051392217 3.4128127e-05 0)
(0.005131366 3.1756671e-05 0)
(0.0051233526 2.944033e-05 0)
(0.0051151794 2.7186086e-05 0)
(0.0051068503 2.4996644e-05 0)
(0.0050983741 2.2868397e-05 0)
(0.0050897586 2.0796858e-05 0)
(0.0050810117 1.8776337e-05 0)
(0.0050721468 1.6799941e-05 0)
(0.0050631831 1.4876379e-05 0)
(0.0050541386 1.3018246e-05 0)
(0.0050450302 1.1234764e-05 0)
(0.0050358797 9.5364666e-06 0)
(0.0050267137 7.939352e-06 0)
(0.0050175625 6.4655063e-06 0)
(0.0050084592 5.1376697e-06 0)
(0.004999438 3.9756504e-06 0)
(0.0049905283 2.9953986e-06 0)
(0.004981749 2.2073607e-06 0)
(0.0049731106 1.6162414e-06 0)
(0.0049646195 1.2220507e-06 0)
(0.0049562766 1.0204775e-06 0)
(0.0049480771 1.0045371e-06 0)
(0.004940013 1.1646432e-06 0)
(0.0049320763 1.4871653e-06 0)
(0.0049242601 1.954622e-06 0)
(0.0049165583 2.54667e-06 0)
(0.0049089673 3.2410092e-06 0)
(0.0049014854 4.0143007e-06 0)
(0.004894113 4.8434799e-06 0)
(0.0048868537 5.7076435e-06 0)
(0.0048797135 6.5865364e-06 0)
(0.0048727005 7.4589772e-06 0)
(0.0048658236 8.3073758e-06 0)
(0.0048590904 9.1180412e-06 0)
(0.0048525068 9.8796357e-06 0)
(0.0048460771 1.0582326e-05 0)
(0.0048398042 1.1217357e-05 0)
(0.0048336899 1.178257e-05 0)
(0.0048277369 1.2278609e-05 0)
(0.0048219487 1.2706138e-05 0)
(0.0048163274 1.3065997e-05 0)
(0.0048108706 1.3357197e-05 0)
(0.0048055753 1.3572874e-05 0)
(0.004800443 1.371053e-05 0)
(0.004795474 1.3776482e-05 0)
(0.0047906628 1.3774909e-05 0)
(0.0047860032 1.3704516e-05 0)
(0.0047814924 1.3562179e-05 0)
(0.004777129 1.3344633e-05 0)
(0.0047729131 1.3048403e-05 0)
(0.0047688475 1.2670198e-05 0)
(0.0047649383 1.2208074e-05 0)
(0.0047611954 1.1662167e-05 0)
(0.0047576325 1.1035634e-05 0)
(0.0047542664 1.0337931e-05 0)
(0.0047511118 9.5855128e-06 0)
(0.0047481774 8.7985179e-06 0)
(0.0047454664 7.9947607e-06 0)
(0.0047429806 7.1854708e-06 0)
(0.0047407247 6.3802736e-06 0)
(0.0047387023 5.5930954e-06 0)
(0.0047369112 4.8398905e-06 0)
(0.0047353421 4.1337114e-06 0)
(0.0047339818 3.4831915e-06 0)
(0.0047328151 2.8934181e-06 0)
(0.0047318253 2.3664856e-06 0)
(0.0047309937 1.9013711e-06 0)
(0.0047303014 1.4945136e-06 0)
(0.0047297297 1.1411688e-06 0)
(0.0047292614 8.3647728e-07 0)
(0.0047288814 5.7602325e-07 0)
(0.0047285769 3.5502064e-07 0)
(0.004728337 1.693712e-07 0)
(0.0047281524 1.6096643e-08 0)
(0.0047280153 -1.0727741e-07 0)
(0.004727919 -2.0295317e-07 0)
(0.004727857 -2.7378337e-07 0)
(0.004727825 -3.2198701e-07 0)
(0.004727819 -3.4379595e-07 0)
(0.0047278332 -3.4290104e-07 0)
(0.0047278588 -3.3295755e-07 0)
(0.0047278912 -3.1180146e-07 0)
(0.0047279292 -2.8323117e-07 0)
(0.00472797 -2.5018772e-07 0)
(0.0047280101 -2.150288e-07 0)
(0.0047280476 -1.7998542e-07 0)
(0.0047280811 -1.4689865e-07 0)
(0.0047281102 -1.1702188e-07 0)
(0.0047281345 -9.1061085e-08 0)
(0.0047281544 -6.9271355e-08 0)
(0.0047281702 -5.15548e-08 0)
(0.0047281824 -3.7566519e-08 0)
(0.0047281917 -2.6817434e-08 0)
(0.0047281986 -1.8760267e-08 0)
(0.0047282037 -1.2854135e-08 0)
(0.0047282074 -8.6078067e-09 0)
(0.0047282101 -5.6034249e-09 0)
(0.004728212 -3.5043576e-09 0)
(0.0047282134 -2.0518077e-09 0)
(0.0047282144 -1.0547114e-09 0)
(0.0047282152 -3.7655593e-10 0)
(0.0047282157 7.787536e-11 0)
(0.0047282161 3.7319976e-10 0)
(0.0047282163 5.5935697e-10 0)
(0.0047282165 6.670746e-10 0)
(0.0047282166 6.9460114e-10 0)
(0.0047282166 6.8678443e-10 0)
(0.0047282166 6.6178033e-10 0)
(0.0047282166 6.1522386e-10 0)
(0.0047282166 5.5750118e-10 0)
(0.0047282166 4.9464007e-10 0)
(0.0047282165 4.3078969e-10 0)
(0.0047282165 3.6877233e-10 0)
(0.0047282164 3.1034061e-10 0)
(0.0047282164 2.5648317e-10 0)
(0.0047282164 2.076437e-10 0)
(0.0047282163 1.6389423e-10 0)
(0.0047282163 1.2507571e-10 0)
(0.0047282163 9.0898146e-11 0)
(0.0047282162 6.1008329e-11 0)
(0.0047282162 3.5034887e-11 0)
(0.0047282162 1.2607485e-11 0)
(0.0047282162 -6.6431581e-12 0)
(0.0047282161 -2.3076135e-11 0)
(0.0047282161 -3.7023915e-11 0)
(0.0047282161 -4.8794441e-11 0)
(0.0047282161 -5.8663205e-11 0)
(0.0047282161 -6.688424e-11 0)
(0.0047282161 -7.3701274e-11 0)
(0.0047282161 -7.9277072e-11 0)
(0.0047282161 -8.3699371e-11 0)
(0.0047282161 -8.7091018e-11 0)
(0.004728216 -8.9590469e-11 0)
(0.004728216 -9.131189e-11 0)
(0.004728216 -9.2332626e-11 0)
(0.004728216 -9.2678632e-11 0)
(0.004728216 -9.2331837e-11 0)
(0.004728216 -9.1256653e-11 0)
(0.004728216 -8.9382209e-11 0)
(0.004728216 -8.659013e-11 0)
(0.004728216 -8.2739779e-11 0)
(0.004728216 -7.7653644e-11 0)
(0.004728216 -7.108394e-11 0)
(0.004728216 -6.2706178e-11 0)
(0.004728216 -5.2017815e-11 0)
(0.004728216 -3.8551651e-11 0)
(0.0047282159 -2.0989451e-11 0)
(0.0047282159 -2.2431665e-12 0)
(0.0047282159 3.6331281e-11 0)
(0.0047282159 8.8968258e-11 0)
(0.0054138324 0.00024388788 0)
(0.00540743 0.00024649362 0)
(0.0054034223 0.0002462238 0)
(0.0054006688 0.00024384595 0)
(0.0053985211 0.0002405359 0)
(0.0053969872 0.00023665994 0)
(0.0053961735 0.00023213761 0)
(0.0053959531 0.00022693945 0)
(0.0053962128 0.00022119168 0)
(0.0053966886 0.00021505444 0)
(0.0053973023 0.00020863697 0)
(0.0053979972 0.00020201911 0)
(0.005398707 0.00019527635 0)
(0.005399376 0.0001884814 0)
(0.0053999652 0.00018169775 0)
(0.0054004475 0.00017497801 0)
(0.0054008029 0.00016836412 0)
(0.0054010196 0.00016189541 0)
(0.005401086 0.00015560824 0)
(0.0054009529 0.00014951883 0)
(0.0054006075 0.00014362611 0)
(0.0054000431 0.00013793594 0)
(0.0053992616 0.00013245184 0)
(0.0053982718 0.00012721312 0)
(0.0053970902 0.00012225741 0)
(0.0053957135 0.00011754922 0)
(0.0053941349 0.00011304949 0)
(0.0053923584 0.00010874665 0)
(0.005390388 0.00010463268 0)
(0.0053882272 0.00010069826 0)
(0.0053858772 9.6933066e-05 0)
(0.0053833379 9.3326571e-05 0)
(0.0053806086 8.9868198e-05 0)
(0.0053776889 8.6547383e-05 0)
(0.0053745778 8.3353729e-05 0)
(0.0053712741 8.0277198e-05 0)
(0.0053677762 7.7308258e-05 0)
(0.0053640822 7.4438031e-05 0)
(0.0053601896 7.1658439e-05 0)
(0.0053560955 6.8962329e-05 0)
(0.0053517961 6.63435e-05 0)
(0.0053472879 6.3795441e-05 0)
(0.0053425675 6.1312755e-05 0)
(0.0053376398 5.8879984e-05 0)
(0.0053325099 5.6462693e-05 0)
(0.0053271719 5.4064629e-05 0)
(0.0053216129 5.1731118e-05 0)
(0.0053158098 4.9476211e-05 0)
(0.0053097541 4.7292203e-05 0)
(0.0053034467 4.5172371e-05 0)
(0.0052968863 4.3115888e-05 0)
(0.0052900683 4.1123662e-05 0)
(0.0052829899 3.9196006e-05 0)
(0.0052756522 3.733183e-05 0)
(0.0052680584 3.5528084e-05 0)
(0.0052602097 3.3784602e-05 0)
(0.0052521156 3.2072937e-05 0)
(0.0052437572 3.0361162e-05 0)
(0.00523515 2.8668358e-05 0)
(0.0052263253 2.7018736e-05 0)
(0.0052172942 2.5418396e-05 0)
(0.0052080754 2.3873674e-05 0)
(0.0051986938 2.239483e-05 0)
(0.0051891768 2.099584e-05 0)
(0.0051795567 1.9691302e-05 0)
(0.0051698671 1.8500303e-05 0)
(0.0051601371 1.7450191e-05 0)
(0.0051503884 1.6560922e-05 0)
(0.0051406412 1.5842686e-05 0)
(0.005130917 1.5301978e-05 0)
(0.0051212338 1.4943217e-05 0)
(0.0051116042 1.4766168e-05 0)
(0.0051020367 1.476444e-05 0)
(0.0050925385 1.492597e-05 0)
(0.0050831154 1.5233975e-05 0)
(0.0050737727 1.5667751e-05 0)
(0.0050645155 1.6203711e-05 0)
(0.0050553493 1.6816426e-05 0)
(0.0050462806 1.7477969e-05 0)
(0.0050373175 1.8156914e-05 0)
(0.0050284688 1.8824127e-05 0)
(0.0050197446 1.9461654e-05 0)
(0.0050111579 2.0060983e-05 0)
(0.0050027233 2.06139e-05 0)
(0.0049944548 2.1109693e-05 0)
(0.0049863655 2.1538395e-05 0)
(0.0049784672 2.189314e-05 0)
(0.0049707702 2.2170746e-05 0)
(0.0049632835 2.2370034e-05 0)
(0.0049560172 2.249097e-05 0)
(0.0049489763 2.2541821e-05 0)
(0.0049421567 2.2529249e-05 0)
(0.0049355561 2.243855e-05 0)
(0.0049291887 2.2267859e-05 0)
(0.0049230602 2.2033582e-05 0)
(0.0049171544 2.1738555e-05 0)
(0.0049114548 2.1378996e-05 0)
(0.0049059531 2.0952648e-05 0)
(0.0049006448 2.0456365e-05 0)
(0.0048955271 1.9884345e-05 0)
(0.0048906012 1.9228702e-05 0)
(0.0048858728 1.8482102e-05 0)
(0.004881351 1.7637885e-05 0)
(0.0048770503 1.6691945e-05 0)
(0.0048729915 1.5656243e-05 0)
(0.0048691921 1.4556886e-05 0)
(0.004865658 1.3420382e-05 0)
(0.0048623841 1.2268508e-05 0)
(0.0048593677 1.110736e-05 0)
(0.0048566216 9.9419135e-06 0)
(0.0048541616 8.7917482e-06 0)
(0.0048519889 7.6816653e-06 0)
(0.0048500908 6.6305514e-06 0)
(0.0048484493 5.6497891e-06 0)
(0.004847045 4.7477868e-06 0)
(0.0048458558 3.9325328e-06 0)
(0.0048448574 3.2086912e-06 0)
(0.004844026 2.5757541e-06 0)
(0.0048433394 2.0292058e-06 0)
(0.0048427768 1.5615204e-06 0)
(0.0048423191 1.1635988e-06 0)
(0.0048419499 8.2649788e-07 0)
(0.0048416548 5.4262209e-07 0)
(0.0048414217 3.0585439e-07 0)
(0.0048412407 1.1124504e-07 0)
(0.0048411037 -4.5256465e-08 0)
(0.0048410036 -1.6706431e-07 0)
(0.0048409343 -2.5726197e-07 0)
(0.0048408911 -3.196366e-07 0)
(0.0048408708 -3.5290744e-07 0)
(0.0048408695 -3.5439282e-07 0)
(0.0048408802 -3.4806918e-07 0)
(0.0048408982 -3.3117593e-07 0)
(0.0048409219 -3.0256367e-07 0)
(0.0048409491 -2.6756569e-07 0)
(0.004840977 -2.2984958e-07 0)
(0.0048410039 -1.9220743e-07 0)
(0.0048410286 -1.5670871e-07 0)
(0.0048410505 -1.2471703e-07 0)
(0.0048410692 -9.6989512e-08 0)
(0.0048410847 -7.378636e-08 0)
(0.0048410972 -5.4981465e-08 0)
(0.0048411071 -4.0181871e-08 0)
(0.0048411147 -2.8841965e-08 0)
(0.0048411205 -2.0358733e-08 0)
(0.0048411249 -1.4142874e-08 0)
(0.0048411282 -9.6651506e-09 0)
(0.0048411306 -6.4804468e-09 0)
(0.0048411325 -4.2342693e-09 0)
(0.0048411338 -2.6572661e-09 0)
(0.0048411348 -1.5528005e-09 0)
(0.0048411356 -7.8137417e-10 0)
(0.0048411361 -2.464488e-10 0)
(0.0048411365 1.1628611e-10 0)
(0.0048411368 3.5261955e-10 0)
(0.004841137 4.9724403e-10 0)
(0.0048411372 5.7575366e-10 0)
(0.0048411373 6.045593e-10 0)
(0.0048411373 5.9682533e-10 0)
(0.0048411373 5.7143307e-10 0)
(0.0048411374 5.2742967e-10 0)
(0.0048411374 4.7451821e-10 0)
(0.0048411373 4.1855182e-10 0)
(0.0048411373 3.6288347e-10 0)
(0.0048411373 3.0951302e-10 0)
(0.0048411373 2.5956822e-10 0)
(0.0048411372 2.136263e-10 0)
(0.0048411372 1.7192443e-10 0)
(0.0048411372 1.3447824e-10 0)
(0.0048411372 1.0115993e-10 0)
(0.0048411371 7.1755303e-11 0)
(0.0048411371 4.600074e-11 0)
(0.0048411371 2.3607729e-11 0)
(0.0048411371 4.2788076e-12 0)
(0.0048411371 -1.2283202e-11 0)
(0.004841137 -2.6373095e-11 0)
(0.004841137 -3.8277757e-11 0)
(0.004841137 -4.8261456e-11 0)
(0.004841137 -5.6555884e-11 0)
(0.004841137 -6.3354677e-11 0)
(0.004841137 -6.8820851e-11 0)
(0.004841137 -7.3090782e-11 0)
(0.004841137 -7.6286213e-11 0)
(0.004841137 -7.8534588e-11 0)
(0.0048411369 -7.993427e-11 0)
(0.0048411369 -8.0523378e-11 0)
(0.0048411369 -8.0292627e-11 0)
(0.0048411369 -7.9217009e-11 0)
(0.0048411369 -7.7245996e-11 0)
(0.0048411369 -7.4281917e-11 0)
(0.0048411369 -7.0188255e-11 0)
(0.0048411369 -6.4795984e-11 0)
(0.0048411369 -5.7857378e-11 0)
(0.0048411369 -4.9070064e-11 0)
(0.0048411369 -3.8004374e-11 0)
(0.0048411368 -2.4293551e-11 0)
(0.0048411368 -6.8694569e-12 0)
(0.0048411368 1.1871345e-11 0)
(0.0048411368 4.6237845e-11 0)
(0.0048411368 8.9634839e-11 0)
(0.0053979188 0.00025438087 0)
(0.0053900963 0.00025429896 0)
(0.005383835 0.00025175274 0)
(0.0053800274 0.00024759641 0)
(0.0053778266 0.00024281045 0)
(0.0053765124 0.00023765431 0)
(0.005375931 0.00023208004 0)
(0.0053760739 0.00022608574 0)
(0.0053768179 0.00021976482 0)
(0.0053779843 0.00021323885 0)
(0.00537944 0.00020658484 0)
(0.0053810968 0.0001998562 0)
(0.0053828813 0.00019310429 0)
(0.0053847264 0.00018637934 0)
(0.0053865762 0.00017972589 0)
(0.0053883875 0.00017318148 0)
(0.0053901275 0.00016677707 0)
(0.00539177 0.00016053836 0)
(0.005393296 0.00015448687 0)
(0.0053946907 0.00014863838 0)
(0.0053959381 0.00014300378 0)
(0.0053970237 0.00013759862 0)
(0.0053979365 0.00013239484 0)
(0.0053986641 0.00012736069 0)
(0.0053992323 0.00012253363 0)
(0.0053996529 0.0001179484 0)
(0.0053999189 0.00011360018 0)
(0.0054000242 0.00010946735 0)
(0.0053999637 0.00010553474 0)
(0.005399731 0.00010179965 0)
(0.0053993187 9.8255916e-05 0)
(0.0053987209 9.4890728e-05 0)
(0.0053979322 9.1690268e-05 0)
(0.0053969475 8.8641053e-05 0)
(0.0053957626 8.573022e-05 0)
(0.0053943737 8.2945628e-05 0)
(0.0053927778 8.0275935e-05 0)
(0.0053909727 7.7710687e-05 0)
(0.0053889566 7.5240413e-05 0)
(0.0053867287 7.2856686e-05 0)
(0.0053842884 7.0552202e-05 0)
(0.0053816348 6.8320498e-05 0)
(0.0053787625 6.6154083e-05 0)
(0.0053756838 6.4061525e-05 0)
(0.0053723368 6.2068678e-05 0)
(0.005368568 6.0163272e-05 0)
(0.0053645493 5.8316376e-05 0)
(0.0053602569 5.6524686e-05 0)
(0.00535567 5.4789792e-05 0)
(0.0053507932 5.3113805e-05 0)
(0.0053456311 5.1498481e-05 0)
(0.0053401818 4.9944702e-05 0)
(0.0053344432 4.8452125e-05 0)
(0.005328416 4.7018661e-05 0)
(0.0053221028 4.5640162e-05 0)
(0.0053155076 4.4310963e-05 0)
(0.0053086374 4.3024998e-05 0)
(0.0053014916 4.177513e-05 0)
(0.0052940649 4.0549802e-05 0)
(0.005286357 3.9339689e-05 0)
(0.0052783758 3.8144543e-05 0)
(0.0052701349 3.6970144e-05 0)
(0.0052616497 3.5825555e-05 0)
(0.0052529354 3.4722693e-05 0)
(0.0052440163 3.3668296e-05 0)
(0.0052348618 3.2678373e-05 0)
(0.005225555 3.1782371e-05 0)
(0.0052161334 3.1003219e-05 0)
(0.005206617 3.0357114e-05 0)
(0.0051970264 2.9855912e-05 0)
(0.0051873844 2.9508039e-05 0)
(0.0051777117 2.931681e-05 0)
(0.0051680258 2.927912e-05 0)
(0.0051583432 2.9385305e-05 0)
(0.0051486801 2.9619857e-05 0)
(0.0051390521 2.9963038e-05 0)
(0.0051294732 3.0393354e-05 0)
(0.0051199533 3.0889993e-05 0)
(0.0051104968 3.1435558e-05 0)
(0.0051011112 3.2011854e-05 0)
(0.005091826 3.2575549e-05 0)
(0.0050826837 3.3073929e-05 0)
(0.005073709 3.3488606e-05 0)
(0.0050649083 3.3819293e-05 0)
(0.0050562853 3.406294e-05 0)
(0.00504785 3.4213059e-05 0)
(0.0050396161 3.4265183e-05 0)
(0.0050315977 3.4218319e-05 0)
(0.0050238088 3.4071873e-05 0)
(0.0050162659 3.3820792e-05 0)
(0.0050089729 3.3497656e-05 0)
(0.0050020189 3.3129637e-05 0)
(0.0049953545 3.2667534e-05 0)
(0.0049888859 3.2117367e-05 0)
(0.0049826344 3.1543942e-05 0)
(0.0049765757 3.0948939e-05 0)
(0.0049707084 3.0311946e-05 0)
(0.0049650376 2.9619171e-05 0)
(0.0049595609 2.8858182e-05 0)
(0.0049542762 2.8014907e-05 0)
(0.0049491898 2.7073074e-05 0)
(0.0049443126 2.6024141e-05 0)
(0.0049396525 2.4858912e-05 0)
(0.0049352207 2.3553844e-05 0)
(0.0049310382 2.2119202e-05 0)
(0.0049271297 2.0596024e-05 0)
(0.0049234723 1.9023152e-05 0)
(0.0049201037 1.7426161e-05 0)
(0.0049170214 1.5789133e-05 0)
(0.0049142386 1.4110924e-05 0)
(0.0049117701 1.2440864e-05 0)
(0.0049096014 1.0835576e-05 0)
(0.0049077024 9.3331286e-06 0)
(0.0049060499 7.9538919e-06 0)
(0.004904632 6.7069575e-06 0)
(0.0049034368 5.5933569e-06 0)
(0.0049024432 4.6078397e-06 0)
(0.0049016258 3.7430238e-06 0)
(0.0049009582 2.9924878e-06 0)
(0.0049004153 2.3484941e-06 0)
(0.0048999751 1.801129e-06 0)
(0.0048996203 1.339336e-06 0)
(0.0048993363 9.5229007e-07 0)
(0.0048991102 6.3012875e-07 0)
(0.0048989314 3.644368e-07 0)
(0.0048987915 1.4853742e-07 0)
(0.0048986835 -2.2799487e-08 0)
(0.0048986018 -1.5406111e-07 0)
(0.0048985415 -2.491421e-07 0)
(0.0048984993 -3.1237616e-07 0)
(0.0048984738 -3.4748171e-07 0)
(0.0048984622 -3.5174782e-07 0)
(0.0048984597 -3.4534383e-07 0)
(0.0048984635 -3.2578608e-07 0)
(0.0048984723 -2.9633084e-07 0)
(0.0048984846 -2.6102754e-07 0)
(0.0048984984 -2.2331151e-07 0)
(0.0048985125 -1.8597063e-07 0)
(0.0048985262 -1.5104142e-07 0)
(0.0048985386 -1.1982619e-07 0)
(0.0048985496 -9.2995369e-08 0)
(0.004898559 -7.071344e-08 0)
(0.0048985667 -5.2772586e-08 0)
(0.004898573 -3.8723858e-08 0)
(0.004898578 -2.7992606e-08 0)
(0.0048985818 -1.9969933e-08 0)
(0.0048985848 -1.4077619e-08 0)
(0.0048985871 -9.8077224e-09 0)
(0.0048985889 -6.7406919e-09 0)
(0.0048985902 -4.5473506e-09 0)
(0.0048985912 -2.9804115e-09 0)
(0.004898592 -1.8605854e-09 0)
(0.0048985926 -1.0613281e-09 0)
(0.0048985931 -4.945139e-10 0)
(0.0048985934 -9.8611374e-11 0)
(0.0048985937 1.6923569e-10 0)
(0.0048985939 3.4165379e-10 0)
(0.004898594 4.4349266e-10 0)
(0.0048985941 4.9318704e-10 0)
(0.0048985942 5.0584663e-10 0)
(0.0048985942 4.9293948e-10 0)
(0.0048985943 4.6342099e-10 0)
(0.0048985943 4.2390683e-10 0)
(0.0048985943 3.7927967e-10 0)
(0.0048985943 3.3299357e-10 0)
(0.0048985943 2.8734779e-10 0)
(0.0048985943 2.4377259e-10 0)
(0.0048985943 2.0307937e-10 0)
(0.0048985942 1.6567088e-10 0)
(0.0048985942 1.3169978e-10 0)
(0.0048985942 1.0116851e-10 0)
(0.0048985942 7.3984123e-11 0)
(0.0048985942 4.9991716e-11 0)
(0.0048985942 2.9000652e-11 0)
(0.0048985942 1.0798709e-11 0)
(0.0048985941 -4.8475748e-12 0)
(0.0048985941 -1.8184455e-11 0)
(0.0048985941 -2.9448279e-11 0)
(0.0048985941 -3.8852322e-11 0)
(0.0048985941 -4.6591923e-11 0)
(0.0048985941 -5.284742e-11 0)
(0.0048985941 -5.777678e-11 0)
(0.0048985941 -6.1518911e-11 0)
(0.0048985941 -6.4197605e-11 0)
(0.004898594 -6.5905184e-11 0)
(0.004898594 -6.6698376e-11 0)
(0.004898594 -6.6604769e-11 0)
(0.004898594 -6.5619391e-11 0)
(0.004898594 -6.3708942e-11 0)
(0.004898594 -6.0809151e-11 0)
(0.004898594 -5.680848e-11 0)
(0.004898594 -5.1568068e-11 0)
(0.004898594 -4.4898801e-11 0)
(0.004898594 -3.6576274e-11 0)
(0.004898594 -2.6306445e-11 0)
(0.004898594 -1.3847288e-11 0)
(0.0048985939 1.4933204e-12 0)
(0.004898594 1.7995521e-11 0)
(0.0048985939 4.5039472e-11 0)
(0.004898594 7.6022289e-11 0)
(0.0053494794 0.00026789688 0)
(0.0053382531 0.00026500584 0)
(0.0053280845 0.00025956169 0)
(0.0053220429 0.00025299081 0)
(0.005318567 0.0002463285 0)
(0.0053160889 0.00023962462 0)
(0.0053143434 0.00023272027 0)
(0.0053134865 0.00022562326 0)
(0.0053134558 0.00021843244 0)
(0.0053140375 0.0002112272 0)
(0.0053150554 0.00020405069 0)
(0.0053164054 0.00019693444 0)
(0.005318011 0.00018991142 0)
(0.0053197984 0.00018301429 0)
(0.0053216995 0.00017627148 0)
(0.0053236581 0.00016970633 0)
(0.0053256295 0.000163338 0)
(0.005327577 0.00015718228 0)
(0.0053294699 0.00015125175 0)
(0.0053312841 0.00014555611 0)
(0.0053330003 0.00014010252 0)
(0.005334603 0.00013489605 0)
(0.0053360808 0.00012993773 0)
(0.005337407 0.00012522348 0)
(0.0053385576 0.00012074764 0)
(0.0053395243 0.00011650573 0)
(0.0053403067 0.00011249178 0)
(0.0053409035 0.00010869628 0)
(0.0053413092 0.00010510775 0)
(0.0053415182 0.00010171493 0)
(0.0053415289 9.8506928e-05 0)
(0.005341341 9.5472532e-05 0)
(0.0053409543 9.2600113e-05 0)
(0.0053403678 8.9877849e-05 0)
(0.0053395803 8.7293969e-05 0)
(0.0053385904 8.4836959e-05 0)
(0.0053373969 8.2495747e-05 0)
(0.0053359979 8.0259886e-05 0)
(0.0053343917 7.8119742e-05 0)
(0.0053325758 7.6066708e-05 0)
(0.0053305473 7.4093495e-05 0)
(0.0053283029 7.219497e-05 0)
(0.0053258384 7.0368319e-05 0)
(0.0053231545 6.861912e-05 0)
(0.0053202668 6.6980981e-05 0)
(0.0053171846 6.5458825e-05 0)
(0.0053139029 6.400893e-05 0)
(0.0053103992 6.2615353e-05 0)
(0.005306662 6.1283581e-05 0)
(0.0053026926 6.0018873e-05 0)
(0.0052984921 5.8821477e-05 0)
(0.0052940587 5.7689586e-05 0)
(0.0052893912 5.6620811e-05 0)
(0.0052844899 5.5611257e-05 0)
(0.0052793563 5.465482e-05 0)
(0.005273992 5.3743276e-05 0)
(0.0052683982 5.2866539e-05 0)
(0.0052625754 5.2013855e-05 0)
(0.0052565236 5.1176804e-05 0)
(0.0052502445 5.0351152e-05 0)
(0.0052437407 4.9535928e-05 0)
(0.0052370154 4.8732603e-05 0)
(0.0052300737 4.7946316e-05 0)
(0.0052229227 4.7185803e-05 0)
(0.0052155755 4.6466381e-05 0)
(0.0052080382 4.5800518e-05 0)
(0.0052003238 4.5190474e-05 0)
(0.005192444 4.4647611e-05 0)
(0.0051844161 4.4192196e-05 0)
(0.0051762637 4.3843546e-05 0)
(0.0051680113 4.3614002e-05 0)
(0.005159683 4.3507373e-05 0)
(0.005151303 4.3521337e-05 0)
(0.0051428951 4.3648048e-05 0)
(0.0051344833 4.3873579e-05 0)
(0.0051260915 4.41795e-05 0)
(0.0051177433 4.4546854e-05 0)
(0.0051094641 4.4959297e-05 0)
(0.0051012726 4.5371256e-05 0)
(0.0050932367 4.5702001e-05 0)
(0.0050854258 4.5942646e-05 0)
(0.005077722 4.6133465e-05 0)
(0.0050701471 4.6271103e-05 0)
(0.005062717 4.6336862e-05 0)
(0.0050554336 4.6313209e-05 0)
(0.0050483045 4.6186147e-05 0)
(0.0050413447 4.5944878e-05 0)
(0.00503457 4.5585413e-05 0)
(0.0050279919 4.5109073e-05 0)
(0.005021615 4.4516583e-05 0)
(0.0050154336 4.3809653e-05 0)
(0.0050094502 4.3020419e-05 0)
(0.0050036235 4.2218139e-05 0)
(0.0049978676 4.1403869e-05 0)
(0.0049923997 4.0529685e-05 0)
(0.0049871726 3.9587543e-05 0)
(0.0049821667 3.8586271e-05 0)
(0.0049773817 3.7533623e-05 0)
(0.004972803 3.6426957e-05 0)
(0.0049684134 3.5249171e-05 0)
(0.0049642256 3.3971984e-05 0)
(0.0049602701 3.2578858e-05 0)
(0.0049565535 3.106108e-05 0)
(0.0049530504 2.938557e-05 0)
(0.0049496004 2.7547771e-05 0)
(0.0049464214 2.5605797e-05 0)
(0.0049436388 2.361363e-05 0)
(0.0049412218 2.1636386e-05 0)
(0.0049391784 1.9668443e-05 0)
(0.0049373004 1.7668559e-05 0)
(0.0049356035 1.568733e-05 0)
(0.0049340955 1.3785188e-05 0)
(0.004932767 1.1986065e-05 0)
(0.0049315999 1.0273637e-05 0)
(0.0049305634 8.6575035e-06 0)
(0.0049296566 7.1841144e-06 0)
(0.0049288862 5.8853136e-06 0)
(0.0049282473 4.7665603e-06 0)
(0.0049277304 3.8181397e-06 0)
(0.0049273178 3.0171279e-06 0)
(0.0049269905 2.3405635e-06 0)
(0.0049267314 1.7715192e-06 0)
(0.0049265259 1.2969673e-06 0)
(0.0049263618 9.0460649e-07 0)
(0.0049262298 5.8279294e-07 0)
(0.0049261231 3.2180209e-07 0)
(0.0049260364 1.138321e-07 0)
(0.0049259655 -4.7442793e-08 0)
(0.0049259075 -1.6743381e-07 0)
(0.0049258602 -2.5079698e-07 0)
(0.0049258221 -3.0202092e-07 0)
(0.0049257936 -3.2726241e-07 0)
(0.0049257733 -3.3196213e-07 0)
(0.004925759 -3.2137351e-07 0)
(0.0049257496 -2.988195e-07 0)
(0.0049257445 -2.6825902e-07 0)
(0.0049257427 -2.3354744e-07 0)
(0.0049257433 -1.9778799e-07 0)
(0.0049257455 -1.632985e-07 0)
(0.0049257487 -1.3167311e-07 0)
(0.0049257523 -1.0386176e-07 0)
(0.0049257559 -8.0275678e-08 0)
(0.0049257593 -6.0907113e-08 0)
(0.0049257624 -4.5453703e-08 0)
(0.004925765 -3.3435652e-08 0)
(0.0049257672 -2.4294783e-08 0)
(0.0049257689 -1.7469687e-08 0)
(0.0049257704 -1.2446039e-08 0)
(0.0049257715 -8.7843443e-09 0)
(0.0049257724 -6.129477e-09 0)
(0.0049257731 -4.2075129e-09 0)
(0.0049257737 -2.815097e-09 0)
(0.0049257742 -1.8056746e-09 0)
(0.0049257745 -1.0755923e-09 0)
(0.0049257748 -5.5173429e-10 0)
(0.0049257751 -1.8196679e-10 0)
(0.0049257752 7.1997103e-11 0)
(0.0049257754 2.3873742e-10 0)
(0.0049257755 3.4012548e-10 0)
(0.0049257756 3.9371073e-10 0)
(0.0049257757 4.1288057e-10 0)
(0.0049257757 4.0817571e-10 0)
(0.0049257758 3.8783767e-10 0)
(0.0049257758 3.5796782e-10 0)
(0.0049257758 3.2290919e-10 0)
(0.0049257758 2.856759e-10 0)
(0.0049257758 2.4828736e-10 0)
(0.0049257758 2.1204117e-10 0)
(0.0049257758 1.7773858e-10 0)
(0.0049257758 1.4584845e-10 0)
(0.0049257758 1.1661731e-10 0)
(0.0049257758 9.014357e-11 0)
(0.0049257758 6.6428237e-11 0)
(0.0049257758 4.5405015e-11 0)
(0.0049257758 2.6956854e-11 0)
(0.0049257758 1.0931364e-11 0)
(0.0049257758 -2.8453623e-12 0)
(0.0049257758 -1.4559248e-11 0)
(0.0049257758 -2.4398739e-11 0)
(0.0049257758 -3.2547448e-11 0)
(0.0049257757 -3.9176237e-11 0)
(0.0049257757 -4.4434163e-11 0)
(0.0049257757 -4.8452642e-11 0)
(0.0049257757 -5.1353684e-11 0)
(0.0049257757 -5.3234265e-11 0)
(0.0049257757 -5.4167133e-11 0)
(0.0049257757 -5.419984e-11 0)
(0.0049257757 -5.3346105e-11 0)
(0.0049257757 -5.1587916e-11 0)
(0.0049257757 -4.8894962e-11 0)
(0.0049257757 -4.5204797e-11 0)
(0.0049257757 -4.0425579e-11 0)
(0.0049257757 -3.4438696e-11 0)
(0.0049257757 -2.7102599e-11 0)
(0.0049257756 -1.8243852e-11 0)
(0.0049257756 -7.7417138e-12 0)
(0.0049257756 4.7406665e-12 0)
(0.0049257757 1.805322e-11 0)
(0.0049257756 3.7632189e-11 0)
(0.0049257757 5.7457641e-11 0)
(0.0051954736 0.00028912646 0)
(0.0051818435 0.00028131294 0)
(0.0051682791 0.00027185625 0)
(0.0051609627 0.00026218759 0)
(0.0051570108 0.00025305304 0)
(0.0051538543 0.00024430178 0)
(0.0051512725 0.00023571792 0)
(0.0051496555 0.00022727637 0)
(0.0051489866 0.0002190188 0)
(0.0051490007 0.00021096622 0)
(0.0051494917 0.00020312292 0)
(0.0051503556 0.00019549466 0)
(0.0051515205 0.0001880911 0)
(0.005152912 0.00018092381 0)
(0.0051544585 0.00017400323 0)
(0.0051561016 0.00016733771 0)
(0.0051577958 0.00016093385 0)
(0.0051595042 0.00015479663 0)
(0.0051611964 0.00014892942 0)
(0.0051628476 0.00014333377 0)
(0.0051644375 0.0001380093 0)
(0.0051659498 0.00013295371 0)
(0.0051673713 0.00012816233 0)
(0.0051686898 0.00012362867 0)
(0.0051698947 0.00011934655 0)
(0.005170978 0.00011530995 0)
(0.0051719341 0.00011151106 0)
(0.0051727588 0.00010793959 0)
(0.0051734476 0.00010458389 0)
(0.0051739965 0.00010143232 0)
(0.0051744022 9.8473041e-05 0)
(0.0051746622 9.5693559e-05 0)
(0.0051747744 9.3080997e-05 0)
(0.0051747369 9.0622551e-05 0)
(0.0051745484 8.8305797e-05 0)
(0.0051742076 8.6118872e-05 0)
(0.0051737135 8.4050672e-05 0)
(0.0051730652 8.2091051e-05 0)
(0.0051722618 8.0231042e-05 0)
(0.0051713025 7.8463093e-05 0)
(0.0051701865 7.6781332e-05 0)
(0.005168913 7.5181978e-05 0)
(0.0051674819 7.3663381e-05 0)
(0.0051658925 7.2226481e-05 0)
(0.0051641476 7.0874216e-05 0)
(0.0051622579 6.9602206e-05 0)
(0.0051602325 6.8400151e-05 0)
(0.005158072 6.72651e-05 0)
(0.0051557739 6.6199604e-05 0)
(0.0051533384 6.5204502e-05 0)
(0.005150767 6.4277852e-05 0)
(0.0051480622 6.3416821e-05 0)
(0.0051452263 6.2617889e-05 0)
(0.0051422616 6.1876151e-05 0)
(0.0051391699 6.1185142e-05 0)
(0.0051359525 6.0537223e-05 0)
(0.0051326095 5.9924205e-05 0)
(0.0051291402 5.9338401e-05 0)
(0.0051255427 5.8773566e-05 0)
(0.005121814 5.8225174e-05 0)
(0.0051179503 5.7690757e-05 0)
(0.0051139478 5.7170454e-05 0)
(0.0051098021 5.666713e-05 0)
(0.0051055087 5.6185989e-05 0)
(0.0051010653 5.5734399e-05 0)
(0.0050964734 5.5320106e-05 0)
(0.0050917381 5.4950816e-05 0)
(0.0050868676 5.4636824e-05 0)
(0.0050818747 5.4389461e-05 0)
(0.0050767751 5.421876e-05 0)
(0.005071583 5.4133563e-05 0)
(0.0050663177 5.4137587e-05 0)
(0.005061008 5.4226677e-05 0)
(0.0050556846 5.4389565e-05 0)
(0.0050503772 5.461041e-05 0)
(0.0050451138 5.4870734e-05 0)
(0.0050399163 5.5152394e-05 0)
(0.0050348024 5.5435985e-05 0)
(0.0050297944 5.5688895e-05 0)
(0.0050248969 5.5871071e-05 0)
(0.0050200928 5.5974999e-05 0)
(0.0050153836 5.6017295e-05 0)
(0.0050107852 5.5989189e-05 0)
(0.0050063024 5.5867745e-05 0)
(0.005001932 5.563306e-05 0)
(0.0049976768 5.5270864e-05 0)
(0.0049935567 5.4774465e-05 0)
(0.0049895966 5.4140211e-05 0)
(0.0049858034 5.337012e-05 0)
(0.0049821744 5.2482652e-05 0)
(0.0049787099 5.1500834e-05 0)
(0.0049754141 5.0465358e-05 0)
(0.0049722989 4.9414811e-05 0)
(0.0049693703 4.8327749e-05 0)
(0.0049666085 4.7157712e-05 0)
(0.0049639858 4.5913505e-05 0)
(0.0049614972 4.4649967e-05 0)
(0.0049591496 4.3372723e-05 0)
(0.004956944 4.2055563e-05 0)
(0.0049548828 4.0663319e-05 0)
(0.0049529644 3.9071699e-05 0)
(0.0049511845 3.7331707e-05 0)
(0.0049495358 3.555749e-05 0)
(0.0049479929 3.3751742e-05 0)
(0.0049465843 3.1764953e-05 0)
(0.0049453457 2.9434389e-05 0)
(0.004944289 2.6854087e-05 0)
(0.0049433018 2.4269297e-05 0)
(0.004942405 2.1819102e-05 0)
(0.004941596 1.9492825e-05 0)
(0.0049409295 1.7208264e-05 0)
(0.0049403662 1.498544e-05 0)
(0.0049399909 1.2934867e-05 0)
(0.0049397066 1.1141238e-05 0)
(0.0049394691 9.5603929e-06 0)
(0.0049392483 8.095227e-06 0)
(0.004939062 6.7190506e-06 0)
(0.004938909 5.4617572e-06 0)
(0.0049387732 4.3686796e-06 0)
(0.0049386405 3.4436377e-06 0)
(0.0049385212 2.6706462e-06 0)
(0.0049384259 2.0298076e-06 0)
(0.0049383529 1.5026517e-06 0)
(0.0049382934 1.0707894e-06 0)
(0.004938241 7.1880683e-07 0)
(0.0049381925 4.3529857e-07 0)
(0.0049381463 2.1076087e-07 0)
(0.0049381013 3.6878191e-08 0)
(0.0049380572 -9.3325915e-08 0)
(0.0049380142 -1.8597349e-07 0)
(0.0049379732 -2.4674196e-07 0)
(0.0049379354 -2.8087229e-07 0)
(0.0049379017 -2.9393343e-07 0)
(0.0049378721 -2.9060484e-07 0)
(0.0049378469 -2.7491921e-07 0)
(0.0049378262 -2.507147e-07 0)
(0.0049378097 -2.2146394e-07 0)
(0.004937797 -1.9010934e-07 0)
(0.0049377875 -1.5899064e-07 0)
(0.0049377807 -1.2981233e-07 0)
(0.004937776 -1.0367031e-07 0)
(0.0049377728 -8.1131032e-08 0)
(0.0049377708 -6.2337209e-08 0)
(0.0049377697 -4.7122421e-08 0)
(0.004937769 -3.5121582e-08 0)
(0.0049377687 -2.5866994e-08 0)
(0.0049377687 -1.8863657e-08 0)
(0.0049377687 -1.3642017e-08 0)
(0.0049377688 -9.7895669e-09 0)
(0.004937769 -6.9648786e-09 0)
(0.0049377692 -4.8987523e-09 0)
(0.0049377694 -3.3872279e-09 0)
(0.0049377695 -2.2804944e-09 0)
(0.0049377697 -1.4707577e-09 0)
(0.0049377698 -8.8107426e-10 0)
(0.00493777 -4.5624479e-10 0)
(0.0049377701 -1.55908e-10 0)
(0.0049377702 5.0166177e-11 0)
(0.0049377703 1.8519259e-10 0)
(0.0049377704 2.6734597e-10 0)
(0.0049377704 3.1089217e-10 0)
(0.0049377705 3.2701321e-10 0)
(0.0049377705 3.242782e-10 0)
(0.0049377706 3.0907804e-10 0)
(0.0049377706 2.8611119e-10 0)
(0.0049377707 2.5875631e-10 0)
(0.0049377707 2.2935707e-10 0)
(0.0049377707 1.9951435e-10 0)
(0.0049377707 1.7030528e-10 0)
(0.0049377707 1.4243463e-10 0)
(0.0049377707 1.1634876e-10 0)
(0.0049377707 9.2316273e-11 0)
(0.0049377707 7.0482584e-11 0)
(0.0049377707 5.0902842e-11 0)
(0.0049377707 3.3557945e-11 0)
(0.0049377707 1.8369112e-11 0)
(0.0049377707 5.2196192e-12 0)
(0.0049377707 -6.028239e-12 0)
(0.0049377707 -1.5523944e-11 0)
(0.0049377707 -2.3415842e-11 0)
(0.0049377707 -2.9844583e-11 0)
(0.0049377707 -3.4945176e-11 0)
(0.0049377707 -3.8845578e-11 0)
(0.0049377707 -4.1666721e-11 0)
(0.0049377707 -4.350674e-11 0)
(0.0049377707 -4.4425451e-11 0)
(0.0049377707 -4.4477566e-11 0)
(0.0049377707 -4.3702282e-11 0)
(0.0049377707 -4.2107894e-11 0)
(0.0049377707 -3.9696188e-11 0)
(0.0049377706 -3.643901e-11 0)
(0.0049377706 -3.2295974e-11 0)
(0.0049377706 -2.7194104e-11 0)
(0.0049377706 -2.105684e-11 0)
(0.0049377706 -1.3814559e-11 0)
(0.0049377706 -5.4560952e-12 0)
(0.0049377706 4.1157086e-12 0)
(0.0049377706 1.418352e-11 0)
(0.0049377706 2.7570465e-11 0)
(0.0049377707 3.924213e-11 0)
(0.0047507221 0.0003112825 0)
(0.0047466352 0.00029702975 0)
(0.0047401903 0.00028383778 0)
(0.0047406086 0.00027168227 0)
(0.0047440554 0.00026029292 0)
(0.004747404 0.00024947684 0)
(0.0047506566 0.00023917957 0)
(0.0047544602 0.00022937514 0)
(0.0047588722 0.00022002156 0)
(0.0047636408 0.00021107992 0)
(0.0047685886 0.00020252641 0)
(0.004773649 0.00019434656 0)
(0.0047787846 0.0001865286 0)
(0.0047839479 0.00017906026 0)
(0.0047890896 0.00017193053 0)
(0.0047941708 0.00016513037 0)
(0.0047991642 0.00015865222 0)
(0.0048040503 0.00015248924 0)
(0.0048088146 0.00014663494 0)
(0.0048134471 0.00014108282 0)
(0.0048179416 0.00013582616 0)
(0.0048222949 0.00013085788 0)
(0.004826506 0.00012617029 0)
(0.0048305752 0.00012175517 0)
(0.0048345039 0.00011760401 0)
(0.0048382941 0.00011370771 0)
(0.0048419484 0.00011005607 0)
(0.0048454695 0.00010663769 0)
(0.0048488599 0.00010344038 0)
(0.0048521216 0.00010045153 0)
(0.0048552564 9.7658239e-05 0)
(0.0048582658 9.504729e-05 0)
(0.0048611509 9.260542e-05 0)
(0.0048639129 9.031955e-05 0)
(0.0048665525 8.8176979e-05 0)
(0.0048690707 8.6165555e-05 0)
(0.0048714683 8.427386e-05 0)
(0.0048737462 8.2491401e-05 0)
(0.0048759056 8.0808801e-05 0)
(0.0048779481 7.921796e-05 0)
(0.0048798753 7.7712182e-05 0)
(0.0048816899 7.6286305e-05 0)
(0.0048833947 7.4936701e-05 0)
(0.0048849941 7.3661265e-05 0)
(0.0048864942 7.2459724e-05 0)
(0.0048879041 7.1331648e-05 0)
(0.0048892329 7.027396e-05 0)
(0.0048904861 6.9283092e-05 0)
(0.0048916673 6.8357115e-05 0)
(0.0048927814 6.7494862e-05 0)
(0.0048938344 6.6694874e-05 0)
(0.0048948319 6.5950529e-05 0)
(0.0048957792 6.5262142e-05 0)
(0.0048966806 6.4627119e-05 0)
(0.0048975391 6.4041003e-05 0)
(0.0048983564 6.3498292e-05 0)
(0.0048991325 6.2992828e-05 0)
(0.0048998653 6.2518352e-05 0)
(0.0049005507 6.2069295e-05 0)
(0.0049011832 6.1641609e-05 0)
(0.004901756 6.1233422e-05 0)
(0.0049022622 6.0845729e-05 0)
(0.0049026952 6.0485954e-05 0)
(0.0049030488 6.0161239e-05 0)
(0.0049033183 5.9871987e-05 0)
(0.0049035027 5.9620182e-05 0)
(0.0049036043 5.9407714e-05 0)
(0.0049036288 5.9236841e-05 0)
(0.004903585 5.911482e-05 0)
(0.0049034813 5.9059667e-05 0)
(0.0049033306 5.907781e-05 0)
(0.0049031546 5.9137972e-05 0)
(0.0049029777 5.9228896e-05 0)
(0.0049028241 5.9347653e-05 0)
(0.004902717 5.947978e-05 0)
(0.0049026769 5.9614541e-05 0)
(0.0049027185 5.9754086e-05 0)
(0.0049028583 5.9862659e-05 0)
(0.0049031086 5.9894668e-05 0)
(0.0049034649 5.9887337e-05 0)
(0.0049039128 5.9838144e-05 0)
(0.0049044398 5.9738561e-05 0)
(0.0049050375 5.9575248e-05 0)
(0.0049056939 5.9331959e-05 0)
(0.0049063949 5.8987293e-05 0)
(0.0049071344 5.8504679e-05 0)
(0.0049079243 5.7826186e-05 0)
(0.0049087855 5.6976729e-05 0)
(0.0049097273 5.6014165e-05 0)
(0.0049107483 5.4948917e-05 0)
(0.0049118437 5.3794781e-05 0)
(0.0049130071 5.2575255e-05 0)
(0.004914237 5.1311495e-05 0)
(0.0049155346 5.000661e-05 0)
(0.0049168912 4.8655726e-05 0)
(0.0049182861 4.7261923e-05 0)
(0.0049197058 4.5828618e-05 0)
(0.0049211514 4.4351509e-05 0)
(0.0049226264 4.2819838e-05 0)
(0.0049241325 4.1216083e-05 0)
(0.0049256481 3.9520732e-05 0)
(0.0049271386 3.7725522e-05 0)
(0.0049285978 3.5831902e-05 0)
(0.0049300476 3.3823511e-05 0)
(0.0049314863 3.1650302e-05 0)
(0.0049328594 2.928697e-05 0)
(0.0049341008 2.6806146e-05 0)
(0.0049352082 2.4334342e-05 0)
(0.0049362297 2.1944449e-05 0)
(0.0049371984 1.963359e-05 0)
(0.0049380917 1.7386238e-05 0)
(0.0049389207 1.5181157e-05 0)
(0.004939582 1.3039282e-05 0)
(0.0049401124 1.1076284e-05 0)
(0.0049407052 9.3309508e-06 0)
(0.0049412441 7.7574182e-06 0)
(0.0049417514 6.3774862e-06 0)
(0.0049420839 5.2224458e-06 0)
(0.0049423624 4.2450761e-06 0)
(0.0049426038 3.3955037e-06 0)
(0.004942789 2.6498293e-06 0)
(0.0049429331 2.0084149e-06 0)
(0.0049430379 1.4859868e-06 0)
(0.0049431059 1.0677141e-06 0)
(0.0049431463 7.3099454e-07 0)
(0.0049431662 4.6140066e-07 0)
(0.0049431685 2.4861458e-07 0)
(0.0049431556 8.4116837e-08 0)
(0.0049431306 -3.8882249e-08 0)
(0.0049430964 -1.2675755e-07 0)
(0.0049430562 -1.857603e-07 0)
(0.0049430132 -2.213738e-07 0)
(0.0049429703 -2.3822064e-07 0)
(0.0049429296 -2.4020749e-07 0)
(0.0049428924 -2.3078671e-07 0)
(0.0049428594 -2.1318078e-07 0)
(0.004942831 -1.9038454e-07 0)
(0.0049428071 -1.6501279e-07 0)
(0.0049427875 -1.3919329e-07 0)
(0.0049427716 -1.1452871e-07 0)
(0.0049427592 -9.2105474e-08 0)
(0.0049427495 -7.2543577e-08 0)
(0.0049427422 -5.6074811e-08 0)
(0.0049427367 -4.2635688e-08 0)
(0.0049427326 -3.1963505e-08 0)
(0.0049427297 -2.3684456e-08 0)
(0.0049427276 -1.7385293e-08 0)
(0.0049427262 -1.2664679e-08 0)
(0.0049427251 -9.1647782e-09 0)
(0.0049427244 -6.5862815e-09 0)
(0.0049427239 -4.6912238e-09 0)
(0.0049427236 -3.2979923e-09 0)
(0.0049427234 -2.2722881e-09 0)
(0.0049427233 -1.5169025e-09 0)
(0.0049427232 -9.621545e-10 0)
(0.0049427232 -5.5798471e-10 0)
(0.0049427233 -2.6777862e-10 0)
(0.0049427233 -6.403989e-11 0)
(0.0049427233 7.4168489e-11 0)
(0.0049427234 1.6298064e-10 0)
(0.0049427234 2.1531303e-10 0)
(0.0049427235 2.4146084e-10 0)
(0.0049427235 2.4927599e-10 0)
(0.0049427236 2.4451549e-10 0)
(0.0049427236 2.3143024e-10 0)
(0.0049427237 2.1313851e-10 0)
(0.0049427237 1.9177798e-10 0)
(0.0049427237 1.6892425e-10 0)
(0.0049427237 1.4573995e-10 0)
(0.0049427238 1.2302936e-10 0)
(0.0049427238 1.0133942e-10 0)
(0.0049427238 8.1043745e-11 0)
(0.0049427238 6.2386443e-11 0)
(0.0049427238 4.5504609e-11 0)
(0.0049427238 3.0443853e-11 0)
(0.0049427238 1.7178935e-11 0)
(0.0049427238 5.6434007e-12 0)
(0.0049427238 -4.2506841e-12 0)
(0.0049427238 -1.2609122e-11 0)
(0.0049427238 -1.9547546e-11 0)
(0.0049427238 -2.518396e-11 0)
(0.0049427238 -2.9640354e-11 0)
(0.0049427238 -3.3032598e-11 0)
(0.0049427238 -3.5476019e-11 0)
(0.0049427238 -3.6962434e-11 0)
(0.0049427238 -3.7702329e-11 0)
(0.0049427238 -3.7656572e-11 0)
(0.0049427238 -3.6888199e-11 0)
(0.0049427238 -3.5436045e-11 0)
(0.0049427238 -3.3323011e-11 0)
(0.0049427238 -3.0541611e-11 0)
(0.0049427238 -2.7075057e-11 0)
(0.0049427238 -2.2890569e-11 0)
(0.0049427238 -1.7972499e-11 0)
(0.0049427238 -1.2330797e-11 0)
(0.0049427238 -5.9976454e-12 0)
(0.0049427238 9.8099455e-13 0)
(0.0049427238 8.2301125e-12 0)
(0.0049427238 1.7064615e-11 0)
(0.0049427238 2.3508788e-11 0)
(0.0038662734 0.00029979195 0)
(0.0038896807 0.00028308362 0)
(0.0039087532 0.00026926986 0)
(0.0039327287 0.00025741231 0)
(0.0039578517 0.00024590596 0)
(0.0039814479 0.00023480973 0)
(0.0040037875 0.00022435034 0)
(0.0040255951 0.00021451961 0)
(0.0040469892 0.00020522081 0)
(0.0040678101 0.00019639563 0)
(0.0040879706 0.00018802249 0)
(0.0041074736 0.00018007586 0)
(0.0041263412 0.00017250651 0)
(0.0041445864 0.00016532512 0)
(0.0041622142 0.00015851491 0)
(0.004179237 0.00015205711 0)
(0.0041956749 0.00014593492 0)
(0.0042115506 0.00014013357 0)
(0.0042268888 0.00013464008 0)
(0.004241715 0.00012944301 0)
(0.0042560559 0.00012453205 0)
(0.0042699382 0.0001198976 0)
(0.004283388 0.00011553048 0)
(0.0042964306 0.0001114216 0)
(0.0043090898 0.00010756191 0)
(0.004321388 0.00010394218 0)
(0.004333346 0.00010055279 0)
(0.004344983 9.7383601e-05 0)
(0.004356316 9.4423914e-05 0)
(0.0043673604 9.1662592e-05 0)
(0.0043781298 8.9088136e-05 0)
(0.0043886363 8.6688725e-05 0)
(0.0043988908 8.4452283e-05 0)
(0.0044089031 8.2366626e-05 0)
(0.0044186822 8.0419642e-05 0)
(0.0044282365 7.859949e-05 0)
(0.0044375744 7.6894795e-05 0)
(0.0044467041 7.5294862e-05 0)
(0.0044556341 7.3789918e-05 0)
(0.0044643732 7.2371216e-05 0)
(0.0044729308 7.1031206e-05 0)
(0.004481317 6.9763668e-05 0)
(0.004489543 6.8563738e-05 0)
(0.0044976205 6.7427836e-05 0)
(0.0045055628 6.635346e-05 0)
(0.0045133837 6.5338298e-05 0)
(0.0045210971 6.4379375e-05 0)
(0.0045287162 6.3473964e-05 0)
(0.004536253 6.2620759e-05 0)
(0.0045437195 6.1819426e-05 0)
(0.004551127 6.1069471e-05 0)
(0.0045584851 6.0369552e-05 0)
(0.0045658016 5.9717855e-05 0)
(0.0045730833 5.9112137e-05 0)
(0.0045803352 5.8549772e-05 0)
(0.0045875607 5.8027965e-05 0)
(0.004594761 5.7544008e-05 0)
(0.0046019352 5.7095584e-05 0)
(0.0046090802 5.6681082e-05 0)
(0.0046161916 5.629981e-05 0)
(0.0046232638 5.595202e-05 0)
(0.0046302911 5.5638786e-05 0)
(0.0046372688 5.536169e-05 0)
(0.0046441958 5.5122189e-05 0)
(0.0046510724 5.4921342e-05 0)
(0.0046578993 5.4758128e-05 0)
(0.0046646792 5.4630686e-05 0)
(0.0046714166 5.4538487e-05 0)
(0.0046781187 5.4483962e-05 0)
(0.0046847969 5.4469869e-05 0)
(0.0046914693 5.4491873e-05 0)
(0.0046981522 5.4538839e-05 0)
(0.0047048566 5.4598688e-05 0)
(0.0047115932 5.4660836e-05 0)
(0.0047183732 5.4715893e-05 0)
(0.0047252059 5.4755975e-05 0)
(0.0047321002 5.4773589e-05 0)
(0.0047390619 5.4758488e-05 0)
(0.0047460835 5.4703381e-05 0)
(0.004753155 5.4605586e-05 0)
(0.0047602702 5.4465472e-05 0)
(0.0047674185 5.4285261e-05 0)
(0.0047745801 5.4065099e-05 0)
(0.0047817244 5.3796171e-05 0)
(0.0047888163 5.3446998e-05 0)
(0.0047958387 5.2960225e-05 0)
(0.0048028023 5.2294148e-05 0)
(0.0048097253 5.1454093e-05 0)
(0.0048166157 5.0468168e-05 0)
(0.0048234662 4.9367305e-05 0)
(0.0048302601 4.8182377e-05 0)
(0.0048369791 4.6942355e-05 0)
(0.0048436087 4.5670092e-05 0)
(0.0048501371 4.437779e-05 0)
(0.0048565507 4.3067737e-05 0)
(0.0048628334 4.1738734e-05 0)
(0.0048689721 4.0389312e-05 0)
(0.0048749581 3.9013435e-05 0)
(0.0048807824 3.759818e-05 0)
(0.0048864331 3.6126221e-05 0)
(0.0048918931 3.4576722e-05 0)
(0.0048971425 3.2938283e-05 0)
(0.0049021671 3.1209733e-05 0)
(0.0049069572 2.9384499e-05 0)
(0.0049114929 2.7447972e-05 0)
(0.0049157344 2.5397171e-05 0)
(0.0049196374 2.3263894e-05 0)
(0.004923184 2.1103012e-05 0)
(0.00492639 1.8959763e-05 0)
(0.0049292804 1.685923e-05 0)
(0.0049318693 1.4819836e-05 0)
(0.0049341638 1.2880494e-05 0)
(0.0049361652 1.1087632e-05 0)
(0.004937883 9.4393869e-06 0)
(0.0049393394 7.9282298e-06 0)
(0.004940562 6.5817243e-06 0)
(0.0049415816 5.4229453e-06 0)
(0.0049424309 4.4397172e-06 0)
(0.0049431344 3.5816475e-06 0)
(0.0049437033 2.826822e-06 0)
(0.0049441689 2.1936295e-06 0)
(0.0049444693 1.6812287e-06 0)
(0.0049447138 1.2597576e-06 0)
(0.0049448963 9.1064271e-07 0)
(0.0049450178 6.2608291e-07 0)
(0.0049450937 4.0151079e-07 0)
(0.0049451343 2.2676825e-07 0)
(0.0049451473 9.3023392e-08 0)
(0.0049451386 -5.5671594e-09 0)
(0.0049451123 -7.5428891e-08 0)
(0.0049450731 -1.2316337e-07 0)
(0.0049450265 -1.5363301e-07 0)
(0.0049449774 -1.7008184e-07 0)
(0.0049449291 -1.7502906e-07 0)
(0.0049448836 -1.7077023e-07 0)
(0.004944842 -1.5959551e-07 0)
(0.0049448051 -1.4379038e-07 0)
(0.004944773 -1.2547344e-07 0)
(0.0049447456 -1.0641919e-07 0)
(0.0049447228 -8.7972259e-08 0)
(0.004944704 -7.1047767e-08 0)
(0.0049446889 -5.6179917e-08 0)
(0.004944677 -4.3590556e-08 0)
(0.0049446678 -3.3264737e-08 0)
(0.0049446607 -2.5026382e-08 0)
(0.0049446554 -1.8607104e-08 0)
(0.0049446515 -1.3702317e-08 0)
(0.0049446486 -1.0011862e-08 0)
(0.0049446466 -7.2654799e-09 0)
(0.0049446451 -5.2353929e-09 0)
(0.004944644 -3.7392816e-09 0)
(0.0049446432 -2.6370562e-09 0)
(0.0049446427 -1.8243838e-09 0)
(0.0049446423 -1.2251855e-09 0)
(0.0049446421 -7.8438473e-10 0)
(0.0049446419 -4.6260251e-10 0)
(0.0049446418 -2.310347e-10 0)
(0.0049446418 -6.7975762e-11 0)
(0.0049446418 4.3034516e-11 0)
(0.0049446418 1.1499056e-10 0)
(0.0049446418 1.5834901e-10 0)
(0.0049446418 1.8120868e-10 0)
(0.0049446419 1.8954943e-10 0)
(0.0049446419 1.8778177e-10 0)
(0.0049446419 1.7913204e-10 0)
(0.004944642 1.6585401e-10 0)
(0.004944642 1.4962218e-10 0)
(0.004944642 1.3175149e-10 0)
(0.004944642 1.1325208e-10 0)
(0.0049446421 9.4871055e-11 0)
(0.0049446421 7.7154169e-11 0)
(0.0049446421 6.0492231e-11 0)
(0.0049446421 4.5145964e-11 0)
(0.0049446421 3.1263672e-11 0)
(0.0049446421 1.8905399e-11 0)
(0.0049446422 8.070273e-12 0)
(0.0049446422 -1.2845776e-12 0)
(0.0049446422 -9.2325279e-12 0)
(0.0049446422 -1.5871347e-11 0)
(0.0049446422 -2.131307e-11 0)
(0.0049446422 -2.5668534e-11 0)
(0.0049446422 -2.9039471e-11 0)
(0.0049446422 -3.1514298e-11 0)
(0.0049446422 -3.3162684e-11 0)
(0.0049446422 -3.4063483e-11 0)
(0.0049446422 -3.4319143e-11 0)
(0.0049446422 -3.3974125e-11 0)
(0.0049446422 -3.3065786e-11 0)
(0.0049446422 -3.164874e-11 0)
(0.0049446422 -2.9740385e-11 0)
(0.0049446422 -2.7362485e-11 0)
(0.0049446422 -2.4511643e-11 0)
(0.0049446422 -2.1196773e-11 0)
(0.0049446422 -1.7432077e-11 0)
(0.0049446422 -1.3255464e-11 0)
(0.0049446422 -8.6547091e-12 0)
(0.0049446422 -3.7587216e-12 0)
(0.0049446422 1.6948217e-12 0)
(0.0049446422 7.7243271e-12 0)
(0.0049446422 1.0731625e-11 0)
(0.0026697934 0.00023356251 0)
(0.002736245 0.00021940431 0)
(0.0027978859 0.00020944641 0)
(0.0028600546 0.00020049573 0)
(0.0029204792 0.00019112674 0)
(0.0029776865 0.00018184628 0)
(0.0030320049 0.00017316944 0)
(0.0030840177 0.00016512197 0)
(0.0031339241 0.00015757813 0)
(0.0031817411 0.0001504735 0)
(0.0032275226 0.0001437881 0)
(0.0032713751 0.00013749789 0)
(0.0033134022 0.0001315665 0)
(0.0033536963 0.00012595977 0)
(0.003392346 0.00012065149 0)
(0.0034294415 0.00011562109 0)
(0.0034650717 0.00011085126 0)
(0.0034993222 0.00010632729 0)
(0.0035322743 0.00010203708 0)
(0.0035640058 9.7970867e-05 0)
(0.0035945907 9.4120798e-05 0)
(0.0036240989 9.0480573e-05 0)
(0.0036525964 8.7044723e-05 0)
(0.0036801447 8.3807828e-05 0)
(0.0037068014 8.076511e-05 0)
(0.0037326196 7.7911868e-05 0)
(0.0037576483 7.5243037e-05 0)
(0.0037819329 7.2752957e-05 0)
(0.0038055148 7.0435228e-05 0)
(0.0038284322 6.828263e-05 0)
(0.0038507202 6.6287107e-05 0)
(0.0038724111 6.4439765e-05 0)
(0.0038935347 6.2730941e-05 0)
(0.0039141192 6.1150337e-05 0)
(0.0039341909 5.9687201e-05 0)
(0.003953775 5.8330538e-05 0)
(0.0039728957 5.7069308e-05 0)
(0.0039915769 5.5892612e-05 0)
(0.0040098417 5.4790436e-05 0)
(0.0040277135 5.3753326e-05 0)
(0.0040452155 5.2772687e-05 0)
(0.004062371 5.1841075e-05 0)
(0.0040792039 5.0952291e-05 0)
(0.0040957379 5.0101379e-05 0)
(0.0041119971 4.9284551e-05 0)
(0.0041280058 4.8499014e-05 0)
(0.0041437876 4.774281e-05 0)
(0.0041593654 4.7014932e-05 0)
(0.0041747608 4.6315471e-05 0)
(0.0041899939 4.5645354e-05 0)
(0.0042050831 4.5005865e-05 0)
(0.0042200453 4.4398238e-05 0)
(0.0042348947 4.3823892e-05 0)
(0.0042496432 4.3284169e-05 0)
(0.0042643003 4.2779961e-05 0)
(0.0042788728 4.2311949e-05 0)
(0.0042933654 4.1880586e-05 0)
(0.0043077804 4.1486143e-05 0)
(0.0043221189 4.1128797e-05 0)
(0.0043363812 4.0808695e-05 0)
(0.004350567 4.0525945e-05 0)
(0.0043646765 4.0280544e-05 0)
(0.0043787105 4.0072244e-05 0)
(0.0043926712 3.9900179e-05 0)
(0.0044065619 3.9762633e-05 0)
(0.0044203874 3.9656848e-05 0)
(0.0044341528 3.9579232e-05 0)
(0.0044478645 3.9526421e-05 0)
(0.0044615301 3.9496349e-05 0)
(0.0044751603 3.9487676e-05 0)
(0.0044887677 3.9496339e-05 0)
(0.0045023633 3.9513292e-05 0)
(0.0045159548 3.9528836e-05 0)
(0.0045295478 3.9535044e-05 0)
(0.0045431462 3.9524967e-05 0)
(0.0045567522 3.9493056e-05 0)
(0.0045703665 3.9435735e-05 0)
(0.0045839875 3.934895e-05 0)
(0.0045976095 3.9229372e-05 0)
(0.0046112246 3.9080909e-05 0)
(0.0046248252 3.8912115e-05 0)
(0.0046384011 3.8735983e-05 0)
(0.0046519354 3.8569607e-05 0)
(0.0046653922 3.8423561e-05 0)
(0.0046787142 3.825323e-05 0)
(0.0046918657 3.7924177e-05 0)
(0.004704867 3.7347712e-05 0)
(0.0047177374 3.6580942e-05 0)
(0.004730449 3.5703738e-05 0)
(0.0047429611 3.4763018e-05 0)
(0.0047552417 3.3788198e-05 0)
(0.0047672648 3.2800365e-05 0)
(0.0047790092 3.1811861e-05 0)
(0.0047904603 3.0827133e-05 0)
(0.0048016064 2.9845291e-05 0)
(0.0048124368 2.8862959e-05 0)
(0.0048229412 2.7875202e-05 0)
(0.0048331094 2.687449e-05 0)
(0.0048429299 2.5850776e-05 0)
(0.004852388 2.4792888e-05 0)
(0.0048614645 2.368988e-05 0)
(0.0048701357 2.2533552e-05 0)
(0.0048783768 2.1318437e-05 0)
(0.0048861631 2.0039535e-05 0)
(0.0048934673 1.8692899e-05 0)
(0.0049002575 1.7281797e-05 0)
(0.0049065038 1.5823897e-05 0)
(0.0049121906 1.4348609e-05 0)
(0.0049173201 1.2885151e-05 0)
(0.004921905 1.1455167e-05 0)
(0.0049259603 1.0075181e-05 0)
(0.0049295036 8.7617171e-06 0)
(0.0049325618 7.5296576e-06 0)
(0.0049351734 6.3910821e-06 0)
(0.0049373782 5.3586359e-06 0)
(0.0049392145 4.4422066e-06 0)
(0.0049407265 3.6461909e-06 0)
(0.004941964 2.9649526e-06 0)
(0.0049429699 2.3825627e-06 0)
(0.0049437724 1.8876759e-06 0)
(0.0049443984 1.4798565e-06 0)
(0.0049448796 1.1466685e-06 0)
(0.0049452418 8.6269837e-07 0)
(0.0049455092 6.268609e-07 0)
(0.004945676 4.4020499e-07 0)
(0.0049457898 2.910043e-07 0)
(0.0049458585 1.6942467e-07 0)
(0.0049458893 7.5854523e-08 0)
(0.0049458905 1.2339e-08 0)
(0.0049458685 -2.9394151e-08 0)
(0.0049458301 -5.8802788e-08 0)
(0.0049457824 -8.0207526e-08 0)
(0.0049457305 -9.4448652e-08 0)
(0.0049456779 -1.0163976e-07 0)
(0.004945627 -1.0225527e-07 0)
(0.0049455795 -9.7308314e-08 0)
(0.0049455366 -8.826362e-08 0)
(0.0049454988 -7.6783815e-08 0)
(0.004945466 -6.4385147e-08 0)
(0.0049454384 -5.2256949e-08 0)
(0.0049454155 -4.122251e-08 0)
(0.004945397 -3.1751138e-08 0)
(0.0049453822 -2.3999933e-08 0)
(0.0049453707 -1.7892314e-08 0)
(0.0049453619 -1.3214694e-08 0)
(0.0049453552 -9.7016886e-09 0)
(0.0049453501 -7.0939519e-09 0)
(0.0049453463 -5.1682038e-09 0)
(0.0049453434 -3.7467193e-09 0)
(0.0049453413 -2.6949721e-09 0)
(0.0049453397 -1.9142315e-09 0)
(0.0049453386 -1.3332048e-09 0)
(0.0049453377 -9.0066283e-10 0)
(0.004945337 -5.7967137e-10 0)
(0.0049453366 -3.4360951e-10 0)
(0.0049453362 -1.7247406e-10 0)
(0.004945336 -5.1067992e-11 0)
(0.0049453358 3.3738223e-11 0)
(0.0049453357 9.0210279e-11 0)
(0.0049453357 1.2158335e-10 0)
(0.0049453356 1.364835e-10 0)
(0.0049453356 1.4186193e-10 0)
(0.0049453356 1.4137445e-10 0)
(0.0049453356 1.3566538e-10 0)
(0.0049453357 1.267099e-10 0)
(0.0049453357 1.1636583e-10 0)
(0.0049453357 1.0310601e-10 0)
(0.0049453357 8.8717601e-11 0)
(0.0049453358 7.4155536e-11 0)
(0.0049453358 5.9870436e-11 0)
(0.0049453358 4.6194939e-11 0)
(0.0049453358 3.340841e-11 0)
(0.0049453358 2.171974e-11 0)
(0.0049453358 1.125838e-11 0)
(0.0049453359 2.0805101e-12 0)
(0.0049453359 -5.8196784e-12 0)
(0.0049453359 -1.249864e-11 0)
(0.0049453359 -1.8047552e-11 0)
(0.0049453359 -2.2569674e-11 0)
(0.0049453359 -2.6165449e-11 0)
(0.0049453359 -2.8928345e-11 0)
(0.0049453359 -3.0948015e-11 0)
(0.0049453359 -3.2280403e-11 0)
(0.0049453359 -3.2946836e-11 0)
(0.0049453359 -3.3052226e-11 0)
(0.0049453359 -3.2758669e-11 0)
(0.0049453359 -3.2025401e-11 0)
(0.0049453359 -3.0892643e-11 0)
(0.0049453359 -2.9458516e-11 0)
(0.0049453359 -2.7727795e-11 0)
(0.0049453359 -2.5729313e-11 0)
(0.0049453359 -2.3468098e-11 0)
(0.0049453359 -2.0984458e-11 0)
(0.0049453359 -1.8305382e-11 0)
(0.0049453359 -1.5573898e-11 0)
(0.0049453359 -1.2561189e-11 0)
(0.0049453359 -1.0823972e-11 0)
(0.0049453359 -7.1441573e-12 0)
(0.0049453359 -1.6984305e-12 0)
(0.0049453359 -2.7156701e-13 0)
(0.0017274326 8.9774416e-05 0)
(0.00183158 8.3582437e-05 0)
(0.0019310806 8.0157796e-05 0)
(0.0020269729 7.7019792e-05 0)
(0.0021187827 7.3574293e-05 0)
(0.0022060327 7.0126251e-05 0)
(0.0022888584 6.6887857e-05 0)
(0.00236766 6.3860474e-05 0)
(0.0024427561 6.100746e-05 0)
(0.0025143555 5.8316534e-05 0)
(0.0025826443 5.5780409e-05 0)
(0.0026478219 5.3383317e-05 0)
(0.0027100839 5.1105422e-05 0)
(0.0027696089 4.8931203e-05 0)
(0.0028265609 4.6849661e-05 0)
(0.0028810937 4.4852352e-05 0)
(0.0029333525 4.2932814e-05 0)
(0.0029834738 4.1086793e-05 0)
(0.0030315855 3.9312287e-05 0)
(0.0030778076 3.760925e-05 0)
(0.0031222528 3.5979154e-05 0)
(0.0031650266 3.4424311e-05 0)
(0.003206227 3.2947868e-05 0)
(0.0032459466 3.1554001e-05 0)
(0.0032842725 3.0246333e-05 0)
(0.0033212858 2.902777e-05 0)
(0.0033570622 2.7900361e-05 0)
(0.0033916725 2.6865095e-05 0)
(0.0034251831 2.592172e-05 0)
(0.0034576558 2.5068607e-05 0)
(0.003489149 2.4302698e-05 0)
(0.0035197173 2.3619515e-05 0)
(0.003549412 2.3013242e-05 0)
(0.003578282 2.2476864e-05 0)
(0.0036063731 2.200238e-05 0)
(0.0036337293 2.1581058e-05 0)
(0.003660392 2.1203766e-05 0)
(0.0036864018 2.0861412e-05 0)
(0.0037117974 2.0544747e-05 0)
(0.0037366158 2.0245153e-05 0)
(0.003760893 1.9954845e-05 0)
(0.0037846641 1.9667062e-05 0)
(0.0038079632 1.9376273e-05 0)
(0.0038308234 1.9078271e-05 0)
(0.0038532767 1.8770155e-05 0)
(0.0038753544 1.8450347e-05 0)
(0.0038970864 1.8118596e-05 0)
(0.0039185015 1.7775975e-05 0)
(0.0039396264 1.7424841e-05 0)
(0.0039604864 1.7068707e-05 0)
(0.0039811048 1.6711992e-05 0)
(0.0040015029 1.6359705e-05 0)
(0.0040216996 1.6017135e-05 0)
(0.0040417107 1.5689529e-05 0)
(0.0040615498 1.5381982e-05 0)
(0.0040812281 1.5098832e-05 0)
(0.0041007543 1.4843528e-05 0)
(0.0041201352 1.4618567e-05 0)
(0.004139376 1.442549e-05 0)
(0.0041584818 1.4264989e-05 0)
(0.004177457 1.4137119e-05 0)
(0.0041963064 1.4041339e-05 0)
(0.0042150353 1.3976426e-05 0)
(0.0042336497 1.394038e-05 0)
(0.004252156 1.3930397e-05 0)
(0.0042705616 1.394291e-05 0)
(0.0042888738 1.397384e-05 0)
(0.0043071003 1.4018991e-05 0)
(0.0043252491 1.4074311e-05 0)
(0.0043433292 1.4135715e-05 0)
(0.0043613504 1.4198471e-05 0)
(0.0043793219 1.4257424e-05 0)
(0.0043972508 1.4308119e-05 0)
(0.004415141 1.4346804e-05 0)
(0.004432994 1.4369857e-05 0)
(0.0044508087 1.4374088e-05 0)
(0.0044685825 1.4357175e-05 0)
(0.004486311 1.4317629e-05 0)
(0.0045039881 1.425533e-05 0)
(0.0045216072 1.4172408e-05 0)
(0.0045391638 1.4074022e-05 0)
(0.0045566591 1.3972693e-05 0)
(0.0045741049 1.389784e-05 0)
(0.0045915138 1.390702e-05 0)
(0.0046089796 1.4010226e-05 0)
(0.0046265617 1.4037383e-05 0)
(0.0046438752 1.3844313e-05 0)
(0.0046609205 1.3490577e-05 0)
(0.0046776171 1.3063609e-05 0)
(0.0046938932 1.2613352e-05 5.9852516e-38)
(0.0047097311 1.2164104e-05 0)
(0.0047251281 1.1727489e-05 1.1758832e-37)
(0.0047400818 1.1307386e-05 0)
(0.0047545921 1.0903489e-05 0)
(0.0047686595 1.0513675e-05 0)
(0.0047822821 1.0135055e-05 0)
(0.0047954552 9.7642689e-06 0)
(0.0048081713 9.3973711e-06 0)
(0.0048204188 9.0297545e-06 0)
(0.0048321816 8.6563579e-06 0)
(0.0048434383 8.2720565e-06 0)
(0.0048541631 7.8724216e-06 0)
(0.0048643276 7.4542692e-06 0)
(0.0048739022 7.015428e-06 0)
(0.0048828563 6.5547384e-06 0)
(0.0048911592 6.0733353e-06 0)
(0.0048987851 5.5761726e-06 0)
(0.0049057189 5.0713247e-06 0)
(0.0049119604 4.5672113e-06 0)
(0.0049175215 4.0709076e-06 0)
(0.0049224233 3.5888563e-06 0)
(0.0049266945 3.1282548e-06 0)
(0.0049303726 2.6967908e-06 0)
(0.0049335023 2.3000502e-06 0)
(0.0049361324 1.940482e-06 0)
(0.0049383149 1.619745e-06 0)
(0.0049401053 1.3392998e-06 0)
(0.0049415599 1.0981246e-06 0)
(0.0049427294 8.915622e-07 0)
(0.004943656 7.1509362e-07 0)
(0.0049443782 5.6703287e-07 0)
(0.0049449335 4.4386234e-07 0)
(0.0049453525 3.4102279e-07 0)
(0.0049456582 2.5825098e-07 -2.0504839e-38)
(0.0049458715 1.9215611e-07 0)
(0.0049460127 1.3330936e-07 0)
(0.0049460962 8.2020054e-08 0)
(0.0049461193 4.5951886e-08 1.9428843e-38)
(0.0049461196 2.6075012e-08 0)
(0.0049461024 1.423291e-08 0)
(0.0049460706 3.8535687e-09 0)
(0.0049460288 -6.1880157e-09 0)
(0.0049459804 -1.4776781e-08 0)
(0.0049459279 -2.1026517e-08 0)
(0.004945874 -2.4628232e-08 -1.7550559e-38)
(0.0049458217 -2.562092e-08 0)
(0.0049457733 -2.440594e-08 0)
(0.0049457303 -2.1693784e-08 0)
(0.0049456935 -1.8244546e-08 0)
(0.004945663 -1.4647244e-08 0)
(0.0049456384 -1.1279044e-08 -1.5942866e-38)
(0.0049456189 -8.35175e-09 0)
(0.0049456037 -5.9539181e-09 0)
(0.004945592 -4.0830206e-09 0)
(0.0049455829 -2.679748e-09 0)
(0.004945576 -1.6601068e-09 0)
(0.0049455707 -9.3824806e-10 0)
(0.0049455665 -4.3882425e-10 1.4067607e-38)
(0.0049455633 -1.0133559e-10 0)
(0.0049455608 1.2023686e-10 0)
(0.0049455589 2.5980501e-10 0)
(0.0049455574 3.419038e-10 -1.2995872e-38)
(0.0049455562 3.8405673e-10 0)
(0.0049455553 3.9862065e-10 0)
(0.0049455546 3.9417609e-10 0)
(0.0049455541 3.7733865e-10 1.1924084e-38)
(0.0049455537 3.5265533e-10 0)
(0.0049455534 3.2316705e-10 0)
(0.0049455532 2.9117776e-10 0)
(0.0049455531 2.5834887e-10 0)
(0.004945553 2.2604777e-10 0)
(0.0049455529 1.953728e-10 0)
(0.0049455529 1.6710748e-10 -4.0193616e-38)
(0.0049455528 1.4190384e-10 0)
(0.0049455528 1.2021013e-10 1.9024982e-38)
(0.0049455528 1.0076778e-10 0)
(0.0049455529 8.203621e-11 0)
(0.0049455529 6.4122004e-11 0)
(0.0049455529 4.7440896e-11 3.3762649e-38)
(0.0049455529 3.2290001e-11 0)
(0.0049455529 1.8818841e-11 0)
(0.0049455529 7.0674185e-12 0)
(0.004945553 -2.9958392e-12 1.4737665e-38)
(0.004945553 -1.1447268e-11 2.8403499e-38)
(0.004945553 -1.8398241e-11 0)
(0.004945553 -2.3987059e-11 0)
(0.004945553 -2.8369083e-11 0)
(0.004945553 -3.1704453e-11 0)
(0.004945553 -3.4136205e-11 0)
(0.004945553 -3.5785632e-11 0)
(0.004945553 -3.6761401e-11 1.0450343e-38)
(0.0049455531 -3.7158503e-11 1.9828855e-38)
(0.0049455531 -3.7051861e-11 0)
(0.0049455531 -3.6505687e-11 0)
(0.0049455531 -3.5593865e-11 0)
(0.0049455531 -3.4386852e-11 0)
(0.0049455531 -3.2966446e-11 7.2348516e-39)
(0.0049455531 -3.1401596e-11 0)
(0.0049455531 -2.9738902e-11 0)
(0.0049455531 -2.7985121e-11 5.627106e-39)
(0.0049455531 -2.6169668e-11 1.0182381e-38)
(0.0049455531 -2.4296622e-11 4.5552754e-39)
(0.0049455531 -2.2388842e-11 0)
(0.0049455531 -2.0486992e-11 0)
(0.0049455531 -1.8552948e-11 0)
(0.0049455531 -1.7026895e-11 0)
(0.0049455531 -1.7163915e-11 3.7513974e-39)
(0.0049455531 -7.5460052e-12 1.3397835e-39)
(0.0049455531 -3.3767737e-12 1.6077356e-39)
(0.0049455531 -1.2439691e-11 2.7048061e-40)
(0.0017276829 -9.1199221e-05 0)
(0.0018317121 -8.501797e-05 0)
(0.0019310822 -8.1505165e-05 0)
(0.0020268414 -7.8191157e-05 0)
(0.0021185248 -7.4497263e-05 0)
(0.0022056637 -7.0743967e-05 0)
(0.0022884006 -6.7160691e-05 0)
(0.0023671387 -6.3767182e-05 0)
(0.0024421963 -6.054736e-05 0)
(0.0025137844 -5.7510503e-05 0)
(0.002582092 -5.4667929e-05 0)
(0.0026473163 -5.2018353e-05 0)
(0.0027096493 -4.9554493e-05 0)
(0.0027692659 -4.7270341e-05 0)
(0.0028263253 -4.5160192e-05 0)
(0.0028809759 -4.32166e-05 0)
(0.0029333572 -4.1430103e-05 0)
(0.0029836 -3.9789735e-05 0)
(0.0030318264 -3.8283427e-05 0)
(0.0030781515 -3.6898242e-05 0)
(0.0031226831 -3.5620645e-05 0)
(0.0031655229 -3.4437041e-05 0)
(0.0032067681 -3.3333954e-05 0)
(0.0032465097 -3.2297894e-05 0)
(0.0032848332 -3.1316422e-05 0)
(0.00332182 -3.0378291e-05 0)
(0.0033575477 -2.9473611e-05 0)
(0.0033920896 -2.8594028e-05 0)
(0.0034255151 -2.7732898e-05 0)
(0.0034578903 -2.6885403e-05 0)
(0.0034892775 -2.6048603e-05 0)
(0.003519736 -2.5221409e-05 0)
(0.0035493217 -2.4404478e-05 0)
(0.0035780877 -2.3600054e-05 0)
(0.0036060842 -2.2811733e-05 0)
(0.0036333585 -2.2044178e-05 0)
(0.0036599556 -2.1302749e-05 0)
(0.0036859177 -2.0593101e-05 0)
(0.0037112844 -1.9921529e-05 0)
(0.0037360941 -1.9293946e-05 0)
(0.0037603828 -1.8715591e-05 0)
(0.0037841846 -1.8190834e-05 0)
(0.0038075319 -1.7722897e-05 0)
(0.0038304554 -1.7313913e-05 0)
(0.0038529841 -1.6964853e-05 0)
(0.003875146 -1.6675239e-05 0)
(0.0038969676 -1.6443025e-05 0)
(0.003918474 -1.6264639e-05 0)
(0.003939689 -1.6135115e-05 0)
(0.0039606343 -1.6048252e-05 0)
(0.0039813304 -1.5996778e-05 0)
(0.0040017959 -1.5972559e-05 0)
(0.0040220473 -1.5966913e-05 0)
(0.0040420994 -1.5970979e-05 0)
(0.0040619648 -1.5976018e-05 0)
(0.0040816536 -1.5974116e-05 0)
(0.0041011745 -1.5958588e-05 0)
(0.0041205347 -1.5924346e-05 0)
(0.0041397406 -1.5868179e-05 0)
(0.0041587987 -1.5788713e-05 0)
(0.0041777159 -1.5685762e-05 0)
(0.0041964996 -1.5560213e-05 0)
(0.0042151577 -1.5414017e-05 0)
(0.0042336988 -1.5250046e-05 0)
(0.004252132 -1.5071905e-05 0)
(0.0042704671 -1.4883648e-05 0)
(0.0042887137 -1.4689461e-05 0)
(0.0043068814 -1.4493468e-05 0)
(0.00432498 -1.42998e-05 0)
(0.0043430192 -1.4112807e-05 0)
(0.0043610094 -1.3937024e-05 0)
(0.0043789608 -1.3776149e-05 0)
(0.0043968814 -1.3631776e-05 0)
(0.0044147754 -1.3504274e-05 0)
(0.0044326431 -1.339352e-05 0)
(0.0044504827 -1.3298691e-05 0)
(0.0044682902 -1.3218431e-05 0)
(0.0044860596 -1.3150815e-05 0)
(0.0045037828 -1.3094211e-05 0)
(0.0045214507 -1.3048967e-05 0)
(0.0045390562 -1.3018413e-05 0)
(0.0045565982 -1.3012493e-05 0)
(0.0045740863 -1.305667e-05 0)
(0.0045915315 -1.320308e-05 0)
(0.0046090265 -1.3455179e-05 0)
(0.0046266253 -1.363793e-05 0)
(0.004643959 -1.3603036e-05 0)
(0.0046610244 -1.3405522e-05 0)
(0.0046777382 -1.3128618e-05 0)
(0.0046940274 -1.2819304e-05 -5.9852255e-38)
(0.0047098734 -1.2499029e-05 0)
(0.004725274 -1.2176362e-05 -1.1758758e-37)
(0.0047402269 -1.1852511e-05 0)
(0.0047547327 -1.1525213e-05 0)
(0.0047687924 -1.1191223e-05 0)
(0.0047824045 -1.0847371e-05 0)
(0.0047955652 -1.0490764e-05 0)
(0.0048082672 -1.0118603e-05 0)
(0.0048205 -9.7279853e-06 0)
(0.0048322478 -9.3159085e-06 0)
(0.0048434897 -8.8795684e-06 0)
(0.0048542005 -8.4170871e-06 0)
(0.004864352 -7.9280276e-06 0)
(0.0048739148 -7.4130687e-06 0)
(0.0048828584 -6.8739187e-06 0)
(0.0048911525 -6.3145348e-06 0)
(0.004898771 -5.7424785e-06 0)
(0.0049056991 -5.1679476e-06 0)
(0.0049119363 -4.6008799e-06 0)
(0.0049174946 -4.0493786e-06 0)
(0.0049223948 -3.5205842e-06 0)
(0.0049266654 -3.0220445e-06 0)
(0.0049303436 -2.5613447e-06 0)
(0.004933474 -2.1435482e-06 0)
(0.0049361053 -1.770398e-06 0)
(0.0049382893 -1.4426411e-06 0)
(0.0049400816 -1.1606203e-06 0)
(0.0049415382 -9.2213547e-07 0)
(0.0049427097 -7.2148094e-07 0)
(0.0049436381 -5.5337252e-07 0)
(0.0049443621 -4.152701e-07 0)
(0.004944919 -3.0284755e-07 0)
(0.0049453392 -2.1127784e-07 0)
(0.004945646 -1.3889094e-07 2.0504861e-38)
(0.0049458603 -8.1466285e-08 0)
(0.0049460038 -3.2581363e-08 0)
(0.0049460871 6.5752679e-09 0)
(0.0049461111 3.1808037e-08 -1.9428852e-38)
(0.0049461127 4.2908108e-08 0)
(0.0049460957 4.6368948e-08 0)
(0.0049460646 4.891998e-08 0)
(0.0049460237 5.2034023e-08 0)
(0.0049459763 5.4508515e-08 0)
(0.0049459246 5.5403149e-08 0)
(0.0049458713 5.4406653e-08 1.7550557e-38)
(0.0049458194 5.1576625e-08 0)
(0.0049457712 4.7251299e-08 0)
(0.0049457285 4.1936497e-08 0)
(0.004945692 3.6165788e-08 0)
(0.0049456617 3.0431705e-08 0)
(0.0049456373 2.5121e-08 1.5942865e-38)
(0.0049456179 2.0469611e-08 0)
(0.0049456028 1.6563281e-08 0)
(0.0049455912 1.3375087e-08 0)
(0.0049455822 1.0815506e-08 0)
(0.0049455753 8.7742462e-09 0)
(0.00494557 7.1457573e-09 0)
(0.004945566 5.8404997e-09 -1.4067607e-38)
(0.0049455628 4.7872981e-09 0)
(0.0049455604 3.9314251e-09 0)
(0.0049455585 3.2313459e-09 0)
(0.004945557 2.6555553e-09 1.2995872e-38)
(0.0049455559 2.1800133e-09 0)
(0.004945555 1.786234e-09 0)
(0.0049455544 1.4599231e-09 0)
(0.0049455539 1.189079e-09 -1.1924083e-38)
(0.0049455535 9.6378472e-10 0)
(0.0049455532 7.7598999e-10 0)
(0.0049455531 6.1835146e-10 0)
(0.0049455529 4.8632099e-10 0)
(0.0049455528 3.7873946e-10 0)
(0.0049455528 2.9311901e-10 0)
(0.0049455528 2.2517289e-10 4.0193616e-38)
(0.0049455528 1.7097621e-10 0)
(0.0049455528 1.2744324e-10 -1.9024982e-38)
(0.0049455528 9.2205428e-11 0)
(0.0049455528 6.3330786e-11 0)
(0.0049455528 3.9473792e-11 0)
(0.0049455528 1.9730231e-11 -3.3762649e-38)
(0.0049455529 3.4631401e-12 0)
(0.0049455529 -9.7896917e-12 0)
(0.0049455529 -2.0459724e-11 0)
(0.0049455529 -2.8899679e-11 -1.4737665e-38)
(0.004945553 -3.5319491e-11 -2.8403499e-38)
(0.004945553 -3.9963869e-11 0)
(0.004945553 -4.3132141e-11 0)
(0.004945553 -4.5098389e-11 0)
(0.004945553 -4.6096931e-11 0)
(0.004945553 -4.6323736e-11 0)
(0.004945553 -4.5939297e-11 0)
(0.004945553 -4.5072069e-11 -1.0450343e-38)
(0.004945553 -4.3829487e-11 -1.9828855e-38)
(0.0049455531 -4.2303131e-11 0)
(0.0049455531 -4.0560826e-11 0)
(0.0049455531 -3.8674571e-11 0)
(0.0049455531 -3.6727206e-11 0)
(0.0049455531 -3.4775247e-11 -7.2348516e-39)
(0.0049455531 -3.2877783e-11 0)
(0.0049455531 -3.1063994e-11 0)
(0.0049455531 -2.9356993e-11 -5.627106e-39)
(0.0049455531 -2.7771584e-11 -1.0182381e-38)
(0.0049455531 -2.6302881e-11 -4.5552754e-39)
(0.0049455531 -2.4955155e-11 0)
(0.0049455531 -2.3707083e-11 0)
(0.0049455531 -2.2633908e-11 0)
(0.0049455531 -2.1348027e-11 0)
(0.0049455531 -1.8473287e-11 -3.7513974e-39)
(0.0049455531 -2.5676941e-11 -1.3397835e-39)
(0.0049455531 -2.74992e-11 -1.6077356e-39)
(0.0049455531 -1.559126e-11 -2.7048061e-40)
(0.0026703684 -0.00023464706 0)
(0.0027366088 -0.00022046632 0)
(0.0027979952 -0.00021041503 0)
(0.0028598846 -0.00020130233 0)
(0.0029200294 -0.00019171495 0)
(0.0029769785 -0.00018217511 0)
(0.0030310761 -0.00017321422 0)
(0.0030829161 -0.00016487552 0)
(0.0031327059 -0.00015704927 0)
(0.0031804688 -0.00014968496 0)
(0.0032262625 -0.00014277647 0)
(0.0032701889 -0.00013631015 0)
(0.0033123469 -0.00013025839 0)
(0.0033528229 -0.00012459385 0)
(0.0033916978 -0.00011929406 0)
(0.0034290514 -0.00011433861 0)
(0.0034649602 -0.0001097068 0)
(0.0034994966 -0.00010537746 0)
(0.0035327287 -0.00010132931 0)
(0.0035647212 -9.7541241e-05 0)
(0.0035955363 -9.3992399e-05 0)
(0.0036252337 -9.0662189e-05 0)
(0.0036538712 -8.7530838e-05 0)
(0.0036815043 -8.4580054e-05 0)
(0.003708187 -8.1792395e-05 0)
(0.0037339718 -7.9151797e-05 0)
(0.0037589097 -7.6643877e-05 0)
(0.0037830504 -7.4256003e-05 0)
(0.0038064421 -7.1977369e-05 0)
(0.0038291315 -6.9799088e-05 0)
(0.0038511637 -6.7714199e-05 0)
(0.0038725819 -6.5717609e-05 0)
(0.0038934277 -6.3805984e-05 0)
(0.0039137407 -6.19776e-05 0)
(0.0039335581 -6.0232135e-05 0)
(0.0039529154 -5.8570426e-05 0)
(0.0039718456 -5.6994221e-05 0)
(0.0039903793 -5.5505942e-05 0)
(0.0040085452 -5.4107889e-05 0)
(0.0040263695 -5.2802477e-05 0)
(0.0040438766 -5.1591892e-05 0)
(0.0040610888 -5.0477608e-05 0)
(0.0040780261 -4.9459472e-05 0)
(0.0040947066 -4.85369e-05 0)
(0.0041111473 -4.7709259e-05 0)
(0.0041273642 -4.6974674e-05 0)
(0.0041433728 -4.6329324e-05 0)
(0.004159187 -4.5767575e-05 0)
(0.0041748192 -4.5282359e-05 0)
(0.0041902808 -4.486533e-05 0)
(0.0042055819 -4.4506876e-05 0)
(0.0042207321 -4.4196299e-05 0)
(0.0042357397 -4.3922167e-05 0)
(0.0042506117 -4.3672847e-05 0)
(0.004265354 -4.3437249e-05 0)
(0.0042799714 -4.3205268e-05 0)
(0.0042944675 -4.296856e-05 0)
(0.0043088453 -4.2721142e-05 0)
(0.0043231079 -4.246021e-05 0)
(0.0043372598 -4.2186684e-05 0)
(0.004351307 -4.190185e-05 0)
(0.0043652563 -4.1607358e-05 0)
(0.0043791155 -4.1306117e-05 0)
(0.0043928933 -4.1001999e-05 0)
(0.0044065996 -4.0699332e-05 0)
(0.0044202453 -4.0402437e-05 0)
(0.0044338419 -4.0115326e-05 0)
(0.0044474008 -3.9841892e-05 0)
(0.004460934 -3.9586576e-05 0)
(0.0044744539 -3.9354856e-05 0)
(0.0044879748 -3.9152211e-05 0)
(0.0045015113 -3.8980638e-05 0)
(0.0045150735 -3.8834169e-05 0)
(0.0045286652 -3.8705498e-05 0)
(0.0045422877 -3.8590323e-05 0)
(0.0045559406 -3.8485159e-05 0)
(0.0045696223 -3.8386973e-05 0)
(0.0045833278 -3.8289803e-05 0)
(0.0045970464 -3.8187099e-05 0)
(0.004610765 -3.8080335e-05 0)
(0.0046244709 -3.7977313e-05 0)
(0.0046381507 -3.7890034e-05 0)
(0.0046517853 -3.7832759e-05 0)
(0.0046653371 -3.7811716e-05 0)
(0.0046787487 -3.777808e-05 0)
(0.0046919841 -3.7595646e-05 0)
(0.004705063 -3.717341e-05 0)
(0.0047180021 -3.6557779e-05 0)
(0.0047307687 -3.5818335e-05 0)
(0.0047433191 -3.5002818e-05 0)
(0.0047556227 -3.4141707e-05 0)
(0.0047676553 -3.3254015e-05 0)
(0.0047793979 -3.2349474e-05 0)
(0.0047908368 -3.1430636e-05 0)
(0.0048019622 -3.0495643e-05 0)
(0.0048127646 -2.9541007e-05 0)
(0.0048232353 -2.8562303e-05 0)
(0.0048333658 -2.7553201e-05 0)
(0.004843146 -2.6505159e-05 0)
(0.004852563 -2.5408747e-05 0)
(0.0048615989 -2.4255091e-05 0)
(0.0048702316 -2.3038346e-05 0)
(0.0048784369 -2.1755638e-05 0)
(0.0048861909 -2.040456e-05 0)
(0.0048934665 -1.8983745e-05 0)
(0.0049002321 -1.7499129e-05 0)
(0.0049064581 -1.5970944e-05 0)
(0.0049121291 -1.4430591e-05 0)
(0.0049172473 -1.2908537e-05 0)
(0.0049218248 -1.1427155e-05 0)
(0.0049258759 -1.0003554e-05 0)
(0.0049294175 -8.6546286e-06 0)
(0.0049324763 -7.3952563e-06 0)
(0.0049350903 -6.2372948e-06 0)
(0.0049372987 -5.1927222e-06 0)
(0.0049391397 -4.2702766e-06 0)
(0.0049406571 -3.4732687e-06 0)
(0.0049419004 -2.7948575e-06 0)
(0.0049429121 -2.2180835e-06 0)
(0.0049437198 -1.7312356e-06 0)
(0.0049443505 -1.3327702e-06 0)
(0.0049448358 -1.0088786e-06 0)
(0.0049452015 -7.3573162e-07 0)
(0.0049454684 -5.1180155e-07 0)
(0.0049456425 -3.3563029e-07 0)
(0.0049457626 -1.9605852e-07 0)
(0.0049458348 -8.4089472e-08 0)
(0.0049458689 2.2533573e-11 0)
(0.004945873 5.4722073e-08 0)
(0.0049458533 8.8258096e-08 0)
(0.0049458167 1.0995542e-07 0)
(0.0049457706 1.2443664e-07 0)
(0.0049457199 1.3262897e-07 0)
(0.0049456683 1.3461342e-07 0)
(0.0049456184 1.3098392e-07 0)
(0.0049455717 1.2267056e-07 0)
(0.0049455294 1.1073926e-07 0)
(0.0049454921 9.6560073e-08 0)
(0.00494546 8.1691226e-08 0)
(0.004945433 6.7405323e-08 0)
(0.0049454108 5.4525216e-08 0)
(0.0049453928 4.3461671e-08 0)
(0.0049453786 3.4310332e-08 0)
(0.0049453675 2.6953931e-08 0)
(0.0049453591 2.115654e-08 0)
(0.0049453527 1.664005e-08 0)
(0.0049453479 1.3135925e-08 0)
(0.0049453444 1.0412543e-08 0)
(0.0049453418 8.2839611e-09 0)
(0.0049453399 6.6075637e-09 0)
(0.0049453385 5.2768157e-09 0)
(0.0049453374 4.2130199e-09 0)
(0.0049453367 3.3580093e-09 0)
(0.0049453362 2.6683771e-09 0)
(0.0049453358 2.111206e-09 0)
(0.0049453356 1.6609482e-09 0)
(0.0049453354 1.297412e-09 0)
(0.0049453353 1.0044036e-09 0)
(0.0049453353 7.6883268e-10 0)
(0.0049453353 5.8023357e-10 0)
(0.0049453353 4.3029483e-10 0)
(0.0049453353 3.1213269e-10 0)
(0.0049453354 2.1980219e-10 0)
(0.0049453354 1.481871e-10 0)
(0.0049453355 9.2951683e-11 0)
(0.0049453355 5.0483791e-11 0)
(0.0049453356 1.7841999e-11 0)
(0.0049453356 -7.2396897e-12 0)
(0.0049453357 -2.639274e-11 0)
(0.0049453357 -4.0792289e-11 0)
(0.0049453357 -5.132224e-11 0)
(0.0049453358 -5.8691232e-11 0)
(0.0049453358 -6.3492198e-11 0)
(0.0049453358 -6.6219473e-11 0)
(0.0049453358 -6.7285869e-11 0)
(0.0049453358 -6.7044422e-11 0)
(0.0049453359 -6.5796471e-11 0)
(0.0049453359 -6.3795048e-11 0)
(0.0049453359 -6.1253124e-11 0)
(0.0049453359 -5.8347343e-11 0)
(0.0049453359 -5.5215151e-11 0)
(0.0049453359 -5.1959647e-11 0)
(0.0049453359 -4.8668457e-11 0)
(0.0049453359 -4.5417934e-11 0)
(0.0049453359 -4.2267279e-11 0)
(0.0049453359 -3.927556e-11 0)
(0.0049453359 -3.6492185e-11 0)
(0.0049453359 -3.3981991e-11 0)
(0.0049453359 -3.1774208e-11 0)
(0.0049453359 -2.9901704e-11 0)
(0.0049453359 -2.8368461e-11 0)
(0.0049453359 -2.7175009e-11 0)
(0.0049453359 -2.6321614e-11 0)
(0.0049453359 -2.579809e-11 0)
(0.0049453359 -2.5479997e-11 0)
(0.0049453359 -2.5608453e-11 0)
(0.0049453359 -2.4629147e-11 0)
(0.0049453359 -2.5810779e-11 0)
(0.0049453359 -2.9085146e-11 0)
(0.0049453359 -2.7564922e-11 0)
(0.00386662 -0.00030061469 0)
(0.0038898283 -0.00028386604 0)
(0.0039086782 -0.00026982577 0)
(0.0039324363 -0.00025778823 0)
(0.0039573494 -0.00024608385 0)
(0.0039807546 -0.00023477423 0)
(0.0040029338 -0.0002240967 0)
(0.0040246208 -0.00021405517 0)
(0.0040459406 -0.00020456452 0)
(0.0040667378 -0.00019557662 0)
(0.0040869255 -0.00018708062 0)
(0.0041065069 -0.00017904002 0)
(0.0041255038 -0.00017143523 0)
(0.0041439221 -0.00016427381 0)
(0.0041617588 -0.00015753676 0)
(0.0041790174 -0.00015120144 0)
(0.0041957069 -0.00014524499 0)
(0.0042118386 -0.00013964456 0)
(0.0042274253 -0.00013437761 0)
(0.0042424812 -0.00012942207 0)
(0.0042570223 -0.00012475648 0)
(0.0042710659 -0.00012036008 0)
(0.0042846309 -0.00011621301 0)
(0.004297737 -0.00011229654 0)
(0.0043104049 -0.00010859319 0)
(0.0043226561 -0.00010508698 0)
(0.0043345129 -0.00010176347 0)
(0.0043459984 -9.8609795e-05 0)
(0.0043571359 -9.5614671e-05 0)
(0.0043679488 -9.2768493e-05 0)
(0.0043784603 -9.0063289e-05 0)
(0.0043886933 -8.7492605e-05 0)
(0.00439867 -8.5051377e-05 0)
(0.0044084116 -8.2735791e-05 0)
(0.0044179382 -8.0543115e-05 0)
(0.0044272686 -7.8471502e-05 0)
(0.00443642 -7.6519782e-05 0)
(0.0044454081 -7.4687252e-05 0)
(0.0044542466 -7.2973434e-05 0)
(0.004462948 -7.1377952e-05 0)
(0.0044715229 -6.9900532e-05 0)
(0.0044799817 -6.8540419e-05 0)
(0.0044883305 -6.7294861e-05 0)
(0.0044965726 -6.616063e-05 0)
(0.0045047122 -6.5134713e-05 0)
(0.0045127558 -6.4213384e-05 0)
(0.0045207101 -6.3390816e-05 0)
(0.0045285804 -6.26595e-05 0)
(0.0045363702 -6.2011482e-05 0)
(0.0045440822 -6.1438261e-05 0)
(0.0045517182 -6.0930032e-05 0)
(0.0045592799 -6.0475585e-05 0)
(0.0045667685 -6.0062786e-05 0)
(0.004574185 -5.9679147e-05 0)
(0.0045815304 -5.9312508e-05 0)
(0.0045888052 -5.8951942e-05 0)
(0.0045960089 -5.8588774e-05 0)
(0.0046031391 -5.821747e-05 0)
(0.0046101909 -5.7836635e-05 0)
(0.0046171655 -5.7448166e-05 0)
(0.0046240702 -5.7054508e-05 0)
(0.0046309104 -5.6659844e-05 0)
(0.0046376884 -5.626927e-05 0)
(0.0046444075 -5.5888892e-05 0)
(0.0046510736 -5.5525538e-05 0)
(0.0046576946 -5.5185495e-05 0)
(0.0046642806 -5.4873893e-05 0)
(0.0046708428 -5.4595424e-05 0)
(0.0046773934 -5.43559e-05 0)
(0.0046839458 -5.4163101e-05 0)
(0.0046905167 -5.4023751e-05 0)
(0.0046971286 -5.3935305e-05 0)
(0.0047037998 -5.3884227e-05 0)
(0.0047105378 -5.3859241e-05 0)
(0.0047173484 -5.3852419e-05 0)
(0.0047242389 -5.3856926e-05 0)
(0.0047312147 -5.3865246e-05 0)
(0.0047382797 -5.3864677e-05 0)
(0.0047454251 -5.3844164e-05 0)
(0.0047526314 -5.3798652e-05 0)
(0.0047598823 -5.3728205e-05 0)
(0.0047671618 -5.3635659e-05 0)
(0.0047744479 -5.3520123e-05 0)
(0.0047817085 -5.3369415e-05 0)
(0.0047889074 -5.3147677e-05 0)
(0.0047960283 -5.2793612e-05 0)
(0.0048030907 -5.2259934e-05 0)
(0.0048101149 -5.154222e-05 0)
(0.0048170861 -5.0664151e-05 0)
(0.0048239839 -4.9660223e-05 0)
(0.0048307999 -4.8563486e-05 0)
(0.0048375251 -4.740143e-05 0)
(0.0048441478 -4.6193966e-05 0)
(0.0048506571 -4.4950802e-05 0)
(0.0048570402 -4.3673143e-05 0)
(0.0048632826 -4.235974e-05 0)
(0.0048693728 -4.1009285e-05 0)
(0.0048753041 -3.9617883e-05 0)
(0.0048810705 -3.8174765e-05 0)
(0.0048866626 -3.6664184e-05 0)
(0.004892065 -3.5066793e-05 0)
(0.0048972595 -3.3372522e-05 0)
(0.0049022333 -3.1582263e-05 0)
(0.0049069775 -2.9691545e-05 0)
(0.0049114729 -2.7687971e-05 0)
(0.0049156795 -2.5571487e-05 0)
(0.0049195535 -2.3376636e-05 0)
(0.0049230777 -2.1159595e-05 0)
(0.0049262682 -1.8965717e-05 0)
(0.0049291491 -1.682029e-05 0)
(0.0049317331 -1.4742768e-05 0)
(0.004934026 -1.2773232e-05 0)
(0.0049360283 -1.095707e-05 0)
(0.0049377498 -9.2914435e-06 0)
(0.0049392124 -7.7702215e-06 0)
(0.0049404432 -6.4195722e-06 0)
(0.0049414717 -5.2610108e-06 0)
(0.0049423303 -4.2806979e-06 0)
(0.0049430427 -3.4270951e-06 0)
(0.0049436202 -2.6795411e-06 0)
(0.0049440901 -2.0558614e-06 0)
(0.0049443978 -1.5523396e-06 0)
(0.0049446516 -1.1392163e-06 0)
(0.0049448404 -8.0066575e-07 0)
(0.0049449668 -5.2856002e-07 0)
(0.0049450479 -3.1504553e-07 0)
(0.0049450938 -1.4949182e-07 0)
(0.0049451118 -2.4072936e-08 0)
(0.0049451077 6.6780919e-08 0)
(0.0049450853 1.2946606e-07 0)
(0.0049450495 1.7051165e-07 0)
(0.0049450059 1.9486983e-07 0)
(0.0049449593 2.0589412e-07 0)
(0.004944913 2.0614026e-07 0)
(0.0049448691 1.9789457e-07 0)
(0.0049448291 1.8335104e-07 0)
(0.0049447936 1.646196e-07 0)
(0.0049447629 1.4369436e-07 0)
(0.0049447367 1.2232703e-07 0)
(0.0049447149 1.0185669e-07 0)
(0.004944697 8.3174624e-08 0)
(0.0049446827 6.678154e-08 0)
(0.0049446715 5.2864635e-08 0)
(0.0049446629 4.137708e-08 0)
(0.0049446564 3.2116172e-08 0)
(0.0049446516 2.4792668e-08 0)
(0.0049446482 1.9085992e-08 0)
(0.0049446457 1.4683696e-08 0)
(0.004944644 1.1305867e-08 0)
(0.0049446428 8.7168133e-09 0)
(0.004944642 6.7273404e-09 0)
(0.0049446415 5.1911024e-09 0)
(0.0049446412 3.9979435e-09 0)
(0.004944641 3.0663415e-09 0)
(0.0049446409 2.3362968e-09 0)
(0.0049446409 1.7633646e-09 0)
(0.004944641 1.3140934e-09 0)
(0.004944641 9.6278522e-10 0)
(0.0049446411 6.8931557e-10 0)
(0.0049446412 4.778429e-10 0)
(0.0049446413 3.1588401e-10 0)
(0.0049446414 1.9329449e-10 0)
(0.0049446415 1.0169828e-10 0)
(0.0049446416 3.4160086e-11 0)
(0.0049446416 -1.4881961e-11 0)
(0.0049446417 -4.9831624e-11 0)
(0.0049446418 -7.4124835e-11 0)
(0.0049446418 -9.0407341e-11 0)
(0.0049446419 -1.0064484e-10 0)
(0.0049446419 -1.0630494e-10 0)
(0.004944642 -1.085081e-10 0)
(0.004944642 -1.0812032e-10 0)
(0.0049446421 -1.0581492e-10 0)
(0.0049446421 -1.0211131e-10 0)
(0.0049446421 -9.7414291e-11 0)
(0.0049446421 -9.2052344e-11 0)
(0.0049446421 -8.6294262e-11 0)
(0.0049446421 -8.0351639e-11 0)
(0.0049446422 -7.4383051e-11 0)
(0.0049446422 -6.8504709e-11 0)
(0.0049446422 -6.2811313e-11 0)
(0.0049446422 -5.7381205e-11 0)
(0.0049446422 -5.2266292e-11 0)
(0.0049446422 -4.7503364e-11 0)
(0.0049446422 -4.3123218e-11 0)
(0.0049446422 -3.9160058e-11 0)
(0.0049446422 -3.5651267e-11 0)
(0.0049446422 -3.2640885e-11 0)
(0.0049446422 -3.0144681e-11 0)
(0.0049446422 -2.8191637e-11 0)
(0.0049446422 -2.6800749e-11 0)
(0.0049446422 -2.6001188e-11 0)
(0.0049446422 -2.5814603e-11 0)
(0.0049446422 -2.6243534e-11 0)
(0.0049446422 -2.7271083e-11 0)
(0.0049446422 -2.8923633e-11 0)
(0.0049446422 -3.1082377e-11 0)
(0.0049446422 -3.4016997e-11 0)
(0.0049446422 -3.7869881e-11 0)
(0.0049446422 -3.7963977e-11 0)
(0.0047506904 -0.00031184085 0)
(0.0047464483 -0.00029748687 0)
(0.0047398562 -0.0002841612 0)
(0.0047401503 -0.00027184558 0)
(0.0047434977 -0.00026027844 0)
(0.0047467715 -0.00024927751 0)
(0.0047499767 -0.00023879982 0)
(0.0047537639 -0.00022883028 0)
(0.0047581921 -0.0002193364 0)
(0.0047630091 -0.00021028704 0)
(0.0047680353 -0.00020166446 0)
(0.0047732025 -0.00019345871 0)
(0.0047784701 -0.00018565961 0)
(0.0047837846 -0.00017825412 0)
(0.0047890894 -0.00017122837 0)
(0.0047943382 -0.00016456853 0)
(0.0047994965 -0.00015826046 0)
(0.0048045375 -0.0001522893 0)
(0.0048094402 -0.00014663943 0)
(0.0048141884 -0.00014129472 0)
(0.0048187708 -0.00013623873 0)
(0.0048231802 -0.00013145502 0)
(0.0048274128 -0.0001269274 0)
(0.0048314675 -0.0001226404 0)
(0.0048353456 -0.00011857974 0)
(0.0048390506 -0.00011473229 0)
(0.0048425877 -0.00011108574 0)
(0.0048459637 -0.00010762858 0)
(0.0048491864 -0.00010435046 0)
(0.0048522641 -0.00010124231 0)
(0.0048552054 -9.829624e-05 0)
(0.0048580194 -9.5505444e-05 0)
(0.004860715 -9.2864171e-05 0)
(0.0048633007 -9.0367603e-05 0)
(0.0048657843 -8.8011697e-05 0)
(0.004868173 -8.5793007e-05 0)
(0.0048704728 -8.3708519e-05 0)
(0.0048726887 -8.1755506e-05 0)
(0.0048748244 -7.9931398e-05 0)
(0.0048768824 -7.8233589e-05 0)
(0.0048788641 -7.6660242e-05 0)
(0.004880769 -7.5209009e-05 0)
(0.0048825963 -7.3861204e-05 0)
(0.0048843465 -7.2620271e-05 0)
(0.0048860208 -7.1493671e-05 0)
(0.0048876221 -7.0482062e-05 0)
(0.0048891533 -6.9579628e-05 0)
(0.0048906128 -6.8775828e-05 0)
(0.0048919963 -6.8058705e-05 0)
(0.0048933006 -6.7416504e-05 0)
(0.0048945243 -6.6837636e-05 0)
(0.0048956668 -6.6310472e-05 0)
(0.0048967272 -6.5823268e-05 0)
(0.0048977055 -6.5364065e-05 0)
(0.0048986021 -6.4920656e-05 0)
(0.0048994177 -6.4480671e-05 0)
(0.0049001533 -6.4031524e-05 0)
(0.0049008093 -6.3559499e-05 0)
(0.0049013878 -6.3060186e-05 0)
(0.0049018892 -6.2567514e-05 0)
(0.0049023109 -6.2081985e-05 0)
(0.0049026504 -6.1596596e-05 0)
(0.0049029061 -6.1113338e-05 0)
(0.0049030775 -6.0640897e-05 0)
(0.0049031662 -6.0190424e-05 0)
(0.0049031768 -5.977266e-05 0)
(0.0049031169 -5.9396359e-05 0)
(0.0049029968 -5.9068672e-05 0)
(0.0049028298 -5.8796864e-05 0)
(0.0049026315 -5.8591624e-05 0)
(0.0049024168 -5.8471682e-05 0)
(0.0049022001 -5.8456908e-05 0)
(0.004902008 -5.8491958e-05 0)
(0.0049018692 -5.8566647e-05 0)
(0.0049018034 -5.8680461e-05 0)
(0.004901828 -5.8818031e-05 0)
(0.0049019554 -5.8985847e-05 0)
(0.0049021985 -5.9148097e-05 0)
(0.004902566 -5.9240185e-05 0)
(0.0049030528 -5.9287608e-05 0)
(0.0049036419 -5.9296595e-05 0)
(0.0049043127 -5.9267718e-05 0)
(0.0049050496 -5.9189337e-05 0)
(0.0049058372 -5.9043975e-05 0)
(0.0049066584 -5.8810483e-05 0)
(0.0049075045 -5.8459983e-05 0)
(0.0049083828 -5.7954017e-05 0)
(0.0049093085 -5.724122e-05 0)
(0.0049102946 -5.6316665e-05 0)
(0.0049113444 -5.5291692e-05 0)
(0.0049124522 -5.4191712e-05 0)
(0.0049136135 -5.3027626e-05 0)
(0.004914829 -5.1809391e-05 0)
(0.0049161009 -5.0535004e-05 0)
(0.0049174209 -4.9199918e-05 0)
(0.0049187697 -4.7808418e-05 0)
(0.0049201328 -4.6364829e-05 0)
(0.0049215124 -4.4866253e-05 0)
(0.0049229171 -4.3303444e-05 0)
(0.0049243532 -4.1660514e-05 0)
(0.004925803 -3.9919389e-05 0)
(0.0049272326 -3.8073712e-05 0)
(0.0049286359 -3.6126485e-05 0)
(0.0049300354 -3.4061721e-05 0)
(0.0049314291 -3.1830021e-05 0)
(0.0049327625 -2.9409255e-05 0)
(0.0049339712 -2.6876795e-05 0)
(0.0049350552 -2.4360795e-05 0)
(0.0049360622 -2.1931904e-05 0)
(0.004937022 -1.9584608e-05 0)
(0.00493791 -1.7304523e-05 0)
(0.0049387387 -1.5071206e-05 0)
(0.0049393963 -1.2911091e-05 0)
(0.0049399409 -1.0938869e-05 0)
(0.0049405432 -9.1869568e-06 0)
(0.004941093 -7.610037e-06 0)
(0.0049416116 -6.2313852e-06 0)
(0.0049419521 -5.0798717e-06 0)
(0.0049422416 -4.1060458e-06 0)
(0.0049424929 -3.2607464e-06 0)
(0.0049426875 -2.5212121e-06 0)
(0.0049428405 -1.8896754e-06 0)
(0.0049429536 -1.3787083e-06 0)
(0.0049430302 -9.7088019e-07 0)
(0.0049430789 -6.437754e-07 0)
(0.0049431062 -3.832528e-07 0)
(0.0049431149 -1.7896203e-07 0)
(0.004943108 -2.2366225e-08 0)
(0.0049430885 9.3360587e-08 0)
(0.0049430593 1.7459888e-07 0)
(0.0049430236 2.2754348e-07 0)
(0.0049429845 2.5772317e-07 0)
(0.0049429452 2.698154e-07 0)
(0.0049429076 2.6773889e-07 0)
(0.0049428731 2.5481422e-07 0)
(0.0049428424 2.3418428e-07 0)
(0.0049428161 2.087633e-07 0)
(0.004942794 1.8108224e-07 0)
(0.0049427759 1.5322929e-07 0)
(0.0049427615 1.2678879e-07 0)
(0.0049427502 1.0282292e-07 0)
(0.0049427416 8.1919934e-08 0)
(0.0049427352 6.4278995e-08 0)
(0.0049427305 4.9808149e-08 0)
(0.0049427272 3.8222416e-08 0)
(0.0049427249 2.9131564e-08 0)
(0.0049427234 2.2110266e-08 0)
(0.0049427224 1.674797e-08 0)
(0.0049427218 1.2679355e-08 0)
(0.0049427215 9.5985817e-09 0)
(0.0049427214 7.2616295e-09 0)
(0.0049427214 5.4811074e-09 0)
(0.0049427215 4.1171921e-09 0)
(0.0049427216 3.0674436e-09 0)
(0.0049427218 2.2572901e-09 0)
(0.004942722 1.6321199e-09 0)
(0.0049427221 1.1512505e-09 0)
(0.0049427223 7.8364883e-10 0)
(0.0049427225 5.0510715e-10 0)
(0.0049427227 2.964682e-10 0)
(0.0049427228 1.4246364e-10 0)
(0.004942723 3.0864822e-11 0)
(0.0049427231 -4.8214698e-11 0)
(0.0049427232 -1.0264206e-10 0)
(0.0049427233 -1.3853657e-10 0)
(0.0049427234 -1.6064895e-10 0)
(0.0049427234 -1.7264648e-10 0)
(0.0049427235 -1.7728062e-10 0)
(0.0049427236 -1.7661974e-10 0)
(0.0049427236 -1.722122e-10 0)
(0.0049427237 -1.6521546e-10 0)
(0.0049427237 -1.5649646e-10 0)
(0.0049427237 -1.467031e-10 0)
(0.0049427237 -1.3632277e-10 0)
(0.0049427238 -1.2572657e-10 0)
(0.0049427238 -1.1519278e-10 0)
(0.0049427238 -1.049199e-10 0)
(0.0049427238 -9.5043333e-11 0)
(0.0049427238 -8.5659296e-11 0)
(0.0049427238 -7.683882e-11 0)
(0.0049427238 -6.8631059e-11 0)
(0.0049427238 -6.1061675e-11 0)
(0.0049427238 -5.4134922e-11 0)
(0.0049427238 -4.7854948e-11 0)
(0.0049427238 -4.2234368e-11 0)
(0.0049427238 -3.7288284e-11 0)
(0.0049427238 -3.3036345e-11 0)
(0.0049427238 -2.9493716e-11 0)
(0.0049427238 -2.6675031e-11 0)
(0.0049427238 -2.4650122e-11 0)
(0.0049427238 -2.3435926e-11 0)
(0.0049427238 -2.3064871e-11 0)
(0.0049427238 -2.357666e-11 0)
(0.0049427238 -2.5012914e-11 0)
(0.0049427238 -2.7401322e-11 0)
(0.0049427238 -3.0734478e-11 0)
(0.0049427238 -3.4973008e-11 0)
(0.0049427238 -3.9699653e-11 0)
(0.0049427238 -4.636231e-11 0)
(0.0049427238 -4.9933519e-11 0)
(0.005195228 -0.00028949796 0)
(0.0051814961 -0.00028160222 0)
(0.0051678477 -0.00027203694 0)
(0.0051604697 -0.00026224002 0)
(0.0051564814 -0.00025296735 0)
(0.0051533144 -0.00024407662 0)
(0.005150749 -0.00023535976 0)
(0.0051491752 -0.00022679936 0)
(0.0051485747 -0.0002184443 0)
(0.0051486793 -0.00021032151 0)
(0.0051492785 -0.00020243976 0)
(0.0051502639 -0.0001948072 0)
(0.0051515583 -0.00018743486 0)
(0.0051530809 -0.00018033385 0)
(0.0051547543 -0.00017351188 0)
(0.0051565143 -0.00016697273 0)
(0.0051583102 -0.00016071693 0)
(0.0051601008 -0.00015474231 0)
(0.0051618521 -0.00014904432 0)
(0.0051635364 -0.00014361625 0)
(0.0051651323 -0.00013844951 0)
(0.0051666229 -0.00013353411 0)
(0.0051679956 -0.00012885863 0)
(0.0051692404 -0.00012441104 0)
(0.0051703492 -0.0001201809 0)
(0.0051713174 -0.00011615952 0)
(0.0051721436 -0.00011233803 0)
(0.005172828 -0.00010870706 0)
(0.0051733713 -0.00010525802 0)
(0.0051737751 -0.00010198352 0)
(0.0051740417 -9.8876789e-05 0)
(0.0051741738 -9.5931463e-05 0)
(0.0051741742 -9.3141694e-05 0)
(0.0051740453 -9.0502205e-05 0)
(0.0051737892 -8.8008193e-05 0)
(0.0051734072 -8.5655204e-05 0)
(0.0051729 -8.3439012e-05 0)
(0.0051722672 -8.1355541e-05 0)
(0.0051715074 -7.9400819e-05 0)
(0.0051706182 -7.7570998e-05 0)
(0.0051695961 -7.5862455e-05 0)
(0.0051684362 -7.4272062e-05 0)
(0.0051671349 -7.2797469e-05 0)
(0.00516569 -7.1437569e-05 0)
(0.0051641 -7.0193324e-05 0)
(0.0051623697 -6.9057723e-05 0)
(0.0051605019 -6.8014542e-05 0)
(0.0051584912 -6.7053329e-05 0)
(0.0051563285 -6.616936e-05 0)
(0.0051540082 -6.5356362e-05 0)
(0.0051515277 -6.4604929e-05 0)
(0.0051488856 -6.390465e-05 0)
(0.0051460819 -6.3245062e-05 0)
(0.0051431176 -6.2615393e-05 0)
(0.0051399951 -6.2004713e-05 0)
(0.0051367177 -6.1402809e-05 0)
(0.0051332896 -6.0801356e-05 0)
(0.005129716 -6.0195185e-05 0)
(0.005126004 -5.9581959e-05 0)
(0.0051221535 -5.8959547e-05 0)
(0.0051181585 -5.832706e-05 0)
(0.0051140158 -5.7687438e-05 0)
(0.005109726 -5.7048189e-05 0)
(0.0051052912 -5.6420479e-05 0)
(0.0051007144 -5.5818077e-05 0)
(0.0050960015 -5.5254703e-05 0)
(0.0050911603 -5.4743408e-05 0)
(0.0050862012 -5.429942e-05 0)
(0.0050811389 -5.3938048e-05 0)
(0.0050759933 -5.3671272e-05 0)
(0.0050707853 -5.350755e-05 0)
(0.0050655299 -5.3453621e-05 0)
(0.0050602463 -5.3509962e-05 0)
(0.0050549655 -5.3665045e-05 0)
(0.005049719 -5.3899582e-05 0)
(0.0050445335 -5.4191544e-05 0)
(0.0050394275 -5.45208e-05 0)
(0.0050344131 -5.4866476e-05 0)
(0.0050295108 -5.5196763e-05 0)
(0.00502473 -5.546682e-05 0)
(0.0050200529 -5.5656767e-05 0)
(0.0050154709 -5.578315e-05 0)
(0.0050109949 -5.5842578e-05 0)
(0.0050066275 -5.5811839e-05 0)
(0.0050023618 -5.5667194e-05 0)
(0.0049981949 -5.5389865e-05 0)
(0.0049941337 -5.4967679e-05 0)
(0.0049901983 -5.4395261e-05 0)
(0.0049864157 -5.3676456e-05 0)
(0.0049827947 -5.283607e-05 0)
(0.0049793288 -5.1898419e-05 0)
(0.0049760184 -5.0903313e-05 0)
(0.0049728766 -4.9883598e-05 0)
(0.00496991 -4.8810475e-05 0)
(0.0049670979 -4.7640872e-05 0)
(0.0049644176 -4.6383949e-05 0)
(0.0049618665 -4.508238e-05 0)
(0.0049594518 -4.3771769e-05 0)
(0.0049571773 -4.2422376e-05 0)
(0.0049550476 -4.0998767e-05 0)
(0.0049530634 -3.9374985e-05 0)
(0.0049512225 -3.7591694e-05 0)
(0.0049495156 -3.5771617e-05 0)
(0.0049479222 -3.3917898e-05 0)
(0.0049464714 -3.1880854e-05 0)
(0.0049452067 -2.9503534e-05 0)
(0.0049441247 -2.6884401e-05 0)
(0.0049431183 -2.4267038e-05 0)
(0.0049421999 -2.1787433e-05 0)
(0.0049413834 -1.9432278e-05 0)
(0.0049407132 -1.712194e-05 0)
(0.0049401544 -1.4879816e-05 0)
(0.0049397862 -1.2819407e-05 0)
(0.0049395099 -1.1021228e-05 0)
(0.0049392796 -9.4350592e-06 0)
(0.0049390682 -7.9656832e-06 0)
(0.0049388927 -6.5878438e-06 0)
(0.0049387509 -5.3315905e-06 0)
(0.0049386263 -4.2422665e-06 0)
(0.0049385053 -3.3238134e-06 0)
(0.0049383982 -2.5594582e-06 0)
(0.0049383152 -1.927763e-06 0)
(0.0049382536 -1.4096774e-06 0)
(0.0049382045 -9.8674856e-07 0)
(0.0049381614 -6.4359267e-07 0)
(0.0049381215 -3.685185e-07 0)
(0.0049380832 -1.5171208e-07 0)
(0.0049380453 1.5207209e-08 0)
(0.0049380076 1.3916516e-07 0)
(0.0049379704 2.2617718e-07 0)
(0.0049379345 2.8162866e-07 0)
(0.0049379015 3.1091192e-07 0)
(0.0049378722 3.1990623e-07 0)
(0.0049378464 3.1319349e-07 0)
(0.0049378243 2.9461824e-07 0)
(0.0049378062 2.6792583e-07 0)
(0.0049377922 2.3651704e-07 0)
(0.0049377817 2.0328071e-07 0)
(0.0049377742 1.7051984e-07 0)
(0.004937769 1.3990773e-07 0)
(0.0049377657 1.1251028e-07 0)
(0.0049377637 8.8866631e-08 0)
(0.0049377628 6.9096397e-08 0)
(0.0049377626 5.301454e-08 0)
(0.0049377628 4.024163e-08 0)
(0.0049377632 3.0299183e-08 0)
(0.0049377638 2.2683969e-08 0)
(0.0049377645 1.6919753e-08 0)
(0.0049377651 1.2588129e-08 0)
(0.0049377657 9.3421292e-09 0)
(0.0049377663 6.9072088e-09 0)
(0.0049377668 5.0742342e-09 0)
(0.0049377673 3.6883807e-09 0)
(0.0049377678 2.6370432e-09 0)
(0.0049377682 1.8388189e-09 0)
(0.0049377685 1.2345119e-09 0)
(0.0049377688 7.8027046e-10 0)
(0.0049377691 4.4268551e-10 0)
(0.0049377694 1.9571191e-10 0)
(0.0049377696 1.879982e-11 0)
(0.0049377697 -1.0438162e-10 0)
(0.0049377699 -1.8683158e-10 0)
(0.00493777 -2.3890261e-10 0)
(0.0049377702 -2.686325e-10 0)
(0.0049377703 -2.8222717e-10 0)
(0.0049377703 -2.8439014e-10 0)
(0.0049377704 -2.7862423e-10 0)
(0.0049377705 -2.6751733e-10 0)
(0.0049377705 -2.5296827e-10 0)
(0.0049377706 -2.3635071e-10 0)
(0.0049377706 -2.1865375e-10 0)
(0.0049377706 -2.0059448e-10 0)
(0.0049377707 -1.8268934e-10 0)
(0.0049377707 -1.6530178e-10 0)
(0.0049377707 -1.486761e-10 0)
(0.0049377707 -1.3296303e-10 0)
(0.0049377707 -1.1824975e-10 0)
(0.0049377707 -1.0458437e-10 0)
(0.0049377707 -9.1988341e-11 0)
(0.0049377707 -8.0459928e-11 0)
(0.0049377707 -6.9971229e-11 0)
(0.0049377707 -6.0476508e-11 0)
(0.0049377707 -5.1936341e-11 0)
(0.0049377707 -4.4331413e-11 0)
(0.0049377707 -3.7644859e-11 0)
(0.0049377707 -3.1856145e-11 0)
(0.0049377707 -2.6965411e-11 0)
(0.0049377707 -2.2985151e-11 0)
(0.0049377707 -1.9944224e-11 0)
(0.0049377707 -1.7893668e-11 0)
(0.0049377707 -1.6882271e-11 0)
(0.0049377707 -1.6981805e-11 0)
(0.0049377707 -1.8270025e-11 0)
(0.0049377706 -2.0828786e-11 0)
(0.0049377706 -2.4744307e-11 0)
(0.0049377706 -3.0047369e-11 0)
(0.0049377706 -3.6841644e-11 0)
(0.0049377707 -4.4390182e-11 0)
(0.0049377706 -5.5643654e-11 0)
(0.0049377707 -6.451286e-11 0)
(0.0053492399 -0.0002681441 0)
(0.0053379504 -0.00026518816 0)
(0.0053277266 -0.00025966332 0)
(0.0053216497 -0.00025299743 0)
(0.0053181592 -0.00024623321 0)
(0.0053156885 -0.00023942672 0)
(0.0053139721 -0.00023242503 0)
(0.0053131656 -0.00022524206 0)
(0.0053132051 -0.00021798235 0)
(0.0053138733 -0.00021072989 0)
(0.0053149898 -0.00020353125 0)
(0.0053164463 -0.00019642 0)
(0.0053181611 -0.00018942974 0)
(0.0053200549 -0.00018259221 0)
(0.0053220544 -0.00017593328 0)
(0.0053240986 -0.00016947239 0)
(0.0053261384 -0.00016322371 0)
(0.0053281333 -0.0001571972 0)
(0.0053300504 -0.00015139911 0)
(0.0053318644 -0.00014583258 0)
(0.0053335556 -0.00014049827 0)
(0.0053351093 -0.00013539505 0)
(0.0053365158 -0.0001305186 0)
(0.0053377525 -0.0001258606 0)
(0.0053387987 -0.00012141253 0)
(0.0053396504 -0.00011716826 0)
(0.005340311 -0.00011312112 0)
(0.0053407816 -0.00010926262 0)
(0.005341062 -0.00010558465 0)
(0.0053411541 -0.00010208048 0)
(0.0053410619 -9.8744113e-05 0)
(0.0053407888 -9.5569739e-05 0)
(0.0053403373 -9.2551662e-05 0)
(0.0053397087 -8.968426e-05 0)
(0.0053389032 -8.6961947e-05 0)
(0.0053379201 -8.4379101e-05 0)
(0.0053367578 -8.1929991e-05 0)
(0.0053354133 -7.9608726e-05 0)
(0.0053338827 -7.7409237e-05 0)
(0.005332161 -7.5325305e-05 0)
(0.0053302417 -7.3350682e-05 0)
(0.0053281177 -7.1479781e-05 0)
(0.0053257809 -6.9707514e-05 0)
(0.0053232257 -6.8034055e-05 0)
(0.0053204629 -6.6492679e-05 0)
(0.0053174991 -6.5093087e-05 0)
(0.0053143288 -6.3785167e-05 0)
(0.0053109244 -6.2543927e-05 0)
(0.005307268 -6.1366949e-05 0)
(0.005303357 -6.0253213e-05 0)
(0.005299191 -5.9197046e-05 0)
(0.0052947671 -5.8190862e-05 0)
(0.0052900835 -5.7226865e-05 0)
(0.0052851415 -5.6296693e-05 0)
(0.0052799448 -5.5391003e-05 0)
(0.0052744981 -5.4499684e-05 0)
(0.0052688064 -5.3612196e-05 0)
(0.005262874 -5.2718971e-05 0)
(0.0052567054 -5.1814888e-05 0)
(0.0052503052 -5.0901325e-05 0)
(0.005243679 -4.9981829e-05 0)
(0.0052368341 -4.9061188e-05 0)
(0.0052297796 -4.8148203e-05 0)
(0.0052225262 -4.7255665e-05 0)
(0.0052150915 -4.640496e-05 0)
(0.0052074839 -4.5614399e-05 0)
(0.0051997184 -4.4889279e-05 0)
(0.005191807 -4.4245081e-05 0)
(0.0051837672 -4.3704587e-05 0)
(0.0051756223 -4.3287457e-05 0)
(0.0051673963 -4.3007536e-05 0)
(0.0051591116 -4.2872901e-05 0)
(0.0051507901 -4.2881141e-05 0)
(0.0051424537 -4.3021411e-05 0)
(0.0051341237 -4.3277882e-05 0)
(0.005125821 -4.3629951e-05 0)
(0.0051175665 -4.4055465e-05 0)
(0.0051093819 -4.4534438e-05 0)
(0.0051012885 -4.5032032e-05 0)
(0.0050933173 -4.5458519e-05 0)
(0.0050855958 -4.5781406e-05 0)
(0.005077988 -4.604515e-05 0)
(0.0050704989 -4.6254077e-05 0)
(0.0050631472 -4.6390482e-05 0)
(0.005055933 -4.6435712e-05 0)
(0.0050488598 -4.6374312e-05 0)
(0.00504194 -4.6193659e-05 0)
(0.0050351894 -4.5883676e-05 0)
(0.0050286232 -4.5440106e-05 0)
(0.0050222469 -4.4868512e-05 0)
(0.0050160517 -4.4176307e-05 0)
(0.0050100422 -4.3402678e-05 0)
(0.0050041489 -4.2612698e-05 0)
(0.004998338 -4.1798615e-05 0)
(0.0049928078 -4.0915502e-05 0)
(0.0049875096 -3.9957109e-05 0)
(0.0049824344 -3.8931664e-05 0)
(0.0049775855 -3.784892e-05 0)
(0.0049729463 -3.6708826e-05 0)
(0.0049684977 -3.5496248e-05 0)
(0.0049642518 -3.418339e-05 0)
(0.0049602416 -3.2753292e-05 0)
(0.0049564757 -3.1198479e-05 0)
(0.0049529304 -2.9488235e-05 0)
(0.0049494457 -2.7617661e-05 0)
(0.0049462336 -2.5643149e-05 0)
(0.0049434283 -2.3619364e-05 0)
(0.0049409984 -2.1612984e-05 0)
(0.004938946 -1.9619359e-05 0)
(0.0049370621 -1.7599376e-05 0)
(0.0049353644 -1.5603272e-05 0)
(0.0049338603 -1.3689736e-05 0)
(0.0049325387 -1.1881355e-05 0)
(0.0049313803 -1.0161251e-05 0)
(0.0049303534 -8.5405328e-06 0)
(0.0049294583 -7.06679e-06 0)
(0.0049287006 -5.7705033e-06 0)
(0.0049280751 -4.6561455e-06 0)
(0.0049275721 -3.7132859e-06 0)
(0.0049271736 -2.9186282e-06 0)
(0.00492686 -2.2490591e-06 0)
(0.0049266136 -1.6875737e-06 0)
(0.0049264201 -1.2209236e-06 0)
(0.004926267 -8.364276e-07 0)
(0.0049261453 -5.221481e-07 0)
(0.004926048 -2.6817959e-07 0)
(0.0049259699 -6.6611233e-08 0)
(0.0049259067 8.8930473e-08 0)
(0.0049258555 2.0379635e-07 0)
(0.0049258137 2.8233759e-07 0)
(0.0049257807 3.2903447e-07 0)
(0.0049257574 3.5022034e-07 0)
(0.004925742 3.5136606e-07 0)
(0.0049257316 3.3907644e-07 0)
(0.0049257257 3.1415593e-07 0)
(0.0049257236 2.8148801e-07 0)
(0.0049257244 2.4505064e-07 0)
(0.0049257273 2.0784071e-07 0)
(0.0049257315 1.7211162e-07 0)
(0.0049257363 1.3941254e-07 0)
(0.0049257414 1.1065741e-07 0)
(0.0049257463 8.6231293e-08 0)
(0.0049257509 6.6108379e-08 0)
(0.0049257549 4.9974493e-08 0)
(0.0049257584 3.7342552e-08 0)
(0.0049257614 2.7649865e-08 0)
(0.0049257639 2.0331802e-08 0)
(0.0049257659 1.4871015e-08 0)
(0.0049257676 1.0824568e-08 0)
(0.004925769 7.8333716e-09 0)
(0.0049257702 5.6192228e-09 0)
(0.0049257711 3.9744559e-09 0)
(0.0049257719 2.7481578e-09 0)
(0.0049257726 1.8322458e-09 0)
(0.0049257732 1.1494916e-09 0)
(0.0049257736 6.4426232e-10 0)
(0.004925774 2.7556829e-10 0)
(0.0049257743 1.2063453e-11 0)
(0.0049257746 -1.7072249e-10 0)
(0.0049257748 -2.9193851e-10 0)
(0.004925775 -3.6689545e-10 0)
(0.0049257752 -4.0793761e-10 0)
(0.0049257753 -4.2457661e-10 0)
(0.0049257754 -4.2405222e-10 0)
(0.0049257755 -4.1187124e-10 0)
(0.0049257755 -3.9211155e-10 0)
(0.0049257756 -3.6771828e-10 0)
(0.0049257757 -3.4078837e-10 0)
(0.0049257757 -3.1279149e-10 0)
(0.0049257757 -2.8474204e-10 0)
(0.0049257757 -2.5733554e-10 0)
(0.0049257758 -2.310453e-10 0)
(0.0049257758 -2.0617739e-10 0)
(0.0049257758 -1.8290442e-10 0)
(0.0049257758 -1.6130117e-10 0)
(0.0049257758 -1.4138118e-10 0)
(0.0049257758 -1.2312772e-10 0)
(0.0049257758 -1.0650233e-10 0)
(0.0049257758 -9.1435671e-11 0)
(0.0049257758 -7.783319e-11 0)
(0.0049257758 -6.5594337e-11 0)
(0.0049257758 -5.4630919e-11 0)
(0.0049257758 -4.4878141e-11 0)
(0.0049257757 -3.6282116e-11 0)
(0.0049257757 -2.8787955e-11 0)
(0.0049257757 -2.2357077e-11 0)
(0.0049257757 -1.6988457e-11 0)
(0.0049257757 -1.2690641e-11 0)
(0.0049257757 -9.5004254e-12 0)
(0.0049257757 -7.4757932e-12 0)
(0.0049257757 -6.6954632e-12 0)
(0.0049257757 -7.2772608e-12 0)
(0.0049257757 -9.3532678e-12 0)
(0.0049257757 -1.3066259e-11 0)
(0.0049257757 -1.859377e-11 0)
(0.0049257757 -2.6053809e-11 0)
(0.0049257757 -3.5787436e-11 0)
(0.0049257757 -4.6629147e-11 0)
(0.0049257756 -6.4132171e-11 0)
(0.0049257757 -8.12544e-11 0)
(0.0053977284 -0.00025454268 0)
(0.0053898558 -0.00025440924 0)
(0.0053835573 -0.00025180016 0)
(0.0053797261 -0.00024757347 0)
(0.0053775169 -0.00024271361 0)
(0.005376211 -0.00023748301 0)
(0.0053756556 -0.00023183909 0)
(0.0053758424 -0.00022578599 0)
(0.0053766455 -0.00021942034 0)
(0.0053778832 -0.00021286637 0)
(0.0053794192 -0.0002062037 0)
(0.0053811613 -0.00019948678 0)
(0.0053830316 -0.00019276681 0)
(0.0053849585 -0.00018609281 0)
(0.0053868813 -0.00017950712 0)
(0.0053887529 -0.0001730442 0)
(0.0053905371 -0.00016673114 0)
(0.005392205 -0.00016058934 0)
(0.0053937367 -0.00015463581 0)
(0.0053951173 -0.00014888151 0)
(0.0053963314 -0.0001433326 0)
(0.0053973659 -0.00013799959 0)
(0.0053982116 -0.00013285354 0)
(0.0053988606 -0.00012785902 0)
(0.0053993398 -0.00012304781 0)
(0.0053996647 -0.00011845301 0)
(0.0053998328 -0.00011406536 0)
(0.0053998435 -0.00010986742 0)
(0.0053996949 -0.00010585641 0)
(0.0053993823 -0.00010203194 0)
(0.0053989017 -9.838618e-05 0)
(0.0053982497 -9.4910066e-05 0)
(0.0053974231 -9.1594885e-05 0)
(0.0053964182 -8.8432473e-05 0)
(0.0053952318 -8.5415186e-05 0)
(0.0053938602 -8.2535768e-05 0)
(0.0053922999 -7.9787218e-05 0)
(0.0053905474 -7.7162693e-05 0)
(0.0053885994 -7.4655464e-05 0)
(0.0053864525 -7.2258871e-05 0)
(0.0053841038 -6.9966295e-05 0)
(0.0053815498 -6.7770969e-05 0)
(0.0053787837 -6.5664165e-05 0)
(0.0053758044 -6.3646488e-05 0)
(0.0053725999 -6.1745887e-05 0)
(0.0053689337 -5.9952973e-05 0)
(0.0053650053 -5.8229057e-05 0)
(0.00536079 -5.656447e-05 0)
(0.00535626 -5.495482e-05 0)
(0.0053514169 -5.3396587e-05 0)
(0.0053462649 -5.1886561e-05 0)
(0.0053408024 -5.0421372e-05 0)
(0.0053350276 -4.8997135e-05 0)
(0.0053289427 -4.7609107e-05 0)
(0.0053225527 -4.62516e-05 0)
(0.0053158652 -4.4918582e-05 0)
(0.0053088907 -4.3604855e-05 0)
(0.0053016319 -4.2304906e-05 0)
(0.0052940877 -4.1009561e-05 0)
(0.0052862626 -3.9713606e-05 0)
(0.0052781687 -3.8420934e-05 0)
(0.0052698231 -3.7141092e-05 0)
(0.0052612451 -3.5886971e-05 0)
(0.0052524502 -3.4675958e-05 0)
(0.0052434775 -3.35176e-05 0)
(0.0052342775 -3.2430248e-05 0)
(0.0052249462 -3.1448081e-05 0)
(0.0052155212 -3.059644e-05 0)
(0.00520602 -2.9893166e-05 0)
(0.0051964627 -2.9351558e-05 0)
(0.0051868717 -2.8980748e-05 0)
(0.0051772659 -2.8784187e-05 0)
(0.0051676598 -2.8758027e-05 0)
(0.0051580665 -2.8891193e-05 0)
(0.0051484991 -2.9166377e-05 0)
(0.0051389706 -2.9561346e-05 0)
(0.0051294927 -3.0051589e-05 0)
(0.0051200737 -3.0613079e-05 0)
(0.0051107163 -3.1224872e-05 0)
(0.0051014233 -3.1869654e-05 0)
(0.0050922164 -3.2509418e-05 0)
(0.0050831381 -3.3086066e-05 0)
(0.0050742169 -3.3572566e-05 0)
(0.0050654608 -3.3966298e-05 0)
(0.0050568716 -3.4264625e-05 0)
(0.005048457 -3.4460793e-05 0)
(0.0050402298 -3.4549364e-05 0)
(0.0050322049 -3.4528546e-05 0)
(0.0050243985 -3.4397952e-05 0)
(0.0050168293 -3.4154366e-05 0)
(0.0050095026 -3.3833456e-05 0)
(0.0050025147 -3.3456715e-05 0)
(0.0049957979 -3.2976919e-05 0)
(0.0049892733 -3.2412744e-05 0)
(0.0049829587 -3.182612e-05 0)
(0.0049768335 -3.1213408e-05 0)
(0.004970901 -3.0553441e-05 0)
(0.0049651678 -2.9834894e-05 0)
(0.0049596313 -2.904682e-05 0)
(0.0049542901 -2.8175639e-05 0)
(0.0049491514 -2.7205475e-05 0)
(0.0049442268 -2.6127857e-05 0)
(0.0049395249 -2.4934664e-05 0)
(0.0049350573 -2.3602902e-05 0)
(0.0049308451 -2.2141079e-05 0)
(0.0049269124 -2.0591911e-05 0)
(0.004923238 -1.8998166e-05 0)
(0.0049198578 -1.7384419e-05 0)
(0.004916769 -1.5732642e-05 0)
(0.0049139853 -1.4041542e-05 0)
(0.0049115201 -1.2361072e-05 0)
(0.0049093577 -1.0748062e-05 0)
(0.0049074672 -9.2405705e-06 0)
(0.0049058252 -7.8586878e-06 0)
(0.0049044197 -6.6110975e-06 0)
(0.0049032382 -5.4985338e-06 0)
(0.004902259 -4.5154135e-06 0)
(0.004901456 -3.6541708e-06 0)
(0.0049008028 -2.9082835e-06 0)
(0.0049002739 -2.2699048e-06 0)
(0.0048998472 -1.7288735e-06 0)
(0.0048995052 -1.2737856e-06 0)
(0.0048992332 -8.9350944e-07 0)
(0.0048990183 -5.7794986e-07 0)
(0.0048988498 -3.1852169e-07 0)
(0.0048987192 -1.0841423e-07 0)
(0.0048986197 5.7772619e-08 0)
(0.0048985455 1.8473574e-07 0)
(0.004898492 2.7663978e-07 0)
(0.0048984557 3.3792202e-07 0)
(0.0048984358 3.6653652e-07 0)
(0.0048984291 3.6648594e-07 0)
(0.0048984306 3.5853156e-07 0)
(0.0048984378 3.3721154e-07 0)
(0.0048984498 3.06386e-07 0)
(0.0048984648 2.6989953e-07 0)
(0.004898481 2.3114506e-07 0)
(0.0048984973 1.9289113e-07 0)
(0.0048985127 1.5715432e-07 0)
(0.0048985268 1.2521702e-07 0)
(0.0048985392 9.773323e-08 0)
(0.0048985498 7.485522e-08 0)
(0.0048985587 5.6367415e-08 0)
(0.0048985659 4.1817181e-08 0)
(0.0048985718 3.0628861e-08 0)
(0.0048985764 2.2193613e-08 0)
(0.0048985801 1.5933121e-08 0)
(0.004898583 1.1338495e-08 0)
(0.0048985853 7.988169e-09 0)
(0.0048985871 5.5500157e-09 0)
(0.0048985886 3.7734443e-09 0)
(0.0048985897 2.4758931e-09 0)
(0.0048985906 1.5268632e-09 0)
(0.0048985914 8.3390501e-10 0)
(0.004898592 3.3174349e-10 0)
(0.0048985924 -2.5819177e-11 0)
(0.0048985928 -2.7250677e-10 0)
(0.0048985931 -4.3521237e-10 0)
(0.0048985934 -5.3520739e-10 0)
(0.0048985936 -5.8807546e-10 0)
(0.0048985937 -6.0648245e-10 0)
(0.0048985938 -6.0094267e-10 0)
(0.0048985939 -5.7939242e-10 0)
(0.004898594 -5.4765673e-10 0)
(0.0048985941 -5.099827e-10 0)
(0.0048985941 -4.6939967e-10 0)
(0.0048985941 -4.2799588e-10 0)
(0.0048985942 -3.8715696e-10 0)
(0.0048985942 -3.4777043e-10 0)
(0.0048985942 -3.1039299e-10 0)
(0.0048985942 -2.7535933e-10 0)
(0.0048985942 -2.4283913e-10 0)
(0.0048985942 -2.1287599e-10 0)
(0.0048985942 -1.8542798e-10 0)
(0.0048985942 -1.6040972e-10 0)
(0.0048985942 -1.3771704e-10 0)
(0.0048985942 -1.1722748e-10 0)
(0.0048985942 -9.8791967e-11 0)
(0.0048985941 -8.2241604e-11 0)
(0.0048985941 -6.741496e-11 0)
(0.0048985941 -5.4174558e-11 0)
(0.0048985941 -4.2404157e-11 0)
(0.0048985941 -3.2001402e-11 0)
(0.0048985941 -2.2872645e-11 0)
(0.0048985941 -1.4948083e-11 0)
(0.0048985941 -8.1914491e-12 0)
(0.0048985941 -2.593337e-12 0)
(0.0048985941 1.8433851e-12 0)
(0.004898594 5.0720188e-12 0)
(0.004898594 7.0099225e-12 0)
(0.004898594 7.5371554e-12 0)
(0.004898594 6.5007078e-12 0)
(0.004898594 3.717212e-12 0)
(0.004898594 -1.0340806e-12 0)
(0.004898594 -8.0529752e-12 0)
(0.004898594 -1.7585495e-11 0)
(0.004898594 -3.0304736e-11 0)
(0.004898594 -4.4439957e-11 0)
(0.0048985939 -6.9505702e-11 0)
(0.004898594 -9.7949653e-11 0)
(0.0054136934 -0.00024398781 0)
(0.0054072553 -0.0002465515 0)
(0.0054032179 -0.00024623316 0)
(0.0054004445 -0.00024380301 0)
(0.0053982893 -0.00024043942 0)
(0.0053967617 -0.00023651141 0)
(0.0053959666 -0.00023194496 0)
(0.0053957832 -0.00022671117 0)
(0.0053960862 -0.00022093513 0)
(0.0053966188 -0.00021478194 0)
(0.0053972949 -0.00020836293 0)
(0.0053980551 -0.00020175826 0)
(0.0053988304 -0.00019504304 0)
(0.0053995614 -0.00018828899 0)
(0.0054002062 -0.00018155808 0)
(0.0054007348 -0.00017490064 0)
(0.005401125 -0.00016835556 0)
(0.0054013628 -0.00016195972 0)
(0.0054014353 -0.00015574732 0)
(0.0054012923 -0.00014973009 0)
(0.0054009215 -0.00014390161 0)
(0.0054003174 -0.0001382639 0)
(0.0053994832 -0.00013281854 0)
(0.0053984291 -0.00012760005 0)
(0.0053971738 -0.00012264473 0)
(0.0053957181 -0.00011791971 0)
(0.0053940576 -0.00011338546 0)
(0.0053922012 -0.000109031 0)
(0.0053901566 -0.00010484991 0)
(0.0053879291 -0.00010083573 0)
(0.0053855219 -9.6982007e-05 0)
(0.0053829374 -9.3282476e-05 0)
(0.0053801776 -8.9730906e-05 0)
(0.0053772438 -8.6321033e-05 0)
(0.005374136 -8.3046567e-05 0)
(0.0053708535 -7.9901197e-05 0)
(0.0053673944 -7.6878591e-05 0)
(0.0053637554 -7.3972437e-05 0)
(0.0053599324 -7.1176505e-05 0)
(0.0053559199 -6.8484689e-05 0)
(0.0053517113 -6.5891018e-05 0)
(0.0053472992 -6.3388576e-05 0)
(0.0053426766 -6.0970166e-05 0)
(0.0053378422 -5.8621691e-05 0)
(0.0053328006 -5.6303123e-05 0)
(0.0053275419 -5.4004075e-05 0)
(0.0053220523 -5.1767654e-05 0)
(0.0053163042 -4.9608054e-05 0)
(0.0053102841 -4.751538e-05 0)
(0.0053039911 -4.5478658e-05 0)
(0.0052974237 -4.3492828e-05 0)
(0.0052905779 -4.1555591e-05 0)
(0.0052834518 -3.9664984e-05 0)
(0.0052760482 -3.7818444e-05 0)
(0.0052683731 -3.6012507e-05 0)
(0.0052604311 -3.4247349e-05 0)
(0.0052522359 -3.2492059e-05 0)
(0.0052437685 -3.0719903e-05 0)
(0.0052350557 -2.8957369e-05 0)
(0.0052261291 -2.7228964e-05 0)
(0.0052170032 -2.5543352e-05 0)
(0.0052077003 -2.3910347e-05 0)
(0.0051982487 -2.2343883e-05 0)
(0.0051886777 -2.0861625e-05 0)
(0.0051790214 -1.9480437e-05 0)
(0.0051693155 -1.8221102e-05 0)
(0.0051595895 -1.7114279e-05 0)
(0.005149864 -1.6181011e-05 0)
(0.0051401578 -1.543218e-05 0)
(0.0051304903 -1.4875242e-05 0)
(0.0051208771 -1.4514731e-05 0)
(0.0051113277 -1.4349881e-05 0)
(0.0051018482 -1.437325e-05 0)
(0.0050924426 -1.4571107e-05 0)
(0.0050831144 -1.4924652e-05 0)
(0.005073866 -1.5411046e-05 0)
(0.0050647004 -1.6004512e-05 0)
(0.0050556208 -1.6677497e-05 0)
(0.0050466316 -1.7400741e-05 0)
(0.0050377391 -1.8141637e-05 0)
(0.0050289509 -1.8868079e-05 0)
(0.0050202752 -1.9558733e-05 0)
(0.0050117236 -2.0203755e-05 0)
(0.0050033103 -2.0795398e-05 0)
(0.0049950497 -2.1323303e-05 0)
(0.0049869554 -2.1777171e-05 0)
(0.0049790401 -2.2149782e-05 0)
(0.0049713155 -2.2437844e-05 0)
(0.0049637927 -2.264034e-05 0)
(0.0049564836 -2.2758131e-05 0)
(0.0049493943 -2.2800941e-05 0)
(0.0049425217 -2.2775601e-05 0)
(0.0049358663 -2.2668518e-05 0)
(0.004929444 -2.2480833e-05 0)
(0.0049232595 -2.2228467e-05 0)
(0.0049172966 -2.1913456e-05 0)
(0.0049115406 -2.153253e-05 0)
(0.0049059851 -2.108418e-05 0)
(0.0049006266 -2.0565617e-05 0)
(0.0048954628 -1.9971386e-05 0)
(0.0048904954 -1.9294029e-05 0)
(0.0048857306 -1.8526512e-05 0)
(0.0048811777 -1.7662518e-05 0)
(0.0048768513 -1.6698188e-05 0)
(0.004872772 -1.5645438e-05 0)
(0.004868958 -1.4530868e-05 0)
(0.0048654146 -1.3381681e-05 0)
(0.0048621358 -1.2219235e-05 0)
(0.0048591183 -1.1049056e-05 0)
(0.0048563747 -9.8762986e-06 0)
(0.0048539204 -8.720793e-06 0)
(0.004851756 -7.607175e-06 0)
(0.0048498684 -6.5540299e-06 0)
(0.004848239 -5.5725395e-06 0)
(0.0048468479 -4.6711e-06 0)
(0.0048456725 -3.8577115e-06 0)
(0.0048446883 -3.1368808e-06 0)
(0.0048438711 -2.5078747e-06 0)
(0.0048431985 -1.9659606e-06 0)
(0.0048426495 -1.503407e-06 0)
(0.004842205 -1.1109006e-06 0)
(0.004841848 -7.7930865e-07 0)
(0.0048415643 -5.0089393e-07 0)
(0.0048413416 -2.6938187e-07 0)
(0.0048411701 -7.9673341e-08 0)
(0.0048410416 7.2438897e-08 0)
(0.004840949 1.904923e-07 0)
(0.0048408865 2.7770149e-07 0)
(0.0048408493 3.3767223e-07 0)
(0.004840835 3.6639563e-07 0)
(0.004840839 3.6590888e-07 0)
(0.0048408534 3.5824891e-07 0)
(0.0048408743 3.3993568e-07 0)
(0.0048409008 3.1017226e-07 0)
(0.0048409304 2.7413674e-07 0)
(0.0048409605 2.3549379e-07 0)
(0.0048409893 1.9707818e-07 0)
(0.0048410157 1.609456e-07 0)
(0.0048410391 1.2842252e-07 0)
(0.0048410592 1.0023331e-07 0)
(0.0048410759 7.6614561e-08 0)
(0.0048410895 5.7425962e-08 0)
(0.0048411003 4.2268515e-08 0)
(0.0048411089 3.05959e-08 0)
(0.0048411155 2.1806876e-08 0)
(0.0048411206 1.5314356e-08 0)
(0.0048411244 1.0590587e-08 0)
(0.0048411274 7.1907064e-09 0)
(0.0048411297 4.7592268e-09 0)
(0.0048411315 3.0241864e-09 0)
(0.0048411328 1.7863864e-09 0)
(0.0048411339 9.0665278e-10 0)
(0.0048411347 2.86465e-10 0)
(0.0048411353 -1.4570196e-10 0)
(0.0048411358 -4.405187e-10 0)
(0.0048411362 -6.3240184e-10 0)
(0.0048411365 -7.4601798e-10 0)
(0.0048411367 -8.0240899e-10 0)
(0.0048411369 -8.1788694e-10 0)
(0.004841137 -8.038675e-10 0)
(0.0048411371 -7.6905793e-10 0)
(0.0048411372 -7.2268842e-10 0)
(0.0048411372 -6.6894694e-10 0)
(0.0048411372 -6.1184586e-10 0)
(0.0048411372 -5.5444002e-10 0)
(0.0048411372 -4.9859024e-10 0)
(0.0048411372 -4.45391e-10 0)
(0.0048411372 -3.9545723e-10 0)
(0.0048411372 -3.4908979e-10 0)
(0.0048411372 -3.0639157e-10 0)
(0.0048411372 -2.6733095e-10 0)
(0.0048411372 -2.3177702e-10 0)
(0.0048411372 -1.9954299e-10 0)
(0.0048411372 -1.7042568e-10 0)
(0.0048411371 -1.4421996e-10 0)
(0.0048411371 -1.207127e-10 0)
(0.0048411371 -9.9673842e-11 0)
(0.0048411371 -8.0866446e-11 0)
(0.0048411371 -6.4072407e-11 0)
(0.0048411371 -4.9110174e-11 0)
(0.0048411371 -3.5815314e-11 0)
(0.004841137 -2.403282e-11 0)
(0.004841137 -1.3637727e-11 0)
(0.004841137 -4.5379211e-12 0)
(0.004841137 3.3330925e-12 0)
(0.004841137 1.0023164e-11 0)
(0.004841137 1.5559602e-11 0)
(0.004841137 1.9929148e-11 0)
(0.004841137 2.3061346e-11 0)
(0.0048411369 2.4848839e-11 0)
(0.0048411369 2.5148361e-11 0)
(0.0048411369 2.378364e-11 0)
(0.0048411369 2.0526265e-11 0)
(0.0048411369 1.5087742e-11 0)
(0.0048411369 7.0578647e-12 0)
(0.0048411369 -3.9365809e-12 0)
(0.0048411369 -1.8951251e-11 0)
(0.0048411369 -3.5549965e-11 0)
(0.0048411368 -6.8123914e-11 0)
(0.0048411368 -1.0925784e-10 0)
(0.0053983738 -0.00023343476 0)
(0.0053931614 -0.00023971032 0)
(0.0053912239 -0.00024121705 0)
(0.0053879744 -0.00023970865 0)
(0.0053838333 -0.00023732496 0)
(0.0053800445 -0.00023441002 0)
(0.005376867 -0.00023061709 0)
(0.0053739321 -0.00022589521 0)
(0.0053709364 -0.00022046453 0)
(0.0053678042 -0.00021452567 0)
(0.0053645438 -0.00020820395 0)
(0.0053611372 -0.00020159638 0)
(0.0053575468 -0.00019480112 0)
(0.0053537482 -0.00018791173 0)
(0.0053497368 -0.00018100631 0)
(0.0053455178 -0.00017414676 0)
(0.0053411006 -0.00016738105 0)
(0.0053364948 -0.00016076212 0)
(0.0053317237 -0.00015423291 0)
(0.0053267732 -0.00014779278 0)
(0.0053216998 -0.00014155297 0)
(0.0053165114 -0.00013553949 0)
(0.0053112182 -0.00012975384 0)
(0.0053058359 -0.00012419185 0)
(0.0053003728 -0.00011885062 0)
(0.0052948286 -0.00011372631 0)
(0.0052892048 -0.0001088129 0)
(0.0052835084 -0.00010410338 0)
(0.0052777468 -9.9590202e-05 0)
(0.0052719252 -9.5265414e-05 0)
(0.0052660465 -9.1120448e-05 0)
(0.0052601129 -8.7146146e-05 0)
(0.0052541252 -8.333301e-05 0)
(0.0052480831 -7.9671421e-05 0)
(0.0052419849 -7.6151758e-05 0)
(0.0052358279 -7.2764453e-05 0)
(0.0052296078 -6.95e-05 0)
(0.0052233197 -6.6348934e-05 0)
(0.0052169573 -6.3301796e-05 0)
(0.0052105134 -6.0349139e-05 0)
(0.0052039796 -5.7481567e-05 0)
(0.0051973466 -5.4689736e-05 0)
(0.0051906039 -5.1964842e-05 0)
(0.0051837403 -4.9299317e-05 0)
(0.0051767457 -4.6687481e-05 0)
(0.0051696173 -4.4130669e-05 0)
(0.0051623552 -4.1632661e-05 0)
(0.0051549537 -3.9187908e-05 0)
(0.005147402 -3.6786036e-05 0)
(0.0051396892 -3.4420857e-05 0)
(0.0051318067 -3.2092244e-05 0)
(0.005123749 -2.9804046e-05 0)
(0.0051155156 -2.7562261e-05 0)
(0.0051071129 -2.5369372e-05 0)
(0.0050985527 -2.3222098e-05 0)
(0.0050898464 -2.111678e-05 0)
(0.005081006 -1.9049388e-05 0)
(0.005072049 -1.7015017e-05 0)
(0.0050629976 -1.5026635e-05 0)
(0.0050538725 -1.3099607e-05 0)
(0.0050446936 -1.1245554e-05 0)
(0.0050354855 -9.4778596e-06 0)
(0.0050262772 -7.8158523e-06 0)
(0.0050171006 -6.2843281e-06 0)
(0.0050079898 -4.9075101e-06 0)
(0.0049989796 -3.7061911e-06 0)
(0.0049900986 -2.6972147e-06 0)
(0.0049813638 -1.8913061e-06 0)
(0.0049727839 -1.2930144e-06 0)
(0.0049643626 -9.0183899e-07 0)
(0.0049560975 -7.1293629e-07 0)
(0.0049479805 -7.1914696e-07 0)
(0.0049400012 -9.0996866e-07 0)
(0.004932149 -1.2703241e-06 0)
(0.0049244147 -1.7811594e-06 0)
(0.0049167904 -2.4204317e-06 0)
(0.0049092708 -3.163959e-06 0)
(0.0049018526 -3.9864525e-06 0)
(0.0048945354 -4.8631386e-06 0)
(0.0048873215 -5.771371e-06 0)
(0.0048802153 -6.6890913e-06 0)
(0.0048732235 -7.5950785e-06 0)
(0.0048663552 -8.471583e-06 0)
(0.004859619 -9.3042113e-06 0)
(0.0048530217 -1.0081022e-05 0)
(0.0048465684 -1.0792474e-05 0)
(0.0048402628 -1.1430571e-05 0)
(0.0048341085 -1.1994325e-05 0)
(0.0048281103 -1.2484744e-05 0)
(0.0048222734 -1.2902784e-05 0)
(0.004816601 -1.3249929e-05 0)
(0.0048110921 -1.3525553e-05 0)
(0.0048057452 -1.3723551e-05 0)
(0.0048005627 -1.3843055e-05 0)
(0.0047955449 -1.38912e-05 0)
(0.0047906868 -1.3872068e-05 0)
(0.0047859831 -1.3784291e-05 0)
(0.0047814317 -1.3624955e-05 0)
(0.0047770317 -1.3391061e-05 0)
(0.0047727834 -1.3079343e-05 0)
(0.0047686898 -1.2686653e-05 0)
(0.0047647571 -1.2211138e-05 0)
(0.0047609953 -1.165303e-05 0)
(0.004757418 -1.1015547e-05 0)
(0.0047540418 -1.0308106e-05 0)
(0.0047508813 -9.5472724e-06 0)
(0.0047479448 -8.7534531e-06 0)
(0.0047452348 -7.9444291e-06 0)
(0.0047427529 -7.1311743e-06 0)
(0.0047405033 -6.3231669e-06 0)
(0.0047384894 -5.5342769e-06 0)
(0.0047367084 -4.7803747e-06 0)
(0.0047351508 -4.074423e-06 0)
(0.0047338029 -3.4249843e-06 0)
(0.0047326492 -2.8370781e-06 0)
(0.0047316727 -2.3127054e-06 0)
(0.0047308545 -1.8507156e-06 0)
(0.0047301754 -1.4474201e-06 0)
(0.0047296166 -1.0979823e-06 0)
(0.0047291604 -7.9746863e-07 0)
(0.0047287919 -5.4129609e-07 0)
(0.004728498 -3.2447015e-07 0)
(0.0047282677 -1.4288729e-07 0)
(0.0047280918 6.5574794e-09 0)
(0.0047279624 1.2645312e-07 0)
(0.0047278729 2.1916037e-07 0)
(0.004727817 2.8755402e-07 0)
(0.0047277904 3.3375137e-07 0)
(0.0047277895 3.5313612e-07 0)
(0.0047278076 3.5147383e-07 0)
(0.0047278362 3.3948627e-07 0)
(0.0047278712 3.1689677e-07 0)
(0.0047279116 2.8755801e-07 0)
(0.0047279545 2.5398283e-07 0)
(0.0047279966 2.1833999e-07 0)
(0.0047280357 1.8285121e-07 0)
(0.0047280706 1.4936688e-07 0)
(0.004728101 1.1913835e-07 0)
(0.0047281265 9.2867498e-08 0)
(0.0047281474 7.080287e-08 0)
(0.0047281641 5.2838036e-08 0)
(0.0047281771 3.8621357e-08 0)
(0.0047281872 2.7660466e-08 0)
(0.0047281948 1.9407602e-08 0)
(0.0047282004 1.3323016e-08 0)
(0.0047282047 8.9170697e-09 0)
(0.0047282078 5.7731188e-09 0)
(0.0047282101 3.5548948e-09 0)
(0.0047282119 2.0026845e-09 0)
(0.0047282132 9.233592e-10 0)
(0.0047282142 1.7960386e-10 0)
(0.0047282149 -3.2386471e-10 0)
(0.0047282155 -6.5265643e-10 0)
(0.0047282159 -8.5773102e-10 0)
(0.0047282162 -9.7710692e-10 0)
(0.0047282164 -1.0305611e-09 0)
(0.0047282165 -1.0288694e-09 0)
(0.0047282166 -1.0007204e-09 0)
(0.0047282166 -9.5909332e-10 0)
(0.0047282167 -8.9608454e-10 0)
(0.0047282167 -8.2397319e-10 0)
(0.0047282166 -7.4904626e-10 0)
(0.0047282166 -6.7482554e-10 0)
(0.0047282166 -6.034953e-10 0)
(0.0047282166 -5.3630677e-10 0)
(0.0047282165 -4.7386982e-10 0)
(0.0047282165 -4.1640539e-10 0)
(0.0047282165 -3.6390082e-10 0)
(0.0047282164 -3.161998e-10 0)
(0.0047282164 -2.7305274e-10 0)
(0.0047282164 -2.3415288e-10 0)
(0.0047282164 -1.991728e-10 0)
(0.0047282163 -1.6779789e-10 0)
(0.0047282163 -1.3973287e-10 0)
(0.0047282163 -1.1468502e-10 0)
(0.0047282163 -9.2361057e-11 0)
(0.0047282162 -7.2476988e-11 0)
(0.0047282162 -5.4775353e-11 0)
(0.0047282162 -3.9032687e-11 0)
(0.0047282162 -2.5050394e-11 0)
(0.0047282162 -1.2644905e-11 0)
(0.0047282162 -1.6585577e-12 0)
(0.0047282161 8.0236661e-12 0)
(0.0047282161 1.6483385e-11 0)
(0.0047282161 2.3792759e-11 0)
(0.0047282161 3.001349e-11 0)
(0.0047282161 3.5165856e-11 0)
(0.0047282161 3.9197023e-11 0)
(0.0047282161 4.2041987e-11 0)
(0.0047282161 4.36015e-11 0)
(0.004728216 4.372116e-11 0)
(0.004728216 4.2231767e-11 0)
(0.004728216 3.8914144e-11 0)
(0.004728216 3.3469209e-11 0)
(0.004728216 2.5423517e-11 0)
(0.004728216 1.4322428e-11 0)
(0.004728216 -1.154318e-12 0)
(0.004728216 -1.8077882e-11 0)
(0.0047282159 -5.5150047e-11 0)
(0.0047282159 -1.05884e-10 0)
(0.005304559 -0.00022282384 0)
(0.005292348 -0.00023197623 0)
(0.0052884525 -0.00023357616 0)
(0.0052800532 -0.00023147109 0)
(0.0052683617 -0.00022904409 0)
(0.0052571679 -0.00022635018 0)
(0.0052472436 -0.00022258861 0)
(0.0052376656 -0.00021765318 0)
(0.0052278357 -0.00021188242 0)
(0.0052177601 -0.00020555606 0)
(0.005207568 -0.00019881597 0)
(0.0051972783 -0.00019177038 0)
(0.0051868597 -0.00018453763 0)
(0.0051763071 -0.00017722873 0)
(0.005165645 -0.00016993175 0)
(0.005154902 -0.00016271373 0)
(0.0051441021 -0.00015562691 0)
(0.0051332622 -0.00014871336 0)
(0.0051224026 -0.00014200252 0)
(0.0051115575 -0.00013551337 0)
(0.0051007586 -0.00012926165 0)
(0.0050900218 -0.00012325246 0)
(0.0050793576 -0.00011748469 0)
(0.0050687766 -0.00011195696 0)
(0.0050582877 -0.00010666788 0)
(0.0050478974 -0.0001016117 0)
(0.0050376122 -9.6778137e-05 0)
(0.0050274388 -9.2155623e-05 0)
(0.0050173831 -8.7732847e-05 0)
(0.0050074489 -8.3498632e-05 0)
(0.0049976379 -7.9441597e-05 0)
(0.0049879507 -7.5550233e-05 0)
(0.0049783862 -7.1813124e-05 0)
(0.0049689422 -6.8219062e-05 0)
(0.0049596151 -6.4757095e-05 0)
(0.0049504004 -6.1416561e-05 0)
(0.0049412924 -5.8187063e-05 0)
(0.0049322851 -5.5058326e-05 0)
(0.0049233715 -5.2020107e-05 0)
(0.0049145442 -4.9062201e-05 0)
(0.0049057946 -4.617456e-05 0)
(0.0048971132 -4.3347487e-05 0)
(0.0048884895 -4.0572442e-05 0)
(0.0048799128 -3.7843434e-05 0)
(0.0048713745 -3.5157172e-05 0)
(0.004862872 -3.2511867e-05 0)
(0.0048544057 -2.9904764e-05 0)
(0.0048459725 -2.7329726e-05 0)
(0.0048375639 -2.4779889e-05 0)
(0.0048291684 -2.2253252e-05 0)
(0.0048207754 -1.9753475e-05 0)
(0.0048123762 -1.7288236e-05 0)
(0.0048039759 -1.4881399e-05 0)
(0.0047955982 -1.2554032e-05 0)
(0.004787268 -1.030507e-05 0)
(0.004779 -8.1243277e-06 0)
(0.0047708093 -5.9984555e-06 0)
(0.0047627043 -3.9276922e-06 0)
(0.0047546945 -1.9271406e-06 0)
(0.0047468053 -1.8590979e-08 0)
(0.0047390598 1.7787057e-06 0)
(0.0047314735 3.4448436e-06 0)
(0.0047240559 4.9575679e-06 0)
(0.0047168227 6.2927062e-06 0)
(0.0047098009 7.4202083e-06 0)
(0.0047030213 8.3333712e-06 0)
(0.0046965015 9.0363734e-06 0)
(0.0046902418 9.5309409e-06 0)
(0.0046842326 9.8189701e-06 0)
(0.0046784565 9.909175e-06 0)
(0.0046728859 9.8176805e-06 0)
(0.0046674896 9.5575907e-06 0)
(0.0046622418 9.1399627e-06 0)
(0.0046571216 8.5774396e-06 0)
(0.0046521117 7.8852891e-06 0)
(0.0046471985 7.0809091e-06 0)
(0.0046423733 6.1822127e-06 0)
(0.0046376312 5.2098121e-06 0)
(0.0046329685 4.1863836e-06 0)
(0.0046283873 3.1320587e-06 0)
(0.004623893 2.0673e-06 0)
(0.0046194855 1.0113887e-06 0)
(0.0046151631 -2.0656108e-08 0)
(0.0046109267 -1.0183414e-06 0)
(0.0046067761 -1.9728859e-06 0)
(0.0046027082 -2.8684167e-06 0)
(0.0045987118 -3.694341e-06 0)
(0.0045947779 -4.44492e-06 0)
(0.0045909099 -5.1199737e-06 0)
(0.0045871171 -5.7221236e-06 0)
(0.0045834051 -6.2522136e-06 0)
(0.0045797732 -6.7098385e-06 0)
(0.0045762191 -7.0932888e-06 0)
(0.004572743 -7.4015072e-06 0)
(0.0045693459 -7.6354296e-06 0)
(0.0045660273 -7.7957567e-06 0)
(0.0045627865 -7.8820979e-06 0)
(0.0045596242 -7.894241e-06 0)
(0.0045565432 -7.8326722e-06 0)
(0.0045535484 -7.6983802e-06 0)
(0.004550647 -7.4930316e-06 0)
(0.0045478484 -7.2195116e-06 0)
(0.0045451647 -6.8823941e-06 0)
(0.0045426093 -6.4884446e-06 0)
(0.0045401964 -6.0475166e-06 0)
(0.0045379386 -5.5724786e-06 0)
(0.0045358451 -5.0771568e-06 0)
(0.0045339211 -4.5738096e-06 0)
(0.0045321691 -4.0719423e-06 0)
(0.0045305903 -3.5795193e-06 0)
(0.0045291839 -3.1045786e-06 0)
(0.0045279457 -2.6547363e-06 0)
(0.0045268677 -2.2356937e-06 0)
(0.0045259388 -1.8508468e-06 0)
(0.0045251468 -1.5018766e-06 0)
(0.0045244782 -1.189302e-06 0)
(0.0045239197 -9.1280581e-07 0)
(0.0045234583 -6.7074592e-07 0)
(0.004523081 -4.6059501e-07 0)
(0.0045227759 -2.8055289e-07 0)
(0.0045225351 -1.2824988e-07 0)
(0.0045223512 -1.3366491e-09 0)
(0.0045222156 1.0196103e-07 0)
(0.0045221211 1.835897e-07 0)
(0.004522062 2.4529856e-07 0)
(0.0045220341 2.8860267e-07 0)
(0.0045220333 3.1429967e-07 0)
(0.0045220539 3.1791065e-07 0)
(0.0045220894 3.1242797e-07 0)
(0.0045221336 2.9725818e-07 0)
(0.0045221825 2.740142e-07 0)
(0.0045222335 2.4600465e-07 0)
(0.0045222841 2.1567184e-07 0)
(0.004522332 1.8451921e-07 0)
(0.0045223755 1.5408034e-07 0)
(0.0045224137 1.2569958e-07 0)
(0.0045224461 1.0025233e-07 0)
(0.0045224729 7.8195876e-08 0)
(0.0045224944 5.9666071e-08 0)
(0.0045225113 4.4543458e-08 0)
(0.0045225242 3.2527509e-08 0)
(0.004522534 2.3214151e-08 0)
(0.0045225412 1.6159685e-08 0)
(0.0045225464 1.0927817e-08 0)
(0.0045225502 7.1211859e-09 0)
(0.0045225529 4.3988619e-09 0)
(0.0045225548 2.4823927e-09 0)
(0.0045225562 1.1542049e-09 0)
(0.0045225572 2.4915127e-10 0)
(0.0045225578 -3.729441e-10 0)
(0.0045225583 -7.9617443e-10 0)
(0.0045225586 -1.0303534e-09 0)
(0.0045225589 -1.1327445e-09 0)
(0.004522559 -1.161251e-09 0)
(0.004522559 -1.1575071e-09 0)
(0.004522559 -1.1345237e-09 0)
(0.004522559 -1.0816051e-09 0)
(0.004522559 -1.0101716e-09 0)
(0.0045225589 -9.285965e-10 0)
(0.0045225589 -8.4326122e-10 0)
(0.0045225588 -7.5848325e-10 0)
(0.0045225587 -6.768944e-10 0)
(0.0045225587 -6.000097e-10 0)
(0.0045225586 -5.2864137e-10 0)
(0.0045225585 -4.6313745e-10 0)
(0.0045225585 -4.0350564e-10 0)
(0.0045225584 -3.4954399e-10 0)
(0.0045225584 -3.009367e-10 0)
(0.0045225583 -2.5730394e-10 0)
(0.0045225583 -2.1823387e-10 0)
(0.0045225582 -1.8331634e-10 0)
(0.0045225582 -1.5216789e-10 0)
(0.0045225582 -1.2443319e-10 0)
(0.0045225581 -9.9775041e-11 0)
(0.0045225581 -7.7869454e-11 0)
(0.0045225581 -5.841789e-11 0)
(0.0045225581 -4.1153779e-11 0)
(0.0045225581 -2.5834743e-11 0)
(0.004522558 -1.2243655e-11 0)
(0.004522558 -1.8046589e-13 0)
(0.004522558 1.0529981e-11 0)
(0.004522558 2.0013417e-11 0)
(0.004522558 2.835261e-11 0)
(0.004522558 3.5596694e-11 0)
(0.004522558 4.1814374e-11 0)
(0.004522558 4.7102666e-11 0)
(0.004522558 5.1490323e-11 0)
(0.0045225579 5.4951713e-11 0)
(0.0045225579 5.7423993e-11 0)
(0.0045225579 5.8764161e-11 0)
(0.0045225579 5.8830728e-11 0)
(0.0045225579 5.7545845e-11 0)
(0.0045225579 5.4794005e-11 0)
(0.0045225579 5.0356801e-11 0)
(0.0045225579 4.3826317e-11 0)
(0.0045225579 3.4737274e-11 0)
(0.0045225579 2.188163e-11 0)
(0.0045225578 7.9802929e-12 0)
(0.0045225578 -2.6626842e-11 0)
(0.0045225578 -7.714287e-11 0)
(0.0050212178 -0.00019856038 0)
(0.0050020858 -0.00020973971 0)
(0.0049974641 -0.00021150156 0)
(0.0049821854 -0.00020945536 0)
(0.0049608674 -0.00020755914 0)
(0.0049411155 -0.00020534334 0)
(0.0049236859 -0.00020175276 0)
(0.0049065695 -0.00019680909 0)
(0.0048888793 -0.00019098184 0)
(0.00487086 -0.00018458299 0)
(0.0048528165 -0.00017776404 0)
(0.0048347923 -0.00017065589 0)
(0.004816756 -0.00016339743 0)
(0.0047987324 -0.00015610776 0)
(0.0047807842 -0.00014887505 0)
(0.0047629684 -0.00014176379 0)
(0.004745328 -0.00013482188 0)
(0.0047278988 -0.00012808387 0)
(0.0047107153 -0.00012156963 0)
(0.0046938112 -0.00011529147 0)
(0.004677213 -0.00010926186 0)
(0.0046609385 -0.00010348877 0)
(0.0046449998 -9.7973663e-05 0)
(0.0046294075 -9.2713488e-05 0)
(0.0046141699 -8.7702165e-05 0)
(0.0045992931 -8.2930702e-05 0)
(0.0045847804 -7.8387872e-05 0)
(0.0045706335 -7.4061518e-05 0)
(0.0045568527 -6.9939265e-05 0)
(0.0045434367 -6.6008561e-05 0)
(0.0045303826 -6.2256592e-05 0)
(0.0045176862 -5.8670358e-05 0)
(0.0045053422 -5.523683e-05 0)
(0.0044933442 -5.1943121e-05 0)
(0.0044816849 -4.8776734e-05 0)
(0.0044703562 -4.5725846e-05 0)
(0.0044593504 -4.2779289e-05 0)
(0.0044486596 -3.9926038e-05 0)
(0.0044382765 -3.715481e-05 0)
(0.0044281934 -3.4454028e-05 0)
(0.0044184025 -3.1811769e-05 0)
(0.0044088946 -2.9215526e-05 0)
(0.0043996576 -2.6653572e-05 0)
(0.0043906763 -2.4119281e-05 0)
(0.004381938 -2.1616633e-05 0)
(0.0043734444 -1.9159365e-05 0)
(0.0043652099 -1.6752147e-05 0)
(0.0043572442 -1.4384488e-05 0)
(0.0043495381 -1.2035986e-05 0)
(0.0043420737 -9.6925518e-06 0)
(0.0043348371 -7.361162e-06 0)
(0.0043277864 -5.0741838e-06 0)
(0.004320903 -2.8677622e-06 0)
(0.004314247 -7.564536e-07 0)
(0.0043078882 1.2631834e-06 0)
(0.0043018643 3.1945744e-06 0)
(0.0042961682 5.0422752e-06 0)
(0.0042907623 6.7989863e-06 0)
(0.004285629 8.4591297e-06 0)
(0.0042807728 1.0004332e-05 0)
(0.0042762113 1.1416372e-05 0)
(0.0042719561 1.2709017e-05 0)
(0.0042679926 1.3857318e-05 0)
(0.0042642941 1.4807779e-05 0)
(0.0042608797 1.5527855e-05 0)
(0.0042577715 1.5990093e-05 0)
(0.0042549516 1.6225084e-05 0)
(0.0042523801 1.6268795e-05 0)
(0.0042500198 1.614816e-05 0)
(0.0042478357 1.5889586e-05 0)
(0.0042458029 1.5522089e-05 0)
(0.0042439015 1.5038655e-05 0)
(0.0042421045 1.4439553e-05 0)
(0.0042403868 1.3729742e-05 0)
(0.0042387254 1.2915343e-05 0)
(0.0042370972 1.2005018e-05 0)
(0.0042354927 1.1013853e-05 0)
(0.0042339168 9.9568076e-06 0)
(0.0042323666 8.8430164e-06 0)
(0.0042308264 7.6767655e-06 0)
(0.0042292806 6.5004987e-06 0)
(0.0042277186 5.3435043e-06 0)
(0.0042261316 4.2142836e-06 0)
(0.0042245127 3.1288988e-06 0)
(0.0042228558 2.1017481e-06 0)
(0.0042211538 1.1899317e-06 0)
(0.0042194091 3.7280623e-07 0)
(0.0042176281 -3.8282173e-07 0)
(0.0042158168 -1.0847929e-06 0)
(0.0042139788 -1.7399487e-06 0)
(0.0042121149 -2.3244758e-06 0)
(0.0042102282 -2.8330241e-06 0)
(0.0042083228 -3.2648818e-06 0)
(0.004206404 -3.6207843e-06 0)
(0.0042044777 -3.9027608e-06 0)
(0.00420255 -4.1134251e-06 0)
(0.0042006272 -4.2552816e-06 0)
(0.0041987174 -4.3308981e-06 0)
(0.0041968297 -4.343267e-06 0)
(0.0041949746 -4.2959478e-06 0)
(0.0041931635 -4.1931824e-06 0)
(0.0041914086 -4.0400586e-06 0)
(0.0041897228 -3.8426304e-06 0)
(0.0041881186 -3.6079821e-06 0)
(0.0041866076 -3.3442639e-06 0)
(0.0041851995 -3.0603808e-06 0)
(0.0041839009 -2.7651324e-06 0)
(0.0041827156 -2.4662319e-06 0)
(0.0041816447 -2.1697989e-06 0)
(0.0041806875 -1.8807179e-06 0)
(0.0041798417 -1.6033334e-06 0)
(0.0041791028 -1.3415222e-06 0)
(0.0041784647 -1.0982696e-06 0)
(0.0041779199 -8.7553801e-07 0)
(0.0041774602 -6.7464575e-07 0)
(0.0041770768 -4.9642424e-07 0)
(0.0041767628 -3.4024362e-07 0)
(0.0041765126 -2.0415537e-07 0)
(0.0041763182 -8.5861004e-08 0)
(0.0041761703 1.4206508e-08 0)
(0.0041760635 8.7459899e-08 0)
(0.0041759933 1.4976786e-07 0)
(0.0041759546 1.9929292e-07 0)
(0.0041759429 2.3504932e-07 0)
(0.004175954 2.5650198e-07 0)
(0.0041759828 2.6090856e-07 0)
(0.0041760248 2.5937913e-07 0)
(0.004176075 2.5051248e-07 0)
(0.0041761292 2.3496192e-07 0)
(0.0041761847 2.1428055e-07 0)
(0.0041762391 1.9079433e-07 0)
(0.0041762901 1.6626652e-07 0)
(0.0041763365 1.4192188e-07 0)
(0.0041763774 1.1869146e-07 0)
(0.0041764124 9.7283631e-08 0)
(0.0041764415 7.8159054e-08 0)
(0.0041764652 6.1548684e-08 0)
(0.0041764839 4.7498528e-08 0)
(0.0041764983 3.5907833e-08 0)
(0.0041765092 2.6568463e-08 0)
(0.0041765173 1.9207715e-08 0)
(0.0041765231 1.3526217e-08 0)
(0.0041765273 9.2266759e-09 0)
(0.0041765301 6.03368e-09 0)
(0.0041765321 3.7054461e-09 0)
(0.0041765334 2.0387849e-09 0)
(0.0041765343 8.6908319e-10 0)
(0.0041765349 6.7355536e-11 0)
(0.0041765352 -4.6558494e-10 0)
(0.0041765354 -8.0791637e-10 0)
(0.0041765354 -1.0219385e-09 0)
(0.0041765354 -1.1368414e-09 0)
(0.0041765353 -1.1416979e-09 0)
(0.0041765352 -1.1231112e-09 0)
(0.0041765351 -1.0838076e-09 0)
(0.004176535 -1.0208468e-09 0)
(0.0041765349 -9.423643e-10 0)
(0.0041765347 -8.5868818e-10 0)
(0.0041765346 -7.749493e-10 0)
(0.0041765345 -6.93342e-10 0)
(0.0041765344 -6.155325e-10 0)
(0.0041765343 -5.4278241e-10 0)
(0.0041765342 -4.7569772e-10 0)
(0.0041765341 -4.1442592e-10 0)
(0.004176534 -3.5887535e-10 0)
(0.004176534 -3.0880615e-10 0)
(0.0041765339 -2.6388308e-10 0)
(0.0041765339 -2.2371635e-10 0)
(0.0041765338 -1.8789557e-10 0)
(0.0041765338 -1.5601443e-10 0)
(0.0041765337 -1.2768378e-10 0)
(0.0041765337 -1.0254109e-10 0)
(0.0041765337 -8.0250065e-11 0)
(0.0041765336 -6.0500165e-11 0)
(0.0041765336 -4.3014165e-11 0)
(0.0041765336 -2.7546411e-11 0)
(0.0041765336 -1.3870812e-11 0)
(0.0041765336 -1.76862e-12 0)
(0.0041765336 8.9611907e-12 0)
(0.0041765336 1.8489415e-11 0)
(0.0041765335 2.694416e-11 0)
(0.0041765335 3.4412648e-11 0)
(0.0041765335 4.095414e-11 0)
(0.0041765335 4.6583704e-11 0)
(0.0041765335 5.1330806e-11 0)
(0.0041765335 5.543383e-11 0)
(0.0041765335 5.8946347e-11 0)
(0.0041765335 6.1248771e-11 0)
(0.0041765335 6.3248667e-11 0)
(0.0041765335 6.4555665e-11 0)
(0.0041765335 6.4741618e-11 0)
(0.0041765335 6.4105332e-11 0)
(0.0041765335 6.2649734e-11 0)
(0.0041765335 6.0264008e-11 0)
(0.0041765335 5.6786389e-11 0)
(0.0041765335 5.1953435e-11 0)
(0.0041765335 4.5284355e-11 0)
(0.0041765335 3.8040805e-11 0)
(0.0041765335 1.5908614e-11 0)
(0.0041765334 -1.9284807e-11 0)
(0.0044764558 -0.00016024243 0)
(0.00444775 -0.00017281215 0)
(0.0044441564 -0.0001759001 0)
(0.004421627 -0.0001755554 0)
(0.004390157 -0.00017501732 0)
(0.0043623483 -0.00017335319 0)
(0.0043383401 -0.00016984105 0)
(0.0043145458 -0.00016487051 0)
(0.0042898065 -0.00015898942 0)
(0.0042646913 -0.00015250408 0)
(0.004239674 -0.00014561072 0)
(0.0042148027 -0.00013849688 0)
(0.0041900571 -0.0001313265 0)
(0.0041655119 -0.0001242197 0)
(0.0041412821 -0.00011725999 0)
(0.004117462 -0.00011050657 0)
(0.0040941201 -0.00010400023 0)
(0.0040713124 -9.7766539e-05 0)
(0.0040490865 -9.181927e-05 0)
(0.0040274812 -8.6164618e-05 0)
(0.0040065257 -8.0804274e-05 0)
(0.0039862394 -7.5735154e-05 0)
(0.0039666339 -7.0949353e-05 0)
(0.0039477145 -6.6435674e-05 0)
(0.003929482 -6.2181206e-05 0)
(0.0039119323 -5.8171998e-05 0)
(0.0038950585 -5.4393281e-05 0)
(0.0038788508 -5.0829768e-05 0)
(0.0038632978 -4.7466017e-05 0)
(0.0038483868 -4.4286631e-05 0)
(0.0038341037 -4.1276313e-05 0)
(0.0038204339 -3.8419919e-05 0)
(0.0038073618 -3.5702558e-05 0)
(0.0037948718 -3.310976e-05 0)
(0.0037829476 -3.0627973e-05 0)
(0.0037715732 -2.8245252e-05 0)
(0.0037607344 -2.5951291e-05 0)
(0.0037504198 -2.373644e-05 0)
(0.00374062 -2.159072e-05 0)
(0.0037313266 -1.9503541e-05 0)
(0.0037225323 -1.7462891e-05 0)
(0.0037142292 -1.5452777e-05 0)
(0.003706405 -1.345522e-05 0)
(0.0036990314 -1.1467061e-05 0)
(0.0036920651 -9.5117336e-06 0)
(0.0036855019 -7.6183884e-06 0)
(0.0036793879 -5.7845772e-06 0)
(0.0036737818 -3.9692751e-06 0)
(0.0036686846 -2.1518702e-06 0)
(0.0036640307 -3.3247538e-07 0)
(0.0036597854 1.5409947e-06 0)
(0.0036559261 3.5393992e-06 0)
(0.0036524212 5.347254e-06 0)
(0.0036492854 6.8315836e-06 0)
(0.0036465248 8.126185e-06 0)
(0.0036441781 9.3009538e-06 0)
(0.0036422967 1.0517189e-05 0)
(0.0036408633 1.1793774e-05 0)
(0.0036398175 1.2977545e-05 0)
(0.0036391034 1.4033245e-05 0)
(0.0036386918 1.4949742e-05 0)
(0.0036385806 1.5736983e-05 0)
(0.0036387651 1.6422792e-05 0)
(0.0036392448 1.6953164e-05 0)
(0.0036400091 1.7123537e-05 0)
(0.0036410091 1.7147574e-05 0)
(0.0036421824 1.7069785e-05 0)
(0.0036434789 1.6886674e-05 0)
(0.0036448625 1.6596213e-05 0)
(0.0036463035 1.6198458e-05 0)
(0.0036477795 1.5694644e-05 0)
(0.0036492703 1.5092415e-05 0)
(0.0036507539 1.4403577e-05 0)
(0.0036522073 1.3640733e-05 0)
(0.0036536083 1.2815574e-05 0)
(0.003654933 1.1930188e-05 0)
(0.003656163 1.093853e-05 0)
(0.0036572907 9.8708098e-06 0)
(0.0036583028 8.7928319e-06 0)
(0.0036591779 7.7283611e-06 0)
(0.0036598994 6.6913874e-06 0)
(0.0036604602 5.692099e-06 0)
(0.0036608572 4.7388774e-06 0)
(0.0036610892 3.8391238e-06 0)
(0.0036611571 2.9993404e-06 0)
(0.0036610725 2.2214046e-06 0)
(0.0036608529 1.5068432e-06 0)
(0.0036605105 8.5579265e-07 0)
(0.0036600499 2.6870391e-07 0)
(0.0036594734 -2.5555695e-07 0)
(0.0036587884 -7.1405485e-07 0)
(0.0036580072 -1.1098175e-06 0)
(0.0036571435 -1.4459084e-06 0)
(0.0036562104 -1.7233361e-06 0)
(0.0036552208 -1.9433849e-06 0)
(0.0036541876 -2.1084246e-06 0)
(0.0036531237 -2.2214553e-06 0)
(0.0036520419 -2.2859111e-06 0)
(0.0036509553 -2.3056512e-06 0)
(0.0036498766 -2.2848847e-06 0)
(0.0036488182 -2.2280947e-06 0)
(0.0036477918 -2.1400179e-06 0)
(0.0036468082 -2.0256375e-06 0)
(0.003645877 -1.8901593e-06 0)
(0.003645006 -1.7389515e-06 0)
(0.0036442012 -1.577361e-06 0)
(0.0036434664 -1.4103582e-06 0)
(0.0036428032 -1.2421807e-06 0)
(0.0036422117 -1.0762156e-06 0)
(0.0036416907 -9.1519682e-07 0)
(0.003641238 -7.6147618e-07 0)
(0.0036408504 -6.1705207e-07 0)
(0.0036405238 -4.8339189e-07 0)
(0.0036402537 -3.6128363e-07 0)
(0.0036400355 -2.5080062e-07 0)
(0.0036398636 -1.5261539e-07 0)
(0.0036397326 -7.4747772e-08 0)
(0.0036396389 -1.1903864e-08 0)
(0.0036395785 4.7919303e-08 0)
(0.0036395466 9.7443824e-08 0)
(0.0036395371 1.3479327e-07 0)
(0.0036395462 1.6146817e-07 0)
(0.0036395711 1.7631627e-07 0)
(0.0036396087 1.8475187e-07 0)
(0.0036396556 1.8713785e-07 0)
(0.0036397074 1.8401674e-07 0)
(0.0036397611 1.7611603e-07 0)
(0.0036398149 1.6418553e-07 0)
(0.003639867 1.4974682e-07 0)
(0.0036399157 1.3396317e-07 0)
(0.0036399599 1.1764569e-07 0)
(0.0036399988 1.0147996e-07 0)
(0.0036400324 8.6034908e-08 0)
(0.0036400608 7.169894e-08 0)
(0.0036400841 5.8719555e-08 0)
(0.003640103 4.7247387e-08 0)
(0.0036401178 3.7338898e-08 0)
(0.0036401292 2.8964561e-08 0)
(0.0036401379 2.203118e-08 0)
(0.0036401442 1.6403683e-08 0)
(0.0036401488 1.1923074e-08 0)
(0.0036401521 8.4218069e-09 0)
(0.0036401543 5.7359423e-09 0)
(0.0036401558 3.7135742e-09 0)
(0.0036401567 2.21986e-09 0)
(0.0036401572 1.1392796e-09 0)
(0.0036401575 3.7575319e-10 0)
(0.0036401576 -1.4861799e-10 0)
(0.0036401576 -4.9464028e-10 0)
(0.0036401575 -7.1196603e-10 0)
(0.0036401573 -8.3644918e-10 0)
(0.0036401571 -8.8912067e-10 0)
(0.0036401569 -8.8980723e-10 0)
(0.0036401567 -8.5991656e-10 0)
(0.0036401565 -8.1400095e-10 0)
(0.0036401563 -7.5872686e-10 0)
(0.0036401562 -6.9694021e-10 0)
(0.003640156 -6.3192655e-10 0)
(0.0036401559 -5.6686592e-10 0)
(0.0036401557 -5.039012e-10 0)
(0.0036401556 -4.4441956e-10 0)
(0.0036401555 -3.892182e-10 0)
(0.0036401554 -3.3859838e-10 0)
(0.0036401553 -2.9257236e-10 0)
(0.0036401552 -2.5101314e-10 0)
(0.0036401552 -2.1370371e-10 0)
(0.0036401551 -1.8036346e-10 0)
(0.0036401551 -1.5067676e-10 0)
(0.003640155 -1.2431513e-10 0)
(0.003640155 -1.0095055e-10 0)
(0.003640155 -8.0264968e-11 0)
(0.003640155 -6.196561e-11 0)
(0.0036401549 -4.5792986e-11 0)
(0.0036401549 -3.1516743e-11 0)
(0.0036401549 -1.893495e-11 0)
(0.0036401549 -7.8632242e-12 0)
(0.0036401549 1.8851297e-12 0)
(0.0036401549 1.0494943e-11 0)
(0.0036401549 1.8121864e-11 0)
(0.0036401549 2.4886651e-11 0)
(0.0036401549 3.0882e-11 0)
(0.0036401549 3.6182122e-11 0)
(0.0036401549 4.0822968e-11 0)
(0.0036401549 4.42899e-11 0)
(0.0036401549 4.700566e-11 0)
(0.0036401549 4.9753272e-11 0)
(0.0036401549 5.2320527e-11 0)
(0.0036401549 5.4393194e-11 0)
(0.0036401549 5.5897018e-11 0)
(0.0036401549 5.687699e-11 0)
(0.0036401549 5.7475324e-11 0)
(0.003640155 5.8136465e-11 0)
(0.003640155 5.8423899e-11 0)
(0.003640155 5.865322e-11 0)
(0.003640155 5.8947602e-11 0)
(0.003640155 5.9539769e-11 0)
(0.003640155 6.1006026e-11 0)
(0.0036401549 6.196251e-11 0)
(0.003640155 6.0299515e-11 0)
(0.0036401549 5.3393319e-11 0)
(0.0036017198 -0.00010321901 0)
(0.0035692712 -0.00011670678 0)
(0.0035765945 -0.00012426669 0)
(0.0035538128 -0.0001296593 0)
(0.003518611 -0.00013223356 0)
(0.0034886584 -0.00013123517 0)
(0.0034625973 -0.00012771204 0)
(0.0034354055 -0.0001227896 0)
(0.0034061915 -0.00011695391 0)
(0.0033761399 -0.00011047961 0)
(0.0033460393 -0.00010368072 0)
(0.0033161032 -9.6836455e-05 0)
(0.0032864743 -9.0125528e-05 0)
(0.0032573739 -8.3650626e-05 0)
(0.0032290167 -7.7476535e-05 0)
(0.0032015549 -7.1644186e-05 0)
(0.0031750878 -6.6173279e-05 0)
(0.0031496811 -6.1067002e-05 0)
(0.0031253767 -5.6318174e-05 0)
(0.0031021954 -5.1913431e-05 0)
(0.0030801403 -4.783575e-05 0)
(0.0030592009 -4.4065918e-05 0)
(0.0030393557 -4.0583404e-05 0)
(0.0030205762 -3.7367187e-05 0)
(0.0030028285 -3.4396484e-05 0)
(0.0029860759 -3.1651095e-05 0)
(0.0029702799 -2.9111467e-05 0)
(0.0029554017 -2.6758766e-05 0)
(0.0029414028 -2.4575002e-05 0)
(0.0029282457 -2.254312e-05 0)
(0.0029158945 -2.064696e-05 0)
(0.0029043149 -1.8871122e-05 0)
(0.0028934746 -1.7200752e-05 0)
(0.0028833431 -1.5621319e-05 0)
(0.0028738917 -1.4120001e-05 0)
(0.0028650931 -1.2689806e-05 0)
(0.0028569228 -1.1326857e-05 0)
(0.0028493626 -1.002506e-05 0)
(0.0028423991 -8.7772896e-06 0)
(0.0028360206 -7.5765482e-06 0)
(0.002830217 -6.4131151e-06 0)
(0.0028249768 -5.2638793e-06 0)
(0.0028202964 -4.0786978e-06 0)
(0.0028161722 -2.7948556e-06 0)
(0.0028125412 -1.4719336e-06 0)
(0.0028093561 -3.0159482e-07 0)
(0.0028066424 6.6021145e-07 0)
(0.0028044557 1.471493e-06 0)
(0.0028028226 2.4079076e-06 0)
(0.0028016821 3.5433669e-06 0)
(0.0028009945 4.7169194e-06 0)
(0.0028008021 5.8844212e-06 0)
(0.002801109 6.9885587e-06 0)
(0.0028018439 7.9993349e-06 0)
(0.0028029554 8.8794356e-06 0)
(0.0028044239 9.4567032e-06 0)
(0.0028062311 9.931521e-06 0)
(0.0028083543 1.0445695e-05 0)
(0.0028107848 1.1057761e-05 0)
(0.0028135195 1.1660849e-05 0)
(0.0028165265 1.2158713e-05 0)
(0.0028197712 1.2537521e-05 0)
(0.0028232329 1.2790844e-05 0)
(0.0028268854 1.2899918e-05 0)
(0.0028306493 1.287267e-05 0)
(0.0028344585 1.2742512e-05 0)
(0.0028382832 1.2535696e-05 0)
(0.0028421029 1.2262976e-05 0)
(0.0028458909 1.1927115e-05 0)
(0.0028496192 1.1530203e-05 0)
(0.0028532613 1.1076307e-05 0)
(0.0028567919 1.0570089e-05 0)
(0.0028601871 1.0017114e-05 0)
(0.0028634258 9.4234635e-06 0)
(0.002866491 8.7941888e-06 0)
(0.0028693686 8.1305327e-06 0)
(0.0028720341 7.4308013e-06 0)
(0.0028744598 6.704217e-06 0)
(0.0028766318 5.9692311e-06 0)
(0.002878549 5.2437162e-06 0)
(0.0028802149 4.5422456e-06 0)
(0.0028816355 3.8743799e-06 0)
(0.0028828192 3.2449601e-06 0)
(0.0028837765 2.6575901e-06 0)
(0.0028845204 2.1157459e-06 0)
(0.0028850671 1.6235318e-06 0)
(0.0028854332 1.181151e-06 0)
(0.002885634 7.8427683e-07 0)
(0.002885683 4.2863187e-07 0)
(0.0028855949 1.1184475e-07 0)
(0.0028853861 -1.6685353e-07 0)
(0.0028850718 -4.0788466e-07 0)
(0.0028846674 -6.1043148e-07 0)
(0.0028841891 -7.7632548e-07 0)
(0.002883652 -9.0727877e-07 0)
(0.0028830701 -1.0052655e-06 0)
(0.0028824567 -1.0727783e-06 0)
(0.0028818244 -1.112584e-06 0)
(0.0028811852 -1.1274934e-06 0)
(0.00288055 -1.1202832e-06 0)
(0.0028799287 -1.0937056e-06 0)
(0.0028793299 -1.0505202e-06 0)
(0.002878761 -9.9351366e-07 0)
(0.0028782279 -9.2549346e-07 0)
(0.0028777353 -8.4925392e-07 0)
(0.0028772864 -7.6749729e-07 0)
(0.0028768828 -6.8271283e-07 0)
(0.0028765253 -5.970662e-07 0)
(0.0028762132 -5.1237282e-07 0)
(0.0028759455 -4.3016093e-07 0)
(0.0028757202 -3.5174661e-07 0)
(0.002875535 -2.7823937e-07 0)
(0.002875387 -2.1049512e-07 0)
(0.0028752731 -1.4911032e-07 0)
(0.0028751903 -9.4721466e-08 0)
(0.0028751355 -4.7888699e-08 0)
(0.002875104 -8.1059286e-09 0)
(0.0028750907 2.4784108e-08 0)
(0.0028750936 5.2030853e-08 0)
(0.0028751112 7.3632926e-08 0)
(0.0028751402 8.9207065e-08 0)
(0.0028751774 9.9706009e-08 0)
(0.00287522 1.0611785e-07 0)
(0.0028752656 1.089076e-07 0)
(0.0028753126 1.0837011e-07 0)
(0.0028753594 1.0491791e-07 0)
(0.0028754046 9.9481568e-08 0)
(0.0028754472 9.2553438e-08 0)
(0.0028754863 8.4546177e-08 0)
(0.0028755214 7.5874681e-08 0)
(0.0028755523 6.6943036e-08 0)
(0.0028755791 5.8108498e-08 0)
(0.0028756017 4.9641176e-08 0)
(0.0028756206 4.1731746e-08 0)
(0.0028756361 3.4515015e-08 0)
(0.0028756485 2.8076103e-08 0)
(0.0028756583 2.2450988e-08 0)
(0.0028756659 1.7634305e-08 0)
(0.0028756716 1.358938e-08 0)
(0.0028756759 1.0256614e-08 0)
(0.002875679 7.5613747e-09 0)
(0.0028756811 5.4215432e-09 0)
(0.0028756826 3.7537886e-09 0)
(0.0028756836 2.478255e-09 0)
(0.0028756841 1.521767e-09 0)
(0.0028756844 8.1967203e-10 0)
(0.0028756845 3.1649631e-10 0)
(0.0028756845 -3.4363421e-11 0)
(0.0028756844 -2.7079492e-10 0)
(0.0028756842 -4.2136752e-10 0)
(0.002875684 -5.091437e-10 0)
(0.0028756838 -5.5026105e-10 0)
(0.0028756836 -5.5675876e-10 0)
(0.0028756834 -5.4254815e-10 0)
(0.0028756832 -5.1633753e-10 0)
(0.002875683 -4.8194119e-10 0)
(0.0028756828 -4.4231302e-10 0)
(0.0028756827 -4.0056095e-10 0)
(0.0028756825 -3.5892457e-10 0)
(0.0028756824 -3.1868522e-10 0)
(0.0028756823 -2.8061022e-10 0)
(0.0028756822 -2.4517372e-10 0)
(0.0028756821 -2.1260913e-10 0)
(0.0028756821 -1.8297651e-10 0)
(0.002875682 -1.5623016e-10 0)
(0.0028756819 -1.3225347e-10 0)
(0.0028756819 -1.1087917e-10 0)
(0.0028756819 -9.1906734e-11 0)
(0.0028756818 -7.5114074e-11 0)
(0.0028756818 -6.0272112e-11 0)
(0.0028756818 -4.7165195e-11 0)
(0.0028756818 -3.5605232e-11 0)
(0.0028756818 -2.5433238e-11 0)
(0.0028756817 -1.6510796e-11 0)
(0.0028756817 -8.7099414e-12 0)
(0.0028756817 -1.8984502e-12 0)
(0.0028756817 4.060495e-12 0)
(0.0028756817 9.286693e-12 0)
(0.0028756817 1.3873917e-11 0)
(0.0028756817 1.7897863e-11 0)
(0.0028756818 2.1407151e-11 0)
(0.0028756818 2.4423507e-11 0)
(0.0028756818 2.6972549e-11 0)
(0.0028756818 2.9146946e-11 0)
(0.0028756818 3.1090524e-11 0)
(0.0028756818 3.2855601e-11 0)
(0.0028756818 3.4432923e-11 0)
(0.0028756818 3.5795399e-11 0)
(0.0028756818 3.7010646e-11 0)
(0.0028756819 3.8146888e-11 0)
(0.0028756819 3.9264837e-11 0)
(0.0028756819 4.0529527e-11 0)
(0.0028756819 4.2100434e-11 0)
(0.0028756819 4.4309884e-11 0)
(0.0028756819 4.7390792e-11 0)
(0.0028756819 5.1708687e-11 0)
(0.002875682 5.8652535e-11 0)
(0.0028756819 6.4122781e-11 0)
(0.002875682 8.4046277e-11 0)
(0.0028756819 1.034987e-10 0)
(0.0024163967 -2.5977833e-05 0)
(0.0024192075 -5.6902715e-05 0)
(0.0024524029 -7.9878471e-05 0)
(0.0024317749 -9.6782591e-05 0)
(0.0023924463 -0.00010118802 0)
(0.0023571936 -9.6656393e-05 0)
(0.0023239721 -8.9084741e-05 0)
(0.0022887717 -8.0948161e-05 0)
(0.0022522689 -7.2660551e-05 0)
(0.0022163198 -6.4512297e-05 0)
(0.002181827 -5.6908863e-05 0)
(0.002149014 -5.0083219e-05 0)
(0.0021179847 -4.4064785e-05 0)
(0.0020888427 -3.8797865e-05 0)
(0.0020616345 -3.4212402e-05 0)
(0.0020363342 -3.02342e-05 0)
(0.0020128714 -2.6782323e-05 0)
(0.0019911561 -2.3781639e-05 0)
(0.0019710881 -2.1167033e-05 0)
(0.0019525636 -1.8882234e-05 0)
(0.0019354781 -1.6878724e-05 0)
(0.0019197293 -1.5115218e-05 0)
(0.0019052185 -1.3556781e-05 0)
(0.001891853 -1.2173877e-05 0)
(0.0018795459 -1.0941791e-05 0)
(0.0018682174 -9.8398958e-06 0)
(0.001857794 -8.8506986e-06 0)
(0.0018482092 -7.9591817e-06 0)
(0.0018394024 -7.1524186e-06 0)
(0.0018313192 -6.4192014e-06 0)
(0.0018239106 -5.7495588e-06 0)
(0.0018171333 -5.1343002e-06 0)
(0.001810949 -4.5645641e-06 0)
(0.0018053238 -4.0314278e-06 0)
(0.0018002322 -3.5258462e-06 0)
(0.0017956472 -3.0396089e-06 0)
(0.0017915367 -2.5780907e-06 0)
(0.0017878796 -2.1496169e-06 0)
(0.0017846612 -1.7531727e-06 0)
(0.0017818646 -1.3828587e-06 0)
(0.001779475 -1.0290371e-06 0)
(0.0017774735 -6.7986065e-07 0)
(0.0017758673 -3.2665027e-07 0)
(0.0017747063 8.2315689e-08 0)
(0.0017740121 6.0796624e-07 0)
(0.0017737398 1.1029354e-06 0)
(0.0017738185 1.4786131e-06 0)
(0.0017741932 1.7770998e-06 0)
(0.0017748717 2.0671752e-06 0)
(0.0017758962 2.4584437e-06 0)
(0.0017773086 2.9384845e-06 0)
(0.001779122 3.4071024e-06 0)
(0.0017813133 3.816039e-06 0)
(0.001783849 4.1407756e-06 0)
(0.0017866848 4.3879206e-06 0)
(0.0017897389 4.6050886e-06 0)
(0.0017929602 4.8487608e-06 0)
(0.0017963523 5.1212489e-06 0)
(0.0017999455 5.3756501e-06 0)
(0.001803744 5.5852304e-06 0)
(0.0018077177 5.7503143e-06 0)
(0.0018118261 5.8725863e-06 0)
(0.0018160302 5.9484661e-06 0)
(0.0018202871 5.9708392e-06 0)
(0.0018245484 5.9346962e-06 0)
(0.0018287732 5.8562061e-06 0)
(0.0018329347 5.7475522e-06 0)
(0.0018370117 5.6111338e-06 0)
(0.001840983 5.447382e-06 0)
(0.001844828 5.2574659e-06 0)
(0.0018485273 5.0430402e-06 0)
(0.0018520624 4.8062692e-06 0)
(0.0018554171 4.5498407e-06 0)
(0.0018585774 4.2763657e-06 0)
(0.0018615314 3.9877186e-06 0)
(0.0018642682 3.6845374e-06 0)
(0.0018667758 3.3665847e-06 0)
(0.0018690436 3.0396565e-06 0)
(0.0018710676 2.7139799e-06 0)
(0.0018728503 2.3968928e-06 0)
(0.0018743993 2.0928218e-06 0)
(0.0018757251 1.8045602e-06 0)
(0.0018768406 1.5339019e-06 0)
(0.0018777593 1.2821561e-06 0)
(0.0018784958 1.0501627e-06 0)
(0.0018790656 8.3821338e-07 0)
(0.0018794849 6.4570408e-07 0)
(0.0018797689 4.7191614e-07 0)
(0.001879932 3.1659237e-07 0)
(0.0018799869 1.7899039e-07 0)
(0.0018799475 5.6719775e-08 0)
(0.0018798286 -5.1849411e-08 0)
(0.0018796414 -1.4652092e-07 0)
(0.0018793949 -2.2824179e-07 0)
(0.0018791023 -2.9445158e-07 0)
(0.0018787755 -3.456244e-07 0)
(0.0018784244 -3.8306715e-07 0)
(0.0018780585 -4.0846319e-07 0)
(0.0018776862 -4.2319301e-07 0)
(0.001877315 -4.2832831e-07 0)
(0.0018769517 -4.2487683e-07 0)
(0.0018766018 -4.138879e-07 0)
(0.0018762701 -3.9645977e-07 0)
(0.0018759603 -3.7372606e-07 0)
(0.0018756754 -3.4683386e-07 0)
(0.0018754172 -3.1690425e-07 0)
(0.0018751869 -2.8498138e-07 0)
(0.0018749848 -2.5199729e-07 0)
(0.0018748107 -2.1876277e-07 0)
(0.0018746638 -1.8598196e-07 0)
(0.0018745428 -1.5427015e-07 0)
(0.0018744463 -1.241539e-07 0)
(0.0018743723 -9.6059315e-08 0)
(0.0018743189 -7.0321185e-08 0)
(0.0018742839 -4.7221083e-08 0)
(0.0018742648 -2.696948e-08 0)
(0.0018742593 -9.7992753e-09 0)
(0.0018742647 4.7896828e-09 0)
(0.001874279 1.758386e-08 0)
(0.001874301 2.8140736e-08 0)
(0.0018743287 3.611951e-08 0)
(0.0018743603 4.1777665e-08 0)
(0.0018743942 4.5379516e-08 0)
(0.0018744292 4.7317892e-08 0)
(0.0018744643 4.7834976e-08 0)
(0.0018744985 4.7092501e-08 0)
(0.001874531 4.5324089e-08 0)
(0.0018745615 4.2722637e-08 0)
(0.0018745894 3.9499119e-08 0)
(0.0018746145 3.5872872e-08 0)
(0.0018746367 3.2033117e-08 0)
(0.001874656 2.8139162e-08 0)
(0.0018746726 2.4323516e-08 0)
(0.0018746866 2.0690599e-08 0)
(0.0018746982 1.7318014e-08 0)
(0.0018747077 1.4259001e-08 0)
(0.0018747153 1.154428e-08 0)
(0.0018747213 9.1845179e-09 0)
(0.0018747259 7.1737494e-09 0)
(0.0018747295 5.4931277e-09 0)
(0.0018747321 4.1146953e-09 0)
(0.001874734 3.0049537e-09 0)
(0.0018747353 2.1279782e-09 0)
(0.0018747362 1.4479156e-09 0)
(0.0018747367 9.3081693e-10 0)
(0.001874737 5.4582425e-10 0)
(0.0018747372 2.6566811e-10 0)
(0.0018747372 6.646808e-11 0)
(0.0018747371 -7.2848275e-11 0)
(0.001874737 -1.6613545e-10 0)
(0.0018747368 -2.233308e-10 0)
(0.0018747367 -2.5330989e-10 0)
(0.0018747365 -2.6396258e-10 0)
(0.0018747363 -2.6207149e-10 0)
(0.0018747362 -2.5217884e-10 0)
(0.001874736 -2.3712566e-10 0)
(0.0018747359 -2.1900392e-10 0)
(0.0018747357 -1.9941049e-10 0)
(0.0018747356 -1.7945259e-10 0)
(0.0018747355 -1.5986767e-10 0)
(0.0018747354 -1.4115047e-10 0)
(0.0018747353 -1.2361655e-10 0)
(0.0018747353 -1.07438e-10 0)
(0.0018747352 -9.2686175e-11 0)
(0.0018747351 -7.9370695e-11 0)
(0.0018747351 -6.7456784e-11 0)
(0.0018747351 -5.6868871e-11 0)
(0.001874735 -4.7501117e-11 0)
(0.001874735 -3.9233119e-11 0)
(0.001874735 -3.1945372e-11 0)
(0.001874735 -2.5536848e-11 0)
(0.001874735 -1.9930327e-11 0)
(0.001874735 -1.5060146e-11 0)
(0.001874735 -1.0854984e-11 0)
(0.0018747349 -7.2295313e-12 0)
(0.0018747349 -4.0906812e-12 0)
(0.0018747349 -1.3307193e-12 0)
(0.001874735 1.1049962e-12 0)
(0.001874735 3.2361034e-12 0)
(0.001874735 5.1082456e-12 0)
(0.001874735 6.7454804e-12 0)
(0.001874735 8.1501189e-12 0)
(0.001874735 9.3436347e-12 0)
(0.001874735 1.0363567e-11 0)
(0.001874735 1.1283905e-11 0)
(0.001874735 1.2178697e-11 0)
(0.001874735 1.306661e-11 0)
(0.001874735 1.3949124e-11 0)
(0.0018747351 1.4845398e-11 0)
(0.0018747351 1.5788419e-11 0)
(0.0018747351 1.6853481e-11 0)
(0.0018747351 1.8177413e-11 0)
(0.0018747351 1.9887965e-11 0)
(0.0018747351 2.219096e-11 0)
(0.0018747351 2.5442699e-11 0)
(0.0018747352 3.0094931e-11 0)
(0.0018747352 3.7079963e-11 0)
(0.0018747352 4.1968149e-11 0)
(0.0018747352 6.5579302e-11 0)
(0.0018747353 9.681496e-11 0)
(0.00099628203 1.9519117e-05 0)
(0.0010923387 -3.1333236e-05 0)
(0.0010942022 -4.5984107e-05 0)
(0.0010249904 -4.6173542e-05 0)
(0.00096433328 -3.7519764e-05 0)
(0.00092028399 -2.7038439e-05 0)
(0.00088260301 -1.912278e-05 0)
(0.00084831238 -1.3728393e-05 0)
(0.00081821743 -9.7021137e-06 0)
(0.00079245473 -6.6434503e-06 0)
(0.00077042069 -4.4403463e-06 0)
(0.00075146382 -2.9073652e-06 0)
(0.000735083 -1.841408e-06 0)
(0.00072088259 -1.1003698e-06 0)
(0.00070852853 -5.933836e-07 0)
(0.00069772675 -2.5363629e-07 0)
(0.00068824137 -3.1642736e-08 0)
(0.00067988394 1.1256545e-07 0)
(0.00067248751 2.0410934e-07 0)
(0.00066591832 2.5958159e-07 0)
(0.00066006749 2.9085604e-07 0)
(0.00065484329 3.0622955e-07 0)
(0.00065016829 3.1118741e-07 0)
(0.00064597767 3.092577e-07 0)
(0.00064221659 3.0272876e-07 0)
(0.00063883761 2.9296116e-07 0)
(0.00063579981 2.8066959e-07 0)
(0.0006330679 2.6623776e-07 0)
(0.00063061126 2.4984732e-07 0)
(0.00062840331 2.316361e-07 0)
(0.00062642096 2.1184299e-07 0)
(0.00062464427 1.9083567e-07 0)
(0.0006230563 1.6920942e-07 0)
(0.00062164337 1.4798547e-07 0)
(0.00062039585 1.2916092e-07 0)
(0.00061930836 1.148692e-07 0)
(0.00061837502 1.0143607e-07 0)
(0.00061758622 8.4486086e-08 0)
(0.00061692942 6.3285332e-08 0)
(0.00061639333 3.9048393e-08 0)
(0.00061597036 1.2956791e-08 0)
(0.00061565696 -1.5066218e-08 0)
(0.00061545435 -4.3194317e-08 0)
(0.00061538122 -5.4254858e-08 0)
(0.00061546997 -3.841053e-08 0)
(0.00061572413 -3.4127783e-08 0)
(0.00061611465 -4.7536934e-08 0)
(0.00061660593 -6.4815331e-08 0)
(0.00061718286 -5.9966692e-08 0)
(0.00061787722 -3.2028668e-08 0)
(0.00061873075 1.9830247e-09 0)
(0.00061975466 3.9950667e-08 0)
(0.00062093654 7.8946333e-08 0)
(0.00062225414 1.1503799e-07 0)
(0.00062368139 1.4486833e-07 0)
(0.00062519657 1.6377978e-07 0)
(0.00062679379 1.8025823e-07 0)
(0.00062848063 2.0221672e-07 0)
(0.00063026215 2.327456e-07 0)
(0.0006321331 2.6908813e-07 0)
(0.00063408182 3.0685732e-07 0)
(0.00063609443 3.4316241e-07 0)
(0.00063815522 3.7579587e-07 0)
(0.0006402453 4.0265053e-07 0)
(0.0006423437 4.2308381e-07 0)
(0.00064443208 4.3905773e-07 0)
(0.00064649694 4.5168191e-07 0)
(0.00064852753 4.6123265e-07 0)
(0.00065051368 4.6784896e-07 0)
(0.00065244555 4.7153759e-07 0)
(0.00065431377 4.7223324e-07 0)
(0.00065610961 4.6988885e-07 0)
(0.00065782518 4.6447421e-07 0)
(0.0006594534 4.5592483e-07 0)
(0.00066098785 4.4405853e-07 0)
(0.00066242223 4.284825e-07 0)
(0.00066375003 4.087927e-07 0)
(0.0006649655 3.8556012e-07 0)
(0.00066606547 3.598297e-07 0)
(0.00066705005 3.324789e-07 0)
(0.00066792176 3.0433732e-07 0)
(0.0006686848 2.7610486e-07 0)
(0.00066934446 2.4826768e-07 0)
(0.00066990676 2.2118981e-07 0)
(0.00067037829 1.9519276e-07 0)
(0.00067076604 1.7055944e-07 0)
(0.00067107712 1.4741038e-07 0)
(0.00067131822 1.2565872e-07 0)
(0.00067149577 1.050473e-07 0)
(0.00067161686 8.546687e-08 0)
(0.00067168677 6.7855035e-08 0)
(0.00067170924 5.0888393e-08 0)
(0.000671692 3.2380228e-08 0)
(0.00067164084 1.6775163e-08 0)
(0.00067156018 2.9501032e-09 0)
(0.00067145526 -9.2915197e-09 0)
(0.00067133135 -1.9923371e-08 0)
(0.00067119327 -2.8980235e-08 0)
(0.00067104506 -3.6443026e-08 0)
(0.00067089069 -4.2330221e-08 0)
(0.00067073375 -4.6686244e-08 0)
(0.00067057744 -4.9585461e-08 0)
(0.00067042463 -5.1127833e-08 0)
(0.00067027776 -5.1438733e-08 0)
(0.0006701389 -5.0665149e-08 0)
(0.00067000967 -4.8963481e-08 0)
(0.00066989131 -4.64867e-08 0)
(0.00066978465 -4.3383052e-08 0)
(0.00066969015 -3.9794404e-08 0)
(0.00066960799 -3.5856393e-08 0)
(0.00066953807 -3.1698947e-08 0)
(0.00066948001 -2.7443731e-08 0)
(0.00066943329 -2.3199808e-08 0)
(0.00066939717 -1.9062621e-08 0)
(0.00066937079 -1.512042e-08 0)
(0.00066935312 -1.1452323e-08 0)
(0.00066934311 -8.168582e-09 0)
(0.00066933982 -5.2672631e-09 0)
(0.00066934208 -2.3877159e-09 0)
(0.00066934896 3.0482089e-12 0)
(0.0006693597 1.989071e-09 0)
(0.00066937332 3.6279523e-09 0)
(0.00066938904 4.9217942e-09 0)
(0.00066940617 5.8900331e-09 0)
(0.00066942406 6.5463864e-09 0)
(0.00066944214 6.9143235e-09 0)
(0.00066945995 7.0356179e-09 0)
(0.00066947708 6.9478741e-09 0)
(0.00066949321 6.687119e-09 0)
(0.00066950811 6.291331e-09 0)
(0.00066952164 5.7972343e-09 0)
(0.0006695337 5.2393628e-09 0)
(0.00066954428 4.648689e-09 0)
(0.00066955341 4.0514571e-09 0)
(0.00066956115 3.469268e-09 0)
(0.00066956762 2.9191768e-09 0)
(0.00066957293 2.4135734e-09 0)
(0.00066957722 1.9603676e-09 0)
(0.00066958062 1.5634872e-09 0)
(0.00066958327 1.2234949e-09 0)
(0.00066958529 9.3828236e-10 0)
(0.0006695868 7.0380774e-10 0)
(0.00066958789 5.1479957e-10 0)
(0.00066958866 3.6536313e-10 0)
(0.00066958918 2.4945883e-10 0)
(0.00066958951 1.6123789e-10 0)
(0.00066958969 9.5136255e-11 0)
(0.00066958978 4.6824821e-11 0)
(0.00066958979 1.1985077e-11 0)
(0.00066958975 -1.2578218e-11 0)
(0.00066958968 -2.8051489e-11 0)
(0.00066958959 -3.7758141e-11 0)
(0.00066958949 -4.2837709e-11 0)
(0.00066958939 -4.4674185e-11 0)
(0.00066958929 -4.4377189e-11 0)
(0.00066958919 -4.267218e-11 0)
(0.0006695891 -4.0070954e-11 0)
(0.00066958902 -3.6966063e-11 0)
(0.00066958894 -3.3641244e-11 0)
(0.00066958888 -3.028494e-11 0)
(0.00066958881 -2.7018006e-11 0)
(0.00066958876 -2.3918447e-11 0)
(0.00066958871 -2.1035573e-11 0)
(0.00066958867 -1.8398227e-11 0)
(0.00066958864 -1.6019486e-11 0)
(0.00066958861 -1.3897148e-11 0)
(0.00066958858 -1.2016995e-11 0)
(0.00066958856 -1.036066e-11 0)
(0.00066958854 -8.9071647e-12 0)
(0.00066958853 -7.6332305e-12 0)
(0.00066958852 -6.5204342e-12 0)
(0.00066958851 -5.5594783e-12 0)
(0.0006695885 -4.7406072e-12 0)
(0.00066958849 -4.0427204e-12 0)
(0.00066958849 -3.4498916e-12 0)
(0.00066958848 -2.9409593e-12 0)
(0.00066958848 -2.5140693e-12 0)
(0.00066958848 -2.1236427e-12 0)
(0.00066958848 -1.7537499e-12 0)
(0.00066958848 -1.4289066e-12 0)
(0.00066958848 -1.1513096e-12 0)
(0.00066958848 -9.0116948e-13 0)
(0.00066958849 -6.7744887e-13 0)
(0.00066958849 -4.6696764e-13 0)
(0.00066958849 -2.4840193e-13 0)
(0.0006695885 -1.2083386e-14 0)
(0.0006695885 2.518858e-13 0)
(0.00066958851 5.5506175e-13 0)
(0.00066958851 8.971854e-13 0)
(0.00066958852 1.276688e-12 0)
(0.00066958852 1.7122902e-12 0)
(0.00066958853 2.2256985e-12 0)
(0.00066958853 2.8175978e-12 0)
(0.00066958854 3.5048114e-12 0)
(0.00066958855 4.3138294e-12 0)
(0.00066958856 5.2800581e-12 0)
(0.00066958857 5.7860995e-12 0)
(0.00066958858 4.988591e-13 0)
(0.00066958862 9.8414793e-12 0)
(0.00066958866 2.9033677e-11 0)
)
;

boundaryField
{
    inlet
    {
        type            fixedValue;
        value           uniform (0.0041246 0 0);
    }
    outlet
    {
        type            zeroGradient;
    }
    wall
    {
        type            noSlip;
    }
    cylinder
    {
        type            noSlip;
    }
    frontAndBack
    {
        type            empty;
    }
}


// ************************************************************************* //
