/*--------------------------------*- C++ -*----------------------------------*\
  =========                 |
  \\      /  F ield         | OpenFOAM: The Open Source CFD Toolbox
   \\    /   O peration     | Website:  https://openfoam.org
    \\  /    A nd           | Version:  13
     \\/     M anipulation  |
\*---------------------------------------------------------------------------*/
FoamFile
{
    format      ascii;
    class       surfaceScalarField;
    location    "94";
    object      phi;
}
// * * * * * * * * * * * * * * * * * * * * * * * * * * * * * * * * * * * * * //

dimensions      [0 3 -1 0 0 0 0];

internalField   nonuniform List<scalar> 
20650
(
4.6721913e-07
2.2475385e-09
4.6265264e-07
4.566483e-09
4.5679764e-07
5.8550055e-09
4.5020883e-07
6.5888095e-09
4.4305895e-07
7.1498843e-09
4.3546591e-07
7.5930365e-09
4.2752707e-07
7.9388378e-09
4.1931374e-07
8.2133342e-09
4.1087894e-07
8.4348018e-09
4.0225877e-07
8.6201617e-09
3.9347965e-07
8.7791203e-09
3.8456218e-07
8.9174711e-09
3.7552715e-07
9.0350321e-09
3.6639523e-07
9.1319232e-09
3.5719027e-07
9.2049525e-09
3.4793467e-07
9.2556074e-09
3.3865875e-07
9.2759132e-09
3.2941515e-07
9.2436061e-09
3.202501e-07
9.1650523e-09
3.1122399e-07
9.0261044e-09
3.0241611e-07
8.8078794e-09
2.9392127e-07
8.4948396e-09
2.8592687e-07
7.9944018e-09
2.7865524e-07
7.2716262e-09
2.7229188e-07
6.363361e-09
2.670565e-07
5.2353819e-09
2.6322061e-07
3.835896e-09
2.61192e-07
2.0286048e-09
2.6080848e-07
3.8351792e-10
-6.1991015e-09
2.6700759e-07
4.7080323e-07
9.1097337e-10
4.7266029e-07
2.7094223e-09
4.7450295e-07
4.0123518e-09
4.7612451e-07
4.9672466e-09
4.7752129e-07
5.7531054e-09
4.7871307e-07
6.4012586e-09
4.7971876e-07
6.9331447e-09
4.8056055e-07
7.3715394e-09
4.8125922e-07
7.7361347e-09
4.8182869e-07
8.0506966e-09
4.8227848e-07
8.3293268e-09
4.8261717e-07
8.5787831e-09
4.8285537e-07
8.7968275e-09
4.8299935e-07
8.9879444e-09
4.8305584e-07
9.1484663e-09
4.8302992e-07
9.2815295e-09
4.8292373e-07
9.3821047e-09
4.8273606e-07
9.4312756e-09
4.8247189e-07
9.4292208e-09
4.8213686e-07
9.3611305e-09
4.8171875e-07
9.2259922e-09
4.8119225e-07
9.0213353e-09
4.8046538e-07
8.7212705e-09
4.7941926e-07
8.3177489e-09
4.779769e-07
7.8057198e-09
4.76027e-07
7.185286e-09
4.7337959e-07
6.4833088e-09
4.6977356e-07
5.6346321e-09
4.6523166e-07
4.9254155e-09
3.1049756e-09
4.5592759e-07
4.6974806e-07
6.2958309e-10
4.7069041e-07
1.7670709e-09
4.7195275e-07
2.7500144e-09
4.733441e-07
3.5758935e-09
4.7480332e-07
4.2938844e-09
4.7627806e-07
4.9265148e-09
4.777312e-07
5.4800053e-09
4.7914689e-07
5.9558535e-09
4.8051704e-07
6.365979e-09
4.8184195e-07
6.725788e-09
4.8312911e-07
7.0421731e-09
4.8438813e-07
7.3197642e-09
4.85624e-07
7.560949e-09
4.8684143e-07
7.7705184e-09
4.8804355e-07
7.9463448e-09
4.892389e-07
8.0861805e-09
4.9043392e-07
8.1870874e-09
4.9162422e-07
8.240977e-09
4.928016e-07
8.251838e-09
4.9393517e-07
8.2275603e-09
4.9500169e-07
8.1594768e-09
4.9598339e-07
8.0396309e-09
4.9683846e-07
7.8662051e-09
4.9751414e-07
7.6420603e-09
4.9794434e-07
7.3755236e-09
4.9805666e-07
7.0729692e-09
4.9776224e-07
6.7777268e-09
4.9688922e-07
6.5076541e-09
4.9541639e-07
6.3982453e-09
6.3356956e-09
4.9218567e-07
4.697023e-07
3.9395017e-10
4.7025346e-07
1.2159057e-09
4.710143e-07
1.9891756e-09
4.7190077e-07
2.6894222e-09
4.7287851e-07
3.3161461e-09
4.7392822e-07
3.8768074e-09
4.7503148e-07
4.3767491e-09
4.7616747e-07
4.8198573e-09
4.7732176e-07
5.2116882e-09
4.7848891e-07
5.5586369e-09
4.796656e-07
5.8654853e-09
4.8085007e-07
6.135302e-09
4.8204097e-07
6.3700444e-09
4.8324007e-07
6.571423e-09
4.844465e-07
6.7399141e-09
4.8565746e-07
6.8752188e-09
4.8686752e-07
6.9770293e-09
4.8806406e-07
7.0444337e-09
4.8924043e-07
7.0754702e-09
4.9039647e-07
7.0715205e-09
4.9152098e-07
7.0349622e-09
4.925945e-07
6.9661174e-09
4.9359419e-07
6.8665113e-09
4.9449544e-07
6.7408107e-09
4.9527145e-07
6.5995173e-09
4.958949e-07
6.4495144e-09
4.9634973e-07
6.3228935e-09
4.9661079e-07
6.2465965e-09
4.9675854e-07
6.2504997e-09
6.3992198e-09
4.9669501e-07
4.6955482e-07
3.0579558e-10
4.6984154e-07
9.291834e-10
4.7029997e-07
1.5307503e-09
4.7089737e-07
2.0920217e-09
4.7160514e-07
2.6083732e-09
4.7240035e-07
3.0815977e-09
4.7326325e-07
3.5138535e-09
4.7417674e-07
3.9063699e-09
4.7512785e-07
4.2605737e-09
4.7610786e-07
4.5786294e-09
4.7711052e-07
4.8628245e-09
4.781309e-07
5.1149175e-09
4.7916485e-07
5.3361008e-09
4.8020908e-07
5.5271918e-09
4.8126032e-07
5.6886681e-09
4.8231492e-07
5.8206225e-09
4.83369e-07
5.9229499e-09
4.8441794e-07
5.9954908e-09
4.8545504e-07
6.0383749e-09
4.8647371e-07
6.0528456e-09
4.8746791e-07
6.040762e-09
4.8843019e-07
6.0038375e-09
4.8935214e-07
5.9445681e-09
4.9022563e-07
5.867315e-09
4.910464e-07
5.7787467e-09
4.9180844e-07
5.6874793e-09
4.9252692e-07
5.6044107e-09
4.9322921e-07
5.5443065e-09
4.9397512e-07
5.5045971e-09
5.5754019e-09
4.9479893e-07
4.695365e-07
2.3596412e-10
4.6974893e-07
7.1675455e-10
4.7009305e-07
1.1866235e-09
4.7054889e-07
1.6361868e-09
4.7109691e-07
2.0603526e-09
4.7172125e-07
2.457257e-09
4.7240889e-07
2.8262146e-09
4.7314846e-07
3.1667998e-09
4.7393007e-07
3.4789659e-09
4.7474551e-07
3.7631813e-09
4.7558817e-07
4.0201704e-09
4.7645252e-07
4.2505657e-09
4.7733384e-07
4.4547795e-09
4.7822799e-07
4.6330435e-09
4.791312e-07
4.7854624e-09
4.8003978e-07
4.9120385e-09
4.8094997e-07
5.012757e-09
4.8185775e-07
5.087719e-09
4.8275885e-07
5.137269e-09
4.8364959e-07
5.1621106e-09
4.8452697e-07
5.1633744e-09
4.8538818e-07
5.1426334e-09
4.8623071e-07
5.1020394e-09
4.8705348e-07
5.0445384e-09
4.8785833e-07
4.9739004e-09
4.8865111e-07
4.8947017e-09
4.8944446e-07
4.8110558e-09
4.902582e-07
4.7305735e-09
4.9112065e-07
4.642143e-09
4.6175183e-09
4.9207853e-07
4.6951711e-07
1.8551548e-10
4.6967123e-07
5.6263771e-10
4.6992397e-07
9.3388868e-10
4.702666e-07
1.293556e-09
4.706892e-07
1.6377504e-09
4.7118224e-07
1.964216e-09
4.7173676e-07
2.2716929e-09
4.7234421e-07
2.5593511e-09
4.7299655e-07
2.8266246e-09
4.7368654e-07
3.0731916e-09
4.7440783e-07
3.2988857e-09
4.7515483e-07
3.5035647e-09
4.7592258e-07
3.6870306e-09
4.767066e-07
3.8490225e-09
4.7750282e-07
3.9892425e-09
4.7830747e-07
4.1073883e-09
4.7911703e-07
4.203199e-09
4.7992823e-07
4.2765194e-09
4.8073813e-07
4.3273673e-09
4.8154423e-07
4.3560092e-09
4.8234458e-07
4.3630258e-09
4.8313789e-07
4.3493236e-09
4.8392381e-07
4.3161162e-09
4.8470342e-07
4.2649304e-09
4.8547979e-07
4.1975289e-09
4.8625859e-07
4.1159024e-09
4.8704839e-07
4.0212558e-09
4.8786195e-07
3.9170128e-09
4.8871246e-07
3.7916376e-09
3.6988266e-09
4.8963115e-07
4.6950665e-07
1.455284e-10
4.6962847e-07
4.4082525e-10
4.6982977e-07
7.3258301e-10
4.7010595e-07
1.0173833e-09
4.7045092e-07
1.2927796e-09
4.7085802e-07
1.5571143e-09
4.7132052e-07
1.8091873e-09
4.7183186e-07
2.0480174e-09
4.7238572e-07
2.2727601e-09
4.7297623e-07
2.4826886e-09
4.7359795e-07
2.6771586e-09
4.7424596e-07
2.8555533e-09
4.7491575e-07
3.0172413e-09
4.7560321e-07
3.1615655e-09
4.7630459e-07
3.2878593e-09
4.7701651e-07
3.3954741e-09
4.7773589e-07
3.4838152e-09
4.7846003e-07
3.5523843e-09
4.7918657e-07
3.6008223e-09
4.7991363e-07
3.6289475e-09
4.8063988e-07
3.636777e-09
4.8136468e-07
3.6245252e-09
4.8208822e-07
3.59258e-09
4.8281168e-07
3.5414687e-09
4.8353745e-07
3.4717573e-09
4.8426931e-07
3.3840407e-09
4.8501237e-07
3.2781997e-09
4.8577361e-07
3.1557685e-09
4.8655819e-07
3.0070622e-09
2.8729504e-09
4.8738406e-07
4.6949954e-07
1.12654e-10
4.6959926e-07
3.4110867e-10
4.6976434e-07
5.6749838e-10
4.6999188e-07
7.8984753e-10
4.7027794e-07
1.0067143e-09
4.7061807e-07
1.2169866e-09
4.7100755e-07
1.4197045e-09
4.714416e-07
1.6139729e-09
4.7191542e-07
1.7989366e-09
4.7242435e-07
1.973762e-09
4.7296389e-07
2.1376161e-09
4.735298e-07
2.2896411e-09
4.741181e-07
2.42894e-09
4.7472509e-07
2.5545789e-09
4.7534735e-07
2.6656047e-09
4.7598175e-07
2.7610726e-09
4.7662548e-07
2.84008e-09
4.7727607e-07
2.9018005e-09
4.7793137e-07
2.945516e-09
4.7858968e-07
2.9706403e-09
4.7924973e-07
2.9767313e-09
4.7991076e-07
2.9634877e-09
4.8057262e-07
2.9307257e-09
4.8123575e-07
2.8783401e-09
4.8190129e-07
2.8062161e-09
4.8257111e-07
2.7142227e-09
4.8324762e-07
2.601685e-09
4.8393425e-07
2.4691419e-09
4.8463228e-07
2.3090294e-09
2.1506002e-09
4.8535463e-07
4.6949446e-07
8.4860878e-11
4.6957863e-07
2.5693851e-10
4.697182e-07
4.2792574e-10
4.6991125e-07
5.9679655e-10
4.7015515e-07
7.6282237e-10
4.7044674e-07
9.2538811e-10
4.7078258e-07
1.0838721e-09
4.7115895e-07
1.237599e-09
4.7157206e-07
1.3858308e-09
4.7201806e-07
1.5277597e-09
4.7249318e-07
1.6624977e-09
4.7299375e-07
1.7890716e-09
4.7351626e-07
1.9064287e-09
4.7405739e-07
2.0134507e-09
4.7461401e-07
2.1089774e-09
4.7518325e-07
2.1918372e-09
4.7576245e-07
2.2608823e-09
4.7634922e-07
2.3150241e-09
4.7694148e-07
2.3532635e-09
4.775374e-07
2.374714e-09
4.7813552e-07
2.3786124e-09
4.7873469e-07
2.3643174e-09
4.7933413e-07
2.3312913e-09
4.799334e-07
2.2790689e-09
4.8053242e-07
2.2071915e-09
4.8113144e-07
2.1152009e-09
4.8173086e-07
2.002269e-09
4.8233155e-07
1.8684468e-09
4.8293244e-07
1.7081428e-09
1.5415491e-09
4.8354149e-07
4.6949078e-07
6.0748353e-11
4.6956372e-07
1.8400004e-10
4.6968477e-07
3.0687442e-10
4.6985254e-07
4.2903072e-10
4.7006508e-07
5.5027896e-10
4.7032005e-07
6.7042093e-10
4.7061476e-07
7.8915582e-10
4.7094632e-07
9.0604621e-10
4.7131163e-07
1.0205144e-09
4.7170755e-07
1.1318406e-09
4.7213089e-07
1.2391621e-09
4.7257848e-07
1.3414801e-09
4.7304723e-07
1.4376759e-09
4.7353415e-07
1.5265333e-09
4.7403636e-07
1.606768e-09
4.7455113e-07
1.6770635e-09
4.750759e-07
1.73611e-09
4.7560828e-07
1.7826447e-09
4.7614606e-07
1.815485e-09
4.7668722e-07
1.8335553e-09
4.7722993e-07
1.8359017e-09
4.7777255e-07
1.8216956e-09
4.7831362e-07
1.790223e-09
4.7885183e-07
1.7408622e-09
4.7938599e-07
1.6730349e-09
4.7991499e-07
1.5861946e-09
4.8043769e-07
1.4795674e-09
4.8095317e-07
1.3529674e-09
4.8145882e-07
1.2024942e-09
1.0409871e-09
4.8195938e-07
4.694881e-07
3.9318527e-11
4.6955286e-07
1.1923747e-10
4.6966039e-07
1.993398e-10
4.6980963e-07
2.7979583e-10
4.6999907e-07
3.6083874e-10
4.7022687e-07
4.4262025e-10
4.704909e-07
5.2512991e-10
4.7078877e-07
6.0816685e-10
4.7111795e-07
6.9133534e-10
4.7147575e-07
7.740433e-10
4.7185941e-07
8.5550592e-10
4.7226613e-07
9.3475971e-10
4.7269312e-07
1.0106857e-09
4.7313761e-07
1.0820384e-09
4.735969e-07
1.1474809e-09
4.7406834e-07
1.2056252e-09
4.7454937e-07
1.2550779e-09
4.7503753e-07
1.2944846e-09
4.7553045e-07
1.3225703e-09
4.7602583e-07
1.338171e-09
4.7652148e-07
1.3402548e-09
4.7701524e-07
1.3279316e-09
4.7750501e-07
1.3004508e-09
4.7798869e-07
1.2571864e-09
4.7846412e-07
1.1976015e-09
4.7892908e-07
1.1212327e-09
4.7938114e-07
1.0275134e-09
4.7981784e-07
9.1626371e-10
4.802353e-07
7.8503626e-10
6.415084e-10
4.8063478e-07
4.694862e-07
1.9783898e-11
4.6954519e-07
6.0245584e-11
4.6964314e-07
1.0138998e-10
4.6977915e-07
1.4379273e-10
4.6995197e-07
1.8801156e-10
4.7016013e-07
2.3446739e-10
4.7040185e-07
2.8340489e-10
4.7067515e-07
3.3486791e-10
4.7097782e-07
3.8866754e-10
4.713075e-07
4.4436373e-10
4.7166173e-07
5.0127527e-10
4.7203798e-07
5.5850806e-10
4.7243368e-07
6.1498756e-10
4.7284622e-07
6.6949178e-10
4.7327302e-07
7.2068928e-10
4.7371146e-07
7.6718399e-10
4.7415897e-07
8.0756563e-10
4.7461299e-07
8.40461e-10
4.7507098e-07
8.6458026e-10
4.755304e-07
8.7875556e-10
4.7598869e-07
8.8196826e-10
4.7644325e-07
8.7336568e-10
4.7689144e-07
8.5226616e-10
4.7733047e-07
8.1815217e-10
4.7775743e-07
7.7064567e-10
4.7816917e-07
7.0948999e-10
4.7856225e-07
6.3443508e-10
4.7893302e-07
5.4548823e-10
4.7927662e-07
4.4144063e-10
3.2656004e-10
4.7959157e-07
4.694849e-07
1.5489794e-12
4.6954e-07
5.1513191e-12
4.6963152e-07
9.8691541e-12
4.697587e-07
1.6604638e-11
4.699205e-07
2.6212954e-11
4.7011559e-07
3.9377463e-11
4.7034242e-07
5.658184e-11
4.705992e-07
7.8086072e-11
4.7088398e-07
1.0388581e-10
4.7119465e-07
1.3369108e-10
4.7152899e-07
1.6694236e-10
4.7188465e-07
2.0284779e-10
4.7225921e-07
2.4041895e-10
4.726502e-07
2.7850494e-10
4.7305506e-07
3.1582847e-10
4.7347121e-07
3.5103411e-10
4.7389603e-07
3.8274579e-10
4.7432687e-07
4.096256e-10
4.7476102e-07
4.3042416e-10
4.7519574e-07
4.4403545e-10
4.7562819e-07
4.495199e-10
4.7605543e-07
4.4613249e-10
4.7647436e-07
4.3333498e-10
4.7688171e-07
4.1079673e-10
4.7727398e-07
3.7838142e-10
4.7764734e-07
3.3612856e-10
4.779976e-07
2.841745e-10
4.7832021e-07
2.2288028e-10
4.786095e-07
1.5214726e-10
7.4310896e-11
4.7886175e-07
4.6948426e-07
-1.6040104e-11
4.6953714e-07
-4.7735854e-11
4.6962502e-07
-7.8005197e-11
4.6974723e-07
-1.0561129e-10
4.6990285e-07
-1.2940607e-10
4.7009066e-07
-1.4843301e-10
4.7030922e-07
-1.6197379e-10
4.7055688e-07
-1.6957741e-10
4.7083185e-07
-1.7108209e-10
4.7113216e-07
-1.6662141e-10
4.7145572e-07
-1.5661368e-10
4.7180029e-07
-1.4172273e-10
4.7216355e-07
-1.2283773e-10
4.7254307e-07
-1.010161e-10
4.7293635e-07
-7.7456953e-11
4.7334083e-07
-5.3442467e-11
4.7375385e-07
-3.0275896e-11
4.7417268e-07
-9.2055839e-12
4.7459455e-07
8.5597311e-12
4.7501652e-07
2.2059723e-11
4.7543559e-07
3.0455138e-11
4.7584857e-07
3.3148884e-11
4.7625212e-07
2.9786624e-11
4.7664265e-07
2.0265341e-11
4.770163e-07
4.7343667e-12
4.7736877e-07
-1.6349108e-11
4.7769557e-07
-4.2616795e-11
4.7799157e-07
-7.3126529e-11
4.7825074e-07
-1.0701542e-10
-1.4325211e-10
4.784683e-07
4.6948401e-07
-3.3382534e-11
4.6953632e-07
-1.0005052e-10
4.6962328e-07
-1.6495758e-10
4.6974423e-07
-2.2656123e-10
4.6989827e-07
-2.8344772e-10
4.7008426e-07
-3.3442748e-10
4.7030086e-07
-3.7856759e-10
4.705465e-07
-4.152169e-10
4.7081944e-07
-4.4402833e-10
4.7111779e-07
-4.6496689e-10
4.7143947e-07
-4.7829862e-10
4.7178231e-07
-4.8456308e-10
4.7214401e-07
-4.8453692e-10
4.7252218e-07
-4.7918831e-10
4.7291435e-07
-4.6962695e-10
4.7331796e-07
-4.5704523e-10
4.7373033e-07
-4.4265419e-10
4.7414875e-07
-4.2761896e-10
4.7457031e-07
-4.130007e-10
4.7499206e-07
-3.996915e-10
4.7541089e-07
-3.8837875e-10
4.7582355e-07
-3.7950262e-10
4.7622656e-07
-3.7322772e-10
4.7661625e-07
-3.6942594e-10
4.7698865e-07
-3.6766702e-10
4.7733954e-07
-3.6723383e-10
4.7766403e-07
-3.6711201e-10
4.7795704e-07
-3.6613241e-10
4.7821238e-07
-3.6236141e-10
-3.5595002e-10
4.7842508e-07
4.6948434e-07
-5.1057065e-11
4.6953772e-07
-1.5343014e-10
4.6962645e-07
-2.5369097e-10
4.6974988e-07
-3.4998865e-10
4.6990708e-07
-4.4064669e-10
4.700969e-07
-5.2424181e-10
4.7031795e-07
-5.996252e-10
4.7056868e-07
-6.6594644e-10
4.7084733e-07
-7.2267821e-10
4.7115199e-07
-7.6962461e-10
4.714806e-07
-8.069091e-10
4.7183098e-07
-8.3494608e-10
4.7220085e-07
-8.5440081e-10
4.725878e-07
-8.6614133e-10
4.7298936e-07
-8.7118287e-10
4.7340294e-07
-8.7062657e-10
4.7382588e-07
-8.6559406e-10
4.7425542e-07
-8.5716061e-10
4.7468871e-07
-8.4629061e-10
4.7512279e-07
-8.3377771e-10
4.7555461e-07
-8.2019299e-10
4.7598095e-07
-8.0584065e-10
4.7639844e-07
-7.9072186e-10
4.7680353e-07
-7.7450975e-10
4.7719239e-07
-7.5652816e-10
4.7756092e-07
-7.3576485e-10
4.779046e-07
-7.1079336e-10
4.7821859e-07
-6.8012359e-10
4.7849697e-07
-6.4074426e-10
-5.9463935e-10
4.7873566e-07
4.6948527e-07
-6.9655768e-11
4.6954145e-07
-2.0961964e-10
4.6963485e-07
-3.4708795e-10
4.6976473e-07
-4.7986417e-10
4.6993007e-07
-6.0598631e-10
4.7012961e-07
-7.2378627e-10
4.7036188e-07
-8.3189458e-10
4.7062519e-07
-9.2926061e-10
4.709177e-07
-1.0151799e-09
4.7123738e-07
-1.0893034e-09
4.7158209e-07
-1.1516232e-09
4.7194958e-07
-1.2024409e-09
4.7233751e-07
-1.2423239e-09
4.7274342e-07
-1.2720532e-09
4.731648e-07
-1.2925647e-09
4.7359906e-07
-1.3048855e-09
4.7404353e-07
-1.3100683e-09
4.744955e-07
-1.309124e-09
4.7495216e-07
-1.3029551e-09
4.7541068e-07
-1.2922919e-09
4.7586812e-07
-1.2776345e-09
4.7632148e-07
-1.2592016e-09
4.7676764e-07
-1.2368881e-09
4.7720337e-07
-1.2102338e-09
4.7762523e-07
-1.1783909e-09
4.7802961e-07
-1.1401393e-09
4.7841256e-07
-1.0937443e-09
4.7876997e-07
-1.0375391e-09
4.7909655e-07
-9.6732567e-10
-8.8831916e-10
4.7939023e-07
4.6948684e-07
-8.9827469e-11
4.6954782e-07
-2.7060306e-10
4.6964916e-07
-4.4842541e-10
4.6978998e-07
-6.2068102e-10
4.6996906e-07
-7.8507293e-10
4.7018494e-07
-9.3966001e-10
4.7043588e-07
-1.0828404e-09
4.7071999e-07
-1.2133643e-09
4.7103517e-07
-1.3303607e-09
4.7137921e-07
-1.4333449e-09
4.7174978e-07
-1.5221994e-09
4.7214448e-07
-1.5971374e-09
4.7256081e-07
-1.6586546e-09
4.7299623e-07
-1.7074741e-09
4.7344815e-07
-1.7444846e-09
4.7391394e-07
-1.7706752e-09
4.7439094e-07
-1.7870687e-09
4.7487647e-07
-1.7946545e-09
4.7536784e-07
-1.7943207e-09
4.7586234e-07
-1.7867901e-09
4.7635726e-07
-1.772559e-09
4.768499e-07
-1.7518419e-09
4.7733754e-07
-1.7245228e-09
4.7781742e-07
-1.6901164e-09
4.7828675e-07
-1.6477217e-09
4.7874265e-07
-1.5960409e-09
4.7918206e-07
-1.5331512e-09
4.7960192e-07
-1.4574025e-09
4.7999781e-07
-1.3632147e-09
-1.2607817e-09
4.8037027e-07
4.694892e-07
-1.1235964e-10
4.6955739e-07
-3.3879441e-10
4.6967065e-07
-5.6167963e-10
4.6982782e-07
-7.778517e-10
4.7002733e-07
-9.8458577e-10
4.7026729e-07
-1.1796173e-09
4.7054554e-07
-1.3610964e-09
4.7085976e-07
-1.5275833e-09
4.7120747e-07
-1.6780673e-09
4.7158609e-07
-1.8119662e-09
4.7199299e-07
-1.9290988e-09
4.7242549e-07
-2.0296382e-09
4.7288089e-07
-2.1140572e-09
4.7335649e-07
-2.1830682e-09
4.7384956e-07
-2.2375593e-09
4.7435741e-07
-2.2785292e-09
4.7487737e-07
-2.3070215e-09
4.7540677e-07
-2.3240597e-09
4.7594303e-07
-2.3305825e-09
4.7648363e-07
-2.3273819e-09
4.7702611e-07
-2.3150429e-09
4.7756815e-07
-2.2938869e-09
4.7810755e-07
-2.263917e-09
4.786422e-07
-2.2247715e-09
4.7917014e-07
-2.1756604e-09
4.7968949e-07
-2.1153859e-09
4.8019834e-07
-2.0420036e-09
4.8069508e-07
-1.9541397e-09
4.8117647e-07
-1.8446116e-09
-1.7308181e-09
4.8164651e-07
4.6949257e-07
-1.3826535e-10
4.695711e-07
-4.1731963e-10
4.697014e-07
-6.9197857e-10
4.6988184e-07
-9.5829496e-10
4.7011022e-07
-1.2129676e-09
4.7038395e-07
-1.4533482e-09
4.7070019e-07
-1.6773375e-09
4.7105594e-07
-1.8833339e-09
4.7144811e-07
-2.0702329e-09
4.7187356e-07
-2.2374153e-09
4.7232917e-07
-2.38471e-09
4.7281186e-07
-2.5123288e-09
4.733186e-07
-2.6207957e-09
4.7384641e-07
-2.7108789e-09
4.7439238e-07
-2.7835271e-09
4.7495365e-07
-2.8398065e-09
4.7552747e-07
-2.8808404e-09
4.7611116e-07
-2.9077507e-09
4.7670218e-07
-2.9216017e-09
4.7729815e-07
-2.9233467e-09
4.7789688e-07
-2.9137739e-09
4.7849644e-07
-2.8934525e-09
4.790952e-07
-2.8626759e-09
4.7969184e-07
-2.8214085e-09
4.8028538e-07
-2.7692002e-09
4.808752e-07
-2.7052027e-09
4.8146087e-07
-2.6276728e-09
4.8204251e-07
-2.5357864e-09
4.826184e-07
-2.4204962e-09
-2.3081941e-09
4.8319577e-07
4.6949737e-07
-1.6897187e-10
4.6959063e-07
-5.1057827e-10
4.6974511e-07
-8.4645527e-10
4.6995821e-07
-1.1713982e-09
4.7022651e-07
-1.4812696e-09
4.7054617e-07
-1.7730084e-09
4.7091321e-07
-2.0443755e-09
4.7132363e-07
-2.2937488e-09
4.7177346e-07
-2.5200622e-09
4.7225883e-07
-2.7227919e-09
4.7277603e-07
-2.9019064e-09
4.7332148e-07
-3.0577756e-09
4.7389175e-07
-3.1910742e-09
4.7448358e-07
-3.3027044e-09
4.7509379e-07
-3.3937358e-09
4.7571933e-07
-3.4653506e-09
4.7635728e-07
-3.5187931e-09
4.7700486e-07
-3.5553271e-09
4.7765946e-07
-3.5762001e-09
4.7831872e-07
-3.5826114e-09
4.7898062e-07
-3.5756746e-09
4.7964354e-07
-3.5563713e-09
4.8030637e-07
-3.525498e-09
4.8096857e-07
-3.4836173e-09
4.8163033e-07
-3.4309596e-09
4.8229257e-07
-3.3674344e-09
4.8295681e-07
-3.2919179e-09
4.8362569e-07
-3.2046668e-09
4.8429983e-07
-3.0946377e-09
-2.9998805e-09
4.8499152e-07
4.6950423e-07
-2.0652992e-10
4.6961884e-07
-6.2519313e-10
4.6980835e-07
-1.0359644e-09
4.7006848e-07
-1.4315273e-09
4.703937e-07
-1.8064878e-09
4.7077804e-07
-2.1573477e-09
4.7121559e-07
-2.4819262e-09
4.7170066e-07
-2.7788232e-09
4.7222788e-07
-3.0472774e-09
4.7279224e-07
-3.2871553e-09
4.7338918e-07
-3.4988504e-09
4.7401452e-07
-3.6831168e-09
4.7466439e-07
-3.8409366e-09
4.7533513e-07
-3.9734506e-09
4.7602332e-07
-4.0819178e-09
4.7672564e-07
-4.1676733e-09
4.7743894e-07
-4.232095e-09
4.781602e-07
-4.2765907e-09
4.788866e-07
-4.3025983e-09
4.7961559e-07
-4.3115954e-09
4.8034502e-07
-4.3051108e-09
4.8107335e-07
-4.2847019e-09
4.8179977e-07
-4.2519175e-09
4.8252444e-07
-4.2082871e-09
4.8324872e-07
-4.1552407e-09
4.8397541e-07
-4.0941261e-09
4.8470871e-07
-4.0252172e-09
4.854548e-07
-3.9507547e-09
4.8621816e-07
-3.8579996e-09
-3.7979983e-09
4.8701628e-07
4.6951449e-07
-2.5435429e-10
4.6966079e-07
-7.7149232e-10
4.6990071e-07
-1.2758861e-09
4.7022591e-07
-1.7567232e-09
4.7062702e-07
-2.2076034e-09
4.7109528e-07
-2.6256096e-09
4.7162262e-07
-3.0092661e-09
4.7220145e-07
-3.3576493e-09
4.7282471e-07
-3.6705411e-09
4.7348614e-07
-3.9485795e-09
4.741803e-07
-4.1930118e-09
4.7490247e-07
-4.4052886e-09
4.7564841e-07
-4.5868699e-09
4.7641417e-07
-4.7392163e-09
4.7719605e-07
-4.8637951e-09
4.7799042e-07
-4.9620411e-09
4.7879368e-07
-5.03536e-09
4.7960229e-07
-5.0851977e-09
4.804128e-07
-5.1131152e-09
4.8122205e-07
-5.120844e-09
4.8202725e-07
-5.1103063e-09
4.8282616e-07
-5.0836104e-09
4.836174e-07
-5.0431631e-09
4.8440098e-07
-4.9918695e-09
4.851789e-07
-4.9331591e-09
4.859558e-07
-4.8710262e-09
4.8673935e-07
-4.8087641e-09
4.8754144e-07
-4.7528461e-09
4.8837461e-07
-4.6911682e-09
-4.6931539e-09
4.8926976e-07
4.6953361e-07
-3.212935e-10
4.697376e-07
-9.7548829e-10
4.70068e-07
-1.6062858e-09
4.7050523e-07
-2.1939478e-09
4.7103034e-07
-2.7327163e-09
4.716283e-07
-3.22357e-09
4.7228705e-07
-3.6680153e-09
4.7299627e-07
-4.0668665e-09
4.737471e-07
-4.4213748e-09
4.7453232e-07
-4.7337964e-09
4.7534621e-07
-5.0069098e-09
4.7618415e-07
-5.2432256e-09
4.7704214e-07
-5.4448625e-09
4.7791663e-07
-5.6137017e-09
4.7880425e-07
-5.7514122e-09
4.7970154e-07
-5.8593361e-09
4.8060474e-07
-5.9385594e-09
4.815096e-07
-5.9900607e-09
4.8241149e-07
-6.0150041e-09
4.8330604e-07
-6.0153923e-09
4.8418939e-07
-5.9936549e-09
4.8505776e-07
-5.9519817e-09
4.8590768e-07
-5.8930882e-09
4.8673706e-07
-5.8212457e-09
4.8754662e-07
-5.7427133e-09
4.8834128e-07
-5.6656943e-09
4.8913245e-07
-5.599935e-09
4.8993934e-07
-5.5597297e-09
4.9078958e-07
-5.5414093e-09
-5.6331778e-09
4.917296e-07
4.6955193e-07
-4.0655177e-10
4.6982998e-07
-1.2535406e-09
4.7027411e-07
-2.0504148e-09
4.7085182e-07
-2.7716589e-09
4.7153539e-07
-3.4162842e-09
4.7230284e-07
-3.9910264e-09
4.7313536e-07
-4.5005348e-09
4.7401706e-07
-4.9485598e-09
4.7493571e-07
-5.3400255e-09
4.7588362e-07
-5.6817082e-09
4.7685564e-07
-5.9789342e-09
4.7784781e-07
-6.2353954e-09
4.7885676e-07
-6.4538107e-09
4.7987972e-07
-6.6366643e-09
4.8091394e-07
-6.7856317e-09
4.8195603e-07
-6.9014285e-09
4.8300211e-07
-6.9846331e-09
4.8404734e-07
-7.0352903e-09
4.8508487e-07
-7.0525356e-09
4.8610763e-07
-7.038154e-09
4.8710869e-07
-6.9947158e-09
4.8807969e-07
-6.9229794e-09
4.8901121e-07
-6.8246138e-09
4.898942e-07
-6.7042301e-09
4.9072273e-07
-6.5712471e-09
4.9149251e-07
-6.4354749e-09
4.922129e-07
-6.3203231e-09
4.9291359e-07
-6.2604159e-09
4.9365343e-07
-6.2812569e-09
-6.4461287e-09
4.9446638e-07
4.6969942e-07
-6.3930986e-10
4.7024199e-07
-1.7961076e-09
4.7098933e-07
-2.7977519e-09
4.7185457e-07
-3.6369001e-09
4.7280627e-07
-4.367985e-09
4.7382663e-07
-5.0113888e-09
4.7489809e-07
-5.5719926e-09
4.7600335e-07
-6.0538146e-09
4.7712569e-07
-6.4623732e-09
4.7826051e-07
-6.8165297e-09
4.7940547e-07
-7.1238916e-09
4.8055986e-07
-7.3897824e-09
4.8172344e-07
-7.6173954e-09
4.8289799e-07
-7.8112083e-09
4.8408413e-07
-7.9717768e-09
4.852796e-07
-8.0968947e-09
4.8647885e-07
-8.1838818e-09
4.8767012e-07
-8.2265593e-09
4.8884633e-07
-8.2287513e-09
4.9000622e-07
-8.1980375e-09
4.9113828e-07
-8.1267851e-09
4.9222273e-07
-8.0074229e-09
4.9323571e-07
-7.8375955e-09
4.9415148e-07
-7.6199998e-09
4.949419e-07
-7.3616672e-09
4.9557821e-07
-7.0717886e-09
4.96043e-07
-6.7851081e-09
4.9630972e-07
-6.5271343e-09
4.9645838e-07
-6.4299225e-09
-6.3774101e-09
4.9638966e-07
4.6974469e-07
-9.173298e-10
4.7067778e-07
-2.7292063e-09
4.719253e-07
-4.0452662e-09
4.7329694e-07
-5.0085395e-09
4.7473145e-07
-5.8024944e-09
4.7617729e-07
-6.4572303e-09
4.7759868e-07
-6.9933846e-09
4.7897963e-07
-7.4347642e-09
4.8031563e-07
-7.7983771e-09
4.8160698e-07
-8.1078727e-09
4.8286189e-07
-8.3788076e-09
4.840912e-07
-8.6190846e-09
4.853008e-07
-8.8270019e-09
4.8649569e-07
-9.0060999e-09
4.8767945e-07
-9.1555373e-09
4.8886263e-07
-9.2800749e-09
4.9004559e-07
-9.3668398e-09
4.9122886e-07
-9.4098305e-09
4.9240449e-07
-9.4043734e-09
4.9354264e-07
-9.3361876e-09
4.9461936e-07
-9.2035126e-09
4.956156e-07
-9.0036542e-09
4.9648724e-07
-8.709242e-09
4.9718032e-07
-8.3130808e-09
4.976278e-07
-7.8091451e-09
4.9775317e-07
-7.1971536e-09
4.9747067e-07
-6.5026105e-09
4.9660429e-07
-5.6607521e-09
4.9513321e-07
-4.9588508e-09
-3.1451417e-09
4.9190094e-07
4.7080072e-07
-2.2513856e-09
4.7265077e-07
-4.5792546e-09
4.7447616e-07
-5.8706517e-09
4.7607685e-07
-6.6092351e-09
4.7744899e-07
-7.1746326e-09
4.7861276e-07
-7.6210011e-09
4.7958789e-07
-7.9685107e-09
4.8039495e-07
-8.2418312e-09
4.8105926e-07
-8.4626813e-09
4.8159582e-07
-8.6444298e-09
4.8201493e-07
-8.7979186e-09
4.8232574e-07
-8.9298977e-09
4.825392e-07
-9.0404623e-09
4.8266289e-07
-9.1297901e-09
4.8270305e-07
-9.1957013e-09
4.8266511e-07
-9.2421306e-09
4.8255198e-07
-9.2537132e-09
4.8236311e-07
-9.2209524e-09
4.8210287e-07
-9.1441355e-09
4.8177602e-07
-9.0093352e-09
4.8137029e-07
-8.797787e-09
4.8085975e-07
-8.4931183e-09
4.8015174e-07
-8.0012241e-09
4.7912595e-07
-7.2872971e-09
4.7770248e-07
-6.385676e-09
4.7577058e-07
-5.2652558e-09
4.7313659e-07
-3.8686124e-09
4.6953596e-07
-2.0601294e-09
4.6498537e-07
-4.0825487e-10
6.1707089e-09
4.5566952e-07
4.6721528e-07
4.6263603e-07
4.5676537e-07
4.5015614e-07
4.4298151e-07
4.3536051e-07
4.2739199e-07
4.1915016e-07
4.1068748e-07
4.0204305e-07
3.9324513e-07
3.8431524e-07
3.7527477e-07
3.6614498e-07
3.5694928e-07
3.4770715e-07
3.3845344e-07
3.2923249e-07
3.2008835e-07
3.1107902e-07
3.0228123e-07
2.9378811e-07
2.8578689e-07
2.7849959e-07
2.7211391e-07
2.6684866e-07
2.6298004e-07
2.6091992e-07
2.6051166e-07
2.6668237e-07
8.080739e-08
2.3272715e-08
-1.0408011e-07
6.9865693e-08
1.0941698e-08
6.2444233e-08
7.42146e-09
5.5320384e-08
7.1238491e-09
4.989572e-08
5.4246639e-09
4.6402688e-08
3.4930323e-09
4.4155269e-08
2.2474197e-09
4.266198e-08
1.4932893e-09
4.1687403e-08
9.7457776e-10
4.1069656e-08
6.1774715e-10
4.065781e-08
4.1184596e-10
4.0331588e-08
3.2622271e-10
4.000335e-08
3.2823856e-10
3.9610618e-08
3.9273302e-10
3.9115292e-08
4.9532658e-10
3.849546e-08
6.1983281e-10
3.7740782e-08
7.5467803e-10
3.6867102e-08
8.7368146e-10
3.5902408e-08
9.6469372e-10
3.4883464e-08
1.0189452e-09
3.3850656e-08
1.0328082e-09
3.2842944e-08
1.0077126e-09
3.1895725e-08
9.4721989e-10
3.1042345e-08
8.5338011e-10
3.0321328e-08
7.210173e-10
2.9783824e-08
5.3750467e-10
2.9529895e-08
2.539291e-10
2.9460197e-08
6.9697602e-11
2.475221e-08
4.7079868e-09
-1.3747787e-08
3.8499997e-08
1.4610736e-07
2.7061126e-08
-1.4989577e-07
1.3903659e-07
1.801247e-08
1.3383115e-07
1.2626899e-08
1.2887469e-07
1.2080308e-08
1.2402334e-07
1.0276018e-08
1.1978597e-07
7.7304015e-09
1.1637042e-07
5.6629624e-09
1.1368299e-07
4.1807265e-09
1.1161035e-07
3.0472199e-09
1.1003902e-07
2.1890752e-09
1.0884828e-07
1.6025883e-09
1.0791426e-07
1.260244e-09
1.0712144e-07
1.1210571e-09
1.0636646e-07
1.147707e-09
1.0555806e-07
1.3037279e-09
1.0462464e-07
1.5532605e-09
1.0352252e-07
1.8567999e-09
1.0222816e-07
2.1680399e-09
1.0074019e-07
2.452664e-09
9.9075609e-08
2.6835246e-09
9.7266093e-08
2.842325e-09
9.5354757e-08
2.9190495e-09
9.3394201e-08
2.9077761e-09
9.1446893e-08
2.8006884e-09
8.9586114e-08
2.5817962e-09
8.7927977e-08
2.1956423e-09
8.6540009e-08
1.6418977e-09
8.651426e-08
9.5445987e-11
8.6137618e-08
5.084629e-09
-1.6575042e-08
8.8964874e-08
1.8191313e-07
2.5186469e-08
-1.8003848e-07
1.7971108e-07
2.0214522e-08
1.7771256e-07
1.462542e-08
1.7582649e-07
1.3966378e-08
1.7353135e-07
1.2571166e-08
1.7098919e-07
1.0272557e-08
1.685521e-07
8.1000509e-09
1.6637505e-07
6.3577827e-09
1.6449196e-07
4.9303026e-09
1.6290554e-07
3.7755021e-09
1.6159233e-07
2.9157944e-09
1.6050271e-07
2.3498655e-09
1.5957222e-07
2.0515466e-09
1.5873153e-07
1.9883978e-09
1.5791316e-07
2.1221014e-09
1.5705752e-07
2.4088968e-09
1.5611677e-07
2.7975565e-09
1.5505216e-07
3.2326445e-09
1.5383974e-07
3.665087e-09
1.5246827e-07
4.0549981e-09
1.5093808e-07
4.3725147e-09
1.4925996e-07
4.597169e-09
1.474542e-07
4.7135358e-09
1.4555309e-07
4.7017975e-09
1.4359267e-07
4.5422226e-09
1.4166527e-07
4.1230411e-09
1.3960579e-07
3.7013765e-09
1.3811387e-07
1.5873673e-09
1.3776736e-07
5.4311349e-09
-1.414373e-08
1.3533605e-07
2.0252018e-07
2.2691652e-08
-2.0002536e-07
2.0217037e-07
2.0564328e-08
2.0135322e-07
1.544257e-08
2.0133808e-07
1.3981518e-08
2.0103279e-07
1.2876454e-08
2.0037414e-07
1.0931211e-08
1.9959242e-07
8.8817723e-09
1.9880121e-07
7.1489917e-09
1.9803384e-07
5.6976759e-09
1.9732267e-07
4.4866746e-09
1.9669364e-07
3.5448197e-09
1.961511e-07
2.8924045e-09
1.9568124e-07
2.5214086e-09
1.9526017e-07
2.4094701e-09
1.9485876e-07
2.5235136e-09
1.9444751e-07
2.8201455e-09
1.9399923e-07
3.2458346e-09
1.9348929e-07
3.7425903e-09
1.9289856e-07
4.255815e-09
1.9221335e-07
4.7402079e-09
1.9142391e-07
5.1619603e-09
1.9052299e-07
5.4980865e-09
1.895037e-07
5.7328227e-09
1.8836144e-07
5.8440571e-09
1.87081e-07
5.8226628e-09
1.8568689e-07
5.5171547e-09
1.8412185e-07
5.2664139e-09
1.8242728e-07
3.281945e-09
1.8240361e-07
5.4548025e-09
-9.1680365e-09
1.7742791e-07
2.142341e-07
2.0669205e-08
-2.1221165e-07
2.1525169e-07
1.954674e-08
2.1538425e-07
1.5310008e-08
2.1596914e-07
1.3396632e-08
2.1656073e-07
1.2284857e-08
2.1690604e-07
1.0585905e-08
2.1710708e-07
8.680729e-09
2.1724651e-07
7.0095693e-09
2.1734238e-07
5.6018064e-09
2.1741365e-07
4.4154032e-09
2.1748643e-07
3.4720376e-09
2.1757753e-07
2.8013035e-09
2.1769184e-07
2.4071021e-09
2.1782663e-07
2.2746816e-09
2.1797424e-07
2.3758973e-09
2.1812511e-07
2.6692824e-09
2.1826889e-07
3.1020565e-09
2.1839546e-07
3.6160132e-09
2.1849614e-07
4.1551414e-09
2.1856382e-07
4.6725307e-09
2.1859151e-07
5.1342668e-09
2.1857009e-07
5.5195071e-09
2.1848448e-07
5.8184361e-09
2.1831321e-07
6.015329e-09
2.180126e-07
6.1232696e-09
2.1754825e-07
5.9815076e-09
2.1687889e-07
5.9357673e-09
2.1569451e-07
4.4663292e-09
2.1541939e-07
5.7299181e-09
-4.2793452e-09
2.105307e-07
2.2154958e-07
1.898223e-08
-2.1986261e-07
2.2305684e-07
1.8039487e-08
2.2372682e-07
1.4640023e-08
2.2452926e-07
1.2594197e-08
2.2544561e-07
1.1368509e-08
2.2622091e-07
9.8105967e-09
2.2686798e-07
8.0336681e-09
2.2745691e-07
6.4206394e-09
2.2800748e-07
5.0512342e-09
2.2852836e-07
3.8945253e-09
2.2903692e-07
2.9634711e-09
2.2954912e-07
2.2891037e-09
2.3007382e-07
1.8824044e-09
2.3061514e-07
1.73336e-09
2.3117467e-07
1.8163732e-09
2.3175243e-07
2.0915265e-09
2.3234751e-07
2.5069724e-09
2.3295887e-07
3.0046575e-09
2.3358599e-07
3.5280194e-09
2.3422904e-07
4.029482e-09
2.3488753e-07
4.4757746e-09
2.355579e-07
4.849134e-09
2.3622915e-07
5.1471944e-09
2.3688056e-07
5.3639187e-09
2.3746887e-07
5.5349586e-09
2.379215e-07
5.528873e-09
2.3820871e-07
5.6485641e-09
2.3792878e-07
4.7462555e-09
2.380819e-07
5.576796e-09
-5.7773284e-10
2.3438029e-07
2.2630086e-07
1.7496119e-08
-2.2481475e-07
2.2785331e-07
1.6487046e-08
2.2875592e-07
1.3737405e-08
2.2962494e-07
1.1725186e-08
2.3061857e-07
1.037488e-08
2.315523e-07
8.876862e-09
2.3238409e-07
7.2018741e-09
2.3316395e-07
5.6407854e-09
2.3391642e-07
4.2987626e-09
2.3464781e-07
3.1631349e-09
2.3536942e-07
2.2418606e-09
2.3609484e-07
1.563685e-09
2.3683385e-07
1.1433978e-09
2.3759291e-07
9.7429583e-10
2.3837694e-07
1.032346e-09
2.3918997e-07
1.2784956e-09
2.4003568e-07
1.6612662e-09
2.4091784e-07
2.1224947e-09
2.418411e-07
2.6047625e-09
2.428111e-07
3.0594849e-09
2.4383366e-07
3.453213e-09
2.449126e-07
3.7701932e-09
2.4604599e-07
4.0138041e-09
2.4721874e-07
4.1911754e-09
2.4841057e-07
4.343123e-09
2.4954793e-07
4.3915165e-09
2.5058902e-07
4.6074723e-09
2.5117363e-07
4.1616492e-09
2.5197479e-07
4.7756376e-09
1.4861038e-09
2.4991095e-07
2.2932875e-07
1.6216952e-08
-2.2804958e-07
2.3078675e-07
1.5029046e-08
2.3179457e-07
1.2729582e-08
2.3269506e-07
1.0824698e-08
2.3368393e-07
9.3860128e-09
2.3465703e-07
7.9037594e-09
2.3555444e-07
6.3044649e-09
2.3640507e-07
4.7901543e-09
2.3723543e-07
3.468401e-09
2.3805331e-07
2.345264e-09
2.3886641e-07
1.4287532e-09
2.3968556e-07
7.4453941e-10
2.4051988e-07
3.090769e-10
2.4137611e-07
1.1806669e-10
2.4225993e-07
1.4852742e-10
2.4317656e-07
3.618636e-10
2.4413127e-07
7.0656013e-10
2.4512968e-07
1.1240832e-09
2.4617878e-07
1.5556656e-09
2.4728733e-07
1.9509316e-09
2.4846565e-07
2.2748972e-09
2.4972398e-07
2.5118622e-09
2.5106958e-07
2.6682065e-09
2.5250047e-07
2.7602882e-09
2.5400643e-07
2.8371594e-09
2.5553933e-07
2.8586142e-09
2.5709668e-07
3.0501242e-09
2.5834521e-07
2.9131205e-09
2.5965839e-07
3.462457e-09
1.9508921e-09
2.591936e-07
2.3144567e-07
1.5036765e-08
-2.3026548e-07
2.3274422e-07
1.3730498e-08
2.3374793e-07
1.1725872e-08
2.3463858e-07
9.9340442e-09
2.3558146e-07
8.443135e-09
2.3652969e-07
6.9555299e-09
2.3742842e-07
5.4057388e-09
2.3829005e-07
3.9285254e-09
2.3913833e-07
2.6201206e-09
2.3998233e-07
1.5012616e-09
2.4082729e-07
5.8379555e-10
2.4168074e-07
-1.0891042e-10
2.4255031e-07
-5.6049103e-10
2.4344212e-07
-7.737432e-10
2.4436123e-07
-7.7058588e-10
2.4531234e-07
-5.8924453e-10
2.4630017e-07
-2.8126996e-10
2.4733043e-07
9.3825602e-11
2.4841045e-07
4.7564913e-10
2.4955022e-07
8.1116269e-10
2.5076259e-07
1.0625272e-09
2.5206237e-07
1.2120809e-09
2.5346446e-07
1.2661135e-09
2.5497775e-07
1.2469986e-09
2.5660771e-07
1.2072048e-09
2.5831097e-07
1.1553541e-09
2.6013135e-07
1.2297432e-09
2.618548e-07
1.189666e-09
2.636346e-07
1.6826653e-09
1.2621583e-09
2.6432333e-07
2.3308029e-07
1.3970329e-08
-2.3201385e-07
2.3419198e-07
1.2618805e-08
2.3512144e-07
1.0796417e-08
2.3596635e-07
9.0891382e-09
2.3684237e-07
7.5671122e-09
2.3773338e-07
6.0645188e-09
2.3859827e-07
4.5408508e-09
2.3943942e-07
3.0873705e-09
2.4027501e-07
1.7845309e-09
2.4111388e-07
6.6239264e-10
2.4195963e-07
-2.6195357e-10
2.4281704e-07
-9.6631688e-10
2.4369165e-07
-1.4351029e-09
2.4458807e-07
-1.6701628e-09
2.4550993e-07
-1.6924404e-09
2.4646055e-07
-1.5398668e-09
2.4744349e-07
-1.2642048e-09
2.4846335e-07
-9.2604136e-10
2.4952679e-07
-5.8778388e-10
2.5064354e-07
-3.0558562e-10
2.5182734e-07
-1.2127334e-10
2.5309574e-07
-5.6326556e-11
2.5446929e-07
-1.0742651e-10
2.559665e-07
-2.5021271e-10
2.5760541e-07
-4.317047e-10
2.5937537e-07
-6.1460314e-10
2.6129302e-07
-6.8791578e-10
2.6322865e-07
-7.4595454e-10
2.6536859e-07
-4.5727861e-10
-2.6848473e-10
2.6689923e-07
2.3427919e-07
1.3029354e-08
-2.3333821e-07
2.3523957e-07
1.1658425e-08
2.3608638e-07
9.9496032e-09
2.3687785e-07
8.2976678e-09
2.376896e-07
6.7553635e-09
2.3851922e-07
5.2348987e-09
2.3933985e-07
3.7202209e-09
2.4014971e-07
2.2775126e-09
2.4096129e-07
9.7294989e-10
2.4178238e-07
-1.5869728e-10
2.4261546e-07
-1.0950291e-09
2.4346307e-07
-1.81393e-09
2.4432873e-07
-2.3007641e-09
2.4521541e-07
-2.5568333e-09
2.4612521e-07
-2.6022416e-09
2.4705986e-07
-2.4745169e-09
2.4802123e-07
-2.2255724e-09
2.4901214e-07
-1.9169564e-09
2.5003755e-07
-1.6131929e-09
2.5110592e-07
-1.373951e-09
2.5223054e-07
-1.2459011e-09
2.5343024e-07
-1.2560249e-09
2.5472915e-07
-1.4063342e-09
2.561535e-07
-1.6745595e-09
2.577319e-07
-2.0101062e-09
2.5947606e-07
-2.3587579e-09
2.614124e-07
-2.6242545e-09
2.6345948e-07
-2.7930329e-09
2.6574109e-07
-2.7388951e-09
-2.3347617e-09
2.6780737e-07
2.3513897e-07
1.221538e-08
-2.34325e-07
2.3597108e-07
1.0826321e-08
2.3673938e-07
9.1813084e-09
2.3747795e-07
7.5590957e-09
2.3823401e-07
5.9993026e-09
2.3900967e-07
4.4592349e-09
2.3978867e-07
2.9412238e-09
2.4056818e-07
1.4980073e-09
2.4135581e-07
1.8531315e-10
2.4215784e-07
-9.6072658e-10
2.4297557e-07
-1.9127512e-09
2.4381029e-07
-2.6486506e-09
2.4466365e-07
-3.1541272e-09
2.45537e-07
-3.4301802e-09
2.4643092e-07
-3.4961597e-09
2.4734542e-07
-3.3890159e-09
2.4828042e-07
-3.1605786e-09
2.4923659e-07
-2.87312e-09
2.5021654e-07
-2.5931439e-09
2.5122649e-07
-2.3838998e-09
2.5227803e-07
-2.2974376e-09
2.5338947e-07
-2.3674741e-09
2.5458667e-07
-2.6035254e-09
2.5590126e-07
-2.9891497e-09
2.5737039e-07
-3.4792376e-09
2.5902432e-07
-4.012685e-09
2.6090138e-07
-4.5013162e-09
2.629806e-07
-4.872254e-09
2.653281e-07
-5.0863886e-09
-4.7074277e-09
2.6770076e-07
2.3582545e-07
1.1520109e-08
-2.3513018e-07
2.3654347e-07
1.0108306e-08
2.372348e-07
8.4899732e-09
2.3791835e-07
6.8755494e-09
2.3862219e-07
5.2954638e-09
2.3934894e-07
3.7324858e-09
2.4008889e-07
2.2012711e-09
2.4083899e-07
7.4790859e-10
2.4160438e-07
-5.8007072e-10
2.4238786e-07
-1.7442094e-09
2.4319049e-07
-2.7153857e-09
2.4401222e-07
-3.4703721e-09
2.4485316e-07
-3.9950689e-09
2.4571321e-07
-4.2902357e-09
2.4659148e-07
-4.3744277e-09
2.4748624e-07
-4.2837732e-09
2.4839532e-07
-4.0696614e-09
2.4931687e-07
-3.7946687e-09
2.5025059e-07
-3.5268639e-09
2.5119952e-07
-3.3328307e-09
2.5217218e-07
-3.2700964e-09
2.531846e-07
-3.379887e-09
2.5426196e-07
-3.6808903e-09
2.5543854e-07
-4.1657232e-09
2.5675753e-07
-4.7982265e-09
2.5826345e-07
-5.5186052e-09
2.6000744e-07
-6.2453094e-09
2.6200798e-07
-6.8727952e-09
2.6432445e-07
-7.4028574e-09
-7.2276199e-09
2.6684465e-07
2.36486e-07
1.0931304e-08
-2.3589719e-07
2.371035e-07
9.4908015e-09
2.377207e-07
7.8727806e-09
2.3834798e-07
6.2482634e-09
2.3900124e-07
4.6422058e-09
2.3968223e-07
3.0514955e-09
2.4038519e-07
1.4983182e-09
2.4110626e-07
2.6834811e-11
2.4184913e-07
-1.3229406e-09
2.4261409e-07
-2.5091644e-09
2.4340135e-07
-3.5026437e-09
2.4420982e-07
-4.2788494e-09
2.450384e-07
-4.8236444e-09
2.4588567e-07
-5.1375079e-09
2.4674936e-07
-5.2381116e-09
2.4762608e-07
-5.1605015e-09
2.4851158e-07
-4.9551573e-09
2.4940127e-07
-4.6843549e-09
2.5029143e-07
-4.4170242e-09
2.5118106e-07
-4.2224572e-09
2.5207431e-07
-4.1633505e-09
2.5298291e-07
-4.2884875e-09
2.5392878e-07
-4.6267597e-09
2.5494545e-07
-5.1823874e-09
2.560786e-07
-5.9313771e-09
2.5738214e-07
-6.8221458e-09
2.5891961e-07
-7.7827779e-09
2.6074047e-07
-8.6936597e-09
2.6291426e-07
-9.5766423e-09
-9.7369074e-09
2.6542355e-07
2.3721622e-07
1.0434702e-08
-2.3671962e-07
2.3774757e-07
8.9594487e-09
2.3829692e-07
7.3234342e-09
2.3887038e-07
5.6748076e-09
2.3947638e-07
4.0362063e-09
2.4011527e-07
2.4126049e-09
2.4078277e-07
8.3081649e-10
2.4147787e-07
-6.6826929e-10
2.4219827e-07
-2.0433324e-09
2.4294501e-07
-3.2559031e-09
2.4371674e-07
-4.2743821e-09
2.4451176e-07
-5.0738618e-09
2.4532809e-07
-5.6399719e-09
2.4616331e-07
-5.9727284e-09
2.4701402e-07
-6.0888214e-09
2.4787541e-07
-6.0218954e-09
2.4874121e-07
-5.8209585e-09
2.4960404e-07
-5.5471871e-09
2.5045645e-07
-5.2694249e-09
2.512926e-07
-5.0586111e-09
2.5211089e-07
-4.9816389e-09
2.529171e-07
-5.0946948e-09
2.5372708e-07
-5.4367369e-09
2.5456945e-07
-6.0247654e-09
2.5548807e-07
-6.8499902e-09
2.565401e-07
-7.8741744e-09
2.577977e-07
-9.0403807e-09
2.593329e-07
-1.0228854e-08
2.6123128e-07
-1.1475025e-08
-1.2063174e-08
2.6355755e-07
2.3806459e-07
1.0014783e-08
-2.3764467e-07
2.3852504e-07
8.4989976e-09
2.3901606e-07
6.8324096e-09
2.395418e-07
5.1490736e-09
2.4010639e-07
3.4716122e-09
2.4070906e-07
1.8099371e-09
2.4134625e-07
1.9362947e-10
2.4201604e-07
-1.3380556e-09
2.4271611e-07
-2.7434046e-09
2.4344558e-07
-3.9853706e-09
2.4420256e-07
-5.0313668e-09
2.4498481e-07
-5.8561114e-09
2.4578987e-07
-6.445029e-09
2.4661474e-07
-6.7976029e-09
2.4745531e-07
-6.9293859e-09
2.4830568e-07
-6.8722697e-09
2.4915788e-07
-6.6731523e-09
2.5000186e-07
-6.3911713e-09
2.508263e-07
-6.0938647e-09
2.5162013e-07
-5.8524363e-09
2.5237488e-07
-5.7363916e-09
2.5308803e-07
-5.8078379e-09
2.5376695e-07
-6.1156589e-09
2.5443205e-07
-6.6898622e-09
2.5511948e-07
-7.5374258e-09
2.5588259e-07
-8.6372809e-09
2.5679498e-07
-9.9527715e-09
2.5794049e-07
-1.1374361e-08
2.5943136e-07
-1.29659e-08
-1.4008064e-08
2.6137625e-07
2.3905054e-07
9.6556764e-09
-2.3869143e-07
2.3945568e-07
8.0938494e-09
2.3990003e-07
6.3880649e-09
2.4038677e-07
4.662337e-09
2.4091768e-07
2.9406973e-09
2.4149091e-07
1.2367095e-09
2.4210351e-07
-4.1896532e-10
2.4275227e-07
-1.9868164e-09
2.4343498e-07
-3.4261143e-09
2.4414948e-07
-4.6998719e-09
2.4489352e-07
-5.7754068e-09
2.4566474e-07
-6.6273281e-09
2.4646065e-07
-7.2409403e-09
2.4727822e-07
-7.6151711e-09
2.4811313e-07
-7.7642949e-09
2.4895895e-07
-7.7180933e-09
2.4980648e-07
-7.5206817e-09
2.5064343e-07
-7.2281163e-09
2.5145477e-07
-6.9052085e-09
2.5222397e-07
-6.6216335e-09
2.5293518e-07
-6.4476006e-09
2.5357635e-07
-6.4490071e-09
2.5414319e-07
-6.6825001e-09
2.5464343e-07
-7.1901054e-09
2.5510126e-07
-7.9952466e-09
2.5555989e-07
-9.0959111e-09
2.5608357e-07
-1.0476458e-08
2.5675206e-07
-1.2042844e-08
2.5767734e-07
-1.389118e-08
-1.5402661e-08
2.5907193e-07
2.4018519e-07
9.341459e-09
-2.3987097e-07
2.4055053e-07
7.7285091e-09
2.4096115e-07
5.9774439e-09
2.4141951e-07
4.2039768e-09
2.4192609e-07
2.4341156e-09
2.4247814e-07
6.846627e-10
2.4307248e-07
-1.0133001e-09
2.4370556e-07
-2.6198987e-09
2.4437467e-07
-4.0952252e-09
2.4507727e-07
-5.4024653e-09
2.4581106e-07
-6.5091978e-09
2.4657399e-07
-7.3902583e-09
2.4736406e-07
-8.0310088e-09
2.481788e-07
-8.4299127e-09
2.4901437e-07
-8.5998699e-09
2.4986454e-07
-8.5682618e-09
2.5071962e-07
-8.3757544e-09
2.5156577e-07
-8.0742725e-09
2.523849e-07
-7.724338e-09
2.5315536e-07
-7.3920932e-09
2.5385373e-07
-7.1459651e-09
2.5445768e-07
-7.0529561e-09
2.5494981e-07
-7.174629e-09
2.5532216e-07
-7.5624552e-09
2.5558117e-07
-8.2542571e-09
2.55752e-07
-9.2667419e-09
2.5588233e-07
-1.0606784e-08
2.5605023e-07
-1.2210745e-08
2.5630191e-07
-1.414286e-08
-1.6040414e-08
2.5693966e-07
2.4148603e-07
9.0570685e-09
-2.4120164e-07
2.4182586e-07
7.3886824e-09
2.4221551e-07
5.5877899e-09
2.4265655e-07
3.7629396e-09
2.4314852e-07
1.9421449e-09
2.4368808e-07
1.4510107e-10
2.4427188e-07
-1.5970953e-09
2.4489579e-07
-3.2438093e-09
2.4555668e-07
-4.756116e-09
2.4625194e-07
-6.0977196e-09
2.4697958e-07
-7.2368396e-09
2.4773829e-07
-8.1489732e-09
2.4852717e-07
-8.8198825e-09
2.4934503e-07
-9.2477767e-09
2.5018942e-07
-9.4442558e-09
2.5105524e-07
-9.4340784e-09
2.519334e-07
-9.2539221e-09
2.5280969e-07
-8.9505576e-09
2.5366406e-07
-8.5787046e-09
2.5447079e-07
-8.1988272e-09
2.5519964e-07
-7.8748148e-09
2.5581813e-07
-7.6714435e-09
2.5629499e-07
-7.6514887e-09
2.5660465e-07
-7.8721122e-09
2.5673226e-07
-8.3818703e-09
2.5667906e-07
-9.2135442e-09
2.5646533e-07
-1.0393051e-08
2.5614853e-07
-1.1893944e-08
2.5575609e-07
-1.3750418e-08
-1.5820633e-08
2.5553631e-07
2.4299322e-07
8.7842562e-09
-2.4272041e-07
2.4332467e-07
7.0572358e-09
2.4370907e-07
5.2033873e-09
2.4414676e-07
3.3252557e-09
2.4463604e-07
1.4528674e-09
2.4517224e-07
-3.9109754e-10
2.4575227e-07
-2.1771318e-09
2.4637176e-07
-3.8632974e-09
2.4702791e-07
-5.4122665e-09
2.477186e-07
-6.788403e-09
2.4844266e-07
-7.9609015e-09
2.4920009e-07
-8.9064003e-09
2.4999174e-07
-9.6115358e-09
2.5081858e-07
-1.0074621e-08
2.516805e-07
-1.0306169e-08
2.5257471e-07
-1.032829e-08
2.534941e-07
-1.0173313e-08
2.544256e-07
-9.8820593e-09
2.55349e-07
-9.5020964e-09
2.5623635e-07
-9.0861787e-09
2.570524e-07
-8.6908683e-09
2.5775606e-07
-8.3750959e-09
2.5830309e-07
-8.1985184e-09
2.5865009e-07
-8.2191185e-09
2.587593e-07
-8.4910786e-09
2.5860459e-07
-9.0588327e-09
2.5817363e-07
-9.9620943e-09
2.5748651e-07
-1.1206815e-08
2.5654838e-07
-1.2812296e-08
-1.4806747e-08
2.555345e-07
2.4475178e-07
8.5120298e-09
-2.4447955e-07
2.450852e-07
6.7238151e-09
2.4547451e-07
4.8140801e-09
2.4591841e-07
2.8813502e-09
2.4641473e-07
9.565542e-10
2.4696118e-07
-9.3754549e-10
2.4754977e-07
-2.7657231e-09
2.4817647e-07
-4.4899992e-09
2.4883772e-07
-6.0735139e-09
2.4953166e-07
-7.4823474e-09
2.5025838e-07
-8.6876143e-09
2.5101987e-07
-9.6678984e-09
2.5181973e-07
-1.0411391e-08
2.5266222e-07
-1.0917108e-08
2.5355094e-07
-1.1194895e-08
2.5448706e-07
-1.1264407e-08
2.5546726e-07
-1.1153514e-08
2.5648179e-07
-1.0896589e-08
2.5751274e-07
-1.0533042e-08
2.5853282e-07
-1.0106261e-08
2.595049e-07
-9.6629499e-09
2.6038248e-07
-9.2526668e-09
2.6111129e-07
-8.9273301e-09
2.6163239e-07
-8.7402179e-09
2.6188622e-07
-8.7449091e-09
2.6181874e-07
-8.9913556e-09
2.6138397e-07
-9.5273176e-09
2.6056173e-07
-1.0384574e-08
2.5931991e-07
-1.1570479e-08
-1.3228319e-08
2.5774148e-07
2.4689775e-07
8.198935e-09
-2.4658465e-07
2.4727069e-07
6.3508682e-09
2.4769675e-07
4.388026e-09
2.481727e-07
2.4054046e-09
2.4868812e-07
4.4113261e-10
2.4924461e-07
-1.4940371e-09
2.4983685e-07
-3.3579617e-09
2.5046276e-07
-5.1159107e-09
2.5112036e-07
-6.7311113e-09
2.5180917e-07
-8.1711609e-09
2.5253123e-07
-9.4096772e-09
2.5329119e-07
-1.0427855e-08
2.5409598e-07
-1.1216181e-08
2.5495402e-07
-1.1775144e-08
2.5587373e-07
-1.2114605e-08
2.5686161e-07
-1.2252291e-08
2.5792e-07
-1.2211901e-08
2.5904476e-07
-1.2021352e-08
2.6022321e-07
-1.1711486e-08
2.6143234e-07
-1.1315389e-08
2.6263757e-07
-1.0868184e-08
2.6379212e-07
-1.0407213e-08
2.6483721e-07
-9.9724173e-09
2.6570363e-07
-9.6066382e-09
2.6631449e-07
-9.3557714e-09
2.665904e-07
-9.2672667e-09
2.6645261e-07
-9.3895233e-09
2.6583819e-07
-9.7701595e-09
2.6468033e-07
-1.0412617e-08
-1.1506511e-08
2.6295852e-07
2.4942016e-07
7.8720717e-09
-2.490933e-07
2.4981103e-07
5.9599986e-09
2.5026122e-07
3.9378397e-09
2.5076569e-07
1.9009311e-09
2.5134283e-07
-1.3599849e-10
2.5194537e-07
-2.0965777e-09
2.5258248e-07
-3.9950747e-09
2.5324436e-07
-5.7777931e-09
2.5392745e-07
-7.4142031e-09
2.5463272e-07
-8.8764301e-09
2.5536461e-07
-1.0141567e-08
2.561314e-07
-1.119464e-08
2.5694513e-07
-1.2029907e-08
2.5782054e-07
-1.2650557e-08
2.5877333e-07
-1.3067393e-08
2.5981794e-07
-1.3296907e-08
2.6096521e-07
-1.3359164e-08
2.6221987e-07
-1.3276013e-08
2.6357832e-07
-1.3069932e-08
2.6502651e-07
-1.2763583e-08
2.6653836e-07
-1.2380032e-08
2.6807418e-07
-1.1943032e-08
2.6957952e-07
-1.1477758e-08
2.7098482e-07
-1.1011938e-08
2.7220605e-07
-1.0576996e-08
2.7314744e-07
-1.0208662e-08
2.7370346e-07
-9.9455383e-09
2.7376949e-07
-9.8361879e-09
2.7323853e-07
-9.881657e-09
-1.0226941e-08
2.7195896e-07
2.5292062e-07
7.3677406e-09
-2.5241629e-07
2.5346619e-07
5.4144262e-09
2.5403769e-07
3.3663433e-09
2.546167e-07
1.3219258e-09
2.5517401e-07
-6.9330781e-10
2.5577553e-07
-2.6981007e-09
2.5638817e-07
-4.6077178e-09
2.5701405e-07
-6.4036753e-09
2.5765419e-07
-8.0543353e-09
2.5831221e-07
-9.5344545e-09
2.5899661e-07
-1.0825963e-08
2.597208e-07
-1.1918835e-08
2.6050256e-07
-1.2811666e-08
2.613629e-07
-1.3510897e-08
2.6232442e-07
-1.4028908e-08
2.6340924e-07
-1.438173e-08
2.646369e-07
-1.458682e-08
2.6602231e-07
-1.4661423e-08
2.6757403e-07
-1.4621649e-08
2.6929176e-07
-1.448132e-08
2.7116486e-07
-1.4253131e-08
2.7316995e-07
-1.3948117e-08
2.7526883e-07
-1.3576641e-08
2.7740704e-07
-1.3150139e-08
2.7951183e-07
-1.2681786e-08
2.8149165e-07
-1.2188485e-08
2.8323628e-07
-1.1690171e-08
2.846207e-07
-1.1220603e-08
2.8551917e-07
-1.0780134e-08
-1.0345479e-08
2.8563771e-07
2.567151e-07
6.9007501e-09
-2.5624811e-07
2.5725068e-07
4.878846e-09
2.5786045e-07
2.7565747e-09
2.5857072e-07
6.1165234e-10
2.5931428e-07
-1.4368642e-09
2.6004835e-07
-3.4321761e-09
2.6077883e-07
-5.338192e-09
2.6149716e-07
-7.1220016e-09
2.6220232e-07
-8.7595009e-09
2.6289757e-07
-1.0229701e-08
2.6359315e-07
-1.152154e-08
2.6430782e-07
-1.2633508e-08
2.650678e-07
-1.3571647e-08
2.6590507e-07
-1.4348163e-08
2.6685547e-07
-1.4979306e-08
2.6795532e-07
-1.5481577e-08
2.6923857e-07
-1.587007e-08
2.7073478e-07
-1.6157636e-08
2.724674e-07
-1.6354266e-08
2.7445484e-07
-1.6468761e-08
2.7671029e-07
-1.650858e-08
2.7923655e-07
-1.6474377e-08
2.8202274e-07
-1.6362832e-08
2.8504542e-07
-1.6172821e-08
2.8826422e-07
-1.5900588e-08
2.9161704e-07
-1.5541298e-08
2.9501936e-07
-1.5092494e-08
2.9836659e-07
-1.4567831e-08
3.0156531e-07
-1.3978856e-08
-1.3129182e-08
3.0434901e-07
2.6380405e-07
5.9207662e-09
-2.6282407e-07
2.6474094e-07
3.941961e-09
2.6557303e-07
1.9244795e-09
2.6611744e-07
6.7250421e-11
2.6677894e-07
-2.0983669e-09
2.6739722e-07
-4.0504547e-09
2.6796562e-07
-5.9065945e-09
2.684912e-07
-7.647585e-09
2.6898178e-07
-9.2500761e-09
2.6944711e-07
-1.0695027e-08
2.6990535e-07
-1.1979787e-08
2.7038372e-07
-1.311187e-08
2.7091803e-07
-1.4105957e-08
2.7155211e-07
-1.4982252e-08
2.723388e-07
-1.5765988e-08
2.7333512e-07
-1.6477901e-08
2.7459786e-07
-1.7132804e-08
2.7617144e-07
-1.7731224e-08
2.7806874e-07
-1.825156e-08
2.803185e-07
-1.8718519e-08
2.8294845e-07
-1.9138536e-08
2.8597821e-07
-1.9504135e-08
2.8942263e-07
-1.9807245e-08
2.9329551e-07
-2.0045706e-08
2.9760354e-07
-2.0208614e-08
3.0234288e-07
-2.0280638e-08
3.075019e-07
-2.0251518e-08
3.1302183e-07
-2.0087755e-08
3.188364e-07
-1.9793429e-08
-1.8765112e-08
3.2447233e-07
2.7001819e-07
5.0248654e-09
-2.6912228e-07
2.7095267e-07
3.0074781e-09
2.7202389e-07
8.5326227e-10
2.7324577e-07
-1.1546344e-09
2.7420864e-07
-3.061234e-09
2.7510406e-07
-4.9458741e-09
2.7594511e-07
-6.7476435e-09
2.7669502e-07
-8.3975009e-09
2.7730348e-07
-9.8585339e-09
2.7780565e-07
-1.119719e-08
2.782544e-07
-1.2428537e-08
2.7871246e-07
-1.3569932e-08
2.7924684e-07
-1.4640339e-08
2.7992411e-07
-1.5659517e-08
2.8077186e-07
-1.6613741e-08
2.8182102e-07
-1.7527063e-08
2.8311313e-07
-1.8424912e-08
2.8469417e-07
-1.9312259e-08
2.8662462e-07
-2.0182011e-08
2.8895745e-07
-2.1051354e-08
2.9167433e-07
-2.1855412e-08
2.9474897e-07
-2.2578772e-08
2.9821418e-07
-2.327246e-08
3.0210393e-07
-2.3935456e-08
3.0647065e-07
-2.4575329e-08
3.1137217e-07
-2.5182159e-08
3.1684382e-07
-2.5723172e-08
3.2286819e-07
-2.6112123e-08
3.2946511e-07
-2.6390349e-08
-2.5836133e-08
3.3653613e-07
2.8865543e-07
3.2384198e-09
-2.8686898e-07
2.9008369e-07
1.5792196e-09
2.9092335e-07
1.3594916e-11
2.9173316e-07
-1.9644383e-09
2.9240478e-07
-3.7328528e-09
2.9285999e-07
-5.4010829e-09
2.9307274e-07
-6.9603921e-09
2.9303837e-07
-8.3631341e-09
2.9282167e-07
-9.6418324e-09
2.9248612e-07
-1.0861643e-08
2.9208662e-07
-1.2029038e-08
2.9167615e-07
-1.3159458e-08
2.9128608e-07
-1.4250266e-08
2.9095764e-07
-1.5331083e-08
2.9076424e-07
-1.6420331e-08
2.9074101e-07
-1.7503832e-08
2.9092617e-07
-1.8610072e-08
2.9137986e-07
-1.9765953e-08
2.9220018e-07
-2.1002334e-08
2.9340471e-07
-2.225588e-08
2.9499918e-07
-2.3449877e-08
2.9697805e-07
-2.4557642e-08
2.9927832e-07
-2.5572729e-08
3.017746e-07
-2.6431736e-08
3.0431924e-07
-2.7119972e-08
3.0672015e-07
-2.7583071e-08
3.0872629e-07
-2.7729309e-08
3.1019014e-07
-2.7575972e-08
3.1105535e-07
-2.7255559e-08
-2.657618e-08
3.1179539e-07
3.0437194e-07
1.089948e-09
-3.0222347e-07
3.0645099e-07
-4.998232e-10
3.0828303e-07
-1.8184489e-09
3.0950928e-07
-3.1906865e-09
3.1030587e-07
-4.5294472e-09
3.1071334e-07
-5.8085483e-09
3.1076609e-07
-7.0131421e-09
3.1053603e-07
-8.1330747e-09
3.1008865e-07
-9.1944499e-09
3.09432e-07
-1.0204993e-08
3.0858183e-07
-1.1178868e-08
3.075564e-07
-1.2134026e-08
3.0638547e-07
-1.3079342e-08
3.0506802e-07
-1.4013633e-08
3.0361604e-07
-1.4968351e-08
3.0206341e-07
-1.5951197e-08
3.0039103e-07
-1.6937692e-08
2.9847038e-07
-1.7845305e-08
2.9598347e-07
-1.851542e-08
2.9257623e-07
-1.8848637e-08
2.8801854e-07
-1.889219e-08
2.8208025e-07
-1.8619354e-08
2.7451823e-07
-1.8010709e-08
2.6505986e-07
-1.6973363e-08
2.535732e-07
-1.5633311e-08
2.4032667e-07
-1.4336548e-08
2.2578584e-07
-1.3188472e-08
2.1049325e-07
-1.2283385e-08
1.9483465e-07
-1.1596958e-08
-1.1120503e-08
1.7937897e-07
3.5713647e-07
-3.5604652e-07
3.5663665e-07
3.548182e-07
3.5162751e-07
3.4709807e-07
3.4128952e-07
3.3427638e-07
3.261433e-07
3.1694885e-07
3.0674386e-07
2.9556499e-07
2.8343097e-07
2.7035163e-07
2.5633799e-07
2.4136964e-07
2.2541845e-07
2.0848075e-07
1.9063545e-07
1.7212003e-07
1.5327139e-07
1.343792e-07
1.1575985e-07
9.7749138e-08
8.0775775e-08
6.5142464e-08
5.0805916e-08
3.7617444e-08
2.5334058e-08
1.3737099e-08
2.6165961e-09
3.3952477e-07
-1.7659729e-07
3.8271631e-07
-1.9308732e-07
4.0590286e-07
-2.0322503e-07
4.1364299e-07
-2.0776548e-07
4.1154577e-07
-2.1011443e-07
4.0355686e-07
-2.118737e-07
3.9199016e-07
-2.1324805e-07
3.783458e-07
-2.1440522e-07
3.6354552e-07
-2.1546521e-07
3.4798354e-07
-2.1645187e-07
3.3187914e-07
-2.1723382e-07
3.1548524e-07
-2.1793109e-07
2.9900374e-07
-2.1864868e-07
2.8254701e-07
-2.1944047e-07
2.661519e-07
-2.203245e-07
2.4980972e-07
-2.2130248e-07
2.3349347e-07
-2.2237518e-07
2.1717538e-07
-2.2355288e-07
2.0083393e-07
-2.248602e-07
1.8445111e-07
-2.2633758e-07
1.6801316e-07
-2.280416e-07
1.5148549e-07
-2.3005698e-07
1.3487452e-07
-2.3248233e-07
1.1802832e-07
-2.3557008e-07
1.0114231e-07
-2.393621e-07
8.3512519e-08
-2.4519428e-07
6.6059944e-08
-2.5166971e-07
4.6477459e-08
-2.6728649e-07
2.5940007e-08
-2.8168601e-07
-3.3010651e-07
4.6650194e-07
-1.8717164e-07
4.6383823e-07
-1.9042361e-07
4.5419651e-07
-1.935833e-07
4.4117549e-07
-1.9474447e-07
4.2663846e-07
-1.955774e-07
4.1127376e-07
-1.96509e-07
3.9548753e-07
-1.9746182e-07
3.794634e-07
-1.9838109e-07
3.6323266e-07
-1.9923446e-07
3.4679185e-07
-2.0001106e-07
3.3031553e-07
-2.007575e-07
3.1392474e-07
-2.0154029e-07
2.97644e-07
-2.0236794e-07
2.8144741e-07
-2.0324388e-07
2.6529348e-07
-2.0417058e-07
2.4914418e-07
-2.0515318e-07
2.3297326e-07
-2.0620426e-07
2.1676576e-07
-2.0734538e-07
2.0051231e-07
-2.0860674e-07
1.8420261e-07
-2.1002789e-07
1.6782235e-07
-2.1166134e-07
1.5134607e-07
-2.1358071e-07
1.3475422e-07
-2.1589049e-07
1.1795953e-07
-2.1877539e-07
1.0101604e-07
-2.224186e-07
8.3481375e-08
-2.2765961e-07
6.5875744e-08
-2.3406408e-07
4.6363604e-08
-2.4777435e-07
2.5988948e-08
-2.6131136e-07
-3.0411756e-07
4.8182996e-07
-1.7681593e-07
4.6882373e-07
-1.7741738e-07
4.5403282e-07
-1.7879239e-07
4.3871695e-07
-1.794286e-07
4.2326754e-07
-1.8012799e-07
4.0769185e-07
-1.8093331e-07
3.9199706e-07
-1.8176703e-07
3.7617769e-07
-1.8256173e-07
3.6025993e-07
-1.833167e-07
3.4430873e-07
-1.8405986e-07
3.2836963e-07
-1.848184e-07
3.1243687e-07
-1.8560754e-07
2.9649644e-07
-1.864275e-07
2.8053149e-07
-1.8727893e-07
2.6452986e-07
-1.8816895e-07
2.4848624e-07
-1.8910956e-07
2.3239893e-07
-1.9011695e-07
2.1626531e-07
-1.9121175e-07
2.000789e-07
-1.9242033e-07
1.8382824e-07
-1.9377723e-07
1.6749672e-07
-1.9532981e-07
1.5106118e-07
-1.9714516e-07
1.3449295e-07
-1.9932226e-07
1.1773426e-07
-2.020167e-07
1.00764e-07
-2.0544834e-07
8.3304855e-08
-2.1020046e-07
6.5586654e-08
-2.1634587e-07
4.6172508e-08
-2.2836021e-07
2.5875963e-08
-2.4101481e-07
-2.7824159e-07
4.8225362e-07
-1.6237454e-07
4.6754169e-07
-1.6270545e-07
4.5216356e-07
-1.6341426e-07
4.3682468e-07
-1.6408971e-07
4.2141574e-07
-1.6471905e-07
4.0587935e-07
-1.6539692e-07
3.902235e-07
-1.6611118e-07
3.7448934e-07
-1.6682756e-07
3.5871777e-07
-1.6754513e-07
3.4293371e-07
-1.682758e-07
3.2714041e-07
-1.6902509e-07
3.1132661e-07
-1.6979374e-07
2.9548229e-07
-1.7058318e-07
2.7960196e-07
-1.713986e-07
2.6368264e-07
-1.7224962e-07
2.4772154e-07
-1.7314847e-07
2.3171426e-07
-1.7410967e-07
2.156538e-07
-1.7515129e-07
1.9953048e-07
-1.7629701e-07
1.8333179e-07
-1.7757855e-07
1.6704152e-07
-1.7903955e-07
1.5063794e-07
-1.8074158e-07
1.3409084e-07
-1.8277516e-07
1.1735258e-07
-1.8527844e-07
1.0037031e-07
-1.8846607e-07
8.2955541e-08
-1.927857e-07
6.5154696e-08
-1.9854503e-07
4.5842076e-08
-2.0904759e-07
2.560625e-08
-2.2077898e-07
-2.5263534e-07
4.7967822e-07
-1.4725382e-07
4.6460812e-07
-1.4763535e-07
4.4937282e-07
-1.4817897e-07
4.3406456e-07
-1.4878145e-07
4.1872698e-07
-1.4938147e-07
4.033369e-07
-1.5000684e-07
3.8789116e-07
-1.5066544e-07
3.7240353e-07
-1.5133993e-07
3.5687935e-07
-1.5202096e-07
3.4131396e-07
-1.5271041e-07
3.2570079e-07
-1.5341193e-07
3.1003587e-07
-1.5412881e-07
2.9431851e-07
-1.5486582e-07
2.7854954e-07
-1.5562963e-07
2.6272866e-07
-1.5642874e-07
2.4685351e-07
-1.5727332e-07
2.3091972e-07
-1.5817587e-07
2.1492102e-07
-1.5915259e-07
1.9884898e-07
-1.6022496e-07
1.8269231e-07
-1.6142188e-07
1.6643567e-07
-1.6278291e-07
1.500579e-07
-1.643638e-07
1.3352879e-07
-1.6624605e-07
1.1680381e-07
-1.6855346e-07
9.9819058e-08
-1.7148132e-07
8.2430938e-08
-1.7539758e-07
6.4578829e-08
-1.8069292e-07
4.5375043e-08
-1.898438e-07
2.5205974e-08
-2.0060992e-07
-2.2742937e-07
4.7703458e-07
-1.3220986e-07
4.6202729e-07
-1.3262806e-07
4.4696083e-07
-1.331125e-07
4.318295e-07
-1.3365012e-07
4.1665697e-07
-1.3420894e-07
4.0143492e-07
-1.3478479e-07
3.861499e-07
-1.3538041e-07
3.7080015e-07
-1.3599019e-07
3.553884e-07
-1.366092e-07
3.3991671e-07
-1.3723872e-07
3.2438725e-07
-1.3788246e-07
3.0880234e-07
-1.385439e-07
2.9316324e-07
-1.3922671e-07
2.7746944e-07
-1.3993583e-07
2.6171862e-07
-1.4067793e-07
2.45907e-07
-1.414617e-07
2.3002955e-07
-1.4229842e-07
2.1407984e-07
-1.4320288e-07
1.9804943e-07
-1.4419455e-07
1.8192709e-07
-1.4529954e-07
1.6569766e-07
-1.4655347e-07
1.4934022e-07
-1.4800637e-07
1.3282512e-07
-1.4973096e-07
1.1610907e-07
-1.518374e-07
9.9126095e-08
-1.5449835e-07
8.1754797e-08
-1.5802628e-07
6.3878103e-08
-1.6281623e-07
4.478869e-08
-1.7075439e-07
2.469876e-08
-1.8051999e-07
-2.0273061e-07
4.7471703e-07
-1.1729574e-07
4.5979391e-07
-1.1770494e-07
4.4482701e-07
-1.181456e-07
4.298027e-07
-1.1862582e-07
4.1472427e-07
-1.1913051e-07
3.9958923e-07
-1.1964975e-07
3.8439173e-07
-1.2018291e-07
3.6913112e-07
-1.2072958e-07
3.5381027e-07
-1.2128835e-07
3.384311e-07
-1.2185954e-07
3.2299368e-07
-1.2244504e-07
3.0749702e-07
-1.2304725e-07
2.9193951e-07
-1.236692e-07
2.7631898e-07
-1.243153e-07
2.606327e-07
-1.2499165e-07
2.4487725e-07
-1.2570624e-07
2.2904817e-07
-1.2646935e-07
2.1313954e-07
-1.2729424e-07
1.9714334e-07
-1.2819835e-07
1.810487e-07
-1.2920491e-07
1.6484083e-07
-1.3034561e-07
1.4849931e-07
-1.3166484e-07
1.3199518e-07
-1.3322683e-07
1.1528624e-07
-1.3512847e-07
9.8307926e-08
-1.3752003e-07
8.0950681e-08
-1.4066903e-07
6.3072765e-08
-1.4493831e-07
4.4103329e-08
-1.5178495e-07
2.4110048e-08
-1.605267e-07
-1.7862056e-07
4.7256977e-07
-1.0248145e-07
4.5772683e-07
-1.02862e-07
4.4284159e-07
-1.0326035e-07
4.2790293e-07
-1.0368716e-07
4.1290745e-07
-1.0413503e-07
3.9785349e-07
-1.0459579e-07
3.8273845e-07
-1.0506787e-07
3.6756081e-07
-1.0555194e-07
3.5232038e-07
-1.0604792e-07
3.3701677e-07
-1.0655593e-07
3.216489e-07
-1.0707718e-07
3.0621551e-07
-1.0761385e-07
2.9071527e-07
-1.0816896e-07
2.7514655e-07
-1.0874658e-07
2.5950703e-07
-1.0935214e-07
2.4379346e-07
-1.0999267e-07
2.2800132e-07
-1.1067721e-07
2.1212456e-07
-1.1141748e-07
1.9615508e-07
-1.1222887e-07
1.8008206e-07
-1.1313189e-07
1.6389093e-07
-1.1415448e-07
1.4756172e-07
-1.1533563e-07
1.3106633e-07
-1.1673143e-07
1.1436391e-07
-1.1842605e-07
9.7392622e-08
-1.2054874e-07
8.0050843e-08
-1.2332726e-07
6.2191084e-08
-1.2707855e-07
4.3346467e-08
-1.3294033e-07
2.3468259e-08
-1.406485e-07
-1.551523e-07
4.70623e-07
-8.7749821e-08
4.5585108e-07
-8.8090075e-08
4.4103251e-07
-8.8441783e-08
4.2615934e-07
-8.8813988e-08
4.1122753e-07
-8.9203225e-08
3.9623549e-07
-8.9603746e-08
3.8118153e-07
-9.0013915e-08
3.6606394e-07
-9.0434351e-08
3.5088151e-07
-9.0865493e-08
3.3563327e-07
-9.1307691e-08
3.2031811e-07
-9.1762016e-08
3.0493467e-07
-9.2230412e-08
2.8948132e-07
-9.2715611e-08
2.7395596e-07
-9.3221216e-08
2.5835579e-07
-9.3751975e-08
2.4267718e-07
-9.4314056e-08
2.269154e-07
-9.4915423e-08
2.1106432e-07
-9.5566402e-08
1.9511596e-07
-9.6280505e-08
1.7905975e-07
-9.7075684e-08
1.6288154e-07
-9.7976268e-08
1.4656197e-07
-9.9016064e-08
1.3007395e-07
-1.0024341e-07
1.1337833e-07
-1.0173044e-07
9.641654e-08
-1.0358695e-07
7.9093856e-08
-1.0600457e-07
6.126764e-08
-1.0925233e-07
4.2551378e-08
-1.1422407e-07
2.2805193e-08
-1.2090231e-07
-1.3234711e-07
4.6886907e-07
-7.3077394e-08
4.5415087e-07
-7.337188e-08
4.3938352e-07
-7.3674429e-08
4.2456094e-07
-7.3991406e-08
4.0967919e-07
-7.4321484e-08
3.9473638e-07
-7.4660935e-08
3.7973086e-07
-7.5008388e-08
3.6466079e-07
-7.5364283e-08
3.4952452e-07
-7.5729225e-08
3.343206e-07
-7.610377e-08
3.1904752e-07
-7.6488934e-08
3.0370354e-07
-7.6886436e-08
2.8828665e-07
-7.7298719e-08
2.7279444e-07
-7.7728998e-08
2.5722393e-07
-7.8181466e-08
2.4157141e-07
-7.8661538e-08
2.2583217e-07
-7.9176181e-08
2.1000014e-07
-7.9734378e-08
1.9406747e-07
-8.034783e-08
1.780238e-07
-8.1032018e-08
1.6185536e-07
-8.1807828e-08
1.4554344e-07
-8.2704141e-08
1.2906204e-07
-8.3762012e-08
1.1237391e-07
-8.5042303e-08
9.5423971e-08
-8.6637012e-08
7.8124274e-08
-8.8704874e-08
6.0342337e-08
-9.1470397e-08
4.1754492e-08
-9.5636226e-08
2.2160324e-08
-1.0130814e-07
-1.1018678e-07
4.6733298e-07
-5.8450989e-08
4.5265695e-07
-5.8695852e-08
4.3792905e-07
-5.894653e-08
4.2314462e-07
-5.9206976e-08
4.0830021e-07
-5.9477071e-08
3.9339387e-07
-5.9754597e-08
3.7842398e-07
-6.0038493e-08
3.633887e-07
-6.0329001e-08
3.4828619e-07
-6.0626716e-08
3.331147e-07
-6.0932279e-08
3.1787243e-07
-6.1246666e-08
3.0255741e-07
-6.157142e-08
2.871674e-07
-6.1908708e-08
2.7169979e-07
-6.2261382e-08
2.5615143e-07
-6.2633113e-08
2.405185e-07
-6.3028604e-08
2.2479618e-07
-6.3453868e-08
2.0897842e-07
-6.3916615e-08
1.9305743e-07
-6.442684e-08
1.7702311e-07
-6.4997691e-08
1.6086209e-07
-6.5646807e-08
1.4455638e-07
-6.6398432e-08
1.2808117e-07
-6.7286806e-08
1.1140118e-07
-6.8362316e-08
9.4464851e-08
-6.9700678e-08
7.7190757e-08
-7.143078e-08
5.945797e-08
-7.3737609e-08
4.0990525e-08
-7.7168781e-08
2.158104e-08
-8.1898657e-08
-8.8605743e-08
4.6603924e-07
-4.3855449e-08
4.5139197e-07
-4.4048582e-08
4.366913e-07
-4.424586e-08
4.2193361e-07
-4.4449292e-08
4.0711579e-07
-4.4659245e-08
3.9223572e-07
-4.4874531e-08
3.7729165e-07
-4.5094418e-08
3.6228166e-07
-4.5319013e-08
3.4720375e-07
-4.5548808e-08
3.3205593e-07
-4.5784461e-08
3.1683618e-07
-4.6026908e-08
3.0154229e-07
-4.627753e-08
2.8617182e-07
-4.6538242e-08
2.7072198e-07
-4.6811545e-08
2.551895e-07
-4.7100632e-08
2.3957044e-07
-4.7409546e-08
2.2385998e-07
-4.7743407e-08
2.080521e-07
-4.8108731e-08
1.9213916e-07
-4.8513896e-08
1.7611131e-07
-4.8969847e-08
1.5995566e-07
-4.9491151e-08
1.4365491e-07
-5.0097684e-08
1.2718542e-07
-5.0817315e-08
1.105138e-07
-5.1690699e-08
9.3591717e-08
-5.2778595e-08
7.6343651e-08
-5.4182713e-08
5.8658427e-08
-5.6052386e-08
4.0290512e-08
-5.8800865e-08
2.1052565e-08
-6.266071e-08
-6.7553179e-08
4.6501728e-07
-2.928116e-08
4.5038988e-07
-2.9421187e-08
4.3570777e-07
-2.9563747e-08
4.209681e-07
-2.9709622e-08
4.061681e-07
-2.9859246e-08
3.9130561e-07
-3.0012037e-08
3.7637877e-07
-3.0167576e-08
3.6138558e-07
-3.0325832e-08
3.4632396e-07
-3.0487178e-08
3.3119174e-07
-3.0652249e-08
3.1598676e-07
-3.0821924e-08
3.0070667e-07
-3.0997436e-08
2.8534889e-07
-3.1180464e-08
2.6991052e-07
-3.137318e-08
2.5438821e-07
-3.1578324e-08
2.3877798e-07
-3.1799312e-08
2.2307499e-07
-3.2040419e-08
2.0727328e-07
-3.2307022e-08
1.9136535e-07
-3.2605965e-08
1.753416e-07
-3.2946096e-08
1.5918953e-07
-3.3339082e-08
1.4289253e-07
-3.3800683e-08
1.26428e-07
-3.4352785e-08
1.0976426e-07
-3.5026952e-08
9.2855672e-08
-3.5870011e-08
7.5631627e-08
-3.6958669e-08
5.7987446e-08
-3.8408204e-08
3.9695234e-08
-4.0508652e-08
2.0549786e-08
-4.3515262e-08
-4.7003393e-08
4.6429932e-07
-1.4718735e-08
4.4968254e-07
-1.4804399e-08
4.3501027e-07
-1.4891484e-08
4.2028045e-07
-1.4979798e-08
4.0549054e-07
-1.5069334e-08
3.9063828e-07
-1.5159775e-08
3.7572149e-07
-1.525079e-08
3.6073801e-07
-1.5342354e-08
3.4568569e-07
-1.5434854e-08
3.3056233e-07
-1.5528888e-08
3.1536565e-07
-1.562525e-08
3.0009324e-07
-1.5725027e-08
2.8474245e-07
-1.5829671e-08
2.6931031e-07
-1.5941035e-08
2.537934e-07
-1.6061415e-08
2.3818771e-07
-1.6193626e-08
2.2248842e-07
-1.6341131e-08
2.0668962e-07
-1.650822e-08
1.9078394e-07
-1.6700285e-08
1.7476201e-07
-1.692417e-08
1.5861172e-07
-1.7188787e-08
1.4231703e-07
-1.750599e-08
1.2585623e-07
-1.7891986e-08
1.09199e-07
-1.8369725e-08
9.2301763e-08
-1.8972775e-08
7.5097446e-08
-1.9754351e-08
5.74849e-08
-2.0795658e-08
3.9255594e-08
-2.2279346e-08
2.0145063e-08
-2.4404732e-08
-2.6858329e-08
4.6391096e-07
-1.613931e-10
4.492994e-07
-1.9284436e-10
4.3463119e-07
-2.2327373e-10
4.199047e-07
-2.5330918e-10
4.0511828e-07
-2.8290933e-10
3.9026914e-07
-3.1063692e-10
3.7535512e-07
-3.3677288e-10
3.6037424e-07
-3.6146917e-10
3.4532437e-07
-3.8498457e-10
3.3020327e-07
-4.0779412e-10
3.1500864e-07
-4.3061746e-10
2.9973803e-07
-4.5441723e-10
2.8438876e-07
-4.8040167e-10
2.6895782e-07
-5.1009297e-10
2.5344174e-07
-5.4533703e-10
2.3783649e-07
-5.8837246e-10
2.2213725e-07
-6.4188896e-10
2.0633815e-07
-7.0912332e-10
1.9043197e-07
-7.9410543e-10
1.7440954e-07
-9.017355e-10
1.5825904e-07
-1.0382929e-09
1.4196492e-07
-1.211866e-09
1.2550612e-07
-1.4331851e-09
1.0885329e-07
-1.7168922e-09
9.1964126e-08
-2.0836152e-09
7.4773532e-08
-2.5637572e-09
5.7180698e-08
-3.2028234e-09
3.8985303e-08
-4.0839517e-09
1.9892062e-08
-5.3114903e-09
-6.9662672e-09
4.6386546e-07
1.4398226e-08
4.49251e-07
1.4421614e-08
4.3458073e-07
1.4447e-08
4.198523e-07
1.4475125e-08
4.0506283e-07
1.4506554e-08
3.9021065e-07
1.4541544e-08
3.7529364e-07
1.4580237e-08
3.6030967e-07
1.4622503e-08
3.452566e-07
1.466809e-08
3.3013222e-07
1.4716581e-08
3.1493426e-07
1.4767346e-08
2.9966027e-07
1.4819573e-08
2.8430758e-07
1.4872285e-08
2.6887317e-07
1.4924312e-08
2.5335359e-07
1.4974251e-08
2.3774477e-07
1.5020442e-08
2.2204194e-07
1.5060948e-08
2.062393e-07
1.5093517e-08
1.9032967e-07
1.511552e-08
1.7430405e-07
1.5123887e-08
1.581508e-07
1.5114956e-08
1.4185462e-07
1.5084314e-08
1.2539484e-07
1.5026598e-08
1.0874261e-07
1.4935333e-08
9.1856335e-08
1.4802662e-08
7.4671817e-08
1.4620761e-08
5.7088686e-08
1.4380308e-08
3.8907961e-08
1.4096773e-08
1.9822093e-08
1.3774378e-08
1.2855825e-08
4.6416719e-07
2.8966701e-08
4.4954372e-07
2.9045077e-08
4.3486378e-07
2.9126941e-08
4.2012546e-07
2.9213449e-08
4.0532646e-07
2.9305554e-08
3.9046469e-07
2.9403317e-08
3.7553823e-07
2.950669e-08
3.605451e-07
2.961564e-08
3.4548315e-07
2.9730039e-08
3.3035017e-07
2.9849559e-08
3.1514385e-07
2.9973668e-08
2.9986172e-07
3.0101705e-08
2.8450109e-07
3.0232911e-08
2.6905897e-07
3.0366432e-08
2.5353192e-07
3.0501295e-08
2.3791595e-07
3.063642e-08
2.2220627e-07
3.0770627e-08
2.0639711e-07
3.0902679e-08
1.9048132e-07
3.103131e-08
1.7444991e-07
3.1155297e-08
1.582913e-07
3.1273558e-08
1.4199025e-07
3.1385366e-08
1.2552612e-07
3.1490725e-08
1.0887011e-07
3.159135e-08
9.1980657e-08
3.1692112e-08
7.4793513e-08
3.1807905e-08
5.7209968e-08
3.1963852e-08
3.9028438e-08
3.2278304e-08
1.9961142e-08
3.2841675e-08
3.2816967e-08
4.6480605e-07
4.3550885e-08
4.5016722e-07
4.3683906e-08
4.3547225e-07
4.3821914e-08
4.2071877e-07
4.3966922e-08
4.0590433e-07
4.4119997e-08
3.9102686e-07
4.4280792e-08
3.7608459e-07
4.4448954e-08
3.6107572e-07
4.4624507e-08
3.4599828e-07
4.4807484e-08
3.3085016e-07
4.4997674e-08
3.1562916e-07
4.5194669e-08
3.0033288e-07
4.5397985e-08
2.8495869e-07
4.5607101e-08
2.6950365e-07
4.5821479e-08
2.5396437e-07
4.6040575e-08
2.383369e-07
4.6263891e-08
2.2261649e-07
4.6491029e-08
2.0679739e-07
4.6721785e-08
1.9087242e-07
4.6956276e-08
1.7483257e-07
4.7195152e-08
1.5866618e-07
4.7439947e-08
1.4235788e-07
4.769366e-08
1.2588685e-07
4.7961757e-08
1.0922386e-07
4.8254339e-08
9.2326696e-08
4.8589279e-08
7.512953e-08
4.9005071e-08
5.7532895e-08
4.9560487e-08
3.9323089e-08
5.048811e-08
2.0245609e-08
5.1919155e-08
5.3062576e-08
4.657615e-07
5.8159654e-08
4.5109889e-07
5.8346519e-08
4.3638091e-07
5.8539888e-08
4.2160458e-07
5.8743258e-08
4.0676722e-07
5.8957361e-08
3.9186693e-07
5.9181076e-08
3.7690207e-07
5.9413814e-08
3.6187086e-07
5.9655716e-08
3.4677141e-07
5.9906936e-08
3.3160177e-07
6.0167309e-08
3.1635991e-07
6.0436536e-08
3.0104356e-07
6.0714329e-08
2.8565022e-07
6.1000443e-08
2.7017702e-07
6.1294677e-08
2.5462066e-07
6.1596935e-08
2.3897724e-07
6.1907318e-08
2.2324204e-07
6.2226225e-08
2.0740932e-07
6.2554507e-08
1.914719e-07
6.2893698e-08
1.7542068e-07
6.3246373e-08
1.5924389e-07
6.3616738e-08
1.4292593e-07
6.4011618e-08
1.2644557e-07
6.4442117e-08
1.0977285e-07
6.4927057e-08
9.286424e-08
6.5497889e-08
7.5651028e-08
6.6218283e-08
5.8030371e-08
6.7181144e-08
3.9767946e-08
6.8750535e-08
2.0661299e-08
7.1025802e-08
7.3723874e-08
4.6700412e-07
7.2802041e-08
4.5230942e-07
7.3041218e-08
4.3756042e-07
7.3288897e-08
4.2275314e-07
7.3550529e-08
4.0788467e-07
7.3825832e-08
3.9295333e-07
7.4112418e-08
3.7795768e-07
7.4409462e-08
3.6289607e-07
7.4717331e-08
3.4776675e-07
7.5036248e-08
3.3256802e-07
7.5366042e-08
3.1729804e-07
7.5706521e-08
3.0195474e-07
7.6057626e-08
2.8653577e-07
7.641941e-08
2.7103841e-07
7.6792041e-08
2.5545944e-07
7.7175902e-08
2.3979504e-07
7.7571724e-08
2.2404052e-07
7.798074e-08
2.0819014e-07
7.840489e-08
1.9223667e-07
7.8847164e-08
1.7617093e-07
7.9312119e-08
1.5998095e-07
7.9806712e-08
1.4365085e-07
8.0341722e-08
1.2715885e-07
8.0934115e-08
1.1047404e-07
8.161187e-08
9.3551075e-08
8.2420849e-08
7.6317431e-08
8.3451927e-08
5.86646e-08
8.4833976e-08
4.033749e-08
8.7077644e-08
2.1138085e-08
9.0225207e-08
9.4861959e-08
4.6850535e-07
8.7492461e-08
4.5376593e-07
8.778064e-08
4.3897446e-07
8.8080368e-08
4.2412561e-07
8.8399379e-08
4.09216e-07
8.8735441e-08
3.9424407e-07
8.9084349e-08
3.7920844e-07
8.9445087e-08
3.6410752e-07
8.9818257e-08
3.4893976e-07
9.0204004e-08
3.3370374e-07
9.0602059e-08
3.1839789e-07
9.101237e-08
3.0302035e-07
9.1435169e-08
2.8756891e-07
9.1870846e-08
2.7204099e-07
9.231996e-08
2.5643348e-07
9.2783417e-08
2.4074259e-07
9.326261e-08
2.2496372e-07
9.3759616e-08
2.0909111e-07
9.42775e-08
1.9311752e-07
9.482075e-08
1.7703367e-07
9.539597e-08
1.6082742e-07
9.6012966e-08
1.4448252e-07
9.6686615e-08
1.2797664e-07
9.744e-08
1.1127777e-07
9.8310743e-08
9.4338496e-08
9.936012e-08
7.7081891e-08
1.0070853e-07
5.9391851e-08
1.0252402e-07
4.0977996e-08
1.054915e-07
2.1635968e-08
1.0956724e-07
1.1649793e-07
4.7024075e-07
1.0224323e-07
4.5544588e-07
1.0257551e-07
4.4060103e-07
1.0292522e-07
4.2569898e-07
1.0330143e-07
4.1073629e-07
1.0369813e-07
3.9571178e-07
1.0410886e-07
3.8062412e-07
1.0453274e-07
3.6547187e-07
1.0497051e-07
3.5025396e-07
1.0542192e-07
3.3496943e-07
1.0588658e-07
3.196171e-07
1.063647e-07
3.0419543e-07
1.0685685e-07
2.8870253e-07
1.0736374e-07
2.7313605e-07
1.0788644e-07
2.5749296e-07
1.0842652e-07
2.4176944e-07
1.0898613e-07
2.259608e-07
1.0956826e-07
2.1006117e-07
1.1017712e-07
1.9406322e-07
1.1081871e-07
1.7795749e-07
1.1150169e-07
1.6173167e-07
1.1223879e-07
1.4536921e-07
1.1304908e-07
1.2884718e-07
1.1396202e-07
1.1213258e-07
1.1502534e-07
9.5175869e-08
1.1631683e-07
7.7895443e-08
1.1798896e-07
6.0168036e-08
1.2025142e-07
4.165193e-08
1.240076e-07
2.2188905e-08
1.2903026e-07
1.3868683e-07
4.7218277e-07
1.1707674e-07
4.5731626e-07
1.1744203e-07
4.4240363e-07
1.1783784e-07
4.2743452e-07
1.1827054e-07
4.1240613e-07
1.1872652e-07
3.9731729e-07
1.191977e-07
3.8216585e-07
1.1968419e-07
3.6695062e-07
1.2018574e-07
3.5167157e-07
1.2070097e-07
3.3632833e-07
1.2122982e-07
3.2091971e-07
1.2177332e-07
3.054442e-07
1.2233235e-07
2.8990016e-07
1.2290778e-07
2.742856e-07
1.2350101e-07
2.5859784e-07
1.2411427e-07
2.4283336e-07
1.2475061e-07
2.2698754e-07
1.2541408e-07
2.110545e-07
1.2611016e-07
1.9502671e-07
1.268465e-07
1.788945e-07
1.276339e-07
1.6264524e-07
1.2848804e-07
1.4626202e-07
1.294323e-07
1.2972138e-07
1.3050266e-07
1.1298942e-07
1.3175731e-07
9.6014662e-08
1.3329159e-07
7.8710665e-08
1.3529295e-07
6.0951241e-08
1.3801085e-07
4.232727e-08
1.4263158e-07
2.2763614e-08
1.4859391e-07
1.6145045e-07
4.7433734e-07
1.3200916e-07
4.5939094e-07
1.3238842e-07
4.4439652e-07
1.3283227e-07
4.2934112e-07
1.3332594e-07
4.1422864e-07
1.33839e-07
3.9905719e-07
1.3436915e-07
3.8382145e-07
1.3491993e-07
3.6852118e-07
1.3548601e-07
3.5315944e-07
1.3606271e-07
3.3773817e-07
1.3665109e-07
3.2225731e-07
1.3725418e-07
3.0671557e-07
1.3787409e-07
2.9111093e-07
1.3851242e-07
2.7544072e-07
1.3917122e-07
2.5970172e-07
1.3985326e-07
2.438901e-07
1.4056223e-07
2.2800116e-07
1.4130302e-07
2.1202897e-07
1.4208235e-07
1.95966e-07
1.4290948e-07
1.7980245e-07
1.4379745e-07
1.6352549e-07
1.44765e-07
1.4711792e-07
1.4583987e-07
1.3055584e-07
1.4706474e-07
1.1380465e-07
1.4850849e-07
9.6811457e-08
1.5028479e-07
7.9484125e-08
1.5262029e-07
6.1702532e-08
1.5579244e-07
4.297049e-08
1.6136362e-07
2.3318585e-08
1.6824582e-07
1.8476903e-07
4.7666976e-07
1.47069e-07
4.6164091e-07
1.4741728e-07
4.4654809e-07
1.4792508e-07
4.3138631e-07
1.4848772e-07
4.1617976e-07
1.4904554e-07
4.0092069e-07
1.4962821e-07
3.8559649e-07
1.5024413e-07
3.7020596e-07
1.5087654e-07
3.5475202e-07
1.5151664e-07
3.3923674e-07
1.5216637e-07
3.2366214e-07
1.5282879e-07
3.0803018e-07
1.5350604e-07
2.9234161e-07
1.54201e-07
2.7659529e-07
1.5491753e-07
2.6078828e-07
1.5566028e-07
2.4491617e-07
1.5643434e-07
2.2897349e-07
1.572457e-07
2.1295365e-07
1.5810218e-07
1.9684851e-07
1.5901462e-07
1.8064777e-07
1.5999819e-07
1.6433815e-07
1.6107461e-07
1.4790205e-07
1.6227598e-07
1.313151e-07
1.6365169e-07
1.1454223e-07
1.6528136e-07
9.7530229e-08
1.6729679e-07
8.0178155e-08
1.6997236e-07
6.2387723e-08
1.7358287e-07
4.3549413e-08
1.8020193e-07
2.3820629e-08
1.879746e-07
2.0858966e-07
4.7933269e-07
1.622027e-07
4.6424359e-07
1.6250637e-07
4.4898368e-07
1.63185e-07
4.3364736e-07
1.6382403e-07
4.182772e-07
1.6441571e-07
4.0285037e-07
1.6505504e-07
3.8736521e-07
1.6572928e-07
3.7183634e-07
1.6640541e-07
3.5626941e-07
1.6708358e-07
3.4065978e-07
1.6777599e-07
3.2500075e-07
1.6848781e-07
3.0928789e-07
1.6921891e-07
2.9351985e-07
1.6996904e-07
2.7769669e-07
1.7074068e-07
2.6181732e-07
1.7153965e-07
2.4587855e-07
1.7237311e-07
2.2987533e-07
1.7324892e-07
2.1380098e-07
1.7417654e-07
1.9764711e-07
1.7516848e-07
1.8140319e-07
1.7624211e-07
1.6505561e-07
1.774222e-07
1.485864e-07
1.7874518e-07
1.3197083e-07
1.8026726e-07
1.1517307e-07
1.8207912e-07
9.8142552e-08
1.843273e-07
8.0761149e-08
1.8735376e-07
6.297854e-08
1.9136548e-07
4.4036956e-08
1.9914351e-07
2.4242443e-08
2.0776912e-07
2.328321e-07
4.8193744e-07
1.7665492e-07
4.6720964e-07
1.7723417e-07
4.5180179e-07
1.7859285e-07
4.3643992e-07
1.791859e-07
4.2100087e-07
1.7985476e-07
4.0542911e-07
1.806268e-07
3.8973481e-07
1.8142359e-07
3.7395988e-07
1.8218034e-07
3.5814577e-07
1.8289768e-07
3.4231749e-07
1.8360427e-07
3.2647851e-07
1.843268e-07
3.1061695e-07
1.8508047e-07
2.9472184e-07
1.8586415e-07
2.7878675e-07
1.8667577e-07
2.6280769e-07
1.875187e-07
2.467809e-07
1.8839991e-07
2.3070104e-07
1.8932879e-07
2.1456043e-07
1.9031715e-07
1.9834912e-07
1.9137979e-07
1.8205505e-07
1.9253619e-07
1.6566348e-07
1.9381377e-07
1.4915572e-07
1.9525294e-07
1.3250694e-07
1.9691604e-07
1.1567894e-07
1.9890713e-07
9.8631189e-08
2.0137505e-07
8.1210079e-08
2.0477487e-07
6.345449e-08
2.0912107e-07
4.4412964e-08
2.1818504e-07
2.4559786e-08
2.276223e-07
2.5739189e-07
4.8153934e-07
1.8701653e-07
4.6852859e-07
1.9024492e-07
4.5371858e-07
1.9340286e-07
4.3836853e-07
1.9453595e-07
4.2288753e-07
1.9533575e-07
4.0727846e-07
1.9623588e-07
3.9154658e-07
1.9715546e-07
3.7568704e-07
1.9803989e-07
3.5972777e-07
1.9885695e-07
3.4373194e-07
1.996001e-07
3.2774739e-07
2.0031135e-07
3.1176758e-07
2.0106027e-07
2.9577742e-07
2.0185431e-07
2.7975876e-07
2.0269443e-07
2.6369795e-07
2.0357952e-07
2.4758831e-07
2.0450955e-07
2.3142698e-07
2.0549012e-07
2.1521043e-07
2.065337e-07
1.9893162e-07
2.076586e-07
1.8257915e-07
2.0888865e-07
1.6613751e-07
2.102554e-07
1.4958629e-07
2.1180416e-07
1.3290166e-07
2.1360067e-07
1.1603686e-07
2.1577193e-07
9.8978376e-08
2.1843353e-07
8.1501582e-08
2.2225167e-07
6.3796474e-08
2.2682618e-07
4.4660252e-08
2.3732126e-07
2.4749774e-08
2.4753277e-07
2.8214166e-07
4.6623864e-07
1.764474e-07
4.635602e-07
1.9292336e-07
4.5391189e-07
2.0305117e-07
4.4087151e-07
2.0757634e-07
4.2630426e-07
2.09903e-07
4.1090825e-07
2.1163189e-07
3.950888e-07
2.1297492e-07
3.790243e-07
2.1410439e-07
3.627522e-07
2.1512905e-07
3.4627239e-07
2.1607991e-07
3.2975378e-07
2.1682996e-07
3.1331724e-07
2.1749681e-07
2.9698781e-07
2.1818374e-07
2.8073871e-07
2.1894354e-07
2.6452668e-07
2.1979154e-07
2.4831175e-07
2.2072448e-07
2.3206592e-07
2.2173595e-07
2.157729e-07
2.2282671e-07
1.9942247e-07
2.2400903e-07
1.8300412e-07
2.25307e-07
1.665042e-07
2.2675532e-07
1.4990007e-07
2.2840829e-07
1.3317514e-07
2.303256e-07
1.1625799e-07
2.3268907e-07
9.9197574e-08
2.3549395e-07
8.1636959e-08
2.3981228e-07
6.400371e-08
2.4445943e-07
4.4776199e-08
2.5654877e-07
2.4788467e-08
2.6752051e-07
3.0693013e-07
3.3921036e-07
1.039194e-07
3.8240271e-07
1.4973102e-07
4.0558121e-07
1.7987266e-07
4.1331727e-07
1.9984028e-07
4.112027e-07
2.1201756e-07
4.0318668e-07
2.1964791e-07
3.9159377e-07
2.2456782e-07
3.7792147e-07
2.2777669e-07
3.6308348e-07
2.2996704e-07
3.4748006e-07
2.3168332e-07
3.3133371e-07
2.3297631e-07
3.148964e-07
2.3393412e-07
2.9836886e-07
2.3471127e-07
2.8186255e-07
2.3544985e-07
2.6541285e-07
2.3624124e-07
2.4900902e-07
2.3712831e-07
2.3262183e-07
2.3812314e-07
2.1622148e-07
2.3922706e-07
1.99785e-07
2.4044552e-07
1.8329363e-07
2.4179837e-07
1.6673337e-07
2.4331558e-07
1.5007317e-07
2.4506849e-07
1.3331732e-07
2.4708145e-07
1.1634028e-07
2.4966611e-07
9.9306491e-08
2.5252774e-07
8.1648893e-08
2.5746988e-07
6.4119184e-08
2.6198914e-07
4.4827901e-08
2.7584005e-07
2.4677223e-08
2.8767118e-07
3.3160735e-07
3.3286706e-07
-1.2597038e-09
3.3248429e-07
3.8276334e-10
3.3073944e-07
1.7448489e-09
3.2756528e-07
3.1741644e-09
3.2298831e-07
4.5769682e-09
3.170564e-07
5.9319066e-09
3.0982963e-07
7.2267752e-09
3.0137656e-07
8.4530667e-09
2.917645e-07
9.6120601e-09
2.8103057e-07
1.0733931e-08
2.692011e-07
1.1829466e-08
2.5630463e-07
1.2896476e-08
2.423518e-07
1.3952824e-08
2.2732717e-07
1.502463e-08
2.1121673e-07
1.6110445e-08
1.940347e-07
1.7182029e-08
1.7592213e-07
1.8112563e-08
1.5713479e-07
1.8787344e-08
1.380723e-07
1.9062487e-08
1.1909427e-07
1.8978033e-08
1.0059521e-07
1.8499063e-08
8.3013722e-08
1.7581484e-08
6.6837793e-08
1.617593e-08
5.2393217e-08
1.4444576e-08
3.9576662e-08
1.2816555e-08
2.828611e-08
1.1290553e-08
1.839997e-08
9.8861417e-09
9.821271e-09
8.5786995e-09
2.4865075e-09
7.3347649e-09
6.0455847e-09
-3.5590756e-09
2.8974683e-07
-3.3353542e-09
2.9171819e-07
-1.5885932e-09
2.9339439e-07
6.8650438e-11
2.9442523e-07
2.143322e-09
2.9499494e-07
4.0072618e-09
2.9513427e-07
5.7925779e-09
2.9484854e-07
7.5125035e-09
2.9417479e-07
9.1268106e-09
2.9317145e-07
1.0615408e-08
2.9188568e-07
1.2019693e-08
2.9032962e-07
1.3385532e-08
2.885187e-07
1.4707391e-08
2.8644536e-07
1.6026165e-08
2.8410805e-07
1.7361944e-08
2.8151175e-07
1.8706744e-08
2.7861165e-07
2.0082122e-08
2.7525799e-07
2.1466229e-08
2.7110796e-07
2.2937374e-08
2.6582276e-07
2.4347686e-08
2.5914587e-07
2.5654923e-08
2.5084853e-07
2.6796401e-08
2.4070216e-07
2.7727855e-08
2.2849179e-07
2.8386296e-08
2.1419964e-07
2.8736728e-08
1.9832017e-07
2.8696025e-08
1.8140342e-07
2.820731e-08
1.6389587e-07
2.7393693e-08
1.4620125e-07
2.6273314e-08
1.2864291e-07
2.4893113e-08
2.3146408e-08
1.1154209e-07
2.7747906e-07
-4.9743611e-09
2.7876981e-07
-2.8793475e-09
2.794814e-07
-6.4293157e-10
2.8019328e-07
1.4314341e-09
2.8071985e-07
3.4806992e-09
2.8100949e-07
5.5029364e-09
2.810409e-07
7.4810886e-09
2.8080038e-07
9.3673259e-09
2.8029815e-07
1.1117642e-08
2.7959614e-07
1.2721706e-08
2.7873716e-07
1.4244513e-08
2.7774417e-07
1.5700381e-08
2.7666137e-07
1.7108957e-08
2.7553493e-07
1.8488389e-08
2.7439392e-07
1.9847754e-08
2.7328845e-07
2.118759e-08
2.7226855e-07
2.2486125e-08
2.7144717e-07
2.3758763e-08
2.7078136e-07
2.5013494e-08
2.7020293e-07
2.6233353e-08
2.695535e-07
2.7445827e-08
2.6862308e-07
2.8658279e-08
2.6714823e-07
2.9861141e-08
2.647836e-07
3.1101361e-08
2.6110542e-07
3.2374209e-08
2.5574258e-07
3.3570152e-08
2.4853594e-07
3.460033e-08
2.3943327e-07
3.5375986e-08
2.2845419e-07
3.5872195e-08
3.5865996e-08
2.1573461e-07
2.6280595e-07
-5.791174e-09
2.6363916e-07
-3.7125584e-09
2.6458639e-07
-1.5901606e-09
2.6550861e-07
5.0920973e-10
2.6625427e-07
2.7350411e-09
2.6689717e-07
4.8600347e-09
2.6745791e-07
6.9203465e-09
2.6792683e-07
8.8984133e-09
2.6826493e-07
1.0779536e-08
2.6843355e-07
1.255309e-08
2.6846777e-07
1.4210285e-08
2.6841381e-07
1.5754351e-08
2.6832319e-07
1.7199577e-08
2.6824755e-07
1.8564022e-08
2.6823187e-07
1.9863434e-08
2.6830949e-07
2.1109967e-08
2.6847991e-07
2.231571e-08
2.6874807e-07
2.3490603e-08
2.6911157e-07
2.4649997e-08
2.6953762e-07
2.5807296e-08
2.7001801e-07
2.6965443e-08
2.7054895e-07
2.8127341e-08
2.7111884e-07
2.9291249e-08
2.717646e-07
3.0455599e-08
2.7251221e-07
3.1626598e-08
2.7324955e-07
3.2832818e-08
2.7376385e-07
3.4086032e-08
2.7376968e-07
3.5370151e-08
2.7291245e-07
3.672943e-08
3.7737047e-08
2.710414e-07
2.5830109e-07
-6.6223835e-09
2.5908768e-07
-4.4991498e-09
2.5976771e-07
-2.2701918e-09
2.6021615e-07
6.0765374e-11
2.6072513e-07
2.2260702e-09
2.6115583e-07
4.4293294e-09
2.6150934e-07
6.5668416e-09
2.6178874e-07
8.6190115e-09
2.6200218e-07
1.0566098e-08
2.6216551e-07
1.2389754e-08
2.6229564e-07
1.408016e-08
2.6241184e-07
1.5638146e-08
2.6254023e-07
1.7071185e-08
2.6271287e-07
1.8391387e-08
2.6296261e-07
1.961369e-08
2.6331821e-07
2.0754365e-08
2.6380332e-07
2.1830602e-08
2.6443555e-07
2.2858373e-08
2.6523299e-07
2.3852557e-08
2.6621373e-07
2.4826549e-08
2.6738774e-07
2.5791437e-08
2.6875886e-07
2.6756222e-08
2.7032505e-07
2.7725063e-08
2.7208106e-07
2.869958e-08
2.7402415e-07
2.9683513e-08
2.7618626e-07
3.0670707e-08
2.7863063e-07
3.1641661e-08
2.81453e-07
3.2547781e-08
2.8473606e-07
3.3446368e-08
3.3879798e-08
2.8859331e-07
2.5292707e-07
-7.0217096e-09
2.5338328e-07
-4.9553581e-09
2.5390147e-07
-2.7883847e-09
2.5455878e-07
-5.9654658e-10
2.5514928e-07
1.6355683e-09
2.5573628e-07
3.8423305e-09
2.5630104e-07
6.0020876e-09
2.5683331e-07
8.0867391e-09
2.5732944e-07
1.0069968e-08
2.5778877e-07
1.1930425e-08
2.582165e-07
1.3652422e-08
2.5862704e-07
1.5227608e-08
2.5904265e-07
1.665558e-08
2.594909e-07
1.7943138e-08
2.60002e-07
1.9102582e-08
2.6060668e-07
2.0149686e-08
2.6133532e-07
2.1101968e-08
2.6221643e-07
2.1977263e-08
2.6327645e-07
2.2792536e-08
2.6453995e-07
2.356305e-08
2.6602989e-07
2.430149e-08
2.6776988e-07
2.5016235e-08
2.6978454e-07
2.5710398e-08
2.7210226e-07
2.6381864e-08
2.7476276e-07
2.7023016e-08
2.7781347e-07
2.7619992e-08
2.8129379e-07
2.8161337e-08
2.8522719e-07
2.8614384e-08
2.896031e-07
2.9070464e-08
2.893121e-08
2.9455168e-07
2.5010034e-07
-7.4559352e-09
2.505732e-07
-5.4282243e-09
2.5106851e-07
-3.2836901e-09
2.5155658e-07
-1.0846201e-09
2.5206095e-07
1.1311945e-09
2.5257305e-07
3.3302333e-09
2.5308979e-07
5.4853443e-09
2.5360866e-07
7.5678697e-09
2.5412845e-07
9.5501758e-09
2.5465173e-07
1.1407153e-08
2.5518526e-07
1.3118886e-08
2.5574046e-07
1.4672412e-08
2.5633339e-07
1.6062651e-08
2.5698431e-07
1.7292215e-08
2.5771668e-07
1.837021e-08
2.5855593e-07
1.9310439e-08
2.5952842e-07
2.0129472e-08
2.6066087e-07
2.0844818e-08
2.6198021e-07
2.1473187e-08
2.6351437e-07
2.2028897e-08
2.6529346e-07
2.2522396e-08
2.6735064e-07
2.2959054e-08
2.6972233e-07
2.3338706e-08
2.7244841e-07
2.3655785e-08
2.755714e-07
2.3900024e-08
2.7913432e-07
2.4057076e-08
2.8318196e-07
2.411369e-08
2.8776487e-07
2.403148e-08
2.9294316e-07
2.3892168e-08
2.2992136e-08
2.9888224e-07
2.4737925e-07
-7.7537372e-09
2.4773806e-07
-5.7870324e-09
2.481543e-07
-3.6999345e-09
2.4862528e-07
-1.5555985e-09
2.4914548e-07
6.1099533e-10
2.4969873e-07
2.7769787e-09
2.502786e-07
4.9054702e-09
2.5087886e-07
6.9676094e-09
2.5149687e-07
8.9321658e-09
2.5213371e-07
1.0770319e-08
2.5279469e-07
1.2457906e-08
2.534898e-07
1.3977297e-08
2.5423379e-07
1.531866e-08
2.550457e-07
1.6480304e-08
2.5594802e-07
1.7467887e-08
2.5696565e-07
1.829281e-08
2.5812501e-07
1.897011e-08
2.5945361e-07
1.9516224e-08
2.6097999e-07
1.9946802e-08
2.6273411e-07
2.0274775e-08
2.6474774e-07
2.0508765e-08
2.6705466e-07
2.0652132e-08
2.6969074e-07
2.0702633e-08
2.7269368e-07
2.0652845e-08
2.7610287e-07
2.0490826e-08
2.7995877e-07
2.0201184e-08
2.8430508e-07
1.9767371e-08
2.8918059e-07
1.9155978e-08
2.9463458e-07
1.843817e-08
1.6937223e-08
3.0068949e-07
2.4536909e-07
-8.0543406e-09
2.4572803e-07
-6.1459737e-09
2.4613888e-07
-4.1107777e-09
2.465976e-07
-2.0143262e-09
2.4709768e-07
1.1092364e-10
2.4764029e-07
2.2343668e-09
2.4821951e-07
4.3262429e-09
2.4883367e-07
6.3534532e-09
2.4948238e-07
8.2834553e-09
2.5016755e-07
1.0085149e-08
2.5089426e-07
1.1731197e-08
2.5167136e-07
1.3200195e-08
2.5251176e-07
1.4478261e-08
2.5343231e-07
1.5559752e-08
2.5445333e-07
1.644687e-08
2.5559788e-07
1.7148259e-08
2.5689109e-07
1.7676901e-08
2.5835961e-07
1.8047703e-08
2.6003131e-07
1.8275103e-08
2.6193511e-07
1.8370974e-08
2.641008e-07
1.8343073e-08
2.6655873e-07
1.8194202e-08
2.6933926e-07
1.7922102e-08
2.7247186e-07
1.7520248e-08
2.7598393e-07
1.6978749e-08
2.7989802e-07
1.6287092e-08
2.8423131e-07
1.5434089e-08
2.8897901e-07
1.4408275e-08
2.941532e-07
1.3263978e-08
1.1472976e-08
2.9961744e-07
2.4359717e-07
-8.3359311e-09
2.439391e-07
-6.4879047e-09
2.4433665e-07
-4.5083313e-09
2.4478926e-07
-2.4669371e-09
2.452969e-07
-3.9671558e-10
2.4585477e-07
1.6764989e-09
2.4645974e-07
3.7212764e-09
2.4710886e-07
5.7043314e-09
2.478014e-07
7.5909089e-09
2.4853913e-07
9.3474203e-09
2.4932677e-07
1.0943562e-08
2.5017252e-07
1.235444e-08
2.5108835e-07
1.3562434e-08
2.5208986e-07
1.4558237e-08
2.5319594e-07
1.5340794e-08
2.5442809e-07
1.5916108e-08
2.5580978e-07
1.6295208e-08
2.5736578e-07
1.6491708e-08
2.5912154e-07
1.651934e-08
2.6110267e-07
1.638985e-08
2.6333416e-07
1.6111579e-08
2.6583949e-07
1.5688873e-08
2.6863919e-07
1.5122403e-08
2.7174893e-07
1.4410508e-08
2.7517704e-07
1.3550637e-08
2.7892051e-07
1.254362e-08
2.8296369e-07
1.1390906e-08
2.8726211e-07
1.0109852e-08
2.9179188e-07
8.7342142e-09
6.9463765e-09
2.9631847e-07
2.4209617e-07
-8.633732e-09
2.4245274e-07
-6.8444746e-09
2.4286296e-07
-4.91855e-09
2.4332794e-07
-2.9319247e-09
2.438469e-07
-9.1566665e-10
2.4441841e-07
1.1049865e-09
2.4504011e-07
3.099578e-09
2.4571101e-07
5.0334297e-09
2.4643155e-07
6.8703697e-09
2.4720401e-07
8.5749511e-09
2.4803311e-07
1.0114461e-08
2.4892646e-07
1.1461098e-08
2.4989486e-07
1.2594025e-08
2.5095238e-07
1.3500723e-08
2.5211595e-07
1.4177224e-08
2.5340485e-07
1.4627206e-08
2.5483995e-07
1.4860112e-08
2.5644286e-07
1.4888796e-08
2.5823508e-07
1.4727115e-08
2.6023698e-07
1.4387959e-08
2.6246652e-07
1.388204e-08
2.6493772e-07
1.3217673e-08
2.6765858e-07
1.2401539e-08
2.7062854e-07
1.1440549e-08
2.7383554e-07
1.0343631e-08
2.7725242e-07
9.1267396e-09
2.8083603e-07
7.8072944e-09
2.845149e-07
6.4309798e-09
2.8823799e-07
5.0111244e-09
3.4496439e-09
2.9173472e-07
2.4076762e-07
-8.9558326e-09
2.4114607e-07
-7.222929e-09
2.4157582e-07
-5.3482978e-09
2.4205938e-07
-3.4154862e-09
2.4259792e-07
-1.4542036e-09
2.4319053e-07
5.1236797e-10
2.4383551e-07
2.454599e-09
2.4453242e-07
4.3365246e-09
2.4528206e-07
6.1207266e-09
2.460869e-07
7.7701057e-09
2.469515e-07
9.2498656e-09
2.4788291e-07
1.0529683e-08
2.4889101e-07
1.1585931e-08
2.4998841e-07
1.2403318e-08
2.511902e-07
1.2975437e-08
2.5251326e-07
1.330415e-08
2.5397545e-07
1.3397918e-08
2.5559462e-07
1.3269625e-08
2.5738742e-07
1.2934314e-08
2.5936794e-07
1.2407448e-08
2.6154601e-07
1.1703962e-08
2.639253e-07
1.0838385e-08
2.6650088e-07
9.8259574e-09
2.6925669e-07
8.6847376e-09
2.7216293e-07
7.4373933e-09
2.7517365e-07
6.1160231e-09
2.7822683e-07
4.7541126e-09
2.8123663e-07
3.4211816e-09
2.8413751e-07
2.1102445e-09
9.2534961e-10
2.866618e-07
2.3958793e-07
-9.3167079e-09
2.4000183e-07
-7.6368321e-09
2.4046344e-07
-5.8099087e-09
2.4097614e-07
-3.9281833e-09
2.4154196e-07
-2.0200273e-09
2.4216058e-07
-1.0625425e-10
2.4283098e-07
1.7842007e-09
2.4355339e-07
3.6141118e-09
2.4432929e-07
5.3448354e-09
2.4516154e-07
6.9378472e-09
2.4605471e-07
8.3566965e-09
2.4701538e-07
9.5690185e-09
2.4805244e-07
1.0548867e-08
2.4917711e-07
1.127865e-08
2.5040247e-07
1.1750071e-08
2.5174286e-07
1.1963765e-08
2.5321284e-07
1.1927939e-08
2.548261e-07
1.1656363e-08
2.5659402e-07
1.1166398e-08
2.5852403e-07
1.0477435e-08
2.6061774e-07
9.6102527e-09
2.6286877e-07
8.5873585e-09
2.6526048e-07
7.4342491e-09
2.677638e-07
6.1814081e-09
2.7033547e-07
4.865729e-09
2.7291713e-07
3.5343615e-09
2.7543646e-07
2.2347853e-09
2.7780414e-07
1.0534993e-09
2.7995022e-07
-3.5834978e-11
-7.5726894e-10
2.8163283e-07
2.3853426e-07
-9.7278315e-09
2.3899444e-07
-8.0970061e-09
2.3949733e-07
-6.312806e-09
2.4004692e-07
-4.4777756e-09
2.4064652e-07
-2.6196202e-09
2.412963e-07
-7.5603853e-10
2.4199605e-07
1.0844503e-09
2.4274606e-07
2.8641009e-09
2.4354841e-07
4.5424833e-09
2.4440642e-07
6.0798335e-09
2.4532465e-07
7.4384665e-09
2.4630925e-07
8.5844244e-09
2.4736825e-07
9.4898671e-09
2.4851151e-07
1.013539e-08
2.4975023e-07
1.051135e-08
2.5109616e-07
1.0617827e-08
2.5256058e-07
1.0463519e-08
2.5415296e-07
1.0063991e-08
2.558794e-07
9.4399502e-09
2.5774091e-07
8.6159286e-09
2.5973136e-07
7.6198032e-09
2.6183549e-07
6.4832245e-09
2.6402696e-07
5.242781e-09
2.6626686e-07
3.9415077e-09
2.6850294e-07
2.6296555e-09
2.7067032e-07
1.3669797e-09
2.7269316e-07
2.1194521e-10
2.7448629e-07
-7.3963267e-10
2.7598054e-07
-1.5300912e-09
-1.7492567e-09
2.7697253e-07
2.3760219e-07
-1.0201719e-08
2.3812087e-07
-8.6156868e-09
2.3867491e-07
-6.8668468e-09
2.3926897e-07
-5.0718364e-09
2.3990851e-07
-3.2591541e-09
2.4059473e-07
-1.4422643e-09
2.4132712e-07
3.5206357e-10
2.4210618e-07
2.0850355e-09
2.4293473e-07
3.7139334e-09
2.4381674e-07
5.1978265e-09
2.4475691e-07
6.4982915e-09
2.4576106e-07
7.5802706e-09
2.4683649e-07
8.4144402e-09
2.4799185e-07
8.9800352e-09
2.4923655e-07
9.2666439e-09
2.5057991e-07
9.2744698e-09
2.5202998e-07
9.0134503e-09
2.5359218e-07
8.5017893e-09
2.5526767e-07
7.7644608e-09
2.5705151e-07
6.8320855e-09
2.589308e-07
5.740514e-09
2.6088289e-07
4.5311346e-09
2.6287399e-07
3.2516827e-09
2.6485849e-07
1.9570061e-09
2.6677918e-07
7.0896752e-10
2.685694e-07
-4.2323928e-10
2.7015494e-07
-1.3736048e-09
2.7145941e-07
-2.0440969e-09
2.7241803e-07
-2.4887168e-09
-2.2049852e-09
2.7287376e-07
2.3679072e-07
-1.0751208e-08
2.3738057e-07
-9.2055377e-09
2.3799455e-07
-7.4808229e-09
2.3863901e-07
-5.7163004e-09
2.3932352e-07
-3.9436639e-09
2.4005041e-07
-2.1691587e-09
2.4081815e-07
-4.1566948e-10
2.4162735e-07
1.2758312e-09
2.4248174e-07
2.8595426e-09
2.4338623e-07
4.2933337e-09
2.443458e-07
5.5387265e-09
2.45366e-07
6.5600682e-09
2.4645357e-07
7.326866e-09
2.4761617e-07
7.8174331e-09
2.4886164e-07
8.0211776e-09
2.5019701e-07
7.9391006e-09
2.5162736e-07
7.5830982e-09
2.5315438e-07
6.9747671e-09
2.5477472e-07
6.1441215e-09
2.5647823e-07
5.128576e-09
2.5824631e-07
3.9724348e-09
2.6005049e-07
2.7269479e-09
2.6185174e-07
1.450436e-09
2.6360052e-07
2.0822404e-10
2.652382e-07
-9.287094e-10
2.6669965e-07
-1.8846959e-09
2.6791635e-07
-2.5903044e-09
2.6882332e-07
-2.9510622e-09
2.6936496e-07
-3.0303599e-09
-2.2731305e-09
2.694331e-07
2.3608801e-07
-1.1389368e-08
2.3676185e-07
-9.8793792e-09
2.3744282e-07
-8.1617972e-09
2.3814132e-07
-6.4148015e-09
2.3887416e-07
-4.6765032e-09
2.3964482e-07
-2.93982e-09
2.4044967e-07
-1.220518e-09
2.4128907e-07
4.3642952e-10
2.4216823e-07
1.9803829e-09
2.4309332e-07
3.3682381e-09
2.4406966e-07
4.5623864e-09
2.4510268e-07
5.5270478e-09
2.4619874e-07
6.2308042e-09
2.4736474e-07
6.6514337e-09
2.4860714e-07
6.7787819e-09
2.4993094e-07
6.6152979e-09
2.5133853e-07
6.1755042e-09
2.5282825e-07
5.4850481e-09
2.5439274e-07
4.5796283e-09
2.5601743e-07
3.503886e-09
2.576791e-07
2.3107696e-09
2.5934496e-07
1.0610834e-09
2.6097273e-07
-1.7733864e-10
2.6251131e-07
-1.3303552e-09
2.6390309e-07
-2.320487e-09
2.6508728e-07
-3.0688897e-09
2.6600431e-07
-3.5073361e-09
2.6660195e-07
-3.5486993e-09
2.6683956e-07
-3.2679745e-09
-2.0863244e-09
2.6665276e-07
2.3545065e-07
-1.2128748e-08
2.3622097e-07
-1.0649694e-08
2.369732e-07
-8.9140271e-09
2.3772603e-07
-7.1676333e-09
2.3850839e-07
-5.4588639e-09
2.3932459e-07
-3.7560275e-09
2.401671e-07
-2.0630268e-09
2.4103571e-07
-4.3217909e-10
2.4193802e-07
1.0780729e-09
2.4288157e-07
2.4246881e-09
2.4387208e-07
3.5718722e-09
2.4491499e-07
4.4841411e-09
2.4601651e-07
5.1292754e-09
2.4718297e-07
5.4849729e-09
2.4841963e-07
5.5421249e-09
2.4972968e-07
5.3052523e-09
2.5111309e-07
4.7920929e-09
2.5256521e-07
4.0329231e-09
2.5407523e-07
3.0696098e-09
2.5562488e-07
1.954237e-09
2.5718734e-07
7.4830626e-10
2.5872698e-07
-4.7855545e-10
2.6019969e-07
-1.6500539e-09
2.6155464e-07
-2.685301e-09
2.6273764e-07
-3.5034907e-09
2.6369404e-07
-4.0252933e-09
2.643763e-07
-4.1895909e-09
2.6474392e-07
-3.916329e-09
2.647787e-07
-3.3027518e-09
-1.7549319e-09
2.644473e-07
2.3478586e-07
-1.2980487e-08
2.3566478e-07
-1.1528618e-08
2.3648934e-07
-9.7385883e-09
2.3729333e-07
-7.9716174e-09
2.3812485e-07
-6.2903866e-09
2.3898776e-07
-4.6189457e-09
2.3986776e-07
-2.9430248e-09
2.4076425e-07
-1.3286654e-09
2.4168829e-07
1.5403249e-10
2.4264879e-07
1.4641835e-09
2.4365173e-07
2.568935e-09
2.4470258e-07
3.4332932e-09
2.4580765e-07
4.0242028e-09
2.4697281e-07
4.3198074e-09
2.4820226e-07
4.3126722e-09
2.4949756e-07
4.0099529e-09
2.5085653e-07
3.433123e-09
2.5227187e-07
2.6175802e-09
2.5372973e-07
1.6117511e-09
2.5520902e-07
4.7495077e-10
2.5668024e-07
-7.2292179e-10
2.5810569e-07
-1.9040037e-09
2.5944106e-07
-2.9854222e-09
2.6063735e-07
-3.8815936e-09
2.616457e-07
-4.5118441e-09
2.6241856e-07
-4.7981545e-09
2.629235e-07
-4.694533e-09
2.631277e-07
-4.1205271e-09
2.6304811e-07
-3.2231637e-09
-1.3585287e-09
2.626517e-07
2.3394758e-07
-1.3951754e-08
2.3494798e-07
-1.2529021e-08
2.3584466e-07
-1.0635268e-08
2.3669563e-07
-8.8225961e-09
2.3757776e-07
-7.1725131e-09
2.3849061e-07
-5.5317938e-09
2.3940926e-07
-3.8616809e-09
2.4033406e-07
-2.2534675e-09
2.4127972e-07
-7.916274e-10
2.4225723e-07
4.8667638e-10
2.4327196e-07
1.5542014e-09
2.4432998e-07
2.3752794e-09
2.4543779e-07
2.9163912e-09
2.4660084e-07
3.1567504e-09
2.4782232e-07
3.0911932e-09
2.491023e-07
2.7299781e-09
2.5043667e-07
2.0987449e-09
2.518159e-07
1.2383513e-09
2.5322332e-07
2.0433057e-10
2.5463613e-07
-9.378638e-10
2.5602217e-07
-2.108962e-09
2.5734312e-07
-3.224948e-09
2.5855558e-07
-4.197885e-09
2.5961363e-07
-4.9396508e-09
2.604752e-07
-5.3734129e-09
2.6110015e-07
-5.423107e-09
2.6147476e-07
-5.0691394e-09
2.6156468e-07
-4.2104542e-09
2.6144414e-07
-3.1026221e-09
-9.2888119e-10
2.6101449e-07
2.3277126e-07
-1.503969e-08
2.3391482e-07
-1.3672591e-08
2.3488597e-07
-1.1606419e-08
2.3578253e-07
-9.7191507e-09
2.3672197e-07
-8.1119546e-09
2.3769061e-07
-6.5004361e-09
2.3864929e-07
-4.8203589e-09
2.3960217e-07
-3.2063454e-09
2.4056942e-07
-1.7588863e-09
2.4156226e-07
-5.0615585e-10
2.4258639e-07
5.3006923e-10
2.4364852e-07
1.3131496e-09
2.4475564e-07
1.8092632e-09
2.4591288e-07
1.9995141e-09
2.4712239e-07
1.8816797e-09
2.4838284e-07
1.4695287e-09
2.4968839e-07
7.9319865e-10
2.5102751e-07
-1.0076968e-10
2.5238227e-07
-1.1504359e-09
2.5372596e-07
-2.281549e-09
2.5502617e-07
-3.4091735e-09
2.5624431e-07
-4.4430897e-09
2.5733896e-07
-5.2925414e-09
2.5826828e-07
-5.8689659e-09
2.5899831e-07
-6.1034457e-09
2.5949611e-07
-5.9209117e-09
2.5977025e-07
-5.3432838e-09
2.597698e-07
-4.2099981e-09
2.5966449e-07
-2.9973124e-09
-4.1712409e-10
2.5915273e-07
2.3116108e-07
-1.623373e-08
2.3248291e-07
-1.4994413e-08
2.3351988e-07
-1.2643398e-08
2.3445382e-07
-1.0653089e-08
2.3545242e-07
-9.1105524e-09
2.3647184e-07
-7.5198607e-09
2.3745922e-07
-5.8077369e-09
2.3842858e-07
-4.1757102e-09
2.3940541e-07
-2.7357089e-09
2.4040023e-07
-1.500979e-09
2.4141933e-07
-4.8902857e-10
2.4247115e-07
2.6132362e-10
2.4356302e-07
7.1739961e-10
2.446995e-07
8.630258e-10
2.4588164e-07
6.9954105e-10
2.4710684e-07
2.4432553e-10
2.4836773e-07
-4.6768774e-10
2.4965028e-07
-1.3833178e-09
2.5093368e-07
-2.4338374e-09
2.5219005e-07
-3.5379281e-09
2.53386e-07
-4.6051189e-09
2.5448368e-07
-5.5407682e-09
2.5544462e-07
-6.2534839e-09
2.5623229e-07
-6.6566392e-09
2.5682234e-07
-6.6934958e-09
2.571891e-07
-6.2876771e-09
2.5736615e-07
-5.5203324e-09
2.5726911e-07
-4.1129563e-09
2.5720945e-07
-2.9376576e-09
3.3639273e-10
2.5645593e-07
2.2906626e-07
-1.7523306e-08
2.3054277e-07
-1.6470924e-08
2.3157792e-07
-1.367855e-08
2.325142e-07
-1.1589365e-08
2.3355112e-07
-1.0147474e-08
2.3458852e-07
-8.5572627e-09
2.3556864e-07
-6.7878569e-09
2.3652209e-07
-5.1291571e-09
2.3747681e-07
-3.6904346e-09
2.3844136e-07
-2.4655298e-09
2.3942341e-07
-1.4710735e-09
2.4043266e-07
-7.4793289e-10
2.414767e-07
-3.2663872e-10
2.4255889e-07
-2.1916794e-10
2.4367896e-07
-4.2052818e-10
2.4483205e-07
-9.0876201e-10
2.4600773e-07
-1.6433717e-09
2.4718955e-07
-2.5651324e-09
2.4835445e-07
-3.5987398e-09
2.4947315e-07
-4.6566335e-09
2.5051182e-07
-5.6437886e-09
2.5143447e-07
-6.4634235e-09
2.5220722e-07
-7.026227e-09
2.5280113e-07
-7.2505539e-09
2.5320369e-07
-7.0960567e-09
2.533979e-07
-6.4818911e-09
2.5344496e-07
-5.5673874e-09
2.5322298e-07
-3.8909764e-09
2.5319637e-07
-2.9110511e-09
1.6314494e-09
2.5190131e-07
2.2605662e-07
-1.9012102e-08
2.2762529e-07
-1.8039595e-08
2.285511e-07
-1.4604366e-08
2.2944906e-07
-1.2487327e-08
2.304835e-07
-1.1181911e-08
2.3147486e-07
-9.5486174e-09
2.3238353e-07
-7.6965291e-09
2.3326138e-07
-6.0070112e-09
2.3413394e-07
-4.5629933e-09
2.350072e-07
-3.3387891e-09
2.3589101e-07
-2.3548849e-09
2.3679642e-07
-1.65334e-09
2.3772961e-07
-1.2598369e-09
2.3869139e-07
-1.180945e-09
2.3967834e-07
-1.4074738e-09
2.4068235e-07
-1.912775e-09
2.4168967e-07
-2.6506978e-09
2.4268034e-07
-3.5558014e-09
2.4362845e-07
-4.5468491e-09
2.445035e-07
-5.5316855e-09
2.4527279e-07
-6.4130822e-09
2.459048e-07
-7.0954312e-09
2.4637371e-07
-7.4951335e-09
2.4666287e-07
-7.5397238e-09
2.4677497e-07
-7.2081489e-09
2.4670569e-07
-6.4126175e-09
2.4654807e-07
-5.4097636e-09
2.4613475e-07
-3.4776572e-09
2.4603033e-07
-2.8066316e-09
3.8191639e-09
2.4384261e-07
2.213311e-07
-2.0695294e-08
2.2284803e-07
-1.9556531e-08
2.2353486e-07
-1.5291193e-08
2.2435917e-07
-1.3311639e-08
2.2531019e-07
-1.2132931e-08
2.2613752e-07
-1.0375951e-08
2.268564e-07
-8.4154044e-09
2.2753882e-07
-6.6894355e-09
2.2820466e-07
-5.2288329e-09
2.2886083e-07
-3.9949598e-09
2.2952156e-07
-3.0156151e-09
2.3019842e-07
-2.3302013e-09
2.3089474e-07
-1.9561517e-09
2.3160699e-07
-1.8931944e-09
2.3232643e-07
-2.1269162e-09
2.3303925e-07
-2.6255966e-09
2.3372612e-07
-3.3375721e-09
2.343624e-07
-4.1920795e-09
2.3491954e-07
-5.1039865e-09
2.3536764e-07
-5.9797858e-09
2.3567869e-07
-6.7241349e-09
2.3583076e-07
-7.2475072e-09
2.3581218e-07
-7.4765546e-09
2.3562553e-07
-7.3530689e-09
2.3529155e-07
-6.8741663e-09
2.3482633e-07
-5.9474022e-09
2.3434439e-07
-4.9278266e-09
2.3360126e-07
-2.7345212e-09
2.3341217e-07
-2.6175444e-09
7.07791e-09
2.3015342e-07
2.1403583e-07
-2.2713564e-08
2.1506524e-07
-2.058594e-08
2.1521513e-07
-1.5441087e-08
2.158175e-07
-1.3914003e-08
2.1643997e-07
-1.2755407e-08
2.1683248e-07
-1.0768458e-08
2.1709989e-07
-8.6828198e-09
2.1732644e-07
-6.9159801e-09
2.1752891e-07
-5.4313087e-09
2.1772289e-07
-4.1889326e-09
2.1792971e-07
-3.2224433e-09
2.1816034e-07
-2.5608244e-09
2.1841234e-07
-2.2081567e-09
2.1867378e-07
-2.15463e-09
2.1892599e-07
-2.3791284e-09
2.1914519e-07
-2.8447955e-09
2.1930325e-07
-3.4956333e-09
2.1936925e-07
-4.2580802e-09
2.1931292e-07
-5.0476621e-09
2.191084e-07
-5.7752655e-09
2.1873794e-07
-6.353674e-09
2.1819613e-07
-6.7057005e-09
2.1749269e-07
-6.7731106e-09
2.1665575e-07
-6.5161323e-09
2.1572489e-07
-5.9433103e-09
2.1474694e-07
-4.9694498e-09
2.1381738e-07
-3.9982661e-09
2.126591e-07
-1.5762438e-09
2.1260922e-07
-2.5676686e-09
1.1230609e-08
2.0845652e-07
2.0233247e-07
-2.5205749e-08
2.0200241e-07
-2.025588e-08
2.0121197e-07
-1.4650649e-08
2.0121559e-07
-1.3917625e-08
2.0094406e-07
-1.2483881e-08
2.0033118e-07
-1.0155571e-08
1.9961112e-07
-7.9627629e-09
1.9889748e-07
-6.2023385e-09
1.9822098e-07
-4.7548113e-09
1.9760994e-07
-3.5778954e-09
1.9708523e-07
-2.6977358e-09
1.9664555e-07
-2.121144e-09
1.9626996e-07
-1.8325592e-09
1.9592495e-07
-1.8096257e-09
1.9556977e-07
-2.0239462e-09
1.9516165e-07
-2.4366758e-09
1.9465796e-07
-2.9919486e-09
1.9401843e-07
-3.6185493e-09
1.9321189e-07
-4.2411216e-09
1.9222057e-07
-4.783952e-09
1.9104354e-07
-5.1766432e-09
1.8969945e-07
-5.3616123e-09
1.8822633e-07
-5.2999889e-09
1.8668186e-07
-4.9716644e-09
1.85125e-07
-4.3864459e-09
1.8364503e-07
-3.4894792e-09
1.8226953e-07
-2.6227661e-09
1.808787e-07
-1.8541193e-10
1.8149861e-07
-3.1875791e-09
1.5456803e-08
1.7727241e-07
1.8175701e-07
-2.7090096e-08
1.7956295e-07
-1.8061825e-08
1.7758214e-07
-1.2669841e-08
1.7572715e-07
-1.2062636e-08
1.7347446e-07
-1.0231188e-08
1.7097883e-07
-7.659945e-09
1.6859831e-07
-5.5822364e-09
1.6648484e-07
-4.0888673e-09
1.6467057e-07
-2.9405505e-09
1.6315625e-07
-2.0635757e-09
1.6191558e-07
-1.4570653e-09
1.6089524e-07
-1.1007979e-09
1.6002414e-07
-9.6146565e-10
1.5922332e-07
-1.0088e-09
1.5841231e-07
-1.2129359e-09
1.5751855e-07
-1.5429193e-09
1.5648047e-07
-1.9538733e-09
1.5524911e-07
-2.3871908e-09
1.5379828e-07
-2.7902868e-09
1.5212726e-07
-3.1129329e-09
1.5026241e-07
-3.311793e-09
1.4825607e-07
-3.3552726e-09
1.4618171e-07
-3.2256289e-09
1.4412865e-07
-2.9186118e-09
1.4218194e-07
-2.4397346e-09
1.4046021e-07
-1.7677518e-09
1.3880281e-07
-9.6536067e-10
1.3770969e-07
9.0770956e-10
1.3829204e-07
-3.7699373e-09
1.7280141e-08
1.364687e-07
1.4596228e-07
-2.332136e-08
1.3890961e-07
-1.1009159e-08
1.3371022e-07
-7.4704495e-09
1.2878137e-07
-7.133783e-09
1.239647e-07
-5.4145179e-09
1.1976643e-07
-3.461676e-09
1.1639065e-07
-2.2064588e-09
1.1374479e-07
-1.443005e-09
1.1171874e-07
-9.1450418e-10
1.1020108e-07
-5.4591555e-10
1.0906967e-07
-3.2565711e-10
1.0819801e-07
-2.291306e-10
1.0746367e-07
-2.2713215e-10
1.06753e-07
-2.9813213e-10
1.0595751e-07
-4.1744672e-10
1.0499098e-07
-5.7638389e-10
1.037942e-07
-7.5709317e-10
1.0233862e-07
-9.316125e-10
1.0062895e-07
-1.0806223e-09
9.870231e-08
-1.1862929e-09
9.6624308e-08
-1.233792e-09
9.4482201e-08
-1.2131663e-09
9.2375468e-08
-1.1188968e-09
9.0405838e-08
-9.4898195e-10
8.866794e-08
-7.0183694e-10
8.727936e-08
-3.7917155e-10
8.6271382e-08
4.2617175e-11
8.6727504e-08
4.5158744e-10
8.7134682e-08
-4.1771157e-09
1.4021068e-08
9.0393755e-08
8.0598044e-08
6.9588885e-08
6.2118435e-08
5.4984652e-08
4.9570134e-08
4.6108458e-08
4.3901999e-08
4.2458994e-08
4.154449e-08
4.0998574e-08
4.0672917e-08
4.0443787e-08
4.0216654e-08
3.9918522e-08
3.9501075e-08
3.8924691e-08
3.8167598e-08
3.7235985e-08
3.6155363e-08
3.496907e-08
3.3735277e-08
3.2522111e-08
3.1403214e-08
3.0454232e-08
2.9752395e-08
2.9373224e-08
2.9415841e-08
2.9867428e-08
2.5690313e-08
3.971138e-08
1.5669802e-08
-1.3053206e-08
5.8287064e-08
1.3676171e-07
9.4897022e-08
2.7518543e-07
1.146128e-07
3.1682036e-07
1.272512e-07
3.1183393e-07
1.3824727e-07
2.9335294e-07
1.5068143e-07
2.7320356e-07
1.6524645e-07
2.5739393e-07
1.8160048e-07
2.466045e-07
1.9933228e-07
2.4000968e-07
2.1806056e-07
2.3680622e-07
2.3738608e-07
2.3621079e-07
2.5691982e-07
2.3740592e-07
2.7636368e-07
2.3962807e-07
2.955176e-07
2.4222234e-07
3.1430076e-07
2.4477439e-07
3.3268912e-07
2.4703518e-07
3.5065942e-07
2.4887435e-07
3.6813285e-07
2.5022733e-07
3.8489326e-07
2.5104696e-07
4.0052356e-07
2.5126894e-07
4.1416046e-07
2.5068642e-07
4.2437663e-07
2.4897744e-07
4.2879191e-07
2.4549568e-07
4.2404274e-07
2.3912946e-07
4.0615161e-07
2.2842183e-07
3.7159239e-07
2.1198714e-07
3.180504e-07
1.8887805e-07
2.4678396e-07
1.6023131e-07
1.1899872e-07
1.6628523e-07
1.279854e-08
-2.5851746e-08
5.217973e-08
9.738052e-08
9.2423168e-08
2.34942e-07
1.1547971e-07
2.9376381e-07
1.2950241e-07
2.9781124e-07
1.4004687e-07
2.8280848e-07
1.5135795e-07
2.6189248e-07
1.6489144e-07
2.4386045e-07
1.8065816e-07
2.3083777e-07
1.9819318e-07
2.2247466e-07
2.1700761e-07
2.179918e-07
2.3662939e-07
2.16589e-07
2.5659791e-07
2.174374e-07
2.7652317e-07
2.1970281e-07
2.9611652e-07
2.2262899e-07
3.1523667e-07
2.2565424e-07
3.3385252e-07
2.2841934e-07
3.5199504e-07
2.3073183e-07
3.6970649e-07
2.3251588e-07
3.8698687e-07
2.3376658e-07
4.037569e-07
2.3449891e-07
4.1975026e-07
2.3469306e-07
4.3445865e-07
2.3426905e-07
4.4690645e-07
2.3304787e-07
4.5541061e-07
2.306253e-07
4.5749506e-07
2.2633737e-07
4.5008092e-07
2.1940128e-07
4.3044423e-07
2.0851473e-07
3.9611463e-07
1.9456092e-07
1.6874396e-07
3.4636939e-07
1.0039274e-08
-3.5891021e-08
4.483246e-08
6.2587334e-08
8.7759747e-08
1.9201471e-07
1.1506673e-07
2.6645684e-07
1.3105171e-07
2.8182625e-07
1.4214596e-07
2.7171423e-07
1.5243973e-07
2.5159871e-07
1.6457565e-07
2.3172453e-07
1.792842e-07
2.1612922e-07
1.9629031e-07
2.0546855e-07
2.1504767e-07
1.9923443e-07
2.3498242e-07
1.9665426e-07
2.5552763e-07
1.9689219e-07
2.7616284e-07
1.9906759e-07
2.9647207e-07
2.0231977e-07
3.1620016e-07
2.0592615e-07
3.3525252e-07
2.0936698e-07
3.536574e-07
2.1232695e-07
3.7151389e-07
2.146594e-07
3.8894323e-07
2.1633723e-07
4.0604304e-07
2.1739911e-07
4.2284037e-07
2.1789573e-07
4.3923992e-07
2.1786951e-07
4.549545e-07
2.173333e-07
4.6938477e-07
2.1619503e-07
4.8143849e-07
2.1428365e-07
4.8937357e-07
2.1146621e-07
4.9086551e-07
2.0702279e-07
4.8353517e-07
2.0189126e-07
1.8968041e-07
4.6259873e-07
7.6606286e-09
-4.3551649e-08
3.691705e-08
3.3330913e-08
8.0131929e-08
1.4879983e-07
1.1259177e-07
2.3399699e-07
1.3139573e-07
2.6302229e-07
1.434178e-07
2.5969217e-07
1.5323713e-07
2.4177937e-07
1.6407528e-07
2.2088639e-07
1.7744179e-07
2.0276272e-07
1.9356422e-07
1.8934611e-07
2.1204228e-07
1.8075638e-07
2.3225211e-07
1.7644443e-07
2.5350081e-07
1.7564349e-07
2.7510311e-07
1.7746529e-07
2.9646171e-07
1.8096118e-07
3.1714717e-07
1.8524069e-07
3.3693388e-07
1.8958027e-07
3.5578158e-07
1.9347925e-07
3.73782e-07
1.9665898e-07
3.9109632e-07
1.9902292e-07
4.0789876e-07
2.0059666e-07
4.2433336e-07
2.0146112e-07
4.4048707e-07
2.017158e-07
4.5635471e-07
2.0146566e-07
4.7178321e-07
2.0076653e-07
4.8644807e-07
1.9961879e-07
4.9990235e-07
1.9801192e-07
5.1130257e-07
1.9562257e-07
5.1999192e-07
1.9320191e-07
1.8813596e-07
5.2153636e-07
5.7829308e-09
-4.9334581e-08
2.9455284e-08
9.6585595e-09
7.0213917e-08
1.0804119e-07
1.0687771e-07
1.973332e-07
1.296732e-07
2.402268e-07
1.4347665e-07
2.4588872e-07
1.5344282e-07
2.318132e-07
1.6332299e-07
2.1100621e-07
1.7531174e-07
1.9077397e-07
1.9025e-07
1.7440785e-07
2.0809998e-07
1.629064e-07
2.283524e-07
1.5619201e-07
2.5026577e-07
1.5373012e-07
2.7300362e-07
1.5472744e-07
2.9575199e-07
1.5821281e-07
3.1784055e-07
1.6315213e-07
3.3883113e-07
1.6858969e-07
3.585382e-07
1.7377218e-07
3.7699216e-07
1.7820502e-07
3.9436529e-07
1.8164979e-07
4.1088927e-07
1.8407268e-07
4.268018e-07
1.855486e-07
4.4232214e-07
1.8619546e-07
4.5763195e-07
1.8615585e-07
4.7281095e-07
1.8558754e-07
4.8783728e-07
1.8459245e-07
5.0256921e-07
1.8327999e-07
5.1661263e-07
1.8157915e-07
5.300305e-07
1.7978404e-07
1.7713933e-07
5.4102713e-07
4.3958613e-09
-5.3730442e-08
2.291418e-08
-8.8597593e-09
5.8740332e-08
7.2215042e-08
9.7116058e-08
1.5895748e-07
1.2449197e-07
2.1285088e-07
1.4130737e-07
2.2907332e-07
1.5230846e-07
2.2081211e-07
1.6181351e-07
2.0150117e-07
1.7266977e-07
1.7991771e-07
1.8635366e-07
1.6072396e-07
2.0332277e-07
1.4593729e-07
2.2335753e-07
1.3615725e-07
2.4580669e-07
1.3128096e-07
2.6975763e-07
1.307765e-07
2.9419034e-07
1.337801e-07
3.1814598e-07
1.3919649e-07
3.4089548e-07
1.4584018e-07
3.6202007e-07
1.526476e-07
3.8142051e-07
1.5880458e-07
3.9924265e-07
1.6382765e-07
4.1574098e-07
1.6757434e-07
4.3121712e-07
1.7007247e-07
4.4599992e-07
1.7141266e-07
4.6038218e-07
1.7177359e-07
4.7459063e-07
1.7137909e-07
4.8876295e-07
1.7042013e-07
5.0297504e-07
1.690679e-07
5.1715121e-07
1.6740298e-07
5.313295e-07
1.6560575e-07
1.634737e-07
5.4499514e-07
3.3019104e-09
-5.7032353e-08
1.7395034e-08
-2.2952883e-08
4.6969436e-08
4.2640641e-08
8.3890489e-08
1.2203642e-07
1.1461412e-07
1.8212726e-07
1.3510335e-07
2.0858409e-07
1.4823678e-07
2.0767869e-07
1.5823119e-07
1.9150676e-07
1.684945e-07
1.696544e-07
1.8116176e-07
1.4805671e-07
1.9727813e-07
1.2982093e-07
2.17062e-07
1.1637337e-07
2.4010355e-07
1.0823942e-07
2.6551751e-07
1.0536253e-07
2.9210232e-07
1.071953e-07
3.1853494e-07
1.1276388e-07
3.4369422e-07
1.206809e-07
3.6679292e-07
1.295489e-07
3.8754331e-07
1.3805418e-07
4.0612485e-07
1.4524611e-07
4.228125e-07
1.508867e-07
4.3792985e-07
1.5495511e-07
4.5188415e-07
1.5745836e-07
4.6509862e-07
1.5855912e-07
4.7793271e-07
1.58545e-07
4.906426e-07
1.5771024e-07
5.0342376e-07
1.5628674e-07
5.163784e-07
1.5444835e-07
5.2960887e-07
1.5237527e-07
1.5003218e-07
5.4305039e-07
2.2320405e-09
-5.9264394e-08
1.2699159e-08
-3.3420002e-08
3.5894074e-08
1.9445726e-08
6.8606312e-08
8.9324184e-08
9.9981203e-08
1.5075237e-07
1.2338144e-07
1.8518385e-07
1.3912299e-07
1.9193714e-07
1.5034844e-07
1.8028131e-07
1.6059269e-07
1.5941015e-07
1.7252115e-07
1.3612825e-07
1.8781503e-07
1.1452705e-07
2.0730453e-07
9.6883867e-08
2.3106653e-07
8.4477424e-08
2.584922e-07
7.7936857e-08
2.8837923e-07
7.7308272e-08
3.188553e-07
8.2287806e-08
3.4816173e-07
9.1374475e-08
3.746718e-07
1.0303882e-07
3.97539e-07
1.1518698e-07
4.1713211e-07
1.25653e-07
4.3387143e-07
1.3414738e-07
4.483188e-07
1.4050774e-07
4.6102342e-07
1.4475374e-07
4.7261183e-07
1.4697071e-07
4.8363605e-07
1.4752078e-07
4.9445579e-07
1.468905e-07
5.0531199e-07
1.4543053e-07
5.1637906e-07
1.4338128e-07
5.2779987e-07
1.4095447e-07
1.3812545e-07
5.3970659e-07
1.0899636e-09
-6.0354357e-08
8.4948369e-09
-4.0824876e-08
2.5838537e-08
2.102027e-09
5.2635934e-08
6.2526786e-08
8.165704e-08
1.2173126e-07
1.0587973e-07
1.6096116e-07
1.2336358e-07
1.7445329e-07
1.357136e-07
1.6793129e-07
1.4587452e-07
1.4924923e-07
1.5659998e-07
1.2540279e-07
1.6999693e-07
1.0113009e-07
1.8757684e-07
7.9303959e-08
2.1034615e-07
6.1708119e-08
2.3869019e-07
4.9592808e-08
2.720414e-07
4.3957072e-08
3.0877087e-07
4.5558335e-08
3.4628041e-07
5.3864935e-08
3.8150335e-07
6.781588e-08
4.1139934e-07
8.5290988e-08
4.3458897e-07
1.0246337e-07
4.5237494e-07
1.163614e-07
4.6624565e-07
1.2663703e-07
4.7683295e-07
1.3416643e-07
4.8555504e-07
1.3824862e-07
4.9350688e-07
1.3956894e-07
5.0130455e-07
1.3909283e-07
5.0931932e-07
1.3741576e-07
5.1774539e-07
1.349552e-07
5.2666907e-07
1.3203079e-07
1.2857622e-07
5.3621831e-07
-1.6790746e-10
-6.018645e-08
4.4255195e-09
-4.5418302e-08
1.6633287e-08
-1.010574e-08
3.6961403e-08
4.219867e-08
6.1265361e-08
9.7427305e-08
8.3631043e-08
1.3859548e-07
1.0082087e-07
1.5726346e-07
1.129366e-07
1.5581556e-07
1.2169859e-07
1.4048724e-07
1.2912041e-07
1.1798098e-07
1.3708614e-07
9.3164355e-08
1.4779557e-07
6.859453e-08
1.6389756e-07
4.5606126e-08
1.8772351e-07
2.5766862e-08
2.2025252e-07
1.1428059e-08
2.614656e-07
4.3452578e-09
3.0921658e-07
6.1139499e-09
3.5898847e-07
1.8043988e-08
4.0554075e-07
3.8738713e-08
4.4348822e-07
6.4515903e-08
4.7038816e-07
8.9461456e-08
4.8853363e-07
1.0849157e-07
5.001993e-07
1.2250077e-07
5.066412e-07
1.3180672e-07
5.105213e-07
1.3568883e-07
5.1375097e-07
1.3586317e-07
5.172909e-07
1.3387583e-07
5.2160812e-07
1.3063798e-07
5.2683637e-07
1.2680254e-07
1.22395e-07
5.3301758e-07
-1.5026032e-09
-5.8683847e-08
1.6349036e-10
-4.7084396e-08
7.9226045e-09
-1.7864854e-08
2.2038471e-08
2.8082804e-08
4.0312169e-08
7.9153608e-08
5.8460445e-08
1.204472e-07
7.2966793e-08
1.4275711e-07
8.2551889e-08
1.4623047e-07
8.7364209e-08
1.3567492e-07
8.8159774e-08
1.1718541e-07
8.7139992e-08
9.4184138e-08
8.8392745e-08
6.7341778e-08
9.6267968e-08
3.7730903e-08
1.1355887e-07
8.4759572e-09
1.4032148e-07
-1.5334548e-08
1.7777475e-07
-3.3108017e-08
2.2584398e-07
-4.1955277e-08
2.8351661e-07
-3.9628638e-08
3.4654073e-07
-2.4285407e-08
4.0716583e-07
3.8908018e-09
4.563613e-07
4.0265988e-08
4.8963554e-07
7.5217323e-08
5.1016489e-07
1.0197141e-07
5.2180964e-07
1.2016198e-07
5.2660815e-07
1.3089031e-07
5.2734089e-07
1.3513043e-07
5.2691411e-07
1.3430261e-07
5.2676287e-07
1.3078922e-07
5.2755312e-07
1.2601229e-07
1.2041873e-07
5.2952939e-07
-2.7833986e-09
-5.5900448e-08
-3.4290582e-09
-4.6438736e-08
-4.2409182e-10
-2.086982e-08
8.0116499e-09
1.9647063e-08
1.9955666e-08
6.7209593e-08
3.2461145e-08
1.0794172e-07
4.2265258e-08
1.32953e-07
4.6993116e-08
1.4150261e-07
4.6102311e-08
1.3656572e-07
4.1347666e-08
1.2194006e-07
3.7979637e-08
9.7552166e-08
4.1756547e-08
6.3564868e-08
5.4910136e-08
2.4577314e-08
7.4632917e-08
-1.1246824e-08
1.0008419e-07
-4.0785818e-08
1.2958259e-07
-6.2606421e-08
1.644731e-07
-7.6845787e-08
2.0774688e-07
-8.290242e-08
2.6211452e-07
-7.8653045e-08
3.2638257e-07
-6.0377253e-08
3.9301313e-07
-2.6364569e-08
4.5007091e-07
1.8159541e-08
4.9012923e-07
6.1913098e-08
5.1402946e-07
9.6261741e-08
5.2629617e-07
1.1862361e-07
5.3073669e-07
1.3068991e-07
5.3033148e-07
1.3470782e-07
5.2800777e-07
1.3311293e-07
5.2551569e-07
1.2850437e-07
1.2225116e-07
5.2368326e-07
-3.9561205e-09
-5.1944327e-08
-7.0282862e-09
-4.336657e-08
-7.7276455e-09
-2.017046e-08
-4.8416907e-09
1.6761109e-08
1.2640972e-09
6.1103805e-08
7.6665674e-09
1.0153925e-07
1.1743031e-08
1.2887654e-07
1.1339688e-08
1.4190595e-07
7.4635335e-09
1.4044188e-07
5.499204e-09
1.2390439e-07
1.1614943e-08
9.1436427e-08
2.6470866e-08
4.8708946e-08
4.7629496e-08
3.4186843e-09
7.2252258e-08
-3.5869585e-08
9.8394415e-08
-6.6927976e-08
1.2401451e-07
-8.8226514e-08
1.4907809e-07
-1.0190937e-07
1.7584152e-07
-1.0966585e-07
2.0842721e-07
-1.1123873e-07
2.5210321e-07
-1.0405326e-07
3.0791358e-07
-8.2174942e-08
3.6896719e-07
-4.2894063e-08
4.2452906e-07
6.3512281e-09
4.6664815e-07
5.4142644e-08
4.9359048e-07
9.1681283e-08
5.0798492e-07
1.1629546e-07
5.1319208e-07
1.2950066e-07
5.1413872e-07
1.3216629e-07
5.1277189e-07
1.298712e-07
1.246837e-07
5.1033935e-07
-4.9788977e-09
-4.6965429e-08
-1.0182565e-08
-3.8162902e-08
-1.4308159e-08
-1.6044865e-08
-1.6133503e-08
1.8586454e-08
-1.5683801e-08
6.0654103e-08
-1.4608355e-08
1.0046381e-07
-1.4766005e-08
1.2903419e-07
-1.5948874e-08
1.4308882e-07
-1.3986013e-08
1.3847902e-07
-4.559853e-09
1.1447823e-07
1.2639195e-08
7.4237379e-08
3.5736987e-08
2.5611154e-08
6.1523383e-08
-2.2367711e-08
8.927518e-08
-6.3621382e-08
1.162791e-07
-9.3931894e-08
1.4034587e-07
-1.1229329e-07
1.6016892e-07
-1.2173242e-07
1.7677589e-07
-1.2627282e-07
1.9302779e-07
-1.2749064e-07
2.1410681e-07
-1.2513228e-07
2.4572288e-07
-1.1379101e-07
2.8935687e-07
-8.6528058e-08
3.3942036e-07
-4.3712261e-08
3.8703168e-07
6.5313309e-09
4.2546882e-07
5.324414e-08
4.5242499e-07
8.9339296e-08
4.6911855e-07
1.128071e-07
4.7819044e-07
1.230944e-07
4.8319736e-07
1.2486428e-07
1.2267355e-07
4.8520751e-07
-5.7859212e-09
-4.1179508e-08
-1.2606597e-08
-3.1342225e-08
-1.9411212e-08
-9.2402487e-09
-2.4967056e-08
2.4142298e-08
-2.8400907e-08
6.4087955e-08
-2.9889479e-08
1.0195238e-07
-2.928465e-08
1.2842936e-07
-2.4384007e-08
1.3818818e-07
-1.2532664e-08
1.2662767e-07
7.6005734e-09
9.4344992e-08
3.3888889e-08
4.7949063e-08
6.2766813e-08
-3.2667689e-09
9.2312277e-08
-5.1913174e-08
1.2085724e-07
-9.2166345e-08
1.4690755e-07
-1.1998221e-07
1.682727e-07
-1.3365843e-07
1.843359e-07
-1.3779562e-07
1.953036e-07
-1.3724052e-07
2.0178833e-07
-1.3397537e-07
2.0723747e-07
-1.3058141e-07
2.1713793e-07
-1.2369147e-07
2.3721999e-07
-1.0661012e-07
2.6923318e-07
-7.5725451e-08
3.0840366e-07
-3.263915e-08
3.4747707e-07
1.4170733e-08
3.8144178e-07
5.5374578e-08
4.0877823e-07
8.5470651e-08
4.2826784e-07
1.0360479e-07
4.4227594e-07
1.1085618e-07
1.1261004e-07
4.5233944e-07
-6.3162851e-09
-3.4863222e-08
-1.4070887e-08
-2.3587622e-08
-2.2174828e-08
-1.1363063e-09
-2.923891e-08
3.1206381e-08
-3.3622813e-08
6.8471858e-08
-3.3871702e-08
1.0220127e-07
-2.8791297e-08
1.2334896e-07
-1.5703153e-08
1.2510004e-07
7.0415659e-09
1.0388296e-07
3.6948227e-08
6.4438331e-08
7.0085536e-08
1.4811754e-08
1.0376296e-07
-3.694419e-08
1.3550056e-07
-8.3650775e-08
1.6317304e-07
-1.1983883e-07
1.8598958e-07
-1.4279874e-07
2.0270815e-07
-1.5037701e-07
2.1455939e-07
-1.4964686e-07
2.2127651e-07
-1.4395764e-07
2.2246846e-07
-1.3516731e-07
2.1877445e-07
-1.2688741e-07
2.1481313e-07
-1.1973015e-07
2.1732971e-07
-1.091267e-07
2.3022379e-07
-8.8619528e-08
2.5433711e-07
-5.6752475e-08
2.86092e-07
-1.7584155e-08
3.2029845e-07
2.1168123e-08
3.5255932e-07
5.3209786e-08
3.8088484e-07
7.5279264e-08
4.038893e-07
8.7851717e-08
9.3946649e-08
4.2255269e-07
-6.5482682e-09
-2.8314954e-08
-1.4503394e-08
-1.5632496e-08
-2.2515052e-08
6.8753531e-09
-2.8760824e-08
3.7452154e-08
-3.1366593e-08
7.1077628e-08
-2.7674457e-08
9.8509133e-08
-1.5198887e-08
1.1087339e-07
7.9359459e-09
1.0196521e-07
3.9869418e-08
7.1949483e-08
7.6601315e-08
2.7706435e-08
1.1478539e-07
-2.3372323e-08
1.5146507e-07
-7.3623872e-08
1.8359235e-07
-1.1577805e-07
2.0887639e-07
-1.4512287e-07
2.2625588e-07
-1.6017823e-07
2.3754901e-07
-1.6167013e-07
2.4403277e-07
-1.5613063e-07
2.462515e-07
-1.4617637e-07
2.4506505e-07
-1.3398087e-07
2.3981772e-07
-1.2164008e-07
2.3076168e-07
-1.1067412e-07
2.2217329e-07
-1.0053831e-07
2.2104875e-07
-8.7494989e-08
2.3144105e-07
-6.7144777e-08
2.5318515e-07
-3.9328255e-08
2.8286656e-07
-8.5132857e-09
3.1614324e-07
1.9933103e-08
3.4911904e-07
4.2303468e-08
3.7922096e-07
5.7749792e-08
6.7153565e-08
4.0601405e-07
-6.5037928e-09
-2.181116e-08
-1.3933349e-08
-8.2029383e-09
-2.0874349e-08
1.3816354e-08
-2.4927507e-08
4.1505313e-08
-2.3173502e-08
6.9323624e-08
-1.2740359e-08
8.807599e-08
8.5364381e-09
8.9596589e-08
4.0183904e-08
7.031774e-08
7.8473996e-08
3.3659391e-08
1.1991982e-07
-1.3739392e-08
1.6128698e-07
-6.4739482e-08
1.9868206e-07
-1.1101895e-07
2.2840512e-07
-1.4550111e-07
2.4876309e-07
-1.6548084e-07
2.6016252e-07
-1.7157766e-07
2.6607653e-07
-1.6758415e-07
2.678546e-07
-1.5790869e-07
2.6714949e-07
-1.4547126e-07
2.6514294e-07
-1.3197432e-07
2.6180917e-07
-1.1830631e-07
2.5615914e-07
-1.0502409e-07
2.4815811e-07
-9.2537272e-08
2.410174e-07
-8.0354279e-08
2.4049911e-07
-6.6626489e-08
2.5077019e-07
-4.9599337e-08
2.7188042e-07
-2.9623522e-08
3.0089513e-07
-9.0815986e-09
3.3391458e-07
9.284012e-09
3.675831e-07
2.408127e-08
3.3816694e-08
4.0091997e-07
-6.2473278e-09
-1.5563831e-08
-1.2515056e-08
-1.9352092e-09
-1.7136417e-08
1.8437718e-08
-1.7286876e-08
4.1655773e-08
-9.7619922e-09
6.1798741e-08
8.1163246e-09
7.0197674e-08
3.7053335e-08
6.0659579e-08
7.452595e-08
3.2845125e-08
1.1719563e-07
-9.0102852e-09
1.6214553e-07
-5.8689297e-08
2.0466012e-07
-1.0725407e-07
2.3927792e-07
-1.4563675e-07
2.6314226e-07
-1.6936544e-07
2.7662575e-07
-1.7896433e-07
2.8262491e-07
-1.7757682e-07
2.84239e-07
-1.6919824e-07
2.8365107e-07
-1.5732075e-07
2.8236432e-07
-1.4418452e-07
2.8124401e-07
-1.3085401e-07
2.8060539e-07
-1.1766769e-07
2.8017027e-07
-1.0458897e-07
2.7920898e-07
-9.1575985e-08
2.7761149e-07
-7.8756785e-08
2.7718643e-07
-6.6201429e-08
2.8129935e-07
-5.3712266e-08
2.9275841e-07
-4.1082576e-08
3.1224597e-07
-2.856916e-08
3.3876833e-07
-1.7238355e-08
3.7103806e-07
-8.1884582e-09
-2.9912576e-09
4.0784601e-07
-5.8579366e-09
-9.7058938e-09
-1.0455343e-08
2.6621991e-09
-1.1963756e-08
1.9946132e-08
-7.3414741e-09
3.7033492e-08
6.3911079e-09
4.806616e-08
3.1000023e-08
4.558876e-08
6.5364908e-08
2.6294693e-08
1.0716627e-07
-8.9562401e-09
1.5414569e-07
-5.5989703e-08
2.0107127e-07
-1.0561488e-07
2.40495e-07
-1.466778e-07
2.6784392e-07
-1.7298567e-07
2.8357996e-07
-1.8510148e-07
2.9077282e-07
-1.8615719e-07
2.9291198e-07
-1.7971598e-07
2.9287215e-07
-1.691584e-07
2.9251696e-07
-1.5696556e-07
2.9283439e-07
-1.4450196e-07
2.9428083e-07
-1.3230045e-07
2.9707798e-07
-1.2046484e-07
3.014066e-07
-1.089176e-07
3.0739057e-07
-9.7559954e-08
3.1503253e-07
-8.6398743e-08
3.2444261e-07
-7.5611511e-08
3.3625341e-07
-6.5523069e-08
3.5168967e-07
-5.6518834e-08
3.7211223e-07
-4.8991726e-08
3.9825043e-07
-4.3376556e-08
4.2989232e-07
-3.9830342e-08
-3.947574e-08
4.663768e-07
-5.421372e-09
-4.2845208e-09
-8.0559767e-09
5.2968054e-09
-6.075599e-09
1.7965756e-08
3.3733398e-09
2.7584554e-08
2.2862494e-08
2.8577006e-08
5.2671534e-08
1.577972e-08
9.188422e-08
-1.2917993e-08
1.3932481e-07
-5.6396831e-08
1.8948224e-07
-1.0614713e-07
2.3288237e-07
-1.4901501e-07
2.630388e-07
-1.7683423e-07
2.8082371e-07
-1.9077058e-07
2.8996028e-07
-1.9423805e-07
2.9365779e-07
-1.898547e-07
2.949197e-07
-1.809779e-07
2.9590677e-07
-1.7014547e-07
2.9776099e-07
-1.5881978e-07
3.0095606e-07
-1.4769703e-07
3.0567242e-07
-1.3701682e-07
3.1202062e-07
-1.2681303e-07
3.2018052e-07
-1.170775e-07
3.3046092e-07
-1.0784036e-07
3.4326202e-07
-9.9199843e-08
3.5897549e-07
-9.1324983e-08
3.7789716e-07
-8.4444735e-08
4.0020188e-07
-7.8823555e-08
4.2593463e-07
-7.4724475e-08
4.5492896e-07
-7.237089e-08
4.8688385e-07
-7.1785232e-08
-7.3499883e-08
5.2090799e-07
-4.9805492e-09
6.9602952e-10
-5.5938266e-09
5.9100844e-09
-4.2325845e-11
1.2414257e-08
1.3837364e-08
1.3704865e-08
3.8370311e-08
4.0440605e-09
7.3976756e-08
-1.9826724e-08
1.2035082e-07
-5.9292053e-08
1.7221139e-07
-1.0825741e-07
2.184079e-07
-1.5234364e-07
2.507147e-07
-1.8132182e-07
2.7044777e-07
-1.965673e-07
2.819133e-07
-2.022361e-07
2.8773133e-07
-2.0005608e-07
2.908861e-07
-1.9300947e-07
2.9359847e-07
-1.8369027e-07
2.970912e-07
-1.736382e-07
3.018953e-07
-1.6362389e-07
3.0819272e-07
-1.5399445e-07
3.1604882e-07
-1.4487292e-07
3.2553899e-07
-1.363032e-07
3.3679806e-07
-1.2833657e-07
3.5001827e-07
-1.2106057e-07
3.6541767e-07
-1.1459924e-07
3.8319223e-07
-1.0909954e-07
4.0345815e-07
-1.0471066e-07
4.2619315e-07
-1.0155855e-07
4.51195e-07
-9.9726328e-08
4.7806639e-07
-9.9242283e-08
5.0626962e-07
-9.9988462e-08
-1.0218829e-07
5.3495803e-07
-4.5015444e-09
5.1975751e-09
-3.1995851e-09
4.6081268e-09
5.508236e-09
3.7064377e-09
2.4300712e-08
-5.0876093e-09
5.5509191e-08
-2.7164417e-08
9.9414962e-08
-6.3732496e-08
1.5108886e-07
-1.1096595e-07
1.9905044e-07
-1.5621898e-07
2.3328037e-07
-1.8657357e-07
2.5480861e-07
-2.0285005e-07
2.6852462e-07
-2.1028331e-07
2.7672869e-07
-2.1044018e-07
2.8208617e-07
-2.0541356e-07
2.8673982e-07
-1.9766311e-07
2.9193135e-07
-1.888818e-07
2.9822888e-07
-1.7993573e-07
3.0584525e-07
-1.7124025e-07
3.1484512e-07
-1.6299432e-07
3.2526801e-07
-1.5529581e-07
3.3718291e-07
-1.4821809e-07
3.5069132e-07
-1.4184499e-07
3.6590105e-07
-1.3627031e-07
3.8289311e-07
-1.315913e-07
4.016865e-07
-1.2789294e-07
4.2220901e-07
-1.2523316e-07
4.4427328e-07
-1.2362282e-07
4.6758576e-07
-1.2303881e-07
4.9173858e-07
-1.233951e-07
5.1626877e-07
-1.2451865e-07
-1.2646604e-07
5.4054652e-07
-4.0094232e-09
9.2069995e-09
-7.4081821e-10
1.3395235e-09
1.1932535e-08
-8.9669138e-09
3.7669375e-08
-3.0824448e-08
7.7680127e-08
-6.7175169e-08
1.2735255e-07
-1.1340492e-07
1.7594311e-07
-1.5955651e-07
2.1227541e-07
-1.9255128e-07
2.3553664e-07
-2.098348e-07
2.5127831e-07
-2.1859173e-07
2.6199142e-07
-2.2099642e-07
2.6968342e-07
-2.1813219e-07
2.7633851e-07
-2.1206865e-07
2.8321332e-07
-2.0453792e-07
2.9090627e-07
-1.9657475e-07
2.9965829e-07
-1.8868775e-07
3.0956135e-07
-1.8114332e-07
3.2066272e-07
-1.7409568e-07
3.3301451e-07
-1.6764761e-07
3.466823e-07
-1.6188588e-07
3.6172934e-07
-1.5689203e-07
3.7818923e-07
-1.527302e-07
3.9605164e-07
-1.4945371e-07
4.1523486e-07
-1.4707617e-07
4.3557836e-07
-1.4557667e-07
4.5683973e-07
-1.4488419e-07
4.7874527e-07
-1.4494435e-07
5.0090003e-07
-1.4554987e-07
5.2300407e-07
-1.4662269e-07
-1.4803548e-07
5.445735e-07
-3.4335872e-09
1.2640588e-08
2.2599282e-09
-4.3539901e-09
2.1105162e-08
-2.7812146e-08
5.5544939e-08
-6.5264224e-08
1.0211185e-07
-1.1374208e-07
1.5051291e-07
-1.6180598e-07
1.8908738e-07
-1.9813099e-07
2.14165e-07
-2.176289e-07
2.3154726e-07
-2.2721706e-07
2.4463946e-07
-2.3168393e-07
2.5468654e-07
-2.310435e-07
2.633322e-07
-2.2677785e-07
2.7179842e-07
-2.2053487e-07
2.8075603e-07
-2.1349553e-07
2.9049503e-07
-2.0631375e-07
3.0114336e-07
-1.9933608e-07
3.127757e-07
-1.9277566e-07
3.2545367e-07
-1.8677365e-07
3.3923664e-07
-1.8143058e-07
3.5417196e-07
-1.768212e-07
3.7027992e-07
-1.7299999e-07
3.8753561e-07
-1.6998589e-07
4.0587952e-07
-1.6779762e-07
4.2515945e-07
-1.663561e-07
4.4516316e-07
-1.6558038e-07
4.6561287e-07
-1.653339e-07
4.8627132e-07
-1.6560281e-07
5.0665939e-07
-1.6593794e-07
5.2672652e-07
-1.6668982e-07
-1.6727414e-07
5.4596518e-07
-2.504398e-09
1.5144987e-08
7.0529729e-09
-1.3911359e-08
3.3670649e-08
-5.442982e-08
7.5469535e-08
-1.0706311e-07
1.2305952e-07
-1.6133206e-07
1.6370016e-07
-2.0244662e-07
1.910045e-07
-2.2543533e-07
2.09961e-07
-2.365854e-07
2.2539933e-07
-2.4265538e-07
2.3777036e-07
-2.4405497e-07
2.4837546e-07
-2.416486e-07
2.5835596e-07
-2.3675835e-07
2.6845791e-07
-2.3063682e-07
2.7906155e-07
-2.2409916e-07
2.9034849e-07
-2.1760069e-07
3.0242903e-07
-2.1141663e-07
3.1538649e-07
-2.0573313e-07
3.2928637e-07
-2.0067353e-07
3.4417358e-07
-1.9631779e-07
3.6006109e-07
-1.9270871e-07
3.7692208e-07
-1.8986098e-07
3.9468456e-07
-1.8774838e-07
4.132426e-07
-1.8635567e-07
4.3235321e-07
-1.854667e-07
4.5184643e-07
-1.8507361e-07
4.7141264e-07
-1.8490011e-07
4.9072163e-07
-1.8491181e-07
5.0937993e-07
-1.8459624e-07
5.2760533e-07
-1.8491522e-07
-1.8308701e-07
5.434182e-07
-9.702019e-10
1.611519e-08
1.3950753e-08
-2.8832312e-08
4.8249948e-08
-8.8729013e-08
9.3633037e-08
-1.524462e-07
1.3638824e-07
-2.0408727e-07
1.6693112e-07
-2.3298949e-07
1.8792309e-07
-2.4642731e-07
2.0517538e-07
-2.5383769e-07
2.1949913e-07
-2.5697914e-07
2.3190114e-07
-2.5645698e-07
2.4332476e-07
-2.5307222e-07
2.5450939e-07
-2.4794298e-07
2.6591128e-07
-2.4203871e-07
2.7777956e-07
-2.3596744e-07
2.9026634e-07
-2.3008747e-07
3.0348363e-07
-2.2463391e-07
3.1751485e-07
-2.1976435e-07
3.3241368e-07
-2.1557236e-07
3.4819865e-07
-2.1210276e-07
3.6484559e-07
-2.0935566e-07
3.8228585e-07
-2.0730124e-07
4.0041939e-07
-2.0588192e-07
4.1901752e-07
-2.049538e-07
4.3770754e-07
-2.0415672e-07
4.5636539e-07
-2.0373146e-07
4.7464013e-07
-2.0317485e-07
4.9207016e-07
-2.0234184e-07
5.0778636e-07
-2.0031244e-07
5.2079916e-07
-1.9792802e-07
-1.8837298e-07
5.2608513e-07
1.2272323e-09
1.4887959e-08
2.251346e-08
-5.0118538e-08
6.2687317e-08
-1.2890287e-07
1.072216e-07
-1.9698048e-07
1.4222635e-07
-2.3909202e-07
1.6571368e-07
-2.5647682e-07
1.8402913e-07
-2.6474275e-07
1.9994931e-07
-2.6975787e-07
2.1404385e-07
-2.7107368e-07
2.2689788e-07
-2.6931101e-07
2.3916174e-07
-2.6533608e-07
2.5134728e-07
-2.6012852e-07
2.6377931e-07
-2.5447074e-07
2.7666131e-07
-2.4884944e-07
2.9013619e-07
-2.4356236e-07
3.0430879e-07
-2.3880651e-07
3.1924701e-07
-2.3470257e-07
3.3497919e-07
-2.3130454e-07
3.5148951e-07
-2.2861308e-07
3.6871446e-07
-2.2658061e-07
3.8653699e-07
-2.2512377e-07
4.0472025e-07
-2.2406518e-07
4.2299238e-07
-2.2322592e-07
4.4122237e-07
-2.2238672e-07
4.5885245e-07
-2.2136154e-07
4.7455388e-07
-2.1887628e-07
4.8622771e-07
-2.1401567e-07
4.9127875e-07
-2.0536348e-07
4.8693225e-07
-1.9358153e-07
-1.6938516e-07
4.6794443e-07
4.0474292e-09
1.0840532e-08
3.1862939e-08
-7.7934047e-08
7.5205413e-08
-1.7224534e-07
1.1525355e-07
-2.3702861e-07
1.4245705e-07
-2.6629552e-07
1.6218555e-07
-2.7620532e-07
1.7962872e-07
-2.8218593e-07
1.9514949e-07
-2.8527864e-07
2.0932397e-07
-2.8524816e-07
2.2262703e-07
-2.8261407e-07
2.3555685e-07
-2.782659e-07
2.4851385e-07
-2.7308553e-07
2.6176417e-07
-2.6772106e-07
2.7548523e-07
-2.625705e-07
2.8980159e-07
-2.5787872e-07
3.0479314e-07
-2.5379806e-07
3.204903e-07
-2.5039973e-07
3.3686721e-07
-2.4768146e-07
3.5383361e-07
-2.4557948e-07
3.7122923e-07
-2.4397623e-07
3.8880324e-07
-2.4269779e-07
4.06218e-07
-2.4147994e-07
4.2293287e-07
-2.3994081e-07
4.3784816e-07
-2.3730201e-07
4.4891769e-07
-2.3243107e-07
4.5364571e-07
-2.236043e-07
4.488695e-07
-2.0923947e-07
4.3166839e-07
-1.8816237e-07
3.9915269e-07
-1.6106583e-07
-1.2061355e-07
3.5038108e-07
7.2814562e-09
4.0889495e-08
8.437876e-08
1.1839155e-07
1.4068934e-07
1.590357e-07
1.7573201e-07
1.9114286e-07
2.0551214e-07
2.1921654e-07
2.3268537e-07
2.4626164e-07
2.6017341e-07
2.7457544e-07
2.8957047e-07
3.0520552e-07
3.2145854e-07
3.3822439e-07
3.5529661e-07
3.7233486e-07
3.887898e-07
4.0376579e-07
4.1572629e-07
4.2226689e-07
4.1998924e-07
4.0484146e-07
3.7287441e-07
3.2118074e-07
2.5050866e-07
1.6960649e-07
1.7016284e-07
-3.8776051e-09
1.7071367e-07
-5.5082851e-10
1.692773e-07
1.4363626e-09
1.6605261e-07
3.2246897e-09
1.6185897e-07
4.1936442e-09
1.5747372e-07
4.385245e-09
1.5320252e-07
4.2712003e-09
1.4908699e-07
4.1155356e-09
1.4517354e-07
3.9134512e-09
1.414996e-07
3.6739397e-09
1.3805078e-07
3.4488187e-09
1.347752e-07
3.275579e-09
1.3162941e-07
3.1457855e-09
1.2857883e-07
3.0505766e-09
1.2560908e-07
2.9697519e-09
1.2273427e-07
2.8748152e-09
1.1999278e-07
2.7414824e-09
1.1743191e-07
2.5608774e-09
1.1509427e-07
2.337636e-09
1.1301695e-07
2.0773214e-09
1.1122656e-07
1.7903841e-09
1.0973597e-07
1.4905942e-09
1.0854485e-07
1.1911193e-09
1.0764095e-07
9.039035e-10
1.0699308e-07
6.4786676e-10
1.0656323e-07
4.2985118e-10
1.0633011e-07
2.3311348e-10
1.0623475e-07
9.5361328e-11
1.0621402e-07
2.0727165e-11
1.0621806e-07
-4.0309976e-12
1.0621154e-07
6.5109076e-12
1.0615306e-07
5.8483685e-11
1.05991e-07
1.6206016e-10
1.0569183e-07
2.9917155e-10
1.0524246e-07
4.4937025e-10
1.046573e-07
5.8516191e-10
1.039554e-07
7.0189153e-10
1.0316331e-07
7.9209398e-10
1.0232572e-07
8.3758536e-10
1.0149213e-07
8.3359511e-10
1.0070837e-07
7.837554e-10
1.0001753e-07
6.9084408e-10
9.9447836e-08
5.6969406e-10
9.9012684e-08
4.3515231e-10
9.8720661e-08
2.920229e-10
9.8578629e-08
1.4203118e-10
9.8576302e-08
2.3273635e-12
9.8696225e-08
-1.1992299e-10
9.890291e-08
-2.0668484e-10
9.9164769e-08
-2.6185924e-10
9.9453081e-08
-2.883121e-10
9.9739652e-08
-2.8657121e-10
9.9997501e-08
-2.5784908e-10
1.0018562e-07
-1.8811658e-10
1.0027356e-07
-8.7946254e-11
1.0023396e-07
3.9604521e-11
1.0005045e-07
1.835078e-10
9.9715324e-08
3.3512763e-10
9.9232857e-08
4.8246667e-10
9.863301e-08
5.9984721e-10
9.7949276e-08
6.8373437e-10
9.7218035e-08
7.3124108e-10
9.6473304e-08
7.4473042e-10
9.5753371e-08
7.1993336e-10
9.5099384e-08
6.5398702e-10
9.4549421e-08
5.4996307e-10
9.4133079e-08
4.1634116e-10
9.3862944e-08
2.7013589e-10
9.3738538e-08
1.2440525e-10
9.3754928e-08
-1.6389867e-11
9.3885389e-08
-1.3046075e-10
9.4097642e-08
-2.1225328e-10
9.4357944e-08
-2.6030227e-10
9.4636115e-08
-2.781711e-10
9.4909876e-08
-2.7376077e-10
9.5141072e-08
-2.3119576e-10
9.5294474e-08
-1.5340216e-10
9.5354974e-08
-6.0499939e-11
9.5303299e-08
5.1675106e-11
9.5131331e-08
1.7196739e-10
9.4831431e-08
2.9990047e-10
9.4412788e-08
4.1864298e-10
9.3894675e-08
5.1811339e-10
9.3303219e-08
5.9145542e-10
9.2663797e-08
6.3942195e-10
9.2005584e-08
6.5821385e-10
9.1363908e-08
6.4167504e-10
9.0772374e-08
5.9153472e-10
9.0258719e-08
5.136544e-10
8.9843169e-08
4.1555079e-10
8.9540231e-08
3.0293764e-10
8.9363478e-08
1.7675277e-10
8.931931e-08
4.416811e-11
8.9382778e-08
-6.3468271e-11
8.9529993e-08
-1.4721471e-10
8.9731774e-08
-2.0178109e-10
8.99594e-08
-2.2762594e-10
9.0190552e-08
-2.3115172e-10
9.0398091e-08
-2.0753921e-10
9.056111e-08
-1.6301855e-10
9.0664383e-08
-1.0327353e-10
9.0688453e-08
-2.4070226e-11
9.0617507e-08
7.0946433e-11
9.0444317e-08
1.731901e-10
9.0171401e-08
2.7291574e-10
8.9808619e-08
3.627821e-10
8.9368351e-08
4.402681e-10
8.8863615e-08
5.0473621e-10
8.8314623e-08
5.489916e-10
8.7748277e-08
5.663468e-10
8.7192776e-08
5.5550062e-10
8.6674933e-08
5.1784346e-10
8.6218641e-08
4.5629159e-10
8.5845799e-08
3.7284232e-10
8.5576461e-08
2.6933784e-10
8.5424101e-08
1.5235995e-10
8.5390147e-08
3.3954253e-11
8.544522e-08
-5.5072787e-11
8.5573489e-08
-1.2826889e-10
8.5751916e-08
-1.7842765e-10
8.5955807e-08
-2.03891e-10
8.6170289e-08
-2.1448155e-10
8.6375784e-08
-2.0549532e-10
8.6549244e-08
-1.7346004e-10
8.6668618e-08
-1.1937358e-10
8.6711437e-08
-4.2819105e-11
8.6671569e-08
3.98678e-11
8.6546799e-08
1.2477007e-10
8.6335749e-08
2.1104976e-10
8.6039723e-08
2.9602599e-10
8.566426e-08
3.7546334e-10
8.5222391e-08
4.4186935e-10
8.4734753e-08
4.8763808e-10
8.4226697e-08
5.0805604e-10
8.3723864e-08
5.0283266e-10
8.3251523e-08
4.7234131e-10
8.283407e-08
4.1745343e-10
8.2493534e-08
3.4053526e-10
8.2247315e-08
2.46219e-10
8.210391e-08
1.4340548e-10
8.2063893e-08
4.0016732e-11
8.2105755e-08
-4.1862228e-11
8.2216505e-08
-1.1074987e-10
8.2379866e-08
-1.6336107e-10
8.2576832e-08
-1.9696578e-10
8.2787875e-08
-2.1104265e-10
8.2993838e-08
-2.0596312e-10
8.3174037e-08
-1.8019923e-10
8.3307773e-08
-1.3373591e-10
8.337672e-08
-6.8946967e-11
8.3369835e-08
6.8852729e-12
8.3292205e-08
7.7630446e-11
8.3136367e-08
1.5583744e-10
8.2901021e-08
2.3534647e-10
8.2590735e-08
3.1028629e-10
8.2217669e-08
3.7306547e-10
8.1800742e-08
4.1692693e-10
8.1361514e-08
4.3922903e-10
8.0922565e-08
4.3894865e-10
8.0506912e-08
4.1565253e-10
8.0136329e-08
3.7058395e-10
7.9829669e-08
3.0665948e-10
7.9600709e-08
2.2896044e-10
7.9457054e-08
1.4365481e-10
7.9401676e-08
5.5378163e-11
7.9423549e-08
-2.1873628e-11
7.9509744e-08
-8.6194298e-11
7.9648876e-08
-1.3913186e-10
7.9825466e-08
-1.7659076e-10
8.0022499e-08
-1.9703233e-10
8.0222723e-08
-2.0022404e-10
8.0408532e-08
-1.8580879e-10
8.0562917e-08
-1.5438525e-10
8.0672274e-08
-1.0935737e-10
8.0725131e-08
-5.2857016e-11
8.0715225e-08
9.9065217e-12
8.0642359e-08
7.2865711e-11
8.0500923e-08
1.414362e-10
8.0292722e-08
2.0820134e-10
8.0027209e-08
2.6551252e-10
7.9719776e-08
3.0743309e-10
7.9388086e-08
3.3169021e-10
7.905157e-08
3.3651583e-10
7.8729984e-08
3.215857e-10
7.8441959e-08
2.8802563e-10
7.8203932e-08
2.3802659e-10
7.8029167e-08
1.7476568e-10
7.7927989e-08
1.0117724e-10
7.7909482e-08
1.8506916e-11
7.7963213e-08
-5.3730375e-11
7.8087482e-08
-1.2426886e-10
7.8272562e-08
-1.8508025e-10
7.8504329e-08
-2.3176749e-10
7.8766924e-08
-2.6259475e-10
7.9043789e-08
-2.7686486e-10
7.9317154e-08
-2.7336468e-10
7.9569227e-08
-2.5207336e-10
7.9777387e-08
-2.0816027e-10
7.9929157e-08
-1.5176914e-10
-1.5526357e-11
3.4111654e-07
1.3752476e-09
3.3722807e-07
3.3376405e-09
3.3457939e-07
4.0850434e-09
3.3321696e-07
4.5871243e-09
3.3241003e-07
5.0005733e-09
3.3166747e-07
5.1277995e-09
3.3092162e-07
5.0170496e-09
3.3013468e-07
4.9024786e-09
3.2921452e-07
4.8336044e-09
3.2808469e-07
4.8037714e-09
3.2667993e-07
4.8535806e-09
3.2494887e-07
5.0066354e-09
3.2284837e-07
5.2462866e-09
3.2037798e-07
5.5209716e-09
3.1759723e-07
5.7504965e-09
3.1459892e-07
5.8731311e-09
3.1150637e-07
5.8340233e-09
3.0844555e-07
5.621701e-09
3.0552549e-07
5.257691e-09
3.0284512e-07
4.7576926e-09
3.0047852e-07
4.1569895e-09
2.984691e-07
3.5000126e-09
2.9683032e-07
2.8298997e-09
2.9554797e-07
2.1862514e-09
2.9458713e-07
1.6087035e-09
2.9389316e-07
1.1238268e-09
2.933973e-07
7.2897021e-10
2.9301539e-07
4.7727134e-10
2.9265821e-07
3.7791057e-10
2.9226901e-07
3.8516129e-10
2.9179502e-07
4.8050325e-10
2.9113335e-07
7.2015361e-10
2.9022496e-07
1.0704489e-09
2.8905881e-07
1.4653194e-09
2.8765913e-07
1.8490512e-09
2.8610292e-07
2.1413783e-09
2.8443266e-07
2.3721513e-09
2.8267641e-07
2.5483436e-09
2.8091918e-07
2.5948078e-09
2.7925156e-07
2.5012193e-09
2.7774802e-07
2.2872936e-09
2.7647315e-07
1.965716e-09
2.7543284e-07
1.610004e-09
2.7460199e-07
1.2659996e-09
2.7397117e-07
9.2284835e-10
2.735674e-07
5.457964e-10
2.7338729e-07
1.824401e-10
2.7334861e-07
-8.1242248e-11
2.733815e-07
-2.3957456e-10
2.7343152e-07
-3.1188203e-10
2.7347174e-07
-3.2853612e-10
2.7347697e-07
-2.9179462e-10
2.7339677e-07
-1.7765379e-10
2.7316559e-07
4.3062719e-11
2.7275598e-07
3.2167046e-10
2.7217092e-07
6.2466197e-10
2.7142954e-07
9.2488266e-10
2.7055436e-07
1.2103113e-09
2.6953764e-07
1.4991847e-09
2.683953e-07
1.7421887e-09
2.6717784e-07
1.9011918e-09
2.6594243e-07
1.9666582e-09
2.6472611e-07
1.9610475e-09
2.6357548e-07
1.8705613e-09
2.6253773e-07
1.6917379e-09
2.6165899e-07
1.4287058e-09
2.6098212e-07
1.0932071e-09
2.6051343e-07
7.388321e-10
2.6023599e-07
4.0184508e-10
2.6013387e-07
8.5724875e-11
2.6014934e-07
-1.4593023e-10
2.6023291e-07
-2.9582e-10
2.6033314e-07
-3.6053662e-10
2.6042724e-07
-3.7226707e-10
2.6048332e-07
-3.2984839e-10
2.6045715e-07
-2.0501981e-10
2.6029441e-07
9.3409857e-12
2.6000582e-07
2.2808201e-10
2.5959214e-07
4.6535451e-10
2.5903776e-07
7.263499e-10
2.5833746e-07
1.0002064e-09
2.5749907e-07
1.2570245e-09
2.565501e-07
1.4670911e-09
2.5553262e-07
1.608933e-09
2.5447552e-07
1.6965203e-09
2.5341648e-07
1.7172585e-09
2.5240666e-07
1.6514941e-09
2.5148874e-07
1.509449e-09
2.5069272e-07
1.3096803e-09
2.5003365e-07
1.074615e-09
2.495174e-07
8.1919175e-10
2.4915668e-07
5.3747319e-10
2.4895316e-07
2.4768418e-10
2.4888795e-07
1.747688e-12
2.4891353e-07
-1.7279753e-10
2.4897143e-07
-2.5968649e-10
2.4903602e-07
-2.9221384e-10
2.4907987e-07
-2.7499734e-10
2.4907316e-07
-2.0083026e-10
2.4898823e-07
-7.8091795e-11
2.4883035e-07
5.4611729e-11
2.4858996e-07
2.1631594e-10
2.4823371e-07
4.2720232e-10
2.4774834e-07
6.5855856e-10
2.4714267e-07
8.7858527e-10
2.4643413e-07
1.0713242e-09
2.4563858e-07
1.2358108e-09
2.4476718e-07
1.3761433e-09
2.4385245e-07
1.4637181e-09
2.4293897e-07
1.479824e-09
2.4206365e-07
1.4308258e-09
2.4125347e-07
1.3280195e-09
2.4053231e-07
1.1774493e-09
2.3992278e-07
9.8237211e-10
2.3944698e-07
7.4514269e-10
2.3912158e-07
4.7775766e-10
2.3893222e-07
2.2331502e-10
2.38858e-07
1.9147905e-11
2.3887816e-07
-1.4842506e-10
2.3893909e-07
-2.3936029e-10
2.390052e-07
-2.6999742e-10
2.3906006e-07
-2.6935125e-10
2.3909201e-07
-2.3743662e-10
2.3907901e-07
-1.6046795e-10
2.389968e-07
-3.7157162e-11
2.3882658e-07
1.2740217e-10
2.3854899e-07
3.1745052e-10
2.3816473e-07
5.0903765e-10
2.3767057e-07
7.0520724e-10
2.3706363e-07
9.0296224e-10
2.3635804e-07
1.0810567e-09
2.355821e-07
1.2178113e-09
2.3477131e-07
1.2984214e-09
2.3395831e-07
1.3210604e-09
2.3316994e-07
1.2912036e-09
2.324343e-07
1.2079764e-09
2.3177998e-07
1.0717725e-09
2.3123224e-07
8.8827625e-10
2.3081042e-07
6.6803839e-10
2.3051951e-07
4.3431562e-10
2.3034636e-07
2.1317359e-10
2.3027944e-07
2.5059173e-11
2.3030192e-07
-1.3322986e-10
2.3037111e-07
-2.3255417e-10
2.3045642e-07
-2.8227866e-10
2.3054082e-07
-2.9544453e-10
2.3061059e-07
-2.7572638e-10
2.3064254e-07
-2.1215297e-10
2.3061245e-07
-1.0364526e-10
2.3049965e-07
4.3849598e-11
2.3029497e-07
2.1157243e-10
2.2999108e-07
3.8151942e-10
2.2958226e-07
5.6465557e-10
2.2907354e-07
7.4406876e-10
2.2848066e-07
9.0316404e-10
2.2782617e-07
1.0275536e-09
2.2713654e-07
1.1065626e-09
2.2643633e-07
1.1394385e-09
2.2575159e-07
1.1236845e-09
2.2511005e-07
1.0571939e-09
2.2453723e-07
9.4340542e-10
2.240543e-07
7.8959015e-10
2.2367389e-07
6.0937114e-10
2.2339983e-07
4.1771533e-10
2.2322969e-07
2.2551258e-10
2.2315805e-07
4.9772467e-11
2.2316782e-07
-9.596645e-11
2.2322748e-07
-1.9878943e-10
2.2331614e-07
-2.652577e-10
2.2341676e-07
-2.9764614e-10
2.2351043e-07
-2.938964e-10
2.2357746e-07
-2.5284061e-10
2.2359844e-07
-1.7536297e-10
2.2356107e-07
-7.1992751e-11
2.23455e-07
5.3220898e-11
2.2327079e-07
1.9410885e-10
2.2299753e-07
3.4612546e-10
2.2263889e-07
5.0007835e-10
2.2220561e-07
6.4148314e-10
2.2171516e-07
7.5596535e-10
2.2118758e-07
8.3501442e-10
2.2064377e-07
8.7549249e-10
2.2010774e-07
8.7255153e-10
2.1960354e-07
8.2578276e-10
2.1915261e-07
7.3895718e-10
2.1877277e-07
6.1786405e-10
2.1847618e-07
4.713536e-10
2.1827191e-07
3.0545157e-10
2.1816473e-07
1.2569186e-10
2.1816216e-07
-5.1163735e-11
2.1824752e-07
-2.096349e-10
2.1840001e-07
-3.3756684e-10
2.1859945e-07
-4.3121022e-10
2.1882881e-07
-4.9194632e-10
2.1906948e-07
-5.1754294e-10
2.1930266e-07
-5.065403e-10
2.1951132e-07
-4.6073366e-10
2.1967644e-07
-3.7328405e-10
2.197918e-07
-2.6712891e-10
1.0485166e-12
4.5786204e-07
6.1119352e-09
4.5433371e-07
6.8659714e-09
4.5186601e-07
6.5527386e-09
4.5045683e-07
5.996308e-09
4.4983472e-07
5.622683e-09
4.4967228e-07
5.2902417e-09
4.4980574e-07
4.8835833e-09
4.5015142e-07
4.5568015e-09
4.5053906e-07
4.4459587e-09
4.5085306e-07
4.4897773e-09
4.5103464e-07
4.6720023e-09
4.5101346e-07
5.0278137e-09
4.5057922e-07
5.6805188e-09
4.495723e-07
6.5278975e-09
4.4794504e-07
7.3777587e-09
4.4572496e-07
8.0932098e-09
4.4306915e-07
8.4898258e-09
4.4017256e-07
8.5182986e-09
4.3713415e-07
8.2961003e-09
4.3411441e-07
7.7774311e-09
4.3127868e-07
6.9927177e-09
4.2877274e-07
6.005954e-09
4.2670187e-07
4.9007688e-09
4.2512799e-07
3.7601271e-09
4.2408371e-07
2.6529836e-09
4.2356881e-07
1.6387268e-09
4.23527e-07
7.7078246e-10
4.2389954e-07
1.0472696e-10
4.2462991e-07
-3.524603e-10
4.2559595e-07
-5.8087956e-10
4.2663986e-07
-5.6340041e-10
4.2759215e-07
-2.3214295e-10
4.2821533e-07
4.4726851e-10
4.2832625e-07
1.3544055e-09
4.27784e-07
2.3912955e-09
4.2653415e-07
3.3912275e-09
4.2460784e-07
4.2984659e-09
4.221012e-07
5.0549821e-09
4.1925962e-07
5.4363899e-09
4.1632957e-07
5.4312672e-09
4.134198e-07
5.1970642e-09
4.1069985e-07
4.6856676e-09
4.0833206e-07
3.9777882e-09
4.0644322e-07
3.154841e-09
4.051064e-07
2.2596702e-09
4.0433653e-07
1.3156705e-09
4.0407746e-07
4.4150917e-10
4.0431599e-07
-3.1977802e-10
4.0496683e-07
-8.9040715e-10
4.0591494e-07
-1.259996e-09
4.0698872e-07
-1.4023114e-09
4.0810306e-07
-1.4061347e-09
4.0914324e-07
-1.2178377e-09
4.099965e-07
-8.1019418e-10
4.1053597e-07
-2.1780742e-10
4.1057975e-07
5.8089032e-10
4.1005476e-07
1.4498659e-09
4.0894256e-07
2.322511e-09
4.0728416e-07
3.1575839e-09
4.0516193e-07
3.8644254e-09
4.0276651e-07
4.2966081e-09
4.0033249e-07
4.4006805e-09
3.9789569e-07
4.3978476e-09
3.955754e-07
4.1908485e-09
3.9350971e-07
3.7574321e-09
3.9183651e-07
3.1019063e-09
3.9065389e-07
2.2758217e-09
3.8991094e-07
1.4817857e-09
3.8957477e-07
7.3801301e-10
3.8970128e-07
-4.078743e-11
3.9025228e-07
-6.9692822e-10
3.9108593e-07
-1.1294678e-09
3.9199213e-07
-1.2667434e-09
3.9290314e-07
-1.2832768e-09
3.9372982e-07
-1.156521e-09
3.9438053e-07
-8.557294e-10
3.9477519e-07
-3.8532702e-10
3.9483147e-07
1.7180382e-10
3.9454829e-07
7.4853238e-10
3.9384092e-07
1.4337216e-09
3.9271003e-07
2.1311035e-09
3.9119937e-07
2.7676823e-09
3.893985e-07
3.2679577e-09
3.875043e-07
3.5031397e-09
3.8556284e-07
3.6379721e-09
3.8362172e-07
3.6583772e-09
3.8180108e-07
3.4721365e-09
3.8020854e-07
3.1019905e-09
3.7893299e-07
2.585227e-09
3.7796956e-07
2.0380486e-09
3.7727431e-07
1.5144415e-09
3.7691561e-07
8.9617137e-10
3.7696675e-07
1.9654206e-10
3.7734119e-07
-3.72692e-10
3.7792085e-07
-7.5245348e-10
3.7856069e-07
-8.9952202e-10
3.7918574e-07
-9.1726623e-10
3.7968442e-07
-7.7367646e-10
3.7999305e-07
-5.0946241e-10
3.8013936e-07
-2.2440266e-10
3.8012848e-07
6.5487317e-11
3.7988688e-07
4.5792155e-10
3.7932692e-07
9.8716103e-10
3.7846015e-07
1.5253261e-09
3.7733666e-07
2.0020812e-09
3.7603022e-07
2.3777599e-09
3.7465012e-07
2.6159167e-09
3.7318893e-07
2.8373318e-09
3.7168836e-07
2.96429e-09
3.7023712e-07
2.9310627e-09
3.6890284e-07
2.7651012e-09
3.6773312e-07
2.4977419e-09
3.6674246e-07
2.1681069e-09
3.6594292e-07
1.781911e-09
3.653771e-07
1.310963e-09
3.6513283e-07
7.2203144e-10
3.6518238e-07
1.7376384e-10
3.6542883e-07
-2.2730308e-10
3.6577671e-07
-4.9630093e-10
3.6615368e-07
-6.1633646e-10
3.6648356e-07
-5.9987402e-10
3.667239e-07
-5.0969667e-10
3.6687764e-07
-3.9117245e-10
3.6694026e-07
-2.2308522e-10
3.6686544e-07
3.766374e-11
3.665757e-07
4.1714312e-10
3.6605678e-07
8.3636498e-10
3.6534489e-07
1.2209249e-09
3.6448313e-07
1.5669679e-09
3.6350634e-07
1.8797576e-09
3.6241813e-07
2.1692703e-09
3.6124073e-07
2.3952017e-09
3.6003066e-07
2.5084974e-09
3.5884235e-07
2.5093675e-09
3.5771846e-07
2.4151002e-09
3.5669748e-07
2.2289546e-09
3.5581161e-07
1.9576395e-09
3.5509392e-07
1.6059702e-09
3.5459455e-07
1.1674042e-09
3.5433862e-07
6.9024267e-10
3.542942e-07
2.5759516e-10
3.5440346e-07
-8.4198546e-11
3.5460019e-07
-3.2995567e-10
3.5483174e-07
-4.6411235e-10
3.5504782e-07
-4.9835122e-10
3.5523069e-07
-4.7831737e-10
3.5536379e-07
-4.0882981e-10
3.5542161e-07
-2.6996503e-10
3.553443e-07
-2.6342108e-11
3.5511039e-07
2.7775979e-10
3.5471872e-07
6.0324694e-10
3.542011e-07
8.9913959e-10
3.5356011e-07
1.20564e-09
3.5279562e-07
1.5085576e-09
3.5191779e-07
1.781e-09
3.5095606e-07
1.9892784e-09
3.4995727e-07
2.1053569e-09
3.4895485e-07
2.1418564e-09
3.4799094e-07
2.0876004e-09
3.4710371e-07
1.9444173e-09
3.4632599e-07
1.7211273e-09
3.4569236e-07
1.4232244e-09
3.4522629e-07
1.0754372e-09
3.4493074e-07
7.1326368e-10
3.4479951e-07
3.5674795e-10
3.4481008e-07
3.9195233e-11
3.4490972e-07
-1.9559765e-10
3.4504734e-07
-3.3641557e-10
3.4519578e-07
-4.1369201e-10
3.4533948e-07
-4.4134996e-10
3.4545732e-07
-4.1173363e-10
3.4552488e-07
-3.2040849e-10
3.4550326e-07
-1.5374181e-10
3.4536656e-07
6.4709417e-11
3.4513585e-07
2.8393588e-10
3.4481651e-07
5.1344972e-10
3.4439022e-07
7.7241072e-10
3.4384966e-07
1.0406351e-09
3.4320358e-07
1.2875624e-09
3.4247663e-07
1.4829214e-09
3.4170126e-07
1.6103839e-09
3.4090677e-07
1.6699836e-09
3.4013207e-07
1.6472461e-09
3.3941057e-07
1.5472821e-09
3.3877014e-07
1.3793887e-09
3.3823641e-07
1.1515953e-09
3.3782175e-07
8.8601525e-10
3.3753509e-07
5.9210724e-10
3.373916e-07
2.6919082e-10
3.3738688e-07
-4.6452969e-11
3.3750141e-07
-3.241571e-10
3.3769147e-07
-5.2762935e-10
3.3791613e-07
-6.5586961e-10
3.3816244e-07
-7.3826198e-10
3.3841323e-07
-7.6833173e-10
3.3865124e-07
-7.4455134e-10
3.3886189e-07
-6.7138154e-10
3.3902764e-07
-5.3903013e-10
3.3912957e-07
-3.6905701e-10
2.9470796e-11
5.1843956e-07
9.2087348e-09
5.1588873e-07
9.4168039e-09
5.1373534e-07
8.7061215e-09
5.1222962e-07
7.5020349e-09
5.1154516e-07
6.3071349e-09
5.1162536e-07
5.2100463e-09
5.1232137e-07
4.1875747e-09
5.1351978e-07
3.3583845e-09
5.1510758e-07
2.858165e-09
5.1699549e-07
2.6018592e-09
5.1908222e-07
2.5852795e-09
5.2112899e-07
2.9810417e-09
5.2281272e-07
3.9967813e-09
5.2390591e-07
5.4347124e-09
5.2427289e-07
7.0107826e-09
5.2382129e-07
8.5448084e-09
5.2251526e-07
9.7958477e-09
5.2041036e-07
1.0623201e-08
5.176457e-07
1.1060762e-08
5.144188e-07
1.1004333e-08
5.1096508e-07
1.0446433e-08
5.075338e-07
9.4372391e-09
5.0434929e-07
8.0852716e-09
5.0159499e-07
6.5144356e-09
4.994201e-07
4.8278702e-09
4.9793612e-07
3.1227054e-09
4.9721823e-07
1.4886729e-09
4.9731233e-07
1.0621114e-11
4.9819454e-07
-1.234664e-09
4.9979362e-07
-2.1799582e-09
5.01969e-07
-2.7387876e-09
5.0455975e-07
-2.8228864e-09
5.0737528e-07
-2.3682672e-09
5.1011144e-07
-1.3817536e-09
5.1244935e-07
5.3384695e-11
5.1406041e-07
1.7801668e-09
5.1471223e-07
3.6466539e-09
5.142643e-07
5.5029107e-09
5.126583e-07
7.0423834e-09
5.099694e-07
8.120172e-09
5.0640137e-07
8.7650927e-09
5.0224703e-07
8.8400103e-09
4.978867e-07
8.3381146e-09
4.9371133e-07
7.3302146e-09
4.9002877e-07
5.9422268e-09
4.8703634e-07
4.3080963e-09
4.8490131e-07
2.5765468e-09
4.8372989e-07
8.516398e-10
4.8351259e-07
-6.7310397e-10
4.8418981e-07
-1.9372179e-09
4.8563012e-07
-2.8426276e-09
4.8767846e-07
-3.4544688e-09
4.9012569e-07
-3.6650681e-09
4.9285084e-07
-3.5353451e-09
4.9566072e-07
-3.0276933e-09
4.9836789e-07
-2.1262731e-09
5.0068602e-07
-8.6826537e-10
5.0235181e-07
6.5671997e-10
5.0315763e-07
2.3517598e-09
5.029465e-07
4.0755549e-09
5.016238e-07
5.6193147e-09
4.9919688e-07
6.8276006e-09
4.9579218e-07
7.8025443e-09
4.9177197e-07
8.2110596e-09
4.8747042e-07
8.0589812e-09
4.8321244e-07
7.359886e-09
4.7932297e-07
6.1652892e-09
4.7608653e-07
4.7182288e-09
4.7371243e-07
3.1121094e-09
4.7230683e-07
1.3648136e-09
4.7187588e-07
-2.6597769e-10
4.7235907e-07
-1.6126521e-09
4.7361557e-07
-2.52325e-09
4.7547134e-07
-3.1390396e-09
4.777366e-07
-3.4217858e-09
4.8022678e-07
-3.345906e-09
4.828478e-07
-3.0063484e-09
4.8539598e-07
-2.3763747e-09
4.8763876e-07
-1.4942496e-09
4.8936633e-07
-2.9384476e-10
4.9040764e-07
1.0897875e-09
4.9063074e-07
2.544587e-09
4.8994038e-07
3.9583182e-09
4.8828834e-07
5.1551729e-09
4.8569387e-07
6.2324449e-09
4.8228808e-07
7.0641645e-09
4.7850513e-07
7.2550896e-09
4.7457566e-07
7.0314634e-09
4.7076003e-07
6.4008506e-09
4.6734318e-07
5.4549067e-09
4.6457215e-07
4.285464e-09
4.6261512e-07
2.8532035e-09
4.6154244e-07
1.2692195e-09
4.6136938e-07
-1.9962684e-10
4.6201666e-07
-1.3997372e-09
4.6336641e-07
-2.2492743e-09
4.6523992e-07
-2.7907752e-09
4.67356e-07
-2.8897544e-09
4.6957368e-07
-2.7271376e-09
4.7180873e-07
-2.4594568e-09
4.739123e-07
-2.0380828e-09
4.7569813e-07
-1.3279085e-09
4.7700539e-07
-3.2010079e-10
4.7769872e-07
8.3200192e-10
4.7769356e-07
2.0072371e-09
4.7692585e-07
3.1454748e-09
4.7536694e-07
4.1748243e-09
4.7304377e-07
5.1605033e-09
4.7007548e-07
5.9325743e-09
4.6684552e-07
6.1610281e-09
4.6351881e-07
6.0918116e-09
4.6026961e-07
5.746942e-09
4.5731583e-07
5.1218857e-09
4.5487158e-07
4.226159e-09
4.5309922e-07
3.0833263e-09
4.5207871e-07
1.7425351e-09
4.517895e-07
4.6297802e-10
4.5222003e-07
-6.5783066e-10
4.5326383e-07
-1.540106e-09
4.5478491e-07
-2.1374191e-09
4.5654926e-07
-2.3642144e-09
4.5837849e-07
-2.338931e-09
4.6020107e-07
-2.2137512e-09
4.6190454e-07
-1.926554e-09
4.6336633e-07
-1.4241316e-09
4.644641e-07
-6.8062207e-10
4.6507485e-07
2.2561251e-10
4.6512138e-07
1.1743981e-09
4.6458981e-07
2.0985381e-09
4.6343007e-07
3.0394935e-09
4.6165114e-07
3.9481981e-09
4.5932881e-07
4.7175373e-09
4.5671962e-07
5.1176845e-09
4.5402302e-07
5.2059669e-09
4.5132517e-07
5.1129561e-09
4.487875e-07
4.7666205e-09
4.4657744e-07
4.1676968e-09
4.4486258e-07
3.3208315e-09
4.4374493e-07
2.285055e-09
4.4317033e-07
1.2648394e-09
4.4315226e-07
2.7567053e-10
4.436891e-07
-6.2104035e-10
4.4468593e-07
-1.3267885e-09
4.459968e-07
-1.7749828e-09
4.4741214e-07
-1.9136924e-09
4.4887422e-07
-1.9403911e-09
4.5028097e-07
-1.8155838e-09
4.5152647e-07
-1.5154618e-09
4.5251187e-07
-1.0117432e-09
4.5311496e-07
-3.2532861e-10
4.533034e-07
4.1480371e-10
4.5312836e-07
1.0741832e-09
4.5248341e-07
1.8505884e-09
4.5133299e-07
2.658976e-09
4.4971091e-07
3.403083e-09
4.4773517e-07
3.9650211e-09
4.4563927e-07
4.2012546e-09
4.4347612e-07
4.3050073e-09
4.4136013e-07
4.2035933e-09
4.3941546e-07
3.8890788e-09
4.3776543e-07
3.3711659e-09
4.3652069e-07
2.6679551e-09
4.356939e-07
1.9022275e-09
4.3523224e-07
1.1749319e-09
4.3521525e-07
3.7373606e-10
4.3563334e-07
-3.7889923e-10
4.3641355e-07
-9.758047e-10
4.374221e-07
-1.3449622e-09
4.3851776e-07
-1.5093554e-09
4.3964055e-07
-1.564142e-09
4.4068842e-07
-1.459606e-09
4.4156697e-07
-1.1989504e-09
4.4219721e-07
-7.8398493e-10
4.4255194e-07
-2.9001881e-10
4.4267085e-07
1.6502476e-10
4.4251946e-07
6.6483991e-10
4.4198144e-07
1.3104261e-09
4.4104539e-07
1.9766895e-09
4.397617e-07
2.5712462e-09
4.382499e-07
2.9947253e-09
4.3664549e-07
3.2147928e-09
4.3499256e-07
3.3229129e-09
4.3339274e-07
3.247066e-09
4.3193069e-07
3.0093324e-09
4.3068318e-07
2.6269055e-09
4.2970979e-07
2.1249798e-09
4.2900183e-07
1.5939731e-09
4.2855884e-07
1.0351023e-09
4.2847903e-07
3.4900151e-10
4.2876241e-07
-3.2983187e-10
4.2935089e-07
-9.1263806e-10
4.3015393e-07
-1.3306704e-09
4.310733e-07
-1.5752444e-09
4.3203541e-07
-1.7003696e-09
4.3295853e-07
-1.6914491e-09
4.3377976e-07
-1.5657804e-09
4.3444462e-07
-1.3362436e-09
4.3494787e-07
-1.0422847e-09
4.3532915e-07
-7.5033015e-10
-1.1516451e-10
5.3741844e-07
1.2817427e-08
5.3446054e-07
1.2374696e-08
5.3195377e-07
1.1212892e-08
5.3002033e-07
9.4354827e-09
5.2889787e-07
7.4295896e-09
5.286929e-07
5.4150222e-09
5.2942155e-07
3.4589166e-09
5.311545e-07
1.6254379e-09
5.3397091e-07
4.1753591e-11
5.3762632e-07
-1.0535498e-09
5.4163073e-07
-1.4191369e-09
5.4560779e-07
-9.9601229e-10
5.4947895e-07
1.2562294e-10
5.5307194e-07
1.8417192e-09
5.5598686e-07
4.0958572e-09
5.57878e-07
6.6536769e-09
5.5849055e-07
9.1832978e-09
5.5772747e-07
1.1386277e-08
5.5575296e-07
1.3035269e-08
5.5278716e-07
1.3970135e-08
5.4911829e-07
1.4115306e-08
5.4509065e-07
1.3464877e-08
5.4105357e-07
1.2122352e-08
5.3731909e-07
1.0248917e-08
5.3414232e-07
8.004634e-09
5.3170092e-07
5.5641096e-09
5.3008606e-07
3.1035328e-09
5.2930993e-07
7.8675154e-10
5.2938913e-07
-1.3138642e-09
5.3028423e-07
-3.0750602e-09
5.319926e-07
-4.4471613e-09
5.3452942e-07
-5.3597036e-09
5.3790594e-07
-5.7447878e-09
5.420532e-07
-5.5290145e-09
5.4673113e-07
-4.6245443e-09
5.5145873e-07
-2.9474311e-09
5.5562897e-07
-5.2359245e-10
5.5873641e-07
2.3954763e-09
5.6030244e-07
5.4763563e-09
5.6006537e-07
8.3572412e-09
5.5812467e-07
1.0705788e-08
5.5472008e-07
1.2244604e-08
5.5024e-07
1.2818196e-08
5.4514e-07
1.2430211e-08
5.3985044e-07
1.1231788e-08
5.3477531e-07
9.3832203e-09
5.3033669e-07
7.0151659e-09
5.2678804e-07
4.4002906e-09
5.2426173e-07
1.8532087e-09
5.228356e-07
-5.1108302e-10
5.2255046e-07
-2.5574869e-09
5.232866e-07
-4.1906115e-09
5.249184e-07
-5.2968661e-09
5.2736455e-07
-5.9814994e-09
5.3058047e-07
-6.2436182e-09
5.3452592e-07
-6.0717178e-09
5.3908583e-07
-5.4281774e-09
5.4398226e-07
-4.2397056e-09
5.4876097e-07
-2.4269505e-09
5.5284971e-07
-1.3186784e-11
5.5565617e-07
2.8128493e-09
5.5670286e-07
5.7809121e-09
5.5591523e-07
8.5901789e-09
5.5337098e-07
1.0755304e-08
5.4931747e-07
1.2112497e-08
5.4414311e-07
1.2534242e-08
5.3834286e-07
1.1965541e-08
5.3253989e-07
1.0521204e-08
5.2725088e-07
8.4011145e-09
5.2275672e-07
5.8589743e-09
5.1929653e-07
3.1942109e-09
5.1701543e-07
6.6844503e-10
5.1601144e-07
-1.5192608e-09
5.1615581e-07
-3.2834094e-09
5.1732354e-07
-4.5895107e-09
5.1942647e-07
-5.4488334e-09
5.2235309e-07
-5.9329752e-09
5.2593339e-07
-5.9566742e-09
5.3001382e-07
-5.5746807e-09
5.3450423e-07
-4.7842537e-09
5.3914102e-07
-3.5469988e-09
5.4350641e-07
-1.8208066e-09
5.470916e-07
3.7313536e-10
5.4933869e-07
2.908074e-09
5.4996556e-07
5.6055811e-09
5.4887765e-07
8.1520753e-09
5.461272e-07
1.0005539e-08
5.4192351e-07
1.1235149e-08
5.3664099e-07
1.1683373e-08
5.3084166e-07
1.1254239e-08
5.2512725e-07
9.9998751e-09
5.1991914e-07
8.0613074e-09
5.1551223e-07
5.6761323e-09
5.1217277e-07
3.139835e-09
5.1006821e-07
7.0482286e-10
5.0925299e-07
-1.4340591e-09
5.0963173e-07
-3.1695136e-09
5.1107801e-07
-4.336031e-09
5.1343332e-07
-5.0824489e-09
5.1647832e-07
-5.5044607e-09
5.2000574e-07
-5.5654954e-09
5.2389286e-07
-5.2150368e-09
5.2803423e-07
-4.4614612e-09
5.3220657e-07
-3.340338e-09
5.3604428e-07
-1.8304777e-09
5.3912183e-07
6.7927168e-11
5.4100787e-07
2.2887815e-09
5.4148462e-07
4.6837556e-09
5.4044497e-07
6.9722253e-09
5.3792185e-07
8.6841439e-09
5.3407473e-07
9.9389312e-09
5.2923401e-07
1.0587662e-08
5.2386932e-07
1.048658e-08
5.1849775e-07
9.5977224e-09
5.1355286e-07
8.0282184e-09
5.0931632e-07
5.9790759e-09
5.0605752e-07
3.7217811e-09
5.039512e-07
1.4484836e-09
5.0304262e-07
-6.3151818e-10
5.032837e-07
-2.3785e-09
5.0454217e-07
-3.6226824e-09
5.0662412e-07
-4.4208857e-09
5.0933829e-07
-4.927923e-09
5.1250296e-07
-5.0912251e-09
5.1600126e-07
-4.9224251e-09
5.197051e-07
-4.3844679e-09
5.2341665e-07
-3.4859313e-09
5.2683957e-07
-2.2485225e-09
5.2964018e-07
-7.0207621e-10
5.3149914e-07
1.180535e-09
5.3218881e-07
3.2585262e-09
5.3158203e-07
5.3243236e-09
5.2967265e-07
7.0270642e-09
5.2657184e-07
8.3067699e-09
5.2251207e-07
9.1727275e-09
5.1789312e-07
9.3855675e-09
5.1305708e-07
9.0037466e-09
5.0842811e-07
7.9497942e-09
5.0434163e-07
6.3715369e-09
5.0103733e-07
4.5691447e-09
4.9870626e-07
2.6067405e-09
4.9743738e-07
6.4783746e-10
4.9721069e-07
-1.1001004e-09
4.9794878e-07
-2.5130749e-09
4.9951575e-07
-3.4806587e-09
5.0174742e-07
-4.172059e-09
5.0443811e-07
-4.5062742e-09
5.0743969e-07
-4.5170458e-09
5.1063472e-07
-4.2067751e-09
5.1387611e-07
-3.5667113e-09
5.1696059e-07
-2.6696837e-09
5.1961704e-07
-1.5822619e-09
5.2159102e-07
-1.2339125e-10
5.2266527e-07
1.5847283e-09
5.2268707e-07
3.3812772e-09
5.2159519e-07
5.0569019e-09
5.1942826e-07
6.368184e-09
5.1632171e-07
7.4115544e-09
5.1258857e-07
7.9367347e-09
5.0852632e-07
7.9513286e-09
5.0439123e-07
7.5062613e-09
5.0050089e-07
6.5582915e-09
4.971419e-07
5.2612142e-09
4.9452319e-07
3.7936457e-09
4.9277166e-07
2.1252643e-09
4.9193421e-07
4.5855562e-10
4.9198709e-07
-1.0286825e-09
4.9286923e-07
-2.2271016e-09
4.9444981e-07
-3.0899358e-09
4.965716e-07
-3.6859409e-09
4.9902103e-07
-3.9090328e-09
5.016858e-07
-3.8637224e-09
5.0445581e-07
-3.5539932e-09
5.0719334e-07
-3.0275442e-09
5.0970713e-07
-2.3487719e-09
5.1178006e-07
-1.4080814e-09
5.1322052e-07
-1.3003573e-10
5.1387137e-07
1.3258382e-09
5.1363243e-07
2.8101801e-09
5.1247457e-07
4.152586e-09
5.1044285e-07
5.2465173e-09
5.0767416e-07
6.0916014e-09
5.0450275e-07
6.4184738e-09
5.0112757e-07
6.3845181e-09
4.977193e-07
6.0351695e-09
4.9450571e-07
5.3385735e-09
4.9172038e-07
4.3793046e-09
4.8955736e-07
3.1981165e-09
4.8813651e-07
1.7698548e-09
4.8750578e-07
3.0090215e-10
4.8763644e-07
-1.043303e-09
4.8847286e-07
-2.1670896e-09
4.8992749e-07
-3.0298734e-09
4.9186112e-07
-3.6340026e-09
4.9409162e-07
-3.9219483e-09
4.9652166e-07
-3.9958217e-09
4.9904771e-07
-3.8622853e-09
5.0153846e-07
-3.5330423e-09
5.0391289e-07
-3.1247526e-09
-1.9700167e-09
5.4056858e-07
1.7243992e-08
5.3664136e-07
1.6301915e-08
5.3321893e-07
1.4635318e-08
5.3042499e-07
1.2229424e-08
5.2854741e-07
9.3071687e-09
5.2788548e-07
6.0769483e-09
5.2859728e-07
2.7471247e-09
5.3072813e-07
-5.0542099e-10
5.3422408e-07
-3.4541937e-09
5.3893651e-07
-5.7659743e-09
5.4461764e-07
-7.1002752e-09
5.5085698e-07
-7.2353486e-09
5.5710648e-07
-6.1238784e-09
5.627663e-07
-3.8180993e-09
5.6733796e-07
-4.7580706e-10
5.7045168e-07
3.5399634e-09
5.7186331e-07
7.7716627e-09
5.715282e-07
1.1721384e-08
5.6959527e-07
1.4968202e-08
5.6636511e-07
1.7200297e-08
5.6218546e-07
1.8294954e-08
5.5735884e-07
1.8291494e-08
5.522047e-07
1.7276497e-08
5.4706614e-07
1.5387473e-08
5.4224952e-07
1.2821253e-08
5.3803616e-07
9.7774757e-09
5.3469808e-07
6.4416031e-09
5.3251185e-07
2.9729893e-09
5.3169229e-07
-4.9430793e-10
5.3243836e-07
-3.8211297e-09
5.3483323e-07
-6.842028e-09
5.3883716e-07
-9.363641e-09
5.4425933e-07
-1.1166952e-08
5.5074665e-07
-1.201634e-08
5.5780423e-07
-1.1682117e-08
5.6485559e-07
-9.9987905e-09
5.7129311e-07
-6.9611146e-09
5.7649653e-07
-2.8079437e-09
5.8000137e-07
1.9715144e-09
5.8149161e-07
6.8670004e-09
5.8085369e-07
1.134371e-08
5.782158e-07
1.4882489e-08
5.7393648e-07
1.7097517e-08
5.6849793e-07
1.786876e-08
5.6246099e-07
1.7268731e-08
5.5630828e-07
1.553593e-08
5.5029904e-07
1.302441e-08
5.447023e-07
9.9970308e-09
5.3989565e-07
6.6598536e-09
5.3612888e-07
3.2556921e-09
5.3359489e-07
-2.3498555e-11
5.3246346e-07
-3.0591871e-09
5.329433e-07
-5.7766986e-09
5.3508852e-07
-8.1267191e-09
5.3886514e-07
-1.0020241e-08
5.4411577e-07
-1.1322351e-08
5.5052213e-07
-1.1834532e-08
5.5761539e-07
-1.1332974e-08
5.6483573e-07
-9.6472906e-09
5.7157499e-07
-6.7524462e-09
5.7721866e-07
-2.8308142e-09
5.812541e-07
1.7454685e-09
5.8333347e-07
6.5108065e-09
5.8314764e-07
1.0941141e-08
5.8073264e-07
1.4527497e-08
5.7640736e-07
1.6859521e-08
5.7063768e-07
1.7735222e-08
5.6399165e-07
1.7167234e-08
5.5705532e-07
1.5337438e-08
5.5036035e-07
1.2553942e-08
5.4436063e-07
9.19394e-09
5.3941077e-07
5.6182987e-09
5.3577049e-07
2.1210214e-09
5.3356485e-07
-1.0777711e-09
5.3272798e-07
-3.7526366e-09
5.3317317e-07
-5.8940272e-09
5.3496304e-07
-7.7228414e-09
5.3827213e-07
-9.2657714e-09
5.4301482e-07
-1.0317369e-08
5.4891678e-07
-1.0686216e-08
5.5556984e-07
-1.0200056e-08
5.6246195e-07
-8.7129169e-09
5.6901749e-07
-6.1824078e-09
5.74653e-07
-2.7274345e-09
5.7889319e-07
1.3653899e-09
5.8136769e-07
5.6775843e-09
5.8162214e-07
9.751083e-09
5.7964938e-07
1.3207907e-08
5.7570398e-07
1.5628772e-08
5.7023584e-07
1.6722381e-08
5.6377763e-07
1.6458084e-08
5.568946e-07
1.4944337e-08
5.5015012e-07
1.242062e-08
5.440427e-07
9.2472483e-09
5.3894887e-07
5.7986506e-09
5.3510625e-07
2.4085672e-09
5.3262492e-07
-6.8818181e-10
5.3161502e-07
-3.3261375e-09
5.3200181e-07
-5.4692347e-09
5.3363042e-07
-7.1330693e-09
5.3645312e-07
-8.3881939e-09
5.4051742e-07
-9.2793399e-09
5.4573729e-07
-9.6813336e-09
5.5176902e-07
-9.3720688e-09
5.5814651e-07
-8.2079637e-09
5.6435757e-07
-6.1431337e-09
5.6987645e-07
-3.2301e-09
5.742366e-07
3.236036e-10
5.77061e-07
4.1478313e-09
5.7791711e-07
7.8280355e-09
5.76708e-07
1.1148034e-08
5.7350064e-07
1.3795023e-08
5.6863294e-07
1.535428e-08
5.6264244e-07
1.5588223e-08
5.5608115e-07
1.4589515e-08
5.494811e-07
1.257912e-08
5.4336759e-07
9.8352945e-09
5.3813059e-07
6.6854861e-09
5.340432e-07
3.455863e-09
5.3125361e-07
4.1109257e-10
5.2987579e-07
-2.2448609e-09
5.298614e-07
-4.4064908e-09
5.3108018e-07
-6.1467029e-09
5.334613e-07
-7.4723442e-09
5.3692026e-07
-8.3813861e-09
5.4134694e-07
-8.8111555e-09
5.4654957e-07
-8.6885607e-09
5.5221443e-07
-7.9133749e-09
5.5792091e-07
-6.4085622e-09
5.6325455e-07
-4.1531082e-09
5.6775886e-07
-1.2457779e-09
5.7101217e-07
2.0710129e-09
5.7259707e-07
5.4421624e-09
5.7234763e-07
8.5562134e-09
5.7030664e-07
1.1213711e-08
5.6654936e-07
1.3142848e-08
5.6139244e-07
1.4160675e-08
5.5536587e-07
1.397636e-08
5.4903236e-07
1.2705044e-08
5.4297668e-07
1.062483e-08
5.3759726e-07
7.986155e-09
5.3317582e-07
5.0692819e-09
5.2991732e-07
2.1583946e-09
5.2793149e-07
-5.2723701e-10
5.2729578e-07
-2.8449556e-09
5.2787514e-07
-4.7514192e-09
5.2955466e-07
-6.1857891e-09
5.3224117e-07
-7.2035623e-09
5.3584311e-07
-7.8087083e-09
5.4023534e-07
-7.9589483e-09
5.4517562e-07
-7.6099584e-09
5.5028952e-07
-6.696161e-09
5.553108e-07
-5.144669e-09
5.598728e-07
-2.9772766e-09
5.6356035e-07
-3.0627053e-10
5.6598129e-07
2.6359606e-09
5.667778e-07
5.5716762e-09
5.6597698e-07
8.2123709e-09
5.6364455e-07
1.0269165e-08
5.5985337e-07
1.174251e-08
5.5483516e-07
1.252447e-08
5.4906645e-07
1.2327004e-08
5.4318274e-07
1.1144921e-08
5.3775747e-07
9.2189211e-09
5.3305739e-07
6.8253432e-09
5.2929185e-07
4.224094e-09
5.2662166e-07
1.6415118e-09
5.2513634e-07
-7.4179055e-10
5.2485441e-07
-2.8079998e-09
5.256625e-07
-4.4940293e-09
5.2746524e-07
-5.7117739e-09
5.3017139e-07
-6.5698789e-09
5.3367762e-07
-7.0602213e-09
5.3779768e-07
-7.1476011e-09
5.4223647e-07
-6.7875609e-09
5.4674608e-07
-5.9176926e-09
5.5112158e-07
-4.5055315e-09
5.5504012e-07
-2.5927102e-09
5.5812677e-07
-2.7646265e-10
5.6002632e-07
2.2530323e-09
5.6049155e-07
4.7812856e-09
5.5956269e-07
7.020466e-09
5.5733529e-07
8.6458694e-09
5.5390073e-07
9.8190799e-09
5.4942699e-07
1.0508908e-08
5.442676e-07
1.0497962e-08
5.3895201e-07
9.6949008e-09
5.3400281e-07
8.147311e-09
5.2974929e-07
6.0233763e-09
5.2642991e-07
3.6202872e-09
5.2416249e-07
1.224108e-09
5.2297605e-07
-9.806494e-10
5.2285988e-07
-2.9136967e-09
5.2373432e-07
-4.5084464e-09
5.2550567e-07
-5.6932933e-09
5.2807983e-07
-6.5699869e-09
5.3136747e-07
-7.1499249e-09
5.3518347e-07
-7.3490445e-09
5.3938891e-07
-7.3301856e-09
-6.107187e-09
5.3726477e-07
2.3029609e-08
5.3205248e-07
2.1514209e-08
5.2756078e-07
1.9127015e-08
5.2397528e-07
1.5814926e-08
5.2157108e-07
1.1711372e-08
5.2063629e-07
7.0117301e-09
5.2143884e-07
1.9445775e-09
5.2418424e-07
-3.2508182e-09
5.2888461e-07
-8.1545699e-09
5.3539673e-07
-1.2278088e-08
5.4337176e-07
-1.5075304e-08
5.5219839e-07
-1.6061981e-08
5.6099839e-07
-1.4923883e-08
5.6880352e-07
-1.1623231e-08
5.7481074e-07
-6.4830204e-09
5.7852287e-07
-1.7217085e-10
5.7977447e-07
6.5200594e-09
5.7862419e-07
1.2871663e-08
5.7541856e-07
1.817383e-08
5.7068118e-07
2.1937684e-08
5.6492981e-07
2.404632e-08
5.5860526e-07
2.4616041e-08
5.5206346e-07
2.3818302e-08
5.4560377e-07
2.1847157e-08
5.3951381e-07
1.8911214e-08
5.340936e-07
1.5197687e-08
5.2967484e-07
1.0860368e-08
5.2660687e-07
6.0409606e-09
5.2522659e-07
8.8596267e-10
5.2584083e-07
-4.4353644e-09
5.2863407e-07
-9.6352697e-09
5.3367417e-07
-1.4403738e-08
5.4082517e-07
-1.8317956e-08
5.49671e-07
-2.0862167e-08
5.5950209e-07
-2.1513212e-08
5.6939364e-07
-1.9890343e-08
5.7835231e-07
-1.5919777e-08
5.8551023e-07
-9.9658649e-09
5.9027141e-07
-2.7896674e-09
5.9234184e-07
4.7965681e-09
5.9159337e-07
1.2092177e-08
5.8830387e-07
1.8171995e-08
5.8307765e-07
2.2323737e-08
5.7652869e-07
2.4417715e-08
5.6919761e-07
2.4599816e-08
5.6157659e-07
2.3156944e-08
5.5409986e-07
2.0501147e-08
5.4709304e-07
1.7003846e-08
5.4082117e-07
1.2931729e-08
5.3557014e-07
8.5067223e-09
5.3165369e-07
3.8929446e-09
5.2943024e-07
-8.3573278e-10
5.2923634e-07
-5.5827952e-09
5.3133734e-07
-1.0227718e-08
5.3585808e-07
-1.4540982e-08
5.4263078e-07
-1.8095052e-08
5.5115597e-07
-2.0359725e-08
5.6067142e-07
-2.0848423e-08
5.702884e-07
-1.9264268e-08
5.7914337e-07
-1.5607415e-08
5.8652941e-07
-1.021686e-08
5.9196756e-07
-3.6926757e-09
5.9514868e-07
3.3296807e-09
5.9581992e-07
1.0269901e-08
5.9398563e-07
1.6361784e-08
5.899343e-07
2.0910858e-08
5.8409352e-07
2.3576005e-08
5.7698731e-07
2.4273443e-08
5.6919922e-07
2.3125522e-08
5.6129445e-07
2.0458711e-08
5.5376443e-07
1.672396e-08
5.4699974e-07
1.2382994e-08
5.4130483e-07
7.8159289e-09
5.3694677e-07
3.280284e-09
5.34276e-07
-1.0818581e-09
5.3363774e-07
-5.2557677e-09
5.3519561e-07
-9.280711e-09
5.3897616e-07
-1.3046325e-08
5.4485491e-07
-1.6196114e-08
5.5243277e-07
-1.8264078e-08
5.6106788e-07
-1.8835171e-08
5.6999795e-07
-1.7642983e-08
5.7846058e-07
-1.4645034e-08
5.8579322e-07
-1.0060082e-08
5.9151454e-07
-4.3559297e-09
5.9534313e-07
1.8489924e-09
5.9700355e-07
8.0906725e-09
5.9629886e-07
1.3912596e-08
5.9337209e-07
1.8555536e-08
5.8858697e-07
2.1507502e-08
5.8233547e-07
2.2709588e-08
5.7509026e-07
2.2189546e-08
5.6739742e-07
2.0113457e-08
5.5981933e-07
1.6825343e-08
5.528475e-07
1.2770474e-08
5.4687867e-07
8.3774052e-09
5.4220982e-07
3.9806667e-09
5.3909975e-07
-2.1606608e-10
5.3776846e-07
-4.1379532e-09
5.3840443e-07
-7.7690344e-09
5.4107291e-07
-1.1056677e-08
5.4564176e-07
-1.3848184e-08
5.5181645e-07
-1.5856026e-08
5.5916489e-07
-1.6720508e-08
5.6711721e-07
-1.6160286e-08
5.7503765e-07
-1.4063576e-08
5.823183e-07
-1.0510748e-08
5.8844253e-07
-5.8006185e-09
5.9306419e-07
-4.7383351e-10
5.9594161e-07
4.9506144e-09
5.9671181e-07
1.0377831e-08
5.9512856e-07
1.5378272e-08
5.91476e-07
1.900684e-08
5.8619974e-07
2.0864485e-08
5.7970646e-07
2.1082794e-08
5.7250252e-07
1.9783066e-08
5.6514403e-07
1.7193781e-08
5.5814285e-07
1.3686664e-08
5.5192587e-07
9.6728431e-09
5.4682555e-07
5.5114119e-09
5.431325e-07
1.448189e-09
5.4108221e-07
-2.3561997e-09
5.4069357e-07
-5.7580585e-09
5.4198024e-07
-8.7590139e-09
5.449595e-07
-1.1360645e-08
5.4951745e-07
-1.336911e-08
5.5537008e-07
-1.4541185e-08
5.6211525e-07
-1.4658547e-08
5.6926753e-07
-1.3560842e-08
5.7631041e-07
-1.1195988e-08
5.8273218e-07
-7.6675542e-09
5.8807072e-07
-3.2675251e-09
5.9200782e-07
1.5050595e-09
5.9435469e-07
6.2093497e-09
5.947531e-07
1.0815299e-08
5.9284486e-07
1.5051089e-08
5.8893134e-07
1.8074194e-08
5.8352139e-07
1.9386311e-08
5.770883e-07
1.9138128e-08
5.7013576e-07
1.7577377e-08
5.6319718e-07
1.4924735e-08
5.5675573e-07
1.151073e-08
5.5120343e-07
7.7106927e-09
5.4682734e-07
3.8488528e-09
5.4381602e-07
1.6636322e-10
5.422606e-07
-3.1959923e-09
5.4223425e-07
-6.1594451e-09
5.437192e-07
-8.6885087e-09
5.466498e-07
-1.0739313e-08
5.5089752e-07
-1.2206661e-08
5.5621833e-07
-1.2930769e-08
5.6227757e-07
-1.2755398e-08
5.6869421e-07
-1.1561311e-08
5.7503414e-07
-9.3172138e-09
5.8084471e-07
-6.1168317e-09
5.8568516e-07
-2.2044978e-09
5.8923893e-07
2.0179153e-09
5.9136296e-07
6.0883351e-09
5.9169066e-07
9.94147e-09
5.8989691e-07
1.3536259e-08
5.8613199e-07
1.6289388e-08
5.8088858e-07
1.7570417e-08
5.7475605e-07
1.7277449e-08
5.6823307e-07
1.5741901e-08
5.6177038e-07
1.3288028e-08
5.5581706e-07
1.017742e-08
5.5073468e-07
6.7238916e-09
5.467749e-07
3.2179909e-09
5.4408703e-07
-1.2013285e-10
5.4274056e-07
-3.1475588e-09
5.4280395e-07
-5.7751634e-09
5.4421309e-07
-7.9790231e-09
5.4687352e-07
-9.7206468e-09
5.5064361e-07
-1.091769e-08
5.5532557e-07
-1.1469522e-08
5.6067603e-07
-1.126815e-08
5.663946e-07
-1.0224104e-08
5.7211661e-07
-8.3147217e-09
5.7744306e-07
-5.6029152e-09
5.8196985e-07
-2.2737593e-09
5.8536781e-07
1.3833344e-09
5.8746442e-07
4.9238482e-09
5.8791386e-07
8.196433e-09
5.8651466e-07
1.1218281e-08
5.8333896e-07
1.3684611e-08
5.7869103e-07
1.5145888e-08
5.7304789e-07
1.5338045e-08
5.6695289e-07
1.4242303e-08
5.6092682e-07
1.204945e-08
5.5538528e-07
9.1618268e-09
5.5062967e-07
5.9797225e-09
5.468999e-07
2.7491162e-09
5.4435132e-07
-3.6511014e-10
5.4304858e-07
-3.2057073e-09
5.4301302e-07
-5.6577384e-09
5.4416689e-07
-7.7238516e-09
5.4644511e-07
-9.4281473e-09
5.4972356e-07
-1.0627491e-08
5.5389887e-07
-1.1505498e-08
-1.1106644e-08
5.3181337e-07
3.0922831e-08
5.2454616e-07
2.8781422e-08
5.1817781e-07
2.5495363e-08
5.1299284e-07
2.0999897e-08
5.0934118e-07
1.5363031e-08
5.0764662e-07
8.7062895e-09
5.0836404e-07
1.2271621e-09
5.1187558e-07
-6.7623665e-09
5.1829663e-07
-1.4575612e-08
5.2750118e-07
-2.1482646e-08
5.3906428e-07
-2.6638397e-08
5.5213879e-07
-2.9136495e-08
5.6537585e-07
-2.8160945e-08
5.7707701e-07
-2.3324393e-08
5.85672e-07
-1.5078004e-08
5.902811e-07
-4.7812764e-09
5.9085178e-07
5.949383e-09
5.8768274e-07
1.6040699e-08
5.815867e-07
2.4269867e-08
5.7371871e-07
2.9805674e-08
5.6501103e-07
3.2754002e-08
5.5605064e-07
3.3576431e-08
5.4721373e-07
3.2655216e-08
5.3875945e-07
3.0301434e-08
5.3091797e-07
2.6752692e-08
5.2395036e-07
2.2165302e-08
5.181678e-07
1.6642931e-08
5.1393573e-07
1.0273031e-08
5.1167059e-07
3.1510991e-09
5.1187981e-07
-4.6445823e-09
5.1506128e-07
-1.2816743e-08
5.2153809e-07
-2.088055e-08
5.3120185e-07
-2.7981715e-08
5.4339969e-07
-3.3060011e-08
5.5701949e-07
-3.5133006e-08
5.706843e-07
-3.3555159e-08
5.8295993e-07
-2.8195398e-08
5.9261315e-07
-1.9619092e-08
5.989142e-07
-9.0907105e-09
6.0139012e-07
2.32064e-09
5.997554e-07
1.3726903e-08
5.9466127e-07
2.3266119e-08
5.871759e-07
2.9809107e-08
5.7821152e-07
3.3382102e-08
5.6855833e-07
3.4252998e-08
5.588381e-07
3.2877179e-08
5.4949867e-07
2.9840579e-08
5.4084585e-07
2.5656662e-08
5.3310614e-07
2.0671434e-08
5.2655624e-07
1.5056624e-08
5.2162349e-07
8.825701e-09
5.1887838e-07
1.9093728e-09
5.1897798e-07
-5.6823966e-09
5.2239084e-07
-1.3640573e-08
5.2916794e-07
-2.1318088e-08
5.3885747e-07
-2.7784581e-08
5.5057541e-07
-3.2077665e-08
5.6318185e-07
-3.3454858e-08
5.7547281e-07
-3.1555235e-08
5.8634278e-07
-2.6477377e-08
5.9493328e-07
-1.8807364e-08
6.0077902e-07
-9.5384186e-09
6.0360138e-07
5.073206e-10
6.0327726e-07
1.0594025e-08
6.0015722e-07
1.9481825e-08
5.9476032e-07
2.6307751e-08
5.8756809e-07
3.0768238e-08
5.7914362e-07
3.2697915e-08
5.7007105e-07
3.2198091e-08
5.6088456e-07
2.96452e-08
5.5204382e-07
2.5564706e-08
5.4394216e-07
2.0484653e-08
5.3695839e-07
1.4799692e-08
5.3154027e-07
8.6984127e-09
5.2824909e-07
2.2093125e-09
5.2766382e-07
-4.6704963e-09
5.3011907e-07
-1.1735962e-08
5.3559136e-07
-1.8518616e-08
5.4368687e-07
-2.4291617e-08
5.5370036e-07
-2.8277567e-08
5.6472129e-07
-2.9856103e-08
5.7577083e-07
-2.8692528e-08
5.8591989e-07
-2.4794092e-08
5.9437705e-07
-1.8517241e-08
6.0058547e-07
-1.0564351e-08
6.0424745e-07
-1.8129891e-09
6.0527393e-07
7.064191e-09
6.0384194e-07
1.5344587e-08
6.0030663e-07
2.2090848e-08
5.9487935e-07
2.6934782e-08
5.8795191e-07
2.9637034e-08
5.8001551e-07
3.0125938e-08
5.7155557e-07
2.8573401e-08
5.6305213e-07
2.5328782e-08
5.5497535e-07
2.0847259e-08
5.4777232e-07
1.5580435e-08
5.4188453e-07
9.8684511e-09
5.3777037e-07
3.8980918e-09
5.3588019e-07
-2.2477731e-09
5.3653651e-07
-8.4253468e-09
5.3984021e-07
-1.4360379e-08
5.4559643e-07
-1.9604401e-08
5.5333173e-07
-2.3591334e-08
5.6239073e-07
-2.5779509e-08
5.7202523e-07
-2.579478e-08
5.8147375e-07
-2.3512103e-08
5.9003783e-07
-1.9074819e-08
5.9711815e-07
-1.2880941e-08
6.0217673e-07
-5.5324174e-09
6.0482196e-07
2.3053904e-09
6.0518755e-07
1.0012239e-08
6.0368284e-07
1.688298e-08
6.0037863e-07
2.2311054e-08
5.9529263e-07
2.595048e-08
5.8877804e-07
2.7597382e-08
5.8131569e-07
2.724542e-08
5.7340154e-07
2.510793e-08
5.655366e-07
2.1551605e-08
5.581984e-07
1.7011044e-08
5.5181804e-07
1.1891776e-08
5.4677873e-07
6.4874935e-09
5.4344075e-07
9.8178397e-10
5.4216077e-07
-4.4780811e-09
5.4312182e-07
-9.7200661e-09
5.4628565e-07
-1.4524475e-08
5.5145407e-07
-1.8537525e-08
5.5824834e-07
-2.1335458e-08
5.6613752e-07
-2.2547723e-08
5.7451492e-07
-2.1938246e-08
5.8277306e-07
-1.9454124e-08
5.9035125e-07
-1.5245751e-08
5.9674148e-07
-9.6577538e-09
6.0142828e-07
-3.1817429e-09
6.0397859e-07
3.6590426e-09
6.0446233e-07
1.0331562e-08
6.0326161e-07
1.6251807e-08
6.0043891e-07
2.0896889e-08
5.9589308e-07
2.3932147e-08
5.8986977e-07
2.5161431e-08
5.8288792e-07
2.4559233e-08
5.7547233e-07
2.2340323e-08
5.6812725e-07
1.8855814e-08
5.6132384e-07
1.45141e-08
5.5546765e-07
9.7050473e-09
5.5090373e-07
4.7302786e-09
5.4790999e-07
-2.0225069e-10
5.4670107e-07
-4.9505312e-09
5.4739601e-07
-9.3834445e-09
5.499787e-07
-1.3322e-08
5.5428485e-07
-1.6512812e-08
5.6001784e-07
-1.8663758e-08
5.6676637e-07
-1.950393e-08
5.7405767e-07
-1.8852612e-08
5.8140582e-07
-1.666536e-08
5.883424e-07
-1.3053412e-08
5.9441436e-07
-8.2764638e-09
5.9912264e-07
-2.6903578e-09
6.0195891e-07
3.252062e-09
6.0285546e-07
9.0449156e-09
6.0214637e-07
1.4245352e-08
6.0001796e-07
1.8417801e-08
5.9637795e-07
2.1210424e-08
5.9117717e-07
2.2478232e-08
5.8479896e-07
2.2120112e-08
5.7786881e-07
2.021817e-08
5.7093666e-07
1.7109572e-08
5.6447431e-07
1.3186249e-08
5.588747e-07
8.8176005e-09
5.5444498e-07
4.309586e-09
5.5140932e-07
-1.11904e-10
5.4993419e-07
-4.3000342e-09
5.501132e-07
-8.1580279e-09
5.5193562e-07
-1.1543066e-08
5.5527493e-07
-1.4257e-08
5.5991747e-07
-1.6112063e-08
5.6556925e-07
-1.6919936e-08
5.7187578e-07
-1.6530629e-08
5.7844691e-07
-1.4885855e-08
5.8488391e-07
-1.2039913e-08
5.9077644e-07
-8.1662878e-09
5.956546e-07
-3.4948258e-09
5.9890338e-07
1.6750718e-09
6.0032909e-07
6.7707159e-09
6.0018683e-07
1.1360547e-08
5.9863406e-07
1.5237377e-08
5.958079e-07
1.7972049e-08
5.9180078e-07
1.9345164e-08
5.8666313e-07
1.9379957e-08
5.8059911e-07
1.8113462e-08
5.7410615e-07
1.5654786e-08
5.678103e-07
1.2275578e-08
5.6220101e-07
8.3584021e-09
5.576023e-07
4.2336076e-09
5.5426384e-07
1.3274695e-10
5.5237676e-07
-3.7706558e-09
5.5195808e-07
-7.3051718e-09
5.5294526e-07
-1.0415326e-08
5.5530191e-07
-1.2984148e-08
5.5887499e-07
-1.5078575e-08
-1.607828e-08
5.252988e-07
4.1842333e-08
5.1511892e-07
3.8961303e-08
5.0600351e-07
3.4610781e-08
4.9830214e-07
2.8701264e-08
4.9248849e-07
2.1176676e-08
4.891487e-07
1.2046085e-08
4.888502e-07
1.5256612e-09
4.9207314e-07
-9.9853036e-09
4.9909236e-07
-2.1594841e-08
5.1022374e-07
-3.2614026e-08
5.25422e-07
-4.1836655e-08
5.4387448e-07
-4.7588974e-08
5.6382475e-07
-4.8111211e-08
5.8267484e-07
-4.2174489e-08
5.9748576e-07
-2.9888925e-08
6.0607274e-07
-1.3368251e-08
6.0748307e-07
4.5390554e-09
6.0201777e-07
2.1505999e-08
5.9164271e-07
3.4644926e-08
5.7885111e-07
4.2597266e-08
5.6540481e-07
4.620031e-08
5.5235998e-07
4.6621255e-08
5.4017848e-07
4.483672e-08
5.2895875e-07
4.1521159e-08
5.1869642e-07
3.7015024e-08
5.0944713e-07
3.1414594e-08
5.0144005e-07
2.4650007e-08
4.9521816e-07
1.649492e-08
4.9170127e-07
6.6679898e-09
4.9206457e-07
-5.0078779e-09
4.9718074e-07
-1.7932915e-08
5.0715103e-07
-3.0850841e-08
5.2117507e-07
-4.2005756e-08
5.3784169e-07
-4.9726626e-08
5.5551893e-07
-5.2810252e-08
5.7260935e-07
-5.0645572e-08
5.8764545e-07
-4.3231507e-08
5.9928403e-07
-3.1257669e-08
6.0633319e-07
-1.6139866e-08
6.0819584e-07
4.5798869e-10
6.0535317e-07
1.6569568e-08
5.9853615e-07
3.0083143e-08
5.8858417e-07
3.9761085e-08
5.7672348e-07
4.5242798e-08
5.6416553e-07
4.6810947e-08
5.517947e-07
4.5248008e-08
5.4013275e-07
4.1502524e-08
5.2944006e-07
3.6349358e-08
5.1992751e-07
3.0183985e-08
5.1200611e-07
2.2978023e-08
5.0642381e-07
1.4408001e-08
5.0412543e-07
4.2077501e-09
5.0591231e-07
-7.4692707e-09
5.1204112e-07
-1.9769384e-08
5.2208353e-07
-3.1360502e-08
5.3506621e-07
-4.076726e-08
5.4974425e-07
-4.675571e-08
5.6482828e-07
-4.853889e-08
5.7910275e-07
-4.5829698e-08
5.9147094e-07
-3.8845567e-08
6.009584e-07
-2.829483e-08
6.0662008e-07
-1.5200099e-08
6.0822114e-07
-1.0937383e-09
6.0636821e-07
1.2446961e-08
6.0153712e-07
2.4312908e-08
5.9411941e-07
3.3725465e-08
5.8487941e-07
4.0008236e-08
5.7456818e-07
4.300915e-08
5.6380735e-07
4.2958919e-08
5.5310971e-07
4.0342842e-08
5.4290418e-07
3.5770236e-08
5.3361212e-07
2.9776705e-08
5.2575989e-07
2.2651923e-08
5.2003142e-07
1.4426886e-08
5.1716966e-07
5.071072e-09
5.1779037e-07
-5.2912051e-09
5.2206917e-07
-1.6014765e-08
5.2970317e-07
-2.6152612e-08
5.3998427e-07
-3.457272e-08
5.5197068e-07
-4.026398e-08
5.6464498e-07
-4.25304e-08
5.7702186e-07
-4.1069403e-08
5.8820437e-07
-3.5976603e-08
5.9740042e-07
-2.7713298e-08
6.0386904e-07
-1.7032963e-08
6.070516e-07
-4.9955484e-09
6.0707943e-07
7.0363515e-09
6.046194e-07
1.7804625e-08
5.998011e-07
2.6909143e-08
5.9301225e-07
3.3723637e-08
5.8483698e-07
3.7812303e-08
5.7580122e-07
3.9161691e-08
5.6637403e-07
3.8000596e-08
5.5699459e-07
3.4708218e-08
5.481051e-07
2.9736754e-08
5.4019846e-07
2.3487076e-08
5.3384814e-07
1.6218763e-08
5.2966275e-07
8.08349e-09
5.281951e-07
-7.8012213e-10
5.2974904e-07
-9.9792949e-09
5.3429246e-07
-1.8903798e-08
5.41437e-07
-2.674894e-08
5.5053616e-07
-3.2690489e-08
5.608131e-07
-3.6056455e-08
5.7146171e-07
-3.6443385e-08
5.8171116e-07
-3.376156e-08
5.9085897e-07
-2.8222626e-08
5.9826446e-07
-2.0286429e-08
6.0329721e-07
-1.0565167e-08
6.0557195e-07
3.0650545e-11
6.0545165e-07
1.0132535e-08
6.0344337e-07
1.8891267e-08
5.995759e-07
2.617852e-08
5.9396402e-07
3.1562361e-08
5.8699972e-07
3.4561683e-08
5.7911991e-07
3.5125225e-08
5.7076179e-07
3.3466056e-08
5.6238166e-07
2.9931732e-08
5.544545e-07
2.4938204e-08
5.4747816e-07
1.8868118e-08
5.4195989e-07
1.2005762e-08
5.3837975e-07
4.5619203e-09
5.3713817e-07
-3.2364966e-09
5.3844533e-07
-1.1027231e-08
5.4223504e-07
-1.8314187e-08
5.4818395e-07
-2.4486433e-08
5.5578597e-07
-2.8937476e-08
5.6442906e-07
-3.1190816e-08
5.7346728e-07
-3.0976461e-08
5.8227315e-07
-2.8259999e-08
5.9026248e-07
-2.3235078e-08
5.9688579e-07
-1.6281064e-08
6.015644e-07
-7.8603506e-09
6.0391869e-07
1.30475e-09
6.0421878e-07
1.0031473e-08
6.0295632e-07
1.7514271e-08
6.0016718e-07
2.3686029e-08
5.9578077e-07
2.8318553e-08
5.9000637e-07
3.0935833e-08
5.8319823e-07
3.136737e-08
5.7577427e-07
2.9764291e-08
5.6819339e-07
2.6436695e-08
5.6093059e-07
2.1776892e-08
5.5445591e-07
1.6179727e-08
5.492159e-07
9.970292e-09
5.4561363e-07
3.4000155e-09
5.439882e-07
-3.3250967e-09
5.4450199e-07
-9.8972355e-09
5.4713197e-07
-1.5951979e-08
5.5167301e-07
-2.1053855e-08
5.5775987e-07
-2.4750619e-08
5.6492493e-07
-2.666899e-08
5.7265255e-07
-2.6580233e-08
5.8042049e-07
-2.4433291e-08
5.8772245e-07
-2.0355378e-08
5.9407315e-07
-1.4627162e-08
5.9898756e-07
-7.6047707e-09
6.0200256e-07
2.3705991e-10
6.0307291e-07
7.9745751e-09
6.0263494e-07
1.4683315e-08
6.0088211e-07
2.0170637e-08
5.9768862e-07
2.4403906e-08
5.9311096e-07
2.7055901e-08
5.8739088e-07
2.7840192e-08
5.8085884e-07
2.6750205e-08
5.7396005e-07
2.4008367e-08
5.6717437e-07
1.997192e-08
5.6095959e-07
1.5032387e-08
5.5572407e-07
9.5451011e-09
5.5182109e-07
3.7910757e-09
5.4953853e-07
-2.0174733e-09
5.49033e-07
-7.6524987e-09
5.5034063e-07
-1.2850696e-08
5.5338613e-07
-1.7302495e-08
5.579504e-07
-2.0676338e-08
5.6369628e-07
-2.2665814e-08
5.7022051e-07
-2.3054862e-08
5.7708474e-07
-2.1750082e-08
5.8384245e-07
-1.8797621e-08
5.9004966e-07
-1.4373498e-08
5.9528764e-07
-8.7328017e-09
5.9918758e-07
-2.2248769e-09
6.0133813e-07
4.6201737e-09
6.0180838e-07
1.0890296e-08
6.0097783e-07
1.6067927e-08
5.988442e-07
2.0105674e-08
5.9536903e-07
2.2820338e-08
5.9075122e-07
2.3997768e-08
5.8524205e-07
2.362263e-08
5.791388e-07
2.1758032e-08
5.7283649e-07
1.8577889e-08
5.6679081e-07
1.4404086e-08
5.6141729e-07
9.6071223e-09
5.5705467e-07
4.4953686e-09
5.5397335e-07
-6.8933743e-10
5.5239312e-07
-5.7249332e-09
5.5241856e-07
-1.0440773e-08
5.5399024e-07
-1.4555827e-08
5.5696385e-07
-1.8052182e-08
-2.0758564e-08
5.178142e-07
5.7045716e-08
5.0369191e-07
5.3083595e-08
4.9083852e-07
4.7464167e-08
4.7954713e-07
3.9992658e-08
4.7018715e-07
3.0536656e-08
4.6317921e-07
1.9054026e-08
4.5917758e-07
5.5272834e-09
4.5960346e-07
-1.0411178e-08
4.6611443e-07
-2.8105818e-08
4.7954339e-07
-4.6042982e-08
4.9920087e-07
-6.149413e-08
5.2333517e-07
-7.1723283e-08
5.4976789e-07
-7.4543926e-08
5.7596236e-07
-6.8368963e-08
5.9865637e-07
-5.2582934e-08
6.1372336e-07
-2.8435236e-08
6.1853066e-07
-2.6824951e-10
6.1383336e-07
2.6203299e-08
6.0160734e-07
4.6870946e-08
5.8458744e-07
5.9617166e-08
5.6600134e-07
6.4786406e-08
5.4807382e-07
6.4548775e-08
5.3173315e-07
6.1177392e-08
5.1701345e-07
5.624086e-08
5.035857e-07
5.0442774e-08
4.912743e-07
4.3725996e-08
4.8053273e-07
3.5391574e-08
4.7267173e-07
2.4355921e-08
4.6952876e-07
9.8109598e-09
4.7248407e-07
-7.9631914e-09
4.8170891e-07
-2.7157752e-08
4.9607956e-07
-4.5221495e-08
5.1382981e-07
-5.9756e-08
5.3319996e-07
-6.9096779e-08
5.5270625e-07
-7.2316542e-08
5.710661e-07
-6.9005427e-08
5.8703562e-07
-5.9201022e-08
5.9924003e-07
-4.3462081e-08
6.0616451e-07
-2.3064343e-08
6.0746219e-07
-8.3969709e-10
6.0390684e-07
2.0124923e-08
5.9591758e-07
3.8072397e-08
5.8418783e-07
5.1490838e-08
5.7018357e-07
5.9247059e-08
5.5534497e-07
6.1649548e-08
5.4070936e-07
5.9883612e-08
5.2688103e-07
5.5330857e-08
5.1419766e-07
4.9032731e-08
5.0307303e-07
4.130861e-08
4.9429466e-07
3.1756396e-08
4.88976e-07
1.9726663e-08
4.8813912e-07
5.0446272e-09
4.9221309e-07
-1.1543243e-08
5.0081838e-07
-2.8374675e-08
5.1296413e-07
-4.3506254e-08
5.274131e-07
-5.5216224e-08
5.4296071e-07
-6.2303318e-08
5.5852699e-07
-6.4105168e-08
5.7311481e-07
-6.0417527e-08
5.8572721e-07
-5.1457961e-08
5.9534302e-07
-3.791064e-08
6.0119874e-07
-2.1055819e-08
6.0291517e-07
-2.81017e-09
6.0054042e-07
1.4821711e-08
5.9460777e-07
3.0245559e-08
5.8592063e-07
4.2412601e-08
5.7531906e-07
5.0609805e-08
5.6363718e-07
5.4691037e-08
5.5158343e-07
5.5012666e-08
5.3970322e-07
5.2223053e-08
5.2846227e-07
4.7011189e-08
5.1840322e-07
3.9835752e-08
5.1025887e-07
3.0796269e-08
5.0490185e-07
1.9783909e-08
5.0310953e-07
6.86339e-09
5.0522798e-07
-7.4096529e-09
5.1108657e-07
-2.1873351e-08
5.2003454e-07
-3.5100585e-08
5.3117883e-07
-4.5717008e-08
5.4358136e-07
-5.2666509e-08
5.5635382e-07
-5.5302865e-08
5.6866703e-07
-5.3382607e-08
5.7973342e-07
-4.7042993e-08
5.8882245e-07
-3.6802328e-08
5.9533758e-07
-2.3548097e-08
5.988635e-07
-8.5214641e-09
5.9914947e-07
6.7503755e-09
5.9620357e-07
2.0750527e-08
5.9061072e-07
3.2501999e-08
5.8300431e-07
4.1330039e-08
5.7398808e-07
4.6828534e-08
5.6415641e-07
4.8993367e-08
5.540283e-07
4.8128702e-08
5.4405797e-07
4.4678552e-08
5.3472093e-07
3.9073792e-08
5.2660002e-07
3.160799e-08
5.2038727e-07
2.2431509e-08
5.1677392e-07
1.1696836e-08
5.162198e-07
-2.2599948e-10
5.1884338e-07
-1.2602872e-08
5.2436128e-07
-2.4421698e-08
5.322048e-07
-3.4592459e-08
5.4166833e-07
-4.2154018e-08
5.5202281e-07
-4.6410943e-08
5.6256442e-07
-4.6984987e-08
5.7262077e-07
-4.3817909e-08
5.8155553e-07
-3.715739e-08
5.8880964e-07
-2.7540535e-08
5.9399755e-07
-1.5753085e-08
5.9688113e-07
-2.8529226e-09
5.9714024e-07
9.8734242e-09
5.9476601e-07
2.1265501e-08
5.902417e-07
3.0702824e-08
5.8407805e-07
3.7726015e-08
5.7667404e-07
4.1965688e-08
5.6844792e-07
4.335135e-08
5.5982242e-07
4.2091551e-08
5.5122267e-07
3.8531488e-08
5.4312141e-07
3.3039463e-08
5.3606538e-07
2.5924146e-08
5.3064528e-07
1.7425858e-08
5.2740739e-07
7.7998113e-09
5.2671176e-07
-2.5408626e-09
5.2864074e-07
-1.2956211e-08
5.3297846e-07
-2.2651905e-08
5.3929372e-07
-3.0801692e-08
5.4704511e-07
-3.6688873e-08
5.5565432e-07
-3.9800019e-08
5.645425e-07
-3.9864639e-08
5.7314512e-07
-3.686262e-08
5.8092456e-07
-3.1014522e-08
5.8740472e-07
-2.2761224e-08
5.9226934e-07
-1.2724968e-08
5.9532177e-07
-1.7476847e-09
5.9626357e-07
9.0896736e-09
5.9496528e-07
1.8812558e-08
5.9174723e-07
2.6904083e-08
5.8703521e-07
3.303057e-08
5.8112338e-07
3.6847667e-08
5.7430307e-07
3.8187681e-08
5.6691769e-07
3.7149669e-08
5.5935204e-07
3.4002347e-08
5.5204154e-07
2.9087388e-08
5.4547424e-07
2.2747024e-08
5.4016112e-07
1.5283419e-08
5.3657559e-07
6.9855395e-09
5.3505046e-07
-1.799966e-09
5.3573388e-07
-1.0580652e-08
5.3854306e-07
-1.8761163e-08
5.4319933e-07
-2.5710121e-08
5.4930371e-07
-3.0854999e-08
5.5639632e-07
-3.3761602e-08
5.6399385e-07
-3.417776e-08
5.7160849e-07
-3.2047929e-08
5.787637e-07
-2.7510589e-08
5.8501922e-07
-2.0882685e-08
5.9004838e-07
-1.2633931e-08
5.9367007e-07
-3.3846313e-09
5.9562885e-07
6.0157982e-09
5.9565059e-07
1.4661575e-08
5.93827e-07
2.1994231e-08
5.9049241e-07
2.7738492e-08
5.8593207e-07
3.1616245e-08
5.8038213e-07
3.3390128e-08
5.7410701e-07
3.3025324e-08
5.6742509e-07
3.0690288e-08
5.6071769e-07
2.6679323e-08
5.5441393e-07
2.1336143e-08
5.4896271e-07
1.499632e-08
5.4478858e-07
7.9652088e-09
5.4222872e-07
5.4238516e-10
5.415e-07
-6.9237716e-09
5.4264895e-07
-1.3999652e-08
5.4556317e-07
-2.0216715e-08
5.4999411e-07
-2.5107281e-08
5.5560034e-07
-2.8272042e-08
5.6198481e-07
-2.9439335e-08
5.6872452e-07
-2.8489787e-08
5.7538758e-07
-2.5460681e-08
5.8155526e-07
-2.0541174e-08
5.868812e-07
-1.4058741e-08
5.9111974e-07
-6.4634215e-09
5.9409934e-07
1.6405754e-09
5.9550874e-07
9.4808969e-09
5.9518517e-07
1.6391496e-08
5.9328553e-07
2.2005312e-08
5.9002355e-07
2.6082318e-08
5.8560926e-07
2.8412062e-08
5.8032618e-07
2.8905709e-08
5.7447303e-07
2.7611183e-08
5.6835018e-07
2.4700737e-08
5.6229907e-07
2.0455192e-08
5.5670413e-07
1.5202065e-08
5.5194007e-07
9.2594336e-09
5.4834107e-07
2.9096627e-09
5.4617969e-07
-3.5635615e-09
5.4562532e-07
-9.8863966e-09
5.4671001e-07
-1.5640521e-08
5.4927318e-07
-2.061535e-08
-2.503087e-08
5.0883787e-07
7.7737234e-08
4.89904e-07
7.2017468e-08
4.724405e-07
6.4927665e-08
4.5608116e-07
5.6352002e-08
4.4062962e-07
4.5988197e-08
4.2726853e-07
3.2415119e-08
4.1948142e-07
1.3314392e-08
4.2097143e-07
-1.1901192e-08
4.3302459e-07
-4.0158977e-08
4.5337073e-07
-6.6389119e-08
4.7842353e-07
-8.6546934e-08
5.0545304e-07
-9.8752797e-08
5.3301057e-07
-1.0210146e-07
5.5989414e-07
-9.5252525e-08
5.8403987e-07
-7.672867e-08
6.0239668e-07
-4.6792048e-08
6.1167255e-07
-9.5441141e-09
6.1028308e-07
2.7592768e-08
5.9951213e-07
5.7641897e-08
5.8191653e-07
7.7212764e-08
5.6100744e-07
8.5695492e-08
5.3994242e-07
8.5613803e-08
5.20347e-07
8.0772808e-08
5.0243273e-07
7.4155127e-08
4.8584296e-07
6.7032543e-08
4.7067805e-07
5.8890913e-08
4.5819647e-07
4.7873151e-08
4.5061002e-07
3.1942371e-08
4.4986958e-07
1.0551397e-08
4.5631984e-07
-1.4413452e-08
4.6865658e-07
-3.9494486e-08
4.8481367e-07
-6.1378588e-08
5.0289791e-07
-7.7840238e-08
5.2160591e-07
-8.7804782e-08
5.4010554e-07
-9.0816177e-08
5.5760759e-07
-8.6507472e-08
5.7302226e-07
-7.4615693e-08
5.8507757e-07
-5.5517393e-08
5.9274808e-07
-3.0734854e-08
5.9510845e-07
-3.2000597e-09
5.9158638e-07
2.3646987e-08
5.8305606e-07
4.660272e-08
5.7085518e-07
6.3691723e-08
5.5629636e-07
7.3805873e-08
5.4068935e-07
7.7256561e-08
5.2505796e-07
7.5515003e-08
5.1004428e-07
7.0344537e-08
4.9618773e-07
6.2889277e-08
4.8430292e-07
5.3193422e-08
4.7557878e-07
4.0480537e-08
4.7123665e-07
2.4068789e-08
4.7196168e-07
4.3196009e-09
4.7754233e-07
-1.7123893e-08
4.8706934e-07
-3.7901684e-08
4.9931852e-07
-5.5755437e-08
5.1313615e-07
-6.9033857e-08
5.2760289e-07
-7.6770052e-08
5.4197716e-07
-7.8479439e-08
5.5552947e-07
-7.3969839e-08
5.6741005e-07
-6.3338538e-08
5.7674349e-07
-4.7244081e-08
5.8279594e-07
-2.7108276e-08
5.8502511e-07
-5.039336e-09
5.8316886e-07
1.6677964e-08
5.7756551e-07
3.5848901e-08
5.6898279e-07
5.0995327e-08
5.5832569e-07
6.1266904e-08
5.4646491e-07
6.6551812e-08
5.3413196e-07
6.7345618e-08
5.2190999e-07
6.444503e-08
5.1037622e-07
5.8544956e-08
5.0027708e-07
4.9934896e-08
4.9254062e-07
3.8532722e-08
4.8807819e-07
2.4246342e-08
4.8745393e-07
7.4876461e-09
4.9064301e-07
-1.0598728e-08
4.9711541e-07
-2.8345753e-08
5.0604769e-07
-4.4032863e-08
5.1658549e-07
-5.6254806e-08
5.2798389e-07
-6.4064911e-08
5.3960555e-07
-6.6924529e-08
5.5084669e-07
-6.462375e-08
5.6105484e-07
-5.7251135e-08
5.6954258e-07
-4.5290076e-08
5.7572915e-07
-2.973466e-08
5.7922166e-07
-1.2013974e-08
5.7975712e-07
6.2149165e-09
5.7726847e-07
2.3239174e-08
5.7207385e-07
3.769662e-08
5.6475389e-07
4.8649992e-08
5.5593701e-07
5.5645422e-08
5.4622188e-07
5.8708496e-08
5.3614954e-07
5.8201034e-08
5.2623281e-07
5.4595282e-08
5.17058e-07
4.8248606e-08
5.093365e-07
3.9329489e-08
5.0383033e-07
2.7937682e-08
5.01149e-07
1.4378168e-08
5.0153891e-07
-6.1591194e-10
5.0483335e-07
-1.5897311e-08
5.1055544e-07
-3.0143795e-08
5.1809433e-07
-4.2131348e-08
5.2684275e-07
-5.0902431e-08
5.3624539e-07
-5.5813588e-08
5.457839e-07
-5.65235e-08
5.5493764e-07
-5.2971642e-08
5.6315951e-07
-4.5379258e-08
5.6993241e-07
-3.4313439e-08
5.7486608e-07
-2.0686753e-08
5.7770448e-07
-5.6913288e-09
5.7821107e-07
9.3668422e-09
5.7628179e-07
2.3194777e-08
5.7215824e-07
3.4826377e-08
5.6630025e-07
4.3584003e-08
5.5916909e-07
4.9096846e-08
5.5119698e-07
5.1323458e-08
5.4281e-07
5.047853e-08
5.3445804e-07
4.6883447e-08
5.2667173e-07
4.0825779e-08
5.2006866e-07
3.2527218e-08
5.1527341e-07
2.2221108e-08
5.1276395e-07
1.0309271e-08
5.1274272e-07
-2.5196368e-09
5.1510902e-07
-1.5322508e-08
5.1952397e-07
-2.7066861e-08
5.2553301e-07
-3.6810723e-08
5.3266669e-07
-4.3822559e-08
5.4047806e-07
-4.7611383e-08
5.4853224e-07
-4.791882e-08
5.5638378e-07
-4.471416e-08
5.6357033e-07
-3.8201072e-08
5.6966413e-07
-2.8855029e-08
5.7434974e-07
-1.7410573e-08
5.774109e-07
-4.8088446e-09
5.7860442e-07
7.8961544e-09
5.7775818e-07
1.9658791e-08
5.7497702e-07
2.9685252e-08
5.7060375e-07
3.7403839e-08
5.6500446e-07
4.2446957e-08
5.5851027e-07
4.4681869e-08
5.5145832e-07
4.4201616e-08
5.4422153e-07
4.123914e-08
5.3724474e-07
3.6064173e-08
5.3104376e-07
2.8948006e-08
5.2614787e-07
2.0179313e-08
5.230049e-07
1.0128503e-08
5.2188597e-07
-6.8103385e-10
5.2283272e-07
-1.1527405e-08
5.2567503e-07
-2.1603465e-08
5.3009895e-07
-3.0134048e-08
5.3573348e-07
-3.6489531e-08
5.4220205e-07
-4.0230167e-08
5.4912876e-07
-4.1104467e-08
5.5612676e-07
-3.9045929e-08
5.6278961e-07
-3.4173443e-08
5.6872429e-07
-2.6817369e-08
5.736124e-07
-1.7522039e-08
5.7724437e-07
-7.0166013e-09
5.7939628e-07
3.8638883e-09
5.7984052e-07
1.4217339e-08
5.7851528e-07
2.3319469e-08
5.7561971e-07
3.0634065e-08
5.7145578e-07
3.5780171e-08
5.6630403e-07
3.8541873e-08
5.6043405e-07
3.8895311e-08
5.5414094e-07
3.6983397e-08
5.4777724e-07
3.3043026e-08
5.4176377e-07
2.7349612e-08
5.3655523e-07
2.0204856e-08
5.3258523e-07
1.1935207e-08
5.3018297e-07
2.9446491e-09
5.2955045e-07
-6.2912569e-09
5.30688e-07
-1.51372e-08
5.3343856e-07
-2.2967269e-08
5.3753575e-07
-2.9204472e-08
5.4266754e-07
-3.3403835e-08
5.4850642e-07
-3.5278215e-08
5.5471435e-07
-3.4697714e-08
5.6093655e-07
-3.168288e-08
5.66806e-07
-2.641063e-08
5.7198812e-07
-1.9240854e-08
5.7622731e-07
-1.0702612e-08
5.7932539e-07
-1.4575024e-09
5.8105338e-07
7.7528997e-09
5.8122874e-07
1.6216144e-08
5.7985244e-07
2.338161e-08
5.7709373e-07
2.8841024e-08
5.731836e-07
3.2322198e-08
5.6837828e-07
3.3711029e-08
5.6294322e-07
3.3046243e-08
5.571556e-07
3.0488348e-08
5.513388e-07
2.6271999e-08
5.4586616e-07
2.0674704e-08
5.411294e-07
1.3996195e-08
5.3748721e-07
6.5518466e-09
5.3522879e-07
-1.3051339e-09
5.3451628e-07
-9.1738874e-09
5.353521e-07
-1.6476343e-08
5.3757147e-07
-2.2834722e-08
-2.8776629e-08
4.9748723e-07
1.0393327e-07
4.7367801e-07
9.5826688e-08
4.5102425e-07
8.7581421e-08
4.2827582e-07
7.9100439e-08
4.063383e-07
6.7925715e-08
3.9028581e-07
4.8467604e-08
3.8674422e-07
1.6855985e-08
3.975038e-07
-2.2660774e-08
4.184434e-07
-6.1098575e-08
4.436048e-07
-9.155052e-08
4.6862586e-07
-1.1156799e-07
4.9221071e-07
-1.2233765e-07
5.150451e-07
-1.2493585e-07
5.3762551e-07
-1.1783294e-07
5.5874146e-07
-9.7844612e-08
5.7599017e-07
-6.4040765e-08
5.8665784e-07
-2.0211785e-08
5.8822923e-07
2.6021382e-08
5.8035265e-07
6.5518471e-08
5.6514777e-07
9.2417649e-08
5.4568739e-07
1.0515588e-07
5.2490109e-07
1.064001e-07
5.0456133e-07
1.0111257e-07
4.8512286e-07
9.3593593e-08
4.6670491e-07
8.5450497e-08
4.5026955e-07
7.5326276e-08
4.3792666e-07
6.0216042e-08
4.3203362e-07
3.7835409e-08
4.3368868e-07
8.8963358e-09
4.4193296e-07
-2.2657732e-08
4.547249e-07
-5.2286432e-08
4.6995809e-07
-7.6611771e-08
4.8598874e-07
-9.3870886e-08
5.019566e-07
-1.0377265e-07
5.1766768e-07
-1.0652725e-07
5.3289835e-07
-1.0173814e-07
5.4676665e-07
-8.8484e-08
5.5800518e-07
-6.6755923e-08
5.6548644e-07
-3.8216109e-08
5.6829282e-07
-6.0064464e-09
5.6596828e-07
2.5971531e-08
5.5888622e-07
5.3684779e-08
5.4813378e-07
7.4444161e-08
5.3495506e-07
8.6984595e-08
5.2047433e-07
9.173729e-08
5.0555785e-07
9.0431485e-08
4.9084835e-07
8.5054039e-08
4.7716876e-07
7.6568865e-08
4.65739e-07
6.4623182e-08
4.5793523e-07
4.8284308e-08
4.5479387e-07
2.7210148e-08
4.5658299e-07
2.5304769e-09
4.6257677e-07
-2.3117667e-08
4.7169333e-07
-4.7018251e-08
4.827057e-07
-6.6767802e-08
4.9459009e-07
-8.0918251e-08
5.0670455e-07
-8.8884511e-08
5.1872059e-07
-9.0495476e-08
5.3028267e-07
-8.5531922e-08
5.4068176e-07
-7.373762e-08
5.4907548e-07
-5.5637802e-08
5.547471e-07
-3.2779896e-08
5.5717369e-07
-7.4659291e-09
5.5610841e-07
1.7743247e-08
5.5169759e-07
4.0259716e-08
5.4446819e-07
5.8224726e-08
5.351341e-07
7.0600997e-08
5.2444357e-07
7.7242346e-08
5.1308874e-07
7.8700441e-08
5.0166985e-07
7.5863919e-08
4.9088665e-07
6.932816e-08
4.8167132e-07
5.9150229e-08
4.7501772e-07
4.5186314e-08
4.7169918e-07
2.7564889e-08
4.7199794e-07
7.1888772e-09
4.7558701e-07
-1.4187797e-08
4.8176e-07
-3.4518735e-08
4.896929e-07
-5.1965764e-08
4.9864628e-07
-6.5208184e-08
5.0808688e-07
-7.3505512e-08
5.1766547e-07
-7.6503126e-08
5.2706804e-07
-7.4026319e-08
5.35794e-07
-6.5977092e-08
5.4320152e-07
-5.2697601e-08
5.4872569e-07
-3.5258823e-08
5.5195783e-07
-1.5246119e-08
5.5268843e-07
5.4843211e-09
5.508755e-07
2.5052099e-08
5.4670888e-07
4.1863248e-08
5.4056013e-07
5.4798743e-08
5.3290107e-07
6.3304477e-08
5.2426373e-07
6.7345836e-08
5.1518733e-07
6.7277433e-08
5.0621262e-07
6.3569994e-08
4.9800043e-07
5.64608e-08
4.9131868e-07
4.6011235e-08
4.868933e-07
3.2363065e-08
4.8519141e-07
1.6080053e-08
4.862363e-07
-1.6608018e-09
4.8965441e-07
-1.9315417e-08
4.9489058e-07
-3.5379965e-08
5.0139192e-07
-4.8632688e-08
5.0869553e-07
-5.8206041e-08
5.1644215e-07
-6.3560212e-08
5.2433274e-07
-6.4414086e-08
5.3203462e-07
-6.0673522e-08
5.3908949e-07
-5.2434128e-08
5.4501114e-07
-4.0235092e-08
5.4941157e-07
-2.5087185e-08
5.5201482e-07
-8.2945743e-09
5.5266354e-07
8.7181219e-09
5.512971e-07
2.4561219e-08
5.4804051e-07
3.8082963e-08
5.4316326e-07
4.8461256e-08
5.3701646e-07
5.5243644e-08
5.3001257e-07
5.8327346e-08
5.2258102e-07
5.7910086e-08
5.1516724e-07
5.4297223e-08
5.0831955e-07
4.767347e-08
5.0266482e-07
3.818195e-08
4.9879221e-07
2.6093719e-08
4.9708089e-07
1.2020584e-08
4.9757935e-07
-3.0180893e-09
5.0004553e-07
-1.7788694e-08
5.0408309e-07
-3.1104417e-08
5.092743e-07
-4.2001934e-08
5.1525859e-07
-4.9806849e-08
5.2174338e-07
-5.4096177e-08
5.2846522e-07
-5.4640661e-08
5.3512699e-07
-5.137593e-08
5.4134854e-07
-4.4422619e-08
5.4673496e-07
-3.4241446e-08
5.5096223e-07
-2.1637849e-08
5.537876e-07
-7.6342122e-09
5.5503755e-07
6.6462054e-09
5.5460294e-07
2.0093405e-08
5.5252214e-07
3.1766052e-08
5.4897138e-07
4.0954592e-08
5.4420916e-07
4.7209178e-08
5.3855265e-07
5.0338377e-08
5.3234791e-07
5.0406358e-08
5.2595424e-07
4.7632812e-08
5.1981971e-07
4.2198705e-08
5.1445511e-07
3.4312602e-08
5.1034784e-07
2.4286585e-08
5.0788143e-07
1.2594912e-08
5.0723398e-07
-3.3578323e-11
5.083578e-07
-1.265123e-08
5.1102109e-07
-2.4266758e-08
5.1490444e-07
-3.4017398e-08
5.1969257e-07
-4.1277657e-08
5.2511824e-07
-4.5655834e-08
5.3094449e-07
-4.693072e-08
5.3692293e-07
-4.5024366e-08
5.4273691e-07
-3.9987423e-08
5.4802842e-07
-3.2108882e-08
5.5248338e-07
-2.1976999e-08
5.558517e-07
-1.0384922e-08
5.5794952e-07
1.7660778e-09
5.586208e-07
1.3546053e-08
5.5781624e-07
2.4124034e-08
5.5561663e-07
3.2833676e-08
5.5219674e-07
3.9200055e-08
5.4779167e-07
4.294695e-08
5.426798e-07
4.400718e-08
5.3714532e-07
4.2517874e-08
5.3152339e-07
3.8664959e-08
5.2623272e-07
3.2640279e-08
5.2170813e-07
2.4729444e-08
5.183361e-07
1.5307241e-08
5.1641307e-07
4.8676773e-09
5.1605008e-07
-5.9282717e-09
5.1720601e-07
-1.6293123e-08
5.1968815e-07
-2.5449407e-08
5.2323593e-07
-3.2752256e-08
5.2758893e-07
-3.7756836e-08
5.3251508e-07
-4.0204365e-08
5.3780142e-07
-3.9984055e-08
5.43206e-07
-3.7087455e-08
5.4841919e-07
-3.1623821e-08
5.5312235e-07
-2.3944018e-08
5.5704871e-07
-1.4628965e-08
5.5998658e-07
-4.3953764e-09
5.6175748e-07
5.9820003e-09
5.6223264e-07
1.5740985e-08
5.6138373e-07
2.4230514e-08
5.592831e-07
3.0941656e-08
5.5607866e-07
3.5526642e-08
5.5198408e-07
3.7805603e-08
5.4724804e-07
3.7782288e-08
5.4212417e-07
3.5612215e-08
5.3692606e-07
3.1470109e-08
5.3202847e-07
2.5572298e-08
5.2780242e-07
1.8222245e-08
5.2457806e-07
9.7762067e-09
5.2259757e-07
6.7535228e-10
5.2198291e-07
-8.5592295e-09
5.2270073e-07
-1.7194156e-08
5.2458457e-07
-2.4718564e-08
-3.1836853e-08
4.8214227e-07
1.3213035e-07
4.5554077e-07
1.224282e-07
4.2873431e-07
1.1438788e-07
4.0140983e-07
1.0642492e-07
3.7820065e-07
9.1134899e-08
3.6736311e-07
5.930514e-08
3.7258616e-07
1.1632937e-08
3.9040696e-07
-4.0481579e-08
4.1414174e-07
-8.4833351e-08
4.3727465e-07
-1.1468343e-07
4.569225e-07
-1.3121585e-07
4.7348329e-07
-1.3889843e-07
4.8895975e-07
-1.4041231e-07
5.0527243e-07
-1.3414561e-07
5.2146149e-07
-1.1403368e-07
5.3541456e-07
-7.7993837e-08
5.4493356e-07
-2.9730779e-08
5.4817755e-07
2.2777395e-08
5.4433061e-07
6.9365406e-08
5.3417916e-07
1.025691e-07
5.1971144e-07
1.196236e-07
5.029756e-07
1.2313593e-07
4.8512317e-07
1.18965e-07
4.6678547e-07
1.1193129e-07
4.4895938e-07
1.0327659e-07
4.335779e-07
9.0707748e-08
4.2308793e-07
7.0706021e-08
4.1925748e-07
4.1665852e-08
4.2201914e-07
6.1346806e-09
4.3013016e-07
-3.0768758e-08
4.4186913e-07
-6.4025401e-08
4.5517711e-07
-8.9919745e-08
4.6828426e-07
-1.0697804e-07
4.802705e-07
-1.1575888e-07
4.9160515e-07
-1.178619e-07
5.0299001e-07
-1.1312301e-07
5.1372214e-07
-9.9216127e-08
5.2276895e-07
-7.5802731e-08
5.2912968e-07
-4.4576846e-08
5.3201566e-07
-8.8924212e-09
5.311355e-07
2.6851687e-08
5.2657837e-07
5.8241912e-08
5.189578e-07
8.2064728e-08
5.0901678e-07
9.692562e-08
4.9748828e-07
1.0326578e-07
4.8502284e-07
1.0289693e-07
4.722283e-07
9.7848572e-08
4.6024614e-07
8.855103e-08
4.5052199e-07
7.434733e-08
4.4433896e-07
5.4467334e-08
4.4245277e-07
2.9096338e-08
4.4468207e-07
3.0118038e-10
4.5026377e-07
-2.8699361e-08
4.5814952e-07
-5.4904004e-08
4.6725248e-07
-7.5870762e-08
4.765319e-07
-9.019767e-08
4.8532466e-07
-9.7677275e-08
4.9385365e-07
-9.9024465e-08
5.0247182e-07
-9.4150091e-08
5.1047724e-07
-8.1743035e-08
5.1711703e-07
-6.2277598e-08
5.2182284e-07
-3.7485702e-08
5.2416614e-07
-9.8092312e-09
5.2397754e-07
1.7931846e-08
5.2124504e-07
4.2992214e-08
5.1622209e-07
6.3247684e-08
5.0929754e-07
7.752554e-08
5.0094024e-07
8.5599648e-08
4.9174737e-07
8.7893313e-08
4.8224065e-07
8.5370638e-08
4.7323947e-07
7.8329333e-08
4.6575689e-07
6.6632819e-08
4.6067686e-07
5.026634e-08
4.5859418e-07
2.9647572e-08
4.5952853e-07
6.2545283e-09
4.6292806e-07
-1.7587334e-08
4.6817279e-07
-3.9763458e-08
4.7460113e-07
-5.839411e-08
4.8153882e-07
-7.2145871e-08
4.8845153e-07
-8.0418227e-08
4.9522069e-07
-8.3272284e-08
5.0212918e-07
-8.0934806e-08
5.087961e-07
-7.2644013e-08
5.1456261e-07
-5.8464109e-08
5.18975e-07
-3.9671215e-08
5.2174187e-07
-1.8012989e-08
5.2269067e-07
4.5355263e-09
5.2175591e-07
2.5986854e-08
5.1900162e-07
4.4617534e-08
5.1460468e-07
5.9195686e-08
5.0882461e-07
6.908455e-08
5.0205674e-07
7.41137e-08
4.9477643e-07
7.4557747e-08
4.8747653e-07
7.0869894e-08
4.8086878e-07
6.3068553e-08
4.7569387e-07
5.1186146e-08
4.7259769e-07
3.5459244e-08
4.718498e-07
1.6827935e-08
4.7323588e-07
-3.0468805e-09
4.7630497e-07
-2.2384508e-08
4.8062242e-07
-3.9697412e-08
4.8576334e-07
-5.3773606e-08
4.9129802e-07
-6.3740718e-08
4.969098e-07
-6.9171999e-08
5.0260297e-07
-7.0107256e-08
5.0839014e-07
-6.6460692e-08
5.1383103e-07
-5.7875012e-08
5.1848076e-07
-4.488482e-08
5.2203608e-07
-2.8642508e-08
5.2429038e-07
-1.0548873e-08
5.2511267e-07
7.8958302e-09
5.2443961e-07
2.5234283e-08
5.2230405e-07
4.0218523e-08
5.1882667e-07
5.193863e-08
5.1420124e-07
5.9869078e-08
5.0875342e-07
6.3775166e-08
5.0283863e-07
6.3824874e-08
4.968677e-07
6.0268154e-08
4.9142819e-07
5.3112977e-08
4.8712132e-07
4.2488822e-08
4.8445233e-07
2.8762715e-08
4.8360504e-07
1.2867866e-08
4.8443508e-07
-3.8481209e-09
4.8665954e-07
-2.0013156e-08
4.8998437e-07
-3.4429253e-08
4.9409659e-07
-4.6114149e-08
4.9866876e-07
-5.4379016e-08
5.0345227e-07
-5.887969e-08
5.0841057e-07
-5.9598966e-08
5.1349209e-07
-5.6457444e-08
5.1835607e-07
-4.9286597e-08
5.2264831e-07
-3.8533693e-08
5.2610703e-07
-2.5096567e-08
5.2853962e-07
-1.00668e-08
5.2980698e-07
5.3788488e-09
5.2981675e-07
2.0083633e-08
5.2855391e-07
3.302889e-08
5.2608352e-07
4.3424979e-08
5.2254131e-07
5.0751388e-08
5.1816965e-07
5.4710038e-08
5.132659e-07
5.531011e-08
5.081348e-07
5.2763909e-08
5.0328399e-07
4.7049522e-08
4.9918404e-07
3.8412546e-08
4.9623018e-07
2.7240445e-08
4.9467557e-07
1.4149524e-08
4.9454662e-07
9.5370568e-11
4.9571108e-07
-1.3815684e-08
4.9797278e-07
-2.6528461e-08
5.0109291e-07
-3.7137534e-08
5.0480461e-07
-4.4989354e-08
5.0887742e-07
-4.9728646e-08
5.1320178e-07
-5.1255077e-08
5.1776473e-07
-4.9587315e-08
5.223385e-07
-4.4561199e-08
5.2659582e-07
-3.6366193e-08
5.3026229e-07
-2.5643471e-08
5.3313012e-07
-1.3252752e-08
5.350431e-07
-1.4690128e-10
5.3588321e-07
1.2705943e-08
5.3558994e-07
2.4417297e-08
5.3417577e-07
3.4247846e-08
5.3172148e-07
4.1654346e-08
5.2838078e-07
4.6287654e-08
5.2440055e-07
4.7987408e-08
5.1998117e-07
4.6937258e-08
5.1547882e-07
4.3167309e-08
5.1133253e-07
3.678656e-08
5.0791136e-07
2.8150613e-08
5.0550987e-07
1.7708736e-08
5.0430833e-07
6.0692201e-09
5.0431641e-07
-5.9363564e-09
5.0544061e-07
-1.7417317e-08
5.0751854e-07
-2.7527342e-08
5.1034232e-07
-3.5576032e-08
5.1368612e-07
-4.1100642e-08
5.1736676e-07
-4.3885005e-08
5.2134535e-07
-4.396264e-08
5.2555115e-07
-4.1293256e-08
5.2972175e-07
-3.5794421e-08
5.3357063e-07
-2.7792898e-08
5.3686041e-07
-1.7918746e-08
5.394058e-07
-6.9407706e-09
5.4106645e-07
4.3213473e-09
5.4173688e-07
1.5070564e-08
5.4136916e-07
2.4598227e-08
5.3997912e-07
3.2331702e-08
5.3764374e-07
3.786202e-08
5.3451714e-07
4.0932198e-08
5.3079775e-07
4.1501681e-08
5.2666776e-07
3.9742207e-08
5.2247334e-07
3.566453e-08
5.1858771e-07
2.9457932e-08
5.1532132e-07
2.1488627e-08
5.1291793e-07
1.2179596e-08
5.1154253e-07
2.0507516e-09
5.112072e-07
-8.2238945e-09
5.1184634e-07
-1.7833298e-08
5.133516e-07
-2.622382e-08
-3.4035721e-08
4.615545e-07
1.5578336e-07
4.3660279e-07
1.473799e-07
4.1000825e-07
1.4098242e-07
3.8442406e-07
1.3200911e-07
3.6732935e-07
1.082296e-07
3.6417194e-07
6.2462557e-08
3.7448675e-07
1.3181258e-09
3.9383053e-07
-5.9825357e-08
4.1533924e-07
-1.0634206e-07
4.3317313e-07
-1.3251732e-07
4.4565461e-07
-1.4369732e-07
4.5429973e-07
-1.4754356e-07
4.6154297e-07
-1.4765555e-07
4.6937881e-07
-1.4198146e-07
4.7788391e-07
-1.2253877e-07
4.8644718e-07
-8.655711e-08
4.9370459e-07
-3.6988187e-08
4.9836926e-07
1.8112731e-08
4.9918413e-07
6.8550526e-08
4.9568073e-07
1.0607251e-07
4.8810254e-07
1.2720179e-07
4.7830844e-07
1.3293003e-07
4.6608536e-07
1.3118807e-07
4.5169281e-07
1.2632385e-07
4.3730388e-07
1.1766552e-07
4.2543544e-07
1.0257619e-07
4.1821984e-07
7.7921613e-08
4.1632158e-07
4.3564117e-08
4.1927505e-07
3.1812081e-09
4.2619961e-07
-3.769332e-08
4.35837e-07
-7.3662792e-08
4.4632203e-07
-1.0040478e-07
4.5584589e-07
-1.165019e-07
4.628668e-07
-1.2277979e-07
4.6869253e-07
-1.2368764e-07
4.7483292e-07
-1.192634e-07
4.8068329e-07
-1.050665e-07
4.8599053e-07
-8.1109967e-08
4.903784e-07
-4.8964716e-08
4.9329117e-07
-1.1805196e-08
4.9426515e-07
2.5877705e-08
4.9299171e-07
5.9515359e-08
4.8938025e-07
8.5676181e-08
4.8338853e-07
1.0291734e-07
4.7584076e-07
1.1081356e-07
4.6753842e-07
1.1119927e-07
4.5808289e-07
1.073041e-07
4.4916569e-07
9.7468229e-08
4.4231922e-07
8.11938e-08
4.3862631e-07
5.8160244e-08
4.3813887e-07
2.9583771e-08
4.4031491e-07
-1.87486e-09
4.4472357e-07
-3.3108017e-08
4.5061645e-07
-6.079688e-08
4.5718091e-07
-8.2435229e-08
4.6358917e-07
-9.6605925e-08
4.6857937e-07
-1.0266748e-07
4.7292721e-07
-1.033723e-07
4.7787259e-07
-9.9095477e-08
4.8255457e-07
-8.6425017e-08
4.8663425e-07
-6.635727e-08
4.8990553e-07
-4.0756985e-08
4.9209816e-07
-1.2001862e-08
4.9295462e-07
1.7075388e-08
4.9223862e-07
4.370821e-08
4.8981023e-07
6.5676074e-08
4.8557441e-07
8.1761366e-08
4.798546e-07
9.131945e-08
4.7397281e-07
9.3775106e-08
4.6739982e-07
9.1943632e-08
4.6095116e-07
8.4777995e-08
4.5589235e-07
7.1691627e-08
4.5302706e-07
5.3131626e-08
4.5239867e-07
3.0275965e-08
4.535983e-07
5.0548947e-09
4.5622403e-07
-2.0213064e-08
4.5999371e-07
-4.3533135e-08
4.6449881e-07
-6.2899213e-08
4.6930613e-07
-7.695319e-08
4.7360322e-07
-8.4715319e-08
4.7706887e-07
-8.6737936e-08
4.8103791e-07
-8.4903845e-08
4.8515446e-07
-7.6760565e-08
4.8876506e-07
-6.2074706e-08
4.9171403e-07
-4.2620185e-08
4.9389563e-07
-2.0194583e-08
4.9515139e-07
3.2797569e-09
4.9527995e-07
2.5858297e-08
4.9412077e-07
4.577672e-08
4.9155427e-07
6.1762179e-08
4.8758616e-07
7.305266e-08
4.830155e-07
7.8684359e-08
4.7834711e-07
7.9226143e-08
4.7320652e-07
7.6010479e-08
4.6881312e-07
6.7461951e-08
4.6596135e-07
5.4037918e-08
4.6475634e-07
3.6664261e-08
4.648525e-07
1.673177e-08
4.6598575e-07
-4.1801277e-09
4.6813669e-07
-2.4535449e-08
4.7117166e-07
-4.2732386e-08
4.7480413e-07
-5.7406074e-08
4.7861501e-07
-6.7551594e-08
4.8190827e-07
-7.2465267e-08
4.8496419e-07
-7.3163169e-08
4.8856614e-07
-7.0062646e-08
4.9203336e-07
-6.1342229e-08
4.9504579e-07
-4.7897256e-08
4.9751702e-07
-3.1113737e-08
4.993629e-07
-1.2394755e-08
5.0043269e-07
6.8260485e-09
5.0054358e-07
2.5123392e-08
4.9955094e-07
4.1211164e-08
4.9736498e-07
5.4124583e-08
4.9405039e-07
6.3183668e-08
4.9043415e-07
6.7391407e-08
4.8666671e-07
6.7592315e-08
4.8258593e-07
6.4348935e-08
4.7927048e-07
5.6428428e-08
4.7724574e-07
4.4513561e-08
4.7642332e-07
2.9585134e-08
4.7648566e-07
1.2805523e-08
4.7723069e-07
-4.5931465e-09
4.7866567e-07
-2.1448138e-08
4.8081636e-07
-3.6579943e-08
4.8360868e-07
-4.8906472e-08
4.8675736e-07
-5.752769e-08
4.8964785e-07
-6.1770181e-08
4.924134e-07
-6.2364516e-08
4.9565822e-07
-5.9702264e-08
4.9885629e-07
-5.248467e-08
5.0171452e-07
-4.1391923e-08
5.0413975e-07
-2.7521795e-08
5.0605507e-07
-1.1982121e-08
5.0733435e-07
4.0995749e-09
5.0781091e-07
1.9607073e-08
5.0734688e-07
3.3492916e-08
5.0585421e-07
4.4917652e-08
5.0337283e-07
5.3232762e-08
5.0049724e-07
5.7585633e-08
4.9759242e-07
5.8214924e-08
4.9424217e-07
5.6114158e-08
4.9119594e-07
5.0095755e-08
4.8896911e-07
4.0639376e-08
4.8774508e-07
2.8464478e-08
4.8738247e-07
1.4512137e-08
4.8766341e-07
-1.8557716e-10
4.8849925e-07
-1.4651518e-08
4.8992257e-07
-2.7951783e-08
4.9197273e-07
-3.9187696e-08
4.9453268e-07
-4.7549304e-08
4.9717e-07
-5.2365965e-08
4.9959291e-07
-5.3677987e-08
5.0241089e-07
-5.2405298e-08
5.0543217e-07
-4.7582478e-08
5.0829608e-07
-3.9230095e-08
5.1084192e-07
-2.8189318e-08
5.1298021e-07
-1.5391036e-08
5.1460148e-07
-1.7681721e-09
5.155739e-07
1.1733521e-08
5.1575909e-07
2.4232102e-08
5.1505736e-07
3.4949578e-08
5.1343961e-07
4.3272096e-08
5.1112488e-07
4.8602384e-08
5.0880494e-07
5.0307353e-08
5.0607707e-07
4.9665121e-08
5.0316166e-07
4.6082721e-08
5.0064505e-07
3.9303175e-08
4.9883313e-07
2.9962527e-08
4.9783389e-07
1.8707984e-08
4.9754511e-07
6.3579921e-09
4.9782516e-07
-6.2163994e-09
4.9862093e-07
-1.8213093e-08
4.999634e-07
-2.8869804e-08
5.0185769e-07
-3.7470325e-08
5.0414499e-07
-4.338794e-08
5.0637135e-07
-4.6111369e-08
5.0866288e-07
-4.6254172e-08
5.11372e-07
-4.4002369e-08
5.1414704e-07
-3.8569467e-08
5.1676326e-07
-3.0409115e-08
5.1909225e-07
-2.0247734e-08
5.2103311e-07
-8.8816359e-09
5.2247405e-07
2.8804098e-09
5.2328179e-07
1.4262823e-08
5.2334228e-07
2.4537743e-08
5.2257422e-07
3.309976e-08
5.2097962e-07
3.9456617e-08
5.1890961e-07
4.300221e-08
5.1673994e-07
4.3671351e-08
5.1405624e-07
4.2425911e-08
5.1131773e-07
3.840304e-08
5.0892256e-07
3.18531e-08
5.0710513e-07
2.3306056e-08
5.0596988e-07
1.3314848e-08
5.0545131e-07
2.5693212e-09
5.0541966e-07
-8.1922445e-09
5.0579951e-07
-1.8213151e-08
5.0667787e-07
-2.7102175e-08
-3.52023e-08
4.4040586e-07
1.6771695e-07
4.2350702e-07
1.6427873e-07
4.039232e-07
1.6056625e-07
3.864743e-07
1.49458e-07
3.7813839e-07
1.1656552e-07
3.817372e-07
5.8863745e-08
3.9473064e-07
-1.1675317e-08
4.1215293e-07
-7.7247645e-08
4.2875078e-07
-1.2293991e-07
4.3968714e-07
-1.4345368e-07
4.4412043e-07
-1.4813061e-07
4.4450186e-07
-1.4792498e-07
4.4236054e-07
-1.4551423e-07
4.3941528e-07
-1.390362e-07
4.382794e-07
-1.214029e-07
4.4019777e-07
-8.8475479e-08
4.4457441e-07
-4.136483e-08
4.5046253e-07
1.2224608e-08
4.5599641e-07
6.3016651e-08
4.5964867e-07
1.0242025e-07
4.6039099e-07
1.2645946e-07
4.581581e-07
1.3516292e-07
4.5318683e-07
1.3615934e-07
4.4539487e-07
1.3411581e-07
4.365448e-07
1.2651559e-07
4.2966217e-07
1.0945882e-07
4.2612256e-07
8.1461225e-08
4.2623891e-07
4.3447773e-08
4.2963862e-07
-2.185069e-10
4.3527694e-07
-4.3331635e-08
4.41625e-07
-8.0010856e-08
4.4768796e-07
-1.0646773e-07
4.5252024e-07
-1.2133418e-07
4.5472062e-07
-1.2498017e-07
4.5534075e-07
-1.2430777e-07
4.5490303e-07
-1.1882567e-07
4.5461783e-07
-1.047813e-07
4.5542665e-07
-8.1918785e-08
4.5735969e-07
-5.089776e-08
4.5994567e-07
-1.4391174e-08
4.6255393e-07
2.3269445e-08
4.6434862e-07
5.7720665e-08
4.6467325e-07
8.535155e-08
4.6322815e-07
1.0436245e-07
4.6068002e-07
1.1336169e-07
4.5757565e-07
1.1430364e-07
4.529567e-07
1.1192306e-07
4.4812581e-07
1.0229911e-07
4.4485394e-07
8.4465674e-08
4.4357097e-07
5.9443217e-08
4.4421023e-07
2.8944509e-08
4.464087e-07
-4.0733322e-09
4.4943268e-07
-3.6131999e-08
4.5262987e-07
-6.3994066e-08
4.5576804e-07
-8.55734e-08
4.5875437e-07
-9.9592252e-08
4.604157e-07
-1.0432881e-07
4.6112146e-07
-1.0407806e-07
4.6150476e-07
-9.9478774e-08
4.6197929e-07
-8.6899553e-08
4.6301554e-07
-6.7393514e-08
4.646178e-07
-4.2359245e-08
4.664514e-07
-1.3835469e-08
4.6809431e-07
1.543248e-08
4.6907044e-07
4.2732085e-08
4.6894551e-07
6.5801e-08
4.6754986e-07
8.315702e-08
4.6550852e-07
9.3360788e-08
4.637216e-07
9.556202e-08
4.6119216e-07
9.4473075e-08
4.5819515e-07
8.7775008e-08
4.5616753e-07
7.3719247e-08
4.5536866e-07
5.3930497e-08
4.5562412e-07
3.00205e-08
4.5671608e-07
3.962935e-09
4.5839282e-07
-2.1889807e-08
4.6032028e-07
-4.5460588e-08
4.6245175e-07
-6.5030688e-08
4.6477067e-07
-7.9272104e-08
4.6666974e-07
-8.6614391e-08
4.6747409e-07
-8.7542282e-08
4.6822282e-07
-8.5652579e-08
4.6897992e-07
-7.7517662e-08
4.6994798e-07
-6.3042769e-08
4.7120242e-07
-4.3874624e-08
4.7258817e-07
-2.1580336e-08
4.7390623e-07
1.961695e-09
4.7478351e-07
2.4981023e-08
4.7488126e-07
4.5678966e-08
4.7401112e-07
6.2632325e-08
4.7248794e-07
7.4575839e-08
4.7118941e-07
7.9982891e-08
4.7008607e-07
8.0329476e-08
4.6831796e-07
7.7778592e-08
4.667671e-07
6.9012812e-08
4.6595973e-07
5.4845288e-08
4.6581299e-07
3.6811004e-08
4.6619058e-07
1.6354179e-08
4.6699654e-07
-4.9860841e-09
4.6812217e-07
-2.5661079e-08
4.6954963e-07
-4.4159853e-08
4.713278e-07
-5.918424e-08
4.7331664e-07
-6.9540434e-08
4.7468324e-07
-7.3831868e-08
4.7543161e-07
-7.3911536e-08
4.7636704e-07
-7.0998083e-08
4.7732939e-07
-6.2304578e-08
4.7835279e-07
-4.8920655e-08
4.7948325e-07
-3.2244198e-08
4.8063825e-07
-1.3549749e-08
4.8163719e-07
5.8271031e-09
4.8217829e-07
2.4582299e-08
4.8200776e-07
4.1381695e-08
4.8110238e-07
5.5029955e-08
4.7988196e-07
6.4404094e-08
4.7907031e-07
6.8203055e-08
4.7846148e-07
6.8201146e-08
4.77463e-07
6.5347409e-08
4.7663767e-07
5.7253761e-08
4.7622497e-07
4.4926259e-08
4.76156e-07
2.9654103e-08
4.7636736e-07
1.2594163e-08
4.7685303e-07
-5.0788133e-09
4.7765427e-07
-2.2249375e-08
4.7879663e-07
-3.7722302e-08
4.8030867e-07
-5.0418515e-08
4.8205859e-07
-5.927761e-08
4.8333859e-07
-6.3050176e-08
4.8410969e-07
-6.3135617e-08
4.8509245e-07
-6.0685032e-08
4.8614022e-07
-5.353244e-08
4.8720459e-07
-4.2456293e-08
4.8826521e-07
-2.8582414e-08
4.8929933e-07
-1.3016237e-08
4.9020417e-07
3.1947326e-09
4.9077521e-07
1.9036033e-08
4.9080433e-07
3.3463795e-08
4.9021449e-07
4.5507499e-08
4.8927075e-07
5.4176497e-08
4.8856687e-07
5.8289516e-08
4.8817784e-07
5.8603949e-08
4.8753174e-07
5.6760261e-08
4.868822e-07
5.0745296e-08
4.8647851e-07
4.104307e-08
4.863554e-07
2.8587587e-08
4.8645454e-07
1.4412991e-08
4.8676545e-07
-4.9648658e-10
4.8733047e-07
-1.5216537e-08
4.8818847e-07
-2.8809778e-08
4.8939519e-07
-4.039442e-08
4.9091866e-07
-4.9072774e-08
4.9234378e-07
-5.3791085e-08
4.9316694e-07
-5.4501151e-08
4.9406333e-07
-5.3301684e-08
4.9503895e-07
-4.8558096e-08
4.9607772e-07
-4.0268869e-08
4.9714009e-07
-2.9251684e-08
4.9817773e-07
-1.6428679e-08
4.991133e-07
-2.7037452e-09
4.9985751e-07
1.0989317e-08
5.0022045e-07
2.3869165e-08
5.0006835e-07
3.5101671e-08
4.9944221e-07
4.389824e-08
4.9868719e-07
4.9357402e-08
4.9827333e-07
5.0721214e-08
4.9783829e-07
5.0100163e-08
4.9724246e-07
4.6678549e-08
4.9672326e-07
3.9822375e-08
4.9641781e-07
3.026798e-08
4.9635451e-07
1.8771278e-08
4.9648168e-07
6.2308215e-09
4.9680901e-07
-6.5437282e-09
4.9737313e-07
-1.8777208e-08
4.9821292e-07
-2.9709595e-08
4.9938307e-07
-3.8640473e-08
5.007969e-07
-4.4801777e-08
5.0185157e-07
-4.7166042e-08
5.0264452e-07
-4.7047117e-08
5.0353032e-07
-4.4888169e-08
5.044318e-07
-3.9470947e-08
5.0540831e-07
-3.1385623e-08
5.0640742e-07
-2.1246852e-08
5.0737118e-07
-9.8453923e-09
5.082329e-07
2.0186928e-09
5.0886975e-07
1.362597e-08
5.0914081e-07
2.4266682e-08
5.0894329e-07
3.3297283e-08
5.0833222e-07
4.0067685e-08
5.0766763e-07
4.3666805e-08
5.0722547e-07
4.4113503e-08
5.0661774e-07
4.3033642e-08
5.0591268e-07
3.9108107e-08
5.0524919e-07
3.251659e-08
5.0477978e-07
2.3775457e-08
5.0453183e-07
1.3562801e-08
5.0445686e-07
2.6442887e-09
5.045226e-07
-8.2579818e-09
5.0472615e-07
-1.8416696e-08
5.0516605e-07
-2.7542074e-08
-3.5626235e-08
4.2494554e-07
1.6532411e-07
4.213565e-07
1.6786777e-07
4.1564221e-07
1.6628054e-07
4.1204417e-07
1.5305604e-07
4.1564159e-07
1.1296809e-07
4.2605183e-07
4.8453506e-08
4.3968192e-07
-2.5305413e-08
4.5157125e-07
-8.9136972e-08
4.5880569e-07
-1.3017435e-07
4.5976425e-07
-1.4441225e-07
4.5581669e-07
-1.4418305e-07
4.4747482e-07
-1.3958311e-07
4.3583308e-07
-1.338725e-07
4.2334659e-07
-1.265497e-07
4.1390211e-07
-1.1195841e-07
4.0957906e-07
-8.4152437e-08
4.1108149e-07
-4.2867256e-08
4.1741314e-07
5.8929608e-09
4.2657808e-07
5.3851707e-08
4.3639281e-07
9.260552e-08
4.4494294e-07
1.1790933e-07
4.4971438e-07
1.3039148e-07
4.5133524e-07
1.3453848e-07
4.5097292e-07
1.3447814e-07
4.4952586e-07
1.2796265e-07
4.4894157e-07
1.100431e-07
4.5011691e-07
8.0285891e-08
4.5284284e-07
4.0721838e-08
4.5643776e-07
-3.8134264e-09
4.5991027e-07
-4.6804143e-08
4.6217174e-07
-8.2272334e-08
4.6244289e-07
-1.0673887e-07
4.6060818e-07
-1.1949948e-07
4.5742783e-07
-1.2179982e-07
4.5242983e-07
-1.1930978e-07
4.4582663e-07
-1.1222246e-07
4.4014141e-07
-9.9096084e-08
4.3676868e-07
-7.8546056e-08
4.3608894e-07
-5.0218021e-08
4.3792979e-07
-1.6232017e-08
4.4153707e-07
1.9662167e-08
4.4587113e-07
5.3386601e-08
4.5019501e-07
8.1027669e-08
4.541749e-07
1.0038256e-07
4.5696485e-07
1.1057174e-07
4.579966e-07
1.1327188e-07
4.5832808e-07
1.1159158e-07
4.582882e-07
1.02339e-07
4.5883648e-07
8.391739e-08
4.6025939e-07
5.8020307e-08
4.6229287e-07
2.6911026e-08
4.6445002e-07
-6.2304756e-09
4.6612986e-07
-3.7811847e-08
4.6677945e-07
-6.4643654e-08
4.6597754e-07
-8.4771484e-08
4.6389095e-07
-9.7505671e-08
4.6164062e-07
-1.0207848e-07
4.5883116e-07
-1.012686e-07
4.5495067e-07
-9.5598287e-08
4.5175147e-07
-8.3700348e-08
4.5004215e-07
-6.5684202e-08
4.498253e-07
-4.2142394e-08
4.5092347e-07
-1.4933635e-08
4.529288e-07
1.3427149e-08
4.5530253e-07
4.0358349e-08
4.5778427e-07
6.3319265e-08
4.6036838e-07
8.0572909e-08
4.6273259e-07
9.0996574e-08
4.6379222e-07
9.4502397e-08
4.6448528e-07
9.3780018e-08
4.650576e-07
8.7202679e-08
4.6585603e-07
7.2920822e-08
4.670863e-07
5.2700232e-08
4.6863362e-07
2.8473176e-08
4.7019423e-07
2.4023277e-09
4.7141557e-07
-2.3111145e-08
4.7188503e-07
-4.5930053e-08
4.7127884e-07
-6.44245e-08
4.6970497e-07
-7.7698237e-08
4.680184e-07
-8.4927815e-08
4.6661049e-07
-8.6134374e-08
4.6442544e-07
-8.3467525e-08
4.6224202e-07
-7.5334244e-08
4.6097556e-07
-6.1776315e-08
4.6061368e-07
-4.3512742e-08
4.6102775e-07
-2.1994406e-08
4.6201023e-07
9.7921818e-10
4.6336892e-07
2.3622335e-08
4.6499202e-07
4.4055865e-08
4.6691038e-07
6.0713958e-08
4.6903445e-07
7.2451777e-08
4.7058743e-07
7.8429908e-08
4.7131851e-07
7.9598399e-08
4.7216114e-07
7.6935962e-08
4.7304065e-07
6.8133296e-08
4.74053e-07
5.3832937e-08
4.7524763e-07
3.5616381e-08
4.7652276e-07
1.5079043e-08
4.7764538e-07
-6.1087034e-09
4.7829761e-07
-2.6313309e-08
4.7818695e-07
-4.4049197e-08
4.7724076e-07
-5.8238044e-08
4.7587311e-07
-6.8172784e-08
4.7488384e-07
-7.2842599e-08
4.7406281e-07
-7.3090501e-08
4.7273293e-07
-6.9668212e-08
4.7162959e-07
-6.1201235e-08
4.7107851e-07
-4.836958e-08
4.7100329e-07
-3.2168975e-08
4.7128498e-07
-1.3831441e-08
4.7190957e-07
5.2025159e-09
4.7285066e-07
2.3641206e-08
4.7411984e-07
4.0112516e-08
4.7575794e-07
5.3391856e-08
4.7762333e-07
6.2538704e-08
4.7891099e-07
6.6915397e-08
4.7968075e-07
6.7431387e-08
4.8066968e-07
6.4358479e-08
4.8169686e-07
5.6226579e-08
4.8273455e-07
4.3888568e-08
4.8381211e-07
2.8576547e-08
4.8487994e-07
1.1526333e-08
4.8581086e-07
-6.0097326e-09
4.8633728e-07
-2.2775798e-08
4.8623458e-07
-3.7619602e-08
4.8546712e-07
-4.9651052e-08
4.8439338e-07
-5.8203878e-08
4.8367468e-07
-6.2331469e-08
4.8320917e-07
-6.2670109e-08
4.8241187e-07
-5.988773e-08
4.8170757e-07
-5.2828142e-08
4.8133047e-07
-4.2079188e-08
4.812527e-07
-2.8504649e-08
4.8140729e-07
-1.3170824e-08
4.8180155e-07
2.8004743e-09
4.8248251e-07
1.8355067e-08
4.8348294e-07
3.2463364e-08
4.8484427e-07
4.4146175e-08
4.8648349e-07
5.2537275e-08
4.8782515e-07
5.6947857e-08
4.8860483e-07
5.7824262e-08
4.8955347e-07
5.5811628e-08
4.9057266e-07
4.9726101e-08
4.9164139e-07
3.9974341e-08
4.9270998e-07
2.7519e-08
4.9374214e-07
1.3380824e-08
4.946668e-07
-1.4211438e-09
4.9532e-07
-1.5869739e-08
4.9551222e-07
-2.9001994e-08
4.9513115e-07
-4.0013355e-08
4.9433502e-07
-4.8276643e-08
4.9360625e-07
-5.3062315e-08
4.9324148e-07
-5.4136374e-08
4.927201e-07
-5.2780302e-08
4.9210135e-07
-4.793935e-08
4.9163977e-07
-3.9807286e-08
4.9143465e-07
-2.9046568e-08
4.9145009e-07
-1.6444121e-08
4.9167615e-07
-2.9298009e-09
4.9211568e-07
1.0549784e-08
4.928209e-07
2.3163945e-08
4.9384278e-07
3.4079796e-08
4.9520373e-07
4.2537288e-08
4.9667234e-07
4.7888784e-08
4.9759024e-07
4.9803315e-08
4.9843384e-07
4.9256562e-08
4.9936528e-07
4.5747116e-08
5.0034809e-07
3.8839559e-08
5.0138929e-07
2.9226782e-08
5.0241574e-07
1.7744829e-08
5.0338916e-07
5.257404e-09
5.0421293e-07
-7.3674951e-09
5.0473756e-07
-1.9301842e-08
5.0481925e-07
-2.9791282e-08
5.0440775e-07
-3.8228977e-08
5.0370474e-07
-4.409877e-08
5.0318661e-07
-4.6647908e-08
5.027986e-07
-4.6659112e-08
5.0221609e-07
-4.4305658e-08
5.0163898e-07
-3.8893837e-08
5.0120875e-07
-3.0955394e-08
5.0101284e-07
-2.1050937e-08
5.010235e-07
-9.8560491e-09
5.0121624e-07
1.8259469e-09
5.0161629e-07
1.3225917e-08
5.022501e-07
2.363288e-08
5.0316791e-07
3.237947e-08
5.0437897e-07
3.8856622e-08
5.0553586e-07
4.2509917e-08
5.0626457e-07
4.3384788e-08
5.070514e-07
4.2246814e-08
5.0782715e-07
3.8332363e-08
5.0865402e-07
3.1689718e-08
5.0951772e-07
2.2911756e-08
5.1035347e-07
1.2727048e-08
5.1108546e-07
1.9122978e-09
5.1164674e-07
-8.819259e-09
5.1189932e-07
-1.8669273e-08
5.1163913e-07
-2.7281888e-08
-3.4967621e-08
4.2179445e-07
1.495437e-07
4.324052e-07
1.5725702e-07
4.424247e-07
1.5626104e-07
4.5618525e-07
1.3929549e-07
4.7348263e-07
9.5670712e-08
4.9092085e-07
3.101529e-08
5.0354795e-07
-3.7932512e-08
5.0721314e-07
-9.2802169e-08
5.0179466e-07
-1.2475586e-07
4.9119517e-07
-1.3381276e-07
4.7771835e-07
-1.3070623e-07
4.6108183e-07
-1.2294659e-07
4.4239115e-07
-1.1518182e-07
4.2359558e-07
-1.0775413e-07
4.0810379e-07
-9.6466624e-08
3.9932518e-07
-7.5373823e-08
3.9833821e-07
-4.188029e-08
4.0424007e-07
-8.8962288e-12
4.1557378e-07
4.2517997e-08
4.2950536e-07
7.8673935e-08
4.4295484e-07
1.0445985e-07
4.5355457e-07
1.1979176e-07
4.6113903e-07
1.2695402e-07
4.6777435e-07
1.2784282e-07
4.7460391e-07
1.2113308e-07
4.8126509e-07
1.0338193e-07
4.874632e-07
7.4087776e-08
4.9250844e-07
3.5676597e-08
4.955948e-07
-6.8997874e-09
4.9609645e-07
-4.7305796e-08
4.9373431e-07
-7.9910193e-08
4.8840078e-07
-1.0140534e-07
4.8044069e-07
-1.1153939e-07
4.712677e-07
-1.1262683e-07
4.6026997e-07
-1.0831204e-07
4.4862928e-07
-1.0058177e-07
4.3848987e-07
-8.8956675e-08
4.3158923e-07
-7.164541e-08
4.2877627e-07
-4.7405063e-08
4.297417e-07
-1.7197449e-08
4.3387903e-07
1.5524839e-08
4.4051602e-07
4.6749612e-08
4.4845764e-07
7.3086047e-08
4.5653853e-07
9.2301668e-08
4.6335078e-07
1.0375949e-07
4.6844004e-07
1.0818262e-07
4.7369236e-07
1.0633925e-07
4.7907752e-07
9.6953845e-08
4.8395771e-07
7.9037201e-08
4.8811367e-07
5.3864343e-08
4.9121189e-07
2.3812808e-08
4.928624e-07
-7.880981e-09
4.9272908e-07
-3.767853e-08
4.9066134e-07
-6.2575919e-08
4.8657076e-07
-8.0680904e-08
4.8051246e-07
-9.1447371e-08
4.7381823e-07
-9.5384248e-08
4.6639954e-07
-9.3849908e-08
4.5855535e-07
-8.7754099e-08
4.5184964e-07
-7.699464e-08
4.4738237e-07
-6.1216929e-08
4.4564722e-07
-4.0407241e-08
4.4631472e-07
-1.5601136e-08
4.4893333e-07
1.0808535e-08
4.5309611e-07
3.6195573e-08
4.5821293e-07
5.8202442e-08
4.6375343e-07
7.5032408e-08
4.6893923e-07
8.5810783e-08
4.729064e-07
9.0535222e-08
4.7700552e-07
8.9680902e-08
4.8153692e-07
8.2671274e-08
4.8563679e-07
6.8820953e-08
4.8907057e-07
4.9266455e-08
4.9169578e-07
2.5847961e-08
4.9330042e-07
7.9768543e-10
4.9369256e-07
-2.3503285e-08
4.926738e-07
-4.4911285e-08
4.9010582e-07
-6.1856526e-08
4.8593772e-07
-7.3530135e-08
4.8078847e-07
-7.9778566e-08
4.7559376e-07
-8.0939666e-08
4.6979187e-07
-7.7665629e-08
4.6447029e-07
-7.0012672e-08
4.6067973e-07
-5.7985745e-08
4.5888773e-07
-4.1720751e-08
4.5879252e-07
-2.1899196e-08
4.6004116e-07
-2.6941577e-10
4.6248565e-07
2.1177846e-08
4.6587613e-07
4.0665383e-08
4.6989746e-07
5.6692633e-08
4.7413524e-07
6.8213996e-08
4.7780935e-07
7.4755794e-08
4.8101595e-07
7.6391796e-08
4.8481704e-07
7.3134872e-08
4.8856031e-07
6.4390026e-08
4.9180658e-07
5.0586666e-08
4.9444783e-07
3.2975133e-08
4.9638737e-07
1.3139501e-08
4.9748003e-07
-7.2013573e-09
4.975332e-07
-2.636648e-08
4.9639737e-07
-4.2913373e-08
4.9396916e-07
-5.5809827e-08
4.9029338e-07
-6.4497009e-08
4.862244e-07
-6.8773618e-08
4.8200442e-07
-6.8870517e-08
4.7745644e-07
-6.5120234e-08
4.7377299e-07
-5.7517783e-08
4.7151374e-07
-4.6110327e-08
4.7059631e-07
-3.1251553e-08
4.7071901e-07
-1.3954133e-08
4.7165646e-07
4.2650665e-09
4.7343788e-07
2.1859787e-08
4.7604561e-07
3.7504785e-08
4.7928042e-07
5.0157045e-08
4.8274535e-07
5.9073769e-08
4.8580213e-07
6.3858619e-08
4.8871865e-07
6.4514865e-08
4.9213232e-07
6.0944808e-08
4.9542697e-07
5.2931932e-08
4.9831754e-07
4.0997993e-08
5.0072648e-07
2.6167613e-08
5.025781e-07
9.6747157e-09
5.0372758e-07
-7.1592203e-09
5.0399659e-07
-2.3044804e-08
5.0324434e-07
-3.6867349e-08
5.0138492e-07
-4.7791637e-08
4.9848197e-07
-5.530093e-08
4.9527689e-07
-5.9126389e-08
4.9196893e-07
-5.9362148e-08
4.8829509e-07
-5.6213883e-08
4.8515777e-07
-4.9690829e-08
4.8308455e-07
-4.0005968e-08
4.8212409e-07
-2.7544183e-08
4.8201685e-07
-1.3063588e-08
4.8254334e-07
2.2739832e-09
4.8364913e-07
1.7249275e-08
4.8538987e-07
3.0722629e-08
4.877857e-07
4.1750345e-08
4.9063705e-07
4.9685926e-08
4.9338726e-07
5.419765e-08
4.9597746e-07
5.523406e-08
4.9902856e-07
5.2760523e-08
5.021469e-07
4.6607769e-08
5.0501358e-07
3.7107658e-08
5.0749933e-07
2.5033246e-08
5.0952484e-07
1.1355321e-08
5.1097388e-07
-2.870187e-09
5.1169428e-07
-1.6590143e-08
5.1155013e-07
-2.8857844e-08
5.1044923e-07
-3.8912446e-08
5.0839621e-07
-4.6223627e-08
5.0580121e-07
-5.0467317e-08
5.0322865e-07
-5.1563809e-08
5.0018306e-07
-4.9734719e-08
4.9719831e-07
-4.4954592e-08
4.9481461e-07
-3.7423593e-08
4.9329396e-07
-2.7525913e-08
4.9262947e-07
-1.5779629e-08
4.9263978e-07
-2.9401125e-09
4.9319797e-07
9.9915901e-09
4.9430062e-07
2.2061302e-08
4.9599379e-07
3.2386619e-08
4.9823522e-07
4.0295865e-08
5.0073683e-07
4.5387169e-08
5.0303595e-07
4.7504193e-08
5.0559085e-07
4.6701665e-08
5.0848382e-07
4.285415e-08
5.1132533e-07
3.5998049e-08
5.1392412e-07
2.6627993e-08
5.1617465e-07
1.5494297e-08
5.1797505e-07
3.4570017e-09
5.1920244e-07
-8.5948836e-09
5.1971881e-07
-1.9818209e-08
5.1941766e-07
-2.9490131e-08
5.1824112e-07
-3.7052444e-08
5.1627011e-07
-4.2127751e-08
5.141188e-07
-4.4496606e-08
5.1171217e-07
-4.4252475e-08
5.0890693e-07
-4.1500419e-08
5.0629207e-07
-3.6278975e-08
5.0420822e-07
-2.8871548e-08
5.0284487e-07
-1.9687583e-08
5.0220957e-07
-9.220758e-09
5.0217535e-07
1.8601752e-09
5.026429e-07
1.2758362e-08
5.0360804e-07
2.2667746e-08
5.051001e-07
3.0887403e-08
5.0706202e-07
3.6894709e-08
5.0917552e-07
4.0396412e-08
5.1120604e-07
4.135427e-08
5.1361881e-07
3.9834045e-08
5.1623855e-07
3.5712627e-08
5.187963e-07
2.9131967e-08
5.2112516e-07
2.0582891e-08
5.2311104e-07
1.0741166e-08
5.2465146e-07
3.7187712e-10
5.2562771e-07
-9.7955026e-09
5.2592196e-07
-1.8963528e-08
5.2533451e-07
-2.669443e-08
-3.3483082e-08
4.2810466e-07
1.2235901e-07
4.5192823e-07
1.3343345e-07
4.7687993e-07
1.3130935e-07
5.0614614e-07
1.1002928e-07
5.3539055e-07
6.6426298e-08
5.5763631e-07
8.7695289e-09
5.6664456e-07
-4.6940758e-08
5.6096966e-07
-8.712727e-08
5.4438362e-07
-1.0816982e-07
5.2364404e-07
-1.1307318e-07
5.0160469e-07
-1.0866688e-07
4.796231e-07
-1.00965e-07
4.5766656e-07
-9.3225284e-08
4.3588761e-07
-8.597518e-08
4.1651045e-07
-7.708946e-08
4.035888e-07
-6.2452176e-08
4.0010491e-07
-3.8396403e-08
4.0581765e-07
-5.721634e-09
4.1842032e-07
2.9915327e-08
4.3472453e-07
6.2369724e-08
4.5153774e-07
8.7646644e-08
4.6690686e-07
1.0442264e-07
4.8056835e-07
1.1329254e-07
4.9365114e-07
1.1476002e-07
5.0694738e-07
1.0783685e-07
5.1945656e-07
9.0872753e-08
5.2976254e-07
6.3781799e-08
5.3650239e-07
2.8936739e-08
5.3873484e-07
-9.1322287e-09
5.3611987e-07
-4.469083e-08
5.2911252e-07
-7.2902848e-08
5.1864822e-07
-9.0941038e-08
5.0577155e-07
-9.8662712e-08
4.9145991e-07
-9.8315193e-08
4.7632428e-07
-9.3176419e-08
4.6128729e-07
-8.5544773e-08
4.4789115e-07
-7.5560543e-08
4.3793584e-07
-6.1690099e-08
4.3283677e-07
-4.230599e-08
4.3304244e-07
-1.7403123e-08
4.3788672e-07
1.0680567e-08
4.4621098e-07
3.8425351e-08
4.5663545e-07
6.2661578e-08
4.6770401e-07
8.1233101e-08
4.7829323e-07
9.3170273e-08
4.8816688e-07
9.8308975e-08
4.9797608e-07
9.6530047e-08
5.0758387e-07
8.7346059e-08
5.1601783e-07
7.0603237e-08
5.2250527e-07
4.7376899e-08
5.2637307e-07
1.994501e-08
5.2727685e-07
-8.7847592e-09
5.2506005e-07
-3.546173e-08
5.1999823e-07
-5.7514096e-08
5.125974e-07
-7.328007e-08
5.0342277e-07
-8.2272749e-08
4.9311873e-07
-8.5080204e-08
4.8222672e-07
-8.2957902e-08
4.7148987e-07
-7.7017242e-08
4.6204976e-07
-6.7554538e-08
4.5507099e-07
-5.4238151e-08
4.5141868e-07
-3.6754933e-08
4.5139103e-07
-1.5573487e-08
4.5453166e-07
7.6678999e-09
4.6008999e-07
3.0637245e-08
4.6725371e-07
5.1038719e-08
4.751613e-07
6.7124825e-08
4.830701e-07
7.7901982e-08
4.9065461e-07
8.2950712e-08
4.9825434e-07
8.2081174e-08
5.0582197e-07
7.5103638e-08
5.1255567e-07
6.2087249e-08
5.178734e-07
4.3948731e-08
5.2137682e-07
2.2344542e-08
5.228169e-07
-6.4239348e-10
5.2208235e-07
-2.2768738e-08
5.1922897e-07
-4.2057905e-08
5.1446852e-07
-5.7096074e-08
5.0811004e-07
-6.7171656e-08
5.005753e-07
-7.2243826e-08
4.9240374e-07
-7.276811e-08
4.8411527e-07
-6.9377154e-08
4.7651146e-07
-6.2408866e-08
4.704237e-07
-5.1897984e-08
4.6657758e-07
-3.7874635e-08
4.6541147e-07
-2.0733077e-08
4.6673606e-07
-1.5940136e-09
4.700565e-07
1.7857407e-08
4.7485467e-07
3.5867213e-08
4.8059831e-07
5.0948992e-08
4.8675349e-07
6.2058814e-08
4.9292063e-07
6.8588662e-08
4.9908567e-07
7.0226757e-08
5.053835e-07
6.6837034e-08
5.1134222e-07
5.8431312e-08
5.1642865e-07
4.5500233e-08
5.2028151e-07
2.9122278e-08
5.2266673e-07
1.0754282e-08
5.2344762e-07
-7.982256e-09
5.2256673e-07
-2.5485588e-08
5.200765e-07
-4.0423143e-08
5.1612543e-07
-5.1858751e-08
5.1093822e-07
-5.9309801e-08
5.048778e-07
-6.2713203e-08
4.9834899e-07
-6.2341703e-08
4.9179905e-07
-5.8570292e-08
4.8587358e-07
-5.159232e-08
4.8126095e-07
-4.1497695e-08
4.785228e-07
-2.8513402e-08
4.7784772e-07
-1.3279052e-08
4.7903762e-07
3.075168e-09
4.8173138e-07
1.916603e-08
4.8556039e-07
3.3675776e-08
4.9016412e-07
4.5553311e-08
4.9518291e-07
5.405498e-08
5.0034409e-07
5.8697435e-08
5.0563576e-07
5.9223197e-08
5.1101744e-07
5.5563124e-08
5.1610215e-07
4.7847223e-08
5.2050397e-07
3.6596174e-08
5.2394883e-07
2.2722757e-08
5.2624343e-07
7.3801158e-09
5.2724989e-07
-8.1656781e-09
5.2689059e-07
-2.2685512e-08
5.2517495e-07
-3.5151701e-08
5.2219517e-07
-4.4811858e-08
5.1811498e-07
-5.1220743e-08
5.1322013e-07
-5.4231537e-08
5.0783166e-07
-5.3973682e-08
5.0232018e-07
-5.0702402e-08
4.9723017e-07
-4.4600813e-08
4.9308226e-07
-3.5858062e-08
4.9031283e-07
-2.4774751e-08
4.8914315e-07
-1.1893906e-08
4.8950822e-07
1.9089127e-09
4.912126e-07
1.5544893e-08
4.9401231e-07
2.7922914e-08
4.9762782e-07
3.8134843e-08
5.0176492e-07
4.5548825e-08
5.0618805e-07
4.9774513e-08
5.1082871e-07
5.0593403e-08
5.1565274e-07
4.7936493e-08
5.2036809e-07
4.1892415e-08
5.2463429e-07
3.2841458e-08
5.2818585e-07
2.1481695e-08
5.308271e-07
8.7140636e-09
5.3240975e-07
-4.4528307e-09
5.3282887e-07
-1.700927e-08
5.3204654e-07
-2.807551e-08
5.3010224e-07
-3.6968145e-08
5.2710444e-07
-4.322583e-08
5.2325027e-07
-4.6613143e-08
5.1881507e-07
-4.7128607e-08
5.1403751e-07
-4.4957158e-08
5.0936429e-07
-4.0281374e-08
5.0524751e-07
-3.3306812e-08
5.0206174e-07
-2.4340152e-08
5.0008182e-07
-1.3799701e-08
4.9942663e-07
-2.2849237e-09
5.0001999e-07
9.398223e-09
5.0172095e-07
2.0360343e-08
5.0432915e-07
2.9778425e-08
5.0760614e-07
3.7018877e-08
5.1132231e-07
4.1670994e-08
5.1532498e-07
4.3501522e-08
5.1960683e-07
4.241982e-08
5.240193e-07
3.8441679e-08
5.2825708e-07
3.1760267e-08
5.3203632e-07
2.2848746e-08
5.3513649e-07
1.2394134e-08
5.373791e-07
1.2143906e-09
5.3864898e-07
-9.8647628e-09
5.3885375e-07
-2.0022982e-08
5.3797692e-07
-2.8613304e-08
5.3606917e-07
-3.5144691e-08
5.3324566e-07
-3.9304241e-08
5.2971335e-07
-4.0964296e-08
5.2566047e-07
-4.0199593e-08
5.2135009e-07
-3.7190044e-08
5.1718749e-07
-3.2116376e-08
5.1354808e-07
-2.5232133e-08
5.1073665e-07
-1.6876154e-08
5.0897796e-07
-7.4620688e-09
5.0836513e-07
2.473007e-09
5.0886432e-07
1.2259172e-08
5.1035547e-07
2.117659e-08
5.1266581e-07
2.8577073e-08
5.1558614e-07
3.3974372e-08
5.1891337e-07
3.7069182e-08
5.2254538e-07
3.7722265e-08
5.2646797e-07
3.591145e-08
5.3049096e-07
3.168964e-08
5.3433691e-07
2.528602e-08
5.377515e-07
1.7168297e-08
5.405328e-07
7.959866e-09
5.4252929e-07
-1.6246087e-09
5.4362434e-07
-1.0890554e-08
5.4374545e-07
-1.9084644e-08
5.4291088e-07
-2.5859855e-08
-3.140315e-08
4.4199506e-07
8.8209966e-08
4.7847503e-07
9.695348e-08
5.1766853e-07
9.2115847e-08
5.5733008e-07
7.0367728e-08
5.9063504e-07
3.3121342e-08
6.0946397e-07
-1.0059407e-08
6.0963526e-07
-4.711205e-08
5.9481761e-07
-7.2309617e-08
5.7127832e-07
-8.4630529e-08
5.4507605e-07
-8.6870922e-08
5.2002536e-07
-8.3616186e-08
4.9721783e-07
-7.815747e-08
4.7596583e-07
-7.1973277e-08
4.5535793e-07
-6.5367279e-08
4.3595735e-07
-5.7688885e-08
4.206436e-07
-4.7138425e-08
4.1349204e-07
-3.1244848e-08
4.1663527e-07
-8.8648552e-09
4.2854341e-07
1.8007187e-08
4.4581492e-07
4.5098214e-08
4.6515717e-07
6.8304389e-08
4.8445e-07
8.5129803e-08
5.0307375e-07
9.4668791e-08
5.2127711e-07
9.6556663e-08
5.3893462e-07
9.0179332e-08
5.5485409e-07
7.495328e-08
5.6733993e-07
5.1295964e-08
5.7486089e-07
2.1415774e-08
5.7631312e-07
-1.0584459e-08
5.7140827e-07
-3.9785973e-08
5.6097959e-07
-6.2474167e-08
5.4660463e-07
-7.6566086e-08
5.300283e-07
-8.2086381e-08
5.1270567e-07
-8.0992558e-08
4.9549193e-07
-7.5962685e-08
4.78975e-07
-6.9027836e-08
4.6412887e-07
-6.0714413e-08
4.5250913e-07
-5.0070367e-08
4.4578213e-07
-3.5578988e-08
4.4494494e-07
-1.6565931e-08
4.4973063e-07
5.8948806e-09
4.5890098e-07
2.9254999e-08
4.70913e-07
5.0649558e-08
4.8434414e-07
6.7801963e-08
4.9819161e-07
7.9322801e-08
5.1197972e-07
8.4520861e-08
5.2546017e-07
8.3049598e-08
5.3805862e-07
7.4747614e-08
5.4880274e-07
5.985911e-08
5.5674951e-07
3.9430135e-08
5.6116335e-07
1.5531169e-08
5.6144275e-07
-9.0641571e-09
5.5755135e-07
-3.157033e-08
5.5005952e-07
-5.002227e-08
5.398902e-07
-6.3110751e-08
5.2798837e-07
-7.0370921e-08
5.151934e-07
-7.2285232e-08
5.0217251e-07
-6.9937008e-08
4.8958576e-07
-6.4430498e-08
4.7837108e-07
-5.6339855e-08
4.6968727e-07
-4.5554341e-08
4.6458925e-07
-3.165691e-08
4.6364902e-07
-1.4633264e-08
4.6671121e-07
4.6057084e-09
4.7304288e-07
2.4305582e-08
4.8165881e-07
4.2422785e-08
4.91601e-07
5.7182635e-08
5.0214325e-07
6.7359735e-08
5.128471e-07
7.2246854e-08
5.2341558e-07
7.1512697e-08
5.334015e-07
6.5117721e-08
5.4209351e-07
5.3395243e-08
5.4878577e-07
3.7256464e-08
5.5291527e-07
1.821504e-08
5.5420376e-07
-1.9308836e-09
5.5253969e-07
-2.1104661e-08
5.4812371e-07
-3.7641923e-08
5.4139433e-07
-5.0366696e-08
5.3292032e-07
-5.869765e-08
5.233217e-07
-6.2645199e-08
5.132014e-07
-6.2647809e-08
5.0313206e-07
-5.9307816e-08
4.9381668e-07
-5.3093486e-08
4.8610844e-07
-4.4189751e-08
4.8083845e-07
-3.2604644e-08
4.7859356e-07
-1.8488186e-08
4.794825e-07
-2.4829521e-09
4.8312344e-07
1.4216468e-08
4.8888442e-07
3.0106231e-08
4.960901e-07
4.3743318e-08
5.041632e-07
5.3985706e-08
5.1268199e-07
6.0069874e-08
5.2133327e-07
6.1575485e-08
5.2978677e-07
5.8383526e-08
5.3754802e-07
5.0670067e-08
5.4405861e-07
3.8989644e-08
5.4885696e-07
2.4323926e-08
5.5162151e-07
7.9897338e-09
5.5218654e-07
-8.5472863e-09
5.5050935e-07
-2.38084e-08
5.4675203e-07
-3.666582e-08
5.4123195e-07
-4.6338678e-08
5.3435379e-07
-5.2431636e-08
5.2658463e-07
-5.4944044e-08
5.1840433e-07
-5.4161401e-08
5.103026e-07
-5.0468568e-08
5.0288322e-07
-4.4172932e-08
4.968481e-07
-3.5462583e-08
4.9285366e-07
-2.4518955e-08
4.9129785e-07
-1.1723243e-08
4.921865e-07
2.1865166e-09
4.9519526e-07
1.6157268e-08
4.998467e-07
2.9024337e-08
5.0567049e-07
3.9729519e-08
5.1227615e-07
4.7449326e-08
5.1934653e-07
5.1627052e-08
5.2659797e-07
5.1971763e-08
5.3371098e-07
4.8450106e-08
5.4026864e-07
4.1289561e-08
5.45842e-07
3.1022814e-08
5.5007615e-07
1.8488608e-08
5.5272789e-07
4.7283799e-09
5.5362983e-07
-9.0676204e-09
5.5269665e-07
-2.1752326e-08
5.5001078e-07
-3.2465833e-08
5.4579437e-07
-4.0595448e-08
5.403504e-07
-4.5776775e-08
5.34042e-07
-4.792314e-08
5.2725449e-07
-4.7186172e-08
5.2039133e-07
-4.3839244e-08
5.1395124e-07
-3.8160722e-08
5.0849583e-07
-3.0402646e-08
5.0455505e-07
-2.0833975e-08
5.0250864e-07
-9.8474936e-09
5.0246832e-07
1.9492256e-09
5.0429163e-07
1.3721587e-08
5.0766205e-07
2.4552493e-08
5.1220661e-07
3.3590288e-08
5.1758834e-07
4.0167092e-08
5.2353252e-07
4.3830338e-08
5.2979222e-07
4.4333702e-08
5.3609511e-07
4.1633601e-08
5.4209148e-07
3.5896047e-08
5.4740761e-07
2.7525325e-08
5.5172652e-07
1.7162789e-08
5.5480773e-07
5.6328448e-09
5.5646944e-07
-6.1145345e-09
5.5657893e-07
-1.7118764e-08
5.5513058e-07
-2.6627154e-08
5.5225452e-07
-3.4092089e-08
5.4816754e-07
-3.9138846e-08
5.4314409e-07
-4.1589697e-08
5.3749456e-07
-4.1479081e-08
5.3153612e-07
-3.8998716e-08
5.2566108e-07
-3.4406331e-08
5.203349e-07
-2.7980634e-08
5.1601674e-07
-2.0021987e-08
5.1309117e-07
-1.0874134e-08
5.1180372e-07
-9.9747177e-10
5.1218969e-07
9.0122509e-09
5.141107e-07
1.8439329e-08
5.1730641e-07
2.6582715e-08
5.214848e-07
3.2840489e-08
5.2638222e-07
3.6773572e-08
5.3176715e-07
3.811659e-08
5.374137e-07
3.677327e-08
5.4304243e-07
3.2812953e-08
5.4831424e-07
2.6488459e-08
5.5291129e-07
1.8251694e-08
5.5657635e-07
8.7290753e-09
5.5912031e-07
-1.3295692e-09
5.6035851e-07
-1.1102964e-08
5.6020721e-07
-1.987168e-08
5.586921e-07
-2.7098198e-08
5.5594053e-07
-3.2393122e-08
5.5214793e-07
-3.5511638e-08
5.4756267e-07
-3.6379039e-08
5.4244654e-07
-3.5083457e-08
5.3708584e-07
-3.1829348e-08
5.3184807e-07
-2.6878604e-08
5.2714205e-07
-2.0526117e-08
5.233533e-07
-1.3087401e-08
5.207986e-07
-4.9073724e-09
5.1967705e-07
3.5945606e-09
5.200315e-07
1.1904725e-08
5.2174949e-07
1.9458598e-08
5.2461634e-07
2.5710223e-08
5.2838222e-07
3.0208489e-08
5.328105e-07
3.2640907e-08
5.3768979e-07
3.2842971e-08
5.428102e-07
3.0791044e-08
5.4790313e-07
2.6596706e-08
5.5266079e-07
2.0528362e-08
5.5680743e-07
1.3021652e-08
5.6010974e-07
4.657557e-09
5.6240102e-07
-3.9158848e-09
5.635261e-07
-1.2015636e-08
5.634182e-07
-1.8976747e-08
5.6215127e-07
-2.4592922e-08
-2.8676259e-08
4.9540243e-07
5.918433e-08
5.3122148e-07
6.1134431e-08
5.6998961e-07
5.3347714e-08
6.0510831e-07
3.5249034e-08
6.2754832e-07
1.0681327e-08
6.324748e-07
-1.4985886e-08
6.2270042e-07
-3.7337666e-08
6.0278452e-07
-5.2393723e-08
5.7807394e-07
-5.9919947e-08
5.5338169e-07
-6.2178669e-08
5.3094838e-07
-6.1182877e-08
5.1101939e-07
-5.8228485e-08
4.9294904e-07
-5.3902922e-08
4.7591908e-07
-4.8337326e-08
4.5966913e-07
-4.1438933e-08
4.4537146e-07
-3.2840755e-08
4.3589954e-07
-2.1772924e-08
4.3438582e-07
-7.3511369e-09
4.4196219e-07
1.0430815e-08
4.5706881e-07
2.9991599e-08
4.7678971e-07
4.8583482e-08
4.9847312e-07
6.3446397e-08
5.2050585e-07
7.2636064e-08
5.42042e-07
7.5020514e-08
5.6224178e-07
6.9979545e-08
5.7978596e-07
5.74091e-08
5.9307043e-07
3.8011498e-08
6.0063495e-07
1.3851248e-08
6.0124316e-07
-1.1192669e-08
5.9477958e-07
-3.3322387e-08
5.8261233e-07
-5.0306916e-08
5.6658561e-07
-6.0539374e-08
5.4873702e-07
-6.423779e-08
5.3077808e-07
-6.3033615e-08
5.1364788e-07
-5.8832483e-08
4.9768038e-07
-5.3060335e-08
4.8324957e-07
-4.6283604e-08
4.7133383e-07
-3.8154633e-08
4.6349704e-07
-2.7742193e-08
4.6117596e-07
-1.4244855e-08
4.6482992e-07
2.2409222e-09
4.737443e-07
2.0340621e-08
4.8649078e-07
3.7903074e-08
5.0155625e-07
5.2736493e-08
5.1771665e-07
6.3162398e-08
5.3408222e-07
6.8155293e-08
5.4989668e-07
6.7235139e-08
5.6428133e-07
6.0362963e-08
5.7619656e-07
4.7943884e-08
5.8472061e-07
3.0906075e-08
5.8903871e-07
1.1213072e-08
5.8854268e-07
-8.5681254e-09
5.8340695e-07
-2.6434605e-08
5.7453675e-07
-4.1152065e-08
5.6300424e-07
-5.1578243e-08
5.4985903e-07
-5.7225713e-08
5.3604163e-07
-5.8467833e-08
5.2226641e-07
-5.6161785e-08
5.0910982e-07
-5.1273906e-08
4.9726217e-07
-4.4492204e-08
4.8767763e-07
-3.59698e-08
4.8144475e-07
-2.5424038e-08
4.7940886e-07
-1.2597369e-08
4.8179494e-07
2.2196332e-09
4.8814886e-07
1.7951656e-08
4.9756244e-07
3.3009206e-08
5.090074e-07
4.5737679e-08
5.2157269e-07
5.4794443e-08
5.3451627e-07
5.9303276e-08
5.4718193e-07
5.8847037e-08
5.5887401e-07
5.3425644e-08
5.688092e-07
4.3460044e-08
5.7625642e-07
2.9809246e-08
5.8071372e-07
1.3757744e-08
5.8179592e-07
-3.0130901e-09
5.7941095e-07
-1.8719688e-08
5.738816e-07
-3.2112576e-08
5.6587132e-07
-4.235641e-08
5.5613956e-07
-4.8965888e-08
5.4540782e-07
-5.1913466e-08
5.3429456e-07
-5.1534549e-08
5.233379e-07
-4.8351158e-08
5.1312629e-07
-4.2881875e-08
5.0440262e-07
-3.546608e-08
4.9801298e-07
-2.6215004e-08
4.9469649e-07
-1.5171695e-08
4.9483233e-07
-2.618787e-09
4.9825754e-07
1.0791259e-08
5.0446259e-07
2.3901171e-08
5.1273247e-07
3.5473439e-08
5.223533e-07
4.4364883e-08
5.3269238e-07
4.9730796e-08
5.4318127e-07
5.1086589e-08
5.5326001e-07
4.8304789e-08
5.6232888e-07
4.1601199e-08
5.6979045e-07
3.1528073e-08
5.7517878e-07
1.8935595e-08
5.7818707e-07
4.9814444e-09
5.7857409e-07
-8.934306e-09
5.7627033e-07
-2.1504641e-08
5.7156273e-07
-3.1958223e-08
5.6496919e-07
-3.9745137e-08
5.5702239e-07
-4.4484835e-08
5.4822553e-07
-4.6147184e-08
5.3905613e-07
-4.4992002e-08
5.2999734e-07
-4.1409778e-08
5.2161433e-07
-3.5789922e-08
5.1457726e-07
-2.8425511e-08
5.0957244e-07
-1.9514142e-08
5.07126e-07
-9.2768049e-09
5.0743386e-07
1.8786633e-09
5.1034617e-07
1.3244951e-08
5.1544992e-07
2.3920587e-08
5.2222138e-07
3.2958065e-08
5.3013508e-07
3.9535624e-08
5.3869677e-07
4.3065359e-08
5.4743111e-07
4.3237425e-08
5.5585544e-07
4.0025777e-08
5.6346835e-07
3.3676656e-08
5.6980585e-07
2.4685313e-08
5.7453864e-07
1.3755819e-08
5.7742718e-07
1.8398397e-09
5.7822681e-07
-9.8672493e-09
5.7680194e-07
-2.0327455e-08
5.733312e-07
-2.8995097e-08
5.6821735e-07
-3.5481598e-08
5.6186705e-07
-3.9426472e-08
5.5465584e-07
-4.0711936e-08
5.4696393e-07
-3.9494261e-08
5.3920457e-07
-3.6079878e-08
5.3186796e-07
-3.0824115e-08
5.2551936e-07
-2.4054045e-08
5.2073059e-07
-1.6045211e-08
5.1796113e-07
-7.0780293e-09
5.1743983e-07
2.4705292e-09
5.191356e-07
1.2025815e-08
5.2278964e-07
2.0898449e-08
5.280151e-07
2.8364826e-08
5.34393e-07
3.3789193e-08
5.4151516e-07
3.670818e-08
5.4897958e-07
3.6869285e-08
5.5637226e-07
3.4240923e-08
5.632612e-07
2.9007098e-08
5.6923924e-07
2.1547287e-08
5.7399724e-07
1.2404791e-08
5.7731894e-07
2.3111438e-09
5.7897752e-07
-7.7731085e-09
5.7876345e-07
-1.6904697e-08
5.7670009e-07
-2.4563793e-08
5.730657e-07
-3.0457705e-08
5.6819479e-07
-3.4267927e-08
5.623857e-07
-3.5780607e-08
5.5593682e-07
-3.5030205e-08
5.4918094e-07
-3.2242839e-08
5.425169e-07
-2.774229e-08
5.3641306e-07
-2.1876789e-08
5.3136034e-07
-1.496927e-08
5.2780111e-07
-7.3149048e-09
5.260376e-07
7.6604296e-10
5.2619534e-07
8.8545043e-09
5.2819241e-07
1.6442263e-08
5.3179018e-07
2.2984945e-08
5.3666674e-07
2.796393e-08
5.424773e-07
3.0963008e-08
5.4887102e-07
3.1722871e-08
5.5548625e-07
3.0158046e-08
5.6194233e-07
2.6356874e-08
5.6785748e-07
2.0573304e-08
5.7290536e-07
1.3203816e-08
5.7685154e-07
4.7828986e-09
5.7949985e-07
-3.9778829e-09
5.8060921e-07
-1.2212328e-08
5.8004362e-07
-1.9306087e-08
5.7790501e-07
-2.4959587e-08
5.7444321e-07
-2.8931323e-08
5.6992583e-07
-3.099426e-08
5.6461192e-07
-3.1065121e-08
5.5876844e-07
-2.9239983e-08
5.5270352e-07
-2.576443e-08
5.4679143e-07
-2.0966509e-08
5.4144962e-07
-1.5184309e-08
5.3709614e-07
-8.7339185e-09
5.3408784e-07
-1.8990734e-09
5.3267037e-07
5.0120361e-09
5.329349e-07
1.1640188e-08
5.3480812e-07
1.758538e-08
5.3808829e-07
2.2430053e-08
5.4250215e-07
2.5794631e-08
5.4774613e-07
2.7396923e-08
5.5350393e-07
2.7085169e-08
5.5944687e-07
2.4848107e-08
5.6523066e-07
2.0812916e-08
5.7052117e-07
1.5237857e-08
5.7504195e-07
8.5008652e-09
5.7859158e-07
1.1079344e-09
5.8095594e-07
-6.2802443e-09
5.8194584e-07
-1.3005545e-08
5.814844e-07
-1.8515302e-08
5.7972297e-07
-2.2831489e-08
-2.5363257e-08
5.4401277e-07
3.6079556e-08
5.7013346e-07
3.5013733e-08
5.951058e-07
2.8375372e-08
6.1366121e-07
1.6693633e-08
6.2206934e-07
2.273188e-09
6.1935181e-07
-1.2268355e-08
6.074504e-07
-2.5436254e-08
5.9030806e-07
-3.5251383e-08
5.7157569e-07
-4.1187576e-08
5.5335637e-07
-4.3959348e-08
5.3654719e-07
-4.4373697e-08
5.2125435e-07
-4.2935646e-08
5.072812e-07
-3.9929775e-08
4.9442183e-07
-3.5477958e-08
4.825922e-07
-2.9609302e-08
4.7208073e-07
-2.2329286e-08
4.6393794e-07
-1.363013e-08
4.6010746e-07
-3.520661e-09
4.6250211e-07
8.0361614e-09
4.7195001e-07
2.05437e-08
4.875635e-07
3.2969992e-08
5.0739285e-07
4.3617047e-08
5.2934622e-07
5.0682699e-08
5.5163895e-07
5.2727784e-08
5.7270792e-07
4.8910571e-08
5.9094517e-07
3.9171851e-08
6.0439667e-07
2.4559998e-08
6.1109484e-07
7.1530779e-09
6.1065638e-07
-1.0754207e-08
6.0406858e-07
-2.6734584e-08
5.9210585e-07
-3.8344191e-08
5.7666077e-07
-4.509429e-08
5.5998081e-07
-4.7557829e-08
5.4367282e-07
-4.6725626e-08
5.2850831e-07
-4.3667973e-08
5.1464686e-07
-3.919889e-08
5.0210132e-07
-3.3738065e-08
4.9126685e-07
-2.7320162e-08
4.831881e-07
-1.9663436e-08
4.7929949e-07
-1.0356249e-08
4.8074117e-07
7.9924459e-10
4.877117e-07
1.3370091e-08
4.9941485e-07
2.6199921e-08
5.1446966e-07
3.7681686e-08
5.3139767e-07
4.6234388e-08
5.4887924e-07
5.0673723e-08
5.6576156e-07
5.0352814e-08
5.8095513e-07
4.5169399e-08
5.9330391e-07
3.5595098e-08
6.0149358e-07
2.271641e-08
6.0487407e-07
7.8325809e-09
6.0368762e-07
-7.3816752e-09
5.9846484e-07
-2.1211831e-08
5.8979965e-07
-3.2486867e-08
5.7854884e-07
-4.0327437e-08
5.6580013e-07
-4.4476999e-08
5.525041e-07
-4.5171806e-08
5.3936461e-07
-4.3022291e-08
5.2688425e-07
-3.8793552e-08
5.1553432e-07
-3.3142275e-08
5.0596991e-07
-2.6405387e-08
4.9910297e-07
-1.8557094e-08
4.9589863e-07
-9.3930372e-09
4.9696903e-07
1.1492415e-09
5.0234153e-07
1.2579151e-08
5.1141976e-07
2.3930979e-08
5.2323231e-07
3.392513e-08
5.3670418e-07
4.1322568e-08
5.5081482e-07
4.5192633e-08
5.6462565e-07
4.5036212e-08
5.7724419e-07
4.0807106e-08
5.8781373e-07
3.2890497e-08
5.9559113e-07
2.2031848e-08
6.0004874e-07
9.300137e-09
6.0084903e-07
-3.8133784e-09
5.9798045e-07
-1.5851108e-08
5.920581e-07
-2.6190229e-08
5.8381149e-07
-3.41098e-08
5.7396762e-07
-3.9122013e-08
5.6323327e-07
-4.1179123e-08
5.5220063e-07
-4.050191e-08
5.4134963e-07
-3.750015e-08
5.3114843e-07
-3.2680673e-08
5.2217427e-07
-2.6491925e-08
5.1515747e-07
-1.9198201e-08
5.1087733e-07
-1.0891562e-08
5.0991977e-07
-1.6612191e-09
5.1250649e-07
8.2045309e-09
5.1835567e-07
1.8051998e-08
5.2684203e-07
2.6987074e-08
5.3716807e-07
3.4038847e-08
5.4851161e-07
3.8387257e-08
5.6008835e-07
3.9509844e-08
5.7115651e-07
3.7236633e-08
5.8101278e-07
3.1744924e-08
5.8902337e-07
2.3517491e-08
5.9471203e-07
1.3246926e-08
5.9776369e-07
1.9297912e-09
5.9790951e-07
-9.0801238e-09
5.9515703e-07
-1.8752164e-08
5.9004698e-07
-2.6848177e-08
5.8314841e-07
-3.284656e-08
5.7495128e-07
-3.6287707e-08
5.6595255e-07
-3.7148458e-08
5.5661773e-07
-3.5657177e-08
5.4738669e-07
-3.2178736e-08
5.3873847e-07
-2.7141703e-08
5.3124439e-07
-2.0931433e-08
5.2554683e-07
-1.3816579e-08
5.2225425e-07
-5.9842243e-09
5.2175458e-07
2.3783309e-09
5.2412771e-07
1.0871819e-08
5.2911438e-07
1.8933918e-08
5.3621524e-07
2.5857204e-08
5.4481187e-07
3.0938991e-08
5.542557e-07
3.362153e-08
5.6390912e-07
3.3584006e-08
5.7315681e-07
3.0778083e-08
5.8141672e-07
2.5416752e-08
5.8818624e-07
1.7915791e-08
5.9312664e-07
8.8154184e-09
5.9602527e-07
-1.0587868e-09
5.9656888e-07
-1.0410865e-08
5.946935e-07
-1.8452068e-08
5.9081153e-07
-2.511313e-08
5.8538572e-07
-3.0055791e-08
5.787459e-07
-3.2786648e-08
5.7124289e-07
-3.3208931e-08
5.6326066e-07
-3.1512028e-08
5.5520672e-07
-2.8025942e-08
5.475371e-07
-2.3154486e-08
5.4076966e-07
-1.7286605e-08
5.3545355e-07
-1.0729102e-08
5.3210227e-07
-3.7267496e-09
5.3104491e-07
3.5278882e-09
5.3239592e-07
1.0674806e-08
5.3599803e-07
1.7296331e-08
5.4149543e-07
2.2867433e-08
5.4841863e-07
2.6865991e-08
5.5625073e-07
2.8876081e-08
5.6446375e-07
2.8656264e-08
5.7253527e-07
2.6169399e-08
5.7996203e-07
2.1580343e-08
5.8629075e-07
1.521857e-08
5.9120204e-07
7.4934998e-09
5.945143e-07
-1.0011166e-09
5.9594246e-07
-9.2012687e-09
5.9528217e-07
-1.6244406e-08
5.9274742e-07
-2.2029051e-08
5.8872768e-07
-2.643796e-08
5.8350748e-07
-2.9047729e-08
5.7733471e-07
-2.9607833e-08
5.7051068e-07
-2.8206178e-08
5.633924e-07
-2.5124562e-08
5.5639089e-07
-2.0740776e-08
5.499647e-07
-1.5450604e-08
5.4459352e-07
-9.5980867e-09
5.4072146e-07
-3.4428406e-09
5.3868336e-07
2.8041432e-09
5.386638e-07
8.8740605e-09
5.4064862e-07
1.4457445e-08
5.4443968e-07
1.9193883e-08
5.4971514e-07
2.2688471e-08
5.5607311e-07
2.4605036e-08
5.6307206e-07
2.4723925e-08
5.702567e-07
2.2973398e-08
5.7717286e-07
1.9440713e-08
5.8339306e-07
1.4353106e-08
5.8857859e-07
8.0182867e-09
5.9250638e-07
8.5510576e-10
5.9499997e-07
-6.4714655e-09
5.9572929e-07
-1.294165e-08
5.9465248e-07
-1.8229274e-08
5.9202193e-07
-2.2329036e-08
5.8810263e-07
-2.5012029e-08
5.8313735e-07
-2.6028974e-08
5.7738993e-07
-2.5317709e-08
5.7114164e-07
-2.2991694e-08
5.6472964e-07
-1.9352428e-08
5.585489e-07
-1.4785762e-08
5.5302444e-07
-9.6598541e-09
5.4855367e-07
-4.2631506e-09
5.4548123e-07
1.1733708e-09
5.440511e-07
6.4421608e-09
5.4437371e-07
1.1317585e-08
5.4641055e-07
1.554854e-08
5.4998387e-07
1.8856731e-08
5.548153e-07
2.0963197e-08
5.6055687e-07
2.165535e-08
5.6682169e-07
2.0820351e-08
5.7320483e-07
1.8464966e-08
5.7930452e-07
1.4713229e-08
5.8476561e-07
9.7767698e-09
5.8932994e-07
3.9365348e-09
5.92813e-07
-2.3751329e-09
5.9495215e-07
-8.4193893e-09
5.9550287e-07
-1.3556262e-08
5.9452175e-07
-1.7534187e-08
5.922393e-07
-2.0549037e-08
-2.1521335e-08
5.5137812e-07
1.9659463e-08
5.6800013e-07
1.8391725e-08
5.822268e-07
1.4148705e-08
5.9167797e-07
7.242463e-09
5.952016e-07
-1.2504408e-09
5.9310706e-07
-1.0173822e-08
5.8612337e-07
-1.845256e-08
5.759448e-07
-2.5072816e-08
5.6433302e-07
-2.9575798e-08
5.5242387e-07
-3.2050197e-08
5.4078602e-07
-3.2735845e-08
5.2970066e-07
-3.1850285e-08
5.1934863e-07
-2.9577744e-08
5.0992492e-07
-2.6054255e-08
5.0168352e-07
-2.1367898e-08
4.9493799e-07
-1.5583753e-08
4.9012611e-07
-8.8182519e-09
4.8785262e-07
-1.2471677e-09
4.8904327e-07
6.8455107e-09
4.9462488e-07
1.4962084e-08
5.0502162e-07
2.2573251e-08
5.1976663e-07
2.887204e-08
5.3759444e-07
3.2854889e-08
5.5677456e-07
3.354766e-08
5.7537161e-07
3.0313519e-08
5.9138173e-07
2.3161738e-08
6.0294439e-07
1.2997329e-08
6.0869597e-07
1.401503e-09
6.0811797e-07
-1.0176209e-08
6.017708e-07
-2.0387414e-08
5.9131298e-07
-2.7886368e-08
5.7856783e-07
-3.2349146e-08
5.6511962e-07
-3.4109611e-08
5.5205893e-07
-3.3664938e-08
5.3991092e-07
-3.1519966e-08
5.2880602e-07
-2.8093986e-08
5.1875217e-07
-2.3684216e-08
5.0990589e-07
-1.8473889e-08
5.0278388e-07
-1.2541425e-08
4.983156e-07
-5.8879648e-09
4.9759451e-07
1.5203274e-09
5.0142951e-07
9.5350922e-09
5.0990324e-07
1.7726189e-08
5.2230678e-07
2.5278146e-08
5.3738809e-07
3.1153083e-08
5.5368928e-07
3.4372528e-08
5.6977908e-07
3.4263022e-08
5.8434392e-07
3.0604557e-08
5.9620707e-07
2.3731951e-08
6.0434748e-07
1.4575998e-08
6.0798705e-07
4.1930069e-09
6.0733066e-07
-6.7252805e-09
6.0312725e-07
-1.700842e-08
5.9580323e-07
-2.5162853e-08
5.8615746e-07
-3.0681664e-08
5.7512549e-07
-3.3445036e-08
5.635398e-07
-3.358611e-08
5.5204232e-07
-3.1524814e-08
5.4108865e-07
-2.7839878e-08
5.3103755e-07
-2.3091174e-08
5.2231134e-07
-1.7679183e-08
5.1552214e-07
-1.1767888e-08
5.1145971e-07
-5.3306113e-09
5.109176e-07
1.691348e-09
5.1433324e-07
9.16351e-09
5.2160147e-07
1.666275e-08
5.3207472e-07
2.345188e-08
5.4475515e-07
2.8642141e-08
5.5850704e-07
3.1440745e-08
5.7220476e-07
3.1338486e-08
5.848097e-07
2.820217e-08
5.9540206e-07
2.2298142e-08
6.0313605e-07
1.4297852e-08
6.0726191e-07
5.1742779e-09
6.0779632e-07
-4.3477874e-09
6.0543151e-07
-1.3486298e-08
6.0041789e-07
-2.117661e-08
5.9320159e-07
-2.6893497e-08
5.8446694e-07
-3.0387368e-08
5.748189e-07
-3.153108e-08
5.6476889e-07
-3.0451903e-08
5.5477124e-07
-2.7502497e-08
5.4525635e-07
-2.3165788e-08
5.3669505e-07
-1.7930621e-08
5.2966198e-07
-1.2165129e-08
5.2482872e-07
-6.0583064e-09
5.2283721e-07
3.3029615e-10
5.2412557e-07
6.9161642e-09
5.2872614e-07
1.3451429e-08
5.3625881e-07
1.9454405e-08
5.4602939e-07
2.426827e-08
5.5717665e-07
2.7239997e-08
5.6879466e-07
2.7891838e-08
5.8001584e-07
2.6015454e-08
5.9005355e-07
2.1707205e-08
5.9820702e-07
1.5364025e-08
6.0379433e-07
7.6596156e-09
6.0636758e-07
-6.4345809e-10
6.0622835e-07
-8.9408921e-09
6.0392902e-07
-1.6452835e-08
5.9954041e-07
-2.245957e-08
5.9331367e-07
-2.6619814e-08
5.8573484e-07
-2.8708877e-08
5.7728115e-07
-2.8694769e-08
5.684023e-07
-2.6778331e-08
5.5954691e-07
-2.3323342e-08
5.5117685e-07
-1.8771644e-08
5.4379222e-07
-1.3546801e-08
5.3794078e-07
-7.9651409e-09
5.3416788e-07
-2.2113257e-09
5.3293354e-07
3.6126705e-09
5.3446707e-07
9.3382906e-09
5.3870695e-07
1.4694034e-08
5.4529548e-07
1.9268675e-08
5.5365615e-07
2.2578321e-08
5.630955e-07
2.418218e-08
5.7289063e-07
2.378888e-08
5.8234857e-07
2.1320145e-08
5.9083454e-07
1.6930778e-08
5.9775129e-07
1.0999046e-08
6.0249211e-07
4.0745956e-09
6.0470173e-07
-3.268411e-09
6.0473606e-07
-1.0445193e-08
6.0308716e-07
-1.6803173e-08
5.9976548e-07
-2.1791443e-08
5.9477205e-07
-2.5062365e-08
5.884077e-07
-2.6422293e-08
5.8107296e-07
-2.5874196e-08
5.7319751e-07
-2.3636576e-08
5.6524136e-07
-2.0069797e-08
5.576812e-07
-1.5594326e-08
5.5099832e-07
-1.060372e-08
5.4567008e-07
-5.4008614e-09
5.4212295e-07
-1.7962253e-10
5.4073996e-07
4.9108763e-09
5.4169519e-07
9.7195806e-09
5.4494056e-07
1.4050965e-08
5.50203e-07
1.7604991e-08
5.5704732e-07
2.0021671e-08
5.6493697e-07
2.0986429e-08
5.7329445e-07
2.0298783e-08
5.8154881e-07
1.7915037e-08
5.8915926e-07
1.3969895e-08
5.9561117e-07
8.766661e-09
6.003697e-07
2.734973e-09
6.030066e-07
-3.6380211e-09
6.0365609e-07
-9.85076e-09
6.0280357e-07
-1.5391878e-08
6.0054189e-07
-1.9767379e-08
5.9675931e-07
-2.2655376e-08
5.9157631e-07
-2.3864725e-08
5.8529019e-07
-2.3321722e-08
5.7829704e-07
-2.1213025e-08
5.7105547e-07
-1.7882988e-08
5.6404084e-07
-1.3726153e-08
5.5771303e-07
-9.1227911e-09
5.5249888e-07
-4.3839347e-09
5.4877388e-07
2.8215761e-10
5.4684951e-07
4.728518e-09
5.4686779e-07
8.8557711e-09
5.4883625e-07
1.2488994e-08
5.5263422e-07
1.5395914e-08
5.5796633e-07
1.7356358e-08
5.6442591e-07
1.8145453e-08
5.7155356e-07
1.7596281e-08
5.788699e-07
1.565705e-08
5.8589935e-07
1.2411271e-08
5.9218094e-07
8.0715106e-09
5.972614e-07
2.9378257e-09
6.007343e-07
-2.6177965e-09
6.0230761e-07
-8.0447685e-09
6.0229541e-07
-1.2929457e-08
6.0100872e-07
-1.6942578e-08
5.9836238e-07
-1.9682698e-08
5.9435944e-07
-2.1009092e-08
5.892145e-07
-2.0884033e-08
5.8318806e-07
-1.9291268e-08
5.7665596e-07
-1.6459592e-08
5.7009331e-07
-1.278978e-08
5.6396409e-07
-8.6565376e-09
5.5867079e-07
-4.3665627e-09
5.5455423e-07
-1.4658767e-10
5.5188465e-07
3.8429505e-09
5.5085151e-07
7.4753042e-09
5.5151763e-07
1.0651461e-08
5.5382942e-07
1.3236753e-08
5.5763571e-07
1.5050446e-08
5.6266949e-07
1.5929411e-08
5.685859e-07
1.5738941e-08
5.7499241e-07
1.441384e-08
5.8147489e-07
1.198249e-08
5.8761376e-07
8.5743616e-09
5.9300394e-07
4.3865808e-09
5.9731021e-07
-3.697279e-10
6.001239e-07
-5.1888293e-09
6.012441e-07
-9.539582e-09
6.0098959e-07
-1.3301751e-08
5.9951836e-07
-1.6062959e-08
5.9686461e-07
-1.7895287e-08
-1.7389316e-08
5.5048387e-07
9.7221123e-09
5.6041671e-07
8.4588783e-09
5.6899052e-07
5.5748977e-09
5.7499038e-07
1.2425962e-09
5.7780007e-07
-4.060131e-09
5.7731431e-07
-9.6880623e-09
5.738301e-07
-1.4968345e-08
5.6808674e-07
-1.9329461e-08
5.609414e-07
-2.2430452e-08
5.5307445e-07
-2.4183253e-08
5.4497438e-07
-2.4635772e-08
5.3700452e-07
-2.3880424e-08
5.2945772e-07
-2.2030947e-08
5.2261522e-07
-1.9211757e-08
5.1679421e-07
-1.5546885e-08
5.1236989e-07
-1.1159434e-08
5.0973693e-07
-6.185295e-09
5.092973e-07
-8.0753766e-10
5.1141948e-07
4.7233377e-09
5.1635532e-07
1.0026241e-08
5.2427214e-07
1.4656431e-08
5.3504152e-07
1.8102655e-08
5.4804242e-07
1.9853989e-08
5.6211616e-07
1.947392e-08
5.756969e-07
1.6732783e-08
5.8708966e-07
1.1768973e-08
5.9493785e-07
5.1491387e-09
5.9853126e-07
-2.1919035e-09
5.9779262e-07
-9.4375659e-09
5.9318196e-07
-1.5776754e-08
5.8583922e-07
-2.0543631e-08
5.7693414e-07
-2.3444066e-08
5.6736329e-07
-2.453876e-08
5.577535e-07
-2.4055147e-08
5.4849969e-07
-2.2266155e-08
5.3983209e-07
-1.9426395e-08
5.3193685e-07
-1.5788972e-08
5.250472e-07
-1.1584235e-08
5.1949497e-07
-6.989201e-09
5.1574972e-07
-2.1427086e-09
5.1441487e-07
2.8551688e-09
5.1610854e-07
7.8414307e-09
5.2122124e-07
1.2613484e-08
5.2967736e-07
1.6822023e-08
5.4085692e-07
1.9973527e-08
5.5371018e-07
2.151927e-08
5.6696521e-07
2.1007985e-08
5.793281e-07
1.8241672e-08
5.8967203e-07
1.3388017e-08
5.9725715e-07
6.9908774e-09
6.0168742e-07
-2.3726055e-10
6.0261808e-07
-7.6559397e-09
6.0011087e-07
-1.4501205e-08
5.9483747e-07
-1.9889454e-08
5.874843e-07
-2.3328499e-08
5.7876064e-07
-2.4721374e-08
5.6935654e-07
-2.4182009e-08
5.5984746e-07
-2.2015735e-08
5.5067043e-07
-1.8662853e-08
5.4217657e-07
-1.4597311e-08
5.3471417e-07
-1.0216783e-08
5.2869057e-07
-5.7442869e-09
5.2460402e-07
-1.2440658e-09
5.2303595e-07
3.259426e-09
5.2450144e-07
7.6980169e-09
5.2921462e-07
1.1949567e-08
5.3695158e-07
1.5714926e-08
5.4707148e-07
1.8522234e-08
5.5862797e-07
1.9884262e-08
5.7053818e-07
1.9428277e-08
5.81737e-07
1.7003343e-08
5.9129004e-07
1.2745105e-08
5.9850814e-07
7.079747e-09
6.0306717e-07
6.1524842e-10
6.0476231e-07
-6.0429248e-09
6.0366783e-07
-1.2391813e-08
6.0019882e-07
-1.7707602e-08
5.9473002e-07
-2.1424703e-08
5.8766507e-07
-2.3322411e-08
5.7950029e-07
-2.3366303e-08
5.7074622e-07
-2.1697827e-08
5.6189952e-07
-1.8655803e-08
5.5342664e-07
-1.4692909e-08
5.4575956e-07
-1.0263541e-08
5.3932835e-07
-5.7339133e-09
5.3460601e-07
-1.3359733e-09
5.3210939e-07
2.8269203e-09
5.322873e-07
6.7382484e-09
5.353354e-07
1.0403335e-08
5.4110483e-07
1.3684974e-08
5.4913832e-07
1.6234781e-08
5.5874519e-07
1.7633123e-08
5.6908809e-07
1.7548937e-08
5.792954e-07
1.5808144e-08
5.8856094e-07
1.2441663e-08
5.9620886e-07
7.7161063e-09
6.0172415e-07
2.1443241e-09
6.0477124e-07
-3.6905477e-09
6.0535146e-07
-9.5211069e-09
6.0381925e-07
-1.4920629e-08
6.0036449e-07
-1.9004804e-08
5.9507525e-07
-2.133058e-08
5.8833226e-07
-2.1965882e-08
5.8062077e-07
-2.0983277e-08
5.7242792e-07
-1.8585486e-08
5.6424448e-07
-1.5139898e-08
5.5654577e-07
-1.1072934e-08
5.497785e-07
-6.7795325e-09
5.443709e-07
-2.5575402e-09
5.4073381e-07
1.4257677e-09
5.3924e-07
5.1064752e-09
5.4012869e-07
8.4495972e-09
5.4343714e-07
1.1385591e-08
5.4895978e-07
1.3746032e-08
5.562642e-07
1.5273905e-08
5.6475065e-07
1.5695732e-08
5.737385e-07
1.4801026e-08
5.8254928e-07
1.2509369e-08
5.9056416e-07
8.9158976e-09
5.9723704e-07
4.3261631e-09
6.0203662e-07
-7.2498137e-10
6.0454769e-07
-5.7794831e-09
6.0490036e-07
-1.0797867e-08
6.0350634e-07
-1.5409154e-08
6.0039833e-07
-1.8683428e-08
5.9554152e-07
-2.0205562e-08
5.8925655e-07
-2.0137315e-08
5.8203194e-07
-1.8649588e-08
5.7437292e-07
-1.5977557e-08
5.6678239e-07
-1.2479267e-08
5.597325e-07
-8.5444404e-09
5.5364314e-07
-4.5143567e-09
5.4888362e-07
-6.4134068e-10
5.4577638e-07
2.9276161e-09
5.445923e-07
6.0949531e-09
5.4547561e-07
8.836278e-09
5.4839118e-07
1.1135395e-08
5.5315119e-07
1.2844977e-08
5.594223e-07
1.3750564e-08
5.6673408e-07
1.3674645e-08
5.7454913e-07
1.2483739e-08
5.8232496e-07
1.0139198e-08
5.8955138e-07
6.7434832e-09
5.9575154e-07
2.5664941e-09
6.0041988e-07
-1.933362e-09
6.0309254e-07
-6.3106783e-09
6.0376658e-07
-1.0524808e-08
6.0280115e-07
-1.4426443e-08
6.0032108e-07
-1.7287315e-08
5.9617551e-07
-1.8509804e-08
5.9048367e-07
-1.8172881e-08
5.8376709e-07
-1.6605147e-08
5.7658775e-07
-1.4033685e-08
5.6945787e-07
-1.0753105e-08
5.628462e-07
-7.1144784e-09
5.5715182e-07
-3.4284157e-09
5.5269071e-07
7.7178818e-11
5.4971286e-07
3.2600087e-09
5.4840142e-07
6.0399571e-09
5.4886577e-07
8.3914183e-09
5.5109061e-07
1.0264152e-08
5.5492585e-07
1.1560678e-08
5.6011885e-07
1.216336e-08
5.6631896e-07
1.1945342e-08
5.7311452e-07
1.0800717e-08
5.8006916e-07
8.7024128e-09
5.867496e-07
5.7308293e-09
5.9272695e-07
2.0941572e-09
5.9751346e-07
-1.8486774e-09
6.0054227e-07
-5.6466136e-09
6.0168394e-07
-9.1864316e-09
6.0123792e-07
-1.2483438e-08
5.9941384e-07
-1.5118497e-08
5.9625257e-07
-1.6521428e-08
5.9167907e-07
-1.6435593e-08
5.8581533e-07
-1.5020299e-08
5.7918074e-07
-1.2656674e-08
5.7242133e-07
-9.7001827e-09
5.6605612e-07
-6.4245736e-09
5.6048607e-07
-3.0864785e-09
5.5601276e-07
1.067406e-10
5.5285825e-07
3.0079242e-09
5.511922e-07
5.5089984e-09
5.5107043e-07
7.5970784e-09
5.5246677e-07
9.2551211e-09
5.5530089e-07
1.0402632e-08
5.5939898e-07
1.0952359e-08
5.6451567e-07
1.0812714e-08
5.7034814e-07
9.9064761e-09
5.7655127e-07
8.2107053e-09
5.8275728e-07
5.776483e-09
5.8858448e-07
2.7471563e-09
5.9359131e-07
-6.2024257e-10
5.9715562e-07
-3.9340375e-09
5.9896615e-07
-6.9993636e-09
5.9924442e-07
-9.8178492e-09
5.9813706e-07
-1.2194388e-08
5.9573987e-07
-1.3665769e-08
5.9225438e-07
-1.4409797e-08
-1.2679279e-08
5.5060922e-07
3.6863996e-09
5.567732e-07
2.2948977e-09
5.6226577e-07
8.232177e-11
5.6632886e-07
-2.8204958e-09
5.6850499e-07
-6.2362573e-09
5.6865044e-07
-9.8335174e-09
5.6688736e-07
-1.3205258e-08
5.6354981e-07
-1.5991915e-08
5.5907504e-07
-1.7955685e-08
5.5387904e-07
-1.8987252e-08
5.4830809e-07
-1.9064824e-08
5.4265358e-07
-1.8225914e-08
5.3718467e-07
-1.6562032e-08
5.3217798e-07
-1.420507e-08
5.2794005e-07
-1.1308956e-08
5.2480752e-07
-8.0268998e-09
5.2311842e-07
-4.4961974e-09
5.2320522e-07
-8.9433693e-10
5.2530686e-07
2.6216991e-09
5.2951372e-07
5.8193824e-09
5.3577097e-07
8.3991776e-09
5.4382716e-07
1.004647e-08
5.5314457e-07
1.0536572e-08
5.6288954e-07
9.7289571e-09
5.7205719e-07
7.5651333e-09
5.7967125e-07
4.1549101e-09
5.8497779e-07
-1.5740053e-10
5.8763604e-07
-4.8501547e-09
5.8757942e-07
-9.3809507e-09
5.8505511e-07
-1.3252442e-08
5.8057429e-07
-1.6062807e-08
5.7471348e-07
-1.758326e-08
5.6798237e-07
-1.7807649e-08
5.6084724e-07
-1.6920013e-08
5.5368373e-07
-1.5102646e-08
5.4678666e-07
-1.252933e-08
5.4045067e-07
-9.452977e-09
5.3497449e-07
-6.1080626e-09
5.3067491e-07
-2.6896173e-09
5.2789118e-07
6.4101997e-10
5.2697681e-07
3.7695373e-09
5.2822047e-07
6.597771e-09
5.3181514e-07
9.0188214e-09
5.3774849e-07
1.088867e-08
5.4571181e-07
1.2010205e-08
5.5508325e-07
1.2147829e-08
5.6500926e-07
1.1081978e-08
5.7454925e-07
8.7016848e-09
5.828351e-07
5.102163e-09
5.8921223e-07
6.1374474e-10
5.9325515e-07
-4.2801793e-09
5.9467052e-07
-9.0713137e-09
5.9337468e-07
-1.3205359e-08
5.8967996e-07
-1.6194736e-08
5.8409622e-07
-1.7744758e-08
5.77183e-07
-1.780816e-08
5.6952401e-07
-1.6523014e-08
5.6166729e-07
-1.4159014e-08
5.5406314e-07
-1.1058707e-08
5.4707294e-07
-7.607109e-09
5.4100887e-07
-4.1527178e-09
5.3616426e-07
-8.9967197e-10
5.328072e-07
2.1129918e-09
5.3133621e-07
4.7304145e-09
5.3203429e-07
6.99994e-09
5.3505946e-07
8.9243939e-09
5.4040572e-07
1.0368671e-08
5.4775461e-07
1.1173345e-08
5.5649419e-07
1.1144681e-08
5.6582905e-07
1.0093416e-08
5.7491774e-07
7.9146463e-09
5.8299839e-07
4.6644594e-09
5.8949331e-07
5.8482587e-10
5.9403697e-07
-3.9284079e-09
5.9638804e-07
-8.3939928e-09
5.9632616e-07
-1.2329938e-08
5.9392501e-07
-1.5306449e-08
5.8948691e-07
-1.6986608e-08
5.8341088e-07
-1.7246383e-08
5.7619175e-07
-1.6147166e-08
5.6839759e-07
-1.3903671e-08
5.6059413e-07
-1.0852341e-08
5.5328127e-07
-7.3800474e-09
5.4686294e-07
-3.8452113e-09
5.4165549e-07
-5.2646668e-10
5.3791923e-07
2.400289e-09
5.359664e-07
4.7797507e-09
5.3606026e-07
6.64439e-09
5.3829887e-07
8.1647256e-09
5.4259728e-07
9.3865658e-09
5.4873772e-07
1.0094334e-08
5.56291e-07
1.0079849e-08
5.6463384e-07
9.2060973e-09
5.7306577e-07
7.3762065e-09
5.8090651e-07
4.6009311e-09
5.8757984e-07
1.0427746e-09
5.9268638e-07
-2.9622127e-09
5.9597436e-07
-6.9785286e-09
5.9711404e-07
-1.0660795e-08
5.958898e-07
-1.3696381e-08
5.9253292e-07
-1.5647926e-08
5.8745312e-07
-1.6250779e-08
5.8103863e-07
-1.555139e-08
5.7378466e-07
-1.3729307e-08
5.6624568e-07
-1.1046513e-08
5.5895472e-07
-7.8489376e-09
5.5237456e-07
-4.4927685e-09
5.4687427e-07
-1.2792435e-09
5.4272534e-07
1.5913871e-09
5.4016047e-07
3.990634e-09
5.393434e-07
5.9235453e-09
5.4038354e-07
7.4094554e-09
5.4327526e-07
8.4938777e-09
5.4789635e-07
9.1249393e-09
5.5396371e-07
9.2065477e-09
5.6104398e-07
8.615458e-09
5.6860012e-07
7.2448914e-09
5.760604e-07
5.0490887e-09
5.8287341e-07
2.1028857e-09
5.8856032e-07
-1.360744e-09
5.9279944e-07
-4.964103e-09
5.9536697e-07
-8.3470173e-09
5.9589898e-07
-1.1329875e-08
5.9408815e-07
-1.3598319e-08
5.902476e-07
-1.4842883e-08
5.8485767e-07
-1.4815627e-08
5.7835029e-07
-1.3629937e-08
5.7123896e-07
-1.1538259e-08
5.6407402e-07
-8.8126205e-09
5.5735139e-07
-5.7566392e-09
5.5148528e-07
-2.6783265e-09
5.4679289e-07
1.7803734e-10
5.4350557e-07
2.6459757e-09
5.4175389e-07
4.6792995e-09
5.4158963e-07
6.2592059e-09
5.4301482e-07
7.4110973e-09
5.4601025e-07
8.139965e-09
5.5045388e-07
8.4013393e-09
5.5606606e-07
8.1383868e-09
5.6247497e-07
7.2657305e-09
5.6925283e-07
5.7058787e-09
5.7592953e-07
3.4624996e-09
5.8202387e-07
6.4914183e-10
5.8708355e-07
-2.4931853e-09
5.9079323e-07
-5.6430418e-09
5.9299484e-07
-8.5122871e-09
5.9332097e-07
-1.0850931e-08
5.9141908e-07
-1.2524554e-08
5.8751736e-07
-1.3385601e-08
5.8215038e-07
-1.3142821e-08
5.7584721e-07
-1.1869709e-08
5.690899e-07
-9.8478351e-09
5.6238226e-07
-7.3260489e-09
5.5619337e-07
-4.5642128e-09
5.5089821e-07
-1.8193176e-09
5.4676078e-07
7.0900956e-10
5.4394431e-07
2.8936473e-09
5.425246e-07
4.6797258e-09
5.4257841e-07
5.9861381e-09
5.4406695e-07
6.902881e-09
5.4690088e-07
7.430219e-09
5.5093292e-07
7.5286478e-09
5.5594168e-07
7.1545952e-09
5.6164611e-07
6.2409162e-09
5.6771107e-07
4.7357565e-09
5.7373573e-07
2.6777475e-09
5.7928987e-07
1.7669447e-10
5.8395317e-07
-2.5691502e-09
5.8740537e-07
-5.300873e-09
5.8949191e-07
-7.7331528e-09
5.8985728e-07
-9.5517985e-09
5.8823555e-07
-1.0861709e-08
5.8471608e-07
-1.1599029e-08
5.7969562e-07
-1.1500969e-08
5.7375143e-07
-1.0491402e-08
5.6744348e-07
-8.7123455e-09
5.6122146e-07
-6.4346544e-09
5.5548133e-07
-3.9600616e-09
5.505729e-07
-1.5161373e-09
5.4674347e-07
7.429497e-10
5.4413764e-07
2.7125659e-09
5.4282282e-07
4.3227529e-09
5.428445e-07
5.4873106e-09
5.4412321e-07
6.3183703e-09
5.4657007e-07
6.8082596e-09
5.5005512e-07
6.9175814e-09
5.5440817e-07
6.5993172e-09
5.594175e-07
5.8033809e-09
5.6481487e-07
4.5091023e-09
5.7026879e-07
2.7567869e-09
5.754067e-07
6.38578e-10
5.7984494e-07
-1.6910876e-09
5.8325618e-07
-4.0314766e-09
5.8543714e-07
-6.1150058e-09
5.8606005e-07
-7.6222682e-09
5.8495775e-07
-8.7155513e-09
5.821785e-07
-9.4151382e-09
5.7800975e-07
-9.4970224e-09
5.7271644e-07
-9.1164828e-09
-7.0011395e-09
5.4970367e-07
-5.2091105e-11
5.5388273e-07
-1.8841623e-09
5.5772606e-07
-3.7610101e-09
5.6063616e-07
-5.7306025e-09
5.6234237e-07
-7.9424614e-09
5.627546e-07
-1.0245747e-08
5.6188815e-07
-1.2338814e-08
5.5987284e-07
-1.3976603e-08
5.5692854e-07
-1.5011386e-08
5.5330378e-07
-1.5362493e-08
5.4924917e-07
-1.5010207e-08
5.4502118e-07
-1.3997931e-08
5.4088008e-07
-1.2420932e-08
5.3708875e-07
-1.0413737e-08
5.3391013e-07
-8.1303437e-09
5.3160911e-07
-5.7258748e-09
5.3045138e-07
-3.3384639e-09
5.30614e-07
-1.0569592e-09
5.3226934e-07
9.6635716e-10
5.3544767e-07
2.641054e-09
5.4006364e-07
3.7832096e-09
5.4588628e-07
4.2238251e-09
5.5248575e-07
3.9370994e-09
5.5930562e-07
2.9090902e-09
5.6576889e-07
1.1018601e-09
5.7129506e-07
-1.3712614e-09
5.7539116e-07
-4.2534984e-09
5.7769592e-07
-7.154912e-09
5.7804743e-07
-9.7324611e-09
5.7650034e-07
-1.1705352e-08
5.7329887e-07
-1.2861342e-08
5.6885295e-07
-1.3137339e-08
5.63624e-07
-1.2578701e-08
5.5792773e-07
-1.122374e-08
5.5207506e-07
-9.2499798e-09
5.4647331e-07
-6.9275734e-09
5.4145633e-07
-4.4359997e-09
5.3730213e-07
-1.9538653e-09
5.3424128e-07
3.7123261e-10
5.325072e-07
2.375101e-09
5.3229772e-07
3.9790156e-09
5.3373957e-07
5.1559231e-09
5.3686122e-07
5.897173e-09
5.4155811e-07
6.1917775e-09
5.4756952e-07
5.9987951e-09
5.5447633e-07
5.2410165e-09
5.6174173e-07
3.8165791e-09
5.687688e-07
1.6746164e-09
5.7493161e-07
-1.0606471e-09
5.7964151e-07
-4.096159e-09
5.8246755e-07
-7.1062132e-09
5.8315727e-07
-9.7610307e-09
5.8159161e-07
-1.1639708e-08
5.7803497e-07
-1.2638095e-08
5.7290483e-07
-1.2614618e-08
5.6671986e-07
-1.1623187e-08
5.6005122e-07
-9.8543734e-09
5.534501e-07
-7.55789e-09
5.4739972e-07
-5.0083299e-09
5.4223176e-07
-2.4391468e-09
5.3806653e-07
1.2511662e-11
5.3497964e-07
2.1872114e-09
5.3314738e-07
3.9452547e-09
5.3274306e-07
5.1347369e-09
5.3388173e-07
5.8612716e-09
5.3664417e-07
6.1619534e-09
5.4096999e-07
6.0428491e-09
5.4663229e-07
5.5110418e-09
5.5325539e-07
4.5215842e-09
5.6033886e-07
3.0099461e-09
5.6731204e-07
9.4147053e-10
5.7356262e-07
-1.5861275e-09
5.7852921e-07
-4.381764e-09
5.8179918e-07
-7.1983737e-09
5.8301105e-07
-9.6058673e-09
5.818869e-07
-1.120578e-08
5.7864936e-07
-1.2068918e-08
5.7366707e-07
-1.2004311e-08
5.6745429e-07
-1.1033604e-08
5.6059265e-07
-9.2855252e-09
5.5365414e-07
-6.9651601e-09
5.4717103e-07
-4.3692386e-09
5.4157595e-07
-1.7849639e-09
5.371637e-07
5.6703993e-10
5.340856e-07
2.5516318e-09
5.3243751e-07
4.0483818e-09
5.322502e-07
4.9670602e-09
5.3332996e-07
5.5646239e-09
5.3571092e-07
5.7837679e-09
5.3951858e-07
5.5789046e-09
5.4462157e-07
4.9913489e-09
5.5067064e-07
4.0307744e-09
5.5724209e-07
2.6346505e-09
5.6383541e-07
7.8289157e-10
5.6989031e-07
-1.4539709e-09
5.7488011e-07
-3.9470268e-09
5.7839443e-07
-6.4765372e-09
5.8002933e-07
-8.6134293e-09
5.794583e-07
-1.0089758e-08
5.76769e-07
-1.1007084e-08
5.7226512e-07
-1.1144041e-08
5.6645531e-07
-1.0440971e-08
5.5988655e-07
-8.9826372e-09
5.5310432e-07
-6.9470724e-09
5.4664584e-07
-4.5880373e-09
5.4096573e-07
-2.1688221e-09
5.3638515e-07
8.7814242e-11
5.3308135e-07
2.0245494e-09
5.3116617e-07
3.5065675e-09
5.3071268e-07
4.4441277e-09
5.315676e-07
5.0686271e-09
5.336412e-07
5.3358543e-09
5.3688266e-07
5.2524171e-09
5.4120941e-07
4.7981923e-09
5.4644891e-07
3.9670393e-09
5.5230522e-07
2.7591514e-09
5.5835843e-07
1.1916791e-09
5.6412846e-07
-7.2094073e-10
5.6912329e-07
-2.8919427e-09
5.7290219e-07
-5.1396374e-09
5.7506653e-07
-7.1284507e-09
5.7529168e-07
-8.5721655e-09
5.7358951e-07
-9.6277021e-09
5.7002957e-07
-1.0038387e-08
5.6495188e-07
-9.7651862e-09
5.5889797e-07
-8.7617147e-09
5.5241718e-07
-7.1491488e-09
5.4605525e-07
-5.1763354e-09
5.4030572e-07
-3.0630883e-09
5.3549051e-07
-9.4142314e-10
5.3184698e-07
9.6520153e-10
5.2949836e-07
2.5266547e-09
5.2855418e-07
3.5901602e-09
5.2890488e-07
4.3285974e-09
5.3041686e-07
4.7472229e-09
5.3299718e-07
4.8307758e-09
5.3655771e-07
4.5794341e-09
5.4098708e-07
3.9719698e-09
5.4609351e-07
3.0319616e-09
5.515038e-07
1.8554346e-09
5.5687132e-07
3.3836007e-10
5.6180509e-07
-1.471263e-09
5.6587427e-07
-3.4200411e-09
5.6867353e-07
-5.2924491e-09
5.6979306e-07
-6.7625672e-09
5.6920285e-07
-7.9220785e-09
5.6695147e-07
-8.5995481e-09
5.6311451e-07
-8.687601e-09
5.5796972e-07
-8.2408112e-09
5.5203038e-07
-7.2034766e-09
5.4590258e-07
-5.7419068e-09
5.4017127e-07
-4.1165253e-09
5.351483e-07
-2.3030836e-09
5.3107818e-07
-4.9409224e-10
5.2814535e-07
1.1135104e-09
5.2644861e-07
2.4057525e-09
5.2603005e-07
3.3122117e-09
5.2675921e-07
3.9505632e-09
5.2853232e-07
4.2130222e-09
5.312596e-07
4.1756013e-09
5.3484846e-07
3.8413683e-09
5.3914836e-07
3.2287393e-09
5.4385798e-07
2.4449799e-09
5.4867e-07
1.4288984e-09
5.5335879e-07
4.6963305e-11
5.5757914e-07
-1.5426028e-09
5.6093987e-07
-3.1840319e-09
5.6305446e-07
-4.6837481e-09
5.6363246e-07
-5.8788649e-09
5.6271669e-07
-6.8173877e-09
5.6039106e-07
-7.2261673e-09
5.5673462e-07
-7.2052697e-09
5.5193931e-07
-6.8037131e-09
5.4642152e-07
-5.9831853e-09
5.4079201e-07
-4.8618881e-09
5.3561868e-07
-3.5390204e-09
5.3118354e-07
-1.9995106e-09
5.2767516e-07
-4.5167804e-10
5.2522364e-07
9.3537414e-10
5.2389804e-07
2.0685502e-09
5.2370334e-07
2.9072726e-09
5.2454496e-07
3.4811303e-09
5.2632924e-07
3.7030325e-09
5.2896058e-07
3.6870286e-09
5.3232855e-07
3.4402872e-09
5.3623437e-07
3.011766e-09
5.4041428e-07
2.4194087e-09
5.4464998e-07
1.5676778e-09
5.487528e-07
4.062781e-10
5.5242829e-07
-9.1870188e-10
5.5532599e-07
-2.2591256e-09
5.5711266e-07
-3.4777533e-09
5.5757133e-07
-4.4901466e-09
5.5672491e-07
-5.2685866e-09
5.5467142e-07
-5.5687721e-09
5.5151028e-07
-5.5544184e-09
5.4738051e-07
-5.2853631e-09
5.4260658e-07
-4.7230919e-09
5.375211e-07
-4.0310064e-09
-2.5092163e-09
5.4587178e-07
-2.5056703e-09
5.4860421e-07
-4.6165879e-09
5.5090821e-07
-6.0650109e-09
5.5254191e-07
-7.3643054e-09
5.5344098e-07
-8.841533e-09
5.5351242e-07
-1.0317187e-08
5.5268875e-07
-1.1515146e-08
5.5101879e-07
-1.2306644e-08
5.4865289e-07
-1.2645487e-08
5.4579978e-07
-1.2509378e-08
5.426973e-07
-1.1907731e-08
5.3959289e-07
-1.0893514e-08
5.3672198e-07
-9.5500215e-09
5.3427752e-07
-7.9692756e-09
5.3238766e-07
-6.2404894e-09
5.3113334e-07
-4.4715492e-09
5.3059675e-07
-2.8018799e-09
5.3089842e-07
-1.3586297e-09
5.3212651e-07
-2.6173029e-10
5.3428563e-07
4.8193287e-10
5.3728896e-07
7.7988466e-10
5.4092746e-07
5.8531795e-10
5.4502313e-07
-1.5856737e-10
5.4939699e-07
-1.4647756e-09
5.5361587e-07
-3.1170202e-09
5.5716036e-07
-4.9157458e-09
5.5959425e-07
-6.6873862e-09
5.6055394e-07
-8.1146094e-09
5.5989071e-07
-9.0692317e-09
5.577555e-07
-9.5701364e-09
5.5440607e-07
-9.511916e-09
5.5017771e-07
-8.9089781e-09
5.4544103e-07
-7.8420175e-09
5.4063163e-07
-6.4143442e-09
5.3613538e-07
-4.7537219e-09
5.322333e-07
-3.0254981e-09
5.2916847e-07
-1.3711693e-09
5.2710265e-07
1.1195208e-10
5.2610291e-07
1.3709703e-09
5.2608437e-07
2.3936456e-09
5.2694273e-07
3.1206538e-09
5.2861658e-07
3.4820733e-09
5.3109645e-07
3.4173048e-09
5.3439203e-07
2.8962011e-09
5.3847456e-07
1.9162601e-09
5.4317528e-07
5.4029856e-10
5.4811065e-07
-1.1187957e-09
5.5271395e-07
-2.9286767e-09
5.5640074e-07
-4.7474438e-09
5.5861263e-07
-6.3080447e-09
5.589778e-07
-7.4713877e-09
5.5751817e-07
-8.3014027e-09
5.54409e-07
-8.5305285e-09
5.4999217e-07
-8.2212744e-09
5.4471598e-07
-7.3384282e-09
5.3907191e-07
-5.9791079e-09
5.335993e-07
-4.3817716e-09
5.2873584e-07
-2.6944301e-09
5.2471034e-07
-9.8282235e-10
5.2169127e-07
5.7992198e-10
5.1980658e-07
1.8971944e-09
5.1915888e-07
2.8349145e-09
5.1963083e-07
3.4733048e-09
5.2110012e-07
3.6654494e-09
5.2343981e-07
3.5215825e-09
5.2653622e-07
3.0655419e-09
5.3031534e-07
2.2637316e-09
5.3467135e-07
1.1550271e-09
5.3940958e-07
-2.1663934e-10
5.4418252e-07
-1.7629994e-09
5.4848652e-07
-3.3625317e-09
5.5175842e-07
-4.8580231e-09
5.5344494e-07
-6.0682899e-09
5.5337046e-07
-7.1238903e-09
5.5151819e-07
-7.7535946e-09
5.480358e-07
-7.7233955e-09
5.4322945e-07
-7.2625602e-09
5.3755242e-07
-6.3272837e-09
5.3162564e-07
-5.106826e-09
5.2603932e-07
-3.6992043e-09
5.2112274e-07
-2.0485842e-09
5.171567e-07
-4.0319894e-10
5.1434767e-07
1.0240687e-09
5.1283063e-07
2.0840802e-09
5.1257425e-07
2.8080182e-09
5.1344359e-07
3.1790402e-09
5.1529647e-07
3.1141739e-09
5.18008e-07
2.8530977e-09
5.2136212e-07
2.4296476e-09
5.2515005e-07
1.7909719e-09
5.2932836e-07
8.130412e-10
5.3374817e-07
-3.8903737e-10
5.3806459e-07
-1.6817691e-09
5.4182927e-07
-2.981783e-09
5.445462e-07
-4.1709091e-09
5.4582851e-07
-5.2293315e-09
5.455243e-07
-6.1723317e-09
5.4360108e-07
-6.6902038e-09
5.4017257e-07
-6.6612475e-09
5.3550582e-07
-6.3403398e-09
5.300574e-07
-5.695618e-09
5.2439689e-07
-4.7804646e-09
5.1903326e-07
-3.6190005e-09
5.1429027e-07
-2.2040863e-09
5.1045803e-07
-7.5579864e-10
5.0776588e-07
5.2333303e-10
5.0632078e-07
1.5329129e-09
5.0609951e-07
2.2458179e-09
5.069997e-07
2.6063769e-09
5.0886384e-07
2.5799925e-09
5.1148567e-07
2.446796e-09
5.1464521e-07
2.1763155e-09
5.1819571e-07
1.7019137e-09
5.2203946e-07
9.5444672e-10
5.2601575e-07
-9.2548663e-12
5.2984136e-07
-1.0664548e-09
5.3315366e-07
-2.1206245e-09
5.3557017e-07
-3.137451e-09
5.3678446e-07
-4.1062314e-09
5.366327e-07
-4.9878746e-09
5.3506296e-07
-5.5587117e-09
5.3215669e-07
-5.6659014e-09
5.2811105e-07
-5.5820558e-09
5.2330999e-07
-5.2373329e-09
5.181685e-07
-4.6236889e-09
5.1315427e-07
-3.7474918e-09
5.0864391e-07
-2.6387846e-09
5.0489722e-07
-1.4296464e-09
5.021478e-07
-3.1366607e-10
5.0052351e-07
6.8286867e-10
5.0002727e-07
1.4614362e-09
5.0058092e-07
1.9730014e-09
5.020414e-07
2.1296893e-09
5.0423424e-07
2.1357527e-09
5.0697014e-07
2.0113187e-09
5.1008685e-07
1.714066e-09
5.1346118e-07
1.2051062e-09
5.1695137e-07
4.8178399e-10
5.2035226e-07
-3.6893364e-10
5.2337538e-07
-1.1676846e-09
5.2572448e-07
-2.0107373e-09
5.271407e-07
-2.8874838e-09
5.2743616e-07
-3.7154961e-09
5.2652084e-07
-4.3771339e-09
5.2441807e-07
-4.6597987e-09
5.212558e-07
-4.7598109e-09
5.1731288e-07
-4.6566233e-09
5.129428e-07
-4.3175187e-09
5.0844771e-07
-3.7457244e-09
5.0419774e-07
-2.953505e-09
5.005e-07
-2.0441654e-09
4.9757345e-07
-1.1899763e-09
4.9557177e-07
-3.0140036e-10
4.9455889e-07
5.187868e-10
4.9451105e-07
1.1613453e-09
4.9535831e-07
1.5584962e-09
4.9696553e-07
1.7049937e-09
4.991716e-07
1.7444893e-09
5.0176121e-07
1.6234106e-09
5.0460521e-07
1.3315984e-09
5.075931e-07
8.5348596e-10
5.105802e-07
2.4164036e-10
5.1336691e-07
-3.4173499e-10
5.1570648e-07
-9.1066599e-10
5.1737641e-07
-1.6229744e-09
5.1819485e-07
-2.3610412e-09
5.1803893e-07
-3.0281111e-09
5.1686657e-07
-3.5113829e-09
5.1472325e-07
-3.7355453e-09
5.1174826e-07
-3.8423975e-09
5.0827438e-07
-3.7522948e-09
5.0454557e-07
-3.4764548e-09
5.0077189e-07
-3.0300357e-09
4.9722075e-07
-2.4320413e-09
4.9415521e-07
-1.7963471e-09
4.9178354e-07
-1.1673525e-09
4.9022124e-07
-4.3720824e-10
4.8950692e-07
2.6264183e-10
4.8960774e-07
8.3455158e-10
4.9047092e-07
1.2053651e-09
4.9198378e-07
1.3944166e-09
4.9399402e-07
1.4708871e-09
4.9629744e-07
1.3996197e-09
4.9879035e-07
1.1941179e-09
5.0136203e-07
8.6860161e-10
5.0388267e-07
4.9113291e-10
5.0617513e-07
1.269481e-10
5.0805355e-07
-3.1074984e-10
5.09352e-07
-8.9216922e-10
5.0992854e-07
-1.4952377e-09
5.0970028e-07
-2.0308707e-09
5.0863777e-07
-2.4152409e-09
5.0678342e-07
-2.6358004e-09
5.0426757e-07
-2.7527297e-09
5.0140352e-07
-2.7047218e-09
4.9836422e-07
-2.5151179e-09
4.952827e-07
-2.2038504e-09
4.9235152e-07
-1.7919048e-09
4.8971419e-07
-1.3936846e-09
-6.188015e-10
5.2676565e-07
-3.1861916e-09
5.272967e-07
-5.1476345e-09
5.2745542e-07
-6.2237382e-09
5.272777e-07
-7.1865793e-09
5.267485e-07
-8.3123409e-09
5.2573487e-07
-9.3035532e-09
5.2415559e-07
-9.9358682e-09
5.2204785e-07
-1.0198905e-08
5.1953354e-07
-1.0131177e-08
5.1677635e-07
-9.7521851e-09
5.1396221e-07
-9.0935932e-09
5.1128327e-07
-8.2145717e-09
5.0891646e-07
-7.1832143e-09
5.0700856e-07
-6.0613694e-09
5.0567561e-07
-4.9075453e-09
5.0499358e-07
-3.7895171e-09
5.0498813e-07
-2.7964299e-09
5.0565229e-07
-2.0227892e-09
5.0694002e-07
-1.5494604e-09
5.0881829e-07
-1.3963374e-09
5.1112313e-07
-1.5249537e-09
5.1363554e-07
-1.9270982e-09
5.1607535e-07
-2.5983737e-09
5.1811879e-07
-3.5082186e-09
5.1949779e-07
-4.4960172e-09
5.1998051e-07
-5.3984667e-09
5.1945436e-07
-6.16123e-09
5.1788087e-07
-6.5411234e-09
5.1534804e-07
-6.536403e-09
5.1204968e-07
-6.2717738e-09
5.0824937e-07
-5.7116035e-09
5.0423341e-07
-4.8930218e-09
5.0028638e-07
-3.8949872e-09
4.9673972e-07
-2.8676856e-09
4.9383341e-07
-1.8474089e-09
4.916974e-07
-8.8948819e-10
4.904368e-07
-1.105775e-10
4.9004838e-07
5.0037366e-10
4.9050629e-07
9.1306222e-10
4.9172991e-07
1.1700273e-09
4.9359408e-07
1.2564786e-09
4.9596076e-07
1.1153952e-09
4.9868202e-07
6.9605044e-10
5.0154413e-07
3.4086699e-11
5.0432901e-07
-8.68621e-10
5.0671501e-07
-1.845702e-09
5.0838866e-07
-2.7924467e-09
5.0913653e-07
-3.6765474e-09
5.0879185e-07
-4.4027606e-09
5.0726629e-07
-4.7824831e-09
5.0460164e-07
-4.8067359e-09
5.0098075e-07
-4.6805122e-09
4.9679152e-07
-4.3413066e-09
4.9237401e-07
-3.8037592e-09
4.8810907e-07
-3.0734913e-09
4.8432535e-07
-2.195387e-09
4.8125659e-07
-1.3130123e-09
4.790543e-07
-4.9213718e-10
4.7779276e-07
2.7871527e-10
4.7748237e-07
8.9031266e-10
4.7809761e-07
1.281955e-09
4.7952587e-07
1.4066502e-09
4.8159509e-07
1.4040902e-09
4.8403849e-07
1.2220502e-09
4.8670362e-07
8.5645435e-10
4.8943771e-07
3.3144563e-10
4.9205189e-07
-3.5044721e-10
4.9431186e-07
-1.1049404e-09
4.9599135e-07
-1.896126e-09
4.968965e-07
-2.6681501e-09
4.9688269e-07
-3.3487276e-09
4.9585467e-07
-3.8299968e-09
4.9378582e-07
-3.9994442e-09
4.9073826e-07
-4.0763275e-09
4.8696188e-07
-3.9772202e-09
4.8288382e-07
-3.6453363e-09
4.7873031e-07
-3.109046e-09
4.7482028e-07
-2.4172584e-09
4.7145564e-07
-1.7421777e-09
4.6887227e-07
-1.115835e-09
4.6720438e-07
-3.8069679e-10
4.6649503e-07
3.0614771e-10
4.6669744e-07
8.2165853e-10
4.6771481e-07
1.0667168e-09
4.6938409e-07
1.1387392e-09
4.7149551e-07
1.0676121e-09
4.7379262e-07
8.1706688e-10
4.7622247e-07
4.2324853e-10
4.7863294e-07
1.9181471e-11
4.8082374e-07
-3.9983203e-10
4.8258174e-07
-9.4495768e-10
4.8375318e-07
-1.5604772e-09
4.8421773e-07
-2.1463244e-09
4.8387625e-07
-2.6403024e-09
4.8266336e-07
-2.9580127e-09
4.8057281e-07
-3.13878e-09
4.7767371e-07
-3.2732303e-09
4.7423823e-07
-3.2547271e-09
4.7063226e-07
-3.0552741e-09
4.6701074e-07
-2.718827e-09
4.6362179e-07
-2.3066698e-09
4.6071355e-07
-1.8722213e-09
4.5848558e-07
-1.39103e-09
4.5705483e-07
-7.7333237e-10
4.5644845e-07
-1.4942181e-10
4.5665778e-07
3.1399884e-10
4.5757981e-07
6.1088378e-10
4.59087e-07
7.3863544e-10
4.6097293e-07
7.2044379e-10
4.6297317e-07
5.7975116e-10
4.6501716e-07
4.0280648e-10
4.6698906e-07
2.0441613e-10
4.687498e-07
-5.8823246e-11
4.7016135e-07
-4.5711002e-10
4.7108933e-07
-9.372291e-10
4.7141594e-07
-1.3930708e-09
4.710805e-07
-1.7851801e-09
4.7004357e-07
-2.1005221e-09
4.6830563e-07
-2.368295e-09
4.6591709e-07
-2.5993289e-09
4.6307633e-07
-2.7179509e-09
4.6010745e-07
-2.6970207e-09
4.5709696e-07
-2.5715655e-09
4.5421714e-07
-2.3575162e-09
4.5165914e-07
-2.0656906e-09
4.4961095e-07
-1.699301e-09
4.4820778e-07
-1.2356148e-09
4.4747351e-07
-6.9537351e-10
4.4736991e-07
-2.1006646e-10
4.4789951e-07
1.5326199e-10
4.4895716e-07
4.0378638e-10
4.5039901e-07
5.3115587e-10
4.5198952e-07
5.3917867e-10
4.5363484e-07
4.9043808e-10
4.5524376e-07
4.0239399e-10
4.5670859e-07
2.4923936e-10
4.5791699e-07
-3.301653e-12
4.5874747e-07
-3.4869543e-10
4.5909953e-07
-7.2098931e-10
4.589876e-07
-1.055756e-09
4.5835918e-07
-1.3823162e-09
4.5716993e-07
-1.6982312e-09
4.5543746e-07
-1.9830262e-09
4.5325988e-07
-2.1995588e-09
4.509104e-07
-2.3103117e-09
4.4848081e-07
-2.3302245e-09
4.4608122e-07
-2.2570287e-09
4.4385476e-07
-2.0910647e-09
4.419492e-07
-1.8401637e-09
4.4050557e-07
-1.5098722e-09
4.3957432e-07
-1.1129182e-09
4.3908056e-07
-6.9621092e-10
4.3908339e-07
-3.0423235e-10
4.3957794e-07
2.4229447e-11
4.40478e-07
2.612913e-10
4.4164032e-07
3.9617664e-10
4.4289186e-07
4.5345236e-10
4.4417831e-07
4.5804177e-10
4.453968e-07
4.0492126e-10
4.4644489e-07
2.8350345e-10
4.4722855e-07
6.9826048e-11
4.4766371e-07
-1.9351351e-10
4.4778667e-07
-4.6469644e-10
4.4760252e-07
-7.265179e-10
4.4698886e-07
-1.0093123e-09
4.4592393e-07
-1.2961161e-09
4.4445317e-07
-1.5573534e-09
4.4270208e-07
-1.7602928e-09
4.4085116e-07
-1.8846193e-09
4.3894456e-07
-1.9357947e-09
4.3709262e-07
-1.900355e-09
4.3539906e-07
-1.7828959e-09
4.339612e-07
-1.5921819e-09
4.3286064e-07
-1.3314832e-09
4.3209317e-07
-1.0288748e-09
4.316371e-07
-7.1128429e-10
4.3158161e-07
-3.8171838e-10
4.3191878e-07
-7.4527035e-11
4.3257922e-07
1.7411229e-10
4.3345065e-07
3.3393834e-10
4.344157e-07
4.2936523e-10
4.3540644e-07
4.801444e-10
4.3632753e-07
4.7853183e-10
4.3709565e-07
4.2600399e-10
4.3764883e-07
3.1541868e-10
4.3799454e-07
1.4542259e-10
4.381612e-07
-3.9709506e-11
4.3808886e-07
-2.3841077e-10
4.3767256e-07
-4.7587121e-10
4.3690462e-07
-7.2729896e-10
4.358348e-07
-9.6104525e-10
4.3456571e-07
-1.146156e-09
4.3320348e-07
-1.2735652e-09
4.317922e-07
-1.3414517e-09
4.3042163e-07
-1.3341574e-09
4.2916045e-07
-1.2539381e-09
4.2806749e-07
-1.1108861e-09
4.2718024e-07
-9.0465559e-10
4.2646636e-07
-6.7980202e-10
-2.188217e-10
4.6551063e-07
-7.5238876e-10
4.6340679e-07
-3.0438008e-09
4.6151309e-07
-4.3300361e-09
4.5976252e-07
-5.4360124e-09
4.5793764e-07
-6.4874563e-09
4.5580808e-07
-7.1739946e-09
4.5336558e-07
-7.4933641e-09
4.5074885e-07
-7.5821757e-09
4.4810622e-07
-7.4885551e-09
4.4555211e-07
-7.198066e-09
4.431781e-07
-6.719586e-09
4.4106685e-07
-6.1033222e-09
4.3929465e-07
-5.4110152e-09
4.3793357e-07
-4.7002873e-09
4.3703564e-07
-4.0096179e-09
4.3659584e-07
-3.3497147e-09
4.3656671e-07
-2.7672981e-09
4.3687727e-07
-2.3333498e-09
4.374247e-07
-2.0968934e-09
4.3806946e-07
-2.041098e-09
4.3866093e-07
-2.1164227e-09
4.3905345e-07
-2.3196216e-09
4.3908563e-07
-2.6305526e-09
4.3857801e-07
-3.0005931e-09
4.3740797e-07
-3.3259848e-09
4.3554781e-07
-3.5382994e-09
4.3305723e-07
-3.670655e-09
4.3016223e-07
-3.6461248e-09
4.2709228e-07
-3.4664486e-09
4.2398279e-07
-3.1622813e-09
4.2102105e-07
-2.7498715e-09
4.1838112e-07
-2.2530926e-09
4.1620104e-07
-1.7149014e-09
4.1457104e-07
-1.2376861e-09
4.1351981e-07
-7.9617723e-10
4.1301352e-07
-3.8319645e-10
4.1296744e-07
-6.4504509e-11
4.1336392e-07
1.0389321e-10
4.1410465e-07
1.7233545e-10
4.1509738e-07
1.773002e-10
4.1622802e-07
1.2583292e-10
4.1736345e-07
-2.0036439e-11
4.1833759e-07
-2.7808421e-10
4.1897134e-07
-5.9966031e-10
4.1904907e-07
-9.4635234e-10
4.1848739e-07
-1.2840214e-09
4.172619e-07
-1.5669624e-09
4.1541578e-07
-1.8304244e-09
4.1304763e-07
-2.0346167e-09
4.1039379e-07
-2.1286405e-09
4.0769647e-07
-2.1094119e-09
4.0502321e-07
-2.0072514e-09
4.0251925e-07
-1.8373475e-09
4.0032917e-07
-1.6136796e-09
3.9858881e-07
-1.3331378e-09
3.9739178e-07
-9.9834914e-10
3.9670795e-07
-6.2918342e-10
3.964875e-07
-2.7169227e-10
3.9674029e-07
2.5930284e-11
3.9740453e-07
2.260753e-10
3.983457e-07
3.4077817e-10
3.9936336e-07
3.8899139e-10
4.0038759e-07
3.7986444e-10
4.0131044e-07
2.991956e-10
4.0205678e-07
1.1011612e-10
4.0252438e-07
-1.3615612e-10
4.0257624e-07
-4.0230765e-10
4.0214925e-07
-6.7794914e-10
4.0121977e-07
-9.6664511e-10
3.9981124e-07
-1.259624e-09
3.979834e-07
-1.5208861e-09
3.958694e-07
-1.7159956e-09
3.9369683e-07
-1.8268697e-09
3.9149166e-07
-1.8711611e-09
3.8934405e-07
-1.8296095e-09
3.8739114e-07
-1.6924311e-09
3.857553e-07
-1.4732035e-09
3.8453295e-07
-1.1949103e-09
3.8368887e-07
-8.980953e-10
3.8317423e-07
-6.0119592e-10
3.8309027e-07
-2.9673367e-10
3.8341543e-07
-1.901215e-11
3.8405456e-07
1.825305e-10
3.8483008e-07
2.9119321e-10
3.8563136e-07
3.3746094e-10
3.863688e-07
3.3016773e-10
3.8693008e-07
2.5579001e-10
3.8725332e-07
1.0001154e-10
3.8734672e-07
-7.4216799e-11
3.872042e-07
-2.5731987e-10
3.867313e-07
-4.7205089e-10
3.858868e-07
-7.1597766e-10
3.8470128e-07
-9.6080545e-10
3.8323957e-07
-1.1785934e-09
3.8163145e-07
-1.3498884e-09
3.7997192e-07
-1.479258e-09
3.7826444e-07
-1.5657445e-09
3.7659106e-07
-1.5813443e-09
3.7505583e-07
-1.5200446e-09
3.7373372e-07
-1.3967182e-09
3.7265294e-07
-1.2258955e-09
3.7179942e-07
-1.0186976e-09
3.7118561e-07
-7.7722493e-10
3.7091412e-07
-5.0183521e-10
3.7099625e-07
-2.3155923e-10
3.7132445e-07
-1.4194109e-11
3.7178168e-07
1.5365559e-10
3.722809e-07
2.3941327e-10
3.7273214e-07
2.692022e-10
3.730529e-07
2.5899377e-10
3.7324512e-07
2.1058789e-10
3.7332862e-07
1.2090946e-10
3.7327555e-07
-5.7557183e-12
3.7298587e-07
-1.6742876e-10
3.724238e-07
-3.7515872e-10
3.7161717e-07
-5.8643713e-10
3.7061899e-07
-7.8699897e-10
3.6949579e-07
-9.7732865e-10
3.6828189e-07
-1.1543894e-09
3.6697922e-07
-1.2966644e-09
3.656422e-07
-1.380928e-09
3.6434474e-07
-1.3995596e-09
3.6313439e-07
-1.361211e-09
3.6204757e-07
-1.2707006e-09
3.6111048e-07
-1.1285993e-09
3.6034959e-07
-9.3841196e-10
3.5982011e-07
-7.0613739e-10
3.5957747e-07
-4.5273342e-10
3.595823e-07
-2.1489744e-10
3.5975543e-07
-1.9862778e-11
3.6001616e-07
1.4305085e-10
3.6030773e-07
2.3958915e-10
3.6056898e-07
2.779263e-10
3.6077441e-07
2.8501253e-10
3.6091481e-07
2.6199239e-10
3.6097151e-07
1.9254176e-10
3.6089146e-07
7.6747577e-11
3.6062551e-07
-8.2750362e-11
3.6016775e-07
-2.6322472e-10
3.5955589e-07
-4.4389172e-10
3.5881172e-07
-6.3814839e-10
3.5794515e-07
-8.3166048e-10
3.5696287e-07
-1.0007527e-09
3.5589349e-07
-1.1301718e-09
3.5479166e-07
-1.2084857e-09
3.5369716e-07
-1.2357258e-09
3.5265261e-07
-1.2124753e-09
3.5169743e-07
-1.1358829e-09
3.508655e-07
-1.0082325e-09
3.5019231e-07
-8.3668966e-10
3.4971402e-07
-6.3462867e-10
3.4944e-07
-4.221914e-10
3.4935169e-07
-2.1591796e-10
3.4941027e-07
-3.434896e-11
3.4955515e-07
1.1641344e-10
3.4973549e-07
2.1582936e-10
3.4991503e-07
2.7391538e-10
3.5007664e-07
2.9643344e-10
3.5019984e-07
2.8171759e-10
3.5025726e-07
2.2609081e-10
3.5019781e-07
1.2927592e-10
3.5000108e-07
3.2075983e-12
3.4968329e-07
-1.4690067e-10
3.4925972e-07
-3.0295235e-10
3.4872107e-07
-4.7066142e-10
3.4806276e-07
-6.3780581e-10
3.4729458e-07
-7.891697e-10
3.4644432e-07
-9.1003312e-10
3.4555041e-07
-9.9071316e-10
3.4464397e-07
-1.0293485e-09
3.4376555e-07
-1.0219393e-09
3.4295016e-07
-9.6750767e-10
3.422277e-07
-8.6972255e-10
3.4163097e-07
-7.3474966e-10
3.4117666e-07
-5.7456043e-10
3.4086576e-07
-4.0038784e-10
3.407032e-07
-2.1916431e-10
3.4067558e-07
-4.6901638e-11
3.4075056e-07
9.9129579e-11
3.4087487e-07
2.0963009e-10
3.4101824e-07
2.8599314e-10
3.4116795e-07
3.3043946e-10
3.4130512e-07
3.4135695e-10
3.4141073e-07
3.2039839e-10
3.4146048e-07
2.6566723e-10
3.4142251e-07
1.8339356e-10
3.4129926e-07
8.3537632e-11
3.4110188e-07
-4.1030181e-11
3.4080589e-07
-1.7988184e-10
3.4040042e-07
-3.2182982e-10
3.3989287e-07
-4.534894e-10
3.3930816e-07
-5.6144816e-10
3.3867314e-07
-6.3854931e-10
3.3801242e-07
-6.8073272e-10
3.3736068e-07
-6.8241427e-10
3.3674876e-07
-6.4201789e-10
3.3620027e-07
-5.6239507e-10
3.3573787e-07
-4.4225397e-10
3.3536155e-07
-3.0348603e-10
-2.7064201e-11
3.4591708e-07
3.7116098e-09
3.4251051e-07
3.6277084e-10
3.398653e-07
-1.6848287e-09
3.3797719e-07
-3.547897e-09
3.3615217e-07
-4.6624385e-09
3.3399535e-07
-5.0171747e-09
3.31564e-07
-5.0620097e-09
3.2899145e-07
-5.0096322e-09
3.263507e-07
-4.8477983e-09
3.2371102e-07
-4.5583891e-09
3.2115887e-07
-4.1674356e-09
3.1877725e-07
-3.7217058e-09
3.1662504e-07
-3.2588016e-09
3.1474186e-07
-2.8171095e-09
3.1314403e-07
-2.411783e-09
3.1181674e-07
-2.0224294e-09
3.1070901e-07
-1.6595659e-09
3.0973749e-07
-1.3618297e-09
3.0880005e-07
-1.1594556e-09
3.0780042e-07
-1.0414689e-09
3.0666546e-07
-9.8145601e-10
3.0531405e-07
-9.6821633e-10
3.036911e-07
-1.0076063e-09
3.0177826e-07
-1.0877488e-09
2.9962766e-07
-1.1753801e-09
2.9733219e-07
-1.2428289e-09
2.9493936e-07
-1.2778303e-09
2.9255676e-07
-1.2635199e-09
2.9028944e-07
-1.1991343e-09
2.8821923e-07
-1.0920654e-09
2.8641536e-07
-9.4600717e-10
2.8493097e-07
-7.6869933e-10
2.837911e-07
-5.7503837e-10
2.8294053e-07
-3.8711548e-10
2.8235531e-07
-2.1095329e-10
2.820232e-07
-5.1085925e-11
2.8187865e-07
8.0042718e-11
2.8180929e-07
1.7325978e-10
2.8174991e-07
2.3171117e-10
2.8166742e-07
2.5978673e-10
2.8153798e-07
2.5527526e-10
2.8130784e-07
2.1010122e-10
2.8090043e-07
1.2932644e-10
2.8028292e-07
1.7852259e-11
2.7945584e-07
-1.1927341e-10
2.7844285e-07
-2.7103386e-10
2.7729914e-07
-4.2325302e-10
2.7602985e-07
-5.6113224e-10
2.74663e-07
-6.6776569e-10
2.7326697e-07
-7.326142e-10
2.7191192e-07
-7.5435672e-10
2.7064366e-07
-7.3899095e-10
2.6949565e-07
-6.8934081e-10
2.6848965e-07
-6.0768196e-10
2.6765238e-07
-4.9586709e-10
2.6701334e-07
-3.5930135e-10
2.665941e-07
-2.0995346e-10
2.6638724e-07
-6.4829133e-11
2.6634011e-07
7.3065162e-11
2.6638729e-07
1.7889407e-10
2.6647683e-07
2.5123469e-10
2.665757e-07
2.9011859e-10
2.6665717e-07
2.9840196e-10
2.6667635e-07
2.8001346e-10
2.6656841e-07
2.1805739e-10
2.6630879e-07
1.2346545e-10
2.6589236e-07
1.4119201e-11
2.6533756e-07
-1.2314646e-10
2.6463341e-07
-2.6249823e-10
2.6377631e-07
-4.0252132e-10
2.6278003e-07
-5.2460657e-10
2.6168308e-07
-6.1904607e-10
2.6053704e-07
-6.8083133e-10
2.5937719e-07
-7.1130932e-10
2.5825315e-07
-7.0556807e-10
2.5722018e-07
-6.5946006e-10
2.5632379e-07
-5.7681466e-10
2.5559554e-07
-4.6666298e-10
2.5503919e-07
-3.4174792e-10
2.5464761e-07
-2.09615e-10
2.544229e-07
-7.2023328e-11
2.5435192e-07
5.1968779e-11
2.5438498e-07
1.4947507e-10
2.544614e-07
2.147693e-10
2.5454947e-07
2.4939269e-10
2.5462205e-07
2.5758101e-10
2.5464099e-07
2.3685889e-10
2.5455828e-07
1.827161e-10
2.5437225e-07
1.1181007e-10
2.5408687e-07
2.8064567e-11
2.5368909e-07
-7.4275439e-11
2.5315977e-07
-1.8665063e-10
2.5249728e-07
-2.9831744e-10
2.5171795e-07
-3.9926159e-10
2.5085046e-07
-4.8239639e-10
2.4991799e-07
-5.4678772e-10
2.4894276e-07
-5.9051418e-10
2.4796745e-07
-6.0603631e-10
2.4703781e-07
-5.9041167e-10
2.4618722e-07
-5.4612562e-10
2.4543863e-07
-4.7730297e-10
2.4480859e-07
-3.8865605e-10
2.4431322e-07
-2.8185192e-10
2.4397159e-07
-1.6020988e-10
2.4377514e-07
-3.5108455e-11
2.4370075e-07
6.019153e-11
2.4371766e-07
1.3675347e-10
2.4376953e-07
1.8753477e-10
2.4382734e-07
2.1139548e-10
2.4386909e-07
2.1723987e-10
2.438777e-07
2.0198724e-10
2.4383154e-07
1.6706526e-10
2.437147e-07
1.1108722e-10
2.4351607e-07
3.120032e-11
2.4319781e-07
-5.6903627e-11
2.4276151e-07
-1.5013509e-10
2.42216e-07
-2.4148426e-10
2.4156582e-07
-3.2715223e-10
2.4081715e-07
-4.0571991e-10
2.3999223e-07
-4.7174347e-10
2.3912844e-07
-5.1713412e-10
2.3826547e-07
-5.3659376e-10
2.3743314e-07
-5.2888241e-10
2.3665793e-07
-4.9548658e-10
2.35967e-07
-4.3767669e-10
2.3538576e-07
-3.5716592e-10
2.3493681e-07
-2.5719231e-10
2.3463052e-07
-1.4643909e-10
2.3445077e-07
-3.5144092e-11
2.3438158e-07
4.932505e-11
2.3440457e-07
1.2005981e-10
2.3447266e-07
1.7149737e-10
2.3454955e-07
2.0103448e-10
2.3462003e-07
2.1453929e-10
2.3467409e-07
2.0792763e-10
2.3468771e-07
1.7892661e-10
2.3463618e-07
1.2827838e-10
2.344969e-07
5.6530275e-11
2.3425653e-07
-2.2857701e-11
2.3391397e-07
-1.0133008e-10
2.3346003e-07
-1.8421001e-10
2.3289608e-07
-2.6770752e-10
2.3224105e-07
-3.4573165e-10
2.3152159e-07
-4.107047e-10
2.3076854e-07
-4.5544092e-10
2.3000924e-07
-4.7642594e-10
2.2927006e-07
-4.7329353e-10
2.2857986e-07
-4.4568631e-10
2.2796634e-07
-3.9470606e-10
2.2745286e-07
-3.2320815e-10
2.2705468e-07
-2.3644866e-10
2.2677463e-07
-1.4214035e-10
2.2660508e-07
-4.6374343e-11
2.2653775e-07
3.2978623e-11
2.2655503e-07
9.9133272e-11
2.266193e-07
1.5156732e-10
2.2670636e-07
1.8685454e-10
2.2679931e-07
2.0348079e-10
2.2687954e-07
2.0148544e-10
2.2692554e-07
1.8009779e-10
2.2691485e-07
1.3996435e-10
2.2683336e-07
8.4696859e-11
2.2667184e-07
1.4612492e-11
2.2641779e-07
-4.8900314e-11
2.2606806e-07
-1.2092512e-10
2.2562593e-07
-1.9568265e-10
2.2510408e-07
-2.6731988e-10
2.2452208e-07
-3.280338e-10
2.2390294e-07
-3.7156394e-10
2.232692e-07
-3.9561174e-10
2.2264596e-07
-3.9869605e-10
2.2205893e-07
-3.8047739e-10
2.2153134e-07
-3.4214016e-10
2.2108283e-07
-2.8623312e-10
2.2072544e-07
-2.1716968e-10
2.2046477e-07
-1.3972617e-10
2.2030306e-07
-5.7451161e-11
2.2023842e-07
1.7734721e-11
2.2025524e-07
8.2317763e-11
2.2032746e-07
1.3740247e-10
2.2043536e-07
1.7810083e-10
2.2056247e-07
2.033271e-10
2.2069085e-07
2.1297455e-10
2.2080419e-07
2.0706131e-10
2.2088423e-07
1.8562824e-10
2.2091712e-07
1.5050113e-10
2.2089577e-07
1.0488239e-10
2.2080617e-07
4.8577463e-11
2.2063866e-07
-1.2378148e-11
2.2039048e-07
-7.364389e-11
2.2007254e-07
-1.3555434e-10
2.1970074e-07
-1.8964185e-10
2.1929249e-07
-2.3029907e-10
2.188667e-07
-2.5494249e-10
2.1844561e-07
-2.6132905e-10
2.1805185e-07
-2.482567e-10
2.1770556e-07
-2.1610054e-10
2.1742625e-07
-1.6295354e-10
2.1721927e-07
-9.6496589e-11
2.7227816e-11
1.733181e-07
1.7368087e-07
1.7199605e-07
1.6844815e-07
1.6378571e-07
1.5876854e-07
1.5370653e-07
1.4869689e-07
1.438491e-07
1.3929071e-07
1.3512327e-07
1.3140157e-07
1.2814276e-07
1.2532565e-07
1.2291387e-07
1.2089144e-07
1.1923188e-07
1.1787005e-07
1.1671059e-07
1.1566912e-07
1.1468767e-07
1.1371945e-07
1.1271184e-07
1.1162409e-07
1.1044871e-07
1.0920589e-07
1.0792806e-07
1.0666454e-07
1.054654e-07
1.0437334e-07
1.0342733e-07
1.0265863e-07
1.0208359e-07
1.0169648e-07
1.0148552e-07
1.0143444e-07
1.0151448e-07
1.0168774e-07
1.0191945e-07
1.0217924e-07
1.0243451e-07
1.0264461e-07
1.0277394e-07
1.0279179e-07
1.0267252e-07
1.0240148e-07
1.0197823e-07
1.014171e-07
1.0074933e-07
1.0001672e-07
9.9262362e-08
9.8523371e-08
9.783403e-08
9.7226348e-08
9.6730481e-08
9.637118e-08
9.6161226e-08
9.6096397e-08
9.6169462e-08
9.6348356e-08
9.6599591e-08
9.6889709e-08
9.7188111e-08
9.7468125e-08
9.7686182e-08
9.7809648e-08
9.7823767e-08
9.770062e-08
9.7438122e-08
9.7035601e-08
9.6510994e-08
9.5891948e-08
9.5211117e-08
9.4499808e-08
9.379424e-08
9.313478e-08
9.2557965e-08
9.2091302e-08
9.1749554e-08
9.1539939e-08
9.1467916e-08
9.1519885e-08
9.166936e-08
9.1884129e-08
9.2133522e-08
9.2391103e-08
9.2627962e-08
9.2810678e-08
9.2922488e-08
9.2950553e-08
9.2876277e-08
9.2689627e-08
9.2391309e-08
9.1992048e-08
9.1509652e-08
9.0962864e-08
9.037235e-08
8.9766313e-08
8.9175902e-08
8.8629776e-08
8.8152473e-08
8.7763817e-08
8.7481965e-08
8.7321756e-08
8.7286647e-08
8.7346839e-08
8.7483592e-08
8.7671127e-08
8.7882522e-08
8.8099762e-08
8.8301749e-08
8.8468815e-08
8.8579902e-08
8.8611102e-08
8.8554199e-08
8.8404064e-08
8.8162579e-08
8.7835427e-08
8.7429707e-08
8.6957964e-08
8.644083e-08
8.5904236e-08
8.5375354e-08
8.4879867e-08
8.4442191e-08
8.4085025e-08
8.3827832e-08
8.3681393e-08
8.3646249e-08
8.3695574e-08
8.3815634e-08
8.3987132e-08
8.4188166e-08
8.4402705e-08
8.4610633e-08
8.478956e-08
8.4917838e-08
8.4974368e-08
8.4951511e-08
8.4850181e-08
8.4665971e-08
8.4398263e-08
8.4052532e-08
8.3641827e-08
8.3186386e-08
8.270996e-08
8.2236667e-08
8.179098e-08
8.1396274e-08
8.1073066e-08
8.0836618e-08
8.0694477e-08
8.0648103e-08
8.0681082e-08
8.0780215e-08
8.0931782e-08
8.1118637e-08
8.1322118e-08
8.1523603e-08
8.1703701e-08
8.1843665e-08
8.1928362e-08
8.1942975e-08
8.1894074e-08
8.1773149e-08
8.1577467e-08
8.1310147e-08
8.0982113e-08
8.0610549e-08
8.0214937e-08
7.9816241e-08
7.9435764e-08
7.9093624e-08
7.8807391e-08
7.8590221e-08
7.8450495e-08
7.8393044e-08
7.8410779e-08
7.8493096e-08
7.8630499e-08
7.88086e-08
7.9011927e-08
7.9224901e-08
7.9431963e-08
7.9617591e-08
7.9768092e-08
7.9872974e-08
7.9921552e-08
7.9909174e-08
7.983553e-08
7.9699976e-08
7.9510334e-08
7.9280035e-08
7.9025092e-08
7.8763763e-08
7.8515507e-08
7.8299406e-08
7.8136452e-08
7.8039956e-08
)
;

boundaryField
{
    inlet
    {
        type            calculated;
        value           nonuniform List<scalar> 
30
(
-4.6946667e-07
-4.6946667e-07
-4.6946667e-07
-4.6946667e-07
-4.6946667e-07
-4.6946667e-07
-4.6946667e-07
-4.6946667e-07
-4.6946667e-07
-4.6946667e-07
-4.6946667e-07
-4.6946667e-07
-4.6946667e-07
-4.6946667e-07
-4.6946667e-07
-4.6946667e-07
-4.6946667e-07
-4.6946667e-07
-4.6946667e-07
-4.6946667e-07
-4.6946667e-07
-4.6946667e-07
-4.6946667e-07
-4.6946667e-07
-4.6946667e-07
-4.6946667e-07
-4.6946667e-07
-4.6946667e-07
-4.6946667e-07
-4.6946667e-07
)
;
    }
    outlet
    {
        type            calculated;
        value           nonuniform List<scalar> 
30
(
7.9944683e-08
2.1977523e-07
3.3910114e-07
4.3547378e-07
5.0576774e-07
5.4352608e-07
5.5889832e-07
5.6384663e-07
5.6164413e-07
5.5354549e-07
5.4131723e-07
5.2764479e-07
5.1555046e-07
5.0784444e-07
5.0558998e-07
5.1098052e-07
5.2384997e-07
5.4083095e-07
5.5942438e-07
5.7640996e-07
5.8839738e-07
5.9273259e-07
5.8754434e-07
5.670383e-07
5.3302918e-07
4.8782378e-07
4.2606638e-07
3.3516979e-07
2.1716497e-07
7.8067184e-08
)
;
    }
    wall
    {
        type            calculated;
        value           uniform 0;
    }
    cylinder
    {
        type            calculated;
        value           uniform 0;
    }
    frontAndBack
    {
        type            empty;
    }
}


// ************************************************************************* //
